source_id,record,sentence_id
Amis_1,GLOSBE_REVIEWED_ZHO_975e783606906668,GLOSBE_ami_zho_TMEM_U000026
Amis_2,GLOSBE_STATIC_1b1803bb4bd384a8348d,GLOSBE_ami_zho_TMEM_U000002
Amis_3,GLOSBE_REVIEWED_ZHO_8ad27a26267a651e,GLOSBE_ami_zho_TMEM_U000027
Amis_4,GLOSBE_REVIEWED_ZHO_0538cd3944509f27,GLOSBE_ami_zho_TMEM_U000028
Amis_5,GLOSBE_STATIC_5fb93f4f5aa4fe965798,GLOSBE_ami_zho_TMEM_U000003
Amis_6,GLOSBE_REVIEWED_ZHO_78dbf18cc643ceb1,GLOSBE_ami_zho_TMEM_U000029
Amis_7,GLOSBE_REVIEWED_ZHO_0f6035f2bd4e6d97,GLOSBE_ami_zho_TMEM_U000030
Amis_8,GLOSBE_REVIEWED_ZHO_bd1851d0e911cf67,GLOSBE_ami_zho_TMEM_U000031
Amis_9,GLOSBE_REVIEWED_ZHO_f53e0d5e38527050,GLOSBE_ami_zho_TMEM_U000032
Amis_10,GLOSBE_STATIC_bfb19eb5a892e4af5ce1,GLOSBE_ami_zho_TMEM_U000010
Amis_11,GLOSBE_STATIC_1ba1eac920589b2acdd9,GLOSBE_ami_zho_TMEM_U000011
Amis_12,GLOSBE_REVIEWED_ZHO_9710aa16955877bb,GLOSBE_ami_zho_TMEM_U000033
Amis_13,GLOSBE_STATIC_6f56471e1cc8b6d934dd,GLOSBE_ami_zho_TMEM_U000015
Amis_14,GLOSBE_STATIC_75d9fb8d2b80a7133e43,GLOSBE_ami_zho_TMEM_U000016
Amis_15,GLOSBE_STATIC_161f730563921ecb6fff,GLOSBE_ami_zho_TMEM_U000017
Amis_16,GLOSBE_REVIEWED_ZHO_ec43b952e9d6c318,GLOSBE_ami_zho_TMEM_U000034
Amis_17,GLOSBE_STATIC_4d47d68035a4efdd0f7a,GLOSBE_ami_zho_TMEM_U000019
Amis_18,GLOSBE_REVIEWED_ZHO_03bc7c74cfd11145,GLOSBE_ami_zho_TMEM_U000035
Amis_19,GLOSBE_REVIEWED_ZHO_b71c63fb60c33016,GLOSBE_ami_zho_TMEM_U000036
Amis_20,GLOSBE_REVIEWED_ZHO_743ecdac68c68f44,GLOSBE_ami_zho_TMEM_U000037
Amis_21,GLOSBE_REVIEWED_ZHO_5714eebd133d037c,GLOSBE_ami_zho_TMEM_U000024
Amis_22,GLOSBE_REVIEWED_ZHO_e5954edf92f5897e,GLOSBE_ami_zho_TMEM_U000038
Amis_23,GLOSBE_STATIC_cfcca38b2b7636ed3ee2,GLOSBE_ami_zho_TMEM_U000025
Amis_24,GLOSBE_REVIEWED_ZHO_dc5c338648af711a,GLOSBE_ami_zho_TMEM_U000039
Amis_25,GLOSBE_REVIEWED_ZHO_60ece95668ee7f59,GLOSBE_ami_zho_TMEM_U000040
Amis_26,GLOSBE_REVIEWED_ZHO_975e783606906668,GLOSBE_ami_zho_TMEM_U000026
Amis_27,GLOSBE_REVIEWED_ZHO_a7f1074adfc6ba1f,GLOSBE_ami_zho_TMEM_U000041
Amis_28,GLOSBE_REVIEWED_ZHO_8ad27a26267a651e,GLOSBE_ami_zho_TMEM_U000027
Amis_29,GLOSBE_REVIEWED_ZHO_cd61f8fc14f76d9a,GLOSBE_ami_zho_TMEM_U000042
Amis_30,GLOSBE_REVIEWED_ZHO_159693ba669870c4,GLOSBE_ami_zho_TMEM_U000043
Amis_31,GLOSBE_STATIC_4a860a43d9ed667c0894,GLOSBE_ami_zho_TMEM_U000007
Amis_32,GLOSBE_REVIEWED_ZHO_b6194234827d9b01,GLOSBE_ami_zho_TMEM_U000044
Amis_33,GLOSBE_REVIEWED_ZHO_f53e0d5e38527050,GLOSBE_ami_zho_TMEM_U000032
Amis_34,GLOSBE_STATIC_bfb19eb5a892e4af5ce1,GLOSBE_ami_zho_TMEM_U000010
Amis_35,GLOSBE_REVIEWED_ZHO_e6f5ede11c5b9137,GLOSBE_ami_zho_TMEM_U000045
Amis_36,GLOSBE_REVIEWED_ZHO_730c6b8c6fb0235d,GLOSBE_ami_zho_TMEM_U000012
Amis_37,GLOSBE_STATIC_3459aee58d9ab0d104a4,GLOSBE_ami_zho_TMEM_U000013
Amis_38,GLOSBE_STATIC_6f56471e1cc8b6d934dd,GLOSBE_ami_zho_TMEM_U000015
Amis_39,GLOSBE_REVIEWED_ZHO_ec43b952e9d6c318,GLOSBE_ami_zho_TMEM_U000034
Amis_40,GLOSBE_REVIEWED_ZHO_66e4d7da0b7032c4,GLOSBE_ami_zho_TMEM_U000047
Amis_41,GLOSBE_STATIC_4058c5a1b86fcccbb685,GLOSBE_ami_zho_TMEM_U000020
Amis_42,GLOSBE_STATIC_c676ce39b294149f2263,GLOSBE_ami_zho_TMEM_U000021
Amis_43,GLOSBE_REVIEWED_ZHO_21a9d17af5d9d083,GLOSBE_ami_zho_TMEM_U000048
Amis_44,GLOSBE_REVIEWED_ZHO_743ecdac68c68f44,GLOSBE_ami_zho_TMEM_U000037
Amis_45,GLOSBE_STATIC_cfcca38b2b7636ed3ee2,GLOSBE_ami_zho_TMEM_U000025
Amis_46,GLOSBE_REVIEWED_ZHO_d08ba60effe105dc,GLOSBE_ami_zho_TMEM_U000049
Amis_47,GLOSBE_REVIEWED_ZHO_bd0d15119555e106,GLOSBE_ami_zho_TMEM_U000050
Amis_48,GLOSBE_REVIEWED_ZHO_253832fc344a72a0,GLOSBE_ami_zho_TMEM_U000051
Amis_49,GLOSBE_REVIEWED_ZHO_404753895c1747d7,GLOSBE_ami_zho_TMEM_U000052
Amis_50,GLOSBE_REVIEWED_ZHO_e9a3ac848b5788ae,GLOSBE_ami_zho_TMEM_U000053
Amis_51,GLOSBE_REVIEWED_ZHO_50729c5e2d148637,GLOSBE_ami_zho_TMEM_U000054
Amis_52,GLOSBE_REVIEWED_ZHO_c818ee8054f7430e,GLOSBE_ami_zho_TMEM_U000055
Amis_53,GLOSBE_REVIEWED_ZHO_3cd43217197ed826,GLOSBE_ami_zho_TMEM_U000056
Amis_54,GLOSBE_REVIEWED_ZHO_9454907346ce720d,GLOSBE_ami_zho_TMEM_U000057
Amis_55,GLOSBE_REVIEWED_ZHO_0f5360fb55471d53,GLOSBE_ami_zho_TMEM_U000058
Amis_56,GLOSBE_REVIEWED_ZHO_1e042dbe2ea788c0,GLOSBE_ami_zho_TMEM_U000059
Amis_57,GLOSBE_REVIEWED_ZHO_90cb489538fd834a,GLOSBE_ami_zho_TMEM_U000060
Amis_58,GLOSBE_REVIEWED_ZHO_35cb1778af6c3f2c,GLOSBE_ami_zho_TMEM_U000061
Amis_59,GLOSBE_REVIEWED_ZHO_9d5b0800c5b91d2f,GLOSBE_ami_zho_TMEM_U000062
Amis_60,GLOSBE_REVIEWED_ZHO_4a37de8ffddebd50,GLOSBE_ami_zho_TMEM_U000063
Amis_61,GLOSBE_REVIEWED_ZHO_dda69606b4e321fa,GLOSBE_ami_zho_TMEM_U000064
Amis_62,GLOSBE_REVIEWED_ZHO_923bef51273547a7,GLOSBE_ami_zho_TMEM_U000065
Amis_63,GLOSBE_REVIEWED_ZHO_fdc895132efca755,GLOSBE_ami_zho_TMEM_U000066
Amis_64,GLOSBE_REVIEWED_ZHO_7743fa14ced8abbd,GLOSBE_ami_zho_TMEM_U000067
Amis_65,GLOSBE_REVIEWED_ZHO_03b753787340d06f,GLOSBE_ami_zho_TMEM_U000068
Amis_66,GLOSBE_REVIEWED_ZHO_3caf21705010bd07,GLOSBE_ami_zho_TMEM_U000069
Amis_67,GLOSBE_REVIEWED_ZHO_647c908081b3877e,GLOSBE_ami_zho_TMEM_U000070
Amis_68,GLOSBE_REVIEWED_ZHO_473b666a57439f4d,GLOSBE_ami_zho_TMEM_U000071
Amis_69,GLOSBE_REVIEWED_ZHO_17424eee92de7c22,GLOSBE_ami_zho_TMEM_U000072
Amis_70,GLOSBE_REVIEWED_ZHO_f5883a7ae2dce0c6,GLOSBE_ami_zho_TMEM_U000073
Amis_71,GLOSBE_REVIEWED_ZHO_30815e19fa5bddd7,GLOSBE_ami_zho_TMEM_U000074
Amis_72,GLOSBE_REVIEWED_ZHO_0877a7e7d0374c28,GLOSBE_ami_zho_TMEM_U000075
Amis_73,GLOSBE_REVIEWED_ZHO_a39cd1d40c851a81,GLOSBE_ami_zho_TMEM_U000076
Amis_74,GLOSBE_REVIEWED_ZHO_a856da281dd6693e,GLOSBE_ami_zho_TMEM_U000077
Amis_75,GLOSBE_REVIEWED_ZHO_e3e8c62c04be93d0,GLOSBE_ami_zho_TMEM_U000078
Amis_76,GLOSBE_REVIEWED_ZHO_a928eb25f537ea60,GLOSBE_ami_zho_TMEM_U000079
Amis_77,GLOSBE_REVIEWED_ZHO_acfd93b1e857a0ee,GLOSBE_ami_zho_TMEM_U000080
Amis_78,GLOSBE_REVIEWED_ZHO_ec8cf8c2ccdb60c3,GLOSBE_ami_zho_TMEM_U000081
Amis_79,GLOSBE_REVIEWED_ZHO_9ddfcc23de240d59,GLOSBE_ami_zho_TMEM_U000082
Amis_80,GLOSBE_REVIEWED_ZHO_647de33b56ff6bc5,GLOSBE_ami_zho_TMEM_U000083
Amis_81,GLOSBE_REVIEWED_ZHO_6e14173bf08ab02b,GLOSBE_ami_zho_TMEM_U000084
Amis_82,GLOSBE_REVIEWED_ZHO_387f6b1429ff08cd,GLOSBE_ami_zho_TMEM_U000085
Amis_83,GLOSBE_REVIEWED_ZHO_fb7eef6fdd46258f,GLOSBE_ami_zho_TMEM_U000086
Amis_84,GLOSBE_REVIEWED_ZHO_f77bff994d0d9890,GLOSBE_ami_zho_TMEM_U000087
Amis_85,GLOSBE_REVIEWED_ZHO_32b340de4a8cbed2,GLOSBE_ami_zho_TMEM_U000088
Amis_86,GLOSBE_REVIEWED_ZHO_01673e264212d0ce,GLOSBE_ami_zho_TMEM_U000089
Amis_87,GLOSBE_REVIEWED_ZHO_ca5f3ce450784fd9,GLOSBE_ami_zho_TMEM_U000090
Amis_88,GLOSBE_REVIEWED_ZHO_184cb0f845b397cb,GLOSBE_ami_zho_TMEM_U000091
Amis_89,GLOSBE_REVIEWED_ZHO_4080c685af057c04,GLOSBE_ami_zho_TMEM_U000092
Amis_90,GLOSBE_REVIEWED_ZHO_c8bb3f8fe045c403,GLOSBE_ami_zho_TMEM_U000093
Amis_91,GLOSBE_REVIEWED_ZHO_69ea6284b753fe47,GLOSBE_ami_zho_TMEM_U000094
Amis_92,GLOSBE_REVIEWED_ZHO_5f5849a42e3b326c,GLOSBE_ami_zho_TMEM_U000095
Amis_93,GLOSBE_REVIEWED_ZHO_d365cdab99c2c4e0,GLOSBE_ami_zho_TMEM_U000096
Amis_94,GLOSBE_REVIEWED_ZHO_ae3f8a64d6be97a4,GLOSBE_ami_zho_TMEM_U000097
Amis_95,GLOSBE_REVIEWED_ZHO_a80ca4caab0544f8,GLOSBE_ami_zho_TMEM_U000098
Amis_96,GLOSBE_REVIEWED_ZHO_489d2e37f50e6fe4,GLOSBE_ami_zho_TMEM_U000099
Amis_97,GLOSBE_REVIEWED_ZHO_3091ed723ea6204c,GLOSBE_ami_zho_TMEM_U000100
Amis_98,GLOSBE_REVIEWED_ZHO_b32f67b787ee0d46,GLOSBE_ami_zho_TMEM_U000101
Amis_99,GLOSBE_REVIEWED_ZHO_6700effd5780ac08,GLOSBE_ami_zho_TMEM_U000102
Amis_100,GLOSBE_REVIEWED_ZHO_af500cfa05b02f29,GLOSBE_ami_zho_TMEM_U000103
Amis_101,GLOSBE_REVIEWED_ZHO_4d6c618ba8800889,GLOSBE_ami_zho_TMEM_U000104
Amis_102,GLOSBE_REVIEWED_ZHO_4f5deb2718844511,GLOSBE_ami_zho_TMEM_U000105
Amis_103,GLOSBE_REVIEWED_ZHO_db9e51a61157de58,GLOSBE_ami_zho_TMEM_U000106
Amis_104,GLOSBE_REVIEWED_ZHO_f3e3e8bed175dc0f,GLOSBE_ami_zho_TMEM_U000107
Amis_105,GLOSBE_REVIEWED_ZHO_304ce8f60e6a9318,GLOSBE_ami_zho_TMEM_U000108
Amis_106,GLOSBE_REVIEWED_ZHO_08ce58a098f2b863,GLOSBE_ami_zho_TMEM_U000109
Amis_107,GLOSBE_REVIEWED_ZHO_2f196b9dc7f3257a,GLOSBE_ami_zho_TMEM_U000110
Amis_108,GLOSBE_REVIEWED_ZHO_3c599ab9d37bab65,GLOSBE_ami_zho_TMEM_U000111
Amis_109,GLOSBE_REVIEWED_ZHO_6ff17904570b11a9,GLOSBE_ami_zho_TMEM_U000112
Amis_110,GLOSBE_REVIEWED_ZHO_b49f5774e17027f6,GLOSBE_ami_zho_TMEM_U000113
Amis_111,GLOSBE_REVIEWED_ZHO_6617351d9fc04bc7,GLOSBE_ami_zho_TMEM_U000114
Amis_112,GLOSBE_REVIEWED_ZHO_73e4e7adec1fa04d,GLOSBE_ami_zho_TMEM_U000115
Amis_113,GLOSBE_REVIEWED_ZHO_a9e100f5b5398618,GLOSBE_ami_zho_TMEM_U000116
Amis_114,GLOSBE_REVIEWED_ZHO_224c5be0c48f88c5,GLOSBE_ami_zho_TMEM_U000117
Amis_115,GLOSBE_REVIEWED_ZHO_9691cba8af3e80bf,GLOSBE_ami_zho_TMEM_U000118
Amis_116,GLOSBE_REVIEWED_ZHO_a1612cec1fb0d4b1,GLOSBE_ami_zho_TMEM_U000119
Amis_117,GLOSBE_REVIEWED_ZHO_24f75af96297a356,GLOSBE_ami_zho_TMEM_U000120
Amis_118,GLOSBE_REVIEWED_ZHO_b5d3c10d576036fc,GLOSBE_ami_zho_TMEM_U000121
Amis_119,GLOSBE_REVIEWED_ZHO_e0ed50d4afbbff84,GLOSBE_ami_zho_TMEM_U000122
Amis_120,GLOSBE_REVIEWED_ZHO_50cbff7189b8b863,GLOSBE_ami_zho_TMEM_U000123
Amis_121,GLOSBE_REVIEWED_ZHO_e4b23c48959b07ac,GLOSBE_ami_zho_TMEM_U000124
Amis_122,GLOSBE_REVIEWED_ZHO_ef62c78ea5e2ee6e,GLOSBE_ami_zho_TMEM_U000125
Amis_123,GLOSBE_REVIEWED_ZHO_9ccf7b4e252e18af,GLOSBE_ami_zho_TMEM_U000126
Amis_124,GLOSBE_REVIEWED_ZHO_50a76fb96cae6ea0,GLOSBE_ami_zho_TMEM_U000127
Amis_125,GLOSBE_REVIEWED_ZHO_76c67384dc12bc2d,GLOSBE_ami_zho_TMEM_U000128
Amis_126,GLOSBE_REVIEWED_ZHO_aef8da93f0388de1,GLOSBE_ami_zho_TMEM_U000129
Amis_127,GLOSBE_REVIEWED_ZHO_a2428b06966f0f85,GLOSBE_ami_zho_TMEM_U000130
Amis_128,GLOSBE_REVIEWED_ZHO_9aef210f29b7f3ab,GLOSBE_ami_zho_TMEM_U000131
Amis_129,GLOSBE_REVIEWED_ZHO_aac2b371c5f88948,GLOSBE_ami_zho_TMEM_U000132
Amis_130,GLOSBE_REVIEWED_ZHO_0fd390a0fb1f8229,GLOSBE_ami_zho_TMEM_U000133
Amis_131,GLOSBE_REVIEWED_ZHO_5525fcc4f9e9646a,GLOSBE_ami_zho_TMEM_U000134
Amis_132,GLOSBE_REVIEWED_ZHO_4380cb1f539e9f69,GLOSBE_ami_zho_TMEM_U000135
Amis_133,GLOSBE_REVIEWED_ZHO_447ac291ea1c3616,GLOSBE_ami_zho_TMEM_U000136
Amis_134,GLOSBE_REVIEWED_ZHO_27922228144039ee,GLOSBE_ami_zho_TMEM_U000137
Amis_135,GLOSBE_REVIEWED_ZHO_9b4cc3c00af7462c,GLOSBE_ami_zho_TMEM_U000138
Amis_136,GLOSBE_REVIEWED_ZHO_1a5fa0b79c3984ca,GLOSBE_ami_zho_TMEM_U000139
Amis_137,GLOSBE_REVIEWED_ZHO_af34dffb27c87fa3,GLOSBE_ami_zho_TMEM_U000140
Amis_138,GLOSBE_REVIEWED_ZHO_caf6e411d64e80e8,GLOSBE_ami_zho_TMEM_U000141
Amis_139,GLOSBE_REVIEWED_ZHO_fef010bc7f89cd31,GLOSBE_ami_zho_TMEM_U000142
Amis_140,GLOSBE_REVIEWED_ZHO_ac29d6b9b1f9ae5f,GLOSBE_ami_zho_TMEM_U000143
Amis_141,GLOSBE_REVIEWED_ZHO_5f20679957f51631,GLOSBE_ami_zho_TMEM_U000144
Amis_142,GLOSBE_REVIEWED_ZHO_d090662a9e5387ea,GLOSBE_ami_zho_TMEM_U000145
Amis_143,GLOSBE_REVIEWED_ZHO_85a8b0d155b1dabc,GLOSBE_ami_zho_TMEM_U000146
Amis_144,GLOSBE_REVIEWED_ZHO_d0e839f9bc59ee73,GLOSBE_ami_zho_TMEM_U000147
Amis_145,GLOSBE_REVIEWED_ZHO_32e8eb7c0e0f13aa,GLOSBE_ami_zho_TMEM_U000148
Amis_146,GLOSBE_REVIEWED_ZHO_ea43c1c1ef219aae,GLOSBE_ami_zho_TMEM_U000149
Amis_147,GLOSBE_REVIEWED_ZHO_77199fbef95ec571,GLOSBE_ami_zho_TMEM_U000150
Amis_148,GLOSBE_REVIEWED_ZHO_4ddcebfc3add29a2,GLOSBE_ami_zho_TMEM_U000151
Amis_149,GLOSBE_REVIEWED_ZHO_bb319a5a2a9edcc0,GLOSBE_ami_zho_TMEM_U000152
Amis_150,GLOSBE_REVIEWED_ZHO_a2c6bc6b2da04bb4,GLOSBE_ami_zho_TMEM_U000153
Amis_151,GLOSBE_REVIEWED_ZHO_cc1e85764b2aa602,GLOSBE_ami_zho_TMEM_U000154
Amis_152,GLOSBE_REVIEWED_ZHO_befcc41b77f24461,GLOSBE_ami_zho_TMEM_U000155
Amis_153,GLOSBE_REVIEWED_ZHO_aee37768c9af6961,GLOSBE_ami_zho_TMEM_U000156
Amis_154,GLOSBE_REVIEWED_ZHO_dce087267561b3c4,GLOSBE_ami_zho_TMEM_U000157
Amis_155,GLOSBE_REVIEWED_ZHO_20823eca144b86d6,GLOSBE_ami_zho_TMEM_U000158
Amis_156,GLOSBE_REVIEWED_ZHO_45f04ef80ff60f48,GLOSBE_ami_zho_TMEM_U000159
Amis_157,GLOSBE_REVIEWED_ZHO_2d1128e97aac1bc6,GLOSBE_ami_zho_TMEM_U000160
Amis_158,GLOSBE_REVIEWED_ZHO_4bcc444a50da9376,GLOSBE_ami_zho_TMEM_U000161
Amis_159,GLOSBE_REVIEWED_ZHO_1128060a3e1e8172,GLOSBE_ami_zho_TMEM_U000162
Amis_160,GLOSBE_REVIEWED_ZHO_ab7ac0478a318140,GLOSBE_ami_zho_TMEM_U000163
Amis_161,GLOSBE_REVIEWED_ZHO_593a6fea21ceb584,GLOSBE_ami_zho_TMEM_U000164
Amis_162,GLOSBE_REVIEWED_ZHO_a080f77e309cca4d,GLOSBE_ami_zho_TMEM_U000165
Amis_163,GLOSBE_REVIEWED_ZHO_d2020df8b4fad333,GLOSBE_ami_zho_TMEM_U000166
Amis_164,GLOSBE_REVIEWED_ZHO_fb104e2578a763ad,GLOSBE_ami_zho_TMEM_U000167
Amis_165,GLOSBE_REVIEWED_ZHO_718f620f116bc5e8,GLOSBE_ami_zho_TMEM_U000168
Amis_166,GLOSBE_REVIEWED_ZHO_08e2a4c01841704c,GLOSBE_ami_zho_TMEM_U000169
Amis_167,GLOSBE_REVIEWED_ZHO_d5841d5b02bff344,GLOSBE_ami_zho_TMEM_U000170
Amis_168,GLOSBE_REVIEWED_ZHO_f2c3c7ccf3af2c81,GLOSBE_ami_zho_TMEM_U000171
Amis_169,GLOSBE_REVIEWED_ZHO_72fa63d3bdf5c90b,GLOSBE_ami_zho_TMEM_U000172
Amis_170,GLOSBE_REVIEWED_ZHO_9d503e6c85bb2df7,GLOSBE_ami_zho_TMEM_U000173
Amis_171,GLOSBE_REVIEWED_ZHO_f9737ffce692e6bc,GLOSBE_ami_zho_TMEM_U000174
Amis_172,GLOSBE_REVIEWED_ZHO_c6a813706f4d29f0,GLOSBE_ami_zho_TMEM_U000175
Amis_173,GLOSBE_REVIEWED_ZHO_a9b23fbe11051aec,GLOSBE_ami_zho_TMEM_U000176
Amis_174,GLOSBE_REVIEWED_ZHO_ffc915b40e14dd04,GLOSBE_ami_zho_TMEM_U000177
Amis_175,GLOSBE_REVIEWED_ZHO_ec69ef4f7595e6b3,GLOSBE_ami_zho_TMEM_U000178
Amis_176,GLOSBE_REVIEWED_ZHO_ca1f175cf8c4d262,GLOSBE_ami_zho_TMEM_U000179
Amis_177,GLOSBE_REVIEWED_ZHO_bffc214d3eef9d18,GLOSBE_ami_zho_TMEM_U000180
Amis_178,GLOSBE_REVIEWED_ZHO_70528050af0207f4,GLOSBE_ami_zho_TMEM_U000181
Amis_179,GLOSBE_REVIEWED_ZHO_c3b93075bea81e7d,GLOSBE_ami_zho_TMEM_U000182
Amis_180,GLOSBE_REVIEWED_ZHO_6f92e6238bdb9749,GLOSBE_ami_zho_TMEM_U000183
Amis_181,GLOSBE_REVIEWED_ZHO_11beb2d0714c1836,GLOSBE_ami_zho_TMEM_U000184
Amis_182,GLOSBE_REVIEWED_ZHO_e70924620d9ad613,GLOSBE_ami_zho_TMEM_U000185
Amis_183,GLOSBE_REVIEWED_ZHO_c40d7a0c8e4dc60b,GLOSBE_ami_zho_TMEM_U000186
Amis_184,GLOSBE_REVIEWED_ZHO_4b32659b2912f233,GLOSBE_ami_zho_TMEM_U000187
Amis_185,GLOSBE_REVIEWED_ZHO_64eceb7c475d9a47,GLOSBE_ami_zho_TMEM_U000188
Amis_186,GLOSBE_REVIEWED_ZHO_c7307dabdd8e4722,GLOSBE_ami_zho_TMEM_U000189
Amis_187,GLOSBE_REVIEWED_ZHO_7c28d4e7f369161d,GLOSBE_ami_zho_TMEM_U000190
Amis_188,GLOSBE_REVIEWED_ZHO_0098e433a4576f02,GLOSBE_ami_zho_TMEM_U000191
Amis_189,GLOSBE_REVIEWED_ZHO_93fa14897f05eb6f,GLOSBE_ami_zho_TMEM_U000192
Amis_190,GLOSBE_REVIEWED_ZHO_c2fadd54089956e1,GLOSBE_ami_zho_TMEM_U000193
Amis_191,GLOSBE_REVIEWED_ZHO_603d75643042585f,GLOSBE_ami_zho_TMEM_U000194
Amis_192,GLOSBE_REVIEWED_ZHO_12764cd0c007f3fd,GLOSBE_ami_zho_TMEM_U000195
Amis_193,GLOSBE_REVIEWED_ZHO_fbdbafe451da2b40,GLOSBE_ami_zho_TMEM_U000196
Amis_194,GLOSBE_REVIEWED_ZHO_0cbc62b716aff873,GLOSBE_ami_zho_TMEM_U000197
Amis_195,GLOSBE_REVIEWED_ZHO_6a433c8bebb9e4a4,GLOSBE_ami_zho_TMEM_U000198
Amis_196,GLOSBE_REVIEWED_ZHO_5390aa8cb93dc03c,GLOSBE_ami_zho_TMEM_U000199
Amis_197,GLOSBE_REVIEWED_ZHO_e065e34607f45821,GLOSBE_ami_zho_TMEM_U000200
Amis_198,GLOSBE_REVIEWED_ZHO_859943a394be09ac,GLOSBE_ami_zho_TMEM_U000201
Amis_199,GLOSBE_REVIEWED_ZHO_7f4f7525849821ef,GLOSBE_ami_zho_TMEM_U000202
Amis_200,GLOSBE_REVIEWED_ZHO_690cae964a9bf60a,GLOSBE_ami_zho_TMEM_U000203
Amis_201,GLOSBE_REVIEWED_ZHO_7c906fdc5d688638,GLOSBE_ami_zho_TMEM_U000204
Amis_202,GLOSBE_REVIEWED_ZHO_c1ba6e274857f556,GLOSBE_ami_zho_TMEM_U000205
Amis_203,GLOSBE_REVIEWED_ZHO_d02019ea113f6a3d,GLOSBE_ami_zho_TMEM_U000206
Amis_204,GLOSBE_REVIEWED_ZHO_cc21dce7799eecf6,GLOSBE_ami_zho_TMEM_U000207
Amis_205,GLOSBE_REVIEWED_ZHO_7ab60f13e5e054b6,GLOSBE_ami_zho_TMEM_U000208
Amis_206,GLOSBE_REVIEWED_ZHO_66a083b37a101a16,GLOSBE_ami_zho_TMEM_U000209
Amis_207,GLOSBE_REVIEWED_ZHO_9310fd371eaea391,GLOSBE_ami_zho_TMEM_U000210
Amis_208,GLOSBE_REVIEWED_ZHO_2d06dd4efd48eb98,GLOSBE_ami_zho_TMEM_U000211
Amis_209,GLOSBE_REVIEWED_ZHO_060fc5d041a83658,GLOSBE_ami_zho_TMEM_U000212
Amis_210,GLOSBE_REVIEWED_ZHO_8fd4b8b2cb27e42d,GLOSBE_ami_zho_TMEM_U000213
Amis_211,GLOSBE_REVIEWED_ZHO_f37d9e5d260876a5,GLOSBE_ami_zho_TMEM_U000214
Amis_212,GLOSBE_REVIEWED_ZHO_6fc3d00b2cb0a841,GLOSBE_ami_zho_TMEM_U000215
Amis_213,GLOSBE_REVIEWED_ZHO_99049b9ac87a4543,GLOSBE_ami_zho_TMEM_U000216
Amis_214,GLOSBE_REVIEWED_ZHO_da8ca80db090cce5,GLOSBE_ami_zho_TMEM_U000217
Amis_215,GLOSBE_REVIEWED_ZHO_767b57aaf3ed9853,GLOSBE_ami_zho_TMEM_U000218
Amis_216,GLOSBE_REVIEWED_ZHO_ffd27048c6d69eab,GLOSBE_ami_zho_TMEM_U000219
Amis_217,GLOSBE_REVIEWED_ZHO_4ae1ad83be8b528f,GLOSBE_ami_zho_TMEM_U000220
Amis_218,GLOSBE_REVIEWED_ZHO_0162d3ecc3ca988d,GLOSBE_ami_zho_TMEM_U000221
Amis_219,GLOSBE_REVIEWED_ZHO_b10bbb7814d78c8e,GLOSBE_ami_zho_TMEM_U000222
Amis_220,GLOSBE_REVIEWED_ZHO_87c755b1014262d5,GLOSBE_ami_zho_TMEM_U000223
Amis_221,GLOSBE_REVIEWED_ZHO_bb5c2ae194c8ff62,GLOSBE_ami_zho_TMEM_U000224
Amis_222,GLOSBE_REVIEWED_ZHO_90d611971e192911,GLOSBE_ami_zho_TMEM_U000225
Amis_223,GLOSBE_REVIEWED_ZHO_a2e063f00c9f7058,GLOSBE_ami_zho_TMEM_U000226
Amis_224,GLOSBE_REVIEWED_ZHO_2132ba7741bc5d6b,GLOSBE_ami_zho_TMEM_U000227
Amis_225,GLOSBE_REVIEWED_ZHO_a4c0cefd4d19ef73,GLOSBE_ami_zho_TMEM_U000228
Amis_226,GLOSBE_STATIC_8014485d93f3db592c1a,GLOSBE_ami_zho_TMEM_U000001
Amis_227,GLOSBE_STATIC_1b1803bb4bd384a8348d,GLOSBE_ami_zho_TMEM_U000002
Amis_228,GLOSBE_STATIC_5fb93f4f5aa4fe965798,GLOSBE_ami_zho_TMEM_U000003
Amis_229,GLOSBE_STATIC_04e0a41f9522c2a31e2a,GLOSBE_ami_zho_TMEM_U000004
Amis_230,GLOSBE_STATIC_ff8854354dc77be4dc25,GLOSBE_ami_zho_TMEM_U000005
Amis_231,GLOSBE_STATIC_9fb888c7dd0c80ee4cc3,GLOSBE_ami_zho_TMEM_U000006
Amis_232,GLOSBE_STATIC_4a860a43d9ed667c0894,GLOSBE_ami_zho_TMEM_U000007
Amis_233,GLOSBE_STATIC_92d5126c2bf771b91dc6,GLOSBE_ami_zho_TMEM_U000008
Amis_234,GLOSBE_STATIC_09b2fae1e065d2319b48,GLOSBE_ami_zho_TMEM_U000009
Amis_235,GLOSBE_STATIC_bfb19eb5a892e4af5ce1,GLOSBE_ami_zho_TMEM_U000010
Amis_236,GLOSBE_STATIC_1ba1eac920589b2acdd9,GLOSBE_ami_zho_TMEM_U000011
Amis_237,GLOSBE_REVIEWED_ZHO_730c6b8c6fb0235d,GLOSBE_ami_zho_TMEM_U000012
Amis_238,GLOSBE_STATIC_3459aee58d9ab0d104a4,GLOSBE_ami_zho_TMEM_U000013
Amis_239,GLOSBE_STATIC_bdf7c3f5d353d50ad538,GLOSBE_ami_zho_TMEM_U000014
Amis_240,GLOSBE_STATIC_6f56471e1cc8b6d934dd,GLOSBE_ami_zho_TMEM_U000015
Amis_241,GLOSBE_STATIC_75d9fb8d2b80a7133e43,GLOSBE_ami_zho_TMEM_U000016
Amis_242,GLOSBE_STATIC_161f730563921ecb6fff,GLOSBE_ami_zho_TMEM_U000017
Amis_243,GLOSBE_STATIC_935867aaee69c4d27e9e,GLOSBE_ami_zho_TMEM_U000018
Amis_244,GLOSBE_STATIC_4d47d68035a4efdd0f7a,GLOSBE_ami_zho_TMEM_U000019
Amis_245,GLOSBE_STATIC_4058c5a1b86fcccbb685,GLOSBE_ami_zho_TMEM_U000020
Amis_246,GLOSBE_STATIC_c676ce39b294149f2263,GLOSBE_ami_zho_TMEM_U000021
Amis_247,GLOSBE_STATIC_6b39693e00dc78c65eba,GLOSBE_ami_zho_TMEM_U000022
Amis_248,GLOSBE_STATIC_c8c1e3c604f588af9b86,GLOSBE_ami_zho_TMEM_U000023
Amis_249,GLOSBE_REVIEWED_ZHO_5714eebd133d037c,GLOSBE_ami_zho_TMEM_U000024
Amis_250,GLOSBE_STATIC_cfcca38b2b7636ed3ee2,GLOSBE_ami_zho_TMEM_U000025
Amis_251,GLOSBE_STATIC_8014485d93f3db592c1a,GLOSBE_ami_zho_TMEM_U000001
Amis_252,GLOSBE_STATIC_1b1803bb4bd384a8348d,GLOSBE_ami_zho_TMEM_U000002
Amis_253,GLOSBE_STATIC_5fb93f4f5aa4fe965798,GLOSBE_ami_zho_TMEM_U000003
Amis_254,GLOSBE_REVIEWED_ZHO_159693ba669870c4,GLOSBE_ami_zho_TMEM_U000043
Amis_255,GLOSBE_REVIEWED_ZHO_0a51c2ee2bd62f50,GLOSBE_ami_zho_TMEM_U000229
Amis_256,GLOSBE_STATIC_04e0a41f9522c2a31e2a,GLOSBE_ami_zho_TMEM_U000004
Amis_257,GLOSBE_STATIC_9fb888c7dd0c80ee4cc3,GLOSBE_ami_zho_TMEM_U000006
Amis_258,GLOSBE_STATIC_4a860a43d9ed667c0894,GLOSBE_ami_zho_TMEM_U000007
Amis_259,GLOSBE_STATIC_92d5126c2bf771b91dc6,GLOSBE_ami_zho_TMEM_U000008
Amis_260,GLOSBE_REVIEWED_ZHO_b6194234827d9b01,GLOSBE_ami_zho_TMEM_U000044
Amis_261,GLOSBE_REVIEWED_ZHO_bd1851d0e911cf67,GLOSBE_ami_zho_TMEM_U000031
Amis_262,GLOSBE_STATIC_09b2fae1e065d2319b48,GLOSBE_ami_zho_TMEM_U000009
Amis_263,GLOSBE_STATIC_bfb19eb5a892e4af5ce1,GLOSBE_ami_zho_TMEM_U000010
Amis_264,GLOSBE_STATIC_1ba1eac920589b2acdd9,GLOSBE_ami_zho_TMEM_U000011
Amis_265,GLOSBE_REVIEWED_ZHO_730c6b8c6fb0235d,GLOSBE_ami_zho_TMEM_U000012
Amis_266,GLOSBE_REVIEWED_ZHO_9710aa16955877bb,GLOSBE_ami_zho_TMEM_U000033
Amis_267,GLOSBE_REVIEWED_ZHO_179eeeb491527392,GLOSBE_ami_zho_TMEM_U000230
Amis_268,GLOSBE_REVIEWED_ZHO_b14d133fb87eec42,GLOSBE_ami_zho_TMEM_U000231
Amis_269,GLOSBE_STATIC_bdf7c3f5d353d50ad538,GLOSBE_ami_zho_TMEM_U000014
Amis_270,GLOSBE_STATIC_6f56471e1cc8b6d934dd,GLOSBE_ami_zho_TMEM_U000015
Amis_271,GLOSBE_STATIC_161f730563921ecb6fff,GLOSBE_ami_zho_TMEM_U000017
Amis_272,GLOSBE_STATIC_4d47d68035a4efdd0f7a,GLOSBE_ami_zho_TMEM_U000019
Amis_273,GLOSBE_REVIEWED_ZHO_66e4d7da0b7032c4,GLOSBE_ami_zho_TMEM_U000047
Amis_274,GLOSBE_STATIC_6b39693e00dc78c65eba,GLOSBE_ami_zho_TMEM_U000022
Amis_275,GLOSBE_REVIEWED_ZHO_5714eebd133d037c,GLOSBE_ami_zho_TMEM_U000024
Amis_276,GLOSBE_STATIC_8014485d93f3db592c1a,GLOSBE_ami_zho_TMEM_U000001
Amis_277,GLOSBE_STATIC_04e0a41f9522c2a31e2a,GLOSBE_ami_zho_TMEM_U000004
Amis_278,GLOSBE_STATIC_ff8854354dc77be4dc25,GLOSBE_ami_zho_TMEM_U000005
Amis_279,GLOSBE_STATIC_bfb19eb5a892e4af5ce1,GLOSBE_ami_zho_TMEM_U000010
Amis_280,GLOSBE_REVIEWED_ZHO_e6f5ede11c5b9137,GLOSBE_ami_zho_TMEM_U000045
Amis_281,GLOSBE_REVIEWED_ZHO_730c6b8c6fb0235d,GLOSBE_ami_zho_TMEM_U000012
Amis_282,GLOSBE_STATIC_bdf7c3f5d353d50ad538,GLOSBE_ami_zho_TMEM_U000014
Amis_283,GLOSBE_STATIC_4d47d68035a4efdd0f7a,GLOSBE_ami_zho_TMEM_U000019
Amis_284,GLOSBE_STATIC_c8c1e3c604f588af9b86,GLOSBE_ami_zho_TMEM_U000023
Amis_285,GLOSBE_REVIEWED_ZHO_6614db9e1d82e7a2,GLOSBE_ami_zho_TMEM_U000232
Amis_286,GLOSBE_REVIEWED_ZHO_dc5c338648af711a,GLOSBE_ami_zho_TMEM_U000039
Amis_287,GLOSBE_REVIEWED_ZHO_60ece95668ee7f59,GLOSBE_ami_zho_TMEM_U000040
Amis_288,GLOSBE_REVIEWED_ZHO_524eb6beb237f4f6,GLOSBE_ami_zho_TMEM_U000233
Amis_289,GLOSBE_REVIEWED_ZHO_3351ccde6275830f,GLOSBE_ami_zho_TMEM_U000234
Amis_290,GLOSBE_REVIEWED_ZHO_bd0d15119555e106,GLOSBE_ami_zho_TMEM_U000050
Amis_291,GLOSBE_REVIEWED_ZHO_fcd4139ceae4b740,GLOSBE_ami_zho_TMEM_U000235
Amis_292,GLOSBE_REVIEWED_ZHO_498761440881a6f3,GLOSBE_ami_zho_TMEM_U000236
Amis_293,GLOSBE_REVIEWED_ZHO_0728178242e42dc4,GLOSBE_ami_zho_TMEM_U000237
Amis_294,GLOSBE_REVIEWED_ZHO_d0064568b38054e7,GLOSBE_ami_zho_TMEM_U000238
Amis_295,GLOSBE_REVIEWED_ZHO_b71af133c55263ef,GLOSBE_ami_zho_TMEM_U000239
Amis_296,GLOSBE_REVIEWED_ZHO_885e0f8e04f0a009,GLOSBE_ami_zho_TMEM_U000240
Amis_297,GLOSBE_REVIEWED_ZHO_734d0c97e4d997fa,GLOSBE_ami_zho_TMEM_U000241
Amis_298,GLOSBE_REVIEWED_ZHO_cb12648352c5b7d4,GLOSBE_ami_zho_TMEM_U000242
Amis_299,GLOSBE_REVIEWED_ZHO_8ba98d36bc69f26d,GLOSBE_ami_zho_TMEM_U000243
Amis_300,GLOSBE_REVIEWED_ZHO_4b58d9ab321e6c69,GLOSBE_ami_zho_TMEM_U000244
Amis_301,GLOSBE_REVIEWED_ZHO_89e2940197f6e515,GLOSBE_ami_zho_TMEM_U000245
Amis_302,GLOSBE_REVIEWED_ZHO_940adbaf9c590715,GLOSBE_ami_zho_TMEM_U000246
Amis_303,GLOSBE_REVIEWED_ZHO_e9a3ac848b5788ae,GLOSBE_ami_zho_TMEM_U000053
Amis_304,GLOSBE_REVIEWED_ZHO_50729c5e2d148637,GLOSBE_ami_zho_TMEM_U000054
Amis_305,GLOSBE_REVIEWED_ZHO_814f0ca208db28c1,GLOSBE_ami_zho_TMEM_U000247
Amis_306,GLOSBE_REVIEWED_ZHO_3cd43217197ed826,GLOSBE_ami_zho_TMEM_U000056
Amis_307,GLOSBE_REVIEWED_ZHO_4c540c7e8c5d2852,GLOSBE_ami_zho_TMEM_U000248
Amis_308,GLOSBE_REVIEWED_ZHO_1e042dbe2ea788c0,GLOSBE_ami_zho_TMEM_U000059
Amis_309,GLOSBE_REVIEWED_ZHO_90cb489538fd834a,GLOSBE_ami_zho_TMEM_U000060
Amis_310,GLOSBE_REVIEWED_ZHO_35cb1778af6c3f2c,GLOSBE_ami_zho_TMEM_U000061
Amis_311,GLOSBE_REVIEWED_ZHO_6c06ba1a2ee4982e,GLOSBE_ami_zho_TMEM_U000249
Amis_312,GLOSBE_REVIEWED_ZHO_4a37de8ffddebd50,GLOSBE_ami_zho_TMEM_U000063
Amis_313,GLOSBE_REVIEWED_ZHO_923bef51273547a7,GLOSBE_ami_zho_TMEM_U000065
Amis_314,GLOSBE_REVIEWED_ZHO_154ff738ba26d4da,GLOSBE_ami_zho_TMEM_U000250
Amis_315,GLOSBE_REVIEWED_ZHO_3caf21705010bd07,GLOSBE_ami_zho_TMEM_U000069
Amis_316,GLOSBE_REVIEWED_ZHO_6d0942b50e0ab88d,GLOSBE_ami_zho_TMEM_U000251
Amis_317,GLOSBE_REVIEWED_ZHO_647c908081b3877e,GLOSBE_ami_zho_TMEM_U000070
Amis_318,GLOSBE_REVIEWED_ZHO_17424eee92de7c22,GLOSBE_ami_zho_TMEM_U000072
Amis_319,GLOSBE_REVIEWED_ZHO_11527e8b2e7e7056,GLOSBE_ami_zho_TMEM_U000252
Amis_320,GLOSBE_REVIEWED_ZHO_1ba34fd425460cca,GLOSBE_ami_zho_TMEM_U000253
Amis_321,GLOSBE_REVIEWED_ZHO_0fa804c41c9f4853,GLOSBE_ami_zho_TMEM_U000254
Amis_322,GLOSBE_REVIEWED_ZHO_0877a7e7d0374c28,GLOSBE_ami_zho_TMEM_U000075
Amis_323,GLOSBE_REVIEWED_ZHO_a6020b2dcd9ab2a5,GLOSBE_ami_zho_TMEM_U000255
Amis_324,GLOSBE_REVIEWED_ZHO_67edeae18bc649a9,GLOSBE_ami_zho_TMEM_U000256
Amis_325,GLOSBE_REVIEWED_ZHO_c934d4953a0dee48,GLOSBE_ami_zho_TMEM_U000257
Amis_326,GLOSBE_REVIEWED_ZHO_6e14173bf08ab02b,GLOSBE_ami_zho_TMEM_U000084
Amis_327,GLOSBE_REVIEWED_ZHO_81a0ab645bdd7ab7,GLOSBE_ami_zho_TMEM_U000258
Amis_328,GLOSBE_REVIEWED_ZHO_387f6b1429ff08cd,GLOSBE_ami_zho_TMEM_U000085
Amis_329,GLOSBE_REVIEWED_ZHO_0facb876f63c86ab,GLOSBE_ami_zho_TMEM_U000259
Amis_330,GLOSBE_REVIEWED_ZHO_f77bff994d0d9890,GLOSBE_ami_zho_TMEM_U000087
Amis_331,GLOSBE_REVIEWED_ZHO_32b340de4a8cbed2,GLOSBE_ami_zho_TMEM_U000088
Amis_332,GLOSBE_REVIEWED_ZHO_78814255e3bc16aa,GLOSBE_ami_zho_TMEM_U000260
Amis_333,GLOSBE_REVIEWED_ZHO_1ee8f3405596da83,GLOSBE_ami_zho_TMEM_U000261
Amis_334,GLOSBE_REVIEWED_ZHO_85a6f31b368e7d79,GLOSBE_ami_zho_TMEM_U000262
Amis_335,GLOSBE_REVIEWED_ZHO_6d2c8d75b0549d86,GLOSBE_ami_zho_TMEM_U000263
Amis_336,GLOSBE_REVIEWED_ZHO_3c24ea1fb75b04e3,GLOSBE_ami_zho_TMEM_U000264
Amis_337,GLOSBE_REVIEWED_ZHO_45017dc702b476a0,GLOSBE_ami_zho_TMEM_U000265
Amis_338,GLOSBE_REVIEWED_ZHO_effed0b3a4c6d25c,GLOSBE_ami_zho_TMEM_U000266
Amis_339,GLOSBE_REVIEWED_ZHO_3091ed723ea6204c,GLOSBE_ami_zho_TMEM_U000100
Amis_340,GLOSBE_REVIEWED_ZHO_9218bf6f27fb06dc,GLOSBE_ami_zho_TMEM_U000267
Amis_341,GLOSBE_REVIEWED_ZHO_af500cfa05b02f29,GLOSBE_ami_zho_TMEM_U000103
Amis_342,GLOSBE_REVIEWED_ZHO_470cd3b97251f0bc,GLOSBE_ami_zho_TMEM_U000268
Amis_343,GLOSBE_REVIEWED_ZHO_6a1e4d509f106949,GLOSBE_ami_zho_TMEM_U000269
Amis_344,GLOSBE_REVIEWED_ZHO_3c599ab9d37bab65,GLOSBE_ami_zho_TMEM_U000111
Amis_345,GLOSBE_REVIEWED_ZHO_ea045d3567206290,GLOSBE_ami_zho_TMEM_U000270
Amis_346,GLOSBE_REVIEWED_ZHO_a9e100f5b5398618,GLOSBE_ami_zho_TMEM_U000116
Amis_347,GLOSBE_REVIEWED_ZHO_7c19b72de9454032,GLOSBE_ami_zho_TMEM_U000271
Amis_348,GLOSBE_REVIEWED_ZHO_b1c98e1eb60e2c4b,GLOSBE_ami_zho_TMEM_U000272
Amis_349,GLOSBE_REVIEWED_ZHO_2bc676f92b0014dd,GLOSBE_ami_zho_TMEM_U000273
Amis_350,GLOSBE_REVIEWED_ZHO_5307cf0c49ba39dd,GLOSBE_ami_zho_TMEM_U000274
Amis_351,GLOSBE_REVIEWED_ZHO_9ccf7b4e252e18af,GLOSBE_ami_zho_TMEM_U000126
Amis_352,GLOSBE_REVIEWED_ZHO_76c67384dc12bc2d,GLOSBE_ami_zho_TMEM_U000128
Amis_353,GLOSBE_REVIEWED_ZHO_2566551f0368308a,GLOSBE_ami_zho_TMEM_U000275
Amis_354,GLOSBE_REVIEWED_ZHO_a2428b06966f0f85,GLOSBE_ami_zho_TMEM_U000130
Amis_355,GLOSBE_REVIEWED_ZHO_53af614c175ec1ec,GLOSBE_ami_zho_TMEM_U000276
Amis_356,GLOSBE_REVIEWED_ZHO_9aef210f29b7f3ab,GLOSBE_ami_zho_TMEM_U000131
Amis_357,GLOSBE_REVIEWED_ZHO_aac2b371c5f88948,GLOSBE_ami_zho_TMEM_U000132
Amis_358,GLOSBE_REVIEWED_ZHO_0fd390a0fb1f8229,GLOSBE_ami_zho_TMEM_U000133
Amis_359,GLOSBE_REVIEWED_ZHO_5525fcc4f9e9646a,GLOSBE_ami_zho_TMEM_U000134
Amis_360,GLOSBE_REVIEWED_ZHO_2cf8b5adf424254a,GLOSBE_ami_zho_TMEM_U000277
Amis_361,GLOSBE_REVIEWED_ZHO_3929f272c43eb1df,GLOSBE_ami_zho_TMEM_U000278
Amis_362,GLOSBE_REVIEWED_ZHO_c85317c59f6b2684,GLOSBE_ami_zho_TMEM_U000279
Amis_363,GLOSBE_REVIEWED_ZHO_1a5fa0b79c3984ca,GLOSBE_ami_zho_TMEM_U000139
Amis_364,GLOSBE_REVIEWED_ZHO_0b6e4d9d3356cccf,GLOSBE_ami_zho_TMEM_U000280
Amis_365,GLOSBE_REVIEWED_ZHO_c0bd4a180a4cfaae,GLOSBE_ami_zho_TMEM_U000281
Amis_366,GLOSBE_REVIEWED_ZHO_0c07dbaea7a7173d,GLOSBE_ami_zho_TMEM_U000282
Amis_367,GLOSBE_REVIEWED_ZHO_f15c46e2f8e0b1cb,GLOSBE_ami_zho_TMEM_U000283
Amis_368,GLOSBE_REVIEWED_ZHO_5c2f7ab48495264b,GLOSBE_ami_zho_TMEM_U000284
Amis_369,GLOSBE_REVIEWED_ZHO_5f20679957f51631,GLOSBE_ami_zho_TMEM_U000144
Amis_370,GLOSBE_REVIEWED_ZHO_5d45d765822406fd,GLOSBE_ami_zho_TMEM_U000285
Amis_371,GLOSBE_REVIEWED_ZHO_77199fbef95ec571,GLOSBE_ami_zho_TMEM_U000150
Amis_372,GLOSBE_REVIEWED_ZHO_4ddcebfc3add29a2,GLOSBE_ami_zho_TMEM_U000151
Amis_373,GLOSBE_REVIEWED_ZHO_229125fa13110766,GLOSBE_ami_zho_TMEM_U000286
Amis_374,GLOSBE_REVIEWED_ZHO_cc1e85764b2aa602,GLOSBE_ami_zho_TMEM_U000154
Amis_375,GLOSBE_REVIEWED_ZHO_1260d55393c4bde8,GLOSBE_ami_zho_TMEM_U000287
Amis_376,GLOSBE_REVIEWED_ZHO_aee37768c9af6961,GLOSBE_ami_zho_TMEM_U000156
Amis_377,GLOSBE_REVIEWED_ZHO_dce087267561b3c4,GLOSBE_ami_zho_TMEM_U000157
Amis_378,GLOSBE_REVIEWED_ZHO_3560e13b00c234e4,GLOSBE_ami_zho_TMEM_U000288
Amis_379,GLOSBE_REVIEWED_ZHO_54289d1ec0a67bcd,GLOSBE_ami_zho_TMEM_U000289
Amis_380,GLOSBE_REVIEWED_ZHO_e83fa4cad6be2610,GLOSBE_ami_zho_TMEM_U000290
Amis_381,GLOSBE_REVIEWED_ZHO_ab7ac0478a318140,GLOSBE_ami_zho_TMEM_U000163
Amis_382,GLOSBE_REVIEWED_ZHO_54cee63809ce727d,GLOSBE_ami_zho_TMEM_U000291
Amis_383,GLOSBE_REVIEWED_ZHO_914b22904ee78026,GLOSBE_ami_zho_TMEM_U000292
Amis_384,GLOSBE_REVIEWED_ZHO_06a02b2954160005,GLOSBE_ami_zho_TMEM_U000293
Amis_385,GLOSBE_REVIEWED_ZHO_ad9ecc8606e06ed5,GLOSBE_ami_zho_TMEM_U000294
Amis_386,GLOSBE_REVIEWED_ZHO_9570127ee48ec97f,GLOSBE_ami_zho_TMEM_U000295
Amis_387,GLOSBE_REVIEWED_ZHO_2035327ba1d491aa,GLOSBE_ami_zho_TMEM_U000296
Amis_388,GLOSBE_REVIEWED_ZHO_ab50acff024a971c,GLOSBE_ami_zho_TMEM_U000297
Amis_389,GLOSBE_REVIEWED_ZHO_c6a813706f4d29f0,GLOSBE_ami_zho_TMEM_U000175
Amis_390,GLOSBE_REVIEWED_ZHO_a9b23fbe11051aec,GLOSBE_ami_zho_TMEM_U000176
Amis_391,GLOSBE_REVIEWED_ZHO_a567b70f6ea24b3b,GLOSBE_ami_zho_TMEM_U000298
Amis_392,GLOSBE_REVIEWED_ZHO_aff6f52a1aa719f2,GLOSBE_ami_zho_TMEM_U000299
Amis_393,GLOSBE_REVIEWED_ZHO_48383d262c0416a2,GLOSBE_ami_zho_TMEM_U000300
Amis_394,GLOSBE_REVIEWED_ZHO_26e732477f833f25,GLOSBE_ami_zho_TMEM_U000301
Amis_395,GLOSBE_REVIEWED_ZHO_6f92e6238bdb9749,GLOSBE_ami_zho_TMEM_U000183
Amis_396,GLOSBE_REVIEWED_ZHO_3a88ca9edff4cd6c,GLOSBE_ami_zho_TMEM_U000302
Amis_397,GLOSBE_REVIEWED_ZHO_b8b534fa0bde4a88,GLOSBE_ami_zho_TMEM_U000303
Amis_398,GLOSBE_REVIEWED_ZHO_9838a0ebde3ba450,GLOSBE_ami_zho_TMEM_U000304
Amis_399,GLOSBE_REVIEWED_ZHO_603d75643042585f,GLOSBE_ami_zho_TMEM_U000194
Amis_400,GLOSBE_REVIEWED_ZHO_6a433c8bebb9e4a4,GLOSBE_ami_zho_TMEM_U000198
Amis_401,GLOSBE_REVIEWED_ZHO_e065e34607f45821,GLOSBE_ami_zho_TMEM_U000200
Amis_402,GLOSBE_REVIEWED_ZHO_ce2af7b43239d4a5,GLOSBE_ami_zho_TMEM_U000305
Amis_403,GLOSBE_REVIEWED_ZHO_9f54afe6261b55bc,GLOSBE_ami_zho_TMEM_U000306
Amis_404,GLOSBE_REVIEWED_ZHO_befa09fb429fde01,GLOSBE_ami_zho_TMEM_U000307
Amis_405,GLOSBE_REVIEWED_ZHO_690cae964a9bf60a,GLOSBE_ami_zho_TMEM_U000203
Amis_406,GLOSBE_REVIEWED_ZHO_b565fc91b5ff9d65,GLOSBE_ami_zho_TMEM_U000308
Amis_407,GLOSBE_REVIEWED_ZHO_c1ba6e274857f556,GLOSBE_ami_zho_TMEM_U000205
Amis_408,GLOSBE_REVIEWED_ZHO_d02019ea113f6a3d,GLOSBE_ami_zho_TMEM_U000206
Amis_409,GLOSBE_REVIEWED_ZHO_2bb612520c169f15,GLOSBE_ami_zho_TMEM_U000309
Amis_410,GLOSBE_REVIEWED_ZHO_2d06dd4efd48eb98,GLOSBE_ami_zho_TMEM_U000211
Amis_411,GLOSBE_REVIEWED_ZHO_8fd4b8b2cb27e42d,GLOSBE_ami_zho_TMEM_U000213
Amis_412,GLOSBE_REVIEWED_ZHO_5b3fa00eddeea8a3,GLOSBE_ami_zho_TMEM_U000310
Amis_413,GLOSBE_REVIEWED_ZHO_91797d399b150f32,GLOSBE_ami_zho_TMEM_U000311
Amis_414,GLOSBE_REVIEWED_ZHO_6fc3d00b2cb0a841,GLOSBE_ami_zho_TMEM_U000215
Amis_415,GLOSBE_REVIEWED_ZHO_2c380881ba4f238c,GLOSBE_ami_zho_TMEM_U000312
Amis_416,GLOSBE_REVIEWED_ZHO_cb12f005edb4ce35,GLOSBE_ami_zho_TMEM_U000313
Amis_417,GLOSBE_REVIEWED_ZHO_0162d3ecc3ca988d,GLOSBE_ami_zho_TMEM_U000221
Amis_418,GLOSBE_REVIEWED_ZHO_bb5c2ae194c8ff62,GLOSBE_ami_zho_TMEM_U000224
Amis_419,GLOSBE_REVIEWED_ZHO_a2e063f00c9f7058,GLOSBE_ami_zho_TMEM_U000226
Amis_420,GLOSBE_REVIEWED_ZHO_a4c0cefd4d19ef73,GLOSBE_ami_zho_TMEM_U000228
Amis_421,GLOSBE_REVIEWED_ZHO_e3919351e6bfcaa2,GLOSBE_ami_zho_TMEM_U000314
Amis_422,GLOSBE_REVIEWED_ZHO_e281dc6a4f29588a,GLOSBE_ami_zho_TMEM_U000315
Amis_423,GLOSBE_REVIEWED_ZHO_04b1ce4720ffdb0f,GLOSBE_ami_zho_TMEM_U000316
Amis_424,GLOSBE_REVIEWED_ZHO_eebd8379afb7a720,GLOSBE_ami_zho_TMEM_U000317
Amis_425,GLOSBE_REVIEWED_ZHO_042760309ae1859a,GLOSBE_ami_zho_TMEM_U000318
Amis_426,GLOSBE_REVIEWED_ZHO_46c1309763d68c41,GLOSBE_ami_zho_TMEM_U000319
Amis_427,GLOSBE_REVIEWED_ZHO_6056c949cc94d906,GLOSBE_ami_zho_TMEM_U000320
Amis_428,GLOSBE_REVIEWED_ZHO_2d802d03695e2744,GLOSBE_ami_zho_TMEM_U000321
Amis_429,GLOSBE_REVIEWED_ZHO_b92fc487de80de59,GLOSBE_ami_zho_TMEM_U000322
Amis_430,GLOSBE_REVIEWED_ZHO_ab3025879e8ed732,GLOSBE_ami_zho_TMEM_U000323
Amis_431,GLOSBE_REVIEWED_ZHO_09a24d34d1aae5da,GLOSBE_ami_zho_TMEM_U000324
Amis_432,GLOSBE_REVIEWED_ZHO_e87d51662fd43e04,GLOSBE_ami_zho_TMEM_U000325
Amis_433,GLOSBE_REVIEWED_ZHO_4a59ef1e5d228ef2,GLOSBE_ami_zho_TMEM_U000326
Amis_434,GLOSBE_REVIEWED_ZHO_58a8bae3eec02d45,GLOSBE_ami_zho_TMEM_U000327
Amis_435,GLOSBE_REVIEWED_ZHO_0dc160ff50e37b67,GLOSBE_ami_zho_TMEM_U000328
Amis_436,GLOSBE_REVIEWED_ZHO_6886e202cb2c23ae,GLOSBE_ami_zho_TMEM_U000329
Amis_437,GLOSBE_REVIEWED_ZHO_81319c4bbdb69851,GLOSBE_ami_zho_TMEM_U000330
Amis_438,GLOSBE_REVIEWED_ZHO_4c03899d8e6c8c63,GLOSBE_ami_zho_TMEM_U000331
Amis_439,GLOSBE_REVIEWED_ZHO_0286aedda47e94f1,GLOSBE_ami_zho_TMEM_U000332
Amis_440,GLOSBE_REVIEWED_ZHO_aeec9b1df2b95d99,GLOSBE_ami_zho_TMEM_U000333
Amis_441,GLOSBE_REVIEWED_ZHO_fe1d886c877030bc,GLOSBE_ami_zho_TMEM_U000334
Amis_442,GLOSBE_REVIEWED_ZHO_0428c64a13dc3612,GLOSBE_ami_zho_TMEM_U000335
Amis_443,GLOSBE_REVIEWED_ZHO_63b8f390195ba430,GLOSBE_ami_zho_TMEM_U000336
Amis_444,GLOSBE_REVIEWED_ZHO_cc1fa59881c8dbc5,GLOSBE_ami_zho_TMEM_U000337
Amis_445,GLOSBE_REVIEWED_ZHO_5bc3df9183cccb18,GLOSBE_ami_zho_TMEM_U000338
Amis_446,GLOSBE_REVIEWED_ZHO_e71575f4f6c7fcd5,GLOSBE_ami_zho_TMEM_U000339
Amis_447,GLOSBE_REVIEWED_ZHO_b083efd209d1407c,GLOSBE_ami_zho_TMEM_U000340
Amis_448,GLOSBE_REVIEWED_ZHO_1ee56b1a1fb09a0d,GLOSBE_ami_zho_TMEM_U000341
Amis_449,GLOSBE_REVIEWED_ZHO_befcea9b3dd1017c,GLOSBE_ami_zho_TMEM_U000342
Amis_450,GLOSBE_REVIEWED_ZHO_cca26c3b7b43a699,GLOSBE_ami_zho_TMEM_U000343
Amis_451,GLOSBE_REVIEWED_ZHO_7841f7cbe6ff65e9,GLOSBE_ami_zho_TMEM_U000344
Amis_452,GLOSBE_REVIEWED_ZHO_4eb5a7b84eaae29d,GLOSBE_ami_zho_TMEM_U000345
Amis_453,GLOSBE_REVIEWED_ZHO_3590ad7687ec9033,GLOSBE_ami_zho_TMEM_U000346
Amis_454,GLOSBE_REVIEWED_ZHO_3422e9cbc27483b1,GLOSBE_ami_zho_TMEM_U000347
Amis_455,GLOSBE_REVIEWED_ZHO_603a69e5fb6d6d3e,GLOSBE_ami_zho_TMEM_U000348
Amis_456,GLOSBE_REVIEWED_ZHO_35706c7fc462976e,GLOSBE_ami_zho_TMEM_U000349
Amis_457,GLOSBE_REVIEWED_ZHO_4e382df349065bb3,GLOSBE_ami_zho_TMEM_U000350
Amis_458,GLOSBE_REVIEWED_ZHO_7491797535d70986,GLOSBE_ami_zho_TMEM_U000351
Amis_459,GLOSBE_REVIEWED_ZHO_b21a554e68234d1d,GLOSBE_ami_zho_TMEM_U000352
Amis_460,GLOSBE_REVIEWED_ZHO_c1ffd108b22c251d,GLOSBE_ami_zho_TMEM_U000353
Amis_461,GLOSBE_REVIEWED_ZHO_0ba63e7011982231,GLOSBE_ami_zho_TMEM_U000354
Amis_462,GLOSBE_REVIEWED_ZHO_57595e92e1bb9d65,GLOSBE_ami_zho_TMEM_U000355
Amis_463,GLOSBE_REVIEWED_ZHO_9810d027af3d43ea,GLOSBE_ami_zho_TMEM_U000356
Amis_464,GLOSBE_REVIEWED_ZHO_250ab0e69f8e2b66,GLOSBE_ami_zho_TMEM_U000357
Amis_465,GLOSBE_REVIEWED_ZHO_3a72b3994363dae5,GLOSBE_ami_zho_TMEM_U000358
Amis_466,GLOSBE_REVIEWED_ZHO_3a675d9e45ae9e31,GLOSBE_ami_zho_TMEM_U000359
Amis_467,GLOSBE_REVIEWED_ZHO_e9670493683aee83,GLOSBE_ami_zho_TMEM_U000360
Amis_468,GLOSBE_REVIEWED_ZHO_3159a843fed736ab,GLOSBE_ami_zho_TMEM_U000361
Amis_469,GLOSBE_REVIEWED_ZHO_378d5e75eea536b5,GLOSBE_ami_zho_TMEM_U000362
Amis_470,GLOSBE_REVIEWED_ZHO_5712318bb819e9e2,GLOSBE_ami_zho_TMEM_U000363
Amis_471,GLOSBE_REVIEWED_ZHO_1f7965d2241ca5eb,GLOSBE_ami_zho_TMEM_U000364
Amis_472,GLOSBE_REVIEWED_ZHO_5f4e3b2209b9d003,GLOSBE_ami_zho_TMEM_U000365
Amis_473,GLOSBE_REVIEWED_ZHO_253b11989a4ae6c4,GLOSBE_ami_zho_TMEM_U000366
Amis_474,GLOSBE_REVIEWED_ZHO_c231652ed44ba2cf,GLOSBE_ami_zho_TMEM_U000367
Amis_475,GLOSBE_REVIEWED_ZHO_0a540e0a47fa8698,GLOSBE_ami_zho_TMEM_U000368
Amis_476,GLOSBE_REVIEWED_ZHO_cd61f8fc14f76d9a,GLOSBE_ami_zho_TMEM_U000042
Amis_477,GLOSBE_REVIEWED_ZHO_0a51c2ee2bd62f50,GLOSBE_ami_zho_TMEM_U000229
Amis_478,GLOSBE_STATIC_4a860a43d9ed667c0894,GLOSBE_ami_zho_TMEM_U000007
Amis_479,GLOSBE_REVIEWED_ZHO_b6194234827d9b01,GLOSBE_ami_zho_TMEM_U000044
Amis_480,GLOSBE_STATIC_bfb19eb5a892e4af5ce1,GLOSBE_ami_zho_TMEM_U000010
Amis_481,GLOSBE_REVIEWED_ZHO_e6f5ede11c5b9137,GLOSBE_ami_zho_TMEM_U000045
Amis_482,GLOSBE_STATIC_1ba1eac920589b2acdd9,GLOSBE_ami_zho_TMEM_U000011
Amis_483,GLOSBE_STATIC_b28f709cf054d203062e,GLOSBE_ami_zho_TMEM_U000012
Amis_484,GLOSBE_REVIEWED_ZHO_9710aa16955877bb,GLOSBE_ami_zho_TMEM_U000033
Amis_485,GLOSBE_REVIEWED_ZHO_b14d133fb87eec42,GLOSBE_ami_zho_TMEM_U000231
Amis_486,GLOSBE_STATIC_bdf7c3f5d353d50ad538,GLOSBE_ami_zho_TMEM_U000014
Amis_487,GLOSBE_REVIEWED_ZHO_5714eebd133d037c,GLOSBE_ami_zho_TMEM_U000024
Amis_488,GLOSBE_REVIEWED_ZHO_d08ba60effe105dc,GLOSBE_ami_zho_TMEM_U000049
Amis_489,GLOSBE_REVIEWED_ZHO_1c700130ef019bb9,GLOSBE_ami_zho_TMEM_U000369
Amis_490,GLOSBE_REVIEWED_ZHO_bd0d15119555e106,GLOSBE_ami_zho_TMEM_U000050
Amis_491,GLOSBE_REVIEWED_ZHO_2a438f46f811b7d0,GLOSBE_ami_zho_TMEM_U000370
Amis_492,GLOSBE_REVIEWED_ZHO_8ba98d36bc69f26d,GLOSBE_ami_zho_TMEM_U000243
Amis_493,GLOSBE_REVIEWED_ZHO_95edf914aa8f1c74,GLOSBE_ami_zho_TMEM_U000371
Amis_494,GLOSBE_REVIEWED_ZHO_b1a68226e16dcbbd,GLOSBE_ami_zho_TMEM_U000372
Amis_495,GLOSBE_REVIEWED_ZHO_e9bc4de9e151a545,GLOSBE_ami_zho_TMEM_U000373
Amis_496,GLOSBE_REVIEWED_ZHO_89e2940197f6e515,GLOSBE_ami_zho_TMEM_U000245
Amis_497,GLOSBE_REVIEWED_ZHO_940adbaf9c590715,GLOSBE_ami_zho_TMEM_U000246
Amis_498,GLOSBE_REVIEWED_ZHO_810c0ae22c669331,GLOSBE_ami_zho_TMEM_U000374
Amis_499,GLOSBE_REVIEWED_ZHO_0cf78b0f9bdd6fd4,GLOSBE_ami_zho_TMEM_U000375
Amis_500,GLOSBE_REVIEWED_ZHO_9ff569cad07b2d08,GLOSBE_ami_zho_TMEM_U000376
Amis_501,GLOSBE_REVIEWED_ZHO_7f22d70cb2af10ee,GLOSBE_ami_zho_TMEM_U000377
Amis_502,GLOSBE_REVIEWED_ZHO_e9a3ac848b5788ae,GLOSBE_ami_zho_TMEM_U000053
Amis_503,GLOSBE_REVIEWED_ZHO_3cd43217197ed826,GLOSBE_ami_zho_TMEM_U000056
Amis_504,GLOSBE_REVIEWED_ZHO_ce072239cec4dc4d,GLOSBE_ami_zho_TMEM_U000378
Amis_505,GLOSBE_REVIEWED_ZHO_90cb489538fd834a,GLOSBE_ami_zho_TMEM_U000060
Amis_506,GLOSBE_REVIEWED_ZHO_dd5e4fbb4b137ec2,GLOSBE_ami_zho_TMEM_U000379
Amis_507,GLOSBE_REVIEWED_ZHO_131443dcd3f86553,GLOSBE_ami_zho_TMEM_U000380
Amis_508,GLOSBE_REVIEWED_ZHO_4a37de8ffddebd50,GLOSBE_ami_zho_TMEM_U000063
Amis_509,GLOSBE_REVIEWED_ZHO_dda69606b4e321fa,GLOSBE_ami_zho_TMEM_U000064
Amis_510,GLOSBE_REVIEWED_ZHO_923bef51273547a7,GLOSBE_ami_zho_TMEM_U000065
Amis_511,GLOSBE_REVIEWED_ZHO_3ced043117581160,GLOSBE_ami_zho_TMEM_U000381
Amis_512,GLOSBE_REVIEWED_ZHO_03b753787340d06f,GLOSBE_ami_zho_TMEM_U000068
Amis_513,GLOSBE_REVIEWED_ZHO_4143770986987186,GLOSBE_ami_zho_TMEM_U000382
Amis_514,GLOSBE_REVIEWED_ZHO_647c908081b3877e,GLOSBE_ami_zho_TMEM_U000070
Amis_515,GLOSBE_REVIEWED_ZHO_ec31a6463360b366,GLOSBE_ami_zho_TMEM_U000383
Amis_516,GLOSBE_REVIEWED_ZHO_28c3f392dc60783f,GLOSBE_ami_zho_TMEM_U000384
Amis_517,GLOSBE_REVIEWED_ZHO_0877a7e7d0374c28,GLOSBE_ami_zho_TMEM_U000075
Amis_518,GLOSBE_REVIEWED_ZHO_a39cd1d40c851a81,GLOSBE_ami_zho_TMEM_U000076
Amis_519,GLOSBE_REVIEWED_ZHO_937ed889900ff6d1,GLOSBE_ami_zho_TMEM_U000385
Amis_520,GLOSBE_REVIEWED_ZHO_ccef6ac56ce10103,GLOSBE_ami_zho_TMEM_U000386
Amis_521,GLOSBE_REVIEWED_ZHO_eb79196e8f2c0a21,GLOSBE_ami_zho_TMEM_U000387
Amis_522,GLOSBE_REVIEWED_ZHO_ec8cf8c2ccdb60c3,GLOSBE_ami_zho_TMEM_U000081
Amis_523,GLOSBE_REVIEWED_ZHO_e56bda88cf5f95a3,GLOSBE_ami_zho_TMEM_U000388
Amis_524,GLOSBE_REVIEWED_ZHO_91b2edbce906db4e,GLOSBE_ami_zho_TMEM_U000389
Amis_525,GLOSBE_REVIEWED_ZHO_67edeae18bc649a9,GLOSBE_ami_zho_TMEM_U000256
Amis_526,GLOSBE_REVIEWED_ZHO_647de33b56ff6bc5,GLOSBE_ami_zho_TMEM_U000083
Amis_527,GLOSBE_REVIEWED_ZHO_d96569448c72b3ec,GLOSBE_ami_zho_TMEM_U000390
Amis_528,GLOSBE_REVIEWED_ZHO_f77bff994d0d9890,GLOSBE_ami_zho_TMEM_U000087
Amis_529,GLOSBE_REVIEWED_ZHO_32b340de4a8cbed2,GLOSBE_ami_zho_TMEM_U000088
Amis_530,GLOSBE_REVIEWED_ZHO_1ee8f3405596da83,GLOSBE_ami_zho_TMEM_U000261
Amis_531,GLOSBE_REVIEWED_ZHO_69ea6284b753fe47,GLOSBE_ami_zho_TMEM_U000094
Amis_532,GLOSBE_REVIEWED_ZHO_3c24ea1fb75b04e3,GLOSBE_ami_zho_TMEM_U000264
Amis_533,GLOSBE_REVIEWED_ZHO_45017dc702b476a0,GLOSBE_ami_zho_TMEM_U000265
Amis_534,GLOSBE_REVIEWED_ZHO_6700effd5780ac08,GLOSBE_ami_zho_TMEM_U000102
Amis_535,GLOSBE_REVIEWED_ZHO_a7c6bb01a0a72af8,GLOSBE_ami_zho_TMEM_U000391
Amis_536,GLOSBE_REVIEWED_ZHO_4d6c618ba8800889,GLOSBE_ami_zho_TMEM_U000104
Amis_537,GLOSBE_REVIEWED_ZHO_db9e51a61157de58,GLOSBE_ami_zho_TMEM_U000106
Amis_538,GLOSBE_REVIEWED_ZHO_3f216c349da510fa,GLOSBE_ami_zho_TMEM_U000392
Amis_539,GLOSBE_REVIEWED_ZHO_564dd7238963b47b,GLOSBE_ami_zho_TMEM_U000393
Amis_540,GLOSBE_REVIEWED_ZHO_304ce8f60e6a9318,GLOSBE_ami_zho_TMEM_U000108
Amis_541,GLOSBE_REVIEWED_ZHO_16fa1653a050e509,GLOSBE_ami_zho_TMEM_U000394
Amis_542,GLOSBE_REVIEWED_ZHO_3c599ab9d37bab65,GLOSBE_ami_zho_TMEM_U000111
Amis_543,GLOSBE_REVIEWED_ZHO_ea045d3567206290,GLOSBE_ami_zho_TMEM_U000270
Amis_544,GLOSBE_REVIEWED_ZHO_03087f4024cd873e,GLOSBE_ami_zho_TMEM_U000395
Amis_545,GLOSBE_REVIEWED_ZHO_6617351d9fc04bc7,GLOSBE_ami_zho_TMEM_U000114
Amis_546,GLOSBE_REVIEWED_ZHO_224c5be0c48f88c5,GLOSBE_ami_zho_TMEM_U000117
Amis_547,GLOSBE_REVIEWED_ZHO_0de94eb5537bf919,GLOSBE_ami_zho_TMEM_U000396
Amis_548,GLOSBE_REVIEWED_ZHO_7b7b83f4089aed5f,GLOSBE_ami_zho_TMEM_U000397
Amis_549,GLOSBE_REVIEWED_ZHO_b1c98e1eb60e2c4b,GLOSBE_ami_zho_TMEM_U000272
Amis_550,GLOSBE_REVIEWED_ZHO_50cbff7189b8b863,GLOSBE_ami_zho_TMEM_U000123
Amis_551,GLOSBE_REVIEWED_ZHO_e4b23c48959b07ac,GLOSBE_ami_zho_TMEM_U000124
Amis_552,GLOSBE_REVIEWED_ZHO_011c7d1738a64398,GLOSBE_ami_zho_TMEM_U000398
Amis_553,GLOSBE_REVIEWED_ZHO_90c911b731fe9014,GLOSBE_ami_zho_TMEM_U000399
Amis_554,GLOSBE_REVIEWED_ZHO_a2428b06966f0f85,GLOSBE_ami_zho_TMEM_U000130
Amis_555,GLOSBE_REVIEWED_ZHO_0fd390a0fb1f8229,GLOSBE_ami_zho_TMEM_U000133
Amis_556,GLOSBE_REVIEWED_ZHO_a6bb09c849d6ebdd,GLOSBE_ami_zho_TMEM_U000400
Amis_557,GLOSBE_REVIEWED_ZHO_689eb54f7dda5841,GLOSBE_ami_zho_TMEM_U000401
Amis_558,GLOSBE_REVIEWED_ZHO_9b4cc3c00af7462c,GLOSBE_ami_zho_TMEM_U000138
Amis_559,GLOSBE_REVIEWED_ZHO_af34dffb27c87fa3,GLOSBE_ami_zho_TMEM_U000140
Amis_560,GLOSBE_REVIEWED_ZHO_3c31525c75d1dfed,GLOSBE_ami_zho_TMEM_U000402
Amis_561,GLOSBE_REVIEWED_ZHO_fef010bc7f89cd31,GLOSBE_ami_zho_TMEM_U000142
Amis_562,GLOSBE_REVIEWED_ZHO_5c2f7ab48495264b,GLOSBE_ami_zho_TMEM_U000284
Amis_563,GLOSBE_REVIEWED_ZHO_85a8b0d155b1dabc,GLOSBE_ami_zho_TMEM_U000146
Amis_564,GLOSBE_REVIEWED_ZHO_ed870be37e16a90a,GLOSBE_ami_zho_TMEM_U000403
Amis_565,GLOSBE_REVIEWED_ZHO_77199fbef95ec571,GLOSBE_ami_zho_TMEM_U000150
Amis_566,GLOSBE_REVIEWED_ZHO_45580186a6283915,GLOSBE_ami_zho_TMEM_U000404
Amis_567,GLOSBE_REVIEWED_ZHO_05aa2ce8f12aae77,GLOSBE_ami_zho_TMEM_U000405
Amis_568,GLOSBE_REVIEWED_ZHO_5c5c2e638500f8cc,GLOSBE_ami_zho_TMEM_U000406
Amis_569,GLOSBE_REVIEWED_ZHO_48a4ae2b6032c13d,GLOSBE_ami_zho_TMEM_U000407
Amis_570,GLOSBE_REVIEWED_ZHO_befcc41b77f24461,GLOSBE_ami_zho_TMEM_U000155
Amis_571,GLOSBE_REVIEWED_ZHO_45f04ef80ff60f48,GLOSBE_ami_zho_TMEM_U000159
Amis_572,GLOSBE_REVIEWED_ZHO_e624a1cdf2ac8306,GLOSBE_ami_zho_TMEM_U000408
Amis_573,GLOSBE_REVIEWED_ZHO_1b51014af4d1b62b,GLOSBE_ami_zho_TMEM_U000409
Amis_574,GLOSBE_REVIEWED_ZHO_25301453b3e48daf,GLOSBE_ami_zho_TMEM_U000410
Amis_575,GLOSBE_REVIEWED_ZHO_ef0bc55774a486ad,GLOSBE_ami_zho_TMEM_U000411
Amis_576,GLOSBE_REVIEWED_ZHO_06a02b2954160005,GLOSBE_ami_zho_TMEM_U000293
Amis_577,GLOSBE_REVIEWED_ZHO_55172e549569d87f,GLOSBE_ami_zho_TMEM_U000412
Amis_578,GLOSBE_REVIEWED_ZHO_9d870f44a7dfb2e5,GLOSBE_ami_zho_TMEM_U000413
Amis_579,GLOSBE_REVIEWED_ZHO_2035327ba1d491aa,GLOSBE_ami_zho_TMEM_U000296
Amis_580,GLOSBE_REVIEWED_ZHO_64d814758dcbd973,GLOSBE_ami_zho_TMEM_U000414
Amis_581,GLOSBE_REVIEWED_ZHO_c6a813706f4d29f0,GLOSBE_ami_zho_TMEM_U000175
Amis_582,GLOSBE_REVIEWED_ZHO_1861f9592e6a4416,GLOSBE_ami_zho_TMEM_U000415
Amis_583,GLOSBE_REVIEWED_ZHO_57fcae626f33182e,GLOSBE_ami_zho_TMEM_U000416
Amis_584,GLOSBE_REVIEWED_ZHO_bffc214d3eef9d18,GLOSBE_ami_zho_TMEM_U000180
Amis_585,GLOSBE_REVIEWED_ZHO_3f455995190b3ff6,GLOSBE_ami_zho_TMEM_U000417
Amis_586,GLOSBE_REVIEWED_ZHO_70528050af0207f4,GLOSBE_ami_zho_TMEM_U000181
Amis_587,GLOSBE_REVIEWED_ZHO_e70924620d9ad613,GLOSBE_ami_zho_TMEM_U000185
Amis_588,GLOSBE_REVIEWED_ZHO_c40d7a0c8e4dc60b,GLOSBE_ami_zho_TMEM_U000186
Amis_589,GLOSBE_REVIEWED_ZHO_64eceb7c475d9a47,GLOSBE_ami_zho_TMEM_U000188
Amis_590,GLOSBE_REVIEWED_ZHO_b2e653884c7489f8,GLOSBE_ami_zho_TMEM_U000418
Amis_591,GLOSBE_REVIEWED_ZHO_0098e433a4576f02,GLOSBE_ami_zho_TMEM_U000191
Amis_592,GLOSBE_REVIEWED_ZHO_603d75643042585f,GLOSBE_ami_zho_TMEM_U000194
Amis_593,GLOSBE_REVIEWED_ZHO_0cbc62b716aff873,GLOSBE_ami_zho_TMEM_U000197
Amis_594,GLOSBE_REVIEWED_ZHO_6a433c8bebb9e4a4,GLOSBE_ami_zho_TMEM_U000198
Amis_595,GLOSBE_REVIEWED_ZHO_86067a1e8d78b8e4,GLOSBE_ami_zho_TMEM_U000419
Amis_596,GLOSBE_REVIEWED_ZHO_dff7e06804c551fb,GLOSBE_ami_zho_TMEM_U000420
Amis_597,GLOSBE_REVIEWED_ZHO_7f4f7525849821ef,GLOSBE_ami_zho_TMEM_U000202
Amis_598,GLOSBE_REVIEWED_ZHO_6341a415fff109e6,GLOSBE_ami_zho_TMEM_U000421
Amis_599,GLOSBE_REVIEWED_ZHO_d8bb92e4d7d5864f,GLOSBE_ami_zho_TMEM_U000422
Amis_600,GLOSBE_REVIEWED_ZHO_c6f312d8d56f58e6,GLOSBE_ami_zho_TMEM_U000423
Amis_601,GLOSBE_REVIEWED_ZHO_befa09fb429fde01,GLOSBE_ami_zho_TMEM_U000307
Amis_602,GLOSBE_REVIEWED_ZHO_55caf9681842f1a6,GLOSBE_ami_zho_TMEM_U000424
Amis_603,GLOSBE_REVIEWED_ZHO_c1ba6e274857f556,GLOSBE_ami_zho_TMEM_U000205
Amis_604,GLOSBE_REVIEWED_ZHO_7ab60f13e5e054b6,GLOSBE_ami_zho_TMEM_U000208
Amis_605,GLOSBE_REVIEWED_ZHO_83d15e95532ec900,GLOSBE_ami_zho_TMEM_U000425
Amis_606,GLOSBE_REVIEWED_ZHO_5d6157264b4619c2,GLOSBE_ami_zho_TMEM_U000426
Amis_607,GLOSBE_REVIEWED_ZHO_2d06dd4efd48eb98,GLOSBE_ami_zho_TMEM_U000211
Amis_608,GLOSBE_REVIEWED_ZHO_8fd4b8b2cb27e42d,GLOSBE_ami_zho_TMEM_U000213
Amis_609,GLOSBE_REVIEWED_ZHO_7c7e315810811a72,GLOSBE_ami_zho_TMEM_U000427
Amis_610,GLOSBE_REVIEWED_ZHO_8bd7add544c26629,GLOSBE_ami_zho_TMEM_U000428
Amis_611,GLOSBE_REVIEWED_ZHO_da8ca80db090cce5,GLOSBE_ami_zho_TMEM_U000217
Amis_612,GLOSBE_REVIEWED_ZHO_767b57aaf3ed9853,GLOSBE_ami_zho_TMEM_U000218
Amis_613,GLOSBE_REVIEWED_ZHO_ffd27048c6d69eab,GLOSBE_ami_zho_TMEM_U000219
Amis_614,GLOSBE_REVIEWED_ZHO_0162d3ecc3ca988d,GLOSBE_ami_zho_TMEM_U000221
Amis_615,GLOSBE_REVIEWED_ZHO_553e4bc271ea68fb,GLOSBE_ami_zho_TMEM_U000429
Amis_616,GLOSBE_REVIEWED_ZHO_bb5c2ae194c8ff62,GLOSBE_ami_zho_TMEM_U000224
Amis_617,GLOSBE_REVIEWED_ZHO_061c502b3b6e5321,GLOSBE_ami_zho_TMEM_U000430
Amis_618,GLOSBE_REVIEWED_ZHO_b1f77ca6e565f001,GLOSBE_ami_zho_TMEM_U000431
Amis_619,GLOSBE_REVIEWED_ZHO_b605a2e2e73c8578,GLOSBE_ami_zho_TMEM_U000432
Amis_620,GLOSBE_REVIEWED_ZHO_e281dc6a4f29588a,GLOSBE_ami_zho_TMEM_U000315
Amis_621,GLOSBE_REVIEWED_ZHO_ae43ed78bf241975,GLOSBE_ami_zho_TMEM_U000433
Amis_622,GLOSBE_REVIEWED_ZHO_04b1ce4720ffdb0f,GLOSBE_ami_zho_TMEM_U000316
Amis_623,GLOSBE_REVIEWED_ZHO_deb6954932431556,GLOSBE_ami_zho_TMEM_U000434
Amis_624,GLOSBE_REVIEWED_ZHO_042760309ae1859a,GLOSBE_ami_zho_TMEM_U000318
Amis_625,GLOSBE_REVIEWED_ZHO_46c1309763d68c41,GLOSBE_ami_zho_TMEM_U000319
Amis_626,GLOSBE_REVIEWED_ZHO_a04980eaad016156,GLOSBE_ami_zho_TMEM_U000435
Amis_627,GLOSBE_REVIEWED_ZHO_b92fc487de80de59,GLOSBE_ami_zho_TMEM_U000322
Amis_628,GLOSBE_REVIEWED_ZHO_dfab11268dc2b7a8,GLOSBE_ami_zho_TMEM_U000436
Amis_629,GLOSBE_REVIEWED_ZHO_bdb2401c7e44671c,GLOSBE_ami_zho_TMEM_U000437
Amis_630,GLOSBE_REVIEWED_ZHO_89dfca7cbb1595ed,GLOSBE_ami_zho_TMEM_U000438
Amis_631,GLOSBE_REVIEWED_ZHO_3d9b97a025c85267,GLOSBE_ami_zho_TMEM_U000439
Amis_632,GLOSBE_REVIEWED_ZHO_ab3025879e8ed732,GLOSBE_ami_zho_TMEM_U000323
Amis_633,GLOSBE_REVIEWED_ZHO_45071bf4b9421c2f,GLOSBE_ami_zho_TMEM_U000440
Amis_634,GLOSBE_REVIEWED_ZHO_9c93457293f69690,GLOSBE_ami_zho_TMEM_U000441
Amis_635,GLOSBE_REVIEWED_ZHO_1e625182e4bde268,GLOSBE_ami_zho_TMEM_U000442
Amis_636,GLOSBE_REVIEWED_ZHO_773e86d4c8a63fef,GLOSBE_ami_zho_TMEM_U000443
Amis_637,GLOSBE_REVIEWED_ZHO_84bfe1646a969503,GLOSBE_ami_zho_TMEM_U000444
Amis_638,GLOSBE_REVIEWED_ZHO_4c03899d8e6c8c63,GLOSBE_ami_zho_TMEM_U000331
Amis_639,GLOSBE_REVIEWED_ZHO_e5613eebdc2b6f5d,GLOSBE_ami_zho_TMEM_U000445
Amis_640,GLOSBE_REVIEWED_ZHO_1b21bf746e77bc5e,GLOSBE_ami_zho_TMEM_U000446
Amis_641,GLOSBE_REVIEWED_ZHO_22f02614fdb40857,GLOSBE_ami_zho_TMEM_U000447
Amis_642,GLOSBE_REVIEWED_ZHO_fd1303c916e14d43,GLOSBE_ami_zho_TMEM_U000448
Amis_643,GLOSBE_REVIEWED_ZHO_107aa561239163dc,GLOSBE_ami_zho_TMEM_U000449
Amis_644,GLOSBE_REVIEWED_ZHO_1630a4fca2232633,GLOSBE_ami_zho_TMEM_U000450
Amis_645,GLOSBE_REVIEWED_ZHO_34a64bb00787a854,GLOSBE_ami_zho_TMEM_U000451
Amis_646,GLOSBE_REVIEWED_ZHO_298421f76b21c4e2,GLOSBE_ami_zho_TMEM_U000452
Amis_647,GLOSBE_REVIEWED_ZHO_b083efd209d1407c,GLOSBE_ami_zho_TMEM_U000340
Amis_648,GLOSBE_REVIEWED_ZHO_c37470e2c7a695d1,GLOSBE_ami_zho_TMEM_U000453
Amis_649,GLOSBE_REVIEWED_ZHO_40f6417ab41304f3,GLOSBE_ami_zho_TMEM_U000454
Amis_650,GLOSBE_REVIEWED_ZHO_1a70d1ae376e702d,GLOSBE_ami_zho_TMEM_U000455
Amis_651,GLOSBE_REVIEWED_ZHO_574a2dd7c05e684d,GLOSBE_ami_zho_TMEM_U000456
Amis_652,GLOSBE_REVIEWED_ZHO_ab9e86fc244e18b9,GLOSBE_ami_zho_TMEM_U000457
Amis_653,GLOSBE_REVIEWED_ZHO_dbdd79757e5cf121,GLOSBE_ami_zho_TMEM_U000458
Amis_654,GLOSBE_REVIEWED_ZHO_bedf968289b49b34,GLOSBE_ami_zho_TMEM_U000459
Amis_655,GLOSBE_REVIEWED_ZHO_14bf91273497fb17,GLOSBE_ami_zho_TMEM_U000460
Amis_656,GLOSBE_REVIEWED_ZHO_2ac454109ca6fc85,GLOSBE_ami_zho_TMEM_U000461
Amis_657,GLOSBE_REVIEWED_ZHO_a4c2e53f0e1bf833,GLOSBE_ami_zho_TMEM_U000462
Amis_658,GLOSBE_REVIEWED_ZHO_7491797535d70986,GLOSBE_ami_zho_TMEM_U000351
Amis_659,GLOSBE_REVIEWED_ZHO_2b6c4cf95e3945f5,GLOSBE_ami_zho_TMEM_U000463
Amis_660,GLOSBE_REVIEWED_ZHO_e9a4cb8338db06dd,GLOSBE_ami_zho_TMEM_U000464
Amis_661,GLOSBE_REVIEWED_ZHO_73ed00ebc7d02e0c,GLOSBE_ami_zho_TMEM_U000465
Amis_662,GLOSBE_REVIEWED_ZHO_9810d027af3d43ea,GLOSBE_ami_zho_TMEM_U000356
Amis_663,GLOSBE_REVIEWED_ZHO_0a105644d1ff2437,GLOSBE_ami_zho_TMEM_U000466
Amis_664,GLOSBE_REVIEWED_ZHO_16ef9aad8d63f8c2,GLOSBE_ami_zho_TMEM_U000467
Amis_665,GLOSBE_REVIEWED_ZHO_e9670493683aee83,GLOSBE_ami_zho_TMEM_U000360
Amis_666,GLOSBE_REVIEWED_ZHO_3159a843fed736ab,GLOSBE_ami_zho_TMEM_U000361
Amis_667,GLOSBE_REVIEWED_ZHO_378d5e75eea536b5,GLOSBE_ami_zho_TMEM_U000362
Amis_668,GLOSBE_REVIEWED_ZHO_8f144e467c8fb8f9,GLOSBE_ami_zho_TMEM_U000468
Amis_669,GLOSBE_REVIEWED_ZHO_cac2dff4d8c6d70f,GLOSBE_ami_zho_TMEM_U000469
Amis_670,GLOSBE_REVIEWED_ZHO_b08f568367a5f876,GLOSBE_ami_zho_TMEM_U000470
Amis_671,GLOSBE_REVIEWED_ZHO_253b11989a4ae6c4,GLOSBE_ami_zho_TMEM_U000366
Amis_672,GLOSBE_REVIEWED_ZHO_1cd6554e1cc390cd,GLOSBE_ami_zho_TMEM_U000471
Amis_673,GLOSBE_REVIEWED_ZHO_8a79d589192a7636,GLOSBE_ami_zho_TMEM_U000472
Amis_674,GLOSBE_REVIEWED_ZHO_0a540e0a47fa8698,GLOSBE_ami_zho_TMEM_U000368
Amis_675,GLOSBE_REVIEWED_ZHO_0f6035f2bd4e6d97,GLOSBE_ami_zho_TMEM_U000030
Amis_676,GLOSBE_STATIC_3459aee58d9ab0d104a4,GLOSBE_ami_zho_TMEM_U000013
Amis_677,GLOSBE_STATIC_c676ce39b294149f2263,GLOSBE_ami_zho_TMEM_U000021
Amis_678,GLOSBE_REVIEWED_ZHO_1e042dbe2ea788c0,GLOSBE_ami_zho_TMEM_U000059
Amis_679,GLOSBE_REVIEWED_ZHO_eb79196e8f2c0a21,GLOSBE_ami_zho_TMEM_U000387
Amis_680,GLOSBE_REVIEWED_ZHO_bbc72daec52fbc02,GLOSBE_ami_zho_TMEM_U000473
Amis_681,GLOSBE_REVIEWED_ZHO_ad7df68598df90c9,GLOSBE_ami_zho_TMEM_U000474
Amis_682,GLOSBE_REVIEWED_ZHO_154948c20c4621d4,GLOSBE_ami_zho_TMEM_U000475
Amis_683,GLOSBE_REVIEWED_ZHO_7ba84fa83f2dc79a,GLOSBE_ami_zho_TMEM_U000476
Amis_684,GLOSBE_REVIEWED_ZHO_16fa1653a050e509,GLOSBE_ami_zho_TMEM_U000394
Amis_685,GLOSBE_REVIEWED_ZHO_3c599ab9d37bab65,GLOSBE_ami_zho_TMEM_U000111
Amis_686,GLOSBE_REVIEWED_ZHO_bce80260702e483d,GLOSBE_ami_zho_TMEM_U000477
Amis_687,GLOSBE_REVIEWED_ZHO_aac2b371c5f88948,GLOSBE_ami_zho_TMEM_U000132
Amis_688,GLOSBE_REVIEWED_ZHO_6ef96f7e247f5ec5,GLOSBE_ami_zho_TMEM_U000478
Amis_689,GLOSBE_REVIEWED_ZHO_77199fbef95ec571,GLOSBE_ami_zho_TMEM_U000150
Amis_690,GLOSBE_REVIEWED_ZHO_229125fa13110766,GLOSBE_ami_zho_TMEM_U000286
Amis_691,GLOSBE_REVIEWED_ZHO_5c5c2e638500f8cc,GLOSBE_ami_zho_TMEM_U000406
Amis_692,GLOSBE_REVIEWED_ZHO_54cee63809ce727d,GLOSBE_ami_zho_TMEM_U000291
Amis_693,GLOSBE_REVIEWED_ZHO_08e2a4c01841704c,GLOSBE_ami_zho_TMEM_U000169
Amis_694,GLOSBE_REVIEWED_ZHO_f9737ffce692e6bc,GLOSBE_ami_zho_TMEM_U000174
Amis_695,GLOSBE_REVIEWED_ZHO_0fc5912f33e09559,GLOSBE_ami_zho_TMEM_U000479
Amis_696,GLOSBE_REVIEWED_ZHO_ce2af7b43239d4a5,GLOSBE_ami_zho_TMEM_U000305
Amis_697,GLOSBE_REVIEWED_ZHO_842abf013620adef,GLOSBE_ami_zho_TMEM_U000480
Amis_698,GLOSBE_REVIEWED_ZHO_e281dc6a4f29588a,GLOSBE_ami_zho_TMEM_U000315
Amis_699,GLOSBE_REVIEWED_ZHO_2e3bc017fcf12b67,GLOSBE_ami_zho_TMEM_U000481
Amis_700,GLOSBE_REVIEWED_ZHO_0f6035f2bd4e6d97,GLOSBE_ami_zho_TMEM_U000030
Amis_701,GLOSBE_REVIEWED_ZHO_bd1851d0e911cf67,GLOSBE_ami_zho_TMEM_U000031
Amis_702,GLOSBE_REVIEWED_ZHO_d65da87e9fcd2888,GLOSBE_ami_zho_TMEM_U000482
Amis_703,GLOSBE_STATIC_4058c5a1b86fcccbb685,GLOSBE_ami_zho_TMEM_U000020
Amis_704,GLOSBE_REVIEWED_ZHO_03bc7c74cfd11145,GLOSBE_ami_zho_TMEM_U000035
Amis_705,GLOSBE_STATIC_c676ce39b294149f2263,GLOSBE_ami_zho_TMEM_U000021
Amis_706,GLOSBE_STATIC_c8c1e3c604f588af9b86,GLOSBE_ami_zho_TMEM_U000023
Amis_707,GLOSBE_STATIC_cfcca38b2b7636ed3ee2,GLOSBE_ami_zho_TMEM_U000025
Amis_708,GLOSBE_REVIEWED_ZHO_d0064568b38054e7,GLOSBE_ami_zho_TMEM_U000238
Amis_709,GLOSBE_REVIEWED_ZHO_b71af133c55263ef,GLOSBE_ami_zho_TMEM_U000239
Amis_710,GLOSBE_REVIEWED_ZHO_55b446671aa748ae,GLOSBE_ami_zho_TMEM_U000483
Amis_711,GLOSBE_REVIEWED_ZHO_cb12648352c5b7d4,GLOSBE_ami_zho_TMEM_U000242
Amis_712,GLOSBE_REVIEWED_ZHO_08f58c2c107859f9,GLOSBE_ami_zho_TMEM_U000484
Amis_713,GLOSBE_REVIEWED_ZHO_814f0ca208db28c1,GLOSBE_ami_zho_TMEM_U000247
Amis_714,GLOSBE_REVIEWED_ZHO_90cb489538fd834a,GLOSBE_ami_zho_TMEM_U000060
Amis_715,GLOSBE_REVIEWED_ZHO_647c908081b3877e,GLOSBE_ami_zho_TMEM_U000070
Amis_716,GLOSBE_REVIEWED_ZHO_17424eee92de7c22,GLOSBE_ami_zho_TMEM_U000072
Amis_717,GLOSBE_REVIEWED_ZHO_3ad892effbb2f2b6,GLOSBE_ami_zho_TMEM_U000485
Amis_718,GLOSBE_REVIEWED_ZHO_22d7ad8daa43f772,GLOSBE_ami_zho_TMEM_U000486
Amis_719,GLOSBE_REVIEWED_ZHO_c934d4953a0dee48,GLOSBE_ami_zho_TMEM_U000257
Amis_720,GLOSBE_REVIEWED_ZHO_69ea6284b753fe47,GLOSBE_ami_zho_TMEM_U000094
Amis_721,GLOSBE_REVIEWED_ZHO_45017dc702b476a0,GLOSBE_ami_zho_TMEM_U000265
Amis_722,GLOSBE_REVIEWED_ZHO_6ef96f7e247f5ec5,GLOSBE_ami_zho_TMEM_U000478
Amis_723,GLOSBE_REVIEWED_ZHO_32e8eb7c0e0f13aa,GLOSBE_ami_zho_TMEM_U000148
Amis_724,GLOSBE_REVIEWED_ZHO_dce087267561b3c4,GLOSBE_ami_zho_TMEM_U000157
Amis_725,GLOSBE_REVIEWED_ZHO_55b446671aa748ae,GLOSBE_ami_zho_TMEM_U000483
Amis_726,GLOSBE_REVIEWED_ZHO_6617351d9fc04bc7,GLOSBE_ami_zho_TMEM_U000114
Amis_727,GLOSBE_REVIEWED_ZHO_4dceb8b3496ed3b7,GLOSBE_ami_zho_TMEM_U000487
Amis_728,GLOSBE_REVIEWED_ZHO_5d86b19625304d66,GLOSBE_ami_zho_TMEM_U000488
Amis_729,GLOSBE_REVIEWED_ZHO_b6fd820d0cc533d2,GLOSBE_ami_zho_TMEM_U000489
Amis_730,GLOSBE_REVIEWED_ZHO_01c81211380f830d,GLOSBE_ami_zho_TMEM_U000490
Amis_731,GLOSBE_REVIEWED_ZHO_23b503d590fc93f7,GLOSBE_ami_zho_TMEM_U000491
Amis_732,GLOSBE_REVIEWED_ZHO_7ab60f13e5e054b6,GLOSBE_ami_zho_TMEM_U000208
Amis_733,GLOSBE_REVIEWED_ZHO_bb5c2ae194c8ff62,GLOSBE_ami_zho_TMEM_U000224
Amis_734,GLOSBE_REVIEWED_ZHO_28d5e39e4e81c8d9,GLOSBE_ami_zho_TMEM_U000492
Amis_735,GLOSBE_REVIEWED_ZHO_310ec1cf576939cd,GLOSBE_ami_zho_TMEM_U000493
Amis_736,GLOSBE_REVIEWED_ZHO_57b43041339ec133,GLOSBE_ami_zho_TMEM_U000494
Amis_737,GLOSBE_REVIEWED_ZHO_c37470e2c7a695d1,GLOSBE_ami_zho_TMEM_U000453
Amis_738,GLOSBE_REVIEWED_ZHO_dbdd79757e5cf121,GLOSBE_ami_zho_TMEM_U000458
Amis_739,GLOSBE_REVIEWED_ZHO_dfebec21166d8fa6,GLOSBE_ami_zho_TMEM_U000495
Amis_740,GLOSBE_REVIEWED_ZHO_14bf91273497fb17,GLOSBE_ami_zho_TMEM_U000460
Amis_741,GLOSBE_REVIEWED_ZHO_ae1166b2fb747314,GLOSBE_ami_zho_TMEM_U000496
Amis_742,GLOSBE_REVIEWED_ZHO_378d5e75eea536b5,GLOSBE_ami_zho_TMEM_U000362
Amis_743,GLOSBE_REVIEWED_ZHO_2e033a4efa50b22e,GLOSBE_ami_zho_TMEM_U000497
Amis_744,GLOSBE_REVIEWED_ZHO_1ffe69331a4ee0fb,GLOSBE_ami_zho_TMEM_U000498
Amis_745,GLOSBE_REVIEWED_ZHO_0a825c097f09f4d5,GLOSBE_ami_zho_TMEM_U000499
Amis_746,GLOSBE_REVIEWED_ZHO_52f847e9ab26b18e,GLOSBE_ami_zho_TMEM_U000500
Amis_747,GLOSBE_REVIEWED_ZHO_0ee31381df5a9b66,GLOSBE_ami_zho_TMEM_U000501
Amis_748,GLOSBE_REVIEWED_ZHO_a49d7d82cb576043,GLOSBE_ami_zho_TMEM_U000502
Amis_749,GLOSBE_REVIEWED_ZHO_845b99a7339fcbbe,GLOSBE_ami_zho_TMEM_U000503
Amis_750,GLOSBE_REVIEWED_ZHO_08e2a4c01841704c,GLOSBE_ami_zho_TMEM_U000169
Amis_751,GLOSBE_REVIEWED_ZHO_ffd27048c6d69eab,GLOSBE_ami_zho_TMEM_U000219
Amis_752,GLOSBE_REVIEWED_ZHO_9874b1d640bc0876,GLOSBE_ami_zho_TMEM_U000504
Amis_753,GLOSBE_REVIEWED_ZHO_9ddb69157b2eca1c,GLOSBE_ami_zho_TMEM_U000505
Amis_754,GLOSBE_REVIEWED_ZHO_e19eff47b31a7eac,GLOSBE_ami_zho_TMEM_U000506
Amis_755,GLOSBE_REVIEWED_ZHO_7ecd4fbe164bcab4,GLOSBE_ami_zho_TMEM_U000507
Amis_756,GLOSBE_REVIEWED_ZHO_975e783606906668,GLOSBE_ami_zho_TMEM_U000026
Amis_757,GLOSBE_STATIC_1b1803bb4bd384a8348d,GLOSBE_ami_zho_TMEM_U000002
Amis_758,GLOSBE_REVIEWED_ZHO_0538cd3944509f27,GLOSBE_ami_zho_TMEM_U000028
Amis_759,GLOSBE_STATIC_5fb93f4f5aa4fe965798,GLOSBE_ami_zho_TMEM_U000003
Amis_760,GLOSBE_REVIEWED_ZHO_cd61f8fc14f76d9a,GLOSBE_ami_zho_TMEM_U000042
Amis_761,GLOSBE_REVIEWED_ZHO_159693ba669870c4,GLOSBE_ami_zho_TMEM_U000043
Amis_762,GLOSBE_STATIC_09b2fae1e065d2319b48,GLOSBE_ami_zho_TMEM_U000009
Amis_763,GLOSBE_REVIEWED_ZHO_9710aa16955877bb,GLOSBE_ami_zho_TMEM_U000033
Amis_764,GLOSBE_REVIEWED_ZHO_179eeeb491527392,GLOSBE_ami_zho_TMEM_U000230
Amis_765,GLOSBE_STATIC_161f730563921ecb6fff,GLOSBE_ami_zho_TMEM_U000017
Amis_766,GLOSBE_REVIEWED_ZHO_ec43b952e9d6c318,GLOSBE_ami_zho_TMEM_U000034
Amis_767,GLOSBE_REVIEWED_ZHO_66e4d7da0b7032c4,GLOSBE_ami_zho_TMEM_U000047
Amis_768,GLOSBE_STATIC_4058c5a1b86fcccbb685,GLOSBE_ami_zho_TMEM_U000020
Amis_769,GLOSBE_STATIC_cfcca38b2b7636ed3ee2,GLOSBE_ami_zho_TMEM_U000025
Amis_770,GLOSBE_REVIEWED_ZHO_524eb6beb237f4f6,GLOSBE_ami_zho_TMEM_U000233
Amis_771,GLOSBE_REVIEWED_ZHO_3351ccde6275830f,GLOSBE_ami_zho_TMEM_U000234
Amis_772,GLOSBE_REVIEWED_ZHO_1c700130ef019bb9,GLOSBE_ami_zho_TMEM_U000369
Amis_773,GLOSBE_REVIEWED_ZHO_bd0d15119555e106,GLOSBE_ami_zho_TMEM_U000050
Amis_774,GLOSBE_REVIEWED_ZHO_498761440881a6f3,GLOSBE_ami_zho_TMEM_U000236
Amis_775,GLOSBE_REVIEWED_ZHO_b71af133c55263ef,GLOSBE_ami_zho_TMEM_U000239
Amis_776,GLOSBE_REVIEWED_ZHO_d376eb0593c63527,GLOSBE_ami_zho_TMEM_U000508
Amis_777,GLOSBE_REVIEWED_ZHO_4b58d9ab321e6c69,GLOSBE_ami_zho_TMEM_U000244
Amis_778,GLOSBE_REVIEWED_ZHO_90498e93f2f953f6,GLOSBE_ami_zho_TMEM_U000509
Amis_779,GLOSBE_REVIEWED_ZHO_9ff569cad07b2d08,GLOSBE_ami_zho_TMEM_U000376
Amis_780,GLOSBE_REVIEWED_ZHO_30beea28f95c8aa8,GLOSBE_ami_zho_TMEM_U000510
Amis_781,GLOSBE_REVIEWED_ZHO_34bbb0e0fb559bb3,GLOSBE_ami_zho_TMEM_U000511
Amis_782,GLOSBE_REVIEWED_ZHO_4c540c7e8c5d2852,GLOSBE_ami_zho_TMEM_U000248
Amis_783,GLOSBE_REVIEWED_ZHO_1e042dbe2ea788c0,GLOSBE_ami_zho_TMEM_U000059
Amis_784,GLOSBE_REVIEWED_ZHO_5623bde919727b10,GLOSBE_ami_zho_TMEM_U000512
Amis_785,GLOSBE_REVIEWED_ZHO_90cb489538fd834a,GLOSBE_ami_zho_TMEM_U000060
Amis_786,GLOSBE_REVIEWED_ZHO_35cb1778af6c3f2c,GLOSBE_ami_zho_TMEM_U000061
Amis_787,GLOSBE_REVIEWED_ZHO_6c06ba1a2ee4982e,GLOSBE_ami_zho_TMEM_U000249
Amis_788,GLOSBE_REVIEWED_ZHO_9d5b0800c5b91d2f,GLOSBE_ami_zho_TMEM_U000062
Amis_789,GLOSBE_REVIEWED_ZHO_4a37de8ffddebd50,GLOSBE_ami_zho_TMEM_U000063
Amis_790,GLOSBE_REVIEWED_ZHO_3ced043117581160,GLOSBE_ami_zho_TMEM_U000381
Amis_791,GLOSBE_REVIEWED_ZHO_a789cbff975cd4e7,GLOSBE_ami_zho_TMEM_U000513
Amis_792,GLOSBE_REVIEWED_ZHO_03b753787340d06f,GLOSBE_ami_zho_TMEM_U000068
Amis_793,GLOSBE_REVIEWED_ZHO_647c908081b3877e,GLOSBE_ami_zho_TMEM_U000070
Amis_794,GLOSBE_REVIEWED_ZHO_ea288e5d94643383,GLOSBE_ami_zho_TMEM_U000514
Amis_795,GLOSBE_REVIEWED_ZHO_0fa804c41c9f4853,GLOSBE_ami_zho_TMEM_U000254
Amis_796,GLOSBE_REVIEWED_ZHO_3ad892effbb2f2b6,GLOSBE_ami_zho_TMEM_U000485
Amis_797,GLOSBE_REVIEWED_ZHO_9bde7964ca6739b5,GLOSBE_ami_zho_TMEM_U000515
Amis_798,GLOSBE_REVIEWED_ZHO_667b3b0c7191cf88,GLOSBE_ami_zho_TMEM_U000516
Amis_799,GLOSBE_REVIEWED_ZHO_9a637a0df0360381,GLOSBE_ami_zho_TMEM_U000517
Amis_800,GLOSBE_REVIEWED_ZHO_acfd93b1e857a0ee,GLOSBE_ami_zho_TMEM_U000080
Amis_801,GLOSBE_REVIEWED_ZHO_fff84b410fdc3b05,GLOSBE_ami_zho_TMEM_U000518
Amis_802,GLOSBE_REVIEWED_ZHO_67edeae18bc649a9,GLOSBE_ami_zho_TMEM_U000256
Amis_803,GLOSBE_REVIEWED_ZHO_d96569448c72b3ec,GLOSBE_ami_zho_TMEM_U000390
Amis_804,GLOSBE_REVIEWED_ZHO_6e14173bf08ab02b,GLOSBE_ami_zho_TMEM_U000084
Amis_805,GLOSBE_REVIEWED_ZHO_bf3fdea55e989828,GLOSBE_ami_zho_TMEM_U000519
Amis_806,GLOSBE_REVIEWED_ZHO_387f6b1429ff08cd,GLOSBE_ami_zho_TMEM_U000085
Amis_807,GLOSBE_REVIEWED_ZHO_789627c1c147857e,GLOSBE_ami_zho_TMEM_U000520
Amis_808,GLOSBE_REVIEWED_ZHO_1ee8f3405596da83,GLOSBE_ami_zho_TMEM_U000261
Amis_809,GLOSBE_REVIEWED_ZHO_6bd26b14a0a0483d,GLOSBE_ami_zho_TMEM_U000521
Amis_810,GLOSBE_REVIEWED_ZHO_184cb0f845b397cb,GLOSBE_ami_zho_TMEM_U000091
Amis_811,GLOSBE_REVIEWED_ZHO_2e11baafeeafacd0,GLOSBE_ami_zho_TMEM_U000522
Amis_812,GLOSBE_REVIEWED_ZHO_f187374977933db3,GLOSBE_ami_zho_TMEM_U000523
Amis_813,GLOSBE_REVIEWED_ZHO_e81ed859011b1411,GLOSBE_ami_zho_TMEM_U000524
Amis_814,GLOSBE_REVIEWED_ZHO_7aabe8fb1015cedf,GLOSBE_ami_zho_TMEM_U000525
Amis_815,GLOSBE_REVIEWED_ZHO_6700effd5780ac08,GLOSBE_ami_zho_TMEM_U000102
Amis_816,GLOSBE_REVIEWED_ZHO_9ed6ddf1d21ecf40,GLOSBE_ami_zho_TMEM_U000526
Amis_817,GLOSBE_REVIEWED_ZHO_a7c6bb01a0a72af8,GLOSBE_ami_zho_TMEM_U000391
Amis_818,GLOSBE_REVIEWED_ZHO_154985dcc05a0a50,GLOSBE_ami_zho_TMEM_U000527
Amis_819,GLOSBE_REVIEWED_ZHO_6a1e4d509f106949,GLOSBE_ami_zho_TMEM_U000269
Amis_820,GLOSBE_REVIEWED_ZHO_2f196b9dc7f3257a,GLOSBE_ami_zho_TMEM_U000110
Amis_821,GLOSBE_REVIEWED_ZHO_031070051b14721d,GLOSBE_ami_zho_TMEM_U000528
Amis_822,GLOSBE_REVIEWED_ZHO_28fd17fab53959a8,GLOSBE_ami_zho_TMEM_U000529
Amis_823,GLOSBE_REVIEWED_ZHO_fe9441077ff04d8d,GLOSBE_ami_zho_TMEM_U000530
Amis_824,GLOSBE_REVIEWED_ZHO_6e51f8a3bd68c3a4,GLOSBE_ami_zho_TMEM_U000531
Amis_825,GLOSBE_REVIEWED_ZHO_35c04d554c59d5e3,GLOSBE_ami_zho_TMEM_U000532
Amis_826,GLOSBE_REVIEWED_ZHO_a66eb50f26eeb49f,GLOSBE_ami_zho_TMEM_U000533
Amis_827,GLOSBE_REVIEWED_ZHO_011c7d1738a64398,GLOSBE_ami_zho_TMEM_U000398
Amis_828,GLOSBE_REVIEWED_ZHO_9ccf7b4e252e18af,GLOSBE_ami_zho_TMEM_U000126
Amis_829,GLOSBE_REVIEWED_ZHO_aef8da93f0388de1,GLOSBE_ami_zho_TMEM_U000129
Amis_830,GLOSBE_REVIEWED_ZHO_5274cc3615753956,GLOSBE_ami_zho_TMEM_U000534
Amis_831,GLOSBE_REVIEWED_ZHO_aac2b371c5f88948,GLOSBE_ami_zho_TMEM_U000132
Amis_832,GLOSBE_REVIEWED_ZHO_5525fcc4f9e9646a,GLOSBE_ami_zho_TMEM_U000134
Amis_833,GLOSBE_REVIEWED_ZHO_20cefd03f2733616,GLOSBE_ami_zho_TMEM_U000535
Amis_834,GLOSBE_REVIEWED_ZHO_a6bb09c849d6ebdd,GLOSBE_ami_zho_TMEM_U000400
Amis_835,GLOSBE_REVIEWED_ZHO_1fe70aa92d7a48f2,GLOSBE_ami_zho_TMEM_U000536
Amis_836,GLOSBE_REVIEWED_ZHO_0b6e4d9d3356cccf,GLOSBE_ami_zho_TMEM_U000280
Amis_837,GLOSBE_REVIEWED_ZHO_0c07dbaea7a7173d,GLOSBE_ami_zho_TMEM_U000282
Amis_838,GLOSBE_REVIEWED_ZHO_fedaed8fcc8f3f92,GLOSBE_ami_zho_TMEM_U000537
Amis_839,GLOSBE_REVIEWED_ZHO_58d9f9b6b058f671,GLOSBE_ami_zho_TMEM_U000538
Amis_840,GLOSBE_REVIEWED_ZHO_2f485da6dda2bcab,GLOSBE_ami_zho_TMEM_U000539
Amis_841,GLOSBE_REVIEWED_ZHO_fef010bc7f89cd31,GLOSBE_ami_zho_TMEM_U000142
Amis_842,GLOSBE_REVIEWED_ZHO_d0e839f9bc59ee73,GLOSBE_ami_zho_TMEM_U000147
Amis_843,GLOSBE_REVIEWED_ZHO_73e6d11d2ac8400b,GLOSBE_ami_zho_TMEM_U000540
Amis_844,GLOSBE_REVIEWED_ZHO_81051b67f20a95f5,GLOSBE_ami_zho_TMEM_U000541
Amis_845,GLOSBE_REVIEWED_ZHO_93ffa839b09b8d93,GLOSBE_ami_zho_TMEM_U000542
Amis_846,GLOSBE_REVIEWED_ZHO_befcc41b77f24461,GLOSBE_ami_zho_TMEM_U000155
Amis_847,GLOSBE_REVIEWED_ZHO_aee37768c9af6961,GLOSBE_ami_zho_TMEM_U000156
Amis_848,GLOSBE_REVIEWED_ZHO_54289d1ec0a67bcd,GLOSBE_ami_zho_TMEM_U000289
Amis_849,GLOSBE_REVIEWED_ZHO_d3b11cf784f88d71,GLOSBE_ami_zho_TMEM_U000543
Amis_850,GLOSBE_REVIEWED_ZHO_cbf7b8dec719a5a2,GLOSBE_ami_zho_TMEM_U000544
Amis_851,GLOSBE_REVIEWED_ZHO_4aca72efd62af854,GLOSBE_ami_zho_TMEM_U000545
Amis_852,GLOSBE_REVIEWED_ZHO_e624a1cdf2ac8306,GLOSBE_ami_zho_TMEM_U000408
Amis_853,GLOSBE_REVIEWED_ZHO_4bcc444a50da9376,GLOSBE_ami_zho_TMEM_U000161
Amis_854,GLOSBE_REVIEWED_ZHO_ab7ac0478a318140,GLOSBE_ami_zho_TMEM_U000163
Amis_855,GLOSBE_REVIEWED_ZHO_593a6fea21ceb584,GLOSBE_ami_zho_TMEM_U000164
Amis_856,GLOSBE_REVIEWED_ZHO_d2020df8b4fad333,GLOSBE_ami_zho_TMEM_U000166
Amis_857,GLOSBE_REVIEWED_ZHO_e056f717e8d23fdd,GLOSBE_ami_zho_TMEM_U000546
Amis_858,GLOSBE_REVIEWED_ZHO_718f620f116bc5e8,GLOSBE_ami_zho_TMEM_U000168
Amis_859,GLOSBE_REVIEWED_ZHO_06a02b2954160005,GLOSBE_ami_zho_TMEM_U000293
Amis_860,GLOSBE_REVIEWED_ZHO_08e2a4c01841704c,GLOSBE_ami_zho_TMEM_U000169
Amis_861,GLOSBE_REVIEWED_ZHO_7b544e6edc8b7a54,GLOSBE_ami_zho_TMEM_U000547
Amis_862,GLOSBE_REVIEWED_ZHO_9570127ee48ec97f,GLOSBE_ami_zho_TMEM_U000295
Amis_863,GLOSBE_REVIEWED_ZHO_bb5c9f0d8a4da7c5,GLOSBE_ami_zho_TMEM_U000548
Amis_864,GLOSBE_REVIEWED_ZHO_ab50acff024a971c,GLOSBE_ami_zho_TMEM_U000297
Amis_865,GLOSBE_REVIEWED_ZHO_f9737ffce692e6bc,GLOSBE_ami_zho_TMEM_U000174
Amis_866,GLOSBE_REVIEWED_ZHO_ffc915b40e14dd04,GLOSBE_ami_zho_TMEM_U000177
Amis_867,GLOSBE_REVIEWED_ZHO_a567b70f6ea24b3b,GLOSBE_ami_zho_TMEM_U000298
Amis_868,GLOSBE_REVIEWED_ZHO_1f13a63d55bfb9b6,GLOSBE_ami_zho_TMEM_U000549
Amis_869,GLOSBE_REVIEWED_ZHO_aff6f52a1aa719f2,GLOSBE_ami_zho_TMEM_U000299
Amis_870,GLOSBE_REVIEWED_ZHO_ca1f175cf8c4d262,GLOSBE_ami_zho_TMEM_U000179
Amis_871,GLOSBE_REVIEWED_ZHO_19597b545d51a513,GLOSBE_ami_zho_TMEM_U000550
Amis_872,GLOSBE_REVIEWED_ZHO_d3e75a07c8649ec5,GLOSBE_ami_zho_TMEM_U000551
Amis_873,GLOSBE_REVIEWED_ZHO_4b32659b2912f233,GLOSBE_ami_zho_TMEM_U000187
Amis_874,GLOSBE_REVIEWED_ZHO_8974e08890707861,GLOSBE_ami_zho_TMEM_U000552
Amis_875,GLOSBE_REVIEWED_ZHO_3a88ca9edff4cd6c,GLOSBE_ami_zho_TMEM_U000302
Amis_876,GLOSBE_REVIEWED_ZHO_ea9fe57319ec0ee0,GLOSBE_ami_zho_TMEM_U000553
Amis_877,GLOSBE_REVIEWED_ZHO_b8b534fa0bde4a88,GLOSBE_ami_zho_TMEM_U000303
Amis_878,GLOSBE_REVIEWED_ZHO_c7307dabdd8e4722,GLOSBE_ami_zho_TMEM_U000189
Amis_879,GLOSBE_REVIEWED_ZHO_b2e653884c7489f8,GLOSBE_ami_zho_TMEM_U000418
Amis_880,GLOSBE_REVIEWED_ZHO_6f8e976714d2ecdf,GLOSBE_ami_zho_TMEM_U000554
Amis_881,GLOSBE_REVIEWED_ZHO_9838a0ebde3ba450,GLOSBE_ami_zho_TMEM_U000304
Amis_882,GLOSBE_REVIEWED_ZHO_603d75643042585f,GLOSBE_ami_zho_TMEM_U000194
Amis_883,GLOSBE_REVIEWED_ZHO_7068f04c01a5af00,GLOSBE_ami_zho_TMEM_U000555
Amis_884,GLOSBE_REVIEWED_ZHO_86067a1e8d78b8e4,GLOSBE_ami_zho_TMEM_U000419
Amis_885,GLOSBE_REVIEWED_ZHO_859943a394be09ac,GLOSBE_ami_zho_TMEM_U000201
Amis_886,GLOSBE_REVIEWED_ZHO_842abf013620adef,GLOSBE_ami_zho_TMEM_U000480
Amis_887,GLOSBE_REVIEWED_ZHO_fcf8482df1d81d34,GLOSBE_ami_zho_TMEM_U000556
Amis_888,GLOSBE_REVIEWED_ZHO_690cae964a9bf60a,GLOSBE_ami_zho_TMEM_U000203
Amis_889,GLOSBE_REVIEWED_ZHO_b565fc91b5ff9d65,GLOSBE_ami_zho_TMEM_U000308
Amis_890,GLOSBE_REVIEWED_ZHO_1f6e80ea4193c687,GLOSBE_ami_zho_TMEM_U000557
Amis_891,GLOSBE_REVIEWED_ZHO_2bb612520c169f15,GLOSBE_ami_zho_TMEM_U000309
Amis_892,GLOSBE_REVIEWED_ZHO_9310fd371eaea391,GLOSBE_ami_zho_TMEM_U000210
Amis_893,GLOSBE_REVIEWED_ZHO_91797d399b150f32,GLOSBE_ami_zho_TMEM_U000311
Amis_894,GLOSBE_REVIEWED_ZHO_14d66a6925affb20,GLOSBE_ami_zho_TMEM_U000558
Amis_895,GLOSBE_REVIEWED_ZHO_ffd27048c6d69eab,GLOSBE_ami_zho_TMEM_U000219
Amis_896,GLOSBE_REVIEWED_ZHO_553e4bc271ea68fb,GLOSBE_ami_zho_TMEM_U000429
Amis_897,GLOSBE_REVIEWED_ZHO_19b8d4f1f5a7b02b,GLOSBE_ami_zho_TMEM_U000559
Amis_898,GLOSBE_REVIEWED_ZHO_e4de83d351f85059,GLOSBE_ami_zho_TMEM_U000560
Amis_899,GLOSBE_REVIEWED_ZHO_a1c806c5d0dd34c4,GLOSBE_ami_zho_TMEM_U000561
Amis_900,GLOSBE_REVIEWED_ZHO_ad323be0a3afa4b6,GLOSBE_ami_zho_TMEM_U000562
Amis_901,GLOSBE_REVIEWED_ZHO_729fb3fcd25dc90d,GLOSBE_ami_zho_TMEM_U000563
Amis_902,GLOSBE_REVIEWED_ZHO_2132ba7741bc5d6b,GLOSBE_ami_zho_TMEM_U000227
Amis_903,GLOSBE_REVIEWED_ZHO_0caae95da8283d62,GLOSBE_ami_zho_TMEM_U000564
Amis_904,GLOSBE_REVIEWED_ZHO_e3919351e6bfcaa2,GLOSBE_ami_zho_TMEM_U000314
Amis_905,GLOSBE_REVIEWED_ZHO_1d2d34f744e59dda,GLOSBE_ami_zho_TMEM_U000565
Amis_906,GLOSBE_REVIEWED_ZHO_29114a5dff49d8c5,GLOSBE_ami_zho_TMEM_U000566
Amis_907,GLOSBE_REVIEWED_ZHO_6c765ff37090919f,GLOSBE_ami_zho_TMEM_U000567
Amis_908,GLOSBE_REVIEWED_ZHO_51deafe4d03732ec,GLOSBE_ami_zho_TMEM_U000568
Amis_909,GLOSBE_REVIEWED_ZHO_03ce202cfb2ddb94,GLOSBE_ami_zho_TMEM_U000569
Amis_910,GLOSBE_REVIEWED_ZHO_904240008702f03c,GLOSBE_ami_zho_TMEM_U000570
Amis_911,GLOSBE_REVIEWED_ZHO_ddad46c809fce6b9,GLOSBE_ami_zho_TMEM_U000571
Amis_912,GLOSBE_REVIEWED_ZHO_09a24d34d1aae5da,GLOSBE_ami_zho_TMEM_U000324
Amis_913,GLOSBE_REVIEWED_ZHO_9c93457293f69690,GLOSBE_ami_zho_TMEM_U000441
Amis_914,GLOSBE_REVIEWED_ZHO_5e895fe5c28c0017,GLOSBE_ami_zho_TMEM_U000572
Amis_915,GLOSBE_REVIEWED_ZHO_db88d855e80ce27d,GLOSBE_ami_zho_TMEM_U000573
Amis_916,GLOSBE_REVIEWED_ZHO_58a8bae3eec02d45,GLOSBE_ami_zho_TMEM_U000327
Amis_917,GLOSBE_REVIEWED_ZHO_5d8601eb2d1d8b5b,GLOSBE_ami_zho_TMEM_U000574
Amis_918,GLOSBE_REVIEWED_ZHO_23c64e10632fc841,GLOSBE_ami_zho_TMEM_U000575
Amis_919,GLOSBE_REVIEWED_ZHO_aeec9b1df2b95d99,GLOSBE_ami_zho_TMEM_U000333
Amis_920,GLOSBE_REVIEWED_ZHO_e5613eebdc2b6f5d,GLOSBE_ami_zho_TMEM_U000445
Amis_921,GLOSBE_REVIEWED_ZHO_107aa561239163dc,GLOSBE_ami_zho_TMEM_U000449
Amis_922,GLOSBE_REVIEWED_ZHO_5bcfd91919d45616,GLOSBE_ami_zho_TMEM_U000576
Amis_923,GLOSBE_REVIEWED_ZHO_f9f382a203792490,GLOSBE_ami_zho_TMEM_U000577
Amis_924,GLOSBE_REVIEWED_ZHO_cc1fa59881c8dbc5,GLOSBE_ami_zho_TMEM_U000337
Amis_925,GLOSBE_REVIEWED_ZHO_6b3c9a1f86d619f4,GLOSBE_ami_zho_TMEM_U000578
Amis_926,GLOSBE_REVIEWED_ZHO_797cae69390f1922,GLOSBE_ami_zho_TMEM_U000579
Amis_927,GLOSBE_REVIEWED_ZHO_8990b48bb097e8f1,GLOSBE_ami_zho_TMEM_U000580
Amis_928,GLOSBE_REVIEWED_ZHO_b083efd209d1407c,GLOSBE_ami_zho_TMEM_U000340
Amis_929,GLOSBE_REVIEWED_ZHO_7ccf46daf74b143b,GLOSBE_ami_zho_TMEM_U000581
Amis_930,GLOSBE_REVIEWED_ZHO_1ee56b1a1fb09a0d,GLOSBE_ami_zho_TMEM_U000341
Amis_931,GLOSBE_REVIEWED_ZHO_cca26c3b7b43a699,GLOSBE_ami_zho_TMEM_U000343
Amis_932,GLOSBE_REVIEWED_ZHO_dbdd79757e5cf121,GLOSBE_ami_zho_TMEM_U000458
Amis_933,GLOSBE_REVIEWED_ZHO_3c922c30ed4d8dde,GLOSBE_ami_zho_TMEM_U000582
Amis_934,GLOSBE_REVIEWED_ZHO_b056ea802dcaa1d8,GLOSBE_ami_zho_TMEM_U000583
Amis_935,GLOSBE_REVIEWED_ZHO_84dfcd595aab9b0c,GLOSBE_ami_zho_TMEM_U000584
Amis_936,GLOSBE_REVIEWED_ZHO_1b18fd42d4d6e268,GLOSBE_ami_zho_TMEM_U000585
Amis_937,GLOSBE_REVIEWED_ZHO_d8b8f1f8bd0002ff,GLOSBE_ami_zho_TMEM_U000586
Amis_938,GLOSBE_REVIEWED_ZHO_3590ad7687ec9033,GLOSBE_ami_zho_TMEM_U000346
Amis_939,GLOSBE_REVIEWED_ZHO_8b38aeb9f2b69e60,GLOSBE_ami_zho_TMEM_U000587
Amis_940,GLOSBE_REVIEWED_ZHO_4e382df349065bb3,GLOSBE_ami_zho_TMEM_U000350
Amis_941,GLOSBE_REVIEWED_ZHO_662d95e43776fe06,GLOSBE_ami_zho_TMEM_U000588
Amis_942,GLOSBE_REVIEWED_ZHO_f006f186c601125b,GLOSBE_ami_zho_TMEM_U000589
Amis_943,GLOSBE_REVIEWED_ZHO_3a72b3994363dae5,GLOSBE_ami_zho_TMEM_U000358
Amis_944,GLOSBE_REVIEWED_ZHO_3159a843fed736ab,GLOSBE_ami_zho_TMEM_U000361
Amis_945,GLOSBE_REVIEWED_ZHO_378d5e75eea536b5,GLOSBE_ami_zho_TMEM_U000362
Amis_946,GLOSBE_REVIEWED_ZHO_adce8f20fdc71348,GLOSBE_ami_zho_TMEM_U000468
Amis_947,GLOSBE_REVIEWED_ZHO_cac2dff4d8c6d70f,GLOSBE_ami_zho_TMEM_U000469
Amis_948,GLOSBE_REVIEWED_ZHO_1f7965d2241ca5eb,GLOSBE_ami_zho_TMEM_U000364
Amis_949,GLOSBE_REVIEWED_ZHO_5f4e3b2209b9d003,GLOSBE_ami_zho_TMEM_U000365
Amis_950,GLOSBE_REVIEWED_ZHO_d198a6e906a534ff,GLOSBE_ami_zho_TMEM_U000590
Amis_951,GLOSBE_REVIEWED_ZHO_34f2251e4c4ff0fb,GLOSBE_ami_zho_TMEM_U000591
Amis_952,GLOSBE_REVIEWED_ZHO_8d2695715b5f5111,GLOSBE_ami_zho_TMEM_U000592
Amis_953,GLOSBE_REVIEWED_ZHO_35eb7026c628210f,GLOSBE_ami_zho_TMEM_U000593
Amis_954,GLOSBE_REVIEWED_ZHO_c0f4c9b26952f89a,GLOSBE_ami_zho_TMEM_U000594
Amis_955,GLOSBE_STATIC_5fb93f4f5aa4fe965798,GLOSBE_ami_zho_TMEM_U000003
Amis_956,GLOSBE_REVIEWED_ZHO_0a51c2ee2bd62f50,GLOSBE_ami_zho_TMEM_U000229
Amis_957,GLOSBE_STATIC_04e0a41f9522c2a31e2a,GLOSBE_ami_zho_TMEM_U000004
Amis_958,GLOSBE_REVIEWED_ZHO_b6194234827d9b01,GLOSBE_ami_zho_TMEM_U000044
Amis_959,GLOSBE_REVIEWED_ZHO_9710aa16955877bb,GLOSBE_ami_zho_TMEM_U000033
Amis_960,GLOSBE_REVIEWED_ZHO_b14d133fb87eec42,GLOSBE_ami_zho_TMEM_U000231
Amis_961,GLOSBE_STATIC_bdf7c3f5d353d50ad538,GLOSBE_ami_zho_TMEM_U000014
Amis_962,GLOSBE_REVIEWED_ZHO_e5954edf92f5897e,GLOSBE_ami_zho_TMEM_U000038
Amis_963,GLOSBE_STATIC_cfcca38b2b7636ed3ee2,GLOSBE_ami_zho_TMEM_U000025
Amis_964,GLOSBE_REVIEWED_ZHO_60ece95668ee7f59,GLOSBE_ami_zho_TMEM_U000040
Amis_965,GLOSBE_REVIEWED_ZHO_95edf914aa8f1c74,GLOSBE_ami_zho_TMEM_U000371
Amis_966,GLOSBE_REVIEWED_ZHO_89e2940197f6e515,GLOSBE_ami_zho_TMEM_U000245
Amis_967,GLOSBE_REVIEWED_ZHO_90498e93f2f953f6,GLOSBE_ami_zho_TMEM_U000509
Amis_968,GLOSBE_REVIEWED_ZHO_940adbaf9c590715,GLOSBE_ami_zho_TMEM_U000246
Amis_969,GLOSBE_REVIEWED_ZHO_0cf78b0f9bdd6fd4,GLOSBE_ami_zho_TMEM_U000375
Amis_970,GLOSBE_REVIEWED_ZHO_404753895c1747d7,GLOSBE_ami_zho_TMEM_U000052
Amis_971,GLOSBE_REVIEWED_ZHO_50729c5e2d148637,GLOSBE_ami_zho_TMEM_U000054
Amis_972,GLOSBE_REVIEWED_ZHO_34bbb0e0fb559bb3,GLOSBE_ami_zho_TMEM_U000511
Amis_973,GLOSBE_REVIEWED_ZHO_3cd43217197ed826,GLOSBE_ami_zho_TMEM_U000056
Amis_974,GLOSBE_REVIEWED_ZHO_527d6c4f4752cfd3,GLOSBE_ami_zho_TMEM_U000595
Amis_975,GLOSBE_REVIEWED_ZHO_45eafbccc6d9a2d1,GLOSBE_ami_zho_TMEM_U000596
Amis_976,GLOSBE_REVIEWED_ZHO_923bef51273547a7,GLOSBE_ami_zho_TMEM_U000065
Amis_977,GLOSBE_REVIEWED_ZHO_7743fa14ced8abbd,GLOSBE_ami_zho_TMEM_U000067
Amis_978,GLOSBE_REVIEWED_ZHO_473b666a57439f4d,GLOSBE_ami_zho_TMEM_U000071
Amis_979,GLOSBE_REVIEWED_ZHO_11527e8b2e7e7056,GLOSBE_ami_zho_TMEM_U000252
Amis_980,GLOSBE_REVIEWED_ZHO_30815e19fa5bddd7,GLOSBE_ami_zho_TMEM_U000074
Amis_981,GLOSBE_REVIEWED_ZHO_7aa4e7ee2f98ae2f,GLOSBE_ami_zho_TMEM_U000597
Amis_982,GLOSBE_REVIEWED_ZHO_a6020b2dcd9ab2a5,GLOSBE_ami_zho_TMEM_U000255
Amis_983,GLOSBE_REVIEWED_ZHO_eb79196e8f2c0a21,GLOSBE_ami_zho_TMEM_U000387
Amis_984,GLOSBE_REVIEWED_ZHO_e617b5624c563c43,GLOSBE_ami_zho_TMEM_U000598
Amis_985,GLOSBE_REVIEWED_ZHO_bbc72daec52fbc02,GLOSBE_ami_zho_TMEM_U000473
Amis_986,GLOSBE_REVIEWED_ZHO_3bb87fb58df798e6,GLOSBE_ami_zho_TMEM_U000599
Amis_987,GLOSBE_REVIEWED_ZHO_7b1bd52932242b3c,GLOSBE_ami_zho_TMEM_U000600
Amis_988,GLOSBE_REVIEWED_ZHO_86d09a0b7d165575,GLOSBE_ami_zho_TMEM_U000601
Amis_989,GLOSBE_REVIEWED_ZHO_ad7df68598df90c9,GLOSBE_ami_zho_TMEM_U000474
Amis_990,GLOSBE_REVIEWED_ZHO_81a0ab645bdd7ab7,GLOSBE_ami_zho_TMEM_U000258
Amis_991,GLOSBE_REVIEWED_ZHO_0facb876f63c86ab,GLOSBE_ami_zho_TMEM_U000259
Amis_992,GLOSBE_REVIEWED_ZHO_78814255e3bc16aa,GLOSBE_ami_zho_TMEM_U000260
Amis_993,GLOSBE_REVIEWED_ZHO_01673e264212d0ce,GLOSBE_ami_zho_TMEM_U000089
Amis_994,GLOSBE_REVIEWED_ZHO_4080c685af057c04,GLOSBE_ami_zho_TMEM_U000092
Amis_995,GLOSBE_REVIEWED_ZHO_3c24ea1fb75b04e3,GLOSBE_ami_zho_TMEM_U000264
Amis_996,GLOSBE_REVIEWED_ZHO_b32f67b787ee0d46,GLOSBE_ami_zho_TMEM_U000101
Amis_997,GLOSBE_REVIEWED_ZHO_4d6c618ba8800889,GLOSBE_ami_zho_TMEM_U000104
Amis_998,GLOSBE_REVIEWED_ZHO_a33c50e8800606b2,GLOSBE_ami_zho_TMEM_U000602
Amis_999,GLOSBE_REVIEWED_ZHO_3f216c349da510fa,GLOSBE_ami_zho_TMEM_U000392
Amis_1000,GLOSBE_REVIEWED_ZHO_16fa1653a050e509,GLOSBE_ami_zho_TMEM_U000394
Amis_1001,GLOSBE_REVIEWED_ZHO_2f196b9dc7f3257a,GLOSBE_ami_zho_TMEM_U000110
Amis_1002,GLOSBE_REVIEWED_ZHO_6617351d9fc04bc7,GLOSBE_ami_zho_TMEM_U000114
Amis_1003,GLOSBE_REVIEWED_ZHO_224c5be0c48f88c5,GLOSBE_ami_zho_TMEM_U000117
Amis_1004,GLOSBE_REVIEWED_ZHO_3132c5c252f145b8,GLOSBE_ami_zho_TMEM_U000603
Amis_1005,GLOSBE_REVIEWED_ZHO_2bc676f92b0014dd,GLOSBE_ami_zho_TMEM_U000273
Amis_1006,GLOSBE_REVIEWED_ZHO_e297f1d5f59f9770,GLOSBE_ami_zho_TMEM_U000604
Amis_1007,GLOSBE_REVIEWED_ZHO_90c911b731fe9014,GLOSBE_ami_zho_TMEM_U000399
Amis_1008,GLOSBE_REVIEWED_ZHO_9aef210f29b7f3ab,GLOSBE_ami_zho_TMEM_U000131
Amis_1009,GLOSBE_REVIEWED_ZHO_b3c7f92b32495852,GLOSBE_ami_zho_TMEM_U000605
Amis_1010,GLOSBE_REVIEWED_ZHO_46f1f51fd7b3bf0c,GLOSBE_ami_zho_TMEM_U000606
Amis_1011,GLOSBE_REVIEWED_ZHO_447ac291ea1c3616,GLOSBE_ami_zho_TMEM_U000136
Amis_1012,GLOSBE_REVIEWED_ZHO_6b143135771b106e,GLOSBE_ami_zho_TMEM_U000607
Amis_1013,GLOSBE_REVIEWED_ZHO_d2866f45e9a5bb37,GLOSBE_ami_zho_TMEM_U000608
Amis_1014,GLOSBE_REVIEWED_ZHO_0c07dbaea7a7173d,GLOSBE_ami_zho_TMEM_U000282
Amis_1015,GLOSBE_REVIEWED_ZHO_caf6e411d64e80e8,GLOSBE_ami_zho_TMEM_U000141
Amis_1016,GLOSBE_REVIEWED_ZHO_fedaed8fcc8f3f92,GLOSBE_ami_zho_TMEM_U000537
Amis_1017,GLOSBE_REVIEWED_ZHO_7c6b805dca00ca50,GLOSBE_ami_zho_TMEM_U000609
Amis_1018,GLOSBE_REVIEWED_ZHO_642bc2dff8c11d05,GLOSBE_ami_zho_TMEM_U000610
Amis_1019,GLOSBE_REVIEWED_ZHO_5c2f7ab48495264b,GLOSBE_ami_zho_TMEM_U000284
Amis_1020,GLOSBE_REVIEWED_ZHO_05aa2ce8f12aae77,GLOSBE_ami_zho_TMEM_U000405
Amis_1021,GLOSBE_REVIEWED_ZHO_cc1e85764b2aa602,GLOSBE_ami_zho_TMEM_U000154
Amis_1022,GLOSBE_REVIEWED_ZHO_23b503d590fc93f7,GLOSBE_ami_zho_TMEM_U000491
Amis_1023,GLOSBE_REVIEWED_ZHO_d3b11cf784f88d71,GLOSBE_ami_zho_TMEM_U000543
Amis_1024,GLOSBE_REVIEWED_ZHO_e624a1cdf2ac8306,GLOSBE_ami_zho_TMEM_U000408
Amis_1025,GLOSBE_REVIEWED_ZHO_a080f77e309cca4d,GLOSBE_ami_zho_TMEM_U000165
Amis_1026,GLOSBE_REVIEWED_ZHO_ef0bc55774a486ad,GLOSBE_ami_zho_TMEM_U000411
Amis_1027,GLOSBE_REVIEWED_ZHO_18c7f4c4eb11e8c8,GLOSBE_ami_zho_TMEM_U000611
Amis_1028,GLOSBE_REVIEWED_ZHO_2e64269b9d105fb6,GLOSBE_ami_zho_TMEM_U000612
Amis_1029,GLOSBE_REVIEWED_ZHO_9570127ee48ec97f,GLOSBE_ami_zho_TMEM_U000295
Amis_1030,GLOSBE_REVIEWED_ZHO_2035327ba1d491aa,GLOSBE_ami_zho_TMEM_U000296
Amis_1031,GLOSBE_REVIEWED_ZHO_ec69ef4f7595e6b3,GLOSBE_ami_zho_TMEM_U000178
Amis_1032,GLOSBE_REVIEWED_ZHO_a567b70f6ea24b3b,GLOSBE_ami_zho_TMEM_U000298
Amis_1033,GLOSBE_REVIEWED_ZHO_aff6f52a1aa719f2,GLOSBE_ami_zho_TMEM_U000299
Amis_1034,GLOSBE_REVIEWED_ZHO_48383d262c0416a2,GLOSBE_ami_zho_TMEM_U000300
Amis_1035,GLOSBE_REVIEWED_ZHO_dd93acb14a6aa399,GLOSBE_ami_zho_TMEM_U000613
Amis_1036,GLOSBE_REVIEWED_ZHO_4b32659b2912f233,GLOSBE_ami_zho_TMEM_U000187
Amis_1037,GLOSBE_REVIEWED_ZHO_3a88ca9edff4cd6c,GLOSBE_ami_zho_TMEM_U000302
Amis_1038,GLOSBE_REVIEWED_ZHO_859943a394be09ac,GLOSBE_ami_zho_TMEM_U000201
Amis_1039,GLOSBE_REVIEWED_ZHO_7f4f7525849821ef,GLOSBE_ami_zho_TMEM_U000202
Amis_1040,GLOSBE_REVIEWED_ZHO_6341a415fff109e6,GLOSBE_ami_zho_TMEM_U000421
Amis_1041,GLOSBE_REVIEWED_ZHO_3c8fe95db2d8b6ee,GLOSBE_ami_zho_TMEM_U000614
Amis_1042,GLOSBE_REVIEWED_ZHO_befa09fb429fde01,GLOSBE_ami_zho_TMEM_U000307
Amis_1043,GLOSBE_REVIEWED_ZHO_690cae964a9bf60a,GLOSBE_ami_zho_TMEM_U000203
Amis_1044,GLOSBE_REVIEWED_ZHO_c1ba6e274857f556,GLOSBE_ami_zho_TMEM_U000205
Amis_1045,GLOSBE_REVIEWED_ZHO_0f480aa393a98cce,GLOSBE_ami_zho_TMEM_U000615
Amis_1046,GLOSBE_REVIEWED_ZHO_be8018e6a24a7461,GLOSBE_ami_zho_TMEM_U000616
Amis_1047,GLOSBE_REVIEWED_ZHO_9310fd371eaea391,GLOSBE_ami_zho_TMEM_U000210
Amis_1048,GLOSBE_REVIEWED_ZHO_f2bcf911476f2183,GLOSBE_ami_zho_TMEM_U000617
Amis_1049,GLOSBE_REVIEWED_ZHO_2d06dd4efd48eb98,GLOSBE_ami_zho_TMEM_U000211
Amis_1050,GLOSBE_REVIEWED_ZHO_c757bcc01d6a6af4,GLOSBE_ami_zho_TMEM_U000618
Amis_1051,GLOSBE_REVIEWED_ZHO_fa65074803b7c3e7,GLOSBE_ami_zho_TMEM_U000619
Amis_1052,GLOSBE_REVIEWED_ZHO_5b3fa00eddeea8a3,GLOSBE_ami_zho_TMEM_U000310
Amis_1053,GLOSBE_REVIEWED_ZHO_c86e30398b341d63,GLOSBE_ami_zho_TMEM_U000620
Amis_1054,GLOSBE_REVIEWED_ZHO_553e4bc271ea68fb,GLOSBE_ami_zho_TMEM_U000429
Amis_1055,GLOSBE_REVIEWED_ZHO_e4de83d351f85059,GLOSBE_ami_zho_TMEM_U000560
Amis_1056,GLOSBE_REVIEWED_ZHO_061c502b3b6e5321,GLOSBE_ami_zho_TMEM_U000430
Amis_1057,GLOSBE_REVIEWED_ZHO_b605a2e2e73c8578,GLOSBE_ami_zho_TMEM_U000432
Amis_1058,GLOSBE_REVIEWED_ZHO_29391c7370b3e8fb,GLOSBE_ami_zho_TMEM_U000621
Amis_1059,GLOSBE_REVIEWED_ZHO_c6072c6ba7ae3474,GLOSBE_ami_zho_TMEM_U000622
Amis_1060,GLOSBE_REVIEWED_ZHO_1fbc79800d8d5f11,GLOSBE_ami_zho_TMEM_U000623
Amis_1061,GLOSBE_REVIEWED_ZHO_deb6954932431556,GLOSBE_ami_zho_TMEM_U000434
Amis_1062,GLOSBE_REVIEWED_ZHO_eebd8379afb7a720,GLOSBE_ami_zho_TMEM_U000317
Amis_1063,GLOSBE_REVIEWED_ZHO_6ae44bab812998c6,GLOSBE_ami_zho_TMEM_U000624
Amis_1064,GLOSBE_REVIEWED_ZHO_46c1309763d68c41,GLOSBE_ami_zho_TMEM_U000319
Amis_1065,GLOSBE_REVIEWED_ZHO_dfab11268dc2b7a8,GLOSBE_ami_zho_TMEM_U000436
Amis_1066,GLOSBE_REVIEWED_ZHO_bdb2401c7e44671c,GLOSBE_ami_zho_TMEM_U000437
Amis_1067,GLOSBE_REVIEWED_ZHO_89dfca7cbb1595ed,GLOSBE_ami_zho_TMEM_U000438
Amis_1068,GLOSBE_REVIEWED_ZHO_327efe10c027038f,GLOSBE_ami_zho_TMEM_U000625
Amis_1069,GLOSBE_REVIEWED_ZHO_02e61176ff81c882,GLOSBE_ami_zho_TMEM_U000626
Amis_1070,GLOSBE_REVIEWED_ZHO_e87d51662fd43e04,GLOSBE_ami_zho_TMEM_U000325
Amis_1071,GLOSBE_REVIEWED_ZHO_db88d855e80ce27d,GLOSBE_ami_zho_TMEM_U000573
Amis_1072,GLOSBE_REVIEWED_ZHO_0dc160ff50e37b67,GLOSBE_ami_zho_TMEM_U000328
Amis_1073,GLOSBE_REVIEWED_ZHO_6886e202cb2c23ae,GLOSBE_ami_zho_TMEM_U000329
Amis_1074,GLOSBE_REVIEWED_ZHO_36bbdb8418641fce,GLOSBE_ami_zho_TMEM_U000627
Amis_1075,GLOSBE_REVIEWED_ZHO_fe1d886c877030bc,GLOSBE_ami_zho_TMEM_U000334
Amis_1076,GLOSBE_REVIEWED_ZHO_93ad26b4fec590ad,GLOSBE_ami_zho_TMEM_U000628
Amis_1077,GLOSBE_REVIEWED_ZHO_93f1e4d89ccced13,GLOSBE_ami_zho_TMEM_U000629
Amis_1078,GLOSBE_REVIEWED_ZHO_1630a4fca2232633,GLOSBE_ami_zho_TMEM_U000450
Amis_1079,GLOSBE_REVIEWED_ZHO_8990b48bb097e8f1,GLOSBE_ami_zho_TMEM_U000580
Amis_1080,GLOSBE_REVIEWED_ZHO_298421f76b21c4e2,GLOSBE_ami_zho_TMEM_U000452
Amis_1081,GLOSBE_REVIEWED_ZHO_7ccf46daf74b143b,GLOSBE_ami_zho_TMEM_U000581
Amis_1082,GLOSBE_REVIEWED_ZHO_5324b0b9eb805c53,GLOSBE_ami_zho_TMEM_U000630
Amis_1083,GLOSBE_REVIEWED_ZHO_3c922c30ed4d8dde,GLOSBE_ami_zho_TMEM_U000582
Amis_1084,GLOSBE_REVIEWED_ZHO_bedf968289b49b34,GLOSBE_ami_zho_TMEM_U000459
Amis_1085,GLOSBE_REVIEWED_ZHO_84dfcd595aab9b0c,GLOSBE_ami_zho_TMEM_U000584
Amis_1086,GLOSBE_REVIEWED_ZHO_173e5f74c92d8c59,GLOSBE_ami_zho_TMEM_U000617
Amis_1087,GLOSBE_REVIEWED_ZHO_7491797535d70986,GLOSBE_ami_zho_TMEM_U000351
Amis_1088,GLOSBE_REVIEWED_ZHO_2d6659f53a9d84cb,GLOSBE_ami_zho_TMEM_U000631
Amis_1089,GLOSBE_REVIEWED_ZHO_e9a4cb8338db06dd,GLOSBE_ami_zho_TMEM_U000464
Amis_1090,GLOSBE_REVIEWED_ZHO_4b2159b429bbeb00,GLOSBE_ami_zho_TMEM_U000632
Amis_1091,GLOSBE_REVIEWED_ZHO_e9670493683aee83,GLOSBE_ami_zho_TMEM_U000360
Amis_1092,GLOSBE_REVIEWED_ZHO_0a540e0a47fa8698,GLOSBE_ami_zho_TMEM_U000368
Amis_1093,GLOSBE_REVIEWED_ZHO_fb034a94cb7e1731,GLOSBE_ami_zho_TMEM_U000633
Amis_1094,GLOSBE_REVIEWED_ZHO_2ee55b9d3d096719,GLOSBE_ami_zho_TMEM_U000634
Amis_1095,GLOSBE_REVIEWED_ZHO_7841cdde96403121,GLOSBE_ami_zho_TMEM_U000635
Amis_1096,GLOSBE_REVIEWED_ZHO_3c9d25f7a681975f,GLOSBE_ami_zho_TMEM_U000636
Amis_1097,GLOSBE_REVIEWED_ZHO_a996eedcda778b37,GLOSBE_ami_zho_TMEM_U000637
Amis_1098,GLOSBE_REVIEWED_ZHO_d7bf91f7f661c2b9,GLOSBE_ami_zho_TMEM_U000638
Amis_1099,GLOSBE_REVIEWED_ZHO_1c378274b8bd0850,GLOSBE_ami_zho_TMEM_U000639
Amis_1100,GLOSBE_REVIEWED_ZHO_652f731f05a61056,GLOSBE_ami_zho_TMEM_U000640
Amis_1101,GLOSBE_REVIEWED_ZHO_fe5b1cca80ea3533,GLOSBE_ami_zho_TMEM_U000641
Amis_1102,GLOSBE_REVIEWED_ZHO_48f2b3390fffc8cb,GLOSBE_ami_zho_TMEM_U000642
Amis_1103,GLOSBE_REVIEWED_ZHO_a7e4cec8921362a3,GLOSBE_ami_zho_TMEM_U000643
Amis_1104,GLOSBE_REVIEWED_ZHO_bd13ae1c5e5b6512,GLOSBE_ami_zho_TMEM_U000644
Amis_1105,GLOSBE_REVIEWED_ZHO_ace33a76173630de,GLOSBE_ami_zho_TMEM_U000645
Amis_1106,GLOSBE_REVIEWED_ZHO_bf5590e026c3153f,GLOSBE_ami_zho_TMEM_U000646
Amis_1107,GLOSBE_REVIEWED_ZHO_2d764fd3fcd3f566,GLOSBE_ami_zho_TMEM_U000647
Amis_1108,GLOSBE_REVIEWED_ZHO_4afa804231115319,GLOSBE_ami_zho_TMEM_U000648
Amis_1109,GLOSBE_REVIEWED_ZHO_0acdad528c952a46,GLOSBE_ami_zho_TMEM_U000649
Amis_1110,GLOSBE_REVIEWED_ZHO_0b861c990c951bc6,GLOSBE_ami_zho_TMEM_U000650
Amis_1111,GLOSBE_REVIEWED_ZHO_b620dd7c4fff9a94,GLOSBE_ami_zho_TMEM_U000651
Amis_1112,GLOSBE_REVIEWED_ZHO_1beca549c6c76696,GLOSBE_ami_zho_TMEM_U000652
Amis_1113,GLOSBE_REVIEWED_ZHO_669f6d3ca90d573e,GLOSBE_ami_zho_TMEM_U000653
Amis_1114,GLOSBE_REVIEWED_ZHO_304cfffc3f0aaf1c,GLOSBE_ami_zho_TMEM_U000654
Amis_1115,GLOSBE_REVIEWED_ZHO_66024968fef169b2,GLOSBE_ami_zho_TMEM_U000655
Amis_1116,GLOSBE_REVIEWED_ZHO_2d5f263f7045a151,GLOSBE_ami_zho_TMEM_U000656
Amis_1117,GLOSBE_REVIEWED_ZHO_2f8dc4227ae2bd9e,GLOSBE_ami_zho_TMEM_U000657
Amis_1118,GLOSBE_REVIEWED_ZHO_2c1beead277587c9,GLOSBE_ami_zho_TMEM_U000658
Amis_1119,GLOSBE_REVIEWED_ZHO_4541286fc2cf6db1,GLOSBE_ami_zho_TMEM_U000659
Amis_1120,GLOSBE_REVIEWED_ZHO_94a372f4a8a709f4,GLOSBE_ami_zho_TMEM_U000660
Amis_1121,GLOSBE_REVIEWED_ZHO_848842015c7421f6,GLOSBE_ami_zho_TMEM_U000661
Amis_1122,GLOSBE_REVIEWED_ZHO_837086420a15ccb5,GLOSBE_ami_zho_TMEM_U000662
Amis_1123,GLOSBE_REVIEWED_ZHO_23272ebd015ac3e8,GLOSBE_ami_zho_TMEM_U000663
Amis_1124,GLOSBE_REVIEWED_ZHO_e606dd2cad40b9cd,GLOSBE_ami_zho_TMEM_U000664
Amis_1125,GLOSBE_REVIEWED_ZHO_7023e392cb93c07b,GLOSBE_ami_zho_TMEM_U000665
Amis_1126,GLOSBE_REVIEWED_ZHO_a9ec89752edcb6c2,GLOSBE_ami_zho_TMEM_U000666
Amis_1127,GLOSBE_REVIEWED_ZHO_25093d82645380e1,GLOSBE_ami_zho_TMEM_U000667
Amis_1128,GLOSBE_REVIEWED_ZHO_2e06da56183b9274,GLOSBE_ami_zho_TMEM_U000668
Amis_1129,GLOSBE_REVIEWED_ZHO_53d9698384e0dd90,GLOSBE_ami_zho_TMEM_U000669
Amis_1130,GLOSBE_REVIEWED_ZHO_55dd33beff867366,GLOSBE_ami_zho_TMEM_U000670
Amis_1131,GLOSBE_REVIEWED_ZHO_4a25936cb9192794,GLOSBE_ami_zho_TMEM_U000671
Amis_1132,GLOSBE_REVIEWED_ZHO_b85000fb2d00cab5,GLOSBE_ami_zho_TMEM_U000672
Amis_1133,GLOSBE_REVIEWED_ZHO_f36bd8f5378fe8bf,GLOSBE_ami_zho_TMEM_U000673
Amis_1134,GLOSBE_REVIEWED_ZHO_2bdafd1e04fb267c,GLOSBE_ami_zho_TMEM_U000674
Amis_1135,GLOSBE_REVIEWED_ZHO_cca365899d4d1bb5,GLOSBE_ami_zho_TMEM_U000675
Amis_1136,GLOSBE_REVIEWED_ZHO_3c9ec042e6a1327d,GLOSBE_ami_zho_TMEM_U000676
Amis_1137,GLOSBE_REVIEWED_ZHO_851059722b168e5f,GLOSBE_ami_zho_TMEM_U000677
Amis_1138,GLOSBE_REVIEWED_ZHO_bdc902c35d753808,GLOSBE_ami_zho_TMEM_U000678
Amis_1139,GLOSBE_REVIEWED_ZHO_95da22d839ccb6cd,GLOSBE_ami_zho_TMEM_U000679
Amis_1140,GLOSBE_REVIEWED_ZHO_307294dd4bd2eb91,GLOSBE_ami_zho_TMEM_U000680
Amis_1141,GLOSBE_REVIEWED_ZHO_01d15acf6b2f486c,GLOSBE_ami_zho_TMEM_U000681
Amis_1142,GLOSBE_REVIEWED_ZHO_2bac62b7aae714fa,GLOSBE_ami_zho_TMEM_U000682
Amis_1143,GLOSBE_REVIEWED_ZHO_f6c79273f43ec1fb,GLOSBE_ami_zho_TMEM_U000683
Amis_1144,GLOSBE_REVIEWED_ZHO_e417f878c7b80d37,GLOSBE_ami_zho_TMEM_U000684
Amis_1145,GLOSBE_REVIEWED_ZHO_999cf28fe0b09c2c,GLOSBE_ami_zho_TMEM_U000685
Amis_1146,GLOSBE_REVIEWED_ZHO_48652ba2b50a4067,GLOSBE_ami_zho_TMEM_U000686
Amis_1147,GLOSBE_REVIEWED_ZHO_7338bcbdc856473d,GLOSBE_ami_zho_TMEM_U000687
Amis_1148,GLOSBE_REVIEWED_ZHO_79a6f93e86552e8c,GLOSBE_ami_zho_TMEM_U000688
Amis_1149,GLOSBE_REVIEWED_ZHO_4c71c3ba269b226f,GLOSBE_ami_zho_TMEM_U000689
Amis_1150,GLOSBE_REVIEWED_ZHO_f00ed219cb489bab,GLOSBE_ami_zho_TMEM_U000690
Amis_1151,GLOSBE_REVIEWED_ZHO_8c6c62797fc61621,GLOSBE_ami_zho_TMEM_U000691
Amis_1152,GLOSBE_REVIEWED_ZHO_9bbdcaf28615b711,GLOSBE_ami_zho_TMEM_U000692
Amis_1153,GLOSBE_REVIEWED_ZHO_728d9841118f2db4,GLOSBE_ami_zho_TMEM_U000693
Amis_1154,GLOSBE_STATIC_6f56471e1cc8b6d934dd,GLOSBE_ami_zho_TMEM_U000015
Amis_1155,GLOSBE_STATIC_6b39693e00dc78c65eba,GLOSBE_ami_zho_TMEM_U000022
Amis_1156,GLOSBE_REVIEWED_ZHO_743ecdac68c68f44,GLOSBE_ami_zho_TMEM_U000037
Amis_1157,GLOSBE_REVIEWED_ZHO_86bc5e27b2f78f24,GLOSBE_ami_zho_TMEM_U000694
Amis_1158,GLOSBE_REVIEWED_ZHO_b71af133c55263ef,GLOSBE_ami_zho_TMEM_U000239
Amis_1159,GLOSBE_REVIEWED_ZHO_55b446671aa748ae,GLOSBE_ami_zho_TMEM_U000483
Amis_1160,GLOSBE_REVIEWED_ZHO_4b58d9ab321e6c69,GLOSBE_ami_zho_TMEM_U000244
Amis_1161,GLOSBE_REVIEWED_ZHO_dd5e4fbb4b137ec2,GLOSBE_ami_zho_TMEM_U000379
Amis_1162,GLOSBE_REVIEWED_ZHO_0c5cdb64958040e6,GLOSBE_ami_zho_TMEM_U000695
Amis_1163,GLOSBE_REVIEWED_ZHO_d96569448c72b3ec,GLOSBE_ami_zho_TMEM_U000390
Amis_1164,GLOSBE_REVIEWED_ZHO_6d2c8d75b0549d86,GLOSBE_ami_zho_TMEM_U000263
Amis_1165,GLOSBE_REVIEWED_ZHO_b0ff48dbf6916416,GLOSBE_ami_zho_TMEM_U000696
Amis_1166,GLOSBE_REVIEWED_ZHO_1d05b40a1262c084,GLOSBE_ami_zho_TMEM_U000697
Amis_1167,GLOSBE_REVIEWED_ZHO_7b9776fba9563385,GLOSBE_ami_zho_TMEM_U000698
Amis_1168,GLOSBE_REVIEWED_ZHO_ef4ab9bf73ecf81f,GLOSBE_ami_zho_TMEM_U000699
Amis_1169,GLOSBE_REVIEWED_ZHO_68ae326af2e56a7d,GLOSBE_ami_zho_TMEM_U000700
Amis_1170,GLOSBE_REVIEWED_ZHO_a080f77e309cca4d,GLOSBE_ami_zho_TMEM_U000165
Amis_1171,GLOSBE_REVIEWED_ZHO_d3e75a07c8649ec5,GLOSBE_ami_zho_TMEM_U000551
Amis_1172,GLOSBE_REVIEWED_ZHO_64eceb7c475d9a47,GLOSBE_ami_zho_TMEM_U000188
Amis_1173,GLOSBE_REVIEWED_ZHO_6a433c8bebb9e4a4,GLOSBE_ami_zho_TMEM_U000198
Amis_1174,GLOSBE_REVIEWED_ZHO_842abf013620adef,GLOSBE_ami_zho_TMEM_U000480
Amis_1175,GLOSBE_REVIEWED_ZHO_690cae964a9bf60a,GLOSBE_ami_zho_TMEM_U000203
Amis_1176,GLOSBE_REVIEWED_ZHO_c1ba6e274857f556,GLOSBE_ami_zho_TMEM_U000205
Amis_1177,GLOSBE_REVIEWED_ZHO_8fd4b8b2cb27e42d,GLOSBE_ami_zho_TMEM_U000213
Amis_1178,GLOSBE_REVIEWED_ZHO_accfa1ac865d675a,GLOSBE_ami_zho_TMEM_U000701
Amis_1179,GLOSBE_REVIEWED_ZHO_28d5e39e4e81c8d9,GLOSBE_ami_zho_TMEM_U000492
Amis_1180,GLOSBE_REVIEWED_ZHO_adead12c4f6b7afc,GLOSBE_ami_zho_TMEM_U000702
Amis_1181,GLOSBE_REVIEWED_ZHO_14172f39b3486f57,GLOSBE_ami_zho_TMEM_U000703
Amis_1182,GLOSBE_REVIEWED_ZHO_f4974acc1f6d969c,GLOSBE_ami_zho_TMEM_U000704
Amis_1183,GLOSBE_REVIEWED_ZHO_c37470e2c7a695d1,GLOSBE_ami_zho_TMEM_U000453
Amis_1184,GLOSBE_REVIEWED_ZHO_1b18fd42d4d6e268,GLOSBE_ami_zho_TMEM_U000585
Amis_1185,GLOSBE_REVIEWED_ZHO_e9a4cb8338db06dd,GLOSBE_ami_zho_TMEM_U000464
Amis_1186,GLOSBE_REVIEWED_ZHO_69fedad5e0dba28a,GLOSBE_ami_zho_TMEM_U000705
Amis_1187,GLOSBE_REVIEWED_ZHO_6e91e024eaf79ea4,GLOSBE_ami_zho_TMEM_U000706
Amis_1188,GLOSBE_REVIEWED_ZHO_6f2d662d46d29227,GLOSBE_ami_zho_TMEM_U000707
Amis_1189,GLOSBE_REVIEWED_ZHO_fc052867e23a4d01,GLOSBE_ami_zho_TMEM_U000708
Amis_1190,GLOSBE_REVIEWED_ZHO_25c1266cd5900faa,GLOSBE_ami_zho_TMEM_U000709
Amis_1191,GLOSBE_REVIEWED_ZHO_7e0899e420049e16,GLOSBE_ami_zho_TMEM_U000710
Amis_1192,GLOSBE_REVIEWED_ZHO_d2af55b94d1153af,GLOSBE_ami_zho_TMEM_U000711
Amis_1193,GLOSBE_REVIEWED_ZHO_bd13ae1c5e5b6512,GLOSBE_ami_zho_TMEM_U000644
Amis_1194,GLOSBE_REVIEWED_ZHO_e872bc0d22c36fb2,GLOSBE_ami_zho_TMEM_U000712
Amis_1195,GLOSBE_REVIEWED_ZHO_05cd6c0d7f62f042,GLOSBE_ami_zho_TMEM_U000713
Amis_1196,GLOSBE_REVIEWED_ZHO_8c4bcd878c1df1d2,GLOSBE_ami_zho_TMEM_U000714
Amis_1197,GLOSBE_REVIEWED_ZHO_4a7482a36ee7a196,GLOSBE_ami_zho_TMEM_U000715
Amis_1198,GLOSBE_REVIEWED_ZHO_005f82f329a5ef42,GLOSBE_ami_zho_TMEM_U000716
Amis_1199,GLOSBE_REVIEWED_ZHO_b85000fb2d00cab5,GLOSBE_ami_zho_TMEM_U000672
Amis_1200,GLOSBE_REVIEWED_ZHO_8c93fe0bfdb839c6,GLOSBE_ami_zho_TMEM_U000717
Amis_1201,GLOSBE_REVIEWED_ZHO_d3c702e03c486ee5,GLOSBE_ami_zho_TMEM_U000718
Amis_1202,GLOSBE_REVIEWED_ZHO_e872dec29e1914a1,GLOSBE_ami_zho_TMEM_U000719
Amis_1203,GLOSBE_REVIEWED_ZHO_0853c1ed8674aa44,GLOSBE_ami_zho_TMEM_U000720
Amis_1204,GLOSBE_REVIEWED_ZHO_2b1860acacd543d5,GLOSBE_ami_zho_TMEM_U000721
Amis_1205,GLOSBE_REVIEWED_ZHO_753146ca2ee2afa8,GLOSBE_ami_zho_TMEM_U000722
Amis_1206,GLOSBE_REVIEWED_ZHO_55133d6605701e57,GLOSBE_ami_zho_TMEM_U000723
Amis_1207,GLOSBE_REVIEWED_ZHO_be77fd3d1f0fd8be,GLOSBE_ami_zho_TMEM_U000724
Amis_1208,GLOSBE_REVIEWED_ZHO_c18d0521a14e2d14,GLOSBE_ami_zho_TMEM_U000725
Amis_1209,GLOSBE_REVIEWED_ZHO_b4a103231e65a58d,GLOSBE_ami_zho_TMEM_U000726
Amis_1210,GLOSBE_REVIEWED_ZHO_247ea1652105fbe3,GLOSBE_ami_zho_TMEM_U000727
Amis_1211,GLOSBE_REVIEWED_ZHO_126d9024b5ae3d08,GLOSBE_ami_zho_TMEM_U000728
Amis_1212,GLOSBE_REVIEWED_ZHO_3b543c9820bb6bba,GLOSBE_ami_zho_TMEM_U000729
Amis_1213,GLOSBE_REVIEWED_ZHO_a617b10a76548fc1,GLOSBE_ami_zho_TMEM_U000730
Amis_1214,GLOSBE_REVIEWED_ZHO_90ee5c996761f10b,GLOSBE_ami_zho_TMEM_U000731
Amis_1215,GLOSBE_REVIEWED_ZHO_bde19a8aa4b4be51,GLOSBE_ami_zho_TMEM_U000732
Amis_1216,GLOSBE_REVIEWED_ZHO_6b5d2ad1559b266d,GLOSBE_ami_zho_TMEM_U000733
Amis_1217,GLOSBE_REVIEWED_ZHO_164baf1af4f789d2,GLOSBE_ami_zho_TMEM_U000734
Amis_1218,GLOSBE_REVIEWED_ZHO_09fc3ebec8a9ca9b,GLOSBE_ami_zho_TMEM_U000735
Amis_1219,GLOSBE_REVIEWED_ZHO_05d3c3283af380ce,GLOSBE_ami_zho_TMEM_U000736
Amis_1220,GLOSBE_REVIEWED_ZHO_b4e3bd6f9cdab0df,GLOSBE_ami_zho_TMEM_U000737
Amis_1221,GLOSBE_REVIEWED_ZHO_885acf6a3bebcecb,GLOSBE_ami_zho_TMEM_U000738
Amis_1222,GLOSBE_REVIEWED_ZHO_90a08b174856738c,GLOSBE_ami_zho_TMEM_U000739
Amis_1223,GLOSBE_REVIEWED_ZHO_baf05fd5a9cf6ebe,GLOSBE_ami_zho_TMEM_U000740
Amis_1224,GLOSBE_REVIEWED_ZHO_a78eafa7b0770f65,GLOSBE_ami_zho_TMEM_U000741
Amis_1225,GLOSBE_REVIEWED_ZHO_ecc2a99fec427e43,GLOSBE_ami_zho_TMEM_U000742
Amis_1226,GLOSBE_REVIEWED_ZHO_bd22d8a3cd373fda,GLOSBE_ami_zho_TMEM_U000743
Amis_1227,GLOSBE_REVIEWED_ZHO_65c9f906bb5f54c1,GLOSBE_ami_zho_TMEM_U000744
Amis_1228,GLOSBE_REVIEWED_ZHO_2b55091442c6a985,GLOSBE_ami_zho_TMEM_U000745
Amis_1229,GLOSBE_REVIEWED_ZHO_ccb1af97c5d7aece,GLOSBE_ami_zho_TMEM_U000746
Amis_1230,GLOSBE_REVIEWED_ZHO_72e26e7685594883,GLOSBE_ami_zho_TMEM_U000747
Amis_1231,GLOSBE_REVIEWED_ZHO_b3a1e0a569af92a7,GLOSBE_ami_zho_TMEM_U000748
Amis_1232,GLOSBE_REVIEWED_ZHO_45c099d5d4b8daa6,GLOSBE_ami_zho_TMEM_U000749
Amis_1233,GLOSBE_REVIEWED_ZHO_6c31b7e6bb879c07,GLOSBE_ami_zho_TMEM_U000750
Amis_1234,GLOSBE_REVIEWED_ZHO_6efb09c7eec7fa27,GLOSBE_ami_zho_TMEM_U000751
Amis_1235,GLOSBE_REVIEWED_ZHO_14b7a6ad46c1610c,GLOSBE_ami_zho_TMEM_U000752
Amis_1236,GLOSBE_REVIEWED_ZHO_58cd2b28b391829e,GLOSBE_ami_zho_TMEM_U000753
Amis_1237,GLOSBE_REVIEWED_ZHO_db36e6ca9cb58449,GLOSBE_ami_zho_TMEM_U000754
Amis_1238,GLOSBE_REVIEWED_ZHO_e44219b7b1bf808a,GLOSBE_ami_zho_TMEM_U000755
Amis_1239,GLOSBE_REVIEWED_ZHO_e07d45bc83efec03,GLOSBE_ami_zho_TMEM_U000756
Amis_1240,GLOSBE_REVIEWED_ZHO_ea7638e918f038a1,GLOSBE_ami_zho_TMEM_U000757
Amis_1241,GLOSBE_REVIEWED_ZHO_a965d42a6b0112ae,GLOSBE_ami_zho_TMEM_U000758
Amis_1242,GLOSBE_REVIEWED_ZHO_97cf21dceb030d5f,GLOSBE_ami_zho_TMEM_U000759
Amis_1243,GLOSBE_REVIEWED_ZHO_45d5f903b8f36edb,GLOSBE_ami_zho_TMEM_U000760
Amis_1244,GLOSBE_REVIEWED_ZHO_e7c5b8768ba87ca9,GLOSBE_ami_zho_TMEM_U000761
Amis_1245,GLOSBE_REVIEWED_ZHO_808003cf2822d8e0,GLOSBE_ami_zho_TMEM_U000762
Amis_1246,GLOSBE_REVIEWED_ZHO_09b21abd7cdc223d,GLOSBE_ami_zho_TMEM_U000763
Amis_1247,GLOSBE_REVIEWED_ZHO_6a7e10ca86441b5c,GLOSBE_ami_zho_TMEM_U000764
Amis_1248,GLOSBE_REVIEWED_ZHO_d24cc7d8190f38ed,GLOSBE_ami_zho_TMEM_U000765
Amis_1249,GLOSBE_REVIEWED_ZHO_35e9db13392dea3b,GLOSBE_ami_zho_TMEM_U000766
Amis_1250,GLOSBE_REVIEWED_ZHO_bfcbbdb1f6670ba6,GLOSBE_ami_zho_TMEM_U000767
Amis_1251,GLOSBE_REVIEWED_ZHO_29734fbcec7e6586,GLOSBE_ami_zho_TMEM_U000768
Amis_1252,GLOSBE_REVIEWED_ZHO_9a895058a29514c4,GLOSBE_ami_zho_TMEM_U000769
Amis_1253,GLOSBE_REVIEWED_ZHO_4b58d9ab321e6c69,GLOSBE_ami_zho_TMEM_U000244
Amis_1254,GLOSBE_REVIEWED_ZHO_12eb0acc578cdba3,GLOSBE_ami_zho_TMEM_U000770
Amis_1255,GLOSBE_REVIEWED_ZHO_ee41c9ea12a06900,GLOSBE_ami_zho_TMEM_U000771
Amis_1256,GLOSBE_REVIEWED_ZHO_7e9e0f17e5f2f6ef,GLOSBE_ami_zho_TMEM_U000772
Amis_1257,GLOSBE_REVIEWED_ZHO_22d7ad8daa43f772,GLOSBE_ami_zho_TMEM_U000486
Amis_1258,GLOSBE_REVIEWED_ZHO_5cb359552d0f95b2,GLOSBE_ami_zho_TMEM_U000773
Amis_1259,GLOSBE_REVIEWED_ZHO_ea045d3567206290,GLOSBE_ami_zho_TMEM_U000270
Amis_1260,GLOSBE_REVIEWED_ZHO_5f20679957f51631,GLOSBE_ami_zho_TMEM_U000144
Amis_1261,GLOSBE_REVIEWED_ZHO_a4c0cefd4d19ef73,GLOSBE_ami_zho_TMEM_U000228
Amis_1262,GLOSBE_REVIEWED_ZHO_5be7b56b411187f7,GLOSBE_ami_zho_TMEM_U000774
Amis_1263,GLOSBE_REVIEWED_ZHO_f1117bcae0787965,GLOSBE_ami_zho_TMEM_U000775
Amis_1264,GLOSBE_REVIEWED_ZHO_2ee55b9d3d096719,GLOSBE_ami_zho_TMEM_U000634
Amis_1265,GLOSBE_REVIEWED_ZHO_61d329c6fad2f532,GLOSBE_ami_zho_TMEM_U000776
Amis_1266,GLOSBE_REVIEWED_ZHO_f2670cb67e5edcee,GLOSBE_ami_zho_TMEM_U000777
Amis_1267,GLOSBE_REVIEWED_ZHO_ebcf522026721704,GLOSBE_ami_zho_TMEM_U000778
Amis_1268,GLOSBE_REVIEWED_ZHO_2b1860acacd543d5,GLOSBE_ami_zho_TMEM_U000721
Amis_1269,GLOSBE_REVIEWED_ZHO_876dec9f1ed7297d,GLOSBE_ami_zho_TMEM_U000779
Amis_1270,GLOSBE_REVIEWED_ZHO_866b7c7aa100b321,GLOSBE_ami_zho_TMEM_U000780
Amis_1271,GLOSBE_REVIEWED_ZHO_2be7a4efbc55051b,GLOSBE_ami_zho_TMEM_U000781
Amis_1272,GLOSBE_REVIEWED_ZHO_8786d40aa554c05c,GLOSBE_ami_zho_TMEM_U000782
Amis_1273,GLOSBE_REVIEWED_ZHO_6580e2f054634acc,GLOSBE_ami_zho_TMEM_U000783
Amis_1274,GLOSBE_REVIEWED_ZHO_2a444a71e49174d6,GLOSBE_ami_zho_TMEM_U000784
Amis_1275,GLOSBE_REVIEWED_ZHO_b26d3070b62dfba3,GLOSBE_ami_zho_TMEM_U000785
Amis_1276,GLOSBE_REVIEWED_ZHO_7873465ece179425,GLOSBE_ami_zho_TMEM_U000786
Amis_1277,GLOSBE_REVIEWED_ZHO_6b5d945e5d5eff88,GLOSBE_ami_zho_TMEM_U000787
Amis_1278,GLOSBE_REVIEWED_ZHO_1a60fb5b9a588931,GLOSBE_ami_zho_TMEM_U000788
Amis_1279,GLOSBE_REVIEWED_ZHO_99d10b724e681fe2,GLOSBE_ami_zho_TMEM_U000789
Amis_1280,GLOSBE_REVIEWED_ZHO_b1b7a49717bb8c2b,GLOSBE_ami_zho_TMEM_U000790
Amis_1281,GLOSBE_REVIEWED_ZHO_1495f0797e0b2470,GLOSBE_ami_zho_TMEM_U000791
Amis_1282,GLOSBE_REVIEWED_ZHO_e5cc92282bda43bd,GLOSBE_ami_zho_TMEM_U000792
Amis_1283,GLOSBE_REVIEWED_ZHO_dce3955d34c4b235,GLOSBE_ami_zho_TMEM_U000793
Amis_1284,GLOSBE_REVIEWED_ZHO_4412c53378efdd02,GLOSBE_ami_zho_TMEM_U000794
Amis_1285,GLOSBE_REVIEWED_ZHO_b8143ddd3727b602,GLOSBE_ami_zho_TMEM_U000795
Amis_1286,GLOSBE_REVIEWED_ZHO_c57d116957c1929a,GLOSBE_ami_zho_TMEM_U000796
Amis_1287,GLOSBE_REVIEWED_ZHO_a04751504d122341,GLOSBE_ami_zho_TMEM_U000797
Amis_1288,GLOSBE_REVIEWED_ZHO_d0407c3331d1c919,GLOSBE_ami_zho_TMEM_U000798
Amis_1289,GLOSBE_REVIEWED_ZHO_0c85f97e49ef42a6,GLOSBE_ami_zho_TMEM_U000799
Amis_1290,GLOSBE_REVIEWED_ZHO_dd5e4fbb4b137ec2,GLOSBE_ami_zho_TMEM_U000379
Amis_1291,GLOSBE_REVIEWED_ZHO_af34dffb27c87fa3,GLOSBE_ami_zho_TMEM_U000140
Amis_1292,GLOSBE_REVIEWED_ZHO_d090662a9e5387ea,GLOSBE_ami_zho_TMEM_U000145
Amis_1293,GLOSBE_REVIEWED_ZHO_b8b534fa0bde4a88,GLOSBE_ami_zho_TMEM_U000303
Amis_1294,GLOSBE_REVIEWED_ZHO_767b57aaf3ed9853,GLOSBE_ami_zho_TMEM_U000218
Amis_1295,GLOSBE_REVIEWED_ZHO_d1f9ee7f982c6fda,GLOSBE_ami_zho_TMEM_U000800
Amis_1296,GLOSBE_REVIEWED_ZHO_837086420a15ccb5,GLOSBE_ami_zho_TMEM_U000662
Amis_1297,GLOSBE_REVIEWED_ZHO_4a8a53217b34a7f5,GLOSBE_ami_zho_TMEM_U000801
Amis_1298,GLOSBE_REVIEWED_ZHO_69cb3fec19436441,GLOSBE_ami_zho_TMEM_U000802
Amis_1299,GLOSBE_REVIEWED_ZHO_6ed09829dedd5928,GLOSBE_ami_zho_TMEM_U000803
Amis_1300,GLOSBE_REVIEWED_ZHO_bb123e342307f9f7,GLOSBE_ami_zho_TMEM_U000804
Amis_1301,GLOSBE_REVIEWED_ZHO_f52d9765f79cecfc,GLOSBE_ami_zho_TMEM_U000805
Amis_1302,GLOSBE_REVIEWED_ZHO_bcff039786800a44,GLOSBE_ami_zho_TMEM_U000806
Amis_1303,GLOSBE_REVIEWED_ZHO_d0843d4d58a076cf,GLOSBE_ami_zho_TMEM_U000807
Amis_1304,GLOSBE_REVIEWED_ZHO_ffc9fb1dd1044a79,GLOSBE_ami_zho_TMEM_U000808
Amis_1305,GLOSBE_REVIEWED_ZHO_003ff367fdba1f97,GLOSBE_ami_zho_TMEM_U000809
Amis_1306,GLOSBE_REVIEWED_ZHO_39e151984247532d,GLOSBE_ami_zho_TMEM_U000810
Amis_1307,GLOSBE_REVIEWED_ZHO_1ae21b2cfbe2883d,GLOSBE_ami_zho_TMEM_U000811
Amis_1308,GLOSBE_REVIEWED_ZHO_ae3f8a64d6be97a4,GLOSBE_ami_zho_TMEM_U000097
Amis_1309,GLOSBE_REVIEWED_ZHO_2ac454109ca6fc85,GLOSBE_ami_zho_TMEM_U000461
Amis_1310,GLOSBE_REVIEWED_ZHO_c9999eb55ecfbb1b,GLOSBE_ami_zho_TMEM_U000812
Amis_1311,GLOSBE_REVIEWED_ZHO_20a7ed33319008e8,GLOSBE_ami_zho_TMEM_U000813
Amis_1312,GLOSBE_REVIEWED_ZHO_6b5d945e5d5eff88,GLOSBE_ami_zho_TMEM_U000787
Amis_1313,GLOSBE_REVIEWED_ZHO_0d13ad96014fc1f3,GLOSBE_ami_zho_TMEM_U000814
Amis_1314,GLOSBE_REVIEWED_ZHO_3927a9bdfb4ded16,GLOSBE_ami_zho_TMEM_U000815
Amis_1315,GLOSBE_REVIEWED_ZHO_be10aad0803a293c,GLOSBE_ami_zho_TMEM_U000816
Amis_1316,GLOSBE_REVIEWED_ZHO_6b1e585da2a62e2a,GLOSBE_ami_zho_TMEM_U000817
Amis_1317,GLOSBE_REVIEWED_ZHO_a98906a6f9d66e40,GLOSBE_ami_zho_TMEM_U000818
Amis_1318,GLOSBE_REVIEWED_ZHO_6a7e10ca86441b5c,GLOSBE_ami_zho_TMEM_U000764
Amis_1319,GLOSBE_REVIEWED_ZHO_ade5a8fa27a3f68c,GLOSBE_ami_zho_TMEM_U000819
Amis_1320,GLOSBE_REVIEWED_ZHO_a856da281dd6693e,GLOSBE_ami_zho_TMEM_U000077
Amis_1321,GLOSBE_REVIEWED_ZHO_69ea6284b753fe47,GLOSBE_ami_zho_TMEM_U000094
Amis_1322,GLOSBE_REVIEWED_ZHO_e7325d483c9a900b,GLOSBE_ami_zho_TMEM_U000820
Amis_1323,GLOSBE_REVIEWED_ZHO_d9df67c6b87417a5,GLOSBE_ami_zho_TMEM_U000821
Amis_1324,GLOSBE_REVIEWED_ZHO_fb9db094d6425492,GLOSBE_ami_zho_TMEM_U000822
Amis_1325,GLOSBE_REVIEWED_ZHO_2f8544139867a96f,GLOSBE_ami_zho_TMEM_U000823
Amis_1326,GLOSBE_REVIEWED_ZHO_60cff17ec1de2862,GLOSBE_ami_zho_TMEM_U000824
Amis_1327,GLOSBE_REVIEWED_ZHO_cd61f8fc14f76d9a,GLOSBE_ami_zho_TMEM_U000042
Amis_1328,GLOSBE_REVIEWED_ZHO_66e4d7da0b7032c4,GLOSBE_ami_zho_TMEM_U000047
Amis_1329,GLOSBE_REVIEWED_ZHO_473b666a57439f4d,GLOSBE_ami_zho_TMEM_U000071
Amis_1330,GLOSBE_REVIEWED_ZHO_4080c685af057c04,GLOSBE_ami_zho_TMEM_U000092
Amis_1331,GLOSBE_REVIEWED_ZHO_224c5be0c48f88c5,GLOSBE_ami_zho_TMEM_U000117
Amis_1332,GLOSBE_REVIEWED_ZHO_24f75af96297a356,GLOSBE_ami_zho_TMEM_U000120
Amis_1333,GLOSBE_REVIEWED_ZHO_ef62c78ea5e2ee6e,GLOSBE_ami_zho_TMEM_U000125
Amis_1334,GLOSBE_REVIEWED_ZHO_befcc41b77f24461,GLOSBE_ami_zho_TMEM_U000155
Amis_1335,GLOSBE_REVIEWED_ZHO_aee37768c9af6961,GLOSBE_ami_zho_TMEM_U000156
Amis_1336,GLOSBE_REVIEWED_ZHO_7f4f7525849821ef,GLOSBE_ami_zho_TMEM_U000202
Amis_1337,GLOSBE_REVIEWED_ZHO_2d06dd4efd48eb98,GLOSBE_ami_zho_TMEM_U000211
Amis_1338,GLOSBE_REVIEWED_ZHO_797cae69390f1922,GLOSBE_ami_zho_TMEM_U000579
Amis_1339,GLOSBE_REVIEWED_ZHO_16ef9aad8d63f8c2,GLOSBE_ami_zho_TMEM_U000467
Amis_1340,GLOSBE_REVIEWED_ZHO_8a79d589192a7636,GLOSBE_ami_zho_TMEM_U000472
Amis_1341,GLOSBE_REVIEWED_ZHO_fb034a94cb7e1731,GLOSBE_ami_zho_TMEM_U000633
Amis_1342,GLOSBE_REVIEWED_ZHO_64844caee03e3b85,GLOSBE_ami_zho_TMEM_U000825
Amis_1343,GLOSBE_REVIEWED_ZHO_4a7482a36ee7a196,GLOSBE_ami_zho_TMEM_U000715
Amis_1344,GLOSBE_REVIEWED_ZHO_3bdbedccc75bd575,GLOSBE_ami_zho_TMEM_U000826
Amis_1345,GLOSBE_REVIEWED_ZHO_f00ed219cb489bab,GLOSBE_ami_zho_TMEM_U000690
Amis_1346,GLOSBE_REVIEWED_ZHO_1023bd5c8d9ed1a3,GLOSBE_ami_zho_TMEM_U000827
Amis_1347,GLOSBE_REVIEWED_ZHO_b3ce07d922ae5e3f,GLOSBE_ami_zho_TMEM_U000828
Amis_1348,GLOSBE_REVIEWED_ZHO_eb338d4c3b5b34b4,GLOSBE_ami_zho_TMEM_U000829
Amis_1349,GLOSBE_REVIEWED_ZHO_c1935bd7633faa6b,GLOSBE_ami_zho_TMEM_U000830
Amis_1350,GLOSBE_REVIEWED_ZHO_3146b4f6c2986899,GLOSBE_ami_zho_TMEM_U000831
Amis_1351,GLOSBE_REVIEWED_ZHO_e3c0a564752bccd7,GLOSBE_ami_zho_TMEM_U000832
Amis_1352,GLOSBE_STATIC_1b1803bb4bd384a8348d,GLOSBE_ami_zho_TMEM_U000002
Amis_1353,GLOSBE_REVIEWED_ZHO_78dbf18cc643ceb1,GLOSBE_ami_zho_TMEM_U000029
Amis_1354,GLOSBE_STATIC_09b2fae1e065d2319b48,GLOSBE_ami_zho_TMEM_U000009
Amis_1355,GLOSBE_REVIEWED_ZHO_dd8482d6b85b2f34,GLOSBE_ami_zho_TMEM_U000833
Amis_1356,GLOSBE_STATIC_bdf7c3f5d353d50ad538,GLOSBE_ami_zho_TMEM_U000014
Amis_1357,GLOSBE_STATIC_161f730563921ecb6fff,GLOSBE_ami_zho_TMEM_U000017
Amis_1358,GLOSBE_STATIC_4d47d68035a4efdd0f7a,GLOSBE_ami_zho_TMEM_U000019
Amis_1359,GLOSBE_REVIEWED_ZHO_dc5c338648af711a,GLOSBE_ami_zho_TMEM_U000039
Amis_1360,GLOSBE_REVIEWED_ZHO_1c700130ef019bb9,GLOSBE_ami_zho_TMEM_U000369
Amis_1361,GLOSBE_REVIEWED_ZHO_4b58d9ab321e6c69,GLOSBE_ami_zho_TMEM_U000244
Amis_1362,GLOSBE_REVIEWED_ZHO_e9bc4de9e151a545,GLOSBE_ami_zho_TMEM_U000373
Amis_1363,GLOSBE_REVIEWED_ZHO_25d1cc7fcfe80f86,GLOSBE_ami_zho_TMEM_U000834
Amis_1364,GLOSBE_REVIEWED_ZHO_0cf78b0f9bdd6fd4,GLOSBE_ami_zho_TMEM_U000375
Amis_1365,GLOSBE_REVIEWED_ZHO_7f22d70cb2af10ee,GLOSBE_ami_zho_TMEM_U000377
Amis_1366,GLOSBE_REVIEWED_ZHO_404753895c1747d7,GLOSBE_ami_zho_TMEM_U000052
Amis_1367,GLOSBE_REVIEWED_ZHO_e9a3ac848b5788ae,GLOSBE_ami_zho_TMEM_U000053
Amis_1368,GLOSBE_REVIEWED_ZHO_50729c5e2d148637,GLOSBE_ami_zho_TMEM_U000054
Amis_1369,GLOSBE_REVIEWED_ZHO_9454907346ce720d,GLOSBE_ami_zho_TMEM_U000057
Amis_1370,GLOSBE_REVIEWED_ZHO_4c540c7e8c5d2852,GLOSBE_ami_zho_TMEM_U000248
Amis_1371,GLOSBE_REVIEWED_ZHO_1e042dbe2ea788c0,GLOSBE_ami_zho_TMEM_U000059
Amis_1372,GLOSBE_REVIEWED_ZHO_285bc714ea0289b4,GLOSBE_ami_zho_TMEM_U000835
Amis_1373,GLOSBE_REVIEWED_ZHO_4a37de8ffddebd50,GLOSBE_ami_zho_TMEM_U000063
Amis_1374,GLOSBE_REVIEWED_ZHO_3caf21705010bd07,GLOSBE_ami_zho_TMEM_U000069
Amis_1375,GLOSBE_REVIEWED_ZHO_6d0942b50e0ab88d,GLOSBE_ami_zho_TMEM_U000251
Amis_1376,GLOSBE_REVIEWED_ZHO_ec31a6463360b366,GLOSBE_ami_zho_TMEM_U000383
Amis_1377,GLOSBE_REVIEWED_ZHO_9ff569cad07b2d08,GLOSBE_ami_zho_TMEM_U000376
Amis_1378,GLOSBE_REVIEWED_ZHO_3f216c349da510fa,GLOSBE_ami_zho_TMEM_U000392
Amis_1379,GLOSBE_REVIEWED_ZHO_6a1e4d509f106949,GLOSBE_ami_zho_TMEM_U000269
Amis_1380,GLOSBE_REVIEWED_ZHO_6617351d9fc04bc7,GLOSBE_ami_zho_TMEM_U000114
Amis_1381,GLOSBE_REVIEWED_ZHO_2566551f0368308a,GLOSBE_ami_zho_TMEM_U000275
Amis_1382,GLOSBE_REVIEWED_ZHO_1260d55393c4bde8,GLOSBE_ami_zho_TMEM_U000287
Amis_1383,GLOSBE_REVIEWED_ZHO_a04980eaad016156,GLOSBE_ami_zho_TMEM_U000435
Amis_1384,GLOSBE_REVIEWED_ZHO_dd91562191c34270,GLOSBE_ami_zho_TMEM_U000836
Amis_1385,GLOSBE_REVIEWED_ZHO_0bcafb1a600f655b,GLOSBE_ami_zho_TMEM_U000837
Amis_1386,GLOSBE_REVIEWED_ZHO_66722e1bbff77b0f,GLOSBE_ami_zho_TMEM_U000838
Amis_1387,GLOSBE_REVIEWED_ZHO_0a825c097f09f4d5,GLOSBE_ami_zho_TMEM_U000499
Amis_1388,GLOSBE_REVIEWED_ZHO_40f7a1c93f9d37cf,GLOSBE_ami_zho_TMEM_U000839
Amis_1389,GLOSBE_REVIEWED_ZHO_3b543c9820bb6bba,GLOSBE_ami_zho_TMEM_U000729
Amis_1390,GLOSBE_REVIEWED_ZHO_03602568e137cd57,GLOSBE_ami_zho_TMEM_U000840
Amis_1391,GLOSBE_REVIEWED_ZHO_ef26227d29967b22,GLOSBE_ami_zho_TMEM_U000841
Amis_1392,GLOSBE_REVIEWED_ZHO_c5ef94239fca8451,GLOSBE_ami_zho_TMEM_U000842
Amis_1393,GLOSBE_REVIEWED_ZHO_bfcbbdb1f6670ba6,GLOSBE_ami_zho_TMEM_U000767
Amis_1394,GLOSBE_REVIEWED_ZHO_66e4d7da0b7032c4,GLOSBE_ami_zho_TMEM_U000047
Amis_1395,GLOSBE_REVIEWED_ZHO_940adbaf9c590715,GLOSBE_ami_zho_TMEM_U000246
Amis_1396,GLOSBE_REVIEWED_ZHO_5525fcc4f9e9646a,GLOSBE_ami_zho_TMEM_U000134
Amis_1397,GLOSBE_REVIEWED_ZHO_5d86b19625304d66,GLOSBE_ami_zho_TMEM_U000488
Amis_1398,GLOSBE_REVIEWED_ZHO_f998109e39bc40f9,GLOSBE_ami_zho_TMEM_U000843
Amis_1399,GLOSBE_REVIEWED_ZHO_14bf91273497fb17,GLOSBE_ami_zho_TMEM_U000460
Amis_1400,GLOSBE_REVIEWED_ZHO_52f21f414b60f664,GLOSBE_ami_zho_TMEM_U000844
Amis_1401,GLOSBE_REVIEWED_ZHO_2ee55b9d3d096719,GLOSBE_ami_zho_TMEM_U000634
Amis_1402,GLOSBE_REVIEWED_ZHO_346b177b0b3b4146,GLOSBE_ami_zho_TMEM_U000845
Amis_1403,GLOSBE_REVIEWED_ZHO_584f6641468c46cb,GLOSBE_ami_zho_TMEM_U000846
Amis_1404,GLOSBE_REVIEWED_ZHO_7023e392cb93c07b,GLOSBE_ami_zho_TMEM_U000665
Amis_1405,GLOSBE_REVIEWED_ZHO_63e55e6e7833645f,GLOSBE_ami_zho_TMEM_U000847
Amis_1406,GLOSBE_REVIEWED_ZHO_2dceebe2a91d62af,GLOSBE_ami_zho_TMEM_U000848
Amis_1407,GLOSBE_REVIEWED_ZHO_99c8bda0564dd491,GLOSBE_ami_zho_TMEM_U000849
Amis_1408,GLOSBE_REVIEWED_ZHO_02d591951ea48942,GLOSBE_ami_zho_TMEM_U000850
Amis_1409,GLOSBE_REVIEWED_ZHO_f9e9e0303add679d,GLOSBE_ami_zho_TMEM_U000851
Amis_1410,GLOSBE_REVIEWED_ZHO_9908b46fa92b387a,GLOSBE_ami_zho_TMEM_U000852
Amis_1411,GLOSBE_REVIEWED_ZHO_8028416b4417e12e,GLOSBE_ami_zho_TMEM_U000853
Amis_1412,GLOSBE_REVIEWED_ZHO_1319e7facfc22dcf,GLOSBE_ami_zho_TMEM_U000854
Amis_1413,GLOSBE_REVIEWED_ZHO_82d9afa052e3cfc6,GLOSBE_ami_zho_TMEM_U000855
Amis_1414,GLOSBE_REVIEWED_ZHO_5009d5241880741b,GLOSBE_ami_zho_TMEM_U000856
Amis_1415,GLOSBE_REVIEWED_ZHO_5cbb6b31a9795a00,GLOSBE_ami_zho_TMEM_U000857
Amis_1416,GLOSBE_REVIEWED_ZHO_46eca501ae8e2413,GLOSBE_ami_zho_TMEM_U000858
Amis_1417,GLOSBE_REVIEWED_ZHO_4ac675beb9f95440,GLOSBE_ami_zho_TMEM_U000859
Amis_1418,GLOSBE_REVIEWED_ZHO_8c30fe4caa95d897,GLOSBE_ami_zho_TMEM_U000860
Amis_1419,GLOSBE_REVIEWED_ZHO_0a51c2ee2bd62f50,GLOSBE_ami_zho_TMEM_U000229
Amis_1420,GLOSBE_REVIEWED_ZHO_0f42fcf0e995b5b7,GLOSBE_ami_zho_TMEM_U000861
Amis_1421,GLOSBE_REVIEWED_ZHO_743ecdac68c68f44,GLOSBE_ami_zho_TMEM_U000037
Amis_1422,GLOSBE_REVIEWED_ZHO_d08ba60effe105dc,GLOSBE_ami_zho_TMEM_U000049
Amis_1423,GLOSBE_REVIEWED_ZHO_ea288e5d94643383,GLOSBE_ami_zho_TMEM_U000514
Amis_1424,GLOSBE_REVIEWED_ZHO_d96569448c72b3ec,GLOSBE_ami_zho_TMEM_U000390
Amis_1425,GLOSBE_REVIEWED_ZHO_a9e100f5b5398618,GLOSBE_ami_zho_TMEM_U000116
Amis_1426,GLOSBE_REVIEWED_ZHO_6c29b03936c93ceb,GLOSBE_ami_zho_TMEM_U000862
Amis_1427,GLOSBE_REVIEWED_ZHO_a66eb50f26eeb49f,GLOSBE_ami_zho_TMEM_U000533
Amis_1428,GLOSBE_REVIEWED_ZHO_993d7cbbe8ba976e,GLOSBE_ami_zho_TMEM_U000863
Amis_1429,GLOSBE_REVIEWED_ZHO_e7201f405665046b,GLOSBE_ami_zho_TMEM_U000864
Amis_1430,GLOSBE_REVIEWED_ZHO_68ae326af2e56a7d,GLOSBE_ami_zho_TMEM_U000700
Amis_1431,GLOSBE_REVIEWED_ZHO_01c81211380f830d,GLOSBE_ami_zho_TMEM_U000490
Amis_1432,GLOSBE_REVIEWED_ZHO_3e99e696b0a72bd8,GLOSBE_ami_zho_TMEM_U000865
Amis_1433,GLOSBE_REVIEWED_ZHO_28b07655de7e22bb,GLOSBE_ami_zho_TMEM_U000866
Amis_1434,GLOSBE_REVIEWED_ZHO_1f13a63d55bfb9b6,GLOSBE_ami_zho_TMEM_U000549
Amis_1435,GLOSBE_REVIEWED_ZHO_79ddc79cd2d48134,GLOSBE_ami_zho_TMEM_U000867
Amis_1436,GLOSBE_REVIEWED_ZHO_e70924620d9ad613,GLOSBE_ami_zho_TMEM_U000185
Amis_1437,GLOSBE_REVIEWED_ZHO_64eceb7c475d9a47,GLOSBE_ami_zho_TMEM_U000188
Amis_1438,GLOSBE_REVIEWED_ZHO_06e623631d9315ec,GLOSBE_ami_zho_TMEM_U000868
Amis_1439,GLOSBE_REVIEWED_ZHO_7c67ce381c6c9323,GLOSBE_ami_zho_TMEM_U000869
Amis_1440,GLOSBE_REVIEWED_ZHO_c6072c6ba7ae3474,GLOSBE_ami_zho_TMEM_U000622
Amis_1441,GLOSBE_REVIEWED_ZHO_bdb2401c7e44671c,GLOSBE_ami_zho_TMEM_U000437
Amis_1442,GLOSBE_REVIEWED_ZHO_14172f39b3486f57,GLOSBE_ami_zho_TMEM_U000703
Amis_1443,GLOSBE_REVIEWED_ZHO_b1404c3bdbef1f78,GLOSBE_ami_zho_TMEM_U000870
Amis_1444,GLOSBE_REVIEWED_ZHO_2207fa712a77adda,GLOSBE_ami_zho_TMEM_U000871
Amis_1445,GLOSBE_REVIEWED_ZHO_f4974acc1f6d969c,GLOSBE_ami_zho_TMEM_U000704
Amis_1446,GLOSBE_REVIEWED_ZHO_befcea9b3dd1017c,GLOSBE_ami_zho_TMEM_U000342
Amis_1447,GLOSBE_REVIEWED_ZHO_1fc4fd9b25f47194,GLOSBE_ami_zho_TMEM_U000872
Amis_1448,GLOSBE_REVIEWED_ZHO_1b18fd42d4d6e268,GLOSBE_ami_zho_TMEM_U000585
Amis_1449,GLOSBE_REVIEWED_ZHO_e9a4cb8338db06dd,GLOSBE_ami_zho_TMEM_U000464
Amis_1450,GLOSBE_REVIEWED_ZHO_6e91e024eaf79ea4,GLOSBE_ami_zho_TMEM_U000706
Amis_1451,GLOSBE_REVIEWED_ZHO_9ac97231bcae82bb,GLOSBE_ami_zho_TMEM_U000873
Amis_1452,GLOSBE_REVIEWED_ZHO_0bcafb1a600f655b,GLOSBE_ami_zho_TMEM_U000837
Amis_1453,GLOSBE_REVIEWED_ZHO_7e0899e420049e16,GLOSBE_ami_zho_TMEM_U000710
Amis_1454,GLOSBE_REVIEWED_ZHO_4c4f9a70eaeec5a3,GLOSBE_ami_zho_TMEM_U000874
Amis_1455,GLOSBE_REVIEWED_ZHO_0a825c097f09f4d5,GLOSBE_ami_zho_TMEM_U000499
Amis_1456,GLOSBE_REVIEWED_ZHO_0ee31381df5a9b66,GLOSBE_ami_zho_TMEM_U000501
Amis_1457,GLOSBE_REVIEWED_ZHO_9874b1d640bc0876,GLOSBE_ami_zho_TMEM_U000504
Amis_1458,GLOSBE_REVIEWED_ZHO_845b99a7339fcbbe,GLOSBE_ami_zho_TMEM_U000503
Amis_1459,GLOSBE_REVIEWED_ZHO_3859ca09ae73a2a3,GLOSBE_ami_zho_TMEM_U000875
Amis_1460,GLOSBE_REVIEWED_ZHO_74a5e2e8d12ed579,GLOSBE_ami_zho_TMEM_U000876
Amis_1461,GLOSBE_REVIEWED_ZHO_8c93fe0bfdb839c6,GLOSBE_ami_zho_TMEM_U000717
Amis_1462,GLOSBE_REVIEWED_ZHO_541d70f794f0fca9,GLOSBE_ami_zho_TMEM_U000877
Amis_1463,GLOSBE_REVIEWED_ZHO_52a005cfed53ba46,GLOSBE_ami_zho_TMEM_U000878
Amis_1464,GLOSBE_REVIEWED_ZHO_9bbdcaf28615b711,GLOSBE_ami_zho_TMEM_U000692
Amis_1465,GLOSBE_REVIEWED_ZHO_c4c20335ab6429d7,GLOSBE_ami_zho_TMEM_U000879
Amis_1466,GLOSBE_REVIEWED_ZHO_be77fd3d1f0fd8be,GLOSBE_ami_zho_TMEM_U000724
Amis_1467,GLOSBE_REVIEWED_ZHO_e65ebfeddaa7a7f5,GLOSBE_ami_zho_TMEM_U000880
Amis_1468,GLOSBE_REVIEWED_ZHO_92dafa4db99ebf35,GLOSBE_ami_zho_TMEM_U000881
Amis_1469,GLOSBE_REVIEWED_ZHO_597035b7e25edf50,GLOSBE_ami_zho_TMEM_U000882
Amis_1470,GLOSBE_REVIEWED_ZHO_08a3cab9a38f577c,GLOSBE_ami_zho_TMEM_U000883
Amis_1471,GLOSBE_REVIEWED_ZHO_27e6d4311f7d9ff9,GLOSBE_ami_zho_TMEM_U000884
Amis_1472,GLOSBE_REVIEWED_ZHO_b3815a37abbd4ce3,GLOSBE_ami_zho_TMEM_U000885
Amis_1473,GLOSBE_REVIEWED_ZHO_3858be51b063db0d,GLOSBE_ami_zho_TMEM_U000886
Amis_1474,GLOSBE_REVIEWED_ZHO_7fba6d8244859ed2,GLOSBE_ami_zho_TMEM_U000887
Amis_1475,GLOSBE_REVIEWED_ZHO_6d940b97650040c4,GLOSBE_ami_zho_TMEM_U000888
Amis_1476,GLOSBE_REVIEWED_ZHO_cc5552829d6e0c69,GLOSBE_ami_zho_TMEM_U000889
Amis_1477,GLOSBE_REVIEWED_ZHO_927b0ddcc02a7ec7,GLOSBE_ami_zho_TMEM_U000890
Amis_1478,GLOSBE_REVIEWED_ZHO_b779618e6b080a74,GLOSBE_ami_zho_TMEM_U000891
Amis_1479,GLOSBE_REVIEWED_ZHO_baf05fd5a9cf6ebe,GLOSBE_ami_zho_TMEM_U000740
Amis_1480,GLOSBE_REVIEWED_ZHO_600e1fab21f841c5,GLOSBE_ami_zho_TMEM_U000892
Amis_1481,GLOSBE_REVIEWED_ZHO_265c0a061a79b4b1,GLOSBE_ami_zho_TMEM_U000893
Amis_1482,GLOSBE_REVIEWED_ZHO_3ecd62bc587ebe6e,GLOSBE_ami_zho_TMEM_U000894
Amis_1483,GLOSBE_REVIEWED_ZHO_5a2d69c0dc3e34e3,GLOSBE_ami_zho_TMEM_U000895
Amis_1484,GLOSBE_REVIEWED_ZHO_55301c7794e3a1a2,GLOSBE_ami_zho_TMEM_U000896
Amis_1485,GLOSBE_REVIEWED_ZHO_04229fd96cb6b6a6,GLOSBE_ami_zho_TMEM_U000897
Amis_1486,GLOSBE_REVIEWED_ZHO_6c8c54068b3c0dca,GLOSBE_ami_zho_TMEM_U000898
Amis_1487,GLOSBE_REVIEWED_ZHO_860c09c295483544,GLOSBE_ami_zho_TMEM_U000899
Amis_1488,GLOSBE_REVIEWED_ZHO_4a6d1d3717f2b857,GLOSBE_ami_zho_TMEM_U000900
Amis_1489,GLOSBE_REVIEWED_ZHO_aac6208b8078d624,GLOSBE_ami_zho_TMEM_U000901
Amis_1490,GLOSBE_REVIEWED_ZHO_d13e0a181b5aaaba,GLOSBE_ami_zho_TMEM_U000902
Amis_1491,GLOSBE_REVIEWED_ZHO_d3b95b1e25c57f3d,GLOSBE_ami_zho_TMEM_U000903
Amis_1492,GLOSBE_REVIEWED_ZHO_6b38df7333fd0d72,GLOSBE_ami_zho_TMEM_U000904
Amis_1493,GLOSBE_REVIEWED_ZHO_3d694dbfd7f3ba38,GLOSBE_ami_zho_TMEM_U000905
Amis_1494,GLOSBE_REVIEWED_ZHO_ccb1af97c5d7aece,GLOSBE_ami_zho_TMEM_U000746
Amis_1495,GLOSBE_REVIEWED_ZHO_23245f45f1caca15,GLOSBE_ami_zho_TMEM_U000906
Amis_1496,GLOSBE_REVIEWED_ZHO_eb9a55f858998697,GLOSBE_ami_zho_TMEM_U000907
Amis_1497,GLOSBE_REVIEWED_ZHO_131bae472d3f639e,GLOSBE_ami_zho_TMEM_U000908
Amis_1498,GLOSBE_REVIEWED_ZHO_29269bd71381bae2,GLOSBE_ami_zho_TMEM_U000909
Amis_1499,GLOSBE_REVIEWED_ZHO_0eabc186854b3849,GLOSBE_ami_zho_TMEM_U000910
Amis_1500,GLOSBE_REVIEWED_ZHO_c2bb5cd19cac399a,GLOSBE_ami_zho_TMEM_U000911
Amis_1501,GLOSBE_REVIEWED_ZHO_f74d58c7069f664c,GLOSBE_ami_zho_TMEM_U000912
Amis_1502,GLOSBE_REVIEWED_ZHO_b00e2321a5ecd354,GLOSBE_ami_zho_TMEM_U000913
Amis_1503,GLOSBE_REVIEWED_ZHO_6f979f9a3660116a,GLOSBE_ami_zho_TMEM_U000914
Amis_1504,GLOSBE_REVIEWED_ZHO_58cd2b28b391829e,GLOSBE_ami_zho_TMEM_U000753
Amis_1505,GLOSBE_REVIEWED_ZHO_b56649e38cd3b6a8,GLOSBE_ami_zho_TMEM_U000915
Amis_1506,GLOSBE_REVIEWED_ZHO_72ea1eef5e1b2ac3,GLOSBE_ami_zho_TMEM_U000916
Amis_1507,GLOSBE_REVIEWED_ZHO_9299940f2488e026,GLOSBE_ami_zho_TMEM_U000917
Amis_1508,GLOSBE_REVIEWED_ZHO_e07d45bc83efec03,GLOSBE_ami_zho_TMEM_U000756
Amis_1509,GLOSBE_REVIEWED_ZHO_48d7dad0320f7fd6,GLOSBE_ami_zho_TMEM_U000918
Amis_1510,GLOSBE_REVIEWED_ZHO_120cb9ef40aa0b0f,GLOSBE_ami_zho_TMEM_U000919
Amis_1511,GLOSBE_REVIEWED_ZHO_4d064e85dc07f0dc,GLOSBE_ami_zho_TMEM_U000920
Amis_1512,GLOSBE_REVIEWED_ZHO_2e7b83e7d68620a8,GLOSBE_ami_zho_TMEM_U000921
Amis_1513,GLOSBE_REVIEWED_ZHO_6f02b3421923aa3f,GLOSBE_ami_zho_TMEM_U000922
Amis_1514,GLOSBE_REVIEWED_ZHO_97cf21dceb030d5f,GLOSBE_ami_zho_TMEM_U000759
Amis_1515,GLOSBE_REVIEWED_ZHO_944ea88275ced98c,GLOSBE_ami_zho_TMEM_U000923
Amis_1516,GLOSBE_REVIEWED_ZHO_d10b242efddf8ca1,GLOSBE_ami_zho_TMEM_U000924
Amis_1517,GLOSBE_REVIEWED_ZHO_e31bd79f5a9ef546,GLOSBE_ami_zho_TMEM_U000925
Amis_1518,GLOSBE_REVIEWED_ZHO_daad76c37d50489e,GLOSBE_ami_zho_TMEM_U000926
Amis_1519,GLOSBE_REVIEWED_ZHO_35e9db13392dea3b,GLOSBE_ami_zho_TMEM_U000766
Amis_1520,GLOSBE_REVIEWED_ZHO_817aeaa8d297ee61,GLOSBE_ami_zho_TMEM_U000927
Amis_1521,GLOSBE_REVIEWED_ZHO_d7f55144455a9e19,GLOSBE_ami_zho_TMEM_U000928
Amis_1522,GLOSBE_REVIEWED_ZHO_52a77336e3e29874,GLOSBE_ami_zho_TMEM_U000929
Amis_1523,GLOSBE_REVIEWED_ZHO_9a73c8719ef77466,GLOSBE_ami_zho_TMEM_U000930
Amis_1524,GLOSBE_REVIEWED_ZHO_076bf661d9a04e94,GLOSBE_ami_zho_TMEM_U000931
Amis_1525,GLOSBE_REVIEWED_ZHO_5a69f17060bc8d76,GLOSBE_ami_zho_TMEM_U000932
Amis_1526,GLOSBE_REVIEWED_ZHO_6cff64dce97d2347,GLOSBE_ami_zho_TMEM_U000933
Amis_1527,GLOSBE_REVIEWED_ZHO_ca4eb1bea3530269,GLOSBE_ami_zho_TMEM_U000934
Amis_1528,GLOSBE_REVIEWED_ZHO_0a51c2ee2bd62f50,GLOSBE_ami_zho_TMEM_U000229
Amis_1529,GLOSBE_STATIC_4058c5a1b86fcccbb685,GLOSBE_ami_zho_TMEM_U000020
Amis_1530,GLOSBE_REVIEWED_ZHO_708e0c85871ddfe3,GLOSBE_ami_zho_TMEM_U000935
Amis_1531,GLOSBE_REVIEWED_ZHO_12eb0acc578cdba3,GLOSBE_ami_zho_TMEM_U000770
Amis_1532,GLOSBE_REVIEWED_ZHO_1ba34fd425460cca,GLOSBE_ami_zho_TMEM_U000253
Amis_1533,GLOSBE_REVIEWED_ZHO_e609249e8af4ccc3,GLOSBE_ami_zho_TMEM_U000936
Amis_1534,GLOSBE_REVIEWED_ZHO_85a6f31b368e7d79,GLOSBE_ami_zho_TMEM_U000262
Amis_1535,GLOSBE_REVIEWED_ZHO_6d2c8d75b0549d86,GLOSBE_ami_zho_TMEM_U000263
Amis_1536,GLOSBE_REVIEWED_ZHO_3091ed723ea6204c,GLOSBE_ami_zho_TMEM_U000100
Amis_1537,GLOSBE_REVIEWED_ZHO_b1c98e1eb60e2c4b,GLOSBE_ami_zho_TMEM_U000272
Amis_1538,GLOSBE_REVIEWED_ZHO_411046ac035f9195,GLOSBE_ami_zho_TMEM_U000937
Amis_1539,GLOSBE_REVIEWED_ZHO_a2428b06966f0f85,GLOSBE_ami_zho_TMEM_U000130
Amis_1540,GLOSBE_REVIEWED_ZHO_7b42218d379b278c,GLOSBE_ami_zho_TMEM_U000938
Amis_1541,GLOSBE_REVIEWED_ZHO_5f6eb2a2cf23125c,GLOSBE_ami_zho_TMEM_U000939
Amis_1542,GLOSBE_REVIEWED_ZHO_9570127ee48ec97f,GLOSBE_ami_zho_TMEM_U000295
Amis_1543,GLOSBE_REVIEWED_ZHO_cc485f158a8b92eb,GLOSBE_ami_zho_TMEM_U000940
Amis_1544,GLOSBE_REVIEWED_ZHO_c1afd14edf53dc7e,GLOSBE_ami_zho_TMEM_U000941
Amis_1545,GLOSBE_REVIEWED_ZHO_40b756546206a1c4,GLOSBE_ami_zho_TMEM_U000942
Amis_1546,GLOSBE_REVIEWED_ZHO_bc321ceb13c4c449,GLOSBE_ami_zho_TMEM_U000943
Amis_1547,GLOSBE_REVIEWED_ZHO_3086cb83ac45e390,GLOSBE_ami_zho_TMEM_U000944
Amis_1548,GLOSBE_REVIEWED_ZHO_93f1e4d89ccced13,GLOSBE_ami_zho_TMEM_U000629
Amis_1549,GLOSBE_REVIEWED_ZHO_1f7965d2241ca5eb,GLOSBE_ami_zho_TMEM_U000364
Amis_1550,GLOSBE_REVIEWED_ZHO_76a27db63b81b85a,GLOSBE_ami_zho_TMEM_U000945
Amis_1551,GLOSBE_REVIEWED_ZHO_1af6930720304f1f,GLOSBE_ami_zho_TMEM_U000946
Amis_1552,GLOSBE_REVIEWED_ZHO_25528191caf52c62,GLOSBE_ami_zho_TMEM_U000947
Amis_1553,GLOSBE_REVIEWED_ZHO_eb317f923f77c401,GLOSBE_ami_zho_TMEM_U000948
Amis_1554,GLOSBE_REVIEWED_ZHO_4b58d9ab321e6c69,GLOSBE_ami_zho_TMEM_U000244
Amis_1555,GLOSBE_REVIEWED_ZHO_9310fd371eaea391,GLOSBE_ami_zho_TMEM_U000210
Amis_1556,GLOSBE_REVIEWED_ZHO_a33c3d85cd2a995b,GLOSBE_ami_zho_TMEM_U000949
Amis_1557,GLOSBE_REVIEWED_ZHO_c9ea20fd5ab80329,GLOSBE_ami_zho_TMEM_U000950
Amis_1558,GLOSBE_REVIEWED_ZHO_bd85bfd22f9e631f,GLOSBE_ami_zho_TMEM_U000951
Amis_1559,GLOSBE_REVIEWED_ZHO_9310fd371eaea391,GLOSBE_ami_zho_TMEM_U000210
Amis_1560,GLOSBE_REVIEWED_ZHO_bd0dc743fe67d557,GLOSBE_ami_zho_TMEM_U000952
Amis_1561,GLOSBE_REVIEWED_ZHO_abe5c0d93a34efa5,GLOSBE_ami_zho_TMEM_U000953
Amis_1562,GLOSBE_REVIEWED_ZHO_577c0ba846b18872,GLOSBE_ami_zho_TMEM_U000954
Amis_1563,GLOSBE_REVIEWED_ZHO_975e783606906668,GLOSBE_ami_zho_TMEM_U000026
Amis_1564,GLOSBE_STATIC_4a860a43d9ed667c0894,GLOSBE_ami_zho_TMEM_U000007
Amis_1565,GLOSBE_STATIC_1ba1eac920589b2acdd9,GLOSBE_ami_zho_TMEM_U000011
Amis_1566,GLOSBE_REVIEWED_ZHO_9710aa16955877bb,GLOSBE_ami_zho_TMEM_U000033
Amis_1567,GLOSBE_STATIC_75d9fb8d2b80a7133e43,GLOSBE_ami_zho_TMEM_U000016
Amis_1568,GLOSBE_STATIC_4d47d68035a4efdd0f7a,GLOSBE_ami_zho_TMEM_U000019
Amis_1569,GLOSBE_REVIEWED_ZHO_8ba98d36bc69f26d,GLOSBE_ami_zho_TMEM_U000243
Amis_1570,GLOSBE_REVIEWED_ZHO_89e2940197f6e515,GLOSBE_ami_zho_TMEM_U000245
Amis_1571,GLOSBE_REVIEWED_ZHO_3cd43217197ed826,GLOSBE_ami_zho_TMEM_U000056
Amis_1572,GLOSBE_REVIEWED_ZHO_f7693b6a4edd8fbb,GLOSBE_ami_zho_TMEM_U000955
Amis_1573,GLOSBE_REVIEWED_ZHO_bc8b684b965fec4a,GLOSBE_ami_zho_TMEM_U000956
Amis_1574,GLOSBE_REVIEWED_ZHO_131443dcd3f86553,GLOSBE_ami_zho_TMEM_U000380
Amis_1575,GLOSBE_REVIEWED_ZHO_03b753787340d06f,GLOSBE_ami_zho_TMEM_U000068
Amis_1576,GLOSBE_REVIEWED_ZHO_9bde7964ca6739b5,GLOSBE_ami_zho_TMEM_U000515
Amis_1577,GLOSBE_REVIEWED_ZHO_a39cd1d40c851a81,GLOSBE_ami_zho_TMEM_U000076
Amis_1578,GLOSBE_REVIEWED_ZHO_c63baab3847c8ad4,GLOSBE_ami_zho_TMEM_U000957
Amis_1579,GLOSBE_REVIEWED_ZHO_a928eb25f537ea60,GLOSBE_ami_zho_TMEM_U000079
Amis_1580,GLOSBE_REVIEWED_ZHO_127b240d751f6d66,GLOSBE_ami_zho_TMEM_U000958
Amis_1581,GLOSBE_REVIEWED_ZHO_bf3fdea55e989828,GLOSBE_ami_zho_TMEM_U000519
Amis_1582,GLOSBE_REVIEWED_ZHO_387f6b1429ff08cd,GLOSBE_ami_zho_TMEM_U000085
Amis_1583,GLOSBE_REVIEWED_ZHO_72b4d8bb3219f5cc,GLOSBE_ami_zho_TMEM_U000959
Amis_1584,GLOSBE_REVIEWED_ZHO_a80ca4caab0544f8,GLOSBE_ami_zho_TMEM_U000098
Amis_1585,GLOSBE_REVIEWED_ZHO_af500cfa05b02f29,GLOSBE_ami_zho_TMEM_U000103
Amis_1586,GLOSBE_REVIEWED_ZHO_3f216c349da510fa,GLOSBE_ami_zho_TMEM_U000392
Amis_1587,GLOSBE_REVIEWED_ZHO_6a1e4d509f106949,GLOSBE_ami_zho_TMEM_U000269
Amis_1588,GLOSBE_REVIEWED_ZHO_083b5ff8db6ef633,GLOSBE_ami_zho_TMEM_U000960
Amis_1589,GLOSBE_REVIEWED_ZHO_b49f5774e17027f6,GLOSBE_ami_zho_TMEM_U000113
Amis_1590,GLOSBE_REVIEWED_ZHO_031070051b14721d,GLOSBE_ami_zho_TMEM_U000528
Amis_1591,GLOSBE_REVIEWED_ZHO_28fd17fab53959a8,GLOSBE_ami_zho_TMEM_U000529
Amis_1592,GLOSBE_REVIEWED_ZHO_fe9441077ff04d8d,GLOSBE_ami_zho_TMEM_U000530
Amis_1593,GLOSBE_REVIEWED_ZHO_5307cf0c49ba39dd,GLOSBE_ami_zho_TMEM_U000274
Amis_1594,GLOSBE_REVIEWED_ZHO_5274cc3615753956,GLOSBE_ami_zho_TMEM_U000534
Amis_1595,GLOSBE_REVIEWED_ZHO_0c07dbaea7a7173d,GLOSBE_ami_zho_TMEM_U000282
Amis_1596,GLOSBE_REVIEWED_ZHO_caf6e411d64e80e8,GLOSBE_ami_zho_TMEM_U000141
Amis_1597,GLOSBE_REVIEWED_ZHO_fedaed8fcc8f3f92,GLOSBE_ami_zho_TMEM_U000537
Amis_1598,GLOSBE_REVIEWED_ZHO_45580186a6283915,GLOSBE_ami_zho_TMEM_U000404
Amis_1599,GLOSBE_REVIEWED_ZHO_20823eca144b86d6,GLOSBE_ami_zho_TMEM_U000158
Amis_1600,GLOSBE_REVIEWED_ZHO_1b51014af4d1b62b,GLOSBE_ami_zho_TMEM_U000409
Amis_1601,GLOSBE_REVIEWED_ZHO_e83fa4cad6be2610,GLOSBE_ami_zho_TMEM_U000290
Amis_1602,GLOSBE_REVIEWED_ZHO_7b544e6edc8b7a54,GLOSBE_ami_zho_TMEM_U000547
Amis_1603,GLOSBE_REVIEWED_ZHO_f75be45758c2382f,GLOSBE_ami_zho_TMEM_U000961
Amis_1604,GLOSBE_REVIEWED_ZHO_c6a813706f4d29f0,GLOSBE_ami_zho_TMEM_U000175
Amis_1605,GLOSBE_REVIEWED_ZHO_ec69ef4f7595e6b3,GLOSBE_ami_zho_TMEM_U000178
Amis_1606,GLOSBE_REVIEWED_ZHO_1f13a63d55bfb9b6,GLOSBE_ami_zho_TMEM_U000549
Amis_1607,GLOSBE_REVIEWED_ZHO_19597b545d51a513,GLOSBE_ami_zho_TMEM_U000550
Amis_1608,GLOSBE_REVIEWED_ZHO_19ddcd8acdd2ba3e,GLOSBE_ami_zho_TMEM_U000962
Amis_1609,GLOSBE_REVIEWED_ZHO_a0a059e69c0bd877,GLOSBE_ami_zho_TMEM_U000963
Amis_1610,GLOSBE_REVIEWED_ZHO_86067a1e8d78b8e4,GLOSBE_ami_zho_TMEM_U000419
Amis_1611,GLOSBE_REVIEWED_ZHO_dff7e06804c551fb,GLOSBE_ami_zho_TMEM_U000420
Amis_1612,GLOSBE_REVIEWED_ZHO_859943a394be09ac,GLOSBE_ami_zho_TMEM_U000201
Amis_1613,GLOSBE_REVIEWED_ZHO_7f4f7525849821ef,GLOSBE_ami_zho_TMEM_U000202
Amis_1614,GLOSBE_REVIEWED_ZHO_7da2eb3f42097400,GLOSBE_ami_zho_TMEM_U000964
Amis_1615,GLOSBE_REVIEWED_ZHO_0f480aa393a98cce,GLOSBE_ami_zho_TMEM_U000615
Amis_1616,GLOSBE_REVIEWED_ZHO_cb12f005edb4ce35,GLOSBE_ami_zho_TMEM_U000313
Amis_1617,GLOSBE_REVIEWED_ZHO_e4de83d351f85059,GLOSBE_ami_zho_TMEM_U000560
Amis_1618,GLOSBE_REVIEWED_ZHO_b1f77ca6e565f001,GLOSBE_ami_zho_TMEM_U000431
Amis_1619,GLOSBE_REVIEWED_ZHO_b605a2e2e73c8578,GLOSBE_ami_zho_TMEM_U000432
Amis_1620,GLOSBE_REVIEWED_ZHO_f0144d84b6c2528d,GLOSBE_ami_zho_TMEM_U000965
Amis_1621,GLOSBE_REVIEWED_ZHO_c6072c6ba7ae3474,GLOSBE_ami_zho_TMEM_U000622
Amis_1622,GLOSBE_REVIEWED_ZHO_6c765ff37090919f,GLOSBE_ami_zho_TMEM_U000567
Amis_1623,GLOSBE_REVIEWED_ZHO_3d9b97a025c85267,GLOSBE_ami_zho_TMEM_U000439
Amis_1624,GLOSBE_REVIEWED_ZHO_327efe10c027038f,GLOSBE_ami_zho_TMEM_U000625
Amis_1625,GLOSBE_REVIEWED_ZHO_060b5e7998f71888,GLOSBE_ami_zho_TMEM_U000966
Amis_1626,GLOSBE_REVIEWED_ZHO_adead12c4f6b7afc,GLOSBE_ami_zho_TMEM_U000702
Amis_1627,GLOSBE_REVIEWED_ZHO_23c64e10632fc841,GLOSBE_ami_zho_TMEM_U000575
Amis_1628,GLOSBE_REVIEWED_ZHO_fe1d886c877030bc,GLOSBE_ami_zho_TMEM_U000334
Amis_1629,GLOSBE_REVIEWED_ZHO_581c78f0e8bd2dfe,GLOSBE_ami_zho_TMEM_U000967
Amis_1630,GLOSBE_REVIEWED_ZHO_1630a4fca2232633,GLOSBE_ami_zho_TMEM_U000450
Amis_1631,GLOSBE_REVIEWED_ZHO_797cae69390f1922,GLOSBE_ami_zho_TMEM_U000579
Amis_1632,GLOSBE_REVIEWED_ZHO_298421f76b21c4e2,GLOSBE_ami_zho_TMEM_U000452
Amis_1633,GLOSBE_REVIEWED_ZHO_40f6417ab41304f3,GLOSBE_ami_zho_TMEM_U000454
Amis_1634,GLOSBE_REVIEWED_ZHO_dbdd79757e5cf121,GLOSBE_ami_zho_TMEM_U000458
Amis_1635,GLOSBE_REVIEWED_ZHO_486942c41d551bc8,GLOSBE_ami_zho_TMEM_U000968
Amis_1636,GLOSBE_REVIEWED_ZHO_603a69e5fb6d6d3e,GLOSBE_ami_zho_TMEM_U000348
Amis_1637,GLOSBE_REVIEWED_ZHO_2d6659f53a9d84cb,GLOSBE_ami_zho_TMEM_U000631
Amis_1638,GLOSBE_REVIEWED_ZHO_9929a24ba6938327,GLOSBE_ami_zho_TMEM_U000969
Amis_1639,GLOSBE_REVIEWED_ZHO_5ac209d8d0fb345f,GLOSBE_ami_zho_TMEM_U000970
Amis_1640,GLOSBE_REVIEWED_ZHO_b08f568367a5f876,GLOSBE_ami_zho_TMEM_U000470
Amis_1641,GLOSBE_REVIEWED_ZHO_8a79d589192a7636,GLOSBE_ami_zho_TMEM_U000472
Amis_1642,GLOSBE_REVIEWED_ZHO_247dcdf2a92cb966,GLOSBE_ami_zho_TMEM_U000971
Amis_1643,GLOSBE_REVIEWED_ZHO_3482dc15279b97e1,GLOSBE_ami_zho_TMEM_U000972
Amis_1644,GLOSBE_REVIEWED_ZHO_8a3eec47865ac64d,GLOSBE_ami_zho_TMEM_U000973
Amis_1645,GLOSBE_REVIEWED_ZHO_0867cde58866bba5,GLOSBE_ami_zho_TMEM_U000974
Amis_1646,GLOSBE_REVIEWED_ZHO_3e4564cd05f35050,GLOSBE_ami_zho_TMEM_U000975
Amis_1647,GLOSBE_REVIEWED_ZHO_0acdad528c952a46,GLOSBE_ami_zho_TMEM_U000649
Amis_1648,GLOSBE_REVIEWED_ZHO_1beca549c6c76696,GLOSBE_ami_zho_TMEM_U000652
Amis_1649,GLOSBE_REVIEWED_ZHO_e0755f5844d938a5,GLOSBE_ami_zho_TMEM_U000976
Amis_1650,GLOSBE_REVIEWED_ZHO_23272ebd015ac3e8,GLOSBE_ami_zho_TMEM_U000663
Amis_1651,GLOSBE_REVIEWED_ZHO_3ceeb8ce092e4ac2,GLOSBE_ami_zho_TMEM_U000977
Amis_1652,GLOSBE_REVIEWED_ZHO_7023e392cb93c07b,GLOSBE_ami_zho_TMEM_U000665
Amis_1653,GLOSBE_REVIEWED_ZHO_d8d87812ce8c32a0,GLOSBE_ami_zho_TMEM_U000978
Amis_1654,GLOSBE_REVIEWED_ZHO_8aefee7f6ea465e0,GLOSBE_ami_zho_TMEM_U000979
Amis_1655,GLOSBE_REVIEWED_ZHO_7682cef19b339c8c,GLOSBE_ami_zho_TMEM_U000980
Amis_1656,GLOSBE_REVIEWED_ZHO_2903a202527dd721,GLOSBE_ami_zho_TMEM_U000981
Amis_1657,GLOSBE_REVIEWED_ZHO_838f55ded53de747,GLOSBE_ami_zho_TMEM_U000982
Amis_1658,GLOSBE_REVIEWED_ZHO_16c41954f2879363,GLOSBE_ami_zho_TMEM_U000983
Amis_1659,GLOSBE_REVIEWED_ZHO_3c9ec042e6a1327d,GLOSBE_ami_zho_TMEM_U000676
Amis_1660,GLOSBE_REVIEWED_ZHO_da4d7a3cf5da118e,GLOSBE_ami_zho_TMEM_U000984
Amis_1661,GLOSBE_REVIEWED_ZHO_2e560ba52073496f,GLOSBE_ami_zho_TMEM_U000985
Amis_1662,GLOSBE_REVIEWED_ZHO_e417f878c7b80d37,GLOSBE_ami_zho_TMEM_U000684
Amis_1663,GLOSBE_REVIEWED_ZHO_f2ce9c658c5bf4ca,GLOSBE_ami_zho_TMEM_U000986
Amis_1664,GLOSBE_REVIEWED_ZHO_1870637ac37cdabd,GLOSBE_ami_zho_TMEM_U000987
Amis_1665,GLOSBE_REVIEWED_ZHO_dfafce4082e44366,GLOSBE_ami_zho_TMEM_U000988
Amis_1666,GLOSBE_REVIEWED_ZHO_2c1803efd8a032d4,GLOSBE_ami_zho_TMEM_U000989
Amis_1667,GLOSBE_REVIEWED_ZHO_fb58fc220546436c,GLOSBE_ami_zho_TMEM_U000990
Amis_1668,GLOSBE_REVIEWED_ZHO_9930b2692fac28f1,GLOSBE_ami_zho_TMEM_U000991
Amis_1669,GLOSBE_REVIEWED_ZHO_e6598985f1355084,GLOSBE_ami_zho_TMEM_U000992
Amis_1670,GLOSBE_REVIEWED_ZHO_926a2e8e90c67fbe,GLOSBE_ami_zho_TMEM_U000993
Amis_1671,GLOSBE_REVIEWED_ZHO_dc0868fab1a2093b,GLOSBE_ami_zho_TMEM_U000994
Amis_1672,GLOSBE_REVIEWED_ZHO_fb2e64c3041da09f,GLOSBE_ami_zho_TMEM_U000995
Amis_1673,GLOSBE_REVIEWED_ZHO_975a314b97cf7916,GLOSBE_ami_zho_TMEM_U000996
Amis_1674,GLOSBE_REVIEWED_ZHO_b322e7c274498159,GLOSBE_ami_zho_TMEM_U000997
Amis_1675,GLOSBE_REVIEWED_ZHO_1614b5b8db316948,GLOSBE_ami_zho_TMEM_U000998
Amis_1676,GLOSBE_REVIEWED_ZHO_bc38b25172df3498,GLOSBE_ami_zho_TMEM_U000999
Amis_1677,GLOSBE_REVIEWED_ZHO_24ec72a27eaf01b8,GLOSBE_ami_zho_TMEM_U001000
Amis_1678,GLOSBE_REVIEWED_ZHO_bd0dc743fe67d557,GLOSBE_ami_zho_TMEM_U000952
Amis_1679,GLOSBE_REVIEWED_ZHO_8463a02c41f18cf7,GLOSBE_ami_zho_TMEM_U001001
Amis_1680,GLOSBE_REVIEWED_ZHO_1a6e6c5cd402f192,GLOSBE_ami_zho_TMEM_U001002
Amis_1681,GLOSBE_REVIEWED_ZHO_1e6239a0d80081ee,GLOSBE_ami_zho_TMEM_U001003
Amis_1682,GLOSBE_REVIEWED_ZHO_137ed93c185b9836,GLOSBE_ami_zho_TMEM_U001004
Amis_1683,GLOSBE_REVIEWED_ZHO_bc3f018fe0a3beb5,GLOSBE_ami_zho_TMEM_U001005
Amis_1684,GLOSBE_REVIEWED_ZHO_bb8d597757db3f5d,GLOSBE_ami_zho_TMEM_U001006
Amis_1685,GLOSBE_REVIEWED_ZHO_fcdd2db02fad2588,GLOSBE_ami_zho_TMEM_U001007
Amis_1686,GLOSBE_REVIEWED_ZHO_0afbb91b70a970ef,GLOSBE_ami_zho_TMEM_U001008
Amis_1687,GLOSBE_REVIEWED_ZHO_83ffd76c975ef26f,GLOSBE_ami_zho_TMEM_U001009
Amis_1688,GLOSBE_REVIEWED_ZHO_d08bd1206e08bbe3,GLOSBE_ami_zho_TMEM_U001010
Amis_1689,GLOSBE_REVIEWED_ZHO_92dce6f22c9198d3,GLOSBE_ami_zho_TMEM_U001011
Amis_1690,GLOSBE_REVIEWED_ZHO_eaa9aa2b484f9bf7,GLOSBE_ami_zho_TMEM_U001012
Amis_1691,GLOSBE_REVIEWED_ZHO_3aea1f31bdf0063d,GLOSBE_ami_zho_TMEM_U001013
Amis_1692,GLOSBE_REVIEWED_ZHO_fb481c4592ed1f5a,GLOSBE_ami_zho_TMEM_U001014
Amis_1693,GLOSBE_REVIEWED_ZHO_edf526f9b81ca288,GLOSBE_ami_zho_TMEM_U001015
Amis_1694,GLOSBE_REVIEWED_ZHO_a74c13dbecb37af1,GLOSBE_ami_zho_TMEM_U001016
Amis_1695,GLOSBE_REVIEWED_ZHO_6c7cae2e387bfdc8,GLOSBE_ami_zho_TMEM_U001017
Amis_1696,GLOSBE_REVIEWED_ZHO_9028580215a7cdd9,GLOSBE_ami_zho_TMEM_U001018
Amis_1697,GLOSBE_REVIEWED_ZHO_7fe194e80e773f1a,GLOSBE_ami_zho_TMEM_U001019
Amis_1698,GLOSBE_REVIEWED_ZHO_878df2888539ccf9,GLOSBE_ami_zho_TMEM_U001020
Amis_1699,GLOSBE_REVIEWED_ZHO_38b6b4e4c784e470,GLOSBE_ami_zho_TMEM_U001021
Amis_1700,GLOSBE_REVIEWED_ZHO_40b31b8b4e11740a,GLOSBE_ami_zho_TMEM_U001022
Amis_1701,GLOSBE_REVIEWED_ZHO_b985976c05e39bd3,GLOSBE_ami_zho_TMEM_U001023
Amis_1702,GLOSBE_REVIEWED_ZHO_71792d7ed69515a8,GLOSBE_ami_zho_TMEM_U001024
Amis_1703,GLOSBE_REVIEWED_ZHO_8e1391ead12c7748,GLOSBE_ami_zho_TMEM_U001025
Amis_1704,GLOSBE_REVIEWED_ZHO_0b984dbd7d02b54a,GLOSBE_ami_zho_TMEM_U001026
Amis_1705,GLOSBE_REVIEWED_ZHO_f6f6837d27484c53,GLOSBE_ami_zho_TMEM_U001027
Amis_1706,GLOSBE_REVIEWED_ZHO_97486f9f43589867,GLOSBE_ami_zho_TMEM_U001028
Amis_1707,GLOSBE_REVIEWED_ZHO_dd1f56c7af126e0a,GLOSBE_ami_zho_TMEM_U001029
Amis_1708,GLOSBE_REVIEWED_ZHO_6e41ab8b56b81e33,GLOSBE_ami_zho_TMEM_U001030
Amis_1709,GLOSBE_REVIEWED_ZHO_74b313b797d5bde2,GLOSBE_ami_zho_TMEM_U001031
Amis_1710,GLOSBE_REVIEWED_ZHO_c983c8f4adf78bae,GLOSBE_ami_zho_TMEM_U001032
Amis_1711,GLOSBE_REVIEWED_ZHO_3261115ce80ba6e8,GLOSBE_ami_zho_TMEM_U001033
Amis_1712,GLOSBE_REVIEWED_ZHO_398983bed4ef6fd9,GLOSBE_ami_zho_TMEM_U001034
Amis_1713,GLOSBE_REVIEWED_ZHO_d2d6c316cc8fdb66,GLOSBE_ami_zho_TMEM_U001035
Amis_1714,GLOSBE_REVIEWED_ZHO_9e5132b78745e846,GLOSBE_ami_zho_TMEM_U001036
Amis_1715,GLOSBE_REVIEWED_ZHO_4fa12ebed196e9e7,GLOSBE_ami_zho_TMEM_U001037
Amis_1716,GLOSBE_REVIEWED_ZHO_874dd7ae73038ea4,GLOSBE_ami_zho_TMEM_U001038
Amis_1717,GLOSBE_REVIEWED_ZHO_44fe6a7411b28777,GLOSBE_ami_zho_TMEM_U001039
Amis_1718,GLOSBE_REVIEWED_ZHO_df5b929d29be93bb,GLOSBE_ami_zho_TMEM_U001040
Amis_1719,GLOSBE_REVIEWED_ZHO_bbdbbf2a48aefe98,GLOSBE_ami_zho_TMEM_U001041
Amis_1720,GLOSBE_REVIEWED_ZHO_fca20ba663195227,GLOSBE_ami_zho_TMEM_U001042
Amis_1721,GLOSBE_REVIEWED_ZHO_4e86194ae4b5e4f8,GLOSBE_ami_zho_TMEM_U001043
Amis_1722,GLOSBE_REVIEWED_ZHO_8ee51421a713f9a7,GLOSBE_ami_zho_TMEM_U001044
Amis_1723,GLOSBE_REVIEWED_ZHO_1004f292d2da6d27,GLOSBE_ami_zho_TMEM_U001045
Amis_1724,GLOSBE_REVIEWED_ZHO_faf09b6c83ec3a31,GLOSBE_ami_zho_TMEM_U001046
Amis_1725,GLOSBE_REVIEWED_ZHO_5cdc1020419240ba,GLOSBE_ami_zho_TMEM_U001047
Amis_1726,GLOSBE_REVIEWED_ZHO_fe20651d054c00a7,GLOSBE_ami_zho_TMEM_U001048
Amis_1727,GLOSBE_REVIEWED_ZHO_ecdbd3bd28e9377b,GLOSBE_ami_zho_TMEM_U001049
Amis_1728,GLOSBE_REVIEWED_ZHO_4aefd30a19ff27be,GLOSBE_ami_zho_TMEM_U001050
Amis_1729,GLOSBE_REVIEWED_ZHO_68dc35a60cd23b2e,GLOSBE_ami_zho_TMEM_U001051
Amis_1730,GLOSBE_REVIEWED_ZHO_f14e9cf8d323a9aa,GLOSBE_ami_zho_TMEM_U001052
Amis_1731,GLOSBE_REVIEWED_ZHO_ca8f65dc0c992fb3,GLOSBE_ami_zho_TMEM_U001053
Amis_1732,GLOSBE_REVIEWED_ZHO_f5246236a8f25787,GLOSBE_ami_zho_TMEM_U001054
Amis_1733,GLOSBE_REVIEWED_ZHO_e04a2c3f664a44ec,GLOSBE_ami_zho_TMEM_U001055
Amis_1734,GLOSBE_REVIEWED_ZHO_2abd5ec972f4004a,GLOSBE_ami_zho_TMEM_U001056
Amis_1735,GLOSBE_REVIEWED_ZHO_43ff2b96e677392c,GLOSBE_ami_zho_TMEM_U001057
Amis_1736,GLOSBE_REVIEWED_ZHO_a9bb3c00dfc81333,GLOSBE_ami_zho_TMEM_U001058
Amis_1737,GLOSBE_REVIEWED_ZHO_3cfacaccc33fea99,GLOSBE_ami_zho_TMEM_U001059
Amis_1738,GLOSBE_REVIEWED_ZHO_9c55242b26358c04,GLOSBE_ami_zho_TMEM_U001060
Amis_1739,GLOSBE_REVIEWED_ZHO_5f45062dabdc85bc,GLOSBE_ami_zho_TMEM_U001061
Amis_1740,GLOSBE_REVIEWED_ZHO_8ed0b2ffad2f8684,GLOSBE_ami_zho_TMEM_U001062
Amis_1741,GLOSBE_REVIEWED_ZHO_112bb10a1e93491f,GLOSBE_ami_zho_TMEM_U001063
Amis_1742,GLOSBE_REVIEWED_ZHO_166be82f6dfeebc8,GLOSBE_ami_zho_TMEM_U001064
Amis_1743,GLOSBE_REVIEWED_ZHO_c5e3a0c7a0d2d520,GLOSBE_ami_zho_TMEM_U001065
Amis_1744,GLOSBE_REVIEWED_ZHO_162d890232cd4f49,GLOSBE_ami_zho_TMEM_U001066
Amis_1745,GLOSBE_REVIEWED_ZHO_430163972712fac3,GLOSBE_ami_zho_TMEM_U001067
Amis_1746,GLOSBE_REVIEWED_ZHO_e30f68236eff78a8,GLOSBE_ami_zho_TMEM_U001068
Amis_1747,GLOSBE_REVIEWED_ZHO_5b506b5fcf621154,GLOSBE_ami_zho_TMEM_U001069
Amis_1748,GLOSBE_REVIEWED_ZHO_58cabab3f2e885c5,GLOSBE_ami_zho_TMEM_U001070
Amis_1749,GLOSBE_REVIEWED_ZHO_321f3ed6f5e75a7e,GLOSBE_ami_zho_TMEM_U001071
Amis_1750,GLOSBE_REVIEWED_ZHO_1b74f4176441aeee,GLOSBE_ami_zho_TMEM_U001072
Amis_1751,GLOSBE_REVIEWED_ZHO_d2d40214f0ec0cf1,GLOSBE_ami_zho_TMEM_U001073
Amis_1752,GLOSBE_REVIEWED_ZHO_27778d681bd5f3ba,GLOSBE_ami_zho_TMEM_U001074
Amis_1753,GLOSBE_REVIEWED_ZHO_bc8def448d7d2aa5,GLOSBE_ami_zho_TMEM_U001075
Amis_1754,GLOSBE_REVIEWED_ZHO_ae35aff842f8e05d,GLOSBE_ami_zho_TMEM_U001076
Amis_1755,GLOSBE_REVIEWED_ZHO_4a6cef7f5cca17e0,GLOSBE_ami_zho_TMEM_U001077
Amis_1756,GLOSBE_REVIEWED_ZHO_eebb8db91c0d0746,GLOSBE_ami_zho_TMEM_U001078
Amis_1757,GLOSBE_REVIEWED_ZHO_3f4b0635ab2882e5,GLOSBE_ami_zho_TMEM_U001079
Amis_1758,GLOSBE_REVIEWED_ZHO_f41a63052fa6c00a,GLOSBE_ami_zho_TMEM_U001080
Amis_1759,GLOSBE_REVIEWED_ZHO_814f0ca208db28c1,GLOSBE_ami_zho_TMEM_U000247
Amis_1760,GLOSBE_REVIEWED_ZHO_50cbff7189b8b863,GLOSBE_ami_zho_TMEM_U000123
Amis_1761,GLOSBE_REVIEWED_ZHO_ffcc4249d691eccf,GLOSBE_ami_zho_TMEM_U001081
Amis_1762,GLOSBE_REVIEWED_ZHO_48a4ae2b6032c13d,GLOSBE_ami_zho_TMEM_U000407
Amis_1763,GLOSBE_REVIEWED_ZHO_767b57aaf3ed9853,GLOSBE_ami_zho_TMEM_U000218
Amis_1764,GLOSBE_REVIEWED_ZHO_02e61176ff81c882,GLOSBE_ami_zho_TMEM_U000626
Amis_1765,GLOSBE_REVIEWED_ZHO_23c64e10632fc841,GLOSBE_ami_zho_TMEM_U000575
Amis_1766,GLOSBE_REVIEWED_ZHO_265c0a061a79b4b1,GLOSBE_ami_zho_TMEM_U000893
Amis_1767,GLOSBE_REVIEWED_ZHO_1319e7facfc22dcf,GLOSBE_ami_zho_TMEM_U000854
Amis_1768,GLOSBE_REVIEWED_ZHO_72e26e7685594883,GLOSBE_ami_zho_TMEM_U000747
Amis_1769,GLOSBE_REVIEWED_ZHO_24e4b096ca3fd726,GLOSBE_ami_zho_TMEM_U001082
Amis_1770,GLOSBE_REVIEWED_ZHO_f41a63052fa6c00a,GLOSBE_ami_zho_TMEM_U001080
Amis_1771,GLOSBE_REVIEWED_ZHO_3c39511284c8b796,GLOSBE_ami_zho_TMEM_U001083
Amis_1772,GLOSBE_STATIC_3459aee58d9ab0d104a4,GLOSBE_ami_zho_TMEM_U000013
Amis_1773,GLOSBE_REVIEWED_ZHO_c2211393d5916077,GLOSBE_ami_zho_TMEM_U001084
Amis_1774,GLOSBE_REVIEWED_ZHO_3ad892effbb2f2b6,GLOSBE_ami_zho_TMEM_U000485
Amis_1775,GLOSBE_REVIEWED_ZHO_aac2b371c5f88948,GLOSBE_ami_zho_TMEM_U000132
Amis_1776,GLOSBE_REVIEWED_ZHO_8004f1c37b01d903,GLOSBE_ami_zho_TMEM_U001085
Amis_1777,GLOSBE_REVIEWED_ZHO_7ec1d85795599f91,GLOSBE_ami_zho_TMEM_U001086
Amis_1778,GLOSBE_REVIEWED_ZHO_e4597f967a0fd1e2,GLOSBE_ami_zho_TMEM_U001087
Amis_1779,GLOSBE_REVIEWED_ZHO_0a51c2ee2bd62f50,GLOSBE_ami_zho_TMEM_U000229
Amis_1780,GLOSBE_REVIEWED_ZHO_86bc5e27b2f78f24,GLOSBE_ami_zho_TMEM_U000694
Amis_1781,GLOSBE_REVIEWED_ZHO_0c5cdb64958040e6,GLOSBE_ami_zho_TMEM_U000695
Amis_1782,GLOSBE_REVIEWED_ZHO_ea288e5d94643383,GLOSBE_ami_zho_TMEM_U000514
Amis_1783,GLOSBE_REVIEWED_ZHO_a39cd1d40c851a81,GLOSBE_ami_zho_TMEM_U000076
Amis_1784,GLOSBE_REVIEWED_ZHO_9218bf6f27fb06dc,GLOSBE_ami_zho_TMEM_U000267
Amis_1785,GLOSBE_REVIEWED_ZHO_154985dcc05a0a50,GLOSBE_ami_zho_TMEM_U000527
Amis_1786,GLOSBE_REVIEWED_ZHO_4862ed93c0ce971f,GLOSBE_ami_zho_TMEM_U001088
Amis_1787,GLOSBE_REVIEWED_ZHO_a9e100f5b5398618,GLOSBE_ami_zho_TMEM_U000116
Amis_1788,GLOSBE_REVIEWED_ZHO_3d5c6832485b5846,GLOSBE_ami_zho_TMEM_U001089
Amis_1789,GLOSBE_REVIEWED_ZHO_1d05b40a1262c084,GLOSBE_ami_zho_TMEM_U000697
Amis_1790,GLOSBE_REVIEWED_ZHO_7b9776fba9563385,GLOSBE_ami_zho_TMEM_U000698
Amis_1791,GLOSBE_REVIEWED_ZHO_ef4ab9bf73ecf81f,GLOSBE_ami_zho_TMEM_U000699
Amis_1792,GLOSBE_REVIEWED_ZHO_c0bd4a180a4cfaae,GLOSBE_ami_zho_TMEM_U000281
Amis_1793,GLOSBE_REVIEWED_ZHO_a080f77e309cca4d,GLOSBE_ami_zho_TMEM_U000165
Amis_1794,GLOSBE_REVIEWED_ZHO_718f620f116bc5e8,GLOSBE_ami_zho_TMEM_U000168
Amis_1795,GLOSBE_REVIEWED_ZHO_d3e75a07c8649ec5,GLOSBE_ami_zho_TMEM_U000551
Amis_1796,GLOSBE_REVIEWED_ZHO_5ca466ca130ddbba,GLOSBE_ami_zho_TMEM_U001090
Amis_1797,GLOSBE_REVIEWED_ZHO_a7f4fbdd763ae4f6,GLOSBE_ami_zho_TMEM_U001091
Amis_1798,GLOSBE_REVIEWED_ZHO_326577a031a03bee,GLOSBE_ami_zho_TMEM_U001092
Amis_1799,GLOSBE_REVIEWED_ZHO_690cae964a9bf60a,GLOSBE_ami_zho_TMEM_U000203
Amis_1800,GLOSBE_REVIEWED_ZHO_c1ba6e274857f556,GLOSBE_ami_zho_TMEM_U000205
Amis_1801,GLOSBE_REVIEWED_ZHO_be8018e6a24a7461,GLOSBE_ami_zho_TMEM_U000616
Amis_1802,GLOSBE_REVIEWED_ZHO_91797d399b150f32,GLOSBE_ami_zho_TMEM_U000311
Amis_1803,GLOSBE_REVIEWED_ZHO_70b471128e392e11,GLOSBE_ami_zho_TMEM_U001093
Amis_1804,GLOSBE_REVIEWED_ZHO_2c380881ba4f238c,GLOSBE_ami_zho_TMEM_U000312
Amis_1805,GLOSBE_REVIEWED_ZHO_dfa7827da8eb8018,GLOSBE_ami_zho_TMEM_U001094
Amis_1806,GLOSBE_REVIEWED_ZHO_85008c41518b9a6f,GLOSBE_ami_zho_TMEM_U001095
Amis_1807,GLOSBE_REVIEWED_ZHO_eebd8379afb7a720,GLOSBE_ami_zho_TMEM_U000317
Amis_1808,GLOSBE_REVIEWED_ZHO_70ef87f90ef6103e,GLOSBE_ami_zho_TMEM_U001096
Amis_1809,GLOSBE_REVIEWED_ZHO_e489a95ba46a9b20,GLOSBE_ami_zho_TMEM_U001097
Amis_1810,GLOSBE_REVIEWED_ZHO_e9a4cb8338db06dd,GLOSBE_ami_zho_TMEM_U000464
Amis_1811,GLOSBE_REVIEWED_ZHO_69fedad5e0dba28a,GLOSBE_ami_zho_TMEM_U000705
Amis_1812,GLOSBE_REVIEWED_ZHO_41d3d4b996c958ce,GLOSBE_ami_zho_TMEM_U001098
Amis_1813,GLOSBE_REVIEWED_ZHO_5bb0591bba3a907f,GLOSBE_ami_zho_TMEM_U001099
Amis_1814,GLOSBE_REVIEWED_ZHO_9fa1bbccffa94685,GLOSBE_ami_zho_TMEM_U001100
Amis_1815,GLOSBE_REVIEWED_ZHO_4ee75ecf9515c909,GLOSBE_ami_zho_TMEM_U001101
Amis_1816,GLOSBE_REVIEWED_ZHO_1b04a5b7dd3e267d,GLOSBE_ami_zho_TMEM_U001102
Amis_1817,GLOSBE_REVIEWED_ZHO_4e7e161b33a77570,GLOSBE_ami_zho_TMEM_U001103
Amis_1818,GLOSBE_REVIEWED_ZHO_fc052867e23a4d01,GLOSBE_ami_zho_TMEM_U000708
Amis_1819,GLOSBE_REVIEWED_ZHO_aefe8ba06c434eff,GLOSBE_ami_zho_TMEM_U001104
Amis_1820,GLOSBE_REVIEWED_ZHO_25c1266cd5900faa,GLOSBE_ami_zho_TMEM_U000709
Amis_1821,GLOSBE_REVIEWED_ZHO_652f731f05a61056,GLOSBE_ami_zho_TMEM_U000640
Amis_1822,GLOSBE_REVIEWED_ZHO_d2af55b94d1153af,GLOSBE_ami_zho_TMEM_U000711
Amis_1823,GLOSBE_REVIEWED_ZHO_4e77a547d739c29e,GLOSBE_ami_zho_TMEM_U001105
Amis_1824,GLOSBE_REVIEWED_ZHO_66722e1bbff77b0f,GLOSBE_ami_zho_TMEM_U000838
Amis_1825,GLOSBE_REVIEWED_ZHO_ad0225e33b86bf1a,GLOSBE_ami_zho_TMEM_U001106
Amis_1826,GLOSBE_REVIEWED_ZHO_28e43da15a97e3a6,GLOSBE_ami_zho_TMEM_U001107
Amis_1827,GLOSBE_REVIEWED_ZHO_1a1d2c318a42ba08,GLOSBE_ami_zho_TMEM_U001108
Amis_1828,GLOSBE_REVIEWED_ZHO_845b99a7339fcbbe,GLOSBE_ami_zho_TMEM_U000503
Amis_1829,GLOSBE_REVIEWED_ZHO_047cef58b3159dce,GLOSBE_ami_zho_TMEM_U001109
Amis_1830,GLOSBE_REVIEWED_ZHO_9de2616889c7b737,GLOSBE_ami_zho_TMEM_U001110
Amis_1831,GLOSBE_REVIEWED_ZHO_005f82f329a5ef42,GLOSBE_ami_zho_TMEM_U000716
Amis_1832,GLOSBE_REVIEWED_ZHO_e5aa48d1b8fdf833,GLOSBE_ami_zho_TMEM_U001111
Amis_1833,GLOSBE_REVIEWED_ZHO_8c93fe0bfdb839c6,GLOSBE_ami_zho_TMEM_U000717
Amis_1834,GLOSBE_REVIEWED_ZHO_d3c702e03c486ee5,GLOSBE_ami_zho_TMEM_U000718
Amis_1835,GLOSBE_REVIEWED_ZHO_f6c79273f43ec1fb,GLOSBE_ami_zho_TMEM_U000683
Amis_1836,GLOSBE_REVIEWED_ZHO_4d7d768d64c49997,GLOSBE_ami_zho_TMEM_U001112
Amis_1837,GLOSBE_REVIEWED_ZHO_8899c73bf1c5e1a0,GLOSBE_ami_zho_TMEM_U001113
Amis_1838,GLOSBE_REVIEWED_ZHO_07cbbf57ce5d690b,GLOSBE_ami_zho_TMEM_U001114
Amis_1839,GLOSBE_REVIEWED_ZHO_d2168e6d14a43536,GLOSBE_ami_zho_TMEM_U001115
Amis_1840,GLOSBE_REVIEWED_ZHO_9ea717d88cf35392,GLOSBE_ami_zho_TMEM_U001116
Amis_1841,GLOSBE_REVIEWED_ZHO_cfe919e6688e9c56,GLOSBE_ami_zho_TMEM_U001117
Amis_1842,GLOSBE_REVIEWED_ZHO_c4c20335ab6429d7,GLOSBE_ami_zho_TMEM_U000879
Amis_1843,GLOSBE_REVIEWED_ZHO_be77fd3d1f0fd8be,GLOSBE_ami_zho_TMEM_U000724
Amis_1844,GLOSBE_REVIEWED_ZHO_5a9679621d7ad462,GLOSBE_ami_zho_TMEM_U001118
Amis_1845,GLOSBE_REVIEWED_ZHO_b4a103231e65a58d,GLOSBE_ami_zho_TMEM_U000726
Amis_1846,GLOSBE_REVIEWED_ZHO_92dafa4db99ebf35,GLOSBE_ami_zho_TMEM_U000881
Amis_1847,GLOSBE_REVIEWED_ZHO_3b543c9820bb6bba,GLOSBE_ami_zho_TMEM_U000729
Amis_1848,GLOSBE_REVIEWED_ZHO_a617b10a76548fc1,GLOSBE_ami_zho_TMEM_U000730
Amis_1849,GLOSBE_REVIEWED_ZHO_90ee5c996761f10b,GLOSBE_ami_zho_TMEM_U000731
Amis_1850,GLOSBE_REVIEWED_ZHO_05d3c3283af380ce,GLOSBE_ami_zho_TMEM_U000736
Amis_1851,GLOSBE_REVIEWED_ZHO_532bb3519f5db297,GLOSBE_ami_zho_TMEM_U001119
Amis_1852,GLOSBE_REVIEWED_ZHO_cc75b086c1763f92,GLOSBE_ami_zho_TMEM_U001120
Amis_1853,GLOSBE_REVIEWED_ZHO_bd0fec9a35ab7c3a,GLOSBE_ami_zho_TMEM_U001121
Amis_1854,GLOSBE_REVIEWED_ZHO_72a15baa98b27905,GLOSBE_ami_zho_TMEM_U001122
Amis_1855,GLOSBE_REVIEWED_ZHO_90a08b174856738c,GLOSBE_ami_zho_TMEM_U000739
Amis_1856,GLOSBE_REVIEWED_ZHO_965c6d9f45248c8f,GLOSBE_ami_zho_TMEM_U001123
Amis_1857,GLOSBE_REVIEWED_ZHO_0c17f1a474dff435,GLOSBE_ami_zho_TMEM_U001124
Amis_1858,GLOSBE_REVIEWED_ZHO_8ffb6bf5b30d09bb,GLOSBE_ami_zho_TMEM_U001125
Amis_1859,GLOSBE_REVIEWED_ZHO_ee4d97fbcb0c8331,GLOSBE_ami_zho_TMEM_U001126
Amis_1860,GLOSBE_REVIEWED_ZHO_c58aed2ef5af87f9,GLOSBE_ami_zho_TMEM_U001127
Amis_1861,GLOSBE_REVIEWED_ZHO_bd22d8a3cd373fda,GLOSBE_ami_zho_TMEM_U000743
Amis_1862,GLOSBE_REVIEWED_ZHO_0db23ca06f5e0266,GLOSBE_ami_zho_TMEM_U001128
Amis_1863,GLOSBE_REVIEWED_ZHO_398983bed4ef6fd9,GLOSBE_ami_zho_TMEM_U001034
Amis_1864,GLOSBE_REVIEWED_ZHO_8028416b4417e12e,GLOSBE_ami_zho_TMEM_U000853
Amis_1865,GLOSBE_REVIEWED_ZHO_262d44284b5b9ebe,GLOSBE_ami_zho_TMEM_U001129
Amis_1866,GLOSBE_REVIEWED_ZHO_860dd811520946cc,GLOSBE_ami_zho_TMEM_U001130
Amis_1867,GLOSBE_REVIEWED_ZHO_65c9f906bb5f54c1,GLOSBE_ami_zho_TMEM_U000744
Amis_1868,GLOSBE_REVIEWED_ZHO_3d694dbfd7f3ba38,GLOSBE_ami_zho_TMEM_U000905
Amis_1869,GLOSBE_REVIEWED_ZHO_9c7d2ef107ba068b,GLOSBE_ami_zho_TMEM_U001131
Amis_1870,GLOSBE_REVIEWED_ZHO_d60c4e943f014e1f,GLOSBE_ami_zho_TMEM_U001132
Amis_1871,GLOSBE_REVIEWED_ZHO_925e90a31325969b,GLOSBE_ami_zho_TMEM_U001133
Amis_1872,GLOSBE_REVIEWED_ZHO_23245f45f1caca15,GLOSBE_ami_zho_TMEM_U000906
Amis_1873,GLOSBE_REVIEWED_ZHO_b3a1e0a569af92a7,GLOSBE_ami_zho_TMEM_U000748
Amis_1874,GLOSBE_REVIEWED_ZHO_45c099d5d4b8daa6,GLOSBE_ami_zho_TMEM_U000749
Amis_1875,GLOSBE_REVIEWED_ZHO_6efb09c7eec7fa27,GLOSBE_ami_zho_TMEM_U000751
Amis_1876,GLOSBE_REVIEWED_ZHO_f80323d9c8c4d23b,GLOSBE_ami_zho_TMEM_U001134
Amis_1877,GLOSBE_REVIEWED_ZHO_f74d58c7069f664c,GLOSBE_ami_zho_TMEM_U000912
Amis_1878,GLOSBE_REVIEWED_ZHO_f0fdab00da32c21f,GLOSBE_ami_zho_TMEM_U001135
Amis_1879,GLOSBE_REVIEWED_ZHO_09689b2398b5678e,GLOSBE_ami_zho_TMEM_U001136
Amis_1880,GLOSBE_REVIEWED_ZHO_fad1c6d670c78d75,GLOSBE_ami_zho_TMEM_U001137
Amis_1881,GLOSBE_REVIEWED_ZHO_16a9dca3313c4f8e,GLOSBE_ami_zho_TMEM_U001138
Amis_1882,GLOSBE_REVIEWED_ZHO_48d7dad0320f7fd6,GLOSBE_ami_zho_TMEM_U000918
Amis_1883,GLOSBE_REVIEWED_ZHO_916cc20eff1c39fe,GLOSBE_ami_zho_TMEM_U001139
Amis_1884,GLOSBE_REVIEWED_ZHO_fedd65cdd0592853,GLOSBE_ami_zho_TMEM_U001140
Amis_1885,GLOSBE_REVIEWED_ZHO_17e20037c1f1a0a1,GLOSBE_ami_zho_TMEM_U001141
Amis_1886,GLOSBE_REVIEWED_ZHO_5c54d3ee231c5c73,GLOSBE_ami_zho_TMEM_U001142
Amis_1887,GLOSBE_REVIEWED_ZHO_a965d42a6b0112ae,GLOSBE_ami_zho_TMEM_U000758
Amis_1888,GLOSBE_REVIEWED_ZHO_387b8082a084f02a,GLOSBE_ami_zho_TMEM_U001143
Amis_1889,GLOSBE_REVIEWED_ZHO_cda95e924bad0455,GLOSBE_ami_zho_TMEM_U001144
Amis_1890,GLOSBE_REVIEWED_ZHO_2caf3d65072a497d,GLOSBE_ami_zho_TMEM_U001145
Amis_1891,GLOSBE_REVIEWED_ZHO_6c618a5b55ad5cda,GLOSBE_ami_zho_TMEM_U001146
Amis_1892,GLOSBE_REVIEWED_ZHO_fa935a66c2283200,GLOSBE_ami_zho_TMEM_U001147
Amis_1893,GLOSBE_REVIEWED_ZHO_fdfe9f8201bfa9bd,GLOSBE_ami_zho_TMEM_U001148
Amis_1894,GLOSBE_REVIEWED_ZHO_166cc6d541ed7251,GLOSBE_ami_zho_TMEM_U001149
Amis_1895,GLOSBE_REVIEWED_ZHO_daad76c37d50489e,GLOSBE_ami_zho_TMEM_U000926
Amis_1896,GLOSBE_REVIEWED_ZHO_d24cc7d8190f38ed,GLOSBE_ami_zho_TMEM_U000765
Amis_1897,GLOSBE_REVIEWED_ZHO_554331f90f842b7f,GLOSBE_ami_zho_TMEM_U001150
Amis_1898,GLOSBE_REVIEWED_ZHO_3c39511284c8b796,GLOSBE_ami_zho_TMEM_U001083
Amis_1899,GLOSBE_REVIEWED_ZHO_9a895058a29514c4,GLOSBE_ami_zho_TMEM_U000769
Amis_1900,GLOSBE_REVIEWED_ZHO_c9d22d9b757d36ae,GLOSBE_ami_zho_TMEM_U001151
Amis_1901,GLOSBE_REVIEWED_ZHO_524eb6beb237f4f6,GLOSBE_ami_zho_TMEM_U000233
Amis_1902,GLOSBE_REVIEWED_ZHO_9aef210f29b7f3ab,GLOSBE_ami_zho_TMEM_U000131
Amis_1903,GLOSBE_REVIEWED_ZHO_5ca466ca130ddbba,GLOSBE_ami_zho_TMEM_U001090
Amis_1904,GLOSBE_REVIEWED_ZHO_a04980eaad016156,GLOSBE_ami_zho_TMEM_U000435
Amis_1905,GLOSBE_REVIEWED_ZHO_66fbcd707888fbf8,GLOSBE_ami_zho_TMEM_U001152
Amis_1906,GLOSBE_REVIEWED_ZHO_919802f9c4729881,GLOSBE_ami_zho_TMEM_U001153
Amis_1907,GLOSBE_REVIEWED_ZHO_ecc6a4b872051495,GLOSBE_ami_zho_TMEM_U001154
Amis_1908,GLOSBE_REVIEWED_ZHO_4c4f9a70eaeec5a3,GLOSBE_ami_zho_TMEM_U000874
Amis_1909,GLOSBE_REVIEWED_ZHO_efb72f22b8c2b309,GLOSBE_ami_zho_TMEM_U001155
Amis_1910,GLOSBE_REVIEWED_ZHO_bb935d4d41631e58,GLOSBE_ami_zho_TMEM_U001156
Amis_1911,GLOSBE_REVIEWED_ZHO_d31b93c95594fae7,GLOSBE_ami_zho_TMEM_U001157
Amis_1912,GLOSBE_REVIEWED_ZHO_11f02efb876df60c,GLOSBE_ami_zho_TMEM_U001158
Amis_1913,GLOSBE_REVIEWED_ZHO_94abf7c9053811f7,GLOSBE_ami_zho_TMEM_U001159
Amis_1914,GLOSBE_REVIEWED_ZHO_965c6d9f45248c8f,GLOSBE_ami_zho_TMEM_U001123
Amis_1915,GLOSBE_REVIEWED_ZHO_6946aeb2917c6df5,GLOSBE_ami_zho_TMEM_U001160
Amis_1916,GLOSBE_REVIEWED_ZHO_a78eafa7b0770f65,GLOSBE_ami_zho_TMEM_U000741
Amis_1917,GLOSBE_REVIEWED_ZHO_0d3e971735c164f4,GLOSBE_ami_zho_TMEM_U001161
Amis_1918,GLOSBE_REVIEWED_ZHO_3a297b4b8852d195,GLOSBE_ami_zho_TMEM_U001162
Amis_1919,GLOSBE_REVIEWED_ZHO_b1b7a49717bb8c2b,GLOSBE_ami_zho_TMEM_U000790
Amis_1920,GLOSBE_REVIEWED_ZHO_cc6da56c154d2c11,GLOSBE_ami_zho_TMEM_U001163
Amis_1921,GLOSBE_REVIEWED_ZHO_6f979f9a3660116a,GLOSBE_ami_zho_TMEM_U000914
Amis_1922,GLOSBE_REVIEWED_ZHO_6fc73085e4c6f49c,GLOSBE_ami_zho_TMEM_U001164
Amis_1923,GLOSBE_REVIEWED_ZHO_c6aa2476c0f6ed39,GLOSBE_ami_zho_TMEM_U001165
Amis_1924,GLOSBE_REVIEWED_ZHO_b1202b1a95982791,GLOSBE_ami_zho_TMEM_U001166
Amis_1925,GLOSBE_REVIEWED_ZHO_e0d67d973746d488,GLOSBE_ami_zho_TMEM_U001167
Amis_1926,GLOSBE_REVIEWED_ZHO_27778d681bd5f3ba,GLOSBE_ami_zho_TMEM_U001074
Amis_1927,GLOSBE_REVIEWED_ZHO_d9e0a812a57a3434,GLOSBE_ami_zho_TMEM_U001168
Amis_1928,GLOSBE_REVIEWED_ZHO_daad76c37d50489e,GLOSBE_ami_zho_TMEM_U000926
Amis_1929,GLOSBE_REVIEWED_ZHO_afbcdd4870a25bca,GLOSBE_ami_zho_TMEM_U001169
Amis_1930,GLOSBE_REVIEWED_ZHO_cc3ea30aa6de947b,GLOSBE_ami_zho_TMEM_U001170
Amis_1931,GLOSBE_REVIEWED_ZHO_08e2a4c01841704c,GLOSBE_ami_zho_TMEM_U000169
Amis_1932,GLOSBE_REVIEWED_ZHO_060b5e7998f71888,GLOSBE_ami_zho_TMEM_U000966
Amis_1933,GLOSBE_REVIEWED_ZHO_64dd6a3b98845944,GLOSBE_ami_zho_TMEM_U001171
Amis_1934,GLOSBE_REVIEWED_ZHO_7c628a4503549c56,GLOSBE_ami_zho_TMEM_U001172
Amis_1935,GLOSBE_REVIEWED_ZHO_14b7a6ad46c1610c,GLOSBE_ami_zho_TMEM_U000752
Amis_1936,GLOSBE_REVIEWED_ZHO_0538cd3944509f27,GLOSBE_ami_zho_TMEM_U000028
Amis_1937,GLOSBE_STATIC_4d47d68035a4efdd0f7a,GLOSBE_ami_zho_TMEM_U000019
Amis_1938,GLOSBE_REVIEWED_ZHO_66e4d7da0b7032c4,GLOSBE_ami_zho_TMEM_U000047
Amis_1939,GLOSBE_STATIC_c8c1e3c604f588af9b86,GLOSBE_ami_zho_TMEM_U000023
Amis_1940,GLOSBE_REVIEWED_ZHO_0728178242e42dc4,GLOSBE_ami_zho_TMEM_U000237
Amis_1941,GLOSBE_REVIEWED_ZHO_cb12648352c5b7d4,GLOSBE_ami_zho_TMEM_U000242
Amis_1942,GLOSBE_REVIEWED_ZHO_8ba98d36bc69f26d,GLOSBE_ami_zho_TMEM_U000243
Amis_1943,GLOSBE_REVIEWED_ZHO_3ae36a3e2512956a,GLOSBE_ami_zho_TMEM_U001173
Amis_1944,GLOSBE_REVIEWED_ZHO_89e2940197f6e515,GLOSBE_ami_zho_TMEM_U000245
Amis_1945,GLOSBE_REVIEWED_ZHO_3a99534d1b2c0057,GLOSBE_ami_zho_TMEM_U001174
Amis_1946,GLOSBE_REVIEWED_ZHO_fdc895132efca755,GLOSBE_ami_zho_TMEM_U000066
Amis_1947,GLOSBE_REVIEWED_ZHO_ea288e5d94643383,GLOSBE_ami_zho_TMEM_U000514
Amis_1948,GLOSBE_REVIEWED_ZHO_a928eb25f537ea60,GLOSBE_ami_zho_TMEM_U000079
Amis_1949,GLOSBE_REVIEWED_ZHO_86d09a0b7d165575,GLOSBE_ami_zho_TMEM_U000601
Amis_1950,GLOSBE_REVIEWED_ZHO_81a0ab645bdd7ab7,GLOSBE_ami_zho_TMEM_U000258
Amis_1951,GLOSBE_REVIEWED_ZHO_3c24ea1fb75b04e3,GLOSBE_ami_zho_TMEM_U000264
Amis_1952,GLOSBE_REVIEWED_ZHO_effed0b3a4c6d25c,GLOSBE_ami_zho_TMEM_U000266
Amis_1953,GLOSBE_REVIEWED_ZHO_db9e51a61157de58,GLOSBE_ami_zho_TMEM_U000106
Amis_1954,GLOSBE_REVIEWED_ZHO_03087f4024cd873e,GLOSBE_ami_zho_TMEM_U000395
Amis_1955,GLOSBE_REVIEWED_ZHO_7b7b83f4089aed5f,GLOSBE_ami_zho_TMEM_U000397
Amis_1956,GLOSBE_REVIEWED_ZHO_b1c98e1eb60e2c4b,GLOSBE_ami_zho_TMEM_U000272
Amis_1957,GLOSBE_REVIEWED_ZHO_d2866f45e9a5bb37,GLOSBE_ami_zho_TMEM_U000608
Amis_1958,GLOSBE_REVIEWED_ZHO_0c07dbaea7a7173d,GLOSBE_ami_zho_TMEM_U000282
Amis_1959,GLOSBE_REVIEWED_ZHO_1260d55393c4bde8,GLOSBE_ami_zho_TMEM_U000287
Amis_1960,GLOSBE_REVIEWED_ZHO_01c81211380f830d,GLOSBE_ami_zho_TMEM_U000490
Amis_1961,GLOSBE_REVIEWED_ZHO_1b51014af4d1b62b,GLOSBE_ami_zho_TMEM_U000409
Amis_1962,GLOSBE_REVIEWED_ZHO_2d1128e97aac1bc6,GLOSBE_ami_zho_TMEM_U000160
Amis_1963,GLOSBE_REVIEWED_ZHO_2e64269b9d105fb6,GLOSBE_ami_zho_TMEM_U000612
Amis_1964,GLOSBE_REVIEWED_ZHO_718f620f116bc5e8,GLOSBE_ami_zho_TMEM_U000168
Amis_1965,GLOSBE_REVIEWED_ZHO_f2c3c7ccf3af2c81,GLOSBE_ami_zho_TMEM_U000171
Amis_1966,GLOSBE_REVIEWED_ZHO_19597b545d51a513,GLOSBE_ami_zho_TMEM_U000550
Amis_1967,GLOSBE_REVIEWED_ZHO_5ca466ca130ddbba,GLOSBE_ami_zho_TMEM_U001090
Amis_1968,GLOSBE_REVIEWED_ZHO_12764cd0c007f3fd,GLOSBE_ami_zho_TMEM_U000195
Amis_1969,GLOSBE_REVIEWED_ZHO_6a433c8bebb9e4a4,GLOSBE_ami_zho_TMEM_U000198
Amis_1970,GLOSBE_REVIEWED_ZHO_7f4f7525849821ef,GLOSBE_ami_zho_TMEM_U000202
Amis_1971,GLOSBE_REVIEWED_ZHO_55caf9681842f1a6,GLOSBE_ami_zho_TMEM_U000424
Amis_1972,GLOSBE_REVIEWED_ZHO_5e15d8a243d3ae13,GLOSBE_ami_zho_TMEM_U001175
Amis_1973,GLOSBE_REVIEWED_ZHO_91797d399b150f32,GLOSBE_ami_zho_TMEM_U000311
Amis_1974,GLOSBE_REVIEWED_ZHO_4d6d98cb04953967,GLOSBE_ami_zho_TMEM_U001176
Amis_1975,GLOSBE_REVIEWED_ZHO_553e4bc271ea68fb,GLOSBE_ami_zho_TMEM_U000429
Amis_1976,GLOSBE_REVIEWED_ZHO_b10bbb7814d78c8e,GLOSBE_ami_zho_TMEM_U000222
Amis_1977,GLOSBE_REVIEWED_ZHO_bb5c2ae194c8ff62,GLOSBE_ami_zho_TMEM_U000224
Amis_1978,GLOSBE_REVIEWED_ZHO_04b1ce4720ffdb0f,GLOSBE_ami_zho_TMEM_U000316
Amis_1979,GLOSBE_REVIEWED_ZHO_85008c41518b9a6f,GLOSBE_ami_zho_TMEM_U001095
Amis_1980,GLOSBE_REVIEWED_ZHO_6c765ff37090919f,GLOSBE_ami_zho_TMEM_U000567
Amis_1981,GLOSBE_REVIEWED_ZHO_bdb2401c7e44671c,GLOSBE_ami_zho_TMEM_U000437
Amis_1982,GLOSBE_REVIEWED_ZHO_3d9b97a025c85267,GLOSBE_ami_zho_TMEM_U000439
Amis_1983,GLOSBE_REVIEWED_ZHO_0fb8228987113b76,GLOSBE_ami_zho_TMEM_U001177
Amis_1984,GLOSBE_REVIEWED_ZHO_58a8bae3eec02d45,GLOSBE_ami_zho_TMEM_U000327
Amis_1985,GLOSBE_REVIEWED_ZHO_6886e202cb2c23ae,GLOSBE_ami_zho_TMEM_U000329
Amis_1986,GLOSBE_REVIEWED_ZHO_9803af3384666d7f,GLOSBE_ami_zho_TMEM_U001178
Amis_1987,GLOSBE_REVIEWED_ZHO_02b8f25e1663f3fb,GLOSBE_ami_zho_TMEM_U001179
Amis_1988,GLOSBE_REVIEWED_ZHO_797cae69390f1922,GLOSBE_ami_zho_TMEM_U000579
Amis_1989,GLOSBE_REVIEWED_ZHO_5bc3df9183cccb18,GLOSBE_ami_zho_TMEM_U000338
Amis_1990,GLOSBE_REVIEWED_ZHO_7841f7cbe6ff65e9,GLOSBE_ami_zho_TMEM_U000344
Amis_1991,GLOSBE_REVIEWED_ZHO_603a69e5fb6d6d3e,GLOSBE_ami_zho_TMEM_U000348
Amis_1992,GLOSBE_REVIEWED_ZHO_f006f186c601125b,GLOSBE_ami_zho_TMEM_U000589
Amis_1993,GLOSBE_REVIEWED_ZHO_fca4dd77e8c3dbeb,GLOSBE_ami_zho_TMEM_U001180
Amis_1994,GLOSBE_REVIEWED_ZHO_4ee75ecf9515c909,GLOSBE_ami_zho_TMEM_U001101
Amis_1995,GLOSBE_REVIEWED_ZHO_1b04a5b7dd3e267d,GLOSBE_ami_zho_TMEM_U001102
Amis_1996,GLOSBE_REVIEWED_ZHO_c231652ed44ba2cf,GLOSBE_ami_zho_TMEM_U000367
Amis_1997,GLOSBE_REVIEWED_ZHO_247dcdf2a92cb966,GLOSBE_ami_zho_TMEM_U000971
Amis_1998,GLOSBE_REVIEWED_ZHO_115fd4c88c2fef7d,GLOSBE_ami_zho_TMEM_U001181
Amis_1999,GLOSBE_REVIEWED_ZHO_0bcafb1a600f655b,GLOSBE_ami_zho_TMEM_U000837
Amis_2000,GLOSBE_REVIEWED_ZHO_0ee31381df5a9b66,GLOSBE_ami_zho_TMEM_U000501
Amis_2001,GLOSBE_REVIEWED_ZHO_fa13f33c30fe98cb,GLOSBE_ami_zho_TMEM_U001182
Amis_2002,GLOSBE_REVIEWED_ZHO_05cd6c0d7f62f042,GLOSBE_ami_zho_TMEM_U000713
Amis_2003,GLOSBE_REVIEWED_ZHO_23272ebd015ac3e8,GLOSBE_ami_zho_TMEM_U000663
Amis_2004,GLOSBE_REVIEWED_ZHO_3ceeb8ce092e4ac2,GLOSBE_ami_zho_TMEM_U000977
Amis_2005,GLOSBE_REVIEWED_ZHO_5d1f83a8cdf30cd1,GLOSBE_ami_zho_TMEM_U001183
Amis_2006,GLOSBE_REVIEWED_ZHO_e2a6ba84ad5b5f69,GLOSBE_ami_zho_TMEM_U001184
Amis_2007,GLOSBE_REVIEWED_ZHO_a0090850858b3e78,GLOSBE_ami_zho_TMEM_U001185
Amis_2008,GLOSBE_REVIEWED_ZHO_c68cd0481bce6edb,GLOSBE_ami_zho_TMEM_U001186
Amis_2009,GLOSBE_REVIEWED_ZHO_58019b201df8cb0f,GLOSBE_ami_zho_TMEM_U001187
Amis_2010,GLOSBE_REVIEWED_ZHO_4a7482a36ee7a196,GLOSBE_ami_zho_TMEM_U000715
Amis_2011,GLOSBE_REVIEWED_ZHO_cca365899d4d1bb5,GLOSBE_ami_zho_TMEM_U000675
Amis_2012,GLOSBE_REVIEWED_ZHO_d37a1364f8f9eda9,GLOSBE_ami_zho_TMEM_U001188
Amis_2013,GLOSBE_REVIEWED_ZHO_7338bcbdc856473d,GLOSBE_ami_zho_TMEM_U000687
Amis_2014,GLOSBE_REVIEWED_ZHO_8899c73bf1c5e1a0,GLOSBE_ami_zho_TMEM_U001113
Amis_2015,GLOSBE_REVIEWED_ZHO_52a005cfed53ba46,GLOSBE_ami_zho_TMEM_U000878
Amis_2016,GLOSBE_REVIEWED_ZHO_dfafce4082e44366,GLOSBE_ami_zho_TMEM_U000988
Amis_2017,GLOSBE_REVIEWED_ZHO_fc540cb4bdded57b,GLOSBE_ami_zho_TMEM_U001189
Amis_2018,GLOSBE_REVIEWED_ZHO_454fbe55958e52ce,GLOSBE_ami_zho_TMEM_U001190
Amis_2019,GLOSBE_REVIEWED_ZHO_800309a34161291c,GLOSBE_ami_zho_TMEM_U001191
Amis_2020,GLOSBE_REVIEWED_ZHO_69a1d60917ce821c,GLOSBE_ami_zho_TMEM_U001192
Amis_2021,GLOSBE_REVIEWED_ZHO_b3ce07d922ae5e3f,GLOSBE_ami_zho_TMEM_U000828
Amis_2022,GLOSBE_REVIEWED_ZHO_eb338d4c3b5b34b4,GLOSBE_ami_zho_TMEM_U000829
Amis_2023,GLOSBE_REVIEWED_ZHO_637ded30caeaadac,GLOSBE_ami_zho_TMEM_U001193
Amis_2024,GLOSBE_REVIEWED_ZHO_126d9024b5ae3d08,GLOSBE_ami_zho_TMEM_U000728
Amis_2025,GLOSBE_REVIEWED_ZHO_3146b4f6c2986899,GLOSBE_ami_zho_TMEM_U000831
Amis_2026,GLOSBE_REVIEWED_ZHO_3c522934bd2ecbfb,GLOSBE_ami_zho_TMEM_U001194
Amis_2027,GLOSBE_REVIEWED_ZHO_ad3f3db6815bd432,GLOSBE_ami_zho_TMEM_U001195
Amis_2028,GLOSBE_REVIEWED_ZHO_79f13acf11df1225,GLOSBE_ami_zho_TMEM_U001196
Amis_2029,GLOSBE_REVIEWED_ZHO_a617b10a76548fc1,GLOSBE_ami_zho_TMEM_U000730
Amis_2030,GLOSBE_REVIEWED_ZHO_27814d55ecf06b2b,GLOSBE_ami_zho_TMEM_U001197
Amis_2031,GLOSBE_REVIEWED_ZHO_56e975897f53f3a6,GLOSBE_ami_zho_TMEM_U001198
Amis_2032,GLOSBE_REVIEWED_ZHO_b3f4cfc9a447e49a,GLOSBE_ami_zho_TMEM_U001199
Amis_2033,GLOSBE_REVIEWED_ZHO_a778eb0307ba6751,GLOSBE_ami_zho_TMEM_U001200
Amis_2034,GLOSBE_REVIEWED_ZHO_df6bfd0ac93f6970,GLOSBE_ami_zho_TMEM_U001201
Amis_2035,GLOSBE_REVIEWED_ZHO_4b6be2155183a59f,GLOSBE_ami_zho_TMEM_U001202
Amis_2036,GLOSBE_REVIEWED_ZHO_05d3c3283af380ce,GLOSBE_ami_zho_TMEM_U000736
Amis_2037,GLOSBE_REVIEWED_ZHO_da08617141e24bd7,GLOSBE_ami_zho_TMEM_U001203
Amis_2038,GLOSBE_REVIEWED_ZHO_92dce6f22c9198d3,GLOSBE_ami_zho_TMEM_U001011
Amis_2039,GLOSBE_REVIEWED_ZHO_6f6bc3f15c67f6ef,GLOSBE_ami_zho_TMEM_U001204
Amis_2040,GLOSBE_REVIEWED_ZHO_7eb96908d9f0edd1,GLOSBE_ami_zho_TMEM_U001205
Amis_2041,GLOSBE_REVIEWED_ZHO_5e0bd2a09129f3f5,GLOSBE_ami_zho_TMEM_U001206
Amis_2042,GLOSBE_REVIEWED_ZHO_b1d470479f5b6420,GLOSBE_ami_zho_TMEM_U001207
Amis_2043,GLOSBE_REVIEWED_ZHO_965c6d9f45248c8f,GLOSBE_ami_zho_TMEM_U001123
Amis_2044,GLOSBE_REVIEWED_ZHO_7fe194e80e773f1a,GLOSBE_ami_zho_TMEM_U001019
Amis_2045,GLOSBE_REVIEWED_ZHO_e1161014503a8912,GLOSBE_ami_zho_TMEM_U001208
Amis_2046,GLOSBE_REVIEWED_ZHO_38b6b4e4c784e470,GLOSBE_ami_zho_TMEM_U001021
Amis_2047,GLOSBE_REVIEWED_ZHO_206d943adae25c47,GLOSBE_ami_zho_TMEM_U001209
Amis_2048,GLOSBE_REVIEWED_ZHO_e5f9cfef2187673c,GLOSBE_ami_zho_TMEM_U001210
Amis_2049,GLOSBE_REVIEWED_ZHO_c41fef2c9e33b971,GLOSBE_ami_zho_TMEM_U001211
Amis_2050,GLOSBE_REVIEWED_ZHO_9e9ffbc2dbbd5458,GLOSBE_ami_zho_TMEM_U001212
Amis_2051,GLOSBE_REVIEWED_ZHO_2360f463d9f64920,GLOSBE_ami_zho_TMEM_U001213
Amis_2052,GLOSBE_REVIEWED_ZHO_95ab7577f3600476,GLOSBE_ami_zho_TMEM_U001214
Amis_2053,GLOSBE_REVIEWED_ZHO_3272fa0b38cd9ed9,GLOSBE_ami_zho_TMEM_U001215
Amis_2054,GLOSBE_REVIEWED_ZHO_97486f9f43589867,GLOSBE_ami_zho_TMEM_U001028
Amis_2055,GLOSBE_REVIEWED_ZHO_d212f1105af1f687,GLOSBE_ami_zho_TMEM_U001216
Amis_2056,GLOSBE_REVIEWED_ZHO_03602568e137cd57,GLOSBE_ami_zho_TMEM_U000840
Amis_2057,GLOSBE_REVIEWED_ZHO_ecc2a99fec427e43,GLOSBE_ami_zho_TMEM_U000742
Amis_2058,GLOSBE_REVIEWED_ZHO_c58aed2ef5af87f9,GLOSBE_ami_zho_TMEM_U001127
Amis_2059,GLOSBE_REVIEWED_ZHO_7a875a32a6eb2a19,GLOSBE_ami_zho_TMEM_U001217
Amis_2060,GLOSBE_REVIEWED_ZHO_bd22d8a3cd373fda,GLOSBE_ami_zho_TMEM_U000743
Amis_2061,GLOSBE_REVIEWED_ZHO_f3103005932f0539,GLOSBE_ami_zho_TMEM_U001218
Amis_2062,GLOSBE_REVIEWED_ZHO_d520395a670bdf72,GLOSBE_ami_zho_TMEM_U001219
Amis_2063,GLOSBE_REVIEWED_ZHO_0db23ca06f5e0266,GLOSBE_ami_zho_TMEM_U001128
Amis_2064,GLOSBE_REVIEWED_ZHO_398983bed4ef6fd9,GLOSBE_ami_zho_TMEM_U001034
Amis_2065,GLOSBE_REVIEWED_ZHO_262d44284b5b9ebe,GLOSBE_ami_zho_TMEM_U001129
Amis_2066,GLOSBE_REVIEWED_ZHO_1bd1491170b61532,GLOSBE_ami_zho_TMEM_U001220
Amis_2067,GLOSBE_REVIEWED_ZHO_3e3ed27b89787ae6,GLOSBE_ami_zho_TMEM_U001221
Amis_2068,GLOSBE_REVIEWED_ZHO_1319e7facfc22dcf,GLOSBE_ami_zho_TMEM_U000854
Amis_2069,GLOSBE_REVIEWED_ZHO_76e1d2f1318e3624,GLOSBE_ami_zho_TMEM_U001222
Amis_2070,GLOSBE_REVIEWED_ZHO_3d694dbfd7f3ba38,GLOSBE_ami_zho_TMEM_U000905
Amis_2071,GLOSBE_REVIEWED_ZHO_b794a58675758919,GLOSBE_ami_zho_TMEM_U001223
Amis_2072,GLOSBE_REVIEWED_ZHO_f50b71241c8afe1b,GLOSBE_ami_zho_TMEM_U001224
Amis_2073,GLOSBE_REVIEWED_ZHO_d03e74ca35781a65,GLOSBE_ami_zho_TMEM_U001225
Amis_2074,GLOSBE_REVIEWED_ZHO_d60c4e943f014e1f,GLOSBE_ami_zho_TMEM_U001132
Amis_2075,GLOSBE_REVIEWED_ZHO_7eabf177f319fb70,GLOSBE_ami_zho_TMEM_U001226
Amis_2076,GLOSBE_REVIEWED_ZHO_840324177aaa2d14,GLOSBE_ami_zho_TMEM_U001227
Amis_2077,GLOSBE_REVIEWED_ZHO_5cdc1020419240ba,GLOSBE_ami_zho_TMEM_U001047
Amis_2078,GLOSBE_REVIEWED_ZHO_1f4bf0aecd84fb46,GLOSBE_ami_zho_TMEM_U001228
Amis_2079,GLOSBE_REVIEWED_ZHO_1a6ff016a3bf1090,GLOSBE_ami_zho_TMEM_U001229
Amis_2080,GLOSBE_REVIEWED_ZHO_40a0e3a9b3a2c62a,GLOSBE_ami_zho_TMEM_U001230
Amis_2081,GLOSBE_REVIEWED_ZHO_f74d58c7069f664c,GLOSBE_ami_zho_TMEM_U000912
Amis_2082,GLOSBE_REVIEWED_ZHO_fac3f0675bf8ea77,GLOSBE_ami_zho_TMEM_U001231
Amis_2083,GLOSBE_REVIEWED_ZHO_622a025876631adb,GLOSBE_ami_zho_TMEM_U001232
Amis_2084,GLOSBE_REVIEWED_ZHO_91a6295e479aa19e,GLOSBE_ami_zho_TMEM_U001233
Amis_2085,GLOSBE_REVIEWED_ZHO_6d6bb80d39a6c765,GLOSBE_ami_zho_TMEM_U001234
Amis_2086,GLOSBE_REVIEWED_ZHO_2a8ea5f85516477d,GLOSBE_ami_zho_TMEM_U001235
Amis_2087,GLOSBE_REVIEWED_ZHO_12a6006c0774998f,GLOSBE_ami_zho_TMEM_U001236
Amis_2088,GLOSBE_REVIEWED_ZHO_1bbd6d2702eab00a,GLOSBE_ami_zho_TMEM_U001237
Amis_2089,GLOSBE_REVIEWED_ZHO_72ea1eef5e1b2ac3,GLOSBE_ami_zho_TMEM_U000916
Amis_2090,GLOSBE_REVIEWED_ZHO_a9bb3c00dfc81333,GLOSBE_ami_zho_TMEM_U001058
Amis_2091,GLOSBE_REVIEWED_ZHO_6579a60ac0d9be9b,GLOSBE_ami_zho_TMEM_U001238
Amis_2092,GLOSBE_REVIEWED_ZHO_f6425d2778d479ce,GLOSBE_ami_zho_TMEM_U001239
Amis_2093,GLOSBE_REVIEWED_ZHO_4e1f6a46710a28d0,GLOSBE_ami_zho_TMEM_U001240
Amis_2094,GLOSBE_REVIEWED_ZHO_d3be9611b239eac2,GLOSBE_ami_zho_TMEM_U001241
Amis_2095,GLOSBE_REVIEWED_ZHO_c4453218579be005,GLOSBE_ami_zho_TMEM_U001242
Amis_2096,GLOSBE_REVIEWED_ZHO_58cabab3f2e885c5,GLOSBE_ami_zho_TMEM_U001070
Amis_2097,GLOSBE_REVIEWED_ZHO_2caf3d65072a497d,GLOSBE_ami_zho_TMEM_U001145
Amis_2098,GLOSBE_REVIEWED_ZHO_b2e8b8f1f43dd2b5,GLOSBE_ami_zho_TMEM_U001243
Amis_2099,GLOSBE_REVIEWED_ZHO_a95943d6c22c90f4,GLOSBE_ami_zho_TMEM_U001244
Amis_2100,GLOSBE_REVIEWED_ZHO_9b16abb5048aca84,GLOSBE_ami_zho_TMEM_U001245
Amis_2101,GLOSBE_REVIEWED_ZHO_163ab5770072a7dd,GLOSBE_ami_zho_TMEM_U001246
Amis_2102,GLOSBE_REVIEWED_ZHO_8bc668182ea9f187,GLOSBE_ami_zho_TMEM_U001247
Amis_2103,GLOSBE_REVIEWED_ZHO_c5ef94239fca8451,GLOSBE_ami_zho_TMEM_U000842
Amis_2104,GLOSBE_REVIEWED_ZHO_d92a571d3c9ddec5,GLOSBE_ami_zho_TMEM_U001248
Amis_2105,GLOSBE_REVIEWED_ZHO_3b5f4becdebbea80,GLOSBE_ami_zho_TMEM_U001249
Amis_2106,GLOSBE_REVIEWED_ZHO_798209a833014ade,GLOSBE_ami_zho_TMEM_U001250
Amis_2107,GLOSBE_REVIEWED_ZHO_eebb8db91c0d0746,GLOSBE_ami_zho_TMEM_U001078
Amis_2108,GLOSBE_REVIEWED_ZHO_f80f2b3588eae8a6,GLOSBE_ami_zho_TMEM_U001251
Amis_2109,GLOSBE_REVIEWED_ZHO_f05221e4183a0e4f,GLOSBE_ami_zho_TMEM_U001252
Amis_2110,GLOSBE_REVIEWED_ZHO_ffc254d43906626a,GLOSBE_ami_zho_TMEM_U001253
Amis_2111,GLOSBE_REVIEWED_ZHO_877b79b6938a0347,GLOSBE_ami_zho_TMEM_U001254
Amis_2112,GLOSBE_REVIEWED_ZHO_9fac6c52ed69c6a0,GLOSBE_ami_zho_TMEM_U001255
Amis_2113,GLOSBE_REVIEWED_ZHO_5c42c7e872f4d001,GLOSBE_ami_zho_TMEM_U001256
Amis_2114,GLOSBE_REVIEWED_ZHO_d75cfe3679de47d7,GLOSBE_ami_zho_TMEM_U001257
Amis_2115,GLOSBE_REVIEWED_ZHO_f86342d73a385286,GLOSBE_ami_zho_TMEM_U001258
Amis_2116,GLOSBE_REVIEWED_ZHO_0f42eab06d788765,GLOSBE_ami_zho_TMEM_U001259
Amis_2117,GLOSBE_REVIEWED_ZHO_ade5a8fa27a3f68c,GLOSBE_ami_zho_TMEM_U000819
Amis_2118,GLOSBE_REVIEWED_ZHO_34ffa4a16b1241ee,GLOSBE_ami_zho_TMEM_U001260
Amis_2119,GLOSBE_REVIEWED_ZHO_9104bb5dd633ffb3,GLOSBE_ami_zho_TMEM_U001261
Amis_2120,GLOSBE_REVIEWED_ZHO_d7f55144455a9e19,GLOSBE_ami_zho_TMEM_U000928
Amis_2121,GLOSBE_REVIEWED_ZHO_b1f085d25fbb4ff1,GLOSBE_ami_zho_TMEM_U001262
Amis_2122,GLOSBE_REVIEWED_ZHO_d4167b6bea9f603c,GLOSBE_ami_zho_TMEM_U001263
Amis_2123,GLOSBE_REVIEWED_ZHO_04b081e91c1f1632,GLOSBE_ami_zho_TMEM_U001264
Amis_2124,GLOSBE_REVIEWED_ZHO_7a7d6b56631cf768,GLOSBE_ami_zho_TMEM_U001265
Amis_2125,GLOSBE_REVIEWED_ZHO_a02a3d8197de30a1,GLOSBE_ami_zho_TMEM_U001266
Amis_2126,GLOSBE_REVIEWED_ZHO_bfcbbdb1f6670ba6,GLOSBE_ami_zho_TMEM_U000767
Amis_2127,GLOSBE_REVIEWED_ZHO_a3cf9bbcc869836a,GLOSBE_ami_zho_TMEM_U001267
Amis_2128,GLOSBE_REVIEWED_ZHO_1eae256850ff4f29,GLOSBE_ami_zho_TMEM_U001268
Amis_2129,GLOSBE_REVIEWED_ZHO_8b1f2f21442d4db6,GLOSBE_ami_zho_TMEM_U001269
Amis_2130,GLOSBE_REVIEWED_ZHO_3d156c4fdbca8694,GLOSBE_ami_zho_TMEM_U001270
Amis_2131,GLOSBE_REVIEWED_ZHO_90a13234d6c7191f,GLOSBE_ami_zho_TMEM_U001271
Amis_2132,GLOSBE_REVIEWED_ZHO_b1f7728f282ebba6,GLOSBE_ami_zho_TMEM_U001272
Amis_2133,GLOSBE_REVIEWED_ZHO_ac4c0ad37246b595,GLOSBE_ami_zho_TMEM_U001273
Amis_2134,GLOSBE_REVIEWED_ZHO_e7c5b8768ba87ca9,GLOSBE_ami_zho_TMEM_U000761
Amis_2135,GLOSBE_REVIEWED_ZHO_bb115ca6074b0aac,GLOSBE_ami_zho_TMEM_U001274
Amis_2136,GLOSBE_REVIEWED_ZHO_e9bc4de9e151a545,GLOSBE_ami_zho_TMEM_U000373
Amis_2137,GLOSBE_REVIEWED_ZHO_07db711af0d5adf6,GLOSBE_ami_zho_TMEM_U001275
Amis_2138,GLOSBE_REVIEWED_ZHO_e7201f405665046b,GLOSBE_ami_zho_TMEM_U000864
Amis_2139,GLOSBE_REVIEWED_ZHO_ed870be37e16a90a,GLOSBE_ami_zho_TMEM_U000403
Amis_2140,GLOSBE_REVIEWED_ZHO_b565fc91b5ff9d65,GLOSBE_ami_zho_TMEM_U000308
Amis_2141,GLOSBE_REVIEWED_ZHO_66a083b37a101a16,GLOSBE_ami_zho_TMEM_U000209
Amis_2142,GLOSBE_REVIEWED_ZHO_9c93457293f69690,GLOSBE_ami_zho_TMEM_U000441
Amis_2143,GLOSBE_REVIEWED_ZHO_68a9803674518a87,GLOSBE_ami_zho_TMEM_U001276
Amis_2144,GLOSBE_REVIEWED_ZHO_3bfc98a87f27eb10,GLOSBE_ami_zho_TMEM_U001277
Amis_2145,GLOSBE_REVIEWED_ZHO_e16fe453583e665a,GLOSBE_ami_zho_TMEM_U001278
Amis_2146,GLOSBE_REVIEWED_ZHO_05cd6c0d7f62f042,GLOSBE_ami_zho_TMEM_U000713
Amis_2147,GLOSBE_REVIEWED_ZHO_753146ca2ee2afa8,GLOSBE_ami_zho_TMEM_U000722
Amis_2148,GLOSBE_REVIEWED_ZHO_ad3f3db6815bd432,GLOSBE_ami_zho_TMEM_U001195
Amis_2149,GLOSBE_REVIEWED_ZHO_27e6d4311f7d9ff9,GLOSBE_ami_zho_TMEM_U000884
Amis_2150,GLOSBE_REVIEWED_ZHO_e95405485757390a,GLOSBE_ami_zho_TMEM_U001279
Amis_2151,GLOSBE_REVIEWED_ZHO_a8c1e0040b21cde5,GLOSBE_ami_zho_TMEM_U001280
Amis_2152,GLOSBE_REVIEWED_ZHO_600e1fab21f841c5,GLOSBE_ami_zho_TMEM_U000892
Amis_2153,GLOSBE_REVIEWED_ZHO_c58aed2ef5af87f9,GLOSBE_ami_zho_TMEM_U001127
Amis_2154,GLOSBE_REVIEWED_ZHO_a3273e1706f07dd9,GLOSBE_ami_zho_TMEM_U001281
Amis_2155,GLOSBE_REVIEWED_ZHO_707a90be4ee67b78,GLOSBE_ami_zho_TMEM_U001282
Amis_2156,GLOSBE_REVIEWED_ZHO_0884e7bad0602f07,GLOSBE_ami_zho_TMEM_U001283
Amis_2157,GLOSBE_REVIEWED_ZHO_7f3d4ddf89812a3a,GLOSBE_ami_zho_TMEM_U001284
Amis_2158,GLOSBE_REVIEWED_ZHO_45d5f903b8f36edb,GLOSBE_ami_zho_TMEM_U000760
Amis_2159,GLOSBE_REVIEWED_ZHO_af690ea0b5ca11ab,GLOSBE_ami_zho_TMEM_U001285
Amis_2160,GLOSBE_REVIEWED_ZHO_e034f37ac28920db,GLOSBE_ami_zho_TMEM_U001286
Amis_2161,GLOSBE_STATIC_1ba1eac920589b2acdd9,GLOSBE_ami_zho_TMEM_U000011
Amis_2162,GLOSBE_STATIC_3459aee58d9ab0d104a4,GLOSBE_ami_zho_TMEM_U000013
Amis_2163,GLOSBE_STATIC_935867aaee69c4d27e9e,GLOSBE_ami_zho_TMEM_U000018
Amis_2164,GLOSBE_REVIEWED_ZHO_ec43b952e9d6c318,GLOSBE_ami_zho_TMEM_U000034
Amis_2165,GLOSBE_STATIC_c676ce39b294149f2263,GLOSBE_ami_zho_TMEM_U000021
Amis_2166,GLOSBE_STATIC_cfcca38b2b7636ed3ee2,GLOSBE_ami_zho_TMEM_U000025
Amis_2167,GLOSBE_REVIEWED_ZHO_dc5c338648af711a,GLOSBE_ami_zho_TMEM_U000039
Amis_2168,GLOSBE_REVIEWED_ZHO_fcd4139ceae4b740,GLOSBE_ami_zho_TMEM_U000235
Amis_2169,GLOSBE_REVIEWED_ZHO_30beea28f95c8aa8,GLOSBE_ami_zho_TMEM_U000510
Amis_2170,GLOSBE_REVIEWED_ZHO_50729c5e2d148637,GLOSBE_ami_zho_TMEM_U000054
Amis_2171,GLOSBE_REVIEWED_ZHO_704041a3eb8a5484,GLOSBE_ami_zho_TMEM_U001287
Amis_2172,GLOSBE_REVIEWED_ZHO_527d6c4f4752cfd3,GLOSBE_ami_zho_TMEM_U000595
Amis_2173,GLOSBE_REVIEWED_ZHO_4a37de8ffddebd50,GLOSBE_ami_zho_TMEM_U000063
Amis_2174,GLOSBE_REVIEWED_ZHO_30815e19fa5bddd7,GLOSBE_ami_zho_TMEM_U000074
Amis_2175,GLOSBE_REVIEWED_ZHO_0fa804c41c9f4853,GLOSBE_ami_zho_TMEM_U000254
Amis_2176,GLOSBE_REVIEWED_ZHO_9ddfcc23de240d59,GLOSBE_ami_zho_TMEM_U000082
Amis_2177,GLOSBE_REVIEWED_ZHO_a2c6bc6b2da04bb4,GLOSBE_ami_zho_TMEM_U000153
Amis_2178,GLOSBE_REVIEWED_ZHO_9570127ee48ec97f,GLOSBE_ami_zho_TMEM_U000295
Amis_2179,GLOSBE_REVIEWED_ZHO_a9b23fbe11051aec,GLOSBE_ami_zho_TMEM_U000176
Amis_2180,GLOSBE_REVIEWED_ZHO_aff6f52a1aa719f2,GLOSBE_ami_zho_TMEM_U000299
Amis_2181,GLOSBE_REVIEWED_ZHO_93fa14897f05eb6f,GLOSBE_ami_zho_TMEM_U000192
Amis_2182,GLOSBE_REVIEWED_ZHO_da8ca80db090cce5,GLOSBE_ami_zho_TMEM_U000217
Amis_2183,GLOSBE_REVIEWED_ZHO_ffd27048c6d69eab,GLOSBE_ami_zho_TMEM_U000219
Amis_2184,GLOSBE_REVIEWED_ZHO_ad323be0a3afa4b6,GLOSBE_ami_zho_TMEM_U000562
Amis_2185,GLOSBE_REVIEWED_ZHO_2132ba7741bc5d6b,GLOSBE_ami_zho_TMEM_U000227
Amis_2186,GLOSBE_STATIC_1b1803bb4bd384a8348d,GLOSBE_ami_zho_TMEM_U000002
Amis_2187,GLOSBE_REVIEWED_ZHO_b14d133fb87eec42,GLOSBE_ami_zho_TMEM_U000231
Amis_2188,GLOSBE_STATIC_161f730563921ecb6fff,GLOSBE_ami_zho_TMEM_U000017
Amis_2189,GLOSBE_REVIEWED_ZHO_66e4d7da0b7032c4,GLOSBE_ami_zho_TMEM_U000047
Amis_2190,GLOSBE_REVIEWED_ZHO_cb12648352c5b7d4,GLOSBE_ami_zho_TMEM_U000242
Amis_2191,GLOSBE_REVIEWED_ZHO_8ba98d36bc69f26d,GLOSBE_ami_zho_TMEM_U000243
Amis_2192,GLOSBE_REVIEWED_ZHO_3ae36a3e2512956a,GLOSBE_ami_zho_TMEM_U001173
Amis_2193,GLOSBE_REVIEWED_ZHO_89e2940197f6e515,GLOSBE_ami_zho_TMEM_U000245
Amis_2194,GLOSBE_REVIEWED_ZHO_eaed9c83f14ef39e,GLOSBE_ami_zho_TMEM_U001288
Amis_2195,GLOSBE_REVIEWED_ZHO_154ff738ba26d4da,GLOSBE_ami_zho_TMEM_U000250
Amis_2196,GLOSBE_REVIEWED_ZHO_a789cbff975cd4e7,GLOSBE_ami_zho_TMEM_U000513
Amis_2197,GLOSBE_REVIEWED_ZHO_ec31a6463360b366,GLOSBE_ami_zho_TMEM_U000383
Amis_2198,GLOSBE_REVIEWED_ZHO_11527e8b2e7e7056,GLOSBE_ami_zho_TMEM_U000252
Amis_2199,GLOSBE_REVIEWED_ZHO_9bde7964ca6739b5,GLOSBE_ami_zho_TMEM_U000515
Amis_2200,GLOSBE_REVIEWED_ZHO_a6020b2dcd9ab2a5,GLOSBE_ami_zho_TMEM_U000255
Amis_2201,GLOSBE_REVIEWED_ZHO_a928eb25f537ea60,GLOSBE_ami_zho_TMEM_U000079
Amis_2202,GLOSBE_REVIEWED_ZHO_3bb87fb58df798e6,GLOSBE_ami_zho_TMEM_U000599
Amis_2203,GLOSBE_REVIEWED_ZHO_7b1bd52932242b3c,GLOSBE_ami_zho_TMEM_U000600
Amis_2204,GLOSBE_REVIEWED_ZHO_81a0ab645bdd7ab7,GLOSBE_ami_zho_TMEM_U000258
Amis_2205,GLOSBE_REVIEWED_ZHO_fb7eef6fdd46258f,GLOSBE_ami_zho_TMEM_U000086
Amis_2206,GLOSBE_REVIEWED_ZHO_ee6b61655218693f,GLOSBE_ami_zho_TMEM_U001289
Amis_2207,GLOSBE_REVIEWED_ZHO_ca5f3ce450784fd9,GLOSBE_ami_zho_TMEM_U000090
Amis_2208,GLOSBE_REVIEWED_ZHO_e81ed859011b1411,GLOSBE_ami_zho_TMEM_U000524
Amis_2209,GLOSBE_REVIEWED_ZHO_6837a8f39509c447,GLOSBE_ami_zho_TMEM_U001290
Amis_2210,GLOSBE_REVIEWED_ZHO_9ed6ddf1d21ecf40,GLOSBE_ami_zho_TMEM_U000526
Amis_2211,GLOSBE_STATIC_bdf7c3f5d353d50ad538,GLOSBE_ami_zho_TMEM_U000014
Amis_2212,GLOSBE_STATIC_75d9fb8d2b80a7133e43,GLOSBE_ami_zho_TMEM_U000016
Amis_2213,GLOSBE_STATIC_6b39693e00dc78c65eba,GLOSBE_ami_zho_TMEM_U000022
Amis_2214,GLOSBE_REVIEWED_ZHO_e5954edf92f5897e,GLOSBE_ami_zho_TMEM_U000038
Amis_2215,GLOSBE_REVIEWED_ZHO_404753895c1747d7,GLOSBE_ami_zho_TMEM_U000052
Amis_2216,GLOSBE_REVIEWED_ZHO_c818ee8054f7430e,GLOSBE_ami_zho_TMEM_U000055
Amis_2217,GLOSBE_REVIEWED_ZHO_473b666a57439f4d,GLOSBE_ami_zho_TMEM_U000071
Amis_2218,GLOSBE_REVIEWED_ZHO_ec31a6463360b366,GLOSBE_ami_zho_TMEM_U000383
Amis_2219,GLOSBE_REVIEWED_ZHO_127b240d751f6d66,GLOSBE_ami_zho_TMEM_U000958
Amis_2220,GLOSBE_REVIEWED_ZHO_f77bff994d0d9890,GLOSBE_ami_zho_TMEM_U000087
Amis_2221,GLOSBE_REVIEWED_ZHO_45017dc702b476a0,GLOSBE_ami_zho_TMEM_U000265
Amis_2222,GLOSBE_REVIEWED_ZHO_31afa435752612b0,GLOSBE_ami_zho_TMEM_U001291
Amis_2223,GLOSBE_REVIEWED_ZHO_c77dab891e8a8285,GLOSBE_ami_zho_TMEM_U001292
Amis_2224,GLOSBE_REVIEWED_ZHO_fef010bc7f89cd31,GLOSBE_ami_zho_TMEM_U000142
Amis_2225,GLOSBE_REVIEWED_ZHO_593a6fea21ceb584,GLOSBE_ami_zho_TMEM_U000164
Amis_2226,GLOSBE_REVIEWED_ZHO_55172e549569d87f,GLOSBE_ami_zho_TMEM_U000412
Amis_2227,GLOSBE_REVIEWED_ZHO_c6a813706f4d29f0,GLOSBE_ami_zho_TMEM_U000175
Amis_2228,GLOSBE_REVIEWED_ZHO_dd93acb14a6aa399,GLOSBE_ami_zho_TMEM_U000613
Amis_2229,GLOSBE_REVIEWED_ZHO_c3b93075bea81e7d,GLOSBE_ami_zho_TMEM_U000182
Amis_2230,GLOSBE_REVIEWED_ZHO_fbdbafe451da2b40,GLOSBE_ami_zho_TMEM_U000196
Amis_2231,GLOSBE_REVIEWED_ZHO_c36c7ec96fd372a7,GLOSBE_ami_zho_TMEM_U001293
Amis_2232,GLOSBE_REVIEWED_ZHO_690cae964a9bf60a,GLOSBE_ami_zho_TMEM_U000203
Amis_2233,GLOSBE_REVIEWED_ZHO_1f6e80ea4193c687,GLOSBE_ami_zho_TMEM_U000557
Amis_2234,GLOSBE_REVIEWED_ZHO_83d15e95532ec900,GLOSBE_ami_zho_TMEM_U000425
Amis_2235,GLOSBE_REVIEWED_ZHO_8fd4b8b2cb27e42d,GLOSBE_ami_zho_TMEM_U000213
Amis_2236,GLOSBE_REVIEWED_ZHO_6fc3d00b2cb0a841,GLOSBE_ami_zho_TMEM_U000215
Amis_2237,GLOSBE_REVIEWED_ZHO_a1c806c5d0dd34c4,GLOSBE_ami_zho_TMEM_U000561
Amis_2238,GLOSBE_REVIEWED_ZHO_28d5e39e4e81c8d9,GLOSBE_ami_zho_TMEM_U000492
Amis_2239,GLOSBE_REVIEWED_ZHO_02e61176ff81c882,GLOSBE_ami_zho_TMEM_U000626
Amis_2240,GLOSBE_REVIEWED_ZHO_8b1f2f21442d4db6,GLOSBE_ami_zho_TMEM_U001269
Amis_2241,GLOSBE_REVIEWED_ZHO_fe1d886c877030bc,GLOSBE_ami_zho_TMEM_U000334
Amis_2242,GLOSBE_REVIEWED_ZHO_1630a4fca2232633,GLOSBE_ami_zho_TMEM_U000450
Amis_2243,GLOSBE_REVIEWED_ZHO_298421f76b21c4e2,GLOSBE_ami_zho_TMEM_U000452
Amis_2244,GLOSBE_REVIEWED_ZHO_284494ea3e6e814d,GLOSBE_ami_zho_TMEM_U001294
Amis_2245,GLOSBE_REVIEWED_ZHO_b21a554e68234d1d,GLOSBE_ami_zho_TMEM_U000352
Amis_2246,GLOSBE_REVIEWED_ZHO_1f7965d2241ca5eb,GLOSBE_ami_zho_TMEM_U000364
Amis_2247,GLOSBE_REVIEWED_ZHO_5f4e3b2209b9d003,GLOSBE_ami_zho_TMEM_U000365
Amis_2248,GLOSBE_REVIEWED_ZHO_48f2b3390fffc8cb,GLOSBE_ami_zho_TMEM_U000642
Amis_2249,GLOSBE_REVIEWED_ZHO_b70190edf806ca6b,GLOSBE_ami_zho_TMEM_U001295
Amis_2250,GLOSBE_REVIEWED_ZHO_3743de7ceff09048,GLOSBE_ami_zho_TMEM_U001296
Amis_2251,GLOSBE_REVIEWED_ZHO_9c666f939c8fae60,GLOSBE_ami_zho_TMEM_U001297
Amis_2252,GLOSBE_REVIEWED_ZHO_6253261692e6f3c7,GLOSBE_ami_zho_TMEM_U001298
Amis_2253,GLOSBE_REVIEWED_ZHO_2c1beead277587c9,GLOSBE_ami_zho_TMEM_U000658
Amis_2254,GLOSBE_REVIEWED_ZHO_a9ec89752edcb6c2,GLOSBE_ami_zho_TMEM_U000666
Amis_2255,GLOSBE_REVIEWED_ZHO_9dc65a0c39ef5c4a,GLOSBE_ami_zho_TMEM_U001299
Amis_2256,GLOSBE_REVIEWED_ZHO_9fea5bc61c7234d1,GLOSBE_ami_zho_TMEM_U001300
Amis_2257,GLOSBE_REVIEWED_ZHO_2bdafd1e04fb267c,GLOSBE_ami_zho_TMEM_U000674
Amis_2258,GLOSBE_REVIEWED_ZHO_0328890e8fcbce38,GLOSBE_ami_zho_TMEM_U001301
Amis_2259,GLOSBE_REVIEWED_ZHO_55e9a66525a009b7,GLOSBE_ami_zho_TMEM_U001302
Amis_2260,GLOSBE_REVIEWED_ZHO_876dec9f1ed7297d,GLOSBE_ami_zho_TMEM_U000779
Amis_2261,GLOSBE_REVIEWED_ZHO_e6598985f1355084,GLOSBE_ami_zho_TMEM_U000992
Amis_2262,GLOSBE_REVIEWED_ZHO_fb2e64c3041da09f,GLOSBE_ami_zho_TMEM_U000995
Amis_2263,GLOSBE_REVIEWED_ZHO_c1d0160f6eb3dc47,GLOSBE_ami_zho_TMEM_U001303
Amis_2264,GLOSBE_REVIEWED_ZHO_ad1225cc25dfe836,GLOSBE_ami_zho_TMEM_U001304
Amis_2265,GLOSBE_REVIEWED_ZHO_6805dc3d16e05b30,GLOSBE_ami_zho_TMEM_U001305
Amis_2266,GLOSBE_REVIEWED_ZHO_cbfcb19d579192ea,GLOSBE_ami_zho_TMEM_U001306
Amis_2267,GLOSBE_REVIEWED_ZHO_ad3f3db6815bd432,GLOSBE_ami_zho_TMEM_U001195
Amis_2268,GLOSBE_REVIEWED_ZHO_5b73574aa03f0ef4,GLOSBE_ami_zho_TMEM_U001307
Amis_2269,GLOSBE_REVIEWED_ZHO_562d4088c8080b5c,GLOSBE_ami_zho_TMEM_U001308
Amis_2270,GLOSBE_REVIEWED_ZHO_2dcb6f38fdd030e6,GLOSBE_ami_zho_TMEM_U001309
Amis_2271,GLOSBE_REVIEWED_ZHO_3eb6e20abe8b63e6,GLOSBE_ami_zho_TMEM_U001310
Amis_2272,GLOSBE_REVIEWED_ZHO_3aea1f31bdf0063d,GLOSBE_ami_zho_TMEM_U001013
Amis_2273,GLOSBE_REVIEWED_ZHO_3b39bddfd3a21ced,GLOSBE_ami_zho_TMEM_U001311
Amis_2274,GLOSBE_REVIEWED_ZHO_ba64208c498faa4a,GLOSBE_ami_zho_TMEM_U001312
Amis_2275,GLOSBE_REVIEWED_ZHO_706e554f4a2360e1,GLOSBE_ami_zho_TMEM_U001313
Amis_2276,GLOSBE_REVIEWED_ZHO_de2a310536f8a67c,GLOSBE_ami_zho_TMEM_U001314
Amis_2277,GLOSBE_REVIEWED_ZHO_c51ed14514624e6f,GLOSBE_ami_zho_TMEM_U001315
Amis_2278,GLOSBE_REVIEWED_ZHO_9036f758cb9fe79c,GLOSBE_ami_zho_TMEM_U001316
Amis_2279,GLOSBE_REVIEWED_ZHO_4e9ec1552ec1c340,GLOSBE_ami_zho_TMEM_U001317
Amis_2280,GLOSBE_REVIEWED_ZHO_f0c94fcf0076a2d4,GLOSBE_ami_zho_TMEM_U001318
Amis_2281,GLOSBE_REVIEWED_ZHO_06a709bd593a8c05,GLOSBE_ami_zho_TMEM_U001319
Amis_2282,GLOSBE_REVIEWED_ZHO_d4e5620a4371a2be,GLOSBE_ami_zho_TMEM_U001320
Amis_2283,GLOSBE_REVIEWED_ZHO_b9df45026eb40977,GLOSBE_ami_zho_TMEM_U001321
Amis_2284,GLOSBE_REVIEWED_ZHO_2f8544139867a96f,GLOSBE_ami_zho_TMEM_U000823
Amis_2285,GLOSBE_REVIEWED_ZHO_c870c12c0b4b1557,GLOSBE_ami_zho_TMEM_U001322
Amis_2286,GLOSBE_REVIEWED_ZHO_c983c8f4adf78bae,GLOSBE_ami_zho_TMEM_U001032
Amis_2287,GLOSBE_REVIEWED_ZHO_ecf02c02f5a18e2b,GLOSBE_ami_zho_TMEM_U001323
Amis_2288,GLOSBE_REVIEWED_ZHO_577c0ba846b18872,GLOSBE_ami_zho_TMEM_U000954
Amis_2289,GLOSBE_REVIEWED_ZHO_82d9afa052e3cfc6,GLOSBE_ami_zho_TMEM_U000855
Amis_2290,GLOSBE_REVIEWED_ZHO_d60c4e943f014e1f,GLOSBE_ami_zho_TMEM_U001132
Amis_2291,GLOSBE_REVIEWED_ZHO_4568151a4557ec9b,GLOSBE_ami_zho_TMEM_U001324
Amis_2292,GLOSBE_REVIEWED_ZHO_2b6c37d5934488c2,GLOSBE_ami_zho_TMEM_U001325
Amis_2293,GLOSBE_REVIEWED_ZHO_198575fb719f08f6,GLOSBE_ami_zho_TMEM_U001326
Amis_2294,GLOSBE_REVIEWED_ZHO_5e31c31fb7b6473d,GLOSBE_ami_zho_TMEM_U001327
Amis_2295,GLOSBE_REVIEWED_ZHO_7b1b124ca1e1ddec,GLOSBE_ami_zho_TMEM_U001328
Amis_2296,GLOSBE_REVIEWED_ZHO_6141beb7f9eb0192,GLOSBE_ami_zho_TMEM_U001329
Amis_2297,GLOSBE_REVIEWED_ZHO_5e2eb91fdfd43e8e,GLOSBE_ami_zho_TMEM_U001330
Amis_2298,GLOSBE_REVIEWED_ZHO_a9bb3c00dfc81333,GLOSBE_ami_zho_TMEM_U001058
Amis_2299,GLOSBE_REVIEWED_ZHO_fe55da94c7feed25,GLOSBE_ami_zho_TMEM_U001331
Amis_2300,GLOSBE_REVIEWED_ZHO_2c28171a46b6d058,GLOSBE_ami_zho_TMEM_U001332
Amis_2301,GLOSBE_REVIEWED_ZHO_48d7dad0320f7fd6,GLOSBE_ami_zho_TMEM_U000918
Amis_2302,GLOSBE_REVIEWED_ZHO_a4faffb04f095049,GLOSBE_ami_zho_TMEM_U001333
Amis_2303,GLOSBE_REVIEWED_ZHO_7133062e945a07b2,GLOSBE_ami_zho_TMEM_U001334
Amis_2304,GLOSBE_REVIEWED_ZHO_ab53cd7edd80d9d7,GLOSBE_ami_zho_TMEM_U001335
Amis_2305,GLOSBE_REVIEWED_ZHO_e6499bf7ffadea3a,GLOSBE_ami_zho_TMEM_U001336
Amis_2306,GLOSBE_REVIEWED_ZHO_163ab5770072a7dd,GLOSBE_ami_zho_TMEM_U001246
Amis_2307,GLOSBE_REVIEWED_ZHO_c5ef94239fca8451,GLOSBE_ami_zho_TMEM_U000842
Amis_2308,GLOSBE_REVIEWED_ZHO_98d356394e0e2e06,GLOSBE_ami_zho_TMEM_U001337
Amis_2309,GLOSBE_REVIEWED_ZHO_88cf87c3578ad453,GLOSBE_ami_zho_TMEM_U001338
Amis_2310,GLOSBE_REVIEWED_ZHO_ce2041f591d305ba,GLOSBE_ami_zho_TMEM_U001339
Amis_2311,GLOSBE_REVIEWED_ZHO_781331207401b848,GLOSBE_ami_zho_TMEM_U001340
Amis_2312,GLOSBE_REVIEWED_ZHO_ab08a8b5f9c75471,GLOSBE_ami_zho_TMEM_U001341
Amis_2313,GLOSBE_REVIEWED_ZHO_0f42eab06d788765,GLOSBE_ami_zho_TMEM_U001259
Amis_2314,GLOSBE_REVIEWED_ZHO_0055c3a70920ad59,GLOSBE_ami_zho_TMEM_U001342
Amis_2315,GLOSBE_REVIEWED_ZHO_58f0921b2ac06a9c,GLOSBE_ami_zho_TMEM_U001343
Amis_2316,GLOSBE_REVIEWED_ZHO_172689d6ded74c94,GLOSBE_ami_zho_TMEM_U001344
Amis_2317,GLOSBE_REVIEWED_ZHO_d376eb0593c63527,GLOSBE_ami_zho_TMEM_U000508
Amis_2318,GLOSBE_REVIEWED_ZHO_d0e839f9bc59ee73,GLOSBE_ami_zho_TMEM_U000147
Amis_2319,GLOSBE_REVIEWED_ZHO_1f13a63d55bfb9b6,GLOSBE_ami_zho_TMEM_U000549
Amis_2320,GLOSBE_REVIEWED_ZHO_05cd6c0d7f62f042,GLOSBE_ami_zho_TMEM_U000713
Amis_2321,GLOSBE_REVIEWED_ZHO_4dbbbe9b59255cbf,GLOSBE_ami_zho_TMEM_U001345
Amis_2322,GLOSBE_REVIEWED_ZHO_24c886d7a32771cd,GLOSBE_ami_zho_TMEM_U001346
Amis_2323,GLOSBE_REVIEWED_ZHO_527ecef0b2f78068,GLOSBE_ami_zho_TMEM_U001347
Amis_2324,GLOSBE_REVIEWED_ZHO_9f9d8a0402ce5994,GLOSBE_ami_zho_TMEM_U001348
Amis_2325,GLOSBE_REVIEWED_ZHO_40f7a1c93f9d37cf,GLOSBE_ami_zho_TMEM_U000839
Amis_2326,GLOSBE_REVIEWED_ZHO_90ee5c996761f10b,GLOSBE_ami_zho_TMEM_U000731
Amis_2327,GLOSBE_REVIEWED_ZHO_e222c60d588827ab,GLOSBE_ami_zho_TMEM_U001349
Amis_2328,GLOSBE_REVIEWED_ZHO_3dfa90d72e421008,GLOSBE_ami_zho_TMEM_U001350
Amis_2329,GLOSBE_REVIEWED_ZHO_5b9d66e30d55d5c8,GLOSBE_ami_zho_TMEM_U001351
Amis_2330,GLOSBE_REVIEWED_ZHO_faf09b6c83ec3a31,GLOSBE_ami_zho_TMEM_U001046
Amis_2331,GLOSBE_REVIEWED_ZHO_6b1e585da2a62e2a,GLOSBE_ami_zho_TMEM_U000817
Amis_2332,GLOSBE_REVIEWED_ZHO_b71af133c55263ef,GLOSBE_ami_zho_TMEM_U000239
Amis_2333,GLOSBE_REVIEWED_ZHO_1ee56b1a1fb09a0d,GLOSBE_ami_zho_TMEM_U000341
Amis_2334,GLOSBE_REVIEWED_ZHO_115fd4c88c2fef7d,GLOSBE_ami_zho_TMEM_U001181
Amis_2335,GLOSBE_REVIEWED_ZHO_047cef58b3159dce,GLOSBE_ami_zho_TMEM_U001109
Amis_2336,GLOSBE_REVIEWED_ZHO_d37a1364f8f9eda9,GLOSBE_ami_zho_TMEM_U001188
Amis_2337,GLOSBE_REVIEWED_ZHO_885acf6a3bebcecb,GLOSBE_ami_zho_TMEM_U000738
Amis_2338,GLOSBE_REVIEWED_ZHO_ac9011b1c2235b7e,GLOSBE_ami_zho_TMEM_U001352
Amis_2339,GLOSBE_REVIEWED_ZHO_df0ade1db5db4fce,GLOSBE_ami_zho_TMEM_U001353
Amis_2340,GLOSBE_REVIEWED_ZHO_ffcc4249d691eccf,GLOSBE_ami_zho_TMEM_U001081
Amis_2341,GLOSBE_REVIEWED_ZHO_0d1b9d8d4ed1db9e,GLOSBE_ami_zho_TMEM_U001354
Amis_2342,GLOSBE_REVIEWED_ZHO_6c62d0e63949de09,GLOSBE_ami_zho_TMEM_U001355
Amis_2343,GLOSBE_REVIEWED_ZHO_90d611971e192911,GLOSBE_ami_zho_TMEM_U000225
Amis_2344,GLOSBE_REVIEWED_ZHO_6ff191b59802f1cb,GLOSBE_ami_zho_TMEM_U001356
Amis_2345,GLOSBE_REVIEWED_ZHO_55727418671210ea,GLOSBE_ami_zho_TMEM_U001357
Amis_2346,GLOSBE_REVIEWED_ZHO_0bcafb1a600f655b,GLOSBE_ami_zho_TMEM_U000837
Amis_2347,GLOSBE_REVIEWED_ZHO_5ea68d77e3b585c4,GLOSBE_ami_zho_TMEM_U001358
Amis_2348,GLOSBE_REVIEWED_ZHO_05cd6c0d7f62f042,GLOSBE_ami_zho_TMEM_U000713
Amis_2349,GLOSBE_REVIEWED_ZHO_0feb2d5c0d884d8e,GLOSBE_ami_zho_TMEM_U001358
Amis_2350,GLOSBE_REVIEWED_ZHO_2e560ba52073496f,GLOSBE_ami_zho_TMEM_U000985
Amis_2351,GLOSBE_REVIEWED_ZHO_8ad7c61beb31b9bd,GLOSBE_ami_zho_TMEM_U001359
Amis_2352,GLOSBE_REVIEWED_ZHO_0c1ae4f2e78e1126,GLOSBE_ami_zho_TMEM_U001360
Amis_2353,GLOSBE_REVIEWED_ZHO_b1cd9714c5abd7d1,GLOSBE_ami_zho_TMEM_U001361
Amis_2354,GLOSBE_REVIEWED_ZHO_7ecd4fbe164bcab4,GLOSBE_ami_zho_TMEM_U000507
Amis_2355,GLOSBE_REVIEWED_ZHO_f90201e12834aff8,GLOSBE_ami_zho_TMEM_U001362
Amis_2356,GLOSBE_REVIEWED_ZHO_2caf3d65072a497d,GLOSBE_ami_zho_TMEM_U001145
Amis_2357,GLOSBE_REVIEWED_ZHO_addf2bf5f3b19eb8,GLOSBE_ami_zho_TMEM_U001363
Amis_2358,GLOSBE_REVIEWED_ZHO_d1ea245a4c3a30b6,GLOSBE_ami_zho_TMEM_U001364
Amis_2359,GLOSBE_REVIEWED_ZHO_82e9a4da86e0b698,GLOSBE_ami_zho_TMEM_U001365
Amis_2360,GLOSBE_REVIEWED_ZHO_76d1e3076c6d68d9,GLOSBE_ami_zho_TMEM_U001366
Amis_2361,GLOSBE_REVIEWED_ZHO_9570127ee48ec97f,GLOSBE_ami_zho_TMEM_U000295
Amis_2362,GLOSBE_REVIEWED_ZHO_7da2eb3f42097400,GLOSBE_ami_zho_TMEM_U000964
Amis_2363,GLOSBE_REVIEWED_ZHO_7ab60f13e5e054b6,GLOSBE_ami_zho_TMEM_U000208
Amis_2364,GLOSBE_REVIEWED_ZHO_0a105644d1ff2437,GLOSBE_ami_zho_TMEM_U000466
Amis_2365,GLOSBE_REVIEWED_ZHO_8aefee7f6ea465e0,GLOSBE_ami_zho_TMEM_U000979
Amis_2366,GLOSBE_REVIEWED_ZHO_f4882afc7116f3b9,GLOSBE_ami_zho_TMEM_U001367
Amis_2367,GLOSBE_REVIEWED_ZHO_f5a1d5aebe6cf157,GLOSBE_ami_zho_TMEM_U001368
Amis_2368,GLOSBE_REVIEWED_ZHO_a6104f7c5d25be38,GLOSBE_ami_zho_TMEM_U001369
Amis_2369,GLOSBE_REVIEWED_ZHO_d520395a670bdf72,GLOSBE_ami_zho_TMEM_U001219
Amis_2370,GLOSBE_REVIEWED_ZHO_fad1c6d670c78d75,GLOSBE_ami_zho_TMEM_U001137
Amis_2371,GLOSBE_REVIEWED_ZHO_ea7638e918f038a1,GLOSBE_ami_zho_TMEM_U000757
Amis_2372,GLOSBE_REVIEWED_ZHO_addf2bf5f3b19eb8,GLOSBE_ami_zho_TMEM_U001363
Amis_2373,GLOSBE_REVIEWED_ZHO_35e9db13392dea3b,GLOSBE_ami_zho_TMEM_U000766
Amis_2374,GLOSBE_REVIEWED_ZHO_23ed23b054e69aff,GLOSBE_ami_zho_TMEM_U001370
Amis_2375,GLOSBE_REVIEWED_ZHO_44a7100765d1684b,GLOSBE_ami_zho_TMEM_U001371
Amis_2376,GLOSBE_REVIEWED_ZHO_f37d9e5d260876a5,GLOSBE_ami_zho_TMEM_U000214
Amis_2377,GLOSBE_REVIEWED_ZHO_f0144d84b6c2528d,GLOSBE_ami_zho_TMEM_U000965
Amis_2378,GLOSBE_REVIEWED_ZHO_f49a619bb724287d,GLOSBE_ami_zho_TMEM_U001372
Amis_2379,GLOSBE_REVIEWED_ZHO_ad1225cc25dfe836,GLOSBE_ami_zho_TMEM_U001304
Amis_2380,GLOSBE_REVIEWED_ZHO_f0c94fcf0076a2d4,GLOSBE_ami_zho_TMEM_U001318
Amis_2381,GLOSBE_REVIEWED_ZHO_c41fef2c9e33b971,GLOSBE_ami_zho_TMEM_U001211
Amis_2382,GLOSBE_REVIEWED_ZHO_577c0ba846b18872,GLOSBE_ami_zho_TMEM_U000954
Amis_2383,GLOSBE_REVIEWED_ZHO_df5b928530b67abc,GLOSBE_ami_zho_TMEM_U001373
Amis_2384,GLOSBE_REVIEWED_ZHO_9a637a0df0360381,GLOSBE_ami_zho_TMEM_U000517
Amis_2385,GLOSBE_REVIEWED_ZHO_0facb876f63c86ab,GLOSBE_ami_zho_TMEM_U000259
Amis_2386,GLOSBE_REVIEWED_ZHO_447ac291ea1c3616,GLOSBE_ami_zho_TMEM_U000136
Amis_2387,GLOSBE_REVIEWED_ZHO_ce2af7b43239d4a5,GLOSBE_ami_zho_TMEM_U000305
Amis_2388,GLOSBE_REVIEWED_ZHO_0162d3ecc3ca988d,GLOSBE_ami_zho_TMEM_U000221
Amis_2389,GLOSBE_REVIEWED_ZHO_48652ba2b50a4067,GLOSBE_ami_zho_TMEM_U000686
Amis_2390,GLOSBE_REVIEWED_ZHO_4c71c3ba269b226f,GLOSBE_ami_zho_TMEM_U000689
Amis_2391,GLOSBE_REVIEWED_ZHO_1388960cdd776c68,GLOSBE_ami_zho_TMEM_U001374
Amis_2392,GLOSBE_REVIEWED_ZHO_3261115ce80ba6e8,GLOSBE_ami_zho_TMEM_U001033
Amis_2393,GLOSBE_REVIEWED_ZHO_7ceebcf32715794c,GLOSBE_ami_zho_TMEM_U001375
Amis_2394,GLOSBE_REVIEWED_ZHO_dff92f750d29e1b9,GLOSBE_ami_zho_TMEM_U001376
Amis_2395,GLOSBE_REVIEWED_ZHO_8c5d2163cb995322,GLOSBE_ami_zho_TMEM_U001377
Amis_2396,GLOSBE_REVIEWED_ZHO_f74d58c7069f664c,GLOSBE_ami_zho_TMEM_U000912
Amis_2397,GLOSBE_REVIEWED_ZHO_d24cc7d8190f38ed,GLOSBE_ami_zho_TMEM_U000765
Amis_2398,GLOSBE_REVIEWED_ZHO_d2c7867ea7df50ce,GLOSBE_ami_zho_TMEM_U001378
Amis_2399,GLOSBE_REVIEWED_ZHO_8ba98d36bc69f26d,GLOSBE_ami_zho_TMEM_U000243
Amis_2400,GLOSBE_REVIEWED_ZHO_1e042dbe2ea788c0,GLOSBE_ami_zho_TMEM_U000059
Amis_2401,GLOSBE_REVIEWED_ZHO_d77d579474a6b384,GLOSBE_ami_zho_TMEM_U001379
Amis_2402,GLOSBE_REVIEWED_ZHO_48f2b3390fffc8cb,GLOSBE_ami_zho_TMEM_U000642
Amis_2403,GLOSBE_REVIEWED_ZHO_a0090850858b3e78,GLOSBE_ami_zho_TMEM_U001185
Amis_2404,GLOSBE_REVIEWED_ZHO_8d6517df83135e06,GLOSBE_ami_zho_TMEM_U001380
Amis_2405,GLOSBE_REVIEWED_ZHO_772d1d36ea32c5d6,GLOSBE_ami_zho_TMEM_U001381
Amis_2406,GLOSBE_REVIEWED_ZHO_0ed3c7005cfd1128,GLOSBE_ami_zho_TMEM_U001382
Amis_2407,GLOSBE_REVIEWED_ZHO_e2d53c3c1966fab7,GLOSBE_ami_zho_TMEM_U001383
Amis_2408,GLOSBE_REVIEWED_ZHO_705202bc21b85a05,GLOSBE_ami_zho_TMEM_U001384
Amis_2409,GLOSBE_REVIEWED_ZHO_0f6035f2bd4e6d97,GLOSBE_ami_zho_TMEM_U000030
Amis_2410,GLOSBE_REVIEWED_ZHO_fd1303c916e14d43,GLOSBE_ami_zho_TMEM_U000448
Amis_2411,GLOSBE_REVIEWED_ZHO_c826992ea9a335b4,GLOSBE_ami_zho_TMEM_U001385
Amis_2412,GLOSBE_REVIEWED_ZHO_3c696d1585aaaeab,GLOSBE_ami_zho_TMEM_U001386
Amis_2413,GLOSBE_REVIEWED_ZHO_e31bd79f5a9ef546,GLOSBE_ami_zho_TMEM_U000925
Amis_2414,GLOSBE_REVIEWED_ZHO_404753895c1747d7,GLOSBE_ami_zho_TMEM_U000052
Amis_2415,GLOSBE_REVIEWED_ZHO_d520395a670bdf72,GLOSBE_ami_zho_TMEM_U001219
Amis_2416,GLOSBE_REVIEWED_ZHO_8d03a8fe007682ea,GLOSBE_ami_zho_TMEM_U001387
Amis_2417,GLOSBE_REVIEWED_ZHO_1c700130ef019bb9,GLOSBE_ami_zho_TMEM_U000369
Amis_2418,GLOSBE_REVIEWED_ZHO_55b446671aa748ae,GLOSBE_ami_zho_TMEM_U000483
Amis_2419,GLOSBE_REVIEWED_ZHO_473b666a57439f4d,GLOSBE_ami_zho_TMEM_U000071
Amis_2420,GLOSBE_REVIEWED_ZHO_55cbc0b115748f88,GLOSBE_ami_zho_TMEM_U001388
Amis_2421,GLOSBE_REVIEWED_ZHO_6a1e4d509f106949,GLOSBE_ami_zho_TMEM_U000269
Amis_2422,GLOSBE_REVIEWED_ZHO_b5d3c10d576036fc,GLOSBE_ami_zho_TMEM_U000121
Amis_2423,GLOSBE_REVIEWED_ZHO_5bb300939fa11288,GLOSBE_ami_zho_TMEM_U001389
Amis_2424,GLOSBE_REVIEWED_ZHO_809e116845f16dea,GLOSBE_ami_zho_TMEM_U001390
Amis_2425,GLOSBE_REVIEWED_ZHO_4bcc444a50da9376,GLOSBE_ami_zho_TMEM_U000161
Amis_2426,GLOSBE_REVIEWED_ZHO_151832a1bf521faa,GLOSBE_ami_zho_TMEM_U001389
Amis_2427,GLOSBE_REVIEWED_ZHO_8442f27b3750563e,GLOSBE_ami_zho_TMEM_U001391
Amis_2428,GLOSBE_REVIEWED_ZHO_4d6d98cb04953967,GLOSBE_ami_zho_TMEM_U001176
Amis_2429,GLOSBE_REVIEWED_ZHO_4bf7ca20de9dec22,GLOSBE_ami_zho_TMEM_U000218
Amis_2430,GLOSBE_REVIEWED_ZHO_94bc7fea6f9573e1,GLOSBE_ami_zho_TMEM_U001392
Amis_2431,GLOSBE_REVIEWED_ZHO_8d2695715b5f5111,GLOSBE_ami_zho_TMEM_U000592
Amis_2432,GLOSBE_REVIEWED_ZHO_f33870c8de188126,GLOSBE_ami_zho_TMEM_U001393
Amis_2433,GLOSBE_REVIEWED_ZHO_9bf437bcda2c90a5,GLOSBE_ami_zho_TMEM_U000675
Amis_2434,GLOSBE_REVIEWED_ZHO_94358e7e343859d3,GLOSBE_ami_zho_TMEM_U001394
Amis_2435,GLOSBE_REVIEWED_ZHO_e809d3f58e5eb79c,GLOSBE_ami_zho_TMEM_U001395
Amis_2436,GLOSBE_REVIEWED_ZHO_72a15baa98b27905,GLOSBE_ami_zho_TMEM_U001122
Amis_2437,GLOSBE_REVIEWED_ZHO_f8c187d40f8126f0,GLOSBE_ami_zho_TMEM_U001396
Amis_2438,GLOSBE_REVIEWED_ZHO_7477fb8f1fde1252,GLOSBE_ami_zho_TMEM_U001397
Amis_2439,GLOSBE_REVIEWED_ZHO_0ccfb4d93afc4fb0,GLOSBE_ami_zho_TMEM_U001398
Amis_2440,GLOSBE_REVIEWED_ZHO_92a22a15ebee41b4,GLOSBE_ami_zho_TMEM_U001399
Amis_2441,GLOSBE_REVIEWED_ZHO_4ddcaa67919d8185,GLOSBE_ami_zho_TMEM_U001400
Amis_2442,GLOSBE_REVIEWED_ZHO_c4453218579be005,GLOSBE_ami_zho_TMEM_U001242
Amis_2443,GLOSBE_REVIEWED_ZHO_944ea88275ced98c,GLOSBE_ami_zho_TMEM_U000923
Amis_2444,GLOSBE_REVIEWED_ZHO_8704ea2cbf0b76fd,GLOSBE_ami_zho_TMEM_U001401
Amis_2445,GLOSBE_REVIEWED_ZHO_7b3ac10b9834dce3,GLOSBE_ami_zho_TMEM_U001402
Amis_2446,GLOSBE_REVIEWED_ZHO_e74500bfb7b5ee1a,GLOSBE_ami_zho_TMEM_U001403
Amis_2447,GLOSBE_REVIEWED_ZHO_06f7987563476240,GLOSBE_ami_zho_TMEM_U001404
Amis_2448,GLOSBE_REVIEWED_ZHO_810c0ae22c669331,GLOSBE_ami_zho_TMEM_U000374
Amis_2449,GLOSBE_REVIEWED_ZHO_50729c5e2d148637,GLOSBE_ami_zho_TMEM_U000054
Amis_2450,GLOSBE_REVIEWED_ZHO_1e042dbe2ea788c0,GLOSBE_ami_zho_TMEM_U000059
Amis_2451,GLOSBE_REVIEWED_ZHO_9bde7964ca6739b5,GLOSBE_ami_zho_TMEM_U000515
Amis_2452,GLOSBE_REVIEWED_ZHO_3929f272c43eb1df,GLOSBE_ami_zho_TMEM_U000278
Amis_2453,GLOSBE_REVIEWED_ZHO_6a433c8bebb9e4a4,GLOSBE_ami_zho_TMEM_U000198
Amis_2454,GLOSBE_REVIEWED_ZHO_c1ba6e274857f556,GLOSBE_ami_zho_TMEM_U000205
Amis_2455,GLOSBE_REVIEWED_ZHO_accfa1ac865d675a,GLOSBE_ami_zho_TMEM_U000701
Amis_2456,GLOSBE_REVIEWED_ZHO_e3919351e6bfcaa2,GLOSBE_ami_zho_TMEM_U000314
Amis_2457,GLOSBE_REVIEWED_ZHO_ab3025879e8ed732,GLOSBE_ami_zho_TMEM_U000323
Amis_2458,GLOSBE_REVIEWED_ZHO_7ccf46daf74b143b,GLOSBE_ami_zho_TMEM_U000581
Amis_2459,GLOSBE_REVIEWED_ZHO_34f2251e4c4ff0fb,GLOSBE_ami_zho_TMEM_U000591
Amis_2460,GLOSBE_REVIEWED_ZHO_0272b76115eedd45,GLOSBE_ami_zho_TMEM_U001405
Amis_2461,GLOSBE_REVIEWED_ZHO_2e497ec2e90ec9f6,GLOSBE_ami_zho_TMEM_U001406
Amis_2462,GLOSBE_REVIEWED_ZHO_3fd83d203bfc31eb,GLOSBE_ami_zho_TMEM_U001407
Amis_2463,GLOSBE_REVIEWED_ZHO_8e675a9130c1c64b,GLOSBE_ami_zho_TMEM_U001408
Amis_2464,GLOSBE_REVIEWED_ZHO_94a372f4a8a709f4,GLOSBE_ami_zho_TMEM_U000660
Amis_2465,GLOSBE_REVIEWED_ZHO_f0e7fd7c7c947da9,GLOSBE_ami_zho_TMEM_U001409
Amis_2466,GLOSBE_REVIEWED_ZHO_9f9d8a0402ce5994,GLOSBE_ami_zho_TMEM_U001348
Amis_2467,GLOSBE_REVIEWED_ZHO_a3a2617801f487e2,GLOSBE_ami_zho_TMEM_U001410
Amis_2468,GLOSBE_REVIEWED_ZHO_90ee5c996761f10b,GLOSBE_ami_zho_TMEM_U000731
Amis_2469,GLOSBE_REVIEWED_ZHO_eb055cc26c871226,GLOSBE_ami_zho_TMEM_U001411
Amis_2470,GLOSBE_REVIEWED_ZHO_2337ff884bbc6c18,GLOSBE_ami_zho_TMEM_U001412
Amis_2471,GLOSBE_REVIEWED_ZHO_7ec1d85795599f91,GLOSBE_ami_zho_TMEM_U001086
Amis_2472,GLOSBE_REVIEWED_ZHO_936f1ee2ada314a5,GLOSBE_ami_zho_TMEM_U001413
Amis_2473,GLOSBE_REVIEWED_ZHO_310ffafda18d80a5,GLOSBE_ami_zho_TMEM_U001414
Amis_2474,GLOSBE_REVIEWED_ZHO_a1ad83c0da051655,GLOSBE_ami_zho_TMEM_U001415
Amis_2475,GLOSBE_REVIEWED_ZHO_115785da926a30ca,GLOSBE_ami_zho_TMEM_U001416
Amis_2476,GLOSBE_REVIEWED_ZHO_ca5ac1b00e4a1664,GLOSBE_ami_zho_TMEM_U001417
Amis_2477,GLOSBE_REVIEWED_ZHO_93a67faad7a7b3da,GLOSBE_ami_zho_TMEM_U001418
Amis_2478,GLOSBE_REVIEWED_ZHO_6fc73085e4c6f49c,GLOSBE_ami_zho_TMEM_U001164
Amis_2479,GLOSBE_REVIEWED_ZHO_7c2c45dfa5a4774b,GLOSBE_ami_zho_TMEM_U001419
Amis_2480,GLOSBE_REVIEWED_ZHO_db36e6ca9cb58449,GLOSBE_ami_zho_TMEM_U000754
Amis_2481,GLOSBE_REVIEWED_ZHO_e44219b7b1bf808a,GLOSBE_ami_zho_TMEM_U000755
Amis_2482,GLOSBE_REVIEWED_ZHO_94788b845d5057b0,GLOSBE_ami_zho_TMEM_U001420
Amis_2483,GLOSBE_REVIEWED_ZHO_66ca43ce1a5bfe00,GLOSBE_ami_zho_TMEM_U001421
Amis_2484,GLOSBE_REVIEWED_ZHO_98055659e4d238ea,GLOSBE_ami_zho_TMEM_U001422
Amis_2485,GLOSBE_REVIEWED_ZHO_b49b9ae28fca7b86,GLOSBE_ami_zho_TMEM_U001423
Amis_2486,GLOSBE_REVIEWED_ZHO_e7c5b8768ba87ca9,GLOSBE_ami_zho_TMEM_U000761
Amis_2487,GLOSBE_REVIEWED_ZHO_1be4a46591f4f86b,GLOSBE_ami_zho_TMEM_U001424
Amis_2488,GLOSBE_REVIEWED_ZHO_f9513e1d79a66bd4,GLOSBE_ami_zho_TMEM_U001425
Amis_2489,GLOSBE_REVIEWED_ZHO_29734fbcec7e6586,GLOSBE_ami_zho_TMEM_U000768
Amis_2490,GLOSBE_STATIC_4058c5a1b86fcccbb685,GLOSBE_ami_zho_TMEM_U000020
Amis_2491,GLOSBE_REVIEWED_ZHO_16fa1653a050e509,GLOSBE_ami_zho_TMEM_U000394
Amis_2492,GLOSBE_REVIEWED_ZHO_406a6891b5655b0e,GLOSBE_ami_zho_TMEM_U001426
Amis_2493,GLOSBE_REVIEWED_ZHO_6efb09c7eec7fa27,GLOSBE_ami_zho_TMEM_U000751
Amis_2494,GLOSBE_REVIEWED_ZHO_b083efd209d1407c,GLOSBE_ami_zho_TMEM_U000340
Amis_2495,GLOSBE_REVIEWED_ZHO_8e675a9130c1c64b,GLOSBE_ami_zho_TMEM_U001408
Amis_2496,GLOSBE_REVIEWED_ZHO_0e5b038e0215ffc6,GLOSBE_ami_zho_TMEM_U001427
Amis_2497,GLOSBE_REVIEWED_ZHO_eb79196e8f2c0a21,GLOSBE_ami_zho_TMEM_U000387
Amis_2498,GLOSBE_REVIEWED_ZHO_e87d51662fd43e04,GLOSBE_ami_zho_TMEM_U000325
Amis_2499,GLOSBE_REVIEWED_ZHO_b6e81778d09bf430,GLOSBE_ami_zho_TMEM_U001428
Amis_2500,GLOSBE_REVIEWED_ZHO_cbfae73753112c6d,GLOSBE_ami_zho_TMEM_U001429
Amis_2501,GLOSBE_REVIEWED_ZHO_3c696d1585aaaeab,GLOSBE_ami_zho_TMEM_U001386
Amis_2502,GLOSBE_REVIEWED_ZHO_2abd5ec972f4004a,GLOSBE_ami_zho_TMEM_U001056
Amis_2503,GLOSBE_REVIEWED_ZHO_b79a8a43ac5c7721,GLOSBE_ami_zho_TMEM_U001430
Amis_2504,GLOSBE_STATIC_04e0a41f9522c2a31e2a,GLOSBE_ami_zho_TMEM_U000004
Amis_2505,GLOSBE_REVIEWED_ZHO_730c6b8c6fb0235d,GLOSBE_ami_zho_TMEM_U000012
Amis_2506,GLOSBE_REVIEWED_ZHO_08ce58a098f2b863,GLOSBE_ami_zho_TMEM_U000109
Amis_2507,GLOSBE_REVIEWED_ZHO_c4eea1024ee71615,GLOSBE_ami_zho_TMEM_U001431
Amis_2508,GLOSBE_REVIEWED_ZHO_73e4e7adec1fa04d,GLOSBE_ami_zho_TMEM_U000115
Amis_2509,GLOSBE_REVIEWED_ZHO_9b4cc3c00af7462c,GLOSBE_ami_zho_TMEM_U000138
Amis_2510,GLOSBE_REVIEWED_ZHO_5d45d765822406fd,GLOSBE_ami_zho_TMEM_U000285
Amis_2511,GLOSBE_REVIEWED_ZHO_11beb2d0714c1836,GLOSBE_ami_zho_TMEM_U000184
Amis_2512,GLOSBE_REVIEWED_ZHO_4b32659b2912f233,GLOSBE_ami_zho_TMEM_U000187
Amis_2513,GLOSBE_REVIEWED_ZHO_690cae964a9bf60a,GLOSBE_ami_zho_TMEM_U000203
Amis_2514,GLOSBE_REVIEWED_ZHO_db88d855e80ce27d,GLOSBE_ami_zho_TMEM_U000573
Amis_2515,GLOSBE_REVIEWED_ZHO_9803af3384666d7f,GLOSBE_ami_zho_TMEM_U001178
Amis_2516,GLOSBE_REVIEWED_ZHO_e71575f4f6c7fcd5,GLOSBE_ami_zho_TMEM_U000339
Amis_2517,GLOSBE_REVIEWED_ZHO_84dfcd595aab9b0c,GLOSBE_ami_zho_TMEM_U000584
Amis_2518,GLOSBE_REVIEWED_ZHO_4ee75ecf9515c909,GLOSBE_ami_zho_TMEM_U001101
Amis_2519,GLOSBE_REVIEWED_ZHO_d93b6e11a7c0ec05,GLOSBE_ami_zho_TMEM_U001432
Amis_2520,GLOSBE_REVIEWED_ZHO_e62c435ef354bc8f,GLOSBE_ami_zho_TMEM_U001433
Amis_2521,GLOSBE_REVIEWED_ZHO_4c6308d3d1ea1567,GLOSBE_ami_zho_TMEM_U001434
Amis_2522,GLOSBE_REVIEWED_ZHO_d31b93c95594fae7,GLOSBE_ami_zho_TMEM_U001157
Amis_2523,GLOSBE_REVIEWED_ZHO_6961237c4e3301bb,GLOSBE_ami_zho_TMEM_U001435
Amis_2524,GLOSBE_REVIEWED_ZHO_6ff25ad9a3592a93,GLOSBE_ami_zho_TMEM_U001436
Amis_2525,GLOSBE_REVIEWED_ZHO_6bd98e2ab386cfcc,GLOSBE_ami_zho_TMEM_U001437
Amis_2526,GLOSBE_REVIEWED_ZHO_f0c94fcf0076a2d4,GLOSBE_ami_zho_TMEM_U001318
Amis_2527,GLOSBE_REVIEWED_ZHO_0b9745f4332fe3f0,GLOSBE_ami_zho_TMEM_U001438
Amis_2528,GLOSBE_REVIEWED_ZHO_b1f7728f282ebba6,GLOSBE_ami_zho_TMEM_U001272
Amis_2529,GLOSBE_REVIEWED_ZHO_c7f073fb4e0e6d37,GLOSBE_ami_zho_TMEM_U001439
Amis_2530,GLOSBE_REVIEWED_ZHO_3dfa90d72e421008,GLOSBE_ami_zho_TMEM_U001350
Amis_2531,GLOSBE_REVIEWED_ZHO_474b98f570cfb84a,GLOSBE_ami_zho_TMEM_U001440
Amis_2532,GLOSBE_REVIEWED_ZHO_07501ef9aac52b80,GLOSBE_ami_zho_TMEM_U001441
Amis_2533,GLOSBE_REVIEWED_ZHO_874dd7ae73038ea4,GLOSBE_ami_zho_TMEM_U001038
Amis_2534,GLOSBE_REVIEWED_ZHO_beb66400b475def8,GLOSBE_ami_zho_TMEM_U001442
Amis_2535,GLOSBE_REVIEWED_ZHO_a4fb8d4d56686e1e,GLOSBE_ami_zho_TMEM_U001443
Amis_2536,GLOSBE_REVIEWED_ZHO_14b7a6ad46c1610c,GLOSBE_ami_zho_TMEM_U000752
Amis_2537,GLOSBE_REVIEWED_ZHO_e53b930fe893d774,GLOSBE_ami_zho_TMEM_U001444
Amis_2538,GLOSBE_REVIEWED_ZHO_6073c2d78b8de0cb,GLOSBE_ami_zho_TMEM_U001445
Amis_2539,GLOSBE_REVIEWED_ZHO_65f5db1515559477,GLOSBE_ami_zho_TMEM_U001446
Amis_2540,GLOSBE_REVIEWED_ZHO_fc7e1e445b66d696,GLOSBE_ami_zho_TMEM_U001447
Amis_2541,GLOSBE_REVIEWED_ZHO_430163972712fac3,GLOSBE_ami_zho_TMEM_U001067
Amis_2542,GLOSBE_REVIEWED_ZHO_15652c93676d1234,GLOSBE_ami_zho_TMEM_U001448
Amis_2543,GLOSBE_REVIEWED_ZHO_768271e41cbb0b49,GLOSBE_ami_zho_TMEM_U001449
Amis_2544,GLOSBE_REVIEWED_ZHO_b8143ddd3727b602,GLOSBE_ami_zho_TMEM_U000795
Amis_2545,GLOSBE_REVIEWED_ZHO_40c94736d5b88ff0,GLOSBE_ami_zho_TMEM_U001450
Amis_2546,GLOSBE_REVIEWED_ZHO_b03e51288ea27443,GLOSBE_ami_zho_TMEM_U001451
Amis_2547,GLOSBE_REVIEWED_ZHO_cd3b744d6624c641,GLOSBE_ami_zho_TMEM_U001452
Amis_2548,GLOSBE_REVIEWED_ZHO_6b6acff7f217addb,GLOSBE_ami_zho_TMEM_U001453
Amis_2549,GLOSBE_REVIEWED_ZHO_5c42c7e872f4d001,GLOSBE_ami_zho_TMEM_U001256
Amis_2550,GLOSBE_REVIEWED_ZHO_003ff367fdba1f97,GLOSBE_ami_zho_TMEM_U000809
Amis_2551,GLOSBE_REVIEWED_ZHO_ea4ce80d8b7371a6,GLOSBE_ami_zho_TMEM_U001454
Amis_2552,GLOSBE_REVIEWED_ZHO_bd85bfd22f9e631f,GLOSBE_ami_zho_TMEM_U000951
Amis_2553,GLOSBE_REVIEWED_ZHO_751a92c25f8e4be6,GLOSBE_ami_zho_TMEM_U001455
Amis_2554,GLOSBE_REVIEWED_ZHO_39e151984247532d,GLOSBE_ami_zho_TMEM_U000810
Amis_2555,GLOSBE_REVIEWED_ZHO_6cff64dce97d2347,GLOSBE_ami_zho_TMEM_U000933
Amis_2556,GLOSBE_REVIEWED_ZHO_50729c5e2d148637,GLOSBE_ami_zho_TMEM_U000054
Amis_2557,GLOSBE_REVIEWED_ZHO_5c0d25843709be03,GLOSBE_ami_zho_TMEM_U001456
Amis_2558,GLOSBE_REVIEWED_ZHO_30815e19fa5bddd7,GLOSBE_ami_zho_TMEM_U000074
Amis_2559,GLOSBE_REVIEWED_ZHO_9861cd627cc67290,GLOSBE_ami_zho_TMEM_U001457
Amis_2560,GLOSBE_REVIEWED_ZHO_fa65074803b7c3e7,GLOSBE_ami_zho_TMEM_U000619
Amis_2561,GLOSBE_REVIEWED_ZHO_e87d51662fd43e04,GLOSBE_ami_zho_TMEM_U000325
Amis_2562,GLOSBE_REVIEWED_ZHO_58724c38264ebffa,GLOSBE_ami_zho_TMEM_U001458
Amis_2563,GLOSBE_REVIEWED_ZHO_12b684452c5ec536,GLOSBE_ami_zho_TMEM_U001459
Amis_2564,GLOSBE_REVIEWED_ZHO_05cd6c0d7f62f042,GLOSBE_ami_zho_TMEM_U000713
Amis_2565,GLOSBE_REVIEWED_ZHO_260eba566276bc0a,GLOSBE_ami_zho_TMEM_U001460
Amis_2566,GLOSBE_REVIEWED_ZHO_2b1860acacd543d5,GLOSBE_ami_zho_TMEM_U000721
Amis_2567,GLOSBE_REVIEWED_ZHO_6946aeb2917c6df5,GLOSBE_ami_zho_TMEM_U001160
Amis_2568,GLOSBE_REVIEWED_ZHO_3b1b6d601a5d3e69,GLOSBE_ami_zho_TMEM_U001461
Amis_2569,GLOSBE_REVIEWED_ZHO_3ad1bd4048182645,GLOSBE_ami_zho_TMEM_U001462
Amis_2570,GLOSBE_REVIEWED_ZHO_4d89f38c06c30274,GLOSBE_ami_zho_TMEM_U001463
Amis_2571,GLOSBE_REVIEWED_ZHO_9fdcc31bdd18b17f,GLOSBE_ami_zho_TMEM_U001464
Amis_2572,GLOSBE_REVIEWED_ZHO_69ba6a46be4684d5,GLOSBE_ami_zho_TMEM_U001465
Amis_2573,GLOSBE_REVIEWED_ZHO_6a0833726a7a28fc,GLOSBE_ami_zho_TMEM_U001466
Amis_2574,GLOSBE_REVIEWED_ZHO_6b306e0afb86d8f5,GLOSBE_ami_zho_TMEM_U001467
Amis_2575,GLOSBE_REVIEWED_ZHO_0a51c2ee2bd62f50,GLOSBE_ami_zho_TMEM_U000229
Amis_2576,GLOSBE_REVIEWED_ZHO_498761440881a6f3,GLOSBE_ami_zho_TMEM_U000236
Amis_2577,GLOSBE_REVIEWED_ZHO_0cf78b0f9bdd6fd4,GLOSBE_ami_zho_TMEM_U000375
Amis_2578,GLOSBE_REVIEWED_ZHO_12eb0acc578cdba3,GLOSBE_ami_zho_TMEM_U000770
Amis_2579,GLOSBE_REVIEWED_ZHO_30815e19fa5bddd7,GLOSBE_ami_zho_TMEM_U000074
Amis_2580,GLOSBE_REVIEWED_ZHO_0facb876f63c86ab,GLOSBE_ami_zho_TMEM_U000259
Amis_2581,GLOSBE_REVIEWED_ZHO_7ba84fa83f2dc79a,GLOSBE_ami_zho_TMEM_U000476
Amis_2582,GLOSBE_REVIEWED_ZHO_55cbc0b115748f88,GLOSBE_ami_zho_TMEM_U001388
Amis_2583,GLOSBE_REVIEWED_ZHO_15baaaf8918b807c,GLOSBE_ami_zho_TMEM_U001468
Amis_2584,GLOSBE_REVIEWED_ZHO_3f216c349da510fa,GLOSBE_ami_zho_TMEM_U000392
Amis_2585,GLOSBE_REVIEWED_ZHO_6617351d9fc04bc7,GLOSBE_ami_zho_TMEM_U000114
Amis_2586,GLOSBE_REVIEWED_ZHO_411046ac035f9195,GLOSBE_ami_zho_TMEM_U000937
Amis_2587,GLOSBE_REVIEWED_ZHO_50cbff7189b8b863,GLOSBE_ami_zho_TMEM_U000123
Amis_2588,GLOSBE_REVIEWED_ZHO_5307cf0c49ba39dd,GLOSBE_ami_zho_TMEM_U000274
Amis_2589,GLOSBE_REVIEWED_ZHO_aef8da93f0388de1,GLOSBE_ami_zho_TMEM_U000129
Amis_2590,GLOSBE_REVIEWED_ZHO_2566551f0368308a,GLOSBE_ami_zho_TMEM_U000275
Amis_2591,GLOSBE_REVIEWED_ZHO_a2428b06966f0f85,GLOSBE_ami_zho_TMEM_U000130
Amis_2592,GLOSBE_REVIEWED_ZHO_d090662a9e5387ea,GLOSBE_ami_zho_TMEM_U000145
Amis_2593,GLOSBE_REVIEWED_ZHO_20823eca144b86d6,GLOSBE_ami_zho_TMEM_U000158
Amis_2594,GLOSBE_REVIEWED_ZHO_5f6eb2a2cf23125c,GLOSBE_ami_zho_TMEM_U000939
Amis_2595,GLOSBE_REVIEWED_ZHO_e624a1cdf2ac8306,GLOSBE_ami_zho_TMEM_U000408
Amis_2596,GLOSBE_REVIEWED_ZHO_1128060a3e1e8172,GLOSBE_ami_zho_TMEM_U000162
Amis_2597,GLOSBE_REVIEWED_ZHO_bffc214d3eef9d18,GLOSBE_ami_zho_TMEM_U000180
Amis_2598,GLOSBE_REVIEWED_ZHO_dff7e06804c551fb,GLOSBE_ami_zho_TMEM_U000420
Amis_2599,GLOSBE_REVIEWED_ZHO_7f4f7525849821ef,GLOSBE_ami_zho_TMEM_U000202
Amis_2600,GLOSBE_REVIEWED_ZHO_fa65074803b7c3e7,GLOSBE_ami_zho_TMEM_U000619
Amis_2601,GLOSBE_REVIEWED_ZHO_e3919351e6bfcaa2,GLOSBE_ami_zho_TMEM_U000314
Amis_2602,GLOSBE_REVIEWED_ZHO_ae43ed78bf241975,GLOSBE_ami_zho_TMEM_U000433
Amis_2603,GLOSBE_REVIEWED_ZHO_6056c949cc94d906,GLOSBE_ami_zho_TMEM_U000320
Amis_2604,GLOSBE_REVIEWED_ZHO_51deafe4d03732ec,GLOSBE_ami_zho_TMEM_U000568
Amis_2605,GLOSBE_REVIEWED_ZHO_28d5e39e4e81c8d9,GLOSBE_ami_zho_TMEM_U000492
Amis_2606,GLOSBE_REVIEWED_ZHO_ab3025879e8ed732,GLOSBE_ami_zho_TMEM_U000323
Amis_2607,GLOSBE_REVIEWED_ZHO_310ec1cf576939cd,GLOSBE_ami_zho_TMEM_U000493
Amis_2608,GLOSBE_REVIEWED_ZHO_02e61176ff81c882,GLOSBE_ami_zho_TMEM_U000626
Amis_2609,GLOSBE_REVIEWED_ZHO_e87d51662fd43e04,GLOSBE_ami_zho_TMEM_U000325
Amis_2610,GLOSBE_REVIEWED_ZHO_3086cb83ac45e390,GLOSBE_ami_zho_TMEM_U000944
Amis_2611,GLOSBE_REVIEWED_ZHO_23c64e10632fc841,GLOSBE_ami_zho_TMEM_U000575
Amis_2612,GLOSBE_REVIEWED_ZHO_63b8f390195ba430,GLOSBE_ami_zho_TMEM_U000336
Amis_2613,GLOSBE_REVIEWED_ZHO_46592f5a5a177a59,GLOSBE_ami_zho_TMEM_U001469
Amis_2614,GLOSBE_REVIEWED_ZHO_93f1e4d89ccced13,GLOSBE_ami_zho_TMEM_U000629
Amis_2615,GLOSBE_REVIEWED_ZHO_c3b91ceaa7e76172,GLOSBE_ami_zho_TMEM_U001470
Amis_2616,GLOSBE_REVIEWED_ZHO_66f91be79a3ddb19,GLOSBE_ami_zho_TMEM_U001471
Amis_2617,GLOSBE_REVIEWED_ZHO_486942c41d551bc8,GLOSBE_ami_zho_TMEM_U000968
Amis_2618,GLOSBE_REVIEWED_ZHO_cc65460139d8dd06,GLOSBE_ami_zho_TMEM_U001472
Amis_2619,GLOSBE_REVIEWED_ZHO_115fd4c88c2fef7d,GLOSBE_ami_zho_TMEM_U001181
Amis_2620,GLOSBE_REVIEWED_ZHO_dd91562191c34270,GLOSBE_ami_zho_TMEM_U000836
Amis_2621,GLOSBE_REVIEWED_ZHO_f378ba01d69b961f,GLOSBE_ami_zho_TMEM_U001473
Amis_2622,GLOSBE_REVIEWED_ZHO_a996eedcda778b37,GLOSBE_ami_zho_TMEM_U000637
Amis_2623,GLOSBE_REVIEWED_ZHO_e6457608385c6ebc,GLOSBE_ami_zho_TMEM_U001474
Amis_2624,GLOSBE_REVIEWED_ZHO_ef30227f163de2bd,GLOSBE_ami_zho_TMEM_U001475
Amis_2625,GLOSBE_REVIEWED_ZHO_1474247ceb85b045,GLOSBE_ami_zho_TMEM_U001476
Amis_2626,GLOSBE_REVIEWED_ZHO_d1f9ee7f982c6fda,GLOSBE_ami_zho_TMEM_U000800
Amis_2627,GLOSBE_REVIEWED_ZHO_e530a1e9a21dcefc,GLOSBE_ami_zho_TMEM_U001477
Amis_2628,GLOSBE_REVIEWED_ZHO_3fd83d203bfc31eb,GLOSBE_ami_zho_TMEM_U001407
Amis_2629,GLOSBE_REVIEWED_ZHO_44e7f6b986554b0c,GLOSBE_ami_zho_TMEM_U001478
Amis_2630,GLOSBE_REVIEWED_ZHO_1c389e6cd528686b,GLOSBE_ami_zho_TMEM_U001479
Amis_2631,GLOSBE_REVIEWED_ZHO_260eba566276bc0a,GLOSBE_ami_zho_TMEM_U001460
Amis_2632,GLOSBE_REVIEWED_ZHO_50233ce980b7a15c,GLOSBE_ami_zho_TMEM_U001480
Amis_2633,GLOSBE_REVIEWED_ZHO_5c86fff320e30a3d,GLOSBE_ami_zho_TMEM_U001481
Amis_2634,GLOSBE_REVIEWED_ZHO_4d0f87b338a38ada,GLOSBE_ami_zho_TMEM_U001482
Amis_2635,GLOSBE_REVIEWED_ZHO_830d7e8156ddb2aa,GLOSBE_ami_zho_TMEM_U001483
Amis_2636,GLOSBE_REVIEWED_ZHO_0328890e8fcbce38,GLOSBE_ami_zho_TMEM_U001301
Amis_2637,GLOSBE_REVIEWED_ZHO_8f016f4e136365fb,GLOSBE_ami_zho_TMEM_U001484
Amis_2638,GLOSBE_REVIEWED_ZHO_5bd9a9f62d964140,GLOSBE_ami_zho_TMEM_U001485
Amis_2639,GLOSBE_REVIEWED_ZHO_ebcf522026721704,GLOSBE_ami_zho_TMEM_U000778
Amis_2640,GLOSBE_REVIEWED_ZHO_1f9bb3bd16e8384a,GLOSBE_ami_zho_TMEM_U001486
Amis_2641,GLOSBE_REVIEWED_ZHO_2b1860acacd543d5,GLOSBE_ami_zho_TMEM_U000721
Amis_2642,GLOSBE_REVIEWED_ZHO_a938094f3f86c580,GLOSBE_ami_zho_TMEM_U001487
Amis_2643,GLOSBE_REVIEWED_ZHO_823d3512dd6d9c52,GLOSBE_ami_zho_TMEM_U001488
Amis_2644,GLOSBE_REVIEWED_ZHO_5eea478d7ffa53b7,GLOSBE_ami_zho_TMEM_U001489
Amis_2645,GLOSBE_REVIEWED_ZHO_eb338d4c3b5b34b4,GLOSBE_ami_zho_TMEM_U000829
Amis_2646,GLOSBE_REVIEWED_ZHO_7372bf73e0cf0a68,GLOSBE_ami_zho_TMEM_U001490
Amis_2647,GLOSBE_REVIEWED_ZHO_fb2e64c3041da09f,GLOSBE_ami_zho_TMEM_U000995
Amis_2648,GLOSBE_REVIEWED_ZHO_fb8b03bd0032ed81,GLOSBE_ami_zho_TMEM_U001491
Amis_2649,GLOSBE_REVIEWED_ZHO_3146b4f6c2986899,GLOSBE_ami_zho_TMEM_U000831
Amis_2650,GLOSBE_REVIEWED_ZHO_a1aef2ba3cadcd7f,GLOSBE_ami_zho_TMEM_U000375
Amis_2651,GLOSBE_REVIEWED_ZHO_92dafa4db99ebf35,GLOSBE_ami_zho_TMEM_U000881
Amis_2652,GLOSBE_REVIEWED_ZHO_24ec72a27eaf01b8,GLOSBE_ami_zho_TMEM_U001000
Amis_2653,GLOSBE_REVIEWED_ZHO_89c8216051b83578,GLOSBE_ami_zho_TMEM_U001492
Amis_2654,GLOSBE_REVIEWED_ZHO_936fdb82372076d9,GLOSBE_ami_zho_TMEM_U001493
Amis_2655,GLOSBE_REVIEWED_ZHO_d83617def0d2be61,GLOSBE_ami_zho_TMEM_U001494
Amis_2656,GLOSBE_REVIEWED_ZHO_d8b25d78430afb3c,GLOSBE_ami_zho_TMEM_U001495
Amis_2657,GLOSBE_REVIEWED_ZHO_b4e3bd6f9cdab0df,GLOSBE_ami_zho_TMEM_U000737
Amis_2658,GLOSBE_REVIEWED_ZHO_8797ae0e78c0f955,GLOSBE_ami_zho_TMEM_U001496
Amis_2659,GLOSBE_REVIEWED_ZHO_a8c1e0040b21cde5,GLOSBE_ami_zho_TMEM_U001280
Amis_2660,GLOSBE_REVIEWED_ZHO_3cab4c89b7173c85,GLOSBE_ami_zho_TMEM_U001497
Amis_2661,GLOSBE_REVIEWED_ZHO_72a15baa98b27905,GLOSBE_ami_zho_TMEM_U001122
Amis_2662,GLOSBE_REVIEWED_ZHO_a82d1f2567a18b46,GLOSBE_ami_zho_TMEM_U001498
Amis_2663,GLOSBE_REVIEWED_ZHO_ab719477ab5ac9d8,GLOSBE_ami_zho_TMEM_U001499
Amis_2664,GLOSBE_REVIEWED_ZHO_38b6b4e4c784e470,GLOSBE_ami_zho_TMEM_U001021
Amis_2665,GLOSBE_REVIEWED_ZHO_8615ad9c0d801c9e,GLOSBE_ami_zho_TMEM_U001500
Amis_2666,GLOSBE_REVIEWED_ZHO_6946aeb2917c6df5,GLOSBE_ami_zho_TMEM_U001160
Amis_2667,GLOSBE_REVIEWED_ZHO_b26d3070b62dfba3,GLOSBE_ami_zho_TMEM_U000785
Amis_2668,GLOSBE_REVIEWED_ZHO_8e1391ead12c7748,GLOSBE_ami_zho_TMEM_U001025
Amis_2669,GLOSBE_REVIEWED_ZHO_368aab72826e95d9,GLOSBE_ami_zho_TMEM_U001501
Amis_2670,GLOSBE_REVIEWED_ZHO_772d1d36ea32c5d6,GLOSBE_ami_zho_TMEM_U001381
Amis_2671,GLOSBE_REVIEWED_ZHO_b25f7831d0500173,GLOSBE_ami_zho_TMEM_U001502
Amis_2672,GLOSBE_REVIEWED_ZHO_dd4997f328084d19,GLOSBE_ami_zho_TMEM_U001503
Amis_2673,GLOSBE_REVIEWED_ZHO_c983c8f4adf78bae,GLOSBE_ami_zho_TMEM_U001032
Amis_2674,GLOSBE_REVIEWED_ZHO_9908b46fa92b387a,GLOSBE_ami_zho_TMEM_U000852
Amis_2675,GLOSBE_REVIEWED_ZHO_6b5d945e5d5eff88,GLOSBE_ami_zho_TMEM_U000787
Amis_2676,GLOSBE_REVIEWED_ZHO_b200004452e11c3d,GLOSBE_ami_zho_TMEM_U001504
Amis_2677,GLOSBE_REVIEWED_ZHO_86c0c330fe6e8ea8,GLOSBE_ami_zho_TMEM_U001505
Amis_2678,GLOSBE_REVIEWED_ZHO_81412ad095b85258,GLOSBE_ami_zho_TMEM_U001506
Amis_2679,GLOSBE_REVIEWED_ZHO_7477fb8f1fde1252,GLOSBE_ami_zho_TMEM_U001397
Amis_2680,GLOSBE_REVIEWED_ZHO_44fe6a7411b28777,GLOSBE_ami_zho_TMEM_U001039
Amis_2681,GLOSBE_REVIEWED_ZHO_1c44e233f5a66810,GLOSBE_ami_zho_TMEM_U001507
Amis_2682,GLOSBE_REVIEWED_ZHO_46735901528d706f,GLOSBE_ami_zho_TMEM_U001508
Amis_2683,GLOSBE_REVIEWED_ZHO_d51ce63982c7ca1f,GLOSBE_ami_zho_TMEM_U001509
Amis_2684,GLOSBE_REVIEWED_ZHO_72e26e7685594883,GLOSBE_ami_zho_TMEM_U000747
Amis_2685,GLOSBE_REVIEWED_ZHO_a1a9557ce393ac57,GLOSBE_ami_zho_TMEM_U001510
Amis_2686,GLOSBE_REVIEWED_ZHO_faf09b6c83ec3a31,GLOSBE_ami_zho_TMEM_U001046
Amis_2687,GLOSBE_REVIEWED_ZHO_198575fb719f08f6,GLOSBE_ami_zho_TMEM_U001326
Amis_2688,GLOSBE_REVIEWED_ZHO_f74d58c7069f664c,GLOSBE_ami_zho_TMEM_U000912
Amis_2689,GLOSBE_REVIEWED_ZHO_9f6af5359ed1fd16,GLOSBE_ami_zho_TMEM_U001511
Amis_2690,GLOSBE_REVIEWED_ZHO_f821870a72533127,GLOSBE_ami_zho_TMEM_U001512
Amis_2691,GLOSBE_REVIEWED_ZHO_5f6f5894a099a3a5,GLOSBE_ami_zho_TMEM_U001513
Amis_2692,GLOSBE_REVIEWED_ZHO_fbd3fb06a0b6b0b8,GLOSBE_ami_zho_TMEM_U001514
Amis_2693,GLOSBE_REVIEWED_ZHO_55d13ac57ad6cb76,GLOSBE_ami_zho_TMEM_U001515
Amis_2694,GLOSBE_REVIEWED_ZHO_12a6006c0774998f,GLOSBE_ami_zho_TMEM_U001236
Amis_2695,GLOSBE_REVIEWED_ZHO_72ea1eef5e1b2ac3,GLOSBE_ami_zho_TMEM_U000916
Amis_2696,GLOSBE_REVIEWED_ZHO_4d89f38c06c30274,GLOSBE_ami_zho_TMEM_U001463
Amis_2697,GLOSBE_REVIEWED_ZHO_ab1ece3dac5d2534,GLOSBE_ami_zho_TMEM_U001516
Amis_2698,GLOSBE_REVIEWED_ZHO_dce3955d34c4b235,GLOSBE_ami_zho_TMEM_U000793
Amis_2699,GLOSBE_REVIEWED_ZHO_e7cd9a45ad8ba1f2,GLOSBE_ami_zho_TMEM_U001517
Amis_2700,GLOSBE_REVIEWED_ZHO_162d890232cd4f49,GLOSBE_ami_zho_TMEM_U001066
Amis_2701,GLOSBE_REVIEWED_ZHO_387b8082a084f02a,GLOSBE_ami_zho_TMEM_U001143
Amis_2702,GLOSBE_REVIEWED_ZHO_2caf3d65072a497d,GLOSBE_ami_zho_TMEM_U001145
Amis_2703,GLOSBE_REVIEWED_ZHO_e0d67d973746d488,GLOSBE_ami_zho_TMEM_U001167
Amis_2704,GLOSBE_REVIEWED_ZHO_89fcf612df82c53b,GLOSBE_ami_zho_TMEM_U001518
Amis_2705,GLOSBE_REVIEWED_ZHO_944ea88275ced98c,GLOSBE_ami_zho_TMEM_U000923
Amis_2706,GLOSBE_REVIEWED_ZHO_781331207401b848,GLOSBE_ami_zho_TMEM_U001340
Amis_2707,GLOSBE_REVIEWED_ZHO_62526eea7a9c1a6d,GLOSBE_ami_zho_TMEM_U001519
Amis_2708,GLOSBE_REVIEWED_ZHO_4dce9bbe3b279a7c,GLOSBE_ami_zho_TMEM_U001520
Amis_2709,GLOSBE_REVIEWED_ZHO_a7ee0f8a2d50309c,GLOSBE_ami_zho_TMEM_U001521
Amis_2710,GLOSBE_REVIEWED_ZHO_f2a46a6d7bde905e,GLOSBE_ami_zho_TMEM_U001522
Amis_2711,GLOSBE_REVIEWED_ZHO_b7c10e9c9f5f2832,GLOSBE_ami_zho_TMEM_U001523
Amis_2712,GLOSBE_REVIEWED_ZHO_7277312b2833ca41,GLOSBE_ami_zho_TMEM_U001524
Amis_2713,GLOSBE_REVIEWED_ZHO_552a86459e30be5c,GLOSBE_ami_zho_TMEM_U001525
Amis_2714,GLOSBE_REVIEWED_ZHO_1f2379bc2c738e6f,GLOSBE_ami_zho_TMEM_U001526
Amis_2715,GLOSBE_REVIEWED_ZHO_04b081e91c1f1632,GLOSBE_ami_zho_TMEM_U001264
Amis_2716,GLOSBE_REVIEWED_ZHO_d747eb9cf0f05ca4,GLOSBE_ami_zho_TMEM_U001527
Amis_2717,GLOSBE_REVIEWED_ZHO_a79bd9499360944d,GLOSBE_ami_zho_TMEM_U001528
Amis_2718,GLOSBE_REVIEWED_ZHO_e034fe915f951c5f,GLOSBE_ami_zho_TMEM_U001529
Amis_2719,GLOSBE_REVIEWED_ZHO_ef2b577b1f3d0263,GLOSBE_ami_zho_TMEM_U001508
Amis_2720,GLOSBE_REVIEWED_ZHO_73228acf44609229,GLOSBE_ami_zho_TMEM_U001530
Amis_2721,GLOSBE_REVIEWED_ZHO_4fff23b540b1dc63,GLOSBE_ami_zho_TMEM_U001531
Amis_2722,GLOSBE_REVIEWED_ZHO_2b55091442c6a985,GLOSBE_ami_zho_TMEM_U000745
Amis_2723,GLOSBE_REVIEWED_ZHO_50729c5e2d148637,GLOSBE_ami_zho_TMEM_U000054
Amis_2724,GLOSBE_REVIEWED_ZHO_3f216c349da510fa,GLOSBE_ami_zho_TMEM_U000392
Amis_2725,GLOSBE_REVIEWED_ZHO_a2428b06966f0f85,GLOSBE_ami_zho_TMEM_U000130
Amis_2726,GLOSBE_REVIEWED_ZHO_e83fa4cad6be2610,GLOSBE_ami_zho_TMEM_U000290
Amis_2727,GLOSBE_REVIEWED_ZHO_3cf7a9fa244d7b2c,GLOSBE_ami_zho_TMEM_U001532
Amis_2728,GLOSBE_REVIEWED_ZHO_7ab60f13e5e054b6,GLOSBE_ami_zho_TMEM_U000208
Amis_2729,GLOSBE_REVIEWED_ZHO_04b1ce4720ffdb0f,GLOSBE_ami_zho_TMEM_U000316
Amis_2730,GLOSBE_REVIEWED_ZHO_1c378274b8bd0850,GLOSBE_ami_zho_TMEM_U000639
Amis_2731,GLOSBE_REVIEWED_ZHO_3c9ec042e6a1327d,GLOSBE_ami_zho_TMEM_U000676
Amis_2732,GLOSBE_REVIEWED_ZHO_e872dec29e1914a1,GLOSBE_ami_zho_TMEM_U000719
Amis_2733,GLOSBE_REVIEWED_ZHO_726bedd61783cf00,GLOSBE_ami_zho_TMEM_U001533
Amis_2734,GLOSBE_REVIEWED_ZHO_40f7a1c93f9d37cf,GLOSBE_ami_zho_TMEM_U000839
Amis_2735,GLOSBE_REVIEWED_ZHO_f80ab1824a28357d,GLOSBE_ami_zho_TMEM_U001534
Amis_2736,GLOSBE_REVIEWED_ZHO_8e5226792173426e,GLOSBE_ami_zho_TMEM_U001535
Amis_2737,GLOSBE_REVIEWED_ZHO_3c188f667d737a5d,GLOSBE_ami_zho_TMEM_U001536
Amis_2738,GLOSBE_REVIEWED_ZHO_61775b56413078b2,GLOSBE_ami_zho_TMEM_U001537
Amis_2739,GLOSBE_REVIEWED_ZHO_e583fe5efcb74bf3,GLOSBE_ami_zho_TMEM_U001538
Amis_2740,GLOSBE_REVIEWED_ZHO_93b5e53577079e3b,GLOSBE_ami_zho_TMEM_U001539
Amis_2741,GLOSBE_REVIEWED_ZHO_9216aa6ea2468c09,GLOSBE_ami_zho_TMEM_U001540
Amis_2742,GLOSBE_REVIEWED_ZHO_8c8b2f3599be82af,GLOSBE_ami_zho_TMEM_U001541
Amis_2743,GLOSBE_REVIEWED_ZHO_d05afc25ef349ef7,GLOSBE_ami_zho_TMEM_U001542
Amis_2744,GLOSBE_REVIEWED_ZHO_48d7dad0320f7fd6,GLOSBE_ami_zho_TMEM_U000918
Amis_2745,GLOSBE_REVIEWED_ZHO_46eca501ae8e2413,GLOSBE_ami_zho_TMEM_U000858
Amis_2746,GLOSBE_REVIEWED_ZHO_ccef6ac56ce10103,GLOSBE_ami_zho_TMEM_U000386
Amis_2747,GLOSBE_REVIEWED_ZHO_39f5f1bdd6b46da2,GLOSBE_ami_zho_TMEM_U001543
Amis_2748,GLOSBE_REVIEWED_ZHO_c6f312d8d56f58e6,GLOSBE_ami_zho_TMEM_U000423
Amis_2749,GLOSBE_REVIEWED_ZHO_c1ba6e274857f556,GLOSBE_ami_zho_TMEM_U000205
Amis_2750,GLOSBE_REVIEWED_ZHO_e281dc6a4f29588a,GLOSBE_ami_zho_TMEM_U000315
Amis_2751,GLOSBE_REVIEWED_ZHO_fbc1b78c72d14956,GLOSBE_ami_zho_TMEM_U001544
Amis_2752,GLOSBE_REVIEWED_ZHO_7491797535d70986,GLOSBE_ami_zho_TMEM_U000351
Amis_2753,GLOSBE_REVIEWED_ZHO_e3e11940094218a0,GLOSBE_ami_zho_TMEM_U001545
Amis_2754,GLOSBE_REVIEWED_ZHO_7af4641002f7eb54,GLOSBE_ami_zho_TMEM_U001546
Amis_2755,GLOSBE_REVIEWED_ZHO_cf66c1e09ff01fd3,GLOSBE_ami_zho_TMEM_U001547
Amis_2756,GLOSBE_REVIEWED_ZHO_e6598985f1355084,GLOSBE_ami_zho_TMEM_U000992
Amis_2757,GLOSBE_REVIEWED_ZHO_cdd850ca1a26187f,GLOSBE_ami_zho_TMEM_U001548
Amis_2758,GLOSBE_REVIEWED_ZHO_18c6b1aeaa7cad87,GLOSBE_ami_zho_TMEM_U001549
Amis_2759,GLOSBE_REVIEWED_ZHO_09232726a20c2bb9,GLOSBE_ami_zho_TMEM_U001550
Amis_2760,GLOSBE_REVIEWED_ZHO_35cb1778af6c3f2c,GLOSBE_ami_zho_TMEM_U000061
Amis_2761,GLOSBE_REVIEWED_ZHO_6eab811229e1c8d6,GLOSBE_ami_zho_TMEM_U001551
Amis_2762,GLOSBE_STATIC_8014485d93f3db592c1a,GLOSBE_ami_zho_TMEM_U000001
Amis_2763,GLOSBE_REVIEWED_ZHO_0f6035f2bd4e6d97,GLOSBE_ami_zho_TMEM_U000030
Amis_2764,GLOSBE_STATIC_cfcca38b2b7636ed3ee2,GLOSBE_ami_zho_TMEM_U000025
Amis_2765,GLOSBE_REVIEWED_ZHO_1c700130ef019bb9,GLOSBE_ami_zho_TMEM_U000369
Amis_2766,GLOSBE_REVIEWED_ZHO_3ae36a3e2512956a,GLOSBE_ami_zho_TMEM_U001173
Amis_2767,GLOSBE_REVIEWED_ZHO_89e2940197f6e515,GLOSBE_ami_zho_TMEM_U000245
Amis_2768,GLOSBE_REVIEWED_ZHO_b7f12b6945440832,GLOSBE_ami_zho_TMEM_U001552
Amis_2769,GLOSBE_REVIEWED_ZHO_fc126036bca9d637,GLOSBE_ami_zho_TMEM_U001553
Amis_2770,GLOSBE_REVIEWED_ZHO_9454907346ce720d,GLOSBE_ami_zho_TMEM_U000057
Amis_2771,GLOSBE_REVIEWED_ZHO_45eafbccc6d9a2d1,GLOSBE_ami_zho_TMEM_U000596
Amis_2772,GLOSBE_REVIEWED_ZHO_0c5cdb64958040e6,GLOSBE_ami_zho_TMEM_U000695
Amis_2773,GLOSBE_REVIEWED_ZHO_4f778b1c25e78865,GLOSBE_ami_zho_TMEM_U001554
Amis_2774,GLOSBE_REVIEWED_ZHO_78a2daa4abe76c30,GLOSBE_ami_zho_TMEM_U001555
Amis_2775,GLOSBE_REVIEWED_ZHO_ea288e5d94643383,GLOSBE_ami_zho_TMEM_U000514
Amis_2776,GLOSBE_REVIEWED_ZHO_a928eb25f537ea60,GLOSBE_ami_zho_TMEM_U000079
Amis_2777,GLOSBE_REVIEWED_ZHO_f77bff994d0d9890,GLOSBE_ami_zho_TMEM_U000087
Amis_2778,GLOSBE_REVIEWED_ZHO_ca5f3ce450784fd9,GLOSBE_ami_zho_TMEM_U000090
Amis_2779,GLOSBE_REVIEWED_ZHO_effed0b3a4c6d25c,GLOSBE_ami_zho_TMEM_U000266
Amis_2780,GLOSBE_REVIEWED_ZHO_470cd3b97251f0bc,GLOSBE_ami_zho_TMEM_U000268
Amis_2781,GLOSBE_REVIEWED_ZHO_564dd7238963b47b,GLOSBE_ami_zho_TMEM_U000393
Amis_2782,GLOSBE_REVIEWED_ZHO_a9e100f5b5398618,GLOSBE_ami_zho_TMEM_U000116
Amis_2783,GLOSBE_REVIEWED_ZHO_a1612cec1fb0d4b1,GLOSBE_ami_zho_TMEM_U000119
Amis_2784,GLOSBE_REVIEWED_ZHO_a2428b06966f0f85,GLOSBE_ami_zho_TMEM_U000130
Amis_2785,GLOSBE_REVIEWED_ZHO_7b42218d379b278c,GLOSBE_ami_zho_TMEM_U000938
Amis_2786,GLOSBE_REVIEWED_ZHO_bd75c1fc35b6e50f,GLOSBE_ami_zho_TMEM_U001556
Amis_2787,GLOSBE_REVIEWED_ZHO_caf6e411d64e80e8,GLOSBE_ami_zho_TMEM_U000141
Amis_2788,GLOSBE_REVIEWED_ZHO_b7c0f67f3ff7cc1f,GLOSBE_ami_zho_TMEM_U001557
Amis_2789,GLOSBE_REVIEWED_ZHO_d0e839f9bc59ee73,GLOSBE_ami_zho_TMEM_U000147
Amis_2790,GLOSBE_REVIEWED_ZHO_81051b67f20a95f5,GLOSBE_ami_zho_TMEM_U000541
Amis_2791,GLOSBE_REVIEWED_ZHO_ffcc4249d691eccf,GLOSBE_ami_zho_TMEM_U001081
Amis_2792,GLOSBE_REVIEWED_ZHO_aee37768c9af6961,GLOSBE_ami_zho_TMEM_U000156
Amis_2793,GLOSBE_REVIEWED_ZHO_e0caceb40c188c28,GLOSBE_ami_zho_TMEM_U001558
Amis_2794,GLOSBE_REVIEWED_ZHO_b97b2901d92e6186,GLOSBE_ami_zho_TMEM_U001559
Amis_2795,GLOSBE_REVIEWED_ZHO_20823eca144b86d6,GLOSBE_ami_zho_TMEM_U000158
Amis_2796,GLOSBE_REVIEWED_ZHO_45f04ef80ff60f48,GLOSBE_ami_zho_TMEM_U000159
Amis_2797,GLOSBE_REVIEWED_ZHO_e624a1cdf2ac8306,GLOSBE_ami_zho_TMEM_U000408
Amis_2798,GLOSBE_REVIEWED_ZHO_e83fa4cad6be2610,GLOSBE_ami_zho_TMEM_U000290
Amis_2799,GLOSBE_REVIEWED_ZHO_d2020df8b4fad333,GLOSBE_ami_zho_TMEM_U000166
Amis_2800,GLOSBE_REVIEWED_ZHO_f2c3c7ccf3af2c81,GLOSBE_ami_zho_TMEM_U000171
Amis_2801,GLOSBE_REVIEWED_ZHO_72fa63d3bdf5c90b,GLOSBE_ami_zho_TMEM_U000172
Amis_2802,GLOSBE_REVIEWED_ZHO_ffc915b40e14dd04,GLOSBE_ami_zho_TMEM_U000177
Amis_2803,GLOSBE_REVIEWED_ZHO_48383d262c0416a2,GLOSBE_ami_zho_TMEM_U000300
Amis_2804,GLOSBE_REVIEWED_ZHO_79ddc79cd2d48134,GLOSBE_ami_zho_TMEM_U000867
Amis_2805,GLOSBE_REVIEWED_ZHO_3f455995190b3ff6,GLOSBE_ami_zho_TMEM_U000417
Amis_2806,GLOSBE_REVIEWED_ZHO_c3b93075bea81e7d,GLOSBE_ami_zho_TMEM_U000182
Amis_2807,GLOSBE_REVIEWED_ZHO_26e732477f833f25,GLOSBE_ami_zho_TMEM_U000301
Amis_2808,GLOSBE_REVIEWED_ZHO_ff91aea7ca5da5bd,GLOSBE_ami_zho_TMEM_U001560
Amis_2809,GLOSBE_REVIEWED_ZHO_9838a0ebde3ba450,GLOSBE_ami_zho_TMEM_U000304
Amis_2810,GLOSBE_REVIEWED_ZHO_dcaf41dd7091feea,GLOSBE_ami_zho_TMEM_U001561
Amis_2811,GLOSBE_REVIEWED_ZHO_859943a394be09ac,GLOSBE_ami_zho_TMEM_U000201
Amis_2812,GLOSBE_REVIEWED_ZHO_c6f312d8d56f58e6,GLOSBE_ami_zho_TMEM_U000423
Amis_2813,GLOSBE_REVIEWED_ZHO_befa09fb429fde01,GLOSBE_ami_zho_TMEM_U000307
Amis_2814,GLOSBE_REVIEWED_ZHO_2bb612520c169f15,GLOSBE_ami_zho_TMEM_U000309
Amis_2815,GLOSBE_REVIEWED_ZHO_159abff34d3d0e8d,GLOSBE_ami_zho_TMEM_U001562
Amis_2816,GLOSBE_REVIEWED_ZHO_5d6157264b4619c2,GLOSBE_ami_zho_TMEM_U000426
Amis_2817,GLOSBE_REVIEWED_ZHO_7c67ce381c6c9323,GLOSBE_ami_zho_TMEM_U000869
Amis_2818,GLOSBE_REVIEWED_ZHO_c86e30398b341d63,GLOSBE_ami_zho_TMEM_U000620
Amis_2819,GLOSBE_REVIEWED_ZHO_99049b9ac87a4543,GLOSBE_ami_zho_TMEM_U000216
Amis_2820,GLOSBE_REVIEWED_ZHO_b10bbb7814d78c8e,GLOSBE_ami_zho_TMEM_U000222
Amis_2821,GLOSBE_REVIEWED_ZHO_90d611971e192911,GLOSBE_ami_zho_TMEM_U000225
Amis_2822,GLOSBE_REVIEWED_ZHO_f998109e39bc40f9,GLOSBE_ami_zho_TMEM_U000843
Amis_2823,GLOSBE_REVIEWED_ZHO_c6072c6ba7ae3474,GLOSBE_ami_zho_TMEM_U000622
Amis_2824,GLOSBE_REVIEWED_ZHO_ae43ed78bf241975,GLOSBE_ami_zho_TMEM_U000433
Amis_2825,GLOSBE_REVIEWED_ZHO_042760309ae1859a,GLOSBE_ami_zho_TMEM_U000318
Amis_2826,GLOSBE_REVIEWED_ZHO_7884814d8f4aba05,GLOSBE_ami_zho_TMEM_U001563
Amis_2827,GLOSBE_REVIEWED_ZHO_2d802d03695e2744,GLOSBE_ami_zho_TMEM_U000321
Amis_2828,GLOSBE_REVIEWED_ZHO_2e3bc017fcf12b67,GLOSBE_ami_zho_TMEM_U000481
Amis_2829,GLOSBE_REVIEWED_ZHO_36bbdb8418641fce,GLOSBE_ami_zho_TMEM_U000627
Amis_2830,GLOSBE_REVIEWED_ZHO_23c64e10632fc841,GLOSBE_ami_zho_TMEM_U000575
Amis_2831,GLOSBE_REVIEWED_ZHO_aeec9b1df2b95d99,GLOSBE_ami_zho_TMEM_U000333
Amis_2832,GLOSBE_REVIEWED_ZHO_c1ef8492ef6ebe3b,GLOSBE_ami_zho_TMEM_U001564
Amis_2833,GLOSBE_REVIEWED_ZHO_b1404c3bdbef1f78,GLOSBE_ami_zho_TMEM_U000870
Amis_2834,GLOSBE_REVIEWED_ZHO_02b8f25e1663f3fb,GLOSBE_ami_zho_TMEM_U001179
Amis_2835,GLOSBE_REVIEWED_ZHO_b083efd209d1407c,GLOSBE_ami_zho_TMEM_U000340
Amis_2836,GLOSBE_REVIEWED_ZHO_a4e2b67cdb5454b1,GLOSBE_ami_zho_TMEM_U001565
Amis_2837,GLOSBE_REVIEWED_ZHO_65ad48ef24b2ddd7,GLOSBE_ami_zho_TMEM_U001566
Amis_2838,GLOSBE_REVIEWED_ZHO_1fc4fd9b25f47194,GLOSBE_ami_zho_TMEM_U000872
Amis_2839,GLOSBE_REVIEWED_ZHO_4eb5a7b84eaae29d,GLOSBE_ami_zho_TMEM_U000345
Amis_2840,GLOSBE_REVIEWED_ZHO_fbc1b78c72d14956,GLOSBE_ami_zho_TMEM_U001544
Amis_2841,GLOSBE_REVIEWED_ZHO_14bf91273497fb17,GLOSBE_ami_zho_TMEM_U000460
Amis_2842,GLOSBE_REVIEWED_ZHO_3422e9cbc27483b1,GLOSBE_ami_zho_TMEM_U000347
Amis_2843,GLOSBE_REVIEWED_ZHO_486942c41d551bc8,GLOSBE_ami_zho_TMEM_U000968
Amis_2844,GLOSBE_REVIEWED_ZHO_4e382df349065bb3,GLOSBE_ami_zho_TMEM_U000350
Amis_2845,GLOSBE_REVIEWED_ZHO_16ef9aad8d63f8c2,GLOSBE_ami_zho_TMEM_U000467
Amis_2846,GLOSBE_REVIEWED_ZHO_a66240fa01b75a57,GLOSBE_ami_zho_TMEM_U001567
Amis_2847,GLOSBE_REVIEWED_ZHO_d106978142a571e7,GLOSBE_ami_zho_TMEM_U001568
Amis_2848,GLOSBE_REVIEWED_ZHO_4ee75ecf9515c909,GLOSBE_ami_zho_TMEM_U001101
Amis_2849,GLOSBE_REVIEWED_ZHO_1cd6554e1cc390cd,GLOSBE_ami_zho_TMEM_U000471
Amis_2850,GLOSBE_REVIEWED_ZHO_c231652ed44ba2cf,GLOSBE_ami_zho_TMEM_U000367
Amis_2851,GLOSBE_REVIEWED_ZHO_34f2251e4c4ff0fb,GLOSBE_ami_zho_TMEM_U000591
Amis_2852,GLOSBE_REVIEWED_ZHO_2ee55b9d3d096719,GLOSBE_ami_zho_TMEM_U000634
Amis_2853,GLOSBE_REVIEWED_ZHO_2e033a4efa50b22e,GLOSBE_ami_zho_TMEM_U000497
Amis_2854,GLOSBE_REVIEWED_ZHO_2afd4c62ed94d966,GLOSBE_ami_zho_TMEM_U001569
Amis_2855,GLOSBE_REVIEWED_ZHO_981433361416f731,GLOSBE_ami_zho_TMEM_U001570
Amis_2856,GLOSBE_REVIEWED_ZHO_25c1266cd5900faa,GLOSBE_ami_zho_TMEM_U000709
Amis_2857,GLOSBE_REVIEWED_ZHO_7e0899e420049e16,GLOSBE_ami_zho_TMEM_U000710
Amis_2858,GLOSBE_REVIEWED_ZHO_6a6aa647c2f0a5a4,GLOSBE_ami_zho_TMEM_U001571
Amis_2859,GLOSBE_REVIEWED_ZHO_0867cde58866bba5,GLOSBE_ami_zho_TMEM_U000974
Amis_2860,GLOSBE_REVIEWED_ZHO_25528191caf52c62,GLOSBE_ami_zho_TMEM_U000947
Amis_2861,GLOSBE_REVIEWED_ZHO_2d764fd3fcd3f566,GLOSBE_ami_zho_TMEM_U000647
Amis_2862,GLOSBE_REVIEWED_ZHO_1beca549c6c76696,GLOSBE_ami_zho_TMEM_U000652
Amis_2863,GLOSBE_REVIEWED_ZHO_aecf9274872e3fe7,GLOSBE_ami_zho_TMEM_U001572
Amis_2864,GLOSBE_REVIEWED_ZHO_304cfffc3f0aaf1c,GLOSBE_ami_zho_TMEM_U000654
Amis_2865,GLOSBE_REVIEWED_ZHO_3743de7ceff09048,GLOSBE_ami_zho_TMEM_U001296
Amis_2866,GLOSBE_REVIEWED_ZHO_62505fb28c0785fe,GLOSBE_ami_zho_TMEM_U001573
Amis_2867,GLOSBE_REVIEWED_ZHO_2c1beead277587c9,GLOSBE_ami_zho_TMEM_U000658
Amis_2868,GLOSBE_REVIEWED_ZHO_4541286fc2cf6db1,GLOSBE_ami_zho_TMEM_U000659
Amis_2869,GLOSBE_REVIEWED_ZHO_0ee31381df5a9b66,GLOSBE_ami_zho_TMEM_U000501
Amis_2870,GLOSBE_REVIEWED_ZHO_7023e392cb93c07b,GLOSBE_ami_zho_TMEM_U000665
Amis_2871,GLOSBE_REVIEWED_ZHO_24c886d7a32771cd,GLOSBE_ami_zho_TMEM_U001346
Amis_2872,GLOSBE_REVIEWED_ZHO_845b99a7339fcbbe,GLOSBE_ami_zho_TMEM_U000503
Amis_2873,GLOSBE_REVIEWED_ZHO_90382a37b1060364,GLOSBE_ami_zho_TMEM_U001574
Amis_2874,GLOSBE_REVIEWED_ZHO_c27c32b6fe152d1a,GLOSBE_ami_zho_TMEM_U001575
Amis_2875,GLOSBE_REVIEWED_ZHO_e31ada1e143e9376,GLOSBE_ami_zho_TMEM_U001576
Amis_2876,GLOSBE_REVIEWED_ZHO_b85000fb2d00cab5,GLOSBE_ami_zho_TMEM_U000672
Amis_2877,GLOSBE_REVIEWED_ZHO_16c41954f2879363,GLOSBE_ami_zho_TMEM_U000983
Amis_2878,GLOSBE_REVIEWED_ZHO_2bdafd1e04fb267c,GLOSBE_ami_zho_TMEM_U000674
Amis_2879,GLOSBE_REVIEWED_ZHO_dfafce4082e44366,GLOSBE_ami_zho_TMEM_U000988
Amis_2880,GLOSBE_REVIEWED_ZHO_a4105628cc84303e,GLOSBE_ami_zho_TMEM_U001577
Amis_2881,GLOSBE_REVIEWED_ZHO_9ddb69157b2eca1c,GLOSBE_ami_zho_TMEM_U000505
Amis_2882,GLOSBE_REVIEWED_ZHO_c75046f493716533,GLOSBE_ami_zho_TMEM_U001578
Amis_2883,GLOSBE_REVIEWED_ZHO_9f29fff4ddf96bcb,GLOSBE_ami_zho_TMEM_U001579
Amis_2884,GLOSBE_REVIEWED_ZHO_810f1858e307c974,GLOSBE_ami_zho_TMEM_U001580
Amis_2885,GLOSBE_REVIEWED_ZHO_eb338d4c3b5b34b4,GLOSBE_ami_zho_TMEM_U000829
Amis_2886,GLOSBE_REVIEWED_ZHO_e6598985f1355084,GLOSBE_ami_zho_TMEM_U000992
Amis_2887,GLOSBE_REVIEWED_ZHO_f5863eb7f6e80731,GLOSBE_ami_zho_TMEM_U001581
Amis_2888,GLOSBE_REVIEWED_ZHO_fb2e64c3041da09f,GLOSBE_ami_zho_TMEM_U000995
Amis_2889,GLOSBE_REVIEWED_ZHO_fbd717710e57ed6a,GLOSBE_ami_zho_TMEM_U001582
Amis_2890,GLOSBE_REVIEWED_ZHO_5d2bc67f0f567d13,GLOSBE_ami_zho_TMEM_U001583
Amis_2891,GLOSBE_REVIEWED_ZHO_5b61761e2c955da7,GLOSBE_ami_zho_TMEM_U001584
Amis_2892,GLOSBE_REVIEWED_ZHO_1614b5b8db316948,GLOSBE_ami_zho_TMEM_U000998
Amis_2893,GLOSBE_REVIEWED_ZHO_28fe3d344a4fd19e,GLOSBE_ami_zho_TMEM_U001585
Amis_2894,GLOSBE_REVIEWED_ZHO_a8ef84610741c434,GLOSBE_ami_zho_TMEM_U001586
Amis_2895,GLOSBE_REVIEWED_ZHO_f57ba04c8c3f4a42,GLOSBE_ami_zho_TMEM_U001587
Amis_2896,GLOSBE_REVIEWED_ZHO_a778eb0307ba6751,GLOSBE_ami_zho_TMEM_U001200
Amis_2897,GLOSBE_REVIEWED_ZHO_8e5226792173426e,GLOSBE_ami_zho_TMEM_U001535
Amis_2898,GLOSBE_REVIEWED_ZHO_1a6e6c5cd402f192,GLOSBE_ami_zho_TMEM_U001002
Amis_2899,GLOSBE_REVIEWED_ZHO_2dcc4c8d36811731,GLOSBE_ami_zho_TMEM_U001588
Amis_2900,GLOSBE_REVIEWED_ZHO_475d83ac0bb7ba29,GLOSBE_ami_zho_TMEM_U001589
Amis_2901,GLOSBE_REVIEWED_ZHO_bc3f018fe0a3beb5,GLOSBE_ami_zho_TMEM_U001005
Amis_2902,GLOSBE_REVIEWED_ZHO_b498b33c53441581,GLOSBE_ami_zho_TMEM_U001590
Amis_2903,GLOSBE_REVIEWED_ZHO_bd1b7dc6383c3f0c,GLOSBE_ami_zho_TMEM_U001591
Amis_2904,GLOSBE_REVIEWED_ZHO_1a421f199a927324,GLOSBE_ami_zho_TMEM_U001592
Amis_2905,GLOSBE_REVIEWED_ZHO_936f1ee2ada314a5,GLOSBE_ami_zho_TMEM_U001413
Amis_2906,GLOSBE_REVIEWED_ZHO_bb8d597757db3f5d,GLOSBE_ami_zho_TMEM_U001006
Amis_2907,GLOSBE_REVIEWED_ZHO_939a1e55aa74ecf2,GLOSBE_ami_zho_TMEM_U001593
Amis_2908,GLOSBE_REVIEWED_ZHO_3d565b4be58880ab,GLOSBE_ami_zho_TMEM_U001594
Amis_2909,GLOSBE_REVIEWED_ZHO_da08617141e24bd7,GLOSBE_ami_zho_TMEM_U001203
Amis_2910,GLOSBE_REVIEWED_ZHO_7fba6d8244859ed2,GLOSBE_ami_zho_TMEM_U000887
Amis_2911,GLOSBE_REVIEWED_ZHO_9a716593a74e882c,GLOSBE_ami_zho_TMEM_U001595
Amis_2912,GLOSBE_REVIEWED_ZHO_d08bd1206e08bbe3,GLOSBE_ami_zho_TMEM_U001010
Amis_2913,GLOSBE_REVIEWED_ZHO_885acf6a3bebcecb,GLOSBE_ami_zho_TMEM_U000738
Amis_2914,GLOSBE_REVIEWED_ZHO_20a7ed33319008e8,GLOSBE_ami_zho_TMEM_U000813
Amis_2915,GLOSBE_REVIEWED_ZHO_8797ae0e78c0f955,GLOSBE_ami_zho_TMEM_U001496
Amis_2916,GLOSBE_REVIEWED_ZHO_6580e2f054634acc,GLOSBE_ami_zho_TMEM_U000783
Amis_2917,GLOSBE_REVIEWED_ZHO_9918f7175fcfcdc8,GLOSBE_ami_zho_TMEM_U001596
Amis_2918,GLOSBE_REVIEWED_ZHO_4a4719b85dcdd67d,GLOSBE_ami_zho_TMEM_U001597
Amis_2919,GLOSBE_REVIEWED_ZHO_35eb716d27e6530e,GLOSBE_ami_zho_TMEM_U001598
Amis_2920,GLOSBE_REVIEWED_ZHO_2a9227af139776bf,GLOSBE_ami_zho_TMEM_U001599
Amis_2921,GLOSBE_REVIEWED_ZHO_56260df2460b1881,GLOSBE_ami_zho_TMEM_U001600
Amis_2922,GLOSBE_REVIEWED_ZHO_7210f1b1dee9ff6e,GLOSBE_ami_zho_TMEM_U001601
Amis_2923,GLOSBE_REVIEWED_ZHO_ade1cd42d367e13d,GLOSBE_ami_zho_TMEM_U001602
Amis_2924,GLOSBE_REVIEWED_ZHO_a739d2e027d12992,GLOSBE_ami_zho_TMEM_U001603
Amis_2925,GLOSBE_REVIEWED_ZHO_3d3eb8a1d52cdcbd,GLOSBE_ami_zho_TMEM_U001604
Amis_2926,GLOSBE_REVIEWED_ZHO_baf05fd5a9cf6ebe,GLOSBE_ami_zho_TMEM_U000740
Amis_2927,GLOSBE_REVIEWED_ZHO_82952078c8d6debe,GLOSBE_ami_zho_TMEM_U001605
Amis_2928,GLOSBE_REVIEWED_ZHO_5d9f856607ea4b39,GLOSBE_ami_zho_TMEM_U001606
Amis_2929,GLOSBE_REVIEWED_ZHO_9b64a85a04a5c3e5,GLOSBE_ami_zho_TMEM_U001607
Amis_2930,GLOSBE_REVIEWED_ZHO_c7a354a179f31120,GLOSBE_ami_zho_TMEM_U001608
Amis_2931,GLOSBE_REVIEWED_ZHO_22b64a6feda1bc5a,GLOSBE_ami_zho_TMEM_U001609
Amis_2932,GLOSBE_REVIEWED_ZHO_f6d59908872014f8,GLOSBE_ami_zho_TMEM_U001610
Amis_2933,GLOSBE_REVIEWED_ZHO_1ba98d3eb869f575,GLOSBE_ami_zho_TMEM_U001611
Amis_2934,GLOSBE_REVIEWED_ZHO_fb59ff86cb7d7e23,GLOSBE_ami_zho_TMEM_U001612
Amis_2935,GLOSBE_REVIEWED_ZHO_9e83d4a239882f5c,GLOSBE_ami_zho_TMEM_U001613
Amis_2936,GLOSBE_REVIEWED_ZHO_8e1391ead12c7748,GLOSBE_ami_zho_TMEM_U001025
Amis_2937,GLOSBE_REVIEWED_ZHO_1942bce3cdf88b81,GLOSBE_ami_zho_TMEM_U001614
Amis_2938,GLOSBE_REVIEWED_ZHO_620184b401f79956,GLOSBE_ami_zho_TMEM_U001615
Amis_2939,GLOSBE_REVIEWED_ZHO_3272fa0b38cd9ed9,GLOSBE_ami_zho_TMEM_U001215
Amis_2940,GLOSBE_REVIEWED_ZHO_f6f6837d27484c53,GLOSBE_ami_zho_TMEM_U001027
Amis_2941,GLOSBE_REVIEWED_ZHO_97486f9f43589867,GLOSBE_ami_zho_TMEM_U001028
Amis_2942,GLOSBE_REVIEWED_ZHO_b25f7831d0500173,GLOSBE_ami_zho_TMEM_U001502
Amis_2943,GLOSBE_REVIEWED_ZHO_a6104f7c5d25be38,GLOSBE_ami_zho_TMEM_U001369
Amis_2944,GLOSBE_REVIEWED_ZHO_8ee8161c89496db3,GLOSBE_ami_zho_TMEM_U001616
Amis_2945,GLOSBE_REVIEWED_ZHO_c58aed2ef5af87f9,GLOSBE_ami_zho_TMEM_U001127
Amis_2946,GLOSBE_REVIEWED_ZHO_6b5d945e5d5eff88,GLOSBE_ami_zho_TMEM_U000787
Amis_2947,GLOSBE_REVIEWED_ZHO_d7e3c2f1cf41130d,GLOSBE_ami_zho_TMEM_U001617
Amis_2948,GLOSBE_REVIEWED_ZHO_18493e84b9cff807,GLOSBE_ami_zho_TMEM_U001618
Amis_2949,GLOSBE_REVIEWED_ZHO_28ca6f49c970f1f3,GLOSBE_ami_zho_TMEM_U001619
Amis_2950,GLOSBE_REVIEWED_ZHO_c45ac66715e802c5,GLOSBE_ami_zho_TMEM_U001620
Amis_2951,GLOSBE_REVIEWED_ZHO_ba96018db084deb9,GLOSBE_ami_zho_TMEM_U001621
Amis_2952,GLOSBE_REVIEWED_ZHO_227a061854de8ce8,GLOSBE_ami_zho_TMEM_U001622
Amis_2953,GLOSBE_REVIEWED_ZHO_1c5ef741a3ca77a9,GLOSBE_ami_zho_TMEM_U001623
Amis_2954,GLOSBE_REVIEWED_ZHO_0db23ca06f5e0266,GLOSBE_ami_zho_TMEM_U001128
Amis_2955,GLOSBE_REVIEWED_ZHO_695aab7c60098570,GLOSBE_ami_zho_TMEM_U001624
Amis_2956,GLOSBE_REVIEWED_ZHO_80f97b97445541ab,GLOSBE_ami_zho_TMEM_U001625
Amis_2957,GLOSBE_REVIEWED_ZHO_af5a91335b295195,GLOSBE_ami_zho_TMEM_U001626
Amis_2958,GLOSBE_REVIEWED_ZHO_a1ad83c0da051655,GLOSBE_ami_zho_TMEM_U001415
Amis_2959,GLOSBE_REVIEWED_ZHO_262d44284b5b9ebe,GLOSBE_ami_zho_TMEM_U001129
Amis_2960,GLOSBE_REVIEWED_ZHO_cc93509a351e362c,GLOSBE_ami_zho_TMEM_U001627
Amis_2961,GLOSBE_REVIEWED_ZHO_8ad27a26267a651e,GLOSBE_ami_zho_TMEM_U000027
Amis_2962,GLOSBE_REVIEWED_ZHO_0538cd3944509f27,GLOSBE_ami_zho_TMEM_U000028
Amis_2963,GLOSBE_REVIEWED_ZHO_b14d133fb87eec42,GLOSBE_ami_zho_TMEM_U000231
Amis_2964,GLOSBE_STATIC_935867aaee69c4d27e9e,GLOSBE_ami_zho_TMEM_U000018
Amis_2965,GLOSBE_STATIC_4058c5a1b86fcccbb685,GLOSBE_ami_zho_TMEM_U000020
Amis_2966,GLOSBE_STATIC_c676ce39b294149f2263,GLOSBE_ami_zho_TMEM_U000021
Amis_2967,GLOSBE_REVIEWED_ZHO_fcd4139ceae4b740,GLOSBE_ami_zho_TMEM_U000235
Amis_2968,GLOSBE_REVIEWED_ZHO_d0064568b38054e7,GLOSBE_ami_zho_TMEM_U000238
Amis_2969,GLOSBE_REVIEWED_ZHO_55b446671aa748ae,GLOSBE_ami_zho_TMEM_U000483
Amis_2970,GLOSBE_REVIEWED_ZHO_e9bc4de9e151a545,GLOSBE_ami_zho_TMEM_U000373
Amis_2971,GLOSBE_REVIEWED_ZHO_25d1cc7fcfe80f86,GLOSBE_ami_zho_TMEM_U000834
Amis_2972,GLOSBE_REVIEWED_ZHO_b7f12b6945440832,GLOSBE_ami_zho_TMEM_U001552
Amis_2973,GLOSBE_REVIEWED_ZHO_4c540c7e8c5d2852,GLOSBE_ami_zho_TMEM_U000248
Amis_2974,GLOSBE_REVIEWED_ZHO_527d6c4f4752cfd3,GLOSBE_ami_zho_TMEM_U000595
Amis_2975,GLOSBE_REVIEWED_ZHO_1e042dbe2ea788c0,GLOSBE_ami_zho_TMEM_U000059
Amis_2976,GLOSBE_REVIEWED_ZHO_fdc895132efca755,GLOSBE_ami_zho_TMEM_U000066
Amis_2977,GLOSBE_REVIEWED_ZHO_03b753787340d06f,GLOSBE_ami_zho_TMEM_U000068
Amis_2978,GLOSBE_REVIEWED_ZHO_647c908081b3877e,GLOSBE_ami_zho_TMEM_U000070
Amis_2979,GLOSBE_REVIEWED_ZHO_11527e8b2e7e7056,GLOSBE_ami_zho_TMEM_U000252
Amis_2980,GLOSBE_REVIEWED_ZHO_0877a7e7d0374c28,GLOSBE_ami_zho_TMEM_U000075
Amis_2981,GLOSBE_REVIEWED_ZHO_3ad892effbb2f2b6,GLOSBE_ami_zho_TMEM_U000485
Amis_2982,GLOSBE_REVIEWED_ZHO_ec8cf8c2ccdb60c3,GLOSBE_ami_zho_TMEM_U000081
Amis_2983,GLOSBE_REVIEWED_ZHO_e56bda88cf5f95a3,GLOSBE_ami_zho_TMEM_U000388
Amis_2984,GLOSBE_REVIEWED_ZHO_127b240d751f6d66,GLOSBE_ami_zho_TMEM_U000958
Amis_2985,GLOSBE_REVIEWED_ZHO_67edeae18bc649a9,GLOSBE_ami_zho_TMEM_U000256
Amis_2986,GLOSBE_REVIEWED_ZHO_86d09a0b7d165575,GLOSBE_ami_zho_TMEM_U000601
Amis_2987,GLOSBE_REVIEWED_ZHO_154948c20c4621d4,GLOSBE_ami_zho_TMEM_U000475
Amis_2988,GLOSBE_REVIEWED_ZHO_ca5f3ce450784fd9,GLOSBE_ami_zho_TMEM_U000090
Amis_2989,GLOSBE_REVIEWED_ZHO_6700effd5780ac08,GLOSBE_ami_zho_TMEM_U000102
Amis_2990,GLOSBE_REVIEWED_ZHO_a7c6bb01a0a72af8,GLOSBE_ami_zho_TMEM_U000391
Amis_2991,GLOSBE_REVIEWED_ZHO_07db711af0d5adf6,GLOSBE_ami_zho_TMEM_U001275
Amis_2992,GLOSBE_REVIEWED_ZHO_d809c3c4cc7ab004,GLOSBE_ami_zho_TMEM_U001628
Amis_2993,GLOSBE_REVIEWED_ZHO_08ce58a098f2b863,GLOSBE_ami_zho_TMEM_U000109
Amis_2994,GLOSBE_REVIEWED_ZHO_16fa1653a050e509,GLOSBE_ami_zho_TMEM_U000394
Amis_2995,GLOSBE_REVIEWED_ZHO_2f196b9dc7f3257a,GLOSBE_ami_zho_TMEM_U000110
Amis_2996,GLOSBE_REVIEWED_ZHO_a9e100f5b5398618,GLOSBE_ami_zho_TMEM_U000116
Amis_2997,GLOSBE_REVIEWED_ZHO_2bc676f92b0014dd,GLOSBE_ami_zho_TMEM_U000273
Amis_2998,GLOSBE_REVIEWED_ZHO_9ccf7b4e252e18af,GLOSBE_ami_zho_TMEM_U000126
Amis_2999,GLOSBE_REVIEWED_ZHO_a2428b06966f0f85,GLOSBE_ami_zho_TMEM_U000130
Amis_3000,GLOSBE_REVIEWED_ZHO_5c2f7ab48495264b,GLOSBE_ami_zho_TMEM_U000284
Amis_3001,GLOSBE_REVIEWED_ZHO_8d9243a103452f7a,GLOSBE_ami_zho_TMEM_U001629
Amis_3002,GLOSBE_REVIEWED_ZHO_3e99e696b0a72bd8,GLOSBE_ami_zho_TMEM_U000865
Amis_3003,GLOSBE_REVIEWED_ZHO_1b51014af4d1b62b,GLOSBE_ami_zho_TMEM_U000409
Amis_3004,GLOSBE_REVIEWED_ZHO_54cee63809ce727d,GLOSBE_ami_zho_TMEM_U000291
Amis_3005,GLOSBE_REVIEWED_ZHO_a080f77e309cca4d,GLOSBE_ami_zho_TMEM_U000165
Amis_3006,GLOSBE_REVIEWED_ZHO_ef0bc55774a486ad,GLOSBE_ami_zho_TMEM_U000411
Amis_3007,GLOSBE_REVIEWED_ZHO_7e0ba0748da1fc32,GLOSBE_ami_zho_TMEM_U001630
Amis_3008,GLOSBE_REVIEWED_ZHO_f75be45758c2382f,GLOSBE_ami_zho_TMEM_U000961
Amis_3009,GLOSBE_REVIEWED_ZHO_c6a813706f4d29f0,GLOSBE_ami_zho_TMEM_U000175
Amis_3010,GLOSBE_REVIEWED_ZHO_a9b23fbe11051aec,GLOSBE_ami_zho_TMEM_U000176
Amis_3011,GLOSBE_REVIEWED_ZHO_ec69ef4f7595e6b3,GLOSBE_ami_zho_TMEM_U000178
Amis_3012,GLOSBE_REVIEWED_ZHO_79ddc79cd2d48134,GLOSBE_ami_zho_TMEM_U000867
Amis_3013,GLOSBE_REVIEWED_ZHO_c3b93075bea81e7d,GLOSBE_ami_zho_TMEM_U000182
Amis_3014,GLOSBE_REVIEWED_ZHO_11beb2d0714c1836,GLOSBE_ami_zho_TMEM_U000184
Amis_3015,GLOSBE_REVIEWED_ZHO_ea9fe57319ec0ee0,GLOSBE_ami_zho_TMEM_U000553
Amis_3016,GLOSBE_REVIEWED_ZHO_93fa14897f05eb6f,GLOSBE_ami_zho_TMEM_U000192
Amis_3017,GLOSBE_REVIEWED_ZHO_0cbc62b716aff873,GLOSBE_ami_zho_TMEM_U000197
Amis_3018,GLOSBE_REVIEWED_ZHO_7f4f7525849821ef,GLOSBE_ami_zho_TMEM_U000202
Amis_3019,GLOSBE_REVIEWED_ZHO_327a70bafd4b1a22,GLOSBE_ami_zho_TMEM_U001631
Amis_3020,GLOSBE_REVIEWED_ZHO_6c62d0e63949de09,GLOSBE_ami_zho_TMEM_U001355
Amis_3021,GLOSBE_REVIEWED_ZHO_55caf9681842f1a6,GLOSBE_ami_zho_TMEM_U000424
Amis_3022,GLOSBE_REVIEWED_ZHO_2d06dd4efd48eb98,GLOSBE_ami_zho_TMEM_U000211
Amis_3023,GLOSBE_REVIEWED_ZHO_f37d9e5d260876a5,GLOSBE_ami_zho_TMEM_U000214
Amis_3024,GLOSBE_REVIEWED_ZHO_99049b9ac87a4543,GLOSBE_ami_zho_TMEM_U000216
Amis_3025,GLOSBE_REVIEWED_ZHO_14d66a6925affb20,GLOSBE_ami_zho_TMEM_U000558
Amis_3026,GLOSBE_REVIEWED_ZHO_0162d3ecc3ca988d,GLOSBE_ami_zho_TMEM_U000221
Amis_3027,GLOSBE_REVIEWED_ZHO_e4de83d351f85059,GLOSBE_ami_zho_TMEM_U000560
Amis_3028,GLOSBE_REVIEWED_ZHO_a1c806c5d0dd34c4,GLOSBE_ami_zho_TMEM_U000561
Amis_3029,GLOSBE_REVIEWED_ZHO_90d611971e192911,GLOSBE_ami_zho_TMEM_U000225
Amis_3030,GLOSBE_REVIEWED_ZHO_ae43ed78bf241975,GLOSBE_ami_zho_TMEM_U000433
Amis_3031,GLOSBE_REVIEWED_ZHO_04b1ce4720ffdb0f,GLOSBE_ami_zho_TMEM_U000316
Amis_3032,GLOSBE_REVIEWED_ZHO_7884814d8f4aba05,GLOSBE_ami_zho_TMEM_U001563
Amis_3033,GLOSBE_REVIEWED_ZHO_5be7b56b411187f7,GLOSBE_ami_zho_TMEM_U000774
Amis_3034,GLOSBE_REVIEWED_ZHO_310ec1cf576939cd,GLOSBE_ami_zho_TMEM_U000493
Amis_3035,GLOSBE_REVIEWED_ZHO_060b5e7998f71888,GLOSBE_ami_zho_TMEM_U000966
Amis_3036,GLOSBE_REVIEWED_ZHO_a577820a9ef9fdd2,GLOSBE_ami_zho_TMEM_U001632
Amis_3037,GLOSBE_REVIEWED_ZHO_58a8bae3eec02d45,GLOSBE_ami_zho_TMEM_U000327
Amis_3038,GLOSBE_REVIEWED_ZHO_84bfe1646a969503,GLOSBE_ami_zho_TMEM_U000444
Amis_3039,GLOSBE_REVIEWED_ZHO_1b21bf746e77bc5e,GLOSBE_ami_zho_TMEM_U000446
Amis_3040,GLOSBE_REVIEWED_ZHO_02b8f25e1663f3fb,GLOSBE_ami_zho_TMEM_U001179
Amis_3041,GLOSBE_REVIEWED_ZHO_f442e9ab3c11bfe7,GLOSBE_ami_zho_TMEM_U001633
Amis_3042,GLOSBE_REVIEWED_ZHO_797cae69390f1922,GLOSBE_ami_zho_TMEM_U000579
Amis_3043,GLOSBE_REVIEWED_ZHO_e71575f4f6c7fcd5,GLOSBE_ami_zho_TMEM_U000339
Amis_3044,GLOSBE_REVIEWED_ZHO_4e382df349065bb3,GLOSBE_ami_zho_TMEM_U000350
Amis_3045,GLOSBE_REVIEWED_ZHO_a66240fa01b75a57,GLOSBE_ami_zho_TMEM_U001567
Amis_3046,GLOSBE_REVIEWED_ZHO_250ab0e69f8e2b66,GLOSBE_ami_zho_TMEM_U000357
Amis_3047,GLOSBE_REVIEWED_ZHO_3a72b3994363dae5,GLOSBE_ami_zho_TMEM_U000358
Amis_3048,GLOSBE_REVIEWED_ZHO_d106978142a571e7,GLOSBE_ami_zho_TMEM_U001568
Amis_3049,GLOSBE_REVIEWED_ZHO_fdd22a5b7a915c2a,GLOSBE_ami_zho_TMEM_U001634
Amis_3050,GLOSBE_REVIEWED_ZHO_974907dad12b3303,GLOSBE_ami_zho_TMEM_U001635
Amis_3051,GLOSBE_REVIEWED_ZHO_1cd6554e1cc390cd,GLOSBE_ami_zho_TMEM_U000471
Amis_3052,GLOSBE_REVIEWED_ZHO_c231652ed44ba2cf,GLOSBE_ami_zho_TMEM_U000367
Amis_3053,GLOSBE_REVIEWED_ZHO_7e858a53b5f84a81,GLOSBE_ami_zho_TMEM_U001636
Amis_3054,GLOSBE_REVIEWED_ZHO_4649c32562804290,GLOSBE_ami_zho_TMEM_U001637
Amis_3055,GLOSBE_REVIEWED_ZHO_0bcafb1a600f655b,GLOSBE_ami_zho_TMEM_U000837
Amis_3056,GLOSBE_REVIEWED_ZHO_3d88fc8356f9e756,GLOSBE_ami_zho_TMEM_U001638
Amis_3057,GLOSBE_REVIEWED_ZHO_48f2b3390fffc8cb,GLOSBE_ami_zho_TMEM_U000642
Amis_3058,GLOSBE_REVIEWED_ZHO_1b361cdb09f8bc77,GLOSBE_ami_zho_TMEM_U001639
Amis_3059,GLOSBE_REVIEWED_ZHO_bf5590e026c3153f,GLOSBE_ami_zho_TMEM_U000646
Amis_3060,GLOSBE_REVIEWED_ZHO_688c8ec9dc9d75d2,GLOSBE_ami_zho_TMEM_U001640
Amis_3061,GLOSBE_REVIEWED_ZHO_2d764fd3fcd3f566,GLOSBE_ami_zho_TMEM_U000647
Amis_3062,GLOSBE_REVIEWED_ZHO_3743de7ceff09048,GLOSBE_ami_zho_TMEM_U001296
Amis_3063,GLOSBE_REVIEWED_ZHO_0f80427f6fdc47f6,GLOSBE_ami_zho_TMEM_U001641
Amis_3064,GLOSBE_REVIEWED_ZHO_1866a6a46158a9d2,GLOSBE_ami_zho_TMEM_U001642
Amis_3065,GLOSBE_REVIEWED_ZHO_2c1beead277587c9,GLOSBE_ami_zho_TMEM_U000658
Amis_3066,GLOSBE_REVIEWED_ZHO_8e675a9130c1c64b,GLOSBE_ami_zho_TMEM_U001408
Amis_3067,GLOSBE_REVIEWED_ZHO_1c389e6cd528686b,GLOSBE_ami_zho_TMEM_U001479
Amis_3068,GLOSBE_REVIEWED_ZHO_dfe08c286791bd43,GLOSBE_ami_zho_TMEM_U001643
Amis_3069,GLOSBE_REVIEWED_ZHO_db74e28e62183911,GLOSBE_ami_zho_TMEM_U001644
Amis_3070,GLOSBE_REVIEWED_ZHO_db39eb7f02b213c9,GLOSBE_ami_zho_TMEM_U001645
Amis_3071,GLOSBE_REVIEWED_ZHO_2ec9616fa720f803,GLOSBE_ami_zho_TMEM_U001646
Amis_3072,GLOSBE_REVIEWED_ZHO_69cb3fec19436441,GLOSBE_ami_zho_TMEM_U000802
Amis_3073,GLOSBE_REVIEWED_ZHO_3c9ec042e6a1327d,GLOSBE_ami_zho_TMEM_U000676
Amis_3074,GLOSBE_REVIEWED_ZHO_5bad261be7511d7b,GLOSBE_ami_zho_TMEM_U001647
Amis_3075,GLOSBE_REVIEWED_ZHO_e7fafc1fa0150897,GLOSBE_ami_zho_TMEM_U001648
Amis_3076,GLOSBE_REVIEWED_ZHO_75fa5ab1a17b3509,GLOSBE_ami_zho_TMEM_U001649
Amis_3077,GLOSBE_REVIEWED_ZHO_c130964b5c704472,GLOSBE_ami_zho_TMEM_U001650
Amis_3078,GLOSBE_REVIEWED_ZHO_1f9bb3bd16e8384a,GLOSBE_ami_zho_TMEM_U001486
Amis_3079,GLOSBE_REVIEWED_ZHO_728d9841118f2db4,GLOSBE_ami_zho_TMEM_U000693
Amis_3080,GLOSBE_REVIEWED_ZHO_a4105628cc84303e,GLOSBE_ami_zho_TMEM_U001577
Amis_3081,GLOSBE_REVIEWED_ZHO_cf66c1e09ff01fd3,GLOSBE_ami_zho_TMEM_U001547
Amis_3082,GLOSBE_REVIEWED_ZHO_1f7b1e1fb0cb5599,GLOSBE_ami_zho_TMEM_U001651
Amis_3083,GLOSBE_REVIEWED_ZHO_1d58df0580baa1b0,GLOSBE_ami_zho_TMEM_U001652
Amis_3084,GLOSBE_REVIEWED_ZHO_d6c4ccc2ae396aa9,GLOSBE_ami_zho_TMEM_U001653
Amis_3085,GLOSBE_REVIEWED_ZHO_b000f7318c5fba9a,GLOSBE_ami_zho_TMEM_U001654
Amis_3086,GLOSBE_REVIEWED_ZHO_7db7cda3a84761c1,GLOSBE_ami_zho_TMEM_U001655
Amis_3087,GLOSBE_REVIEWED_ZHO_bb935d4d41631e58,GLOSBE_ami_zho_TMEM_U001156
Amis_3088,GLOSBE_REVIEWED_ZHO_810f1858e307c974,GLOSBE_ami_zho_TMEM_U001580
Amis_3089,GLOSBE_REVIEWED_ZHO_e6598985f1355084,GLOSBE_ami_zho_TMEM_U000992
Amis_3090,GLOSBE_REVIEWED_ZHO_fb2e64c3041da09f,GLOSBE_ami_zho_TMEM_U000995
Amis_3091,GLOSBE_REVIEWED_ZHO_126d9024b5ae3d08,GLOSBE_ami_zho_TMEM_U000728
Amis_3092,GLOSBE_REVIEWED_ZHO_6805dc3d16e05b30,GLOSBE_ami_zho_TMEM_U001305
Amis_3093,GLOSBE_REVIEWED_ZHO_28fe3d344a4fd19e,GLOSBE_ami_zho_TMEM_U001585
Amis_3094,GLOSBE_REVIEWED_ZHO_ad3f3db6815bd432,GLOSBE_ami_zho_TMEM_U001195
Amis_3095,GLOSBE_REVIEWED_ZHO_18b66133af0987a7,GLOSBE_ami_zho_TMEM_U001656
Amis_3096,GLOSBE_REVIEWED_ZHO_56e975897f53f3a6,GLOSBE_ami_zho_TMEM_U001198
Amis_3097,GLOSBE_REVIEWED_ZHO_b3f4cfc9a447e49a,GLOSBE_ami_zho_TMEM_U001199
Amis_3098,GLOSBE_REVIEWED_ZHO_7fb0c9c7d6304ac6,GLOSBE_ami_zho_TMEM_U001657
Amis_3099,GLOSBE_REVIEWED_ZHO_a778eb0307ba6751,GLOSBE_ami_zho_TMEM_U001200
Amis_3100,GLOSBE_REVIEWED_ZHO_8e5226792173426e,GLOSBE_ami_zho_TMEM_U001535
Amis_3101,GLOSBE_REVIEWED_ZHO_866b7c7aa100b321,GLOSBE_ami_zho_TMEM_U000780
Amis_3102,GLOSBE_REVIEWED_ZHO_287242b855917df4,GLOSBE_ami_zho_TMEM_U001658
Amis_3103,GLOSBE_REVIEWED_ZHO_8463a02c41f18cf7,GLOSBE_ami_zho_TMEM_U001001
Amis_3104,GLOSBE_REVIEWED_ZHO_1e6239a0d80081ee,GLOSBE_ami_zho_TMEM_U001003
Amis_3105,GLOSBE_REVIEWED_ZHO_2e1021367f5c7332,GLOSBE_ami_zho_TMEM_U001659
Amis_3106,GLOSBE_REVIEWED_ZHO_8786d40aa554c05c,GLOSBE_ami_zho_TMEM_U000782
Amis_3107,GLOSBE_REVIEWED_ZHO_99c8bda0564dd491,GLOSBE_ami_zho_TMEM_U000849
Amis_3108,GLOSBE_REVIEWED_ZHO_a136290edaa7312d,GLOSBE_ami_zho_TMEM_U001660
Amis_3109,GLOSBE_REVIEWED_ZHO_67fcb90fb20cf36e,GLOSBE_ami_zho_TMEM_U001661
Amis_3110,GLOSBE_REVIEWED_ZHO_9ee0e76808b36b77,GLOSBE_ami_zho_TMEM_U001662
Amis_3111,GLOSBE_REVIEWED_ZHO_14ce2f8aa9dc220d,GLOSBE_ami_zho_TMEM_U001663
Amis_3112,GLOSBE_REVIEWED_ZHO_85b91012af9cc874,GLOSBE_ami_zho_TMEM_U001664
Amis_3113,GLOSBE_REVIEWED_ZHO_885acf6a3bebcecb,GLOSBE_ami_zho_TMEM_U000738
Amis_3114,GLOSBE_REVIEWED_ZHO_adc359d837c6c5b7,GLOSBE_ami_zho_TMEM_U001665
Amis_3115,GLOSBE_REVIEWED_ZHO_60a4aabeffad25ae,GLOSBE_ami_zho_TMEM_U001666
Amis_3116,GLOSBE_REVIEWED_ZHO_cc5552829d6e0c69,GLOSBE_ami_zho_TMEM_U000889
Amis_3117,GLOSBE_REVIEWED_ZHO_2a9227af139776bf,GLOSBE_ami_zho_TMEM_U001599
Amis_3118,GLOSBE_REVIEWED_ZHO_b8bd973f95b4b382,GLOSBE_ami_zho_TMEM_U001667
Amis_3119,GLOSBE_REVIEWED_ZHO_b35f3d521ccad579,GLOSBE_ami_zho_TMEM_U001668
Amis_3120,GLOSBE_REVIEWED_ZHO_9028580215a7cdd9,GLOSBE_ami_zho_TMEM_U001018
Amis_3121,GLOSBE_REVIEWED_ZHO_0b9745f4332fe3f0,GLOSBE_ami_zho_TMEM_U001438
Amis_3122,GLOSBE_REVIEWED_ZHO_4b552fb6e3a9c1ae,GLOSBE_ami_zho_TMEM_U001669
Amis_3123,GLOSBE_REVIEWED_ZHO_6946aeb2917c6df5,GLOSBE_ami_zho_TMEM_U001160
Amis_3124,GLOSBE_REVIEWED_ZHO_5501770ecf69a260,GLOSBE_ami_zho_TMEM_U001670
Amis_3125,GLOSBE_REVIEWED_ZHO_2360f463d9f64920,GLOSBE_ami_zho_TMEM_U001213
Amis_3126,GLOSBE_REVIEWED_ZHO_e7d662c7b0c587c2,GLOSBE_ami_zho_TMEM_U001671
Amis_3127,GLOSBE_REVIEWED_ZHO_ff597575e862bf8c,GLOSBE_ami_zho_TMEM_U001672
Amis_3128,GLOSBE_REVIEWED_ZHO_d212f1105af1f687,GLOSBE_ami_zho_TMEM_U001216
Amis_3129,GLOSBE_REVIEWED_ZHO_6e41ab8b56b81e33,GLOSBE_ami_zho_TMEM_U001030
Amis_3130,GLOSBE_REVIEWED_ZHO_f72739ad61854f5a,GLOSBE_ami_zho_TMEM_U001673
Amis_3131,GLOSBE_REVIEWED_ZHO_6f4d93191432c404,GLOSBE_ami_zho_TMEM_U001674
Amis_3132,GLOSBE_REVIEWED_ZHO_d12abb0767dca141,GLOSBE_ami_zho_TMEM_U001675
Amis_3133,GLOSBE_REVIEWED_ZHO_3261115ce80ba6e8,GLOSBE_ami_zho_TMEM_U001033
Amis_3134,GLOSBE_REVIEWED_ZHO_5245f60d59aefab5,GLOSBE_ami_zho_TMEM_U001676
Amis_3135,GLOSBE_REVIEWED_ZHO_900083b72e655239,GLOSBE_ami_zho_TMEM_U001677
Amis_3136,GLOSBE_REVIEWED_ZHO_18493e84b9cff807,GLOSBE_ami_zho_TMEM_U001618
Amis_3137,GLOSBE_REVIEWED_ZHO_6f3632eb076bd1c3,GLOSBE_ami_zho_TMEM_U001678
Amis_3138,GLOSBE_REVIEWED_ZHO_f3b7122417dfc023,GLOSBE_ami_zho_TMEM_U001679
Amis_3139,GLOSBE_REVIEWED_ZHO_d3b95b1e25c57f3d,GLOSBE_ami_zho_TMEM_U000903
Amis_3140,GLOSBE_REVIEWED_ZHO_af5a91335b295195,GLOSBE_ami_zho_TMEM_U001626
Amis_3141,GLOSBE_REVIEWED_ZHO_0e244a4793578953,GLOSBE_ami_zho_TMEM_U001680
Amis_3142,GLOSBE_REVIEWED_ZHO_ed300c4853f715ea,GLOSBE_ami_zho_TMEM_U001681
Amis_3143,GLOSBE_REVIEWED_ZHO_84ad18ca4ede44d9,GLOSBE_ami_zho_TMEM_U001682
Amis_3144,GLOSBE_REVIEWED_ZHO_38a25f4f10627ca8,GLOSBE_ami_zho_TMEM_U001683
Amis_3145,GLOSBE_REVIEWED_ZHO_1319e7facfc22dcf,GLOSBE_ami_zho_TMEM_U000854
Amis_3146,GLOSBE_REVIEWED_ZHO_76e1d2f1318e3624,GLOSBE_ami_zho_TMEM_U001222
Amis_3147,GLOSBE_REVIEWED_ZHO_c71dbc293e2cac45,GLOSBE_ami_zho_TMEM_U001684
Amis_3148,GLOSBE_REVIEWED_ZHO_4fa12ebed196e9e7,GLOSBE_ami_zho_TMEM_U001037
Amis_3149,GLOSBE_REVIEWED_ZHO_802f7ad124052bd3,GLOSBE_ami_zho_TMEM_U001685
Amis_3150,GLOSBE_REVIEWED_ZHO_5b9d66e30d55d5c8,GLOSBE_ami_zho_TMEM_U001351
Amis_3151,GLOSBE_REVIEWED_ZHO_f50b71241c8afe1b,GLOSBE_ami_zho_TMEM_U001224
Amis_3152,GLOSBE_REVIEWED_ZHO_8a4ac3e17b176687,GLOSBE_ami_zho_TMEM_U001686
Amis_3153,GLOSBE_REVIEWED_ZHO_beb66400b475def8,GLOSBE_ami_zho_TMEM_U001442
Amis_3154,GLOSBE_REVIEWED_ZHO_df5b929d29be93bb,GLOSBE_ami_zho_TMEM_U001040
Amis_3155,GLOSBE_REVIEWED_ZHO_1485924e805898a0,GLOSBE_ami_zho_TMEM_U001687
Amis_3156,GLOSBE_REVIEWED_ZHO_392b6f545b1ba43f,GLOSBE_ami_zho_TMEM_U001688
Amis_3157,GLOSBE_REVIEWED_ZHO_e9e13780435a52a3,GLOSBE_ami_zho_TMEM_U001689
Amis_3158,GLOSBE_REVIEWED_ZHO_b2c0b3e113d080ff,GLOSBE_ami_zho_TMEM_U001690
Amis_3159,GLOSBE_REVIEWED_ZHO_28d93ee4824abc73,GLOSBE_ami_zho_TMEM_U001691
Amis_3160,GLOSBE_REVIEWED_ZHO_179eeeb491527392,GLOSBE_ami_zho_TMEM_U000230
Amis_3161,GLOSBE_REVIEWED_ZHO_940adbaf9c590715,GLOSBE_ami_zho_TMEM_U000246
Amis_3162,GLOSBE_REVIEWED_ZHO_34bbb0e0fb559bb3,GLOSBE_ami_zho_TMEM_U000511
Amis_3163,GLOSBE_REVIEWED_ZHO_387f6b1429ff08cd,GLOSBE_ami_zho_TMEM_U000085
Amis_3164,GLOSBE_REVIEWED_ZHO_9ccf7b4e252e18af,GLOSBE_ami_zho_TMEM_U000126
Amis_3165,GLOSBE_REVIEWED_ZHO_d2866f45e9a5bb37,GLOSBE_ami_zho_TMEM_U000608
Amis_3166,GLOSBE_REVIEWED_ZHO_1fe70aa92d7a48f2,GLOSBE_ami_zho_TMEM_U000536
Amis_3167,GLOSBE_REVIEWED_ZHO_642bc2dff8c11d05,GLOSBE_ami_zho_TMEM_U000610
Amis_3168,GLOSBE_REVIEWED_ZHO_5c2f7ab48495264b,GLOSBE_ami_zho_TMEM_U000284
Amis_3169,GLOSBE_REVIEWED_ZHO_a567b70f6ea24b3b,GLOSBE_ami_zho_TMEM_U000298
Amis_3170,GLOSBE_REVIEWED_ZHO_0098e433a4576f02,GLOSBE_ami_zho_TMEM_U000191
Amis_3171,GLOSBE_REVIEWED_ZHO_d02019ea113f6a3d,GLOSBE_ami_zho_TMEM_U000206
Amis_3172,GLOSBE_REVIEWED_ZHO_89dfca7cbb1595ed,GLOSBE_ami_zho_TMEM_U000438
Amis_3173,GLOSBE_REVIEWED_ZHO_0286aedda47e94f1,GLOSBE_ami_zho_TMEM_U000332
Amis_3174,GLOSBE_REVIEWED_ZHO_3c922c30ed4d8dde,GLOSBE_ami_zho_TMEM_U000582
Amis_3175,GLOSBE_REVIEWED_ZHO_974907dad12b3303,GLOSBE_ami_zho_TMEM_U001635
Amis_3176,GLOSBE_REVIEWED_ZHO_b85000fb2d00cab5,GLOSBE_ami_zho_TMEM_U000672
Amis_3177,GLOSBE_REVIEWED_ZHO_1d58df0580baa1b0,GLOSBE_ami_zho_TMEM_U001652
Amis_3178,GLOSBE_REVIEWED_ZHO_d31b93c95594fae7,GLOSBE_ami_zho_TMEM_U001157
Amis_3179,GLOSBE_REVIEWED_ZHO_c89a50c1ae943bff,GLOSBE_ami_zho_TMEM_U001692
Amis_3180,GLOSBE_REVIEWED_ZHO_277b1045a8deab18,GLOSBE_ami_zho_TMEM_U001693
Amis_3181,GLOSBE_REVIEWED_ZHO_35b35a5d1b687209,GLOSBE_ami_zho_TMEM_U001694
Amis_3182,GLOSBE_REVIEWED_ZHO_e243351b3f7c6382,GLOSBE_ami_zho_TMEM_U001695
Amis_3183,GLOSBE_REVIEWED_ZHO_562d4088c8080b5c,GLOSBE_ami_zho_TMEM_U001308
Amis_3184,GLOSBE_REVIEWED_ZHO_51091d616d031a69,GLOSBE_ami_zho_TMEM_U001696
Amis_3185,GLOSBE_REVIEWED_ZHO_d164d89840ad38be,GLOSBE_ami_zho_TMEM_U001697
Amis_3186,GLOSBE_REVIEWED_ZHO_3b2a5dd481903831,GLOSBE_ami_zho_TMEM_U001698
Amis_3187,GLOSBE_REVIEWED_ZHO_3927a9bdfb4ded16,GLOSBE_ami_zho_TMEM_U000815
Amis_3188,GLOSBE_REVIEWED_ZHO_ea9b3f3a224940f4,GLOSBE_ami_zho_TMEM_U001699
Amis_3189,GLOSBE_REVIEWED_ZHO_9999c3c15252d0ee,GLOSBE_ami_zho_TMEM_U001700
Amis_3190,GLOSBE_REVIEWED_ZHO_35e9db13392dea3b,GLOSBE_ami_zho_TMEM_U000766
Amis_3191,GLOSBE_REVIEWED_ZHO_22b2b0ebef214b16,GLOSBE_ami_zho_TMEM_U001701
Amis_3192,GLOSBE_REVIEWED_ZHO_85a8b0d155b1dabc,GLOSBE_ami_zho_TMEM_U000146
Amis_3193,GLOSBE_REVIEWED_ZHO_7ccf46daf74b143b,GLOSBE_ami_zho_TMEM_U000581
Amis_3194,GLOSBE_REVIEWED_ZHO_72928099f70264a9,GLOSBE_ami_zho_TMEM_U001702
Amis_3195,GLOSBE_REVIEWED_ZHO_1c389e6cd528686b,GLOSBE_ami_zho_TMEM_U001479
Amis_3196,GLOSBE_REVIEWED_ZHO_9de2616889c7b737,GLOSBE_ami_zho_TMEM_U001110
Amis_3197,GLOSBE_REVIEWED_ZHO_b85000fb2d00cab5,GLOSBE_ami_zho_TMEM_U000672
Amis_3198,GLOSBE_REVIEWED_ZHO_16c41954f2879363,GLOSBE_ami_zho_TMEM_U000983
Amis_3199,GLOSBE_REVIEWED_ZHO_c89a50c1ae943bff,GLOSBE_ami_zho_TMEM_U001692
Amis_3200,GLOSBE_REVIEWED_ZHO_0256a16a60b35817,GLOSBE_ami_zho_TMEM_U001703
Amis_3201,GLOSBE_REVIEWED_ZHO_4d238aee10b2034c,GLOSBE_ami_zho_TMEM_U001704
Amis_3202,GLOSBE_REVIEWED_ZHO_40b31b8b4e11740a,GLOSBE_ami_zho_TMEM_U001022
Amis_3203,GLOSBE_REVIEWED_ZHO_e19eff47b31a7eac,GLOSBE_ami_zho_TMEM_U000506
Amis_3204,GLOSBE_REVIEWED_ZHO_8ba75c46791d70f2,GLOSBE_ami_zho_TMEM_U001705
Amis_3205,GLOSBE_REVIEWED_ZHO_3c696d1585aaaeab,GLOSBE_ami_zho_TMEM_U001386
Amis_3206,GLOSBE_REVIEWED_ZHO_c3d3e5629af6484d,GLOSBE_ami_zho_TMEM_U001706
Amis_3207,GLOSBE_REVIEWED_ZHO_fc7e1e445b66d696,GLOSBE_ami_zho_TMEM_U001447
Amis_3208,GLOSBE_REVIEWED_ZHO_98d356394e0e2e06,GLOSBE_ami_zho_TMEM_U001337
Amis_3209,GLOSBE_REVIEWED_ZHO_bca2a14e468fc7ff,GLOSBE_ami_zho_TMEM_U001707
Amis_3210,GLOSBE_REVIEWED_ZHO_3e21b3e6cc30b0d1,GLOSBE_ami_zho_TMEM_U001708
Amis_3211,GLOSBE_REVIEWED_ZHO_87670346d77eb5e7,GLOSBE_ami_zho_TMEM_U001709
Amis_3212,GLOSBE_REVIEWED_ZHO_751a92c25f8e4be6,GLOSBE_ami_zho_TMEM_U001455
Amis_3213,GLOSBE_REVIEWED_ZHO_7b42218d379b278c,GLOSBE_ami_zho_TMEM_U000938
Amis_3214,GLOSBE_REVIEWED_ZHO_d2020df8b4fad333,GLOSBE_ami_zho_TMEM_U000166
Amis_3215,GLOSBE_REVIEWED_ZHO_378d5e75eea536b5,GLOSBE_ami_zho_TMEM_U000362
Amis_3216,GLOSBE_REVIEWED_ZHO_c98ce7889fc47b58,GLOSBE_ami_zho_TMEM_U001710
Amis_3217,GLOSBE_REVIEWED_ZHO_e4e70f7455ae60b2,GLOSBE_ami_zho_TMEM_U001711
Amis_3218,GLOSBE_REVIEWED_ZHO_bcff039786800a44,GLOSBE_ami_zho_TMEM_U000806
Amis_3219,GLOSBE_REVIEWED_ZHO_35c04d554c59d5e3,GLOSBE_ami_zho_TMEM_U000532
Amis_3220,GLOSBE_REVIEWED_ZHO_9ccf7b4e252e18af,GLOSBE_ami_zho_TMEM_U000126
Amis_3221,GLOSBE_REVIEWED_ZHO_7884814d8f4aba05,GLOSBE_ami_zho_TMEM_U001563
Amis_3222,GLOSBE_REVIEWED_ZHO_4a59ef1e5d228ef2,GLOSBE_ami_zho_TMEM_U000326
Amis_3223,GLOSBE_REVIEWED_ZHO_993d30e6a44b0797,GLOSBE_ami_zho_TMEM_U001712
Amis_3224,GLOSBE_REVIEWED_ZHO_e67059d57b7d979a,GLOSBE_ami_zho_TMEM_U001713
Amis_3225,GLOSBE_REVIEWED_ZHO_99ad7a857b87fc5a,GLOSBE_ami_zho_TMEM_U001714
Amis_3226,GLOSBE_REVIEWED_ZHO_006ccc0424b78717,GLOSBE_ami_zho_TMEM_U001715
Amis_3227,GLOSBE_REVIEWED_ZHO_0d3e971735c164f4,GLOSBE_ami_zho_TMEM_U001161
Amis_3228,GLOSBE_REVIEWED_ZHO_59ee3108ce17d719,GLOSBE_ami_zho_TMEM_U001716
Amis_3229,GLOSBE_REVIEWED_ZHO_2b55091442c6a985,GLOSBE_ami_zho_TMEM_U000745
Amis_3230,GLOSBE_REVIEWED_ZHO_3a297b4b8852d195,GLOSBE_ami_zho_TMEM_U001162
Amis_3231,GLOSBE_REVIEWED_ZHO_ea7638e918f038a1,GLOSBE_ami_zho_TMEM_U000757
Amis_3232,GLOSBE_REVIEWED_ZHO_552a86459e30be5c,GLOSBE_ami_zho_TMEM_U001525
Amis_3233,GLOSBE_REVIEWED_ZHO_705202bc21b85a05,GLOSBE_ami_zho_TMEM_U001384
Amis_3234,GLOSBE_REVIEWED_ZHO_cc3ea30aa6de947b,GLOSBE_ami_zho_TMEM_U001170
Amis_3235,GLOSBE_REVIEWED_ZHO_6700effd5780ac08,GLOSBE_ami_zho_TMEM_U000102
Amis_3236,GLOSBE_REVIEWED_ZHO_6a1e4d509f106949,GLOSBE_ami_zho_TMEM_U000269
Amis_3237,GLOSBE_REVIEWED_ZHO_b1c98e1eb60e2c4b,GLOSBE_ami_zho_TMEM_U000272
Amis_3238,GLOSBE_REVIEWED_ZHO_2d06dd4efd48eb98,GLOSBE_ami_zho_TMEM_U000211
Amis_3239,GLOSBE_REVIEWED_ZHO_3c9ec042e6a1327d,GLOSBE_ami_zho_TMEM_U000676
Amis_3240,GLOSBE_REVIEWED_ZHO_c4c20335ab6429d7,GLOSBE_ami_zho_TMEM_U000879
Amis_3241,GLOSBE_REVIEWED_ZHO_f9e9e0303add679d,GLOSBE_ami_zho_TMEM_U000851
Amis_3242,GLOSBE_REVIEWED_ZHO_c983c8f4adf78bae,GLOSBE_ami_zho_TMEM_U001032
Amis_3243,GLOSBE_REVIEWED_ZHO_a72c9a8a297d3f30,GLOSBE_ami_zho_TMEM_U001717
Amis_3244,GLOSBE_REVIEWED_ZHO_cfb36ab51d580574,GLOSBE_ami_zho_TMEM_U001718
Amis_3245,GLOSBE_STATIC_8014485d93f3db592c1a,GLOSBE_ami_zho_TMEM_U000001
Amis_3246,GLOSBE_STATIC_1b1803bb4bd384a8348d,GLOSBE_ami_zho_TMEM_U000002
Amis_3247,GLOSBE_STATIC_5fb93f4f5aa4fe965798,GLOSBE_ami_zho_TMEM_U000003
Amis_3248,GLOSBE_REVIEWED_ZHO_159693ba669870c4,GLOSBE_ami_zho_TMEM_U000043
Amis_3249,GLOSBE_REVIEWED_ZHO_0a51c2ee2bd62f50,GLOSBE_ami_zho_TMEM_U000229
Amis_3250,GLOSBE_STATIC_04e0a41f9522c2a31e2a,GLOSBE_ami_zho_TMEM_U000004
Amis_3251,GLOSBE_STATIC_9fb888c7dd0c80ee4cc3,GLOSBE_ami_zho_TMEM_U000006
Amis_3252,GLOSBE_STATIC_4a860a43d9ed667c0894,GLOSBE_ami_zho_TMEM_U000007
Amis_3253,GLOSBE_STATIC_92d5126c2bf771b91dc6,GLOSBE_ami_zho_TMEM_U000008
Amis_3254,GLOSBE_REVIEWED_ZHO_b6194234827d9b01,GLOSBE_ami_zho_TMEM_U000044
Amis_3255,GLOSBE_REVIEWED_ZHO_bd1851d0e911cf67,GLOSBE_ami_zho_TMEM_U000031
Amis_3256,GLOSBE_STATIC_09b2fae1e065d2319b48,GLOSBE_ami_zho_TMEM_U000009
Amis_3257,GLOSBE_STATIC_bfb19eb5a892e4af5ce1,GLOSBE_ami_zho_TMEM_U000010
Amis_3258,GLOSBE_STATIC_1ba1eac920589b2acdd9,GLOSBE_ami_zho_TMEM_U000011
Amis_3259,GLOSBE_REVIEWED_ZHO_730c6b8c6fb0235d,GLOSBE_ami_zho_TMEM_U000012
Amis_3260,GLOSBE_REVIEWED_ZHO_9710aa16955877bb,GLOSBE_ami_zho_TMEM_U000033
Amis_3261,GLOSBE_REVIEWED_ZHO_179eeeb491527392,GLOSBE_ami_zho_TMEM_U000230
Amis_3262,GLOSBE_REVIEWED_ZHO_b14d133fb87eec42,GLOSBE_ami_zho_TMEM_U000231
Amis_3263,GLOSBE_STATIC_bdf7c3f5d353d50ad538,GLOSBE_ami_zho_TMEM_U000014
Amis_3264,GLOSBE_STATIC_6f56471e1cc8b6d934dd,GLOSBE_ami_zho_TMEM_U000015
Amis_3265,GLOSBE_STATIC_161f730563921ecb6fff,GLOSBE_ami_zho_TMEM_U000017
Amis_3266,GLOSBE_STATIC_4d47d68035a4efdd0f7a,GLOSBE_ami_zho_TMEM_U000019
Amis_3267,GLOSBE_REVIEWED_ZHO_66e4d7da0b7032c4,GLOSBE_ami_zho_TMEM_U000047
Amis_3268,GLOSBE_STATIC_6b39693e00dc78c65eba,GLOSBE_ami_zho_TMEM_U000022
Amis_3269,GLOSBE_REVIEWED_ZHO_5714eebd133d037c,GLOSBE_ami_zho_TMEM_U000024
Amis_3270,GLOSBE_REVIEWED_ZHO_e5954edf92f5897e,GLOSBE_ami_zho_TMEM_U000038
Amis_3271,GLOSBE_STATIC_cfcca38b2b7636ed3ee2,GLOSBE_ami_zho_TMEM_U000025
Amis_3272,GLOSBE_REVIEWED_ZHO_dc5c338648af711a,GLOSBE_ami_zho_TMEM_U000039
Amis_3273,GLOSBE_REVIEWED_ZHO_60ece95668ee7f59,GLOSBE_ami_zho_TMEM_U000040
Amis_3274,GLOSBE_REVIEWED_ZHO_1c700130ef019bb9,GLOSBE_ami_zho_TMEM_U000369
Amis_3275,GLOSBE_REVIEWED_ZHO_bd0d15119555e106,GLOSBE_ami_zho_TMEM_U000050
Amis_3276,GLOSBE_REVIEWED_ZHO_498761440881a6f3,GLOSBE_ami_zho_TMEM_U000236
Amis_3277,GLOSBE_REVIEWED_ZHO_d0064568b38054e7,GLOSBE_ami_zho_TMEM_U000238
Amis_3278,GLOSBE_REVIEWED_ZHO_55b446671aa748ae,GLOSBE_ami_zho_TMEM_U000483
Amis_3279,GLOSBE_REVIEWED_ZHO_cb12648352c5b7d4,GLOSBE_ami_zho_TMEM_U000242
Amis_3280,GLOSBE_REVIEWED_ZHO_d376eb0593c63527,GLOSBE_ami_zho_TMEM_U000508
Amis_3281,GLOSBE_REVIEWED_ZHO_8ba98d36bc69f26d,GLOSBE_ami_zho_TMEM_U000243
Amis_3282,GLOSBE_REVIEWED_ZHO_4b58d9ab321e6c69,GLOSBE_ami_zho_TMEM_U000244
Amis_3283,GLOSBE_REVIEWED_ZHO_578e935425e8988c,GLOSBE_ami_zho_TMEM_U001719
Amis_3284,GLOSBE_REVIEWED_ZHO_95edf914aa8f1c74,GLOSBE_ami_zho_TMEM_U000371
Amis_3285,GLOSBE_REVIEWED_ZHO_3ae36a3e2512956a,GLOSBE_ami_zho_TMEM_U001173
Amis_3286,GLOSBE_REVIEWED_ZHO_25d1cc7fcfe80f86,GLOSBE_ami_zho_TMEM_U000834
Amis_3287,GLOSBE_REVIEWED_ZHO_89e2940197f6e515,GLOSBE_ami_zho_TMEM_U000245
Amis_3288,GLOSBE_REVIEWED_ZHO_c2211393d5916077,GLOSBE_ami_zho_TMEM_U001084
Amis_3289,GLOSBE_REVIEWED_ZHO_940adbaf9c590715,GLOSBE_ami_zho_TMEM_U000246
Amis_3290,GLOSBE_REVIEWED_ZHO_9ff569cad07b2d08,GLOSBE_ami_zho_TMEM_U000376
Amis_3291,GLOSBE_REVIEWED_ZHO_30beea28f95c8aa8,GLOSBE_ami_zho_TMEM_U000510
Amis_3292,GLOSBE_REVIEWED_ZHO_404753895c1747d7,GLOSBE_ami_zho_TMEM_U000052
Amis_3293,GLOSBE_REVIEWED_ZHO_fc126036bca9d637,GLOSBE_ami_zho_TMEM_U001553
Amis_3294,GLOSBE_REVIEWED_ZHO_e9a3ac848b5788ae,GLOSBE_ami_zho_TMEM_U000053
Amis_3295,GLOSBE_REVIEWED_ZHO_c818ee8054f7430e,GLOSBE_ami_zho_TMEM_U000055
Amis_3296,GLOSBE_REVIEWED_ZHO_08f58c2c107859f9,GLOSBE_ami_zho_TMEM_U000484
Amis_3297,GLOSBE_REVIEWED_ZHO_34bbb0e0fb559bb3,GLOSBE_ami_zho_TMEM_U000511
Amis_3298,GLOSBE_REVIEWED_ZHO_814f0ca208db28c1,GLOSBE_ami_zho_TMEM_U000247
Amis_3299,GLOSBE_REVIEWED_ZHO_704041a3eb8a5484,GLOSBE_ami_zho_TMEM_U001287
Amis_3300,GLOSBE_REVIEWED_ZHO_4c540c7e8c5d2852,GLOSBE_ami_zho_TMEM_U000248
Amis_3301,GLOSBE_REVIEWED_ZHO_74d22dacf243eb84,GLOSBE_ami_zho_TMEM_U001720
Amis_3302,GLOSBE_REVIEWED_ZHO_45eafbccc6d9a2d1,GLOSBE_ami_zho_TMEM_U000596
Amis_3303,GLOSBE_REVIEWED_ZHO_285bc714ea0289b4,GLOSBE_ami_zho_TMEM_U000835
Amis_3304,GLOSBE_REVIEWED_ZHO_dd5e4fbb4b137ec2,GLOSBE_ami_zho_TMEM_U000379
Amis_3305,GLOSBE_REVIEWED_ZHO_12eb0acc578cdba3,GLOSBE_ami_zho_TMEM_U000770
Amis_3306,GLOSBE_REVIEWED_ZHO_35cb1778af6c3f2c,GLOSBE_ami_zho_TMEM_U000061
Amis_3307,GLOSBE_REVIEWED_ZHO_131443dcd3f86553,GLOSBE_ami_zho_TMEM_U000380
Amis_3308,GLOSBE_REVIEWED_ZHO_4a37de8ffddebd50,GLOSBE_ami_zho_TMEM_U000063
Amis_3309,GLOSBE_REVIEWED_ZHO_923bef51273547a7,GLOSBE_ami_zho_TMEM_U000065
Amis_3310,GLOSBE_REVIEWED_ZHO_ee41c9ea12a06900,GLOSBE_ami_zho_TMEM_U000771
Amis_3311,GLOSBE_REVIEWED_ZHO_fdc895132efca755,GLOSBE_ami_zho_TMEM_U000066
Amis_3312,GLOSBE_REVIEWED_ZHO_3ced043117581160,GLOSBE_ami_zho_TMEM_U000381
Amis_3313,GLOSBE_REVIEWED_ZHO_154ff738ba26d4da,GLOSBE_ami_zho_TMEM_U000250
Amis_3314,GLOSBE_REVIEWED_ZHO_4f778b1c25e78865,GLOSBE_ami_zho_TMEM_U001554
Amis_3315,GLOSBE_REVIEWED_ZHO_a789cbff975cd4e7,GLOSBE_ami_zho_TMEM_U000513
Amis_3316,GLOSBE_REVIEWED_ZHO_03b753787340d06f,GLOSBE_ami_zho_TMEM_U000068
Amis_3317,GLOSBE_REVIEWED_ZHO_4143770986987186,GLOSBE_ami_zho_TMEM_U000382
Amis_3318,GLOSBE_REVIEWED_ZHO_3caf21705010bd07,GLOSBE_ami_zho_TMEM_U000069
Amis_3319,GLOSBE_REVIEWED_ZHO_647c908081b3877e,GLOSBE_ami_zho_TMEM_U000070
Amis_3320,GLOSBE_REVIEWED_ZHO_17424eee92de7c22,GLOSBE_ami_zho_TMEM_U000072
Amis_3321,GLOSBE_REVIEWED_ZHO_78a2daa4abe76c30,GLOSBE_ami_zho_TMEM_U001555
Amis_3322,GLOSBE_REVIEWED_ZHO_1ba34fd425460cca,GLOSBE_ami_zho_TMEM_U000253
Amis_3323,GLOSBE_REVIEWED_ZHO_7aa4e7ee2f98ae2f,GLOSBE_ami_zho_TMEM_U000597
Amis_3324,GLOSBE_REVIEWED_ZHO_e51b7fffeab1cc1e,GLOSBE_ami_zho_TMEM_U001721
Amis_3325,GLOSBE_REVIEWED_ZHO_0877a7e7d0374c28,GLOSBE_ami_zho_TMEM_U000075
Amis_3326,GLOSBE_REVIEWED_ZHO_3ad892effbb2f2b6,GLOSBE_ami_zho_TMEM_U000485
Amis_3327,GLOSBE_REVIEWED_ZHO_9bde7964ca6739b5,GLOSBE_ami_zho_TMEM_U000515
Amis_3328,GLOSBE_REVIEWED_ZHO_a39cd1d40c851a81,GLOSBE_ami_zho_TMEM_U000076
Amis_3329,GLOSBE_REVIEWED_ZHO_667b3b0c7191cf88,GLOSBE_ami_zho_TMEM_U000516
Amis_3330,GLOSBE_REVIEWED_ZHO_a856da281dd6693e,GLOSBE_ami_zho_TMEM_U000077
Amis_3331,GLOSBE_REVIEWED_ZHO_e3e8c62c04be93d0,GLOSBE_ami_zho_TMEM_U000078
Amis_3332,GLOSBE_REVIEWED_ZHO_a928eb25f537ea60,GLOSBE_ami_zho_TMEM_U000079
Amis_3333,GLOSBE_REVIEWED_ZHO_acfd93b1e857a0ee,GLOSBE_ami_zho_TMEM_U000080
Amis_3334,GLOSBE_REVIEWED_ZHO_ec8cf8c2ccdb60c3,GLOSBE_ami_zho_TMEM_U000081
Amis_3335,GLOSBE_REVIEWED_ZHO_91b2edbce906db4e,GLOSBE_ami_zho_TMEM_U000389
Amis_3336,GLOSBE_REVIEWED_ZHO_3bb87fb58df798e6,GLOSBE_ami_zho_TMEM_U000599
Amis_3337,GLOSBE_REVIEWED_ZHO_127b240d751f6d66,GLOSBE_ami_zho_TMEM_U000958
Amis_3338,GLOSBE_REVIEWED_ZHO_67edeae18bc649a9,GLOSBE_ami_zho_TMEM_U000256
Amis_3339,GLOSBE_REVIEWED_ZHO_7b1bd52932242b3c,GLOSBE_ami_zho_TMEM_U000600
Amis_3340,GLOSBE_REVIEWED_ZHO_22d7ad8daa43f772,GLOSBE_ami_zho_TMEM_U000486
Amis_3341,GLOSBE_REVIEWED_ZHO_647de33b56ff6bc5,GLOSBE_ami_zho_TMEM_U000083
Amis_3342,GLOSBE_REVIEWED_ZHO_c934d4953a0dee48,GLOSBE_ami_zho_TMEM_U000257
Amis_3343,GLOSBE_REVIEWED_ZHO_d96569448c72b3ec,GLOSBE_ami_zho_TMEM_U000390
Amis_3344,GLOSBE_REVIEWED_ZHO_81a0ab645bdd7ab7,GLOSBE_ami_zho_TMEM_U000258
Amis_3345,GLOSBE_REVIEWED_ZHO_bf3fdea55e989828,GLOSBE_ami_zho_TMEM_U000519
Amis_3346,GLOSBE_REVIEWED_ZHO_387f6b1429ff08cd,GLOSBE_ami_zho_TMEM_U000085
Amis_3347,GLOSBE_REVIEWED_ZHO_0facb876f63c86ab,GLOSBE_ami_zho_TMEM_U000259
Amis_3348,GLOSBE_REVIEWED_ZHO_df71f4fb8d0382ea,GLOSBE_ami_zho_TMEM_U001722
Amis_3349,GLOSBE_REVIEWED_ZHO_fb7eef6fdd46258f,GLOSBE_ami_zho_TMEM_U000086
Amis_3350,GLOSBE_REVIEWED_ZHO_32b340de4a8cbed2,GLOSBE_ami_zho_TMEM_U000088
Amis_3351,GLOSBE_REVIEWED_ZHO_ee6b61655218693f,GLOSBE_ami_zho_TMEM_U001289
Amis_3352,GLOSBE_REVIEWED_ZHO_01673e264212d0ce,GLOSBE_ami_zho_TMEM_U000089
Amis_3353,GLOSBE_REVIEWED_ZHO_1ee8f3405596da83,GLOSBE_ami_zho_TMEM_U000261
Amis_3354,GLOSBE_REVIEWED_ZHO_934b3c5205e1fec7,GLOSBE_ami_zho_TMEM_U001723
Amis_3355,GLOSBE_REVIEWED_ZHO_ca5f3ce450784fd9,GLOSBE_ami_zho_TMEM_U000090
Amis_3356,GLOSBE_REVIEWED_ZHO_184cb0f845b397cb,GLOSBE_ami_zho_TMEM_U000091
Amis_3357,GLOSBE_REVIEWED_ZHO_958fc5b6afc1b619,GLOSBE_ami_zho_TMEM_U001724
Amis_3358,GLOSBE_REVIEWED_ZHO_4080c685af057c04,GLOSBE_ami_zho_TMEM_U000092
Amis_3359,GLOSBE_REVIEWED_ZHO_5f5849a42e3b326c,GLOSBE_ami_zho_TMEM_U000095
Amis_3360,GLOSBE_REVIEWED_ZHO_85a6f31b368e7d79,GLOSBE_ami_zho_TMEM_U000262
Amis_3361,GLOSBE_REVIEWED_ZHO_ae3f8a64d6be97a4,GLOSBE_ami_zho_TMEM_U000097
Amis_3362,GLOSBE_REVIEWED_ZHO_a80ca4caab0544f8,GLOSBE_ami_zho_TMEM_U000098
Amis_3363,GLOSBE_REVIEWED_ZHO_489d2e37f50e6fe4,GLOSBE_ami_zho_TMEM_U000099
Amis_3364,GLOSBE_REVIEWED_ZHO_f187374977933db3,GLOSBE_ami_zho_TMEM_U000523
Amis_3365,GLOSBE_REVIEWED_ZHO_e81ed859011b1411,GLOSBE_ami_zho_TMEM_U000524
Amis_3366,GLOSBE_REVIEWED_ZHO_effed0b3a4c6d25c,GLOSBE_ami_zho_TMEM_U000266
Amis_3367,GLOSBE_REVIEWED_ZHO_6837a8f39509c447,GLOSBE_ami_zho_TMEM_U001290
Amis_3368,GLOSBE_REVIEWED_ZHO_31afa435752612b0,GLOSBE_ami_zho_TMEM_U001291
Amis_3369,GLOSBE_REVIEWED_ZHO_797f95c9a9adb3c5,GLOSBE_ami_zho_TMEM_U001725
Amis_3370,GLOSBE_REVIEWED_ZHO_6700effd5780ac08,GLOSBE_ami_zho_TMEM_U000102
Amis_3371,GLOSBE_REVIEWED_ZHO_23ed23b054e69aff,GLOSBE_ami_zho_TMEM_U001370
Amis_3372,GLOSBE_REVIEWED_ZHO_a7c6bb01a0a72af8,GLOSBE_ami_zho_TMEM_U000391
Amis_3373,GLOSBE_REVIEWED_ZHO_470cd3b97251f0bc,GLOSBE_ami_zho_TMEM_U000268
Amis_3374,GLOSBE_REVIEWED_ZHO_4d6c618ba8800889,GLOSBE_ami_zho_TMEM_U000104
Amis_3375,GLOSBE_REVIEWED_ZHO_4f5deb2718844511,GLOSBE_ami_zho_TMEM_U000105
Amis_3376,GLOSBE_REVIEWED_ZHO_154985dcc05a0a50,GLOSBE_ami_zho_TMEM_U000527
Amis_3377,GLOSBE_REVIEWED_ZHO_07db711af0d5adf6,GLOSBE_ami_zho_TMEM_U001275
Amis_3378,GLOSBE_REVIEWED_ZHO_4862ed93c0ce971f,GLOSBE_ami_zho_TMEM_U001088
Amis_3379,GLOSBE_REVIEWED_ZHO_3f216c349da510fa,GLOSBE_ami_zho_TMEM_U000392
Amis_3380,GLOSBE_REVIEWED_ZHO_d809c3c4cc7ab004,GLOSBE_ami_zho_TMEM_U001628
Amis_3381,GLOSBE_REVIEWED_ZHO_564dd7238963b47b,GLOSBE_ami_zho_TMEM_U000393
Amis_3382,GLOSBE_REVIEWED_ZHO_304ce8f60e6a9318,GLOSBE_ami_zho_TMEM_U000108
Amis_3383,GLOSBE_REVIEWED_ZHO_65c01bf35af406a4,GLOSBE_ami_zho_TMEM_U001726
Amis_3384,GLOSBE_REVIEWED_ZHO_2f196b9dc7f3257a,GLOSBE_ami_zho_TMEM_U000110
Amis_3385,GLOSBE_REVIEWED_ZHO_ea045d3567206290,GLOSBE_ami_zho_TMEM_U000270
Amis_3386,GLOSBE_REVIEWED_ZHO_ee16fc7b8d1f5185,GLOSBE_ami_zho_TMEM_U001727
Amis_3387,GLOSBE_REVIEWED_ZHO_03087f4024cd873e,GLOSBE_ami_zho_TMEM_U000395
Amis_3388,GLOSBE_REVIEWED_ZHO_b0ff48dbf6916416,GLOSBE_ami_zho_TMEM_U000696
Amis_3389,GLOSBE_REVIEWED_ZHO_c4eea1024ee71615,GLOSBE_ami_zho_TMEM_U001431
Amis_3390,GLOSBE_REVIEWED_ZHO_73e4e7adec1fa04d,GLOSBE_ami_zho_TMEM_U000115
Amis_3391,GLOSBE_REVIEWED_ZHO_a9e100f5b5398618,GLOSBE_ami_zho_TMEM_U000116
Amis_3392,GLOSBE_REVIEWED_ZHO_4dceb8b3496ed3b7,GLOSBE_ami_zho_TMEM_U000487
Amis_3393,GLOSBE_REVIEWED_ZHO_97f1b51a6e75f27b,GLOSBE_ami_zho_TMEM_U001728
Amis_3394,GLOSBE_REVIEWED_ZHO_fe9441077ff04d8d,GLOSBE_ami_zho_TMEM_U000530
Amis_3395,GLOSBE_REVIEWED_ZHO_7b7b83f4089aed5f,GLOSBE_ami_zho_TMEM_U000397
Amis_3396,GLOSBE_REVIEWED_ZHO_b1c98e1eb60e2c4b,GLOSBE_ami_zho_TMEM_U000272
Amis_3397,GLOSBE_REVIEWED_ZHO_bce80260702e483d,GLOSBE_ami_zho_TMEM_U000477
Amis_3398,GLOSBE_REVIEWED_ZHO_50cbff7189b8b863,GLOSBE_ami_zho_TMEM_U000123
Amis_3399,GLOSBE_REVIEWED_ZHO_2bc676f92b0014dd,GLOSBE_ami_zho_TMEM_U000273
Amis_3400,GLOSBE_REVIEWED_ZHO_5bb300939fa11288,GLOSBE_ami_zho_TMEM_U001389
Amis_3401,GLOSBE_REVIEWED_ZHO_e4b23c48959b07ac,GLOSBE_ami_zho_TMEM_U000124
Amis_3402,GLOSBE_REVIEWED_ZHO_5307cf0c49ba39dd,GLOSBE_ami_zho_TMEM_U000274
Amis_3403,GLOSBE_REVIEWED_ZHO_9ccf7b4e252e18af,GLOSBE_ami_zho_TMEM_U000126
Amis_3404,GLOSBE_REVIEWED_ZHO_76c67384dc12bc2d,GLOSBE_ami_zho_TMEM_U000128
Amis_3405,GLOSBE_REVIEWED_ZHO_bfd1f516985d5a13,GLOSBE_ami_zho_TMEM_U001729
Amis_3406,GLOSBE_REVIEWED_ZHO_1d05b40a1262c084,GLOSBE_ami_zho_TMEM_U000697
Amis_3407,GLOSBE_REVIEWED_ZHO_2566551f0368308a,GLOSBE_ami_zho_TMEM_U000275
Amis_3408,GLOSBE_REVIEWED_ZHO_a2428b06966f0f85,GLOSBE_ami_zho_TMEM_U000130
Amis_3409,GLOSBE_REVIEWED_ZHO_5274cc3615753956,GLOSBE_ami_zho_TMEM_U000534
Amis_3410,GLOSBE_REVIEWED_ZHO_7b9776fba9563385,GLOSBE_ami_zho_TMEM_U000698
Amis_3411,GLOSBE_REVIEWED_ZHO_aac2b371c5f88948,GLOSBE_ami_zho_TMEM_U000132
Amis_3412,GLOSBE_REVIEWED_ZHO_0fd390a0fb1f8229,GLOSBE_ami_zho_TMEM_U000133
Amis_3413,GLOSBE_REVIEWED_ZHO_7b42218d379b278c,GLOSBE_ami_zho_TMEM_U000938
Amis_3414,GLOSBE_REVIEWED_ZHO_b3c7f92b32495852,GLOSBE_ami_zho_TMEM_U000605
Amis_3415,GLOSBE_REVIEWED_ZHO_46f1f51fd7b3bf0c,GLOSBE_ami_zho_TMEM_U000606
Amis_3416,GLOSBE_REVIEWED_ZHO_5525fcc4f9e9646a,GLOSBE_ami_zho_TMEM_U000134
Amis_3417,GLOSBE_REVIEWED_ZHO_4380cb1f539e9f69,GLOSBE_ami_zho_TMEM_U000135
Amis_3418,GLOSBE_REVIEWED_ZHO_447ac291ea1c3616,GLOSBE_ami_zho_TMEM_U000136
Amis_3419,GLOSBE_REVIEWED_ZHO_bd75c1fc35b6e50f,GLOSBE_ami_zho_TMEM_U001556
Amis_3420,GLOSBE_REVIEWED_ZHO_27922228144039ee,GLOSBE_ami_zho_TMEM_U000137
Amis_3421,GLOSBE_REVIEWED_ZHO_6b143135771b106e,GLOSBE_ami_zho_TMEM_U000607
Amis_3422,GLOSBE_REVIEWED_ZHO_3929f272c43eb1df,GLOSBE_ami_zho_TMEM_U000278
Amis_3423,GLOSBE_REVIEWED_ZHO_a6bb09c849d6ebdd,GLOSBE_ami_zho_TMEM_U000400
Amis_3424,GLOSBE_REVIEWED_ZHO_6ef96f7e247f5ec5,GLOSBE_ami_zho_TMEM_U000478
Amis_3425,GLOSBE_REVIEWED_ZHO_689eb54f7dda5841,GLOSBE_ami_zho_TMEM_U000401
Amis_3426,GLOSBE_REVIEWED_ZHO_9b4cc3c00af7462c,GLOSBE_ami_zho_TMEM_U000138
Amis_3427,GLOSBE_REVIEWED_ZHO_1a5fa0b79c3984ca,GLOSBE_ami_zho_TMEM_U000139
Amis_3428,GLOSBE_REVIEWED_ZHO_d2866f45e9a5bb37,GLOSBE_ami_zho_TMEM_U000608
Amis_3429,GLOSBE_REVIEWED_ZHO_1fe70aa92d7a48f2,GLOSBE_ami_zho_TMEM_U000536
Amis_3430,GLOSBE_REVIEWED_ZHO_0b6e4d9d3356cccf,GLOSBE_ami_zho_TMEM_U000280
Amis_3431,GLOSBE_REVIEWED_ZHO_af34dffb27c87fa3,GLOSBE_ami_zho_TMEM_U000140
Amis_3432,GLOSBE_REVIEWED_ZHO_c0bd4a180a4cfaae,GLOSBE_ami_zho_TMEM_U000281
Amis_3433,GLOSBE_REVIEWED_ZHO_0c07dbaea7a7173d,GLOSBE_ami_zho_TMEM_U000282
Amis_3434,GLOSBE_REVIEWED_ZHO_caf6e411d64e80e8,GLOSBE_ami_zho_TMEM_U000141
Amis_3435,GLOSBE_REVIEWED_ZHO_fedaed8fcc8f3f92,GLOSBE_ami_zho_TMEM_U000537
Amis_3436,GLOSBE_REVIEWED_ZHO_58d9f9b6b058f671,GLOSBE_ami_zho_TMEM_U000538
Amis_3437,GLOSBE_REVIEWED_ZHO_68ae326af2e56a7d,GLOSBE_ami_zho_TMEM_U000700
Amis_3438,GLOSBE_REVIEWED_ZHO_f15c46e2f8e0b1cb,GLOSBE_ami_zho_TMEM_U000283
Amis_3439,GLOSBE_REVIEWED_ZHO_fef010bc7f89cd31,GLOSBE_ami_zho_TMEM_U000142
Amis_3440,GLOSBE_REVIEWED_ZHO_5c2f7ab48495264b,GLOSBE_ami_zho_TMEM_U000284
Amis_3441,GLOSBE_REVIEWED_ZHO_a6a0db7fd978b7b9,GLOSBE_ami_zho_TMEM_U001730
Amis_3442,GLOSBE_REVIEWED_ZHO_5f20679957f51631,GLOSBE_ami_zho_TMEM_U000144
Amis_3443,GLOSBE_REVIEWED_ZHO_d090662a9e5387ea,GLOSBE_ami_zho_TMEM_U000145
Amis_3444,GLOSBE_REVIEWED_ZHO_5d86b19625304d66,GLOSBE_ami_zho_TMEM_U000488
Amis_3445,GLOSBE_STATIC_cfcca38b2b7636ed3ee2,GLOSBE_ami_zho_TMEM_U000025
Amis_3446,GLOSBE_REVIEWED_ZHO_9bde7964ca6739b5,GLOSBE_ami_zho_TMEM_U000515
Amis_3447,GLOSBE_REVIEWED_ZHO_93f1e4d89ccced13,GLOSBE_ami_zho_TMEM_U000629
Amis_3448,GLOSBE_REVIEWED_ZHO_3bf63944bc923b75,GLOSBE_ami_zho_TMEM_U001731
Amis_3449,GLOSBE_REVIEWED_ZHO_2e497ec2e90ec9f6,GLOSBE_ami_zho_TMEM_U001406
Amis_3450,GLOSBE_REVIEWED_ZHO_cab4fe45fb0a6f2a,GLOSBE_ami_zho_TMEM_U001732
Amis_3451,GLOSBE_REVIEWED_ZHO_ecf02c02f5a18e2b,GLOSBE_ami_zho_TMEM_U001323
Amis_3452,GLOSBE_REVIEWED_ZHO_ed300c4853f715ea,GLOSBE_ami_zho_TMEM_U001681
Amis_3453,GLOSBE_REVIEWED_ZHO_340c9b6f0941b5fd,GLOSBE_ami_zho_TMEM_U001733
Amis_3454,GLOSBE_REVIEWED_ZHO_ca5ac1b00e4a1664,GLOSBE_ami_zho_TMEM_U001417
Amis_3455,GLOSBE_REVIEWED_ZHO_c5ef94239fca8451,GLOSBE_ami_zho_TMEM_U000842
Amis_3456,GLOSBE_REVIEWED_ZHO_bd85bfd22f9e631f,GLOSBE_ami_zho_TMEM_U000951
Amis_3457,GLOSBE_REVIEWED_ZHO_d0064568b38054e7,GLOSBE_ami_zho_TMEM_U000238
Amis_3458,GLOSBE_REVIEWED_ZHO_647c908081b3877e,GLOSBE_ami_zho_TMEM_U000070
Amis_3459,GLOSBE_REVIEWED_ZHO_447ac291ea1c3616,GLOSBE_ami_zho_TMEM_U000136
Amis_3460,GLOSBE_REVIEWED_ZHO_32e8eb7c0e0f13aa,GLOSBE_ami_zho_TMEM_U000148
Amis_3461,GLOSBE_REVIEWED_ZHO_f442e9ab3c11bfe7,GLOSBE_ami_zho_TMEM_U001633
Amis_3462,GLOSBE_REVIEWED_ZHO_b70190edf806ca6b,GLOSBE_ami_zho_TMEM_U001295
Amis_3463,GLOSBE_REVIEWED_ZHO_eaacf3079ab50d57,GLOSBE_ami_zho_TMEM_U001734
Amis_3464,GLOSBE_REVIEWED_ZHO_1388960cdd776c68,GLOSBE_ami_zho_TMEM_U001374
Amis_3465,GLOSBE_REVIEWED_ZHO_cccc018d3bd79831,GLOSBE_ami_zho_TMEM_U001735
Amis_3466,GLOSBE_REVIEWED_ZHO_799ab1bc4ee640ba,GLOSBE_ami_zho_TMEM_U001736
Amis_3467,GLOSBE_REVIEWED_ZHO_b1933fad8b55135f,GLOSBE_ami_zho_TMEM_U001737
Amis_3468,GLOSBE_REVIEWED_ZHO_3ef547cf94653685,GLOSBE_ami_zho_TMEM_U001738
Amis_3469,GLOSBE_REVIEWED_ZHO_4577c36af7fbf44c,GLOSBE_ami_zho_TMEM_U001739
Amis_3470,GLOSBE_REVIEWED_ZHO_b11c4dfaacd99199,GLOSBE_ami_zho_TMEM_U001740
Amis_3471,GLOSBE_REVIEWED_ZHO_5e5fba1c92775f22,GLOSBE_ami_zho_TMEM_U001741
Amis_3472,GLOSBE_REVIEWED_ZHO_2f81f069a1cc203e,GLOSBE_ami_zho_TMEM_U001742
Amis_3473,GLOSBE_REVIEWED_ZHO_0f42eab06d788765,GLOSBE_ami_zho_TMEM_U001259
Amis_3474,GLOSBE_REVIEWED_ZHO_ee16fc7b8d1f5185,GLOSBE_ami_zho_TMEM_U001727
Amis_3475,GLOSBE_REVIEWED_ZHO_974907dad12b3303,GLOSBE_ami_zho_TMEM_U001635
Amis_3476,GLOSBE_REVIEWED_ZHO_25528191caf52c62,GLOSBE_ami_zho_TMEM_U000947
Amis_3477,GLOSBE_REVIEWED_ZHO_e31ada1e143e9376,GLOSBE_ami_zho_TMEM_U001576
Amis_3478,GLOSBE_REVIEWED_ZHO_695aab7c60098570,GLOSBE_ami_zho_TMEM_U001624
Amis_3479,GLOSBE_REVIEWED_ZHO_087e891ba9e15445,GLOSBE_ami_zho_TMEM_U001743
Amis_3480,GLOSBE_REVIEWED_ZHO_d08ba60effe105dc,GLOSBE_ami_zho_TMEM_U000049
Amis_3481,GLOSBE_REVIEWED_ZHO_5a69f17060bc8d76,GLOSBE_ami_zho_TMEM_U000932
Amis_3482,GLOSBE_STATIC_bdf7c3f5d353d50ad538,GLOSBE_ami_zho_TMEM_U000014
Amis_3483,GLOSBE_REVIEWED_ZHO_6e14173bf08ab02b,GLOSBE_ami_zho_TMEM_U000084
Amis_3484,GLOSBE_REVIEWED_ZHO_e81ed859011b1411,GLOSBE_ami_zho_TMEM_U000524
Amis_3485,GLOSBE_REVIEWED_ZHO_6700effd5780ac08,GLOSBE_ami_zho_TMEM_U000102
Amis_3486,GLOSBE_REVIEWED_ZHO_3c599ab9d37bab65,GLOSBE_ami_zho_TMEM_U000111
Amis_3487,GLOSBE_REVIEWED_ZHO_9ccf7b4e252e18af,GLOSBE_ami_zho_TMEM_U000126
Amis_3488,GLOSBE_REVIEWED_ZHO_1d79f606bbd0a27c,GLOSBE_ami_zho_TMEM_U001744
Amis_3489,GLOSBE_REVIEWED_ZHO_6e91e024eaf79ea4,GLOSBE_ami_zho_TMEM_U000706
Amis_3490,GLOSBE_REVIEWED_ZHO_378d5e75eea536b5,GLOSBE_ami_zho_TMEM_U000362
Amis_3491,GLOSBE_REVIEWED_ZHO_0a540e0a47fa8698,GLOSBE_ami_zho_TMEM_U000368
Amis_3492,GLOSBE_REVIEWED_ZHO_49520d9d971af377,GLOSBE_ami_zho_TMEM_U001745
Amis_3493,GLOSBE_REVIEWED_ZHO_851b206102055707,GLOSBE_ami_zho_TMEM_U001746
Amis_3494,GLOSBE_REVIEWED_ZHO_da031f52bf3d612d,GLOSBE_ami_zho_TMEM_U001747
Amis_3495,GLOSBE_REVIEWED_ZHO_5df85633f97525ac,GLOSBE_ami_zho_TMEM_U001748
Amis_3496,GLOSBE_REVIEWED_ZHO_d7bf5f058357238f,GLOSBE_ami_zho_TMEM_U001749
Amis_3497,GLOSBE_REVIEWED_ZHO_77cc1360199ffda2,GLOSBE_ami_zho_TMEM_U001750
Amis_3498,GLOSBE_REVIEWED_ZHO_d4fe7c84628e5fdd,GLOSBE_ami_zho_TMEM_U001751
Amis_3499,GLOSBE_REVIEWED_ZHO_925e90a31325969b,GLOSBE_ami_zho_TMEM_U001133
Amis_3500,GLOSBE_REVIEWED_ZHO_cbafdbef5eb2fcdd,GLOSBE_ami_zho_TMEM_U001752
Amis_3501,GLOSBE_REVIEWED_ZHO_112bb10a1e93491f,GLOSBE_ami_zho_TMEM_U001063
Amis_3502,GLOSBE_REVIEWED_ZHO_4412c53378efdd02,GLOSBE_ami_zho_TMEM_U000794
Amis_3503,GLOSBE_REVIEWED_ZHO_902fc44b5bc44a0f,GLOSBE_ami_zho_TMEM_U001753
Amis_3504,GLOSBE_REVIEWED_ZHO_1c700130ef019bb9,GLOSBE_ami_zho_TMEM_U000369
Amis_3505,GLOSBE_REVIEWED_ZHO_01673e264212d0ce,GLOSBE_ami_zho_TMEM_U000089
Amis_3506,GLOSBE_REVIEWED_ZHO_3c24ea1fb75b04e3,GLOSBE_ami_zho_TMEM_U000264
Amis_3507,GLOSBE_REVIEWED_ZHO_9a87c3d3046c0bb5,GLOSBE_ami_zho_TMEM_U001754
Amis_3508,GLOSBE_REVIEWED_ZHO_bfd1f516985d5a13,GLOSBE_ami_zho_TMEM_U001729
Amis_3509,GLOSBE_REVIEWED_ZHO_0c07dbaea7a7173d,GLOSBE_ami_zho_TMEM_U000282
Amis_3510,GLOSBE_REVIEWED_ZHO_aee37768c9af6961,GLOSBE_ami_zho_TMEM_U000156
Amis_3511,GLOSBE_REVIEWED_ZHO_18c7f4c4eb11e8c8,GLOSBE_ami_zho_TMEM_U000611
Amis_3512,GLOSBE_REVIEWED_ZHO_64eceb7c475d9a47,GLOSBE_ami_zho_TMEM_U000188
Amis_3513,GLOSBE_REVIEWED_ZHO_8fd4b8b2cb27e42d,GLOSBE_ami_zho_TMEM_U000213
Amis_3514,GLOSBE_REVIEWED_ZHO_ebd3e19da6698f60,GLOSBE_ami_zho_TMEM_U001755
Amis_3515,GLOSBE_REVIEWED_ZHO_65ad48ef24b2ddd7,GLOSBE_ami_zho_TMEM_U001566
Amis_3516,GLOSBE_REVIEWED_ZHO_16ef9aad8d63f8c2,GLOSBE_ami_zho_TMEM_U000467
Amis_3517,GLOSBE_REVIEWED_ZHO_3c9d25f7a681975f,GLOSBE_ami_zho_TMEM_U000636
Amis_3518,GLOSBE_REVIEWED_ZHO_688c8ec9dc9d75d2,GLOSBE_ami_zho_TMEM_U001640
Amis_3519,GLOSBE_REVIEWED_ZHO_1beca549c6c76696,GLOSBE_ami_zho_TMEM_U000652
Amis_3520,GLOSBE_REVIEWED_ZHO_2e06da56183b9274,GLOSBE_ami_zho_TMEM_U000668
Amis_3521,GLOSBE_REVIEWED_ZHO_9de2616889c7b737,GLOSBE_ami_zho_TMEM_U001110
Amis_3522,GLOSBE_REVIEWED_ZHO_dfef99421b36701f,GLOSBE_ami_zho_TMEM_U001756
Amis_3523,GLOSBE_REVIEWED_ZHO_bde19a8aa4b4be51,GLOSBE_ami_zho_TMEM_U000732
Amis_3524,GLOSBE_REVIEWED_ZHO_34bbeee1355bdd06,GLOSBE_ami_zho_TMEM_U001757
Amis_3525,GLOSBE_REVIEWED_ZHO_b498b33c53441581,GLOSBE_ami_zho_TMEM_U001590
Amis_3526,GLOSBE_REVIEWED_ZHO_bb8d597757db3f5d,GLOSBE_ami_zho_TMEM_U001006
Amis_3527,GLOSBE_REVIEWED_ZHO_706e554f4a2360e1,GLOSBE_ami_zho_TMEM_U001313
Amis_3528,GLOSBE_REVIEWED_ZHO_de80e7d75fa180a8,GLOSBE_ami_zho_TMEM_U001758
Amis_3529,GLOSBE_REVIEWED_ZHO_85db6866ca8bd983,GLOSBE_ami_zho_TMEM_U001759
Amis_3530,GLOSBE_REVIEWED_ZHO_c45ac66715e802c5,GLOSBE_ami_zho_TMEM_U001620
Amis_3531,GLOSBE_REVIEWED_ZHO_9bd5d7f9e041a663,GLOSBE_ami_zho_TMEM_U001760
Amis_3532,GLOSBE_REVIEWED_ZHO_8ba75c46791d70f2,GLOSBE_ami_zho_TMEM_U001705
Amis_3533,GLOSBE_REVIEWED_ZHO_2b879b50dd55961e,GLOSBE_ami_zho_TMEM_U001761
Amis_3534,GLOSBE_REVIEWED_ZHO_fc7e1e445b66d696,GLOSBE_ami_zho_TMEM_U001447
Amis_3535,GLOSBE_REVIEWED_ZHO_43d4a7c332996bf0,GLOSBE_ami_zho_TMEM_U001762
Amis_3536,GLOSBE_REVIEWED_ZHO_97cf21dceb030d5f,GLOSBE_ami_zho_TMEM_U000759
Amis_3537,GLOSBE_REVIEWED_ZHO_8d5443203ed98c22,GLOSBE_ami_zho_TMEM_U001763
Amis_3538,GLOSBE_REVIEWED_ZHO_8704ea2cbf0b76fd,GLOSBE_ami_zho_TMEM_U001401
Amis_3539,GLOSBE_REVIEWED_ZHO_7277312b2833ca41,GLOSBE_ami_zho_TMEM_U001524
Amis_3540,GLOSBE_REVIEWED_ZHO_d2c7867ea7df50ce,GLOSBE_ami_zho_TMEM_U001378
Amis_3541,GLOSBE_REVIEWED_ZHO_6ba2e01b72cda92d,GLOSBE_ami_zho_TMEM_U001764
Amis_3542,GLOSBE_STATIC_4058c5a1b86fcccbb685,GLOSBE_ami_zho_TMEM_U000020
Amis_3543,GLOSBE_STATIC_c8c1e3c604f588af9b86,GLOSBE_ami_zho_TMEM_U000023
Amis_3544,GLOSBE_REVIEWED_ZHO_e9bc4de9e151a545,GLOSBE_ami_zho_TMEM_U000373
Amis_3545,GLOSBE_REVIEWED_ZHO_f7693b6a4edd8fbb,GLOSBE_ami_zho_TMEM_U000955
Amis_3546,GLOSBE_REVIEWED_ZHO_ec31a6463360b366,GLOSBE_ami_zho_TMEM_U000383
Amis_3547,GLOSBE_REVIEWED_ZHO_11527e8b2e7e7056,GLOSBE_ami_zho_TMEM_U000252
Amis_3548,GLOSBE_REVIEWED_ZHO_ea288e5d94643383,GLOSBE_ami_zho_TMEM_U000514
Amis_3549,GLOSBE_REVIEWED_ZHO_9ed6ddf1d21ecf40,GLOSBE_ami_zho_TMEM_U000526
Amis_3550,GLOSBE_REVIEWED_ZHO_3447c00d2d62dff5,GLOSBE_ami_zho_TMEM_U001765
Amis_3551,GLOSBE_REVIEWED_ZHO_a1612cec1fb0d4b1,GLOSBE_ami_zho_TMEM_U000119
Amis_3552,GLOSBE_REVIEWED_ZHO_24f75af96297a356,GLOSBE_ami_zho_TMEM_U000120
Amis_3553,GLOSBE_REVIEWED_ZHO_e7201f405665046b,GLOSBE_ami_zho_TMEM_U000864
Amis_3554,GLOSBE_REVIEWED_ZHO_8d9243a103452f7a,GLOSBE_ami_zho_TMEM_U001629
Amis_3555,GLOSBE_REVIEWED_ZHO_ed870be37e16a90a,GLOSBE_ami_zho_TMEM_U000403
Amis_3556,GLOSBE_REVIEWED_ZHO_1260d55393c4bde8,GLOSBE_ami_zho_TMEM_U000287
Amis_3557,GLOSBE_REVIEWED_ZHO_f2c3c7ccf3af2c81,GLOSBE_ami_zho_TMEM_U000171
Amis_3558,GLOSBE_REVIEWED_ZHO_c6a813706f4d29f0,GLOSBE_ami_zho_TMEM_U000175
Amis_3559,GLOSBE_REVIEWED_ZHO_f478c0f56c35d4bd,GLOSBE_ami_zho_TMEM_U001766
Amis_3560,GLOSBE_REVIEWED_ZHO_19597b545d51a513,GLOSBE_ami_zho_TMEM_U000550
Amis_3561,GLOSBE_REVIEWED_ZHO_31d4fea4437df24e,GLOSBE_ami_zho_TMEM_U001767
Amis_3562,GLOSBE_REVIEWED_ZHO_7c28d4e7f369161d,GLOSBE_ami_zho_TMEM_U000190
Amis_3563,GLOSBE_REVIEWED_ZHO_19ddcd8acdd2ba3e,GLOSBE_ami_zho_TMEM_U000962
Amis_3564,GLOSBE_REVIEWED_ZHO_a7f4fbdd763ae4f6,GLOSBE_ami_zho_TMEM_U001091
Amis_3565,GLOSBE_REVIEWED_ZHO_6a433c8bebb9e4a4,GLOSBE_ami_zho_TMEM_U000198
Amis_3566,GLOSBE_REVIEWED_ZHO_5390aa8cb93dc03c,GLOSBE_ami_zho_TMEM_U000199
Amis_3567,GLOSBE_REVIEWED_ZHO_86067a1e8d78b8e4,GLOSBE_ami_zho_TMEM_U000419
Amis_3568,GLOSBE_REVIEWED_ZHO_327a70bafd4b1a22,GLOSBE_ami_zho_TMEM_U001631
Amis_3569,GLOSBE_REVIEWED_ZHO_b565fc91b5ff9d65,GLOSBE_ami_zho_TMEM_U000308
Amis_3570,GLOSBE_REVIEWED_ZHO_c1ba6e274857f556,GLOSBE_ami_zho_TMEM_U000205
Amis_3571,GLOSBE_REVIEWED_ZHO_cc21dce7799eecf6,GLOSBE_ami_zho_TMEM_U000207
Amis_3572,GLOSBE_REVIEWED_ZHO_159abff34d3d0e8d,GLOSBE_ami_zho_TMEM_U001562
Amis_3573,GLOSBE_REVIEWED_ZHO_5e15d8a243d3ae13,GLOSBE_ami_zho_TMEM_U001175
Amis_3574,GLOSBE_REVIEWED_ZHO_c86e30398b341d63,GLOSBE_ami_zho_TMEM_U000620
Amis_3575,GLOSBE_REVIEWED_ZHO_6fc3d00b2cb0a841,GLOSBE_ami_zho_TMEM_U000215
Amis_3576,GLOSBE_REVIEWED_ZHO_4d6d98cb04953967,GLOSBE_ami_zho_TMEM_U001176
Amis_3577,GLOSBE_REVIEWED_ZHO_2c380881ba4f238c,GLOSBE_ami_zho_TMEM_U000312
Amis_3578,GLOSBE_REVIEWED_ZHO_e4de83d351f85059,GLOSBE_ami_zho_TMEM_U000560
Amis_3579,GLOSBE_REVIEWED_ZHO_b10bbb7814d78c8e,GLOSBE_ami_zho_TMEM_U000222
Amis_3580,GLOSBE_REVIEWED_ZHO_b1f77ca6e565f001,GLOSBE_ami_zho_TMEM_U000431
Amis_3581,GLOSBE_REVIEWED_ZHO_a65da51a349cb059,GLOSBE_ami_zho_TMEM_U001768
Amis_3582,GLOSBE_REVIEWED_ZHO_85008c41518b9a6f,GLOSBE_ami_zho_TMEM_U001095
Amis_3583,GLOSBE_REVIEWED_ZHO_deb6954932431556,GLOSBE_ami_zho_TMEM_U000434
Amis_3584,GLOSBE_REVIEWED_ZHO_eebd8379afb7a720,GLOSBE_ami_zho_TMEM_U000317
Amis_3585,GLOSBE_REVIEWED_ZHO_51deafe4d03732ec,GLOSBE_ami_zho_TMEM_U000568
Amis_3586,GLOSBE_REVIEWED_ZHO_03ce202cfb2ddb94,GLOSBE_ami_zho_TMEM_U000569
Amis_3587,GLOSBE_REVIEWED_ZHO_0dc160ff50e37b67,GLOSBE_ami_zho_TMEM_U000328
Amis_3588,GLOSBE_REVIEWED_ZHO_1e625182e4bde268,GLOSBE_ami_zho_TMEM_U000442
Amis_3589,GLOSBE_REVIEWED_ZHO_8ef02f22759d1040,GLOSBE_ami_zho_TMEM_U001769
Amis_3590,GLOSBE_REVIEWED_ZHO_02b8f25e1663f3fb,GLOSBE_ami_zho_TMEM_U001179
Amis_3591,GLOSBE_REVIEWED_ZHO_2207fa712a77adda,GLOSBE_ami_zho_TMEM_U000871
Amis_3592,GLOSBE_REVIEWED_ZHO_797cae69390f1922,GLOSBE_ami_zho_TMEM_U000579
Amis_3593,GLOSBE_REVIEWED_ZHO_5bc3df9183cccb18,GLOSBE_ami_zho_TMEM_U000338
Amis_3594,GLOSBE_REVIEWED_ZHO_a4e2b67cdb5454b1,GLOSBE_ami_zho_TMEM_U001565
Amis_3595,GLOSBE_REVIEWED_ZHO_7841f7cbe6ff65e9,GLOSBE_ami_zho_TMEM_U000344
Amis_3596,GLOSBE_REVIEWED_ZHO_3c922c30ed4d8dde,GLOSBE_ami_zho_TMEM_U000582
Amis_3597,GLOSBE_REVIEWED_ZHO_14bf91273497fb17,GLOSBE_ami_zho_TMEM_U000460
Amis_3598,GLOSBE_REVIEWED_ZHO_cc6e86cef5dfac8d,GLOSBE_ami_zho_TMEM_U001770
Amis_3599,GLOSBE_REVIEWED_ZHO_b21a554e68234d1d,GLOSBE_ami_zho_TMEM_U000352
Amis_3600,GLOSBE_REVIEWED_ZHO_662d95e43776fe06,GLOSBE_ami_zho_TMEM_U000588
Amis_3601,GLOSBE_REVIEWED_ZHO_f006f186c601125b,GLOSBE_ami_zho_TMEM_U000589
Amis_3602,GLOSBE_REVIEWED_ZHO_a66240fa01b75a57,GLOSBE_ami_zho_TMEM_U001567
Amis_3603,GLOSBE_REVIEWED_ZHO_3a72b3994363dae5,GLOSBE_ami_zho_TMEM_U000358
Amis_3604,GLOSBE_REVIEWED_ZHO_8a79d589192a7636,GLOSBE_ami_zho_TMEM_U000472
Amis_3605,GLOSBE_REVIEWED_ZHO_0bcafb1a600f655b,GLOSBE_ami_zho_TMEM_U000837
Amis_3606,GLOSBE_REVIEWED_ZHO_0ea3e71f9ddb7644,GLOSBE_ami_zho_TMEM_U001771
Amis_3607,GLOSBE_REVIEWED_ZHO_1c378274b8bd0850,GLOSBE_ami_zho_TMEM_U000639
Amis_3608,GLOSBE_REVIEWED_ZHO_7e0899e420049e16,GLOSBE_ami_zho_TMEM_U000710
Amis_3609,GLOSBE_REVIEWED_ZHO_e1796a55ec21e91a,GLOSBE_ami_zho_TMEM_U001772
Amis_3610,GLOSBE_REVIEWED_ZHO_688c8ec9dc9d75d2,GLOSBE_ami_zho_TMEM_U001640
Amis_3611,GLOSBE_REVIEWED_ZHO_66722e1bbff77b0f,GLOSBE_ami_zho_TMEM_U000838
Amis_3612,GLOSBE_REVIEWED_ZHO_0acdad528c952a46,GLOSBE_ami_zho_TMEM_U000649
Amis_3613,GLOSBE_REVIEWED_ZHO_0b861c990c951bc6,GLOSBE_ami_zho_TMEM_U000650
Amis_3614,GLOSBE_REVIEWED_ZHO_72928099f70264a9,GLOSBE_ami_zho_TMEM_U001702
Amis_3615,GLOSBE_REVIEWED_ZHO_4fec424f4809251c,GLOSBE_ami_zho_TMEM_U001773
Amis_3616,GLOSBE_REVIEWED_ZHO_5e3704efaad3b56f,GLOSBE_ami_zho_TMEM_U001774
Amis_3617,GLOSBE_REVIEWED_ZHO_ad0225e33b86bf1a,GLOSBE_ami_zho_TMEM_U001106
Amis_3618,GLOSBE_REVIEWED_ZHO_0a825c097f09f4d5,GLOSBE_ami_zho_TMEM_U000499
Amis_3619,GLOSBE_REVIEWED_ZHO_d26022c316d507c7,GLOSBE_ami_zho_TMEM_U001775
Amis_3620,GLOSBE_REVIEWED_ZHO_d58957e9c6fb3b7b,GLOSBE_ami_zho_TMEM_U001776
Amis_3621,GLOSBE_REVIEWED_ZHO_584f6641468c46cb,GLOSBE_ami_zho_TMEM_U000846
Amis_3622,GLOSBE_REVIEWED_ZHO_0ee31381df5a9b66,GLOSBE_ami_zho_TMEM_U000501
Amis_3623,GLOSBE_REVIEWED_ZHO_848842015c7421f6,GLOSBE_ami_zho_TMEM_U000661
Amis_3624,GLOSBE_REVIEWED_ZHO_3ceeb8ce092e4ac2,GLOSBE_ami_zho_TMEM_U000977
Amis_3625,GLOSBE_REVIEWED_ZHO_dfe08c286791bd43,GLOSBE_ami_zho_TMEM_U001643
Amis_3626,GLOSBE_REVIEWED_ZHO_25093d82645380e1,GLOSBE_ami_zho_TMEM_U000667
Amis_3627,GLOSBE_REVIEWED_ZHO_c27c32b6fe152d1a,GLOSBE_ami_zho_TMEM_U001575
Amis_3628,GLOSBE_REVIEWED_ZHO_9de2616889c7b737,GLOSBE_ami_zho_TMEM_U001110
Amis_3629,GLOSBE_REVIEWED_ZHO_4a7482a36ee7a196,GLOSBE_ami_zho_TMEM_U000715
Amis_3630,GLOSBE_REVIEWED_ZHO_95da22d839ccb6cd,GLOSBE_ami_zho_TMEM_U000679
Amis_3631,GLOSBE_REVIEWED_ZHO_d37a1364f8f9eda9,GLOSBE_ami_zho_TMEM_U001188
Amis_3632,GLOSBE_REVIEWED_ZHO_ebcf522026721704,GLOSBE_ami_zho_TMEM_U000778
Amis_3633,GLOSBE_REVIEWED_ZHO_7338bcbdc856473d,GLOSBE_ami_zho_TMEM_U000687
Amis_3634,GLOSBE_REVIEWED_ZHO_8899c73bf1c5e1a0,GLOSBE_ami_zho_TMEM_U001113
Amis_3635,GLOSBE_REVIEWED_ZHO_a3a2617801f487e2,GLOSBE_ami_zho_TMEM_U001410
Amis_3636,GLOSBE_REVIEWED_ZHO_58b336e29432c86d,GLOSBE_ami_zho_TMEM_U001777
Amis_3637,GLOSBE_REVIEWED_ZHO_40f7a1c93f9d37cf,GLOSBE_ami_zho_TMEM_U000839
Amis_3638,GLOSBE_REVIEWED_ZHO_454fbe55958e52ce,GLOSBE_ami_zho_TMEM_U001190
Amis_3639,GLOSBE_REVIEWED_ZHO_cfb36ab51d580574,GLOSBE_ami_zho_TMEM_U001718
Amis_3640,GLOSBE_REVIEWED_ZHO_d2168e6d14a43536,GLOSBE_ami_zho_TMEM_U001115
Amis_3641,GLOSBE_REVIEWED_ZHO_d6c4ccc2ae396aa9,GLOSBE_ami_zho_TMEM_U001653
Amis_3642,GLOSBE_REVIEWED_ZHO_4f85bcbbb15c50ba,GLOSBE_ami_zho_TMEM_U001778
Amis_3643,GLOSBE_REVIEWED_ZHO_5eea478d7ffa53b7,GLOSBE_ami_zho_TMEM_U001489
Amis_3644,GLOSBE_REVIEWED_ZHO_2bf54de41755eaed,GLOSBE_ami_zho_TMEM_U001779
Amis_3645,GLOSBE_REVIEWED_ZHO_fb58fc220546436c,GLOSBE_ami_zho_TMEM_U000990
Amis_3646,GLOSBE_REVIEWED_ZHO_5a9679621d7ad462,GLOSBE_ami_zho_TMEM_U001118
Amis_3647,GLOSBE_REVIEWED_ZHO_eb338d4c3b5b34b4,GLOSBE_ami_zho_TMEM_U000829
Amis_3648,GLOSBE_REVIEWED_ZHO_c1a098c28105fa9f,GLOSBE_ami_zho_TMEM_U001780
Amis_3649,GLOSBE_REVIEWED_ZHO_9930b2692fac28f1,GLOSBE_ami_zho_TMEM_U000991
Amis_3650,GLOSBE_REVIEWED_ZHO_fb2e64c3041da09f,GLOSBE_ami_zho_TMEM_U000995
Amis_3651,GLOSBE_REVIEWED_ZHO_c1d0160f6eb3dc47,GLOSBE_ami_zho_TMEM_U001303
Amis_3652,GLOSBE_REVIEWED_ZHO_247ea1652105fbe3,GLOSBE_ami_zho_TMEM_U000727
Amis_3653,GLOSBE_REVIEWED_ZHO_8d570e60479a4676,GLOSBE_ami_zho_TMEM_U001781
Amis_3654,GLOSBE_REVIEWED_ZHO_e65ebfeddaa7a7f5,GLOSBE_ami_zho_TMEM_U000880
Amis_3655,GLOSBE_REVIEWED_ZHO_a0ad84435936c2e3,GLOSBE_ami_zho_TMEM_U001782
Amis_3656,GLOSBE_REVIEWED_ZHO_3146b4f6c2986899,GLOSBE_ami_zho_TMEM_U000831
Amis_3657,GLOSBE_REVIEWED_ZHO_1586b5c85157cb89,GLOSBE_ami_zho_TMEM_U001783
Amis_3658,GLOSBE_REVIEWED_ZHO_975a314b97cf7916,GLOSBE_ami_zho_TMEM_U000996
Amis_3659,GLOSBE_REVIEWED_ZHO_e1493b54b0403d84,GLOSBE_ami_zho_TMEM_U001784
Amis_3660,GLOSBE_REVIEWED_ZHO_6805dc3d16e05b30,GLOSBE_ami_zho_TMEM_U001305
Amis_3661,GLOSBE_REVIEWED_ZHO_28fe3d344a4fd19e,GLOSBE_ami_zho_TMEM_U001585
Amis_3662,GLOSBE_REVIEWED_ZHO_3b543c9820bb6bba,GLOSBE_ami_zho_TMEM_U000729
Amis_3663,GLOSBE_REVIEWED_ZHO_ad3f3db6815bd432,GLOSBE_ami_zho_TMEM_U001195
Amis_3664,GLOSBE_REVIEWED_ZHO_b3f4cfc9a447e49a,GLOSBE_ami_zho_TMEM_U001199
Amis_3665,GLOSBE_REVIEWED_ZHO_a778eb0307ba6751,GLOSBE_ami_zho_TMEM_U001200
Amis_3666,GLOSBE_REVIEWED_ZHO_df6bfd0ac93f6970,GLOSBE_ami_zho_TMEM_U001201
Amis_3667,GLOSBE_REVIEWED_ZHO_1e6239a0d80081ee,GLOSBE_ami_zho_TMEM_U001003
Amis_3668,GLOSBE_REVIEWED_ZHO_8bc6e78621a30625,GLOSBE_ami_zho_TMEM_U001785
Amis_3669,GLOSBE_REVIEWED_ZHO_e95405485757390a,GLOSBE_ami_zho_TMEM_U001279
Amis_3670,GLOSBE_REVIEWED_ZHO_e243351b3f7c6382,GLOSBE_ami_zho_TMEM_U001695
Amis_3671,GLOSBE_REVIEWED_ZHO_05d3c3283af380ce,GLOSBE_ami_zho_TMEM_U000736
Amis_3672,GLOSBE_REVIEWED_ZHO_bc3f018fe0a3beb5,GLOSBE_ami_zho_TMEM_U001005
Amis_3673,GLOSBE_REVIEWED_ZHO_a136290edaa7312d,GLOSBE_ami_zho_TMEM_U001660
Amis_3674,GLOSBE_REVIEWED_ZHO_297b06ba0bed15f6,GLOSBE_ami_zho_TMEM_U001786
Amis_3675,GLOSBE_REVIEWED_ZHO_da08617141e24bd7,GLOSBE_ami_zho_TMEM_U001203
Amis_3676,GLOSBE_REVIEWED_ZHO_15301ee7175a4480,GLOSBE_ami_zho_TMEM_U001787
Amis_3677,GLOSBE_REVIEWED_ZHO_92dce6f22c9198d3,GLOSBE_ami_zho_TMEM_U001011
Amis_3678,GLOSBE_REVIEWED_ZHO_3eb6e20abe8b63e6,GLOSBE_ami_zho_TMEM_U001310
Amis_3679,GLOSBE_REVIEWED_ZHO_eaa9aa2b484f9bf7,GLOSBE_ami_zho_TMEM_U001012
Amis_3680,GLOSBE_REVIEWED_ZHO_9918f7175fcfcdc8,GLOSBE_ami_zho_TMEM_U001596
Amis_3681,GLOSBE_REVIEWED_ZHO_db7615cf807e62e8,GLOSBE_ami_zho_TMEM_U001788
Amis_3682,GLOSBE_REVIEWED_ZHO_927b0ddcc02a7ec7,GLOSBE_ami_zho_TMEM_U000890
Amis_3683,GLOSBE_REVIEWED_ZHO_7210f1b1dee9ff6e,GLOSBE_ami_zho_TMEM_U001601
Amis_3684,GLOSBE_REVIEWED_ZHO_52523435d9e1a521,GLOSBE_ami_zho_TMEM_U001789
Amis_3685,GLOSBE_REVIEWED_ZHO_828e4462637db81e,GLOSBE_ami_zho_TMEM_U001767
Amis_3686,GLOSBE_REVIEWED_ZHO_d61364edc229462c,GLOSBE_ami_zho_TMEM_U001790
Amis_3687,GLOSBE_REVIEWED_ZHO_4db60d49799d0ac8,GLOSBE_ami_zho_TMEM_U001791
Amis_3688,GLOSBE_REVIEWED_ZHO_a74c13dbecb37af1,GLOSBE_ami_zho_TMEM_U001016
Amis_3689,GLOSBE_REVIEWED_ZHO_6c7cae2e387bfdc8,GLOSBE_ami_zho_TMEM_U001017
Amis_3690,GLOSBE_REVIEWED_ZHO_65dbab8c481beda3,GLOSBE_ami_zho_TMEM_U001792
Amis_3691,GLOSBE_REVIEWED_ZHO_38b6b4e4c784e470,GLOSBE_ami_zho_TMEM_U001021
Amis_3692,GLOSBE_REVIEWED_ZHO_206d943adae25c47,GLOSBE_ami_zho_TMEM_U001209
Amis_3693,GLOSBE_REVIEWED_ZHO_600e1fab21f841c5,GLOSBE_ami_zho_TMEM_U000892
Amis_3694,GLOSBE_REVIEWED_ZHO_3027eef11a67ac5b,GLOSBE_ami_zho_TMEM_U001793
Amis_3695,GLOSBE_REVIEWED_ZHO_b985976c05e39bd3,GLOSBE_ami_zho_TMEM_U001023
Amis_3696,GLOSBE_REVIEWED_ZHO_c41fef2c9e33b971,GLOSBE_ami_zho_TMEM_U001211
Amis_3697,GLOSBE_REVIEWED_ZHO_69921898734f5a1a,GLOSBE_ami_zho_TMEM_U001794
Amis_3698,GLOSBE_REVIEWED_ZHO_0c17f1a474dff435,GLOSBE_ami_zho_TMEM_U001124
Amis_3699,GLOSBE_REVIEWED_ZHO_de80e7d75fa180a8,GLOSBE_ami_zho_TMEM_U001758
Amis_3700,GLOSBE_REVIEWED_ZHO_a78eafa7b0770f65,GLOSBE_ami_zho_TMEM_U000741
Amis_3701,GLOSBE_REVIEWED_ZHO_32ea2d0986e3fc76,GLOSBE_ami_zho_TMEM_U001795
Amis_3702,GLOSBE_REVIEWED_ZHO_76edab171da6188e,GLOSBE_ami_zho_TMEM_U001796
Amis_3703,GLOSBE_REVIEWED_ZHO_9e83d4a239882f5c,GLOSBE_ami_zho_TMEM_U001613
Amis_3704,GLOSBE_REVIEWED_ZHO_9e9ffbc2dbbd5458,GLOSBE_ami_zho_TMEM_U001212
Amis_3705,GLOSBE_REVIEWED_ZHO_23cf076d2208801f,GLOSBE_ami_zho_TMEM_U001797
Amis_3706,GLOSBE_REVIEWED_ZHO_d164d89840ad38be,GLOSBE_ami_zho_TMEM_U001697
Amis_3707,GLOSBE_REVIEWED_ZHO_e7d662c7b0c587c2,GLOSBE_ami_zho_TMEM_U001671
Amis_3708,GLOSBE_REVIEWED_ZHO_368aab72826e95d9,GLOSBE_ami_zho_TMEM_U001501
Amis_3709,GLOSBE_REVIEWED_ZHO_3272fa0b38cd9ed9,GLOSBE_ami_zho_TMEM_U001215
Amis_3710,GLOSBE_REVIEWED_ZHO_f6f6837d27484c53,GLOSBE_ami_zho_TMEM_U001027
Amis_3711,GLOSBE_REVIEWED_ZHO_d212f1105af1f687,GLOSBE_ami_zho_TMEM_U001216
Amis_3712,GLOSBE_REVIEWED_ZHO_8ee8161c89496db3,GLOSBE_ami_zho_TMEM_U001616
Amis_3713,GLOSBE_REVIEWED_ZHO_b9df45026eb40977,GLOSBE_ami_zho_TMEM_U001321
Amis_3714,GLOSBE_REVIEWED_ZHO_c2211393d5916077,GLOSBE_ami_zho_TMEM_U001084
Amis_3715,GLOSBE_REVIEWED_ZHO_5307cf0c49ba39dd,GLOSBE_ami_zho_TMEM_U000274
Amis_3716,GLOSBE_REVIEWED_ZHO_2566551f0368308a,GLOSBE_ami_zho_TMEM_U000275
Amis_3717,GLOSBE_REVIEWED_ZHO_a6bb09c849d6ebdd,GLOSBE_ami_zho_TMEM_U000400
Amis_3718,GLOSBE_REVIEWED_ZHO_7068f04c01a5af00,GLOSBE_ami_zho_TMEM_U000555
Amis_3719,GLOSBE_REVIEWED_ZHO_4863e3f7b15799f3,GLOSBE_ami_zho_TMEM_U001798
Amis_3720,GLOSBE_REVIEWED_ZHO_4eb5a7b84eaae29d,GLOSBE_ami_zho_TMEM_U000345
Amis_3721,GLOSBE_REVIEWED_ZHO_5712318bb819e9e2,GLOSBE_ami_zho_TMEM_U000363
Amis_3722,GLOSBE_REVIEWED_ZHO_981433361416f731,GLOSBE_ami_zho_TMEM_U001570
Amis_3723,GLOSBE_REVIEWED_ZHO_b620dd7c4fff9a94,GLOSBE_ami_zho_TMEM_U000651
Amis_3724,GLOSBE_REVIEWED_ZHO_8e675a9130c1c64b,GLOSBE_ami_zho_TMEM_U001408
Amis_3725,GLOSBE_REVIEWED_ZHO_b0b68a73e745899e,GLOSBE_ami_zho_TMEM_U001799
Amis_3726,GLOSBE_REVIEWED_ZHO_003915cc7beb9ffc,GLOSBE_ami_zho_TMEM_U001800
Amis_3727,GLOSBE_REVIEWED_ZHO_3be71bdc25ac19ef,GLOSBE_ami_zho_TMEM_U001801
Amis_3728,GLOSBE_REVIEWED_ZHO_b3815a37abbd4ce3,GLOSBE_ami_zho_TMEM_U000885
Amis_3729,GLOSBE_REVIEWED_ZHO_c5399b1e5ab06c8a,GLOSBE_ami_zho_TMEM_U001802
Amis_3730,GLOSBE_REVIEWED_ZHO_7912b0a33ccbd8af,GLOSBE_ami_zho_TMEM_U001803
Amis_3731,GLOSBE_REVIEWED_ZHO_562d4088c8080b5c,GLOSBE_ami_zho_TMEM_U001308
Amis_3732,GLOSBE_REVIEWED_ZHO_487b852ae467476d,GLOSBE_ami_zho_TMEM_U001804
Amis_3733,GLOSBE_REVIEWED_ZHO_c2c2eca7e38720a2,GLOSBE_ami_zho_TMEM_U001805
Amis_3734,GLOSBE_REVIEWED_ZHO_8615ad9c0d801c9e,GLOSBE_ami_zho_TMEM_U001500
Amis_3735,GLOSBE_REVIEWED_ZHO_b26d3070b62dfba3,GLOSBE_ami_zho_TMEM_U000785
Amis_3736,GLOSBE_REVIEWED_ZHO_6f4d93191432c404,GLOSBE_ami_zho_TMEM_U001674
Amis_3737,GLOSBE_REVIEWED_ZHO_f82f0abd2f81ac27,GLOSBE_ami_zho_TMEM_U001806
Amis_3738,GLOSBE_REVIEWED_ZHO_65ece9e12301418d,GLOSBE_ami_zho_TMEM_U001807
Amis_3739,GLOSBE_REVIEWED_ZHO_781791017f527a43,GLOSBE_ami_zho_TMEM_U001808
Amis_3740,GLOSBE_REVIEWED_ZHO_ca8f65dc0c992fb3,GLOSBE_ami_zho_TMEM_U001053
Amis_3741,GLOSBE_REVIEWED_ZHO_7b1b124ca1e1ddec,GLOSBE_ami_zho_TMEM_U001328
Amis_3742,GLOSBE_REVIEWED_ZHO_982c7ab528373269,GLOSBE_ami_zho_TMEM_U001809
Amis_3743,GLOSBE_REVIEWED_ZHO_7e6359e0be508a0b,GLOSBE_ami_zho_TMEM_U001810
Amis_3744,GLOSBE_REVIEWED_ZHO_b89b1c6a72764532,GLOSBE_ami_zho_TMEM_U001811
Amis_3745,GLOSBE_REVIEWED_ZHO_1d29ca67b0968382,GLOSBE_ami_zho_TMEM_U001812
Amis_3746,GLOSBE_REVIEWED_ZHO_b25e3e69d0de9bbf,GLOSBE_ami_zho_TMEM_U001813
Amis_3747,GLOSBE_REVIEWED_ZHO_1bf3fae0f483b921,GLOSBE_ami_zho_TMEM_U001814
Amis_3748,GLOSBE_REVIEWED_ZHO_2f237b36603d41ef,GLOSBE_ami_zho_TMEM_U001815
Amis_3749,GLOSBE_REVIEWED_ZHO_eeee1f5e50854d08,GLOSBE_ami_zho_TMEM_U001816
Amis_3750,GLOSBE_REVIEWED_ZHO_ea9fe57319ec0ee0,GLOSBE_ami_zho_TMEM_U000553
Amis_3751,GLOSBE_REVIEWED_ZHO_310ec1cf576939cd,GLOSBE_ami_zho_TMEM_U000493
Amis_3752,GLOSBE_REVIEWED_ZHO_7609a2cd468f27f7,GLOSBE_ami_zho_TMEM_U001817
Amis_3753,GLOSBE_REVIEWED_ZHO_58a8bae3eec02d45,GLOSBE_ami_zho_TMEM_U000327
Amis_3754,GLOSBE_REVIEWED_ZHO_fd1303c916e14d43,GLOSBE_ami_zho_TMEM_U000448
Amis_3755,GLOSBE_REVIEWED_ZHO_7ccf46daf74b143b,GLOSBE_ami_zho_TMEM_U000581
Amis_3756,GLOSBE_REVIEWED_ZHO_dbdd79757e5cf121,GLOSBE_ami_zho_TMEM_U000458
Amis_3757,GLOSBE_REVIEWED_ZHO_a66240fa01b75a57,GLOSBE_ami_zho_TMEM_U001567
Amis_3758,GLOSBE_REVIEWED_ZHO_e3e11940094218a0,GLOSBE_ami_zho_TMEM_U001545
Amis_3759,GLOSBE_REVIEWED_ZHO_a0ca1bf831102c01,GLOSBE_ami_zho_TMEM_U001818
Amis_3760,GLOSBE_REVIEWED_ZHO_003915cc7beb9ffc,GLOSBE_ami_zho_TMEM_U001800
Amis_3761,GLOSBE_REVIEWED_ZHO_5e56bac478d58e0d,GLOSBE_ami_zho_TMEM_U001819
Amis_3762,GLOSBE_REVIEWED_ZHO_b000f7318c5fba9a,GLOSBE_ami_zho_TMEM_U001654
Amis_3763,GLOSBE_REVIEWED_ZHO_5562b8ffb8ee58b3,GLOSBE_ami_zho_TMEM_U001820
Amis_3764,GLOSBE_REVIEWED_ZHO_7372bf73e0cf0a68,GLOSBE_ami_zho_TMEM_U001490
Amis_3765,GLOSBE_REVIEWED_ZHO_c15edc983cf88a70,GLOSBE_ami_zho_TMEM_U001821
Amis_3766,GLOSBE_REVIEWED_ZHO_3677beed52f2fd96,GLOSBE_ami_zho_TMEM_U001822
Amis_3767,GLOSBE_REVIEWED_ZHO_340c9b6f0941b5fd,GLOSBE_ami_zho_TMEM_U001733
Amis_3768,GLOSBE_REVIEWED_ZHO_e405c37a23aa2893,GLOSBE_ami_zho_TMEM_U001823
Amis_3769,GLOSBE_REVIEWED_ZHO_09232726a20c2bb9,GLOSBE_ami_zho_TMEM_U001550
Amis_3770,GLOSBE_REVIEWED_ZHO_ab53cd7edd80d9d7,GLOSBE_ami_zho_TMEM_U001335
Amis_3771,GLOSBE_REVIEWED_ZHO_40c94736d5b88ff0,GLOSBE_ami_zho_TMEM_U001450
Amis_3772,GLOSBE_REVIEWED_ZHO_ac87d2e3b150535d,GLOSBE_ami_zho_TMEM_U001824
Amis_3773,GLOSBE_REVIEWED_ZHO_446919221447e3a8,GLOSBE_ami_zho_TMEM_U001825
Amis_3774,GLOSBE_REVIEWED_ZHO_93c8679ff93949fe,GLOSBE_ami_zho_TMEM_U001826
Amis_3775,GLOSBE_REVIEWED_ZHO_ad1225cc25dfe836,GLOSBE_ami_zho_TMEM_U001304
Amis_3776,GLOSBE_REVIEWED_ZHO_f0c94fcf0076a2d4,GLOSBE_ami_zho_TMEM_U001318
Amis_3777,GLOSBE_REVIEWED_ZHO_d0f76588bfc7c26a,GLOSBE_ami_zho_TMEM_U001827
Amis_3778,GLOSBE_REVIEWED_ZHO_9d8cf83dfa741075,GLOSBE_ami_zho_TMEM_U001828
Amis_3779,GLOSBE_REVIEWED_ZHO_5e31c31fb7b6473d,GLOSBE_ami_zho_TMEM_U001327
Amis_3780,GLOSBE_REVIEWED_ZHO_5c54d3ee231c5c73,GLOSBE_ami_zho_TMEM_U001142
Amis_3781,GLOSBE_REVIEWED_ZHO_b8143ddd3727b602,GLOSBE_ami_zho_TMEM_U000795
Amis_3782,GLOSBE_REVIEWED_ZHO_9838a0ebde3ba450,GLOSBE_ami_zho_TMEM_U000304
Amis_3783,GLOSBE_REVIEWED_ZHO_2d06dd4efd48eb98,GLOSBE_ami_zho_TMEM_U000211
Amis_3784,GLOSBE_REVIEWED_ZHO_dfab11268dc2b7a8,GLOSBE_ami_zho_TMEM_U000436
Amis_3785,GLOSBE_REVIEWED_ZHO_3c9ec042e6a1327d,GLOSBE_ami_zho_TMEM_U000676
Amis_3786,GLOSBE_REVIEWED_ZHO_18493e84b9cff807,GLOSBE_ami_zho_TMEM_U001618
Amis_3787,GLOSBE_REVIEWED_ZHO_35cb1778af6c3f2c,GLOSBE_ami_zho_TMEM_U000061
Amis_3788,GLOSBE_REVIEWED_ZHO_d809c3c4cc7ab004,GLOSBE_ami_zho_TMEM_U001628
Amis_3789,GLOSBE_REVIEWED_ZHO_ac29d6b9b1f9ae5f,GLOSBE_ami_zho_TMEM_U000143
Amis_3790,GLOSBE_REVIEWED_ZHO_fcf8482df1d81d34,GLOSBE_ami_zho_TMEM_U000556
Amis_3791,GLOSBE_REVIEWED_ZHO_adead12c4f6b7afc,GLOSBE_ami_zho_TMEM_U000702
Amis_3792,GLOSBE_REVIEWED_ZHO_e3e11940094218a0,GLOSBE_ami_zho_TMEM_U001545
Amis_3793,GLOSBE_REVIEWED_ZHO_01d15acf6b2f486c,GLOSBE_ami_zho_TMEM_U000681
Amis_3794,GLOSBE_REVIEWED_ZHO_fb8b03bd0032ed81,GLOSBE_ami_zho_TMEM_U001491
Amis_3795,GLOSBE_REVIEWED_ZHO_6ad504b11997310c,GLOSBE_ami_zho_TMEM_U001829
Amis_3796,GLOSBE_REVIEWED_ZHO_b26d3070b62dfba3,GLOSBE_ami_zho_TMEM_U000785
Amis_3797,GLOSBE_REVIEWED_ZHO_ff597575e862bf8c,GLOSBE_ami_zho_TMEM_U001672
Amis_3798,GLOSBE_REVIEWED_ZHO_8028416b4417e12e,GLOSBE_ami_zho_TMEM_U000853
Amis_3799,GLOSBE_REVIEWED_ZHO_e4e70f7455ae60b2,GLOSBE_ami_zho_TMEM_U001711
Amis_3800,GLOSBE_REVIEWED_ZHO_7f2ca5e27344df05,GLOSBE_ami_zho_TMEM_U001830
Amis_3801,GLOSBE_REVIEWED_ZHO_7b1b124ca1e1ddec,GLOSBE_ami_zho_TMEM_U001328
Amis_3802,GLOSBE_REVIEWED_ZHO_162d890232cd4f49,GLOSBE_ami_zho_TMEM_U001066
Amis_3803,GLOSBE_REVIEWED_ZHO_1d29ca67b0968382,GLOSBE_ami_zho_TMEM_U001812
Amis_3804,GLOSBE_REVIEWED_ZHO_0328f398af72ccfd,GLOSBE_ami_zho_TMEM_U001831
Amis_3805,GLOSBE_REVIEWED_ZHO_1dcea56edcee4e88,GLOSBE_ami_zho_TMEM_U001832
Amis_3806,GLOSBE_REVIEWED_ZHO_bd48198cc80aabaa,GLOSBE_ami_zho_TMEM_U001833
Amis_3807,GLOSBE_REVIEWED_ZHO_1ee8f3405596da83,GLOSBE_ami_zho_TMEM_U000261
Amis_3808,GLOSBE_REVIEWED_ZHO_6d2c8d75b0549d86,GLOSBE_ami_zho_TMEM_U000263
Amis_3809,GLOSBE_REVIEWED_ZHO_f15c46e2f8e0b1cb,GLOSBE_ami_zho_TMEM_U000283
Amis_3810,GLOSBE_REVIEWED_ZHO_ca1f175cf8c4d262,GLOSBE_ami_zho_TMEM_U000179
Amis_3811,GLOSBE_REVIEWED_ZHO_f37d9e5d260876a5,GLOSBE_ami_zho_TMEM_U000214
Amis_3812,GLOSBE_REVIEWED_ZHO_c1ffd108b22c251d,GLOSBE_ami_zho_TMEM_U000353
Amis_3813,GLOSBE_REVIEWED_ZHO_6eab811229e1c8d6,GLOSBE_ami_zho_TMEM_U001551
Amis_3814,GLOSBE_REVIEWED_ZHO_04be6e40528a278f,GLOSBE_ami_zho_TMEM_U001834
Amis_3815,GLOSBE_REVIEWED_ZHO_ccb1d4b12d990e6c,GLOSBE_ami_zho_TMEM_U001835
Amis_3816,GLOSBE_REVIEWED_ZHO_cccc018d3bd79831,GLOSBE_ami_zho_TMEM_U001735
Amis_3817,GLOSBE_REVIEWED_ZHO_842b266a95c032f8,GLOSBE_ami_zho_TMEM_U001836
Amis_3818,GLOSBE_REVIEWED_ZHO_3d565b4be58880ab,GLOSBE_ami_zho_TMEM_U001594
Amis_3819,GLOSBE_REVIEWED_ZHO_6580e2f054634acc,GLOSBE_ami_zho_TMEM_U000783
Amis_3820,GLOSBE_REVIEWED_ZHO_18c6b1aeaa7cad87,GLOSBE_ami_zho_TMEM_U001549
Amis_3821,GLOSBE_REVIEWED_ZHO_f9e9e0303add679d,GLOSBE_ami_zho_TMEM_U000851
Amis_3822,GLOSBE_REVIEWED_ZHO_c1cde39a2c125891,GLOSBE_ami_zho_TMEM_U001837
Amis_3823,GLOSBE_REVIEWED_ZHO_e4706b0c7bddd549,GLOSBE_ami_zho_TMEM_U001838
Amis_3824,GLOSBE_REVIEWED_ZHO_df8fffec780f0e3a,GLOSBE_ami_zho_TMEM_U001839
Amis_3825,GLOSBE_REVIEWED_ZHO_9e6824efdaaa72f2,GLOSBE_ami_zho_TMEM_U001840
Amis_3826,GLOSBE_REVIEWED_ZHO_d0407c3331d1c919,GLOSBE_ami_zho_TMEM_U000798
Amis_3827,GLOSBE_REVIEWED_ZHO_bb115ca6074b0aac,GLOSBE_ami_zho_TMEM_U001274
Amis_3828,GLOSBE_REVIEWED_ZHO_d08ba60effe105dc,GLOSBE_ami_zho_TMEM_U000049
Amis_3829,GLOSBE_REVIEWED_ZHO_a3cf7bdcc8199960,GLOSBE_ami_zho_TMEM_U000508
Amis_3830,GLOSBE_REVIEWED_ZHO_ec8cf8c2ccdb60c3,GLOSBE_ami_zho_TMEM_U000081
Amis_3831,GLOSBE_REVIEWED_ZHO_2f485da6dda2bcab,GLOSBE_ami_zho_TMEM_U000539
Amis_3832,GLOSBE_REVIEWED_ZHO_a6a0db7fd978b7b9,GLOSBE_ami_zho_TMEM_U001730
Amis_3833,GLOSBE_REVIEWED_ZHO_190a4fff2c19a16c,GLOSBE_ami_zho_TMEM_U001841
Amis_3834,GLOSBE_REVIEWED_ZHO_55172e549569d87f,GLOSBE_ami_zho_TMEM_U000412
Amis_3835,GLOSBE_REVIEWED_ZHO_89dfca7cbb1595ed,GLOSBE_ami_zho_TMEM_U000438
Amis_3836,GLOSBE_REVIEWED_ZHO_fe5b1cca80ea3533,GLOSBE_ami_zho_TMEM_U000641
Amis_3837,GLOSBE_REVIEWED_ZHO_db39eb7f02b213c9,GLOSBE_ami_zho_TMEM_U001645
Amis_3838,GLOSBE_REVIEWED_ZHO_11d7dc93f74c5d75,GLOSBE_ami_zho_TMEM_U001842
Amis_3839,GLOSBE_REVIEWED_ZHO_10a8aafa4ae9f10b,GLOSBE_ami_zho_TMEM_U001843
Amis_3840,GLOSBE_REVIEWED_ZHO_be10aad0803a293c,GLOSBE_ami_zho_TMEM_U000816
Amis_3841,GLOSBE_REVIEWED_ZHO_39eb08310b91dd3b,GLOSBE_ami_zho_TMEM_U001844
Amis_3842,GLOSBE_REVIEWED_ZHO_ae8e3c81c3bdefc9,GLOSBE_ami_zho_TMEM_U001845
Amis_3843,GLOSBE_REVIEWED_ZHO_5a69f17060bc8d76,GLOSBE_ami_zho_TMEM_U000932
Amis_3844,GLOSBE_REVIEWED_ZHO_fb104e2578a763ad,GLOSBE_ami_zho_TMEM_U000167
Amis_3845,GLOSBE_REVIEWED_ZHO_01624010cd8d188d,GLOSBE_ami_zho_TMEM_U001846
Amis_3846,GLOSBE_REVIEWED_ZHO_d4fe7c84628e5fdd,GLOSBE_ami_zho_TMEM_U001751
Amis_3847,GLOSBE_REVIEWED_ZHO_e81ea623dea8b55c,GLOSBE_ami_zho_TMEM_U001847
Amis_3848,GLOSBE_REVIEWED_ZHO_52d42b3a25a61e2d,GLOSBE_ami_zho_TMEM_U001848
Amis_3849,GLOSBE_REVIEWED_ZHO_ae35a7004c1c74a7,GLOSBE_ami_zho_TMEM_U001849
Amis_3850,GLOSBE_REVIEWED_ZHO_bd1851d0e911cf67,GLOSBE_ami_zho_TMEM_U000031
Amis_3851,GLOSBE_REVIEWED_ZHO_12eb0acc578cdba3,GLOSBE_ami_zho_TMEM_U000770
Amis_3852,GLOSBE_REVIEWED_ZHO_9570127ee48ec97f,GLOSBE_ami_zho_TMEM_U000295
Amis_3853,GLOSBE_REVIEWED_ZHO_79ddc79cd2d48134,GLOSBE_ami_zho_TMEM_U000867
Amis_3854,GLOSBE_REVIEWED_ZHO_11beb2d0714c1836,GLOSBE_ami_zho_TMEM_U000184
Amis_3855,GLOSBE_REVIEWED_ZHO_e7f33294f87d6945,GLOSBE_ami_zho_TMEM_U001850
Amis_3856,GLOSBE_REVIEWED_ZHO_3c8fe95db2d8b6ee,GLOSBE_ami_zho_TMEM_U000614
Amis_3857,GLOSBE_REVIEWED_ZHO_be8018e6a24a7461,GLOSBE_ami_zho_TMEM_U000616
Amis_3858,GLOSBE_REVIEWED_ZHO_91797d399b150f32,GLOSBE_ami_zho_TMEM_U000311
Amis_3859,GLOSBE_REVIEWED_ZHO_6ae44bab812998c6,GLOSBE_ami_zho_TMEM_U000624
Amis_3860,GLOSBE_REVIEWED_ZHO_6f2d662d46d29227,GLOSBE_ami_zho_TMEM_U000707
Amis_3861,GLOSBE_REVIEWED_ZHO_0bcafb1a600f655b,GLOSBE_ami_zho_TMEM_U000837
Amis_3862,GLOSBE_REVIEWED_ZHO_5e3704efaad3b56f,GLOSBE_ami_zho_TMEM_U001774
Amis_3863,GLOSBE_REVIEWED_ZHO_0a825c097f09f4d5,GLOSBE_ami_zho_TMEM_U000499
Amis_3864,GLOSBE_REVIEWED_ZHO_05cd6c0d7f62f042,GLOSBE_ami_zho_TMEM_U000713
Amis_3865,GLOSBE_REVIEWED_ZHO_b881928a85f84a26,GLOSBE_ami_zho_TMEM_U001851
Amis_3866,GLOSBE_REVIEWED_ZHO_52a005cfed53ba46,GLOSBE_ami_zho_TMEM_U000878
Amis_3867,GLOSBE_REVIEWED_ZHO_3c522934bd2ecbfb,GLOSBE_ami_zho_TMEM_U001194
Amis_3868,GLOSBE_REVIEWED_ZHO_131129c8415eb3f7,GLOSBE_ami_zho_TMEM_U001852
Amis_3869,GLOSBE_REVIEWED_ZHO_6b38df7333fd0d72,GLOSBE_ami_zho_TMEM_U000904
Amis_3870,GLOSBE_REVIEWED_ZHO_b1cd9714c5abd7d1,GLOSBE_ami_zho_TMEM_U001361
Amis_3871,GLOSBE_REVIEWED_ZHO_7dc6bfc2f8d81ea7,GLOSBE_ami_zho_TMEM_U001853
Amis_3872,GLOSBE_REVIEWED_ZHO_e983dc9d0be7d3d7,GLOSBE_ami_zho_TMEM_U001854
Amis_3873,GLOSBE_REVIEWED_ZHO_2caf3d65072a497d,GLOSBE_ami_zho_TMEM_U001145
Amis_3874,GLOSBE_REVIEWED_ZHO_781331207401b848,GLOSBE_ami_zho_TMEM_U001340
Amis_3875,GLOSBE_REVIEWED_ZHO_d7f55144455a9e19,GLOSBE_ami_zho_TMEM_U000928
Amis_3876,GLOSBE_REVIEWED_ZHO_60944da95822909f,GLOSBE_ami_zho_TMEM_U001855
Amis_3877,GLOSBE_REVIEWED_ZHO_2e497ec2e90ec9f6,GLOSBE_ami_zho_TMEM_U001406
Amis_3878,GLOSBE_REVIEWED_ZHO_d2af55b94d1153af,GLOSBE_ami_zho_TMEM_U000711
Amis_3879,GLOSBE_REVIEWED_ZHO_688c8ec9dc9d75d2,GLOSBE_ami_zho_TMEM_U001640
Amis_3880,GLOSBE_REVIEWED_ZHO_782240a5dfc71b56,GLOSBE_ami_zho_TMEM_U001856
Amis_3881,GLOSBE_REVIEWED_ZHO_8e5226792173426e,GLOSBE_ami_zho_TMEM_U001535
Amis_3882,GLOSBE_REVIEWED_ZHO_6073c2d78b8de0cb,GLOSBE_ami_zho_TMEM_U001445
Amis_3883,GLOSBE_REVIEWED_ZHO_65f5db1515559477,GLOSBE_ami_zho_TMEM_U001446
Amis_3884,GLOSBE_STATIC_04e0a41f9522c2a31e2a,GLOSBE_ami_zho_TMEM_U000004
Amis_3885,GLOSBE_REVIEWED_ZHO_6e14173bf08ab02b,GLOSBE_ami_zho_TMEM_U000084
Amis_3886,GLOSBE_REVIEWED_ZHO_9ed6ddf1d21ecf40,GLOSBE_ami_zho_TMEM_U000526
Amis_3887,GLOSBE_REVIEWED_ZHO_447ac291ea1c3616,GLOSBE_ami_zho_TMEM_U000136
Amis_3888,GLOSBE_REVIEWED_ZHO_58d9f9b6b058f671,GLOSBE_ami_zho_TMEM_U000538
Amis_3889,GLOSBE_REVIEWED_ZHO_dce087267561b3c4,GLOSBE_ami_zho_TMEM_U000157
Amis_3890,GLOSBE_REVIEWED_ZHO_bb5c9f0d8a4da7c5,GLOSBE_ami_zho_TMEM_U000548
Amis_3891,GLOSBE_REVIEWED_ZHO_57fcae626f33182e,GLOSBE_ami_zho_TMEM_U000416
Amis_3892,GLOSBE_REVIEWED_ZHO_3a88ca9edff4cd6c,GLOSBE_ami_zho_TMEM_U000302
Amis_3893,GLOSBE_REVIEWED_ZHO_e065e34607f45821,GLOSBE_ami_zho_TMEM_U000200
Amis_3894,GLOSBE_REVIEWED_ZHO_c1fd5fa1bc7ba157,GLOSBE_ami_zho_TMEM_U001857
Amis_3895,GLOSBE_REVIEWED_ZHO_fa24cc01455ee576,GLOSBE_ami_zho_TMEM_U001858
Amis_3896,GLOSBE_REVIEWED_ZHO_66fbcd707888fbf8,GLOSBE_ami_zho_TMEM_U001152
Amis_3897,GLOSBE_REVIEWED_ZHO_3086cb83ac45e390,GLOSBE_ami_zho_TMEM_U000944
Amis_3898,GLOSBE_REVIEWED_ZHO_e5613eebdc2b6f5d,GLOSBE_ami_zho_TMEM_U000445
Amis_3899,GLOSBE_REVIEWED_ZHO_34f2251e4c4ff0fb,GLOSBE_ami_zho_TMEM_U000591
Amis_3900,GLOSBE_REVIEWED_ZHO_4649c32562804290,GLOSBE_ami_zho_TMEM_U001637
Amis_3901,GLOSBE_REVIEWED_ZHO_3fd83d203bfc31eb,GLOSBE_ami_zho_TMEM_U001407
Amis_3902,GLOSBE_REVIEWED_ZHO_003915cc7beb9ffc,GLOSBE_ami_zho_TMEM_U001800
Amis_3903,GLOSBE_REVIEWED_ZHO_0eabe3822e5e0f11,GLOSBE_ami_zho_TMEM_U001859
Amis_3904,GLOSBE_REVIEWED_ZHO_1388960cdd776c68,GLOSBE_ami_zho_TMEM_U001374
Amis_3905,GLOSBE_REVIEWED_ZHO_5d2bc67f0f567d13,GLOSBE_ami_zho_TMEM_U001583
Amis_3906,GLOSBE_REVIEWED_ZHO_1586b5c85157cb89,GLOSBE_ami_zho_TMEM_U001783
Amis_3907,GLOSBE_REVIEWED_ZHO_60c71fb650c727de,GLOSBE_ami_zho_TMEM_U001860
Amis_3908,GLOSBE_REVIEWED_ZHO_3f1f04c9d153659a,GLOSBE_ami_zho_TMEM_U001861
Amis_3909,GLOSBE_REVIEWED_ZHO_135a03da631fabf8,GLOSBE_ami_zho_TMEM_U001862
Amis_3910,GLOSBE_REVIEWED_ZHO_7b49503b5b086bab,GLOSBE_ami_zho_TMEM_U001863
Amis_3911,GLOSBE_REVIEWED_ZHO_8ebbf4bc220d352a,GLOSBE_ami_zho_TMEM_U001864
Amis_3912,GLOSBE_REVIEWED_ZHO_ec3c26c0bed757f0,GLOSBE_ami_zho_TMEM_U001865
Amis_3913,GLOSBE_REVIEWED_ZHO_d158e288ffc6eeca,GLOSBE_ami_zho_TMEM_U001866
Amis_3914,GLOSBE_REVIEWED_ZHO_7b1b124ca1e1ddec,GLOSBE_ami_zho_TMEM_U001328
Amis_3915,GLOSBE_REVIEWED_ZHO_df5b928530b67abc,GLOSBE_ami_zho_TMEM_U001373
Amis_3916,GLOSBE_REVIEWED_ZHO_94788b845d5057b0,GLOSBE_ami_zho_TMEM_U001420
Amis_3917,GLOSBE_REVIEWED_ZHO_2c28171a46b6d058,GLOSBE_ami_zho_TMEM_U001332
Amis_3918,GLOSBE_REVIEWED_ZHO_5432bb5060c808ed,GLOSBE_ami_zho_TMEM_U001867
Amis_3919,GLOSBE_REVIEWED_ZHO_d24cc7d8190f38ed,GLOSBE_ami_zho_TMEM_U000765
Amis_3920,GLOSBE_REVIEWED_ZHO_f3b89937918238a1,GLOSBE_ami_zho_TMEM_U001868
Amis_3921,GLOSBE_REVIEWED_ZHO_5e56bac478d58e0d,GLOSBE_ami_zho_TMEM_U001819
Amis_3922,GLOSBE_REVIEWED_ZHO_8463a02c41f18cf7,GLOSBE_ami_zho_TMEM_U001001
Amis_3923,GLOSBE_REVIEWED_ZHO_07501ef9aac52b80,GLOSBE_ami_zho_TMEM_U001441
Amis_3924,GLOSBE_REVIEWED_ZHO_fbd3fb06a0b6b0b8,GLOSBE_ami_zho_TMEM_U001514
Amis_3925,GLOSBE_REVIEWED_ZHO_891378c084daeecc,GLOSBE_ami_zho_TMEM_U001869
Amis_3926,GLOSBE_REVIEWED_ZHO_a909177178078e68,GLOSBE_ami_zho_TMEM_U001870
Amis_3927,GLOSBE_REVIEWED_ZHO_958fc5b6afc1b619,GLOSBE_ami_zho_TMEM_U001724
Amis_3928,GLOSBE_REVIEWED_ZHO_76c67384dc12bc2d,GLOSBE_ami_zho_TMEM_U000128
Amis_3929,GLOSBE_REVIEWED_ZHO_e0caceb40c188c28,GLOSBE_ami_zho_TMEM_U001558
Amis_3930,GLOSBE_REVIEWED_ZHO_c40d7a0c8e4dc60b,GLOSBE_ami_zho_TMEM_U000186
Amis_3931,GLOSBE_REVIEWED_ZHO_5d6157264b4619c2,GLOSBE_ami_zho_TMEM_U000426
Amis_3932,GLOSBE_REVIEWED_ZHO_486b4354893f8fd0,GLOSBE_ami_zho_TMEM_U001871
Amis_3933,GLOSBE_REVIEWED_ZHO_62505fb28c0785fe,GLOSBE_ami_zho_TMEM_U001573
Amis_3934,GLOSBE_REVIEWED_ZHO_00444865569b738e,GLOSBE_ami_zho_TMEM_U001872
Amis_3935,GLOSBE_REVIEWED_ZHO_d3c702e03c486ee5,GLOSBE_ami_zho_TMEM_U000718
Amis_3936,GLOSBE_REVIEWED_ZHO_7c4dc481d93a0f03,GLOSBE_ami_zho_TMEM_U001873
Amis_3937,GLOSBE_REVIEWED_ZHO_b7f9cac73031621a,GLOSBE_ami_zho_TMEM_U001874
Amis_3938,GLOSBE_REVIEWED_ZHO_20a7ed33319008e8,GLOSBE_ami_zho_TMEM_U000813
Amis_3939,GLOSBE_REVIEWED_ZHO_2a444a71e49174d6,GLOSBE_ami_zho_TMEM_U000784
Amis_3940,GLOSBE_REVIEWED_ZHO_9908b46fa92b387a,GLOSBE_ami_zho_TMEM_U000852
Amis_3941,GLOSBE_REVIEWED_ZHO_4e7291d7a337aef5,GLOSBE_ami_zho_TMEM_U001875
Amis_3942,GLOSBE_REVIEWED_ZHO_65ece9e12301418d,GLOSBE_ami_zho_TMEM_U001807
Amis_3943,GLOSBE_REVIEWED_ZHO_2a8ea5f85516477d,GLOSBE_ami_zho_TMEM_U001235
Amis_3944,GLOSBE_REVIEWED_ZHO_aa39d7ad979c436c,GLOSBE_ami_zho_TMEM_U001876
Amis_3945,GLOSBE_REVIEWED_ZHO_62526eea7a9c1a6d,GLOSBE_ami_zho_TMEM_U001519
Amis_3946,GLOSBE_REVIEWED_ZHO_c49fd92c36ba594c,GLOSBE_ami_zho_TMEM_U001877
Amis_3947,GLOSBE_REVIEWED_ZHO_c08337f8ed446867,GLOSBE_ami_zho_TMEM_U001878
Amis_3948,GLOSBE_REVIEWED_ZHO_6ff191b59802f1cb,GLOSBE_ami_zho_TMEM_U001356
Amis_3949,GLOSBE_REVIEWED_ZHO_5ea68d77e3b585c4,GLOSBE_ami_zho_TMEM_U001358
Amis_3950,GLOSBE_REVIEWED_ZHO_0feb2d5c0d884d8e,GLOSBE_ami_zho_TMEM_U001358
Amis_3951,GLOSBE_REVIEWED_ZHO_00ced2ea53ee13db,GLOSBE_ami_zho_TMEM_U001879
Amis_3952,GLOSBE_REVIEWED_ZHO_1f0957d055baeb89,GLOSBE_ami_zho_TMEM_U001880
Amis_3953,GLOSBE_REVIEWED_ZHO_814f0ca208db28c1,GLOSBE_ami_zho_TMEM_U000247
Amis_3954,GLOSBE_REVIEWED_ZHO_c934d4953a0dee48,GLOSBE_ami_zho_TMEM_U000257
Amis_3955,GLOSBE_REVIEWED_ZHO_0facb876f63c86ab,GLOSBE_ami_zho_TMEM_U000259
Amis_3956,GLOSBE_REVIEWED_ZHO_6d2c8d75b0549d86,GLOSBE_ami_zho_TMEM_U000263
Amis_3957,GLOSBE_REVIEWED_ZHO_3c599ab9d37bab65,GLOSBE_ami_zho_TMEM_U000111
Amis_3958,GLOSBE_REVIEWED_ZHO_32e8eb7c0e0f13aa,GLOSBE_ami_zho_TMEM_U000148
Amis_3959,GLOSBE_REVIEWED_ZHO_dce087267561b3c4,GLOSBE_ami_zho_TMEM_U000157
Amis_3960,GLOSBE_REVIEWED_ZHO_54289d1ec0a67bcd,GLOSBE_ami_zho_TMEM_U000289
Amis_3961,GLOSBE_REVIEWED_ZHO_603d75643042585f,GLOSBE_ami_zho_TMEM_U000194
Amis_3962,GLOSBE_REVIEWED_ZHO_8fd4b8b2cb27e42d,GLOSBE_ami_zho_TMEM_U000213
Amis_3963,GLOSBE_REVIEWED_ZHO_2d802d03695e2744,GLOSBE_ami_zho_TMEM_U000321
Amis_3964,GLOSBE_REVIEWED_ZHO_b92fc487de80de59,GLOSBE_ami_zho_TMEM_U000322
Amis_3965,GLOSBE_REVIEWED_ZHO_58a8bae3eec02d45,GLOSBE_ami_zho_TMEM_U000327
Amis_3966,GLOSBE_REVIEWED_ZHO_93f1e4d89ccced13,GLOSBE_ami_zho_TMEM_U000629
Amis_3967,GLOSBE_REVIEWED_ZHO_3422e9cbc27483b1,GLOSBE_ami_zho_TMEM_U000347
Amis_3968,GLOSBE_REVIEWED_ZHO_b21a554e68234d1d,GLOSBE_ami_zho_TMEM_U000352
Amis_3969,GLOSBE_REVIEWED_ZHO_57595e92e1bb9d65,GLOSBE_ami_zho_TMEM_U000355
Amis_3970,GLOSBE_REVIEWED_ZHO_5712318bb819e9e2,GLOSBE_ami_zho_TMEM_U000363
Amis_3971,GLOSBE_REVIEWED_ZHO_253b11989a4ae6c4,GLOSBE_ami_zho_TMEM_U000366
Amis_3972,GLOSBE_REVIEWED_ZHO_25528191caf52c62,GLOSBE_ami_zho_TMEM_U000947
Amis_3973,GLOSBE_REVIEWED_ZHO_f0c59427dc1768e4,GLOSBE_ami_zho_TMEM_U001881
Amis_3974,GLOSBE_REVIEWED_ZHO_0b861c990c951bc6,GLOSBE_ami_zho_TMEM_U000650
Amis_3975,GLOSBE_REVIEWED_ZHO_66024968fef169b2,GLOSBE_ami_zho_TMEM_U000655
Amis_3976,GLOSBE_REVIEWED_ZHO_2f8dc4227ae2bd9e,GLOSBE_ami_zho_TMEM_U000657
Amis_3977,GLOSBE_REVIEWED_ZHO_a73521189d9dfafd,GLOSBE_ami_zho_TMEM_U001882
Amis_3978,GLOSBE_REVIEWED_ZHO_b5e5db3ba04e0d96,GLOSBE_ami_zho_TMEM_U001883
Amis_3979,GLOSBE_REVIEWED_ZHO_5bd9a9f62d964140,GLOSBE_ami_zho_TMEM_U001485
Amis_3980,GLOSBE_REVIEWED_ZHO_d37a1364f8f9eda9,GLOSBE_ami_zho_TMEM_U001188
Amis_3981,GLOSBE_REVIEWED_ZHO_5e56bac478d58e0d,GLOSBE_ami_zho_TMEM_U001819
Amis_3982,GLOSBE_REVIEWED_ZHO_ff8cdd24ac246f88,GLOSBE_ami_zho_TMEM_U001884
Amis_3983,GLOSBE_REVIEWED_ZHO_0c60aa645001e71b,GLOSBE_ami_zho_TMEM_U001885
Amis_3984,GLOSBE_REVIEWED_ZHO_89c23686e683a70a,GLOSBE_ami_zho_TMEM_U001886
Amis_3985,GLOSBE_REVIEWED_ZHO_5d2bc67f0f567d13,GLOSBE_ami_zho_TMEM_U001583
Amis_3986,GLOSBE_REVIEWED_ZHO_1586b5c85157cb89,GLOSBE_ami_zho_TMEM_U001783
Amis_3987,GLOSBE_REVIEWED_ZHO_fb050817bee5b16c,GLOSBE_ami_zho_TMEM_U001887
Amis_3988,GLOSBE_REVIEWED_ZHO_18b66133af0987a7,GLOSBE_ami_zho_TMEM_U001656
Amis_3989,GLOSBE_REVIEWED_ZHO_568f2a0a56dadca4,GLOSBE_ami_zho_TMEM_U001888
Amis_3990,GLOSBE_REVIEWED_ZHO_0651005ce9942625,GLOSBE_ami_zho_TMEM_U001889
Amis_3991,GLOSBE_REVIEWED_ZHO_f4882afc7116f3b9,GLOSBE_ami_zho_TMEM_U001367
Amis_3992,GLOSBE_REVIEWED_ZHO_b1f7728f282ebba6,GLOSBE_ami_zho_TMEM_U001272
Amis_3993,GLOSBE_REVIEWED_ZHO_b26d3070b62dfba3,GLOSBE_ami_zho_TMEM_U000785
Amis_3994,GLOSBE_REVIEWED_ZHO_f9e9e0303add679d,GLOSBE_ami_zho_TMEM_U000851
Amis_3995,GLOSBE_REVIEWED_ZHO_ff597575e862bf8c,GLOSBE_ami_zho_TMEM_U001672
Amis_3996,GLOSBE_REVIEWED_ZHO_dd4997f328084d19,GLOSBE_ami_zho_TMEM_U001503
Amis_3997,GLOSBE_REVIEWED_ZHO_ec2620f6738ec360,GLOSBE_ami_zho_TMEM_U001890
Amis_3998,GLOSBE_REVIEWED_ZHO_3dfa90d72e421008,GLOSBE_ami_zho_TMEM_U001350
Amis_3999,GLOSBE_REVIEWED_ZHO_6f4d93191432c404,GLOSBE_ami_zho_TMEM_U001674
Amis_4000,GLOSBE_REVIEWED_ZHO_9d8cf83dfa741075,GLOSBE_ami_zho_TMEM_U001828
Amis_4001,GLOSBE_REVIEWED_ZHO_d2d6c316cc8fdb66,GLOSBE_ami_zho_TMEM_U001035
Amis_4002,GLOSBE_REVIEWED_ZHO_4f8be8433ffdf969,GLOSBE_ami_zho_TMEM_U001891
Amis_4003,GLOSBE_REVIEWED_ZHO_df662bf38ab7b568,GLOSBE_ami_zho_TMEM_U001892
Amis_4004,GLOSBE_REVIEWED_ZHO_2b55091442c6a985,GLOSBE_ami_zho_TMEM_U000745
Amis_4005,GLOSBE_REVIEWED_ZHO_9216aa6ea2468c09,GLOSBE_ami_zho_TMEM_U001540
Amis_4006,GLOSBE_REVIEWED_ZHO_8c5d2163cb995322,GLOSBE_ami_zho_TMEM_U001377
Amis_4007,GLOSBE_REVIEWED_ZHO_9a7c45fbef6e0062,GLOSBE_ami_zho_TMEM_U001893
Amis_4008,GLOSBE_REVIEWED_ZHO_6af0105b6246c688,GLOSBE_ami_zho_TMEM_U001894
Amis_4009,GLOSBE_REVIEWED_ZHO_6c31b7e6bb879c07,GLOSBE_ami_zho_TMEM_U000750
Amis_4010,GLOSBE_REVIEWED_ZHO_e983dc9d0be7d3d7,GLOSBE_ami_zho_TMEM_U001854
Amis_4011,GLOSBE_REVIEWED_ZHO_803e8d1431f4f515,GLOSBE_ami_zho_TMEM_U001895
Amis_4012,GLOSBE_REVIEWED_ZHO_7b1b124ca1e1ddec,GLOSBE_ami_zho_TMEM_U001328
Amis_4013,GLOSBE_REVIEWED_ZHO_622a025876631adb,GLOSBE_ami_zho_TMEM_U001232
Amis_4014,GLOSBE_REVIEWED_ZHO_b8bebcc0dd04585a,GLOSBE_ami_zho_TMEM_U001896
Amis_4015,GLOSBE_REVIEWED_ZHO_fc6a2f7cf984868d,GLOSBE_ami_zho_TMEM_U001897
Amis_4016,GLOSBE_REVIEWED_ZHO_3ef547cf94653685,GLOSBE_ami_zho_TMEM_U001738
Amis_4017,GLOSBE_REVIEWED_ZHO_4577c36af7fbf44c,GLOSBE_ami_zho_TMEM_U001739
Amis_4018,GLOSBE_REVIEWED_ZHO_df0ade1db5db4fce,GLOSBE_ami_zho_TMEM_U001353
Amis_4019,GLOSBE_REVIEWED_ZHO_857b86d24c9f7003,GLOSBE_ami_zho_TMEM_U001898
Amis_4020,GLOSBE_REVIEWED_ZHO_5ddd602bca5a093e,GLOSBE_ami_zho_TMEM_U001899
Amis_4021,GLOSBE_REVIEWED_ZHO_d087e7f25628ec2b,GLOSBE_ami_zho_TMEM_U001900
Amis_4022,GLOSBE_REVIEWED_ZHO_d24cc7d8190f38ed,GLOSBE_ami_zho_TMEM_U000765
Amis_4023,GLOSBE_REVIEWED_ZHO_52d42b3a25a61e2d,GLOSBE_ami_zho_TMEM_U001848
Amis_4024,GLOSBE_REVIEWED_ZHO_d2c7867ea7df50ce,GLOSBE_ami_zho_TMEM_U001378
Amis_4025,GLOSBE_REVIEWED_ZHO_c08337f8ed446867,GLOSBE_ami_zho_TMEM_U001878
Amis_4026,GLOSBE_STATIC_09b2fae1e065d2319b48,GLOSBE_ami_zho_TMEM_U000009
Amis_4027,GLOSBE_REVIEWED_ZHO_e6f5ede11c5b9137,GLOSBE_ami_zho_TMEM_U000045
Amis_4028,GLOSBE_STATIC_bdf7c3f5d353d50ad538,GLOSBE_ami_zho_TMEM_U000014
Amis_4029,GLOSBE_REVIEWED_ZHO_b71af133c55263ef,GLOSBE_ami_zho_TMEM_U000239
Amis_4030,GLOSBE_REVIEWED_ZHO_704041a3eb8a5484,GLOSBE_ami_zho_TMEM_U001287
Amis_4031,GLOSBE_REVIEWED_ZHO_0877a7e7d0374c28,GLOSBE_ami_zho_TMEM_U000075
Amis_4032,GLOSBE_REVIEWED_ZHO_31afa435752612b0,GLOSBE_ami_zho_TMEM_U001291
Amis_4033,GLOSBE_REVIEWED_ZHO_9218bf6f27fb06dc,GLOSBE_ami_zho_TMEM_U000267
Amis_4034,GLOSBE_REVIEWED_ZHO_b49f5774e17027f6,GLOSBE_ami_zho_TMEM_U000113
Amis_4035,GLOSBE_REVIEWED_ZHO_2b7414980b007d21,GLOSBE_ami_zho_TMEM_U001901
Amis_4036,GLOSBE_REVIEWED_ZHO_77199fbef95ec571,GLOSBE_ami_zho_TMEM_U000150
Amis_4037,GLOSBE_REVIEWED_ZHO_dce087267561b3c4,GLOSBE_ami_zho_TMEM_U000157
Amis_4038,GLOSBE_REVIEWED_ZHO_ad9ecc8606e06ed5,GLOSBE_ami_zho_TMEM_U000294
Amis_4039,GLOSBE_REVIEWED_ZHO_55172e549569d87f,GLOSBE_ami_zho_TMEM_U000412
Amis_4040,GLOSBE_REVIEWED_ZHO_72fa63d3bdf5c90b,GLOSBE_ami_zho_TMEM_U000172
Amis_4041,GLOSBE_REVIEWED_ZHO_c6a813706f4d29f0,GLOSBE_ami_zho_TMEM_U000175
Amis_4042,GLOSBE_REVIEWED_ZHO_6f92e6238bdb9749,GLOSBE_ami_zho_TMEM_U000183
Amis_4043,GLOSBE_REVIEWED_ZHO_690cae964a9bf60a,GLOSBE_ami_zho_TMEM_U000203
Amis_4044,GLOSBE_REVIEWED_ZHO_83d15e95532ec900,GLOSBE_ami_zho_TMEM_U000425
Amis_4045,GLOSBE_REVIEWED_ZHO_5b3fa00eddeea8a3,GLOSBE_ami_zho_TMEM_U000310
Amis_4046,GLOSBE_REVIEWED_ZHO_bdb2401c7e44671c,GLOSBE_ami_zho_TMEM_U000437
Amis_4047,GLOSBE_REVIEWED_ZHO_9c93457293f69690,GLOSBE_ami_zho_TMEM_U000441
Amis_4048,GLOSBE_REVIEWED_ZHO_773e86d4c8a63fef,GLOSBE_ami_zho_TMEM_U000443
Amis_4049,GLOSBE_REVIEWED_ZHO_3086cb83ac45e390,GLOSBE_ami_zho_TMEM_U000944
Amis_4050,GLOSBE_REVIEWED_ZHO_4c03899d8e6c8c63,GLOSBE_ami_zho_TMEM_U000331
Amis_4051,GLOSBE_REVIEWED_ZHO_68a9803674518a87,GLOSBE_ami_zho_TMEM_U001276
Amis_4052,GLOSBE_REVIEWED_ZHO_93ad26b4fec590ad,GLOSBE_ami_zho_TMEM_U000628
Amis_4053,GLOSBE_REVIEWED_ZHO_12a45ae2b1a1e79a,GLOSBE_ami_zho_TMEM_U001902
Amis_4054,GLOSBE_REVIEWED_ZHO_65ad48ef24b2ddd7,GLOSBE_ami_zho_TMEM_U001566
Amis_4055,GLOSBE_REVIEWED_ZHO_dbdd79757e5cf121,GLOSBE_ami_zho_TMEM_U000458
Amis_4056,GLOSBE_REVIEWED_ZHO_4eb5a7b84eaae29d,GLOSBE_ami_zho_TMEM_U000345
Amis_4057,GLOSBE_REVIEWED_ZHO_76a27db63b81b85a,GLOSBE_ami_zho_TMEM_U000945
Amis_4058,GLOSBE_REVIEWED_ZHO_c826992ea9a335b4,GLOSBE_ami_zho_TMEM_U001385
Amis_4059,GLOSBE_REVIEWED_ZHO_3743de7ceff09048,GLOSBE_ami_zho_TMEM_U001296
Amis_4060,GLOSBE_REVIEWED_ZHO_9c666f939c8fae60,GLOSBE_ami_zho_TMEM_U001297
Amis_4061,GLOSBE_REVIEWED_ZHO_851b206102055707,GLOSBE_ami_zho_TMEM_U001746
Amis_4062,GLOSBE_REVIEWED_ZHO_90382a37b1060364,GLOSBE_ami_zho_TMEM_U001574
Amis_4063,GLOSBE_REVIEWED_ZHO_9dc65a0c39ef5c4a,GLOSBE_ami_zho_TMEM_U001299
Amis_4064,GLOSBE_REVIEWED_ZHO_e31ada1e143e9376,GLOSBE_ami_zho_TMEM_U001576
Amis_4065,GLOSBE_REVIEWED_ZHO_a0090850858b3e78,GLOSBE_ami_zho_TMEM_U001185
Amis_4066,GLOSBE_REVIEWED_ZHO_a0ca1bf831102c01,GLOSBE_ami_zho_TMEM_U001818
Amis_4067,GLOSBE_REVIEWED_ZHO_00444865569b738e,GLOSBE_ami_zho_TMEM_U001872
Amis_4068,GLOSBE_REVIEWED_ZHO_8c71dcc8d871bff5,GLOSBE_ami_zho_TMEM_U001903
Amis_4069,GLOSBE_REVIEWED_ZHO_13738c49a7cef2ac,GLOSBE_ami_zho_TMEM_U001904
Amis_4070,GLOSBE_REVIEWED_ZHO_b0b68a73e745899e,GLOSBE_ami_zho_TMEM_U001799
Amis_4071,GLOSBE_REVIEWED_ZHO_003915cc7beb9ffc,GLOSBE_ami_zho_TMEM_U001800
Amis_4072,GLOSBE_REVIEWED_ZHO_a3a2617801f487e2,GLOSBE_ami_zho_TMEM_U001410
Amis_4073,GLOSBE_REVIEWED_ZHO_cccc018d3bd79831,GLOSBE_ami_zho_TMEM_U001735
Amis_4074,GLOSBE_REVIEWED_ZHO_2dceebe2a91d62af,GLOSBE_ami_zho_TMEM_U000848
Amis_4075,GLOSBE_REVIEWED_ZHO_5562b8ffb8ee58b3,GLOSBE_ami_zho_TMEM_U001820
Amis_4076,GLOSBE_REVIEWED_ZHO_810f1858e307c974,GLOSBE_ami_zho_TMEM_U001580
Amis_4077,GLOSBE_REVIEWED_ZHO_6ed09829dedd5928,GLOSBE_ami_zho_TMEM_U000803
Amis_4078,GLOSBE_REVIEWED_ZHO_90ee5c996761f10b,GLOSBE_ami_zho_TMEM_U000731
Amis_4079,GLOSBE_REVIEWED_ZHO_137ed93c185b9836,GLOSBE_ami_zho_TMEM_U001004
Amis_4080,GLOSBE_REVIEWED_ZHO_a5de8f7890193327,GLOSBE_ami_zho_TMEM_U001905
Amis_4081,GLOSBE_REVIEWED_ZHO_de2a310536f8a67c,GLOSBE_ami_zho_TMEM_U001314
Amis_4082,GLOSBE_REVIEWED_ZHO_3027eef11a67ac5b,GLOSBE_ami_zho_TMEM_U001793
Amis_4083,GLOSBE_REVIEWED_ZHO_7b49503b5b086bab,GLOSBE_ami_zho_TMEM_U001863
Amis_4084,GLOSBE_REVIEWED_ZHO_b1f7728f282ebba6,GLOSBE_ami_zho_TMEM_U001272
Amis_4085,GLOSBE_REVIEWED_ZHO_3677beed52f2fd96,GLOSBE_ami_zho_TMEM_U001822
Amis_4086,GLOSBE_REVIEWED_ZHO_b9df45026eb40977,GLOSBE_ami_zho_TMEM_U001321
Amis_4087,GLOSBE_REVIEWED_ZHO_85db6866ca8bd983,GLOSBE_ami_zho_TMEM_U001759
Amis_4088,GLOSBE_REVIEWED_ZHO_c870c12c0b4b1557,GLOSBE_ami_zho_TMEM_U001322
Amis_4089,GLOSBE_REVIEWED_ZHO_55be29f5e286b63b,GLOSBE_ami_zho_TMEM_U001906
Amis_4090,GLOSBE_REVIEWED_ZHO_695aab7c60098570,GLOSBE_ami_zho_TMEM_U001624
Amis_4091,GLOSBE_REVIEWED_ZHO_56920d2aa4c00242,GLOSBE_ami_zho_TMEM_U001907
Amis_4092,GLOSBE_REVIEWED_ZHO_82d9afa052e3cfc6,GLOSBE_ami_zho_TMEM_U000855
Amis_4093,GLOSBE_REVIEWED_ZHO_9a7c45fbef6e0062,GLOSBE_ami_zho_TMEM_U001893
Amis_4094,GLOSBE_REVIEWED_ZHO_d03e74ca35781a65,GLOSBE_ami_zho_TMEM_U001225
Amis_4095,GLOSBE_REVIEWED_ZHO_166be82f6dfeebc8,GLOSBE_ami_zho_TMEM_U001064
Amis_4096,GLOSBE_REVIEWED_ZHO_ac4c0ad37246b595,GLOSBE_ami_zho_TMEM_U001273
Amis_4097,GLOSBE_REVIEWED_ZHO_eb1d986d46424705,GLOSBE_ami_zho_TMEM_U001908
Amis_4098,GLOSBE_REVIEWED_ZHO_7133062e945a07b2,GLOSBE_ami_zho_TMEM_U001334
Amis_4099,GLOSBE_REVIEWED_ZHO_eb317f923f77c401,GLOSBE_ami_zho_TMEM_U000948
Amis_4100,GLOSBE_REVIEWED_ZHO_e2b38d404d597cda,GLOSBE_ami_zho_TMEM_U001909
Amis_4101,GLOSBE_REVIEWED_ZHO_163ab5770072a7dd,GLOSBE_ami_zho_TMEM_U001246
Amis_4102,GLOSBE_REVIEWED_ZHO_c5ef94239fca8451,GLOSBE_ami_zho_TMEM_U000842
Amis_4103,GLOSBE_REVIEWED_ZHO_aa39d7ad979c436c,GLOSBE_ami_zho_TMEM_U001876
Amis_4104,GLOSBE_REVIEWED_ZHO_b49b9ae28fca7b86,GLOSBE_ami_zho_TMEM_U001423
Amis_4105,GLOSBE_REVIEWED_ZHO_9e6824efdaaa72f2,GLOSBE_ami_zho_TMEM_U001840
Amis_4106,GLOSBE_REVIEWED_ZHO_1d29ca67b0968382,GLOSBE_ami_zho_TMEM_U001812
Amis_4107,GLOSBE_REVIEWED_ZHO_2a60fdc2673752dc,GLOSBE_ami_zho_TMEM_U001910
Amis_4108,GLOSBE_REVIEWED_ZHO_0055c3a70920ad59,GLOSBE_ami_zho_TMEM_U001342
Amis_4109,GLOSBE_REVIEWED_ZHO_7277312b2833ca41,GLOSBE_ami_zho_TMEM_U001524
Amis_4110,GLOSBE_REVIEWED_ZHO_6ba2e01b72cda92d,GLOSBE_ami_zho_TMEM_U001764
Amis_4111,GLOSBE_REVIEWED_ZHO_9d61f5ac78a0f8be,GLOSBE_ami_zho_TMEM_U001911
Amis_4112,GLOSBE_REVIEWED_ZHO_834d45553b2a7ed1,GLOSBE_ami_zho_TMEM_U001912
Amis_4113,GLOSBE_REVIEWED_ZHO_eb1d986d46424705,GLOSBE_ami_zho_TMEM_U001908
Amis_4114,GLOSBE_REVIEWED_ZHO_7b42218d379b278c,GLOSBE_ami_zho_TMEM_U000938
Amis_4115,GLOSBE_REVIEWED_ZHO_12494b8e34f2ef13,GLOSBE_ami_zho_TMEM_U001913
Amis_4116,GLOSBE_REVIEWED_ZHO_a72c9a8a297d3f30,GLOSBE_ami_zho_TMEM_U001717
Amis_4117,GLOSBE_REVIEWED_ZHO_a33c3d85cd2a995b,GLOSBE_ami_zho_TMEM_U000949
Amis_4118,GLOSBE_REVIEWED_ZHO_77199fbef95ec571,GLOSBE_ami_zho_TMEM_U000150
Amis_4119,GLOSBE_REVIEWED_ZHO_dce087267561b3c4,GLOSBE_ami_zho_TMEM_U000157
Amis_4120,GLOSBE_REVIEWED_ZHO_93fa14897f05eb6f,GLOSBE_ami_zho_TMEM_U000192
Amis_4121,GLOSBE_REVIEWED_ZHO_0a105644d1ff2437,GLOSBE_ami_zho_TMEM_U000466
Amis_4122,GLOSBE_REVIEWED_ZHO_34f2251e4c4ff0fb,GLOSBE_ami_zho_TMEM_U000591
Amis_4123,GLOSBE_REVIEWED_ZHO_34bbeee1355bdd06,GLOSBE_ami_zho_TMEM_U001757
Amis_4124,GLOSBE_REVIEWED_ZHO_cee977f24d923938,GLOSBE_ami_zho_TMEM_U001914
Amis_4125,GLOSBE_REVIEWED_ZHO_e222c60d588827ab,GLOSBE_ami_zho_TMEM_U001349
Amis_4126,GLOSBE_REVIEWED_ZHO_b4f7fc29592433f2,GLOSBE_ami_zho_TMEM_U001915
Amis_4127,GLOSBE_REVIEWED_ZHO_1053969553034d52,GLOSBE_ami_zho_TMEM_U001916
Amis_4128,GLOSBE_REVIEWED_ZHO_9a895058a29514c4,GLOSBE_ami_zho_TMEM_U000769
Amis_4129,GLOSBE_REVIEWED_ZHO_e1493b54b0403d84,GLOSBE_ami_zho_TMEM_U001784
Amis_4130,GLOSBE_REVIEWED_ZHO_ce072239cec4dc4d,GLOSBE_ami_zho_TMEM_U000378
Amis_4131,GLOSBE_REVIEWED_ZHO_770f08ed9ece8aaf,GLOSBE_ami_zho_TMEM_U001917
Amis_4132,GLOSBE_REVIEWED_ZHO_3743de7ceff09048,GLOSBE_ami_zho_TMEM_U001296
Amis_4133,GLOSBE_REVIEWED_ZHO_7ceebcf32715794c,GLOSBE_ami_zho_TMEM_U001375
Amis_4134,GLOSBE_REVIEWED_ZHO_f50b71241c8afe1b,GLOSBE_ami_zho_TMEM_U001224
Amis_4135,GLOSBE_REVIEWED_ZHO_776f48d19d956a6c,GLOSBE_ami_zho_TMEM_U001918
Amis_4136,GLOSBE_REVIEWED_ZHO_bc0c04f78cb45bbb,GLOSBE_ami_zho_TMEM_U001919
Amis_4137,GLOSBE_REVIEWED_ZHO_39e151984247532d,GLOSBE_ami_zho_TMEM_U000810
Amis_4138,GLOSBE_REVIEWED_ZHO_e6f5ede11c5b9137,GLOSBE_ami_zho_TMEM_U000045
Amis_4139,GLOSBE_REVIEWED_ZHO_bbc72daec52fbc02,GLOSBE_ami_zho_TMEM_U000473
Amis_4140,GLOSBE_REVIEWED_ZHO_3f455995190b3ff6,GLOSBE_ami_zho_TMEM_U000417
Amis_4141,GLOSBE_REVIEWED_ZHO_5d6157264b4619c2,GLOSBE_ami_zho_TMEM_U000426
Amis_4142,GLOSBE_REVIEWED_ZHO_48f2b3390fffc8cb,GLOSBE_ami_zho_TMEM_U000642
Amis_4143,GLOSBE_REVIEWED_ZHO_7ca688e844ee0fc4,GLOSBE_ami_zho_TMEM_U001920
Amis_4144,GLOSBE_REVIEWED_ZHO_b813df677da5c6b1,GLOSBE_ami_zho_TMEM_U001921
Amis_4145,GLOSBE_REVIEWED_ZHO_877c0a738314e413,GLOSBE_ami_zho_TMEM_U001922
Amis_4146,GLOSBE_REVIEWED_ZHO_9cdb05eb239c1e5f,GLOSBE_ami_zho_TMEM_U001923
Amis_4147,GLOSBE_REVIEWED_ZHO_f5a0b3cb92dbae73,GLOSBE_ami_zho_TMEM_U001924
Amis_4148,GLOSBE_REVIEWED_ZHO_c82bcd94ffc069fb,GLOSBE_ami_zho_TMEM_U001925
Amis_4149,GLOSBE_REVIEWED_ZHO_57d17e4d65ea01da,GLOSBE_ami_zho_TMEM_U001926
Amis_4150,GLOSBE_STATIC_bdf7c3f5d353d50ad538,GLOSBE_ami_zho_TMEM_U000014
Amis_4151,GLOSBE_REVIEWED_ZHO_dda69606b4e321fa,GLOSBE_ami_zho_TMEM_U000064
Amis_4152,GLOSBE_REVIEWED_ZHO_923bef51273547a7,GLOSBE_ami_zho_TMEM_U000065
Amis_4153,GLOSBE_REVIEWED_ZHO_647c908081b3877e,GLOSBE_ami_zho_TMEM_U000070
Amis_4154,GLOSBE_REVIEWED_ZHO_0877a7e7d0374c28,GLOSBE_ami_zho_TMEM_U000075
Amis_4155,GLOSBE_REVIEWED_ZHO_67edeae18bc649a9,GLOSBE_ami_zho_TMEM_U000256
Amis_4156,GLOSBE_REVIEWED_ZHO_32b340de4a8cbed2,GLOSBE_ami_zho_TMEM_U000088
Amis_4157,GLOSBE_REVIEWED_ZHO_1ee8f3405596da83,GLOSBE_ami_zho_TMEM_U000261
Amis_4158,GLOSBE_REVIEWED_ZHO_03087f4024cd873e,GLOSBE_ami_zho_TMEM_U000395
Amis_4159,GLOSBE_REVIEWED_ZHO_b1c98e1eb60e2c4b,GLOSBE_ami_zho_TMEM_U000272
Amis_4160,GLOSBE_REVIEWED_ZHO_0fd390a0fb1f8229,GLOSBE_ami_zho_TMEM_U000133
Amis_4161,GLOSBE_REVIEWED_ZHO_5c2f7ab48495264b,GLOSBE_ami_zho_TMEM_U000284
Amis_4162,GLOSBE_REVIEWED_ZHO_1861f9592e6a4416,GLOSBE_ami_zho_TMEM_U000415
Amis_4163,GLOSBE_REVIEWED_ZHO_1f13a63d55bfb9b6,GLOSBE_ami_zho_TMEM_U000549
Amis_4164,GLOSBE_REVIEWED_ZHO_6f92e6238bdb9749,GLOSBE_ami_zho_TMEM_U000183
Amis_4165,GLOSBE_REVIEWED_ZHO_99049b9ac87a4543,GLOSBE_ami_zho_TMEM_U000216
Amis_4166,GLOSBE_REVIEWED_ZHO_0162d3ecc3ca988d,GLOSBE_ami_zho_TMEM_U000221
Amis_4167,GLOSBE_REVIEWED_ZHO_b1f77ca6e565f001,GLOSBE_ami_zho_TMEM_U000431
Amis_4168,GLOSBE_REVIEWED_ZHO_a04980eaad016156,GLOSBE_ami_zho_TMEM_U000435
Amis_4169,GLOSBE_REVIEWED_ZHO_b92fc487de80de59,GLOSBE_ami_zho_TMEM_U000322
Amis_4170,GLOSBE_REVIEWED_ZHO_ab3025879e8ed732,GLOSBE_ami_zho_TMEM_U000323
Amis_4171,GLOSBE_REVIEWED_ZHO_773e86d4c8a63fef,GLOSBE_ami_zho_TMEM_U000443
Amis_4172,GLOSBE_REVIEWED_ZHO_40f6417ab41304f3,GLOSBE_ami_zho_TMEM_U000454
Amis_4173,GLOSBE_REVIEWED_ZHO_1ee56b1a1fb09a0d,GLOSBE_ami_zho_TMEM_U000341
Amis_4174,GLOSBE_REVIEWED_ZHO_d086fece70445cc7,GLOSBE_ami_zho_TMEM_U001927
Amis_4175,GLOSBE_REVIEWED_ZHO_55133d6605701e57,GLOSBE_ami_zho_TMEM_U000723
Amis_4176,GLOSBE_REVIEWED_ZHO_730c6b8c6fb0235d,GLOSBE_ami_zho_TMEM_U000012
Amis_4177,GLOSBE_STATIC_6b39693e00dc78c65eba,GLOSBE_ami_zho_TMEM_U000022
Amis_4178,GLOSBE_REVIEWED_ZHO_90cb489538fd834a,GLOSBE_ami_zho_TMEM_U000060
Amis_4179,GLOSBE_REVIEWED_ZHO_30815e19fa5bddd7,GLOSBE_ami_zho_TMEM_U000074
Amis_4180,GLOSBE_REVIEWED_ZHO_0fa804c41c9f4853,GLOSBE_ami_zho_TMEM_U000254
Amis_4181,GLOSBE_REVIEWED_ZHO_bbc72daec52fbc02,GLOSBE_ami_zho_TMEM_U000473
Amis_4182,GLOSBE_REVIEWED_ZHO_647de33b56ff6bc5,GLOSBE_ami_zho_TMEM_U000083
Amis_4183,GLOSBE_REVIEWED_ZHO_9218bf6f27fb06dc,GLOSBE_ami_zho_TMEM_U000267
Amis_4184,GLOSBE_REVIEWED_ZHO_2f196b9dc7f3257a,GLOSBE_ami_zho_TMEM_U000110
Amis_4185,GLOSBE_REVIEWED_ZHO_bfd1f516985d5a13,GLOSBE_ami_zho_TMEM_U001729
Amis_4186,GLOSBE_REVIEWED_ZHO_81051b67f20a95f5,GLOSBE_ami_zho_TMEM_U000541
Amis_4187,GLOSBE_REVIEWED_ZHO_06a02b2954160005,GLOSBE_ami_zho_TMEM_U000293
Amis_4188,GLOSBE_REVIEWED_ZHO_9570127ee48ec97f,GLOSBE_ami_zho_TMEM_U000295
Amis_4189,GLOSBE_REVIEWED_ZHO_0098e433a4576f02,GLOSBE_ami_zho_TMEM_U000191
Amis_4190,GLOSBE_REVIEWED_ZHO_befa09fb429fde01,GLOSBE_ami_zho_TMEM_U000307
Amis_4191,GLOSBE_REVIEWED_ZHO_da8ca80db090cce5,GLOSBE_ami_zho_TMEM_U000217
Amis_4192,GLOSBE_REVIEWED_ZHO_2132ba7741bc5d6b,GLOSBE_ami_zho_TMEM_U000227
Amis_4193,GLOSBE_REVIEWED_ZHO_2e3bc017fcf12b67,GLOSBE_ami_zho_TMEM_U000481
Amis_4194,GLOSBE_REVIEWED_ZHO_e87d51662fd43e04,GLOSBE_ami_zho_TMEM_U000325
Amis_4195,GLOSBE_REVIEWED_ZHO_93f1e4d89ccced13,GLOSBE_ami_zho_TMEM_U000629
Amis_4196,GLOSBE_REVIEWED_ZHO_7ccf46daf74b143b,GLOSBE_ami_zho_TMEM_U000581
Amis_4197,GLOSBE_REVIEWED_ZHO_5324b0b9eb805c53,GLOSBE_ami_zho_TMEM_U000630
Amis_4198,GLOSBE_REVIEWED_ZHO_a4c2e53f0e1bf833,GLOSBE_ami_zho_TMEM_U000462
Amis_4199,GLOSBE_REVIEWED_ZHO_7491797535d70986,GLOSBE_ami_zho_TMEM_U000351
Amis_4200,GLOSBE_REVIEWED_ZHO_115fd4c88c2fef7d,GLOSBE_ami_zho_TMEM_U001181
Amis_4201,GLOSBE_REVIEWED_ZHO_2e497ec2e90ec9f6,GLOSBE_ami_zho_TMEM_U001406
Amis_4202,GLOSBE_REVIEWED_ZHO_d7bf91f7f661c2b9,GLOSBE_ami_zho_TMEM_U000638
Amis_4203,GLOSBE_REVIEWED_ZHO_48f2b3390fffc8cb,GLOSBE_ami_zho_TMEM_U000642
Amis_4204,GLOSBE_REVIEWED_ZHO_2d764fd3fcd3f566,GLOSBE_ami_zho_TMEM_U000647
Amis_4205,GLOSBE_REVIEWED_ZHO_8e675a9130c1c64b,GLOSBE_ami_zho_TMEM_U001408
Amis_4206,GLOSBE_REVIEWED_ZHO_851b206102055707,GLOSBE_ami_zho_TMEM_U001746
Amis_4207,GLOSBE_REVIEWED_ZHO_a49d7d82cb576043,GLOSBE_ami_zho_TMEM_U000502
Amis_4208,GLOSBE_REVIEWED_ZHO_837086420a15ccb5,GLOSBE_ami_zho_TMEM_U000662
Amis_4209,GLOSBE_REVIEWED_ZHO_1c389e6cd528686b,GLOSBE_ami_zho_TMEM_U001479
Amis_4210,GLOSBE_REVIEWED_ZHO_b6e81778d09bf430,GLOSBE_ami_zho_TMEM_U001428
Amis_4211,GLOSBE_REVIEWED_ZHO_bdc902c35d753808,GLOSBE_ami_zho_TMEM_U000678
Amis_4212,GLOSBE_REVIEWED_ZHO_f2ce9c658c5bf4ca,GLOSBE_ami_zho_TMEM_U000986
Amis_4213,GLOSBE_REVIEWED_ZHO_a3a2617801f487e2,GLOSBE_ami_zho_TMEM_U001410
Amis_4214,GLOSBE_REVIEWED_ZHO_9bbdcaf28615b711,GLOSBE_ami_zho_TMEM_U000692
Amis_4215,GLOSBE_REVIEWED_ZHO_cad81188964d704e,GLOSBE_ami_zho_TMEM_U001928
Amis_4216,GLOSBE_REVIEWED_ZHO_cccc018d3bd79831,GLOSBE_ami_zho_TMEM_U001735
Amis_4217,GLOSBE_REVIEWED_ZHO_4539e73d332707db,GLOSBE_ami_zho_TMEM_U001929
Amis_4218,GLOSBE_REVIEWED_ZHO_9b76a7a62b228e65,GLOSBE_ami_zho_TMEM_U001930
Amis_4219,GLOSBE_REVIEWED_ZHO_c5399b1e5ab06c8a,GLOSBE_ami_zho_TMEM_U001802
Amis_4220,GLOSBE_REVIEWED_ZHO_99cca470f318198d,GLOSBE_ami_zho_TMEM_U001931
Amis_4221,GLOSBE_REVIEWED_ZHO_039f3796c6245e69,GLOSBE_ami_zho_TMEM_U001932
Amis_4222,GLOSBE_REVIEWED_ZHO_6580e2f054634acc,GLOSBE_ami_zho_TMEM_U000783
Amis_4223,GLOSBE_REVIEWED_ZHO_f4d2fae1847d8a47,GLOSBE_ami_zho_TMEM_U001933
Amis_4224,GLOSBE_REVIEWED_ZHO_e222c60d588827ab,GLOSBE_ami_zho_TMEM_U001349
Amis_4225,GLOSBE_REVIEWED_ZHO_4d238aee10b2034c,GLOSBE_ami_zho_TMEM_U001704
Amis_4226,GLOSBE_REVIEWED_ZHO_18c6b1aeaa7cad87,GLOSBE_ami_zho_TMEM_U001549
Amis_4227,GLOSBE_REVIEWED_ZHO_4e9ec1552ec1c340,GLOSBE_ami_zho_TMEM_U001317
Amis_4228,GLOSBE_REVIEWED_ZHO_ca449a70b73fd91e,GLOSBE_ami_zho_TMEM_U001934
Amis_4229,GLOSBE_REVIEWED_ZHO_0b9745f4332fe3f0,GLOSBE_ami_zho_TMEM_U001438
Amis_4230,GLOSBE_REVIEWED_ZHO_6bcd8e55a64cbb87,GLOSBE_ami_zho_TMEM_U001935
Amis_4231,GLOSBE_REVIEWED_ZHO_6946aeb2917c6df5,GLOSBE_ami_zho_TMEM_U001160
Amis_4232,GLOSBE_REVIEWED_ZHO_f8c187d40f8126f0,GLOSBE_ami_zho_TMEM_U001396
Amis_4233,GLOSBE_REVIEWED_ZHO_9e83d4a239882f5c,GLOSBE_ami_zho_TMEM_U001613
Amis_4234,GLOSBE_REVIEWED_ZHO_f9e9e0303add679d,GLOSBE_ami_zho_TMEM_U000851
Amis_4235,GLOSBE_REVIEWED_ZHO_77f2b42dc53af5fa,GLOSBE_ami_zho_TMEM_U001936
Amis_4236,GLOSBE_REVIEWED_ZHO_3dfa90d72e421008,GLOSBE_ami_zho_TMEM_U001350
Amis_4237,GLOSBE_REVIEWED_ZHO_ed300c4853f715ea,GLOSBE_ami_zho_TMEM_U001681
Amis_4238,GLOSBE_REVIEWED_ZHO_d2ca6c2b95d2f60f,GLOSBE_ami_zho_TMEM_U001937
Amis_4239,GLOSBE_REVIEWED_ZHO_50425f83117a4ff3,GLOSBE_ami_zho_TMEM_U001938
Amis_4240,GLOSBE_REVIEWED_ZHO_e405c37a23aa2893,GLOSBE_ami_zho_TMEM_U001823
Amis_4241,GLOSBE_REVIEWED_ZHO_8ebbf4bc220d352a,GLOSBE_ami_zho_TMEM_U001864
Amis_4242,GLOSBE_REVIEWED_ZHO_e4e70f7455ae60b2,GLOSBE_ami_zho_TMEM_U001711
Amis_4243,GLOSBE_REVIEWED_ZHO_3c696d1585aaaeab,GLOSBE_ami_zho_TMEM_U001386
Amis_4244,GLOSBE_REVIEWED_ZHO_20fc1574d90c6992,GLOSBE_ami_zho_TMEM_U001939
Amis_4245,GLOSBE_REVIEWED_ZHO_ea3ca82af60e6c8b,GLOSBE_ami_zho_TMEM_U001940
Amis_4246,GLOSBE_REVIEWED_ZHO_f5a0b3cb92dbae73,GLOSBE_ami_zho_TMEM_U001924
Amis_4247,GLOSBE_REVIEWED_ZHO_fad1c6d670c78d75,GLOSBE_ami_zho_TMEM_U001137
Amis_4248,GLOSBE_REVIEWED_ZHO_66ca43ce1a5bfe00,GLOSBE_ami_zho_TMEM_U001421
Amis_4249,GLOSBE_REVIEWED_ZHO_916cc20eff1c39fe,GLOSBE_ami_zho_TMEM_U001139
Amis_4250,GLOSBE_REVIEWED_ZHO_ea7638e918f038a1,GLOSBE_ami_zho_TMEM_U000757
Amis_4251,GLOSBE_REVIEWED_ZHO_387b8082a084f02a,GLOSBE_ami_zho_TMEM_U001143
Amis_4252,GLOSBE_REVIEWED_ZHO_0ff5a83ca2076ba3,GLOSBE_ami_zho_TMEM_U001941
Amis_4253,GLOSBE_REVIEWED_ZHO_60b49729b14a035c,GLOSBE_ami_zho_TMEM_U001942
Amis_4254,GLOSBE_REVIEWED_ZHO_5d654b522615840b,GLOSBE_ami_zho_TMEM_U001943
Amis_4255,GLOSBE_REVIEWED_ZHO_6a0833726a7a28fc,GLOSBE_ami_zho_TMEM_U001466
Amis_4256,GLOSBE_REVIEWED_ZHO_df0ade1db5db4fce,GLOSBE_ami_zho_TMEM_U001353
Amis_4257,GLOSBE_REVIEWED_ZHO_fc2c100c0fd6482c,GLOSBE_ami_zho_TMEM_U001944
Amis_4258,GLOSBE_REVIEWED_ZHO_a98906a6f9d66e40,GLOSBE_ami_zho_TMEM_U000818
Amis_4259,GLOSBE_REVIEWED_ZHO_bca2a14e468fc7ff,GLOSBE_ami_zho_TMEM_U001707
Amis_4260,GLOSBE_REVIEWED_ZHO_e31bd79f5a9ef546,GLOSBE_ami_zho_TMEM_U000925
Amis_4261,GLOSBE_REVIEWED_ZHO_ffc9fb1dd1044a79,GLOSBE_ami_zho_TMEM_U000808
Amis_4262,GLOSBE_REVIEWED_ZHO_003ff367fdba1f97,GLOSBE_ami_zho_TMEM_U000809
Amis_4263,GLOSBE_REVIEWED_ZHO_39e151984247532d,GLOSBE_ami_zho_TMEM_U000810
Amis_4264,GLOSBE_REVIEWED_ZHO_076bf661d9a04e94,GLOSBE_ami_zho_TMEM_U000931
Amis_4265,GLOSBE_REVIEWED_ZHO_c4581de72940ce1d,GLOSBE_ami_zho_TMEM_U001945
Amis_4266,GLOSBE_REVIEWED_ZHO_9d61f5ac78a0f8be,GLOSBE_ami_zho_TMEM_U001911
Amis_4267,GLOSBE_REVIEWED_ZHO_1ee8f3405596da83,GLOSBE_ami_zho_TMEM_U000261
Amis_4268,GLOSBE_REVIEWED_ZHO_6d2c8d75b0549d86,GLOSBE_ami_zho_TMEM_U000263
Amis_4269,GLOSBE_REVIEWED_ZHO_bce80260702e483d,GLOSBE_ami_zho_TMEM_U000477
Amis_4270,GLOSBE_REVIEWED_ZHO_08e2a4c01841704c,GLOSBE_ami_zho_TMEM_U000169
Amis_4271,GLOSBE_REVIEWED_ZHO_bb5c2ae194c8ff62,GLOSBE_ami_zho_TMEM_U000224
Amis_4272,GLOSBE_REVIEWED_ZHO_2d764fd3fcd3f566,GLOSBE_ami_zho_TMEM_U000647
Amis_4273,GLOSBE_REVIEWED_ZHO_527ecef0b2f78068,GLOSBE_ami_zho_TMEM_U001347
Amis_4274,GLOSBE_REVIEWED_ZHO_f4d2fae1847d8a47,GLOSBE_ami_zho_TMEM_U001933
Amis_4275,GLOSBE_REVIEWED_ZHO_11b8690eba10213c,GLOSBE_ami_zho_TMEM_U001234
Amis_4276,GLOSBE_REVIEWED_ZHO_5ad4403ff0b186ac,GLOSBE_ami_zho_TMEM_U001946
Amis_4277,GLOSBE_REVIEWED_ZHO_e7c5b8768ba87ca9,GLOSBE_ami_zho_TMEM_U000761
Amis_4278,GLOSBE_REVIEWED_ZHO_705202bc21b85a05,GLOSBE_ami_zho_TMEM_U001384
Amis_4279,GLOSBE_STATIC_bfb19eb5a892e4af5ce1,GLOSBE_ami_zho_TMEM_U000010
Amis_4280,GLOSBE_REVIEWED_ZHO_e5954edf92f5897e,GLOSBE_ami_zho_TMEM_U000038
Amis_4281,GLOSBE_REVIEWED_ZHO_08f58c2c107859f9,GLOSBE_ami_zho_TMEM_U000484
Amis_4282,GLOSBE_REVIEWED_ZHO_3caf21705010bd07,GLOSBE_ami_zho_TMEM_U000069
Amis_4283,GLOSBE_REVIEWED_ZHO_7ba84fa83f2dc79a,GLOSBE_ami_zho_TMEM_U000476
Amis_4284,GLOSBE_REVIEWED_ZHO_50cbff7189b8b863,GLOSBE_ami_zho_TMEM_U000123
Amis_4285,GLOSBE_REVIEWED_ZHO_e4b23c48959b07ac,GLOSBE_ami_zho_TMEM_U000124
Amis_4286,GLOSBE_REVIEWED_ZHO_caf6e411d64e80e8,GLOSBE_ami_zho_TMEM_U000141
Amis_4287,GLOSBE_REVIEWED_ZHO_2d1128e97aac1bc6,GLOSBE_ami_zho_TMEM_U000160
Amis_4288,GLOSBE_REVIEWED_ZHO_55caf9681842f1a6,GLOSBE_ami_zho_TMEM_U000424
Amis_4289,GLOSBE_REVIEWED_ZHO_cc21dce7799eecf6,GLOSBE_ami_zho_TMEM_U000207
Amis_4290,GLOSBE_REVIEWED_ZHO_4d6d98cb04953967,GLOSBE_ami_zho_TMEM_U001176
Amis_4291,GLOSBE_REVIEWED_ZHO_19b8d4f1f5a7b02b,GLOSBE_ami_zho_TMEM_U000559
Amis_4292,GLOSBE_REVIEWED_ZHO_a1c806c5d0dd34c4,GLOSBE_ami_zho_TMEM_U000561
Amis_4293,GLOSBE_REVIEWED_ZHO_90d611971e192911,GLOSBE_ami_zho_TMEM_U000225
Amis_4294,GLOSBE_REVIEWED_ZHO_ebd3e19da6698f60,GLOSBE_ami_zho_TMEM_U001755
Amis_4295,GLOSBE_REVIEWED_ZHO_e9a4cb8338db06dd,GLOSBE_ami_zho_TMEM_U000464
Amis_4296,GLOSBE_REVIEWED_ZHO_2d5f263f7045a151,GLOSBE_ami_zho_TMEM_U000656
Amis_4297,GLOSBE_REVIEWED_ZHO_ad0225e33b86bf1a,GLOSBE_ami_zho_TMEM_U001106
Amis_4298,GLOSBE_REVIEWED_ZHO_44e7f6b986554b0c,GLOSBE_ami_zho_TMEM_U001478
Amis_4299,GLOSBE_REVIEWED_ZHO_04f8e82fdf1a36db,GLOSBE_ami_zho_TMEM_U001947
Amis_4300,GLOSBE_REVIEWED_ZHO_e7fafc1fa0150897,GLOSBE_ami_zho_TMEM_U001648
Amis_4301,GLOSBE_REVIEWED_ZHO_2e560ba52073496f,GLOSBE_ami_zho_TMEM_U000985
Amis_4302,GLOSBE_REVIEWED_ZHO_999cf28fe0b09c2c,GLOSBE_ami_zho_TMEM_U000685
Amis_4303,GLOSBE_REVIEWED_ZHO_d2a11ce6514d1a08,GLOSBE_ami_zho_TMEM_U001948
Amis_4304,GLOSBE_REVIEWED_ZHO_52a005cfed53ba46,GLOSBE_ami_zho_TMEM_U000878
Amis_4305,GLOSBE_REVIEWED_ZHO_dfafce4082e44366,GLOSBE_ami_zho_TMEM_U000988
Amis_4306,GLOSBE_REVIEWED_ZHO_b39287c81647047d,GLOSBE_ami_zho_TMEM_U001949
Amis_4307,GLOSBE_REVIEWED_ZHO_cbfcb19d579192ea,GLOSBE_ami_zho_TMEM_U001306
Amis_4308,GLOSBE_REVIEWED_ZHO_a617b10a76548fc1,GLOSBE_ami_zho_TMEM_U000730
Amis_4309,GLOSBE_REVIEWED_ZHO_fd2a89b86a6db908,GLOSBE_ami_zho_TMEM_U001950
Amis_4310,GLOSBE_REVIEWED_ZHO_116b7158645fc278,GLOSBE_ami_zho_TMEM_U001951
Amis_4311,GLOSBE_REVIEWED_ZHO_ed300c4853f715ea,GLOSBE_ami_zho_TMEM_U001681
Amis_4312,GLOSBE_REVIEWED_ZHO_1bd1491170b61532,GLOSBE_ami_zho_TMEM_U001220
Amis_4313,GLOSBE_REVIEWED_ZHO_1c44e233f5a66810,GLOSBE_ami_zho_TMEM_U001507
Amis_4314,GLOSBE_REVIEWED_ZHO_d623c03842bb7fbc,GLOSBE_ami_zho_TMEM_U001952
Amis_4315,GLOSBE_REVIEWED_ZHO_1004f292d2da6d27,GLOSBE_ami_zho_TMEM_U001045
Amis_4316,GLOSBE_REVIEWED_ZHO_cd0191f2af7a65f1,GLOSBE_ami_zho_TMEM_U001953
Amis_4317,GLOSBE_REVIEWED_ZHO_2bec604262693981,GLOSBE_ami_zho_TMEM_U001954
Amis_4318,GLOSBE_REVIEWED_ZHO_844b9b51a097e5e9,GLOSBE_ami_zho_TMEM_U001955
Amis_4319,GLOSBE_REVIEWED_ZHO_16a9dca3313c4f8e,GLOSBE_ami_zho_TMEM_U001138
Amis_4320,GLOSBE_REVIEWED_ZHO_c3aba92305a41daa,GLOSBE_ami_zho_TMEM_U001956
Amis_4321,GLOSBE_REVIEWED_ZHO_d3be9611b239eac2,GLOSBE_ami_zho_TMEM_U001241
Amis_4322,GLOSBE_REVIEWED_ZHO_9b16abb5048aca84,GLOSBE_ami_zho_TMEM_U001245
Amis_4323,GLOSBE_REVIEWED_ZHO_5b3f61347bd9586d,GLOSBE_ami_zho_TMEM_U001957
Amis_4324,GLOSBE_REVIEWED_ZHO_b87c8d89d5c8be00,GLOSBE_ami_zho_TMEM_U001958
Amis_4325,GLOSBE_REVIEWED_ZHO_50bc03e4a9e2e25f,GLOSBE_ami_zho_TMEM_U001959
Amis_4326,GLOSBE_REVIEWED_ZHO_0fc1fd487d44a327,GLOSBE_ami_zho_TMEM_U001960
Amis_4327,GLOSBE_REVIEWED_ZHO_9104bb5dd633ffb3,GLOSBE_ami_zho_TMEM_U001261
Amis_4328,GLOSBE_REVIEWED_ZHO_7b3ac10b9834dce3,GLOSBE_ami_zho_TMEM_U001402
Amis_4329,GLOSBE_REVIEWED_ZHO_b7c10e9c9f5f2832,GLOSBE_ami_zho_TMEM_U001523
Amis_4330,GLOSBE_REVIEWED_ZHO_a79bd9499360944d,GLOSBE_ami_zho_TMEM_U001528
Amis_4331,GLOSBE_REVIEWED_ZHO_29734fbcec7e6586,GLOSBE_ami_zho_TMEM_U000768
Amis_4332,GLOSBE_REVIEWED_ZHO_ac29d6b9b1f9ae5f,GLOSBE_ami_zho_TMEM_U000143
Amis_4333,GLOSBE_REVIEWED_ZHO_9ee0e76808b36b77,GLOSBE_ami_zho_TMEM_U001662
Amis_4334,GLOSBE_REVIEWED_ZHO_0e244a4793578953,GLOSBE_ami_zho_TMEM_U001680
Amis_4335,GLOSBE_REVIEWED_ZHO_79b342af9b2f3ee9,GLOSBE_ami_zho_TMEM_U001961
Amis_4336,GLOSBE_REVIEWED_ZHO_6a433c8bebb9e4a4,GLOSBE_ami_zho_TMEM_U000198
Amis_4337,GLOSBE_REVIEWED_ZHO_e9bc4de9e151a545,GLOSBE_ami_zho_TMEM_U000373
Amis_4338,GLOSBE_REVIEWED_ZHO_0272b76115eedd45,GLOSBE_ami_zho_TMEM_U001405
Amis_4339,GLOSBE_REVIEWED_ZHO_2c1beead277587c9,GLOSBE_ami_zho_TMEM_U000658
Amis_4340,GLOSBE_REVIEWED_ZHO_8c93fe0bfdb839c6,GLOSBE_ami_zho_TMEM_U000717
Amis_4341,GLOSBE_REVIEWED_ZHO_a2a5671c227fc1e2,GLOSBE_ami_zho_TMEM_U001962
Amis_4342,GLOSBE_REVIEWED_ZHO_2360f463d9f64920,GLOSBE_ami_zho_TMEM_U001213
Amis_4343,GLOSBE_REVIEWED_ZHO_776014cde4087b09,GLOSBE_ami_zho_TMEM_U001963
Amis_4344,GLOSBE_REVIEWED_ZHO_dce3955d34c4b235,GLOSBE_ami_zho_TMEM_U000793
Amis_4345,GLOSBE_REVIEWED_ZHO_24f75af96297a356,GLOSBE_ami_zho_TMEM_U000120
Amis_4346,GLOSBE_REVIEWED_ZHO_58a8bae3eec02d45,GLOSBE_ami_zho_TMEM_U000327
Amis_4347,GLOSBE_REVIEWED_ZHO_e31ada1e143e9376,GLOSBE_ami_zho_TMEM_U001576
Amis_4348,GLOSBE_REVIEWED_ZHO_a0090850858b3e78,GLOSBE_ami_zho_TMEM_U001185
Amis_4349,GLOSBE_REVIEWED_ZHO_5d200e54e0596314,GLOSBE_ami_zho_TMEM_U001964
Amis_4350,GLOSBE_REVIEWED_ZHO_5009d5241880741b,GLOSBE_ami_zho_TMEM_U000856
Amis_4351,GLOSBE_REVIEWED_ZHO_730c6b8c6fb0235d,GLOSBE_ami_zho_TMEM_U000012
Amis_4352,GLOSBE_STATIC_5fb93f4f5aa4fe965798,GLOSBE_ami_zho_TMEM_U000003
Amis_4353,GLOSBE_REVIEWED_ZHO_bd0d15119555e106,GLOSBE_ami_zho_TMEM_U000050
Amis_4354,GLOSBE_REVIEWED_ZHO_fdc895132efca755,GLOSBE_ami_zho_TMEM_U000066
Amis_4355,GLOSBE_REVIEWED_ZHO_e25dcfbe09567f79,GLOSBE_ami_zho_TMEM_U001965
Amis_4356,GLOSBE_REVIEWED_ZHO_e617b5624c563c43,GLOSBE_ami_zho_TMEM_U000598
Amis_4357,GLOSBE_REVIEWED_ZHO_86d09a0b7d165575,GLOSBE_ami_zho_TMEM_U000601
Amis_4358,GLOSBE_REVIEWED_ZHO_72b4d8bb3219f5cc,GLOSBE_ami_zho_TMEM_U000959
Amis_4359,GLOSBE_REVIEWED_ZHO_d2866f45e9a5bb37,GLOSBE_ami_zho_TMEM_U000608
Amis_4360,GLOSBE_REVIEWED_ZHO_fef010bc7f89cd31,GLOSBE_ami_zho_TMEM_U000142
Amis_4361,GLOSBE_REVIEWED_ZHO_9f34fc0a2d59de35,GLOSBE_ami_zho_TMEM_U001966
Amis_4362,GLOSBE_REVIEWED_ZHO_b6fd820d0cc533d2,GLOSBE_ami_zho_TMEM_U000489
Amis_4363,GLOSBE_REVIEWED_ZHO_19597b545d51a513,GLOSBE_ami_zho_TMEM_U000550
Amis_4364,GLOSBE_REVIEWED_ZHO_c3b93075bea81e7d,GLOSBE_ami_zho_TMEM_U000182
Amis_4365,GLOSBE_REVIEWED_ZHO_7c28d4e7f369161d,GLOSBE_ami_zho_TMEM_U000190
Amis_4366,GLOSBE_REVIEWED_ZHO_6fc3d00b2cb0a841,GLOSBE_ami_zho_TMEM_U000215
Amis_4367,GLOSBE_REVIEWED_ZHO_1fbc79800d8d5f11,GLOSBE_ami_zho_TMEM_U000623
Amis_4368,GLOSBE_REVIEWED_ZHO_276122a062635435,GLOSBE_ami_zho_TMEM_U001967
Amis_4369,GLOSBE_REVIEWED_ZHO_3c922c30ed4d8dde,GLOSBE_ami_zho_TMEM_U000582
Amis_4370,GLOSBE_REVIEWED_ZHO_14bf91273497fb17,GLOSBE_ami_zho_TMEM_U000460
Amis_4371,GLOSBE_REVIEWED_ZHO_603a69e5fb6d6d3e,GLOSBE_ami_zho_TMEM_U000348
Amis_4372,GLOSBE_REVIEWED_ZHO_3a72b3994363dae5,GLOSBE_ami_zho_TMEM_U000358
Amis_4373,GLOSBE_REVIEWED_ZHO_dcf54983001fb2bd,GLOSBE_ami_zho_TMEM_U001968
Amis_4374,GLOSBE_REVIEWED_ZHO_cca365899d4d1bb5,GLOSBE_ami_zho_TMEM_U000675
Amis_4375,GLOSBE_REVIEWED_ZHO_d37a1364f8f9eda9,GLOSBE_ami_zho_TMEM_U001188
Amis_4376,GLOSBE_REVIEWED_ZHO_8899c73bf1c5e1a0,GLOSBE_ami_zho_TMEM_U001113
Amis_4377,GLOSBE_REVIEWED_ZHO_fb58fc220546436c,GLOSBE_ami_zho_TMEM_U000990
Amis_4378,GLOSBE_REVIEWED_ZHO_c1a098c28105fa9f,GLOSBE_ami_zho_TMEM_U001780
Amis_4379,GLOSBE_REVIEWED_ZHO_247ea1652105fbe3,GLOSBE_ami_zho_TMEM_U000727
Amis_4380,GLOSBE_REVIEWED_ZHO_5ded0b9a6c04bb18,GLOSBE_ami_zho_TMEM_U001969
Amis_4381,GLOSBE_REVIEWED_ZHO_e1493b54b0403d84,GLOSBE_ami_zho_TMEM_U001784
Amis_4382,GLOSBE_REVIEWED_ZHO_27814d55ecf06b2b,GLOSBE_ami_zho_TMEM_U001197
Amis_4383,GLOSBE_REVIEWED_ZHO_56260df2460b1881,GLOSBE_ami_zho_TMEM_U001600
Amis_4384,GLOSBE_REVIEWED_ZHO_7210f1b1dee9ff6e,GLOSBE_ami_zho_TMEM_U001601
Amis_4385,GLOSBE_REVIEWED_ZHO_ade1cd42d367e13d,GLOSBE_ami_zho_TMEM_U001602
Amis_4386,GLOSBE_REVIEWED_ZHO_b88aed3b4155c1eb,GLOSBE_ami_zho_TMEM_U001970
Amis_4387,GLOSBE_REVIEWED_ZHO_3d3eb8a1d52cdcbd,GLOSBE_ami_zho_TMEM_U001604
Amis_4388,GLOSBE_REVIEWED_ZHO_3027eef11a67ac5b,GLOSBE_ami_zho_TMEM_U001793
Amis_4389,GLOSBE_REVIEWED_ZHO_772d1d36ea32c5d6,GLOSBE_ami_zho_TMEM_U001381
Amis_4390,GLOSBE_REVIEWED_ZHO_d4e5620a4371a2be,GLOSBE_ami_zho_TMEM_U001320
Amis_4391,GLOSBE_REVIEWED_ZHO_21a35b076fcb64c4,GLOSBE_ami_zho_TMEM_U001971
Amis_4392,GLOSBE_REVIEWED_ZHO_b802806182dc55ca,GLOSBE_ami_zho_TMEM_U000903
Amis_4393,GLOSBE_REVIEWED_ZHO_c93db022fdbe956c,GLOSBE_ami_zho_TMEM_U001972
Amis_4394,GLOSBE_REVIEWED_ZHO_a43b8300078e59db,GLOSBE_ami_zho_TMEM_U001973
Amis_4395,GLOSBE_REVIEWED_ZHO_198575fb719f08f6,GLOSBE_ami_zho_TMEM_U001326
Amis_4396,GLOSBE_REVIEWED_ZHO_5cdc1020419240ba,GLOSBE_ami_zho_TMEM_U001047
Amis_4397,GLOSBE_REVIEWED_ZHO_1a6ff016a3bf1090,GLOSBE_ami_zho_TMEM_U001229
Amis_4398,GLOSBE_REVIEWED_ZHO_ecdbd3bd28e9377b,GLOSBE_ami_zho_TMEM_U001049
Amis_4399,GLOSBE_REVIEWED_ZHO_f74d58c7069f664c,GLOSBE_ami_zho_TMEM_U000912
Amis_4400,GLOSBE_REVIEWED_ZHO_ca8f65dc0c992fb3,GLOSBE_ami_zho_TMEM_U001053
Amis_4401,GLOSBE_REVIEWED_ZHO_7f3d4ddf89812a3a,GLOSBE_ami_zho_TMEM_U001284
Amis_4402,GLOSBE_REVIEWED_ZHO_6579a60ac0d9be9b,GLOSBE_ami_zho_TMEM_U001238
Amis_4403,GLOSBE_REVIEWED_ZHO_861961e28ea11cf1,GLOSBE_ami_zho_TMEM_U001974
Amis_4404,GLOSBE_REVIEWED_ZHO_d1e82837aca93648,GLOSBE_ami_zho_TMEM_U001975
Amis_4405,GLOSBE_REVIEWED_ZHO_4d064e85dc07f0dc,GLOSBE_ami_zho_TMEM_U000920
Amis_4406,GLOSBE_REVIEWED_ZHO_7c97b1b1c367c1d5,GLOSBE_ami_zho_TMEM_U001976
Amis_4407,GLOSBE_REVIEWED_ZHO_163ab5770072a7dd,GLOSBE_ami_zho_TMEM_U001246
Amis_4408,GLOSBE_REVIEWED_ZHO_c7a8865fd13c7a28,GLOSBE_ami_zho_TMEM_U001977
Amis_4409,GLOSBE_REVIEWED_ZHO_deb3ac9e279d1cff,GLOSBE_ami_zho_TMEM_U001978
Amis_4410,GLOSBE_REVIEWED_ZHO_976373015838bb30,GLOSBE_ami_zho_TMEM_U001979
Amis_4411,GLOSBE_REVIEWED_ZHO_877b79b6938a0347,GLOSBE_ami_zho_TMEM_U001254
Amis_4412,GLOSBE_REVIEWED_ZHO_2ed994657a313d2f,GLOSBE_ami_zho_TMEM_U001980
Amis_4413,GLOSBE_REVIEWED_ZHO_160f6b8fcd159a12,GLOSBE_ami_zho_TMEM_U001981
Amis_4414,GLOSBE_REVIEWED_ZHO_d7f55144455a9e19,GLOSBE_ami_zho_TMEM_U000928
Amis_4415,GLOSBE_REVIEWED_ZHO_a5c694f3e636c2c2,GLOSBE_ami_zho_TMEM_U001982
Amis_4416,GLOSBE_REVIEWED_ZHO_f6557b0464ffb162,GLOSBE_ami_zho_TMEM_U001983
Amis_4417,GLOSBE_REVIEWED_ZHO_d0064568b38054e7,GLOSBE_ami_zho_TMEM_U000238
Amis_4418,GLOSBE_REVIEWED_ZHO_30815e19fa5bddd7,GLOSBE_ami_zho_TMEM_U000074
Amis_4419,GLOSBE_REVIEWED_ZHO_8786d40aa554c05c,GLOSBE_ami_zho_TMEM_U000782
Amis_4420,GLOSBE_REVIEWED_ZHO_6946aeb2917c6df5,GLOSBE_ami_zho_TMEM_U001160
Amis_4421,GLOSBE_REVIEWED_ZHO_ac9011b1c2235b7e,GLOSBE_ami_zho_TMEM_U001352
Amis_4422,GLOSBE_REVIEWED_ZHO_eb317f923f77c401,GLOSBE_ami_zho_TMEM_U000948
Amis_4423,GLOSBE_REVIEWED_ZHO_6b5f6a379918ce30,GLOSBE_ami_zho_TMEM_U001984
Amis_4424,GLOSBE_REVIEWED_ZHO_a04751504d122341,GLOSBE_ami_zho_TMEM_U000797
Amis_4425,GLOSBE_REVIEWED_ZHO_bd0d15119555e106,GLOSBE_ami_zho_TMEM_U000050
Amis_4426,GLOSBE_REVIEWED_ZHO_e9a3ac848b5788ae,GLOSBE_ami_zho_TMEM_U000053
Amis_4427,GLOSBE_REVIEWED_ZHO_0877a7e7d0374c28,GLOSBE_ami_zho_TMEM_U000075
Amis_4428,GLOSBE_REVIEWED_ZHO_bfd1f516985d5a13,GLOSBE_ami_zho_TMEM_U001729
Amis_4429,GLOSBE_REVIEWED_ZHO_1b21bf746e77bc5e,GLOSBE_ami_zho_TMEM_U000446
Amis_4430,GLOSBE_REVIEWED_ZHO_3a72b3994363dae5,GLOSBE_ami_zho_TMEM_U000358
Amis_4431,GLOSBE_REVIEWED_ZHO_378d5e75eea536b5,GLOSBE_ami_zho_TMEM_U000362
Amis_4432,GLOSBE_REVIEWED_ZHO_1beca549c6c76696,GLOSBE_ami_zho_TMEM_U000652
Amis_4433,GLOSBE_REVIEWED_ZHO_0f80427f6fdc47f6,GLOSBE_ami_zho_TMEM_U001641
Amis_4434,GLOSBE_REVIEWED_ZHO_24c886d7a32771cd,GLOSBE_ami_zho_TMEM_U001346
Amis_4435,GLOSBE_REVIEWED_ZHO_44d3326c0cbf127d,GLOSBE_ami_zho_TMEM_U001985
Amis_4436,GLOSBE_REVIEWED_ZHO_18012b0ca04429a8,GLOSBE_ami_zho_TMEM_U001986
Amis_4437,GLOSBE_REVIEWED_ZHO_6e56131e00a2dc4f,GLOSBE_ami_zho_TMEM_U001987
Amis_4438,GLOSBE_REVIEWED_ZHO_5e31c31fb7b6473d,GLOSBE_ami_zho_TMEM_U001327
Amis_4439,GLOSBE_REVIEWED_ZHO_00eb45f72a59edb2,GLOSBE_ami_zho_TMEM_U001988
Amis_4440,GLOSBE_REVIEWED_ZHO_75884b057aab25f6,GLOSBE_ami_zho_TMEM_U001989
Amis_4441,GLOSBE_REVIEWED_ZHO_06579b34e9e61632,GLOSBE_ami_zho_TMEM_U001990
Amis_4442,GLOSBE_REVIEWED_ZHO_52d42b3a25a61e2d,GLOSBE_ami_zho_TMEM_U001848
Amis_4443,GLOSBE_REVIEWED_ZHO_d809c3c4cc7ab004,GLOSBE_ami_zho_TMEM_U001628
Amis_4444,GLOSBE_REVIEWED_ZHO_0f6035f2bd4e6d97,GLOSBE_ami_zho_TMEM_U000030
Amis_4445,GLOSBE_REVIEWED_ZHO_9218bf6f27fb06dc,GLOSBE_ami_zho_TMEM_U000267
Amis_4446,GLOSBE_REVIEWED_ZHO_ac29d6b9b1f9ae5f,GLOSBE_ami_zho_TMEM_U000143
Amis_4447,GLOSBE_REVIEWED_ZHO_90ee5c996761f10b,GLOSBE_ami_zho_TMEM_U000731
Amis_4448,GLOSBE_REVIEWED_ZHO_99ad7a857b87fc5a,GLOSBE_ami_zho_TMEM_U001714
Amis_4449,GLOSBE_REVIEWED_ZHO_2b55091442c6a985,GLOSBE_ami_zho_TMEM_U000745
Amis_4450,GLOSBE_REVIEWED_ZHO_925e90a31325969b,GLOSBE_ami_zho_TMEM_U001133
Amis_4451,GLOSBE_REVIEWED_ZHO_6d2c8d75b0549d86,GLOSBE_ami_zho_TMEM_U000263
Amis_4452,GLOSBE_REVIEWED_ZHO_3c24ea1fb75b04e3,GLOSBE_ami_zho_TMEM_U000264
Amis_4453,GLOSBE_REVIEWED_ZHO_77199fbef95ec571,GLOSBE_ami_zho_TMEM_U000150
Amis_4454,GLOSBE_REVIEWED_ZHO_93f1e4d89ccced13,GLOSBE_ami_zho_TMEM_U000629
Amis_4455,GLOSBE_REVIEWED_ZHO_0f80427f6fdc47f6,GLOSBE_ami_zho_TMEM_U001641
Amis_4456,GLOSBE_REVIEWED_ZHO_be77fd3d1f0fd8be,GLOSBE_ami_zho_TMEM_U000724
Amis_4457,GLOSBE_REVIEWED_ZHO_94abf7c9053811f7,GLOSBE_ami_zho_TMEM_U001159
Amis_4458,GLOSBE_REVIEWED_ZHO_7f4f7525849821ef,GLOSBE_ami_zho_TMEM_U000202
Amis_4459,GLOSBE_REVIEWED_ZHO_14d66a6925affb20,GLOSBE_ami_zho_TMEM_U000558
Amis_4460,GLOSBE_REVIEWED_ZHO_fe5b1cca80ea3533,GLOSBE_ami_zho_TMEM_U000641
Amis_4461,GLOSBE_REVIEWED_ZHO_58d393958c7bdda6,GLOSBE_ami_zho_TMEM_U001991
Amis_4462,GLOSBE_REVIEWED_ZHO_75fa5ab1a17b3509,GLOSBE_ami_zho_TMEM_U001649
Amis_4463,GLOSBE_REVIEWED_ZHO_e02f94d685eb874e,GLOSBE_ami_zho_TMEM_U001992
Amis_4464,GLOSBE_REVIEWED_ZHO_d4e5620a4371a2be,GLOSBE_ami_zho_TMEM_U001320
Amis_4465,GLOSBE_REVIEWED_ZHO_1a60fb5b9a588931,GLOSBE_ami_zho_TMEM_U000788
Amis_4466,GLOSBE_REVIEWED_ZHO_b794a58675758919,GLOSBE_ami_zho_TMEM_U001223
Amis_4467,GLOSBE_REVIEWED_ZHO_198575fb719f08f6,GLOSBE_ami_zho_TMEM_U001326
Amis_4468,GLOSBE_REVIEWED_ZHO_f74d58c7069f664c,GLOSBE_ami_zho_TMEM_U000912
Amis_4469,GLOSBE_REVIEWED_ZHO_2ed994657a313d2f,GLOSBE_ami_zho_TMEM_U001980
Amis_4470,GLOSBE_REVIEWED_ZHO_9a895058a29514c4,GLOSBE_ami_zho_TMEM_U000769
Amis_4471,GLOSBE_REVIEWED_ZHO_84bfe1646a969503,GLOSBE_ami_zho_TMEM_U000444
Amis_4472,GLOSBE_REVIEWED_ZHO_0c85f97e49ef42a6,GLOSBE_ami_zho_TMEM_U000799
Amis_4473,GLOSBE_REVIEWED_ZHO_63e128ed75eb601e,GLOSBE_ami_zho_TMEM_U001993
Amis_4474,GLOSBE_REVIEWED_ZHO_3858be51b063db0d,GLOSBE_ami_zho_TMEM_U000886
Amis_4475,GLOSBE_REVIEWED_ZHO_6d940b97650040c4,GLOSBE_ami_zho_TMEM_U000888
Amis_4476,GLOSBE_REVIEWED_ZHO_72a15baa98b27905,GLOSBE_ami_zho_TMEM_U001122
Amis_4477,GLOSBE_REVIEWED_ZHO_f8c187d40f8126f0,GLOSBE_ami_zho_TMEM_U001396
Amis_4478,GLOSBE_REVIEWED_ZHO_04229fd96cb6b6a6,GLOSBE_ami_zho_TMEM_U000897
Amis_4479,GLOSBE_REVIEWED_ZHO_cb12648352c5b7d4,GLOSBE_ami_zho_TMEM_U000242
Amis_4480,GLOSBE_REVIEWED_ZHO_8ba98d36bc69f26d,GLOSBE_ami_zho_TMEM_U000243
Amis_4481,GLOSBE_REVIEWED_ZHO_03b753787340d06f,GLOSBE_ami_zho_TMEM_U000068
Amis_4482,GLOSBE_REVIEWED_ZHO_e56bda88cf5f95a3,GLOSBE_ami_zho_TMEM_U000388
Amis_4483,GLOSBE_REVIEWED_ZHO_3bb87fb58df798e6,GLOSBE_ami_zho_TMEM_U000599
Amis_4484,GLOSBE_REVIEWED_ZHO_fb7eef6fdd46258f,GLOSBE_ami_zho_TMEM_U000086
Amis_4485,GLOSBE_REVIEWED_ZHO_489d2e37f50e6fe4,GLOSBE_ami_zho_TMEM_U000099
Amis_4486,GLOSBE_REVIEWED_ZHO_68ae326af2e56a7d,GLOSBE_ami_zho_TMEM_U000700
Amis_4487,GLOSBE_REVIEWED_ZHO_ac29d6b9b1f9ae5f,GLOSBE_ami_zho_TMEM_U000143
Amis_4488,GLOSBE_REVIEWED_ZHO_718f620f116bc5e8,GLOSBE_ami_zho_TMEM_U000168
Amis_4489,GLOSBE_REVIEWED_ZHO_8d43b199f769609e,GLOSBE_ami_zho_TMEM_U001994
Amis_4490,GLOSBE_REVIEWED_ZHO_ec69ef4f7595e6b3,GLOSBE_ami_zho_TMEM_U000178
Amis_4491,GLOSBE_REVIEWED_ZHO_b605a2e2e73c8578,GLOSBE_ami_zho_TMEM_U000432
Amis_4492,GLOSBE_REVIEWED_ZHO_f0144d84b6c2528d,GLOSBE_ami_zho_TMEM_U000965
Amis_4493,GLOSBE_REVIEWED_ZHO_b08f568367a5f876,GLOSBE_ami_zho_TMEM_U000470
Amis_4494,GLOSBE_REVIEWED_ZHO_0a540e0a47fa8698,GLOSBE_ami_zho_TMEM_U000368
Amis_4495,GLOSBE_REVIEWED_ZHO_28e43da15a97e3a6,GLOSBE_ami_zho_TMEM_U001107
Amis_4496,GLOSBE_REVIEWED_ZHO_a0ca1bf831102c01,GLOSBE_ami_zho_TMEM_U001818
Amis_4497,GLOSBE_REVIEWED_ZHO_f49a619bb724287d,GLOSBE_ami_zho_TMEM_U001372
Amis_4498,GLOSBE_REVIEWED_ZHO_0853c1ed8674aa44,GLOSBE_ami_zho_TMEM_U000720
Amis_4499,GLOSBE_REVIEWED_ZHO_44d3326c0cbf127d,GLOSBE_ami_zho_TMEM_U001985
Amis_4500,GLOSBE_REVIEWED_ZHO_a8ef84610741c434,GLOSBE_ami_zho_TMEM_U001586
Amis_4501,GLOSBE_REVIEWED_ZHO_dbc8553e675d058a,GLOSBE_ami_zho_TMEM_U001995
Amis_4502,GLOSBE_REVIEWED_ZHO_67fcb90fb20cf36e,GLOSBE_ami_zho_TMEM_U001661
Amis_4503,GLOSBE_REVIEWED_ZHO_885acf6a3bebcecb,GLOSBE_ami_zho_TMEM_U000738
Amis_4504,GLOSBE_REVIEWED_ZHO_6580e2f054634acc,GLOSBE_ami_zho_TMEM_U000783
Amis_4505,GLOSBE_REVIEWED_ZHO_f4d2fae1847d8a47,GLOSBE_ami_zho_TMEM_U001933
Amis_4506,GLOSBE_REVIEWED_ZHO_131129c8415eb3f7,GLOSBE_ami_zho_TMEM_U001852
Amis_4507,GLOSBE_REVIEWED_ZHO_1ba98d3eb869f575,GLOSBE_ami_zho_TMEM_U001611
Amis_4508,GLOSBE_REVIEWED_ZHO_28ba1149bf71f7df,GLOSBE_ami_zho_TMEM_U001996
Amis_4509,GLOSBE_REVIEWED_ZHO_f5a1d5aebe6cf157,GLOSBE_ami_zho_TMEM_U001368
Amis_4510,GLOSBE_REVIEWED_ZHO_b25f7831d0500173,GLOSBE_ami_zho_TMEM_U001502
Amis_4511,GLOSBE_REVIEWED_ZHO_18012b0ca04429a8,GLOSBE_ami_zho_TMEM_U001986
Amis_4512,GLOSBE_REVIEWED_ZHO_d2ca6c2b95d2f60f,GLOSBE_ami_zho_TMEM_U001937
Amis_4513,GLOSBE_REVIEWED_ZHO_1319e7facfc22dcf,GLOSBE_ami_zho_TMEM_U000854
Amis_4514,GLOSBE_REVIEWED_ZHO_5b9d66e30d55d5c8,GLOSBE_ami_zho_TMEM_U001351
Amis_4515,GLOSBE_REVIEWED_ZHO_fca20ba663195227,GLOSBE_ami_zho_TMEM_U001042
Amis_4516,GLOSBE_REVIEWED_ZHO_b1dd2c03476e2ae5,GLOSBE_ami_zho_TMEM_U001997
Amis_4517,GLOSBE_REVIEWED_ZHO_3927a9bdfb4ded16,GLOSBE_ami_zho_TMEM_U000815
Amis_4518,GLOSBE_REVIEWED_ZHO_5f6f5894a099a3a5,GLOSBE_ami_zho_TMEM_U001513
Amis_4519,GLOSBE_REVIEWED_ZHO_115d44f307fb8bb7,GLOSBE_ami_zho_TMEM_U001998
Amis_4520,GLOSBE_REVIEWED_ZHO_1b74f4176441aeee,GLOSBE_ami_zho_TMEM_U001072
Amis_4521,GLOSBE_REVIEWED_ZHO_e2ad0b991b966d25,GLOSBE_ami_zho_TMEM_U001999
Amis_4522,GLOSBE_REVIEWED_ZHO_b49b9ae28fca7b86,GLOSBE_ami_zho_TMEM_U001423
Amis_4523,GLOSBE_REVIEWED_ZHO_8d5443203ed98c22,GLOSBE_ami_zho_TMEM_U001763
Amis_4524,GLOSBE_REVIEWED_ZHO_9a73c8719ef77466,GLOSBE_ami_zho_TMEM_U000930
Amis_4525,GLOSBE_REVIEWED_ZHO_7a7d6b56631cf768,GLOSBE_ami_zho_TMEM_U001265
Amis_4526,GLOSBE_REVIEWED_ZHO_705202bc21b85a05,GLOSBE_ami_zho_TMEM_U001384
Amis_4527,GLOSBE_REVIEWED_ZHO_460283d3c2a1e1f2,GLOSBE_ami_zho_TMEM_U002000
Amis_4528,GLOSBE_REVIEWED_ZHO_a577820a9ef9fdd2,GLOSBE_ami_zho_TMEM_U001632
Amis_4529,GLOSBE_REVIEWED_ZHO_16fdf03acc221f20,GLOSBE_ami_zho_TMEM_U002001
Amis_4530,GLOSBE_REVIEWED_ZHO_346b177b0b3b4146,GLOSBE_ami_zho_TMEM_U000845
Amis_4531,GLOSBE_REVIEWED_ZHO_3743de7ceff09048,GLOSBE_ami_zho_TMEM_U001296
Amis_4532,GLOSBE_REVIEWED_ZHO_bea3fd4ec5a12b2a,GLOSBE_ami_zho_TMEM_U002002
Amis_4533,GLOSBE_REVIEWED_ZHO_d14ed081a9433a8a,GLOSBE_ami_zho_TMEM_U002003
Amis_4534,GLOSBE_REVIEWED_ZHO_2b1860acacd543d5,GLOSBE_ami_zho_TMEM_U000721
Amis_4535,GLOSBE_REVIEWED_ZHO_304e3ffff4423e48,GLOSBE_ami_zho_TMEM_U002004
Amis_4536,GLOSBE_REVIEWED_ZHO_e6598985f1355084,GLOSBE_ami_zho_TMEM_U000992
Amis_4537,GLOSBE_REVIEWED_ZHO_eb055cc26c871226,GLOSBE_ami_zho_TMEM_U001411
Amis_4538,GLOSBE_REVIEWED_ZHO_bf9666f661278934,GLOSBE_ami_zho_TMEM_U002005
Amis_4539,GLOSBE_REVIEWED_ZHO_cdd850ca1a26187f,GLOSBE_ami_zho_TMEM_U001548
Amis_4540,GLOSBE_REVIEWED_ZHO_0c17bb9dc4209b84,GLOSBE_ami_zho_TMEM_U002006
Amis_4541,GLOSBE_REVIEWED_ZHO_4cd02f6b16a6424a,GLOSBE_ami_zho_TMEM_U002007
Amis_4542,GLOSBE_REVIEWED_ZHO_04229fd96cb6b6a6,GLOSBE_ami_zho_TMEM_U000897
Amis_4543,GLOSBE_REVIEWED_ZHO_8635f3b7fa69a07e,GLOSBE_ami_zho_TMEM_U002008
Amis_4544,GLOSBE_REVIEWED_ZHO_832ec2e193ead79e,GLOSBE_ami_zho_TMEM_U002009
Amis_4545,GLOSBE_REVIEWED_ZHO_87498d78b53aea74,GLOSBE_ami_zho_TMEM_U002010
Amis_4546,GLOSBE_REVIEWED_ZHO_da300444c0db9800,GLOSBE_ami_zho_TMEM_U002011
Amis_4547,GLOSBE_REVIEWED_ZHO_e53b930fe893d774,GLOSBE_ami_zho_TMEM_U001444
Amis_4548,GLOSBE_REVIEWED_ZHO_bfcc38b951c54c84,GLOSBE_ami_zho_TMEM_U002012
Amis_4549,GLOSBE_REVIEWED_ZHO_79ae5a0d7f2cf006,GLOSBE_ami_zho_TMEM_U002013
Amis_4550,GLOSBE_REVIEWED_ZHO_1ba34fd425460cca,GLOSBE_ami_zho_TMEM_U000253
Amis_4551,GLOSBE_REVIEWED_ZHO_8fd4b8b2cb27e42d,GLOSBE_ami_zho_TMEM_U000213
Amis_4552,GLOSBE_REVIEWED_ZHO_91a6295e479aa19e,GLOSBE_ami_zho_TMEM_U001233
Amis_4553,GLOSBE_REVIEWED_ZHO_50729c5e2d148637,GLOSBE_ami_zho_TMEM_U000054
Amis_4554,GLOSBE_REVIEWED_ZHO_9218bf6f27fb06dc,GLOSBE_ami_zho_TMEM_U000267
Amis_4555,GLOSBE_REVIEWED_ZHO_9aef210f29b7f3ab,GLOSBE_ami_zho_TMEM_U000131
Amis_4556,GLOSBE_REVIEWED_ZHO_aac2b371c5f88948,GLOSBE_ami_zho_TMEM_U000132
Amis_4557,GLOSBE_REVIEWED_ZHO_ce2af7b43239d4a5,GLOSBE_ami_zho_TMEM_U000305
Amis_4558,GLOSBE_REVIEWED_ZHO_a2e063f00c9f7058,GLOSBE_ami_zho_TMEM_U000226
Amis_4559,GLOSBE_REVIEWED_ZHO_93ec1630e40065ec,GLOSBE_ami_zho_TMEM_U002014
Amis_4560,GLOSBE_REVIEWED_ZHO_527ecef0b2f78068,GLOSBE_ami_zho_TMEM_U001347
Amis_4561,GLOSBE_REVIEWED_ZHO_60c71fb650c727de,GLOSBE_ami_zho_TMEM_U001860
Amis_4562,GLOSBE_REVIEWED_ZHO_11f3792f7a1cc042,GLOSBE_ami_zho_TMEM_U002015
Amis_4563,GLOSBE_REVIEWED_ZHO_56920d2aa4c00242,GLOSBE_ami_zho_TMEM_U001907
Amis_4564,GLOSBE_REVIEWED_ZHO_fb922c1dcfef2a63,GLOSBE_ami_zho_TMEM_U002016
Amis_4565,GLOSBE_REVIEWED_ZHO_5ddd602bca5a093e,GLOSBE_ami_zho_TMEM_U001899
Amis_4566,GLOSBE_STATIC_6f56471e1cc8b6d934dd,GLOSBE_ami_zho_TMEM_U000015
Amis_4567,GLOSBE_REVIEWED_ZHO_34fccfc6f690de61,GLOSBE_ami_zho_TMEM_U002017
Amis_4568,GLOSBE_REVIEWED_ZHO_60b49729b14a035c,GLOSBE_ami_zho_TMEM_U001942
Amis_4569,GLOSBE_REVIEWED_ZHO_2f81f069a1cc203e,GLOSBE_ami_zho_TMEM_U001742
Amis_4570,GLOSBE_REVIEWED_ZHO_14b7a6ad46c1610c,GLOSBE_ami_zho_TMEM_U000752
Amis_4571,GLOSBE_REVIEWED_ZHO_c2211393d5916077,GLOSBE_ami_zho_TMEM_U001084
Amis_4572,GLOSBE_REVIEWED_ZHO_3285e65d11438893,GLOSBE_ami_zho_TMEM_U002018
Amis_4573,GLOSBE_REVIEWED_ZHO_86d09a0b7d165575,GLOSBE_ami_zho_TMEM_U000601
Amis_4574,GLOSBE_REVIEWED_ZHO_6d2c8d75b0549d86,GLOSBE_ami_zho_TMEM_U000263
Amis_4575,GLOSBE_REVIEWED_ZHO_ad9ecc8606e06ed5,GLOSBE_ami_zho_TMEM_U000294
Amis_4576,GLOSBE_REVIEWED_ZHO_4b32659b2912f233,GLOSBE_ami_zho_TMEM_U000187
Amis_4577,GLOSBE_REVIEWED_ZHO_3159a843fed736ab,GLOSBE_ami_zho_TMEM_U000361
Amis_4578,GLOSBE_REVIEWED_ZHO_b620dd7c4fff9a94,GLOSBE_ami_zho_TMEM_U000651
Amis_4579,GLOSBE_REVIEWED_ZHO_8004f1c37b01d903,GLOSBE_ami_zho_TMEM_U001085
Amis_4580,GLOSBE_REVIEWED_ZHO_c27c32b6fe152d1a,GLOSBE_ami_zho_TMEM_U001575
Amis_4581,GLOSBE_REVIEWED_ZHO_cfb36ab51d580574,GLOSBE_ami_zho_TMEM_U001718
Amis_4582,GLOSBE_REVIEWED_ZHO_dfef99421b36701f,GLOSBE_ami_zho_TMEM_U001756
Amis_4583,GLOSBE_REVIEWED_ZHO_28ca6f49c970f1f3,GLOSBE_ami_zho_TMEM_U001619
Amis_4584,GLOSBE_REVIEWED_ZHO_56920d2aa4c00242,GLOSBE_ami_zho_TMEM_U001907
Amis_4585,GLOSBE_REVIEWED_ZHO_c4ae6b10cc00516b,GLOSBE_ami_zho_TMEM_U002019
Amis_4586,GLOSBE_REVIEWED_ZHO_982c7ab528373269,GLOSBE_ami_zho_TMEM_U001809
Amis_4587,GLOSBE_REVIEWED_ZHO_430163972712fac3,GLOSBE_ami_zho_TMEM_U001067
Amis_4588,GLOSBE_REVIEWED_ZHO_1bf3fae0f483b921,GLOSBE_ami_zho_TMEM_U001814
Amis_4589,GLOSBE_REVIEWED_ZHO_9d5b0800c5b91d2f,GLOSBE_ami_zho_TMEM_U000062
Amis_4590,GLOSBE_REVIEWED_ZHO_fdc895132efca755,GLOSBE_ami_zho_TMEM_U000066
Amis_4591,GLOSBE_REVIEWED_ZHO_76c67384dc12bc2d,GLOSBE_ami_zho_TMEM_U000128
Amis_4592,GLOSBE_REVIEWED_ZHO_1260d55393c4bde8,GLOSBE_ami_zho_TMEM_U000287
Amis_4593,GLOSBE_REVIEWED_ZHO_6c62d0e63949de09,GLOSBE_ami_zho_TMEM_U001355
Amis_4594,GLOSBE_REVIEWED_ZHO_28d5e39e4e81c8d9,GLOSBE_ami_zho_TMEM_U000492
Amis_4595,GLOSBE_REVIEWED_ZHO_c37470e2c7a695d1,GLOSBE_ami_zho_TMEM_U000453
Amis_4596,GLOSBE_REVIEWED_ZHO_346b177b0b3b4146,GLOSBE_ami_zho_TMEM_U000845
Amis_4597,GLOSBE_REVIEWED_ZHO_d14ed081a9433a8a,GLOSBE_ami_zho_TMEM_U002003
Amis_4598,GLOSBE_REVIEWED_ZHO_b6e81778d09bf430,GLOSBE_ami_zho_TMEM_U001428
Amis_4599,GLOSBE_REVIEWED_ZHO_eb338d4c3b5b34b4,GLOSBE_ami_zho_TMEM_U000829
Amis_4600,GLOSBE_REVIEWED_ZHO_d31b93c95594fae7,GLOSBE_ami_zho_TMEM_U001157
Amis_4601,GLOSBE_REVIEWED_ZHO_8e5226792173426e,GLOSBE_ami_zho_TMEM_U001535
Amis_4602,GLOSBE_REVIEWED_ZHO_6bcd8e55a64cbb87,GLOSBE_ami_zho_TMEM_U001935
Amis_4603,GLOSBE_REVIEWED_ZHO_b1f7728f282ebba6,GLOSBE_ami_zho_TMEM_U001272
Amis_4604,GLOSBE_REVIEWED_ZHO_e0c6d04b43f3a77b,GLOSBE_ami_zho_TMEM_U002020
Amis_4605,GLOSBE_REVIEWED_ZHO_87498d78b53aea74,GLOSBE_ami_zho_TMEM_U002010
Amis_4606,GLOSBE_REVIEWED_ZHO_da300444c0db9800,GLOSBE_ami_zho_TMEM_U002011
Amis_4607,GLOSBE_REVIEWED_ZHO_87aeae92923c8076,GLOSBE_ami_zho_TMEM_U002021
Amis_4608,GLOSBE_REVIEWED_ZHO_3849dbf4d881a2c9,GLOSBE_ami_zho_TMEM_U002022
Amis_4609,GLOSBE_REVIEWED_ZHO_1f8e057658525f2d,GLOSBE_ami_zho_TMEM_U002023
Amis_4610,GLOSBE_REVIEWED_ZHO_63240aeeffea8b63,GLOSBE_ami_zho_TMEM_U002024
Amis_4611,GLOSBE_REVIEWED_ZHO_73e6d11d2ac8400b,GLOSBE_ami_zho_TMEM_U000540
Amis_4612,GLOSBE_REVIEWED_ZHO_919802f9c4729881,GLOSBE_ami_zho_TMEM_U001153
Amis_4613,GLOSBE_REVIEWED_ZHO_c870c12c0b4b1557,GLOSBE_ami_zho_TMEM_U001322
Amis_4614,GLOSBE_REVIEWED_ZHO_0728178242e42dc4,GLOSBE_ami_zho_TMEM_U000237
Amis_4615,GLOSBE_REVIEWED_ZHO_02b8f25e1663f3fb,GLOSBE_ami_zho_TMEM_U001179
Amis_4616,GLOSBE_REVIEWED_ZHO_fe90edab3764ca3d,GLOSBE_ami_zho_TMEM_U002025
Amis_4617,GLOSBE_REVIEWED_ZHO_f3aaa9c582609730,GLOSBE_ami_zho_TMEM_U002026
Amis_4618,GLOSBE_REVIEWED_ZHO_878df2888539ccf9,GLOSBE_ami_zho_TMEM_U001020
Amis_4619,GLOSBE_REVIEWED_ZHO_4c1f9dd8ccb198c5,GLOSBE_ami_zho_TMEM_U002027
Amis_4620,GLOSBE_REVIEWED_ZHO_5c6336f3dd259a01,GLOSBE_ami_zho_TMEM_U002028
Amis_4621,GLOSBE_STATIC_6f56471e1cc8b6d934dd,GLOSBE_ami_zho_TMEM_U000015
Amis_4622,GLOSBE_REVIEWED_ZHO_8647adf66b7e55ae,GLOSBE_ami_zho_TMEM_U002029
Amis_4623,GLOSBE_REVIEWED_ZHO_4afa804231115319,GLOSBE_ami_zho_TMEM_U000648
Amis_4624,GLOSBE_REVIEWED_ZHO_0853c1ed8674aa44,GLOSBE_ami_zho_TMEM_U000720
Amis_4625,GLOSBE_REVIEWED_ZHO_43ff2b96e677392c,GLOSBE_ami_zho_TMEM_U001057
Amis_4626,GLOSBE_REVIEWED_ZHO_1bab10d524f27c8a,GLOSBE_ami_zho_TMEM_U002030
Amis_4627,GLOSBE_REVIEWED_ZHO_34ffa4a16b1241ee,GLOSBE_ami_zho_TMEM_U001260
Amis_4628,GLOSBE_REVIEWED_ZHO_975e783606906668,GLOSBE_ami_zho_TMEM_U000026
Amis_4629,GLOSBE_STATIC_bfb19eb5a892e4af5ce1,GLOSBE_ami_zho_TMEM_U000010
Amis_4630,GLOSBE_STATIC_6f56471e1cc8b6d934dd,GLOSBE_ami_zho_TMEM_U000015
Amis_4631,GLOSBE_STATIC_75d9fb8d2b80a7133e43,GLOSBE_ami_zho_TMEM_U000016
Amis_4632,GLOSBE_REVIEWED_ZHO_b71c63fb60c33016,GLOSBE_ami_zho_TMEM_U000036
Amis_4633,GLOSBE_REVIEWED_ZHO_21a9d17af5d9d083,GLOSBE_ami_zho_TMEM_U000048
Amis_4634,GLOSBE_STATIC_cfcca38b2b7636ed3ee2,GLOSBE_ami_zho_TMEM_U000025
Amis_4635,GLOSBE_REVIEWED_ZHO_bd0d15119555e106,GLOSBE_ami_zho_TMEM_U000050
Amis_4636,GLOSBE_REVIEWED_ZHO_253832fc344a72a0,GLOSBE_ami_zho_TMEM_U000051
Amis_4637,GLOSBE_REVIEWED_ZHO_ce4f8347681dfbd5,GLOSBE_ami_zho_TMEM_U002031
Amis_4638,GLOSBE_REVIEWED_ZHO_c818ee8054f7430e,GLOSBE_ami_zho_TMEM_U000055
Amis_4639,GLOSBE_REVIEWED_ZHO_9454907346ce720d,GLOSBE_ami_zho_TMEM_U000057
Amis_4640,GLOSBE_REVIEWED_ZHO_5623bde919727b10,GLOSBE_ami_zho_TMEM_U000512
Amis_4641,GLOSBE_REVIEWED_ZHO_131443dcd3f86553,GLOSBE_ami_zho_TMEM_U000380
Amis_4642,GLOSBE_REVIEWED_ZHO_03b753787340d06f,GLOSBE_ami_zho_TMEM_U000068
Amis_4643,GLOSBE_REVIEWED_ZHO_f5883a7ae2dce0c6,GLOSBE_ami_zho_TMEM_U000073
Amis_4644,GLOSBE_REVIEWED_ZHO_667b3b0c7191cf88,GLOSBE_ami_zho_TMEM_U000516
Amis_4645,GLOSBE_REVIEWED_ZHO_e3e8c62c04be93d0,GLOSBE_ami_zho_TMEM_U000078
Amis_4646,GLOSBE_REVIEWED_ZHO_c63baab3847c8ad4,GLOSBE_ami_zho_TMEM_U000957
Amis_4647,GLOSBE_REVIEWED_ZHO_a928eb25f537ea60,GLOSBE_ami_zho_TMEM_U000079
Amis_4648,GLOSBE_REVIEWED_ZHO_ec8cf8c2ccdb60c3,GLOSBE_ami_zho_TMEM_U000081
Amis_4649,GLOSBE_REVIEWED_ZHO_7d809a3c6a8ff4fe,GLOSBE_ami_zho_TMEM_U002032
Amis_4650,GLOSBE_REVIEWED_ZHO_387f6b1429ff08cd,GLOSBE_ami_zho_TMEM_U000085
Amis_4651,GLOSBE_REVIEWED_ZHO_fb7eef6fdd46258f,GLOSBE_ami_zho_TMEM_U000086
Amis_4652,GLOSBE_REVIEWED_ZHO_ca5f3ce450784fd9,GLOSBE_ami_zho_TMEM_U000090
Amis_4653,GLOSBE_REVIEWED_ZHO_637ded30caeaadac,GLOSBE_ami_zho_TMEM_U001193
Amis_4654,GLOSBE_REVIEWED_ZHO_8c8b2f3599be82af,GLOSBE_ami_zho_TMEM_U001541
Amis_4655,GLOSBE_REVIEWED_ZHO_f6fec363a65c2daf,GLOSBE_ami_zho_TMEM_U002033
Amis_4656,GLOSBE_REVIEWED_ZHO_6fc73085e4c6f49c,GLOSBE_ami_zho_TMEM_U001164
Amis_4657,GLOSBE_STATIC_5fb93f4f5aa4fe965798,GLOSBE_ami_zho_TMEM_U000003
Amis_4658,GLOSBE_REVIEWED_ZHO_d65da87e9fcd2888,GLOSBE_ami_zho_TMEM_U000482
Amis_4659,GLOSBE_REVIEWED_ZHO_03bc7c74cfd11145,GLOSBE_ami_zho_TMEM_U000035
Amis_4660,GLOSBE_REVIEWED_ZHO_404753895c1747d7,GLOSBE_ami_zho_TMEM_U000052
Amis_4661,GLOSBE_REVIEWED_ZHO_34bbb0e0fb559bb3,GLOSBE_ami_zho_TMEM_U000511
Amis_4662,GLOSBE_REVIEWED_ZHO_647c908081b3877e,GLOSBE_ami_zho_TMEM_U000070
Amis_4663,GLOSBE_REVIEWED_ZHO_30815e19fa5bddd7,GLOSBE_ami_zho_TMEM_U000074
Amis_4664,GLOSBE_REVIEWED_ZHO_0facb876f63c86ab,GLOSBE_ami_zho_TMEM_U000259
Amis_4665,GLOSBE_REVIEWED_ZHO_f187374977933db3,GLOSBE_ami_zho_TMEM_U000523
Amis_4666,GLOSBE_REVIEWED_ZHO_6700effd5780ac08,GLOSBE_ami_zho_TMEM_U000102
Amis_4667,GLOSBE_REVIEWED_ZHO_9aef210f29b7f3ab,GLOSBE_ami_zho_TMEM_U000131
Amis_4668,GLOSBE_REVIEWED_ZHO_447ac291ea1c3616,GLOSBE_ami_zho_TMEM_U000136
Amis_4669,GLOSBE_REVIEWED_ZHO_ea43c1c1ef219aae,GLOSBE_ami_zho_TMEM_U000149
Amis_4670,GLOSBE_REVIEWED_ZHO_4ddcebfc3add29a2,GLOSBE_ami_zho_TMEM_U000151
Amis_4671,GLOSBE_REVIEWED_ZHO_23b503d590fc93f7,GLOSBE_ami_zho_TMEM_U000491
Amis_4672,GLOSBE_REVIEWED_ZHO_5f6eb2a2cf23125c,GLOSBE_ami_zho_TMEM_U000939
Amis_4673,GLOSBE_REVIEWED_ZHO_ce2af7b43239d4a5,GLOSBE_ami_zho_TMEM_U000305
Amis_4674,GLOSBE_REVIEWED_ZHO_1f6e80ea4193c687,GLOSBE_ami_zho_TMEM_U000557
Amis_4675,GLOSBE_REVIEWED_ZHO_83d15e95532ec900,GLOSBE_ami_zho_TMEM_U000425
Amis_4676,GLOSBE_REVIEWED_ZHO_ffd27048c6d69eab,GLOSBE_ami_zho_TMEM_U000219
Amis_4677,GLOSBE_REVIEWED_ZHO_a4c0cefd4d19ef73,GLOSBE_ami_zho_TMEM_U000228
Amis_4678,GLOSBE_REVIEWED_ZHO_2d802d03695e2744,GLOSBE_ami_zho_TMEM_U000321
Amis_4679,GLOSBE_REVIEWED_ZHO_09a24d34d1aae5da,GLOSBE_ami_zho_TMEM_U000324
Amis_4680,GLOSBE_REVIEWED_ZHO_5d8601eb2d1d8b5b,GLOSBE_ami_zho_TMEM_U000574
Amis_4681,GLOSBE_REVIEWED_ZHO_e5613eebdc2b6f5d,GLOSBE_ami_zho_TMEM_U000445
Amis_4682,GLOSBE_REVIEWED_ZHO_b6194234827d9b01,GLOSBE_ami_zho_TMEM_U000044
Amis_4683,GLOSBE_REVIEWED_ZHO_498761440881a6f3,GLOSBE_ami_zho_TMEM_U000236
Amis_4684,GLOSBE_REVIEWED_ZHO_0b6e4d9d3356cccf,GLOSBE_ami_zho_TMEM_U000280
Amis_4685,GLOSBE_REVIEWED_ZHO_fedaed8fcc8f3f92,GLOSBE_ami_zho_TMEM_U000537
Amis_4686,GLOSBE_REVIEWED_ZHO_68ae326af2e56a7d,GLOSBE_ami_zho_TMEM_U000700
Amis_4687,GLOSBE_REVIEWED_ZHO_81051b67f20a95f5,GLOSBE_ami_zho_TMEM_U000541
Amis_4688,GLOSBE_REVIEWED_ZHO_19597b545d51a513,GLOSBE_ami_zho_TMEM_U000550
Amis_4689,GLOSBE_REVIEWED_ZHO_859943a394be09ac,GLOSBE_ami_zho_TMEM_U000201
Amis_4690,GLOSBE_REVIEWED_ZHO_1f6e80ea4193c687,GLOSBE_ami_zho_TMEM_U000557
Amis_4691,GLOSBE_REVIEWED_ZHO_5e895fe5c28c0017,GLOSBE_ami_zho_TMEM_U000572
Amis_4692,GLOSBE_REVIEWED_ZHO_2207fa712a77adda,GLOSBE_ami_zho_TMEM_U000871
Amis_4693,GLOSBE_REVIEWED_ZHO_8990b48bb097e8f1,GLOSBE_ami_zho_TMEM_U000580
Amis_4694,GLOSBE_REVIEWED_ZHO_14bf91273497fb17,GLOSBE_ami_zho_TMEM_U000460
Amis_4695,GLOSBE_REVIEWED_ZHO_f006f186c601125b,GLOSBE_ami_zho_TMEM_U000589
Amis_4696,GLOSBE_REVIEWED_ZHO_3159a843fed736ab,GLOSBE_ami_zho_TMEM_U000361
Amis_4697,GLOSBE_REVIEWED_ZHO_b70190edf806ca6b,GLOSBE_ami_zho_TMEM_U001295
Amis_4698,GLOSBE_REVIEWED_ZHO_87115e401c9d2e51,GLOSBE_ami_zho_TMEM_U002034
Amis_4699,GLOSBE_REVIEWED_ZHO_0f80427f6fdc47f6,GLOSBE_ami_zho_TMEM_U001641
Amis_4700,GLOSBE_REVIEWED_ZHO_04f8e82fdf1a36db,GLOSBE_ami_zho_TMEM_U001947
Amis_4701,GLOSBE_REVIEWED_ZHO_a72c9a8a297d3f30,GLOSBE_ami_zho_TMEM_U001717
Amis_4702,GLOSBE_REVIEWED_ZHO_713a00f3cfb9e768,GLOSBE_ami_zho_TMEM_U002035
Amis_4703,GLOSBE_REVIEWED_ZHO_a5ebfbcc9b981fe6,GLOSBE_ami_zho_TMEM_U002036
Amis_4704,GLOSBE_REVIEWED_ZHO_876dec9f1ed7297d,GLOSBE_ami_zho_TMEM_U000779
Amis_4705,GLOSBE_REVIEWED_ZHO_1023bd5c8d9ed1a3,GLOSBE_ami_zho_TMEM_U000827
Amis_4706,GLOSBE_REVIEWED_ZHO_b000f7318c5fba9a,GLOSBE_ami_zho_TMEM_U001654
Amis_4707,GLOSBE_REVIEWED_ZHO_842b266a95c032f8,GLOSBE_ami_zho_TMEM_U001836
Amis_4708,GLOSBE_REVIEWED_ZHO_55133d6605701e57,GLOSBE_ami_zho_TMEM_U000723
Amis_4709,GLOSBE_REVIEWED_ZHO_60c71fb650c727de,GLOSBE_ami_zho_TMEM_U001860
Amis_4710,GLOSBE_REVIEWED_ZHO_4f15fb268c01ab52,GLOSBE_ami_zho_TMEM_U002037
Amis_4711,GLOSBE_REVIEWED_ZHO_44b602b613386139,GLOSBE_ami_zho_TMEM_U002038
Amis_4712,GLOSBE_REVIEWED_ZHO_ded0b8ca89b2a1b1,GLOSBE_ami_zho_TMEM_U002039
Amis_4713,GLOSBE_REVIEWED_ZHO_3cab4c89b7173c85,GLOSBE_ami_zho_TMEM_U001497
Amis_4714,GLOSBE_REVIEWED_ZHO_a739d2e027d12992,GLOSBE_ami_zho_TMEM_U001603
Amis_4715,GLOSBE_REVIEWED_ZHO_9028580215a7cdd9,GLOSBE_ami_zho_TMEM_U001018
Amis_4716,GLOSBE_REVIEWED_ZHO_07fb02337f90c099,GLOSBE_ami_zho_TMEM_U002040
Amis_4717,GLOSBE_REVIEWED_ZHO_c9c2b2a1cf3c7d1e,GLOSBE_ami_zho_TMEM_U002041
Amis_4718,GLOSBE_REVIEWED_ZHO_6f4d93191432c404,GLOSBE_ami_zho_TMEM_U001674
Amis_4719,GLOSBE_REVIEWED_ZHO_3261115ce80ba6e8,GLOSBE_ami_zho_TMEM_U001033
Amis_4720,GLOSBE_REVIEWED_ZHO_9f091e6ac64cd7a4,GLOSBE_ami_zho_TMEM_U002042
Amis_4721,GLOSBE_REVIEWED_ZHO_92b0e96f40c094bb,GLOSBE_ami_zho_TMEM_U002043
Amis_4722,GLOSBE_REVIEWED_ZHO_84ad18ca4ede44d9,GLOSBE_ami_zho_TMEM_U001682
Amis_4723,GLOSBE_REVIEWED_ZHO_0d13ad96014fc1f3,GLOSBE_ami_zho_TMEM_U000814
Amis_4724,GLOSBE_REVIEWED_ZHO_bcdb03d1c764c4ce,GLOSBE_ami_zho_TMEM_U002044
Amis_4725,GLOSBE_REVIEWED_ZHO_38a25f4f10627ca8,GLOSBE_ami_zho_TMEM_U001683
Amis_4726,GLOSBE_REVIEWED_ZHO_591bf32381d65f58,GLOSBE_ami_zho_TMEM_U002045
Amis_4727,GLOSBE_REVIEWED_ZHO_a652d87bd69d7163,GLOSBE_ami_zho_TMEM_U002046
Amis_4728,GLOSBE_REVIEWED_ZHO_2b55091442c6a985,GLOSBE_ami_zho_TMEM_U000745
Amis_4729,GLOSBE_REVIEWED_ZHO_1ae5053e8f21233f,GLOSBE_ami_zho_TMEM_U002047
Amis_4730,GLOSBE_REVIEWED_ZHO_5009d5241880741b,GLOSBE_ami_zho_TMEM_U000856
Amis_4731,GLOSBE_REVIEWED_ZHO_ec3c26c0bed757f0,GLOSBE_ami_zho_TMEM_U001865
Amis_4732,GLOSBE_REVIEWED_ZHO_3361a4c1d2b82903,GLOSBE_ami_zho_TMEM_U002048
Amis_4733,GLOSBE_REVIEWED_ZHO_d3365be171c727d2,GLOSBE_ami_zho_TMEM_U002049
Amis_4734,GLOSBE_REVIEWED_ZHO_cbafdbef5eb2fcdd,GLOSBE_ami_zho_TMEM_U001752
Amis_4735,GLOSBE_REVIEWED_ZHO_14b7a6ad46c1610c,GLOSBE_ami_zho_TMEM_U000752
Amis_4736,GLOSBE_REVIEWED_ZHO_20fc1574d90c6992,GLOSBE_ami_zho_TMEM_U001939
Amis_4737,GLOSBE_REVIEWED_ZHO_91a6295e479aa19e,GLOSBE_ami_zho_TMEM_U001233
Amis_4738,GLOSBE_REVIEWED_ZHO_b8bebcc0dd04585a,GLOSBE_ami_zho_TMEM_U001896
Amis_4739,GLOSBE_REVIEWED_ZHO_d94c17fcfb702485,GLOSBE_ami_zho_TMEM_U002050
Amis_4740,GLOSBE_REVIEWED_ZHO_3cd4a4487edc742c,GLOSBE_ami_zho_TMEM_U002051
Amis_4741,GLOSBE_REVIEWED_ZHO_4ddcaa67919d8185,GLOSBE_ami_zho_TMEM_U001400
Amis_4742,GLOSBE_REVIEWED_ZHO_f084576b0efaa4d1,GLOSBE_ami_zho_TMEM_U002052
Amis_4743,GLOSBE_REVIEWED_ZHO_7c97b1b1c367c1d5,GLOSBE_ami_zho_TMEM_U001976
Amis_4744,GLOSBE_REVIEWED_ZHO_ee15f9bff8d384fa,GLOSBE_ami_zho_TMEM_U002053
Amis_4745,GLOSBE_REVIEWED_ZHO_0ff5a83ca2076ba3,GLOSBE_ami_zho_TMEM_U001941
Amis_4746,GLOSBE_REVIEWED_ZHO_87929fc9d0bba079,GLOSBE_ami_zho_TMEM_U002054
Amis_4747,GLOSBE_REVIEWED_ZHO_03af9920daa68c87,GLOSBE_ami_zho_TMEM_U002055
Amis_4748,GLOSBE_REVIEWED_ZHO_62592ae5227b7efc,GLOSBE_ami_zho_TMEM_U002056
Amis_4749,GLOSBE_REVIEWED_ZHO_f05221e4183a0e4f,GLOSBE_ami_zho_TMEM_U001252
Amis_4750,GLOSBE_REVIEWED_ZHO_808003cf2822d8e0,GLOSBE_ami_zho_TMEM_U000762
Amis_4751,GLOSBE_REVIEWED_ZHO_e2784d7ad602e490,GLOSBE_ami_zho_TMEM_U002057
Amis_4752,GLOSBE_REVIEWED_ZHO_99a9f326ac663e92,GLOSBE_ami_zho_TMEM_U002058
Amis_4753,GLOSBE_REVIEWED_ZHO_493c97888c0cc5d2,GLOSBE_ami_zho_TMEM_U002059
Amis_4754,GLOSBE_REVIEWED_ZHO_f09d0318c0113022,GLOSBE_ami_zho_TMEM_U002060
Amis_4755,GLOSBE_REVIEWED_ZHO_7a7d6b56631cf768,GLOSBE_ami_zho_TMEM_U001265
Amis_4756,GLOSBE_REVIEWED_ZHO_f9513e1d79a66bd4,GLOSBE_ami_zho_TMEM_U001425
Amis_4757,GLOSBE_REVIEWED_ZHO_63240aeeffea8b63,GLOSBE_ami_zho_TMEM_U002024
Amis_4758,GLOSBE_REVIEWED_ZHO_94d82e0b0bc6e8c4,GLOSBE_ami_zho_TMEM_U002061
Amis_4759,GLOSBE_REVIEWED_ZHO_46c1309763d68c41,GLOSBE_ami_zho_TMEM_U000319
Amis_4760,GLOSBE_REVIEWED_ZHO_2132ba7741bc5d6b,GLOSBE_ami_zho_TMEM_U000227
Amis_4761,GLOSBE_REVIEWED_ZHO_2350df14e26693ac,GLOSBE_ami_zho_TMEM_U002062
Amis_4762,GLOSBE_REVIEWED_ZHO_fb050817bee5b16c,GLOSBE_ami_zho_TMEM_U001887
Amis_4763,GLOSBE_REVIEWED_ZHO_885acf6a3bebcecb,GLOSBE_ami_zho_TMEM_U000738
Amis_4764,GLOSBE_REVIEWED_ZHO_0cdcc1621ea1a0fe,GLOSBE_ami_zho_TMEM_U002063
Amis_4765,GLOSBE_REVIEWED_ZHO_834d45553b2a7ed1,GLOSBE_ami_zho_TMEM_U001912
Amis_4766,GLOSBE_REVIEWED_ZHO_767b57aaf3ed9853,GLOSBE_ami_zho_TMEM_U000218
Amis_4767,GLOSBE_REVIEWED_ZHO_cca365899d4d1bb5,GLOSBE_ami_zho_TMEM_U000675
Amis_4768,GLOSBE_REVIEWED_ZHO_04b081e91c1f1632,GLOSBE_ami_zho_TMEM_U001264
Amis_4769,GLOSBE_REVIEWED_ZHO_c3b91ceaa7e76172,GLOSBE_ami_zho_TMEM_U001470
Amis_4770,GLOSBE_REVIEWED_ZHO_69ba6a46be4684d5,GLOSBE_ami_zho_TMEM_U001465
Amis_4771,GLOSBE_REVIEWED_ZHO_68e18e15519721ee,GLOSBE_ami_zho_TMEM_U002064
Amis_4772,GLOSBE_REVIEWED_ZHO_647c908081b3877e,GLOSBE_ami_zho_TMEM_U000070
Amis_4773,GLOSBE_REVIEWED_ZHO_f187374977933db3,GLOSBE_ami_zho_TMEM_U000523
Amis_4774,GLOSBE_REVIEWED_ZHO_dce087267561b3c4,GLOSBE_ami_zho_TMEM_U000157
Amis_4775,GLOSBE_REVIEWED_ZHO_5f6eb2a2cf23125c,GLOSBE_ami_zho_TMEM_U000939
Amis_4776,GLOSBE_REVIEWED_ZHO_25301453b3e48daf,GLOSBE_ami_zho_TMEM_U000410
Amis_4777,GLOSBE_REVIEWED_ZHO_fbdbafe451da2b40,GLOSBE_ami_zho_TMEM_U000196
Amis_4778,GLOSBE_REVIEWED_ZHO_c3b91ceaa7e76172,GLOSBE_ami_zho_TMEM_U001470
Amis_4779,GLOSBE_REVIEWED_ZHO_0a105644d1ff2437,GLOSBE_ami_zho_TMEM_U000466
Amis_4780,GLOSBE_REVIEWED_ZHO_1f7965d2241ca5eb,GLOSBE_ami_zho_TMEM_U000364
Amis_4781,GLOSBE_REVIEWED_ZHO_f378ba01d69b961f,GLOSBE_ami_zho_TMEM_U001473
Amis_4782,GLOSBE_REVIEWED_ZHO_2e497ec2e90ec9f6,GLOSBE_ami_zho_TMEM_U001406
Amis_4783,GLOSBE_REVIEWED_ZHO_c826992ea9a335b4,GLOSBE_ami_zho_TMEM_U001385
Amis_4784,GLOSBE_REVIEWED_ZHO_669f6d3ca90d573e,GLOSBE_ami_zho_TMEM_U000653
Amis_4785,GLOSBE_REVIEWED_ZHO_a72c9a8a297d3f30,GLOSBE_ami_zho_TMEM_U001717
Amis_4786,GLOSBE_REVIEWED_ZHO_0328890e8fcbce38,GLOSBE_ami_zho_TMEM_U001301
Amis_4787,GLOSBE_REVIEWED_ZHO_876dec9f1ed7297d,GLOSBE_ami_zho_TMEM_U000779
Amis_4788,GLOSBE_REVIEWED_ZHO_b26d3070b62dfba3,GLOSBE_ami_zho_TMEM_U000785
Amis_4789,GLOSBE_REVIEWED_ZHO_4f8be8433ffdf969,GLOSBE_ami_zho_TMEM_U001891
Amis_4790,GLOSBE_REVIEWED_ZHO_8c5d2163cb995322,GLOSBE_ami_zho_TMEM_U001377
Amis_4791,GLOSBE_REVIEWED_ZHO_5e31c31fb7b6473d,GLOSBE_ami_zho_TMEM_U001327
Amis_4792,GLOSBE_REVIEWED_ZHO_7b1b124ca1e1ddec,GLOSBE_ami_zho_TMEM_U001328
Amis_4793,GLOSBE_REVIEWED_ZHO_0fd390a0fb1f8229,GLOSBE_ami_zho_TMEM_U000133
Amis_4794,GLOSBE_REVIEWED_ZHO_2a8ea5f85516477d,GLOSBE_ami_zho_TMEM_U001235
Amis_4795,GLOSBE_REVIEWED_ZHO_7743fa14ced8abbd,GLOSBE_ami_zho_TMEM_U000067
Amis_4796,GLOSBE_REVIEWED_ZHO_489d2e37f50e6fe4,GLOSBE_ami_zho_TMEM_U000099
Amis_4797,GLOSBE_REVIEWED_ZHO_08ce58a098f2b863,GLOSBE_ami_zho_TMEM_U000109
Amis_4798,GLOSBE_REVIEWED_ZHO_a9e100f5b5398618,GLOSBE_ami_zho_TMEM_U000116
Amis_4799,GLOSBE_REVIEWED_ZHO_a080f77e309cca4d,GLOSBE_ami_zho_TMEM_U000165
Amis_4800,GLOSBE_REVIEWED_ZHO_6f92e6238bdb9749,GLOSBE_ami_zho_TMEM_U000183
Amis_4801,GLOSBE_REVIEWED_ZHO_11beb2d0714c1836,GLOSBE_ami_zho_TMEM_U000184
Amis_4802,GLOSBE_REVIEWED_ZHO_773e86d4c8a63fef,GLOSBE_ami_zho_TMEM_U000443
Amis_4803,GLOSBE_REVIEWED_ZHO_688c8ec9dc9d75d2,GLOSBE_ami_zho_TMEM_U001640
Amis_4804,GLOSBE_REVIEWED_ZHO_55e9a66525a009b7,GLOSBE_ami_zho_TMEM_U001302
Amis_4805,GLOSBE_REVIEWED_ZHO_8c6c62797fc61621,GLOSBE_ami_zho_TMEM_U000691
Amis_4806,GLOSBE_REVIEWED_ZHO_40f7a1c93f9d37cf,GLOSBE_ami_zho_TMEM_U000839
Amis_4807,GLOSBE_REVIEWED_ZHO_0c60aa645001e71b,GLOSBE_ami_zho_TMEM_U001885
Amis_4808,GLOSBE_REVIEWED_ZHO_cfe919e6688e9c56,GLOSBE_ami_zho_TMEM_U001117
Amis_4809,GLOSBE_REVIEWED_ZHO_d31b93c95594fae7,GLOSBE_ami_zho_TMEM_U001157
Amis_4810,GLOSBE_REVIEWED_ZHO_3c522934bd2ecbfb,GLOSBE_ami_zho_TMEM_U001194
Amis_4811,GLOSBE_REVIEWED_ZHO_d90d8ea79aab4f2e,GLOSBE_ami_zho_TMEM_U002065
Amis_4812,GLOSBE_REVIEWED_ZHO_8786d40aa554c05c,GLOSBE_ami_zho_TMEM_U000782
Amis_4813,GLOSBE_REVIEWED_ZHO_a136290edaa7312d,GLOSBE_ami_zho_TMEM_U001660
Amis_4814,GLOSBE_REVIEWED_ZHO_9e5132b78745e846,GLOSBE_ami_zho_TMEM_U001036
Amis_4815,GLOSBE_REVIEWED_ZHO_b2c0b3e113d080ff,GLOSBE_ami_zho_TMEM_U001690
Amis_4816,GLOSBE_REVIEWED_ZHO_ce79b42d51c59f0e,GLOSBE_ami_zho_TMEM_U002066
Amis_4817,GLOSBE_REVIEWED_ZHO_b4f7fc29592433f2,GLOSBE_ami_zho_TMEM_U001915
Amis_4818,GLOSBE_REVIEWED_ZHO_c57d116957c1929a,GLOSBE_ami_zho_TMEM_U000796
Amis_4819,GLOSBE_REVIEWED_ZHO_df0ade1db5db4fce,GLOSBE_ami_zho_TMEM_U001353
Amis_4820,GLOSBE_REVIEWED_ZHO_88c89cf1f1c54451,GLOSBE_ami_zho_TMEM_U002067
Amis_4821,GLOSBE_REVIEWED_ZHO_9290b4efbb911ab9,GLOSBE_ami_zho_TMEM_U002068
Amis_4822,GLOSBE_REVIEWED_ZHO_59ef8187bf22790d,GLOSBE_ami_zho_TMEM_U002069
Amis_4823,GLOSBE_REVIEWED_ZHO_ae35a7004c1c74a7,GLOSBE_ami_zho_TMEM_U001849
Amis_4824,GLOSBE_REVIEWED_ZHO_94143b7234b69696,GLOSBE_ami_zho_TMEM_U002070
Amis_4825,GLOSBE_REVIEWED_ZHO_8f016f4e136365fb,GLOSBE_ami_zho_TMEM_U001484
Amis_4826,GLOSBE_REVIEWED_ZHO_9710aa16955877bb,GLOSBE_ami_zho_TMEM_U000033
Amis_4827,GLOSBE_REVIEWED_ZHO_25d1cc7fcfe80f86,GLOSBE_ami_zho_TMEM_U000834
Amis_4828,GLOSBE_REVIEWED_ZHO_797f95c9a9adb3c5,GLOSBE_ami_zho_TMEM_U001725
Amis_4829,GLOSBE_REVIEWED_ZHO_db88d855e80ce27d,GLOSBE_ami_zho_TMEM_U000573
Amis_4830,GLOSBE_REVIEWED_ZHO_a9ec89752edcb6c2,GLOSBE_ami_zho_TMEM_U000666
Amis_4831,GLOSBE_REVIEWED_ZHO_1f7b1e1fb0cb5599,GLOSBE_ami_zho_TMEM_U001651
Amis_4832,GLOSBE_REVIEWED_ZHO_7db7cda3a84761c1,GLOSBE_ami_zho_TMEM_U001655
Amis_4833,GLOSBE_REVIEWED_ZHO_bb935d4d41631e58,GLOSBE_ami_zho_TMEM_U001156
Amis_4834,GLOSBE_REVIEWED_ZHO_d1c617304be080b7,GLOSBE_ami_zho_TMEM_U002071
Amis_4835,GLOSBE_REVIEWED_ZHO_8786d40aa554c05c,GLOSBE_ami_zho_TMEM_U000782
Amis_4836,GLOSBE_REVIEWED_ZHO_6f4d93191432c404,GLOSBE_ami_zho_TMEM_U001674
Amis_4837,GLOSBE_REVIEWED_ZHO_38a25f4f10627ca8,GLOSBE_ami_zho_TMEM_U001683
Amis_4838,GLOSBE_REVIEWED_ZHO_6efb09c7eec7fa27,GLOSBE_ami_zho_TMEM_U000751
Amis_4839,GLOSBE_REVIEWED_ZHO_e4597f967a0fd1e2,GLOSBE_ami_zho_TMEM_U001087
Amis_4840,GLOSBE_REVIEWED_ZHO_dea463e736eb4785,GLOSBE_ami_zho_TMEM_U002072
Amis_4841,GLOSBE_REVIEWED_ZHO_66ca43ce1a5bfe00,GLOSBE_ami_zho_TMEM_U001421
Amis_4842,GLOSBE_REVIEWED_ZHO_a909177178078e68,GLOSBE_ami_zho_TMEM_U001870
Amis_4843,GLOSBE_REVIEWED_ZHO_2fec4cbad3369b97,GLOSBE_ami_zho_TMEM_U002073
Amis_4844,GLOSBE_REVIEWED_ZHO_ca3ec5cd8797e2cf,GLOSBE_ami_zho_TMEM_U002074
Amis_4845,GLOSBE_REVIEWED_ZHO_95c28bf8a9522bf7,GLOSBE_ami_zho_TMEM_U002075
Amis_4846,GLOSBE_REVIEWED_ZHO_7647e603e2d79ede,GLOSBE_ami_zho_TMEM_U002076
Amis_4847,GLOSBE_REVIEWED_ZHO_e21148ba524cee54,GLOSBE_ami_zho_TMEM_U002077
Amis_4848,GLOSBE_REVIEWED_ZHO_0f80427f6fdc47f6,GLOSBE_ami_zho_TMEM_U001641
Amis_4849,GLOSBE_REVIEWED_ZHO_8ee51421a713f9a7,GLOSBE_ami_zho_TMEM_U001044
Amis_4850,GLOSBE_REVIEWED_ZHO_3be71bdc25ac19ef,GLOSBE_ami_zho_TMEM_U001801
Amis_4851,GLOSBE_REVIEWED_ZHO_7609a2cd468f27f7,GLOSBE_ami_zho_TMEM_U001817
Amis_4852,GLOSBE_REVIEWED_ZHO_4c03899d8e6c8c63,GLOSBE_ami_zho_TMEM_U000331
Amis_4853,GLOSBE_REVIEWED_ZHO_1af6930720304f1f,GLOSBE_ami_zho_TMEM_U000946
Amis_4854,GLOSBE_REVIEWED_ZHO_c826992ea9a335b4,GLOSBE_ami_zho_TMEM_U001385
Amis_4855,GLOSBE_REVIEWED_ZHO_60c71fb650c727de,GLOSBE_ami_zho_TMEM_U001860
Amis_4856,GLOSBE_REVIEWED_ZHO_86ae10cab6f3a59d,GLOSBE_ami_zho_TMEM_U002078
Amis_4857,GLOSBE_REVIEWED_ZHO_7c906fdc5d688638,GLOSBE_ami_zho_TMEM_U000204
Amis_4858,GLOSBE_REVIEWED_ZHO_9a5b3370ed668a85,GLOSBE_ami_zho_TMEM_U002079
Amis_4859,GLOSBE_REVIEWED_ZHO_93f1e4d89ccced13,GLOSBE_ami_zho_TMEM_U000629
Amis_4860,GLOSBE_REVIEWED_ZHO_29e6301717b36924,GLOSBE_ami_zho_TMEM_U002080
Amis_4861,GLOSBE_REVIEWED_ZHO_af5a91335b295195,GLOSBE_ami_zho_TMEM_U001626
Amis_4862,GLOSBE_STATIC_5fb93f4f5aa4fe965798,GLOSBE_ami_zho_TMEM_U000003
Amis_4863,GLOSBE_STATIC_bdf7c3f5d353d50ad538,GLOSBE_ami_zho_TMEM_U000014
Amis_4864,GLOSBE_REVIEWED_ZHO_e9bc4de9e151a545,GLOSBE_ami_zho_TMEM_U000373
Amis_4865,GLOSBE_REVIEWED_ZHO_3cd43217197ed826,GLOSBE_ami_zho_TMEM_U000056
Amis_4866,GLOSBE_REVIEWED_ZHO_154ff738ba26d4da,GLOSBE_ami_zho_TMEM_U000250
Amis_4867,GLOSBE_REVIEWED_ZHO_17424eee92de7c22,GLOSBE_ami_zho_TMEM_U000072
Amis_4868,GLOSBE_REVIEWED_ZHO_30815e19fa5bddd7,GLOSBE_ami_zho_TMEM_U000074
Amis_4869,GLOSBE_REVIEWED_ZHO_6700effd5780ac08,GLOSBE_ami_zho_TMEM_U000102
Amis_4870,GLOSBE_REVIEWED_ZHO_3f216c349da510fa,GLOSBE_ami_zho_TMEM_U000392
Amis_4871,GLOSBE_REVIEWED_ZHO_08ce58a098f2b863,GLOSBE_ami_zho_TMEM_U000109
Amis_4872,GLOSBE_REVIEWED_ZHO_3c599ab9d37bab65,GLOSBE_ami_zho_TMEM_U000111
Amis_4873,GLOSBE_REVIEWED_ZHO_03087f4024cd873e,GLOSBE_ami_zho_TMEM_U000395
Amis_4874,GLOSBE_REVIEWED_ZHO_73e4e7adec1fa04d,GLOSBE_ami_zho_TMEM_U000115
Amis_4875,GLOSBE_REVIEWED_ZHO_a9e100f5b5398618,GLOSBE_ami_zho_TMEM_U000116
Amis_4876,GLOSBE_REVIEWED_ZHO_fe9441077ff04d8d,GLOSBE_ami_zho_TMEM_U000530
Amis_4877,GLOSBE_REVIEWED_ZHO_aac2b371c5f88948,GLOSBE_ami_zho_TMEM_U000132
Amis_4878,GLOSBE_REVIEWED_ZHO_5d45d765822406fd,GLOSBE_ami_zho_TMEM_U000285
Amis_4879,GLOSBE_REVIEWED_ZHO_a01eca7529d2f1f4,GLOSBE_ami_zho_TMEM_U002081
Amis_4880,GLOSBE_REVIEWED_ZHO_a2c6bc6b2da04bb4,GLOSBE_ami_zho_TMEM_U000153
Amis_4881,GLOSBE_REVIEWED_ZHO_cc1e85764b2aa602,GLOSBE_ami_zho_TMEM_U000154
Amis_4882,GLOSBE_REVIEWED_ZHO_d2020df8b4fad333,GLOSBE_ami_zho_TMEM_U000166
Amis_4883,GLOSBE_REVIEWED_ZHO_31976222dc4a23b7,GLOSBE_ami_zho_TMEM_U000293
Amis_4884,GLOSBE_REVIEWED_ZHO_c6a813706f4d29f0,GLOSBE_ami_zho_TMEM_U000175
Amis_4885,GLOSBE_REVIEWED_ZHO_a9b23fbe11051aec,GLOSBE_ami_zho_TMEM_U000176
Amis_4886,GLOSBE_REVIEWED_ZHO_c2fadd54089956e1,GLOSBE_ami_zho_TMEM_U000193
Amis_4887,GLOSBE_REVIEWED_ZHO_6a433c8bebb9e4a4,GLOSBE_ami_zho_TMEM_U000198
Amis_4888,GLOSBE_REVIEWED_ZHO_e065e34607f45821,GLOSBE_ami_zho_TMEM_U000200
Amis_4889,GLOSBE_REVIEWED_ZHO_159abff34d3d0e8d,GLOSBE_ami_zho_TMEM_U001562
Amis_4890,GLOSBE_REVIEWED_ZHO_f37d9e5d260876a5,GLOSBE_ami_zho_TMEM_U000214
Amis_4891,GLOSBE_REVIEWED_ZHO_c86e30398b341d63,GLOSBE_ami_zho_TMEM_U000620
Amis_4892,GLOSBE_REVIEWED_ZHO_14d66a6925affb20,GLOSBE_ami_zho_TMEM_U000558
Amis_4893,GLOSBE_REVIEWED_ZHO_09a24d34d1aae5da,GLOSBE_ami_zho_TMEM_U000324
Amis_4894,GLOSBE_REVIEWED_ZHO_4c03899d8e6c8c63,GLOSBE_ami_zho_TMEM_U000331
Amis_4895,GLOSBE_REVIEWED_ZHO_7491797535d70986,GLOSBE_ami_zho_TMEM_U000351
Amis_4896,GLOSBE_REVIEWED_ZHO_73ed00ebc7d02e0c,GLOSBE_ami_zho_TMEM_U000465
Amis_4897,GLOSBE_REVIEWED_ZHO_250ab0e69f8e2b66,GLOSBE_ami_zho_TMEM_U000357
Amis_4898,GLOSBE_REVIEWED_ZHO_e9670493683aee83,GLOSBE_ami_zho_TMEM_U000360
Amis_4899,GLOSBE_REVIEWED_ZHO_cc65460139d8dd06,GLOSBE_ami_zho_TMEM_U001472
Amis_4900,GLOSBE_REVIEWED_ZHO_eb051ba9ade64933,GLOSBE_ami_zho_TMEM_U002082
Amis_4901,GLOSBE_REVIEWED_ZHO_7841cdde96403121,GLOSBE_ami_zho_TMEM_U000635
Amis_4902,GLOSBE_REVIEWED_ZHO_e6457608385c6ebc,GLOSBE_ami_zho_TMEM_U001474
Amis_4903,GLOSBE_REVIEWED_ZHO_3d88fc8356f9e756,GLOSBE_ami_zho_TMEM_U001638
Amis_4904,GLOSBE_REVIEWED_ZHO_4e77a547d739c29e,GLOSBE_ami_zho_TMEM_U001105
Amis_4905,GLOSBE_REVIEWED_ZHO_3d156c4fdbca8694,GLOSBE_ami_zho_TMEM_U001270
Amis_4906,GLOSBE_REVIEWED_ZHO_a49d7d82cb576043,GLOSBE_ami_zho_TMEM_U000502
Amis_4907,GLOSBE_REVIEWED_ZHO_837086420a15ccb5,GLOSBE_ami_zho_TMEM_U000662
Amis_4908,GLOSBE_REVIEWED_ZHO_e62c435ef354bc8f,GLOSBE_ami_zho_TMEM_U001433
Amis_4909,GLOSBE_REVIEWED_ZHO_9dc65a0c39ef5c4a,GLOSBE_ami_zho_TMEM_U001299
Amis_4910,GLOSBE_REVIEWED_ZHO_2ec9616fa720f803,GLOSBE_ami_zho_TMEM_U001646
Amis_4911,GLOSBE_REVIEWED_ZHO_e3eae1776d322606,GLOSBE_ami_zho_TMEM_U002083
Amis_4912,GLOSBE_REVIEWED_ZHO_bdc902c35d753808,GLOSBE_ami_zho_TMEM_U000678
Amis_4913,GLOSBE_REVIEWED_ZHO_55e9a66525a009b7,GLOSBE_ami_zho_TMEM_U001302
Amis_4914,GLOSBE_REVIEWED_ZHO_d3c702e03c486ee5,GLOSBE_ami_zho_TMEM_U000718
Amis_4915,GLOSBE_REVIEWED_ZHO_003915cc7beb9ffc,GLOSBE_ami_zho_TMEM_U001800
Amis_4916,GLOSBE_REVIEWED_ZHO_53c8a111474ab20f,GLOSBE_ami_zho_TMEM_U002084
Amis_4917,GLOSBE_REVIEWED_ZHO_5e56bac478d58e0d,GLOSBE_ami_zho_TMEM_U001819
Amis_4918,GLOSBE_REVIEWED_ZHO_a3a2617801f487e2,GLOSBE_ami_zho_TMEM_U001410
Amis_4919,GLOSBE_REVIEWED_ZHO_876dec9f1ed7297d,GLOSBE_ami_zho_TMEM_U000779
Amis_4920,GLOSBE_REVIEWED_ZHO_62d02e58a014a356,GLOSBE_ami_zho_TMEM_U002085
Amis_4921,GLOSBE_REVIEWED_ZHO_800309a34161291c,GLOSBE_ami_zho_TMEM_U001191
Amis_4922,GLOSBE_REVIEWED_ZHO_4539e73d332707db,GLOSBE_ami_zho_TMEM_U001929
Amis_4923,GLOSBE_REVIEWED_ZHO_7372bf73e0cf0a68,GLOSBE_ami_zho_TMEM_U001490
Amis_4924,GLOSBE_REVIEWED_ZHO_44d3326c0cbf127d,GLOSBE_ami_zho_TMEM_U001985
Amis_4925,GLOSBE_REVIEWED_ZHO_fb2e64c3041da09f,GLOSBE_ami_zho_TMEM_U000995
Amis_4926,GLOSBE_REVIEWED_ZHO_5d2bc67f0f567d13,GLOSBE_ami_zho_TMEM_U001583
Amis_4927,GLOSBE_REVIEWED_ZHO_6805dc3d16e05b30,GLOSBE_ami_zho_TMEM_U001305
Amis_4928,GLOSBE_REVIEWED_ZHO_67da12f4894d4531,GLOSBE_ami_zho_TMEM_U002086
Amis_4929,GLOSBE_REVIEWED_ZHO_799ab1bc4ee640ba,GLOSBE_ami_zho_TMEM_U001736
Amis_4930,GLOSBE_REVIEWED_ZHO_164baf1af4f789d2,GLOSBE_ami_zho_TMEM_U000734
Amis_4931,GLOSBE_REVIEWED_ZHO_98c0ffe3f4f781a4,GLOSBE_ami_zho_TMEM_U002087
Amis_4932,GLOSBE_REVIEWED_ZHO_99c8bda0564dd491,GLOSBE_ami_zho_TMEM_U000849
Amis_4933,GLOSBE_REVIEWED_ZHO_67fcb90fb20cf36e,GLOSBE_ami_zho_TMEM_U001661
Amis_4934,GLOSBE_REVIEWED_ZHO_7912b0a33ccbd8af,GLOSBE_ami_zho_TMEM_U001803
Amis_4935,GLOSBE_REVIEWED_ZHO_885acf6a3bebcecb,GLOSBE_ami_zho_TMEM_U000738
Amis_4936,GLOSBE_REVIEWED_ZHO_1e4f0a920bc98d18,GLOSBE_ami_zho_TMEM_U002088
Amis_4937,GLOSBE_REVIEWED_ZHO_568f2a0a56dadca4,GLOSBE_ami_zho_TMEM_U001888
Amis_4938,GLOSBE_REVIEWED_ZHO_4a4719b85dcdd67d,GLOSBE_ami_zho_TMEM_U001597
Amis_4939,GLOSBE_REVIEWED_ZHO_487b852ae467476d,GLOSBE_ami_zho_TMEM_U001804
Amis_4940,GLOSBE_REVIEWED_ZHO_2a9227af139776bf,GLOSBE_ami_zho_TMEM_U001599
Amis_4941,GLOSBE_REVIEWED_ZHO_3b39bddfd3a21ced,GLOSBE_ami_zho_TMEM_U001311
Amis_4942,GLOSBE_REVIEWED_ZHO_ade1cd42d367e13d,GLOSBE_ami_zho_TMEM_U001602
Amis_4943,GLOSBE_REVIEWED_ZHO_19ec12fe1a80ffe0,GLOSBE_ami_zho_TMEM_U002089
Amis_4944,GLOSBE_REVIEWED_ZHO_b985976c05e39bd3,GLOSBE_ami_zho_TMEM_U001023
Amis_4945,GLOSBE_REVIEWED_ZHO_15fd23e72489c050,GLOSBE_ami_zho_TMEM_U002090
Amis_4946,GLOSBE_REVIEWED_ZHO_5cd093c09561a2df,GLOSBE_ami_zho_TMEM_U002091
Amis_4947,GLOSBE_REVIEWED_ZHO_291f81283ad33f5f,GLOSBE_ami_zho_TMEM_U002092
Amis_4948,GLOSBE_REVIEWED_ZHO_9e83d4a239882f5c,GLOSBE_ami_zho_TMEM_U001613
Amis_4949,GLOSBE_REVIEWED_ZHO_1f72222a09fba815,GLOSBE_ami_zho_TMEM_U002093
Amis_4950,GLOSBE_REVIEWED_ZHO_0dc5ab3c601abd7a,GLOSBE_ami_zho_TMEM_U002094
Amis_4951,GLOSBE_REVIEWED_ZHO_6f4d93191432c404,GLOSBE_ami_zho_TMEM_U001674
Amis_4952,GLOSBE_REVIEWED_ZHO_1706f98dbb7fade7,GLOSBE_ami_zho_TMEM_U002095
Amis_4953,GLOSBE_REVIEWED_ZHO_c548fc6f3ab77d2a,GLOSBE_ami_zho_TMEM_U002096
Amis_4954,GLOSBE_REVIEWED_ZHO_982fb4d09475af45,GLOSBE_ami_zho_TMEM_U002097
Amis_4955,GLOSBE_REVIEWED_ZHO_94e97ee094ba4b79,GLOSBE_ami_zho_TMEM_U002098
Amis_4956,GLOSBE_REVIEWED_ZHO_577c0ba846b18872,GLOSBE_ami_zho_TMEM_U000954
Amis_4957,GLOSBE_REVIEWED_ZHO_d4fe7c84628e5fdd,GLOSBE_ami_zho_TMEM_U001751
Amis_4958,GLOSBE_REVIEWED_ZHO_901983e0164fb6db,GLOSBE_ami_zho_TMEM_U002099
Amis_4959,GLOSBE_REVIEWED_ZHO_fca20ba663195227,GLOSBE_ami_zho_TMEM_U001042
Amis_4960,GLOSBE_REVIEWED_ZHO_9cdb05eb239c1e5f,GLOSBE_ami_zho_TMEM_U001923
Amis_4961,GLOSBE_REVIEWED_ZHO_de8a4e07eb8a654d,GLOSBE_ami_zho_TMEM_U002100
Amis_4962,GLOSBE_REVIEWED_ZHO_8ee51421a713f9a7,GLOSBE_ami_zho_TMEM_U001044
Amis_4963,GLOSBE_REVIEWED_ZHO_e4626e56966b7202,GLOSBE_ami_zho_TMEM_U002101
Amis_4964,GLOSBE_REVIEWED_ZHO_6a536d1b93824531,GLOSBE_ami_zho_TMEM_U002102
Amis_4965,GLOSBE_REVIEWED_ZHO_faf09b6c83ec3a31,GLOSBE_ami_zho_TMEM_U001046
Amis_4966,GLOSBE_REVIEWED_ZHO_cc6da56c154d2c11,GLOSBE_ami_zho_TMEM_U001163
Amis_4967,GLOSBE_REVIEWED_ZHO_28d93ee4824abc73,GLOSBE_ami_zho_TMEM_U001691
Amis_4968,GLOSBE_REVIEWED_ZHO_9b0a91efa6548956,GLOSBE_ami_zho_TMEM_U001512
Amis_4969,GLOSBE_REVIEWED_ZHO_a6ba973ce629761c,GLOSBE_ami_zho_TMEM_U002103
Amis_4970,GLOSBE_REVIEWED_ZHO_7392e14e553baa21,GLOSBE_ami_zho_TMEM_U002104
Amis_4971,GLOSBE_REVIEWED_ZHO_ca8f65dc0c992fb3,GLOSBE_ami_zho_TMEM_U001053
Amis_4972,GLOSBE_REVIEWED_ZHO_1495f0797e0b2470,GLOSBE_ami_zho_TMEM_U000791
Amis_4973,GLOSBE_REVIEWED_ZHO_da300444c0db9800,GLOSBE_ami_zho_TMEM_U002011
Amis_4974,GLOSBE_REVIEWED_ZHO_470373050dd3d0ea,GLOSBE_ami_zho_TMEM_U002105
Amis_4975,GLOSBE_REVIEWED_ZHO_ac9011b1c2235b7e,GLOSBE_ami_zho_TMEM_U001352
Amis_4976,GLOSBE_REVIEWED_ZHO_72ea1eef5e1b2ac3,GLOSBE_ami_zho_TMEM_U000916
Amis_4977,GLOSBE_REVIEWED_ZHO_df5b928530b67abc,GLOSBE_ami_zho_TMEM_U001373
Amis_4978,GLOSBE_REVIEWED_ZHO_e1dc68ee6539791a,GLOSBE_ami_zho_TMEM_U002106
Amis_4979,GLOSBE_REVIEWED_ZHO_65d6fa7289fbcd40,GLOSBE_ami_zho_TMEM_U001464
Amis_4980,GLOSBE_REVIEWED_ZHO_bcff039786800a44,GLOSBE_ami_zho_TMEM_U000806
Amis_4981,GLOSBE_REVIEWED_ZHO_ea7638e918f038a1,GLOSBE_ami_zho_TMEM_U000757
Amis_4982,GLOSBE_REVIEWED_ZHO_ab53cd7edd80d9d7,GLOSBE_ami_zho_TMEM_U001335
Amis_4983,GLOSBE_REVIEWED_ZHO_b1202b1a95982791,GLOSBE_ami_zho_TMEM_U001166
Amis_4984,GLOSBE_REVIEWED_ZHO_b9ef3ddca121cdbc,GLOSBE_ami_zho_TMEM_U002107
Amis_4985,GLOSBE_REVIEWED_ZHO_fbac6d9988cb7547,GLOSBE_ami_zho_TMEM_U002108
Amis_4986,GLOSBE_REVIEWED_ZHO_321f3ed6f5e75a7e,GLOSBE_ami_zho_TMEM_U001071
Amis_4987,GLOSBE_REVIEWED_ZHO_e2ad0b991b966d25,GLOSBE_ami_zho_TMEM_U001999
Amis_4988,GLOSBE_REVIEWED_ZHO_40d4d35a7ea87753,GLOSBE_ami_zho_TMEM_U002109
Amis_4989,GLOSBE_REVIEWED_ZHO_5dbbbaf5ec0bb2b8,GLOSBE_ami_zho_TMEM_U002110
Amis_4990,GLOSBE_REVIEWED_ZHO_57cf8005a660d364,GLOSBE_ami_zho_TMEM_U002111
Amis_4991,GLOSBE_REVIEWED_ZHO_ffc9fb1dd1044a79,GLOSBE_ami_zho_TMEM_U000808
Amis_4992,GLOSBE_REVIEWED_ZHO_52d42b3a25a61e2d,GLOSBE_ami_zho_TMEM_U001848
Amis_4993,GLOSBE_REVIEWED_ZHO_2509db8f16eaef91,GLOSBE_ami_zho_TMEM_U002112
Amis_4994,GLOSBE_REVIEWED_ZHO_d45dc16c73257cd2,GLOSBE_ami_zho_TMEM_U002113
Amis_4995,GLOSBE_REVIEWED_ZHO_92ce83a0ef66fdd1,GLOSBE_ami_zho_TMEM_U002114
Amis_4996,GLOSBE_REVIEWED_ZHO_a7f1074adfc6ba1f,GLOSBE_ami_zho_TMEM_U000041
Amis_4997,GLOSBE_REVIEWED_ZHO_6cd9b98eec8c77f6,GLOSBE_ami_zho_TMEM_U002115
Amis_4998,GLOSBE_REVIEWED_ZHO_498761440881a6f3,GLOSBE_ami_zho_TMEM_U000236
Amis_4999,GLOSBE_REVIEWED_ZHO_97f1b51a6e75f27b,GLOSBE_ami_zho_TMEM_U001728
Amis_5000,GLOSBE_REVIEWED_ZHO_23b503d590fc93f7,GLOSBE_ami_zho_TMEM_U000491
Amis_5001,GLOSBE_REVIEWED_ZHO_9d870f44a7dfb2e5,GLOSBE_ami_zho_TMEM_U000413
Amis_5002,GLOSBE_REVIEWED_ZHO_726bedd61783cf00,GLOSBE_ami_zho_TMEM_U001533
Amis_5003,GLOSBE_REVIEWED_ZHO_b269193abf12f691,GLOSBE_ami_zho_TMEM_U002116
Amis_5004,GLOSBE_REVIEWED_ZHO_f4d2fae1847d8a47,GLOSBE_ami_zho_TMEM_U001933
Amis_5005,GLOSBE_REVIEWED_ZHO_3422a6a384e65f74,GLOSBE_ami_zho_TMEM_U002117
Amis_5006,GLOSBE_REVIEWED_ZHO_2b55091442c6a985,GLOSBE_ami_zho_TMEM_U000745
Amis_5007,GLOSBE_REVIEWED_ZHO_1485924e805898a0,GLOSBE_ami_zho_TMEM_U001687
Amis_5008,GLOSBE_REVIEWED_ZHO_56920d2aa4c00242,GLOSBE_ami_zho_TMEM_U001907
Amis_5009,GLOSBE_REVIEWED_ZHO_6a7e10ca86441b5c,GLOSBE_ami_zho_TMEM_U000764
Amis_5010,GLOSBE_REVIEWED_ZHO_b14d133fb87eec42,GLOSBE_ami_zho_TMEM_U000231
Amis_5011,GLOSBE_REVIEWED_ZHO_708e0c85871ddfe3,GLOSBE_ami_zho_TMEM_U000935
Amis_5012,GLOSBE_REVIEWED_ZHO_90cb489538fd834a,GLOSBE_ami_zho_TMEM_U000060
Amis_5013,GLOSBE_REVIEWED_ZHO_3ad892effbb2f2b6,GLOSBE_ami_zho_TMEM_U000485
Amis_5014,GLOSBE_REVIEWED_ZHO_647de33b56ff6bc5,GLOSBE_ami_zho_TMEM_U000083
Amis_5015,GLOSBE_REVIEWED_ZHO_695ce7702b7c39f9,GLOSBE_ami_zho_TMEM_U002118
Amis_5016,GLOSBE_REVIEWED_ZHO_fd50f9de0b0aad9d,GLOSBE_ami_zho_TMEM_U000261
Amis_5017,GLOSBE_REVIEWED_ZHO_3f216c349da510fa,GLOSBE_ami_zho_TMEM_U000392
Amis_5018,GLOSBE_REVIEWED_ZHO_16fa1653a050e509,GLOSBE_ami_zho_TMEM_U000394
Amis_5019,GLOSBE_REVIEWED_ZHO_0de94eb5537bf919,GLOSBE_ami_zho_TMEM_U000396
Amis_5020,GLOSBE_REVIEWED_ZHO_58d9f9b6b058f671,GLOSBE_ami_zho_TMEM_U000538
Amis_5021,GLOSBE_REVIEWED_ZHO_9570127ee48ec97f,GLOSBE_ami_zho_TMEM_U000295
Amis_5022,GLOSBE_REVIEWED_ZHO_f9737ffce692e6bc,GLOSBE_ami_zho_TMEM_U000174
Amis_5023,GLOSBE_REVIEWED_ZHO_cc485f158a8b92eb,GLOSBE_ami_zho_TMEM_U000940
Amis_5024,GLOSBE_REVIEWED_ZHO_12764cd0c007f3fd,GLOSBE_ami_zho_TMEM_U000195
Amis_5025,GLOSBE_REVIEWED_ZHO_859943a394be09ac,GLOSBE_ami_zho_TMEM_U000201
Amis_5026,GLOSBE_REVIEWED_ZHO_c6f312d8d56f58e6,GLOSBE_ami_zho_TMEM_U000423
Amis_5027,GLOSBE_REVIEWED_ZHO_ddad46c809fce6b9,GLOSBE_ami_zho_TMEM_U000571
Amis_5028,GLOSBE_REVIEWED_ZHO_7ccf46daf74b143b,GLOSBE_ami_zho_TMEM_U000581
Amis_5029,GLOSBE_REVIEWED_ZHO_4c3509b524c7cf5f,GLOSBE_ami_zho_TMEM_U002119
Amis_5030,GLOSBE_REVIEWED_ZHO_fb034a94cb7e1731,GLOSBE_ami_zho_TMEM_U000633
Amis_5031,GLOSBE_REVIEWED_ZHO_4e7e161b33a77570,GLOSBE_ami_zho_TMEM_U001103
Amis_5032,GLOSBE_REVIEWED_ZHO_644546d4400c5e82,GLOSBE_ami_zho_TMEM_U002120
Amis_5033,GLOSBE_REVIEWED_ZHO_3743de7ceff09048,GLOSBE_ami_zho_TMEM_U001296
Amis_5034,GLOSBE_REVIEWED_ZHO_83526304e758141f,GLOSBE_ami_zho_TMEM_U002121
Amis_5035,GLOSBE_REVIEWED_ZHO_d376eb0593c63527,GLOSBE_ami_zho_TMEM_U000508
Amis_5036,GLOSBE_REVIEWED_ZHO_7dfdb0134240eadd,GLOSBE_ami_zho_TMEM_U002122
Amis_5037,GLOSBE_REVIEWED_ZHO_4c1f9dd8ccb198c5,GLOSBE_ami_zho_TMEM_U002027
Amis_5038,GLOSBE_REVIEWED_ZHO_4c540c7e8c5d2852,GLOSBE_ami_zho_TMEM_U000248
Amis_5039,GLOSBE_REVIEWED_ZHO_5bb300939fa11288,GLOSBE_ami_zho_TMEM_U001389
Amis_5040,GLOSBE_REVIEWED_ZHO_b2e653884c7489f8,GLOSBE_ami_zho_TMEM_U000418
Amis_5041,GLOSBE_REVIEWED_ZHO_151832a1bf521faa,GLOSBE_ami_zho_TMEM_U001389
Amis_5042,GLOSBE_REVIEWED_ZHO_8d2695715b5f5111,GLOSBE_ami_zho_TMEM_U000592
Amis_5043,GLOSBE_REVIEWED_ZHO_581f39be7ea8591b,GLOSBE_ami_zho_TMEM_U002123
Amis_5044,GLOSBE_REVIEWED_ZHO_92a22a15ebee41b4,GLOSBE_ami_zho_TMEM_U001399
Amis_5045,GLOSBE_REVIEWED_ZHO_4577c36af7fbf44c,GLOSBE_ami_zho_TMEM_U001739
Amis_5046,GLOSBE_REVIEWED_ZHO_253b11989a4ae6c4,GLOSBE_ami_zho_TMEM_U000366
Amis_5047,GLOSBE_REVIEWED_ZHO_66e4d7da0b7032c4,GLOSBE_ami_zho_TMEM_U000047
Amis_5048,GLOSBE_REVIEWED_ZHO_21a9d17af5d9d083,GLOSBE_ami_zho_TMEM_U000048
Amis_5049,GLOSBE_REVIEWED_ZHO_253832fc344a72a0,GLOSBE_ami_zho_TMEM_U000051
Amis_5050,GLOSBE_REVIEWED_ZHO_940adbaf9c590715,GLOSBE_ami_zho_TMEM_U000246
Amis_5051,GLOSBE_REVIEWED_ZHO_a7c6bb01a0a72af8,GLOSBE_ami_zho_TMEM_U000391
Amis_5052,GLOSBE_REVIEWED_ZHO_6c29b03936c93ceb,GLOSBE_ami_zho_TMEM_U000862
Amis_5053,GLOSBE_REVIEWED_ZHO_4b3079dd0c6ab0e3,GLOSBE_ami_zho_TMEM_U002124
Amis_5054,GLOSBE_REVIEWED_ZHO_28b07655de7e22bb,GLOSBE_ami_zho_TMEM_U000866
Amis_5055,GLOSBE_REVIEWED_ZHO_06e623631d9315ec,GLOSBE_ami_zho_TMEM_U000868
Amis_5056,GLOSBE_REVIEWED_ZHO_f2bcf911476f2183,GLOSBE_ami_zho_TMEM_U000617
Amis_5057,GLOSBE_REVIEWED_ZHO_ebd3e19da6698f60,GLOSBE_ami_zho_TMEM_U001755
Amis_5058,GLOSBE_REVIEWED_ZHO_173e5f74c92d8c59,GLOSBE_ami_zho_TMEM_U000617
Amis_5059,GLOSBE_REVIEWED_ZHO_e530a1e9a21dcefc,GLOSBE_ami_zho_TMEM_U001477
Amis_5060,GLOSBE_REVIEWED_ZHO_3d156c4fdbca8694,GLOSBE_ami_zho_TMEM_U001270
Amis_5061,GLOSBE_REVIEWED_ZHO_3859ca09ae73a2a3,GLOSBE_ami_zho_TMEM_U000875
Amis_5062,GLOSBE_REVIEWED_ZHO_7338bcbdc856473d,GLOSBE_ami_zho_TMEM_U000687
Amis_5063,GLOSBE_REVIEWED_ZHO_9a716593a74e882c,GLOSBE_ami_zho_TMEM_U001595
Amis_5064,GLOSBE_REVIEWED_ZHO_0378c6c10127de12,GLOSBE_ami_zho_TMEM_U002125
Amis_5065,GLOSBE_REVIEWED_ZHO_7eabf177f319fb70,GLOSBE_ami_zho_TMEM_U001226
Amis_5066,GLOSBE_REVIEWED_ZHO_f5a0b3cb92dbae73,GLOSBE_ami_zho_TMEM_U001924
Amis_5067,GLOSBE_REVIEWED_ZHO_4bbfea0163835483,GLOSBE_ami_zho_TMEM_U002126
Amis_5068,GLOSBE_REVIEWED_ZHO_277f4069252eb469,GLOSBE_ami_zho_TMEM_U002127
Amis_5069,GLOSBE_REVIEWED_ZHO_076bf661d9a04e94,GLOSBE_ami_zho_TMEM_U000931
Amis_5070,GLOSBE_REVIEWED_ZHO_6e665277e4f7293d,GLOSBE_ami_zho_TMEM_U002128
Amis_5071,GLOSBE_REVIEWED_ZHO_77eaf4d520cd600a,GLOSBE_ami_zho_TMEM_U002129
Amis_5072,GLOSBE_REVIEWED_ZHO_c4581de72940ce1d,GLOSBE_ami_zho_TMEM_U001945
Amis_5073,GLOSBE_REVIEWED_ZHO_76c67384dc12bc2d,GLOSBE_ami_zho_TMEM_U000128
Amis_5074,GLOSBE_REVIEWED_ZHO_53af614c175ec1ec,GLOSBE_ami_zho_TMEM_U000276
Amis_5075,GLOSBE_REVIEWED_ZHO_229125fa13110766,GLOSBE_ami_zho_TMEM_U000286
Amis_5076,GLOSBE_REVIEWED_ZHO_4eb5a7b84eaae29d,GLOSBE_ami_zho_TMEM_U000345
Amis_5077,GLOSBE_REVIEWED_ZHO_56920d2aa4c00242,GLOSBE_ami_zho_TMEM_U001907
Amis_5078,GLOSBE_REVIEWED_ZHO_b1202b1a95982791,GLOSBE_ami_zho_TMEM_U001166
Amis_5079,GLOSBE_REVIEWED_ZHO_1c700130ef019bb9,GLOSBE_ami_zho_TMEM_U000369
Amis_5080,GLOSBE_REVIEWED_ZHO_64eceb7c475d9a47,GLOSBE_ami_zho_TMEM_U000188
Amis_5081,GLOSBE_REVIEWED_ZHO_97cf21dceb030d5f,GLOSBE_ami_zho_TMEM_U000759
Amis_5082,GLOSBE_REVIEWED_ZHO_8704ea2cbf0b76fd,GLOSBE_ami_zho_TMEM_U001401
Amis_5083,GLOSBE_REVIEWED_ZHO_deb6954932431556,GLOSBE_ami_zho_TMEM_U000434
Amis_5084,GLOSBE_REVIEWED_ZHO_0dc5bb724047e4b2,GLOSBE_ami_zho_TMEM_U002130
Amis_5085,GLOSBE_REVIEWED_ZHO_9c666f939c8fae60,GLOSBE_ami_zho_TMEM_U001297
Amis_5086,GLOSBE_REVIEWED_ZHO_5eea478d7ffa53b7,GLOSBE_ami_zho_TMEM_U001489
Amis_5087,GLOSBE_REVIEWED_ZHO_7fe194e80e773f1a,GLOSBE_ami_zho_TMEM_U001019
Amis_5088,GLOSBE_REVIEWED_ZHO_58bfaf2c8077fcd2,GLOSBE_ami_zho_TMEM_U002131
Amis_5089,GLOSBE_REVIEWED_ZHO_6a536d1b93824531,GLOSBE_ami_zho_TMEM_U002102
Amis_5090,GLOSBE_REVIEWED_ZHO_705202bc21b85a05,GLOSBE_ami_zho_TMEM_U001384
Amis_5091,GLOSBE_STATIC_cfcca38b2b7636ed3ee2,GLOSBE_ami_zho_TMEM_U000025
Amis_5092,GLOSBE_REVIEWED_ZHO_70b471128e392e11,GLOSBE_ami_zho_TMEM_U001093
Amis_5093,GLOSBE_REVIEWED_ZHO_dfa7827da8eb8018,GLOSBE_ami_zho_TMEM_U001094
Amis_5094,GLOSBE_REVIEWED_ZHO_0a51c2ee2bd62f50,GLOSBE_ami_zho_TMEM_U000229
Amis_5095,GLOSBE_STATIC_bdf7c3f5d353d50ad538,GLOSBE_ami_zho_TMEM_U000014
Amis_5096,GLOSBE_REVIEWED_ZHO_3cd43217197ed826,GLOSBE_ami_zho_TMEM_U000056
Amis_5097,GLOSBE_REVIEWED_ZHO_44d162d833020a93,GLOSBE_ami_zho_TMEM_U002132
Amis_5098,GLOSBE_REVIEWED_ZHO_fdc895132efca755,GLOSBE_ami_zho_TMEM_U000066
Amis_5099,GLOSBE_REVIEWED_ZHO_91bea88ed07685ef,GLOSBE_ami_zho_TMEM_U000473
Amis_5100,GLOSBE_REVIEWED_ZHO_86d09a0b7d165575,GLOSBE_ami_zho_TMEM_U000601
Amis_5101,GLOSBE_REVIEWED_ZHO_0facb876f63c86ab,GLOSBE_ami_zho_TMEM_U000259
Amis_5102,GLOSBE_REVIEWED_ZHO_01673e264212d0ce,GLOSBE_ami_zho_TMEM_U000089
Amis_5103,GLOSBE_REVIEWED_ZHO_7ba84fa83f2dc79a,GLOSBE_ami_zho_TMEM_U000476
Amis_5104,GLOSBE_REVIEWED_ZHO_3c24ea1fb75b04e3,GLOSBE_ami_zho_TMEM_U000264
Amis_5105,GLOSBE_REVIEWED_ZHO_470cd3b97251f0bc,GLOSBE_ami_zho_TMEM_U000268
Amis_5106,GLOSBE_REVIEWED_ZHO_15baaaf8918b807c,GLOSBE_ami_zho_TMEM_U001468
Amis_5107,GLOSBE_REVIEWED_ZHO_3f216c349da510fa,GLOSBE_ami_zho_TMEM_U000392
Amis_5108,GLOSBE_REVIEWED_ZHO_6617351d9fc04bc7,GLOSBE_ami_zho_TMEM_U000114
Amis_5109,GLOSBE_REVIEWED_ZHO_411046ac035f9195,GLOSBE_ami_zho_TMEM_U000937
Amis_5110,GLOSBE_REVIEWED_ZHO_50cbff7189b8b863,GLOSBE_ami_zho_TMEM_U000123
Amis_5111,GLOSBE_REVIEWED_ZHO_5307cf0c49ba39dd,GLOSBE_ami_zho_TMEM_U000274
Amis_5112,GLOSBE_REVIEWED_ZHO_862dba98267a4744,GLOSBE_ami_zho_TMEM_U002133
Amis_5113,GLOSBE_REVIEWED_ZHO_aef8da93f0388de1,GLOSBE_ami_zho_TMEM_U000129
Amis_5114,GLOSBE_REVIEWED_ZHO_2566551f0368308a,GLOSBE_ami_zho_TMEM_U000275
Amis_5115,GLOSBE_REVIEWED_ZHO_0c07dbaea7a7173d,GLOSBE_ami_zho_TMEM_U000282
Amis_5116,GLOSBE_REVIEWED_ZHO_58d9f9b6b058f671,GLOSBE_ami_zho_TMEM_U000538
Amis_5117,GLOSBE_REVIEWED_ZHO_d090662a9e5387ea,GLOSBE_ami_zho_TMEM_U000145
Amis_5118,GLOSBE_REVIEWED_ZHO_aee37768c9af6961,GLOSBE_ami_zho_TMEM_U000156
Amis_5119,GLOSBE_REVIEWED_ZHO_90c911b731fe9014,GLOSBE_ami_zho_TMEM_U000399
Amis_5120,GLOSBE_REVIEWED_ZHO_5b3fa00eddeea8a3,GLOSBE_ami_zho_TMEM_U000310
Amis_5121,GLOSBE_REVIEWED_ZHO_04c1c43d5b82abd2,GLOSBE_ami_zho_TMEM_U002134
Amis_5122,GLOSBE_REVIEWED_ZHO_f7f213a8e2f1ffef,GLOSBE_ami_zho_TMEM_U002135
Amis_5123,GLOSBE_REVIEWED_ZHO_fab00d29c13ad315,GLOSBE_ami_zho_TMEM_U002136
Amis_5124,GLOSBE_REVIEWED_ZHO_0e244a4793578953,GLOSBE_ami_zho_TMEM_U001680
Amis_5125,GLOSBE_REVIEWED_ZHO_82d9afa052e3cfc6,GLOSBE_ami_zho_TMEM_U000855
Amis_5126,GLOSBE_REVIEWED_ZHO_a9b89281271113f7,GLOSBE_ami_zho_TMEM_U002137
Amis_5127,GLOSBE_REVIEWED_ZHO_1e93db2ec5de2e63,GLOSBE_ami_zho_TMEM_U002138
Amis_5128,GLOSBE_REVIEWED_ZHO_a488e71f67d9d253,GLOSBE_ami_zho_TMEM_U002139
Amis_5129,GLOSBE_REVIEWED_ZHO_e59a2f0b7865a743,GLOSBE_ami_zho_TMEM_U002140
Amis_5130,GLOSBE_REVIEWED_ZHO_5307cf0c49ba39dd,GLOSBE_ami_zho_TMEM_U000274
Amis_5131,GLOSBE_REVIEWED_ZHO_1a5fa0b79c3984ca,GLOSBE_ami_zho_TMEM_U000139
Amis_5132,GLOSBE_REVIEWED_ZHO_af34dffb27c87fa3,GLOSBE_ami_zho_TMEM_U000140
Amis_5133,GLOSBE_REVIEWED_ZHO_08e2a4c01841704c,GLOSBE_ami_zho_TMEM_U000169
Amis_5134,GLOSBE_REVIEWED_ZHO_62d02e58a014a356,GLOSBE_ami_zho_TMEM_U002085
Amis_5135,GLOSBE_REVIEWED_ZHO_67da12f4894d4531,GLOSBE_ami_zho_TMEM_U002086
Amis_5136,GLOSBE_REVIEWED_ZHO_90367c34a957de81,GLOSBE_ami_zho_TMEM_U002141
Amis_5137,GLOSBE_REVIEWED_ZHO_87498d78b53aea74,GLOSBE_ami_zho_TMEM_U002010
Amis_5138,GLOSBE_REVIEWED_ZHO_1e93db2ec5de2e63,GLOSBE_ami_zho_TMEM_U002138
Amis_5139,GLOSBE_REVIEWED_ZHO_387b8082a084f02a,GLOSBE_ami_zho_TMEM_U001143
Amis_5140,GLOSBE_REVIEWED_ZHO_902fc44b5bc44a0f,GLOSBE_ami_zho_TMEM_U001753
Amis_5141,GLOSBE_REVIEWED_ZHO_bd1851d0e911cf67,GLOSBE_ami_zho_TMEM_U000031
Amis_5142,GLOSBE_REVIEWED_ZHO_127b240d751f6d66,GLOSBE_ami_zho_TMEM_U000958
Amis_5143,GLOSBE_REVIEWED_ZHO_647de33b56ff6bc5,GLOSBE_ami_zho_TMEM_U000083
Amis_5144,GLOSBE_REVIEWED_ZHO_50a76fb96cae6ea0,GLOSBE_ami_zho_TMEM_U000127
Amis_5145,GLOSBE_REVIEWED_ZHO_690cae964a9bf60a,GLOSBE_ami_zho_TMEM_U000203
Amis_5146,GLOSBE_REVIEWED_ZHO_a4c2e53f0e1bf833,GLOSBE_ami_zho_TMEM_U000462
Amis_5147,GLOSBE_REVIEWED_ZHO_1cd6554e1cc390cd,GLOSBE_ami_zho_TMEM_U000471
Amis_5148,GLOSBE_REVIEWED_ZHO_d7bf91f7f661c2b9,GLOSBE_ami_zho_TMEM_U000638
Amis_5149,GLOSBE_REVIEWED_ZHO_04f8e82fdf1a36db,GLOSBE_ami_zho_TMEM_U001947
Amis_5150,GLOSBE_REVIEWED_ZHO_7f61af8d98920d64,GLOSBE_ami_zho_TMEM_U002142
Amis_5151,GLOSBE_REVIEWED_ZHO_8bc6e78621a30625,GLOSBE_ami_zho_TMEM_U001785
Amis_5152,GLOSBE_REVIEWED_ZHO_1319e7facfc22dcf,GLOSBE_ami_zho_TMEM_U000854
Amis_5153,GLOSBE_REVIEWED_ZHO_d623c03842bb7fbc,GLOSBE_ami_zho_TMEM_U001952
Amis_5154,GLOSBE_REVIEWED_ZHO_ce6521116111356e,GLOSBE_ami_zho_TMEM_U002143
Amis_5155,GLOSBE_REVIEWED_ZHO_e74500bfb7b5ee1a,GLOSBE_ami_zho_TMEM_U001403
Amis_5156,GLOSBE_REVIEWED_ZHO_04acabb681b2d026,GLOSBE_ami_zho_TMEM_U002144
Amis_5157,GLOSBE_REVIEWED_ZHO_bca2a14e468fc7ff,GLOSBE_ami_zho_TMEM_U001707
Amis_5158,GLOSBE_REVIEWED_ZHO_f2a46a6d7bde905e,GLOSBE_ami_zho_TMEM_U001522
Amis_5159,GLOSBE_REVIEWED_ZHO_7a7d6b56631cf768,GLOSBE_ami_zho_TMEM_U001265
Amis_5160,GLOSBE_REVIEWED_ZHO_66e4d7da0b7032c4,GLOSBE_ami_zho_TMEM_U000047
Amis_5161,GLOSBE_REVIEWED_ZHO_8ba98d36bc69f26d,GLOSBE_ami_zho_TMEM_U000243
Amis_5162,GLOSBE_REVIEWED_ZHO_15baaaf8918b807c,GLOSBE_ami_zho_TMEM_U001468
Amis_5163,GLOSBE_REVIEWED_ZHO_90c911b731fe9014,GLOSBE_ami_zho_TMEM_U000399
Amis_5164,GLOSBE_REVIEWED_ZHO_447ac291ea1c3616,GLOSBE_ami_zho_TMEM_U000136
Amis_5165,GLOSBE_REVIEWED_ZHO_3603d24fcd3bc710,GLOSBE_ami_zho_TMEM_U000300
Amis_5166,GLOSBE_REVIEWED_ZHO_26e732477f833f25,GLOSBE_ami_zho_TMEM_U000301
Amis_5167,GLOSBE_REVIEWED_ZHO_c2fadd54089956e1,GLOSBE_ami_zho_TMEM_U000193
Amis_5168,GLOSBE_REVIEWED_ZHO_603d75643042585f,GLOSBE_ami_zho_TMEM_U000194
Amis_5169,GLOSBE_REVIEWED_ZHO_c86e30398b341d63,GLOSBE_ami_zho_TMEM_U000620
Amis_5170,GLOSBE_REVIEWED_ZHO_84bfe1646a969503,GLOSBE_ami_zho_TMEM_U000444
Amis_5171,GLOSBE_REVIEWED_ZHO_b083efd209d1407c,GLOSBE_ami_zho_TMEM_U000340
Amis_5172,GLOSBE_REVIEWED_ZHO_fbc1b78c72d14956,GLOSBE_ami_zho_TMEM_U001544
Amis_5173,GLOSBE_REVIEWED_ZHO_14bf91273497fb17,GLOSBE_ami_zho_TMEM_U000460
Amis_5174,GLOSBE_REVIEWED_ZHO_b21a554e68234d1d,GLOSBE_ami_zho_TMEM_U000352
Amis_5175,GLOSBE_REVIEWED_ZHO_66722e1bbff77b0f,GLOSBE_ami_zho_TMEM_U000838
Amis_5176,GLOSBE_REVIEWED_ZHO_0acdad528c952a46,GLOSBE_ami_zho_TMEM_U000649
Amis_5177,GLOSBE_REVIEWED_ZHO_4c4f9a70eaeec5a3,GLOSBE_ami_zho_TMEM_U000874
Amis_5178,GLOSBE_REVIEWED_ZHO_2bdafd1e04fb267c,GLOSBE_ami_zho_TMEM_U000674
Amis_5179,GLOSBE_REVIEWED_ZHO_728d9841118f2db4,GLOSBE_ami_zho_TMEM_U000693
Amis_5180,GLOSBE_REVIEWED_ZHO_1d58df0580baa1b0,GLOSBE_ami_zho_TMEM_U001652
Amis_5181,GLOSBE_REVIEWED_ZHO_67fcb90fb20cf36e,GLOSBE_ami_zho_TMEM_U001661
Amis_5182,GLOSBE_REVIEWED_ZHO_3276a2517463aa55,GLOSBE_ami_zho_TMEM_U002145
Amis_5183,GLOSBE_REVIEWED_ZHO_03602568e137cd57,GLOSBE_ami_zho_TMEM_U000840
Amis_5184,GLOSBE_REVIEWED_ZHO_bd22d8a3cd373fda,GLOSBE_ami_zho_TMEM_U000743
Amis_5185,GLOSBE_REVIEWED_ZHO_65ece9e12301418d,GLOSBE_ami_zho_TMEM_U001807
Amis_5186,GLOSBE_REVIEWED_ZHO_8c5d2163cb995322,GLOSBE_ami_zho_TMEM_U001377
Amis_5187,GLOSBE_REVIEWED_ZHO_e9e13780435a52a3,GLOSBE_ami_zho_TMEM_U001689
Amis_5188,GLOSBE_REVIEWED_ZHO_cc6da56c154d2c11,GLOSBE_ami_zho_TMEM_U001163
Amis_5189,GLOSBE_REVIEWED_ZHO_79bc704f45d963e6,GLOSBE_ami_zho_TMEM_U002146
Amis_5190,GLOSBE_REVIEWED_ZHO_7392e14e553baa21,GLOSBE_ami_zho_TMEM_U002104
Amis_5191,GLOSBE_REVIEWED_ZHO_7f2ca5e27344df05,GLOSBE_ami_zho_TMEM_U001830
Amis_5192,GLOSBE_REVIEWED_ZHO_7053eb914b10f173,GLOSBE_ami_zho_TMEM_U002147
Amis_5193,GLOSBE_REVIEWED_ZHO_321f3ed6f5e75a7e,GLOSBE_ami_zho_TMEM_U001071
Amis_5194,GLOSBE_REVIEWED_ZHO_5b5e2d439b64e6ed,GLOSBE_ami_zho_TMEM_U002148
Amis_5195,GLOSBE_REVIEWED_ZHO_5ddd602bca5a093e,GLOSBE_ami_zho_TMEM_U001899
Amis_5196,GLOSBE_REVIEWED_ZHO_b49b9ae28fca7b86,GLOSBE_ami_zho_TMEM_U001423
Amis_5197,GLOSBE_REVIEWED_ZHO_d0e839f9bc59ee73,GLOSBE_ami_zho_TMEM_U000147
Amis_5198,GLOSBE_REVIEWED_ZHO_1f13a63d55bfb9b6,GLOSBE_ami_zho_TMEM_U000549
Amis_5199,GLOSBE_REVIEWED_ZHO_05cd6c0d7f62f042,GLOSBE_ami_zho_TMEM_U000713
Amis_5200,GLOSBE_REVIEWED_ZHO_4dbbbe9b59255cbf,GLOSBE_ami_zho_TMEM_U001345
Amis_5201,GLOSBE_REVIEWED_ZHO_24c886d7a32771cd,GLOSBE_ami_zho_TMEM_U001346
Amis_5202,GLOSBE_REVIEWED_ZHO_527ecef0b2f78068,GLOSBE_ami_zho_TMEM_U001347
Amis_5203,GLOSBE_REVIEWED_ZHO_9f9d8a0402ce5994,GLOSBE_ami_zho_TMEM_U001348
Amis_5204,GLOSBE_REVIEWED_ZHO_90ee5c996761f10b,GLOSBE_ami_zho_TMEM_U000731
Amis_5205,GLOSBE_REVIEWED_ZHO_e222c60d588827ab,GLOSBE_ami_zho_TMEM_U001349
Amis_5206,GLOSBE_REVIEWED_ZHO_3dfa90d72e421008,GLOSBE_ami_zho_TMEM_U001350
Amis_5207,GLOSBE_REVIEWED_ZHO_5b9d66e30d55d5c8,GLOSBE_ami_zho_TMEM_U001351
Amis_5208,GLOSBE_REVIEWED_ZHO_faf09b6c83ec3a31,GLOSBE_ami_zho_TMEM_U001046
Amis_5209,GLOSBE_REVIEWED_ZHO_6b1e585da2a62e2a,GLOSBE_ami_zho_TMEM_U000817
Amis_5210,GLOSBE_STATIC_c8c1e3c604f588af9b86,GLOSBE_ami_zho_TMEM_U000023
Amis_5211,GLOSBE_REVIEWED_ZHO_4b58d9ab321e6c69,GLOSBE_ami_zho_TMEM_U000244
Amis_5212,GLOSBE_REVIEWED_ZHO_22d7ad8daa43f772,GLOSBE_ami_zho_TMEM_U000486
Amis_5213,GLOSBE_REVIEWED_ZHO_32b340de4a8cbed2,GLOSBE_ami_zho_TMEM_U000088
Amis_5214,GLOSBE_REVIEWED_ZHO_ea045d3567206290,GLOSBE_ami_zho_TMEM_U000270
Amis_5215,GLOSBE_REVIEWED_ZHO_9ccf7b4e252e18af,GLOSBE_ami_zho_TMEM_U000126
Amis_5216,GLOSBE_REVIEWED_ZHO_e0caceb40c188c28,GLOSBE_ami_zho_TMEM_U001558
Amis_5217,GLOSBE_REVIEWED_ZHO_54cee63809ce727d,GLOSBE_ami_zho_TMEM_U000291
Amis_5218,GLOSBE_REVIEWED_ZHO_7da2eb3f42097400,GLOSBE_ami_zho_TMEM_U000964
Amis_5219,GLOSBE_REVIEWED_ZHO_da8ca80db090cce5,GLOSBE_ami_zho_TMEM_U000217
Amis_5220,GLOSBE_REVIEWED_ZHO_db88d855e80ce27d,GLOSBE_ami_zho_TMEM_U000573
Amis_5221,GLOSBE_REVIEWED_ZHO_e5613eebdc2b6f5d,GLOSBE_ami_zho_TMEM_U000445
Amis_5222,GLOSBE_REVIEWED_ZHO_02b8f25e1663f3fb,GLOSBE_ami_zho_TMEM_U001179
Amis_5223,GLOSBE_REVIEWED_ZHO_f442e9ab3c11bfe7,GLOSBE_ami_zho_TMEM_U001633
Amis_5224,GLOSBE_REVIEWED_ZHO_ab9e86fc244e18b9,GLOSBE_ami_zho_TMEM_U000457
Amis_5225,GLOSBE_REVIEWED_ZHO_2e497ec2e90ec9f6,GLOSBE_ami_zho_TMEM_U001406
Amis_5226,GLOSBE_REVIEWED_ZHO_62505fb28c0785fe,GLOSBE_ami_zho_TMEM_U001573
Amis_5227,GLOSBE_REVIEWED_ZHO_1f7b1e1fb0cb5599,GLOSBE_ami_zho_TMEM_U001651
Amis_5228,GLOSBE_REVIEWED_ZHO_9124a65b9fc9deb9,GLOSBE_ami_zho_TMEM_U002149
Amis_5229,GLOSBE_REVIEWED_ZHO_6ed09829dedd5928,GLOSBE_ami_zho_TMEM_U000803
Amis_5230,GLOSBE_REVIEWED_ZHO_c5399b1e5ab06c8a,GLOSBE_ami_zho_TMEM_U001802
Amis_5231,GLOSBE_REVIEWED_ZHO_34bbeee1355bdd06,GLOSBE_ami_zho_TMEM_U001757
Amis_5232,GLOSBE_REVIEWED_ZHO_3d3eb8a1d52cdcbd,GLOSBE_ami_zho_TMEM_U001604
Amis_5233,GLOSBE_REVIEWED_ZHO_11f3792f7a1cc042,GLOSBE_ami_zho_TMEM_U002015
Amis_5234,GLOSBE_REVIEWED_ZHO_85db6866ca8bd983,GLOSBE_ami_zho_TMEM_U001759
Amis_5235,GLOSBE_REVIEWED_ZHO_6b5d945e5d5eff88,GLOSBE_ami_zho_TMEM_U000787
Amis_5236,GLOSBE_REVIEWED_ZHO_f82f0abd2f81ac27,GLOSBE_ami_zho_TMEM_U001806
Amis_5237,GLOSBE_REVIEWED_ZHO_340c9b6f0941b5fd,GLOSBE_ami_zho_TMEM_U001733
Amis_5238,GLOSBE_REVIEWED_ZHO_a4e722000461428d,GLOSBE_ami_zho_TMEM_U002150
Amis_5239,GLOSBE_REVIEWED_ZHO_7b1b124ca1e1ddec,GLOSBE_ami_zho_TMEM_U001328
Amis_5240,GLOSBE_REVIEWED_ZHO_2a8ea5f85516477d,GLOSBE_ami_zho_TMEM_U001235
Amis_5241,GLOSBE_REVIEWED_ZHO_7e6359e0be508a0b,GLOSBE_ami_zho_TMEM_U001810
Amis_5242,GLOSBE_REVIEWED_ZHO_d45dc16c73257cd2,GLOSBE_ami_zho_TMEM_U002113
Amis_5243,GLOSBE_REVIEWED_ZHO_c4581de72940ce1d,GLOSBE_ami_zho_TMEM_U001945
Amis_5244,GLOSBE_REVIEWED_ZHO_9310fd371eaea391,GLOSBE_ami_zho_TMEM_U000210
Amis_5245,GLOSBE_REVIEWED_ZHO_31ee4eec34c9806c,GLOSBE_ami_zho_TMEM_U002151
Amis_5246,GLOSBE_REVIEWED_ZHO_3d156c4fdbca8694,GLOSBE_ami_zho_TMEM_U001270
Amis_5247,GLOSBE_REVIEWED_ZHO_90382a37b1060364,GLOSBE_ami_zho_TMEM_U001574
Amis_5248,GLOSBE_REVIEWED_ZHO_46de1aa3dbc2f1f1,GLOSBE_ami_zho_TMEM_U002152
Amis_5249,GLOSBE_REVIEWED_ZHO_5b5df36ee80818d8,GLOSBE_ami_zho_TMEM_U002153
Amis_5250,GLOSBE_REVIEWED_ZHO_fef010bc7f89cd31,GLOSBE_ami_zho_TMEM_U000142
Amis_5251,GLOSBE_REVIEWED_ZHO_7f6f82171f3ece7a,GLOSBE_ami_zho_TMEM_U002154
Amis_5252,GLOSBE_REVIEWED_ZHO_3677beed52f2fd96,GLOSBE_ami_zho_TMEM_U001822
Amis_5253,GLOSBE_REVIEWED_ZHO_e6f5ede11c5b9137,GLOSBE_ami_zho_TMEM_U000045
Amis_5254,GLOSBE_REVIEWED_ZHO_5ea299632e226809,GLOSBE_ami_zho_TMEM_U002155
Amis_5255,GLOSBE_REVIEWED_ZHO_f53e0d5e38527050,GLOSBE_ami_zho_TMEM_U000032
Amis_5256,GLOSBE_STATIC_af927a1a7ab2bb76b1e8,GLOSBE_ami_zho_TMEM_U000024
Amis_5257,GLOSBE_REVIEWED_ZHO_37d8326b064baf60,GLOSBE_ami_zho_TMEM_U002156
Amis_5258,GLOSBE_REVIEWED_ZHO_1c700130ef019bb9,GLOSBE_ami_zho_TMEM_U000369
Amis_5259,GLOSBE_REVIEWED_ZHO_be2f024f111b54a9,GLOSBE_ami_zho_TMEM_U002157
Amis_5260,GLOSBE_REVIEWED_ZHO_2787ee828bcefeb9,GLOSBE_ami_zho_TMEM_U002158
Amis_5261,GLOSBE_REVIEWED_ZHO_387f6b1429ff08cd,GLOSBE_ami_zho_TMEM_U000085
Amis_5262,GLOSBE_REVIEWED_ZHO_ade6b796c0293820,GLOSBE_ami_zho_TMEM_U002159
Amis_5263,GLOSBE_REVIEWED_ZHO_b49f5774e17027f6,GLOSBE_ami_zho_TMEM_U000113
Amis_5264,GLOSBE_REVIEWED_ZHO_2b7414980b007d21,GLOSBE_ami_zho_TMEM_U001901
Amis_5265,GLOSBE_REVIEWED_ZHO_a9b23fbe11051aec,GLOSBE_ami_zho_TMEM_U000176
Amis_5266,GLOSBE_REVIEWED_ZHO_5acfd3e5b0b67908,GLOSBE_ami_zho_TMEM_U002160
Amis_5267,GLOSBE_REVIEWED_ZHO_6f92e6238bdb9749,GLOSBE_ami_zho_TMEM_U000183
Amis_5268,GLOSBE_REVIEWED_ZHO_cc171385af3ad67c,GLOSBE_ami_zho_TMEM_U002161
Amis_5269,GLOSBE_REVIEWED_ZHO_90273a44513cd804,GLOSBE_ami_zho_TMEM_U002162
Amis_5270,GLOSBE_REVIEWED_ZHO_610c11ade4d9fcfe,GLOSBE_ami_zho_TMEM_U002163
Amis_5271,GLOSBE_REVIEWED_ZHO_327efe10c027038f,GLOSBE_ami_zho_TMEM_U000625
Amis_5272,GLOSBE_REVIEWED_ZHO_664af43e5fcb35ee,GLOSBE_ami_zho_TMEM_U002164
Amis_5273,GLOSBE_REVIEWED_ZHO_dbdd79757e5cf121,GLOSBE_ami_zho_TMEM_U000458
Amis_5274,GLOSBE_REVIEWED_ZHO_022bf499c5576dc9,GLOSBE_ami_zho_TMEM_U002165
Amis_5275,GLOSBE_REVIEWED_ZHO_58019b201df8cb0f,GLOSBE_ami_zho_TMEM_U001187
Amis_5276,GLOSBE_REVIEWED_ZHO_e39295d4745974d9,GLOSBE_ami_zho_TMEM_U002166
Amis_5277,GLOSBE_REVIEWED_ZHO_d396641d9912b360,GLOSBE_ami_zho_TMEM_U002167
Amis_5278,GLOSBE_REVIEWED_ZHO_b29a90630c6d194d,GLOSBE_ami_zho_TMEM_U002168
Amis_5279,GLOSBE_REVIEWED_ZHO_edb6979cc3226113,GLOSBE_ami_zho_TMEM_U002169
Amis_5280,GLOSBE_REVIEWED_ZHO_f2ce9c658c5bf4ca,GLOSBE_ami_zho_TMEM_U000986
Amis_5281,GLOSBE_REVIEWED_ZHO_f7d25a261b216631,GLOSBE_ami_zho_TMEM_U002170
Amis_5282,GLOSBE_REVIEWED_ZHO_bc38b25172df3498,GLOSBE_ami_zho_TMEM_U000999
Amis_5283,GLOSBE_REVIEWED_ZHO_584fb36a8d689594,GLOSBE_ami_zho_TMEM_U002171
Amis_5284,GLOSBE_REVIEWED_ZHO_bd0dc743fe67d557,GLOSBE_ami_zho_TMEM_U000952
Amis_5285,GLOSBE_REVIEWED_ZHO_8da02f28280210a3,GLOSBE_ami_zho_TMEM_U002172
Amis_5286,GLOSBE_REVIEWED_ZHO_4b40370e04498f28,GLOSBE_ami_zho_TMEM_U002173
Amis_5287,GLOSBE_REVIEWED_ZHO_eaa9aa2b484f9bf7,GLOSBE_ami_zho_TMEM_U001012
Amis_5288,GLOSBE_REVIEWED_ZHO_364a90ee95f89b9c,GLOSBE_ami_zho_TMEM_U002174
Amis_5289,GLOSBE_REVIEWED_ZHO_a7b844d48642e8c0,GLOSBE_ami_zho_TMEM_U002175
Amis_5290,GLOSBE_REVIEWED_ZHO_927b0ddcc02a7ec7,GLOSBE_ami_zho_TMEM_U000890
Amis_5291,GLOSBE_REVIEWED_ZHO_4815a77fdd5146f2,GLOSBE_ami_zho_TMEM_U002176
Amis_5292,GLOSBE_REVIEWED_ZHO_3677beed52f2fd96,GLOSBE_ami_zho_TMEM_U001822
Amis_5293,GLOSBE_REVIEWED_ZHO_c687cbbb6caf4eae,GLOSBE_ami_zho_TMEM_U002177
Amis_5294,GLOSBE_REVIEWED_ZHO_6af87e921ce48032,GLOSBE_ami_zho_TMEM_U002178
Amis_5295,GLOSBE_REVIEWED_ZHO_198019c2c4f9a844,GLOSBE_ami_zho_TMEM_U002179
Amis_5296,GLOSBE_REVIEWED_ZHO_72dac9b1cc2358e2,GLOSBE_ami_zho_TMEM_U002180
Amis_5297,GLOSBE_REVIEWED_ZHO_9acdf015fbc0c858,GLOSBE_ami_zho_TMEM_U002181
Amis_5298,GLOSBE_REVIEWED_ZHO_94546689c487f244,GLOSBE_ami_zho_TMEM_U002182
Amis_5299,GLOSBE_REVIEWED_ZHO_05a3549bf787e222,GLOSBE_ami_zho_TMEM_U002183
Amis_5300,GLOSBE_REVIEWED_ZHO_3feb4a0091b845ee,GLOSBE_ami_zho_TMEM_U002184
Amis_5301,GLOSBE_REVIEWED_ZHO_fca20ba663195227,GLOSBE_ami_zho_TMEM_U001042
Amis_5302,GLOSBE_REVIEWED_ZHO_555fb98a5339e1af,GLOSBE_ami_zho_TMEM_U002185
Amis_5303,GLOSBE_REVIEWED_ZHO_4238ac8212c39667,GLOSBE_ami_zho_TMEM_U002186
Amis_5304,GLOSBE_REVIEWED_ZHO_2519a8b0bfc70c9d,GLOSBE_ami_zho_TMEM_U002187
Amis_5305,GLOSBE_REVIEWED_ZHO_f14e9cf8d323a9aa,GLOSBE_ami_zho_TMEM_U001052
Amis_5306,GLOSBE_REVIEWED_ZHO_49fc0bc45584819e,GLOSBE_ami_zho_TMEM_U002188
Amis_5307,GLOSBE_REVIEWED_ZHO_010a1c17c270f9cc,GLOSBE_ami_zho_TMEM_U002189
Amis_5308,GLOSBE_REVIEWED_ZHO_65d6fa7289fbcd40,GLOSBE_ami_zho_TMEM_U001464
Amis_5309,GLOSBE_REVIEWED_ZHO_166be82f6dfeebc8,GLOSBE_ami_zho_TMEM_U001064
Amis_5310,GLOSBE_REVIEWED_ZHO_a4faffb04f095049,GLOSBE_ami_zho_TMEM_U001333
Amis_5311,GLOSBE_REVIEWED_ZHO_217084ed071be81c,GLOSBE_ami_zho_TMEM_U002190
Amis_5312,GLOSBE_REVIEWED_ZHO_74ab24f1e993cc16,GLOSBE_ami_zho_TMEM_U002191
Amis_5313,GLOSBE_REVIEWED_ZHO_7965cf629a7196ab,GLOSBE_ami_zho_TMEM_U002192
Amis_5314,GLOSBE_REVIEWED_ZHO_030a45fc6504e779,GLOSBE_ami_zho_TMEM_U002193
Amis_5315,GLOSBE_REVIEWED_ZHO_d879588c750aef6a,GLOSBE_ami_zho_TMEM_U002194
Amis_5316,GLOSBE_REVIEWED_ZHO_8704ea2cbf0b76fd,GLOSBE_ami_zho_TMEM_U001401
Amis_5317,GLOSBE_REVIEWED_ZHO_facf85570659eff0,GLOSBE_ami_zho_TMEM_U002195
Amis_5318,GLOSBE_REVIEWED_ZHO_88193f90fd3b583c,GLOSBE_ami_zho_TMEM_U002196
Amis_5319,GLOSBE_REVIEWED_ZHO_22d7ad8daa43f772,GLOSBE_ami_zho_TMEM_U000486
Amis_5320,GLOSBE_REVIEWED_ZHO_797cae69390f1922,GLOSBE_ami_zho_TMEM_U000579
Amis_5321,GLOSBE_REVIEWED_ZHO_cca26c3b7b43a699,GLOSBE_ami_zho_TMEM_U000343
Amis_5322,GLOSBE_REVIEWED_ZHO_8a3eec47865ac64d,GLOSBE_ami_zho_TMEM_U000973
Amis_5323,GLOSBE_REVIEWED_ZHO_4fcb2c686bf87b7a,GLOSBE_ami_zho_TMEM_U002197
Amis_5324,GLOSBE_REVIEWED_ZHO_4dbbbe9b59255cbf,GLOSBE_ami_zho_TMEM_U001345
Amis_5325,GLOSBE_REVIEWED_ZHO_247ea1652105fbe3,GLOSBE_ami_zho_TMEM_U000727
Amis_5326,GLOSBE_REVIEWED_ZHO_b2c0b3e113d080ff,GLOSBE_ami_zho_TMEM_U001690
Amis_5327,GLOSBE_REVIEWED_ZHO_6198e1491f2d522a,GLOSBE_ami_zho_TMEM_U002198
Amis_5328,GLOSBE_REVIEWED_ZHO_04ee5d26d5700c4b,GLOSBE_ami_zho_TMEM_U002199
Amis_5329,GLOSBE_REVIEWED_ZHO_a5c694f3e636c2c2,GLOSBE_ami_zho_TMEM_U001982
Amis_5330,GLOSBE_STATIC_cfcca38b2b7636ed3ee2,GLOSBE_ami_zho_TMEM_U000025
Amis_5331,GLOSBE_REVIEWED_ZHO_131443dcd3f86553,GLOSBE_ami_zho_TMEM_U000380
Amis_5332,GLOSBE_REVIEWED_ZHO_72d21ca014035485,GLOSBE_ami_zho_TMEM_U002200
Amis_5333,GLOSBE_REVIEWED_ZHO_f05abc66ec528e1a,GLOSBE_ami_zho_TMEM_U000168
Amis_5334,GLOSBE_REVIEWED_ZHO_6f8e976714d2ecdf,GLOSBE_ami_zho_TMEM_U000554
Amis_5335,GLOSBE_REVIEWED_ZHO_9fa1bbccffa94685,GLOSBE_ami_zho_TMEM_U001100
Amis_5336,GLOSBE_REVIEWED_ZHO_b08f568367a5f876,GLOSBE_ami_zho_TMEM_U000470
Amis_5337,GLOSBE_REVIEWED_ZHO_a80169563dd3c116,GLOSBE_ami_zho_TMEM_U002201
Amis_5338,GLOSBE_REVIEWED_ZHO_0c0025b56346d316,GLOSBE_ami_zho_TMEM_U002202
Amis_5339,GLOSBE_REVIEWED_ZHO_c0e2648e42799990,GLOSBE_ami_zho_TMEM_U001107
Amis_5340,GLOSBE_REVIEWED_ZHO_541d70f794f0fca9,GLOSBE_ami_zho_TMEM_U000877
Amis_5341,GLOSBE_REVIEWED_ZHO_ad1225cc25dfe836,GLOSBE_ami_zho_TMEM_U001304
Amis_5342,GLOSBE_REVIEWED_ZHO_287242b855917df4,GLOSBE_ami_zho_TMEM_U001658
Amis_5343,GLOSBE_REVIEWED_ZHO_3858be51b063db0d,GLOSBE_ami_zho_TMEM_U000886
Amis_5344,GLOSBE_REVIEWED_ZHO_ed300c4853f715ea,GLOSBE_ami_zho_TMEM_U001681
Amis_5345,GLOSBE_REVIEWED_ZHO_5b9d66e30d55d5c8,GLOSBE_ami_zho_TMEM_U001351
Amis_5346,GLOSBE_REVIEWED_ZHO_df5b929d29be93bb,GLOSBE_ami_zho_TMEM_U001040
Amis_5347,GLOSBE_REVIEWED_ZHO_f0fdab00da32c21f,GLOSBE_ami_zho_TMEM_U001135
Amis_5348,GLOSBE_REVIEWED_ZHO_ded7f57812d7e1eb,GLOSBE_ami_zho_TMEM_U002203
Amis_5349,GLOSBE_REVIEWED_ZHO_f09b3d88cc6c0ae3,GLOSBE_ami_zho_TMEM_U002204
Amis_5350,GLOSBE_REVIEWED_ZHO_b154afba3030d383,GLOSBE_ami_zho_TMEM_U002205
Amis_5351,GLOSBE_REVIEWED_ZHO_9a9230c04ab88fe2,GLOSBE_ami_zho_TMEM_U002206
Amis_5352,GLOSBE_REVIEWED_ZHO_6d9e782b4627e7b4,GLOSBE_ami_zho_TMEM_U002207
Amis_5353,GLOSBE_REVIEWED_ZHO_8ba98d36bc69f26d,GLOSBE_ami_zho_TMEM_U000243
Amis_5354,GLOSBE_REVIEWED_ZHO_4b58d9ab321e6c69,GLOSBE_ami_zho_TMEM_U000244
Amis_5355,GLOSBE_REVIEWED_ZHO_4080c685af057c04,GLOSBE_ami_zho_TMEM_U000092
Amis_5356,GLOSBE_REVIEWED_ZHO_f4d2fae1847d8a47,GLOSBE_ami_zho_TMEM_U001933
Amis_5357,GLOSBE_REVIEWED_ZHO_f6d59908872014f8,GLOSBE_ami_zho_TMEM_U001610
Amis_5358,GLOSBE_REVIEWED_ZHO_4aefd30a19ff27be,GLOSBE_ami_zho_TMEM_U001050
Amis_5359,GLOSBE_REVIEWED_ZHO_cda95e924bad0455,GLOSBE_ami_zho_TMEM_U001144
Amis_5360,GLOSBE_REVIEWED_ZHO_c7a8865fd13c7a28,GLOSBE_ami_zho_TMEM_U001977
Amis_5361,GLOSBE_REVIEWED_ZHO_b8f8c29dfc0f271d,GLOSBE_ami_zho_TMEM_U002208
Amis_5362,GLOSBE_REVIEWED_ZHO_90c911b731fe9014,GLOSBE_ami_zho_TMEM_U000399
Amis_5363,GLOSBE_REVIEWED_ZHO_45580186a6283915,GLOSBE_ami_zho_TMEM_U000404
Amis_5364,GLOSBE_REVIEWED_ZHO_f545f6edecf841e9,GLOSBE_ami_zho_TMEM_U002209
Amis_5365,GLOSBE_REVIEWED_ZHO_a72c9a8a297d3f30,GLOSBE_ami_zho_TMEM_U001717
Amis_5366,GLOSBE_REVIEWED_ZHO_e417f878c7b80d37,GLOSBE_ami_zho_TMEM_U000684
Amis_5367,GLOSBE_REVIEWED_ZHO_2bf54de41755eaed,GLOSBE_ami_zho_TMEM_U001779
Amis_5368,GLOSBE_REVIEWED_ZHO_44d3326c0cbf127d,GLOSBE_ami_zho_TMEM_U001985
Amis_5369,GLOSBE_REVIEWED_ZHO_fb2e64c3041da09f,GLOSBE_ami_zho_TMEM_U000995
Amis_5370,GLOSBE_REVIEWED_ZHO_efa166b1517849db,GLOSBE_ami_zho_TMEM_U002210
Amis_5371,GLOSBE_REVIEWED_ZHO_5e2eb91fdfd43e8e,GLOSBE_ami_zho_TMEM_U001330
Amis_5372,GLOSBE_REVIEWED_ZHO_2995d80dce05b672,GLOSBE_ami_zho_TMEM_U002211
Amis_5373,GLOSBE_REVIEWED_ZHO_dc1bf28d0edff785,GLOSBE_ami_zho_TMEM_U002212
Amis_5374,GLOSBE_REVIEWED_ZHO_7638c7b0b143f4fb,GLOSBE_ami_zho_TMEM_U002213
Amis_5375,GLOSBE_REVIEWED_ZHO_a9171d0606a652a1,GLOSBE_ami_zho_TMEM_U002214
Amis_5376,GLOSBE_REVIEWED_ZHO_32df16131a0465ae,GLOSBE_ami_zho_TMEM_U002215
Amis_5377,GLOSBE_REVIEWED_ZHO_cfc629f817b6083d,GLOSBE_ami_zho_TMEM_U002216
Amis_5378,GLOSBE_STATIC_75d9fb8d2b80a7133e43,GLOSBE_ami_zho_TMEM_U000016
Amis_5379,GLOSBE_REVIEWED_ZHO_8aefee7f6ea465e0,GLOSBE_ami_zho_TMEM_U000979
Amis_5380,GLOSBE_REVIEWED_ZHO_971f75da1797a8a5,GLOSBE_ami_zho_TMEM_U002217
Amis_5381,GLOSBE_REVIEWED_ZHO_91897bc907b9fd38,GLOSBE_ami_zho_TMEM_U002218
Amis_5382,GLOSBE_REVIEWED_ZHO_12494b8e34f2ef13,GLOSBE_ami_zho_TMEM_U001913
Amis_5383,GLOSBE_STATIC_4a860a43d9ed667c0894,GLOSBE_ami_zho_TMEM_U000007
Amis_5384,GLOSBE_REVIEWED_ZHO_0728178242e42dc4,GLOSBE_ami_zho_TMEM_U000237
Amis_5385,GLOSBE_REVIEWED_ZHO_d809c3c4cc7ab004,GLOSBE_ami_zho_TMEM_U001628
Amis_5386,GLOSBE_REVIEWED_ZHO_6ef96f7e247f5ec5,GLOSBE_ami_zho_TMEM_U000478
Amis_5387,GLOSBE_REVIEWED_ZHO_1c389e6cd528686b,GLOSBE_ami_zho_TMEM_U001479
Amis_5388,GLOSBE_REVIEWED_ZHO_c48a6730207508bc,GLOSBE_ami_zho_TMEM_U002219
Amis_5389,GLOSBE_REVIEWED_ZHO_4b6be2155183a59f,GLOSBE_ami_zho_TMEM_U001202
Amis_5390,GLOSBE_REVIEWED_ZHO_3ef547cf94653685,GLOSBE_ami_zho_TMEM_U001738
Amis_5391,GLOSBE_REVIEWED_ZHO_bc0c04f78cb45bbb,GLOSBE_ami_zho_TMEM_U001919
Amis_5392,GLOSBE_REVIEWED_ZHO_58cabab3f2e885c5,GLOSBE_ami_zho_TMEM_U001070
Amis_5393,GLOSBE_REVIEWED_ZHO_46de1aa3dbc2f1f1,GLOSBE_ami_zho_TMEM_U002152
Amis_5394,GLOSBE_REVIEWED_ZHO_814f0ca208db28c1,GLOSBE_ami_zho_TMEM_U000247
Amis_5395,GLOSBE_REVIEWED_ZHO_0f5360fb55471d53,GLOSBE_ami_zho_TMEM_U000058
Amis_5396,GLOSBE_REVIEWED_ZHO_f70aee9b9e20b015,GLOSBE_ami_zho_TMEM_U002220
Amis_5397,GLOSBE_REVIEWED_ZHO_0877a7e7d0374c28,GLOSBE_ami_zho_TMEM_U000075
Amis_5398,GLOSBE_REVIEWED_ZHO_bbc72daec52fbc02,GLOSBE_ami_zho_TMEM_U000473
Amis_5399,GLOSBE_REVIEWED_ZHO_647de33b56ff6bc5,GLOSBE_ami_zho_TMEM_U000083
Amis_5400,GLOSBE_REVIEWED_ZHO_ca5f3ce450784fd9,GLOSBE_ami_zho_TMEM_U000090
Amis_5401,GLOSBE_REVIEWED_ZHO_f3e3e8bed175dc0f,GLOSBE_ami_zho_TMEM_U000107
Amis_5402,GLOSBE_REVIEWED_ZHO_e0ed50d4afbbff84,GLOSBE_ami_zho_TMEM_U000122
Amis_5403,GLOSBE_REVIEWED_ZHO_5525fcc4f9e9646a,GLOSBE_ami_zho_TMEM_U000134
Amis_5404,GLOSBE_REVIEWED_ZHO_d0e839f9bc59ee73,GLOSBE_ami_zho_TMEM_U000147
Amis_5405,GLOSBE_REVIEWED_ZHO_e61b3b2ab39c71a6,GLOSBE_ami_zho_TMEM_U002221
Amis_5406,GLOSBE_REVIEWED_ZHO_6fc3d00b2cb0a841,GLOSBE_ami_zho_TMEM_U000215
Amis_5407,GLOSBE_REVIEWED_ZHO_b10bbb7814d78c8e,GLOSBE_ami_zho_TMEM_U000222
Amis_5408,GLOSBE_REVIEWED_ZHO_a2e063f00c9f7058,GLOSBE_ami_zho_TMEM_U000226
Amis_5409,GLOSBE_REVIEWED_ZHO_b92fc487de80de59,GLOSBE_ami_zho_TMEM_U000322
Amis_5410,GLOSBE_REVIEWED_ZHO_3a675d9e45ae9e31,GLOSBE_ami_zho_TMEM_U000359
Amis_5411,GLOSBE_REVIEWED_ZHO_dd91562191c34270,GLOSBE_ami_zho_TMEM_U000836
Amis_5412,GLOSBE_REVIEWED_ZHO_4abf85294f73d69a,GLOSBE_ami_zho_TMEM_U000107
Amis_5413,GLOSBE_REVIEWED_ZHO_1c378274b8bd0850,GLOSBE_ami_zho_TMEM_U000639
Amis_5414,GLOSBE_REVIEWED_ZHO_25528191caf52c62,GLOSBE_ami_zho_TMEM_U000947
Amis_5415,GLOSBE_REVIEWED_ZHO_72928099f70264a9,GLOSBE_ami_zho_TMEM_U001702
Amis_5416,GLOSBE_REVIEWED_ZHO_1866a6a46158a9d2,GLOSBE_ami_zho_TMEM_U001642
Amis_5417,GLOSBE_REVIEWED_ZHO_bc78e809907ee0b4,GLOSBE_ami_zho_TMEM_U002222
Amis_5418,GLOSBE_REVIEWED_ZHO_1f9bb3bd16e8384a,GLOSBE_ami_zho_TMEM_U001486
Amis_5419,GLOSBE_REVIEWED_ZHO_ff8cdd24ac246f88,GLOSBE_ami_zho_TMEM_U001884
Amis_5420,GLOSBE_REVIEWED_ZHO_637ded30caeaadac,GLOSBE_ami_zho_TMEM_U001193
Amis_5421,GLOSBE_REVIEWED_ZHO_fb2e64c3041da09f,GLOSBE_ami_zho_TMEM_U000995
Amis_5422,GLOSBE_REVIEWED_ZHO_cbfae73753112c6d,GLOSBE_ami_zho_TMEM_U001429
Amis_5423,GLOSBE_REVIEWED_ZHO_8e5226792173426e,GLOSBE_ami_zho_TMEM_U001535
Amis_5424,GLOSBE_REVIEWED_ZHO_866b7c7aa100b321,GLOSBE_ami_zho_TMEM_U000780
Amis_5425,GLOSBE_REVIEWED_ZHO_99c8bda0564dd491,GLOSBE_ami_zho_TMEM_U000849
Amis_5426,GLOSBE_REVIEWED_ZHO_e873bc8f1f7e66cb,GLOSBE_ami_zho_TMEM_U002223
Amis_5427,GLOSBE_REVIEWED_ZHO_19ec12fe1a80ffe0,GLOSBE_ami_zho_TMEM_U002089
Amis_5428,GLOSBE_REVIEWED_ZHO_11f3792f7a1cc042,GLOSBE_ami_zho_TMEM_U002015
Amis_5429,GLOSBE_REVIEWED_ZHO_5d71f42ee7d239d5,GLOSBE_ami_zho_TMEM_U002224
Amis_5430,GLOSBE_REVIEWED_ZHO_4b552fb6e3a9c1ae,GLOSBE_ami_zho_TMEM_U001669
Amis_5431,GLOSBE_REVIEWED_ZHO_b829e5deabfc2a98,GLOSBE_ami_zho_TMEM_U002225
Amis_5432,GLOSBE_REVIEWED_ZHO_ec2620f6738ec360,GLOSBE_ami_zho_TMEM_U001890
Amis_5433,GLOSBE_REVIEWED_ZHO_b813df677da5c6b1,GLOSBE_ami_zho_TMEM_U001921
Amis_5434,GLOSBE_REVIEWED_ZHO_877c0a738314e413,GLOSBE_ami_zho_TMEM_U001922
Amis_5435,GLOSBE_REVIEWED_ZHO_4e7291d7a337aef5,GLOSBE_ami_zho_TMEM_U001875
Amis_5436,GLOSBE_REVIEWED_ZHO_44fe6a7411b28777,GLOSBE_ami_zho_TMEM_U001039
Amis_5437,GLOSBE_REVIEWED_ZHO_b3bb5dd5356a9113,GLOSBE_ami_zho_TMEM_U002226
Amis_5438,GLOSBE_REVIEWED_ZHO_baadeb845c3111cb,GLOSBE_ami_zho_TMEM_U002223
Amis_5439,GLOSBE_REVIEWED_ZHO_840324177aaa2d14,GLOSBE_ami_zho_TMEM_U001227
Amis_5440,GLOSBE_REVIEWED_ZHO_622a025876631adb,GLOSBE_ami_zho_TMEM_U001232
Amis_5441,GLOSBE_REVIEWED_ZHO_fc6a2f7cf984868d,GLOSBE_ami_zho_TMEM_U001897
Amis_5442,GLOSBE_REVIEWED_ZHO_b8143ddd3727b602,GLOSBE_ami_zho_TMEM_U000795
Amis_5443,GLOSBE_REVIEWED_ZHO_c82bcd94ffc069fb,GLOSBE_ami_zho_TMEM_U001925
Amis_5444,GLOSBE_REVIEWED_ZHO_803513c793ba1b3f,GLOSBE_ami_zho_TMEM_U002227
Amis_5445,GLOSBE_REVIEWED_ZHO_c105734b92de46ac,GLOSBE_ami_zho_TMEM_U002228
Amis_5446,GLOSBE_REVIEWED_ZHO_87169cf521f20d90,GLOSBE_ami_zho_TMEM_U002229
Amis_5447,GLOSBE_REVIEWED_ZHO_5ddd602bca5a093e,GLOSBE_ami_zho_TMEM_U001899
Amis_5448,GLOSBE_REVIEWED_ZHO_52d42b3a25a61e2d,GLOSBE_ami_zho_TMEM_U001848
Amis_5449,GLOSBE_REVIEWED_ZHO_8c30fe4caa95d897,GLOSBE_ami_zho_TMEM_U000860
Amis_5450,GLOSBE_REVIEWED_ZHO_873f6e161b4d88a9,GLOSBE_ami_zho_TMEM_U002230
Amis_5451,GLOSBE_REVIEWED_ZHO_1059ef85d1382975,GLOSBE_ami_zho_TMEM_U002231
Amis_5452,GLOSBE_REVIEWED_ZHO_ce439f28ac776557,GLOSBE_ami_zho_TMEM_U002232
Amis_5453,GLOSBE_REVIEWED_ZHO_d75cfe3679de47d7,GLOSBE_ami_zho_TMEM_U001257
Amis_5454,GLOSBE_REVIEWED_ZHO_4d6c618ba8800889,GLOSBE_ami_zho_TMEM_U000104
Amis_5455,GLOSBE_REVIEWED_ZHO_d1f9ee7f982c6fda,GLOSBE_ami_zho_TMEM_U000800
Amis_5456,GLOSBE_REVIEWED_ZHO_f52d9765f79cecfc,GLOSBE_ami_zho_TMEM_U000805
Amis_5457,GLOSBE_REVIEWED_ZHO_0ac305f9c63be4ef,GLOSBE_ami_zho_TMEM_U002233
Amis_5458,GLOSBE_REVIEWED_ZHO_90498e93f2f953f6,GLOSBE_ami_zho_TMEM_U000509
Amis_5459,GLOSBE_REVIEWED_ZHO_647de33b56ff6bc5,GLOSBE_ami_zho_TMEM_U000083
Amis_5460,GLOSBE_REVIEWED_ZHO_af34dffb27c87fa3,GLOSBE_ami_zho_TMEM_U000140
Amis_5461,GLOSBE_REVIEWED_ZHO_669f6d3ca90d573e,GLOSBE_ami_zho_TMEM_U000653
Amis_5462,GLOSBE_REVIEWED_ZHO_d1f9ee7f982c6fda,GLOSBE_ami_zho_TMEM_U000800
Amis_5463,GLOSBE_REVIEWED_ZHO_69cb3fec19436441,GLOSBE_ami_zho_TMEM_U000802
Amis_5464,GLOSBE_REVIEWED_ZHO_40f7a1c93f9d37cf,GLOSBE_ami_zho_TMEM_U000839
Amis_5465,GLOSBE_REVIEWED_ZHO_a5de8f7890193327,GLOSBE_ami_zho_TMEM_U001905
Amis_5466,GLOSBE_REVIEWED_ZHO_b1d470479f5b6420,GLOSBE_ami_zho_TMEM_U001207
Amis_5467,GLOSBE_REVIEWED_ZHO_bb123e342307f9f7,GLOSBE_ami_zho_TMEM_U000804
Amis_5468,GLOSBE_REVIEWED_ZHO_f52d9765f79cecfc,GLOSBE_ami_zho_TMEM_U000805
Amis_5469,GLOSBE_REVIEWED_ZHO_88c89cf1f1c54451,GLOSBE_ami_zho_TMEM_U002067
Amis_5470,GLOSBE_REVIEWED_ZHO_b89b1c6a72764532,GLOSBE_ami_zho_TMEM_U001811
Amis_5471,GLOSBE_REVIEWED_ZHO_35e9db13392dea3b,GLOSBE_ami_zho_TMEM_U000766
Amis_5472,GLOSBE_REVIEWED_ZHO_6b3c9a1f86d619f4,GLOSBE_ami_zho_TMEM_U000578
Amis_5473,GLOSBE_REVIEWED_ZHO_a652d87bd69d7163,GLOSBE_ami_zho_TMEM_U002046
Amis_5474,GLOSBE_REVIEWED_ZHO_7e6359e0be508a0b,GLOSBE_ami_zho_TMEM_U001810
Amis_5475,GLOSBE_REVIEWED_ZHO_69cb3fec19436441,GLOSBE_ami_zho_TMEM_U000802
Amis_5476,GLOSBE_REVIEWED_ZHO_8680a5059589abd2,GLOSBE_ami_zho_TMEM_U002234
Amis_5477,GLOSBE_REVIEWED_ZHO_4d4dd1e5cb4da5c5,GLOSBE_ami_zho_TMEM_U002235
Amis_5478,GLOSBE_REVIEWED_ZHO_1ba34fd425460cca,GLOSBE_ami_zho_TMEM_U000253
Amis_5479,GLOSBE_REVIEWED_ZHO_b1202b1a95982791,GLOSBE_ami_zho_TMEM_U001166
Amis_5480,GLOSBE_REVIEWED_ZHO_7053eb914b10f173,GLOSBE_ami_zho_TMEM_U002147
Amis_5481,GLOSBE_REVIEWED_ZHO_58d9f9b6b058f671,GLOSBE_ami_zho_TMEM_U000538
Amis_5482,GLOSBE_REVIEWED_ZHO_e373b3b5cafa958b,GLOSBE_ami_zho_TMEM_U002236
Amis_5483,GLOSBE_REVIEWED_ZHO_486942c41d551bc8,GLOSBE_ami_zho_TMEM_U000968
Amis_5484,GLOSBE_REVIEWED_ZHO_5bad261be7511d7b,GLOSBE_ami_zho_TMEM_U001647
Amis_5485,GLOSBE_REVIEWED_ZHO_a40be7d508ad63be,GLOSBE_ami_zho_TMEM_U002237
Amis_5486,GLOSBE_REVIEWED_ZHO_e7dabc23f1290c52,GLOSBE_ami_zho_TMEM_U002238
Amis_5487,GLOSBE_REVIEWED_ZHO_c9d22d9b757d36ae,GLOSBE_ami_zho_TMEM_U001151
Amis_5488,GLOSBE_REVIEWED_ZHO_6e665277e4f7293d,GLOSBE_ami_zho_TMEM_U002128
Amis_5489,GLOSBE_REVIEWED_ZHO_e155f71efcf4870f,GLOSBE_ami_zho_TMEM_U002239
Amis_5490,GLOSBE_STATIC_5fb93f4f5aa4fe965798,GLOSBE_ami_zho_TMEM_U000003
Amis_5491,GLOSBE_REVIEWED_ZHO_3a88ca9edff4cd6c,GLOSBE_ami_zho_TMEM_U000302
Amis_5492,GLOSBE_REVIEWED_ZHO_8d5443203ed98c22,GLOSBE_ami_zho_TMEM_U001763
Amis_5493,GLOSBE_REVIEWED_ZHO_f15c46e2f8e0b1cb,GLOSBE_ami_zho_TMEM_U000283
Amis_5494,GLOSBE_REVIEWED_ZHO_a2a5671c227fc1e2,GLOSBE_ami_zho_TMEM_U001962
Amis_5495,GLOSBE_REVIEWED_ZHO_94abf7c9053811f7,GLOSBE_ami_zho_TMEM_U001159
Amis_5496,GLOSBE_REVIEWED_ZHO_f65f2dae1a7a34b4,GLOSBE_ami_zho_TMEM_U002240
Amis_5497,GLOSBE_REVIEWED_ZHO_bf3fdea55e989828,GLOSBE_ami_zho_TMEM_U000519
Amis_5498,GLOSBE_REVIEWED_ZHO_5274cc3615753956,GLOSBE_ami_zho_TMEM_U000534
Amis_5499,GLOSBE_REVIEWED_ZHO_ec69ef4f7595e6b3,GLOSBE_ami_zho_TMEM_U000178
Amis_5500,GLOSBE_REVIEWED_ZHO_fcf8482df1d81d34,GLOSBE_ami_zho_TMEM_U000556
Amis_5501,GLOSBE_REVIEWED_ZHO_02e61176ff81c882,GLOSBE_ami_zho_TMEM_U000626
Amis_5502,GLOSBE_REVIEWED_ZHO_73ed00ebc7d02e0c,GLOSBE_ami_zho_TMEM_U000465
Amis_5503,GLOSBE_REVIEWED_ZHO_2e497ec2e90ec9f6,GLOSBE_ami_zho_TMEM_U001406
Amis_5504,GLOSBE_REVIEWED_ZHO_e6598985f1355084,GLOSBE_ami_zho_TMEM_U000992
Amis_5505,GLOSBE_REVIEWED_ZHO_6805dc3d16e05b30,GLOSBE_ami_zho_TMEM_U001305
Amis_5506,GLOSBE_REVIEWED_ZHO_2dcb6f38fdd030e6,GLOSBE_ami_zho_TMEM_U001309
Amis_5507,GLOSBE_REVIEWED_ZHO_3eb6e20abe8b63e6,GLOSBE_ami_zho_TMEM_U001310
Amis_5508,GLOSBE_REVIEWED_ZHO_3b39bddfd3a21ced,GLOSBE_ami_zho_TMEM_U001311
Amis_5509,GLOSBE_REVIEWED_ZHO_6bc4b90be4bfab0c,GLOSBE_ami_zho_TMEM_U002241
Amis_5510,GLOSBE_REVIEWED_ZHO_9f3c59c9bd1d048c,GLOSBE_ami_zho_TMEM_U002242
Amis_5511,GLOSBE_REVIEWED_ZHO_023e46a3ec112d90,GLOSBE_ami_zho_TMEM_U002243
Amis_5512,GLOSBE_REVIEWED_ZHO_dff92f750d29e1b9,GLOSBE_ami_zho_TMEM_U001376
Amis_5513,GLOSBE_REVIEWED_ZHO_6b38df7333fd0d72,GLOSBE_ami_zho_TMEM_U000904
Amis_5514,GLOSBE_REVIEWED_ZHO_f14e9cf8d323a9aa,GLOSBE_ami_zho_TMEM_U001052
Amis_5515,GLOSBE_REVIEWED_ZHO_fe55da94c7feed25,GLOSBE_ami_zho_TMEM_U001331
Amis_5516,GLOSBE_REVIEWED_ZHO_2c28171a46b6d058,GLOSBE_ami_zho_TMEM_U001332
Amis_5517,GLOSBE_REVIEWED_ZHO_d3be9611b239eac2,GLOSBE_ami_zho_TMEM_U001241
Amis_5518,GLOSBE_REVIEWED_ZHO_d1e82837aca93648,GLOSBE_ami_zho_TMEM_U001975
Amis_5519,GLOSBE_REVIEWED_ZHO_982c7ab528373269,GLOSBE_ami_zho_TMEM_U001809
Amis_5520,GLOSBE_REVIEWED_ZHO_81647e5b29ef657f,GLOSBE_ami_zho_TMEM_U002244
Amis_5521,GLOSBE_REVIEWED_ZHO_69ba6a46be4684d5,GLOSBE_ami_zho_TMEM_U001465
Amis_5522,GLOSBE_REVIEWED_ZHO_3ced043117581160,GLOSBE_ami_zho_TMEM_U000381
Amis_5523,GLOSBE_REVIEWED_ZHO_a80ca4caab0544f8,GLOSBE_ami_zho_TMEM_U000098
Amis_5524,GLOSBE_REVIEWED_ZHO_6e51f8a3bd68c3a4,GLOSBE_ami_zho_TMEM_U000531
Amis_5525,GLOSBE_REVIEWED_ZHO_ef4ab9bf73ecf81f,GLOSBE_ami_zho_TMEM_U000699
Amis_5526,GLOSBE_REVIEWED_ZHO_93ffa839b09b8d93,GLOSBE_ami_zho_TMEM_U000542
Amis_5527,GLOSBE_REVIEWED_ZHO_1f6e80ea4193c687,GLOSBE_ami_zho_TMEM_U000557
Amis_5528,GLOSBE_REVIEWED_ZHO_f0144d84b6c2528d,GLOSBE_ami_zho_TMEM_U000965
Amis_5529,GLOSBE_REVIEWED_ZHO_fc052867e23a4d01,GLOSBE_ami_zho_TMEM_U000708
Amis_5530,GLOSBE_REVIEWED_ZHO_195f0b6ffaca3855,GLOSBE_ami_zho_TMEM_U002245
Amis_5531,GLOSBE_REVIEWED_ZHO_9ddb69157b2eca1c,GLOSBE_ami_zho_TMEM_U000505
Amis_5532,GLOSBE_REVIEWED_ZHO_f03bd48fd6a51c0b,GLOSBE_ami_zho_TMEM_U002246
Amis_5533,GLOSBE_REVIEWED_ZHO_44b602b613386139,GLOSBE_ami_zho_TMEM_U002038
Amis_5534,GLOSBE_REVIEWED_ZHO_206d943adae25c47,GLOSBE_ami_zho_TMEM_U001209
Amis_5535,GLOSBE_REVIEWED_ZHO_9e13ba5a367d02ed,GLOSBE_ami_zho_TMEM_U002247
Amis_5536,GLOSBE_REVIEWED_ZHO_6579a60ac0d9be9b,GLOSBE_ami_zho_TMEM_U001238
Amis_5537,GLOSBE_REVIEWED_ZHO_97a85b414d7b898c,GLOSBE_ami_zho_TMEM_U002248
Amis_5538,GLOSBE_REVIEWED_ZHO_1af6930720304f1f,GLOSBE_ami_zho_TMEM_U000946
Amis_5539,GLOSBE_REVIEWED_ZHO_d0bdf61b4b9a4f14,GLOSBE_ami_zho_TMEM_U001768
Amis_5540,GLOSBE_REVIEWED_ZHO_c4c11864aec2682f,GLOSBE_ami_zho_TMEM_U000763
Amis_5541,GLOSBE_STATIC_1b1803bb4bd384a8348d,GLOSBE_ami_zho_TMEM_U000002
Amis_5542,GLOSBE_STATIC_ff8854354dc77be4dc25,GLOSBE_ami_zho_TMEM_U000005
Amis_5543,GLOSBE_STATIC_bdf7c3f5d353d50ad538,GLOSBE_ami_zho_TMEM_U000014
Amis_5544,GLOSBE_REVIEWED_ZHO_5714eebd133d037c,GLOSBE_ami_zho_TMEM_U000024
Amis_5545,GLOSBE_REVIEWED_ZHO_6614db9e1d82e7a2,GLOSBE_ami_zho_TMEM_U000232
Amis_5546,GLOSBE_REVIEWED_ZHO_885e0f8e04f0a009,GLOSBE_ami_zho_TMEM_U000240
Amis_5547,GLOSBE_REVIEWED_ZHO_404753895c1747d7,GLOSBE_ami_zho_TMEM_U000052
Amis_5548,GLOSBE_REVIEWED_ZHO_a789cbff975cd4e7,GLOSBE_ami_zho_TMEM_U000513
Amis_5549,GLOSBE_REVIEWED_ZHO_2b7e2eb9db4c5a47,GLOSBE_ami_zho_TMEM_U002249
Amis_5550,GLOSBE_REVIEWED_ZHO_ca5f3ce450784fd9,GLOSBE_ami_zho_TMEM_U000090
Amis_5551,GLOSBE_REVIEWED_ZHO_184cb0f845b397cb,GLOSBE_ami_zho_TMEM_U000091
Amis_5552,GLOSBE_REVIEWED_ZHO_85a6f31b368e7d79,GLOSBE_ami_zho_TMEM_U000262
Amis_5553,GLOSBE_REVIEWED_ZHO_6700effd5780ac08,GLOSBE_ami_zho_TMEM_U000102
Amis_5554,GLOSBE_REVIEWED_ZHO_4d6c618ba8800889,GLOSBE_ami_zho_TMEM_U000104
Amis_5555,GLOSBE_REVIEWED_ZHO_db9e51a61157de58,GLOSBE_ami_zho_TMEM_U000106
Amis_5556,GLOSBE_REVIEWED_ZHO_90c911b731fe9014,GLOSBE_ami_zho_TMEM_U000399
Amis_5557,GLOSBE_REVIEWED_ZHO_0fd390a0fb1f8229,GLOSBE_ami_zho_TMEM_U000133
Amis_5558,GLOSBE_REVIEWED_ZHO_af34dffb27c87fa3,GLOSBE_ami_zho_TMEM_U000140
Amis_5559,GLOSBE_REVIEWED_ZHO_5f20679957f51631,GLOSBE_ami_zho_TMEM_U000144
Amis_5560,GLOSBE_REVIEWED_ZHO_85a8b0d155b1dabc,GLOSBE_ami_zho_TMEM_U000146
Amis_5561,GLOSBE_REVIEWED_ZHO_45580186a6283915,GLOSBE_ami_zho_TMEM_U000404
Amis_5562,GLOSBE_REVIEWED_ZHO_48a4ae2b6032c13d,GLOSBE_ami_zho_TMEM_U000407
Amis_5563,GLOSBE_REVIEWED_ZHO_9570127ee48ec97f,GLOSBE_ami_zho_TMEM_U000295
Amis_5564,GLOSBE_REVIEWED_ZHO_e70924620d9ad613,GLOSBE_ami_zho_TMEM_U000185
Amis_5565,GLOSBE_REVIEWED_ZHO_7aa6ac613eb28478,GLOSBE_ami_zho_TMEM_U002250
Amis_5566,GLOSBE_REVIEWED_ZHO_2528947434c588d5,GLOSBE_ami_zho_TMEM_U002251
Amis_5567,GLOSBE_REVIEWED_ZHO_7068f04c01a5af00,GLOSBE_ami_zho_TMEM_U000555
Amis_5568,GLOSBE_REVIEWED_ZHO_5e15d8a243d3ae13,GLOSBE_ami_zho_TMEM_U001175
Amis_5569,GLOSBE_REVIEWED_ZHO_da8ca80db090cce5,GLOSBE_ami_zho_TMEM_U000217
Amis_5570,GLOSBE_REVIEWED_ZHO_0162d3ecc3ca988d,GLOSBE_ami_zho_TMEM_U000221
Amis_5571,GLOSBE_REVIEWED_ZHO_2d77b1b709ef0ea4,GLOSBE_ami_zho_TMEM_U002252
Amis_5572,GLOSBE_REVIEWED_ZHO_a65da51a349cb059,GLOSBE_ami_zho_TMEM_U001768
Amis_5573,GLOSBE_REVIEWED_ZHO_ee825729375fbaa0,GLOSBE_ami_zho_TMEM_U002253
Amis_5574,GLOSBE_REVIEWED_ZHO_5d8601eb2d1d8b5b,GLOSBE_ami_zho_TMEM_U000574
Amis_5575,GLOSBE_REVIEWED_ZHO_fc813e7429f63e81,GLOSBE_ami_zho_TMEM_U002254
Amis_5576,GLOSBE_REVIEWED_ZHO_3a72b3994363dae5,GLOSBE_ami_zho_TMEM_U000358
Amis_5577,GLOSBE_REVIEWED_ZHO_5f4e3b2209b9d003,GLOSBE_ami_zho_TMEM_U000365
Amis_5578,GLOSBE_REVIEWED_ZHO_cc65460139d8dd06,GLOSBE_ami_zho_TMEM_U001472
Amis_5579,GLOSBE_REVIEWED_ZHO_4649c32562804290,GLOSBE_ami_zho_TMEM_U001637
Amis_5580,GLOSBE_REVIEWED_ZHO_3bf63944bc923b75,GLOSBE_ami_zho_TMEM_U001731
Amis_5581,GLOSBE_REVIEWED_ZHO_9ac97231bcae82bb,GLOSBE_ami_zho_TMEM_U000873
Amis_5582,GLOSBE_REVIEWED_ZHO_a996eedcda778b37,GLOSBE_ami_zho_TMEM_U000637
Amis_5583,GLOSBE_REVIEWED_ZHO_4a77d04a9c91492c,GLOSBE_ami_zho_TMEM_U002255
Amis_5584,GLOSBE_REVIEWED_ZHO_f4734a0407c72174,GLOSBE_ami_zho_TMEM_U002256
Amis_5585,GLOSBE_REVIEWED_ZHO_b1d995158ade9001,GLOSBE_ami_zho_TMEM_U002257
Amis_5586,GLOSBE_REVIEWED_ZHO_0ee31381df5a9b66,GLOSBE_ami_zho_TMEM_U000501
Amis_5587,GLOSBE_REVIEWED_ZHO_c27c32b6fe152d1a,GLOSBE_ami_zho_TMEM_U001575
Amis_5588,GLOSBE_REVIEWED_ZHO_00444865569b738e,GLOSBE_ami_zho_TMEM_U001872
Amis_5589,GLOSBE_REVIEWED_ZHO_a9dda6d63de46409,GLOSBE_ami_zho_TMEM_U002258
Amis_5590,GLOSBE_REVIEWED_ZHO_1870637ac37cdabd,GLOSBE_ami_zho_TMEM_U000987
Amis_5591,GLOSBE_REVIEWED_ZHO_876dec9f1ed7297d,GLOSBE_ami_zho_TMEM_U000779
Amis_5592,GLOSBE_REVIEWED_ZHO_29dcfa48464db681,GLOSBE_ami_zho_TMEM_U002259
Amis_5593,GLOSBE_REVIEWED_ZHO_a33c3d85cd2a995b,GLOSBE_ami_zho_TMEM_U000949
Amis_5594,GLOSBE_REVIEWED_ZHO_010c1bdc8b827a13,GLOSBE_ami_zho_TMEM_U002260
Amis_5595,GLOSBE_REVIEWED_ZHO_f094aef962ec43f8,GLOSBE_ami_zho_TMEM_U002261
Amis_5596,GLOSBE_REVIEWED_ZHO_e65ebfeddaa7a7f5,GLOSBE_ami_zho_TMEM_U000880
Amis_5597,GLOSBE_REVIEWED_ZHO_975a314b97cf7916,GLOSBE_ami_zho_TMEM_U000996
Amis_5598,GLOSBE_REVIEWED_ZHO_3b543c9820bb6bba,GLOSBE_ami_zho_TMEM_U000729
Amis_5599,GLOSBE_REVIEWED_ZHO_18b66133af0987a7,GLOSBE_ami_zho_TMEM_U001656
Amis_5600,GLOSBE_REVIEWED_ZHO_b3f4cfc9a447e49a,GLOSBE_ami_zho_TMEM_U001199
Amis_5601,GLOSBE_REVIEWED_ZHO_df6bfd0ac93f6970,GLOSBE_ami_zho_TMEM_U001201
Amis_5602,GLOSBE_REVIEWED_ZHO_3c188f667d737a5d,GLOSBE_ami_zho_TMEM_U001536
Amis_5603,GLOSBE_REVIEWED_ZHO_fcdd2db02fad2588,GLOSBE_ami_zho_TMEM_U001007
Amis_5604,GLOSBE_REVIEWED_ZHO_8ad7c61beb31b9bd,GLOSBE_ami_zho_TMEM_U001359
Amis_5605,GLOSBE_REVIEWED_ZHO_90a13234d6c7191f,GLOSBE_ami_zho_TMEM_U001271
Amis_5606,GLOSBE_REVIEWED_ZHO_2dcb6f38fdd030e6,GLOSBE_ami_zho_TMEM_U001309
Amis_5607,GLOSBE_REVIEWED_ZHO_1ab1a39c4f4a11cb,GLOSBE_ami_zho_TMEM_U002262
Amis_5608,GLOSBE_REVIEWED_ZHO_706e554f4a2360e1,GLOSBE_ami_zho_TMEM_U001313
Amis_5609,GLOSBE_REVIEWED_ZHO_d46699422758601c,GLOSBE_ami_zho_TMEM_U002263
Amis_5610,GLOSBE_REVIEWED_ZHO_4d238aee10b2034c,GLOSBE_ami_zho_TMEM_U001704
Amis_5611,GLOSBE_REVIEWED_ZHO_e1161014503a8912,GLOSBE_ami_zho_TMEM_U001208
Amis_5612,GLOSBE_REVIEWED_ZHO_7b2b99603b63882b,GLOSBE_ami_zho_TMEM_U002264
Amis_5613,GLOSBE_REVIEWED_ZHO_e69894e1c2061419,GLOSBE_ami_zho_TMEM_U002265
Amis_5614,GLOSBE_REVIEWED_ZHO_8e1391ead12c7748,GLOSBE_ami_zho_TMEM_U001025
Amis_5615,GLOSBE_REVIEWED_ZHO_29f92e19fc0245e2,GLOSBE_ami_zho_TMEM_U002266
Amis_5616,GLOSBE_REVIEWED_ZHO_c983c8f4adf78bae,GLOSBE_ami_zho_TMEM_U001032
Amis_5617,GLOSBE_REVIEWED_ZHO_5245f60d59aefab5,GLOSBE_ami_zho_TMEM_U001676
Amis_5618,GLOSBE_REVIEWED_ZHO_aac6208b8078d624,GLOSBE_ami_zho_TMEM_U000901
Amis_5619,GLOSBE_REVIEWED_ZHO_d13e0a181b5aaaba,GLOSBE_ami_zho_TMEM_U000902
Amis_5620,GLOSBE_REVIEWED_ZHO_d2ca6c2b95d2f60f,GLOSBE_ami_zho_TMEM_U001937
Amis_5621,GLOSBE_REVIEWED_ZHO_521a3c5875b422c7,GLOSBE_ami_zho_TMEM_U002267
Amis_5622,GLOSBE_REVIEWED_ZHO_fca20ba663195227,GLOSBE_ami_zho_TMEM_U001042
Amis_5623,GLOSBE_REVIEWED_ZHO_c8057652904b5310,GLOSBE_ami_zho_TMEM_U002268
Amis_5624,GLOSBE_REVIEWED_ZHO_daf273a26b732319,GLOSBE_ami_zho_TMEM_U002269
Amis_5625,GLOSBE_REVIEWED_ZHO_392b6f545b1ba43f,GLOSBE_ami_zho_TMEM_U001688
Amis_5626,GLOSBE_REVIEWED_ZHO_1a9de1b66daf22e2,GLOSBE_ami_zho_TMEM_U002270
Amis_5627,GLOSBE_REVIEWED_ZHO_5215fa738b3ccb70,GLOSBE_ami_zho_TMEM_U002271
Amis_5628,GLOSBE_REVIEWED_ZHO_4cf6bc70c669d74f,GLOSBE_ami_zho_TMEM_U002272
Amis_5629,GLOSBE_REVIEWED_ZHO_11b8690eba10213c,GLOSBE_ami_zho_TMEM_U001234
Amis_5630,GLOSBE_REVIEWED_ZHO_2a8ea5f85516477d,GLOSBE_ami_zho_TMEM_U001235
Amis_5631,GLOSBE_REVIEWED_ZHO_22ae84c758f3317e,GLOSBE_ami_zho_TMEM_U002273
Amis_5632,GLOSBE_REVIEWED_ZHO_72ea1eef5e1b2ac3,GLOSBE_ami_zho_TMEM_U000916
Amis_5633,GLOSBE_REVIEWED_ZHO_0cbb47ae35949a5a,GLOSBE_ami_zho_TMEM_U002274
Amis_5634,GLOSBE_REVIEWED_ZHO_4d89f38c06c30274,GLOSBE_ami_zho_TMEM_U001463
Amis_5635,GLOSBE_REVIEWED_ZHO_e1dc68ee6539791a,GLOSBE_ami_zho_TMEM_U002106
Amis_5636,GLOSBE_REVIEWED_ZHO_112bb10a1e93491f,GLOSBE_ami_zho_TMEM_U001063
Amis_5637,GLOSBE_REVIEWED_ZHO_5b506b5fcf621154,GLOSBE_ami_zho_TMEM_U001069
Amis_5638,GLOSBE_REVIEWED_ZHO_98f7a09bec9f13a8,GLOSBE_ami_zho_TMEM_U002275
Amis_5639,GLOSBE_REVIEWED_ZHO_e2b38d404d597cda,GLOSBE_ami_zho_TMEM_U001909
Amis_5640,GLOSBE_REVIEWED_ZHO_38e8b6fd135c5229,GLOSBE_ami_zho_TMEM_U002276
Amis_5641,GLOSBE_REVIEWED_ZHO_195187893b4e60a7,GLOSBE_ami_zho_TMEM_U002277
Amis_5642,GLOSBE_REVIEWED_ZHO_c3f586b8d9e0bac8,GLOSBE_ami_zho_TMEM_U002278
Amis_5643,GLOSBE_REVIEWED_ZHO_877b79b6938a0347,GLOSBE_ami_zho_TMEM_U001254
Amis_5644,GLOSBE_REVIEWED_ZHO_a5a2549517d4dbcf,GLOSBE_ami_zho_TMEM_U002279
Amis_5645,GLOSBE_REVIEWED_ZHO_f86342d73a385286,GLOSBE_ami_zho_TMEM_U001258
Amis_5646,GLOSBE_REVIEWED_ZHO_1d29ca67b0968382,GLOSBE_ami_zho_TMEM_U001812
Amis_5647,GLOSBE_REVIEWED_ZHO_16956ff82b4c17e2,GLOSBE_ami_zho_TMEM_U002280
Amis_5648,GLOSBE_REVIEWED_ZHO_15bcc78c271a4d35,GLOSBE_ami_zho_TMEM_U002281
Amis_5649,GLOSBE_REVIEWED_ZHO_bd85bfd22f9e631f,GLOSBE_ami_zho_TMEM_U000951
Amis_5650,GLOSBE_REVIEWED_ZHO_0055c3a70920ad59,GLOSBE_ami_zho_TMEM_U001342
Amis_5651,GLOSBE_REVIEWED_ZHO_817aeaa8d297ee61,GLOSBE_ami_zho_TMEM_U000927
Amis_5652,GLOSBE_REVIEWED_ZHO_ad4c61605cb51818,GLOSBE_ami_zho_TMEM_U002282
Amis_5653,GLOSBE_REVIEWED_ZHO_48f7268c40e6b635,GLOSBE_ami_zho_TMEM_U002283
Amis_5654,GLOSBE_REVIEWED_ZHO_3defcc1acdebc54f,GLOSBE_ami_zho_TMEM_U002284
Amis_5655,GLOSBE_REVIEWED_ZHO_0f80427f6fdc47f6,GLOSBE_ami_zho_TMEM_U001641
Amis_5656,GLOSBE_REVIEWED_ZHO_e9a3ac848b5788ae,GLOSBE_ami_zho_TMEM_U000053
Amis_5657,GLOSBE_REVIEWED_ZHO_574a2dd7c05e684d,GLOSBE_ami_zho_TMEM_U000456
Amis_5658,GLOSBE_REVIEWED_ZHO_919802f9c4729881,GLOSBE_ami_zho_TMEM_U001153
Amis_5659,GLOSBE_REVIEWED_ZHO_4b7909810ae68bab,GLOSBE_ami_zho_TMEM_U002285
Amis_5660,GLOSBE_REVIEWED_ZHO_c1d0160f6eb3dc47,GLOSBE_ami_zho_TMEM_U001303
Amis_5661,GLOSBE_REVIEWED_ZHO_51e91ca98bbbbbaa,GLOSBE_ami_zho_TMEM_U002286
Amis_5662,GLOSBE_REVIEWED_ZHO_353de4abbb1c5e31,GLOSBE_ami_zho_TMEM_U002287
Amis_5663,GLOSBE_REVIEWED_ZHO_85ad860cb100179a,GLOSBE_ami_zho_TMEM_U002288
Amis_5664,GLOSBE_REVIEWED_ZHO_01673e264212d0ce,GLOSBE_ami_zho_TMEM_U000089
Amis_5665,GLOSBE_REVIEWED_ZHO_1af6930720304f1f,GLOSBE_ami_zho_TMEM_U000946
Amis_5666,GLOSBE_REVIEWED_ZHO_e3e11940094218a0,GLOSBE_ami_zho_TMEM_U001545
Amis_5667,GLOSBE_REVIEWED_ZHO_eb317f923f77c401,GLOSBE_ami_zho_TMEM_U000948
Amis_5668,GLOSBE_REVIEWED_ZHO_03bc7c74cfd11145,GLOSBE_ami_zho_TMEM_U000035
Amis_5669,GLOSBE_REVIEWED_ZHO_3929f272c43eb1df,GLOSBE_ami_zho_TMEM_U000278
Amis_5670,GLOSBE_REVIEWED_ZHO_25301453b3e48daf,GLOSBE_ami_zho_TMEM_U000410
Amis_5671,GLOSBE_REVIEWED_ZHO_159abff34d3d0e8d,GLOSBE_ami_zho_TMEM_U001562
Amis_5672,GLOSBE_REVIEWED_ZHO_2afd4c62ed94d966,GLOSBE_ami_zho_TMEM_U001569
Amis_5673,GLOSBE_REVIEWED_ZHO_52f847e9ab26b18e,GLOSBE_ami_zho_TMEM_U000500
Amis_5674,GLOSBE_REVIEWED_ZHO_bdc902c35d753808,GLOSBE_ami_zho_TMEM_U000678
Amis_5675,GLOSBE_REVIEWED_ZHO_ebcf522026721704,GLOSBE_ami_zho_TMEM_U000778
Amis_5676,GLOSBE_REVIEWED_ZHO_7338bcbdc856473d,GLOSBE_ami_zho_TMEM_U000687
Amis_5677,GLOSBE_REVIEWED_ZHO_e6598985f1355084,GLOSBE_ami_zho_TMEM_U000992
Amis_5678,GLOSBE_REVIEWED_ZHO_b1933fad8b55135f,GLOSBE_ami_zho_TMEM_U001737
Amis_5679,GLOSBE_REVIEWED_ZHO_bd1b7dc6383c3f0c,GLOSBE_ami_zho_TMEM_U001591
Amis_5680,GLOSBE_REVIEWED_ZHO_8797ae0e78c0f955,GLOSBE_ami_zho_TMEM_U001496
Amis_5681,GLOSBE_REVIEWED_ZHO_e1161014503a8912,GLOSBE_ami_zho_TMEM_U001208
Amis_5682,GLOSBE_REVIEWED_ZHO_8b0f96c90b75fe7a,GLOSBE_ami_zho_TMEM_U002289
Amis_5683,GLOSBE_REVIEWED_ZHO_4f8be8433ffdf969,GLOSBE_ami_zho_TMEM_U001891
Amis_5684,GLOSBE_REVIEWED_ZHO_65ece9e12301418d,GLOSBE_ami_zho_TMEM_U001807
Amis_5685,GLOSBE_REVIEWED_ZHO_8c5d2163cb995322,GLOSBE_ami_zho_TMEM_U001377
Amis_5686,GLOSBE_REVIEWED_ZHO_d03e74ca35781a65,GLOSBE_ami_zho_TMEM_U001225
Amis_5687,GLOSBE_REVIEWED_ZHO_ca8f65dc0c992fb3,GLOSBE_ami_zho_TMEM_U001053
Amis_5688,GLOSBE_REVIEWED_ZHO_df5b928530b67abc,GLOSBE_ami_zho_TMEM_U001373
Amis_5689,GLOSBE_REVIEWED_ZHO_4b81e90a9d7b223f,GLOSBE_ami_zho_TMEM_U002290
Amis_5690,GLOSBE_REVIEWED_ZHO_0cf78b0f9bdd6fd4,GLOSBE_ami_zho_TMEM_U000375
Amis_5691,GLOSBE_REVIEWED_ZHO_30815e19fa5bddd7,GLOSBE_ami_zho_TMEM_U000074
Amis_5692,GLOSBE_REVIEWED_ZHO_7ba84fa83f2dc79a,GLOSBE_ami_zho_TMEM_U000476
Amis_5693,GLOSBE_REVIEWED_ZHO_55cbc0b115748f88,GLOSBE_ami_zho_TMEM_U001388
Amis_5694,GLOSBE_REVIEWED_ZHO_15baaaf8918b807c,GLOSBE_ami_zho_TMEM_U001468
Amis_5695,GLOSBE_REVIEWED_ZHO_6617351d9fc04bc7,GLOSBE_ami_zho_TMEM_U000114
Amis_5696,GLOSBE_REVIEWED_ZHO_411046ac035f9195,GLOSBE_ami_zho_TMEM_U000937
Amis_5697,GLOSBE_REVIEWED_ZHO_aef8da93f0388de1,GLOSBE_ami_zho_TMEM_U000129
Amis_5698,GLOSBE_REVIEWED_ZHO_20823eca144b86d6,GLOSBE_ami_zho_TMEM_U000158
Amis_5699,GLOSBE_REVIEWED_ZHO_5f6eb2a2cf23125c,GLOSBE_ami_zho_TMEM_U000939
Amis_5700,GLOSBE_REVIEWED_ZHO_e624a1cdf2ac8306,GLOSBE_ami_zho_TMEM_U000408
Amis_5701,GLOSBE_REVIEWED_ZHO_1128060a3e1e8172,GLOSBE_ami_zho_TMEM_U000162
Amis_5702,GLOSBE_REVIEWED_ZHO_bffc214d3eef9d18,GLOSBE_ami_zho_TMEM_U000180
Amis_5703,GLOSBE_REVIEWED_ZHO_dff7e06804c551fb,GLOSBE_ami_zho_TMEM_U000420
Amis_5704,GLOSBE_REVIEWED_ZHO_7f4f7525849821ef,GLOSBE_ami_zho_TMEM_U000202
Amis_5705,GLOSBE_REVIEWED_ZHO_fa65074803b7c3e7,GLOSBE_ami_zho_TMEM_U000619
Amis_5706,GLOSBE_REVIEWED_ZHO_e3919351e6bfcaa2,GLOSBE_ami_zho_TMEM_U000314
Amis_5707,GLOSBE_REVIEWED_ZHO_ae43ed78bf241975,GLOSBE_ami_zho_TMEM_U000433
Amis_5708,GLOSBE_REVIEWED_ZHO_6056c949cc94d906,GLOSBE_ami_zho_TMEM_U000320
Amis_5709,GLOSBE_REVIEWED_ZHO_28d5e39e4e81c8d9,GLOSBE_ami_zho_TMEM_U000492
Amis_5710,GLOSBE_REVIEWED_ZHO_ab3025879e8ed732,GLOSBE_ami_zho_TMEM_U000323
Amis_5711,GLOSBE_REVIEWED_ZHO_310ec1cf576939cd,GLOSBE_ami_zho_TMEM_U000493
Amis_5712,GLOSBE_REVIEWED_ZHO_02e61176ff81c882,GLOSBE_ami_zho_TMEM_U000626
Amis_5713,GLOSBE_REVIEWED_ZHO_e87d51662fd43e04,GLOSBE_ami_zho_TMEM_U000325
Amis_5714,GLOSBE_REVIEWED_ZHO_3086cb83ac45e390,GLOSBE_ami_zho_TMEM_U000944
Amis_5715,GLOSBE_REVIEWED_ZHO_23c64e10632fc841,GLOSBE_ami_zho_TMEM_U000575
Amis_5716,GLOSBE_REVIEWED_ZHO_63b8f390195ba430,GLOSBE_ami_zho_TMEM_U000336
Amis_5717,GLOSBE_REVIEWED_ZHO_46592f5a5a177a59,GLOSBE_ami_zho_TMEM_U001469
Amis_5718,GLOSBE_REVIEWED_ZHO_93f1e4d89ccced13,GLOSBE_ami_zho_TMEM_U000629
Amis_5719,GLOSBE_REVIEWED_ZHO_c3b91ceaa7e76172,GLOSBE_ami_zho_TMEM_U001470
Amis_5720,GLOSBE_REVIEWED_ZHO_93ec1630e40065ec,GLOSBE_ami_zho_TMEM_U002014
Amis_5721,GLOSBE_REVIEWED_ZHO_486942c41d551bc8,GLOSBE_ami_zho_TMEM_U000968
Amis_5722,GLOSBE_REVIEWED_ZHO_cc65460139d8dd06,GLOSBE_ami_zho_TMEM_U001472
Amis_5723,GLOSBE_REVIEWED_ZHO_115fd4c88c2fef7d,GLOSBE_ami_zho_TMEM_U001181
Amis_5724,GLOSBE_REVIEWED_ZHO_dd91562191c34270,GLOSBE_ami_zho_TMEM_U000836
Amis_5725,GLOSBE_REVIEWED_ZHO_f378ba01d69b961f,GLOSBE_ami_zho_TMEM_U001473
Amis_5726,GLOSBE_REVIEWED_ZHO_a996eedcda778b37,GLOSBE_ami_zho_TMEM_U000637
Amis_5727,GLOSBE_REVIEWED_ZHO_e6457608385c6ebc,GLOSBE_ami_zho_TMEM_U001474
Amis_5728,GLOSBE_REVIEWED_ZHO_e16fe453583e665a,GLOSBE_ami_zho_TMEM_U001278
Amis_5729,GLOSBE_REVIEWED_ZHO_1474247ceb85b045,GLOSBE_ami_zho_TMEM_U001476
Amis_5730,GLOSBE_REVIEWED_ZHO_d1f9ee7f982c6fda,GLOSBE_ami_zho_TMEM_U000800
Amis_5731,GLOSBE_REVIEWED_ZHO_e530a1e9a21dcefc,GLOSBE_ami_zho_TMEM_U001477
Amis_5732,GLOSBE_REVIEWED_ZHO_3fd83d203bfc31eb,GLOSBE_ami_zho_TMEM_U001407
Amis_5733,GLOSBE_REVIEWED_ZHO_44e7f6b986554b0c,GLOSBE_ami_zho_TMEM_U001478
Amis_5734,GLOSBE_REVIEWED_ZHO_1c389e6cd528686b,GLOSBE_ami_zho_TMEM_U001479
Amis_5735,GLOSBE_REVIEWED_ZHO_260eba566276bc0a,GLOSBE_ami_zho_TMEM_U001460
Amis_5736,GLOSBE_REVIEWED_ZHO_50233ce980b7a15c,GLOSBE_ami_zho_TMEM_U001480
Amis_5737,GLOSBE_REVIEWED_ZHO_5c86fff320e30a3d,GLOSBE_ami_zho_TMEM_U001481
Amis_5738,GLOSBE_REVIEWED_ZHO_4d0f87b338a38ada,GLOSBE_ami_zho_TMEM_U001482
Amis_5739,GLOSBE_REVIEWED_ZHO_830d7e8156ddb2aa,GLOSBE_ami_zho_TMEM_U001483
Amis_5740,GLOSBE_REVIEWED_ZHO_0328890e8fcbce38,GLOSBE_ami_zho_TMEM_U001301
Amis_5741,GLOSBE_REVIEWED_ZHO_8f016f4e136365fb,GLOSBE_ami_zho_TMEM_U001484
Amis_5742,GLOSBE_REVIEWED_ZHO_5bd9a9f62d964140,GLOSBE_ami_zho_TMEM_U001485
Amis_5743,GLOSBE_REVIEWED_ZHO_1f9bb3bd16e8384a,GLOSBE_ami_zho_TMEM_U001486
Amis_5744,GLOSBE_REVIEWED_ZHO_2b1860acacd543d5,GLOSBE_ami_zho_TMEM_U000721
Amis_5745,GLOSBE_REVIEWED_ZHO_a938094f3f86c580,GLOSBE_ami_zho_TMEM_U001487
Amis_5746,GLOSBE_REVIEWED_ZHO_823d3512dd6d9c52,GLOSBE_ami_zho_TMEM_U001488
Amis_5747,GLOSBE_REVIEWED_ZHO_7372bf73e0cf0a68,GLOSBE_ami_zho_TMEM_U001490
Amis_5748,GLOSBE_REVIEWED_ZHO_fb8b03bd0032ed81,GLOSBE_ami_zho_TMEM_U001491
Amis_5749,GLOSBE_REVIEWED_ZHO_a1aef2ba3cadcd7f,GLOSBE_ami_zho_TMEM_U000375
Amis_5750,GLOSBE_REVIEWED_ZHO_92dafa4db99ebf35,GLOSBE_ami_zho_TMEM_U000881
Amis_5751,GLOSBE_REVIEWED_ZHO_24ec72a27eaf01b8,GLOSBE_ami_zho_TMEM_U001000
Amis_5752,GLOSBE_REVIEWED_ZHO_89c8216051b83578,GLOSBE_ami_zho_TMEM_U001492
Amis_5753,GLOSBE_REVIEWED_ZHO_936fdb82372076d9,GLOSBE_ami_zho_TMEM_U001493
Amis_5754,GLOSBE_REVIEWED_ZHO_d83617def0d2be61,GLOSBE_ami_zho_TMEM_U001494
Amis_5755,GLOSBE_REVIEWED_ZHO_d8b25d78430afb3c,GLOSBE_ami_zho_TMEM_U001495
Amis_5756,GLOSBE_REVIEWED_ZHO_b4e3bd6f9cdab0df,GLOSBE_ami_zho_TMEM_U000737
Amis_5757,GLOSBE_REVIEWED_ZHO_8797ae0e78c0f955,GLOSBE_ami_zho_TMEM_U001496
Amis_5758,GLOSBE_REVIEWED_ZHO_a8c1e0040b21cde5,GLOSBE_ami_zho_TMEM_U001280
Amis_5759,GLOSBE_REVIEWED_ZHO_3cab4c89b7173c85,GLOSBE_ami_zho_TMEM_U001497
Amis_5760,GLOSBE_REVIEWED_ZHO_72a15baa98b27905,GLOSBE_ami_zho_TMEM_U001122
Amis_5761,GLOSBE_REVIEWED_ZHO_a82d1f2567a18b46,GLOSBE_ami_zho_TMEM_U001498
Amis_5762,GLOSBE_REVIEWED_ZHO_ab719477ab5ac9d8,GLOSBE_ami_zho_TMEM_U001499
Amis_5763,GLOSBE_REVIEWED_ZHO_8615ad9c0d801c9e,GLOSBE_ami_zho_TMEM_U001500
Amis_5764,GLOSBE_REVIEWED_ZHO_6946aeb2917c6df5,GLOSBE_ami_zho_TMEM_U001160
Amis_5765,GLOSBE_REVIEWED_ZHO_b26d3070b62dfba3,GLOSBE_ami_zho_TMEM_U000785
Amis_5766,GLOSBE_REVIEWED_ZHO_8e1391ead12c7748,GLOSBE_ami_zho_TMEM_U001025
Amis_5767,GLOSBE_REVIEWED_ZHO_772d1d36ea32c5d6,GLOSBE_ami_zho_TMEM_U001381
Amis_5768,GLOSBE_REVIEWED_ZHO_b25f7831d0500173,GLOSBE_ami_zho_TMEM_U001502
Amis_5769,GLOSBE_REVIEWED_ZHO_dd4997f328084d19,GLOSBE_ami_zho_TMEM_U001503
Amis_5770,GLOSBE_REVIEWED_ZHO_c983c8f4adf78bae,GLOSBE_ami_zho_TMEM_U001032
Amis_5771,GLOSBE_REVIEWED_ZHO_9908b46fa92b387a,GLOSBE_ami_zho_TMEM_U000852
Amis_5772,GLOSBE_REVIEWED_ZHO_6b5d945e5d5eff88,GLOSBE_ami_zho_TMEM_U000787
Amis_5773,GLOSBE_REVIEWED_ZHO_0d3e971735c164f4,GLOSBE_ami_zho_TMEM_U001161
Amis_5774,GLOSBE_REVIEWED_ZHO_86c0c330fe6e8ea8,GLOSBE_ami_zho_TMEM_U001505
Amis_5775,GLOSBE_REVIEWED_ZHO_81412ad095b85258,GLOSBE_ami_zho_TMEM_U001506
Amis_5776,GLOSBE_REVIEWED_ZHO_7477fb8f1fde1252,GLOSBE_ami_zho_TMEM_U001397
Amis_5777,GLOSBE_REVIEWED_ZHO_44fe6a7411b28777,GLOSBE_ami_zho_TMEM_U001039
Amis_5778,GLOSBE_REVIEWED_ZHO_1c44e233f5a66810,GLOSBE_ami_zho_TMEM_U001507
Amis_5779,GLOSBE_REVIEWED_ZHO_46735901528d706f,GLOSBE_ami_zho_TMEM_U001508
Amis_5780,GLOSBE_REVIEWED_ZHO_707a90be4ee67b78,GLOSBE_ami_zho_TMEM_U001282
Amis_5781,GLOSBE_REVIEWED_ZHO_72e26e7685594883,GLOSBE_ami_zho_TMEM_U000747
Amis_5782,GLOSBE_REVIEWED_ZHO_a1a9557ce393ac57,GLOSBE_ami_zho_TMEM_U001510
Amis_5783,GLOSBE_REVIEWED_ZHO_198575fb719f08f6,GLOSBE_ami_zho_TMEM_U001326
Amis_5784,GLOSBE_REVIEWED_ZHO_f74d58c7069f664c,GLOSBE_ami_zho_TMEM_U000912
Amis_5785,GLOSBE_REVIEWED_ZHO_9f6af5359ed1fd16,GLOSBE_ami_zho_TMEM_U001511
Amis_5786,GLOSBE_REVIEWED_ZHO_9b0a91efa6548956,GLOSBE_ami_zho_TMEM_U001512
Amis_5787,GLOSBE_REVIEWED_ZHO_5f6f5894a099a3a5,GLOSBE_ami_zho_TMEM_U001513
Amis_5788,GLOSBE_REVIEWED_ZHO_fbd3fb06a0b6b0b8,GLOSBE_ami_zho_TMEM_U001514
Amis_5789,GLOSBE_REVIEWED_ZHO_55d13ac57ad6cb76,GLOSBE_ami_zho_TMEM_U001515
Amis_5790,GLOSBE_REVIEWED_ZHO_12a6006c0774998f,GLOSBE_ami_zho_TMEM_U001236
Amis_5791,GLOSBE_REVIEWED_ZHO_72ea1eef5e1b2ac3,GLOSBE_ami_zho_TMEM_U000916
Amis_5792,GLOSBE_REVIEWED_ZHO_4d89f38c06c30274,GLOSBE_ami_zho_TMEM_U001463
Amis_5793,GLOSBE_REVIEWED_ZHO_ab1ece3dac5d2534,GLOSBE_ami_zho_TMEM_U001516
Amis_5794,GLOSBE_REVIEWED_ZHO_dce3955d34c4b235,GLOSBE_ami_zho_TMEM_U000793
Amis_5795,GLOSBE_REVIEWED_ZHO_e7cd9a45ad8ba1f2,GLOSBE_ami_zho_TMEM_U001517
Amis_5796,GLOSBE_REVIEWED_ZHO_162d890232cd4f49,GLOSBE_ami_zho_TMEM_U001066
Amis_5797,GLOSBE_REVIEWED_ZHO_387b8082a084f02a,GLOSBE_ami_zho_TMEM_U001143
Amis_5798,GLOSBE_REVIEWED_ZHO_2caf3d65072a497d,GLOSBE_ami_zho_TMEM_U001145
Amis_5799,GLOSBE_REVIEWED_ZHO_e0d67d973746d488,GLOSBE_ami_zho_TMEM_U001167
Amis_5800,GLOSBE_REVIEWED_ZHO_89fcf612df82c53b,GLOSBE_ami_zho_TMEM_U001518
Amis_5801,GLOSBE_REVIEWED_ZHO_944ea88275ced98c,GLOSBE_ami_zho_TMEM_U000923
Amis_5802,GLOSBE_REVIEWED_ZHO_781331207401b848,GLOSBE_ami_zho_TMEM_U001340
Amis_5803,GLOSBE_REVIEWED_ZHO_62526eea7a9c1a6d,GLOSBE_ami_zho_TMEM_U001519
Amis_5804,GLOSBE_REVIEWED_ZHO_4dce9bbe3b279a7c,GLOSBE_ami_zho_TMEM_U001520
Amis_5805,GLOSBE_REVIEWED_ZHO_a7ee0f8a2d50309c,GLOSBE_ami_zho_TMEM_U001521
Amis_5806,GLOSBE_REVIEWED_ZHO_f2a46a6d7bde905e,GLOSBE_ami_zho_TMEM_U001522
Amis_5807,GLOSBE_REVIEWED_ZHO_b7c10e9c9f5f2832,GLOSBE_ami_zho_TMEM_U001523
Amis_5808,GLOSBE_REVIEWED_ZHO_7277312b2833ca41,GLOSBE_ami_zho_TMEM_U001524
Amis_5809,GLOSBE_REVIEWED_ZHO_552a86459e30be5c,GLOSBE_ami_zho_TMEM_U001525
Amis_5810,GLOSBE_REVIEWED_ZHO_1f2379bc2c738e6f,GLOSBE_ami_zho_TMEM_U001526
Amis_5811,GLOSBE_REVIEWED_ZHO_04b081e91c1f1632,GLOSBE_ami_zho_TMEM_U001264
Amis_5812,GLOSBE_REVIEWED_ZHO_d747eb9cf0f05ca4,GLOSBE_ami_zho_TMEM_U001527
Amis_5813,GLOSBE_REVIEWED_ZHO_a79bd9499360944d,GLOSBE_ami_zho_TMEM_U001528
Amis_5814,GLOSBE_REVIEWED_ZHO_e034fe915f951c5f,GLOSBE_ami_zho_TMEM_U001529
Amis_5815,GLOSBE_REVIEWED_ZHO_ef2b577b1f3d0263,GLOSBE_ami_zho_TMEM_U001508
Amis_5816,GLOSBE_REVIEWED_ZHO_73228acf44609229,GLOSBE_ami_zho_TMEM_U001530
Amis_5817,GLOSBE_REVIEWED_ZHO_cc3ea30aa6de947b,GLOSBE_ami_zho_TMEM_U001170
Amis_5818,GLOSBE_REVIEWED_ZHO_55b446671aa748ae,GLOSBE_ami_zho_TMEM_U000483
Amis_5819,GLOSBE_REVIEWED_ZHO_45eafbccc6d9a2d1,GLOSBE_ami_zho_TMEM_U000596
Amis_5820,GLOSBE_REVIEWED_ZHO_ea045d3567206290,GLOSBE_ami_zho_TMEM_U000270
Amis_5821,GLOSBE_REVIEWED_ZHO_5d86b19625304d66,GLOSBE_ami_zho_TMEM_U000488
Amis_5822,GLOSBE_REVIEWED_ZHO_e0caceb40c188c28,GLOSBE_ami_zho_TMEM_U001558
Amis_5823,GLOSBE_REVIEWED_ZHO_dcaf41dd7091feea,GLOSBE_ami_zho_TMEM_U001561
Amis_5824,GLOSBE_REVIEWED_ZHO_c1ba6e274857f556,GLOSBE_ami_zho_TMEM_U000205
Amis_5825,GLOSBE_REVIEWED_ZHO_159abff34d3d0e8d,GLOSBE_ami_zho_TMEM_U001562
Amis_5826,GLOSBE_REVIEWED_ZHO_e3919351e6bfcaa2,GLOSBE_ami_zho_TMEM_U000314
Amis_5827,GLOSBE_REVIEWED_ZHO_aeec9b1df2b95d99,GLOSBE_ami_zho_TMEM_U000333
Amis_5828,GLOSBE_REVIEWED_ZHO_93ec1630e40065ec,GLOSBE_ami_zho_TMEM_U002014
Amis_5829,GLOSBE_REVIEWED_ZHO_2d5f263f7045a151,GLOSBE_ami_zho_TMEM_U000656
Amis_5830,GLOSBE_REVIEWED_ZHO_c130964b5c704472,GLOSBE_ami_zho_TMEM_U001650
Amis_5831,GLOSBE_REVIEWED_ZHO_52a005cfed53ba46,GLOSBE_ami_zho_TMEM_U000878
Amis_5832,GLOSBE_REVIEWED_ZHO_3b543c9820bb6bba,GLOSBE_ami_zho_TMEM_U000729
Amis_5833,GLOSBE_REVIEWED_ZHO_94abf7c9053811f7,GLOSBE_ami_zho_TMEM_U001159
Amis_5834,GLOSBE_REVIEWED_ZHO_65ebdf9c7b160f7d,GLOSBE_ami_zho_TMEM_U002291
Amis_5835,GLOSBE_REVIEWED_ZHO_22b64a6feda1bc5a,GLOSBE_ami_zho_TMEM_U001609
Amis_5836,GLOSBE_REVIEWED_ZHO_802f7ad124052bd3,GLOSBE_ami_zho_TMEM_U001685
Amis_5837,GLOSBE_REVIEWED_ZHO_8a4ac3e17b176687,GLOSBE_ami_zho_TMEM_U001686
Amis_5838,GLOSBE_REVIEWED_ZHO_72e26e7685594883,GLOSBE_ami_zho_TMEM_U000747
Amis_5839,GLOSBE_REVIEWED_ZHO_25a84a57f7515c38,GLOSBE_ami_zho_TMEM_U002292
Amis_5840,GLOSBE_REVIEWED_ZHO_9290b4efbb911ab9,GLOSBE_ami_zho_TMEM_U002068
Amis_5841,GLOSBE_REVIEWED_ZHO_e155f71efcf4870f,GLOSBE_ami_zho_TMEM_U002239
Amis_5842,GLOSBE_REVIEWED_ZHO_6cff64dce97d2347,GLOSBE_ami_zho_TMEM_U000933
Amis_5843,GLOSBE_REVIEWED_ZHO_597035b7e25edf50,GLOSBE_ami_zho_TMEM_U000882
Amis_5844,GLOSBE_REVIEWED_ZHO_532bb3519f5db297,GLOSBE_ami_zho_TMEM_U001119
Amis_5845,GLOSBE_REVIEWED_ZHO_b56649e38cd3b6a8,GLOSBE_ami_zho_TMEM_U000915
Amis_5846,GLOSBE_REVIEWED_ZHO_554331f90f842b7f,GLOSBE_ami_zho_TMEM_U001150
Amis_5847,GLOSBE_REVIEWED_ZHO_159693ba669870c4,GLOSBE_ami_zho_TMEM_U000043
Amis_5848,GLOSBE_REVIEWED_ZHO_127b240d751f6d66,GLOSBE_ami_zho_TMEM_U000958
Amis_5849,GLOSBE_REVIEWED_ZHO_489d2e37f50e6fe4,GLOSBE_ami_zho_TMEM_U000099
Amis_5850,GLOSBE_REVIEWED_ZHO_9ccf7b4e252e18af,GLOSBE_ami_zho_TMEM_U000126
Amis_5851,GLOSBE_REVIEWED_ZHO_1cd6554e1cc390cd,GLOSBE_ami_zho_TMEM_U000471
Amis_5852,GLOSBE_REVIEWED_ZHO_0a540e0a47fa8698,GLOSBE_ami_zho_TMEM_U000368
Amis_5853,GLOSBE_REVIEWED_ZHO_5ddb5fc19b80b84d,GLOSBE_ami_zho_TMEM_U002293
Amis_5854,GLOSBE_REVIEWED_ZHO_f08c323af690b241,GLOSBE_ami_zho_TMEM_U002294
Amis_5855,GLOSBE_REVIEWED_ZHO_b71af133c55263ef,GLOSBE_ami_zho_TMEM_U000239
Amis_5856,GLOSBE_REVIEWED_ZHO_a1612cec1fb0d4b1,GLOSBE_ami_zho_TMEM_U000119
Amis_5857,GLOSBE_REVIEWED_ZHO_44bd803368f7d578,GLOSBE_ami_zho_TMEM_U002295
Amis_5858,GLOSBE_REVIEWED_ZHO_eb317f923f77c401,GLOSBE_ami_zho_TMEM_U000948
Amis_5859,GLOSBE_REVIEWED_ZHO_75d10e9bc2258dda,GLOSBE_ami_zho_TMEM_U002296
Amis_5860,GLOSBE_REVIEWED_ZHO_52d42b3a25a61e2d,GLOSBE_ami_zho_TMEM_U001848
