action,file,parent_id,element_id,translations,start,end
remove_empty_morpheme,XML/Grammar/Kanakanavu/Kanakanavu.xml,ap3_S_4_W8,ap3_S_4_W8M2,zho:使用,,
remove_empty_morpheme,XML/Grammar/Kanakanavu/Kanakanavu.xml,ap2_S_15_W0,ap2_S_15_W0M2,zho:他.屬格,,
remove_empty_morpheme,XML/Grammar/Kanakanavu/Kanakanavu.xml,ap2_S_26_W14,ap2_S_26_W14M4,zho:關係詞,,
remove_empty_morpheme,XML/Grammar/Kanakanavu/Kanakanavu.xml,ap2_S_53_W1,ap2_S_53_W1M2,zho:狀態改變,,
remove_empty_morpheme,XML/Grammar/Kanakanavu/Kanakanavu.xml,06_S_51_W1,06_S_51_W1M3,zho:日子,,
remove_empty_morpheme,XML/Grammar/Kanakanavu/Kanakanavu.xml,06_S_51_W1,06_S_51_W1M4,zho:你.主格,,
remove_empty_morpheme,XML/Grammar/Kanakanavu/Kanakanavu.xml,11_S_1_W2,11_S_1_W2M3,zho:哭,,
remove_empty_morpheme,XML/Grammar/Kanakanavu/Kanakanavu.xml,11_S_2_W0,11_S_2_W0M2,zho:是非疑問詞,,
remove_empty_morpheme,XML/Grammar/Kanakanavu/Kanakanavu.xml,11_S_2_W0,11_S_2_W0M3,zho:你.主格,,
remove_empty_morpheme,XML/Grammar/Kanakanavu/Kanakanavu.xml,11_S_3_W2,11_S_3_W2M3,zho:哭,,
remove_empty_morpheme,XML/Grammar/Kanakanavu/Kanakanavu.xml,04_S_40_W5,04_S_40_W5M2,zho:教,,
remove_empty_morpheme,XML/Grammar/Kanakanavu/Kanakanavu.xml,04_S_40_W5,04_S_40_W5M3,zho:A,,
remove_empty_morpheme,XML/Grammar/Kanakanavu/Kanakanavu.xml,12_S_3_W3,12_S_3_W3M2,zho:關係詞,,
remove_empty_morpheme,XML/Grammar/Kanakanavu/Kanakanavu.xml,12_S_4_W3,12_S_4_W3M2,zho:關係詞,,
remove_empty_morpheme,XML/Grammar/Kanakanavu/Kanakanavu.xml,05_S_13_W2,05_S_13_W2M2,zho:田,,
remove_empty_morpheme,XML/Grammar/Kanakanavu/Kanakanavu.xml,ap1_S_16_W6,ap1_S_16_W6M2,zho:受事焦點,,
remove_empty_morpheme,XML/Grammar/Kanakanavu/Kanakanavu.xml,ap1_S_16_W9,ap1_S_16_W9M2,zho:使用,,
remove_empty_morpheme,XML/Grammar/Kanakanavu/Kanakanavu.xml,ap1_S_16_W9,ap1_S_16_W9M3,zho:我.屬格,,
remove_empty_morpheme,XML/Grammar/Kanakanavu/Kanakanavu.xml,ap1_S_78_W0,ap1_S_78_W0M3,zho:已故,,
remove_empty_morpheme,XML/Grammar/Sakizaya/Sakizaya.xml,ap2_S_66_W5,ap2_S_66_W5M2,zho:多少,,
remove_empty_morpheme,XML/Grammar/Sakizaya/Sakizaya.xml,ap2_S_66_W5,ap2_S_66_W5M3,zho:完成貌,,
remove_empty_morpheme,XML/Grammar/Sakizaya/Sakizaya.xml,11_S_57_W0,11_S_57_W0M3,zho:多少,,
remove_empty_morpheme,XML/Grammar/Sakizaya/Sakizaya.xml,11_S_58_W0,11_S_58_W0M3,zho:多少,,
remove_empty_morpheme,XML/Grammar/Sakizaya/Sakizaya.xml,09_S_23_W0,09_S_23_W0M5,zho:受事焦點,,
remove_empty_morpheme,XML/Sentences/Bunun/Bunun.xml,61_S_1_W13,61_S_1_W13M5,eng:LF; zho:處焦,,
remove_empty_morpheme,XML/Sentences/Bunun/Bunun.xml,61_S_1_W13,61_S_1_W13M6,eng:PROX.OBL; zho:近距.斜格,,
remove_empty_morpheme,XML/Sentences/Bunun/Bunun.xml,61_S_2_W0,61_S_2_W0M2,eng:1SG.NOM; zho:1SG.主格,,
remove_empty_morpheme,XML/Sentences/Bunun/Bunun.xml,16_S_1_W0,16_S_1_W0M2,eng:robust; zho:壯,,
remove_empty_morpheme,XML/Sentences/Bunun/Bunun.xml,37_S_7_W10,37_S_7_W10M3,eng:<RED>teach; zho:<重疊>教,,
remove_empty_morpheme,XML/Sentences/Bunun/Bunun.xml,37_S_7_W10,37_S_7_W10M4,eng:DIST.NOM; zho:遠距.主格,,
remove_empty_morpheme,XML/Sentences/Bunun/Bunun.xml,03-7_S_6_W2,03-7_S_6_W2M2,eng:MED.OBL,,
remove_empty_morpheme,XML/Sentences/Bunun/Bunun.xml,03-7_S_12_W0,03-7_S_12_W0M3,eng:PROX.OBL; zho:近距.斜格,,
remove_empty_morpheme,XML/Sentences/Bunun/Bunun.xml,03-7_S_19_W4,03-7_S_19_W4M2,eng:MED.OBL; zho:中距.斜格,,
remove_empty_morpheme,XML/Sentences/Bunun/Bunun.xml,03-7_S_20_W4,03-7_S_20_W4M2,eng:MED.OBL; zho:中距.斜格,,
remove_empty_morpheme,XML/Sentences/Bunun/Bunun.xml,03-6_S_4_W2,03-6_S_4_W2M3,zho:<完成貌>使用,,
remove_empty_morpheme,XML/Sentences/Bunun/Bunun.xml,46_S_4_W6,46_S_4_W6M2,eng:3SG.POSS; zho:3SG.所有格,,
remove_empty_morpheme,XML/Sentences/Bunun/Bunun.xml,46_S_5_W4,46_S_5_W4M2,eng:3SG.POSS; zho:3SG.所有格,,
remove_empty_morpheme,XML/Sentences/Bunun/Bunun.xml,49_S_10_W7,49_S_10_W7M4,eng:LF; zho:處焦,,
remove_empty_morpheme,XML/Sentences/Bunun/Bunun.xml,48_S_4_W1,48_S_4_W1M2,zho:3SG.所有格,,
remove_empty_morpheme,XML/Sentences/Bunun/Bunun.xml,48_S_23_W1,48_S_23_W1M4,eng:2SG.ACC,,
remove_empty_morpheme,XML/Sentences/Bunun/Bunun.xml,64_S_8_W3,64_S_8_W3M2,eng:DIST.NOM; zho:出現,,
remove_empty_morpheme,XML/Sentences/Bunun/Bunun.xml,64_S_8_W3,64_S_8_W3M3,zho:遠距.主格,,
remove_empty_morpheme,XML/Sentences/Bunun/Bunun.xml,64_S_17_W3,64_S_17_W3M3,eng:1SG.GEN; zho:1SG.屬格,,
remove_empty_morpheme,XML/Sentences/Bunun/Bunun.xml,64_S_20_W5,64_S_20_W5M2,zho:<RED>eat,,
remove_empty_morpheme,XML/Sentences/Bunun/Bunun.xml,64_S_34_W0,64_S_34_W0M3,eng:be.at; zho:在,,
remove_empty_morpheme,XML/Sentences/Bunun/Bunun.xml,64_S_34_W0,64_S_34_W0M4,eng:1SG.NOM; zho:1SG.主格,,
remove_empty_morpheme,XML/Sentences/Bunun/Bunun.xml,64_S_73_W5,64_S_73_W5M3,eng:be.at; zho:在,,
remove_empty_morpheme,XML/Sentences/Bunun/Bunun.xml,13_S_12_W0,13_S_12_W0M3,zho:遠距.主格,,
remove_empty_morpheme,XML/Sentences/Bunun/Bunun.xml,52_S_3_W1,52_S_3_W1M3,eng:female,,
remove_empty_morpheme,XML/Sentences/Bunun/Bunun.xml,52_S_3_W11,52_S_3_W11M3,eng:male,,
remove_empty_morpheme,XML/Sentences/Bunun/Bunun.xml,52_S_3_W14,52_S_3_W14M3,eng:female,,
remove_empty_morpheme,XML/Sentences/Bunun/Bunun.xml,52_S_16_W2,52_S_16_W2M4,zho:處焦,,
remove_empty_morpheme,XML/Sentences/Bunun/Bunun.xml,63_S_24_W0,63_S_24_W0M3,zho:受焦,,
remove_empty_morpheme,XML/Sentences/Bunun/Bunun.xml,63_S_29_W5,63_S_29_W5M2,zho:土石流,,
remove_empty_morpheme,XML/Sentences/Bunun/Bunun.xml,63_S_31_W4,63_S_31_W4M3,zho:處焦,,
remove_empty_morpheme,XML/Sentences/Bunun/Bunun.xml,63_S_71_W1,63_S_71_W1M3,zho:中距,,
remove_empty_morpheme,XML/Sentences/Bunun/Bunun.xml,63_S_75_W4,63_S_75_W4M2,eng:think; zho:思考,,
remove_empty_morpheme,XML/Sentences/Bunun/Bunun.xml,63_S_77_W6,63_S_77_W6M2,zho:<重疊>歌,,
remove_empty_morpheme,XML/Sentences/Bunun/Bunun.xml,63_S_78_W6,63_S_78_W6M2,eng:plow; zho:耕田,,
remove_empty_morpheme,XML/Sentences/Bunun/Bunun.xml,63_S_94_W1,63_S_94_W1M2,eng:MED.OBL; zho:這.近距.主格,,
remove_empty_morpheme,XML/Sentences/Bunun/Bunun.xml,63_S_94_W1,63_S_94_W1M3,zho:中距,,
remove_empty_morpheme,XML/Sentences/Bunun/Bunun.xml,63_S_114_W5,63_S_114_W5M4,zho:能夠,,
remove_empty_morpheme,XML/Sentences/Bunun/Bunun.xml,63_S_114_W5,63_S_114_W5M5,zho:改變狀態,,
remove_empty_morpheme,XML/Sentences/Bunun/Bunun.xml,63_S_155_W5,63_S_155_W5M2,zho:煮,,
remove_empty_morpheme,XML/Sentences/Bunun/Bunun.xml,63_S_161_W3,63_S_161_W3M5,zho:斜格,,
remove_empty_morpheme,XML/Sentences/Bunun/Bunun.xml,63_S_321_W0,63_S_321_W0M3,zho:遠距.主格,,
remove_empty_morpheme,XML/Sentences/Bunun/Bunun.xml,63_S_328_W2,63_S_328_W2M2,eng:careful; zho:小心,,
remove_empty_morpheme,XML/Sentences/Bunun/Bunun.xml,63_S_346_W0,63_S_346_W0M2,eng:robust; zho:壯,,
remove_empty_morpheme,XML/Sentences/Bunun/Bunun.xml,63_S_526_W4,63_S_526_W4M2,zho:變成,,
remove_empty_morpheme,XML/Sentences/Bunun/Bunun.xml,63_S_526_W4,63_S_526_W4M3,zho:死掉,,
remove_empty_morpheme,XML/Sentences/Bunun/Bunun.xml,63_S_574_W10,63_S_574_W10M3,eng:<RED>teach; zho:<重疊>教,,
remove_empty_morpheme,XML/Sentences/Bunun/Bunun.xml,63_S_574_W10,63_S_574_W10M4,eng:DIST.NOM; zho:遠距.主格,,
remove_empty_morpheme,XML/Sentences/Bunun/Bunun.xml,63_S_581_W0,63_S_581_W0M2,zho:DIST.NOM,,
remove_empty_morpheme,XML/Sentences/Bunun/Bunun.xml,63_S_628_W2,63_S_628_W2M2,zho:DIST.NOM,,
remove_empty_morpheme,XML/Sentences/Bunun/Bunun.xml,63_S_654_W2,63_S_654_W2M2,eng:good; zho:好,,
remove_empty_morpheme,XML/Sentences/Bunun/Bunun.xml,63_S_673_W1,63_S_673_W1M2,zho:2SG.所有格,,
remove_empty_morpheme,XML/Sentences/Bunun/Bunun.xml,63_S_749_W7,63_S_749_W7M2,zho:小孩,,
remove_empty_morpheme,XML/Sentences/Bunun/Bunun.xml,63_S_749_W9,63_S_749_W9M2,zho:還,,
remove_empty_morpheme,XML/Sentences/Bunun/Bunun.xml,63_S_772_W1,63_S_772_W1M2,eng:PF; zho:受焦,,
remove_empty_morpheme,XML/Sentences/Bunun/Bunun.xml,63_S_773_W2,63_S_773_W2M2,zho:受焦,,
remove_empty_morpheme,XML/Sentences/Bunun/Bunun.xml,63_S_786_W4,63_S_786_W4M3,eng:LF; zho:處焦,,
remove_empty_morpheme,XML/Sentences/Bunun/Bunun.xml,63_S_795_W3,63_S_795_W3M3,eng:monkey; zho:猴子,,
remove_empty_morpheme,XML/Sentences/Bunun/Bunun.xml,63_S_795_W3,63_S_795_W3M4,eng:DIST.NOM; zho:遠距.主格,,
remove_empty_morpheme,XML/Sentences/Bunun/Bunun.xml,63_S_796_W5,63_S_796_W5M3,eng:LF; zho:處焦,,
remove_empty_morpheme,XML/Sentences/Bunun/Bunun.xml,63_S_801_W1,63_S_801_W1M2,zho:死,,
remove_empty_morpheme,XML/Sentences/Bunun/Bunun.xml,63_S_801_W1,63_S_801_W1M3,zho:改變狀態,,
remove_empty_morpheme,XML/Sentences/Bunun/Bunun.xml,63_S_805_W2,63_S_805_W2M3,zho:可以,,
remove_empty_morpheme,XML/Sentences/Bunun/Bunun.xml,63_S_806_W3,63_S_806_W3M3,zho:可以,,
remove_empty_morpheme,XML/Sentences/Bunun/Bunun.xml,63_S_807_W3,63_S_807_W3M3,zho:可以,,
remove_empty_morpheme,XML/Sentences/Bunun/Bunun.xml,63_S_814_W1,63_S_814_W1M2,zho:改變狀態,,
remove_empty_morpheme,XML/Sentences/Bunun/Bunun.xml,63_S_815_W0,63_S_815_W0M2,zho:改變狀態,,
remove_empty_morpheme,XML/Sentences/Bunun/Bunun.xml,63_S_884_W10,63_S_884_W10M2,eng:able; zho:很會,,
remove_empty_morpheme,XML/Sentences/Bunun/Bunun.xml,01-2_S_5_W0,01-2_S_5_W0M3,zho:受焦,,
remove_empty_morpheme,XML/Sentences/Bunun/Bunun.xml,59_S_6_W2,59_S_6_W2M2,eng:DIST.NOM,,
remove_empty_morpheme,XML/Sentences/Bunun/Bunun.xml,03-3_S_2_W5,03-3_S_2_W5M4,zho:能夠,,
remove_empty_morpheme,XML/Sentences/Bunun/Bunun.xml,03-3_S_2_W5,03-3_S_2_W5M5,zho:改變狀態,,
remove_empty_morpheme,XML/Sentences/Bunun/Bunun.xml,38_S_4_W0,38_S_4_W0M2,eng:DIST.NOM,,
remove_empty_morpheme,XML/Sentences/Bunun/Bunun.xml,55_S_7_W2,55_S_7_W2M3,zho:可以,,
remove_empty_morpheme,XML/Sentences/Bunun/Bunun.xml,55_S_8_W3,55_S_8_W3M3,zho:可以,,
remove_empty_morpheme,XML/Sentences/Bunun/Bunun.xml,55_S_9_W3,55_S_9_W3M3,zho:可以,,
remove_empty_morpheme,XML/Sentences/Bunun/Bunun.xml,55_S_18_W5,55_S_18_W5M3,eng:sit; zho:坐,,
remove_empty_morpheme,XML/Sentences/Bunun/Bunun.xml,55_S_22_W0,55_S_22_W0M4,eng:all; zho:全部,,
remove_empty_morpheme,XML/Sentences/Bunun/Bunun.xml,55_S_23_W0,55_S_23_W0M4,eng:all; zho:全部,,
remove_empty_morpheme,XML/Sentences/Bunun/Bunun.xml,02_S_9_W1,02_S_9_W1M3,zho:中距,,
remove_empty_morpheme,XML/Sentences/Bunun/Bunun.xml,02_S_13_W4,02_S_13_W4M3,eng:think; zho:思考,,
remove_empty_morpheme,XML/Sentences/Bunun/Bunun.xml,02_S_15_W6,02_S_15_W6M3,zho:<重疊>歌,,
remove_empty_morpheme,XML/Sentences/Bunun/Bunun.xml,02_S_16_W6,02_S_16_W6M2,eng:plow; zho:耕田,,
remove_empty_morpheme,XML/Sentences/Bunun/Bunun.xml,14_S_2_W2,14_S_2_W2M2,eng:careful; zho:小心,,
remove_empty_morpheme,XML/Sentences/Bunun/Bunun.xml,03_S_2_W1,03_S_2_W1M2,eng:MED.OBL; zho:這.近距.主格,,
remove_empty_morpheme,XML/Sentences/Bunun/Bunun.xml,03_S_2_W1,03_S_2_W1M3,zho:中距,,
remove_empty_morpheme,XML/Sentences/Bunun/Bunun.xml,54_S_4_W2,54_S_4_W2M3,zho:受焦,,
remove_empty_morpheme,XML/Sentences/Bunun/Bunun.xml,54_S_17_W4,54_S_17_W4M3,eng:LF; zho:處焦,,
remove_empty_morpheme,XML/Sentences/Bunun/Bunun.xml,54_S_26_W3,54_S_26_W3M3,eng:monkey; zho:猴子,,
remove_empty_morpheme,XML/Sentences/Bunun/Bunun.xml,54_S_26_W3,54_S_26_W3M4,eng:DIST.NOM; zho:遠距.主格,,
remove_empty_morpheme,XML/Sentences/Bunun/Bunun.xml,54_S_28_W0,54_S_28_W0M4,zho:中距,,
remove_empty_morpheme,XML/Sentences/Bunun/Bunun.xml,54_S_28_W0,54_S_28_W0M5,zho:1SG.主格,,
remove_empty_morpheme,XML/Sentences/Bunun/Bunun.xml,01-3_S_4_W5,01-3_S_4_W5M3,zho:土石流,,
remove_empty_morpheme,XML/Sentences/Bunun/Bunun.xml,01-3_S_6_W4,01-3_S_6_W4M3,zho:處焦,,
remove_empty_morpheme,XML/Sentences/Kanakanavu/Kanakanavu.xml,1_S_62_W0,1_S_62_W0M3,zho:1PL.主格.排除,,
remove_empty_morpheme,XML/Sentences/Kanakanavu/Kanakanavu.xml,1_S_114_v1_W0,1_S_114_v1_W0M3,zho:1SG.主格,,
remove_empty_morpheme,XML/Sentences/Kanakanavu/Kanakanavu.xml,1_S_114_v2_W0,1_S_114_v2_W0M3,zho:1SG.主格,,
remove_empty_morpheme,XML/Sentences/Kanakanavu/Kanakanavu.xml,1_S_142_W2,1_S_142_W2M2,eng:child; zho:孩子,,
remove_empty_morpheme,XML/Sentences/Kanakanavu/Kanakanavu.xml,1_S_175_W0,1_S_175_W0M4,eng:fruit; zho:水果,,
remove_empty_morpheme,XML/Sentences/Kanakanavu/Kanakanavu.xml,1_S_175_W0,1_S_175_W0M5,eng:COS; zho:狀態改變,,
remove_empty_morpheme,XML/Sentences/Kanakanavu/Kanakanavu.xml,1_S_211_W2,1_S_211_W2M4,zho:關係詞,,
remove_empty_morpheme,XML/Sentences/Kanakanavu/Kanakanavu.xml,1_S_246_W0,1_S_246_W0M7,zho:1SG.主格,,
remove_empty_morpheme,XML/Sentences/Kanakanavu/Kanakanavu.xml,1_S_344_W1,1_S_344_W1M5,eng:∅,,
remove_empty_morpheme,XML/Sentences/Kanakanavu/Kanakanavu.xml,1_S_344_W1,1_S_344_W1M6,zho:第二人稱單數.所有格,,
remove_empty_morpheme,XML/Sentences/Kanakanavu/Kanakanavu.xml,1_S_365_W8,1_S_365_W8M2,zho:使用,,
remove_empty_morpheme,XML/Sentences/Kanakanavu/Kanakanavu.xml,1_S_365-opt_W8,1_S_365-opt_W8M2,zho:使用,,
remove_empty_morpheme,XML/Sentences/Kanakanavu/Kanakanavu.xml,1_S_420_W0,1_S_420_W0M4,zho:非常,,
remove_empty_morpheme,XML/Sentences/Kanakanavu/Kanakanavu.xml,1_S_420_W0,1_S_420_W0M5,zho:狀態改變,,
remove_empty_morpheme,XML/Sentences/Kanakanavu/Kanakanavu.xml,1_S_420_W0,1_S_420_W0M6,zho:1SG.主焦,,
remove_empty_morpheme,XML/Sentences/Kanakanavu/Kanakanavu.xml,1_S_437_W0,1_S_437_W0M3,zho:堆起來,,
remove_empty_morpheme,XML/Sentences/Kanakanavu/Kanakanavu.xml,1_S_437_W0,1_S_437_W0M4,zho:1SG.主格,,
remove_empty_morpheme,XML/Sentences/Kanakanavu/Kanakanavu.xml,1_S_441_W1,1_S_441_W1M3,zho:2SG.屬格,,
remove_empty_morpheme,XML/Sentences/Kanakanavu/Kanakanavu.xml,1_S_476_W0,1_S_476_W0M4,zho:2PL.主格,,
remove_empty_morpheme,XML/Sentences/Kanakanavu/Kanakanavu.xml,1_S_476_W0,1_S_476_W0M6,eng:2PL.NOM,,
remove_empty_morpheme,XML/Sentences/Kanakanavu/Kanakanavu.xml,1_S_479_W1,1_S_479_W1M2,zho:坐,,
remove_empty_morpheme,XML/Sentences/Kanakanavu/Kanakanavu.xml,1_S_481_W3,1_S_481_W3M2,zho:去,,
remove_empty_morpheme,XML/Sentences/Kanakanavu/Kanakanavu.xml,2_S_15_W0,2_S_15_W0M3,zho:做,,
remove_empty_morpheme,XML/Sentences/Kanakanavu/Kanakanavu.xml,2_S_15_W0,2_S_15_W0M4,zho:1SG.主格,,
remove_empty_morpheme,XML/Sentences/Kanakanavu/Kanakanavu.xml,3_S_1_v1_W6,3_S_1_v1_W6M2,eng:REL; zho:關係詞,,
remove_empty_morpheme,XML/Sentences/Kanakanavu/Kanakanavu.xml,3_S_42_W0,3_S_42_W0M2,eng:1SG.GEN; zho:1SG.屬格,,
remove_empty_morpheme,XML/Sentences/Kanakanavu/Kanakanavu.xml,3_S_56_W2,3_S_56_W2M2,eng:1SG.GEN,,
remove_empty_morpheme,XML/Sentences/Kanakanavu/Kanakanavu.xml,3_S_66_v1_W0,3_S_66_v1_W0M4,eng:eat,,
remove_empty_morpheme,XML/Sentences/Kanakanavu/Kanakanavu.xml,3_S_66_v2_W0,3_S_66_v2_W0M4,eng:eat,,
remove_empty_morpheme,XML/Sentences/Kanakanavu/Kanakanavu.xml,3_S_68_W0,3_S_68_W0M2,eng:3SG.GEN,,
remove_empty_morpheme,XML/Sentences/Kanakanavu/Kanakanavu.xml,3_S_68-opt_W0,3_S_68-opt_W0M2,eng:3SG.GEN,,
remove_empty_morpheme,XML/Sentences/Kanakanavu/Kanakanavu.xml,3_S_112_W4,3_S_112_W4M4,zho:看,,
remove_empty_morpheme,XML/Sentences/Kanakanavu/Kanakanavu.xml,3_S_122_v1_W1,3_S_122_v1_W1M4,zho:吃,,
remove_empty_morpheme,XML/Sentences/Kanakanavu/Kanakanavu.xml,3_S_122_v2_W1,3_S_122_v2_W1M4,zho:吃,,
remove_empty_morpheme,XML/Sentences/Kanakanavu/Kanakanavu.xml,3_S_128_W1,3_S_128_W1M4,zho:吃,,
remove_empty_morpheme,XML/Sentences/Kanakanavu/Kanakanavu.xml,3_S_132_W3,3_S_132_W3M4,zho:吃,,
remove_empty_morpheme,XML/Sentences/Kanakanavu/Kanakanavu.xml,3_S_133_W3,3_S_133_W3M4,zho:吃,,
remove_empty_morpheme,XML/Sentences/Kanakanavu/Kanakanavu.xml,3_S_133_W7,3_S_133_W7M4,zho:吃,,
remove_empty_morpheme,XML/Sentences/Kanakanavu/Kanakanavu.xml,3_S_133-opt_W3,3_S_133-opt_W3M4,zho:吃,,
remove_empty_morpheme,XML/Sentences/Kanakanavu/Kanakanavu.xml,3_S_133-opt_W7,3_S_133-opt_W7M4,zho:吃,,
remove_empty_morpheme,XML/Sentences/Kanakanavu/Kanakanavu.xml,3_S_134_W1,3_S_134_W1M4,zho:吃,,
remove_empty_morpheme,XML/Sentences/Kanakanavu/Kanakanavu.xml,3_S_135_W3,3_S_135_W3M4,zho:吃,,
remove_empty_morpheme,XML/Sentences/Kanakanavu/Kanakanavu.xml,3_S_136_W1,3_S_136_W1M4,zho:吃,,
remove_empty_morpheme,XML/Sentences/Kanakanavu/Kanakanavu.xml,3_S_137_W3,3_S_137_W3M4,zho:吃,,
remove_empty_morpheme,XML/Sentences/Kanakanavu/Kanakanavu.xml,3_S_138_W1,3_S_138_W1M4,zho:吃,,
remove_empty_morpheme,XML/Sentences/Kanakanavu/Kanakanavu.xml,3_S_152_W0,3_S_152_W0M3,eng:think; zho:想,,
remove_empty_morpheme,XML/Sentences/Kanakanavu/Kanakanavu.xml,3_S_152_W0,3_S_152_W0M4,eng:1SG.NOM; zho:1SG.主格,,
remove_empty_morpheme,XML/Sentences/Kanakanavu/Kanakanavu.xml,3_S_156_W5,3_S_156_W5M2,eng:PF; zho:受焦,,
remove_empty_morpheme,XML/Sentences/Kanakanavu/Kanakanavu.xml,3_S_225_W1,3_S_225_W1M4,eng:REL; zho:2SG.屬格,,
remove_empty_morpheme,XML/Sentences/Kanakanavu/Kanakanavu.xml,3_S_225_W1,3_S_225_W1M5,eng:2SG.GEN,,
remove_empty_morpheme,XML/Sentences/Kanakanavu/Kanakanavu.xml,3_S_227_W3,3_S_227_W3M3,eng:sit,,
remove_empty_morpheme,XML/Sentences/Kanakanavu/Kanakanavu.xml,3_S_230_W2,3_S_230_W2M3,zho:使用,,
remove_empty_morpheme,XML/Sentences/Kanakanavu/Kanakanavu.xml,3_S_230_W2,3_S_230_W2M4,zho:2SG.屬格,,
remove_empty_morpheme,XML/Sentences/Kanakanavu/Kanakanavu.xml,3_S_242_W3,3_S_242_W3M4,eng:eat; zho:受焦,,
remove_empty_morpheme,XML/Sentences/Kanakanavu/Kanakanavu.xml,3_S_242-opt_W3,3_S_242-opt_W3M4,eng:eat; zho:受焦,,
remove_empty_morpheme,XML/Sentences/Kanakanavu/Kanakanavu.xml,3_S_253_W1,3_S_253_W1M2,eng:yesterday,,
remove_empty_morpheme,XML/Sentences/Kanakanavu/Kanakanavu.xml,3_S_262_W0,3_S_262_W0M2,eng:yesterday; zho:昨天,,
remove_empty_morpheme,XML/Sentences/Kanakanavu/Kanakanavu.xml,3_S_272_W1,3_S_272_W1M3,eng:what,,
remove_empty_morpheme,XML/Sentences/Kanakanavu/Kanakanavu.xml,3_S_280_W0,3_S_280_W0M4,zho:]2SG.主格,,
remove_empty_morpheme,XML/Sentences/Kanakanavu/Kanakanavu.xml,3_S_298_W0,3_S_298_W0M5,eng:How2,,
remove_empty_morpheme,XML/Sentences/Kanakanavu/Kanakanavu.xml,3_S_333_W1,3_S_333_W1M2,eng:fight; zho:打架,,
remove_empty_morpheme,XML/Sentences/Kanakanavu/Kanakanavu.xml,3_S_334_W2,3_S_334_W2M2,eng:fight; zho:打架,,
remove_empty_morpheme,XML/Sentences/Kanakanavu/Kanakanavu.xml,3_S_346_W1,3_S_346_W1M3,eng:hang; zho:掛,,
remove_empty_morpheme,XML/Sentences/Kanakanavu/Kanakanavu.xml,3_S_349_W0,3_S_349_W0M4,zho:1SG.主格,,
remove_empty_morpheme,XML/Sentences/Kanakanavu/Kanakanavu.xml,3_S_365_W5,3_S_365_W5M3,eng:REL; zho:關係詞,,
remove_empty_morpheme,XML/Sentences/Kanakanavu/Kanakanavu.xml,3_S_380_W2,3_S_380_W2M2,zho:一起,,
remove_empty_morpheme,XML/Sentences/Kanakanavu/Kanakanavu.xml,3_S_382_W1,3_S_382_W1M2,eng:return; zho:回去,,
remove_empty_morpheme,XML/Sentences/Kanakanavu/Kanakanavu.xml,3_S_385_W0,3_S_385_W0M5,zho:纏繞,,
remove_empty_morpheme,XML/Sentences/Kanakanavu/Kanakanavu.xml,3_S_385_W0,3_S_385_W0M6,zho:COS,,
remove_empty_morpheme,XML/Sentences/Kanakanavu/Kanakanavu.xml,3_S_385_W0,3_S_385_W0M7,zho:1SG.屬格,,
remove_empty_morpheme,XML/Sentences/Kanakanavu/Kanakanavu.xml,3_S_386_W1,3_S_386_W1M3,eng:book; zho:書,,
remove_empty_morpheme,XML/Sentences/Kanakanavu/Kanakanavu.xml,3_S_386_W4,3_S_386_W4M3,eng:play; zho:玩耍,,
remove_empty_morpheme,XML/Sentences/Kanakanavu/Kanakanavu.xml,3_S_390_W0,3_S_390_W0M3,eng:hear; zho:聽,,
remove_empty_morpheme,XML/Sentences/Kanakanavu/Kanakanavu.xml,3_S_402_W1,3_S_402_W1M3,eng:eat; zho:吃,,
remove_empty_morpheme,XML/Sentences/Kanakanavu/Kanakanavu.xml,3_S_406_W1,3_S_406_W1M4,eng:eat; zho:吃,,
remove_empty_morpheme,XML/Sentences/Kanakanavu/Kanakanavu.xml,3_S_406_W1,3_S_406_W1M5,eng:Q; zho:疑問詞,,
remove_empty_morpheme,XML/Sentences/Kanakanavu/Kanakanavu.xml,3_S_409_W3,3_S_409_W3M3,eng:field; zho:田,,
remove_empty_morpheme,XML/Sentences/Kanakanavu/Kanakanavu.xml,3_S_414_W0,3_S_414_W0M4,zho:什麼,,
remove_empty_morpheme,XML/Sentences/Kanakanavu/Kanakanavu.xml,3_S_414_W0,3_S_414_W0M5,zho:2SG.主格,,
remove_empty_morpheme,XML/Sentences/Kanakanavu/Kanakanavu.xml,3_S_416_W3,3_S_416_W3M4,eng:full; zho:飽,,
remove_empty_morpheme,XML/Sentences/Kanakanavu/Kanakanavu.xml,3_S_416_W3,3_S_416_W3M5,eng:COS; zho:COS,,
remove_empty_morpheme,XML/Sentences/Kanakanavu/Kanakanavu.xml,3_S_416_W3,3_S_416_W3M6,eng:2SG.NOM; zho:2SG.主格,,
remove_empty_morpheme,XML/Sentences/Kanakanavu/Kanakanavu.xml,3_S_416-opt_W3,3_S_416-opt_W3M4,eng:full; zho:飽,,
remove_empty_morpheme,XML/Sentences/Kanakanavu/Kanakanavu.xml,3_S_416-opt_W3,3_S_416-opt_W3M5,eng:COS; zho:COS,,
remove_empty_morpheme,XML/Sentences/Kanakanavu/Kanakanavu.xml,3_S_416-opt_W3,3_S_416-opt_W3M6,eng:2SG.NOM; zho:2SG.主格,,
remove_empty_morpheme,XML/Sentences/Kanakanavu/Kanakanavu.xml,3_S_426_W2,3_S_426_W2M2,zho:搭乘,,
remove_empty_morpheme,XML/Sentences/Kanakanavu/Kanakanavu.xml,3_S_427_W0,3_S_427_W0M4,zho:什麼,,
remove_empty_morpheme,XML/Sentences/Kanakanavu/Kanakanavu.xml,3_S_427_W0,3_S_427_W0M5,zho:2PL.主格,,
remove_empty_morpheme,XML/Sentences/Kanakanavu/Kanakanavu.xml,3_S_431_W0,3_S_431_W0M3,zho:使用,,
remove_empty_morpheme,XML/Sentences/Kanakanavu/Kanakanavu.xml,3_S_431_W0,3_S_431_W0M4,zho:1SG.主格,,
remove_empty_morpheme,XML/Sentences/Kanakanavu/Kanakanavu.xml,3_S_434_W2,3_S_434_W2M2,eng:fight; zho:吵架,,
remove_empty_morpheme,XML/Sentences/Kanakanavu/Kanakanavu.xml,3_S_435_W2,3_S_435_W2M2,eng:fight; zho:吵架,,
remove_empty_morpheme,XML/Sentences/Kanakanavu/Kanakanavu.xml,3_S_436_W0,3_S_436_W0M3,eng:3SG.NOM; zho:3SG.主格,,
remove_empty_morpheme,XML/Sentences/Kanakanavu/Kanakanavu.xml,3_S_436_W1,3_S_436_W1M2,eng:give; zho:給予,,
remove_empty_morpheme,XML/Sentences/Kanakanavu/Kanakanavu.xml,3_S_437_W0,3_S_437_W0M4,eng:3SG.GEN; zho:3SG.屬格,,
remove_empty_morpheme,XML/Sentences/Kanakanavu/Kanakanavu.xml,3_S_458_W1,3_S_458_W1M2,eng:drink; zho:喝,,
remove_empty_morpheme,XML/Sentences/Kanakanavu/Kanakanavu.xml,3_S_458_W1,3_S_458_W1M3,eng:how.many; zho:多少,,
remove_empty_morpheme,XML/Sentences/Kanakanavu/Kanakanavu.xml,3_S_463_W0,3_S_463_W0M4,zho:多少,,
remove_empty_morpheme,XML/Sentences/Kanakanavu/Kanakanavu.xml,3_S_463_W0,3_S_463_W0M5,zho:2SG.主格,,
remove_empty_morpheme,XML/Sentences/Kanakanavu/Kanakanavu.xml,3_S_474_W0,3_S_474_W0M4,zho:多少,,
remove_empty_morpheme,XML/Sentences/Kanakanavu/Kanakanavu.xml,3_S_474_W0,3_S_474_W0M5,zho:2SG.主格,,
remove_empty_morpheme,XML/Sentences/Kanakanavu/Kanakanavu.xml,3_S_476_W2,3_S_476_W2M3,eng:trap; zho:陷阱,,
remove_empty_morpheme,XML/Sentences/Kanakanavu/Kanakanavu.xml,3_S_477_v1_W0,3_S_477_v1_W0M5,eng:PV; zho:受焦,,
remove_empty_morpheme,XML/Sentences/Kanakanavu/Kanakanavu.xml,3_S_477_v1_W0,3_S_477_v1_W0M6,eng:2SG.GEN; zho:2SG0屬格,,
remove_empty_morpheme,XML/Sentences/Kanakanavu/Kanakanavu.xml,3_S_477_v1_W1,3_S_477_v1_W1M2,zho:做,,
remove_empty_morpheme,XML/Sentences/Kanakanavu/Kanakanavu.xml,3_S_477_v2_W0,3_S_477_v2_W0M5,eng:PV; zho:受焦,,
remove_empty_morpheme,XML/Sentences/Kanakanavu/Kanakanavu.xml,3_S_477_v2_W0,3_S_477_v2_W0M6,eng:2SG.GEN; zho:2SG0屬格,,
remove_empty_morpheme,XML/Sentences/Kanakanavu/Kanakanavu.xml,3_S_477_v2_W1,3_S_477_v2_W1M2,zho:做,,
remove_empty_morpheme,XML/Sentences/Kanakanavu/Kanakanavu.xml,3_S_478_W1,3_S_478_W1M2,zho:來,,
remove_empty_morpheme,XML/Sentences/Kanakanavu/Kanakanavu.xml,3_S_485_W0,3_S_485_W0M3,eng:do; zho:做,,
remove_empty_morpheme,XML/Sentences/Kanakanavu/Kanakanavu.xml,3_S_485_W0,3_S_485_W0M4,eng:how.many; zho:多少,,
remove_empty_morpheme,XML/Sentences/Kanakanavu/Kanakanavu.xml,3_S_485_W1,3_S_485_W1M2,eng:hang; zho:掛,,
remove_empty_morpheme,XML/Sentences/Kanakanavu/Kanakanavu.xml,3_S_486_W0,3_S_486_W0M4,eng:do; zho:做,,
remove_empty_morpheme,XML/Sentences/Kanakanavu/Kanakanavu.xml,3_S_486_W0,3_S_486_W0M5,eng:how.many; zho:多少,,
remove_empty_morpheme,XML/Sentences/Kanakanavu/Kanakanavu.xml,3_S_486_W0,3_S_486_W0M6,eng:2SG.NOM; zho:2SG.主格,,
remove_empty_morpheme,XML/Sentences/Kanakanavu/Kanakanavu.xml,3_S_486_W3,3_S_486_W3M2,eng:hang; zho:掛,,
remove_empty_morpheme,XML/Sentences/Kanakanavu/Kanakanavu.xml,3_S_487_W1,3_S_487_W1M2,eng:hang; zho:hang,,
remove_empty_morpheme,XML/Sentences/Kanakanavu/Kanakanavu.xml,3_S_488_W3,3_S_488_W3M2,eng:hang; zho:掛,,
remove_empty_morpheme,XML/Sentences/Kanakanavu/Kanakanavu.xml,3_S_501_W2,3_S_501_W2M2,eng:toward; zho:朝向,,
remove_empty_morpheme,XML/Sentences/Kanakanavu/Kanakanavu.xml,3_S_515_W0,3_S_515_W0M6,eng:IN; zho:IN,,
remove_empty_morpheme,XML/Sentences/Kanakanavu/Kanakanavu.xml,3_S_515_W0,3_S_515_W0M7,eng:2SG.NOM; zho:2SG.主格,,
remove_empty_morpheme,XML/Sentences/Kanakanavu/Kanakanavu.xml,3_S_516_W0,3_S_516_W0M3,eng:where; zho:哪裡,,
remove_empty_morpheme,XML/Sentences/Kanakanavu/Kanakanavu.xml,3_S_516_W0,3_S_516_W0M4,eng:2SG.NOM; zho:2SG.主格,,
remove_empty_morpheme,XML/Sentences/Kanakanavu/Kanakanavu.xml,3_S_516_W1,3_S_516_W1M2,eng:eat; zho:吃,,
remove_empty_morpheme,XML/Sentences/Kanakanavu/Kanakanavu.xml,3_S_517_W2,3_S_517_W2M3,eng:eat; zho:吃,,
remove_empty_morpheme,XML/Sentences/Kanakanavu/Kanakanavu.xml,3_S_519_W0,3_S_519_W0M2,eng:hang; zho:懸掛,,
remove_empty_morpheme,XML/Sentences/Kanakanavu/Kanakanavu.xml,3_S_520_W0,3_S_520_W0M3,eng:hang,,
remove_empty_morpheme,XML/Sentences/Kanakanavu/Kanakanavu.xml,3_S_520_W0,3_S_520_W0M4,eng:2SG.GEN,,
remove_empty_morpheme,XML/Sentences/Kanakanavu/Kanakanavu.xml,3_S_521_W0,3_S_521_W0M2,eng:hang; zho:掛,,
remove_empty_morpheme,XML/Sentences/Kanakanavu/Kanakanavu.xml,3_S_521_W2,3_S_521_W2M2,eng:hang; zho:掛,,
remove_empty_morpheme,XML/Sentences/Kanakanavu/Kanakanavu.xml,3_S_521_W2,3_S_521_W2M3,eng:A; zho:A,,
remove_empty_morpheme,XML/Sentences/Kanakanavu/Kanakanavu.xml,4_S_20_W0,4_S_20_W0M2,zho:1SG.屬格,,
remove_empty_morpheme,XML/Sentences/Kanakanavu/Kanakanavu.xml,4_S_25_W2,4_S_25_W2M4,zho:吃,,
remove_empty_morpheme,XML/Sentences/Kanakanavu/Kanakanavu.xml,4_S_59_W0,4_S_59_W0M3,eng:borrow; zho:借入,,
remove_empty_morpheme,XML/Sentences/Kanakanavu/Kanakanavu.xml,4_S_74_W0,4_S_74_W0M3,eng:PF; zho:受焦,,
remove_empty_morpheme,XML/Sentences/Kanakanavu/Kanakanavu.xml,4_S_101_W1,4_S_101_W1M3,eng:<AF>see,,
remove_empty_morpheme,XML/Sentences/Kanakanavu/Kanakanavu.xml,4_S_127_W0,4_S_127_W0M4,zho:醉,,
remove_empty_morpheme,XML/Sentences/Kanakanavu/Kanakanavu.xml,4_S_127_W0,4_S_127_W0M5,zho:COS,,
remove_empty_morpheme,XML/Sentences/Kanakanavu/Kanakanavu.xml,5_S_16_W0,5_S_16_W0M5,zho:吃,,
remove_empty_morpheme,XML/Sentences/Kanakanavu/Kanakanavu.xml,5_S_60_W1,5_S_60_W1M2,eng:1SG.NOM; zho:1SG.主格,,
remove_empty_morpheme,XML/Sentences/Rukai/Rukai.xml,20200528-FW-Ludwig_S_7_W0,20200528-FW-Ludwig_S_7_W0M2,zho:使用,,
remove_empty_morpheme,XML/Sentences/Rukai/Rukai.xml,20200528-FW-Ludwig_S_7_W3,20200528-FW-Ludwig_S_7_W3M3,zho:關,,
remove_empty_morpheme,XML/Sentences/Rukai/Rukai.xml,20200528-FW-Ludwig_S_16_W1,20200528-FW-Ludwig_S_16_W1M3,eng:NMLZ; zho:名物化,,
remove_empty_morpheme,XML/Sentences/Rukai/Rukai.xml,20200528-FW-Ludwig_S_16_W6,20200528-FW-Ludwig_S_16_W6M5,eng:<I>; zho:<I>,,
remove_empty_morpheme,XML/Sentences/Rukai/Rukai.xml,20200528-FW-Ludwig_S_16_W6,20200528-FW-Ludwig_S_16_W6M6,eng:judge; zho:審判,,
remove_empty_morpheme,XML/Sentences/Rukai/Rukai.xml,20200528-FW-Ludwig_S_17_W1,20200528-FW-Ludwig_S_17_W1M5,eng:<I>; zho:<I>,,
remove_empty_morpheme,XML/Sentences/Rukai/Rukai.xml,20200528-FW-Ludwig_S_17_W1,20200528-FW-Ludwig_S_17_W1M6,eng:judge; zho:審判,,
remove_empty_morpheme,XML/Sentences/Rukai/Rukai.xml,20200530-FW-Ryan_S_3_W3,20200530-FW-Ryan_S_3_W3M5,eng:NMLZ; zho:名物化,,
remove_empty_morpheme,XML/Sentences/Rukai/Rukai.xml,20200530-FW-Ryan_S_32_W1,20200530-FW-Ryan_S_32_W1M3,eng:PFV; zho:完成貌,,
remove_empty_morpheme,XML/Sentences/Rukai/Rukai.xml,20200531-FW-Ingrid_S_21_W0,20200531-FW-Ingrid_S_21_W0M4,zho:知道,,
remove_empty_morpheme,XML/Sentences/Rukai/Rukai.xml,20200531-FW-Ingrid_S_21_W0,20200531-FW-Ingrid_S_21_W0M5,zho:第一人稱單數.主格,,
remove_empty_morpheme,XML/Sentences/Rukai/Rukai.xml,20200513-CL-8_S_3_W6,20200513-CL-8_S_3_W6M2,eng:steal; zho:偷,,
remove_empty_morpheme,XML/Sentences/Rukai/Rukai.xml,20200513-CL-8_S_3_W13,20200513-CL-8_S_3_W13M2,eng:NMLZ; zho:名物化,,
remove_empty_morpheme,XML/Sentences/Rukai/Rukai.xml,20200513-CL-8_S_15_W0,20200513-CL-8_S_15_W0M6,,,
remove_empty_morpheme,XML/Sentences/Rukai/Rukai.xml,20200513-CL-8_S_15_W0,20200513-CL-8_S_15_W0M7,eng:1S.BN,,
remove_empty_morpheme,XML/Sentences/Rukai/Rukai.xml,20200513-CL-8_S_17_W17,20200513-CL-8_S_17_W17M3,zho:第三人稱.附著屬格,,
remove_empty_morpheme,XML/Sentences/Rukai/Rukai.xml,20200528-FW-Yongfu_S_5_W0,20200528-FW-Yongfu_S_5_W0M3,eng:be.happy; zho:快樂,,
remove_empty_morpheme,XML/Sentences/Rukai/Rukai.xml,20200528-FW-Yongfu_S_6_W0,20200528-FW-Yongfu_S_6_W0M3,eng:be.happy; zho:快樂,,
remove_empty_morpheme,XML/Sentences/Rukai/Rukai.xml,20200528-FW-Yongfu_S_16_W1,20200528-FW-Yongfu_S_16_W1M3,zho:第一人稱單數.附著主格,,
remove_empty_morpheme,XML/Sentences/Rukai/Rukai.xml,20200528-FW-Yongfu_S_17_W0,20200528-FW-Yongfu_S_17_W0M2,eng:POSS.MOD; zho:可能.情態,,
remove_empty_morpheme,XML/Sentences/Rukai/Rukai.xml,20200528-FW-Yongfu_S_19_W2,20200528-FW-Yongfu_S_19_W2M4,eng:steal; zho:<實現>,,
remove_empty_morpheme,XML/Sentences/Rukai/Rukai.xml,20200528-FW-Yongfu_S_19_W2,20200528-FW-Yongfu_S_19_W2M5,zho:偷,,
remove_empty_morpheme,XML/Sentences/Rukai/Rukai.xml,20200528-FW-Yongfu_S_20_W3,20200528-FW-Yongfu_S_20_W3M2,eng:Taipei; zho:台北,,
remove_empty_morpheme,XML/Sentences/Rukai/Rukai.xml,20200528-FW-Yongfu_S_22_W0,20200528-FW-Yongfu_S_22_W0M3,eng:1S.BG; zho:第一人稱單數.附著主格,,
remove_empty_morpheme,XML/Sentences/Rukai/Rukai.xml,20200528-FW-Yongfu_S_23_W0,20200528-FW-Yongfu_S_23_W0M3,eng:1S.BG; zho:第一人稱單數.附著主格,,
remove_empty_morpheme,XML/Sentences/Rukai/Rukai.xml,20200528-FW-Yongfu_S_26_W2,20200528-FW-Yongfu_S_26_W2M5,zho:名物化,,
remove_empty_morpheme,XML/Sentences/Rukai/Rukai.xml,20200529-FW-Andrea-1_S_3_W0,20200529-FW-Andrea-1_S_3_W0M4,eng:be.good,,
remove_empty_morpheme,XML/Sentences/Rukai/Rukai.xml,20200529-FW-Andrea-1_S_17_W0,20200529-FW-Andrea-1_S_17_W0M3,eng:mango; zho:芒果,,
remove_empty_morpheme,XML/Sentences/Rukai/Rukai.xml,20200530-FW-Lixing-1_S_13_W1,20200530-FW-Lixing-1_S_13_W1M2,eng:shower; zho:洗澡,,
remove_empty_morpheme,XML/Sentences/Rukai/Rukai.xml,20200529-FW-Jimmy-2_S_6_W0,20200529-FW-Jimmy-2_S_6_W0M4,eng:take; zho:拿,,
remove_empty_morpheme,XML/Sentences/Rukai/Rukai.xml,20200529-FW-Jimmy-2_S_6_W0,20200529-FW-Jimmy-2_S_6_W0M5,eng:1S.BN; zho:第一人稱單數.附著主格,,
remove_empty_morpheme,XML/Sentences/Rukai/Rukai.xml,20200529-FW-Jimmy-2_S_10_W1,20200529-FW-Jimmy-2_S_10_W1M7,zho:名物化,,
remove_empty_morpheme,XML/Sentences/Rukai/Rukai.xml,20200529-FW-Jimmy-2_S_10_W1,20200529-FW-Jimmy-2_S_10_W1M8,zho:第一人稱單數.附著主格,,
remove_empty_morpheme,XML/Sentences/Rukai/Rukai.xml,20200530-FW-Ingrid_S_5_W2,20200530-FW-Ingrid_S_5_W2M3,eng:be.happy; zho:快樂,,
remove_empty_morpheme,XML/Sentences/Rukai/Rukai.xml,20200529-FW-Ludwig_S_21_W1,20200529-FW-Ludwig_S_21_W1M6,eng:<I>; zho:<I>,,
remove_empty_morpheme,XML/Sentences/Rukai/Rukai.xml,20200529-FW-Ludwig_S_21_W1,20200529-FW-Ludwig_S_21_W1M7,eng:judge; zho:審判,,
remove_empty_morpheme,XML/Sentences/Rukai/Rukai.xml,20200529-FW-Ludwig_S_21_W1,20200529-FW-Ludwig_S_21_W1M8,eng:1S.BN; zho:第一人稱單數.附著主格,,
remove_empty_morpheme,XML/Sentences/Rukai/Rukai.xml,20200529-FW-Ludwig_S_22_W2,20200529-FW-Ludwig_S_22_W2M5,eng:<I>; zho:<I>,,
remove_empty_morpheme,XML/Sentences/Rukai/Rukai.xml,20200529-FW-Ludwig_S_22_W2,20200529-FW-Ludwig_S_22_W2M6,eng:judge; zho:審判,,
remove_empty_morpheme,XML/Sentences/Rukai/Rukai.xml,20200529-FW-Ludwig_S_23_W1,20200529-FW-Ludwig_S_23_W1M7,eng:<I>; zho:<I>,,
remove_empty_morpheme,XML/Sentences/Rukai/Rukai.xml,20200529-FW-Ludwig_S_23_W1,20200529-FW-Ludwig_S_23_W1M8,eng:judge; zho:審判,,
remove_empty_morpheme,XML/Sentences/Rukai/Rukai.xml,20200529-FW-Yongfu-1_S_12_W0,20200529-FW-Yongfu-1_S_12_W0M2,zho:第一人稱單數.附著主格,,
remove_empty_morpheme,XML/Sentences/Rukai/Rukai.xml,20200529-FW-Yongfu-1_S_15_W2,20200529-FW-Yongfu-1_S_15_W2M3,eng:be.happy; zho:快樂,,
remove_empty_morpheme,XML/Sentences/Rukai/Rukai.xml,20200529-FW-Yongfu-1_S_19_W2,20200529-FW-Yongfu-1_S_19_W2M3,eng:go; zho:去,,
remove_empty_morpheme,XML/Sentences/Rukai/Rukai.xml,20200529-FW-Yongfu-1_S_23_W1,20200529-FW-Yongfu-1_S_23_W1M5,eng:RED; zho:重疊,,
remove_empty_morpheme,XML/Sentences/Rukai/Rukai.xml,20200529-FW-Yongfu-1_S_23_W1,20200529-FW-Yongfu-1_S_23_W1M6,eng:1S.BN; zho:第一人稱單數.附著主格,,
remove_empty_morpheme,XML/Sentences/Rukai/Rukai.xml,20200529-FW-Yongfu-1_S_34_W5,20200529-FW-Yongfu-1_S_34_W5M2,zho:魯凱,,
remove_empty_morpheme,XML/Sentences/Rukai/Rukai.xml,20200529-FW-Yongfu-1_S_35_W0,20200529-FW-Yongfu-1_S_35_W0M5,eng:<RED>; zho:重疊,,
remove_empty_morpheme,XML/Sentences/Rukai/Rukai.xml,20200528-FW-Ingrid_S_24_W0,20200528-FW-Ingrid_S_24_W0M2,zho:命令式,,
remove_empty_morpheme,XML/Sentences/Rukai/Rukai.xml,20200528-FW-Ingrid_S_35_W1,20200528-FW-Ingrid_S_35_W1M5,eng:<RED>; zho:<重疊>,,
remove_empty_morpheme,XML/Sentences/Rukai/Rukai.xml,20200528-FW-Ingrid_S_35_W1,20200528-FW-Ingrid_S_35_W1M6,eng:1S.BG; zho:第一人稱單數.附著屬格,,
remove_empty_morpheme,XML/Sentences/Rukai/Rukai.xml,20200528-FW-Ken_S_12_W3,20200528-FW-Ken_S_12_W3M4,zho:推,,
remove_empty_morpheme,XML/Sentences/Rukai/Rukai.xml,20200530-FW-Ludwig_S_9_W8,20200530-FW-Ludwig_S_9_W8M2,zho:要,,
remove_empty_morpheme,XML/Sentences/Rukai/Rukai.xml,20200508-CL-7_S_11_W0,20200508-CL-7_S_11_W0M4,zho:喜歡,,
remove_empty_morpheme,XML/Sentences/Rukai/Rukai.xml,20200508-CL-7_S_12_W0,20200508-CL-7_S_12_W0M4,eng:1S.BN; zho:第一人稱單數.附著主格,,
remove_empty_morpheme,XML/Sentences/Rukai/Rukai.xml,20200528-FW-Ryan_S_16_W0,20200528-FW-Ryan_S_16_W0M3,,,
remove_empty_morpheme,XML/Sentences/Rukai/Rukai.xml,20200528-FW-Ryan_S_16_W0,20200528-FW-Ryan_S_16_W0M4,zho:第二人稱單數.附著主格,,
remove_empty_morpheme,XML/Sentences/Rukai/Rukai.xml,20200415-CL-4_S_13_W1,20200415-CL-4_S_13_W1M5,eng:<I>; zho:<I>,,
remove_empty_morpheme,XML/Sentences/Rukai/Rukai.xml,20200415-CL-4_S_13_W1,20200415-CL-4_S_13_W1M6,eng:male.friend; zho:男性朋友,,
remove_empty_morpheme,XML/Sentences/Rukai/Rukai.xml,20200415-CL-4_S_13_W1,20200415-CL-4_S_13_W1M7,eng:1S.BG; zho:第一人稱單數.附著屬格,,
remove_empty_morpheme,XML/Sentences/Rukai/Rukai.xml,20200528-FW-Andrea_S_7_W0,20200528-FW-Andrea_S_7_W0M4,eng:1S.BN; zho:第一人稱單數.附著主格,,
remove_empty_morpheme,XML/Sentences/Rukai/Rukai.xml,20200530-FW-Jess_S_7_W1,20200530-FW-Jess_S_7_W1M3,zho:第一人稱單數.附著屬格,,
remove_empty_morpheme,XML/Sentences/Rukai/Rukai.xml,20200530-FW-Jess_S_12_W0,20200530-FW-Jess_S_12_W0M5,eng:<RED>; zho:<重疊>,,
remove_empty_morpheme,XML/Sentences/Rukai/Rukai.xml,20200530-FW-Jess_S_12_W0,20200530-FW-Jess_S_12_W0M6,eng:<RED>; zho:<重疊>,,
remove_empty_morpheme,XML/Sentences/Rukai/Rukai.xml,20200530-FW-Jess_S_12_W0,20200530-FW-Jess_S_12_W0M7,eng:be.happy; zho:開心,,
remove_empty_morpheme,XML/Sentences/Rukai/Rukai.xml,20200531-FW-Yongfu-1_S_4_W1,20200531-FW-Yongfu-1_S_4_W1M4,zho:完成貌,,
remove_empty_morpheme,XML/Sentences/Rukai/Rukai.xml,20200531-FW-Yongfu-1_S_9_W4,20200531-FW-Yongfu-1_S_9_W4M2,zho:狀態.非實現,,
remove_empty_morpheme,XML/Sentences/Rukai/Rukai.xml,20200531-FW-Yongfu-1_S_9_W4,20200531-FW-Yongfu-1_S_9_W4M3,zho:傷,,
remove_empty_morpheme,XML/Sentences/Rukai/Rukai.xml,20200530-FW-Andrea-1_S_6-2_W0,20200530-FW-Andrea-1_S_6-2_W0M3,zho:第一人稱單數.附著主格,,
remove_empty_morpheme,XML/Sentences/Rukai/Rukai.xml,20200530-FW-Andrea-1_S_6-2_W0,20200530-FW-Andrea-1_S_6-2_W0M5,eng:1S.BN,,
remove_empty_morpheme,XML/Sentences/Rukai/Rukai.xml,20200529-FW-Yongfu-2_S_2_W2,20200529-FW-Yongfu-2_S_2_W2M4,zho:休息,,
remove_empty_morpheme,XML/Sentences/Rukai/Rukai.xml,20200529-FW-Yongfu-2_S_3_W0,20200529-FW-Yongfu-2_S_3_W0M6,eng:<RED>; zho:<重疊>,,
remove_empty_morpheme,XML/Sentences/Rukai/Rukai.xml,20200529-FW-Yongfu-2_S_3_W0,20200529-FW-Yongfu-2_S_3_W0M7,eng:1S.BN; zho:第一人稱單數.附著主格,,
remove_empty_morpheme,XML/Sentences/Rukai/Rukai.xml,20200529-FW-Jimmy-1_S_7_W2,20200529-FW-Jimmy-1_S_7_W2M4,eng:<RED>; zho:<重疊>,,
remove_empty_morpheme,XML/Sentences/Rukai/Rukai.xml,20200529-FW-Jimmy-1_S_7_W2,20200529-FW-Jimmy-1_S_7_W2M5,eng:be.happy; zho:開心,,
remove_empty_morpheme,XML/Sentences/Rukai/Rukai.xml,20200529-FW-Jimmy-1_S_8_W2,20200529-FW-Jimmy-1_S_8_W2M4,eng:play; zho:<重疊>,,
remove_empty_morpheme,XML/Sentences/Rukai/Rukai.xml,20200529-FW-Jimmy-1_S_8_W2,20200529-FW-Jimmy-1_S_8_W2M5,zho:玩,,
remove_empty_morpheme,XML/Sentences/Rukai/Rukai.xml,20200529-FW-Jimmy-1_S_8_W4,20200529-FW-Jimmy-1_S_8_W4M4,eng:<RED>; zho:<重疊>,,
remove_empty_morpheme,XML/Sentences/Rukai/Rukai.xml,20200529-FW-Jimmy-1_S_8_W4,20200529-FW-Jimmy-1_S_8_W4M5,eng:be.happy; zho:玩,,
remove_empty_morpheme,XML/Sentences/Rukai/Rukai.xml,20200530-FW-yuki_S_14_W0,20200530-FW-yuki_S_14_W0M5,eng:1S.BN; zho:第一人稱單數.附著主格,,
remove_empty_morpheme,XML/Sentences/Rukai/Rukai.xml,20200530-FW-Yongfu-1_S_8_W3,20200530-FW-Yongfu-1_S_8_W3M4,eng:Taipei; zho:台北,,
remove_empty_morpheme,XML/Sentences/Rukai/Rukai.xml,20200529-FW-Andrea-2_S_35_W3,20200529-FW-Andrea-2_S_35_W3M3,eng:steal; zho:偷,,
remove_empty_morpheme,XML/Sentences/Rukai/Rukai.xml,20200529-FW-yuki-1_S_1_W2,20200529-FW-yuki-1_S_1_W2M2,eng:smelling,,
remove_empty_morpheme,XML/Sentences/Rukai/Rukai.xml,20200529-FW-yuki-1_S_4_W0,20200529-FW-yuki-1_S_4_W0M5,zho:重疊,,
remove_empty_morpheme,XML/Sentences/Rukai/Rukai.xml,20200529-FW-Jess_S_19_W0,20200529-FW-Jess_S_19_W0M4,eng:be.shy; zho:害羞,,
remove_empty_morpheme,XML/Sentences/Rukai/Rukai.xml,20200529-FW-Jess_S_19_W0,20200529-FW-Jess_S_19_W0M5,eng:1S.BN; zho:第一人稱單數.附著主格,,
remove_empty_morpheme,XML/Sentences/Rukai/Rukai.xml,20200429-CL-6_S_9_W4,20200429-CL-6_S_9_W4M5,,,
remove_empty_morpheme,XML/Sentences/Rukai/Rukai.xml,20200429-CL-6_S_9_W4,20200429-CL-6_S_9_W4M6,eng:3S.BG,,
remove_empty_morpheme,XML/Sentences/Rukai/Rukai.xml,20200429-CL-6_S_12_W9,20200429-CL-6_S_12_W9M5,,,
remove_empty_morpheme,XML/Sentences/Rukai/Rukai.xml,20200429-CL-6_S_12_W9,20200429-CL-6_S_12_W9M6,eng:3S.BG,,
remove_empty_morpheme,XML/Sentences/Rukai/Rukai.xml,20200429-CL-6_S_18_W6,20200429-CL-6_S_18_W6M5,eng:<I>; zho:<I>,,
remove_empty_morpheme,XML/Sentences/Rukai/Rukai.xml,20200429-CL-6_S_18_W6,20200429-CL-6_S_18_W6M6,eng:judge; zho:審判,,
remove_empty_morpheme,XML/Stories/Amis/Amis_Amis_Nr-frog_zuomei.xml,Amis_Nr-frog_zuomei_S_4_W0,Amis_Nr-frog_zuomei_S_4_W0M3,zho:受焦,,
remove_empty_morpheme,XML/Stories/Amis/Amis_Amis_Nr-intro_ofad.xml,Amis_Nr-intro_ofad_S_27_W16,Amis_Nr-intro_ofad_S_27_W16M2,eng:cultural.education,,
remove_empty_morpheme,XML/Stories/Atayal/Atayal_AtaNr-dailylife1_Iwan.xml,AtaNr-dailylife1_Iwan_S_12_W1,AtaNr-dailylife1_Iwan_S_12_W1M2,eng:happy; zho:開心,,
remove_empty_morpheme,XML/Stories/Atayal/Atayal_AtaNr-dailylife1_Iwan.xml,AtaNr-dailylife1_Iwan_S_12_W1,AtaNr-dailylife1_Iwan_S_12_W1M3,eng:LOC; zho:處焦,,
remove_empty_morpheme,XML/Stories/Atayal/Atayal_AtaNr-dailylife3_Tauyu.xml,AtaNr-dailylife3_Tauyu_S_23_W2,AtaNr-dailylife3_Tauyu_S_23_W2M3,eng:1EPL.GEN; zho:1EPL.屬格,,
remove_empty_morpheme,XML/Stories/Atayal/Atayal_AtaNr-dailylife3_Tauyu.xml,AtaNr-dailylife3_Tauyu_S_26_W2,AtaNr-dailylife3_Tauyu_S_26_W2M2,zho:婦女,,
remove_empty_morpheme,XML/Stories/Atayal/Atayal_AtaNr-dailylife3_Tauyu.xml,AtaNr-dailylife3_Tauyu_S_26_W2,AtaNr-dailylife3_Tauyu_S_26_W2M3,zho:1EPL.屬格,,
remove_empty_morpheme,XML/Stories/Atayal/Atayal_AtaNr-hunting2_Buyung.xml,AtaNr-hunting2_Buyung_S_0_W0,AtaNr-hunting2_Buyung_S_0_W0M3,zho:受焦,,
remove_empty_morpheme,XML/Stories/Atayal/Atayal_AtaNr-hunting2_Buyung.xml,AtaNr-hunting2_Buyung_S_0_W0,AtaNr-hunting2_Buyung_S_0_W0M4,zho:1SG.屬格,,
remove_empty_morpheme,XML/Stories/Atayal/Atayal_AtaNr-hunting2_Buyung.xml,AtaNr-hunting2_Buyung_S_14_W8,AtaNr-hunting2_Buyung_S_14_W8M2,zho:說,,
remove_empty_morpheme,XML/Stories/Atayal/Atayal_AtaNr-hunting3_Takun.xml,AtaNr-hunting3_Takun_S_4_W5,AtaNr-hunting3_Takun_S_4_W5M2,eng:LF; zho:處焦,,
remove_empty_morpheme,XML/Stories/Atayal/Atayal_AtaNr-hunting3_Takun.xml,AtaNr-hunting3_Takun_S_4_W5,AtaNr-hunting3_Takun_S_4_W5M3,eng:1SG.GEN; zho:1SG.屬格,,
remove_empty_morpheme,XML/Stories/Atayal/Atayal_AtaNr-hunting3_Takun.xml,AtaNr-hunting3_Takun_S_12_W8,AtaNr-hunting3_Takun_S_12_W8M2,zho:3PL.屬格,,
remove_empty_morpheme,XML/Stories/Atayal/Atayal_AtaNr-hunting3_Takun.xml,AtaNr-hunting3_Takun_S_13_W8,AtaNr-hunting3_Takun_S_13_W8M2,zho:3PL.屬格,,
remove_empty_morpheme,XML/Stories/Atayal/Atayal_AtaNr-hunting3_Takun.xml,AtaNr-hunting3_Takun_S_18_W2,AtaNr-hunting3_Takun_S_18_W2M2,eng:done,,
remove_empty_morpheme,XML/Stories/Atayal/Atayal_AtaNr-hunting3_Takun.xml,AtaNr-hunting3_Takun_S_31_W4,AtaNr-hunting3_Takun_S_31_W4M2,eng:PF; zho:受焦,,
remove_empty_morpheme,XML/Stories/Atayal/Atayal_AtaNr-hunting3_Takun.xml,AtaNr-hunting3_Takun_S_38_W10,AtaNr-hunting3_Takun_S_38_W10M2,eng:1PL.GEN; zho:1PL.屬格,,
remove_empty_morpheme,XML/Stories/Atayal/Atayal_AtaNr-moving_Kainu.xml,AtaNr-moving_Kainu_S_6_W0,AtaNr-moving_Kainu_S_6_W0M3,eng:1PL.NOM; zho:1PL.主格,,
remove_empty_morpheme,XML/Stories/Atayal/Atayal_AtaNr-moving_Kainu.xml,AtaNr-moving_Kainu_S_26_W5,AtaNr-moving_Kainu_S_26_W5M2,eng:LF; zho:處焦,,
remove_empty_morpheme,XML/Stories/Atayal/Atayal_AtaNr-moving_Kainu.xml,AtaNr-moving_Kainu_S_33_W14,AtaNr-moving_Kainu_S_33_W14M3,zho:2PL.主格,,
remove_empty_morpheme,XML/Stories/Atayal/Atayal_AtaNr-moving_Kainu.xml,AtaNr-moving_Kainu_S_39_W19,AtaNr-moving_Kainu_S_39_W19M3,zho:1PL.屬格,,
remove_empty_morpheme,XML/Stories/Atayal/Atayal_AtaNr-moving_Kainu.xml,AtaNr-moving_Kainu_S_46_W0,AtaNr-moving_Kainu_S_46_W0M4,eng:1PL.NOM; zho:1PL.主格,,
remove_empty_morpheme,XML/Stories/Atayal/Atayal_AtaNr-proposal_Takun.xml,AtaNr-proposal_Takun_S_1_W18,AtaNr-proposal_Takun_S_1_W18M2,zho:說話,,
remove_empty_morpheme,XML/Stories/Atayal/Atayal_AtaNr-proposal_Takun.xml,AtaNr-proposal_Takun_S_2_W18,AtaNr-proposal_Takun_S_2_W18M2,eng:LF; zho:處焦,,
remove_empty_morpheme,XML/Stories/Atayal/Atayal_AtaNr-sowing_Kainu.xml,AtaNr-sowing_Kainu_S_28_W13,AtaNr-sowing_Kainu_S_28_W13M3,eng:relative; zho:親戚,,
remove_empty_morpheme,XML/Stories/Atayal/Atayal_AtaNr-sowing_Kainu.xml,AtaNr-sowing_Kainu_S_28_W13,AtaNr-sowing_Kainu_S_28_W13M4,eng:3PL.GEN; zho:3PL.屬格,,
remove_empty_morpheme,XML/Stories/Atayal/Atayal_AtaNr-sowing_Kainu.xml,AtaNr-sowing_Kainu_S_34_W11,AtaNr-sowing_Kainu_S_34_W11M2,eng:work; zho:工作,,
remove_empty_morpheme,XML/Stories/Atayal/Atayal_AtaNr-sowing_Kainu.xml,AtaNr-sowing_Kainu_S_34_W14,AtaNr-sowing_Kainu_S_34_W14M3,zho:3PL.屬格,,
remove_empty_morpheme,XML/Stories/Atayal/Atayal_AtaNr-sowing_Kainu.xml,AtaNr-sowing_Kainu_S_34_W28,AtaNr-sowing_Kainu_S_34_W28M3,zho:3PL.屬格,,
remove_empty_morpheme,XML/Stories/Atayal/Atayal_AtaNr-weaving_Kagaw.xml,AtaNr-weaving_Kagaw_S_50_W7,AtaNr-weaving_Kagaw_S_50_W7M2,zho:主焦,,
remove_empty_morpheme,XML/Stories/Atayal/Atayal_AtaNr-weaving_Kagaw.xml,AtaNr-weaving_Kagaw_S_58_W2,AtaNr-weaving_Kagaw_S_58_W2M2,zho:處焦,,
remove_empty_morpheme,XML/Stories/Bunun/Bunun_bnNr-frog_Adus.xml,bnNr-frog_Adus_S_12_W4,bnNr-frog_Adus_S_12_W4M2,eng:RED; zho:重疊,,
remove_empty_morpheme,XML/Stories/Bunun/Bunun_bnNr-frog_Adus.xml,bnNr-frog_Adus_S_12_W4,bnNr-frog_Adus_S_12_W4M3,eng:observe; zho:觀察,,
remove_empty_morpheme,XML/Stories/Bunun/Bunun_bnNr-frog_Adus.xml,bnNr-frog_Adus_S_28_W7,bnNr-frog_Adus_S_28_W7M2,eng:inside; zho:裡面,,
remove_empty_morpheme,XML/Stories/Bunun/Bunun_bnNr-frog_Adus.xml,bnNr-frog_Adus_S_28_W9,bnNr-frog_Adus_S_28_W9M3,eng:COS; zho:改變狀態,,
remove_empty_morpheme,XML/Stories/Bunun/Bunun_bnNr-frog_Adus.xml,bnNr-frog_Adus_S_37_W11,bnNr-frog_Adus_S_37_W11M2,eng:DIST.OBL; zho:遠距.斜格,,
remove_empty_morpheme,XML/Stories/Bunun/Bunun_bnNr-frog_Adus.xml,bnNr-frog_Adus_S_60_W7,bnNr-frog_Adus_S_60_W7M2,eng:on.earth; zho:到底,,
remove_empty_morpheme,XML/Stories/Bunun/Bunun_bnNr-frog_Adus.xml,bnNr-frog_Adus_S_60_W7,bnNr-frog_Adus_S_60_W7M3,eng:OBL; zho:斜格,,
remove_empty_morpheme,XML/Stories/Bunun/Bunun_bnNr-frog_Adus.xml,bnNr-frog_Adus_S_63_W9,bnNr-frog_Adus_S_63_W9M2,zho:近距.主格,,
remove_empty_morpheme,XML/Stories/Bunun/Bunun_bnNr-frog_Adus.xml,bnNr-frog_Adus_S_75_W2,bnNr-frog_Adus_S_75_W2M4,eng:<Ca>look.down.from.cliff; zho:<Ca重疊>從懸崖往下看,,
remove_empty_morpheme,XML/Stories/Bunun/Bunun_bnNr-frog_Adus.xml,bnNr-frog_Adus_S_86_W21,bnNr-frog_Adus_S_86_W21M2,eng:EXIST; zho:存在,,
remove_empty_morpheme,XML/Stories/Bunun/Bunun_bnNr-frog_Adus.xml,bnNr-frog_Adus_S_91_W1,bnNr-frog_Adus_S_91_W1M2,zho:遠距.主格,,
remove_empty_morpheme,XML/Stories/Bunun/Bunun_bnNr-frog_Ciang.xml,bnNr-frog_Ciang_S_26_W6,bnNr-frog_Ciang_S_26_W6M2,eng:startle; zho:驚嚇,,
remove_empty_morpheme,XML/Stories/Bunun/Bunun_bnNr-frog_Ciang.xml,bnNr-frog_Ciang_S_38_W8,bnNr-frog_Ciang_S_38_W8M2,eng:dry; zho:乾,,
remove_empty_morpheme,XML/Stories/Bunun/Bunun_bnNr-frog_Ciang.xml,bnNr-frog_Ciang_S_38_W9,bnNr-frog_Ciang_S_38_W9M2,eng:DIST.NOM; zho:遠距.主格,,
remove_empty_morpheme,XML/Stories/Bunun/Bunun_bnNr-frog_Ciang.xml,bnNr-frog_Ciang_S_38_W9,bnNr-frog_Ciang_S_38_W9M3,eng:LOC; zho:處格,,
remove_empty_morpheme,XML/Stories/Bunun/Bunun_bnNr-frog_Ciang.xml,bnNr-frog_Ciang_S_38_W11,bnNr-frog_Ciang_S_38_W11M2,eng:dry; zho:乾,,
remove_empty_morpheme,XML/Stories/Bunun/Bunun_bnNr-frog_Ciang.xml,bnNr-frog_Ciang_S_38_W13,bnNr-frog_Ciang_S_38_W13M2,eng:DIST.NOM; zho:遠距.主格,,
remove_empty_morpheme,XML/Stories/Bunun/Bunun_bnNr-frog_Ciang.xml,bnNr-frog_Ciang_S_38_W13,bnNr-frog_Ciang_S_38_W13M3,eng:LOC; zho:處格,,
remove_empty_morpheme,XML/Stories/Bunun/Bunun_bnNr-frog_Ciang.xml,bnNr-frog_Ciang_S_40_W8,bnNr-frog_Ciang_S_40_W8M2,eng:there; zho:那裡,,
remove_empty_morpheme,XML/Stories/Bunun/Bunun_bnNr-frog_Ciang.xml,bnNr-frog_Ciang_S_40_W8,bnNr-frog_Ciang_S_40_W8M3,eng:DIST.NOM; zho:遠距.主格,,
remove_empty_morpheme,XML/Stories/Bunun/Bunun_bnNr-frog_Ciang.xml,bnNr-frog_Ciang_S_42_W9,bnNr-frog_Ciang_S_42_W9M3,eng:small; zho:小,,
remove_empty_morpheme,XML/Stories/Bunun/Bunun_bnNr-frog_Ciang.xml,bnNr-frog_Ciang_S_42_W9,bnNr-frog_Ciang_S_42_W9M4,eng:DIST.GEN; zho:遠距.屬格,,
remove_empty_morpheme,XML/Stories/Bunun/Bunun_bnNr-frog_Hanaivaz.xml,bnNr-frog_Hanaivaz_S_33_W6,bnNr-frog_Hanaivaz_S_33_W6M2,eng:DIST.NOM; zho:遠距.主格,,
remove_empty_morpheme,XML/Stories/Bunun/Bunun_bnNr-frog_Hanaivaz.xml,bnNr-frog_Hanaivaz_S_53_W8,bnNr-frog_Hanaivaz_S_53_W8M2,eng:DIST.NOM; zho:遠距.主格,,
remove_empty_morpheme,XML/Stories/Bunun/Bunun_bnNr-frog_Hanaivaz.xml,bnNr-frog_Hanaivaz_S_71_W3,bnNr-frog_Hanaivaz_S_71_W3M3,eng:LOC; zho:處格,,
remove_empty_morpheme,XML/Stories/Bunun/Bunun_bnNr-frog_Hanaivaz.xml,bnNr-frog_Hanaivaz_S_71_W4,bnNr-frog_Hanaivaz_S_71_W4M1,eng:deer; zho:鹿,,
remove_empty_morpheme,XML/Stories/Bunun/Bunun_bnNr-frog_Hanaivaz.xml,bnNr-frog_Hanaivaz_S_78_W6,bnNr-frog_Hanaivaz_S_78_W6M2,eng:DIST.NOM; zho:遠距.主格,,
remove_empty_morpheme,XML/Stories/Bunun/Bunun_bnNr-frog_Laniahu.xml,bnNr-frog_Laniahu_S_5_W4,bnNr-frog_Laniahu_S_5_W4M2,eng:DIST.NOM; zho:遠距.主格,,
remove_empty_morpheme,XML/Stories/Bunun/Bunun_bnNr-frog_Laniahu.xml,bnNr-frog_Laniahu_S_5_W6,bnNr-frog_Laniahu_S_5_W6M2,eng:DIST.NOM; zho:遠距.主格,,
remove_empty_morpheme,XML/Stories/Bunun/Bunun_bnNr-frog_Laniahu.xml,bnNr-frog_Laniahu_S_10_W1,bnNr-frog_Laniahu_S_10_W1M2,eng:DIST.NOM; zho:遠距.主格,,
remove_empty_morpheme,XML/Stories/Bunun/Bunun_bnNr-frog_Laniahu.xml,bnNr-frog_Laniahu_S_42_W1,bnNr-frog_Laniahu_S_42_W1M3,eng:there,,
remove_empty_morpheme,XML/Stories/Bunun/Bunun_bnNr-frog_Laniahu.xml,bnNr-frog_Laniahu_S_44_W2,bnNr-frog_Laniahu_S_44_W2M2,eng:ribbit,,
remove_empty_morpheme,XML/Stories/Bunun/Bunun_bnNr-frog_Laniahu.xml,bnNr-frog_Laniahu_S_44_W4,bnNr-frog_Laniahu_S_44_W4M2,eng:COS; zho:改變狀態,,
remove_empty_morpheme,XML/Stories/Bunun/Bunun_bnNr-frog_Laniahu.xml,bnNr-frog_Laniahu_S_44_W4,bnNr-frog_Laniahu_S_44_W4M3,eng:OBL; zho:斜格,,
remove_empty_morpheme,XML/Stories/Bunun/Bunun_bnNr-frog_Laniahu.xml,bnNr-frog_Laniahu_S_56_W1,bnNr-frog_Laniahu_S_56_W1M2,eng:there; zho:那裡,,
remove_empty_morpheme,XML/Stories/Bunun/Bunun_bnNr-frog_Laniahu.xml,bnNr-frog_Laniahu_S_56_W3,bnNr-frog_Laniahu_S_56_W3M4,eng:lost; zho:失去的,,
remove_empty_morpheme,XML/Stories/Bunun/Bunun_bnNr-frog_Laniahu.xml,bnNr-frog_Laniahu_S_58_W1,bnNr-frog_Laniahu_S_58_W1M2,eng:DIST.NOM; zho:遠距.主格,,
remove_empty_morpheme,XML/Stories/Bunun/Bunun_bnNr-frog_Laniahu.xml,bnNr-frog_Laniahu_S_58_W4,bnNr-frog_Laniahu_S_58_W4M2,eng:DIST.NOM; zho:遠距.主格,,
remove_empty_morpheme,XML/Stories/Bunun/Bunun_bnNr-frog_Laniahu.xml,bnNr-frog_Laniahu_S_121_W13,bnNr-frog_Laniahu_S_121_W13M2,eng:DIST.OBL; zho:遠距.斜格,,
remove_empty_morpheme,XML/Stories/Bunun/Bunun_bnNr-frog_Laniahu.xml,bnNr-frog_Laniahu_S_126_W8,bnNr-frog_Laniahu_S_126_W8M2,eng:LF; zho:處焦,,
remove_empty_morpheme,XML/Stories/Bunun/Bunun_bnNr-frog_Laniahu.xml,bnNr-frog_Laniahu_S_126_W21,bnNr-frog_Laniahu_S_126_W21M2,eng:DIST.OBL; zho:遠距.斜格,,
remove_empty_morpheme,XML/Stories/Bunun/Bunun_bnNr-frog_Laniahu.xml,bnNr-frog_Laniahu_S_158_W12,bnNr-frog_Laniahu_S_158_W12M3,eng:LF; zho:處焦,,
remove_empty_morpheme,XML/Stories/Bunun/Bunun_bnNr-frog_Samingaz.xml,bnNr-frog_Samingaz_S_18_W3,bnNr-frog_Samingaz_S_18_W3M3,zho:<重疊>吠,,
remove_empty_morpheme,XML/Stories/Bunun/Bunun_bnNr-frog_Samingaz.xml,bnNr-frog_Samingaz_S_18_W8,bnNr-frog_Samingaz_S_18_W8M2,eng:DIST.OBL; zho:遠距.斜格,,
remove_empty_morpheme,XML/Stories/Bunun/Bunun_bnNr-frog_Samingaz.xml,bnNr-frog_Samingaz_S_42_W3,bnNr-frog_Samingaz_S_42_W3M2,eng:LF; zho:處焦,,
remove_empty_morpheme,XML/Stories/Bunun/Bunun_bnNr-frog_Samingaz.xml,bnNr-frog_Samingaz_S_49_W16,bnNr-frog_Samingaz_S_49_W16M4,eng:road; zho:路,,
remove_empty_morpheme,XML/Stories/Bunun/Bunun_bnNr-frog_Samingaz.xml,bnNr-frog_Samingaz_S_49_W16,bnNr-frog_Samingaz_S_49_W16M5,eng:COS; zho:改變狀態,,
remove_empty_morpheme,XML/Stories/Bunun/Bunun_bnNr-frog_Talum.xml,bnNr-frog_Talum_S_25_W2,bnNr-frog_Talum_S_25_W2M3,zho:笑,,
remove_empty_morpheme,XML/Stories/Bunun/Bunun_bnNr-frog_Talum.xml,bnNr-frog_Talum_S_26_W2,bnNr-frog_Talum_S_26_W2M3,zho:那裡,,
remove_empty_morpheme,XML/Stories/Bunun/Bunun_bnNr-frog_Talum.xml,bnNr-frog_Talum_S_26_W10,bnNr-frog_Talum_S_26_W10M2,zho:主格,,
remove_empty_morpheme,XML/Stories/Bunun/Bunun_bnNr-hunter-becominig-a-bird_Hanaivaz.xml,bnNr-hunter-becominig-a-bird_Hanaivaz_S_18_W1,bnNr-hunter-becominig-a-bird_Hanaivaz_S_18_W1M2,zho:改變狀態,,
remove_empty_morpheme,XML/Stories/Bunun/Bunun_bnNr-hunter-becominig-a-bird_Hanaivaz.xml,bnNr-hunter-becominig-a-bird_Hanaivaz_S_38_W7,bnNr-hunter-becominig-a-bird_Hanaivaz_S_38_W7M2,eng:again; zho:再,,
remove_empty_morpheme,XML/Stories/Bunun/Bunun_bnNr-hunter-becominig-a-bird_Hanaivaz.xml,bnNr-hunter-becominig-a-bird_Hanaivaz_S_48_W1,bnNr-hunter-becominig-a-bird_Hanaivaz_S_48_W1M2,zho:屬格,,
remove_empty_morpheme,XML/Stories/Bunun/Bunun_bnNr-hunter-becominig-a-bird_Hanaivaz.xml,bnNr-hunter-becominig-a-bird_Hanaivaz_S_50_W8,bnNr-hunter-becominig-a-bird_Hanaivaz_S_50_W8M2,eng:DIST.NOM; zho:遠距.主格,,
remove_empty_morpheme,XML/Stories/Bunun/Bunun_bnNr-hunter-becominig-a-bird_Hanaivaz.xml,bnNr-hunter-becominig-a-bird_Hanaivaz_S_58_W9,bnNr-hunter-becominig-a-bird_Hanaivaz_S_58_W9M4,zho:主格,,
remove_empty_morpheme,XML/Stories/Bunun/Bunun_bnNr-lazy-daughter_Hanaivaz.xml,bnNr-lazy-daughter_Hanaivaz_S_9_W18,bnNr-lazy-daughter_Hanaivaz_S_9_W18M2,eng:finish; zho:結束,,
remove_empty_morpheme,XML/Stories/Bunun/Bunun_bnNr-lazy-daughter_Hanaivaz.xml,bnNr-lazy-daughter_Hanaivaz_S_9_W18,bnNr-lazy-daughter_Hanaivaz_S_9_W18M3,eng:COS; zho:改變狀態,,
remove_empty_morpheme,XML/Stories/Bunun/Bunun_bnNr-lazy-daughter_Hanaivaz.xml,bnNr-lazy-daughter_Hanaivaz_S_11_W1,bnNr-lazy-daughter_Hanaivaz_S_11_W1M3,zho:遠距.主格,,
remove_empty_morpheme,XML/Stories/Bunun/Bunun_bnNr-lazy-daughter_Hanaivaz.xml,bnNr-lazy-daughter_Hanaivaz_S_12_W3,bnNr-lazy-daughter_Hanaivaz_S_12_W3M3,zho:<重疊>踩,,
remove_empty_morpheme,XML/Stories/Bunun/Bunun_bnNr-lazy-daughter_Hanaivaz.xml,bnNr-lazy-daughter_Hanaivaz_S_14_W10,bnNr-lazy-daughter_Hanaivaz_S_14_W10M3,zho:改變狀態,,
remove_empty_morpheme,XML/Stories/Bunun/Bunun_bnNr-lazy-daughter_Hanaivaz.xml,bnNr-lazy-daughter_Hanaivaz_S_14_W16,bnNr-lazy-daughter_Hanaivaz_S_14_W16M3,zho:改變狀態,,
remove_empty_morpheme,XML/Stories/Bunun/Bunun_bnNr-lazy-daughter_Hanaivaz.xml,bnNr-lazy-daughter_Hanaivaz_S_23_W3,bnNr-lazy-daughter_Hanaivaz_S_23_W3M5,eng:be.at,,
remove_empty_morpheme,XML/Stories/Bunun/Bunun_bnNr-lazy-daughter_Hanaivaz.xml,bnNr-lazy-daughter_Hanaivaz_S_23_W3,bnNr-lazy-daughter_Hanaivaz_S_23_W3M6,eng:house,,
remove_empty_morpheme,XML/Stories/Bunun/Bunun_bnNr-lazy-daughter_Hanaivaz.xml,bnNr-lazy-daughter_Hanaivaz_S_23_W3,bnNr-lazy-daughter_Hanaivaz_S_23_W3M7,eng:DIST.NOM,,
remove_empty_morpheme,XML/Stories/Bunun/Bunun_bnNr-lazy-daughter_Hanaivaz.xml,bnNr-lazy-daughter_Hanaivaz_S_24_W1,bnNr-lazy-daughter_Hanaivaz_S_24_W1M4,eng:be.at,,
remove_empty_morpheme,XML/Stories/Bunun/Bunun_bnNr-lazy-daughter_Hanaivaz.xml,bnNr-lazy-daughter_Hanaivaz_S_24_W1,bnNr-lazy-daughter_Hanaivaz_S_24_W1M5,eng:house,,
remove_empty_morpheme,XML/Stories/Bunun/Bunun_bnNr-lazy-daughter_Hanaivaz.xml,bnNr-lazy-daughter_Hanaivaz_S_32_W2,bnNr-lazy-daughter_Hanaivaz_S_32_W2M4,zho:什麼,,
remove_empty_morpheme,XML/Stories/Bunun/Bunun_bnNr-lazy-daughter_Hanaivaz.xml,bnNr-lazy-daughter_Hanaivaz_S_33_W5,bnNr-lazy-daughter_Hanaivaz_S_33_W5M4,eng:be.at,,
remove_empty_morpheme,XML/Stories/Bunun/Bunun_bnNr-lazy-daughter_Hanaivaz.xml,bnNr-lazy-daughter_Hanaivaz_S_33_W5,bnNr-lazy-daughter_Hanaivaz_S_33_W5M5,eng:house,,
remove_empty_morpheme,XML/Stories/Bunun/Bunun_bnNr-lazy-daughter_Hanaivaz.xml,bnNr-lazy-daughter_Hanaivaz_S_40_W3,bnNr-lazy-daughter_Hanaivaz_S_40_W3M5,eng:be.at,,
remove_empty_morpheme,XML/Stories/Bunun/Bunun_bnNr-lazy-daughter_Hanaivaz.xml,bnNr-lazy-daughter_Hanaivaz_S_40_W3,bnNr-lazy-daughter_Hanaivaz_S_40_W3M6,eng:house,,
remove_empty_morpheme,XML/Stories/Bunun/Bunun_bnNr-lazy-daughter_Hanaivaz.xml,bnNr-lazy-daughter_Hanaivaz_S_40_W3,bnNr-lazy-daughter_Hanaivaz_S_40_W3M7,eng:DIST.NOM,,
remove_empty_morpheme,XML/Stories/Bunun/Bunun_bnNr-lazy-daughter_Hanaivaz.xml,bnNr-lazy-daughter_Hanaivaz_S_60_W6,bnNr-lazy-daughter_Hanaivaz_S_60_W6M2,eng:DIST.OBL; zho:遠距.斜格,,
remove_empty_morpheme,XML/Stories/Bunun/Bunun_bnNr-lazy-daughter_Hanaivaz.xml,bnNr-lazy-daughter_Hanaivaz_S_62_W9,bnNr-lazy-daughter_Hanaivaz_S_62_W9M6,eng:be.at,,
remove_empty_morpheme,XML/Stories/Bunun/Bunun_bnNr-lazy-daughter_Hanaivaz.xml,bnNr-lazy-daughter_Hanaivaz_S_62_W9,bnNr-lazy-daughter_Hanaivaz_S_62_W9M7,eng:house,,
remove_empty_morpheme,XML/Stories/Bunun/Bunun_bnNr-lazy-daughter_Hanaivaz.xml,bnNr-lazy-daughter_Hanaivaz_S_67_W11,bnNr-lazy-daughter_Hanaivaz_S_67_W11M7,eng:be.at,,
remove_empty_morpheme,XML/Stories/Bunun/Bunun_bnNr-lazy-daughter_Hanaivaz.xml,bnNr-lazy-daughter_Hanaivaz_S_67_W11,bnNr-lazy-daughter_Hanaivaz_S_67_W11M8,eng:house,,
remove_empty_morpheme,XML/Stories/Bunun/Bunun_bnNr-lazy-daughter_Hanaivaz.xml,bnNr-lazy-daughter_Hanaivaz_S_67_W11,bnNr-lazy-daughter_Hanaivaz_S_67_W11M9,eng:DIST.OBL,,
remove_empty_morpheme,XML/Stories/Bunun/Bunun_bnNr-lazy-daughter_Hanaivaz.xml,bnNr-lazy-daughter_Hanaivaz_S_68_W3,bnNr-lazy-daughter_Hanaivaz_S_68_W3M6,zho:處焦,,
remove_empty_morpheme,XML/Stories/Bunun/Bunun_bnNr-lazy-daughter_Hanaivaz.xml,bnNr-lazy-daughter_Hanaivaz_S_68_W3,bnNr-lazy-daughter_Hanaivaz_S_68_W3M7,zho:遠距.斜格,,
remove_empty_morpheme,XML/Stories/Bunun/Bunun_bnNr-lazy-daughter_Hanaivaz.xml,bnNr-lazy-daughter_Hanaivaz_S_68_W3,bnNr-lazy-daughter_Hanaivaz_S_68_W3M10,eng:house,,
remove_empty_morpheme,XML/Stories/Bunun/Bunun_bnNr-lazy-daughter_Hanaivaz.xml,bnNr-lazy-daughter_Hanaivaz_S_68_W3,bnNr-lazy-daughter_Hanaivaz_S_68_W3M11,eng:LF,,
remove_empty_morpheme,XML/Stories/Bunun/Bunun_bnNr-lazy-daughter_Hanaivaz.xml,bnNr-lazy-daughter_Hanaivaz_S_68_W3,bnNr-lazy-daughter_Hanaivaz_S_68_W3M12,eng:DIST.OBL,,
remove_empty_morpheme,XML/Stories/Bunun/Bunun_bnNr-lazy-daughter_Hanaivaz.xml,bnNr-lazy-daughter_Hanaivaz_S_73_W0,bnNr-lazy-daughter_Hanaivaz_S_73_W0M2,eng:DIST.NOM,,
remove_empty_morpheme,XML/Stories/Bunun/Bunun_bnNr-lazy-daughter_Hanaivaz.xml,bnNr-lazy-daughter_Hanaivaz_S_76_W4,bnNr-lazy-daughter_Hanaivaz_S_76_W4M4,zho:處格,,
remove_empty_morpheme,XML/Stories/Bunun/Bunun_bnNr-lazy-daughter_Hanaivaz.xml,bnNr-lazy-daughter_Hanaivaz_S_77_W10,bnNr-lazy-daughter_Hanaivaz_S_77_W10M2,eng:way; zho:途中,,
remove_empty_morpheme,XML/Stories/Bunun/Bunun_bnNr-lazy-daughter_Hanaivaz.xml,bnNr-lazy-daughter_Hanaivaz_S_77_W10,bnNr-lazy-daughter_Hanaivaz_S_77_W10M3,eng:halfway; zho:半路,,
remove_empty_morpheme,XML/Stories/Bunun/Bunun_bnNr-lazy-daughter_Hanaivaz.xml,bnNr-lazy-daughter_Hanaivaz_S_86_W9,bnNr-lazy-daughter_Hanaivaz_S_86_W9M2,eng:?; zho:?,,
remove_empty_morpheme,XML/Stories/Bunun/Bunun_bnNr-lazy-daughter_Hanaivaz.xml,bnNr-lazy-daughter_Hanaivaz_S_89_W5,bnNr-lazy-daughter_Hanaivaz_S_89_W5M2,eng:isa; zho:哪裡,,
remove_empty_morpheme,XML/Stories/Bunun/Bunun_bnNr-lazy-daughter_Hanaivaz.xml,bnNr-lazy-daughter_Hanaivaz_S_89_W6,bnNr-lazy-daughter_Hanaivaz_S_89_W6M2,eng:fall; zho:掉,,
remove_empty_morpheme,XML/Stories/Bunun/Bunun_bnNr-lazy-daughter_Hanaivaz.xml,bnNr-lazy-daughter_Hanaivaz_S_92_W10,bnNr-lazy-daughter_Hanaivaz_S_92_W10M2,eng:LF; zho:處焦,,
remove_empty_morpheme,XML/Stories/Bunun/Bunun_bnNr-lazy-daughter_Hanaivaz.xml,bnNr-lazy-daughter_Hanaivaz_S_99_W6,bnNr-lazy-daughter_Hanaivaz_S_99_W6M4,eng:outside; zho:外面,,
remove_empty_morpheme,XML/Stories/Bunun/Bunun_bnNr-lazy-daughter_Hanaivaz.xml,bnNr-lazy-daughter_Hanaivaz_S_99_W6,bnNr-lazy-daughter_Hanaivaz_S_99_W6M5,eng:IMP; zho:祈使,,
remove_empty_morpheme,XML/Stories/Bunun/Bunun_bnNr-lazy-daughter_Hanaivaz.xml,bnNr-lazy-daughter_Hanaivaz_S_105_W0,bnNr-lazy-daughter_Hanaivaz_S_105_W0M2,eng:COS; zho:改變狀態,,
remove_empty_morpheme,XML/Stories/Bunun/Bunun_bnNr-lazy-daughter_Hanaivaz.xml,bnNr-lazy-daughter_Hanaivaz_S_105_W0,bnNr-lazy-daughter_Hanaivaz_S_105_W0M3,eng:OBL; zho:斜格,,
remove_empty_morpheme,XML/Stories/Bunun/Bunun_bnNr-lazy-daughter_Hanaivaz.xml,bnNr-lazy-daughter_Hanaivaz_S_105_W2,bnNr-lazy-daughter_Hanaivaz_S_105_W2M2,eng:COS; zho:改變狀態,,
remove_empty_morpheme,XML/Stories/Bunun/Bunun_bnNr-lazy-daughter_Hanaivaz.xml,bnNr-lazy-daughter_Hanaivaz_S_105_W2,bnNr-lazy-daughter_Hanaivaz_S_105_W2M3,eng:OBL; zho:斜格,,
remove_empty_morpheme,XML/Stories/Bunun/Bunun_bnNr-lazy-daughter_Hanaivaz.xml,bnNr-lazy-daughter_Hanaivaz_S_115_W2,bnNr-lazy-daughter_Hanaivaz_S_115_W2M5,eng:be.at,,
remove_empty_morpheme,XML/Stories/Bunun/Bunun_bnNr-lazy-daughter_Hanaivaz.xml,bnNr-lazy-daughter_Hanaivaz_S_115_W2,bnNr-lazy-daughter_Hanaivaz_S_115_W2M6,eng:house,,
remove_empty_morpheme,XML/Stories/Bunun/Bunun_bnNr-lazy-daughter_Hanaivaz.xml,bnNr-lazy-daughter_Hanaivaz_S_115_W2,bnNr-lazy-daughter_Hanaivaz_S_115_W2M7,eng:DIST.OBL,,
remove_empty_morpheme,XML/Stories/Bunun/Bunun_bnNr-lazy-daughter_Hanaivaz.xml,bnNr-lazy-daughter_Hanaivaz_S_115_W7,bnNr-lazy-daughter_Hanaivaz_S_115_W7M4,eng:be.at,,
remove_empty_morpheme,XML/Stories/Bunun/Bunun_bnNr-lazy-daughter_Hanaivaz.xml,bnNr-lazy-daughter_Hanaivaz_S_115_W7,bnNr-lazy-daughter_Hanaivaz_S_115_W7M5,eng:house,,
remove_empty_morpheme,XML/Stories/Bunun/Bunun_bnNr-pear_Ciang.xml,bnNr-pear_Ciang_S_17_W2,bnNr-pear_Ciang_S_17_W2M2,zho:.屬格,,
remove_empty_morpheme,XML/Stories/Bunun/Bunun_bnNr-pear_Ciang.xml,bnNr-pear_Ciang_S_17_W6,bnNr-pear_Ciang_S_17_W6M2,eng:state,,
remove_empty_morpheme,XML/Stories/Bunun/Bunun_bnNr-pear_Ciang.xml,bnNr-pear_Ciang_S_17_W6,bnNr-pear_Ciang_S_17_W6M3,eng:hide,,
remove_empty_morpheme,XML/Stories/Bunun/Bunun_bnNr-pear_Ciang.xml,bnNr-pear_Ciang_S_34_W7,bnNr-pear_Ciang_S_34_W7M4,eng:male; zho:男子,,
remove_empty_morpheme,XML/Stories/Bunun/Bunun_bnNr-pear_Ciang.xml,bnNr-pear_Ciang_S_34_W7,bnNr-pear_Ciang_S_34_W7M5,eng:DIST.OBL; zho:遠距.斜格,,
remove_empty_morpheme,XML/Stories/Bunun/Bunun_bnNr-pear_Ciang.xml,bnNr-pear_Ciang_S_42_W9,bnNr-pear_Ciang_S_42_W9M3,eng:work; zho:工作,,
remove_empty_morpheme,XML/Stories/Bunun/Bunun_bnNr-pear_Hanaivaz.xml,bnNr-pear_Hanaivaz_S_10_W4,bnNr-pear_Hanaivaz_S_10_W4M3,eng:again; zho:再,,
remove_empty_morpheme,XML/Stories/Bunun/Bunun_bnNr-pear_Hanaivaz.xml,bnNr-pear_Hanaivaz_S_10_W4,bnNr-pear_Hanaivaz_S_10_W4M4,eng:still; zho:還,,
remove_empty_morpheme,XML/Stories/Bunun/Bunun_bnNr-pear_Hanaivaz.xml,bnNr-pear_Hanaivaz_S_14_W23,bnNr-pear_Hanaivaz_S_14_W23M2,eng:DIST.NOM; zho:遠距.主格,,
remove_empty_morpheme,XML/Stories/Bunun/Bunun_bnNr-pear_Hanaivaz.xml,bnNr-pear_Hanaivaz_S_17_W10,bnNr-pear_Hanaivaz_S_17_W10M2,eng:old; zho:老,,
remove_empty_morpheme,XML/Stories/Bunun/Bunun_bnNr-pear_Hanaivaz.xml,bnNr-pear_Hanaivaz_S_17_W10,bnNr-pear_Hanaivaz_S_17_W10M3,eng:DIST.NOM; zho:遠距.主格,,
remove_empty_morpheme,XML/Stories/Bunun/Bunun_bnNr-pear_Hanaivaz.xml,bnNr-pear_Hanaivaz_S_22_W13,bnNr-pear_Hanaivaz_S_22_W13M2,eng:DIST.OBL; zho:遠距.斜格,,
remove_empty_morpheme,XML/Stories/Bunun/Bunun_bnNr-pear_Hanaivaz.xml,bnNr-pear_Hanaivaz_S_23_W5,bnNr-pear_Hanaivaz_S_23_W5M2,eng:DIST.NOM; zho:遠距.主格,,
remove_empty_morpheme,XML/Stories/Bunun/Bunun_bnNr-pear_Hanaivaz.xml,bnNr-pear_Hanaivaz_S_28_W10,bnNr-pear_Hanaivaz_S_28_W10M2,eng:to.trip; zho:絆倒,,
remove_empty_morpheme,XML/Stories/Bunun/Bunun_bnNr-pear_Hanaivaz.xml,bnNr-pear_Hanaivaz_S_36_W11,bnNr-pear_Hanaivaz_S_36_W11M2,eng:to.drive; zho:駕駛,,
remove_empty_morpheme,XML/Stories/Bunun/Bunun_bnNr-pear_Hanaivaz.xml,bnNr-pear_Hanaivaz_S_37_W12,bnNr-pear_Hanaivaz_S_37_W12M2,eng:LF; zho:處焦,,
remove_empty_morpheme,XML/Stories/Bunun/Bunun_bnNr-pear_Hanaivaz.xml,bnNr-pear_Hanaivaz_S_48_W11,bnNr-pear_Hanaivaz_S_48_W11M2,eng:DIST.NOM; zho:遠距.主格,,
remove_empty_morpheme,XML/Stories/Bunun/Bunun_bnNr-pear_Hanaivaz.xml,bnNr-pear_Hanaivaz_S_49_W9,bnNr-pear_Hanaivaz_S_49_W9M3,zho:主格,,
remove_empty_morpheme,XML/Stories/Bunun/Bunun_bnNr-pear_Laniahu.xml,bnNr-pear_Laniahu_S_4_W5,bnNr-pear_Laniahu_S_4_W5M2,eng:DIST.OBL; zho:遠距.斜格,,
remove_empty_morpheme,XML/Stories/Bunun/Bunun_bnNr-pear_Laniahu.xml,bnNr-pear_Laniahu_S_32_W1,bnNr-pear_Laniahu_S_32_W1M3,eng:PF; zho:受格,,
remove_empty_morpheme,XML/Stories/Bunun/Bunun_bnNr-pear_Laniahu.xml,bnNr-pear_Laniahu_S_37_W6,bnNr-pear_Laniahu_S_37_W6M4,eng:PFV; zho:受格,,
remove_empty_morpheme,XML/Stories/Bunun/Bunun_bnNr-pear_Laniahu.xml,bnNr-pear_Laniahu_S_37_W6,bnNr-pear_Laniahu_S_37_W6M5,zho:完成貌,,
remove_empty_morpheme,XML/Stories/Bunun/Bunun_bnNr-pear_Laniahu.xml,bnNr-pear_Laniahu_S_37_W7,bnNr-pear_Laniahu_S_37_W7M2,eng:LOC.MED; zho:處格.中距,,
remove_empty_morpheme,XML/Stories/Bunun/Bunun_bnNr-pear_Laniahu.xml,bnNr-pear_Laniahu_S_40_W3,bnNr-pear_Laniahu_S_40_W3M5,zho:完成貌,,
remove_empty_morpheme,XML/Stories/Bunun/Bunun_bnNr-pear_Laniahu.xml,bnNr-pear_Laniahu_S_50_W16,bnNr-pear_Laniahu_S_50_W16M4,eng:1IP,,
remove_empty_morpheme,XML/Stories/Bunun/Bunun_bnNr-pear_Laniahu.xml,bnNr-pear_Laniahu_S_51_W12,bnNr-pear_Laniahu_S_51_W12M2,eng:MED.NOM; zho:中距.主格,,
remove_empty_morpheme,XML/Stories/Bunun/Bunun_bnNr-pear_Laniahu.xml,bnNr-pear_Laniahu_S_63_W0,bnNr-pear_Laniahu_S_63_W0M2,eng:DIST.NOM; zho:遠距.主格,,
remove_empty_morpheme,XML/Stories/Bunun/Bunun_bnNr-pear_Laniahu.xml,bnNr-pear_Laniahu_S_63_W1,bnNr-pear_Laniahu_S_63_W1M2,eng:DIST.NOM; zho:遠距.主格,,
remove_empty_morpheme,XML/Stories/Bunun/Bunun_bnNr-pear_Laniahu.xml,bnNr-pear_Laniahu_S_63_W2,bnNr-pear_Laniahu_S_63_W2M2,eng:DIST.NOM; zho:遠距.主格,,
remove_empty_morpheme,XML/Stories/Bunun/Bunun_bnNr-pear_Laniahu.xml,bnNr-pear_Laniahu_S_64_W16,bnNr-pear_Laniahu_S_64_W16M2,eng:LF; zho:處焦,,
remove_empty_morpheme,XML/Stories/Bunun/Bunun_bnNr-pear_Laniahu.xml,bnNr-pear_Laniahu_S_77_W23,bnNr-pear_Laniahu_S_77_W23M2,eng:full; zho:滿,,
remove_empty_morpheme,XML/Stories/Bunun/Bunun_bnNr-pear_Laniahu.xml,bnNr-pear_Laniahu_S_78_W8,bnNr-pear_Laniahu_S_78_W8M3,eng:full; zho:滿,,
remove_empty_morpheme,XML/Stories/Bunun/Bunun_bnNr-pear_Laniahu.xml,bnNr-pear_Laniahu_S_78_W8,bnNr-pear_Laniahu_S_78_W8M4,eng:DIST.NOM; zho:遠距.主格,,
remove_empty_morpheme,XML/Stories/Bunun/Bunun_bnNr-pear_Laniahu.xml,bnNr-pear_Laniahu_S_79_W9,bnNr-pear_Laniahu_S_79_W9M2,eng:MED.OBL; zho:中距.斜格,,
remove_empty_morpheme,XML/Stories/Bunun/Bunun_bnNr-pear_Laniahu.xml,bnNr-pear_Laniahu_S_81_W0,bnNr-pear_Laniahu_S_81_W0M2,eng:?; zho:?,,
remove_empty_morpheme,XML/Stories/Bunun/Bunun_bnNr-pear_Laniahu.xml,bnNr-pear_Laniahu_S_81_W0,bnNr-pear_Laniahu_S_81_W0M3,eng:<RED>taking; zho:<重疊>拿,,
remove_empty_morpheme,XML/Stories/Bunun/Bunun_bnNr-pear_Samingaz.xml,bnNr-pear_Samingaz_S_8_W13,bnNr-pear_Samingaz_S_8_W13M4,eng:OBL,,
remove_empty_morpheme,XML/Stories/Bunun/Bunun_bnNr-pear_Talum.xml,bnNr-pear_Talum_S_28_W3,bnNr-pear_Talum_S_28_W3M2,zho:知識詞,,
remove_empty_morpheme,XML/Stories/Kanakanavu/Kanakanavu_kkvNr-fishing_Muu.xml,kkvNr-fishing_Muu_S_5_W3,kkvNr-fishing_Muu_S_5_W3M2,eng:PV; zho:受焦,,
remove_empty_morpheme,XML/Stories/Kanakanavu/Kanakanavu_kkvNr-fishing_Muu.xml,kkvNr-fishing_Muu_S_20_W2,kkvNr-fishing_Muu_S_20_W2M2,eng:dig; zho:挖,,
remove_empty_morpheme,XML/Stories/Kanakanavu/Kanakanavu_kkvNr-fishing_Muu.xml,kkvNr-fishing_Muu_S_25_W5,kkvNr-fishing_Muu_S_25_W5M2,eng:PV; zho:受焦,,
remove_empty_morpheme,XML/Stories/Kanakanavu/Kanakanavu_kkvNr-fishing_Muu.xml,kkvNr-fishing_Muu_S_32_W0,kkvNr-fishing_Muu_S_32_W0M3,eng:PTC; zho:助詞,,
remove_empty_morpheme,XML/Stories/Kanakanavu/Kanakanavu_kkvNr-fishing_Muu.xml,kkvNr-fishing_Muu_S_32_W0,kkvNr-fishing_Muu_S_32_W0M4,eng:1SG.NOM; zho:1SG.主格,,
remove_empty_morpheme,XML/Stories/Kanakanavu/Kanakanavu_kkvNr-fishing_Muu.xml,kkvNr-fishing_Muu_S_39_W2,kkvNr-fishing_Muu_S_39_W2M2,eng:that; zho:那個,,
remove_empty_morpheme,XML/Stories/Kanakanavu/Kanakanavu_kkvNr-fishing_Muu.xml,kkvNr-fishing_Muu_S_58_W1,kkvNr-fishing_Muu_S_58_W1M3,eng:again; zho:再,,
remove_empty_morpheme,XML/Stories/Kanakanavu/Kanakanavu_kkvNr-fishing_Muu.xml,kkvNr-fishing_Muu_S_58_W1,kkvNr-fishing_Muu_S_58_W1M4,eng:PTC; zho:助詞,,
remove_empty_morpheme,XML/Stories/Kanakanavu/Kanakanavu_kkvNr-fishing_Muu.xml,kkvNr-fishing_Muu_S_58_W3,kkvNr-fishing_Muu_S_58_W3M4,eng:again; zho:再,,
remove_empty_morpheme,XML/Stories/Kanakanavu/Kanakanavu_kkvNr-fishing_Muu.xml,kkvNr-fishing_Muu_S_58_W3,kkvNr-fishing_Muu_S_58_W3M5,eng:COS; zho:狀態改變,,
remove_empty_morpheme,XML/Stories/Kanakanavu/Kanakanavu_kkvNr-fishing_Muu.xml,kkvNr-fishing_Muu_S_58_W3,kkvNr-fishing_Muu_S_58_W3M6,eng:1SG.NOM; zho:1SG.主格,,
remove_empty_morpheme,XML/Stories/Kanakanavu/Kanakanavu_kkvNr-fishing_Muu.xml,kkvNr-fishing_Muu_S_101_W0,kkvNr-fishing_Muu_S_101_W0M2,eng:3SG.GEN; zho:3SG.屬格,,
remove_empty_morpheme,XML/Stories/Kanakanavu/Kanakanavu_kkvNr-fishing_Muu.xml,kkvNr-fishing_Muu_S_109_W4,kkvNr-fishing_Muu_S_109_W4M2,eng:PV; zho:受焦,,
remove_empty_morpheme,XML/Stories/Kanakanavu/Kanakanavu_kkvNr-fishing_Muu.xml,kkvNr-fishing_Muu_S_110_W7,kkvNr-fishing_Muu_S_110_W7M3,eng:1SG.NOM; zho:1SG.主格,,
remove_empty_morpheme,XML/Stories/Kanakanavu/Kanakanavu_kkvNr-fishing_Muu.xml,kkvNr-fishing_Muu_S_122_W1,kkvNr-fishing_Muu_S_122_W1M2,eng:3SG.GEN; zho:3SG.屬格,,
remove_empty_morpheme,XML/Stories/Kanakanavu/Kanakanavu_kkvNr-fishing_Muu.xml,kkvNr-fishing_Muu_S_122_W2,kkvNr-fishing_Muu_S_122_W2M2,eng:AV.go; zho:主焦.去,,
remove_empty_morpheme,XML/Stories/Kanakanavu/Kanakanavu_kkvNr-fishing_Muu.xml,kkvNr-fishing_Muu_S_139_W7,kkvNr-fishing_Muu_S_139_W7M3,eng:PV; zho:受焦,,
remove_empty_morpheme,XML/Stories/Kanakanavu/Kanakanavu_kkvNr-fishing_Muu.xml,kkvNr-fishing_Muu_S_139_W7,kkvNr-fishing_Muu_S_139_W7M4,eng:1EPL.GEN; zho:1EPL.屬格,,
remove_empty_morpheme,XML/Stories/Kanakanavu/Kanakanavu_kkvNr-fishing_Muu.xml,kkvNr-fishing_Muu_S_146_W7,kkvNr-fishing_Muu_S_146_W7M2,eng:3SG.GEN; zho:3SG.屬格,,
remove_empty_morpheme,XML/Stories/Kanakanavu/Kanakanavu_kkvNr-fishing_Muu.xml,kkvNr-fishing_Muu_S_155_W1,kkvNr-fishing_Muu_S_155_W1M3,eng:child; zho:小孩,,
remove_empty_morpheme,XML/Stories/Kanakanavu/Kanakanavu_kkvNr-fishing_Muu.xml,kkvNr-fishing_Muu_S_155_W1,kkvNr-fishing_Muu_S_155_W1M4,eng:1SG.GEN; zho:1SG.屬格,,
remove_empty_morpheme,XML/Stories/Kanakanavu/Kanakanavu_kkvNr-frogstory_angai.xml,kkvNr-frogstory_angai_S_4_W3,kkvNr-frogstory_angai_S_4_W3M2,eng:COS; zho:COS,,
remove_empty_morpheme,XML/Stories/Kanakanavu/Kanakanavu_kkvNr-frogstory_angai.xml,kkvNr-frogstory_angai_S_22_W7,kkvNr-frogstory_angai_S_22_W7M2,eng:3SG.GEN; zho:3SG.屬格,,
remove_empty_morpheme,XML/Stories/Kanakanavu/Kanakanavu_kkvNr-frogstory_angai.xml,kkvNr-frogstory_angai_S_40_W1,kkvNr-frogstory_angai_S_40_W1M2,eng:outside.AF; zho:外面.主焦,,
remove_empty_morpheme,XML/Stories/Kanakanavu/Kanakanavu_kkvNr-frogstory_angai.xml,kkvNr-frogstory_angai_S_45_W16,kkvNr-frogstory_angai_S_45_W16M2,eng:RED; zho:重疊,,
remove_empty_morpheme,XML/Stories/Kanakanavu/Kanakanavu_kkvNr-frogstory_angai.xml,kkvNr-frogstory_angai_S_45_W16,kkvNr-frogstory_angai_S_45_W16M3,eng:CAU; zho:使役,,
remove_empty_morpheme,XML/Stories/Kanakanavu/Kanakanavu_kkvNr-frogstory_angai.xml,kkvNr-frogstory_angai_S_45_W16,kkvNr-frogstory_angai_S_45_W16M4,eng:grow.REL; zho:生長.關係詞,,
remove_empty_morpheme,XML/Stories/Kanakanavu/Kanakanavu_kkvNr-frogstory_angai.xml,kkvNr-frogstory_angai_S_50_W10,kkvNr-frogstory_angai_S_50_W10M2,eng:climb.up; zho:爬上,,
remove_empty_morpheme,XML/Stories/Kanakanavu/Kanakanavu_kkvNr-frogstory_angai.xml,kkvNr-frogstory_angai_S_58_W8,kkvNr-frogstory_angai_S_58_W8M2,zho:3SG.屬格,,
remove_empty_morpheme,XML/Stories/Kanakanavu/Kanakanavu_kkvNr-frogstory_angai.xml,kkvNr-frogstory_angai_S_58_W8,kkvNr-frogstory_angai_S_58_W8M3,eng:PF,,
remove_empty_morpheme,XML/Stories/Kanakanavu/Kanakanavu_kkvNr-frogstory_angai.xml,kkvNr-frogstory_angai_S_58_W8,kkvNr-frogstory_angai_S_58_W8M4,eng:3SG.GEN,,
remove_empty_morpheme,XML/Stories/Kanakanavu/Kanakanavu_kkvNr-frogstory_angai.xml,kkvNr-frogstory_angai_S_62_W1,kkvNr-frogstory_angai_S_62_W1M2,eng:COS; zho:COS,,
remove_empty_morpheme,XML/Stories/Kanakanavu/Kanakanavu_kkvNr-frogstory_angai.xml,kkvNr-frogstory_angai_S_62_W16,kkvNr-frogstory_angai_S_62_W16M6,eng:REL; zho:關係詞,,
remove_empty_morpheme,XML/Stories/Kanakanavu/Kanakanavu_kkvNr-frogstory_angai.xml,kkvNr-frogstory_angai_S_62_W16,kkvNr-frogstory_angai_S_62_W16M7,eng:3SG.GEN; zho:3SG.屬格,,
remove_empty_morpheme,XML/Stories/Kanakanavu/Kanakanavu_kkvNr-frogstory_angai.xml,kkvNr-frogstory_angai_S_67_W17,kkvNr-frogstory_angai_S_67_W17M2,eng:go.inside.AF; zho:到裡面.主焦,,
remove_empty_morpheme,XML/Stories/Kanakanavu/Kanakanavu_kkvNr-frogstory_angai.xml,kkvNr-frogstory_angai_S_73_W1,kkvNr-frogstory_angai_S_73_W1M2,eng:COS; zho:COS,,
remove_empty_morpheme,XML/Stories/Kanakanavu/Kanakanavu_kkvNr-frogstory_angai.xml,kkvNr-frogstory_angai_S_73_W12,kkvNr-frogstory_angai_S_73_W12M2,eng:that,,
remove_empty_morpheme,XML/Stories/Kanakanavu/Kanakanavu_kkvNr-puratu_Muu.xml,kkvNr-puratu_Muu_S_3_W5,kkvNr-puratu_Muu_S_3_W5M2,eng:go.AF; zho:去.主焦,,
remove_empty_morpheme,XML/Stories/Kanakanavu/Kanakanavu_kkvNr-puratu_Muu.xml,kkvNr-puratu_Muu_S_8_W5,kkvNr-puratu_Muu_S_8_W5M5,eng:bad; zho:不好,,
remove_empty_morpheme,XML/Stories/Kanakanavu/Kanakanavu_kkvNr-puratu_Muu.xml,kkvNr-puratu_Muu_S_8_W5,kkvNr-puratu_Muu_S_8_W5M6,eng:1PL.EXCL.OBL; zho:1PL.排除.斜格,,
remove_empty_morpheme,XML/Stories/Kanakanavu/Kanakanavu_kkvNr-puratu_Muu.xml,kkvNr-puratu_Muu_S_13_W1,kkvNr-puratu_Muu_S_13_W1M5,eng:REL; zho:關係詞,,
remove_empty_morpheme,XML/Stories/Kanakanavu/Kanakanavu_kkvNr-puratu_Muu.xml,kkvNr-puratu_Muu_S_19_W5,kkvNr-puratu_Muu_S_19_W5M5,eng:RA; zho:RA,,
remove_empty_morpheme,XML/Stories/Kanakanavu/Kanakanavu_kkvNr-puratu_Muu.xml,kkvNr-puratu_Muu_S_20_W6,kkvNr-puratu_Muu_S_20_W6M4,eng:RED; zho:重疊,,
remove_empty_morpheme,XML/Stories/Kanakanavu/Kanakanavu_kkvNr-puratu_Muu.xml,kkvNr-puratu_Muu_S_20_W6,kkvNr-puratu_Muu_S_20_W6M5,eng:RA; zho:RA,,
remove_empty_morpheme,XML/Stories/Kanakanavu/Kanakanavu_kkvNr-puratu_Muu.xml,kkvNr-puratu_Muu_S_24_W16,kkvNr-puratu_Muu_S_24_W16M2,eng:looking,,
remove_empty_morpheme,XML/Stories/Kanakanavu/Kanakanavu_kkvNr-puratu_Muu.xml,kkvNr-puratu_Muu_S_49_W0,kkvNr-puratu_Muu_S_49_W0M2,zho:COS,,
remove_empty_morpheme,XML/Stories/Kanakanavu/Kanakanavu_kkvNr-puratu_Muu.xml,kkvNr-puratu_Muu_S_53_W10,kkvNr-puratu_Muu_S_53_W10M3,eng:PF.IMP; zho:受焦.祈使,,
remove_empty_morpheme,XML/Stories/Kanakanavu/Kanakanavu_kkvNr-puratu_Muu.xml,kkvNr-puratu_Muu_S_53_W10,kkvNr-puratu_Muu_S_53_W10M4,eng:COS; zho:COS,,
remove_empty_morpheme,XML/Stories/Kanakanavu/Kanakanavu_kkvNr-puratu_Muu.xml,kkvNr-puratu_Muu_S_82_W11,kkvNr-puratu_Muu_S_82_W11M2,eng:3SG.GEN; zho:3SG.屬格,,
remove_empty_morpheme,XML/Stories/Kanakanavu/Kanakanavu_kkvNr-puratu_Muu.xml,kkvNr-puratu_Muu_S_85_W1,kkvNr-puratu_Muu_S_85_W1M2,eng:COS; zho:COS,,
remove_empty_morpheme,XML/Stories/Kanakanavu/Kanakanavu_kkvNr-puratu_Muu.xml,kkvNr-puratu_Muu_S_85_W3,kkvNr-puratu_Muu_S_85_W3M2,eng:RED; zho:重疊,,
remove_empty_morpheme,XML/Stories/Kanakanavu/Kanakanavu_kkvNr-puratu_Muu.xml,kkvNr-puratu_Muu_S_85_W3,kkvNr-puratu_Muu_S_85_W3M3,eng:know; zho:知道,,
remove_empty_morpheme,XML/Stories/Kanakanavu/Kanakanavu_kkvNr-puratu_Muu.xml,kkvNr-puratu_Muu_S_123_W4,kkvNr-puratu_Muu_S_123_W4M2,eng:lin,,
remove_empty_morpheme,XML/Stories/Kanakanavu/Kanakanavu_kkvNr-puratu_Muu.xml,kkvNr-puratu_Muu_S_127_W6,kkvNr-puratu_Muu_S_127_W6M2,eng:PF; zho:受焦,,
remove_empty_morpheme,XML/Stories/Kanakanavu/Kanakanavu_kkvNr-story_pani.xml,kkvNr-story_pani_S_5_W11,kkvNr-story_pani_S_5_W11M2,eng:QUOT; zho:引述,,
remove_empty_morpheme,XML/Stories/Kanakanavu/Kanakanavu_kkvNr-story_pani.xml,kkvNr-story_pani_S_24_W0,kkvNr-story_pani_S_24_W0M3,eng:see; zho:看,,
remove_empty_morpheme,XML/Stories/Kanakanavu/Kanakanavu_kkvNr-story_pani.xml,kkvNr-story_pani_S_31_W2,kkvNr-story_pani_S_31_W2M3,eng:1SG.GEN; zho:1SG.屬格,,
remove_empty_morpheme,XML/Stories/Kanakanavu/Kanakanavu_kkvNr-story_pani.xml,kkvNr-story_pani_S_53_W13,kkvNr-story_pani_S_53_W13M2,eng:NEG.EXIST; zho:否定.存在,,
remove_empty_morpheme,XML/Stories/Kanakanavu/Kanakanavu_kkvNr-story_pani.xml,kkvNr-story_pani_S_66_W3,kkvNr-story_pani_S_66_W3M2,eng:1PL.NOM; zho:1PL.主格,,
remove_empty_morpheme,XML/Stories/Kanakanavu/Kanakanavu_kkvNr-story_pani.xml,kkvNr-story_pani_S_66_W5,kkvNr-story_pani_S_66_W5M2,eng:tell; zho:告訴,,
remove_empty_morpheme,XML/Stories/Kanakanavu/Kanakanavu_kkvNr_farming_Muu.xml,kkvNr_farming_Muu_S_3_W2,kkvNr_farming_Muu_S_3_W2M2,eng:COS,,
remove_empty_morpheme,XML/Stories/Kanakanavu/Kanakanavu_kkvNr_farming_Muu.xml,kkvNr_farming_Muu_S_4_W1,kkvNr_farming_Muu_S_4_W1M4,eng:COS; zho:COS,,
remove_empty_morpheme,XML/Stories/Kanakanavu/Kanakanavu_kkvNr_farming_Muu.xml,kkvNr_farming_Muu_S_8_W5,kkvNr_farming_Muu_S_8_W5M2,eng:COS; zho:COS,,
remove_empty_morpheme,XML/Stories/Kanakanavu/Kanakanavu_kkvNr_farming_Muu.xml,kkvNr_farming_Muu_S_16_W10,kkvNr_farming_Muu_S_16_W10M3,eng:kid; zho:小孩,,
remove_empty_morpheme,XML/Stories/Kanakanavu/Kanakanavu_kkvNr_farming_Muu.xml,kkvNr_farming_Muu_S_16_W10,kkvNr_farming_Muu_S_16_W10M4,eng:3SG.GEN; zho:3SG.屬格,,
remove_empty_morpheme,XML/Stories/Kanakanavu/Kanakanavu_kkvNr_farming_Muu.xml,kkvNr_farming_Muu_S_25_W7,kkvNr_farming_Muu_S_25_W7M2,eng:COS; zho:COS,,
remove_empty_morpheme,XML/Stories/Kanakanavu/Kanakanavu_kkvNr_farming_Muu.xml,kkvNr_farming_Muu_S_35_W1,kkvNr_farming_Muu_S_35_W1M2,zho:COS,,
remove_empty_morpheme,XML/Stories/Kanakanavu/Kanakanavu_kkvNr_farming_Muu.xml,kkvNr_farming_Muu_S_35_W1,kkvNr_farming_Muu_S_35_W1M3,eng:cooked,,
remove_empty_morpheme,XML/Stories/Kanakanavu/Kanakanavu_kkvNr_farming_Muu.xml,kkvNr_farming_Muu_S_35_W1,kkvNr_farming_Muu_S_35_W1M4,eng:COS,,
remove_empty_morpheme,XML/Stories/Kanakanavu/Kanakanavu_kkvNr_fishing_Pani.xml,kkvNr_fishing_Pani_S_3_W4,kkvNr_fishing_Pani_S_3_W4M2,zho:要,,
remove_empty_morpheme,XML/Stories/Kanakanavu/Kanakanavu_kkvNr_fishing_Pani.xml,kkvNr_fishing_Pani_S_3_W4,kkvNr_fishing_Pani_S_3_W4M3,zho:我們,,
remove_empty_morpheme,XML/Stories/Kanakanavu/Kanakanavu_kkvNr_fishing_Pani.xml,kkvNr_fishing_Pani_S_12_W4,kkvNr_fishing_Pani_S_12_W4M2,eng:3SG.POSS; zho:3SG.所有格,,
remove_empty_morpheme,XML/Stories/Kanakanavu/Kanakanavu_kkvNr_fishing_Pani.xml,kkvNr_fishing_Pani_S_35_W4,kkvNr_fishing_Pani_S_35_W4M2,eng:Imp.; zho:祈使.,,
remove_empty_morpheme,XML/Stories/Kanakanavu/Kanakanavu_kkvNr_fishing_Pani.xml,kkvNr_fishing_Pani_S_41_W10,kkvNr_fishing_Pani_S_41_W10M3,zho:1PL.所有格.排除,,
remove_empty_morpheme,XML/Stories/Kanakanavu/Kanakanavu_kkvNr_frog_Uva.xml,kkvNr_frog_Uva_S_45_W2,kkvNr_frog_Uva_S_45_W2M2,eng:RED; zho:重疊,,
remove_empty_morpheme,XML/Stories/Kanakanavu/Kanakanavu_kkvNr_frog_Uva.xml,kkvNr_frog_Uva_S_45_W2,kkvNr_frog_Uva_S_45_W2M3,eng:outdoor; zho:戶外,,
remove_empty_morpheme,XML/Stories/Kanakanavu/Kanakanavu_kkvNr_frog_Uva.xml,kkvNr_frog_Uva_S_50_W5,kkvNr_frog_Uva_S_50_W5M2,eng:earth; zho:土地,,
remove_empty_morpheme,XML/Stories/Kanakanavu/Kanakanavu_kkvNr_frog_Uva.xml,kkvNr_frog_Uva_S_51_W1,kkvNr_frog_Uva_S_51_W1M3,eng:3SG.GEN; zho:3SG.屬格,,
remove_empty_morpheme,XML/Stories/Kanakanavu/Kanakanavu_kkvNr_frog_Uva.xml,kkvNr_frog_Uva_S_55_W2,kkvNr_frog_Uva_S_55_W2M2,eng:earth; zho:土地,,
remove_empty_morpheme,XML/Stories/Kanakanavu/Kanakanavu_kkvNr_frog_Uva.xml,kkvNr_frog_Uva_S_58_W10,kkvNr_frog_Uva_S_58_W10M2,eng:from; zho:來自,,
remove_empty_morpheme,XML/Stories/Kanakanavu/Kanakanavu_kkvNr_frog_Uva.xml,kkvNr_frog_Uva_S_69_W1,kkvNr_frog_Uva_S_69_W1M3,eng:3SG.GEN; zho:3SG.屬格,,
remove_empty_morpheme,XML/Stories/Kanakanavu/Kanakanavu_kkvNr_frog_Uva.xml,kkvNr_frog_Uva_S_70_W12,kkvNr_frog_Uva_S_70_W12M3,zho:改變狀態,,
remove_empty_morpheme,XML/Stories/Kanakanavu/Kanakanavu_kkvNr_frog_Uva.xml,kkvNr_frog_Uva_S_75_W2,kkvNr_frog_Uva_S_75_W2M3,zho:原來,,
remove_empty_morpheme,XML/Stories/Kanakanavu/Kanakanavu_kkvNr_frog_Uva.xml,kkvNr_frog_Uva_S_75_W2,kkvNr_frog_Uva_S_75_W2M4,eng:originally,,
remove_empty_morpheme,XML/Stories/Kanakanavu/Kanakanavu_kkvNr_frog_Uva.xml,kkvNr_frog_Uva_S_77_W0,kkvNr_frog_Uva_S_77_W0M2,eng:RED,,
remove_empty_morpheme,XML/Stories/Kanakanavu/Kanakanavu_kkvNr_frog_Uva.xml,kkvNr_frog_Uva_S_77_W10,kkvNr_frog_Uva_S_77_W10M2,eng:AF; zho:主焦,,
remove_empty_morpheme,XML/Stories/Kanakanavu/Kanakanavu_kkvNr_frog_Uva.xml,kkvNr_frog_Uva_S_77_W10,kkvNr_frog_Uva_S_77_W10M3,eng:find; zho:找,,
remove_empty_morpheme,XML/Stories/Kanakanavu/Kanakanavu_kkvNr_frog_Uva.xml,kkvNr_frog_Uva_S_79_W1,kkvNr_frog_Uva_S_79_W1M4,eng:walk; zho:走,,
remove_empty_morpheme,XML/Stories/Kanakanavu/Kanakanavu_kkvNr_frog_Uva.xml,kkvNr_frog_Uva_S_79_W1,kkvNr_frog_Uva_S_79_W1M5,eng:COS; zho:改變狀態,,
remove_empty_morpheme,XML/Stories/Kanakanavu/Kanakanavu_kkvNr_frog_Uva.xml,kkvNr_frog_Uva_S_79_W1,kkvNr_frog_Uva_S_79_W1M6,eng:1PL.NOM.EXCL; zho:1PL.主格.排除,,
remove_empty_morpheme,XML/Stories/Kanakanavu/Kanakanavu_kkvNr_frog_Uva.xml,kkvNr_frog_Uva_S_80_W0,kkvNr_frog_Uva_S_80_W0M2,eng:COS; zho:改變狀態,,
remove_empty_morpheme,XML/Stories/Kanakanavu/Kanakanavu_kkvNr_frog_Uva.xml,kkvNr_frog_Uva_S_80_W3,kkvNr_frog_Uva_S_80_W3M2,eng:REL; zho:關係詞,,
remove_empty_morpheme,XML/Stories/Kanakanavu/Kanakanavu_kkvNr_hunting1_Muu.xml,kkvNr_hunting1_Muu_S_1_W7,kkvNr_hunting1_Muu_S_1_W7M2,eng:'angai; zho:'angai,,
remove_empty_morpheme,XML/Stories/Kanakanavu/Kanakanavu_kkvNr_hunting1_Muu.xml,kkvNr_hunting1_Muu_S_1_W7,kkvNr_hunting1_Muu_S_1_W7M3,eng:NA; zho:NA,,
remove_empty_morpheme,XML/Stories/Kanakanavu/Kanakanavu_kkvNr_hunting1_Muu.xml,kkvNr_hunting1_Muu_S_9_W0,kkvNr_hunting1_Muu_S_9_W0M2,eng:1SG.NOM; zho:1SG.主格,,
remove_empty_morpheme,XML/Stories/Kanakanavu/Kanakanavu_kkvNr_hunting1_Muu.xml,kkvNr_hunting1_Muu_S_17_W2,kkvNr_hunting1_Muu_S_17_W2M5,eng:hit,,
remove_empty_morpheme,XML/Stories/Kanakanavu/Kanakanavu_kkvNr_hunting1_Muu.xml,kkvNr_hunting1_Muu_S_23_W5,kkvNr_hunting1_Muu_S_23_W5M3,eng:trap; zho:陷阱,,
remove_empty_morpheme,XML/Stories/Kanakanavu/Kanakanavu_kkvNr_hunting1_Muu.xml,kkvNr_hunting1_Muu_S_23_W9,kkvNr_hunting1_Muu_S_23_W9M3,eng:trap; zho:陷阱,,
remove_empty_morpheme,XML/Stories/Kanakanavu/Kanakanavu_kkvNr_hunting1_Muu.xml,kkvNr_hunting1_Muu_S_31_W3,kkvNr_hunting1_Muu_S_31_W3M3,eng:1SG.NOM; zho:1SG.主格,,
remove_empty_morpheme,XML/Stories/Kanakanavu/Kanakanavu_kkvNr_hunting1_Muu.xml,kkvNr_hunting1_Muu_S_33_W2,kkvNr_hunting1_Muu_S_33_W2M3,eng:trap; zho:陷阱,,
remove_empty_morpheme,XML/Stories/Kanakanavu/Kanakanavu_kkvNr_hunting1_Muu.xml,kkvNr_hunting1_Muu_S_44_W3,kkvNr_hunting1_Muu_S_44_W3M2,eng:become; zho:變,,
remove_empty_morpheme,XML/Stories/Kanakanavu/Kanakanavu_kkvNr_hunting1_Muu.xml,kkvNr_hunting1_Muu_S_44_W3,kkvNr_hunting1_Muu_S_44_W3M3,eng:out; zho:外面,,
remove_empty_morpheme,XML/Stories/Kanakanavu/Kanakanavu_kkvNr_hunting1_Muu.xml,kkvNr_hunting1_Muu_S_44_W9,kkvNr_hunting1_Muu_S_44_W9M2,eng:fear; zho:怕,,
remove_empty_morpheme,XML/Stories/Kanakanavu/Kanakanavu_kkvNr_hunting1_Muu.xml,kkvNr_hunting1_Muu_S_44_W9,kkvNr_hunting1_Muu_S_44_W9M3,eng:PF; zho:受焦,,
remove_empty_morpheme,XML/Stories/Kanakanavu/Kanakanavu_kkvNr_hunting1_Muu.xml,kkvNr_hunting1_Muu_S_47_W0,kkvNr_hunting1_Muu_S_47_W0M3,eng:die; zho:死,,
remove_empty_morpheme,XML/Stories/Kanakanavu/Kanakanavu_kkvNr_hunting1_Muu.xml,kkvNr_hunting1_Muu_S_47_W0,kkvNr_hunting1_Muu_S_47_W0M4,eng:COS; zho:COS,,
remove_empty_morpheme,XML/Stories/Kanakanavu/Kanakanavu_kkvNr_hunting1_Muu.xml,kkvNr_hunting1_Muu_S_51_W4,kkvNr_hunting1_Muu_S_51_W4M3,eng:PF; zho:受焦,,
remove_empty_morpheme,XML/Stories/Kanakanavu/Kanakanavu_kkvNr_hunting1_Muu.xml,kkvNr_hunting1_Muu_S_51_W4,kkvNr_hunting1_Muu_S_51_W4M4,eng:1SG.GEN; zho:1SG.屬格,,
remove_empty_morpheme,XML/Stories/Kanakanavu/Kanakanavu_kkvNr_hunting1_Muu.xml,kkvNr_hunting1_Muu_S_51_W8,kkvNr_hunting1_Muu_S_51_W8M3,eng:carry; zho:背,,
remove_empty_morpheme,XML/Stories/Kanakanavu/Kanakanavu_kkvNr_hunting1_Muu.xml,kkvNr_hunting1_Muu_S_52_W7,kkvNr_hunting1_Muu_S_52_W7M2,eng:1SG.GEN; zho:1SG.屬格,,
remove_empty_morpheme,XML/Stories/Kanakanavu/Kanakanavu_kkvNr_hunting1_Muu.xml,kkvNr_hunting1_Muu_S_52_W8,kkvNr_hunting1_Muu_S_52_W8M3,eng:see,,
remove_empty_morpheme,XML/Stories/Kanakanavu/Kanakanavu_kkvNr_hunting1_Muu.xml,kkvNr_hunting1_Muu_S_56_W2,kkvNr_hunting1_Muu_S_56_W2M4,zho:1SG.主焦,,
remove_empty_morpheme,XML/Stories/Kanakanavu/Kanakanavu_kkvNr_hunting1_Muu.xml,kkvNr_hunting1_Muu_S_60_W2,kkvNr_hunting1_Muu_S_60_W2M2,eng:die; zho:死,,
remove_empty_morpheme,XML/Stories/Kanakanavu/Kanakanavu_kkvNr_life_Kuatu.xml,kkvNr_life_Kuatu_S_14_W10,kkvNr_life_Kuatu_S_14_W10M2,eng:PF; zho:受焦,,
remove_empty_morpheme,XML/Stories/Kanakanavu/Kanakanavu_kkvNr_millet_Muu.xml,kkvNr_millet_Muu_S_5_W4,kkvNr_millet_Muu_S_5_W4M3,eng:Chinese; zho:外省人,,
remove_empty_morpheme,XML/Stories/Kanakanavu/Kanakanavu_kkvNr_millet_Muu.xml,kkvNr_millet_Muu_S_10_W13,kkvNr_millet_Muu_S_10_W13M2,eng:COS; zho:COS,,
remove_empty_morpheme,XML/Stories/Kanakanavu/Kanakanavu_kkvNr_millet_Muu.xml,kkvNr_millet_Muu_S_11_W6,kkvNr_millet_Muu_S_11_W6M2,eng:name; zho:名字,,
remove_empty_morpheme,XML/Stories/Kanakanavu/Kanakanavu_kkvNr_millet_Muu.xml,kkvNr_millet_Muu_S_11_W6,kkvNr_millet_Muu_S_11_W6M3,eng:PF; zho:受焦,,
remove_empty_morpheme,XML/Stories/Kanakanavu/Kanakanavu_kkvNr_millet_Muu.xml,kkvNr_millet_Muu_S_32_W3,kkvNr_millet_Muu_S_32_W3M3,eng:tell; zho:告知,,
remove_empty_morpheme,XML/Stories/Kanakanavu/Kanakanavu_kkvNr_millet_Muu.xml,kkvNr_millet_Muu_S_36_W8,kkvNr_millet_Muu_S_36_W8M3,eng:hang; zho:懸掛,,
remove_empty_morpheme,XML/Stories/Kanakanavu/Kanakanavu_kkvNr_millet_Muu.xml,kkvNr_millet_Muu_S_37_W5,kkvNr_millet_Muu_S_37_W5M3,eng:hang; zho:掛,,
remove_empty_morpheme,XML/Stories/Kanakanavu/Kanakanavu_kkvNr_millet_Muu.xml,kkvNr_millet_Muu_S_42_W8,kkvNr_millet_Muu_S_42_W8M3,eng:tell; zho:告訴,,
remove_empty_morpheme,XML/Stories/Kanakanavu/Kanakanavu_kkvNr_millet_Muu.xml,kkvNr_millet_Muu_S_43_W5,kkvNr_millet_Muu_S_43_W5M3,eng:tell; zho:告知,,
remove_empty_morpheme,XML/Stories/Kanakanavu/Kanakanavu_kkvNr_millet_Muu.xml,kkvNr_millet_Muu_S_45_W0,kkvNr_millet_Muu_S_45_W0M3,eng:hang; zho:懸掛,,
remove_empty_morpheme,XML/Stories/Kanakanavu/Kanakanavu_kkvNr_millet_Muu.xml,kkvNr_millet_Muu_S_63_W3,kkvNr_millet_Muu_S_63_W3M4,eng:2PL.GEN; zho:2PL.屬格,,
remove_empty_morpheme,XML/Stories/Kanakanavu/Kanakanavu_kkvNr_millet_Muu.xml,kkvNr_millet_Muu_S_67_W4,kkvNr_millet_Muu_S_67_W4M2,eng:know; zho:認識,,
remove_empty_morpheme,XML/Stories/Kanakanavu/Kanakanavu_kkvNr_millet_Muu.xml,kkvNr_millet_Muu_S_67_W4,kkvNr_millet_Muu_S_67_W4M3,eng:REL; zho:關係詞,,
remove_empty_morpheme,XML/Stories/Kanakanavu/Kanakanavu_kkvNr_millet_Muu.xml,kkvNr_millet_Muu_S_69_W0,kkvNr_millet_Muu_S_69_W0M3,eng:hear; zho:聽到,,
remove_empty_morpheme,XML/Stories/Kanakanavu/Kanakanavu_kkvNr_millet_Muu.xml,kkvNr_millet_Muu_S_72_W3,kkvNr_millet_Muu_S_72_W3M2,eng:deal.with; zho:處置,,
remove_empty_morpheme,XML/Stories/Kanakanavu/Kanakanavu_kkvNr_millet_Muu.xml,kkvNr_millet_Muu_S_90_W5,kkvNr_millet_Muu_S_90_W5M2,eng:REL; zho:關係詞,,
remove_empty_morpheme,XML/Stories/Kanakanavu/Kanakanavu_kkvNr_sowing_Paicu.xml,kkvNr_sowing_Paicu_S_0_W3,kkvNr_sowing_Paicu_S_0_W3M3,eng:rake; zho:耙梳,,
remove_empty_morpheme,XML/Stories/Kanakanavu/Kanakanavu_kkvNr_sowing_Paicu.xml,kkvNr_sowing_Paicu_S_1_W4,kkvNr_sowing_Paicu_S_1_W4M3,eng:hoe; zho:用鋤除,,
remove_empty_morpheme,XML/Stories/Kanakanavu/Kanakanavu_kkvNr_sowing_Paicu.xml,kkvNr_sowing_Paicu_S_6_W2,kkvNr_sowing_Paicu_S_6_W2M2,eng:burn; zho:燒,,
remove_empty_morpheme,XML/Stories/Kanakanavu/Kanakanavu_kkvNr_sowing_Paicu.xml,kkvNr_sowing_Paicu_S_12_W1,kkvNr_sowing_Paicu_S_12_W1M3,eng:rake; zho:耙梳,,
remove_empty_morpheme,XML/Stories/Kanakanavu/Kanakanavu_kkvNr_sowing_Paicu.xml,kkvNr_sowing_Paicu_S_14_W1,kkvNr_sowing_Paicu_S_14_W1M2,eng:rake; zho:耙梳,,
remove_empty_morpheme,XML/Stories/Kanakanavu/Kanakanavu_kkvNr_sowing_Paicu.xml,kkvNr_sowing_Paicu_S_14_W1,kkvNr_sowing_Paicu_S_14_W1M3,eng:PFV; zho:完成,,
remove_empty_morpheme,XML/Stories/Kanakanavu/Kanakanavu_kkvNr_sowing_Paicu.xml,kkvNr_sowing_Paicu_S_14_W1,kkvNr_sowing_Paicu_S_14_W1M4,eng:1SG.NOM; zho:1SG.主格,,
remove_empty_morpheme,XML/Stories/Kanakanavu/Kanakanavu_kkvNr_sowing_Paicu.xml,kkvNr_sowing_Paicu_S_16_W2,kkvNr_sowing_Paicu_S_16_W2M4,eng:eat; zho:吃,,
remove_empty_morpheme,XML/Stories/Kanakanavu/Kanakanavu_kkvNr_sowing_Paicu.xml,kkvNr_sowing_Paicu_S_16_W2,kkvNr_sowing_Paicu_S_16_W2M5,eng:1SG.NOM; zho:1SG.主格,,
remove_empty_morpheme,XML/Stories/Kanakanavu/Kanakanavu_kkvNr_sowing_Paicu.xml,kkvNr_sowing_Paicu_S_18_W3,kkvNr_sowing_Paicu_S_18_W3M2,eng:PST; zho:過去,,
remove_empty_morpheme,XML/Stories/Kanakanavu/Kanakanavu_kkvNr_sowing_Paicu.xml,kkvNr_sowing_Paicu_S_18_W3,kkvNr_sowing_Paicu_S_18_W3M3,eng:1SG.NOM; zho:1SG.主格,,
remove_empty_morpheme,XML/Stories/Kanakanavu/Kanakanavu_kkvNr_sowing_Paicu.xml,kkvNr_sowing_Paicu_S_19_W1,kkvNr_sowing_Paicu_S_19_W1M3,eng:hoe; zho:砍伐,,
remove_empty_morpheme,XML/Stories/Kanakanavu/Kanakanavu_kkvNr_sowing_Paicu.xml,kkvNr_sowing_Paicu_S_21_W6,kkvNr_sowing_Paicu_S_21_W6M3,eng:burn; zho:燒,,
remove_empty_morpheme,XML/Stories/Kanakanavu/Kanakanavu_kkvNr_sowing_Paicu.xml,kkvNr_sowing_Paicu_S_22_W2,kkvNr_sowing_Paicu_S_22_W2M3,eng:burn; zho:燒,,
remove_empty_morpheme,XML/Stories/Kanakanavu/Kanakanavu_kkvNr_sowing_Paicu.xml,kkvNr_sowing_Paicu_S_22_W4,kkvNr_sowing_Paicu_S_22_W4M2,eng:PST; zho:過去,,
remove_empty_morpheme,XML/Stories/Kanakanavu/Kanakanavu_kkvNr_sowing_Paicu.xml,kkvNr_sowing_Paicu_S_25_W3,kkvNr_sowing_Paicu_S_25_W3M2,eng:PST; zho:過去,,
remove_empty_morpheme,XML/Stories/Kanakanavu/Kanakanavu_kkvNr_sowing_Paicu.xml,kkvNr_sowing_Paicu_S_26_W5,kkvNr_sowing_Paicu_S_26_W5M3,eng:rake; zho:耙梳,,
remove_empty_morpheme,XML/Stories/Kanakanavu/Kanakanavu_kkvNr_sowing_Paicu.xml,kkvNr_sowing_Paicu_S_27_W3,kkvNr_sowing_Paicu_S_27_W3M3,zho:1SG.主格,,
remove_empty_morpheme,XML/Stories/Kanakanavu/Kanakanavu_kkvNr_sowing_Paicu.xml,kkvNr_sowing_Paicu_S_28_W2,kkvNr_sowing_Paicu_S_28_W2M3,eng:eat; zho:吃,,
remove_empty_morpheme,XML/Stories/Kanakanavu/Kanakanavu_kkvNr_sowing_Paicu.xml,kkvNr_sowing_Paicu_S_29_W0,kkvNr_sowing_Paicu_S_29_W0M4,eng:eat; zho:吃,,
remove_empty_morpheme,XML/Stories/Kanakanavu/Kanakanavu_kkvNr_sowing_Paicu.xml,kkvNr_sowing_Paicu_S_29_W0,kkvNr_sowing_Paicu_S_29_W0M5,eng:1SG.NOM; zho:1SG.主格,,
remove_empty_morpheme,XML/Stories/Kanakanavu/Kanakanavu_kkvNr_sowing_Paicu.xml,kkvNr_sowing_Paicu_S_40_W5,kkvNr_sowing_Paicu_S_40_W5M3,eng:rake; zho:耙梳,,
remove_empty_morpheme,XML/Stories/Kanakanavu/Kanakanavu_kkvNr_sowing_Paicu.xml,kkvNr_sowing_Paicu_S_40_W6,kkvNr_sowing_Paicu_S_40_W6M3,eng:rake; zho:耙梳,,
remove_empty_morpheme,XML/Stories/Kanakanavu/Kanakanavu_kkvNr_sowing_Paicu.xml,kkvNr_sowing_Paicu_S_41_W2,kkvNr_sowing_Paicu_S_41_W2M3,eng:rake,,
remove_empty_morpheme,XML/Stories/Kanakanavu/Kanakanavu_kkvNr_sowing_Paicu.xml,kkvNr_sowing_Paicu_S_42_W2,kkvNr_sowing_Paicu_S_42_W2M2,eng:walk; zho:走,,
remove_empty_morpheme,XML/Stories/Kanakanavu/Kanakanavu_kkvNr_sowing_Paicu.xml,kkvNr_sowing_Paicu_S_42_W2,kkvNr_sowing_Paicu_S_42_W2M3,eng:PST; zho:過去,,
remove_empty_morpheme,XML/Stories/Kanakanavu/Kanakanavu_kkvNr_sowing_Paicu.xml,kkvNr_sowing_Paicu_S_42_W2,kkvNr_sowing_Paicu_S_42_W2M4,eng:1SG.NOM; zho:1SG.主格,,
remove_empty_morpheme,XML/Stories/Kanakanavu/Kanakanavu_kkvNr_the man from china_Pani.xml,kkvNr_the man from china_Pani_S_14_W3,kkvNr_the man from china_Pani_S_14_W3M2,zho:1SG.主格,,
remove_empty_morpheme,XML/Stories/Kanakanavu/Kanakanavu_kkvNr_the man from china_Pani.xml,kkvNr_the man from china_Pani_S_24_W3,kkvNr_the man from china_Pani_S_24_W3M3,eng:first; zho:首先,,
remove_empty_morpheme,XML/Stories/Kanakanavu/Kanakanavu_kkvNr_the man from china_Pani.xml,kkvNr_the man from china_Pani_S_25_W0,kkvNr_the man from china_Pani_S_25_W0M3,zho:3SG.屬格,,
remove_empty_morpheme,XML/Stories/Kanakanavu/Kanakanavu_kkvNr_the man from china_Pani.xml,kkvNr_the man from china_Pani_S_26_W5,kkvNr_the man from china_Pani_S_26_W5M4,eng:Aschool; zho:A學校,,
remove_empty_morpheme,XML/Stories/Kanakanavu/Kanakanavu_kkvNr_the man from china_Pani.xml,kkvNr_the man from china_Pani_S_38_W5,kkvNr_the man from china_Pani_S_38_W5M2,zho:3SG.屬格,,
remove_empty_morpheme,XML/Stories/Kavalan/Kavalan_KacCon-Teaching Weaving_abas_ipay.xml,KacCon-Teaching Weaving_abas_ipay_S_27_W1,KacCon-Teaching Weaving_abas_ipay_S_27_W1M2,eng:CAU; zho:使役,,
remove_empty_morpheme,XML/Stories/Kavalan/Kavalan_KacCon-Teaching Weaving_abas_ipay.xml,KacCon-Teaching Weaving_abas_ipay_S_27_W1,KacCon-Teaching Weaving_abas_ipay_S_27_W1M3,eng:see; zho:看,,
remove_empty_morpheme,XML/Stories/Kavalan/Kavalan_KacCon-Teaching Weaving_abas_ipay.xml,KacCon-Teaching Weaving_abas_ipay_S_27_W1,KacCon-Teaching Weaving_abas_ipay_S_27_W1M4,eng:NMZ; zho:名物化,,
remove_empty_morpheme,XML/Stories/Kavalan/Kavalan_KacCon-Teaching Weaving_abas_ipay.xml,KacCon-Teaching Weaving_abas_ipay_S_27_W3,KacCon-Teaching Weaving_abas_ipay_S_27_W3M2,eng:REL; zho:關係詞,,
remove_empty_morpheme,XML/Stories/Kavalan/Kavalan_KavCon-earthquake_abas_haciang.xml,KavCon-earthquake_abas_haciang_S_22_W1,KavCon-earthquake_abas_haciang_S_22_W1M2,eng:nine,,
remove_empty_morpheme,XML/Stories/Kavalan/Kavalan_KavCon-earthquake_abas_haciang.xml,KavCon-earthquake_abas_haciang_S_123_W6,KavCon-earthquake_abas_haciang_S_123_W6M2,eng:nine,,
remove_empty_morpheme,XML/Stories/Kavalan/Kavalan_KavCon-earthquake_abas_haciang.xml,KavCon-earthquake_abas_haciang_S_128_W3,KavCon-earthquake_abas_haciang_S_128_W3M2,eng:nine,,
remove_invalid_audio_alignment,XML/Stories/Kavalan/Kavalan_KavCon-earthquake_abas_haciang.xml,KavCon-earthquake_abas_haciang_S_101,KavCon-earthquake_abas_haciang_S101.mp3,,351.42,351.4
remove_invalid_audio_alignment,XML/Stories/Kavalan/Kavalan_KavCon-home_buya_imuy.xml,KavCon-home_buya_imuy_S_77,KavCon-home_buya_imuy_S77.mp3,,304.49,304.45
remove_empty_morpheme,XML/Stories/Kavalan/Kavalan_KavCon-relatives_buya_ngengi.xml,KavCon-relatives_buya_ngengi_S_36_W5,KavCon-relatives_buya_ngengi_S_36_W5M2,eng:in,,
remove_empty_morpheme,XML/Stories/Kavalan/Kavalan_KavCon-relatives_buya_ngengi.xml,KavCon-relatives_buya_ngengi_S_36_W5,KavCon-relatives_buya_ngengi_S_36_W5M3,eng:law,,
remove_empty_morpheme,XML/Stories/Kavalan/Kavalan_KavCon-relatives_buya_ngengi.xml,KavCon-relatives_buya_ngengi_S_58_W4,KavCon-relatives_buya_ngengi_S_58_W4M2,eng:three,,
remove_empty_morpheme,XML/Stories/Kavalan/Kavalan_KavCon-relatives_buya_ngengi.xml,KavCon-relatives_buya_ngengi_S_59_W0,KavCon-relatives_buya_ngengi_S_59_W0M2,eng:three,,
remove_empty_morpheme,XML/Stories/Kavalan/Kavalan_KavCon-relatives_buya_ngengi.xml,KavCon-relatives_buya_ngengi_S_60_W1,KavCon-relatives_buya_ngengi_S_60_W1M2,eng:three,,
remove_empty_morpheme,XML/Stories/Kavalan/Kavalan_KavCon-relatives_buya_ngengi.xml,KavCon-relatives_buya_ngengi_S_302_W2,KavCon-relatives_buya_ngengi_S_302_W2M3,zho:完成,,
remove_empty_morpheme,XML/Stories/Kavalan/Kavalan_KavNr-ancestor_buya.xml,KavNr-ancestor_buya_S_11_W3,KavNr-ancestor_buya_S_11_W3M3,zho:死,,
remove_empty_morpheme,XML/Stories/Kavalan/Kavalan_KavNr-ancestor_buya.xml,KavNr-ancestor_buya_S_11_W3,KavNr-ancestor_buya_S_11_W3M4,zho:關係詞,,
remove_empty_morpheme,XML/Stories/Kavalan/Kavalan_KavNr-ancestor_buya.xml,KavNr-ancestor_buya_S_43_W1,KavNr-ancestor_buya_S_43_W1M2,eng:PFV; zho:完成,,
remove_empty_morpheme,XML/Stories/Kavalan/Kavalan_KavNr-ancestor_buya.xml,KavNr-ancestor_buya_S_43_W3,KavNr-ancestor_buya_S_43_W3M2,eng:LF; zho:處焦,,
remove_empty_morpheme,XML/Stories/Kavalan/Kavalan_KavNr-ancestor_buya.xml,KavNr-ancestor_buya_S_43_W3,KavNr-ancestor_buya_S_43_W3M3,eng:3PL.GEN; zho:3PL.屬格,,
remove_empty_morpheme,XML/Stories/Kavalan/Kavalan_KavNr-frog_abas.xml,KavNr-frog_abas_S_18_W4,KavNr-frog_abas_S_18_W4M2,eng:window; zho:窗戶,,
remove_empty_morpheme,XML/Stories/Kavalan/Kavalan_KavNr-frog_abas.xml,KavNr-frog_abas_S_18_W4,KavNr-frog_abas_S_18_W4M3,eng:LOC; zho:處格,,
remove_empty_morpheme,XML/Stories/Kavalan/Kavalan_KavNr-frog_abas.xml,KavNr-frog_abas_S_18_W4,KavNr-frog_abas_S_18_W4M4,eng:3SG.GEN; zho:33SG.屬格,,
remove_empty_morpheme,XML/Stories/Kavalan/Kavalan_KavNr-frog_abas.xml,KavNr-frog_abas_S_62_W7,KavNr-frog_abas_S_62_W7M2,eng:swim; zho:游泳,,
remove_empty_morpheme,XML/Stories/Kavalan/Kavalan_KavNr-frog_banday.xml,KavNr-frog_banday_S_41_W2,KavNr-frog_banday_S_41_W2M2,zho:坐,,
remove_empty_morpheme,XML/Stories/Kavalan/Kavalan_KavNr-frog_imuy2.xml,KavNr-frog_imuy2_S_16_W13,KavNr-frog_imuy2_S_16_W13M3,zho:看,,
remove_empty_morpheme,XML/Stories/Kavalan/Kavalan_KavNr-frog_imuy_longversion.xml,KavNr-frog_imuy_longversion_S_39_W3,KavNr-frog_imuy_longversion_S_39_W3M3,zho:看,,
remove_empty_morpheme,XML/Stories/Kavalan/Kavalan_KavNr-pear_Haciang.xml,KavNr-pear_Haciang_S_26_W4,KavNr-pear_Haciang_S_26_W4M2,eng:human),,
remove_empty_morpheme,XML/Stories/Kavalan/Kavalan_KavNr-pear_buya.xml,KavNr-pear_buya_S_41_W0,KavNr-pear_buya_S_41_W0M2,eng:basket; zho:籃,,
remove_empty_morpheme,XML/Stories/Kavalan/Kavalan_KavNr-pear_buya.xml,KavNr-pear_buya_S_41_W0,KavNr-pear_buya_S_41_W0M3,eng:LOC; zho:處格,,
remove_empty_morpheme,XML/Stories/Kavalan/Kavalan_KavNr-pear_buya.xml,KavNr-pear_buya_S_41_W2,KavNr-pear_buya_S_41_W2M2,eng:1SG.GEN; zho:1SG.屬格,,
remove_empty_morpheme,XML/Stories/Kavalan/Kavalan_KavNr-pear_buya.xml,KavNr-pear_buya_S_41_W6,KavNr-pear_buya_S_41_W6M2,eng:PFV; zho:完成,,
remove_empty_morpheme,XML/Stories/Kavalan/Kavalan_KavNr-pear_buya.xml,KavNr-pear_buya_S_41_W7,KavNr-pear_buya_S_41_W7M3,eng:RED; zho:重疊,,
remove_empty_morpheme,XML/Stories/Kavalan/Kavalan_KavNr-pear_buya.xml,KavNr-pear_buya_S_41_W7,KavNr-pear_buya_S_41_W7M4,eng:slack.jawed; zho:張嘴發呆,,
remove_empty_morpheme,XML/Stories/Rukai/Rukai_RukaiNr-becenge_tagas.xml,RukaiNr-becenge_tagas_S_11_W30,RukaiNr-becenge_tagas_S_11_W30M3,zho:比賽,,
remove_empty_morpheme,XML/Stories/Rukai/Rukai_RukaiNr-childhood_balenge.xml,RukaiNr-childhood_balenge_S_1_W6,RukaiNr-childhood_balenge_S_1_W6M4,zho:第一人稱單數.附著屬格,,
remove_empty_morpheme,XML/Stories/Rukai/Rukai_RukaiNr-childhood_balenge.xml,RukaiNr-childhood_balenge_S_1_W6,RukaiNr-childhood_balenge_S_1_W6M6,eng:1S.BG,,
remove_empty_morpheme,XML/Stories/Rukai/Rukai_RukaiNr-childhood_balenge.xml,RukaiNr-childhood_balenge_S_4_W11,RukaiNr-childhood_balenge_S_4_W11M3,eng:follow; zho:跟,,
remove_empty_morpheme,XML/Stories/Rukai/Rukai_RukaiNr-childhood_balenge.xml,RukaiNr-childhood_balenge_S_21_W3,RukaiNr-childhood_balenge_S_21_W3M3,eng:cook; zho:煮,,
remove_empty_morpheme,XML/Stories/Rukai/Rukai_RukaiNr-frog_Bajiaying.xml,RukaiNr-frog_Bajiaying_S_4_W1,RukaiNr-frog_Bajiaying_S_4_W1M2,eng:PFV; zho:完成貌,,
remove_empty_morpheme,XML/Stories/Rukai/Rukai_RukaiNr-frog_Bajiaying.xml,RukaiNr-frog_Bajiaying_S_9_W5,RukaiNr-frog_Bajiaying_S_9_W5M3,eng:3S.BG,,
remove_empty_morpheme,XML/Stories/Rukai/Rukai_RukaiNr-frog_Bajiaying.xml,RukaiNr-frog_Bajiaying_S_48_W0,RukaiNr-frog_Bajiaying_S_48_W0M2,eng:RED; zho:重疊,,
remove_empty_morpheme,XML/Stories/Rukai/Rukai_RukaiNr-frog_Bajiaying.xml,RukaiNr-frog_Bajiaying_S_48_W0,RukaiNr-frog_Bajiaying_S_48_W0M3,eng:search; zho:尋找,,
remove_empty_morpheme,XML/Stories/Rukai/Rukai_RukaiNr-frog_Bajiaying.xml,RukaiNr-frog_Bajiaying_S_51_W0,RukaiNr-frog_Bajiaying_S_51_W0M2,eng:RLS; zho:實現,,
remove_empty_morpheme,XML/Stories/Rukai/Rukai_RukaiNr-frog_Bajiaying.xml,RukaiNr-frog_Bajiaying_S_51_W0,RukaiNr-frog_Bajiaying_S_51_W0M3,eng:move; zho:移動,,
remove_empty_morpheme,XML/Stories/Rukai/Rukai_RukaiNr-frog_Bajiaying.xml,RukaiNr-frog_Bajiaying_S_58_W1,RukaiNr-frog_Bajiaying_S_58_W1M4,eng:move; zho:動,,
remove_empty_morpheme,XML/Stories/Rukai/Rukai_RukaiNr-frog_Bajiaying.xml,RukaiNr-frog_Bajiaying_S_58_W1,RukaiNr-frog_Bajiaying_S_58_W1M5,eng:PFV; zho:完成貌,,
remove_empty_morpheme,XML/Stories/Rukai/Rukai_RukaiNr-frog_Baqingyi.xml,RukaiNr-frog_Baqingyi_S_6_W3,RukaiNr-frog_Baqingyi_S_6_W3M2,eng:str; zho:勒住,,
remove_empty_morpheme,XML/Stories/Rukai/Rukai_RukaiNr-frog_Baqingyi.xml,RukaiNr-frog_Baqingyi_S_6_W3,RukaiNr-frog_Baqingyi_S_6_W3M3,eng:angle,,
remove_empty_morpheme,XML/Stories/Rukai/Rukai_RukaiNr-frog_Baqingyi.xml,RukaiNr-frog_Baqingyi_S_36_W3,RukaiNr-frog_Baqingyi_S_36_W3M5,eng:<RED>happy; zho:<重疊>開心,,
remove_empty_morpheme,XML/Stories/Rukai/Rukai_RukaiNr-frog_Baqingyi.xml,RukaiNr-frog_Baqingyi_S_36_W3,RukaiNr-frog_Baqingyi_S_36_W3M6,eng:PFV; zho:完成貌,,
remove_empty_morpheme,XML/Stories/Rukai/Rukai_RukaiNr-frog_Kainguane.xml,RukaiNr-frog_Kainguane_S_1_W1,RukaiNr-frog_Kainguane_S_1_W1M2,eng:RLS; zho:實現,,
remove_empty_morpheme,XML/Stories/Rukai/Rukai_RukaiNr-frog_Kainguane.xml,RukaiNr-frog_Kainguane_S_1_W1,RukaiNr-frog_Kainguane_S_1_W1M3,eng:this; zho:這個,,
remove_empty_morpheme,XML/Stories/Rukai/Rukai_RukaiNr-frog_Legeai.xml,RukaiNr-frog_Legeai_S_30_W8,RukaiNr-frog_Legeai_S_30_W8M2,eng:horn; zho:角,,
remove_empty_morpheme,XML/Stories/Rukai/Rukai_RukaiNr-frog_Legeai.xml,RukaiNr-frog_Legeai_S_30_W8,RukaiNr-frog_Legeai_S_30_W8M3,eng:NMLZ; zho:名物化,,
remove_empty_morpheme,XML/Stories/Rukai/Rukai_RukaiNr-frog_Legeai.xml,RukaiNr-frog_Legeai_S_39_W6,RukaiNr-frog_Legeai_S_39_W6M2,eng:be; zho:是,,
remove_empty_morpheme,XML/Stories/Rukai/Rukai_RukaiNr-frog_Legeai.xml,RukaiNr-frog_Legeai_S_48_W1,RukaiNr-frog_Legeai_S_48_W1M2,eng:NEG; zho:否定,,
remove_empty_morpheme,XML/Stories/Rukai/Rukai_RukaiNr-frog_Legeai.xml,RukaiNr-frog_Legeai_S_51_W7,RukaiNr-frog_Legeai_S_51_W7M4,eng:escape; zho:脫險,,
remove_empty_morpheme,XML/Stories/Rukai/Rukai_RukaiNr-frog_Tuku.xml,RukaiNr-frog_Tuku_S_17_W0,RukaiNr-frog_Tuku_S_17_W0M2,eng:ki; zho:PASS,,
remove_empty_morpheme,XML/Stories/Rukai/Rukai_RukaiNr-frog_Tuku.xml,RukaiNr-frog_Tuku_S_17_W0,RukaiNr-frog_Tuku_S_17_W0M3,eng:a; zho:RLS,,
remove_empty_morpheme,XML/Stories/Rukai/Rukai_RukaiNr-frog_Tuku.xml,RukaiNr-frog_Tuku_S_17_W0,RukaiNr-frog_Tuku_S_17_W0M4,eng:langedre; zho:sting,,
remove_empty_morpheme,XML/Stories/Rukai/Rukai_RukaiNr-frog_Tuku.xml,RukaiNr-frog_Tuku_S_56_W12,RukaiNr-frog_Tuku_S_56_W12M2,eng:3P.BG; zho:第三人稱單數.附著屬格,,
remove_empty_morpheme,XML/Stories/Rukai/Rukai_RukaiNr-frog_Waecacane.xml,RukaiNr-frog_Waecacane_S_29_W1,RukaiNr-frog_Waecacane_S_29_W1M2,eng:ana; zho:not.yet,,
remove_empty_morpheme,XML/Stories/Rukai/Rukai_RukaiNr-frog_Waecacane.xml,RukaiNr-frog_Waecacane_S_35_W2,RukaiNr-frog_Waecacane_S_35_W2M2,eng:a; zho:RLS,,
remove_empty_morpheme,XML/Stories/Rukai/Rukai_RukaiNr-frog_Waecacane.xml,RukaiNr-frog_Waecacane_S_35_W2,RukaiNr-frog_Waecacane_S_35_W2M3,eng:ceke; zho:RED,,
remove_empty_morpheme,XML/Stories/Rukai/Rukai_RukaiNr-frog_Waecacane.xml,RukaiNr-frog_Waecacane_S_35_W2,RukaiNr-frog_Waecacane_S_35_W2M4,eng:cekele; zho:tribe,,
remove_empty_morpheme,XML/Stories/Rukai/Rukai_RukaiNr-frog_Waecacane.xml,RukaiNr-frog_Waecacane_S_39_W0,RukaiNr-frog_Waecacane_S_39_W0M2,eng:PFV; zho:完成貌,,
remove_empty_morpheme,XML/Stories/Rukai/Rukai_RukaiNr-frog_salrabu.xml,RukaiNr-frog_salrabu_S_14_W1,RukaiNr-frog_salrabu_S_14_W1M4,zho:離開,,
remove_empty_morpheme,XML/Stories/Rukai/Rukai_RukaiNr-frog_salrabu.xml,RukaiNr-frog_salrabu_S_30_W19,RukaiNr-frog_salrabu_S_30_W19M3,eng:watch; zho:看,,
remove_empty_morpheme,XML/Stories/Rukai/Rukai_RukaiNr-marriage ceremony_taugadha.xml,RukaiNr-marriage ceremony_taugadha_S_4_W8,RukaiNr-marriage ceremony_taugadha_S_4_W8M5,eng:NMLZ; zho:名物化,,
remove_empty_morpheme,XML/Stories/Rukai/Rukai_RukaiNr-marriage ceremony_taugadha.xml,RukaiNr-marriage ceremony_taugadha_S_6_W1,RukaiNr-marriage ceremony_taugadha_S_6_W1M2,eng:go; zho:去,,
remove_empty_morpheme,XML/Stories/Rukai/Rukai_RukaiNr-marriage ceremony_taugadha.xml,RukaiNr-marriage ceremony_taugadha_S_6_W5,RukaiNr-marriage ceremony_taugadha_S_6_W5M2,eng:female; zho:女生,,
remove_empty_morpheme,XML/Stories/Rukai/Rukai_RukaiNr-marriage ceremony_taugadha.xml,RukaiNr-marriage ceremony_taugadha_S_6_W5,RukaiNr-marriage ceremony_taugadha_S_6_W5M3,eng:NMLZ; zho:名物化,,
remove_empty_morpheme,XML/Stories/Rukai/Rukai_RukaiNr-marriage ceremony_taugadha.xml,RukaiNr-marriage ceremony_taugadha_S_8_W6,RukaiNr-marriage ceremony_taugadha_S_8_W6M5,eng:NMLZ; zho:名物化,,
remove_empty_morpheme,XML/Stories/Rukai/Rukai_RukaiNr-marriage ceremony_taugadha.xml,RukaiNr-marriage ceremony_taugadha_S_9_W1,RukaiNr-marriage ceremony_taugadha_S_9_W1M5,eng:NMLZ; zho:名物化,,
remove_empty_morpheme,XML/Stories/Rukai/Rukai_RukaiNr-marriage ceremony_taugadha.xml,RukaiNr-marriage ceremony_taugadha_S_10_W2,RukaiNr-marriage ceremony_taugadha_S_10_W2M5,eng:NMLZ; zho:名物化,,
remove_empty_morpheme,XML/Stories/Rukai/Rukai_RukaiNr-marriage ceremony_taugadha.xml,RukaiNr-marriage ceremony_taugadha_S_11_W2,RukaiNr-marriage ceremony_taugadha_S_11_W2M5,eng:NMLZ; zho:名物化,,
remove_empty_morpheme,XML/Stories/Rukai/Rukai_RukaiNr-marriage ceremony_taugadha.xml,RukaiNr-marriage ceremony_taugadha_S_13_W2,RukaiNr-marriage ceremony_taugadha_S_13_W2M5,eng:NMLZ; zho:名物化,,
remove_empty_morpheme,XML/Stories/Rukai/Rukai_RukaiNr-marriage ceremony_taugadha.xml,RukaiNr-marriage ceremony_taugadha_S_15_W6,RukaiNr-marriage ceremony_taugadha_S_15_W6M5,eng:NMLZ; zho:名物化,,
remove_empty_morpheme,XML/Stories/Rukai/Rukai_RukaiNr-marriage ceremony_taugadha.xml,RukaiNr-marriage ceremony_taugadha_S_16_W2,RukaiNr-marriage ceremony_taugadha_S_16_W2M5,eng:NMLZ; zho:名物化,,
remove_empty_morpheme,XML/Stories/Rukai/Rukai_RukaiNr-marriage ceremony_taugadha.xml,RukaiNr-marriage ceremony_taugadha_S_16_W8,RukaiNr-marriage ceremony_taugadha_S_16_W8M4,zho:說,,
remove_empty_morpheme,XML/Stories/Rukai/Rukai_RukaiNr-marriage ceremony_taugadha.xml,RukaiNr-marriage ceremony_taugadha_S_37_W3,RukaiNr-marriage ceremony_taugadha_S_37_W3M4,eng:PFV; zho:完成,,
remove_empty_morpheme,XML/Stories/Rukai/Rukai_RukaiNr-marriage ceremony_taugadha.xml,RukaiNr-marriage ceremony_taugadha_S_54_W7,RukaiNr-marriage ceremony_taugadha_S_54_W7M2,eng:NMLZ; zho:名物化,,
remove_empty_morpheme,XML/Stories/Rukai/Rukai_RukaiNr-marriage ceremony_taugadha.xml,RukaiNr-marriage ceremony_taugadha_S_54_W7,RukaiNr-marriage ceremony_taugadha_S_54_W7M3,eng:home; zho:家,,
remove_empty_morpheme,XML/Stories/Rukai/Rukai_RukaiNr-marriage ceremony_taugadha.xml,RukaiNr-marriage ceremony_taugadha_S_54_W7,RukaiNr-marriage ceremony_taugadha_S_54_W7M4,eng:NMLZ; zho:名物化,,
remove_empty_morpheme,XML/Stories/Rukai/Rukai_RukaiNr-marriage ceremony_taugadha.xml,RukaiNr-marriage ceremony_taugadha_S_58_W5,RukaiNr-marriage ceremony_taugadha_S_58_W5M4,zho:完成,,
remove_empty_morpheme,XML/Stories/Rukai/Rukai_RukaiNr-marriage ceremony_taugadha.xml,RukaiNr-marriage ceremony_taugadha_S_64_W2,RukaiNr-marriage ceremony_taugadha_S_64_W2M2,eng:put; zho:放,,
remove_empty_morpheme,XML/Stories/Rukai/Rukai_RukaiNr-marriage ceremony_taugadha.xml,RukaiNr-marriage ceremony_taugadha_S_91_W5,RukaiNr-marriage ceremony_taugadha_S_91_W5M3,zho:第三人稱單數.附著屬格,,
remove_empty_morpheme,XML/Stories/Rukai/Rukai_RukaiNr-naming_taugadhu.xml,RukaiNr-naming_taugadhu_S_15_W18,RukaiNr-naming_taugadhu_S_15_W18M2,eng:1P(EX).BN; zho:第一人稱複數(排除).附著主格,,
remove_empty_morpheme,XML/Stories/Rukai/Rukai_RukaiNr-naming_taugadhu.xml,RukaiNr-naming_taugadhu_S_15_W20,RukaiNr-naming_taugadhu_S_15_W20M2,eng:who; zho:誰,,
remove_empty_morpheme,XML/Stories/Rukai/Rukai_RukaiNr-naming_taugadhu.xml,RukaiNr-naming_taugadhu_S_31_W11,RukaiNr-naming_taugadhu_S_31_W11M2,zho:斜格,,
remove_empty_morpheme,XML/Stories/Rukai/Rukai_RukaiNr-naming_taugadhu.xml,RukaiNr-naming_taugadhu_S_46_W15,RukaiNr-naming_taugadhu_S_46_W15M5,eng:1P(IN).BG,,
remove_empty_morpheme,XML/Stories/Rukai/Rukai_RukaiNr-naming_taugadhu.xml,RukaiNr-naming_taugadhu_S_60_W2,RukaiNr-naming_taugadhu_S_60_W2M4,zho:平民,,
remove_empty_morpheme,XML/Stories/Rukai/Rukai_RukaiNr-naming_taugadhu.xml,RukaiNr-naming_taugadhu_S_60_W2,RukaiNr-naming_taugadhu_S_60_W2M5,zho:第二人稱單數.附著主格,,
remove_empty_morpheme,XML/Stories/Rukai/Rukai_RukaiNr-pear_Kainguane.xml,RukaiNr-pear_Kainguane_S_14_W2,RukaiNr-pear_Kainguane_S_14_W2M2,zho:完成,,
remove_empty_morpheme,XML/Stories/Rukai/Rukai_RukaiNr-pear_Legeai.xml,RukaiNr-pear_Legeai_S_15_W1,RukaiNr-pear_Legeai_S_15_W1M3,eng:pick; zho:撿,,
remove_empty_morpheme,XML/Stories/Rukai/Rukai_RukaiNr-pear_Legeai.xml,RukaiNr-pear_Legeai_S_15_W1,RukaiNr-pear_Legeai_S_15_W1M4,eng:PFV; zho:完成,,
remove_empty_morpheme,XML/Stories/Rukai/Rukai_RukaiNr-pear_Legeai.xml,RukaiNr-pear_Legeai_S_18_W11,RukaiNr-pear_Legeai_S_18_W11M3,eng:fall; zho:跌倒,,
remove_empty_morpheme,XML/Stories/Rukai/Rukai_RukaiNr-pear_ba ching-i.xml,RukaiNr-pear_ba ching-i_S_8_W1,RukaiNr-pear_ba ching-i_S_8_W1M3,zho:甚麼,,
remove_empty_morpheme,XML/Stories/Rukai/Rukai_RukaiNr-pear_ba ching-i.xml,RukaiNr-pear_ba ching-i_S_8_W1,RukaiNr-pear_ba ching-i_S_8_W1M4,zho:第一人稱單數.附著屬格,,
remove_empty_morpheme,XML/Stories/Rukai/Rukai_RukaiNr-pear_salrabu.xml,RukaiNr-pear_salrabu_S_8_W1,RukaiNr-pear_salrabu_S_8_W1M3,zho:撞,,
remove_empty_morpheme,XML/Stories/Rukai/Rukai_RukaiNr-pear_tagas.xml,RukaiNr-pear_tagas_S_3_W7,RukaiNr-pear_tagas_S_3_W7M3,zho:重疊,,
remove_empty_morpheme,XML/Stories/Rukai/Rukai_RukaiNr-pear_wauki.xml,RukaiNr-pear_wauki_S_10_W8,RukaiNr-pear_wauki_S_10_W8M4,zho:撞,,
remove_empty_morpheme,XML/Stories/Rukai/Rukai_RukaiNr-pear_wauki.xml,RukaiNr-pear_wauki_S_14_W0,RukaiNr-pear_wauki_S_14_W0M2,eng:pity; zho:可憐,,
remove_empty_morpheme,XML/Stories/Rukai/Rukai_RukaiNr-pear_wauki.xml,RukaiNr-pear_wauki_S_31_W6,RukaiNr-pear_wauki_S_31_W6M4,eng:<RED>steal; zho:偷,,
remove_empty_morpheme,XML/Stories/Rukai/Rukai_RukaiNr-princess balenge_balenge.xml,RukaiNr-princess balenge_balenge_S_13_W8,RukaiNr-princess balenge_balenge_S_13_W8M2,eng:working,,
remove_empty_morpheme,XML/Stories/Rukai/Rukai_RukaiNr-princess balenge_balenge.xml,RukaiNr-princess balenge_balenge_S_26_W16,RukaiNr-princess balenge_balenge_S_26_W16M2,eng:working,,
remove_empty_morpheme,XML/Stories/Rukai/Rukai_RukaiNr-princess balenge_balenge.xml,RukaiNr-princess balenge_balenge_S_33_W3,RukaiNr-princess balenge_balenge_S_33_W3M3,eng:FIL; zho:填補詞,,
remove_empty_morpheme,XML/Stories/Rukai/Rukai_RukaiNr-princess balenge_balenge.xml,RukaiNr-princess balenge_balenge_S_38_W13,RukaiNr-princess balenge_balenge_S_38_W13M3,eng:father; zho:爸爸,,
remove_empty_morpheme,XML/Stories/Rukai/Rukai_RukaiNr-princess balenge_balenge.xml,RukaiNr-princess balenge_balenge_S_38_W13,RukaiNr-princess balenge_balenge_S_38_W13M4,eng:3S.BG; zho:第三人稱單數.附著屬格,,
remove_empty_morpheme,XML/Stories/Rukai/Rukai_RukaiNr-princess balenge_balenge.xml,RukaiNr-princess balenge_balenge_S_61_W0,RukaiNr-princess balenge_balenge_S_61_W0M5,zho:第二人稱單數.附著主格,,
remove_empty_morpheme,XML/Stories/Rukai/Rukai_RukaiNr-princess balenge_balenge.xml,RukaiNr-princess balenge_balenge_S_68_W8,RukaiNr-princess balenge_balenge_S_68_W8M2,eng:snake; zho:蛇,,
remove_empty_morpheme,XML/Stories/Rukai/Rukai_RukaiNr-swing_taugadhu.xml,RukaiNr-swing_taugadhu_S_34_W4,RukaiNr-swing_taugadhu_S_34_W4M2,eng:RED; zho:重疊,,
remove_empty_morpheme,XML/Stories/Rukai/Rukai_RukaiNr-swing_taugadhu.xml,RukaiNr-swing_taugadhu_S_34_W4,RukaiNr-swing_taugadhu_S_34_W4M3,eng:NMLZ; zho:名物化,,
remove_empty_morpheme,XML/Stories/Rukai/Rukai_RukaiNr-swing_taugadhu.xml,RukaiNr-swing_taugadhu_S_34_W4,RukaiNr-swing_taugadhu_S_34_W4M4,eng:3S.BG; zho:第三人稱單數.附著屬格.,,
remove_empty_morpheme,XML/Stories/Rukai/Rukai_RukaiNr-swing_taugadhu.xml,RukaiNr-swing_taugadhu_S_56_W2,RukaiNr-swing_taugadhu_S_56_W2M2,eng:swing2S.BN; zho:盪鞦韆,,
remove_empty_morpheme,XML/Stories/Rukai/Rukai_RukaiNr-swing_taugadhu.xml,RukaiNr-swing_taugadhu_S_56_W2,RukaiNr-swing_taugadhu_S_56_W2M3,zho:第二人稱單數.附著主格,,
remove_empty_morpheme,XML/Stories/Rukai/Rukai_RukaiNr-swing_taugadhu.xml,RukaiNr-swing_taugadhu_S_60_W4,RukaiNr-swing_taugadhu_S_60_W4M2,eng:RED; zho:重疊,,
remove_empty_morpheme,XML/Stories/Rukai/Rukai_RukaiNr-work by men and women_taugadhu.xml,RukaiNr-work by men and women_taugadhu_S_20_W1,RukaiNr-work by men and women_taugadhu_S_20_W1M4,eng:eat; zho:吃,,
remove_empty_morpheme,XML/Stories/Rukai/Rukai_RukaiNr-work by men and women_taugadhu.xml,RukaiNr-work by men and women_taugadhu_S_65_W14,RukaiNr-work by men and women_taugadhu_S_65_W14M6,eng:<RED>; zho:<重疊>,,
remove_empty_morpheme,XML/Stories/Rukai/Rukai_RukaiNr-work by men and women_taugadhu.xml,RukaiNr-work by men and women_taugadhu_S_65_W14,RukaiNr-work by men and women_taugadhu_S_65_W14M7,eng:touch; zho:碰,,
remove_empty_morpheme,XML/Stories/Saisiyat/Saisiyat_SaiNr-flood_waon a boong.xml,SaiNr-flood_waon a boong_S_39_W6,SaiNr-flood_waon a boong_S_39_W6M2,eng:rain; zho:下雨,,
remove_empty_morpheme,XML/Stories/Saisiyat/Saisiyat_SaiNr-flood_waon a boong.xml,SaiNr-flood_waon a boong_S_61_W2,SaiNr-flood_waon a boong_S_61_W2M2,eng:get,,
remove_empty_morpheme,XML/Stories/Saisiyat/Saisiyat_SaiNr-frog3_'oemaw_a_basi'.xml,SaiNr-frog3_'oemaw_a_basi'_S_10_W4,SaiNr-frog3_'oemaw_a_basi'_S_10_W4M2,zho:起來,,
remove_empty_morpheme,XML/Stories/Saisiyat/Saisiyat_SaiNr-frog5__awi_ a basi_.xml,SaiNr-frog5__awi_ a basi__S_38_W0,SaiNr-frog5__awi_ a basi__S_38_W0M2,eng:many,,
remove_empty_morpheme,XML/Stories/Saisiyat/Saisiyat_SaiNr-frog6_kalaeh a _oemaw.xml,SaiNr-frog6_kalaeh a _oemaw_S_41_W5,SaiNr-frog6_kalaeh a _oemaw_S_41_W5M2,zho:上去,,
remove_empty_morpheme,XML/Stories/Saisiyat/Saisiyat_SaiNr-holiday_kalaeh a _oemaw.xml,SaiNr-holiday_kalaeh a _oemaw_S_96_W52,SaiNr-holiday_kalaeh a _oemaw_S_96_W52M2,eng:PF; zho:受焦,,
remove_empty_morpheme,XML/Stories/Saisiyat/Saisiyat_SaiNr-kathethel2_kalaeh a oemaw.xml,SaiNr-kathethel2_kalaeh a oemaw_S_6_W1,SaiNr-kathethel2_kalaeh a oemaw_S_6_W1M2,zho:打獵,,
remove_empty_morpheme,XML/Stories/Saisiyat/Saisiyat_SaiNr-kathethel2_kalaeh a oemaw.xml,SaiNr-kathethel2_kalaeh a oemaw_S_9_W11,SaiNr-kathethel2_kalaeh a oemaw_S_9_W11M2,zho:煮,,
remove_empty_morpheme,XML/Stories/Saisiyat/Saisiyat_SaiNr-kathethel2_kalaeh a oemaw.xml,SaiNr-kathethel2_kalaeh a oemaw_S_12_W11,SaiNr-kathethel2_kalaeh a oemaw_S_12_W11M2,eng:PF; zho:受焦,,
remove_empty_morpheme,XML/Stories/Saisiyat/Saisiyat_SaiNr-kathethel2_kalaeh a oemaw.xml,SaiNr-kathethel2_kalaeh a oemaw_S_16_W8,SaiNr-kathethel2_kalaeh a oemaw_S_16_W8M2,zho:煮,,
remove_empty_morpheme,XML/Stories/Saisiyat/Saisiyat_SaiNr-kathethel2_kalaeh a oemaw.xml,SaiNr-kathethel2_kalaeh a oemaw_S_91_W14,SaiNr-kathethel2_kalaeh a oemaw_S_91_W14M2,eng:to,,
remove_empty_morpheme,XML/Stories/Saisiyat/Saisiyat_SaiNr-kathethel2_kalaeh a oemaw.xml,SaiNr-kathethel2_kalaeh a oemaw_S_91_W14,SaiNr-kathethel2_kalaeh a oemaw_S_91_W14M3,eng:be,,
remove_empty_morpheme,XML/Stories/Saisiyat/Saisiyat_SaiNr-kathethel2_kalaeh a oemaw.xml,SaiNr-kathethel2_kalaeh a oemaw_S_145_W9,SaiNr-kathethel2_kalaeh a oemaw_S_145_W9M2,zho:見,,
remove_empty_morpheme,XML/Stories/Saisiyat/Saisiyat_SaiNr-kathethel_parain a _oemaw.xml,SaiNr-kathethel_parain a _oemaw_S_46_W1,SaiNr-kathethel_parain a _oemaw_S_46_W1M2,zho:最後有結果,,
remove_empty_morpheme,XML/Stories/Saisiyat/Saisiyat_SaiNr-kathethel_parain a _oemaw.xml,SaiNr-kathethel_parain a _oemaw_S_56_W6,SaiNr-kathethel_parain a _oemaw_S_56_W6M3,eng:two; zho:兩,,
remove_empty_morpheme,XML/Stories/Saisiyat/Saisiyat_SaiNr-kathethel_parain a _oemaw.xml,SaiNr-kathethel_parain a _oemaw_S_58_W4,SaiNr-kathethel_parain a _oemaw_S_58_W4M3,eng:two; zho:兩,,
remove_empty_morpheme,XML/Stories/Saisiyat/Saisiyat_SaiNr-life_waon a boong.xml,SaiNr-life_waon a boong_S_7_W5,SaiNr-life_waon a boong_S_7_W5M2,eng:AF.eat; zho:主焦.吃,,
remove_empty_morpheme,XML/Stories/Saisiyat/Saisiyat_SaiNr-life_waon a boong.xml,SaiNr-life_waon a boong_S_94_W1,SaiNr-life_waon a boong_S_94_W1M3,zho:名物化,,
remove_empty_morpheme,XML/Stories/Saisiyat/Saisiyat_SaiNr-life_waon a boong.xml,SaiNr-life_waon a boong_S_108_W10,SaiNr-life_waon a boong_S_108_W10M2,eng:PF; zho:受焦,,
remove_empty_morpheme,XML/Stories/Saisiyat/Saisiyat_SaiNr-life_waon a boong.xml,SaiNr-life_waon a boong_S_146_W1,SaiNr-life_waon a boong_S_146_W1M3,eng:POSS; zho:所有格,,
remove_empty_morpheme,XML/Stories/Saisiyat/Saisiyat_SaiNr-pear4_tosi_ masin.xml,SaiNr-pear4_tosi_ masin_S_28_W16,SaiNr-pear4_tosi_ masin_S_28_W16M2,zho:倒下,,
remove_empty_morpheme,XML/Stories/Saisiyat/Saisiyat_Sainr-frog4_lalo a tahaeS.xml,Sainr-frog4_lalo a tahaeS_S_41_W8,Sainr-frog4_lalo a tahaeS_S_41_W8M2,eng:hang; zho:吊,,
remove_empty_morpheme,XML/Stories/Sakizaya/Sakizaya_skzyNr-class_sinay.xml,skzyNr-class_sinay_S_21_W11,skzyNr-class_sinay_S_21_W11M2,eng:necked.pheasant,,
remove_empty_morpheme,XML/Stories/Sakizaya/Sakizaya_skzyNr-class_sinay.xml,skzyNr-class_sinay_S_21_W14,skzyNr-class_sinay_S_21_W14M2,eng:necked.pheasant,,
remove_empty_morpheme,XML/Stories/Sakizaya/Sakizaya_skzyNr-class_sinay.xml,skzyNr-class_sinay_S_57_W3,skzyNr-class_sinay_S_57_W3M2,eng:FAC; zho:FAC,,
remove_empty_morpheme,XML/Stories/Sakizaya/Sakizaya_skzyNr-class_sinay.xml,skzyNr-class_sinay_S_65_W5,skzyNr-class_sinay_S_65_W5M3,eng:FAC; zho:FAC,,
remove_empty_morpheme,XML/Stories/Sakizaya/Sakizaya_skzyNr-class_sinay.xml,skzyNr-class_sinay_S_71_W2,skzyNr-class_sinay_S_71_W2M2,eng:PFV; zho:完成貌,,
remove_empty_morpheme,XML/Stories/Sakizaya/Sakizaya_skzyNr-class_sinay.xml,skzyNr-class_sinay_S_72_W2,skzyNr-class_sinay_S_72_W2M2,eng:PFV; zho:完成貌,,
remove_empty_morpheme,XML/Stories/Sakizaya/Sakizaya_skzyNr-frog_bunuk.xml,skzyNr-frog_bunuk_S_5_W5,skzyNr-frog_bunuk_S_5_W5M2,eng:PREP; zho:介系詞,,
remove_empty_morpheme,XML/Stories/Sakizaya/Sakizaya_skzyNr-frog_dungi.xml,skzyNr-frog_dungi_S_44_W0,skzyNr-frog_dungi_S_44_W0M3,eng:PFV; zho:完成貌,,
remove_empty_morpheme,XML/Stories/Sakizaya/Sakizaya_skzyNr-maibol_Panay.xml,skzyNr-maibol_Panay_S_2_W1,skzyNr-maibol_Panay_S_2_W1M2,eng:this.way; zho:這樣,,
remove_empty_morpheme,XML/Stories/Sakizaya/Sakizaya_skzyNr-palamal_kaniw.xml,skzyNr-palamal_kaniw_S_103_W8,skzyNr-palamal_kaniw_S_103_W8M3,eng:PFV; zho:完成貌,,
remove_empty_morpheme,XML/Stories/Sakizaya/Sakizaya_skzyNr-pear_bunuk.xml,skzyNr-pear_bunuk_S_39_W4,skzyNr-pear_bunuk_S_39_W4M2,eng:give; zho:給,,
remove_empty_morpheme,XML/Stories/Sakizaya/Sakizaya_skzyNr-pear_bunuk.xml,skzyNr-pear_bunuk_S_39_W4,skzyNr-pear_bunuk_S_39_W4M3,eng:PF; zho:受焦,,
remove_empty_morpheme,XML/Stories/Sakizaya/Sakizaya_skzyNr-pear_bunuk.xml,skzyNr-pear_bunuk_S_56_W8,skzyNr-pear_bunuk_S_56_W8M3,eng:PFV; zho:完成貌,,
remove_empty_morpheme,XML/Stories/Sakizaya/Sakizaya_skzyNr-sapat_Panay.xml,skzyNr-sapat_Panay_S_4_W5,skzyNr-sapat_Panay_S_4_W5M3,"eng:,",,
remove_empty_morpheme,XML/Stories/Sakizaya/Sakizaya_skzyNr-tribalhistory_sinay.xml,skzyNr-tribalhistory_sinay_S_2_W4,skzyNr-tribalhistory_sinay_S_2_W4M2,eng:PF; zho:受焦,,
remove_empty_morpheme,XML/Stories/Sakizaya/Sakizaya_skzyNr-tribalhistory_sinay.xml,skzyNr-tribalhistory_sinay_S_2_W9,skzyNr-tribalhistory_sinay_S_2_W9M2,eng:that; zho:那個,,
remove_empty_morpheme,XML/Stories/Sakizaya/Sakizaya_skzyNr-tribalhistory_sinay.xml,skzyNr-tribalhistory_sinay_S_13_W5,skzyNr-tribalhistory_sinay_S_13_W5M2,eng:three; zho:三,,
remove_empty_morpheme,XML/Stories/Sakizaya/Sakizaya_skzyNr-tribalhistory_sinay.xml,skzyNr-tribalhistory_sinay_S_13_W5,skzyNr-tribalhistory_sinay_S_13_W5M3,eng:NMZ; zho:名物化,,
remove_empty_morpheme,XML/Stories/Sakizaya/Sakizaya_skzyNr-tribalhistory_sinay.xml,skzyNr-tribalhistory_sinay_S_13_W5,skzyNr-tribalhistory_sinay_S_13_W5M4,eng:PFV; zho:完成貌,,
remove_empty_morpheme,XML/Stories/Sakizaya/Sakizaya_skzyNr-tribalhistory_sinay.xml,skzyNr-tribalhistory_sinay_S_13_W13,skzyNr-tribalhistory_sinay_S_13_W13M2,eng:night; zho:夜晚,,
remove_empty_morpheme,XML/Stories/Sakizaya/Sakizaya_skzyNr-tribalhistory_sinay.xml,skzyNr-tribalhistory_sinay_S_16_W5,skzyNr-tribalhistory_sinay_S_16_W5M2,eng:LF; zho:處焦,,
remove_empty_morpheme,XML/Stories/Sakizaya/Sakizaya_skzyNr-tribalhistory_sinay.xml,skzyNr-tribalhistory_sinay_S_95_W1,skzyNr-tribalhistory_sinay_S_95_W1M2,eng:make; zho:做,,
remove_empty_morpheme,XML/Stories/Sakizaya/Sakizaya_skzyNr-tribalhistory_sinay.xml,skzyNr-tribalhistory_sinay_S_110_W4,skzyNr-tribalhistory_sinay_S_110_W4M2,eng:come.here; zho:來這裡,,
remove_empty_morpheme,XML/Stories/Sakizaya/Sakizaya_skzyNr-tribalhistory_sinay.xml,skzyNr-tribalhistory_sinay_S_153_W9,skzyNr-tribalhistory_sinay_S_153_W9M2,eng:three; zho:三,,
remove_empty_morpheme,XML/Stories/Sakizaya/Sakizaya_skzyNr-tribalhistory_sinay.xml,skzyNr-tribalhistory_sinay_S_166_W1,skzyNr-tribalhistory_sinay_S_166_W1M2,eng:climb; zho:爬,,
remove_empty_morpheme,XML/Stories/Sakizaya/Sakizaya_skzyNr-tribalhistory_sinay.xml,skzyNr-tribalhistory_sinay_S_166_W4,skzyNr-tribalhistory_sinay_S_166_W4M2,eng:look.down; zho:往下看,,
remove_empty_morpheme,XML/Stories/Sakizaya/Sakizaya_skzyNr-tribalhistory_sinay.xml,skzyNr-tribalhistory_sinay_S_167_W6,skzyNr-tribalhistory_sinay_S_167_W6M2,eng:that.way; zho:那樣子,,
remove_empty_morpheme,XML/Stories/Sakizaya/Sakizaya_skzyNr-tribalhistory_sinay.xml,skzyNr-tribalhistory_sinay_S_167_W6,skzyNr-tribalhistory_sinay_S_167_W6M3,eng:FAC; zho:表事實,,
remove_empty_morpheme,XML/Stories/Sakizaya/Sakizaya_skzyNr-tribalhistory_sinay.xml,skzyNr-tribalhistory_sinay_S_181_W1,skzyNr-tribalhistory_sinay_S_181_W1M2,eng:rob; zho:搶,,
remove_empty_morpheme,XML/Stories/Sakizaya/Sakizaya_skzyNr-tribalhistory_sinay.xml,skzyNr-tribalhistory_sinay_S_181_W8,skzyNr-tribalhistory_sinay_S_181_W8M4,eng:NMZ; zho:名物化,,
remove_empty_morpheme,XML/Stories/Sakizaya/Sakizaya_skzyNr-tribalhistory_sinay.xml,skzyNr-tribalhistory_sinay_S_181_W9,skzyNr-tribalhistory_sinay_S_181_W9M3,eng:NMZ; zho:名物化,,
remove_empty_morpheme,XML/Stories/Seediq/Seediq_sdqCon-dialog1_ciwas_tiwas 2021s.xml,sdqCon-dialog1_ciwas_tiwas 2021s_S_0_W17,sdqCon-dialog1_ciwas_tiwas 2021s_S_0_W17M2,eng:pick.up; zho:迎接,,
remove_empty_morpheme,XML/Stories/Seediq/Seediq_sdqCon-dialog1_ciwas_tiwas 2021s.xml,sdqCon-dialog1_ciwas_tiwas 2021s_S_0_W19,sdqCon-dialog1_ciwas_tiwas 2021s_S_0_W19M2,eng:2SG.GEN; zho:2SG.屬格,,
remove_empty_morpheme,XML/Stories/Seediq/Seediq_sdqCon-dialog1_ciwas_tiwas 2021s.xml,sdqCon-dialog1_ciwas_tiwas 2021s_S_0_W23,sdqCon-dialog1_ciwas_tiwas 2021s_S_0_W23M2,eng:2SG.GEN; zho:2SG.屬格,,
remove_empty_morpheme,XML/Stories/Seediq/Seediq_sdqCon-dialog1_ciwas_tiwas 2021s.xml,sdqCon-dialog1_ciwas_tiwas 2021s_S_11_W3,sdqCon-dialog1_ciwas_tiwas 2021s_S_11_W3M4,zho:經過,,
remove_empty_morpheme,XML/Stories/Seediq/Seediq_sdqCon-dialog1_ciwas_tiwas 2021s.xml,sdqCon-dialog1_ciwas_tiwas 2021s_S_46_W4,sdqCon-dialog1_ciwas_tiwas 2021s_S_46_W4M2,eng:eat; zho:吃,,
remove_empty_morpheme,XML/Stories/Seediq/Seediq_sdqCon-dialog1_ciwas_tiwas 2021s.xml,sdqCon-dialog1_ciwas_tiwas 2021s_S_46_W7,sdqCon-dialog1_ciwas_tiwas 2021s_S_46_W7M2,eng:go; zho:去,,
remove_empty_morpheme,XML/Stories/Seediq/Seediq_sdqCon-dialog1_ciwas_tiwas 2021s.xml,sdqCon-dialog1_ciwas_tiwas 2021s_S_46_W9,sdqCon-dialog1_ciwas_tiwas 2021s_S_46_W9M2,eng:eat; zho:吃,,
remove_empty_morpheme,XML/Stories/Seediq/Seediq_sdqCon-dialog1_ciwas_tiwas 2021s.xml,sdqCon-dialog1_ciwas_tiwas 2021s_S_46_W13,sdqCon-dialog1_ciwas_tiwas 2021s_S_46_W13M2,eng:see,,
remove_empty_morpheme,XML/Stories/Seediq/Seediq_sdqCon-dialog1_ciwas_tiwas 2021s.xml,sdqCon-dialog1_ciwas_tiwas 2021s_S_49_W8,sdqCon-dialog1_ciwas_tiwas 2021s_S_49_W8M2,eng:together; zho:一起,,
remove_empty_morpheme,XML/Stories/Seediq/Seediq_sdqCon-dialog1_ciwas_tiwas 2021s.xml,sdqCon-dialog1_ciwas_tiwas 2021s_S_49_W8,sdqCon-dialog1_ciwas_tiwas 2021s_S_49_W8M3,eng:1EPL.NOM; zho:1EPL.主焦,,
remove_empty_morpheme,XML/Stories/Seediq/Seediq_sdqCon-dialog1_ciwas_tiwas 2021s.xml,sdqCon-dialog1_ciwas_tiwas 2021s_S_150_W2,sdqCon-dialog1_ciwas_tiwas 2021s_S_150_W2M3,eng:3SG.GEN; zho:3SG.屬格,,
remove_invalid_audio_alignment,XML/Stories/Seediq/Seediq_sdqCon-dialog1_ciwas_tiwas 2021s.xml,sdqCon-dialog1_ciwas_tiwas 2021s_S_142,sdqCon-dialog1_ciwas_tiwas 2021s_S142.mp3,,416.05,416.05
remove_empty_morpheme,XML/Stories/Seediq/Seediq_sdqCon-dialog2_ciwas_tiwas 2021s.xml,sdqCon-dialog2_ciwas_tiwas 2021s_S_14_W0,sdqCon-dialog2_ciwas_tiwas 2021s_S_14_W0M2,eng:2SG.NOM; zho:2SG.主格,,
remove_empty_morpheme,XML/Stories/Seediq/Seediq_sdqCon-dialog2_ciwas_tiwas 2021s.xml,sdqCon-dialog2_ciwas_tiwas 2021s_S_25_W6,sdqCon-dialog2_ciwas_tiwas 2021s_S_25_W6M2,eng:2SG.NOM; zho:2SG.主格,,
remove_empty_morpheme,XML/Stories/Seediq/Seediq_sdqCon-dialog2_ciwas_tiwas 2021s.xml,sdqCon-dialog2_ciwas_tiwas 2021s_S_47_W12,sdqCon-dialog2_ciwas_tiwas 2021s_S_47_W12M2,eng:be.at; zho:在,,
remove_empty_morpheme,XML/Stories/Seediq/Seediq_sdqCon-dialog2_ciwas_tiwas 2021s.xml,sdqCon-dialog2_ciwas_tiwas 2021s_S_57_W2,sdqCon-dialog2_ciwas_tiwas 2021s_S_57_W2M3,eng:beat; zho:打,,
remove_empty_morpheme,XML/Stories/Seediq/Seediq_sdqCon-dialog2_ciwas_tiwas 2021s.xml,sdqCon-dialog2_ciwas_tiwas 2021s_S_77_W5,sdqCon-dialog2_ciwas_tiwas 2021s_S_77_W5M3,eng:1EPL.GEN; zho:1EPL.屬格,,
remove_empty_morpheme,XML/Stories/Seediq/Seediq_sdqCon-dialog2_ciwas_tiwas 2021s.xml,sdqCon-dialog2_ciwas_tiwas 2021s_S_102_W1,sdqCon-dialog2_ciwas_tiwas 2021s_S_102_W1M2,eng:LF; zho:處焦,,
remove_empty_morpheme,XML/Stories/Seediq/Seediq_sdqCon-dialog2_ciwas_tiwas 2021s.xml,sdqCon-dialog2_ciwas_tiwas 2021s_S_105_W8,sdqCon-dialog2_ciwas_tiwas 2021s_S_105_W8M2,eng:PF.IMP; zho:受焦.祈使,,
remove_empty_morpheme,XML/Stories/Seediq/Seediq_sdqCon-dialog2_ciwas_tiwas 2021s.xml,sdqCon-dialog2_ciwas_tiwas 2021s_S_124_W2,sdqCon-dialog2_ciwas_tiwas 2021s_S_124_W2M2,eng:LF; zho:處焦,,
remove_empty_morpheme,XML/Stories/Seediq/Seediq_sdqCon-dialog2_ciwas_tiwas 2021s.xml,sdqCon-dialog2_ciwas_tiwas 2021s_S_160_W1,sdqCon-dialog2_ciwas_tiwas 2021s_S_160_W1M2,eng:LF; zho:處焦,,
remove_empty_morpheme,XML/Stories/Seediq/Seediq_sdqCon-dialog2_ciwas_tiwas 2021s.xml,sdqCon-dialog2_ciwas_tiwas 2021s_S_174_W1,sdqCon-dialog2_ciwas_tiwas 2021s_S_174_W1M3,eng:3PL.GEN; zho:3PL.屬格,,
remove_empty_morpheme,XML/Stories/Seediq/Seediq_sdqCon-dialog2_ciwas_tiwas 2021s.xml,sdqCon-dialog2_ciwas_tiwas 2021s_S_177_W8,sdqCon-dialog2_ciwas_tiwas 2021s_S_177_W8M3,eng:1IPL.GEN; zho:1IPL.屬格,,
remove_invalid_audio_alignment,XML/Stories/Seediq/Seediq_sdqCon-dialog2_ciwas_tiwas 2021s.xml,sdqCon-dialog2_ciwas_tiwas 2021s_S_111,sdqCon-dialog2_ciwas_tiwas 2021s_S111.mp3,,250.53,250.53
remove_invalid_audio_alignment,XML/Stories/Seediq/Seediq_sdqCon-dialog2_ciwas_tiwas 2021s.xml,sdqCon-dialog2_ciwas_tiwas 2021s_S_130,sdqCon-dialog2_ciwas_tiwas 2021s_S130.mp3,,291.74,291.74
remove_empty_morpheme,XML/Stories/Seediq/Seediq_sdqCon-dialog3_robo_bakan 2021s.xml,sdqCon-dialog3_robo_bakan 2021s_S_23_W12,sdqCon-dialog3_robo_bakan 2021s_S_23_W12M2,eng:1EPL.NOM; zho:1EPL.主焦,,
remove_invalid_audio_alignment,XML/Stories/Seediq/Seediq_sdqCon-dialog3_robo_bakan 2021s.xml,sdqCon-dialog3_robo_bakan 2021s_S_1,sdqCon-dialog3_robo_bakan 2021s_S1.mp3,,1.04,0.63
remove_empty_morpheme,XML/Stories/Seediq/Seediq_sdqCon-dialog4_robo_bakan_ape 2020s.xml,sdqCon-dialog4_robo_bakan_ape 2020s_S_24_W6,sdqCon-dialog4_robo_bakan_ape 2020s_S_24_W6M3,eng:1IPL.GEN; zho:1IPL.屬格,,
remove_empty_morpheme,XML/Stories/Seediq/Seediq_sdqCon-dialog4_robo_bakan_ape 2020s.xml,sdqCon-dialog4_robo_bakan_ape 2020s_S_35_W6,sdqCon-dialog4_robo_bakan_ape 2020s_S_35_W6M2,eng:dry; zho:乾燥,,
remove_empty_morpheme,XML/Stories/Seediq/Seediq_sdqCon-dialog4_robo_bakan_ape 2020s.xml,sdqCon-dialog4_robo_bakan_ape 2020s_S_42_W13,sdqCon-dialog4_robo_bakan_ape 2020s_S_42_W13M2,eng:sick; zho:生病,,
remove_empty_morpheme,XML/Stories/Seediq/Seediq_sdqCon-dialog4_robo_bakan_ape 2020s.xml,sdqCon-dialog4_robo_bakan_ape 2020s_S_45_W9,sdqCon-dialog4_robo_bakan_ape 2020s_S_45_W9M2,eng:LF.IRR; zho:處焦.非實現,,
remove_empty_morpheme,XML/Stories/Seediq/Seediq_sdqCon-dialog4_robo_bakan_ape 2020s.xml,sdqCon-dialog4_robo_bakan_ape 2020s_S_45_W9,sdqCon-dialog4_robo_bakan_ape 2020s_S_45_W9M3,eng:1IPL.GEN; zho:1IPL.屬格,,
remove_empty_morpheme,XML/Stories/Seediq/Seediq_sdqCon-dialog5_dakis_takun 2020s.xml,sdqCon-dialog5_dakis_takun 2020s_S_48_W3,sdqCon-dialog5_dakis_takun 2020s_S_48_W3M3,zho:去.未來,,
remove_empty_morpheme,XML/Stories/Seediq/Seediq_sdqCon-dialog5_dakis_takun 2020s.xml,sdqCon-dialog5_dakis_takun 2020s_S_48_W3,sdqCon-dialog5_dakis_takun 2020s_S_48_W3M4,zho:1SG.主格,,
remove_empty_morpheme,XML/Stories/Seediq/Seediq_sdqCon-dialog5_dakis_takun 2020s.xml,sdqCon-dialog5_dakis_takun 2020s_S_48_W4,sdqCon-dialog5_dakis_takun 2020s_S_48_W4M3,zho:去.未來,,
remove_empty_morpheme,XML/Stories/Seediq/Seediq_sdqCon-dialog5_dakis_takun 2020s.xml,sdqCon-dialog5_dakis_takun 2020s_S_48_W4,sdqCon-dialog5_dakis_takun 2020s_S_48_W4M4,zho:1SG.主格,,
remove_empty_morpheme,XML/Stories/Seediq/Seediq_sdqCon-dialog5_dakis_takun 2020s.xml,sdqCon-dialog5_dakis_takun 2020s_S_52_W0,sdqCon-dialog5_dakis_takun 2020s_S_52_W0M2,zho:去.未來,,
remove_empty_morpheme,XML/Stories/Seediq/Seediq_sdqCon-dialog5_dakis_takun 2020s.xml,sdqCon-dialog5_dakis_takun 2020s_S_60_W4,sdqCon-dialog5_dakis_takun 2020s_S_60_W4M3,eng:3SG.GEN; zho:3SG.屬格,,
remove_empty_morpheme,XML/Stories/Seediq/Seediq_sdqCon-dialog5_dakis_takun 2020s.xml,sdqCon-dialog5_dakis_takun 2020s_S_73_W6,sdqCon-dialog5_dakis_takun 2020s_S_73_W6M2,zho:碰撞,,
remove_empty_morpheme,XML/Stories/Seediq/Seediq_sdqCon-dialog5_dakis_takun 2020s.xml,sdqCon-dialog5_dakis_takun 2020s_S_77_W3,sdqCon-dialog5_dakis_takun 2020s_S_77_W3M5,zho:1SG.屬格,,
remove_empty_morpheme,XML/Stories/Seediq/Seediq_sdqCon-dialog5_dakis_takun 2020s.xml,sdqCon-dialog5_dakis_takun 2020s_S_78_W3,sdqCon-dialog5_dakis_takun 2020s_S_78_W3M2,eng:bring; zho:帶,,
remove_empty_morpheme,XML/Stories/Seediq/Seediq_sdqCon-dialog5_dakis_takun 2020s.xml,sdqCon-dialog5_dakis_takun 2020s_S_97_W1,sdqCon-dialog5_dakis_takun 2020s_S_97_W1M2,eng:come; zho:來,,
remove_invalid_audio_alignment,XML/Stories/Seediq/Seediq_sdqCon-dialog5_dakis_takun 2020s.xml,sdqCon-dialog5_dakis_takun 2020s_S_1,sdqCon-dialog5_dakis_takun 2020s_S1.mp3,,418.22,0.64
remove_empty_morpheme,XML/Stories/Seediq/Seediq_sdqCon-plum_uma_robo 2020s.xml,sdqCon-plum_uma_robo 2020s_S_10_W7,sdqCon-plum_uma_robo 2020s_S_10_W7M2,eng:2SG.GEN; zho:2SG.屬格,,
remove_empty_morpheme,XML/Stories/Seediq/Seediq_sdqNr-childhood_micang 2020s.xml,sdqNr-childhood_micang 2020s_S_73_W5,sdqNr-childhood_micang 2020s_S_73_W5M3,eng:diligent; zho:勤奮,,
remove_empty_morpheme,XML/Stories/Seediq/Seediq_sdqNr-childhood_micang 2020s.xml,sdqNr-childhood_micang 2020s_S_73_W5,sdqNr-childhood_micang 2020s_S_73_W5M4,eng:2SG.NOM; zho:2SG.主格,,
remove_empty_morpheme,XML/Stories/Seediq/Seediq_sdqNr-childhood_micang 2020s.xml,sdqNr-childhood_micang 2020s_S_80_W21,sdqNr-childhood_micang 2020s_S_80_W21M2,eng:fifth.grade; zho:五年級,,
remove_empty_morpheme,XML/Stories/Seediq/Seediq_sdqNr-childhood_micang 2020s.xml,sdqNr-childhood_micang 2020s_S_85_W6,sdqNr-childhood_micang 2020s_S_85_W6M2,eng:pass; zho:經過,,
remove_empty_morpheme,XML/Stories/Seediq/Seediq_sdqNr-childhood_micang 2020s.xml,sdqNr-childhood_micang 2020s_S_85_W6,sdqNr-childhood_micang 2020s_S_85_W6M3,eng:LF; zho:處焦,,
remove_empty_morpheme,XML/Stories/Seediq/Seediq_sdqNr-childhood_micang 2020s.xml,sdqNr-childhood_micang 2020s_S_85_W7,sdqNr-childhood_micang 2020s_S_85_W7M2,eng:1SG.GEN; zho:1SG.屬格,,
remove_empty_morpheme,XML/Stories/Seediq/Seediq_sdqNr-childhood_micang 2020s.xml,sdqNr-childhood_micang 2020s_S_90_W3,sdqNr-childhood_micang 2020s_S_90_W3M3,eng:1IPL.GEN; zho:1IPL.屬格,,
remove_empty_morpheme,XML/Stories/Seediq/Seediq_sdqNr-childhood_micang 2020s.xml,sdqNr-childhood_micang 2020s_S_91_W0,sdqNr-childhood_micang 2020s_S_91_W0M3,eng:1IPL.GEN; zho:1IPL.屬格,,
remove_empty_morpheme,XML/Stories/Seediq/Seediq_sdqNr-childhood_micang 2020s.xml,sdqNr-childhood_micang 2020s_S_96_W6,sdqNr-childhood_micang 2020s_S_96_W6M3,eng:1SG.GEN; zho:1SG.屬格,,
remove_empty_morpheme,XML/Stories/Seediq/Seediq_sdqNr-childhood_micang 2020s.xml,sdqNr-childhood_micang 2020s_S_97_W0,sdqNr-childhood_micang 2020s_S_97_W0M3,eng:1SG.GEN; zho:1SG.屬格,,
remove_empty_morpheme,XML/Stories/Seediq/Seediq_sdqNr-childhood_micang 2020s.xml,sdqNr-childhood_micang 2020s_S_98_W0,sdqNr-childhood_micang 2020s_S_98_W0M3,eng:1SG.NOM; zho:1SG.主格,,
remove_empty_morpheme,XML/Stories/Seediq/Seediq_sdqNr-childhood_micang 2020s.xml,sdqNr-childhood_micang 2020s_S_99_W1,sdqNr-childhood_micang 2020s_S_99_W1M3,eng:1SG.NOM; zho:1SG.主格,,
remove_empty_morpheme,XML/Stories/Seediq/Seediq_sdqNr-childhood_micang 2020s.xml,sdqNr-childhood_micang 2020s_S_103_W4,sdqNr-childhood_micang 2020s_S_103_W4M2,eng:1SG.NOM; zho:1SG.主格,,
remove_empty_morpheme,XML/Stories/Seediq/Seediq_sdqNr-childhood_micang 2020s.xml,sdqNr-childhood_micang 2020s_S_103_W8,sdqNr-childhood_micang 2020s_S_103_W8M3,zho:處焦.非現實,,
remove_empty_morpheme,XML/Stories/Seediq/Seediq_sdqNr-childhood_micang 2020s.xml,sdqNr-childhood_micang 2020s_S_103_W8,sdqNr-childhood_micang 2020s_S_103_W8M4,zho:1IPL.屬格,,
remove_empty_morpheme,XML/Stories/Seediq/Seediq_sdqNr-childhood_micang 2020s.xml,sdqNr-childhood_micang 2020s_S_115_W0,sdqNr-childhood_micang 2020s_S_115_W0M3,eng:LF.IRR; zho:處焦.非現實,,
remove_empty_morpheme,XML/Stories/Seediq/Seediq_sdqNr-childhood_micang 2020s.xml,sdqNr-childhood_micang 2020s_S_118_W2,sdqNr-childhood_micang 2020s_S_118_W2M2,eng:2PL.NOM; zho:2PL.主格,,
remove_empty_morpheme,XML/Stories/Seediq/Seediq_sdqNr-frog_aking 2020s.xml,sdqNr-frog_aking 2020s_S_12_W10,sdqNr-frog_aking 2020s_S_12_W10M3,eng:3SG.GEN; zho:3SG.屬格,,
remove_empty_morpheme,XML/Stories/Seediq/Seediq_sdqNr-frog_aking 2020s.xml,sdqNr-frog_aking 2020s_S_12_W19,sdqNr-frog_aking 2020s_S_12_W19M3,eng:3SG.GEN; zho:3SG.屬格,,
remove_empty_morpheme,XML/Stories/Seediq/Seediq_sdqNr-frog_aking 2020s.xml,sdqNr-frog_aking 2020s_S_14_W9,sdqNr-frog_aking 2020s_S_14_W9M3,eng:3SG.GEN; zho:3SG.屬格,,
remove_empty_morpheme,XML/Stories/Seediq/Seediq_sdqNr-frog_aking 2020s.xml,sdqNr-frog_aking 2020s_S_16_W7,sdqNr-frog_aking 2020s_S_16_W7M2,eng:say; zho:說,,
remove_empty_morpheme,XML/Stories/Seediq/Seediq_sdqNr-frog_aking 2020s.xml,sdqNr-frog_aking 2020s_S_42_W4,sdqNr-frog_aking 2020s_S_42_W4M2,zho:主格,,
remove_empty_morpheme,XML/Stories/Seediq/Seediq_sdqNr-frog_lubi 2020s.xml,sdqNr-frog_lubi 2020s_S_7_W34,sdqNr-frog_lubi 2020s_S_7_W34M3,eng:shoot; zho:射擊,,
remove_empty_morpheme,XML/Stories/Seediq/Seediq_sdqNr-frog_lubi 2020s.xml,sdqNr-frog_lubi 2020s_S_13_W25,sdqNr-frog_lubi 2020s_S_13_W25M2,eng:LF; zho:處焦,,
remove_empty_morpheme,XML/Stories/Seediq/Seediq_sdqNr-frog_lubi 2020s.xml,sdqNr-frog_lubi 2020s_S_16_W14,sdqNr-frog_lubi 2020s_S_16_W14M2,eng:PF; zho:受焦,,
remove_empty_morpheme,XML/Stories/Seediq/Seediq_sdqNr-frog_lubi 2020s.xml,sdqNr-frog_lubi 2020s_S_16_W46,sdqNr-frog_lubi 2020s_S_16_W46M2,zho:驚嚇,,
remove_empty_morpheme,XML/Stories/Seediq/Seediq_sdqNr-frog_lubi 2020s.xml,sdqNr-frog_lubi 2020s_S_16_W47,sdqNr-frog_lubi 2020s_S_16_W47M2,zho:驚嚇,,
remove_empty_morpheme,XML/Stories/Seediq/Seediq_sdqNr-frog_lubi 2020s.xml,sdqNr-frog_lubi 2020s_S_20_W24,sdqNr-frog_lubi 2020s_S_20_W24M3,zho:非實現,,
remove_empty_morpheme,XML/Stories/Seediq/Seediq_sdqNr-frog_lubi 2020s.xml,sdqNr-frog_lubi 2020s_S_40_W26,sdqNr-frog_lubi 2020s_S_40_W26M2,eng:3SG.GEN; zho:3SG.屬格,,
remove_empty_morpheme,XML/Stories/Seediq/Seediq_sdqNr-frog_temi.xml,sdqNr-frog_temi_S_18_W4,sdqNr-frog_temi_S_18_W4M3,eng:3SG.GEN; zho:3SG.屬格,,
remove_empty_morpheme,XML/Stories/Seediq/Seediq_sdqNr-frog_temi.xml,sdqNr-frog_temi_S_19_W16,sdqNr-frog_temi_S_19_W16M3,eng:PF; zho:受焦,,
remove_empty_morpheme,XML/Stories/Seediq/Seediq_sdqNr-frog_temi.xml,sdqNr-frog_temi_S_23_W9,sdqNr-frog_temi_S_23_W9M3,zho:3SG,,
remove_empty_morpheme,XML/Stories/Seediq/Seediq_sdqNr-frog_temi.xml,sdqNr-frog_temi_S_25_W17,sdqNr-frog_temi_S_25_W17M2,eng:PF; zho:受焦,,
remove_empty_morpheme,XML/Stories/Seediq/Seediq_sdqNr-frog_temi.xml,sdqNr-frog_temi_S_62_W4,sdqNr-frog_temi_S_62_W4M3,eng:3SG.GEN; zho:3SG.屬格,,
remove_empty_morpheme,XML/Stories/Seediq/Seediq_sdqNr-frog_temi.xml,sdqNr-frog_temi_S_76_W12,sdqNr-frog_temi_S_76_W12M3,eng:3SG.GEN; zho:3SG.屬格,,
remove_empty_morpheme,XML/Stories/Seediq/Seediq_sdqNr-mother_iwan 2020s.xml,sdqNr-mother_iwan 2020s_S_20_W11,sdqNr-mother_iwan 2020s_S_20_W11M2,zho:挑花織法,,
remove_empty_morpheme,XML/Stories/Seediq/Seediq_sdqNr-mother_iwan 2020s.xml,sdqNr-mother_iwan 2020s_S_22_W2,sdqNr-mother_iwan 2020s_S_22_W2M2,eng:PF.IRR; zho:受焦.非實現,,
remove_empty_morpheme,XML/Stories/Seediq/Seediq_sdqNr-mother_iwan 2020s.xml,sdqNr-mother_iwan 2020s_S_24_W3,sdqNr-mother_iwan 2020s_S_24_W3M2,eng:PF; zho:受焦,,
remove_empty_morpheme,XML/Stories/Seediq/Seediq_sdqNr-mother_iwan 2020s.xml,sdqNr-mother_iwan 2020s_S_24_W3,sdqNr-mother_iwan 2020s_S_24_W3M3,eng:1SG.NOM; zho:1SG.主格,,
remove_empty_morpheme,XML/Stories/Seediq/Seediq_sdqNr-mother_iwan 2020s.xml,sdqNr-mother_iwan 2020s_S_24_W3,sdqNr-mother_iwan 2020s_S_24_W3M4,eng:3SG.GEN; zho:3SG.屬格,,
remove_empty_morpheme,XML/Stories/Seediq/Seediq_sdqNr-mother_iwan 2020s.xml,sdqNr-mother_iwan 2020s_S_27_W2,sdqNr-mother_iwan 2020s_S_27_W2M2,eng:1SG.NOM; zho:1SG.主格,,
remove_empty_morpheme,XML/Stories/Seediq/Seediq_sdqNr-mother_iwan 2020s.xml,sdqNr-mother_iwan 2020s_S_36_W24,sdqNr-mother_iwan 2020s_S_36_W24M2,eng:1IPL.NOM; zho:1IPL.主格,,
remove_empty_morpheme,XML/Stories/Seediq/Seediq_sdqNr-mother_iwan 2020s.xml,sdqNr-mother_iwan 2020s_S_62_W12,sdqNr-mother_iwan 2020s_S_62_W12M3,eng:1EPL.GEN; zho:1EPL.屬格,,
remove_empty_morpheme,XML/Stories/Seediq/Seediq_sdqNr-mother_iwan 2020s.xml,sdqNr-mother_iwan 2020s_S_86_W0,sdqNr-mother_iwan 2020s_S_86_W0M2,eng:2PL.GEN; zho:2PL.屬格,,
remove_empty_morpheme,XML/Stories/Seediq/Seediq_sdqNr-mother_iwan 2020s.xml,sdqNr-mother_iwan 2020s_S_86_W10,sdqNr-mother_iwan 2020s_S_86_W10M2,eng:2PL.GEN; zho:2PL.屬格,,
remove_empty_morpheme,XML/Stories/Seediq/Seediq_sdqNr-pear-dakis 2020s.xml,sdqNr-pear-dakis 2020s_S_5_W7,sdqNr-pear-dakis 2020s_S_5_W7M3,eng:3SG.GEN; zho:3SG.屬格,,
remove_empty_morpheme,XML/Stories/Seediq/Seediq_sdqNr-pear-dakis 2020s.xml,sdqNr-pear-dakis 2020s_S_8_W12,sdqNr-pear-dakis 2020s_S_8_W12M2,eng:go; zho:去,,
remove_empty_morpheme,XML/Stories/Seediq/Seediq_sdqNr-pear-dakis 2020s.xml,sdqNr-pear-dakis 2020s_S_13_W3,sdqNr-pear-dakis 2020s_S_13_W3M2,eng:3SG.GEN; zho:3SG.屬格,,
remove_empty_morpheme,XML/Stories/Seediq/Seediq_sdqNr-pear-dakis 2020s.xml,sdqNr-pear-dakis 2020s_S_29_W2,sdqNr-pear-dakis 2020s_S_29_W2M3,eng:3SG.GEN; zho:3SG.屬格,,
remove_empty_morpheme,XML/Stories/Seediq/Seediq_sdqNr-pear-dakis 2020s.xml,sdqNr-pear-dakis 2020s_S_33_W10,sdqNr-pear-dakis 2020s_S_33_W10M2,zho:去,,
remove_empty_morpheme,XML/Stories/Seediq/Seediq_sdqNr-pear-dakis 2020s.xml,sdqNr-pear-dakis 2020s_S_38_W17,sdqNr-pear-dakis 2020s_S_38_W17M2,zho:什麼,,
remove_empty_morpheme,XML/Stories/Seediq/Seediq_sdqNr-pear-dakis 2020s.xml,sdqNr-pear-dakis 2020s_S_38_W19,sdqNr-pear-dakis 2020s_S_38_W19M2,zho:什麼,,
remove_empty_morpheme,XML/Stories/Seediq/Seediq_sdqNr-pear-dakis 2020s.xml,sdqNr-pear-dakis 2020s_S_43_W11,sdqNr-pear-dakis 2020s_S_43_W11M3,eng:3SG.GEN; zho:3SG.屬格,,
remove_empty_morpheme,XML/Stories/Seediq/Seediq_sdqNr-pear-dakis 2020s.xml,sdqNr-pear-dakis 2020s_S_51_W18,sdqNr-pear-dakis 2020s_S_51_W18M3,eng:3SG.GEN; zho:3SG.屬格,,
remove_empty_morpheme,XML/Stories/Seediq/Seediq_sdqNr-pear-dakis 2020s.xml,sdqNr-pear-dakis 2020s_S_52_W0,sdqNr-pear-dakis 2020s_S_52_W0M3,eng:3SG.GEN; zho:3SG.屬格,,
remove_empty_morpheme,XML/Stories/Seediq/Seediq_sdqNr-pear-dakis 2020s.xml,sdqNr-pear-dakis 2020s_S_64_W2,sdqNr-pear-dakis 2020s_S_64_W2M2,zho:3SG.屬格,,
remove_empty_morpheme,XML/Stories/Seediq/Seediq_sdqNr-pear_lubi 2020s.xml,sdqNr-pear_lubi 2020s_S_2_W1,sdqNr-pear_lubi 2020s_S_2_W1M2,eng:@; zho:@,,
remove_empty_morpheme,XML/Stories/Seediq/Seediq_sdqNr-pear_lubi 2020s.xml,sdqNr-pear_lubi 2020s_S_8_W12,sdqNr-pear_lubi 2020s_S_8_W12M2,eng:3SG.GEN; zho:3SG.屬格,,
remove_empty_morpheme,XML/Stories/Seediq/Seediq_sdqNr-pear_pawan 2020s.xml,sdqNr-pear_pawan 2020s_S_9_W3,sdqNr-pear_pawan 2020s_S_9_W3M3,eng:3PL.GEN; zho:3PL.GEN,,
remove_empty_morpheme,XML/Stories/Seediq/Seediq_sdqNr-pear_pawan 2020s.xml,sdqNr-pear_pawan 2020s_S_9_W15,sdqNr-pear_pawan 2020s_S_9_W15M3,eng:3PL.GEN; zho:3PL.屬格,,
remove_empty_morpheme,XML/Stories/Seediq/Seediq_sdqNr-pear_pawan 2020s.xml,sdqNr-pear_pawan 2020s_S_10_W1,sdqNr-pear_pawan 2020s_S_10_W1M3,eng:3SG.GEN; zho:3PL.屬格,,
remove_empty_morpheme,XML/Stories/Seediq/Seediq_sdqNr-pear_temi 2020s.xml,sdqNr-pear_temi 2020s_S_3_W18,sdqNr-pear_temi 2020s_S_3_W18M3,eng:3SG.GEN; zho:3SG.屬格,,
remove_empty_morpheme,XML/Stories/Seediq/Seediq_sdqNr-pear_temi 2020s.xml,sdqNr-pear_temi 2020s_S_4_W10,sdqNr-pear_temi 2020s_S_4_W10M3,eng:3SG.GEN; zho:3SG.屬格,,
remove_empty_morpheme,XML/Stories/Seediq/Seediq_sdqNr-pear_temi 2020s.xml,sdqNr-pear_temi 2020s_S_28_W7,sdqNr-pear_temi 2020s_S_28_W7M2,eng:3SG.GEN; zho:3SG.屬格,,
remove_empty_morpheme,XML/Stories/Seediq/Seediq_sdqNr-pear_temi 2020s.xml,sdqNr-pear_temi 2020s_S_29_W0,sdqNr-pear_temi 2020s_S_29_W0M3,eng:3PL.GEN; zho:3PL.屬格,,
remove_empty_morpheme,XML/Stories/Seediq/Seediq_sdqNr-pear_temi 2020s.xml,sdqNr-pear_temi 2020s_S_31_W6,sdqNr-pear_temi 2020s_S_31_W6M3,eng:3PL.GEN; zho:3PL.屬格,,
remove_empty_morpheme,XML/Stories/Seediq/Seediq_sdqNr-pear_temi 2020s.xml,sdqNr-pear_temi 2020s_S_31_W9,sdqNr-pear_temi 2020s_S_31_W9M3,eng:3SG.GEN; zho:3SG.屬格,,
remove_empty_morpheme,XML/Stories/Seediq/Seediq_sdqNr-pear_temi 2020s.xml,sdqNr-pear_temi 2020s_S_54_W17,sdqNr-pear_temi 2020s_S_54_W17M2,eng:2SG.NOM; zho:2SG.主格,,
remove_empty_morpheme,XML/Stories/Seediq/Seediq_sdqNr-rain_pawan 2020s.xml,sdqNr-rain_pawan 2020s_S_16_W3,sdqNr-rain_pawan 2020s_S_16_W3M3,eng:go; zho:去,,
remove_empty_morpheme,XML/Stories/Seediq/Seediq_sdqNr-seediq_dakis 2020s.xml,sdqNr-seediq_dakis 2020s_S_14_W20,sdqNr-seediq_dakis 2020s_S_14_W20M2,eng:LF; zho:處焦,,
remove_empty_morpheme,XML/Stories/Seediq/Seediq_sdqNr-seediq_dakis 2020s.xml,sdqNr-seediq_dakis 2020s_S_24_W4,sdqNr-seediq_dakis 2020s_S_24_W4M2,eng:3SG.GEN; zho:3SG.屬格,,
remove_empty_morpheme,XML/Stories/Seediq/Seediq_sdqNr-sinobale_uma 2021s.xml,sdqNr-sinobale_uma 2021s_S_6_W0,sdqNr-sinobale_uma 2021s_S_6_W0M3,eng:PF; zho:受焦,,
remove_empty_morpheme,XML/Stories/Seediq/Seediq_sdqNr-sinobale_uma 2021s.xml,sdqNr-sinobale_uma 2021s_S_14_W3,sdqNr-sinobale_uma 2021s_S_14_W3M3,eng:2SG.GEN; zho:2SG.屬格,,
remove_empty_morpheme,XML/Stories/Seediq/Seediq_sdqNr-sisin_dakis 2020s.xml,sdqNr-sisin_dakis 2020s_S_1_W2,sdqNr-sisin_dakis 2020s_S_1_W2M4,eng:3SG.GEN; zho:3SG.屬格,,
remove_empty_morpheme,XML/Stories/Seediq/Seediq_sdqNr-sisin_dakis 2020s.xml,sdqNr-sisin_dakis 2020s_S_20_W2,sdqNr-sisin_dakis 2020s_S_20_W2M2,eng:PART; zho:語助詞,,
remove_empty_morpheme,XML/Stories/Seediq/Seediq_sdqNr-sisin_dakis 2020s.xml,sdqNr-sisin_dakis 2020s_S_23_W11,sdqNr-sisin_dakis 2020s_S_23_W11M3,eng:3PL.GEN; zho:3PL.屬格,,
remove_empty_morpheme,XML/Stories/Seediq/Seediq_sdqNr-sisin_dakis 2020s.xml,sdqNr-sisin_dakis 2020s_S_30_W3,sdqNr-sisin_dakis 2020s_S_30_W3M3,zho:主焦.去,,
remove_empty_morpheme,XML/Stories/Seediq/Seediq_sdqNr-sisin_dakis 2020s.xml,sdqNr-sisin_dakis 2020s_S_30_W3,sdqNr-sisin_dakis 2020s_S_30_W3M4,zho:2PL.主格,,
remove_empty_morpheme,XML/Stories/Seediq/Seediq_sdqNr-sisin_dakis 2020s.xml,sdqNr-sisin_dakis 2020s_S_38_W5,sdqNr-sisin_dakis 2020s_S_38_W5M3,zho:說,,
remove_empty_morpheme,XML/Stories/Seediq/Seediq_sdqNr-sisin_dakis 2020s.xml,sdqNr-sisin_dakis 2020s_S_41_W57,sdqNr-sisin_dakis 2020s_S_41_W57M3,eng:AUX.FUT; zho:助動詞.未來,,
remove_empty_morpheme,XML/Stories/Seediq/Seediq_sdqNr-sisin_dakis 2020s.xml,sdqNr-sisin_dakis 2020s_S_41_W57,sdqNr-sisin_dakis 2020s_S_41_W57M4,zho:2PL.屬格,,
remove_empty_morpheme,XML/Stories/Seediq/Seediq_sdqNr-sisin_dakis 2020s.xml,sdqNr-sisin_dakis 2020s_S_41_W57,sdqNr-sisin_dakis 2020s_S_41_W57M5,eng:2PL.GEN,,
remove_empty_morpheme,XML/Stories/Seediq/Seediq_sdqNr-sisin_dakis 2020s.xml,sdqNr-sisin_dakis 2020s_S_53_W6,sdqNr-sisin_dakis 2020s_S_53_W6M3,eng:3PL.NOM; zho:3PL.主格,,
remove_empty_morpheme,XML/Stories/Seediq/Seediq_sdqNr-sisin_dakis 2020s.xml,sdqNr-sisin_dakis 2020s_S_79_W6,sdqNr-sisin_dakis 2020s_S_79_W6M3,eng:3SG.GEN; zho:3SG.屬格,,
remove_empty_morpheme,XML/Stories/Seediq/Seediq_sdqNr-sisin_dakis 2020s.xml,sdqNr-sisin_dakis 2020s_S_81_W3,sdqNr-sisin_dakis 2020s_S_81_W3M2,eng:finish; zho:完成,,
remove_empty_morpheme,XML/Stories/Seediq/Seediq_sdqNr-sisin_dakis 2020s.xml,sdqNr-sisin_dakis 2020s_S_97_W4,sdqNr-sisin_dakis 2020s_S_97_W4M3,eng:3SG.GEN; zho:3SG.屬格,,
remove_empty_morpheme,XML/Stories/Seediq/Seediq_sdqNr-sisin_dakis 2020s.xml,sdqNr-sisin_dakis 2020s_S_102_W13,sdqNr-sisin_dakis 2020s_S_102_W13M3,eng:3SG.GEN; zho:3SG.屬格,,
remove_empty_morpheme,XML/Stories/Seediq/Seediq_sdqNr-sisin_dakis 2020s.xml,sdqNr-sisin_dakis 2020s_S_106_W18,sdqNr-sisin_dakis 2020s_S_106_W18M3,eng:2PL.GEN; zho:2PL.屬格,,
remove_empty_morpheme,XML/Stories/Seediq/Seediq_sdqNr-sisin_dakis 2020s.xml,sdqNr-sisin_dakis 2020s_S_106_W23,sdqNr-sisin_dakis 2020s_S_106_W23M3,eng:3SG.GEN; zho:3SG.屬格,,
remove_empty_morpheme,XML/Stories/Seediq/Seediq_sdqNr-sisin_dakis 2020s.xml,sdqNr-sisin_dakis 2020s_S_114_W12,sdqNr-sisin_dakis 2020s_S_114_W12M4,eng:3SG..GEN; zho:3SG.屬格,,
remove_empty_morpheme,XML/Stories/Seediq/Seediq_sdqNr-sisin_dakis 2020s.xml,sdqNr-sisin_dakis 2020s_S_117_W6,sdqNr-sisin_dakis 2020s_S_117_W6M2,eng:bring; zho:帶,,
remove_empty_morpheme,XML/Stories/Seediq/Seediq_sdqNr-south_pawan 2021s.xml,sdqNr-south_pawan 2021s_S_2_W8,sdqNr-south_pawan 2021s_S_2_W8M2,eng:3PL.GEN; zho:3PL.屬格,,
remove_empty_morpheme,XML/Stories/Seediq/Seediq_sdqNr-south_pawan 2021s.xml,sdqNr-south_pawan 2021s_S_13_W2,sdqNr-south_pawan 2021s_S_13_W2M4,eng:1EPL.GEN; zho:1EPL.屬格,,
remove_empty_morpheme,XML/Stories/Seediq/Seediq_sdqNr-south_pawan 2021s.xml,sdqNr-south_pawan 2021s_S_18_W2,sdqNr-south_pawan 2021s_S_18_W2M4,eng:1EPL.GEN; zho:1EPL.屬格,,
remove_empty_morpheme,XML/Stories/Seediq/Seediq_sdqNr-south_pawan 2021s.xml,sdqNr-south_pawan 2021s_S_21_W5,sdqNr-south_pawan 2021s_S_21_W5M2,eng:come; zho:來,,
remove_empty_morpheme,XML/Stories/Seediq/Seediq_sdqNr-south_pawan 2021s.xml,sdqNr-south_pawan 2021s_S_28_W4,sdqNr-south_pawan 2021s_S_28_W4M2,eng:dead; zho:死,,
remove_empty_morpheme,XML/Stories/Seediq/Seediq_sdqNr-taboo_pawan 2021s.xml,sdqNr-taboo_pawan 2021s_S_18_W16,sdqNr-taboo_pawan 2021s_S_18_W16M3,eng:3PL.GEN; zho:3PL.屬格,,
remove_empty_morpheme,XML/Stories/Seediq/Seediq_sdqNr-tradition_dakis 2021s.xml,sdqNr-tradition_dakis 2021s_S_8_W8,sdqNr-tradition_dakis 2021s_S_8_W8M3,zho:去,,
remove_empty_morpheme,XML/Stories/Seediq/Seediq_sdqNr-tradition_dakis 2021s.xml,sdqNr-tradition_dakis 2021s_S_35_W2,sdqNr-tradition_dakis 2021s_S_35_W2M4,zho:主焦,,
remove_empty_morpheme,XML/Stories/Seediq/Seediq_sdqNr-tradition_dakis 2021s.xml,sdqNr-tradition_dakis 2021s_S_35_W2,sdqNr-tradition_dakis 2021s_S_35_W2M5,zho:隨便,,
remove_empty_morpheme,XML/Stories/Seediq/Seediq_sdqNr-tradition_dakis 2021s.xml,sdqNr-tradition_dakis 2021s_S_35_W2,sdqNr-tradition_dakis 2021s_S_35_W2M6,zho:1IPL.屬格,,
remove_empty_morpheme,XML/Stories/Seediq/Seediq_sdqNr-tradition_dakis 2021s.xml,sdqNr-tradition_dakis 2021s_S_57_W5,sdqNr-tradition_dakis 2021s_S_57_W5M3,zho:1IPL.主格,,
remove_empty_morpheme,XML/Stories/Tsou/Tsou_None-1.xml,None-1_S_24_W1,None-1_S_24_W1M2,eng:LF; zho:處焦,,
remove_empty_morpheme,XML/Stories/Tsou/Tsou_None-1.xml,None-1_S_25_W3,None-1_S_25_W3M2,eng:3SG; zho:3SG,,
remove_empty_morpheme,XML/Stories/Tsou/Tsou_None-1.xml,None-1_S_48_W8,None-1_S_48_W8M2,eng:AF; zho:主焦,,
remove_empty_morpheme,XML/Stories/Tsou/Tsou_None-1.xml,None-1_S_59_W1,None-1_S_59_W1M2,eng:here.AF; zho:這裡.主焦,,
remove_empty_morpheme,XML/Stories/Tsou/Tsou_None-1.xml,None-1_S_75_W7,None-1_S_75_W7M2,eng:go.to.church; zho:上教會,,
remove_empty_morpheme,XML/Stories/Tsou/Tsou_None-1.xml,None-1_S_103_W2,None-1_S_103_W2M2,eng:3SG.GEN; zho:3SG.屬格,,
remove_empty_morpheme,XML/Stories/Tsou/Tsou_None-1.xml,None-1_S_114_W5,None-1_S_114_W5M2,eng:in,,
remove_empty_morpheme,XML/Stories/Tsou/Tsou_None-1.xml,None-1_S_114_W5,None-1_S_114_W5M3,eng:law.AF,,
remove_empty_morpheme,XML/Stories/Tsou/Tsou_None-1.xml,None-1_S_146_W8,None-1_S_146_W8M2,eng:1SG; zho:1SG,,
remove_empty_morpheme,XML/Stories/Tsou/Tsou_None-1.xml,None-1_S_190_W1,None-1_S_190_W1M3,zho:主焦,,
remove_empty_morpheme,XML/Stories/Tsou/Tsou_Tsou-frog-story-wang-1.xml,Tsou-frog-story-wang-1_S_40_W3,Tsou-frog-story-wang-1_S_40_W3M2,eng:1PL.GEN; zho:1PL.屬格,,
remove_empty_morpheme,XML/Stories/Tsou/Tsou_Tsou-frog-story-wang-1.xml,Tsou-frog-story-wang-1_S_40-opt_W3,Tsou-frog-story-wang-1_S_40-opt_W3M2,eng:1PL.GEN; zho:1PL.屬格,,
remove_empty_morpheme,XML/Stories/Tsou/Tsou_TsouConv-informants.xml,TsouConv-informants_S_3_W24,TsouConv-informants_S_3_W24M2,eng:arrive.AF; zho:到達.主焦,,
remove_empty_morpheme,XML/Stories/Tsou/Tsou_TsouConv-informants.xml,TsouConv-informants_S_31_W10,TsouConv-informants_S_31_W10M2,eng:2SG.NOM; zho:2SG.主格,,
remove_empty_morpheme,XML/Stories/Tsou/Tsou_TsouConv-informants.xml,TsouConv-informants_S_34_W2,TsouConv-informants_S_34_W2M2,eng:specially; zho:特別的,,
remove_empty_morpheme,XML/Stories/Tsou/Tsou_TsouConv-informants.xml,TsouConv-informants_S_34_W17,TsouConv-informants_S_34_W17M2,eng:link.together.AF; zho:連起來.主焦,,
remove_empty_morpheme,XML/Stories/Tsou/Tsou_TsouConv-informants.xml,TsouConv-informants_S_42_W11,TsouConv-informants_S_42_W11M2,eng:drama; zho:演戲,,
remove_empty_morpheme,XML/Stories/Tsou/Tsou_TsouConv-typhoon.xml,TsouConv-typhoon_S_17_W8,TsouConv-typhoon_S_17_W8M2,zho:一,,
remove_empty_morpheme,XML/Stories/Tsou/Tsou_TsouConv-typhoon.xml,TsouConv-typhoon_S_23_W8,TsouConv-typhoon_S_23_W8M2,zho:萬,,
remove_empty_morpheme,XML/Stories/Tsou/Tsou_TsouConv-typhoon.xml,TsouConv-typhoon_S_23_W8,TsouConv-typhoon_S_23_W8M3,zho:五,,
remove_empty_morpheme,XML/Stories/Tsou/Tsou_TsouConv-typhoon.xml,TsouConv-typhoon_S_23_W8,TsouConv-typhoon_S_23_W8M4,zho:千,,
remove_empty_morpheme,XML/Stories/Tsou/Tsou_TsouConv-typhoon.xml,TsouConv-typhoon_S_23_W8,TsouConv-typhoon_S_23_W8M5,zho:元,,
remove_empty_morpheme,XML/Stories/Tsou/Tsou_TsouConv-typhoon.xml,TsouConv-typhoon_S_74_W3,TsouConv-typhoon_S_74_W3M4,eng:A; zho:A,,
remove_empty_morpheme,XML/Stories/Tsou/Tsou_TsouConv-typhoon.xml,TsouConv-typhoon_S_77_W9,TsouConv-typhoon_S_77_W9M2,eng:one; zho:一,,
remove_empty_morpheme,XML/Stories/Tsou/Tsou_TsouConv-typhoon.xml,TsouConv-typhoon_S_77_W12,TsouConv-typhoon_S_77_W12M2,eng:1SG.NOM; zho:1SG.主格,,
remove_empty_morpheme,XML/Stories/Tsou/Tsou_TsouConv-typhoon.xml,TsouConv-typhoon_S_77_W13,TsouConv-typhoon_S_77_W13M2,eng:OBL; zho:斜格,,
remove_empty_morpheme,XML/Stories/Tsou/Tsou_TsouConv-typhoon.xml,TsouConv-typhoon_S_159_W9,TsouConv-typhoon_S_159_W9M2,eng:year,,
remove_empty_morpheme,XML/Stories/Tsou/Tsou_TsouConv-typhoon.xml,TsouConv-typhoon_S_159_W9,TsouConv-typhoon_S_159_W9M3,eng:old,,
remove_empty_morpheme,XML/Stories/Tsou/Tsou_TsouConv-typhoon.xml,TsouConv-typhoon_S_189_W4,TsouConv-typhoon_S_189_W4M2,eng:child; zho:小孩,,
remove_empty_morpheme,XML/Stories/Tsou/Tsou_TsouConv-typhoon.xml,TsouConv-typhoon_S_208_W2,TsouConv-typhoon_S_208_W2M2,zho:受焦,,
remove_empty_morpheme,XML/Stories/Tsou/Tsou_TsouNr-love-story-zhuang.xml,TsouNr-love-story-zhuang_S_22_W9,TsouNr-love-story-zhuang_S_22_W9M2,eng:1SG.GEN; zho:1SG.屬格,,
remove_empty_morpheme,XML/Stories/Tsou/Tsou_TsouNr-love-story-zhuang.xml,TsouNr-love-story-zhuang_S_22_W12,TsouNr-love-story-zhuang_S_22_W12M2,eng:PV; zho:受焦,,
remove_empty_morpheme,XML/Stories/Tsou/Tsou_TsouNr-lovestory-zheng.xml,TsouNr-lovestory-zheng_S_22_W3,TsouNr-lovestory-zheng_S_22_W3M2,eng:PF,,
remove_empty_morpheme,XML/Stories/Tsou/Tsou_TsouNr-pear-An.xml,TsouNr-pear-An_S_21_W10,TsouNr-pear-An_S_21_W10M3,eng:AF; zho:主焦,,
remove_empty_morpheme,XML/Stories/Tsou/Tsou_TsouNr-pear-wang-3.xml,TsouNr-pear-wang-3_S_6_W10,TsouNr-pear-wang-3_S_6_W10M2,eng:LF; zho:處焦,,
remove_empty_morpheme,XML/Stories/Tsou/Tsou_TsouNr-pear-wang-3.xml,TsouNr-pear-wang-3_S_22_W20,TsouNr-pear-wang-3_S_22_W20M2,zho:受焦,,
remove_empty_morpheme,XML/Stories/Tsou/Tsou_TsouNr-pear-wang-3.xml,TsouNr-pear-wang-3_S_28_W13,TsouNr-pear-wang-3_S_28_W13M2,eng:PF; zho:受焦,,
remove_empty_morpheme,XML/Stories/Tsou/Tsou_TsouNr-pear-wang-3.xml,TsouNr-pear-wang-3_S_32_W1,TsouNr-pear-wang-3_S_32_W1M2,eng:PF; zho:受焦,,
remove_empty_morpheme,XML/Stories/Tsou/Tsou_TsouNr-pear-wang-3.xml,TsouNr-pear-wang-3_S_39_W8,TsouNr-pear-wang-3_S_39_W8M3,eng:PF; zho:受焦,,
remove_empty_morpheme,XML/Stories/Tsou/Tsou_TsouNr_lovestry_wang-2.xml,TsouNr_lovestry_wang-2_S_1_W7,TsouNr_lovestry_wang-2_S_1_W7M2,eng:AF,,
remove_empty_morpheme,XML/Stories/Tsou/Tsou_TsouNr_lovestry_wang-2.xml,TsouNr_lovestry_wang-2_S_3_W12,TsouNr_lovestry_wang-2_S_3_W12M2,eng:AF,,
remove_empty_morpheme,XML/Stories/Tsou/Tsou_TsouNr_lovestry_wang-2.xml,TsouNr_lovestry_wang-2_S_8_W16,TsouNr_lovestry_wang-2_S_8_W16M2,eng:NAF,,
remove_empty_morpheme,XML/Stories/Tsou/Tsou_TsouNr_lovestry_wang-2.xml,TsouNr_lovestry_wang-2_S_15_W8,TsouNr_lovestry_wang-2_S_15_W8M2,eng:3SG.GEN; zho:3SG.屬格,,
remove_empty_morpheme,XML/Stories/Tsou/Tsou_TsouNr_lovestry_wang-2.xml,TsouNr_lovestry_wang-2_S_15_W14,TsouNr_lovestry_wang-2_S_15_W14M2,eng:PF; zho:受焦,,
