record_id	section	section_title	part	label	printed_page_start	printed_page_end	pdf_object_page_start	pdf_object_page_end	has_translation	form_chars	standard_chars	translation_chars	notes	translation	form	standard
section_01_title	1	The Prayer of Our Lord Jesus Christ	section_title	title	1	1	33	33	True	50	48	36	Printed Favorlang section heading aligned to Campbell's English heading	The Prayer of Our Lord Jesus Christ.	Ai-ach'o ma-acháchimit ja Torro ta Jesus Christus.	Aiach'o maacháchimit ja Torro ta Jesus Christus.
section_01_lords_prayer	1	The Prayer of Our Lord Jesus Christ	primary_section		1	1	33	33	True	417	407	374	Printed primary section joined across page boundaries	Our Father which art in Heaven, let Thy Name be praised. Let Thy dominion come. Let Thy will be done, as in Heaven, so also upon earth. Give us this day sufficient bread. And forgive us our trespasses, as we also forgive them that do us evil. Let us not be tempted, and deliver us from evil. For Thine is the dominion, and the power, and the praise, for ever and ever, Amen.	Namoa tamau tamasea paḡa de boesum, ipá-dassa joa naan. Ipáṣaija joa chachimit o ai. Ipá-i-jorr'o oa airab maibas de boesum, masini de ta channumma. Epé-e namono piadai torro uppo ma-atsikap. Ṣo-o abó-e namo tataap o kakossi namoa, maibas channumma namo mabo tamasea parapies i namo. Hai pásabas i namo, ṣo-o barras'i namo innai rapies ai. Inau joa micho chachimit o ai, ṣo-o barr'o ai, ṣo-o adas ai, taulaulan, Amen.	Namoa tamau tamasea paḡa de boesum, ipádassa joa naan. Ipáṣaija joa chachimit o ai. Ipáijorr'o oa airab maibas de boesum, masini de ta channumma. Epée namono piadai torro uppo maatsikap. Ṣoo abóe namo tataap o kakossi namoa, maibas channumma namo mabo tamasea parapies i namo. Hai pásabas i namo, ṣoo barras'i namo innai rapies ai. Inau joa micho chachimit o ai, ṣoo barr'o ai, ṣoo adas ai, taulaulan, Amen.
section_02_title	2	The Christian Belief	section_title	title	2	2	34	34	True	17	17	21	Printed Favorlang section heading aligned to Campbell's English heading	The Christian Belief.	Autat o Christan.	Autat o Christan.
section_02_christian_belief	2	The Christian Belief	primary_section		2	3	34	35	True	931	915	857	Printed primary section joined across page boundaries	I believe in God the Father, the Almighty Creator of Heaven and earth: and in Jesus Christ, His only begotten Son, our Lord, who was conceived by the pure breath of God, the Holy Ghost, born of the betrothed virgin Mary, who suffered under the judge Pontius Pilate, was nailed to the cross, who died, was buried, and descended into the pool of fire, that is Hell; the third day He arose from the dead; ascended to Heaven, and sitteth on the right hand of His Father, the Almighty; from whence He shall return to judge the quick and the dead. I believe in the pure breath of God, the Holy Ghost; I believe in' a communion of a pure or holy Christian people, that has been of times of old, is now, and always shall remain; in the communion that is, the communion of Saints; the forgiveness of sins the resurrection of the flesh; and in life everlasting. Amen.	Ka na-a poetautaṭ inni Deos o Tamau, Airien o boesum, a ta kamabarr'ija tapos o ai; Ṣo-o inni ta Jesus Christus choa sjiem nattaṣar o binodda ma-acháchimit ja torro, tamasea karinab innaide Auchar o Deos o ma-áchimit, ta Spirito Santo, kabinodd'o patómammali ta Maria. Minachoté o ai de rapo ma-achachált ta Pontius Pilatus, tsiniltillan i ṣaṣakimotto, minachá, chinap o ta, ṣinoss'i chauch o chau, michoṣar a pattite, gehenna. Ka natorroa da zijsja minaṣéas a macha. Tsinnummaḡach i boesum, airoossen i kallamas o choa Tamau kamabarr'ija tapos o ai; Innaide icho ṣaṣai pacheoach, alla mierien o chachalt o cho morich-a ṣo-o macháda ai. Kana-a poetautat inni ta Auchar o Deos o ma-áchimit, ta Spirito Santo. Na-a pittau o aiḡarrórro-no cho Christan o ma-achimit, o ai pinaga ani-aicho, paga pia ṣo-o kapapoetautachṣar. Rorróno-ad'o chono ma-achimit ai. Ábono tataap o kakossi ai. Aṣéas o bo'ai. Ṣo-o morícho o ma-áchonṣar ai. Amen.	Ka naa poetautaṭ inni Deos o Tamau, Airien o boesum, a ta kamabarr'ija tapos o ai; Ṣoo inni ta Jesus Christus choa sjiem nattaṣar o binodda maacháchimit ja torro, tamasea karinab innaide Auchar o Deos o maáchimit, ta Spirito Santo, kabinodd'o patómammali ta Maria. Minachoté o ai de rapo maachachált ta Pontius Pilatus, tsiniltillan i ṣaṣakimotto, minachá, chinap o ta, ṣinoss'i chauch o chau, michoṣar a pattite, gehenna. Ka natorroa da zijsja minaṣéas a macha. Tsinnummaḡach i boesum, airoossen i kallamas o choa Tamau kamabarr'ija tapos o ai; Innaide icho ṣaṣai pacheoach, alla mierien o chachalt o cho moricha ṣoo macháda ai. Ka naa poetautat inni ta Auchar o Deos o maáchimit, ta Spirito Santo. Naa pittau o aiḡarrórrono cho Christan o maachimit, o ai pinaga aniaicho, paga pia ṣoo kapapoetautachṣar. Rorróno ad'o chono maachimit ai. Ábono tataap o kakossi ai. Aṣéas o bo'ai. Ṣoo morícho o maáchonṣar ai. Amen.
section_03_title	3	The Ten Commandments of the Lord	section_title	title	3	3	35	35	True	30	30	33	Printed Favorlang section heading aligned to Campbell's English heading	The Ten Commandments of the Lord.	Tschiet o Áttillono ta Jehova.	Tschiet o Áttillono ta Jehova.
section_03_preamble	3	The Ten Commandments of the Lord	section_preamble	preamble	3	3	35	35	True	128	125	115	Introductory text before the numbered items	God spake all these words: I am the Lord Thy God, who hast led thee out of the land of Egypt, the house of bondage.	Ta Deos ma-chó tapos o atite o miniṣar: Ka-ina paga ta Jehova oa Deosoë, tamasea piná-i-jor ijo innai ta Egipten, don o aran ai.	Ta Deos machó tapos o atite o miniṣar: Ka ina paga ta Jehova oa Deosoë, tamasea pináijor ijo innai ta Egipten, don o aran ai.
section_03_item_01	3	The Ten Commandments of the Lord	numbered_item	item_01	3	3	35	35	True	61	59	40	Printed numbered item aligned to the corresponding English item; boundary number omitted	Thou shalt have no other Gods before me.	Alii papaga ijonoë' Deos a; roman katinnaam o na-amorra-dech.	Alii papaga ijonoë' Deos a; roman katinnaam o naamorradech.
section_03_item_02	3	The Ten Commandments of the Lord	numbered_item	item_02	3	4	35	36	True	572	566	475	Printed numbered item aligned to the corresponding English item; boundary number omitted	Thou shalt not make unto thee any graven image, or any likeness, of anything above in Heaven, of anything here below on earth; or of anything in the waters under the earth; thou shalt not bow down thyself to them, and thou shalt not serve them; for I the Lord thy God am a jealous God, visiting the iniquity of the fathers upon the children, unto the third and fourth generation of them that hate me; and showing mercy to many thousands that love me and keep my commandments.	Alii mamerien ijonoë a oa boa o isas a ḡinaat ja charri o tatschier; pagaga chaddai innai charri o ai lallum boesum de babó: pagaga chaddai innai charri o ai babó ta de rapó: pagaga chaddai innai charri o ai lallum to de rapó ta: alli papadachum ijonoë katinnaam o decho, ṣo-o alli allecho aran o decho, inau ka-ina ta Jehova oa Deosoë, Deos maddobor a tsjes, tamasea ṣummad'o arapies o tamauno inni sisjiem pana natorroa, ṣo-o kanaspat a tupponodon, tamasea masásso ina; ṣo-o kamabo ina o mapan manna-achpil a tschiet eis, tamasea maukat o ina, ṣo-o ummior o na-a atillo.	Alii mamerien ijonoë a oa boa o isas a ḡinaat ja charri o tatschier; pagaga chaddai innai charri o ai lallum boesum de babó: pagaga chaddai innai charri o ai babó ta de rapó: pagaga chaddai innai charri o ai lallum to de rapó ta: alli papadachum ijonoë katinnaam o decho, ṣoo alli allecho aran o decho, inau ka ina ta Jehova oa Deosoë, Deos maddobor a tsjes, tamasea ṣummad'o arapies o tamauno inni sisjiem pana natorroa, ṣoo kanaspat a tupponodon, tamasea masásso ina; ṣoo kamabo ina o mapan mannaachpil a tschiet eis, tamasea maukat o ina, ṣoo ummior o naa atillo.
section_03_item_03	3	The Ten Commandments of the Lord	numbered_item	item_03	4	4	36	36	True	117	116	137	Printed numbered item aligned to the corresponding English item; boundary number omitted	Thou shalt not idly pronounce or use the name of the Lord thy God, for the Lord will not hold him guiltless that taketh His name in vain.	Alli mamarach o baak o naan o Jehova oa Deos-ech, inau ta Jehova alli mamabono chono ai, kamarach o baak o choa naan.	Alli mamarach o baak o naan o Jehova oa Deosech, inau ta Jehova alli mamabono chono ai, kamarach o baak o choa naan.
section_03_item_04	3	The Ten Commandments of the Lord	numbered_item	item_04	4	4	36	36	True	592	585	576	Printed numbered item aligned to the corresponding English item; boundary number omitted	Remember the Sabbath day, to keep it pure or holy. Six days shalt thou labour and finish all thy work; but the seventh day is the Sabbath, that is, the resting time of the Lord thy God; on that day thou shalt not do any work, neither thyself nor thy son, nor thy daughter, nor thy man-servant, nor thy maid-servant, nor thy ox, nor thy stranger that dwelleth in thy land; for in six days the Lord finished creating Heaven and earth, the sea, and all that therein is, and He rested the seventh day, therefore the Lord commands to celebrate the Sabbath day, and to keep it holy.	Tuppána o zijsj'o Sabbath-ai, all'ijo pachímit o aicho. Nataap a rummies tatummaap ijonoë, ṣo-o a-ummoob o tapos oa tataap; ṣo-o naitoa zijsja paga Sabbath, michoṣar a pattite, aissassen o Jehova oa Deos-ech: paga tatummaap ijo de ailo charri o ai, pa ijo, pa oa sjiem badda, pa oa sjiem mammali, pa oa aran o badda, ja mammali pa oa loan o tummaap, pa oa azjiesech de oa ta; inau lallum nataap a zijsja ta Jehova inummoob o boesum, o ta, a abás, ṣo-o tapos o ai de lallum ailoe, ṣo-o kanaitoa zijsja pissassen icho, inau decho ta Jehova pinárab o zijsj'o Sabbath ai, ṣo-o pinachímit o micho.	Tuppána o zijsj'o Sabbath ai, all'ijo pachímit o aicho. Nataap a rummies tatummaap ijonoë, ṣoo aummoob o tapos oa tataap; ṣoo naitoa zijsja paga Sabbath, michoṣar a pattite, aissassen o Jehova oa Deosech: paga tatummaap ijo de ailo charri o ai, pa ijo, pa oa sjiem badda, pa oa sjiem mammali, pa oa aran o badda, ja mammali pa oa loan o tummaap, pa oa azjiesech de oa ta; inau lallum nataap a zijsja ta Jehova inummoob o boesum, o ta, a abás, ṣoo tapos o ai de lallum ailoe, ṣoo kanaitoa zijsja pissassen icho, inau decho ta Jehova pinárab o zijsj'o Sabbath ai, ṣoo pinachímit o micho.
section_03_item_05	3	The Ten Commandments of the Lord	numbered_item	item_05	4	4	36	36	True	90	87	124	Printed numbered item aligned to the corresponding English item; boundary number omitted	Be modest or respectful to thy father and mother, that thy days be prolonged in the land, that the Lord thy God giveth thee.	A-arichá oa tamau ṣo-o oa tanai, alla moab o zijsja de ta-ech, ta Jehova oa Deos pe'o ijo.	Aarichá oa tamau ṣoo oa tanai, alla moab o zijsja de taech, ta Jehova oa Deos pe'o ijo.
section_03_item_06	3	The Ten Commandments of the Lord	numbered_item	item_06	5	5	37	37	True	27	27	20	Printed numbered item aligned to the corresponding English item; boundary number omitted	Thou shalt not kill.	Alli papach'o machá ijonoë.	Alli papach'o machá ijonoë.
section_03_item_07	3	The Ten Commandments of the Lord	numbered_item	item_07	5	5	37	37	True	23	23	31	Printed numbered item aligned to the corresponding English item; boundary number omitted	Thou shalt not commit adultery.	Alli chachummod ijonoë.	Alli chachummod ijonoë.
section_03_item_08	3	The Ten Commandments of the Lord	numbered_item	item_08	5	5	37	37	True	20	20	21	Printed numbered item aligned to the corresponding English item; boundary number omitted	Thou shalt not steal.	Alli mamchap ijonoë.	Alli mamchap ijonoë.
section_03_item_09	3	The Ten Commandments of the Lord	numbered_item	item_09	5	5	37	37	True	75	74	56	Printed numbered item aligned to the corresponding English item; boundary number omitted	Thou shalt not bear false witness against thy neighbour.	Alli papattite ijonoë o tattassal ma-attosik kasjabaan oa maacháddik o cho.	Alli papattite ijonoë o tattassal maattosik kasjabaan oa maacháddik o cho.
section_03_item_10	3	The Ten Commandments of the Lord	numbered_item	item_10	5	5	37	37	True	214	212	202	Printed numbered item aligned to the corresponding English item; boundary number omitted	Thou shalt not covet thy neighbour's house, and thou shalt not covet thy neighbour's wife, nor his man-servant, nor his maid-servant, nor his ox, nor his ass, nor anything that belongs to thy neighbour.	Alli mamaksas o don oa maacháddik o cho, alli mamaksas o roos oa ma-acháddik o cho, ja cho aran o badda, ja mammali, ja choa loan o tummaap, ja chao loan o maraag, ja charri o ai kamaunis a oa ma-acháddik o chonoë.	Alli mamaksas o don oa maacháddik o cho, alli mamaksas o roos oa maacháddik o cho, ja cho aran o badda, ja mammali, ja choa loan o tummaap, ja chao loan o maraag, ja charri o ai kamaunis a oa maacháddik o chonoë.
section_04_title	4	The Morning Prayer	section_title	title	5	5	37	37	True	21	20	19	Printed Favorlang section heading aligned to Campbell's English heading	The Morning Prayer.	Ai-ach'o Patsjisimma.	Aiach'o Patsjisimma.
section_04_morning_prayer	4	The Morning Prayer	primary_section		5	6	37	38	True	1438	1411	1398	Printed primary section joined across page boundaries	Merciful Father! we praise Thee, that Thou hast so faithfully watched over us during the past night, and we pray Thee that Thou mayest strengthen us by Thy pure breath, the Holy Ghost; that He may henceforth lead us, so that in every work of righteousness and purity we may end this day, as also all the other days of our life; and that to whatsoever we apply ourselves we may always endeavour openly to declare Thy praise, since we can expect from Thy bounteous hand alone the assistance required in all our labours. And in order we may obtain this mercy from Thee, forgive us, according to the testimony of Thy word, our transgressions, only and alone for the sufferings of our Lord and Mediator, who shed His blood for us; and because we repent of our sins. Enlighten also our souls, so that after abandoning all the works of darkness, we may as the children of light enter upon a new life, and walk in the righteous paths of God. Give also Thy assistance in the work of proclaiming Thy word, and making it known in all parts of the world. Disperse all the works of Satan. Strengthen all teachers of Thy Word, and all the chiefs of Thy people. Comfort all persons who are persecuted and who suffer affliction; for the sake of Thy beloved Son, who hast testified unto us that Thou wilt give us all things we pray for in His Name, and therefore Thou hast taught us thus to pray: - Our Father, etc.	Ma-abó a Tamau madas ijo namo, all'ijo rínummi i torroani bi-ini masini o gagil, ṣo-o meách'ijo, alla merab ijo pábarr'i torro o ta joa Auchar o ma-áchimit-ech, alla pana rummi-es pa-i-jor i namo ja ichoṣar, alla namo inni tapos o tataap o babissé a chímit ummoob o zijsj'o mini, maibas channumm'o tapos zijsj'o torroa morich: ṣo-o tummalpon onúmm'ija namo, alla torro tallochon maddobor o pattite o tapos assaban oa adas; masiniṣar alla torro tummassín o a-olli-eul o torroa tapos o tataap innai joa ma-adaldál a rima ma-akamunchiṣar. Ṣo-o alla namo marach o bóno mini innai ijo, erábbana mabó i namo, kamaibas o al'o joa ranied, o tapos torroa kakossi, inau machoté o ma-áchimit, ṣo-o ṣaṣa-ód o taḡḡ'o torroa ma-acháchimit a maazínado ta Jesus Christus; inau machia ja torroa tsjes aicho-íes. Ipárara channumm'o torroa tsjes, alla namo, kaitis o tapos o tataap o odum, maibas o sisjiem o rará tummalpon o bao a morich, alla mababat inni tapos o babissé o ta Deos. Ipachípp'oa a-olli-eul channumma, ino akaukáuan ṣo-o ipab'oa ranied de tapos o ta. Ipáurtatach'o tapos o tataap o ta Ṣaitan. Ipabarrá o tapos ma-átil o joa ranied, ṣo-o ta ma-acháchimit o joa chosar. Talattalá o tapos liollioón a cho, ṣo-o tsiannanni a tsjes, inau oa aukáttan a sjiem badda ta Jesus Christus, tamasea minaunis o al'i namo, alla tapos o ai torro meách'inni choa naan, gagil oa pape'i namo, ṣo-o inau micho pináttillo torro meach'o masini:-Namoa Tamau, etc.	Maabó a Tamau madas ijo namo, all'ijo rínummi i torroani biini masini o gagil, ṣoo meách'ijo, alla merab ijo pábarr'i torro o ta joa Auchar o maáchimitech, alla pana rummies paijor i namo ja ichoṣar, alla namo inni tapos o tataap o babissé a chímit ummoob o zijsj'o mini, maibas channumm'o tapos zijsj'o torroa morich: ṣoo tummalpon onúmm'ija namo, alla torro tallochon maddobor o pattite o tapos assaban oa adas; masiniṣar alla torro tummassín o aollieul o torroa tapos o tataap innai joa maadaldál a rima maakamunchiṣar. Ṣoo alla namo marach o bóno mini innai ijo, erábbana mabó i namo, kamaibas o al'o joa ranied, o tapos torroa kakossi, inau machoté o maáchimit, ṣoo ṣaṣaód o taḡḡ'o torroa maacháchimit a maazínado ta Jesus Christus; inau machia ja torroa tsjes aichoíes. Ipárara channumm'o torroa tsjes, alla namo, kaitis o tapos o tataap o odum, maibas o sisjiem o rará tummalpon o bao a morich, alla mababat inni tapos o babissé o ta Deos. Ipachípp'oa aollieul channumma, ino akaukáuan ṣoo ipab'oa ranied de tapos o ta. Ipáurtatach'o tapos o tataap o ta Ṣaitan. Ipabarrá o tapos maátil o joa ranied, ṣoo ta maacháchimit o joa chosar. Talattalá o tapos liollioón a cho, ṣoo tsiannanni a tsjes, inau oa aukáttan a sjiem badda ta Jesus Christus, tamasea minaunis o al'i namo, alla tapos o ai torro meách'inni choa naan, gagil oa pape'i namo, ṣoo inau micho pináttillo torro meach'o masini:-Namoa Tamau, etc.
section_05_title	5	The Evening Prayer	section_title	title	7	7	39	39	True	17	16	19	Printed Favorlang section heading aligned to Campbell's English heading	The Evening Prayer.	Ai-ach'o Marpesa.	Aiach'o Marpesa.
section_05_evening_prayer	5	The Evening Prayer	primary_section		7	8	39	40	True	1319	1298	1294	Printed primary section joined across page boundaries	Merciful God! Eternal Light, that shinest in the darkness, who dispellest the darkness of wicked works and enlightenest the benighted mind, inasmuch as Thou dost appoint the night for rest, even as the day for labour; we pray Thee that our bodies may rest in quiet and peace, so that they may be fit to perform the work they have to do. Moderate our sleep, so that it may not be excessive, and that our bodies and minds may remain pure; nay, may our sleep give cause to praise Thy Name. Enlighten also the eyes of our understanding, so that we may not remain sleeping unto death, but let us rather live in constant hope of being delivered from the evil afflictions of this world. Protect us also from all the temptations of Satan; lead all as Thy children by Thy pure breath (the Holy Ghost), and although we have not finished this day without having committed great and wicked sins against Thy will; we pray Thee, that Thy mercy may cover all our trespasses, even as Thou dost cover all things upon this earth with the darkness of night, so that we may not be cast forth from Thy countenance. Give also rest and consolation to all sick persons, to all who are afflicted, to all souls harassed by Satan; for the sake of our Lord Jesus Christ, who hath taught us thus to pray: - Our Father, etc.	Deos o ma-ábo a tsjes rará o maáchonṣar o ai tumṣar i odum, tamasea paube o bi-ini o tataap o arapies, ṣo-o rapalna tsjes; inau kaitan ijo páṣai o bi-ini, alla pissassen, maibas o zijsja, alla tummaap; meach'ijo namo ipaissassen'o torroa bog kakaitsítsi a ma-a-árra, alla mamatsikap asag-á moddon o tataap, o ai maspot a ummoob aichoies. Ipaka-qua'o torroa ṣaṣárra, depa matsiballách ja micho, alla máchonṣar ma-áchimit o torroa bog a tsjes-oë; hena channumma alla padás ja oa naan torroa ṣaṣárra. Íparar'o machá o torroa ṣaan, depa máchonṣar ṣummarra ja namo inni machá: kasjabaan ipatassina torro tallochon ino barrasan ja torro innai zichil o rapies de babo ta mini. Aladikk'i namo channumma innai tapos o lalál'o ta Ṣaitan: maibas oa sisjiem a-i-jorr'i namo o ta joa ma-áchimit o Auchar-ech. Ṣo-o pagatomma torro inummoob o zijsj'o mini, alli marotul o kakossi kossi; tataap o kakossi mato a rapies kasjabaan oa airab; meách'ijo namo, erábbana tummakkoop torroa kakossi o joa bó, maibas ijo tummakkoop o tapos ai babó ta mini o odum o bi-ini, depa inau decho kartattisan ja namo innai joa morra-dech. Ipáissassena channumma ṣo-o talattalá o tapos cho ma-ádig, ma-ázichil, ṣo-o lalan a a tsjes innai ta Ṣaitan, inau maacháchimit ja torro ta Jesus Christus, tamasea pináttil i namo meách'o o masini:-Namoa Tamau, etc.	Deos o maábo a tsjes rará o maáchonṣar o ai tumṣar i odum, tamasea paube o biini o tataap o arapies, ṣoo rapalna tsjes; inau kaitan ijo páṣai o biini, alla pissassen, maibas o zijsja, alla tummaap; meach'ijo namo ipaissassen'o torroa bog kakaitsítsi a maaárra, alla mamatsikap asagá moddon o tataap, o ai maspot a ummoob aichoies. Ipakaqua'o torroa ṣaṣárra, depa matsiballách ja micho, alla máchonṣar maáchimit o torroa bog a tsjesoë; hena channumma alla padás ja oa naan torroa ṣaṣárra. Íparar'o machá o torroa ṣaan, depa máchonṣar ṣummarra ja namo inni machá: kasjabaan ipatassina torro tallochon ino barrasan ja torro innai zichil o rapies de babo ta mini. Aladikk'i namo channumma innai tapos o lalál'o ta Ṣaitan: maibas oa sisjiem aijorr'i namo o ta joa maáchimit o Aucharech. Ṣoo pagatomma torro inummoob o zijsj'o mini, alli marotul o kakossi kossi; tataap o kakossi mato a rapies kasjabaan oa airab; meách'ijo namo, erábbana tummakkoop torroa kakossi o joa bó, maibas ijo tummakkoop o tapos ai babó ta mini o odum o biini, depa inau decho kartattisan ja namo innai joa morradech. Ipáissassena channumma ṣoo talattalá o tapos cho maádig, maázichil, ṣoo lalan a a tsjes innai ta Ṣaitan, inau maacháchimit ja torro ta Jesus Christus, tamasea pináttil i namo meách'o o masini:-Namoa Tamau, etc.
section_06_title	6	Prayer Before Meals	section_title	title	8	8	40	40	True	21	20	20	Printed Favorlang section heading aligned to Campbell's English heading	Prayer Before Meals.	Ai-ach'o tinnaam Man.	Aiach'o tinnaam Man.
section_06_prayer_before_meals	6	Prayer Before Meals	primary_section		8	9	40	41	True	906	892	909	Printed primary section joined across page boundaries	All eyes wait upon Thee, and thou givest them food in due season. Thou openest Thy hand, and satisfieth every thing that liveth, according to Thy almighty will. Almighty Ruler, Almighty God! who hast created all things, and who by Thy divine power constantly upholdest all things; Thou who hast fed Thy people Israel in the wilderness, graciously extend now Thy bounty to Thy poor servants, and bless these gifts unto us; the gifts which we receive from Thy bountiful hand; so that we may moderately, and in singleness of heart, partake of them, thus acknowledging that Thou art our Father, and that Thou art the source from whence all good cometh. Grant that we may always, and above all other things, seek the Bread of the soul, Thy Word, so that our souls may be fed unto Life everlasting, which Thou hast promised to give us, only for the sake of the great suffering of Thy beloved Son Jesus Christ. Amen.	Machá o tapos o ai tummassín ijo: ṣo-o ijo pe'i decho cho'inochan ka choa rasoom. Ijo kumrár oa rima, ṣo-o padabbi o tapos, o ai morích, kamaibas o aukat oa airab. Ma-acháchimit ta Deos kamabarr'ija tapos o ai, tamasea minerienṣar o tapos ai, ṣo-o tumka taulaulan lan oa barr'o Deossar, ijo tamasea pinaán o chono Israel inni maaimoch a bonna, erábbana tummó joa al-ál i babó torro joa aran o ma-aṣábba, ṣo-o paátsikap i namo áṣosono mini, torro marach innai joa ma-adaldál a rió, alla torro kamaibas o mario oa airab tsimimis o qua a chímit aicho-ies, ṣo-o innai micho madarram alla paga ijo namoa Tamau, ṣo-o chuppód o gagil o tapos rió. Epé-e channumma alla tallochon ṣo-o tinnaam o tapos ai torro summad'o úppono tsjessar, oa ranied innínumma channan ja torroa tsjes pana morích o ma-áchonṣar, o ai pinab'o pape'i namo ijonoë, inau machoté o maáchimit oa aukattan a sjiem badda ta Jesus Christus, Amen.	Machá o tapos o ai tummassín ijo: ṣoo ijo pe'i decho cho'inochan ka choa rasoom. Ijo kumrár oa rima, ṣoo padabbi o tapos, o ai morích, kamaibas o aukat oa airab. Maacháchimit ta Deos kamabarr'ija tapos o ai, tamasea minerienṣar o tapos ai, ṣoo tumka taulaulan lan oa barr'o Deossar, ijo tamasea pinaán o chono Israel inni maaimoch a bonna, erábbana tummó joa alál i babó torro joa aran o maaṣábba, ṣoo paátsikap i namo áṣosono mini, torro marach innai joa maadaldál a rió, alla torro kamaibas o mario oa airab tsimimis o qua a chímit aichoies, ṣoo innai micho madarram alla paga ijo namoa Tamau, ṣoo chuppód o gagil o tapos rió. Epée channumma alla tallochon ṣoo tinnaam o tapos ai torro summad'o úppono tsjessar, oa ranied innínumma channan ja torroa tsjes pana morích o maáchonṣar, o ai pinab'o pape'i namo ijonoë, inau machoté o maáchimit oa aukattan a sjiem badda ta Jesus Christus, Amen.
section_07_title	7	Prayer To Be Used After Meals	section_title	title	9	9	41	41	True	23	20	30	Printed Favorlang section heading aligned to Campbell's English heading	Prayer To Be Used After Meals.	Ai-ach'o a-i-jor a Man.	Aiach'o aijor a Man.
section_07_prayer_after_meals	7	Prayer To Be Used After Meals	primary_section		9	10	41	42	True	1008	1000	1039	Printed primary section joined across page boundaries	After thou hast partaken of food, and art satisfied, thou shalt praise the Lord Thy God for the fertile land that He hath given thee. Take heed that ye do not forget the Lord thy God, and that ye neglect not to keep His commandments and His statutes, as well as the institutions of His Word, which I have (given) commanded you this day. Almighty Ruler, God our Heavenly Father, we praise Thee for all Thy benefits, which we are continually receiving from Thy bountiful hand; that it is Thy divine will we should be sustained by Thee in this transitory life; and that Thou dost give us all that we require; above all things, that Thou hast begotten us unto the hope of a better life, which Thou hast made known unto us through the pure word of Thy Gospel. Merciful God and Father! we pray Thee, that Thou wilt not suffer our souls to cleave unto the perishable possessions of this world; let us on the contrary continually look up to heaven, whence we expect our Saviour Jesus Christ, till He shall appear in the clouds to deliver us. Amen.	Ka ochal mamán a mamaddabí ijonoë, mamadas ijo i ta Jehova oa Deos-ech, inau marió a ta, o ai ochal icho pape'imonoë. E-íllá na joa micho boa, depa poach ijo i ta Jehova, oa Deosṣar, kailau ijo pa ummior o choa átillo, a choa bissebissé, a ṣaṣirau choa ranied, o ai na-a páttillo imoa piadái. Ma-acháchimit ta Deos Tamau de boesum, madás, ijo namo inau tapos joa tataap o rio, torro tallochon marach innai joa ma-adaldál a rima, alla paga oa airab o Deosṣar porích torro boa inni morích o maauribál o mini, ṣo-o pe'i torro tapos o ai maṣabb'ija namo: kamaunionis, all'ijo pinodd'o tattaul'i namo ka tattassín o máso mario a morích, o ai pinab'i namo ijonoë inni oa maáchimit o ranied o Evangelium. Deos o Tamau ma-ábo a tsjes, meach'ijo namo, depa kummono ijo alla mamáchonṣar torroa tsjes insini mikkap o ma-auribál a ballach de ta mini: kasjabaán ipádaukoa torro tallochon pana boesum, all'innaide tummassín torroa maababárras ta Jesus Christus, áte tatummoach icho lallum rabbo pana torroa babarrás, Amen.	Ka ochal mamán a mamaddabí ijonoë, mamadas ijo i ta Jehova oa Deosech, inau marió a ta, o ai ochal icho pape'imonoë. Eíllá na joa micho boa, depa poach ijo i ta Jehova, oa Deosṣar, kailau ijo pa ummior o choa átillo, a choa bissebissé, a ṣaṣirau choa ranied, o ai naa páttillo imoa piadái. Maacháchimit ta Deos Tamau de boesum, madás, ijo namo inau tapos joa tataap o rio, torro tallochon marach innai joa maadaldál a rima, alla paga oa airab o Deosṣar porích torro boa inni morích o maauribál o mini, ṣoo pe'i torro tapos o ai maṣabb'ija namo: kamaunionis, all'ijo pinodd'o tattaul'i namo ka tattassín o máso mario a morích, o ai pinab'i namo ijonoë inni oa maáchimit o ranied o Evangelium. Deos o Tamau maábo a tsjes, meach'ijo namo, depa kummono ijo alla mamáchonṣar torroa tsjes insini mikkap o maauribál a ballach de ta mini: kasjabaán ipádaukoa torro tallochon pana boesum, all'innaide tummassín torroa maababárras ta Jesus Christus, áte tatummoach icho lallum rabbo pana torroa babarrás, Amen.
section_08_title	8	Prayer Before Religious Instruction	section_title	title	11	11	43	43	True	23	22	36	Printed Favorlang section heading aligned to Campbell's English heading	Prayer Before Religious Instruction.	Ai-acha katinnaam Atil.	Aiacha katinnaam Atil.
section_08_prayer_before_instruction	8	Prayer Before Religious Instruction	primary_section		11	11	43	43	True	348	341	382	Printed primary section joined across page boundaries	Come, let us thus pray to God:- O God our heavenly Father! Thy Name is beginning to shed its light upon us, and we are now gathered together to listen to Thy Word, and to be instructed therein: Open our deaf ears, and illumine our dark understandings, in order that we may fully comprehend, understand, and ponder on Thy doctrine, for the sake of Jesus Christ Thy beloved Son. Amen.	Assánman-a torro meach'o Deos-ṣar masini:- Deos o Tamau de boesum, kapesasa tummoach i namo joa naan: ṣo-o marórro ja namo, alla maṣini ṣo-o pattil o joa ranied. Tsikakk'i torroa chorrien a charrina, ṣo-o ipátillaḡḡ'o torroa ma-audum a tsjes, alla marach ja namo, maba, ṣo-o tump'o ḡagíl oa atil inau ta Jesus Christus oa sjiem badd'aukattan, Amen,	Assánmana torro meach'o Deosṣar masini:- Deos o Tamau de boesum, kapesasa tummoach i namo joa naan: ṣoo marórro ja namo, alla maṣini ṣoo pattil o joa ranied. Tsikakk'i torroa chorrien a charrina, ṣoo ipátillaḡḡ'o torroa maaudum a tsjes, alla marach ja namo, maba, ṣoo tump'o ḡagíl oa atil inau ta Jesus Christus oa sjiem badd'aukattan, Amen,
section_09_title	9	Prayer After Religious Instruction	section_title	title	11	11	43	43	True	23	20	35	Printed Favorlang section heading aligned to Campbell's English heading	Prayer After Religious Instruction.	Ai-acha a-i-jor a Atil.	Aiacha aijor a Atil.
section_09_prayer_after_instruction	9	Prayer After Religious Instruction	primary_section		11	12	43	44	True	562	556	556	Printed primary section joined across page boundaries	Come, let us praise and laud our God, now that we have been instructed in His Word. O God, Almighty Father! we have heard that Thou art our Father, that Thou createst, feedest, and sustainest all men. We praise Thy Name, because Thou hast pity upon us, and didst come to call us, to be Thine own peculiar people and children of God. Grant that we may rejoice, and ponder in our hearts on this Thy great mercy, so that we may put off the old man, and as new men follow in the steps of Thy Son Jesus Christ, who has taught us thus to pray: - Our Father, etc.	Kapoṣisi pattil o pia annum mánnumma torroa mamadás i ta Deos masini. Deoso Tamau kamabarr'ija tapos o ai, kaminaṣini ja namo, alla paga ijonoë namoa Tamau, all'ijo merienṣar, paan ṣo-o poríchṣar o tapos o cho. Madás namoa joa naan, inau mabo ijonoe a torro boa, ṣo-o mai malod namono, alla paga oa maunis a cho, ṣo-o sisjiem o Deos. Epé-e maukat namo, ṣo-o tump'i tsjes matoto oa bóno miniṣar, alla namo tummis o raras a cho, ṣo-o maibas o bao a cho tsimichier o morich oa sjiem badda ta Jesus Christus, tamasea pináttil i namo meach'o masini:-Namoa Tamau, etc.	Kapoṣisi pattil o pia annum mánnumma torroa mamadás i ta Deos masini. Deoso Tamau kamabarr'ija tapos o ai, kaminaṣini ja namo, alla paga ijonoë namoa Tamau, all'ijo merienṣar, paan ṣoo poríchṣar o tapos o cho. Madás namoa joa naan, inau mabo ijonoe a torro boa, ṣoo mai malod namono, alla paga oa maunis a cho, ṣoo sisjiem o Deos. Epée maukat namo, ṣoo tump'i tsjes matoto oa bóno miniṣar, alla namo tummis o raras a cho, ṣoo maibas o bao a cho tsimichier o morich oa sjiem badda ta Jesus Christus, tamasea pináttil i namo meach'o masini:-Namoa Tamau, etc.
section_10_title	10	Dialogue Between a Favorlanger and a Dutch Stranger	section_title	title	12	12	44	44	True	60	58	52	Printed Favorlang section heading aligned to Campbell's English heading	Dialogue Between a Favorlanger and a Dutch Stranger.	Karri-atite tuppach o sjam Ternern, ṣo-o ta Holland'-azjies.	Karriatite tuppach o sjam Ternern, ṣoo ta Holland' azjies.
section_10_item_01_favorlanger	10	Dialogue Between a Favorlanger and a Dutch Stranger	dialogue_turn	item_01_favorlanger	12	12	44	44	True	37	37	40	Favorlanger turn split at printed speaker labels; boundary number and label omitted	Well, stranger, from whence do you come?	Azjies au innainumm'ijo kamai insini?	Azjies au innainumm'ijo kamai insini?
section_10_item_01_stranger	10	Dialogue Between a Favorlanger and a Dutch Stranger	dialogue_turn	item_01_stranger	12	12	44	44	True	51	50	64	Dutch stranger turn split at printed speaker labels; boundary number and label omitted	I come from a great distance, from the extreme part of the west.	Kaminai ja ina innai maro, innai ṣies o tsipan-ech.	Kaminai ja ina innai maro, innai ṣies o tsipanech.
section_10_item_02_favorlanger	10	Dialogue Between a Favorlanger and a Dutch Stranger	dialogue_turn	item_02_favorlanger	12	12	44	44	True	57	57	74	Favorlanger turn split at printed speaker labels; boundary number and label omitted	You don't say so! Are you not tired of having walked such a long distance?	Tanaas! ja alli orachan o mababat talcho a maro a tarran?	Tanaas! ja alli orachan o mababat talcho a maro a tarran?
section_10_item_02_stranger	10	Dialogue Between a Favorlanger and a Dutch Stranger	dialogue_turn	item_02_stranger	12	12	44	44	True	90	89	87	Dutch stranger turn split at printed speaker labels; boundary number and label omitted	I have not walked; I was sitting in a large ship, that passed over the sea like a bird.	Paga minababat ina; ka minero-os ja ina de don o mato pasji tarran o abas, maibas o mampa.	Paga minababat ina; ka mineroos ja ina de don o mato pasji tarran o abas, maibas o mampa.
section_10_item_03_favorlanger	10	Dialogue Between a Favorlanger and a Dutch Stranger	dialogue_turn	item_03_favorlanger	12	13	44	45	True	34	34	41	Favorlanger turn split at printed speaker labels; boundary number and label omitted	Is it possible? Were you long on the way?	Tanaas! ja milip de tarran ijonoë?	Tanaas! ja milip de tarran ijonoë?
section_10_item_03_stranger	10	Dialogue Between a Favorlanger and a Dutch Stranger	dialogue_turn	item_03_stranger	12	13	44	45	True	33	33	32	Dutch stranger turn split at printed speaker labels; boundary number and label omitted	Yes, even more than half a year.	Hena; maso milip a ḡeroan a baas.	Hena; maso milip a ḡeroan a baas.
section_10_item_04_favorlanger	10	Dialogue Between a Favorlanger and a Dutch Stranger	dialogue_turn	item_04_favorlanger	13	13	45	45	True	24	24	26	Favorlanger turn split at printed speaker labels; boundary number and label omitted	What do you come here for?	Mai merien onumm'insini?	Mai merien onumm'insini?
section_10_item_04_stranger	10	Dialogue Between a Favorlanger and a Dutch Stranger	dialogue_turn	item_04_stranger	13	13	45	45	True	25	24	33	Dutch stranger turn split at printed speaker labels; boundary number and label omitted	I came to visit the Favorlangers.	Na-a mai tumboel Ternern.	Naa mai tumboel Ternern.
section_10_item_05_favorlanger	10	Dialogue Between a Favorlanger and a Dutch Stranger	dialogue_turn	item_05_favorlanger	13	13	45	45	True	26	26	31	Favorlanger turn split at printed speaker labels; boundary number and label omitted	Have you come only to visit us?	Ja oa mai tumboel baakṣar?	Ja oa mai tumboel baakṣar?
section_10_item_05_stranger	10	Dialogue Between a Favorlanger and a Dutch Stranger	dialogue_turn	item_05_stranger	13	13	45	45	True	22	22	26	Dutch stranger turn split at printed speaker labels; boundary number and label omitted	No, not only to visit you.	Maini: paḡaḡa baakṣar?	Maini: paḡaḡa baakṣar?
section_10_item_06_favorlanger	10	Dialogue Between a Favorlanger and a Dutch Stranger	dialogue_turn	item_06_favorlanger	13	13	45	45	True	18	18	34	Favorlanger turn split at printed speaker labels; boundary number and label omitted	Well, what do you come to do here?	Mai maspot onumma?	Mai maspot onumma?
section_10_item_06_stranger	10	Dialogue Between a Favorlanger and a Dutch Stranger	dialogue_turn	item_06_stranger	13	13	45	45	True	58	56	53	Dutch stranger turn split at printed speaker labels; boundary number and label omitted	I desire to teach the Favorlangers the way to heaven.	Ka na-a maddobor pattil i Ternern o tarran i boesum ai-oë.	Ka naa maddobor pattil i Ternern o tarran i boesum aioë.
section_10_item_07_favorlanger	10	Dialogue Between a Favorlanger and a Dutch Stranger	dialogue_turn	item_07_favorlanger	13	13	45	45	True	95	94	116	Favorlanger turn split at printed speaker labels; boundary number and label omitted	Well, how? Where is the road that leads to heaven? Does there exist such a long ladder that it will reach to heaven?	Oedan, pasji dem'ausoán tarran pana boesum ai; ja paga talcho a ma-atsiló a kittas pana boesum?	Oedan, pasji dem'ausoán tarran pana boesum ai; ja paga talcho a maatsiló a kittas pana boesum?
section_10_item_07_stranger	10	Dialogue Between a Favorlanger and a Dutch Stranger	dialogue_turn	item_07_stranger	13	13	45	45	True	82	80	83	Dutch stranger turn split at printed speaker labels; boundary number and label omitted	You are very foolish; do you not know that God leads the righteous souls to heaven?	Chubboen ijo, ja mautsiri alla ta Deos maracho ma-abisséa tsjes o ai i boesum-ech?	Chubboen ijo, ja mautsiri alla ta Deos maracho maabisséa tsjes o ai i boesumech?
section_10_item_08_favorlanger	10	Dialogue Between a Favorlanger and a Dutch Stranger	dialogue_turn	item_08_favorlanger	13	13	45	45	True	51	50	42	Favorlanger turn split at printed speaker labels; boundary number and label omitted	I thought that haibos took away our souls.	Na'esurro, alla ta haibos marach o torroa tsjes-oë.	Na'esurro, alla ta haibos marach o torroa tsjesoë.
section_10_item_08_stranger	10	Dialogue Between a Favorlanger and a Dutch Stranger	dialogue_turn	item_08_stranger	13	13	45	45	True	35	35	32	Dutch stranger turn split at printed speaker labels; boundary number and label omitted	Who is haibos, a man or a ghost?	Numm'ija haibos ja babosa ja richá?	Numm'ija haibos ja babosa ja richá?
section_10_item_09_favorlanger	10	Dialogue Between a Favorlanger and a Dutch Stranger	dialogue_turn	item_09_favorlanger	13	13	45	45	True	6	6	13	Favorlanger turn split at printed speaker labels; boundary number and label omitted	I don't know.	Nachá.	Nachá.
section_10_item_09_stranger	10	Dialogue Between a Favorlanger and a Dutch Stranger	dialogue_turn	item_09_stranger	13	13	45	45	True	36	36	35	Dutch stranger turn split at printed speaker labels; boundary number and label omitted	Well then, whom do you call haibos?	Oedan, pattonan onumm'ijo ta haibos.	Oedan, pattonan onumm'ijo ta haibos.
section_10_item_10_favorlanger	10	Dialogue Between a Favorlanger and a Dutch Stranger	dialogue_turn	item_10_favorlanger	14	14	46	46	True	38	38	35	Favorlanger turn split at printed speaker labels; boundary number and label omitted	I don't know. Whom do you call God?	Nachánumma: tomm'ijo pattonan ta Deos?	Nachánumma: tomm'ijo pattonan ta Deos?
section_10_item_10_stranger	10	Dialogue Between a Favorlanger and a Dutch Stranger	dialogue_turn	item_10_stranger	14	14	46	46	True	55	54	67	Dutch stranger turn split at printed speaker labels; boundary number and label omitted	The Creator of heaven, of the earth and of the sea: Him I call God.	Ná-a pattonan o Airien o boesum, o ta, a abas, ta Deos.	Náa pattonan o Airien o boesum, o ta, a abas, ta Deos.
section_10_item_11_favorlanger	10	Dialogue Between a Favorlanger and a Dutch Stranger	dialogue_turn	item_11_favorlanger	14	14	46	46	True	44	44	58	Favorlanger turn split at printed speaker labels; boundary number and label omitted	You talk nonsense! Is there a Creator of heaven and earth?	Ijo mauranies: ja pagá Airien o boesum a ta?	Ijo mauranies: ja pagá Airien o boesum a ta?
section_10_item_11_stranger	10	Dialogue Between a Favorlanger and a Dutch Stranger	dialogue_turn	item_11_stranger	14	14	46	46	True	11	11	20	Dutch stranger turn split at printed speaker labels; boundary number and label omitted	Certainly, there is.	Gagil pagá.	Gagil pagá.
section_10_item_12_favorlanger	10	Dialogue Between a Favorlanger and a Dutch Stranger	dialogue_turn	item_12_favorlanger	14	14	46	46	True	16	16	17	Favorlanger turn split at printed speaker labels; boundary number and label omitted	What is his name?	Naan onumm'icho?	Naan onumm'icho?
section_10_item_12_stranger	10	Dialogue Between a Favorlanger and a Dutch Stranger	dialogue_turn	item_12_stranger	14	14	46	46	True	62	62	58	Dutch stranger turn split at printed speaker labels; boundary number and label omitted	His own name is Jehovah; in foreign languages, it is Deos.	Choa maunis naan pagá ta Jehova, inni atite o azjies, ta Deos.	Choa maunis naan pagá ta Jehova, inni atite o azjies, ta Deos.
section_10_item_13_favorlanger	10	Dialogue Between a Favorlanger and a Dutch Stranger	dialogue_turn	item_13_favorlanger	14	14	46	46	True	30	30	26	Favorlanger turn split at printed speaker labels; boundary number and label omitted	What does Jehovah signify?	Numma micho a pattite, Jehova?	Numma micho a pattite, Jehova?
section_10_item_13_stranger	10	Dialogue Between a Favorlanger and a Dutch Stranger	dialogue_turn	item_13_stranger	14	14	46	46	True	90	89	84	Dutch stranger turn split at printed speaker labels; boundary number and label omitted	Jehovah signifies a being or person who has always been, is, and always will remain.	Jehova, micho a pattite, nattada ḡa ja boa tamasea pinaga, paga, ṣo-o machonṣar taulaulan.	Jehova, micho a pattite, nattada ḡa ja boa tamasea pinaga, paga, ṣoo machonṣar taulaulan.
section_10_item_14_favorlanger	10	Dialogue Between a Favorlanger and a Dutch Stranger	dialogue_turn	item_14_favorlanger	14	14	46	46	True	67	67	76	Favorlanger turn split at printed speaker labels; boundary number and label omitted	We do not know anything about God. Can you indeed prove that there is a God?	Mautsirì i ta Deos ja namo; ja mab'o pait'ijonoë alla paga ta Deos?	Mautsirì i ta Deos ja namo; ja mab'o pait'ijonoë alla paga ta Deos?
section_10_item_14_stranger	10	Dialogue Between a Favorlanger and a Dutch Stranger	dialogue_turn	item_14_stranger	14	14	46	46	True	11	11	11	Dutch stranger turn split at printed speaker labels; boundary number and label omitted	Yes, I can.	Hena: maba.	Hena: maba.
section_10_item_15_favorlanger	10	Dialogue Between a Favorlanger and a Dutch Stranger	dialogue_turn	item_15_favorlanger	14	14	46	46	True	28	27	22	Favorlanger turn split at printed speaker labels; boundary number and label omitted	How do you prove that?	Innainumm'ijo pait'o ail-oë?	Innainumm'ijo pait'o ailoë?
section_10_item_15_stranger	10	Dialogue Between a Favorlanger and a Dutch Stranger	dialogue_turn	item_15_stranger	14	14	46	46	True	59	57	52	Dutch stranger turn split at printed speaker labels; boundary number and label omitted	I prove that from the great wisdom and power of God.	Na-a pait'o micho innai aba ṣo-o barr'o Deos talcho a mato.	Naa pait'o micho innai aba ṣoo barr'o Deos talcho a mato.
section_10_item_16_favorlanger	10	Dialogue Between a Favorlanger and a Dutch Stranger	dialogue_turn	item_16_favorlanger	14	15	46	47	True	48	47	60	Favorlanger turn split at printed speaker labels; boundary number and label omitted	In what things does God prove His manifold power and wisdom?	Dema ta Deos pait'o choa barro, ṣo-o aba matoto?	Dema ta Deos pait'o choa barro, ṣoo aba matoto?
section_10_item_16_stranger	10	Dialogue Between a Favorlanger and a Dutch Stranger	dialogue_turn	item_16_stranger	14	15	46	47	True	26	26	17	Dutch stranger turn split at printed speaker labels; boundary number and label omitted	In His own works.	Inni choa maunis o tataap.	Inni choa maunis o tataap.
section_10_item_17_favorlanger	10	Dialogue Between a Favorlanger and a Dutch Stranger	dialogue_turn	item_17_favorlanger	15	15	47	47	True	14	14	11	Favorlanger turn split at printed speaker labels; boundary number and label omitted	What works?	Tataap onumma?	Tataap onumma?
section_10_item_17_stranger	10	Dialogue Between a Favorlanger and a Dutch Stranger	dialogue_turn	item_17_stranger	15	15	47	47	True	38	36	31	Dutch stranger turn split at printed speaker labels; boundary number and label omitted	Very mighty and glorious works.	Tataap mauchus a ma-ábarra, ma-atásso.	Tataap mauchus a maábarra, maatásso.
section_10_item_18_favorlanger	10	Dialogue Between a Favorlanger and a Dutch Stranger	dialogue_turn	item_18_favorlanger	15	15	47	47	True	21	21	24	Favorlanger turn split at printed speaker labels; boundary number and label omitted	What may these works be?	Ipab'o tataap o mini?	Ipab'o tataap o mini?
section_10_item_18_stranger	10	Dialogue Between a Favorlanger and a Dutch Stranger	dialogue_turn	item_18_stranger	15	15	47	47	True	84	84	106	Dutch stranger turn split at printed speaker labels; boundary number and label omitted	Heaven, the earth, the sea, sun, moon, large and small stars, the clouds, lightning, thunder, earthquakes.	Boesum, tapos o ta, abas, zijsja, idas, babóan, aisennas, rabbo, lalka, bioa, sasio.	Boesum, tapos o ta, abas, zijsja, idas, babóan, aisennas, rabbo, lalka, bioa, sasio.
section_10_item_19_favorlanger	10	Dialogue Between a Favorlanger and a Dutch Stranger	dialogue_turn	item_19_favorlanger	15	15	47	47	True	45	45	30	Favorlanger turn split at printed speaker labels; boundary number and label omitted	Are these all God's own works?	Ja mini tapos ai paga maunis a tataap o Deos?	Ja mini tapos ai paga maunis a tataap o Deos?
section_10_item_19_stranger	10	Dialogue Between a Favorlanger and a Dutch Stranger	dialogue_turn	item_19_stranger	15	15	47	47	True	7	7	9	Dutch stranger turn split at printed speaker labels; boundary number and label omitted	They are.	Paḡána.	Paḡána.
section_10_item_20_favorlanger	10	Dialogue Between a Favorlanger and a Dutch Stranger	dialogue_turn	item_20_favorlanger	15	15	47	47	True	22	22	22	Favorlanger turn split at printed speaker labels; boundary number and label omitted	How do you prove that?	Moed'ijo pait'o micho?	Moed'ijo pait'o micho?
section_10_item_20_stranger	10	Dialogue Between a Favorlanger and a Dutch Stranger	dialogue_turn	item_20_stranger	15	15	47	47	True	94	92	105	Dutch stranger turn split at printed speaker labels; boundary number and label omitted	I prove it in this way: either heaven, earth, and the sea have always existed, or some one has made them.	Na-a paita masini; ja pinaga taulaulan boesum, a ta, ṣo-o abas, ja inerien, innai de romanech.	Naa paita masini; ja pinaga taulaulan boesum, a ta, ṣoo abas, ja inerien, innai de romanech.
section_10_item_21_favorlanger	10	Dialogue Between a Favorlanger and a Dutch Stranger	dialogue_turn	item_21_favorlanger	15	15	47	47	True	74	73	79	Favorlanger turn split at printed speaker labels; boundary number and label omitted	Perhaps heaven has not been made by some one, but has always existed of itself.	Matalam alli inerien innai de roman-ech, kamaunis pinaga boesum taulaulan?	Matalam alli inerien innai de romanech, kamaunis pinaga boesum taulaulan?
section_10_item_21_stranger	10	Dialogue Between a Favorlanger and a Dutch Stranger	dialogue_turn	item_21_stranger	15	15	47	47	True	77	75	74	Dutch stranger turn split at printed speaker labels; boundary number and label omitted	You err. That the heaven has been made by another, is proved by its glory.	Ijo poelakies. All'inerien ja boesum innaide roman, na-a pait'innai cho'a-lá.	Ijo poelakies. All'inerien ja boesum innaide roman, naa pait'innai cho'alá.
section_10_item_22_favorlanger	10	Dialogue Between a Favorlanger and a Dutch Stranger	dialogue_turn	item_22_favorlanger	15	16	47	48	True	23	22	28	Favorlanger turn split at printed speaker labels; boundary number and label omitted	What is the glory of heaven?	Numm'ija a-lá o boesum?	Numm'ija alá o boesum?
section_10_item_22_stranger	10	Dialogue Between a Favorlanger and a Dutch Stranger	dialogue_turn	item_22_stranger	15	16	47	48	True	94	91	108	Dutch stranger turn split at printed speaker labels; boundary number and label omitted	That it is round like a globe, quite transparent, and that in its whole circumference there are many lights.	Alla moḡariniḡini, machallo-chállo o auchos aicho-ech ṣo-o mapan rará inni choa baan o lallum.	Alla moḡariniḡini, machallochállo o auchos aichoech ṣoo mapan rará inni choa baan o lallum.
section_10_item_23_favorlanger	10	Dialogue Between a Favorlanger and a Dutch Stranger	dialogue_turn	item_23_favorlanger	16	16	48	48	True	39	38	50	Favorlanger turn split at printed speaker labels; boundary number and label omitted	Has heaven been made and adorned by another being?	Ja inaal-lá innai de roman boesum aioë?	Ja inaallá innai de roman boesum aioë?
section_10_item_23_stranger	10	Dialogue Between a Favorlanger and a Dutch Stranger	dialogue_turn	item_23_stranger	16	16	48	48	True	37	37	40	Dutch stranger turn split at printed speaker labels; boundary number and label omitted	Has heaven itself adorned its structure?	Ja boesum maunis minall'o cho'achieb?	Ja boesum maunis minall'o cho'achieb?
section_10_item_24_favorlanger	10	Dialogue Between a Favorlanger and a Dutch Stranger	dialogue_turn	item_24_favorlanger	16	16	48	48	True	8	8	8	Favorlanger turn split at printed speaker labels; boundary number and label omitted	Perhaps!	Matalam!	Matalam!
section_10_item_24_stranger	10	Dialogue Between a Favorlanger and a Dutch Stranger	dialogue_turn	item_24_stranger	16	16	48	48	True	15	15	12	Dutch stranger turn split at printed speaker labels; boundary number and label omitted	By no means!	Pagaga chaddai!	Pagaga chaddai!
section_10_item_25_favorlanger	10	Dialogue Between a Favorlanger and a Dutch Stranger	dialogue_turn	item_25_favorlanger	16	16	48	48	True	10	10	4	Favorlanger turn split at printed speaker labels; boundary number and label omitted	Why?	Inaunumma?	Inaunumma?
section_10_item_25_stranger	10	Dialogue Between a Favorlanger and a Dutch Stranger	dialogue_turn	item_25_stranger	16	16	48	48	True	219	215	239	Dutch stranger turn split at printed speaker labels; boundary number and label omitted	There is neither life, nor understanding, nor knowledge in its whole structure. Hence it follows, that if heaven has been adorned by some one else, it has also been made by some one else. He who has adorned heaven, has also created heaven.	Pa moríchṣar, pa ṣaan ja aba ini choa tapos achieb: innainumma ummior, sja inaal-lá innai de roman boesum ai, all-ineriensar channumma innai de roman-ech: tamasea pinaal-lá o boesum kamaunis minerien o boesum channumma.	Pa moríchṣar, pa ṣaan ja aba ini choa tapos achieb: innainumma ummior, sja inaallá innai de roman boesum ai, allineriensar channumma innai de romanech: tamasea pinaallá o boesum kamaunis minerien o boesum channumma.
section_10_item_26_favorlanger	10	Dialogue Between a Favorlanger and a Dutch Stranger	dialogue_turn	item_26_favorlanger	16	16	48	48	True	83	82	92	Favorlanger turn split at printed speaker labels; boundary number and label omitted	You are in the right. What other evidence have you that heaven has been created by some one?	Ka ummior ina. Innainumm'ijo paita taulan all'inerienṣar innai de roman boesum-ech?	Ka ummior ina. Innainumm'ijo paita taulan all'inerienṣar innai de roman boesumech?
section_10_item_26_stranger	10	Dialogue Between a Favorlanger and a Dutch Stranger	dialogue_turn	item_26_stranger	16	16	48	48	True	159	155	214	Dutch stranger turn split at printed speaker labels; boundary number and label omitted	Because heaven, the sun, moon and all its lights, are subservient to the dominion of a being who makes them subservient to Him, and who commands them to serve man, the earth, the herbs, and the fruits of the field.	Inau boesum, zijsja, idas, ṣo-o tapos choa rará ummior o chachimit o roman-ech, tamasea pauloan aicho-ies, ṣo-o pattillo aran o cho, o ta, o baziep, o inochan.	Inau boesum, zijsja, idas, ṣoo tapos choa rará ummior o chachimit o romanech, tamasea pauloan aichoies, ṣoo pattillo aran o cho, o ta, o baziep, o inochan.
section_10_item_27_favorlanger	10	Dialogue Between a Favorlanger and a Dutch Stranger	dialogue_turn	item_27_favorlanger	17	17	49	49	True	74	74	87	Favorlanger turn split at printed speaker labels; boundary number and label omitted	Indeed! do heaven, sun, and moon, serve man, the earth, herbs, and fruits of the field?	Mai numma, ja boesum, zijsja, idas, aran o cho, o ta, o baziep, o inochan?	Mai numma, ja boesum, zijsja, idas, aran o cho, o ta, o baziep, o inochan?
section_10_item_27_stranger	10	Dialogue Between a Favorlanger and a Dutch Stranger	dialogue_turn	item_27_stranger	17	17	49	49	True	16	15	23	Dutch stranger turn split at printed speaker labels; boundary number and label omitted	They indeed serve them.	Ka-aran gagilna.	Kaaran gagilna.
section_10_item_28_favorlanger	10	Dialogue Between a Favorlanger and a Dutch Stranger	dialogue_turn	item_28_favorlanger	17	17	49	49	True	13	13	11	Favorlanger turn split at printed speaker labels; boundary number and label omitted	Prove this.	Ipait'o ailo.	Ipait'o ailo.
section_10_item_28_stranger	10	Dialogue Between a Favorlanger and a Dutch Stranger	dialogue_turn	item_28_stranger	17	17	49	49	True	285	279	331	Dutch stranger turn split at printed speaker labels; boundary number and label omitted	Heaven moves continually from east to west, and hastens to return again to the east. The sun and the moon in heaven never fail to rise and to set. The sun rises in order to illuminate the earth, to warm it, and to bring rain over the fruits of the field, the herbs, and the trees; so that they may bud, grow, and bring forth fruit.	Boesum tallochon magarieb innai baijan pana tsipan, ṣo-o madaap pacheoach pana bajan. Zijsja-da idas inni boesum alli poelakies o tummoach a meodup. Katummoach zijsja-da alla parar'o tapos o ta, alla pattadach ṣo-o pautas o inochan, o baziep, o baron, alla chummo-o, ṣummoos, ṣo-o poa.	Boesum tallochon magarieb innai baijan pana tsipan, ṣoo madaap pacheoach pana bajan. Zijsjada idas inni boesum alli poelakies o tummoach a meodup. Katummoach zijsjada alla parar'o tapos o ta, alla pattadach ṣoo pautas o inochan, o baziep, o baron, alla chummoo, ṣummoos, ṣoo poa.
section_10_item_29_favorlanger	10	Dialogue Between a Favorlanger and a Dutch Stranger	dialogue_turn	item_29_favorlanger	17	17	49	49	True	43	43	87	Favorlanger turn split at printed speaker labels; boundary number and label omitted	What service does the moon render to man, to the fruits of the field, and to the herbs?	Moeda idas aran o cho, o inochan, o baziep?	Moeda idas aran o cho, o inochan, o baziep?
section_10_item_29_stranger	10	Dialogue Between a Favorlanger and a Dutch Stranger	dialogue_turn	item_29_stranger	17	17	49	49	True	132	128	218	Dutch stranger turn split at printed speaker labels; boundary number and label omitted	The moon rises and takes the place of the sun, in order to dispel the darkness of night; and through means of her moisture, she tempers the heat of the sun, so that the fruits of the field and the herbs may not wither.	Katumoach idas, ṣo-o rummodsi o zijsja-da, alla odum o bi-ini, ṣo-o pakaqua o choa tach tadach o zijsja, pa machá inochan ja baziep.	Katumoach idas, ṣoo rummodsi o zijsjada, alla odum o biini, ṣoo pakaqua o choa tach tadach o zijsja, pa machá inochan ja baziep.
section_10_item_30_favorlanger	10	Dialogue Between a Favorlanger and a Dutch Stranger	dialogue_turn	item_30_favorlanger	17	18	49	50	True	136	135	230	Favorlanger turn split at printed speaker labels; boundary number and label omitted	The power must indeed be great that can command such immense bodies, and make them subservient to Him, so that they are constantly serving the earth here below, the herbs, and the fruits of the field, destined for the food of man.	Gagil mato a chachimit pauloan ṣo-o pattillono talcho a mato achieb, all'aicho tallochon aran o ta mini rapo, o baziep, o inochan o cho.	Gagil mato a chachimit pauloan ṣoo pattillono talcho a mato achieb, all'aicho tallochon aran o ta mini rapo, o baziep, o inochan o cho.
section_10_item_30_stranger	10	Dialogue Between a Favorlanger and a Dutch Stranger	dialogue_turn	item_30_stranger	17	18	49	50	True	172	169	213	Dutch stranger turn split at printed speaker labels; boundary number and label omitted	So it is: and hence it follows, as I wished to prove, that heaven and earth, the sun and moon, have been created by some Being, so that they may be nothing else but the servants of His power, and obey His command.	Gagilna: ṣo-o innai decho ummior maibas merab o paita ina, alla boesum, zijsja, idas inerienṣar innai de roman-ech, inau aicho maibas o aran ummior o chachimit ṣo-o atillo.	Gagilna: ṣoo innai decho ummior maibas merab o paita ina, alla boesum, zijsja, idas inerienṣar innai de romanech, inau aicho maibas o aran ummior o chachimit ṣoo atillo.
section_10_item_31_favorlanger	10	Dialogue Between a Favorlanger and a Dutch Stranger	dialogue_turn	item_31_favorlanger	18	18	50	50	True	135	133	160	Favorlanger turn split at printed speaker labels; boundary number and label omitted	I also agree to this. He who has dominion over heaven and all its lights, and causes them to serve Him, is surely the Creator of heaven, as you now have proved.	Na-a ummior channumma, tamasea pauloan ṣo-o chummimit o boesum, o tapos choa rará, gagil pagá airien o boesum, maibas o pia pinait'ija.	Naa ummior channumma, tamasea pauloan ṣoo chummimit o boesum, o tapos choa rará, gagil pagá airien o boesum, maibas o pia pinait'ija.
section_10_item_31_stranger	10	Dialogue Between a Favorlanger and a Dutch Stranger	dialogue_turn	item_31_stranger	18	18	50	50	True	169	165	174	Dutch stranger turn split at printed speaker labels; boundary number and label omitted	Know, too, that the Creator of heaven is indeed powerful, bountiful, and kind; He constantly remembers man, causes the sun to rise, and also gives rain, and has pity upon us.	Abá channumma, all'airien o boesum gagil mabarra, ma-al-ál, ṣo-o mario a tsjes, tamasea tallochon tump'o babosa, patoach o zijsja, pautas, ṣo-o kamabo mauchus torro boa.	Abá channumma, all'airien o boesum gagil mabarra, maalál, ṣoo mario a tsjes, tamasea tallochon tump'o babosa, patoach o zijsja, pautas, ṣoo kamabo mauchus torro boa.
section_10_item_32_favorlanger	10	Dialogue Between a Favorlanger and a Dutch Stranger	dialogue_turn	item_32_favorlanger	18	18	50	50	True	118	118	167	Favorlanger turn split at printed speaker labels; boundary number and label omitted	Now I understand the matter. Certainly, if it did not rain, if the sun did not rise, all things would perish; trees, herbs, cows, horses, deer, and men, would all die.	Ka mab'o pia: oedan, sja alli moetas, alli tummoach a zijsja, kamamachá tapos o baron, baziep, binnan, loan, a babosa.	Ka mab'o pia: oedan, sja alli moetas, alli tummoach a zijsja, kamamachá tapos o baron, baziep, binnan, loan, a babosa.
section_10_item_32_stranger	10	Dialogue Between a Favorlanger and a Dutch Stranger	dialogue_turn	item_32_stranger	18	18	50	50	True	118	114	108	Dutch stranger turn split at printed speaker labels; boundary number and label omitted	Now it is proved that heaven and all its lights have been made by some Being, as also the earth and the sea.	Ka inipait'o pia, alla boesum ṣo-o tapos choa rará ka-inerienṣar innai de roman-ech, maibas o ta channumma, ṣo-o abas.	Ka inipait'o pia, alla boesum ṣoo tapos choa rará kainerienṣar innai de romanech, maibas o ta channumma, ṣoo abas.
section_10_item_33_favorlanger	10	Dialogue Between a Favorlanger and a Dutch Stranger	dialogue_turn	item_33_favorlanger	18	19	50	51	True	112	111	113	Favorlanger turn split at printed speaker labels; boundary number and label omitted	Well, you have not yet proved that heaven, earth, and the sea, are Jehovah's own works, as you just now declared.	Mai, acho ijo pinaita, alla boesum, a ta, a abas paga maunis a taap o Jehova ja Deos, maibas ijo pala naassa-da.	Mai, acho ijo pinaita, alla boesum, a ta, a abas paga maunis a taap o Jehova ja Deos, maibas ijo pala naassada.
section_10_item_33_stranger	10	Dialogue Between a Favorlanger and a Dutch Stranger	dialogue_turn	item_33_stranger	18	19	50	51	True	99	98	87	Dutch stranger turn split at printed speaker labels; boundary number and label omitted	What! are they not God's own works? Whose works are they then? Can man do those things?	Oedan! sja alli maunis a taap o Deos, tomm'ija tataap paga micho, ja babosa mab'o merien aicho-ies?	Oedan! sja alli maunis a taap o Deos, tomm'ija tataap paga micho, ja babosa mab'o merien aichoies?
section_10_item_34_favorlanger	10	Dialogue Between a Favorlanger and a Dutch Stranger	dialogue_turn	item_34_favorlanger	19	19	51	51	True	43	43	44	Favorlanger turn split at printed speaker labels; boundary number and label omitted	May it not be that haibos has made them all?	Matalam ta haibos minerien o mini tapos ai.	Matalam ta haibos minerien o mini tapos ai.
section_10_item_34_stranger	10	Dialogue Between a Favorlanger and a Dutch Stranger	dialogue_turn	item_34_stranger	19	19	51	51	True	56	56	69	Dutch stranger turn split at printed speaker labels; boundary number and label omitted	Do you think haibos is the creator of heaven, the earth, and the sea?	Ja poetat o haibos airien o boesum, o ta, a abás ijonoë?	Ja poetat o haibos airien o boesum, o ta, a abás ijonoë?
section_10_item_35_favorlanger	10	Dialogue Between a Favorlanger and a Dutch Stranger	dialogue_turn	item_35_favorlanger	19	19	51	51	True	15	14	11	Favorlanger turn split at printed speaker labels; boundary number and label omitted	I think so.	Na-a poetatṣar.	Naa poetatṣar.
section_10_item_35_stranger	10	Dialogue Between a Favorlanger and a Dutch Stranger	dialogue_turn	item_35_stranger	19	19	51	51	True	35	35	40	Dutch stranger turn split at printed speaker labels; boundary number and label omitted	That, therefore, haibos is the true God?	Masini papaga Deos gagil ta haibos?	Masini papaga Deos gagil ta haibos?
section_10_item_36_favorlanger	10	Dialogue Between a Favorlanger and a Dutch Stranger	dialogue_turn	item_36_favorlanger	19	19	51	51	True	13	13	14	Favorlanger turn split at printed speaker labels; boundary number and label omitted	Perhaps he is.	Matalam paga.	Matalam paga.
section_10_item_36_stranger	10	Dialogue Between a Favorlanger and a Dutch Stranger	dialogue_turn	item_36_stranger	19	19	51	51	True	43	43	48	Dutch stranger turn split at printed speaker labels; boundary number and label omitted	Can you prove that, or do you only imagine this?	Ja mab'o pait'o ailoë, ja poetat o baakṣar?	Ja mab'o pait'o ailoë, ja poetat o baakṣar?
section_10_item_37_favorlanger	10	Dialogue Between a Favorlanger and a Dutch Stranger	dialogue_turn	item_37_favorlanger	19	19	51	51	True	42	40	46	Favorlanger turn split at printed speaker labels; boundary number and label omitted	I follow the ancient belief of my forefathers.	Na-a ummior o autat na-a boeboeno anibaas.	Naa ummior o autat naa boeboeno anibaas.
section_10_item_37_stranger	10	Dialogue Between a Favorlanger and a Dutch Stranger	dialogue_turn	item_37_stranger	19	19	51	51	True	22	22	38	Dutch stranger turn split at printed speaker labels; boundary number and label omitted	That is a very foolish idea or belief.	Autat o baak ja micho.	Autat o baak ja micho.
section_10_item_38_favorlanger	10	Dialogue Between a Favorlanger and a Dutch Stranger	dialogue_turn	item_38_favorlanger	19	19	51	51	True	22	22	22	Favorlanger turn split at printed speaker labels; boundary number and label omitted	How do you prove that?	Moed'ijo pait'o aicho?	Moed'ijo pait'o aicho?
section_10_item_38_stranger	10	Dialogue Between a Favorlanger and a Dutch Stranger	dialogue_turn	item_38_stranger	19	19	51	51	True	39	38	45	Dutch stranger turn split at printed speaker labels; boundary number and label omitted	Your forefathers have not known the true God.	Oa boeboe-no minautsiri o gagil o Deos.	Oa boeboeno minautsiri o gagil o Deos.
section_10_item_39_favorlanger	10	Dialogue Between a Favorlanger and a Dutch Stranger	dialogue_turn	item_39_favorlanger	19	19	51	51	True	10	10	4	Favorlanger turn split at printed speaker labels; boundary number and label omitted	Why?	Inaunumma?	Inaunumma?
section_10_item_39_stranger	10	Dialogue Between a Favorlanger and a Dutch Stranger	dialogue_turn	item_39_stranger	19	19	51	51	True	47	47	51	Dutch stranger turn split at printed speaker labels; boundary number and label omitted	They have been ignorant of the written Word of God.	Minautsiri o ranied o Deos kabinidoan dechonoë.	Minautsiri o ranied o Deos kabinidoan dechonoë.
section_10_item_40_favorlanger	10	Dialogue Between a Favorlanger and a Dutch Stranger	dialogue_turn	item_40_favorlanger	19	19	51	51	True	44	44	43	Favorlanger turn split at printed speaker labels; boundary number and label omitted	Well, then, is there a written Word of God?	Mai numma, ja paga kabinidoan ranied o Deos?	Mai numma, ja paga kabinidoan ranied o Deos?
section_10_item_40_stranger	10	Dialogue Between a Favorlanger and a Dutch Stranger	dialogue_turn	item_40_stranger	19	19	51	51	True	7	7	14	Dutch stranger turn split at printed speaker labels; boundary number and label omitted	Yes, there is.	Paḡána.	Paḡána.
section_10_item_41_favorlanger	10	Dialogue Between a Favorlanger and a Dutch Stranger	dialogue_turn	item_41_favorlanger	20	20	52	52	True	33	33	34	Favorlanger turn split at printed speaker labels; boundary number and label omitted	What kind of written Word is that?	Numma kabinidoan ranied ja micho?	Numma kabinidoan ranied ja micho?
section_10_item_41_stranger	10	Dialogue Between a Favorlanger and a Dutch Stranger	dialogue_turn	item_41_stranger	20	20	52	52	True	45	45	78	Dutch stranger turn split at printed speaker labels; boundary number and label omitted	A Word, or divine declaration, in which God speaks of His own being or person.	Atite o al'o Deos innai choa micho ḡa ja boa.	Atite o al'o Deos innai choa micho ḡa ja boa.
section_10_item_42_favorlanger	10	Dialogue Between a Favorlanger and a Dutch Stranger	dialogue_turn	item_42_favorlanger	20	20	52	52	True	35	35	42	Favorlanger turn split at printed speaker labels; boundary number and label omitted	Has God Himself made His own person known?	Ja maunis pinab'o choa boa ta Deos?	Ja maunis pinab'o choa boa ta Deos?
section_10_item_42_stranger	10	Dialogue Between a Favorlanger and a Dutch Stranger	dialogue_turn	item_42_stranger	20	20	52	52	True	5	5	12	Dutch stranger turn split at printed speaker labels; boundary number and label omitted	Yes, He has.	Hena.	Hena.
section_10_item_43_favorlanger	10	Dialogue Between a Favorlanger and a Dutch Stranger	dialogue_turn	item_43_favorlanger	20	20	52	52	True	9	9	5	Favorlanger turn split at printed speaker labels; boundary number and label omitted	When?	Aninumma?	Aninumma?
section_10_item_43_stranger	10	Dialogue Between a Favorlanger and a Dutch Stranger	dialogue_turn	item_43_stranger	20	20	52	52	True	49	49	56	Dutch stranger turn split at printed speaker labels; boundary number and label omitted	Long ago, from the beginning, when all things were made.	Ani milip, innai aisas'o inerien o mini tapos ai.	Ani milip, innai aisas'o inerien o mini tapos ai.
section_10_item_44_favorlanger	10	Dialogue Between a Favorlanger and a Dutch Stranger	dialogue_turn	item_44_favorlanger	20	20	52	52	True	41	40	40	Favorlanger turn split at printed speaker labels; boundary number and label omitted	To which people did God reveal His Word?	Tomma-da cho pinab'o choa ranied ta Deos?	Tommada cho pinab'o choa ranied ta Deos?
section_10_item_44_stranger	10	Dialogue Between a Favorlanger and a Dutch Stranger	dialogue_turn	item_44_stranger	20	20	52	52	True	224	218	222	Dutch stranger turn split at printed speaker labels; boundary number and label omitted	To the Jewish people, and to the righteous prophets, who have been of old, as Abraham, Jacob, Moses, Samuel, David; who received the divine doctrine, so that they, as intelligent teachers, might instruct the common people.	Chono i Judea, ṣo-o ta ma-aijaab ma-abisse-bissé tsjes anibaas, ta Abraham, ta Jacob, ta Moses, ta Samuel, ta David, tamasea minarach o atil o Deos, alla maibas o ma-atil o mabada tsjes allecho pattil o chono baak decho-noë.	Chono i Judea, ṣoo ta maaijaab maabissebissé tsjes anibaas, ta Abraham, ta Jacob, ta Moses, ta Samuel, ta David, tamasea minarach o atil o Deos, alla maibas o maatil o mabada tsjes allecho pattil o chono baak dechonoë.
section_10_item_45_favorlanger	10	Dialogue Between a Favorlanger and a Dutch Stranger	dialogue_turn	item_45_favorlanger	20	20	52	52	True	58	57	63	Favorlanger turn split at printed speaker labels; boundary number and label omitted	Why does God so earnestly desire to declare and reveal Himself?	Annumma maddobor maunis-o-ala ṣo-o pab'o choa boa ta Deos?	Annumma maddobor maunis o ala ṣoo pab'o choa boa ta Deos?
section_10_item_45_stranger	10	Dialogue Between a Favorlanger and a Dutch Stranger	dialogue_turn	item_45_stranger	20	20	52	52	True	37	37	70	Dutch stranger turn split at printed speaker labels; boundary number and label omitted	Because our understanding is void, and bereft of the knowledge of God.	Inau marotul o ab'o Deos torroa ṣaan.	Inau marotul o ab'o Deos torroa ṣaan.
section_10_item_46_favorlanger	10	Dialogue Between a Favorlanger and a Dutch Stranger	dialogue_turn	item_46_favorlanger	20	21	52	53	True	63	63	45	Favorlanger turn split at printed speaker labels; boundary number and label omitted	And do we not of ourselves know the true God?	Ja torro alli madarram o Deos o gagil innai autat torroa micho?	Ja torro alli madarram o Deos o gagil innai autat torroa micho?
section_10_item_46_stranger	10	Dialogue Between a Favorlanger and a Dutch Stranger	dialogue_turn	item_46_stranger	20	21	52	53	True	446	442	479	Dutch stranger turn split at printed speaker labels; boundary number and label omitted	No. Although this entire structure from top to bottom testifies of its Creator, and proves that there is a certain Person or Spirit, the most intelligent, the most powerful, who has made and adorned all these things; though His wisdom and power are seen, still we can by no means see who this Creator is. The Creator would remain quite hidden, if God had not added His Word given to us so many years ago, and if He had not given us an image of His own person in His written Word.	Pa: pagatomma tapos o tataap o mini innai babo pana rapó pait'o cho'airien, alla paga charri o boa ja tsjes, kummasjies a maachéer, a ma-abarra, tamasea minerien ṣo-o pinaal-lá o mini tapos ai pagatomma itan choa aba, a barra, pagaga aban chaddai, tomm'ija Airien o mini, kapapoetautachṣar o auchos ma-acharrieb Airien o ai, sja alli pinachip o choa ranied ta Deos, sja inni cho'atite kabinidoan anibaas alli pinattas o tatchier o choa micho boa.	Pa: pagatomma tapos o tataap o mini innai babo pana rapó pait'o cho'airien, alla paga charri o boa ja tsjes, kummasjies a maachéer, a maabarra, tamasea minerien ṣoo pinaallá o mini tapos ai pagatomma itan choa aba, a barra, pagaga aban chaddai, tomm'ija Airien o mini, kapapoetautachṣar o auchos maacharrieb Airien o ai, sja alli pinachip o choa ranied ta Deos, sja inni cho'atite kabinidoan anibaas alli pinattas o tatchier o choa micho boa.
section_10_item_47_favorlanger	10	Dialogue Between a Favorlanger and a Dutch Stranger	dialogue_turn	item_47_favorlanger	21	21	53	53	True	29	29	41	Favorlanger turn split at printed speaker labels; boundary number and label omitted	Why does God remain so completely hidden?	Inaunumma macharrieb ta Deos?	Inaunumma macharrieb ta Deos?
section_10_item_47_stranger	10	Dialogue Between a Favorlanger and a Dutch Stranger	dialogue_turn	item_47_stranger	21	21	53	53	True	115	114	144	Dutch stranger turn split at printed speaker labels; boundary number and label omitted	He is quite a spiritual Being, whom we cannot see nor handle, as we can our bodies; God has no bones, sinews, blood or flesh, nor has He a body.	Paga tsjes o auchos icho, tamasea pa itan, pa ṣiddo-on maibas o bogṣar; pa oot, oḡḡach, taḡḡa, boa, bogṣar ta Deos.	Paga tsjes o auchos icho, tamasea pa itan, pa ṣiddoon maibas o bogṣar; pa oot, oḡḡach, taḡḡa, boa, bogṣar ta Deos.
section_10_item_48_favorlanger	10	Dialogue Between a Favorlanger and a Dutch Stranger	dialogue_turn	item_48_favorlanger	21	21	53	53	True	38	38	24	Favorlanger turn split at printed speaker labels; boundary number and label omitted	Is haibos also a spirit?	Ta haibos paga channumma baak o tsjes?	Ta haibos paga channumma baak o tsjes?
section_10_item_48_stranger	10	Dialogue Between a Favorlanger and a Dutch Stranger	dialogue_turn	item_48_stranger	21	21	53	53	True	40	39	42	Dutch stranger turn split at printed speaker labels; boundary number and label omitted	You do not know haibos, nor his malignity.	Ijo mautsiri o haibos, ṣo-o cho'arapies.	Ijo mautsiri o haibos, ṣoo cho'arapies.
section_10_item_49_favorlanger	10	Dialogue Between a Favorlanger and a Dutch Stranger	dialogue_turn	item_49_favorlanger	21	22	53	54	True	27	27	23	Favorlanger turn split at printed speaker labels; boundary number and label omitted	What! is haibos wicked?	Numma, ja rapies ta haibos?	Numma, ja rapies ta haibos?
section_10_item_49_stranger	10	Dialogue Between a Favorlanger and a Dutch Stranger	dialogue_turn	item_49_stranger	21	22	53	54	True	170	167	219	Dutch stranger turn split at printed speaker labels; boundary number and label omitted	Certainly. Have not your forefathers, who lived many years ago, and do you not yourselves, murmur and grumble about haibos? Do you not complain that he beats you and makes you ill? Do you not call him the wicked haibos?	Oedan, ja oa boeboe-no anibaas, ṣo-o ijo channumma alli makarrichi tallochon i haibos, alli poddodo inau ṣimioch ṣo-o pach'ijo madig, alli pattonan ja icho rapies haibos?	Oedan, ja oa boeboeno anibaas, ṣoo ijo channumma alli makarrichi tallochon i haibos, alli poddodo inau ṣimioch ṣoo pach'ijo madig, alli pattonan ja icho rapies haibos?
section_10_item_50_favorlanger	10	Dialogue Between a Favorlanger and a Dutch Stranger	dialogue_turn	item_50_favorlanger	22	22	54	54	True	26	26	26	Favorlanger turn split at printed speaker labels; boundary number and label omitted	Perhaps we make a mistake.	Matalam poelakies ja namo.	Matalam poelakies ja namo.
section_10_item_50_stranger	10	Dialogue Between a Favorlanger and a Dutch Stranger	dialogue_turn	item_50_stranger	22	22	54	54	True	145	142	160	Dutch stranger turn split at printed speaker labels; boundary number and label omitted	Not at all; he is decidedly wicked and malignant. Therefore haibos is called the wicked one; that is to say, he is a ringleader in rebellion, and the evil-doer.	Maini: pagá gagil arapies icho, ṣo-o o auchos rapies tsjes. Inau micho attonannan ta haibos rapies ai, micho a pattite, ma-akakossi a ma-arapies?	Maini: pagá gagil arapies icho, ṣoo o auchos rapies tsjes. Inau micho attonannan ta haibos rapies ai, micho a pattite, maakakossi a maarapies?
section_10_item_51_favorlanger	10	Dialogue Between a Favorlanger and a Dutch Stranger	dialogue_turn	item_51_favorlanger	22	22	54	54	True	43	43	33	Favorlanger turn split at printed speaker labels; boundary number and label omitted	We call him also the good haibos.	Torro pattonan icho channumma mario haibos.	Torro pattonan icho channumma mario haibos.
section_10_item_51_stranger	10	Dialogue Between a Favorlanger and a Dutch Stranger	dialogue_turn	item_51_stranger	22	22	54	54	True	174	171	154	Dutch stranger turn split at printed speaker labels; boundary number and label omitted	What! is haibos bad, and is he good too? If he is bad, why do you praise the evil-doer? If he is good, why do you murmur and complain about his malignity?	Numma, ja rapies haibos, ṣo-o mario channumma ta haibos, sja rapies haibos, inaunumma ṣummo-al o rapies ai? Sja mario haibos, inaunumma makarrichi ṣo-o poddodo o cho'arapies?	Numma, ja rapies haibos, ṣoo mario channumma ta haibos, sja rapies haibos, inaunumma ṣummoal o rapies ai? Sja mario haibos, inaunumma makarrichi ṣoo poddodo o cho'arapies?
section_10_item_52_favorlanger	10	Dialogue Between a Favorlanger and a Dutch Stranger	dialogue_turn	item_52_favorlanger	22	22	54	54	True	86	85	93	Favorlanger turn split at printed speaker labels; boundary number and label omitted	You have just now praised the Creator of heaven, of the earth and sea, for His bountifulness.	Ani tinnaam ijo ṣummoal o Airien o boesum, o ta, a abas inau cho'al-ál a tataap a rio.	Ani tinnaam ijo ṣummoal o Airien o boesum, o ta, a abas inau cho'alál a tataap a rio.
section_10_item_52_stranger	10	Dialogue Between a Favorlanger and a Dutch Stranger	dialogue_turn	item_52_stranger	22	22	54	54	True	188	185	241	Dutch stranger turn split at printed speaker labels; boundary number and label omitted	It is but right and proper that we should praise the Creator, who loves man so dearly, and who constantly thinks of us; who causes the sun to rise, who sends down rain upon the fields, and every year causes the fruits thereof to be abundant.	Mabisse micho, ṣo-o makkesjap alla namo madás i Airien o ai-oë, tamasea masini maukat o babosa, tallochon tump'i namoa, patoach o zijsja, pautas o tsinaap, ṣo-o pabo'o inochan atatta baas.	Mabisse micho, ṣoo makkesjap alla namo madás i Airien o aioë, tamasea masini maukat o babosa, tallochon tump'i namoa, patoach o zijsja, pautas o tsinaap, ṣoo pabo'o inochan atatta baas.
section_10_item_53_favorlanger	10	Dialogue Between a Favorlanger and a Dutch Stranger	dialogue_turn	item_53_favorlanger	23	23	55	55	True	70	69	63	Favorlanger turn split at printed speaker labels; boundary number and label omitted	We praise haibos in the same way, and call him the good haibos.	Masini namo ṣummoal i haibos channumma, ṣo-o pattonan ja mario haibos.	Masini namo ṣummoal i haibos channumma, ṣoo pattonan ja mario haibos.
section_10_item_53_stranger	10	Dialogue Between a Favorlanger and a Dutch Stranger	dialogue_turn	item_53_stranger	23	23	55	55	True	224	219	240	Dutch stranger turn split at printed speaker labels; boundary number and label omitted	You are quite wrong; just as if you were to say black is white, This name belongs to God alone. In that way, and in your ignorance, you ascribe to haibos the honour which is due to God; and because the blessings of God are not known to you.	Mauchus poelakies imoa; maibas moa pattonan o ma-orum, ma-ausi. Naan o mini makkesjap ta Deos ma-akammichiṣar. Masini inau otsiri, ṣo-o inau acho madarram o tataap o rio o Deos, imo pe'o adas, kamaunis a Deos, ta haibos-ech.	Mauchus poelakies imoa; maibas moa pattonan o maorum, maausi. Naan o mini makkesjap ta Deos maakammichiṣar. Masini inau otsiri, ṣoo inau acho madarram o tataap o rio o Deos, imo pe'o adas, kamaunis a Deos, ta haibosech.
section_10_item_54_favorlanger	10	Dialogue Between a Favorlanger and a Dutch Stranger	dialogue_turn	item_54_favorlanger	23	23	55	55	True	93	91	99	Favorlanger turn split at printed speaker labels; boundary number and label omitted	According to your declaration, the belief in haibos and in Adam is vain, and a deception of haibos.	Matalam maibas pait'ijo autat inni ta haibos, inni Adam, paga baak, ṣo-o sasall'o haibos-ech.	Matalam maibas pait'ijo autat inni ta haibos, inni Adam, paga baak, ṣoo sasall'o haibosech.
section_10_item_54_stranger	10	Dialogue Between a Favorlanger and a Dutch Stranger	dialogue_turn	item_54_stranger	23	23	55	55	True	467	461	521	Dutch stranger turn split at printed speaker labels; boundary number and label omitted	That is true. I know his deceitfulness, for just as in the beginning, when all things were created, he deceived the first man called Adam, as well as all his posterity, and many more of our sojourners in the world, so, also, has he in former years deceived your forefathers and their posterity, just as he has deceived all the inhabitants of this island, whereby they now believe the words of a lying old slut, and put their confidence in the song of a little bird, bearing, as our first forefather did, the name of Adam.	Gagil micho. Mab'o in'o choa sasalla, maibas inni aisas'o inerien o mini tapos ai, icho pinaulakies o babos'o pesasa tamasea naan ta Adam, ṣo-o choa sjiem o sjiem, tapos roman azjies de babo ta, masini channumm'ani milip icho pinaulakies oa boeboe-no anibaas, ṣo-o choa sjiem, tapos o cho de borroch o ta mini, alla decho poetat inni ranied o maṣini ma-attattosik, alla poetat inni babo o kotsi mampa-dech, o ai marach o naan ta Adam, maibas o torro boeboe-no pesasa.	Gagil micho. Mab'o in'o choa sasalla, maibas inni aisas'o inerien o mini tapos ai, icho pinaulakies o babos'o pesasa tamasea naan ta Adam, ṣoo choa sjiem o sjiem, tapos roman azjies de babo ta, masini channumm'ani milip icho pinaulakies oa boeboeno anibaas, ṣoo choa sjiem, tapos o cho de borroch o ta mini, alla decho poetat inni ranied o maṣini maattattosik, alla poetat inni babo o kotsi mampadech, o ai marach o naan ta Adam, maibas o torro boeboeno pesasa.
section_10_item_55_favorlanger	10	Dialogue Between a Favorlanger and a Dutch Stranger	dialogue_turn	item_55_favorlanger	24	24	56	56	True	56	55	68	Favorlanger turn split at printed speaker labels; boundary number and label omitted	Haibos has declared that he makes even Adam to sing and to prophesy.	Ka pinala ta haibos all'icho pábo ṣo-o meápab'i ta Adam.	Ka pinala ta haibos all'icho pábo ṣoo meápab'i ta Adam.
section_10_item_55_stranger	10	Dialogue Between a Favorlanger and a Dutch Stranger	dialogue_turn	item_55_stranger	24	24	56	56	True	203	201	239	Dutch stranger turn split at printed speaker labels; boundary number and label omitted	He lies. The birds sing without discrimination. Is, now, such a little bird the prophet of haibos? Perhaps he has even imitated the singing of this little bird in order to deceive the people of Ternern and other inhabitants of this island.	Tummosik icho. Mampa po baakṣar. Ja kotsi mampa masini paga ma-aijaab o haibos? Matalam icho maunis tsinimichier o bábo o kotsi mampa mini, alla summall'i Ternern, ṣo-o roman azjies de borroch o ta mini.	Tummosik icho. Mampa po baakṣar. Ja kotsi mampa masini paga maaijaab o haibos? Matalam icho maunis tsinimichier o bábo o kotsi mampa mini, alla summall'i Ternern, ṣoo roman azjies de borroch o ta mini.
section_10_item_56_favorlanger	10	Dialogue Between a Favorlanger and a Dutch Stranger	dialogue_turn	item_56_favorlanger	24	24	56	56	True	53	53	82	Favorlanger turn split at printed speaker labels; boundary number and label omitted	What has been the object of haibos in giving the name of Adam to this little bird?	Inonumma ta haibos pinatonan o kotsi mampa mini Adam?	Inonumma ta haibos pinatonan o kotsi mampa mini Adam?
section_10_item_56_stranger	10	Dialogue Between a Favorlanger and a Dutch Stranger	dialogue_turn	item_56_stranger	24	24	56	56	True	64	64	85	Dutch stranger turn split at printed speaker labels; boundary number and label omitted	That by thus mocking the first man the villain might lead him into the path of error.	Masini rapies a mannach'o babos'o pesasa, o ai pinaulabies icho.	Masini rapies a mannach'o babos'o pesasa, o ai pinaulabies icho.
section_10_item_57_favorlanger	10	Dialogue Between a Favorlanger and a Dutch Stranger	dialogue_turn	item_57_favorlanger	24	24	56	56	True	49	49	48	Favorlanger turn split at printed speaker labels; boundary number and label omitted	If haibos is not the-true God, what is he, then?	Sja pagaga Deos o gagil ta haibos, numm'ija icho?	Sja pagaga Deos o gagil ta haibos, numm'ija icho?
section_10_item_57_stranger	10	Dialogue Between a Favorlanger and a Dutch Stranger	dialogue_turn	item_57_stranger	24	24	56	56	True	35	35	34	Dutch stranger turn split at printed speaker labels; boundary number and label omitted	Has haibos not told you who he is?	Ja alli pinab'o choa boa ta haibos?	Ja alli pinab'o choa boa ta haibos?
section_10_item_58_favorlanger	10	Dialogue Between a Favorlanger and a Dutch Stranger	dialogue_turn	item_58_favorlanger	24	25	56	57	True	88	87	116	Favorlanger turn split at printed speaker labels; boundary number and label omitted	Haibos says that he has formed man, that he causes the sun to rise, and that he fertilises the fruits of the fields.	Machó ta haibos all'icho merien o babosa, patoach o zijsja, pautas, ṣo-o pabo'o inochan.	Machó ta haibos all'icho merien o babosa, patoach o zijsja, pautas, ṣoo pabo'o inochan.
section_10_item_58_stranger	10	Dialogue Between a Favorlanger and a Dutch Stranger	dialogue_turn	item_58_stranger	24	25	56	57	True	160	158	187	Dutch stranger turn split at printed speaker labels; boundary number and label omitted	All lies! Just so the old serpent poisons man. Like an ape he imitates God and deceives men, so that they may believe that he is the true God, that they may fear him and sacrifice to him.	Tapos ja tattosik! Masini raras a ibien aicho sumbach o babosa. Pazigal'i ta Deos, ṣo-o summall'o cho, alla poetat icho Deos o gagil, alla me'il ṣo-o paan icho.	Tapos ja tattosik! Masini raras a ibien aicho sumbach o babosa. Pazigal'i ta Deos, ṣoo summall'o cho, alla poetat icho Deos o gagil, alla me'il ṣoo paan icho.
section_10_item_59_favorlanger	10	Dialogue Between a Favorlanger and a Dutch Stranger	dialogue_turn	item_59_favorlanger	25	25	57	57	True	48	45	53	Favorlanger turn split at printed speaker labels; boundary number and label omitted	Well, could you now say what kind of being haibos is?	Mai, ja mab'o pattite i-jono-ë numm'i-ja haibos?	Mai, ja mab'o pattite ijonoë numm'ija haibos?
section_10_item_59_stranger	10	Dialogue Between a Favorlanger and a Dutch Stranger	dialogue_turn	item_59_stranger	25	25	57	57	True	7	7	11	Dutch stranger turn split at printed speaker labels; boundary number and label omitted	Yes, I can.	Mabána.	Mabána.
section_10_item_60_favorlanger	10	Dialogue Between a Favorlanger and a Dutch Stranger	dialogue_turn	item_60_favorlanger	25	25	57	57	True	30	28	30	Favorlanger turn split at printed speaker labels; boundary number and label omitted	By what means do you know him?	Innainumm'i-jo mab'o icho-ech?	Innainumm'ijo mab'o ichoech?
section_10_item_60_stranger	10	Dialogue Between a Favorlanger and a Dutch Stranger	dialogue_turn	item_60_stranger	25	25	57	57	True	119	117	133	Dutch stranger turn split at printed speaker labels; boundary number and label omitted	God has depicted haibos in His written Word, and tells us how wicked he is, so that we may be on our guard against his deceitfulness.	Ta Deos pinattas o haibos inni choa ranied kabinidoan, ṣo-o tummassal o cho'arapies, alla torro mame-il o choa sasalla.	Ta Deos pinattas o haibos inni choa ranied kabinidoan, ṣoo tummassal o cho'arapies, alla torro mameil o choa sasalla.
section_10_item_61_favorlanger	10	Dialogue Between a Favorlanger and a Dutch Stranger	dialogue_turn	item_61_favorlanger	25	26	57	58	True	18	18	23	Favorlanger turn split at printed speaker labels; boundary number and label omitted	How so? I wish to know.	Moedaṣar? Ipabána.	Moedaṣar? Ipabána.
section_10_item_61_stranger	10	Dialogue Between a Favorlanger and a Dutch Stranger	dialogue_turn	item_61_stranger	25	26	57	58	True	955	937	1022	Dutch stranger turn split at printed speaker labels; boundary number and label omitted	Well, then, in the beginning, when heaven was finally completed, God created many thousands of incorporeal servitors who were very volatile, quick, strong, and just, giving them a dwelling in heaven, so that they might behold His dominion, and receive His commands. The name of these servitors is Angelus, that is, servants and serving spirits of God. They neither eat, nor drink, nor do they sleep; they have no offspring as man in general has; they are many in number, yea, they are innumerable; they live on for ever, and will never die. To praise God is their desire and delight, so also to obey His word. Haibos was formerly also a good angel, and a just servant of God; but afterwards, he, and many of his fellows, rebelled against God. They envied His vast power and dominion, they desired to become equal with God, endeavoured to establish a dominion of their own, and to follow their own will. It is in this way that haibos and all his followers sinned in the beginning, and still remain malicious and rebellious.	Masiniṣar: ani pesasa, ka-inoob o boesum, ta Deos minerien o aran ma-arotul o bog, mapan mama-achpil a tschiet eis, mauchus ma-acheerna, ma-aamgách, ma-abarra, ma-abisse a tsjes; ṣo-o pinaṣos' inni boesum-ech dechonoë, alia mit'o choa chachimit ṣo-o ummoob o cho'attilo. Naan o aran o mini paga ta Angelus, michoṣar a pattite, aran o Deos baak o tsjes. Alli man, micham, ṣummarra, alli pausjiem decho maibas o babosa, kamatasasna, pa tochen inau mauchus matasas, machonṣar morich, alli mach'ija, choa airab a aukat paga madas i ta Deos, ṣo-o ummior tallochon o cho'atite. Ta haibos ani tinnaam channumma mario Angelus, ṣo-o aran o Deos mabisse a tsjes, kasaghá icho, ṣo-o ma-atasás choa ara pesas'o kummossi i ta Deos choa Airien, masannan o choa chachimit matoto dechonoë, pazigal'i ta Deos, ṣo-o ṣummad'o maunis a chachimit, all'ummior o maunis choa airab. Masini ta haibos ṣo-o tapos choa ara pinarapies ani pesasa, ṣo-o machonṣar rapies a ma-akakossi.	Masiniṣar: ani pesasa, kainoob o boesum, ta Deos minerien o aran maarotul o bog, mapan mamaachpil a tschiet eis, mauchus maacheerna, maaamgách, maabarra, maabisse a tsjes; ṣoo pinaṣos' inni boesumech dechonoë, alia mit'o choa chachimit ṣoo ummoob o cho'attilo. Naan o aran o mini paga ta Angelus, michoṣar a pattite, aran o Deos baak o tsjes. Alli man, micham, ṣummarra, alli pausjiem decho maibas o babosa, kamatasasna, pa tochen inau mauchus matasas, machonṣar morich, alli mach'ija, choa airab a aukat paga madas i ta Deos, ṣoo ummior tallochon o cho'atite. Ta haibos ani tinnaam channumma mario Angelus, ṣoo aran o Deos mabisse a tsjes, kasaghá icho, ṣoo maatasás choa ara pesas'o kummossi i ta Deos choa Airien, masannan o choa chachimit matoto dechonoë, pazigal'i ta Deos, ṣoo ṣummad'o maunis a chachimit, all'ummior o maunis choa airab. Masini ta haibos ṣoo tapos choa ara pinarapies ani pesasa, ṣoo machonṣar rapies a maakakossi.
section_10_item_62_favorlanger	10	Dialogue Between a Favorlanger and a Dutch Stranger	dialogue_turn	item_62_favorlanger	26	26	58	58	True	38	37	38	Favorlanger turn split at printed speaker labels; boundary number and label omitted	Do they not repent of their rebellion?	Ja alli machi'o kakossi choa tsjes-oë?	Ja alli machi'o kakossi choa tsjesoë?
section_10_item_62_stranger	10	Dialogue Between a Favorlanger and a Dutch Stranger	dialogue_turn	item_62_stranger	26	26	58	58	True	66	65	85	Dutch stranger turn split at printed speaker labels; boundary number and label omitted	No, they persist in their rebellion and wickedness, which are continually increasing.	Maini, kamoddon o tsjes dechonoë, ṣo-o moab tallochon cho'arapies.	Maini, kamoddon o tsjes dechonoë, ṣoo moab tallochon cho'arapies.
section_10_item_63_favorlanger	10	Dialogue Between a Favorlanger and a Dutch Stranger	dialogue_turn	item_63_favorlanger	26	26	58	58	True	33	33	38	Favorlanger turn split at printed speaker labels; boundary number and label omitted	Has God forgiven them their rebellion?	Ja ta Deos minabono choa kakossi?	Ja ta Deos minabono choa kakossi?
section_10_item_63_stranger	10	Dialogue Between a Favorlanger and a Dutch Stranger	dialogue_turn	item_63_stranger	26	26	58	58	True	46	46	40	Dutch stranger turn split at printed speaker labels; boundary number and label omitted	By no means; He will punish it terribly.	Pagaga chaddai. Kamauchus chummote i dechonoë.	Pagaga chaddai. Kamauchus chummote i dechonoë.
section_10_item_64_favorlanger	10	Dialogue Between a Favorlanger and a Dutch Stranger	dialogue_turn	item_64_favorlanger	26	26	58	58	True	8	8	12	Favorlanger turn split at printed speaker labels; boundary number and label omitted	In what way?	Masanno?	Masanno?
section_10_item_64_stranger	10	Dialogue Between a Favorlanger and a Dutch Stranger	dialogue_turn	item_64_stranger	26	26	58	58	True	63	62	88	Dutch stranger turn split at printed speaker labels; boundary number and label omitted	On account of his disobedience, haibos and all his fellows have been cast out of heaven.	Inau kakossi initis innai boesum ta haibos ṣo-o tapos choa ara.	Inau kakossi initis innai boesum ta haibos ṣoo tapos choa ara.
section_10_item_65_favorlanger	10	Dialogue Between a Favorlanger and a Dutch Stranger	dialogue_turn	item_65_favorlanger	26	27	58	59	True	53	53	77	Favorlanger turn split at printed speaker labels; boundary number and label omitted	After those wicked servants had been cast out, have they been set at liberty?	Ka ochal itis rapies aran ai, ja binarrasan dechonoë?	Ka ochal itis rapies aran ai, ja binarrasan dechonoë?
section_10_item_65_stranger	10	Dialogue Between a Favorlanger and a Dutch Stranger	dialogue_turn	item_65_stranger	26	27	58	59	True	96	96	101	Dutch stranger turn split at printed speaker labels; boundary number and label omitted	No, they are all kept in bonds, in order to be eternally punished in the pit of fire, called Gehenna.	Maini: kakoemen ja patapos, inochote-in taulaulan lallum chauch o chau, o ai attonannan gehenna.	Maini: kakoemen ja patapos, ino chotein taulaulan lallum chauch o chau, o ai attonannan gehenna.
section_10_item_66_favorlanger	10	Dialogue Between a Favorlanger and a Dutch Stranger	dialogue_turn	item_66_favorlanger	27	27	59	59	True	56	56	57	Favorlanger turn split at printed speaker labels; boundary number and label omitted	Does God really threaten to punish haibos in that manner?	Ja gagil ta Deos lummallak o pachote i ta haibos masini?	Ja gagil ta Deos lummallak o pachote i ta haibos masini?
section_10_item_66_stranger	10	Dialogue Between a Favorlanger and a Dutch Stranger	dialogue_turn	item_66_stranger	27	27	59	59	True	8	8	15	Dutch stranger turn split at printed speaker labels; boundary number and label omitted	Yes, certainly.	Gagilna.	Gagilna.
section_10_item_67_favorlanger	10	Dialogue Between a Favorlanger and a Dutch Stranger	dialogue_turn	item_67_favorlanger	27	27	59	59	True	40	39	47	Favorlanger turn split at printed speaker labels; boundary number and label omitted	Oh, frightful! Woe unto haibos and his fellows!	Tanaas! Anana i haibos, ṣo-o choa arada!	Tanaas! Anana i haibos, ṣoo choa arada!
section_10_item_67_stranger	10	Dialogue Between a Favorlanger and a Dutch Stranger	dialogue_turn	item_67_stranger	27	27	59	59	True	56	54	60	Dutch stranger turn split at printed speaker labels; boundary number and label omitted	They are sorely afraid of such frightful anger, and tremble.	Decho mauchus me-il o rais talcho a mato, ṣo-o matirtir.	Decho mauchus meil o rais talcho a mato, ṣoo matirtir.
section_10_item_68_favorlanger	10	Dialogue Between a Favorlanger and a Dutch Stranger	dialogue_turn	item_68_favorlanger	27	27	59	59	True	37	37	28	Favorlanger turn split at printed speaker labels; boundary number and label omitted	Why do they not appease God?	Talla alli maborr'i ta Deos dechonoë?	Talla alli maborr'i ta Deos dechonoë?
section_10_item_68_stranger	10	Dialogue Between a Favorlanger and a Dutch Stranger	dialogue_turn	item_68_stranger	27	27	59	59	True	29	29	37	Dutch stranger turn split at printed speaker labels; boundary number and label omitted	God refuses to be merciful unto them.	Madaddo mabono decho ta Deos.	Madaddo mabono decho ta Deos.
section_10_item_69_favorlanger	10	Dialogue Between a Favorlanger and a Dutch Stranger	dialogue_turn	item_69_favorlanger	27	27	59	59	True	10	10	4	Favorlanger turn split at printed speaker labels; boundary number and label omitted	Why?	Inaunumma?	Inaunumma?
section_10_item_69_stranger	10	Dialogue Between a Favorlanger and a Dutch Stranger	dialogue_turn	item_69_stranger	27	27	59	59	True	52	51	57	Dutch stranger turn split at printed speaker labels; boundary number and label omitted	They are stiff-necked, and their wickedness is too great.	Decho maraas a tsjes, ṣo-o mauchus mato cho'arapies.	Decho maraas a tsjes, ṣoo mauchus mato cho'arapies.
section_10_item_70_favorlanger	10	Dialogue Between a Favorlanger and a Dutch Stranger	dialogue_turn	item_70_favorlanger	27	27	59	59	True	21	21	38	Favorlanger turn split at printed speaker labels; boundary number and label omitted	In what does their wickedness consist?	Numm'ija cho'arapies?	Numm'ija cho'arapies?
section_10_item_70_stranger	10	Dialogue Between a Favorlanger and a Dutch Stranger	dialogue_turn	item_70_stranger	27	27	59	59	True	43	42	40	Dutch stranger turn split at printed speaker labels; boundary number and label omitted	In disobeying God and doing evil to men.	Kummossi i ta Deos, ṣo-o parapies o babosa.	Kummossi i ta Deos, ṣoo parapies o babosa.
section_10_item_71_favorlanger	10	Dialogue Between a Favorlanger and a Dutch Stranger	dialogue_turn	item_71_favorlanger	27	27	59	59	True	63	62	56	Favorlanger turn split at printed speaker labels; boundary number and label omitted	Is that so? Do they harbour enmity and envy against men?	Tanaas! ja kamazjies ṣo-o masannan o babosa channumma dechonoë?	Tanaas! ja kamazjies ṣoo masannan o babosa channumma dechonoë?
section_10_item_71_stranger	10	Dialogue Between a Favorlanger and a Dutch Stranger	dialogue_turn	item_71_stranger	27	27	59	59	True	117	115	106	Dutch stranger turn split at printed speaker labels; boundary number and label omitted	Yes, because they feel enmity against God, they also feel envy that we men love God and obey His commands.	Hena: inau kamazjies i ta Deos choa tsjes-oë, decho masannan torro babosa maukat i ta Deos, ṣo-o ummior o cho'atillo.	Hena: inau kamazjies i ta Deos choa tsjesoë, decho masannan torro babosa maukat i ta Deos, ṣoo ummior o cho'atillo.
section_10_item_72_favorlanger	10	Dialogue Between a Favorlanger and a Dutch Stranger	dialogue_turn	item_72_favorlanger	28	28	60	60	True	72	70	76	Favorlanger turn split at printed speaker labels; boundary number and label omitted	Perhaps they would much like that he and we should jointly rise against God?	Matalam choa airab alla decho ṣo-o torro babosa karri-kakossi i ta Deos?	Matalam choa airab alla decho ṣoo torro babosa karrikakossi i ta Deos?
section_10_item_72_stranger	10	Dialogue Between a Favorlanger and a Dutch Stranger	dialogue_turn	item_72_stranger	28	28	60	60	True	36	36	36	Dutch stranger turn split at printed speaker labels; boundary number and label omitted	Yes, they would very much like that.	Hena mauchus merab o micho dechonoë.	Hena mauchus merab o micho dechonoë.
section_10_item_73_favorlanger	10	Dialogue Between a Favorlanger and a Dutch Stranger	dialogue_turn	item_73_favorlanger	28	29	60	61	True	124	123	129	Favorlanger turn split at printed speaker labels; boundary number and label omitted	I think that you complained a short time ago of haibos, and accused him that he led Adam, the first man, into error. How is that?	Katumpa ina, ijo poddodo ani naassada, ṣo-o makarrichi i haibos inau icho pinaulakies i ta Adam babos'o pesasa: moeda micho?	Katumpa ina, ijo poddodo ani naassada, ṣoo makarrichi i haibos inau icho pinaulakies i ta Adam babos'o pesasa: moeda micho?
section_10_item_73_stranger	10	Dialogue Between a Favorlanger and a Dutch Stranger	dialogue_turn	item_73_stranger	28	29	60	61	True	965	950	989	Dutch stranger turn split at printed speaker labels; boundary number and label omitted	From the very beginning, haibos has done much harm, and he does so still. His real name is Satan, which means an enemy, one filled with envy. Jesus Christ, the Son of God, calls haibos an enemy, a murderer, and the father of lies. It is haibos, the rebellious ringleader, who has induced man to rebel against Him. Our first forefathers were perfect and righteous. God had made two persons, a man and a woman; the name of the man was Adam, the name of the woman was Eve. From these two persons all men and generations of the earth have sprung. When they first were created, they knew no evil; they did not know what disobedience was; they loved God; they were desirous to do what was right and proper, and to obey God's commands. Haibos, on witnessing the love and peace existing between God and man, became very jealous; he came to tempt our first forefathers; he poisoned their minds like a serpent, and deceived them with his lies, so that they followed in the steps of his disobedience.	Ta haibos mauchus pinarapies o babos'ani pesasa, ṣo-o machonsar parapies. Choa naan o gagil paga ta Ṣaitan, michoṣar a pattite, ázjies-in ṣo-o ma-assannan. Sjiem badd'o Deos ta Jesus Christus pattonan o haibos, ázjies-in maach'o cho, ṣo-o tamau o tattosik. Ta haibos ma-akakossi ai, tamasea linummal'i kakossi o babosa. Kainerienṣar o auchos mario, ma-abisse a tsjes torroa boeboe-no pesasa. Ta Deos minerien decho narroa choṣar, sjam a ṣini, naan o sjam paga Adam, naan o ṣini, Eva. Innai choa boa tsinummoach tapos o cho, ṣo-o tupponodon de ta. Ka bao inerienṣar dechonoë, acho mab'o arapies, acho mab'o kummossi, maukat choa tsjes i ta Deos, maukat o tataap o babisse, ṣo-o ummior o atillono Deos. Ta haibos, inau mit'o aukat ṣo-o aborra tuppach o Deos a babosa, mauchus masannan sai lummall'i ta Eva, ṣo-o Adam torroa micho boeboeno pesasa, maibas ibien sumbach o choa tsjes-oë, ṣo-o summall'i decho o choa tattosik, alla tsimichier o kakossi o haibos dechonoë.	Ta haibos mauchus pinarapies o babos'ani pesasa, ṣoo machonsar parapies. Choa naan o gagil paga ta Ṣaitan, michoṣar a pattite, ázjiesin ṣoo maassannan. Sjiem badd'o Deos ta Jesus Christus pattonan o haibos, ázjiesin maach'o cho, ṣoo tamau o tattosik. Ta haibos maakakossi ai, tamasea linummal'i kakossi o babosa. Kainerienṣar o auchos mario, maabisse a tsjes torroa boeboeno pesasa. Ta Deos minerien decho narroa choṣar, sjam a ṣini, naan o sjam paga Adam, naan o ṣini, Eva. Innai choa boa tsinummoach tapos o cho, ṣoo tupponodon de ta. Ka bao inerienṣar dechonoë, acho mab'o arapies, acho mab'o kummossi, maukat choa tsjes i ta Deos, maukat o tataap o babisse, ṣoo ummior o atillono Deos. Ta haibos, inau mit'o aukat ṣoo aborra tuppach o Deos a babosa, mauchus masannan sai lummall'i ta Eva, ṣoo Adam torroa micho boeboeno pesasa, maibas ibien sumbach o choa tsjesoë, ṣoo summall'i decho o choa tattosik, alla tsimichier o kakossi o haibos dechonoë.
section_10_item_74_favorlanger	10	Dialogue Between a Favorlanger and a Dutch Stranger	dialogue_turn	item_74_favorlanger	29	29	61	61	True	52	52	33	Favorlanger turn split at printed speaker labels; boundary number and label omitted	Well, has man also disobeyed God?	Mai numma, ja babosa channumma kinummossi i ta Deos?	Mai numma, ja babosa channumma kinummossi i ta Deos?
section_10_item_74_stranger	10	Dialogue Between a Favorlanger and a Dutch Stranger	dialogue_turn	item_74_stranger	29	29	61	61	True	71	70	63	Dutch stranger turn split at printed speaker labels; boundary number and label omitted	Yes. Haibos has deceived Adam and Eve, and led them to disobey.	Hena. Ta haibos pinaulakies i ta Adam a Eva, ṣo-o pinakossi o choa boa.	Hena. Ta haibos pinaulakies i ta Adam a Eva, ṣoo pinakossi o choa boa.
section_10_item_75_favorlanger	10	Dialogue Between a Favorlanger and a Dutch Stranger	dialogue_turn	item_75_favorlanger	29	29	61	61	True	43	43	36	Favorlanger turn split at printed speaker labels; boundary number and label omitted	Did their posterity also transgress?	Ja choa sjiem o sjiem kinummossi channumma?	Ja choa sjiem o sjiem kinummossi channumma?
section_10_item_75_stranger	10	Dialogue Between a Favorlanger and a Dutch Stranger	dialogue_turn	item_75_stranger	29	29	61	61	True	151	150	168	Dutch stranger turn split at printed speaker labels; boundary number and label omitted	Yes, all the children of men have in the beginning transgressed in Adam and Eve, and have imitated their disobedience, just as they imitated the disobedience of haibos.	Hena, tapos sisjiem o babosa kinummossi ani pesasa inni ta Adam a Eva, ṣo-o tsimichier o choa kakossi, maibas tsinimichier o Kakossi o haibos dechonoë.	Hena, tapos sisjiem o babosa kinummossi ani pesasa inni ta Adam a Eva, ṣoo tsimichier o choa kakossi, maibas tsinimichier o Kakossi o haibos dechonoë.
section_10_item_76_favorlanger	10	Dialogue Between a Favorlanger and a Dutch Stranger	dialogue_turn	item_76_favorlanger	29	29	61	61	True	50	48	61	Favorlanger turn split at printed speaker labels; boundary number and label omitted	What! are all the children of men evil-doers and trespassers?	Oedan! Ja ma-arapies a ma-akakossi tapos o babosa?	Oedan! Ja maarapies a maakakossi tapos o babosa?
section_10_item_76_stranger	10	Dialogue Between a Favorlanger and a Dutch Stranger	dialogue_turn	item_76_stranger	29	29	61	61	True	50	49	48	Dutch stranger turn split at printed speaker labels; boundary number and label omitted	They have all transgressed, and are born in sin.	Kinummossi ja patapos, ṣo-o ausjimen inni arapies.	Kinummossi ja patapos, ṣoo ausjimen inni arapies.
section_10_item_77_favorlanger	10	Dialogue Between a Favorlanger and a Dutch Stranger	dialogue_turn	item_77_favorlanger	29	30	61	62	True	65	64	98	Favorlanger turn split at printed speaker labels; boundary number and label omitted	Does haibos rather persevere in leading men to disobey God and to tempt them to commit wickedness?	Ja ta haibos machonṣar o pákossi o babosa, ṣo-o lummal'i arapies?	Ja ta haibos machonṣar o pákossi o babosa, ṣoo lummal'i arapies?
section_10_item_77_stranger	10	Dialogue Between a Favorlanger and a Dutch Stranger	dialogue_turn	item_77_stranger	29	30	61	62	True	436	432	489	Dutch stranger turn split at printed speaker labels; boundary number and label omitted	Yes, he goes to and fro, like a serpent, to poison us. He causes evil thoughts to arise in the heart, extinguishes the fear of God, as also knowledge of and faith in God, harasses the mind, so that it is filled with doubt and vain fears; thus it believes in haibos, in his deceitfulness, and lying superstitions. He does all he possibly can to increase man's ignorance concerning God, drunkenness, murder, adultery, envy, deceit, lies, theft, disobedience, obstinacy, and every wickedness.	Hena: pallidollido maibos o ibien, alla sumbach i narao. Pisor inni tsjes o tattuppau rapies. Potup o ikkil o Deos, o aba, o autat inni ta Deos. Paulakies o tsjes, alla marmimi a mikkil o baak; alla poetat inni haibos, inni choa sasalla, choa aríen o ma-atattosik. Maddobor ja icho alla moab otsiri o ta Deos, ma-audum a tsjes, árab, ách'o cho, chachod, sannan, sasalla, tattosik, áchab, kakossi, ma-araas a tsjes, ṣo-o tapos o arapies.	Hena: pallidollido maibos o ibien, alla sumbach i narao. Pisor inni tsjes o tattuppau rapies. Potup o ikkil o Deos, o aba, o autat inni ta Deos. Paulakies o tsjes, alla marmimi a mikkil o baak; alla poetat inni haibos, inni choa sasalla, choa aríen o maatattosik. Maddobor ja icho alla moab otsiri o ta Deos, maaudum a tsjes, árab, ách'o cho, chachod, sannan, sasalla, tattosik, áchab, kakossi, maaraas a tsjes, ṣoo tapos o arapies.
section_10_item_78_favorlanger	10	Dialogue Between a Favorlanger and a Dutch Stranger	dialogue_turn	item_78_favorlanger	30	30	62	62	True	116	114	121	Favorlanger turn split at printed speaker labels; boundary number and label omitted	However much you may continue to dissuade us, our souls entirely cleave to haibos, because we are long accustomed to him.	Pagatomm'ijonoë machonṣar o ummaddo; ani milip torro madarram i ta haibos, ṣo-o mauchus mikkap icho torroa tsjes-oë.	Pagatomm'ijonoë machonṣar o ummaddo; ani milip torro madarram i ta haibos, ṣoo mauchus mikkap icho torroa tsjesoë.
section_10_item_78_stranger	10	Dialogue Between a Favorlanger and a Dutch Stranger	dialogue_turn	item_78_stranger	30	30	62	62	True	32	32	34	Dutch stranger turn split at printed speaker labels; boundary number and label omitted	You have not known his wickedness.	Minautsiri o cho'arapies imonoë.	Minautsiri o cho'arapies imonoë.
section_10_item_79_favorlanger	10	Dialogue Between a Favorlanger and a Dutch Stranger	dialogue_turn	item_79_favorlanger	30	31	62	63	True	61	61	72	Favorlanger turn split at printed speaker labels; boundary number and label omitted	We fear to reject him; perhaps he will be angry with us, and do us harm.	Torro mikkil o tummis icho, depa makabol ṣai parapies i namo.	Torro mikkil o tummis icho, depa makabol ṣai parapies i namo.
section_10_item_79_stranger	10	Dialogue Between a Favorlanger and a Dutch Stranger	dialogue_turn	item_79_stranger	30	31	62	63	True	72	71	75	Dutch stranger turn split at printed speaker labels; boundary number and label omitted	If ye will continue to follow haibos, ye forsake God, and become His enemy.	Sja merab o ummior o haibos, imo lummido i ta Deos, ṣo-o kamazjies icho.	Sja merab o ummior o haibos, imo lummido i ta Deos, ṣoo kamazjies icho.
section_10_item_80_favorlanger	10	Dialogue Between a Favorlanger and a Dutch Stranger	dialogue_turn	item_80_favorlanger	31	32	63	64	True	46	45	46	Favorlanger turn split at printed speaker labels; boundary number and label omitted	Yes, but we fear too much the wrath of haibos.	Oedan, mauchus torro me-il o rais o ta haibos.	Oedan, mauchus torro meil o rais o ta haibos.
section_10_item_80_stranger	10	Dialogue Between a Favorlanger and a Dutch Stranger	dialogue_turn	item_80_stranger	31	32	63	64	True	1529	1500	1780	Dutch stranger turn split at printed speaker labels; boundary number and label omitted	And do ye not fear the wrath of God much more? If ye will follow after God, He will trample haibos under your feet, and take you under His own care. Without God's permission haibos has no power to harm men. Ye have feared and sacrificed to him enough; flee from haibos as a poisonous serpent. Woe unto all who adhere to haibos, for the wrath of God and the punishment of hell-fire continually threaten to overtake them. To conclude our conversation, take heed to bear in mind the things that have been said to you, and remember these three things:- In the first place, I have proved that heaven, earth, and the sea, have not always, or from all eternity, existed of themselves; they have been made by some being or other. In proof, I have spoken of the adornment of heaven, and I have also said that heaven, with all its lights, is subservient to the dominion of another Being, who commands them to render their services to the earth, to the fruits of the field belonging to man, and to the beasts of the field. Secondly, I have explained that Jehovah, or Deos, is the Creator of heaven, earth, and the sea; that it is He who has made and adorned all things. From hence it follows that He alone is the true God. Thirdly, I have laid bare to you the deceit of haibos, who simulates the true God, and who has misled your forefathers from the beginning, so that they believed in haibos, in Adam, and have listened to the words of lying old women, the prophetesses of haibos, who have taught these inhabitants of Ternern, and other inhabitants of this island, to follow after vain superstitions, in order to put you hereafter on your guard against his deceit, and make you believe the words of the true God, to whom belong all dominion, and power, and praise, for ever and ever. Amen.	Ja alli maso mikkil o rais o Deos? Sja a-ummior i ta Deos, tatummallas o haibos icho de rapó oa aṣiel, ṣo-o mamaladik imoa. Alli mabarra ja icho parapies o babosa, sja alli pauss'icho ta Deos. Chauḡe mikkil, chauḡe paan icho; obea innai ta haibos, maibas innai ibien o boesum. Anana i tapos chono ai ka machonṣar o mikkap i ta haibos, inau rais o ta Deos, ṣo-o chachalt o chau Gehenna taulaulan marior i decho. Alla na-a poṣisi o pattite, assánman-a, aladikk'o ranied i tsjes, ṣo-o tuppá natorroa da tuppono mini:- Ka pesasa, pinaita ina alla boesum, o ta, a abas alli pinaga maunis o taulalan; ka inerienṣar innai-de roman aicho-ech. Na-a pait'o mini innai a-lá o boesum, ṣo-o channumma, inau boesum a tapos choa rará ummior o chachimit o roman-ech; tamasea pauloan aicho-ies, ṣo-o pattillo aran o ta mini, o inochan o cho, o binnan de bonna. Ka narroa, na-a pinaba, alla ta Jehova ja Deos paga airien o boesum, o ta, a abas, tamasea minerien ṣo-o pinaal-lá o mini tapos ai, innai-numma ummior all'icho makammichi gagil o Deos. Ka natorroa, na-a innummillaḡ o sasall'o haibos-ech, tamasea pazigal'i ta Deos o gagil, ṣo-o pinaulakies oa boeboeno anibaas, alla pinoetatt dechonoë inni haibos, inni Adam, ṣo-o tump'o ranied o maṣini ma-atattosik, o ai pinaga ma-aijaab o haibos, ṣo-o pinattil i Ternern, a roman azjies de borroch o ta mini ummior o aríen o baak, alla rummi-es mame-il o choa sasalla, ṣo-o poetautat inni ranied o Deos o gagil, maunis o ai chachimit o tapos, a barra, ṣo-o adás, taulaulan, Amen. Ṣisi o karri-atite.	Ja alli maso mikkil o rais o Deos? Sja aummior i ta Deos, tatummallas o haibos icho de rapó oa aṣiel, ṣoo mamaladik imoa. Alli mabarra ja icho parapies o babosa, sja alli pauss'icho ta Deos. Chauḡe mikkil, chauḡe paan icho; obea innai ta haibos, maibas innai ibien o boesum. Anana i tapos chono ai ka machonṣar o mikkap i ta haibos, inau rais o ta Deos, ṣoo chachalt o chau Gehenna taulaulan marior i decho. Alla naa poṣisi o pattite, assánmana, aladikk'o ranied i tsjes, ṣoo tuppá natorroa da tuppono mini:- Ka pesasa, pinaita ina alla boesum, o ta, a abas alli pinaga maunis o taulalan; ka inerienṣar innai de roman aichoech. Naa pait'o mini innai alá o boesum, ṣoo channumma, inau boesum a tapos choa rará ummior o chachimit o romanech; tamasea pauloan aichoies, ṣoo pattillo aran o ta mini, o inochan o cho, o binnan de bonna. Ka narroa, naa pinaba, alla ta Jehova ja Deos paga airien o boesum, o ta, a abas, tamasea minerien ṣoo pinaallá o mini tapos ai, innainumma ummior all'icho makammichi gagil o Deos. Ka natorroa, naa innummillaḡ o sasall'o haibosech, tamasea pazigal'i ta Deos o gagil, ṣoo pinaulakies oa boeboeno anibaas, alla pinoetatt dechonoë inni haibos, inni Adam, ṣoo tump'o ranied o maṣini maatattosik, o ai pinaga maaijaab o haibos, ṣoo pinattil i Ternern, a roman azjies de borroch o ta mini ummior o aríen o baak, alla rummies mameil o choa sasalla, ṣoo poetautat inni ranied o Deos o gagil, maunis o ai chachimit o tapos, a barra, ṣoo adás, taulaulan, Amen. Ṣisi o karriatite.
section_11_title	11	Christian Maxims	section_title	title	33	33	65	65	True	24	24	17	Printed Favorlang section heading aligned to Campbell's English heading	Christian Maxims.	Atite o Atil o Christan.	Atite o Atil o Christan.
section_11_item_01	11	Christian Maxims	numbered_item	item_01	33	33	65	65	True	87	87	89	Printed numbered item aligned to the corresponding English item; boundary number omitted	God is essentially a Spirit. The soul in man is united with his body. God is incorporeal.	Ta Deos paga tsjes o auchos. Tsjes inni babos'aarpanni o bogsar. Marotul o bog ta Deos.	Ta Deos paga tsjes o auchos. Tsjes inni babos'aarpanni o bogsar. Marotul o bog ta Deos.
section_11_item_02	11	Christian Maxims	numbered_item	item_02	33	33	65	65	True	146	145	143	Printed numbered item aligned to the corresponding English item; boundary number omitted	The first forefathers of the human race were Adam and Eve. In the beginning God made man just and good. Haibos has tempted man to disobedience.	Boeboeno pesas'o tapos o babosa paga ta Adam a Eva. Ta Deos ani pesasa minerien o babosa mario a ma-ábisse. Ta haibos linummal'i kakossi o babosa.	Boeboeno pesas'o tapos o babosa paga ta Adam a Eva. Ta Deos ani pesasa minerien o babosa mario a maábisse. Ta haibos linummal'i kakossi o babosa.
section_11_item_03	11	Christian Maxims	numbered_item	item_03	33	33	65	65	True	213	210	210	Printed numbered item aligned to the corresponding English item; boundary number omitted	In the beginning, Adam and Eve disobeyed God, so also have all their posterity. There is not one man who is righteous; all have sinned and have been born in sin. God is just, and punishes the wickedness of man.	Ta Adam a Eva ani pesasa kinummossi i ta Deos, ṣo-o tapos choa sjiem o sjiem. Allipa babosa mabissé tsjes: kinummossi ja patapos, ṣo-o ausjimen inni arapies. Ta Deos mabissé tsjes, ṣo-o pachalt o arapies o babosa.	Ta Adam a Eva ani pesasa kinummossi i ta Deos, ṣoo tapos choa sjiem o sjiem. Allipa babosa mabissé tsjes: kinummossi ja patapos, ṣoo ausjimen inni arapies. Ta Deos mabissé tsjes, ṣoo pachalt o arapies o babosa.
section_11_item_04	11	Christian Maxims	numbered_item	item_04	33	34	65	66	True	155	154	172	Printed numbered item aligned to the corresponding English item; boundary number omitted	On account of transgressions, God punishes all men with death. God is highly incensed at the disobedience of man. Christ is the Peacemaker, or Mediator between God and man.	Inau kakossi ta Deos pachalt o tapos o babos'o machá. Mauchus ja makabol inau kakossi o babosa ta Deos. Ta Christus paga ma-áborra tuppach o Deos a babosa.	Inau kakossi ta Deos pachalt o tapos o babos'o machá. Mauchus ja makabol inau kakossi o babosa ta Deos. Ta Christus paga maáborra tuppach o Deos a babosa.
section_11_item_05	11	Christian Maxims	numbered_item	item_05	34	34	66	66	True	195	193	165	Printed numbered item aligned to the corresponding English item; boundary number omitted	Christ is the Son of God, and at the same time a Son of man. Christ is in one person: truly God and truly man. Christ, as man, is not born in iniquity or corruption.	Ta Christus paga sjiem o Deos, ṣo-o maibasṣar a rorró sjiem o babosa. Inni nattada boa paga Deos o gagil, ṣo-o gagil o babosa ta Christus. Ta Christus maibas o babosa alli inausjiem inni arapies.	Ta Christus paga sjiem o Deos, ṣoo maibasṣar a rorró sjiem o babosa. Inni nattada boa paga Deos o gagil, ṣoo gagil o babosa ta Christus. Ta Christus maibas o babosa alli inausjiem inni arapies.
section_11_item_06	11	Christian Maxims	numbered_item	item_06	34	34	66	66	True	224	220	199	Printed numbered item aligned to the corresponding English item; boundary number omitted	Christ is a perfectly righteous man. The man Christ has suffered, and has died on account of man's disobedience. Christ has died for our sins, and has risen from the dead, so that we may live in Him.	Ta Christus paga babos'o auchos ma-abisse-bissé a tsjes. Ta Christus o babosa minachoté, ṣo-o minachá inau kakossi o babosa. Ta Christus minachá inau torroa kakossi, ṣo-o minaséas a machá, alla mamorich ja namo inni ichoṣar.	Ta Christus paga babos'o auchos maabissebissé a tsjes. Ta Christus o babosa minachoté, ṣoo minachá inau kakossi o babosa. Ta Christus minachá inau torroa kakossi, ṣoo minaséas a machá, alla mamorich ja namo inni ichoṣar.
section_11_item_07	11	Christian Maxims	numbered_item	item_07	34	34	66	66	True	200	198	172	Printed numbered item aligned to the corresponding English item; boundary number omitted	The death of Jesus Christ is the source of life eternal. God has punished man's disobedience in His own Son, Jesus Christ. The blood of Christ reconciles and satisfies God.	Innai machá o ta Christus tummoach o morich o ma-áchonṣar. Ta Deos pinachalt o kakossi o babosa inni choa maunis a sjiem ta Jesus Christus. Ta Christus o choa taḡḡa pabórra ṣo-o tummaláttal'i ta Deos.	Innai machá o ta Christus tummoach o morich o maáchonṣar. Ta Deos pinachalt o kakossi o babosa inni choa maunis a sjiem ta Jesus Christus. Ta Christus o choa taḡḡa pabórra ṣoo tummaláttal'i ta Deos.
section_11_item_08	11	Christian Maxims	numbered_item	item_08	34	35	66	67	True	165	164	143	Printed numbered item aligned to the corresponding English item; boundary number omitted	The blood of Jesus Christ, the Son of God, cleanseth us from all sin. Christ delivers His people from their sins. Christ is the Saviour of man.	Taḡḡ'o ta Christus Sjiem o Deos mitatsiel torro boa innai tapos arapies. Ta Christus parras o choa choṣar innai choa kakossi. Ta Christus paga ma-ababárras o babosa.	Taḡḡ'o ta Christus Sjiem o Deos mitatsiel torro boa innai tapos arapies. Ta Christus parras o choa choṣar innai choa kakossi. Ta Christus paga maababárras o babosa.
section_11_item_09	11	Christian Maxims	numbered_item	item_09	35	35	67	67	True	178	177	214	Printed numbered item aligned to the corresponding English item; boundary number omitted	On account of the suffering and death of His Son, God will have mercy upon all those who repent of their sins. Sorrow for our sins is acceptable to God. Faith in Jesus Christ is followed by the forgiveness of sins.	Inau machoté ṣo-o machá o choa Sjiem ta Deos mabóno tapos chono ai kamachi'o kakossi. Ta Deos maukat o zichil inau kakossi. Ábono kakossi kamarior o autat inni ta Jesus Christus.	Inau machoté ṣoo machá o choa Sjiem ta Deos mabóno tapos chono ai kamachi'o kakossi. Ta Deos maukat o zichil inau kakossi. Ábono kakossi kamarior o autat inni ta Jesus Christus.
section_11_item_10	11	Christian Maxims	numbered_item	item_10	35	35	67	67	True	301	297	305	Printed numbered item aligned to the corresponding English item; boundary number omitted	Christ has ascended to heaven, so that He may continually intercede with His Father, and that His righteousness may hide our unrighteousness. True faith in Christ justifies all men, who are unrighteous. True faith cleanseth the heart from iniquity, and inclineth man to perform the works of righteousness.	Sinoss'i boesum ta Christus, alla tallochon papaz-inadóno choa choṣar katinnaam o choa tamau, ṣo-o tatummakkum torro'arapies o choa babissé. Autat o gagil inni ta Christus pabísse-bisse o tapos chono ai, allipa ja mabissé. Autat o gagil mitatsiel o tsjes innai arapies, ṣo-o maukat o tataap o babissé.	Sinoss'i boesum ta Christus, alla tallochon papazinadóno choa choṣar katinnaam o choa tamau, ṣoo tatummakkum torro'arapies o choa babissé. Autat o gagil inni ta Christus pabíssebisse o tapos chono ai, allipa ja mabissé. Autat o gagil mitatsiel o tsjes innai arapies, ṣoo maukat o tataap o babissé.
section_11_item_11	11	Christian Maxims	numbered_item	item_11	35	36	67	68	True	274	269	284	Printed numbered item aligned to the corresponding English item; boundary number omitted	True faith always accompanies the fear of God; the fear of God expels our wicked will and thoughts, and wards off sin. The peace of God, consolation, and gladness of heart continually accompany true faith and good works. True faith and prayer go hand in hand, like sister and brother.	Autat o ḡaḡil tallochon par'o ikkil o Deos, ikkil o Deos paube o rapies airab a tattuppa, ṣo-o miel o kakossi. Áborr'o ta Deos, tattalattala, ṣo-o aukat o tsjes tallochon par'o autat o gagil, so-o tataap o babisse. Autat o gagil ṣo-o ai-acha mababat a rorró maibas o atóasa.	Autat o ḡaḡil tallochon par'o ikkil o Deos, ikkil o Deos paube o rapies airab a tattuppa, ṣoo miel o kakossi. Áborr'o ta Deos, tattalattala, ṣoo aukat o tsjes tallochon par'o autat o gagil, soo tataap o babisse. Autat o gagil ṣoo aiacha mababat a rorró maibas o atóasa.
section_11_item_12	11	Christian Maxims	numbered_item	item_12	36	36	68	68	True	166	162	154	Printed numbered item aligned to the corresponding English item; boundary number omitted	The prayer of the believer obtaineth much. God grants the prayer and supplication of His people. All good gifts come from above, from the Father of Light.	Ai-ach'o ma-autat a cho kamauchus marach. Ta Deos maṣini o ai-acha ṣo-o annoḡḡonóḡḡono choa choṣar. Tapos ja áṣosono mario kaṣai innai de babó, innai de tamau o rará.	Aiach'o maautat a cho kamauchus marach. Ta Deos maṣini o aiacha ṣoo annoḡḡonóḡḡono choa choṣar. Tapos ja áṣosono mario kaṣai innai de babó, innai de tamau o rará.
section_11_item_13	11	Christian Maxims	numbered_item	item_13	36	36	68	68	True	172	172	170	Printed numbered item aligned to the corresponding English item; boundary number omitted	Blessed is the people whose God is the Lord. God elects His chosen, whom He loves, out of all the generations of the earth, Christ is the head of all the children of God.	Kamario ija chono ai, kamaunis tamasea Deos paga ta Jehova. Ta Deos piri o choa aukattan a cho innai tapos o tupponodon de ta. Ta Christus paga oeno o tapos sisjiem o Deos.	Kamario ija chono ai, kamaunis tamasea Deos paga ta Jehova. Ta Deos piri o choa aukattan a cho innai tapos o tupponodon de ta. Ta Christus paga oeno o tapos sisjiem o Deos.
section_11_item_14	11	Christian Maxims	numbered_item	item_14	36	36	68	68	True	200	195	154	Printed numbered item aligned to the corresponding English item; boundary number omitted	All true believers are the children of God. There are many Christians, but few true believers. God knows only true believers, and gives them eternal life.	Tapos o gagil o ma-autat a cho paga sisjiem o Deos. Mapan Christan a cho, allipa ja mapan gagil o ma-autat a cho. Ta Deos makammichi mab'o gagil o ma-autat a cho, ṣo-o pe'i decho morich o ma-áchonṣar.	Tapos o gagil o maautat a cho paga sisjiem o Deos. Mapan Christan a cho, allipa ja mapan gagil o maautat a cho. Ta Deos makammichi mab'o gagil o maautat a cho, ṣoo pe'i decho morich o maáchonṣar.
section_11_item_15	11	Christian Maxims	numbered_item	item_15	36	37	68	69	True	296	290	274	Printed numbered item aligned to the corresponding English item; boundary number omitted	Eternal life is in the Son of God, Jesus Christ. This eternal life consists in the beholding of God in heaven, in peace, rest, and everlasting joy, without end. Christ is the Resurrection from the dead, and the Life; he that believeth in Him shall live though he were dead.,	Morich o ma-áchonṣar o paga inni ta sjiem o Deos ta Jesus Christus. Morich ma-áchonṣar o mini paga o ai-all'o ta Deos i boesum, áborra, árra, ṣo-o aukat o taulaulan pa ṣisi-ech. Ta Christus paga aṣéas o machá, ṣo-o morich o ai, tamasea poetautat inni ichoṣar, mamorich, pagatomma kamach'ija icho.	Morich o maáchonṣar o paga inni ta sjiem o Deos ta Jesus Christus. Morich maáchonṣar o mini paga o aiall'o ta Deos i boesum, áborra, árra, ṣoo aukat o taulaulan pa ṣisiech. Ta Christus paga aṣéas o machá, ṣoo morich o ai, tamasea poetautat inni ichoṣar, mamorich, pagatomma kamach'ija icho.
section_11_item_16	11	Christian Maxims	numbered_item	item_16	37	37	69	69	True	294	293	249	Printed numbered item aligned to the corresponding English item; boundary number omitted	As Christ died and rose again from the dead, so they also who die in Christ shall be raised from the dead. At the end of all things, the day of judgment will come. In the final day of judgment Christ will recompense every one according to his works.	Maibas o ta Christus minachá, ṣo-o minaṣéas a machá, masini channumma tamasea kamach'ija inni ta Christus, allecho ipáṣeas a machá. Ka ṣisi o mini tapos ai tatummoach o zijsja d'o chachalt o tapos o cho. Ka zijsj'o chachalt o tapos o cho ta Christus pape o atatta choṣar kamaibas o choa tataap.	Maibas o ta Christus minachá, ṣoo minaṣéas a machá, masini channumma tamasea kamach'ija inni ta Christus, allecho ipáṣeas a machá. Ka ṣisi o mini tapos ai tatummoach o zijsja d'o chachalt o tapos o cho. Ka zijsj'o chachalt o tapos o cho ta Christus pape o atatta choṣar kamaibas o choa tataap.
section_11_item_17	11	Christian Maxims	numbered_item	item_17	37	37	69	69	True	182	178	169	Printed numbered item aligned to the corresponding English item; boundary number omitted	Recompense will follow after this life: either the joy of heaven or the punishment of hell-fire. Woe unto all drunkards. Woe unto all idolaters, who sacrifice to haibos.	Á-ri-jor a morich o mini ummior o chachad; ja aukat i boesum, ja chachalt o chau i Gehenna. Anana i tapos chono ma-árab. Anana i tapos aran o Deos o baak, ṣo-o tamasea paan o haibos.	Árijor a morich o mini ummior o chachad; ja aukat i boesum, ja chachalt o chau i Gehenna. Anana i tapos chono maárab. Anana i tapos aran o Deos o baak, ṣoo tamasea paan o haibos.
section_11_item_18	11	Christian Maxims	numbered_item	item_18	37	37	69	69	True	271	269	238	Printed numbered item aligned to the corresponding English item; boundary number omitted	Woe unto those who die in their sins, for their part shall be the lake of fire. Blessed are the dead who have repented of their sins, and who die in Christ; they rest, and their works do follow them. The body dies, the soul remains alive.	Anana i macháda ai, tamasea kamach'ija inni choa kakossi, inau choa áda paga inni chauch o chau. Ka mario ija machada ai, tamasea machi'o kakossi, ṣo-o kamach'ija inni ta Christus; pissassen ja, ṣo-o choa tataap ummior i decho. Ka mach'ija bog, máchonṣar morich ja tsjes.	Anana i macháda ai, tamasea kamach'ija inni choa kakossi, inau choa áda paga inni chauch o chau. Ka mario ija machada ai, tamasea machi'o kakossi, ṣoo kamach'ija inni ta Christus; pissassen ja, ṣoo choa tataap ummior i decho. Ka mach'ija bog, máchonṣar morich ja tsjes.
section_11_item_19	11	Christian Maxims	numbered_item	item_19	38	38	70	70	True	112	111	120	Printed numbered item aligned to the corresponding English item; boundary number omitted	The body is perishable, the soul is imperishable. The body decays in the grave, the soul of the believer goes to heaven.	Ka moribal ja bog, pa moribal ja tsjes. Ka mabocho ja bog i robaan, maboas ja tsjes o ma-autat acho i boesum ai.	Ka moribal ja bog, pa moribal ja tsjes. Ka mabocho ja bog i robaan, maboas ja tsjes o maautat acho i boesum ai.
section_11_item_20	11	Christian Maxims	numbered_item	item_20	38	38	70	70	True	266	264	254	Printed numbered item aligned to the corresponding English item; boundary number omitted	In the day of general judgment the dead bodies shall be again united to their souls and live again; thereupon they who ordinarily have followed after righteousness shall go to heaven, but they who have constantly done iniquity shall enter into hell-fire.	Ka zijsj'o chachalt o tapos o cho bog o machád'allecho aarpanni o tattaul'o choa tsjes, ṣo-o ipaurichṣar: kasagh-á tamasea inummior tallochon o babissé, ṣaṣoss'i boesum; kasjabaan tamasea tallochon pinarapies, ṣaṣoss'i chau o Gehenna. Ṣisi o atite o atil o Christan.	Ka zijsj'o chachalt o tapos o cho bog o machád'allecho aarpanni o tattaul'o choa tsjes, ṣoo ipaurichṣar: kasaghá tamasea inummior tallochon o babissé, ṣaṣoss'i boesum; kasjabaan tamasea tallochon pinarapies, ṣaṣoss'i chau o Gehenna. Ṣisi o atite o atil o Christan.
section_12_title	12	Questions on the Prayer of the Lord	section_title	title	38	38	70	70	True	28	27	36	Printed Favorlang section heading aligned to Campbell's English heading	Questions on the Prayer of the Lord.	Chachod o Ai-Ach'o Christan.	Chachod o AiAch'o Christan.
section_12_qa_01_question	12	Questions on the Prayer of the Lord	qa_turn	qa_01_question	38	38	70	70	True	36	36	38	Question turn split at printed Q/A labels; labels omitted	Whom do you call the Father in heaven?	Tomm'ijo pattonan o tamau de boesum?	Tomm'ijo pattonan o tamau de boesum?
section_12_qa_01_answer	12	Questions on the Prayer of the Lord	qa_turn	qa_01_answer	38	38	70	70	True	8	8	4	Answer turn split at printed Q/A labels; labels omitted	God.	Ta Deos.	Ta Deos.
section_12_qa_02_question	12	Questions on the Prayer of the Lord	qa_turn	qa_02_question	38	38	70	70	True	41	41	28	Question turn split at printed Q/A labels; labels omitted	Why is He called our Father?	Inaunumma attonannan ja icho namoa tamau?	Inaunumma attonannan ja icho namoa tamau?
section_12_qa_02_answer	12	Questions on the Prayer of the Lord	qa_turn	qa_02_answer	38	38	70	70	True	77	75	80	Answer turn split at printed Q/A labels; labels omitted	Because it is He who has made our bodies and souls, and He also who supports us.	Inau icho mineriensar torroa bog a tsjes-oë, ṣo-o porích torro boa channumma.	Inau icho mineriensar torroa bog a tsjesoë, ṣoo porích torro boa channumma.
section_12_qa_03_question	12	Questions on the Prayer of the Lord	qa_turn	qa_03_question	38	39	70	71	True	45	45	36	Question turn split at printed Q/A labels; labels omitted	Why is He called a Father in heaven?	Inaunumma attonannan ja icho tamau de boesum?	Inaunumma attonannan ja icho tamau de boesum?
section_12_qa_03_answer	12	Questions on the Prayer of the Lord	qa_turn	qa_03_answer	38	39	70	71	True	41	41	44	Answer turn split at printed Q/A labels; labels omitted	Because He is not like our fathers on earth.	Inau alli maibas o tamauno de ta ja icho.	Inau alli maibas o tamauno de ta ja icho.
section_12_qa_04_question	12	Questions on the Prayer of the Lord	qa_turn	qa_04_question	39	39	71	71	True	80	80	62	Question turn split at printed Q/A labels; labels omitted	What do these words teach us: Our Father, which art in heaven?	Numm'attillán ja namo innai atite o miniṣar, namoa tamau tamasea paga de boesum?	Numm'attillán ja namo innai atite o miniṣar, namoa tamau tamasea paga de boesum?
section_12_qa_04_answer	12	Questions on the Prayer of the Lord	qa_turn	qa_04_answer	39	39	71	71	True	128	127	159	Answer turn split at printed Q/A labels; labels omitted	They teach us that, when we pray, we should put away from us the pride of the heart, and that we should fear God, who lives so high above us, above the clouds.	Alla namo, ṣabanno mai meacha, maspot a tummis o aṣies o tsjes, ṣo-o mikkil o Deos, tamasea pattodon mauchus a ró de babó rabbó.	Alla namo, ṣabanno mai meacha, maspot a tummis o aṣies o tsjes, ṣoo mikkil o Deos, tamasea pattodon mauchus a ró de babó rabbó.
section_12_qa_05_question	12	Questions on the Prayer of the Lord	qa_turn	qa_05_question	39	39	71	71	True	43	42	30	Question turn split at printed Q/A labels; labels omitted	Who has taught us this prayer?	Todacho ja pináttil torro ai-ach'o miniṣar?	Todacho ja pináttil torro aiach'o miniṣar?
section_12_qa_05_answer	12	Questions on the Prayer of the Lord	qa_turn	qa_05_answer	39	39	71	71	True	58	57	38	Answer turn split at printed Q/A labels; labels omitted	The Son of God, our Lord Jesus Christ.	Sjiem badd'o Deos, torroa ma-acháchimit ta Jesus Christus.	Sjiem badd'o Deos, torroa maacháchimit ta Jesus Christus.
section_12_qa_06_question	12	Questions on the Prayer of the Lord	qa_turn	qa_06_question	39	40	71	72	True	35	34	44	Question turn split at printed Q/A labels; labels omitted	How many things do we desire God to give us?	Naida tuppo torro meach'o Deos-ṣar.	Naida tuppo torro meach'o Deosṣar.
section_12_qa_06_answer	12	Questions on the Prayer of the Lord	qa_turn	qa_06_answer	39	40	71	72	True	519	509	422	Answer turn split at printed Q/A labels; labels omitted	These six:- 1. That we may praise His great name. 2. That He may reign over us, and make us righteous, as He is righteous. 3. That we may follow His commandments as a righteous people. 4. That He may provide us with bodily sustenance, and support us as a father does his children. 5. That God in His mercy may forgive us when we commit evil, and not punish us. 6. That God may protect us from haibos, our enemy and envier.	Nataap o miniṣar:- Kapesasa, alla torro madas o choa naan mauchus mato. Ka narroa, alla mariona icho chummimit torro boa, ṣo-o merien torro ma-abisse-abissé tsjes maibas icho. Ka natorroa, alla torro maibas o ma-abissé tsjes chonoë ummior o cho'atillo. Ka naspat, all'icho pe'i torro inochan, ṣo-o paan torro boa maibas o tamau choa sisjiem. Ka nachap, alla Deos mabono torro boa, sabanno torro rummapies, ṣo-o alli túmmea. Ka nataap, alla Deos maladik o torroa boa innai ta haibos-ech, torro'ázjies-in ṣo-o ma-asannan.	Nataap o miniṣar:- Kapesasa, alla torro madas o choa naan mauchus mato. Ka narroa, alla mariona icho chummimit torro boa, ṣoo merien torro maabisseabissé tsjes maibas icho. Ka natorroa, alla torro maibas o maabissé tsjes chonoë ummior o cho'atillo. Ka naspat, all'icho pe'i torro inochan, ṣoo paan torro boa maibas o tamau choa sisjiem. Ka nachap, alla Deos mabono torro boa, sabanno torro rummapies, ṣoo alli túmmea. Ka nataap, alla Deos maladik o torroa boa innai ta haibosech, torro'ázjiesin ṣoo maasannan.
section_12_qa_07_question	12	Questions on the Prayer of the Lord	qa_turn	qa_07_question	40	40	72	72	True	10	10	4	Question turn split at printed Q/A labels; labels omitted	Why?	Inaunumma?	Inaunumma?
section_12_qa_07_answer	12	Questions on the Prayer of the Lord	qa_turn	qa_07_answer	40	40	72	72	True	72	72	56	Answer turn split at printed Q/A labels; labels omitted	Because we also forgive others, when they do evil to us.	Inau channumma namo mabono roman a cho ṣabanno parapies i namo dechonoë.	Inau channumma namo mabono roman a cho ṣabanno parapies i namo dechonoë.
section_12_qa_08_question	12	Questions on the Prayer of the Lord	qa_turn	qa_08_question	40	40	72	72	True	9	9	9	Question turn split at printed Q/A labels; labels omitted	How then?	Moedaṣar?	Moedaṣar?
section_12_qa_08_answer	12	Questions on the Prayer of the Lord	qa_turn	qa_08_answer	40	40	72	72	True	101	100	86	Answer turn split at printed Q/A labels; labels omitted	That He may forbid haibos, and not permit him to poison us, that is, tempt us to evil.	Alla maddik i ta haibos, ṣo-o alli pauss'i icho sumbach i namo, michoṣar a pattite, lummal'i arapies.	Alla maddik i ta haibos, ṣoo alli pauss'i icho sumbach i namo, michoṣar a pattite, lummal'i arapies.
section_12_qa_09_question	12	Questions on the Prayer of the Lord	qa_turn	qa_09_question	40	40	72	72	True	41	41	34	Question turn split at printed Q/A labels; labels omitted	Why is haibos called the evil-one?	Inaunumma attonannan ta haibos rapies ai?	Inaunumma attonannan ta haibos rapies ai?
section_12_qa_09_answer	12	Questions on the Prayer of the Lord	qa_turn	qa_09_answer	40	40	72	72	True	68	67	71	Answer turn split at printed Q/A labels; labels omitted	Because he is indeed very malignant and very disobedient to God's word.	Inau gagil icho rapies tsjes, ṣo-o mauchus kummossi o attite o Deos.	Inau gagil icho rapies tsjes, ṣoo mauchus kummossi o attite o Deos.
section_12_qa_10_question	12	Questions on the Prayer of the Lord	qa_turn	qa_10_question	40	40	72	72	True	28	28	34	Question turn split at printed Q/A labels; labels omitted	What is the signification of Amen?	Numma micho a pattite, Amen?	Numma micho a pattite, Amen?
section_12_qa_10_answer	12	Questions on the Prayer of the Lord	qa_turn	qa_10_answer	40	40	72	72	True	82	81	67	Answer turn split at printed Q/A labels; labels omitted	Amen signifies that it is certain, and that God will do as we wish.	Amen, micho a pattite gagilna, ṣo-o allecho merien ta Deos maibas ja torro meácha.	Amen, micho a pattite gagilna, ṣoo allecho merien ta Deos maibas ja torro meácha.
section_12_qa_11_question	12	Questions on the Prayer of the Lord	qa_turn	qa_11_question	40	40	72	72	True	22	22	24	Question turn split at printed Q/A labels; labels omitted	Whence do you know that?	Innaidem'ijo maba dai?	Innaidem'ijo maba dai?
section_12_qa_11_answer	12	Questions on the Prayer of the Lord	qa_turn	qa_11_answer	40	40	72	72	True	147	145	135	Answer turn split at printed Q/A labels; labels omitted	Because He alone has the dominion and the power, be it in heaven, be it on earth, and all this in order that we should praise His Name.	Inau ma-akammichiṣar icho paga chachimit o tapos a barra, pagatomma de boesum, pagatomma de ta, ṣo-o mini tapos ai, alla torro mamadás o choa naan.	Inau maakammichiṣar icho paga chachimit o tapos a barra, pagatomma de boesum, pagatomma de ta, ṣoo mini tapos ai, alla torro mamadás o choa naan.
section_13_title	13	Questions on the Christian Belief	section_title	title	41	41	73	73	True	27	27	34	Printed Favorlang section heading aligned to Campbell's English heading	Questions on the Christian Belief.	Chachod o Autat o Christan.	Chachod o Autat o Christan.
section_13_item_01	13	Questions on the Christian Belief	numbered_item	item_01	41	41	73	73	True	379	370	389	Printed numbered item aligned to the corresponding English item; boundary number omitted	What is the Christian belief? The Christian belief is a sure knowledge of God, and of the testimony of His Word, whereby I am fully assured - causing my heart to be filled with consolation - that God the Father is my God and Father for the sake of His Son Jesus Christ, who will mercifully forgive me all my sins, give me on this earth sustenance, and hereafter life everlasting in heaven.	Numm'ija autat o Christan? Autat o Christan paga gagil o ab'o Deos, ṣo-o o al'o choa ranied, innainumma kamachaggi ja ina, ṣo-o tummoach i na-a tsjes tattalattal'o mini, alla Deos o tamau inau choa sjiem ta Jesus Christus paga na-a micho Deos a tamau, tamasea merab o mabóno tapos na-a kakossi, pe'o inochan ina de ta mini, ṣo-o sagha-a rummi-es morich o ma-áchonṣar i boesum ai.	Numm'ija autat o Christan? Autat o Christan paga gagil o ab'o Deos, ṣoo o al'o choa ranied, innainumma kamachaggi ja ina, ṣoo tummoach i naa tsjes tattalattal'o mini, alla Deos o tamau inau choa sjiem ta Jesus Christus paga naa micho Deos a tamau, tamasea merab o mabóno tapos naa kakossi, pe'o inochan ina de ta mini, ṣoo saghaa rummies morich o maáchonṣar i boesum ai.
section_13_item_02	13	Questions on the Christian Belief	numbered_item	item_02	41	41	73	73	True	135	132	125	Printed numbered item aligned to the corresponding English item; boundary number omitted	What do you call God? I call God essentially a Spirit, and a Being, or Person who is self-created, and who will always exist.	Pattonan onumm'ijo ta Deos? Na-a pattonan o ta Deos tsjes o auchos, ṣo-o nattada ga ja boa, tamasea maunis pinaga, ṣo-o paga taulaulan.	Pattonan onumm'ijo ta Deos? Naa pattonan o ta Deos tsjes o auchos, ṣoo nattada ga ja boa, tamasea maunis pinaga, ṣoo paga taulaulan.
section_13_item_03	13	Questions on the Christian Belief	numbered_item	item_03	41	41	73	73	True	134	131	100	Printed numbered item aligned to the corresponding English item; boundary number omitted	How many gods are there? There is one God in three persons- the Father, the Son, and the Holy Ghost.	Naida Deos paga ja? Paga nattaṣar a Deos inni natorroa-da boa, o Tamau, ta Sjiem, ṣo-o ta auchar o Deos o ma-áchimit ta Spirito Santo.	Naida Deos paga ja? Paga nattaṣar a Deos inni natorroada boa, o Tamau, ta Sjiem, ṣoo ta auchar o Deos o maáchimit ta Spirito Santo.
section_13_item_04	13	Questions on the Christian Belief	numbered_item	item_04	42	42	74	74	True	275	270	310	Printed numbered item aligned to the corresponding English item; boundary number omitted	What does that mean - I believe in God the Father? That signifies - I am quite convinced and firmly persuaded in my heart that, according to the testimony of God's Word, God the Father has, from all eternity, begotten His Son, the true image and likeness of His person, and that He is truly God, even as He is.	Numma micho a pattite, na-a poetautat inni Deos o Tamau? Micho a pattite, kamachaggi ja ina innai al'o ranied o Deos, ṣo-o poetat o na-a tsjes, alla Deos o tamau ani taulaulan pinausjiem o; choa sjiem, gagil a isas ṣo-o tatṣar o choa micho boa, ṣo-o Deos o gagil maibas icho.	Numma micho a pattite, naa poetautat inni Deos o Tamau? Micho a pattite, kamachaggi ja ina innai al'o ranied o Deos, ṣoo poetat o naa tsjes, alla Deos o tamau ani taulaulan pinausjiem o; choa sjiem, gagil a isas ṣoo tatṣar o choa micho boa, ṣoo Deos o gagil maibas icho.
section_13_item_05	13	Questions on the Christian Belief	numbered_item	item_05	42	42	74	74	True	434	431	517	Printed numbered item aligned to the corresponding English item; boundary number omitted	Does God beget or generate as men do? No; He generates in quite a different way. Let me mention some comparisons: such as, the soul spontaneously generates the understanding, will, and thoughts, as a fountain pours out its waters of its own accord. Thus, our understanding, will, and thoughts proceed from the soul and abide in the same; in like manner, the Son of God proceeds from the Father and abides in Him. As a fountain does not cease to let its waters flow, even so the Father does not cease to beget His Son.	Ja ta Deos pausjiem maibas o babosa? Pa: maunionis ja choa pausjiem. Alla na-a pe'o charri o tatschier; maibas o tsjes patoach o saan, o airab a tattuppa, maibas o chuppod pachuppod o to. Maibas o ṣaan, airab, a tattuppa, ṣai innaide tsjes, ṣo-o machonṣar inni tsjes, masini sjiem o Deos ṣai innai o tamau, ṣo-o machonṣar inni ichoṣar. Maibas o chuppod alli pittol o pachuppod o to, masini o tamau alli poṣisi o pausjiem o choa sjiem.	Ja ta Deos pausjiem maibas o babosa? Pa: maunionis ja choa pausjiem. Alla naa pe'o charri o tatschier; maibas o tsjes patoach o saan, o airab a tattuppa, maibas o chuppod pachuppod o to. Maibas o ṣaan, airab, a tattuppa, ṣai innaide tsjes, ṣoo machonṣar inni tsjes, masini sjiem o Deos ṣai innai o tamau, ṣoo machonṣar inni ichoṣar. Maibas o chuppod alli pittol o pachuppod o to, masini o tamau alli poṣisi o pausjiem o choa sjiem.
section_13_item_06	13	Questions on the Christian Belief	numbered_item	item_06	42	43	74	75	True	299	295	337	Printed numbered item aligned to the corresponding English item; boundary number omitted	Why do you add these words - Creator of heaven and earth? Because by the Word of God I am quite convinced and fully persuaded in my heart that God the Father has, from the very beginning, made heaven, the earth, the sea, and all that therein is, that He upholdeth all these things by His power, and that He rules over them by His wisdom.	Inaunumm'ijo pachip o atite o mini, Airien o boesum a ta? Inau kamachaggi ja ina innai al'o ranied o Deos, ṣo-o poetat o na-a tsjes, alla Deos o tamau ani pesasa minerien o boesum, o ta, a abas, ṣo-o tapos o ai lallum choa baan, tamasea tumk'o mini tapos ai; o choa barra, ṣo-o chummimit o choa aba.	Inaunumm'ijo pachip o atite o mini, Airien o boesum a ta? Inau kamachaggi ja ina innai al'o ranied o Deos, ṣoo poetat o naa tsjes, alla Deos o tamau ani pesasa minerien o boesum, o ta, a abas, ṣoo tapos o ai lallum choa baan, tamasea tumk'o mini tapos ai; o choa barra, ṣoo chummimit o choa aba.
section_13_item_07	13	Questions on the Christian Belief	numbered_item	item_07	43	43	75	75	True	248	246	301	Printed numbered item aligned to the corresponding English item; boundary number omitted	What is the meaning of Almighty? These words signify that God the Father performs everything according to His will, and that He shows His great power in the creation of heaven, of the earth, and the sea; that His power never tires, and that His will and His word are not restricted by any other being.	Numma micho a pattite, kamabara'ija tapos o ai? Atite o mini pab'ija alla Deos o tamau ummoob o tapos choa airab, ṣo-o pait'o choa barra mato inni tataap o boesum, o ta, a abas tamase'alli mab'o orachan, ṣo-o choa airab alli ilen innai-de romanech.	Numma micho a pattite, kamabara'ija tapos o ai? Atite o mini pab'ija alla Deos o tamau ummoob o tapos choa airab, ṣoo pait'o choa barra mato inni tataap o boesum, o ta, a abas tamase'alli mab'o orachan, ṣoo choa airab alli ilen innai de romanech.
section_13_item_08	13	Questions on the Christian Belief	numbered_item	item_08	43	43	75	75	True	341	337	292	Printed numbered item aligned to the corresponding English item; boundary number omitted	What consolation does faith in God the Father Almighty give to your heart? It gives me the full conviction - even as my mind also bears witness thereto- that God the Father is my God and Father for the sake of His Son Jesus Christ; that God loves me as His child, and guards me from all evil.	Numm'ija tattalattala tummoach i joa tsjes innau autat inni Deos o tamau, kamabarr'ija tapos o ai? Innai micho kamachaggi ja ina, maibas o na-a tsjes channumma maunis-o-ala, alla Deos o tamau inau choa sjiem ta Jesus Christus paga na-a micho Deos a tamau, tamasea maukat ina maibas o choa sjiem, ṣo-o maladik o na-a boa innai patapos rapies.	Numm'ija tattalattala tummoach i joa tsjes innau autat inni Deos o tamau, kamabarr'ija tapos o ai? Innai micho kamachaggi ja ina, maibas o naa tsjes channumma maunis o ala, alla Deos o tamau inau choa sjiem ta Jesus Christus paga naa micho Deos a tamau, tamasea maukat ina maibas o choa sjiem, ṣoo maladik o naa boa innai patapos rapies.
section_13_item_09	13	Questions on the Christian Belief	numbered_item	item_09	44	44	76	76	True	76	74	71	Printed numbered item aligned to the corresponding English item; boundary number omitted	Who is the second Person in God's nature? The Son of God, Jesus Christ.	Tomm'ija kanarroa-da boa inni ga o Deos-ṣar? Sjiem o Deos ta Jesus Christus.	Tomm'ija kanarroada boa inni ga o Deosṣar? Sjiem o Deos ta Jesus Christus.
section_13_item_10	13	Questions on the Christian Belief	numbered_item	item_10	44	44	76	76	True	241	238	180	Printed numbered item aligned to the corresponding English item; boundary number omitted	Do you believe in the Son of God? Yes; I believe at the same time in God the Father, and in His Son, just as the Son of God commands, saying, Ye believe in God, believe also in Me.	Ja poetautat ijonoë inni ta sjiem o Deos channumma? Hena, maibasṣar a rorró na-a poetautat inni Deos o tamau, ṣo-o inni choa sjiem: maibas ja pattillo ta sjiem o Deos; imoa poetautat inni ta Deos, oetautatta inni na-ada boa channumma, machó.	Ja poetautat ijonoë inni ta sjiem o Deos channumma? Hena, maibasṣar a rorró naa poetautat inni Deos o tamau, ṣoo inni choa sjiem: maibas ja pattillo ta sjiem o Deos; imoa poetautat inni ta Deos, oetautatta inni naada boa channumma, machó.
section_13_item_11	13	Questions on the Christian Belief	numbered_item	item_11	44	44	76	76	True	258	253	245	Printed numbered item aligned to the corresponding English item; boundary number omitted	What does this signify - I believe in the only-begotten Son of God? That I am fully convinced, according to the testimony of God's Word, and in my mind hold fast thereunto, that the second Person, Jesus Christ, is God's own Son, very God of God.	Numma micho a pattite, na-a poetautat inni sjiem o Deos nattaṣar o binodda? Micho a pattite, kamachaggi ja ina innai al'o ranied o Deos, ṣo-o poetat o na-a tsjes, alla kanarroa-da boa ta Jesus Christus paga maunis a sjiem o Deos, gagil o Deos innai Deos-ṣar.	Numma micho a pattite, naa poetautat inni sjiem o Deos nattaṣar o binodda? Micho a pattite, kamachaggi ja ina innai al'o ranied o Deos, ṣoo poetat o naa tsjes, alla kanarroada boa ta Jesus Christus paga maunis a sjiem o Deos, gagil o Deos innai Deosṣar.
section_13_item_12	13	Questions on the Christian Belief	numbered_item	item_12	44	44	76	76	True	110	110	107	Printed numbered item aligned to the corresponding English item; boundary number omitted	What is the name of the Son of God? His name, like that of His Father, is Jehovah, because He is truly God.	Naan onumma paga ta sjiem o Deos? Choa naan, maibas o choa tamau, paga ta Jehova, inau paga gagil o Deos icho.	Naan onumma paga ta sjiem o Deos? Choa naan, maibas o choa tamau, paga ta Jehova, inau paga gagil o Deos icho.
section_13_item_13	13	Questions on the Christian Belief	numbered_item	item_13	44	44	76	76	True	74	74	72	Printed numbered item aligned to the corresponding English item; boundary number omitted	What does that name of Jesus signify? Jesus signifies a redeemer of men.	Naan onumma micho ta Jesus? Ta Jesus micho a pattite maababárras o babosa.	Naan onumma micho ta Jesus? Ta Jesus micho a pattite maababárras o babosa.
section_13_item_14	13	Questions on the Christian Belief	numbered_item	item_14	44	44	76	76	True	74	74	73	Printed numbered item aligned to the corresponding English item; boundary number omitted	Does the Son of God bear this name? Yes, with regard to His human nature.	Ja ta sjiem o Deos marach o naan o mini? Hena, maibas paga babosa ja icho.	Ja ta sjiem o Deos marach o naan o mini? Hena, maibas paga babosa ja icho.
section_13_item_15	13	Questions on the Christian Belief	numbered_item	item_15	45	45	77	77	True	116	115	112	Printed numbered item aligned to the corresponding English item; boundary number omitted	How, then, is the Son of God also a man? Yes; He is the Son of God, and at the same time like unto a son of man.	Mai numma, ja ta sjiem o Deos paga babosa channumma? Hena: paga sjiem o Deos, ṣo-o maibasṣar a rorró sjiem o babosa.	Mai numma, ja ta sjiem o Deos paga babosa channumma? Hena: paga sjiem o Deos, ṣoo maibasṣar a rorró sjiem o babosa.
section_13_item_16	13	Questions on the Christian Belief	numbered_item	item_16	45	45	77	77	True	266	262	282	Printed numbered item aligned to the corresponding English item; boundary number omitted	Are there two persons in Him, the person of a man, and the Person of God? No; there dwell in Him two beings or natures and one person. As in man the soul is united to the body in one person, so also the nature of man is united with the divine nature into one person in Christ Jesus.	Ja paga narroa-da boa inni ichoṣar, bo'o babosa, ṣo-o bo'o Deos-ṣar? Pa: narroa ja ḡa paga inni icho, ṣo-o nattada boa. Maibas o tsjes aarpanni o bogṣar inni babosa pana nattada boa, masini ḡa o babosa aarpanni o ḡa o Deosṣar pana nattada boa inni ta Jesus Christus.	Ja paga narroada boa inni ichoṣar, bo'o babosa, ṣoo bo'o Deosṣar? Pa: narroa ja ḡa paga inni icho, ṣoo nattada boa. Maibas o tsjes aarpanni o bogṣar inni babosa pana nattada boa, masini ḡa o babosa aarpanni o ḡa o Deosṣar pana nattada boa inni ta Jesus Christus.
section_13_item_17	13	Questions on the Christian Belief	numbered_item	item_17	45	45	77	77	True	144	144	166	Printed numbered item aligned to the corresponding English item; boundary number omitted	Has the Son of God been always human? No; for the transgression of man He appeared in this world in the nature of man, so that He might suffer for man's disobedience.	Ja ta sjiem o Deos taulaulan pinaga babosa? Pa: inau kakossi o babosa tsinummoach i ta mini inni ḡa o babosa, alla lalummaslas o torroa kakossi.	Ja ta sjiem o Deos taulaulan pinaga babosa? Pa: inau kakossi o babosa tsinummoach i ta mini inni ḡa o babosa, alla lalummaslas o torroa kakossi.
section_13_item_18	13	Questions on the Christian Belief	numbered_item	item_18	45	45	77	77	True	177	175	193	Printed numbered item aligned to the corresponding English item; boundary number omitted	Why did the Son of God appear in the form of man? That God might execute His judgment, and punish (our) transgressions m His bon, appearing in the form of man, who had transgressed against God.	Inonumma ta sjiem o Deos tsinummoach inni ḡa o babosa? Alla ta Deos a-ummior o choa babissé, ṣo-o pachalt o kakossi inni choa sjiem, inni ḡa o babosa, o ai kinummossi i ta Deos.	Inonumma ta sjiem o Deos tsinummoach inni ḡa o babosa? Alla ta Deos aummior o choa babissé, ṣoo pachalt o kakossi inni choa sjiem, inni ḡa o babosa, o ai kinummossi i ta Deos.
section_13_item_19	13	Questions on the Christian Belief	numbered_item	item_19	46	46	78	78	True	155	154	151	Printed numbered item aligned to the corresponding English item; boundary number omitted	Why has God punished the transgressions of men in His own Son? In order that He might show His love to man, and deliver him from the punishment of sin.	Inonumma ta Deos pinachalt o kakossi o babosa inni choa maunis a sjiem? Alla papait'o choa aukat pana babosa, ṣo-o parras i decho innai chachalt o kakossi.	Inonumma ta Deos pinachalt o kakossi o babosa inni choa maunis a sjiem? Alla papait'o choa aukat pana babosa, ṣoo parras i decho innai chachalt o kakossi.
section_13_item_20	13	Questions on the Christian Belief	numbered_item	item_20	46	46	78	78	True	346	341	343	Printed numbered item aligned to the corresponding English item; boundary number omitted	Is it righteous that God should punish the transgressions of man in His own Son? Yes, it is, because the Son of God is the Mediator between God and man, who by His death reconciles and satisfies God, His Father; so that all who are repentant of their sins and believe in Him may obtain the forgiveness of sins and life everlasting in His name.	Ja mabisse micho, alla ta Deos pachalt o kakossi o babosa inni choa sjiem? Hena: inau ta sjiem o Deos paga ma-áborro tuppach o Deos a babosa, tamase'o choa machá pabbórra ṣo-o tummalattal'i ta Deos choa tamau, alla tapos chono ai kamachi'o kakossi, ṣo-o poetautat inni choa boa, mamarach o ábono kakossi, ṣo-o morich o ma-áchonṣar inni choa naan.	Ja mabisse micho, alla ta Deos pachalt o kakossi o babosa inni choa sjiem? Hena: inau ta sjiem o Deos paga maáborro tuppach o Deos a babosa, tamase'o choa machá pabbórra ṣoo tummalattal'i ta Deos choa tamau, alla tapos chono ai kamachi'o kakossi, ṣoo poetautat inni choa boa, mamarach o ábono kakossi, ṣoo morich o maáchonṣar inni choa naan.
section_13_item_21	13	Questions on the Christian Belief	numbered_item	item_21	46	46	78	78	True	119	119	97	Printed numbered item aligned to the corresponding English item; boundary number omitted	What is Christ? This name denotes that God the Father has given His Son the power to deliver man.	Numm'ija ta Christus? Naan o mini ta Christus paita alla Deos o tamau pinaatsikap o choa sjiem, alla paparras o babosa.	Numm'ija ta Christus? Naan o mini ta Christus paita alla Deos o tamau pinaatsikap o choa sjiem, alla paparras o babosa.
section_13_item_22	13	Questions on the Christian Belief	numbered_item	item_22	46	46	78	78	True	113	112	99	Printed numbered item aligned to the corresponding English item; boundary number omitted	Why do you call the Son of God our Lord? Because He has purchased a peculiar people with His blood.	Inaunumma pattonan ijonoë o sjiem o Deos ma-acháchimit ja torro? Inau o choa taḡḡa pinattodoch o cho maunis icho.	Inaunumma pattonan ijonoë o sjiem o Deos maacháchimit ja torro? Inau o choa taḡḡa pinattodoch o cho maunis icho.
section_13_item_23	13	Questions on the Christian Belief	numbered_item	item_23	46	47	78	79	True	105	104	79	Printed numbered item aligned to the corresponding English item; boundary number omitted	Who is this peculiar people? All we who believe in Him and listen to His voice.	Tomm'ija maunis a chono micho? Torro patapos tamasea poetautat inni choa boa, ṣo-o ummior o choa charṣar.	Tomm'ija maunis a chono micho? Torro patapos tamasea poetautat inni choa boa, ṣoo ummior o choa charṣar.
section_13_item_24	13	Questions on the Christian Belief	numbered_item	item_24	47	47	79	79	True	367	362	391	Printed numbered item aligned to the corresponding English item; boundary number omitted	Are we His servants and His peculiar people? Yes; our bodies and our souls belong to Him. Formerly we were the servants of haibos, and followed after him in his disobedience, so that we were made subservient to his will; the Son of God has delivered us from haibos' power and dominion, in order that we should, as servants, domestics, and as His peculiar people, follow His word and command.	Ja torro paga choa aran, so-o maunis a cho? Hena: torroa bog, torroa tsjes maunis icho. Ani torro paga aran o haibos, ṣo-o tsimichier o choa kakossi, tamasea pinauloan torro boa pana de rapo choa airab. Ta sjiem o Deos pinarras o torroa boa innai barra ṣo-o chachimit o haibos, alla torro maibas o choa aran, chodon, ṣo-o maunis a cho aummior o cho'atite ṣo-o átillo.	Ja torro paga choa aran, soo maunis a cho? Hena: torroa bog, torroa tsjes maunis icho. Ani torro paga aran o haibos, ṣoo tsimichier o choa kakossi, tamasea pinauloan torro boa pana de rapo choa airab. Ta sjiem o Deos pinarras o torroa boa innai barra ṣoo chachimit o haibos, alla torro maibas o choa aran, chodon, ṣoo maunis a cho aummior o cho'atite ṣoo átillo.
section_13_item_25	13	Questions on the Christian Belief	numbered_item	item_25	47	47	79	79	True	352	348	372	Printed numbered item aligned to the corresponding English item; boundary number omitted	What consolation does faith in the Son of God, the Lord Jesus Christ, give unto your heart? Thereby I am fully convinced that the Son of God has loved me, that He has appeared in human nature, in order that He might deliver me from the punishment of sin, and that He will protect me from the dominion and violence of haibos, inasmuch as I am His servant and belong to Him.	Numm'ija tattalattala tummoach i joa tsjes innai autat inni ta sjiem o Deos, ma-acháchimit o ai ta Jesus Christus? Innai micho kamachaggi ja ina alla ta sjiem o Deos minaukat o ina tsinummoach i ḡa o babosa, alla paparras o na-a boa innai chachalt o kakossi, ṣo-o mamaladik innai chachimit a barr'o haibos, inau paga ja ina choa aran, ṣo-o maunis icho.	Numm'ija tattalattala tummoach i joa tsjes innai autat inni ta sjiem o Deos, maacháchimit o ai ta Jesus Christus? Innai micho kamachaggi ja ina alla ta sjiem o Deos minaukat o ina tsinummoach i ḡa o babosa, alla paparras o naa boa innai chachalt o kakossi, ṣoo mamaladik innai chachimit a barr'o haibos, inau paga ja ina choa aran, ṣoo maunis icho.
section_13_item_26	13	Questions on the Christian Belief	numbered_item	item_26	47	48	79	80	True	162	162	146	Printed numbered item aligned to the corresponding English item; boundary number omitted	Has Christ been conceived in His mother's body, as all other persons? No; He has been conceived or begotten by the Breath of God, the Holy Spirit.	Ja ta Christus inararain inni tsjes o choa tanai maibas o tapos roman a babosa? Maini: maunionis karinab icho innaide Auchar o Deos o maachimit, ta Spirito Santo.	Ja ta Christus inararain inni tsjes o choa tanai maibas o tapos roman a babosa? Maini: maunionis karinab icho innaide Auchar o Deos o maachimit, ta Spirito Santo.
section_13_item_27	13	Questions on the Christian Belief	numbered_item	item_27	48	48	80	80	True	82	82	75	Printed numbered item aligned to the corresponding English item; boundary number omitted	Has He no Father? No, not as Son of man; as the Son of God He has a Father.	Ja alpa tamau icho? Pa, maibas o sjiem o babosa, maibas o sjiem o Deos paga tamau.	Ja alpa tamau icho? Pa, maibas o sjiem o babosa, maibas o sjiem o Deos paga tamau.
section_13_item_28	13	Questions on the Christian Belief	numbered_item	item_28	48	48	80	80	True	80	80	74	Printed numbered item aligned to the corresponding English item; boundary number omitted	Has He a mother? Yes, as a Son of man; as the Son of God He has no mother.	Ja paga tanai? Paga maibas o sjiem o babosa; maibas o sjiem o Deos, pa ja tanai.	Ja paga tanai? Paga maibas o sjiem o babosa; maibas o sjiem o Deos, pa ja tanai.
section_13_item_29	13	Questions on the Christian Belief	numbered_item	item_29	48	48	80	80	True	42	42	45	Printed numbered item aligned to the corresponding English item; boundary number omitted	Who is His mother? The betrothed Virgin Mary.	Tomm'ija choa tanai? Patomámmali ta Maria.	Tomm'ija choa tanai? Patomámmali ta Maria.
section_13_item_30	13	Questions on the Christian Belief	numbered_item	item_30	48	48	80	80	True	192	191	209	Printed numbered item aligned to the corresponding English item; boundary number omitted	Was His mother a betrothed and true virgin? Yes; Mary being a true virgin brought forth her Son Jesus Christ; being yet betrothed to her husband Joseph, she became pregnant, although she had not known any man.	Ja paga patomámmali, ṣo-o mammali o gagil choa tanai? Hena: ta Maria pinodd'o choa sjiem badda ta Jesus Christus mammali o gagil; acho par'o choa róòs ta Joseph; karinummab, acho pinar'o sjam.	Ja paga patomámmali, ṣoo mammali o gagil choa tanai? Hena: ta Maria pinodd'o choa sjiem badda ta Jesus Christus mammali o gagil; acho par'o choa róòs ta Joseph; karinummab, acho pinar'o sjam.
section_13_item_31	13	Questions on the Christian Belief	numbered_item	item_31	48	48	80	80	True	124	124	152	Printed numbered item aligned to the corresponding English item; boundary number omitted	Did she, then, conceive of herself? No; the Breath of God the Holy Ghost did, by His hidden power, make Mary, the betrothed virgin, pregnant with child.	Oedan, ja maunis o rinummab? Maini: ta Auchar o Deos Spirito Santo pinararain o patomámmali Maria o choa barr'o maacharrieb.	Oedan, ja maunis o rinummab? Maini: ta Auchar o Deos Spirito Santo pinararain o patomámmali Maria o choa barr'o maacharrieb.
section_13_item_32	13	Questions on the Christian Belief	numbered_item	item_32	49	49	81	81	True	216	212	168	Printed numbered item aligned to the corresponding English item; boundary number omitted	Why is Christ conceived and generated by the Holy Ghost? That human nature might be made perfectly righteous in Him, and not be generated in iniquity, as all other men.	Inonumma karinab ṣo-o inausjiem ta Christus innaide Auchar o ma-achimit, ta Spirito Santo? Alla ḡa o babos'inni ichoṣar papaga o auchos ma-abisse a tsjes, ṣo-o alii ausjimen inni arapies, maibas o tapos roman babosa.	Inonumma karinab ṣoo inausjiem ta Christus innaide Auchar o maachimit, ta Spirito Santo? Alla ḡa o babos'inni ichoṣar papaga o auchos maabisse a tsjes, ṣoo alii ausjimen inni arapies, maibas o tapos roman babosa.
section_13_item_33	13	Questions on the Christian Belief	numbered_item	item_33	49	49	81	81	True	109	106	103	Printed numbered item aligned to the corresponding English item; boundary number omitted	Was that proper? Yes; it was proper that the Mediator of man should be righteous, and innocent of evil.	Ja makkesjap o micho? Hena: makkesjap o ma-áborr'o babosa, alla mabisse-bissé tsjes, ṣo-o alli mab'o arapies.	Ja makkesjap o micho? Hena: makkesjap o maáborr'o babosa, alla mabissebissé tsjes, ṣoo alli mab'o arapies.
section_13_item_34	13	Questions on the Christian Belief	numbered_item	item_34	49	49	81	81	True	86	86	89	Printed numbered item aligned to the corresponding English item; boundary number omitted	In what country was Christ born? In the country of the Jews, in the village of Bethlehem.	Inni ta onumma binodda ta Christus? Inni ta o chono i Judaea lallum assaban Bethlehem.	Inni ta onumma binodda ta Christus? Inni ta o chono i Judaea lallum assaban Bethlehem.
section_13_item_35	13	Questions on the Christian Belief	numbered_item	item_35	49	49	81	81	True	102	99	48	Printed numbered item aligned to the corresponding English item; boundary number omitted	When? About sixteen hundred and fifty years ago.	Aninumma? Ani manna-achpil a tschiet eis, mannatorro-us a tschiet eis, ṣo-o narroa eis tschiet a baas.	Aninumma? Ani mannaachpil a tschiet eis, mannatorrous a tschiet eis, ṣoo narroa eis tschiet a baas.
section_13_item_36	13	Questions on the Christian Belief	numbered_item	item_36	49	49	81	81	True	112	112	118	Printed numbered item aligned to the corresponding English item; boundary number omitted	To what nation did His mother belong?. (She was) a Jewish virgin, remotely descended from David, the King of the Jews.	Azjies onumma pinaga choa tanai? Mammali o chono i Judaea, kabossot ani o mario-a-cho o chono i Judaea ta David.	Azjies onumma pinaga choa tanai? Mammali o chono i Judaea, kabossot ani o mario a cho o chono i Judaea ta David.
section_13_item_37	13	Questions on the Christian Belief	numbered_item	item_37	49	50	81	82	True	405	395	361	Printed numbered item aligned to the corresponding English item; boundary number omitted	What consolation does faith in Jesus Christ, the Son of Mary, the Son of man, begotten and generated by the Holy Ghost, give to your heart? It assures me that Christ is my flesh and blood, that He is my eldest Brother and Kinsman, who, in His human nature, is my righteous Mediator, so that He hides my iniquity and transgressions from God by His righteousness.	Numm'ija tattalattala tummoach i joa tsjes innai autat inni ta Jesus Christus sjiem o Maria, sjiem o babosa, karinab ṣo-o mausjiem innaide Spirito Santo? Innai micho kamachaggi ja ina, alla ta Christus paga na-a boa ṣo-o taḡḡa, na-a machen ṣo-o ma-acháddik o cho, tamasea inni ḡa o babosa paga ma-áborra ina maabisse-bissé tsjes, all'o choa babissé tummakkoob o na-a arapies ṣo-o kakossi katinnaam o Deos.	Numm'ija tattalattala tummoach i joa tsjes innai autat inni ta Jesus Christus sjiem o Maria, sjiem o babosa, karinab ṣoo mausjiem innaide Spirito Santo? Innai micho kamachaggi ja ina, alla ta Christus paga naa boa ṣoo taḡḡa, naa machen ṣoo maacháddik o cho, tamasea inni ḡa o babosa paga maáborra ina maabissebissé tsjes, all'o choa babissé tummakkoob o naa arapies ṣoo kakossi katinnaam o Deos.
section_13_item_38	13	Questions on the Christian Belief	numbered_item	item_38	50	50	82	82	True	188	184	164	Printed numbered item aligned to the corresponding English item; boundary number omitted	Does the righteousness of Christ make you righteous before God? Yes; His righteousness and good works are my own, and are considered as my righteousness before God.	Ja ta Christus pabísse-bisse oa boa katinnaam o Deos o choa babissé? Hena: choa babissé, ṣo-o mario a tataap paga maunis ja ina, ṣo-o katochen maibas o na-a micho babissé katinnaam o Deos.	Ja ta Christus pabíssebisse oa boa katinnaam o Deos o choa babissé? Hena: choa babissé, ṣoo mario a tataap paga maunis ja ina, ṣoo katochen maibas o naa micho babissé katinnaam o Deos.
section_13_item_39	13	Questions on the Christian Belief	numbered_item	item_39	50	50	82	82	True	151	150	138	Printed numbered item aligned to the corresponding English item; boundary number omitted	How does that happen? All they who truly believe in Christ are incorporated into Him, and participate in His righteousness and good works.	Moed'ija micho? Tapos chono ai kapoetautat o gagil inni ta Jesus Christus, inaarpan o choa boá, ṣo-o paga rorrónoad'inni choa babissé a mario a tataap.	Moed'ija micho? Tapos chono ai kapoetautat o gagil inni ta Jesus Christus, inaarpan o choa boá, ṣoo paga rorrónoad'inni choa babissé a mario a tataap.
section_13_item_40	13	Questions on the Christian Belief	numbered_item	item_40	50	50	82	82	True	143	142	137	Printed numbered item aligned to the corresponding English item; boundary number omitted	Why? Christ imparts unto them His righteousness and true faith; and, as a hand, accepts of its own accord His righteousness and benefits.	Inaunumma? Ta Christus passoso i decho choa babissé, ṣo-o autat o gagil maibas o rima tummaap a mauniso-arach o choa babissé, a mario-a tataap.	Inaunumma? Ta Christus passoso i decho choa babissé, ṣoo autat o gagil maibas o rima tummaap a mauniso arach o choa babissé, a mario a tataap.
section_13_item_41	13	Questions on the Christian Belief	numbered_item	item_41	50	50	82	82	True	90	89	101	Printed numbered item aligned to the corresponding English item; boundary number omitted	Where has Christ suffered, and where did He die? In the land of the Jews, near the city of Jerusalem.	Dema minachoté ṣo-o minachá ta Christus? De ta i Judaea, chaddik o assaban mato Jerusalem.	Dema minachoté ṣoo minachá ta Christus? De ta i Judaea, chaddik o assaban mato Jerusalem.
section_13_item_42	13	Questions on the Christian Belief	numbered_item	item_42	50	51	82	83	True	149	147	111	Printed numbered item aligned to the corresponding English item; boundary number omitted	Who governed the land of the Jews then? Pontius Pilate, a Roman stranger, was protector and judge in Jerusalem.	Todacho baas ai merien o assaban o chono i-Judaea? Ta Ta Pontius Pilatus azjíes o chono Romani pinaga ma-aladík ṣo-o Airien lallum assaban Jerusalem.	Todacho baas ai merien o assaban o chono i Judaea? Ta Ta Pontius Pilatus azjíes o chono Romani pinaga maaladík ṣoo Airien lallum assaban Jerusalem.
section_13_item_43	13	Questions on the Christian Belief	numbered_item	item_43	51	51	83	83	True	224	221	238	Printed numbered item aligned to the corresponding English item; boundary number omitted	Did he cause the sufferings and death of Christ? Yes; the wicked Jews urgently insisted, and, from envy, demanded Christ's death while Pilate, as a wicked judge, consented by pronouncing against Christ the sentence or punishment of death.	Ja icho pinachoté, ṣo-o pinách'i ta Christus? Hena: rapies chono i Judaea madobdob inau sannan pach'i ta Christus, ṣo-o ta Pilatus maibas o rapies Airien, pauss'i decho, ṣo-o pattite o chachalt o machá kasjabaan ta Christus.	Ja icho pinachoté, ṣoo pinách'i ta Christus? Hena: rapies chono i Judaea madobdob inau sannan pach'i ta Christus, ṣoo ta Pilatus maibas o rapies Airien, pauss'i decho, ṣoo pattite o chachalt o machá kasjabaan ta Christus.
section_13_item_44	13	Questions on the Christian Belief	numbered_item	item_44	51	51	83	83	True	223	222	217	Printed numbered item aligned to the corresponding English item; boundary number omitted	Why did not God prevent His Son's being put to death? It was God's own will that His Son should suffer and be beaten by the wicked Jews, in order that, by His death, He might be a ransom for the transgressions of men.	Inaunumma ta Deos alli miel o micho, alla parras o choa sjiem, depa machá? Paga maunis a airab o Deos alla choa sjiem mamachoté ṣo-o allecho achan innai rapies chono i Judaea, alla lummaslas o choa machá o kakossi o babosa.	Inaunumma ta Deos alli miel o micho, alla parras o choa sjiem, depa machá? Paga maunis a airab o Deos alla choa sjiem mamachoté ṣoo allecho achan innai rapies chono i Judaea, alla lummaslas o choa machá o kakossi o babosa.
section_13_item_45	13	Questions on the Christian Belief	numbered_item	item_45	51	51	83	83	True	236	232	225	Printed numbered item aligned to the corresponding English item; boundary number omitted	In what way was Christ put to death? After they had beaten, mocked, and sorely ill-treated Christ, they nailed His hands and feet to a wooden cross, which they erected between two murderers, who were also nailed to the cross.	Moeda inipácha ta Christus? Ka ochal ṣimioch, mannacha, ṣo-o parapies o mauchus i ta Christus, decho tummiltil o choa rima a aṣiel i ṣaṣakimottono baron, ṣo-o pinase-ár aicho tuppach o narroa ma-ách'o cho tsiniltillan i baron channumma.	Moeda inipácha ta Christus? Ka ochal ṣimioch, mannacha, ṣoo parapies o mauchus i ta Christus, decho tummiltil o choa rima a aṣiel i ṣaṣakimottono baron, ṣoo pinaseár aicho tuppach o narroa maách'o cho tsiniltillan i baron channumma.
section_13_item_46	13	Questions on the Christian Belief	numbered_item	item_46	51	52	83	84	True	118	117	99	Printed numbered item aligned to the corresponding English item; boundary number omitted	Did Christ die on the cross of wood? Yes; and His dead body was buried, because it was really dead.	Ja minachá ta Christus i ṣaṣakimottono baron? Hena: ṣo-o choa bog o macháda, kachinap o ta, inau gagil mach'ija micho.	Ja minachá ta Christus i ṣaṣakimottono baron? Hena: ṣoo choa bog o macháda, kachinap o ta, inau gagil mach'ija micho.
section_13_item_47	13	Questions on the Christian Belief	numbered_item	item_47	52	52	84	84	True	327	324	306	Printed numbered item aligned to the corresponding English item; boundary number omitted	What does that signify - He has descended into the pit of fire, that is, hell? Did Christ bodily enter the fire of hell? No; these words are a simile of the fire of hell, and mean that the sufferings of Christ, body and soul, were truly as great, severe, and intense as if He actually had entered hellfire.	Numma micho a pattite, ṣinoss'i chauch o chau, ja ta Christus o choa bog ṣinoss'i chau o gehenna? Maini: atite o mini marach o tatschier innai chau o gehenna, ṣo-o pe'o lido o mini, alla machoté o ta Christus inni choa bog a tsjes gagil pinaga talcho a ma-atauch, a ma-aráas, a mato maibas o gagil ṣinoss'icho i chau o gehenna.	Numma micho a pattite, ṣinoss'i chauch o chau, ja ta Christus o choa bog ṣinoss'i chau o gehenna? Maini: atite o mini marach o tatschier innai chau o gehenna, ṣoo pe'o lido o mini, alla machoté o ta Christus inni choa bog a tsjes gagil pinaga talcho a maatauch, a maaráas, a mato maibas o gagil ṣinoss'icho i chau o gehenna.
section_13_item_48	13	Questions on the Christian Belief	numbered_item	item_48	52	52	84	84	True	184	181	188	Printed numbered item aligned to the corresponding English item; boundary number omitted	What is the signification of these words - Gehenna, the pit of fire, and the flames of Gehenna? Gehenna is a pit or pool of fire, where God will eternally punish haibos and all wicked men.	Numm'ija lido o atite o mini, gehenna, chauch o chau, ṣo-o chau o gehenna? Gehenna paga, chauch o chau, dema ta Deos allecho pachoté i ta haibos taulaulan, ṣo-o tapos chono ma-arapies.	Numm'ija lido o atite o mini, gehenna, chauch o chau, ṣoo chau o gehenna? Gehenna paga, chauch o chau, dema ta Deos allecho pachoté i ta haibos taulaulan, ṣoo tapos chono maarapies.
section_13_item_49	13	Questions on the Christian Belief	numbered_item	item_49	52	52	84	84	True	144	141	168	Printed numbered item aligned to the corresponding English item; boundary number omitted	Will the fire of hell never be extinguished? No; the wrath of God continually kindles hell-fire, and keeps it burning, so that all the wicked may be eternally punished.	Ja alli otuppen o chau o gehenna? Maini: rais o Deos tallochon pisor o chau i gehenna, ṣo-o maladik, ino-chote-in taulaulan tapos ja ma-arapies.	Ja alli otuppen o chau o gehenna? Maini: rais o Deos tallochon pisor o chau i gehenna, ṣoo maladik, ino chotein taulaulan tapos ja maarapies.
section_13_item_50	13	Questions on the Christian Belief	numbered_item	item_50	52	53	84	85	True	1020	1000	1107	Printed numbered item aligned to the corresponding English item; boundary number omitted	What consolation does true faith in the sufferings and death of Christ on the cross of wood give to your heart? The sufferings and death of Jesus Christ, the Son of God, on the cross, is the only sure consolation of my soul. On the cross I behold the true love of God and of His Son toward man: I see the wrath of God against sin, and the punishment of man's sin in His own Son; there I see many wounds and the blood of the Son of God covering-on account of my sins - His hands, feet, and whole body. Hence I am sure that the Son of God, Jesus Christ, has, through His sufferings and death in His human nature, truly paid the penalty for the transgressions of man, so that I may be delivered from the wrath of God, from the power and dominion of the devil, and from the punishment of hell-fire. Thus, when the wrath of God fills me with fear, I will deeply hide myself in the bloody wounds of the Son of God, so that the anger of His Father may pass by; and I shall most earnestly seek the forgiveness of sin, for the sake of the sufferings and death of His beloved Son, who has reconciled His Father to me.	Numm'ija tattalattala tummoach i joa tsjes innai autat o gagil inni machoté a macha o ta Christus i baron o ṣaṣakimotto? Machoté ṣo-o machá o ta Christus sjiem o Deos i baron o ṣaṣakimotto paga nattada tattalattal'o gagil o na-a tsjes; inni baron o ṣaṣakimotto na-a miall'o aukat o Deos, a choa sjiem pana babosa, na-a miall'o rais o Deos inau kakossi, ṣo-o chachalt o kakossi o babos'inni choa maunis a sjiem, na-a miall'o mapan soa, ṣo-o taḡḡ'o sjiem o Deos inni rim'a aṣiel, inni tapos choa bog inau na-a kakossi. Innai-numma kamachaggi ja ina, alla ta Christus sjiem o Deos inni ḡa o babos'o choa machoté a machá linummaslas o kakossi o babosa, ino barrasan ja ina innai ikkil o rais o Deos, innai barra ṣo-o chachimit o haibos, ṣo-o innai chachalt o chau o gehenna. Sja rais o Deos pa-ikkil na-a tsjes, na-a papaddabo mauchus a ró inni ṣoa ma-ataḡḡ'o sjiem o Deos, alla pasji rais o choa tamau, na-a a-um-illo-ílono abono kakossi inau machoté a machá o choa aukattan a sjiem, tamasea pinabórr'o choa tamau na-a boa.	Numm'ija tattalattala tummoach i joa tsjes innai autat o gagil inni machoté a macha o ta Christus i baron o ṣaṣakimotto? Machoté ṣoo machá o ta Christus sjiem o Deos i baron o ṣaṣakimotto paga nattada tattalattal'o gagil o naa tsjes; inni baron o ṣaṣakimotto naa miall'o aukat o Deos, a choa sjiem pana babosa, naa miall'o rais o Deos inau kakossi, ṣoo chachalt o kakossi o babos'inni choa maunis a sjiem, naa miall'o mapan soa, ṣoo taḡḡ'o sjiem o Deos inni rim'a aṣiel, inni tapos choa bog inau naa kakossi. Innainumma kamachaggi ja ina, alla ta Christus sjiem o Deos inni ḡa o babos'o choa machoté a machá linummaslas o kakossi o babosa, ino barrasan ja ina innai ikkil o rais o Deos, innai barra ṣoo chachimit o haibos, ṣoo innai chachalt o chau o gehenna. Sja rais o Deos paikkil naa tsjes, naa papaddabo mauchus a ró inni ṣoa maataḡḡ'o sjiem o Deos, alla pasji rais o choa tamau, naa aumilloílono abono kakossi inau machoté a machá o choa aukattan a sjiem, tamasea pinabórr'o choa tamau naa boa.
section_13_item_51	13	Questions on the Christian Belief	numbered_item	item_51	54	54	86	86	True	63	62	59	Printed numbered item aligned to the corresponding English item; boundary number omitted	After Christ had died, where did His soul go to? To heaven.	Kamach'ija ta Christus ṣinosse dema choa tsjes-oë? I boesum ai.	Kamach'ija ta Christus ṣinosse dema choa tsjesoë? I boesum ai.
section_13_item_52	13	Questions on the Christian Belief	numbered_item	item_52	54	54	86	86	True	111	109	107	Printed numbered item aligned to the corresponding English item; boundary number omitted	Did His body see corruption in the grave? No: on the third day He returned to life, and rose from the dead.	Ja minabocho i robaan choa bog? Maini: kanatorroa-da zijsja pinaijoch o morich ja aicho, ṣo-o minaṣéas a machá.	Ja minabocho i robaan choa bog? Maini: kanatorroada zijsja pinaijoch o morich ja aicho, ṣoo minaṣéas a machá.
section_13_item_53	13	Questions on the Christian Belief	numbered_item	item_53	54	54	86	86	True	82	81	84	Printed numbered item aligned to the corresponding English item; boundary number omitted	In what way? The soul returned to the body, and was united again with His dead body.	Masanno? Kapinacheoach ja tsjes i bog, ṣo-o inaarpan o tattaul'o bog o machada ai.	Masanno? Kapinacheoach ja tsjes i bog, ṣoo inaarpan o tattaul'o bog o machada ai.
section_13_item_54	13	Questions on the Christian Belief	numbered_item	item_54	54	54	86	86	True	125	124	119	Printed numbered item aligned to the corresponding English item; boundary number omitted	Who did that? The Son of God did, by His own power, unite His soul with His dead body, and thus it became again living.	Tomm'ija minerien o micho? Ta sjiem o Deos o choa barra pinaarp'o tsjes o bog o machada, ṣo-o pinaijoch o morich ja aichoech.	Tomm'ija minerien o micho? Ta sjiem o Deos o choa barra pinaarp'o tsjes o bog o machada, ṣoo pinaijoch o morich ja aichoech.
section_13_item_55	13	Questions on the Christian Belief	numbered_item	item_55	54	55	86	87	True	421	419	369	Printed numbered item aligned to the corresponding English item; boundary number omitted	Why did not Christ remain in death like all other persons? For three reasons: 1. He did not die for His own sins. 2. By His death He paid the full penalty for the transgression of man, therefore He did not remain in the grave like other men. 3. The dominion over life and death belongs to Him as the Son of God, and He has the power to give again life to the dead body.	Inaunumma alli machonṣar machá ta 'Christus maibas o tapos roman a babosa? Inau natorroá-da tuppo:- Kapesasa, alli minach'ija icho inau choa maunis a kakossi. Ka narroa, o choa machoté a machá linummaslas o auchos o kakossi o babosa; inau micho alli machonṣar o koemen i robaan, maibas o roman babosa. Ka natorroa, chachimit o morich a machá maunis icho maibas o sjiem o Deos; ṣo-o mabarra ja icho, paurich o bog o machá.	Inaunumma alli machonṣar machá ta 'Christus maibas o tapos roman a babosa? Inau natorroáda tuppo:- Kapesasa, alli minach'ija icho inau choa maunis a kakossi. Ka narroa, o choa machoté a machá linummaslas o auchos o kakossi o babosa; inau micho alli machonṣar o koemen i robaan, maibas o roman babosa. Ka natorroa, chachimit o morich a machá maunis icho maibas o sjiem o Deos; ṣoo mabarra ja icho, paurich o bog o machá.
section_13_item_56	13	Questions on the Christian Belief	numbered_item	item_56	55	55	87	87	True	498	493	622	Printed numbered item aligned to the corresponding English item; boundary number omitted	What consolation does the resurrection of Christ from the dead give you? The resurrection of Christ from the dead proves that He is the true Son of God, who has trampled death under his feet, and has snapped asunder the bonds of death, and this gives me the assurance that Christ, who was confined in the grave for the sins of man, and who was delivered from death, has fully and completely paid and suffered the penalty for the transgressions of man; that He will likewise also deliver my body from the bonds of death, and through His strength will give it new life, although it has decayed and lain rotting in the grave.	Numm'ija tummalattala joa tsjes aṣéas o Christus a machá? Aṣéas o Christus a machá paita, alla choa paga gagil o sjiem o Deos, tamasea tsinummallas o machá de rapó cho'aṣiel, ṣo-o pinápil o kakoen o machá; innainumma kamachaggi ja ina, alla ta Christus, o ai kakinoen i robaan inau kakossi o babosa, ṣo-o binarrasan a machá, oppen ja chinnummalt o kakossi o babosa; tamase'o mantas channumma paparras o na-a bog innai kakoen o machá, ṣo-o papaurich ai-oë o choa barra, pagatomma kamabocho i robaan.	Numm'ija tummalattala joa tsjes aṣéas o Christus a machá? Aṣéas o Christus a machá paita, alla choa paga gagil o sjiem o Deos, tamasea tsinummallas o machá de rapó cho'aṣiel, ṣoo pinápil o kakoen o machá; innainumma kamachaggi ja ina, alla ta Christus, o ai kakinoen i robaan inau kakossi o babosa, ṣoo binarrasan a machá, oppen ja chinnummalt o kakossi o babosa; tamase'o mantas channumma paparras o naa bog innai kakoen o machá, ṣoo papaurich aioë o choa barra, pagatomma kamabocho i robaan.
section_13_item_57	13	Questions on the Christian Belief	numbered_item	item_57	55	56	87	88	True	122	118	116	Printed numbered item aligned to the corresponding English item; boundary number omitted	Did Christ, after He had again returned to life, remain on this earth? No; after forty days He ascended into heaven.	Kapaijoch o morich, ja pinoetach babó ta mini ta Christus? Maini: a-i-jor a narroa eis rummi-es tsinummaḡach i boesum-ech.	Kapaijoch o morich, ja pinoetach babó ta mini ta Christus? Maini: aijor a narroa eis rummies tsinummaḡach i boesumech.
section_13_item_58	13	Questions on the Christian Belief	numbered_item	item_58	56	56	88	88	True	351	346	365	Printed numbered item aligned to the corresponding English item; boundary number omitted	What did He do on earth during these forty days? He appeared unto many who had formerly known Him; He showed them His living body, so that they might certainly know that He had again returned to life; and He commanded His twelve disciples, His servants, to go unto all nations, and to baptize them with water, in the name of the Father, the Son, and the Holy Ghost.	Numm'ija icho merien de ta narroa eis rummi-es? Tsinummoach o mapan chono ai madarram ani icho, ṣo-o pait'o choa bog moricha, alla kamamachaggi dechonoë, kapaijoch o morich ja icho, ṣo-o pauss'o choa aran tschiet narroa cho, alla ṣaṣosse pattil o tapos o cho, ṣo-o sumkir i to i decho inni naan o tamau, ta sjiem, ṣo-o ta Auchar o Deos, Spirito Santo.	Numm'ija icho merien de ta narroa eis rummies? Tsinummoach o mapan chono ai madarram ani icho, ṣoo pait'o choa bog moricha, alla kamamachaggi dechonoë, kapaijoch o morich ja icho, ṣoo pauss'o choa aran tschiet narroa cho, alla ṣaṣosse pattil o tapos o cho, ṣoo sumkir i to i decho inni naan o tamau, ta sjiem, ṣoo ta Auchar o Deos, Spirito Santo.
section_13_item_59	13	Questions on the Christian Belief	numbered_item	item_59	56	56	88	88	True	327	325	310	Printed numbered item aligned to the corresponding English item; boundary number omitted	How did Christ ascend into heaven? Having taken leave of His servants on a mountain, His body ascended on high, before their eyes, into the clouds; and while they were gazing towards heaven, two angels appeared, who testified that Christ would return in the same manner as they had seen Him ascend into heaven.	Moeda ṣinoss'i boesum ta Christus? Kapoberies o choa aran babó nattada ranna, inalappoon ja choa bog lallum nattada rabbo pana babó katinnaam o choa machá ṣo-o kamabaddabadd'o boesum dechonoë, tsinummoach narroa-da Angelus, o ai pinaba, alla masiniṣar ṣaṣai pacheoach ta Christus, maibas decho minit'ichoṣar tummaḡach i boesum.	Moeda ṣinoss'i boesum ta Christus? Kapoberies o choa aran babó nattada ranna, inalappoon ja choa bog lallum nattada rabbo pana babó katinnaam o choa machá ṣoo kamabaddabadd'o boesum dechonoë, tsinummoach narroada Angelus, o ai pinaba, alla masiniṣar ṣaṣai pacheoach ta Christus, maibas decho minit'ichoṣar tummaḡach i boesum.
section_13_item_60	13	Questions on the Christian Belief	numbered_item	item_60	56	56	88	88	True	79	79	68	Printed numbered item aligned to the corresponding English item; boundary number omitted	Does Christ remain in heaven? Yes; till the day of general judgment.	Ja machonṣar inni boesum ta Christus? Hena: ate zijsj'o chachalt o tapos o cho.	Ja machonṣar inni boesum ta Christus? Hena: ate zijsj'o chachalt o tapos o cho.
section_13_item_61	13	Questions on the Christian Belief	numbered_item	item_61	57	57	89	89	True	160	158	193	Printed numbered item aligned to the corresponding English item; boundary number omitted	With what purpose did Christ ascend into heaven? That He might open heaven, which was closed against us on account of our sins, and that He might continually be our Intercessor with the Father.	Inonumma ṣinoss'i boesum ta Christus? Alla tatummann'o boesum, o ai kinapos inau torroa kakossi, ṣo-o papaga tallochon torroa ma-azinado katinnaam o choa tamau.	Inonumma ṣinoss'i boesum ta Christus? Alla tatummann'o boesum, o ai kinapos inau torroa kakossi, ṣoo papaga tallochon torroa maazinado katinnaam o choa tamau.
section_13_item_62	13	Questions on the Christian Belief	numbered_item	item_62	57	57	89	89	True	738	730	691	Printed numbered item aligned to the corresponding English item; boundary number omitted	What does that signify - Sitting on the right hand of His Father Almighty? Has God a right hand? Does Christ, as a human being, sit in heaven, on the right hand of His Father? No; these words are taken from a simile of the kings of the earth, who put their nearest and most excellent compeers on their right hand, and thus signify that Christ also, as man, occupies the highest and most glorious place in heaven, above all angels and men, having received a name above all names, and possessing, next to His Father, all dominion and power, be it in heaven or on earth, so that He may subdue all His enemies, and protect His own people- to wit, all those who believe in Him, and love His name.	Numma micho a pattite, airoossen i kallamas o choa tamau, kamabarr'ija tapos ó ai; ja ta Deos paga rima ja kallamas; ja ta Christus maibas o babosa mero-os inni boesum i kallamas o choa tamau? Maini: atite o mini marach o tatschier innai mario-acho de ta, tamasea pairo-os o choa ara, o ai maso macháddik a matásso, i choa kallamas, ṣo-o paita, alla masini channumma ta Christus, maibas o babosa, kummasjies a maro a matasso i boesum babó tapos Angelus a babosa, tamasea minarach o naan babo tapos o naan, ṣo-o a-i-jor a choa tamau paga chachimit o tapos a barra pagatomma de boesum, pagatomma de ta, alla pauloan o tapos cho'ázjies-in, ṣo-o maladik o choa maunis a cho; tapos chono ai ka poetautat inni choa boa, ṣo-o maukat o choa naan.	Numma micho a pattite, airoossen i kallamas o choa tamau, kamabarr'ija tapos ó ai; ja ta Deos paga rima ja kallamas; ja ta Christus maibas o babosa meroos inni boesum i kallamas o choa tamau? Maini: atite o mini marach o tatschier innai mario a cho de ta, tamasea pairoos o choa ara, o ai maso macháddik a matásso, i choa kallamas, ṣoo paita, alla masini channumma ta Christus, maibas o babosa, kummasjies a maro a matasso i boesum babó tapos Angelus a babosa, tamasea minarach o naan babo tapos o naan, ṣoo aijor a choa tamau paga chachimit o tapos a barra pagatomma de boesum, pagatomma de ta, alla pauloan o tapos cho'ázjiesin, ṣoo maladik o choa maunis a cho; tapos chono ai ka poetautat inni choa boa, ṣoo maukat o choa naan.
section_13_item_63	13	Questions on the Christian Belief	numbered_item	item_63	58	58	90	90	True	100	99	97	Printed numbered item aligned to the corresponding English item; boundary number omitted	Will Christ return again from heaven? Yes; He will appear in the clouds, as the Judge of all men.	Ja papaijoch innai boesum ta Christus? Hena: tatummoach i rabbo maibas o ma-achachalt o tapos o cho.	Ja papaijoch innai boesum ta Christus? Hena: tatummoach i rabbo maibas o maachachalt o tapos o cho.
section_13_item_64	13	Questions on the Christian Belief	numbered_item	item_64	58	58	90	90	True	89	87	93	Printed numbered item aligned to the corresponding English item; boundary number omitted	When? At the end of heaven and earth and of all things. No man knows when that day will come.	Ṣabanno? Kaṣisi o boesum, a ta, ṣo-o mini tapos ai: allipa ja cho mab'o zijsja aicho-ech.	Ṣabanno? Kaṣisi o boesum, a ta, ṣoo mini tapos ai: allipa ja cho mab'o zijsja aichoech.
section_13_item_65	13	Questions on the Christian Belief	numbered_item	item_65	58	58	90	90	True	560	545	505	Printed numbered item aligned to the corresponding English item; boundary number omitted	What will He do? He will sit on His throne in the clouds, and will send His servants, the angels, to assemble all men; the graves shall render their dead, and the sea shall render its dead, and all men then living, as well as those who have died before, shall appear before the judgment-seat of Jesus Christ, to be rewarded according to their works. Then Christ will pronounce sentence on all men, and cast the wicked into hell-fire, but the righteous and His friends He will lead into the joys of heaven.	Mamerien onumm'ichonoë? Mamero-os i babó choa ba o rasan lallum rabbo, ṣo-o allecho pauss'o choa aran, ta Angelus, alla paidarr'o tapos o cho: robaan pape'o choa macháda, ṣo-o abas pape'o choa machada, ṣo-o patapos babosa, morich-a ja ani machá tatummoach katinnaam o ba o rasan o ma-achachalt ta Jesus Christus, alla marach o chachad kamaibas o choa tataap. Kasach-á ta Christus papattite o chachalt o tapos o cho, ṣo-o papa-itis o tapos ma-arapies i chau o gehenna; kasjabaan papa-i-jor o ma-bisse tsjes chonoë, ṣo-o choa aukattan a cho i aukat o boesum-ech.	Mamerien onumm'ichonoë? Mameroos i babó choa ba o rasan lallum rabbo, ṣoo allecho pauss'o choa aran, ta Angelus, alla paidarr'o tapos o cho: robaan pape'o choa macháda, ṣoo abas pape'o choa machada, ṣoo patapos babosa, moricha ja ani machá tatummoach katinnaam o ba o rasan o maachachalt ta Jesus Christus, alla marach o chachad kamaibas o choa tataap. Kasachá ta Christus papattite o chachalt o tapos o cho, ṣoo papaitis o tapos maarapies i chau o gehenna; kasjabaan papaijor o mabisse tsjes chonoë, ṣoo choa aukattan a cho i aukat o boesumech.
section_13_item_66	13	Questions on the Christian Belief	numbered_item	item_66	58	59	90	91	True	635	619	626	Printed numbered item aligned to the corresponding English item; boundary number omitted	What consolation does your belief, that Christ has ascended into heaven and that He will return to judge the quick and the dead, give to your heart? It gives me the sure conviction that Christ, my Head, is raised above all my enemies, that He has obtained heaven for me, and that He continually intercedes for me, in order to reconcile His Father to me; and that I also expect Him to come from heaven on the day of general judgment, in order that He may cast His and my enemies into hell-fire, and that He may give me a place in heaven with Him, as He spake to His Father, ' I will that where I am, my servants shall be also.'	Numm'ija tattalattala tummoach moach i joa tsjes, inau poetautat ijonoë alla ta Christus ṣinoss'i boesum, ṣo-o ṣaṣai pacheoach, alla merien o chachalt o cho moricha ṣo-o macháda ai? Innai micho kamachaggi ja ina, alla ta Christus na-a oeno paga babó tapos na-a ázjies-in, tamasea pinaaunis o boesum ina, ṣo-o tallochon paz-inado alla pabórr'o choa tamau na-a boa; o ai na-a tummassin channumma innai boesum ka zijsj'o chachalt o tapos o cho, alla pa-itis o choa ṣo-o na-a micho ázjies-in i chau o gehenna, ṣo-o paubarri ina rorró icho inni boesum, maibaṣṣar pinal'o choa tamau, na-a merab, alla dema paga ina, na-a aran paga channumma.	Numm'ija tattalattala tummoach moach i joa tsjes, inau poetautat ijonoë alla ta Christus ṣinoss'i boesum, ṣoo ṣaṣai pacheoach, alla merien o chachalt o cho moricha ṣoo macháda ai? Innai micho kamachaggi ja ina, alla ta Christus naa oeno paga babó tapos naa ázjiesin, tamasea pinaaunis o boesum ina, ṣoo tallochon pazinado alla pabórr'o choa tamau naa boa; o ai naa tummassin channumma innai boesum ka zijsj'o chachalt o tapos o cho, alla paitis o choa ṣoo naa micho ázjiesin i chau o gehenna, ṣoo paubarri ina rorró icho inni boesum, maibaṣṣar pinal'o choa tamau, naa merab, alla dema paga ina, naa aran paga channumma.
section_13_item_67	13	Questions on the Christian Belief	numbered_item	item_67	59	59	91	91	True	94	92	74	Printed numbered item aligned to the corresponding English item; boundary number omitted	Who is the third Person in God's being? The Breath of God, the Holy Ghost.	Tomm'ija ka natorroa-da boa inni ḡa o Deos-ṣar? Ta Auchar o Deos o maachimit ta Spirito Santo.	Tomm'ija ka natorroada boa inni ḡa o Deosṣar? Ta Auchar o Deos o maachimit ta Spirito Santo.
section_13_item_68	13	Questions on the Christian Belief	numbered_item	item_68	59	59	91	91	True	216	213	189	Printed numbered item aligned to the corresponding English item; boundary number omitted	Do you believe in the Holy Ghost? Yes; I believe at the same time in the Father, in the Son, and in the Breath of God, the Holy Ghost, because these three Persons are the only and true God.	Ja poetautat ijonoë inni ta Spirito Santo? Hena: na-a poetautat maibasṣar a rorró inni o tamau, inni ta sjiem, ṣo-o inni ta Auchar o Deos, Spirito Santo, inau natorroada bo'o mini paga nattaṣar ai, ṣo-o gagil o Deos.	Ja poetautat ijonoë inni ta Spirito Santo? Hena: naa poetautat maibasṣar a rorró inni o tamau, inni ta sjiem, ṣoo inni ta Auchar o Deos, Spirito Santo, inau natorroada bo'o mini paga nattaṣar ai, ṣoo gagil o Deos.
section_13_item_69	13	Questions on the Christian Belief	numbered_item	item_69	60	60	92	92	True	352	344	365	Printed numbered item aligned to the corresponding English item; boundary number omitted	What does that signify - I believe in the Breath of God, the Holy Ghost? That signifies - I know for certain from the testimony of God's Word, and am firmly convinced in my mind, that the Holy Ghost jointly proceeds from the Father and from the Son, being very God of God, who infuses or breathes heavenly thoughts, and conducts us in the way of God's commandments.	Numma micho a pattite, na-a poetautat inni ta Auchar o Deos o ma-achimit, ta Spirito Santo? Micho a pattite, kamachaggi ja ina innai al'o ranied o Deos, ṣo-o poetat o na-a tsjes, alla ta Spirito Santo ṣosse rorró innai o tamau, ṣo-o innai ta sjiem, gagil o Deos innai Deosṣar, tamasea pauchar o tattupp'o boesum, ṣo-o pa-i-jor i tarran o atillono Deos.	Numma micho a pattite, naa poetautat inni ta Auchar o Deos o maachimit, ta Spirito Santo? Micho a pattite, kamachaggi ja ina innai al'o ranied o Deos, ṣoo poetat o naa tsjes, alla ta Spirito Santo ṣosse rorró innai o tamau, ṣoo innai ta sjiem, gagil o Deos innai Deosṣar, tamasea pauchar o tattupp'o boesum, ṣoo paijor i tarran o atillono Deos.
section_13_item_70	13	Questions on the Christian Belief	numbered_item	item_70	60	60	92	92	True	458	449	523	Printed numbered item aligned to the corresponding English item; boundary number omitted	What is the peculiar and especial work of these three Persons? God the Father is the Creator of heaven and earth, and of the sea, because it was He who first began to make all things, and caused His Son, as also the Holy Ghost, to join in this work; the Son of God is the Redeemer of man, because He in His person, and according to His human nature, is the Mediator and Intercessor between God and man; the Holy Ghost is the Comforter of the children of God, because He dwells in their hearts, and constantly comforts them.	Numm'ija maunis a tataap o natorroa-da bo'o mini? Deos o tamau paga Airien o boesum, o ta, a abas, inau icho tsinummaas o merien o mini tapos ai, ṣo-o pinaisas'i ta sjiem a ta Spirito Santo karri-tataap; ta sjiem o Deos paga ma-ababárras o babosa, inau inni choa boa, ṣo-o inni ḡa o babosa paga ma-áborra a ma-ázinado tuppach o Deos a babosa; ta Spirito Santo paga ma-attaláttal'o sisjiem o Deos, inau ṣummos'i choa tsjes, ṣo-o tallochon tummalattal'i decho.	Numm'ija maunis a tataap o natorroada bo'o mini? Deos o tamau paga Airien o boesum, o ta, a abas, inau icho tsinummaas o merien o mini tapos ai, ṣoo pinaisas'i ta sjiem a ta Spirito Santo karritataap; ta sjiem o Deos paga maabarárras o babosa, inau inni choa boa, ṣoo inni ḡa o babosa paga maáborra a maázinado tuppach o Deos a babosa; ta Spirito Santo paga maattaláttal'o sisjiem o Deos, inau ṣummos'i choa tsjes, ṣoo tallochon tummalattal'i decho.
section_13_item_71	13	Questions on the Christian Belief	numbered_item	item_71	61	61	93	93	True	445	440	431	Printed numbered item aligned to the corresponding English item; boundary number omitted	Thus the Holy Ghost comforts our hearts? He appropriates unto us the sufferings and death of Christ, in order that we may escape, and be exempted from the punishment of sin; thereupon He breathes into our hearts good will and thoughts, so that we, as new creatures, may take delight in the works of righteousness, and imitate the life of our Lord Jesus Christ; thereby testifying unto our spirits that we truly are children of God.	Moeda ta Spirito Santo tummalattal'i torroa tsjes? Icho paaunis torroa bo'o machoté a machá o ta Christus, ṣo-o choa tataap o babissé, ino barrasan ja torro innai chachalt o kakossi; kasach-á pauchar i torroa tsjes o airaba tattuppau mario, alla maibas o bao a cho torro maukat o tataap o babissé, ṣo-o tsimichier o morich o ta Jesus Christus, torroa micho ma-achachimit, innai-numm'icho pab'i torroa tsjes, alla torro paga gagil sisjiem o Deos.	Moeda ta Spirito Santo tummalattal'i torroa tsjes? Icho paaunis torroa bo'o machoté a machá o ta Christus, ṣoo choa tataap o babissé, ino barrasan ja torro innai chachalt o kakossi; kasachá pauchar i torroa tsjes o airaba tattuppau mario, alla maibas o bao a cho torro maukat o tataap o babissé, ṣoo tsimichier o morich o ta Jesus Christus, torroa micho maachachimit, innainumm'icho pab'i torroa tsjes, alla torro paga gagil sisjiem o Deos.
section_13_item_72	13	Questions on the Christian Belief	numbered_item	item_72	61	62	93	94	True	470	462	501	Printed numbered item aligned to the corresponding English item; boundary number omitted	What consolation does true faith in the Holy Ghost afford you? That God, the Father, has given me the Holy Ghost, so that He may constantly abide with me and comfort me in affliction; that He sheds abroad in my heart His gifts, such as peace, rest, and the love of God; from which I may be assured that God the Father loves me, and that He has granted me eternal life, for the sake of His beloved Son Jesus Christ. Having then spoken on faith in God, we have now to consider the faith of God's people.	Numm'ija tummalattala joa tsjes autat o gagil inni ta Spirito Santo? Alla Deos o tamau pinassósó ina ta Spirito Santo, alla papára tallochon ina, ṣo-o tummalattal'inni zichil, tamasea summa-od o choa aṣoso i na-a tsjes, maibas o áborra, árra, ṣo-o aukat o Deos, innainumma kamachaggi ja ina, alla Deos o tamau maukat o ina, ṣo-o pinassosono morich o ma-áchonṣar ina, inau choa aukattan a sjiem ta Jesus Christus. A-i-jor a autat inni ta Deos ummior o autat o chono Deos.	Numm'ija tummalattala joa tsjes autat o gagil inni ta Spirito Santo? Alla Deos o tamau pinassósó ina ta Spirito Santo, alla papára tallochon ina, ṣoo tummalattal'inni zichil, tamasea summaod o choa aṣoso i naa tsjes, maibas o áborra, árra, ṣoo aukat o Deos, innainumma kamachaggi ja ina, alla Deos o tamau maukat o ina, ṣoo pinassosono morich o maáchonṣar ina, inau choa aukattan a sjiem ta Jesus Christus. Aijor a autat inni ta Deos ummior o autat o chono Deos.
section_13_item_73	13	Questions on the Christian Belief	numbered_item	item_73	62	62	94	94	True	46	46	53	Printed numbered item aligned to the corresponding English item; boundary number omitted	Has God a peculiar people here on earth? Yes, He has.	Ja ta Deos paga maunis a cho de ta mini? Paga.	Ja ta Deos paga maunis a cho de ta mini? Paga.
section_13_item_74	13	Questions on the Christian Belief	numbered_item	item_74	62	62	94	94	True	149	147	145	Printed numbered item aligned to the corresponding English item; boundary number omitted	Are all men the peculiar and beloved people of God? No; God chooses a peculiar people and beloved children from all the generations of the earth.	Ja tapos o babosa paga maunis, ṣo-o aukattan a chono Deos? Maini: ta Deos piri o maunis a cho ṣo-o aukattan a sisjiem innai tapos o tupponodon de ta.	Ja tapos o babosa paga maunis, ṣoo aukattan a chono Deos? Maini: ta Deos piri o maunis a cho ṣoo aukattan a sisjiem innai tapos o tupponodon de ta.
section_13_item_75	13	Questions on the Christian Belief	numbered_item	item_75	62	62	94	94	True	65	64	53	Printed numbered item aligned to the corresponding English item; boundary number omitted	Who are they? All true believers are children of God.	Tomm'ija decho? Tapos o gagil ma-autat a cho paga sisjiem o Deos.	Tomm'ija decho? Tapos o gagil maautat a cho paga sisjiem o Deos.
section_13_item_76	13	Questions on the Christian Belief	numbered_item	item_76	62	62	94	94	True	541	533	588	Printed numbered item aligned to the corresponding English item; boundary number omitted	What does this signify - I believe in the community of a pure and holy Christian people, which has been from of old, now is, and always shall remain. It signifies - The testimony of God's Word assures me - and I believe this with all my heart - that God the Father has a peculiar and holy people who, from the beginning to the final end of this world, are gathered together; that they are called by the Word of God from all the generations of the world unto an eternal and heavenly life, to be united with God in His Son Jesus Christ in one body, they being joined together in true faith.	Numma micho a patitte: na-a pittau o aiḡarrorro-no cho Christan o ma-achimit, o ai pinaga ani aicho, paga pia, ṣo-o kapapoetautachṣar? Michoṣar a patitte, kamachaggi ja ina innai al'o ranied o Deos, ṣo-o pittau'o na-a tsjes, alla Deos o tamau paga adokken a chono maachimit, o ai ipaiḡarrórro innai aisas'ate ṣisi o mini tapos ai, ṣo-o aloddan o ranied o Deos innai tapos o tupponodon de ta pana morich o ma-áchonṣar i boesum, ino aarpanni i ta Deos inni choa sjiem ta Jesus Christus pana nattaṣar achieb, barroon o rorró inni autat o gagil.	Numma micho a patitte: naa pittau o aiḡarrorrono cho Christan o maachimit, o ai pinaga ani aicho, paga pia, ṣoo kapapoetautachṣar? Michoṣar a patitte, kamachaggi ja ina innai al'o ranied o Deos, ṣoo pittau'o naa tsjes, alla Deos o tamau paga adokken a chono maachimit, o ai ipaiḡarrórro innai aisas'ate ṣisi o mini tapos ai, ṣoo aloddan o ranied o Deos innai tapos o tupponodon de ta pana morich o maáchonṣar i boesum, ino aarpanni i ta Deos inni choa sjiem ta Jesus Christus pana nattaṣar achieb, barroon o rorró inni autat o gagil.
section_13_item_77	13	Questions on the Christian Belief	numbered_item	item_77	63	64	95	96	True	1494	1467	1557	Printed numbered item aligned to the corresponding English item; boundary number omitted	Does not the gathering together of the believers cease in this world? No; when some die, others are added: God the Father chooses them according to His good pleasure. The Son of God gathers them by the power of His Word; reconciles, redeems, and guards over the elect, so that they may not perish. The Holy Ghost dwells in their souls, and continually abides with them, enlightens their minds, inspires them with heavenly thoughts, increases their knowledge of and faith in God, so that it may not be extinguished; purifies body and soul, and renders them fit to be united with God. The entire gathering of all believers is like unto one body, which is composed of many members: each individual believer is, as it were, a member of this body. The Son of God is the true Head who quickens the body and all its members. God the Father is the Founder of the family, and calls the believers His children. The Holy Ghost, through medium of His power, reigns over the house. In this way, the three Persons, God the Father, the Son, and the Holy Ghost, render the body of the believers gathered together perfect, in order that it should increase and grow in knowledge and true faith, closely united to one another by mutual love. In the meetings of the believers God is really acknowledged and called upon; He dwells in the midst of them, therefore they are called the house of God, the meeting of God, His children, and members of the family, a chosen race, a holy and ransomed people, whereas they who do not know God are strangers, and, as it were, without God.	Ja aiḡarrórrono ma-autat a cho alli moribal de ta mini? Maini: kamach'ija roman, chippan ja roman Deos o tamau ummadok kamaibas o aukat o cho'airab. Ta sjiem o Deos paiḡarrórro inni barr'o choa ranied, lummaslas, parras, ṣo-o maladik o adokken a cho, depa moribal. Ta Auchar o Deos o ma-achimit summos'i choa tsjes, alla tallochon o par'i decho, párar'o choa ṣaan, pauchar i tsjes o tattupp'o boesum, pauab o aba ṣo-o autat inni ta Deos, depa otuppen, pachímit o bog a tsjes, ṣo-o paatsikap i decho, ino aarpanni i ta Deos. Aiḡarrórro ma-arummóno tapos o maautat a cho paga maibas o nattaṣar achieb, o ai rorró-no aarpanni innai mapan a raag. Atatta ma-aunionis o ma-autat a cho paga maibas o raag o achieb o mini. Ta sjiem o Deos paga oeno o gagil, o ai paurich o achieb, ṣo-o tapos o choa raag. Deos o tamau pauchodon a arie-eddan, ṣo-o pattonan o maautat acho choa sisjiem. Ta Auchar o ma-achimit o choa barra chummimit o don o Deos. Masiniṣar natorroa-da boa, Deos o tamau, ta sjiem, ṣo-o Auchar o ma-achimit rorróno ummoob o achieb o aiḡarrorrono ma-autat a cho, alla moab ṣo-o summoos o mató inni aba ṣo-o autat o gagil, barroon o didden o karri-aukat. Inni aiḡarrorrono ma-autat a cho darrammen o gagil ṣo-o eachanni ta Deos, ṣo-o summos'o inni babat o decho; inau decho attonannanṣar don o Deos, aiḡarrorrono chono Deos, choa sisjiem ṣo-o ari-eddan, adókken a tupponodon, chono maachimit, laslas-en a cho. Kasjabaan chono mautsiri i ta Deos, paga azjíes ṣo-o maibas o marotul i ta Deos.	Ja aiḡarrórrono maautat a cho alli moribal de ta mini? Maini: kamach'ija roman, chippan ja roman Deos o tamau ummadok kamaibas o aukat o cho'airab. Ta sjiem o Deos paiḡarrórro inni barr'o choa ranied, lummaslas, parras, ṣoo maladik o adokken a cho, depa moribal. Ta Auchar o Deos o maachimit summos'i choa tsjes, alla tallochon o par'i decho, párar'o choa ṣaan, pauchar i tsjes o tattupp'o boesum, pauab o aba ṣoo autat inni ta Deos, depa otuppen, pachímit o bog a tsjes, ṣoo paatsikap i decho, ino aarpanni i ta Deos. Aiḡarrórro maarummóno tapos o maautat a cho paga maibas o nattaṣar achieb, o ai rorróno aarpanni innai mapan a raag. Atatta maaunionis o maautat a cho paga maibas o raag o achieb o mini. Ta sjiem o Deos paga oeno o gagil, o ai paurich o achieb, ṣoo tapos o choa raag. Deos o tamau pauchodon a arieeddan, ṣoo pattonan o maautat acho choa sisjiem. Ta Auchar o maachimit o choa barra chummimit o don o Deos. Masiniṣar natorroada boa, Deos o tamau, ta sjiem, ṣoo Auchar o maachimit rorróno ummoob o achieb o aiḡarrorrono maautat a cho, alla moab ṣoo summoos o mató inni aba ṣoo autat o gagil, barroon o didden o karriaukat. Inni aiḡarrorrono maautat a cho darrammen o gagil ṣoo eachanni ta Deos, ṣoo summos'o inni babat o decho; inau decho attonannanṣar don o Deos, aiḡarrorrono chono Deos, choa sisjiem ṣoo arieddan, adókken a tupponodon, chono maachimit, laslasen a cho. Kasjabaan chono mautsiri i ta Deos, paga azjíes ṣoo maibas o marotul i ta Deos.
section_13_item_78	13	Questions on the Christian Belief	numbered_item	item_78	64	64	96	96	True	206	203	217	Printed numbered item aligned to the corresponding English item; boundary number omitted	Do you only believe in the community of the holy? No; I also believe that I am incorporated into the body of these meetings; that is, through faith, I have become a living member thereof, in which I shall also remain.	Ja pittau o baak ijonoë o aiḡarrorrono chono ma-achimit? Maini: na-a channumma pittau all'inaarpan ja in'o achieb o aiḡarrorrono innai autat o gagil, maibas o raag o morich, o ai na-a mamachonṣar channumma.	Ja pittau o baak ijonoë o aiḡarrorrono chono maachimit? Maini: naa channumma pittau all'inaarpan ja in'o achieb o aiḡarrorrono innai autat o gagil, maibas o raag o morich, o ai naa mamachonṣar channumma.
section_13_item_79	13	Questions on the Christian Belief	numbered_item	item_79	64	65	96	97	True	198	193	214	Printed numbered item aligned to the corresponding English item; boundary number omitted	What does God grant the believers? His gifts and manifold blessings, of which three of the most important may be thus enumerated: - the forgiveness of trespasses, the resurrection of the body, and life everlasting.	Numm'ija ta Deos passosono ma-autat a cho? Mapan choa aṣosó a tataap o rio, ṣo-o niaso matasso natorroa, o ai toch-en insini, maibas o ábono tataap o kakossi, aṣeas o boa, ṣo-o morich o ma-achonṣar.	Numm'ija ta Deos passosono maautat a cho? Mapan choa aṣosó a tataap o rio, ṣoo niaso matasso natorroa, o ai tochen insini, maibas o ábono tataap o kakossi, aṣeas o boa, ṣoo morich o maachonṣar.
section_13_item_80	13	Questions on the Christian Belief	numbered_item	item_80	65	65	97	97	True	136	133	107	Printed numbered item aligned to the corresponding English item; boundary number omitted	Do all believers receive these gifts? Yes; all true believers participate in the benefits and gifts of God.	Ja tapos o ma-autat a cho marach o aṣosono mini? Hena: tapos o gagil ma-autat a cho paga rorróno ad'inni tataap o rio ṣo-o aṣosóno Deos.	Ja tapos o maautat a cho marach o aṣosono mini? Hena: tapos o gagil maautat a cho paga rorróno ad'inni tataap o rio ṣoo aṣosóno Deos.
section_13_item_81	13	Questions on the Christian Belief	numbered_item	item_81	65	65	97	97	True	55	54	53	Printed numbered item aligned to the corresponding English item; boundary number omitted	Do you believe in the communion of saints? Yes; I do.	Ja pittau ijonoë o rorróno ad'o chono ma-achimit? Hena.	Ja pittau ijonoë o rorróno ad'o chono maachimit? Hena.
section_13_item_82	13	Questions on the Christian Belief	numbered_item	item_82	65	65	97	97	True	283	276	247	Printed numbered item aligned to the corresponding English item; boundary number omitted	Explain this: What is the communion of saints? The communion of saints means, that all believers, who remain united with God in His Son Jesus Christ, jointly participate in the redemption and righteousness of Christ, and in the other gifts of God.	Ipabá numm'ija rorróno ad'o chono ma-achimit? Rorró-no ad'o chono ma-achimit michoṣar a pattite, alla tapos o ma-autat a cho, o ai machonṣar aarpanni i ta Deos inni choa sjiem ta Jesus Christus rorró-no marach o ad'inni lalaslas a babissé o ta Christus, ṣo-o roma-roman aṣósono Deos.	Ipabá numm'ija rorróno ad'o chono maachimit? Rorróno ad'o chono maachimit michoṣar a pattite, alla tapos o maautat a cho, o ai machonṣar aarpanni i ta Deos inni choa sjiem ta Jesus Christus rorróno marach o ad'inni lalaslas a babissé o ta Christus, ṣoo romaroman aṣósono Deos.
section_13_item_83	13	Questions on the Christian Belief	numbered_item	item_83	65	65	97	97	True	174	164	167	Printed numbered item aligned to the corresponding English item; boundary number omitted	Is there also a mutual communion of saints? Yes, there is; for all believers should mutually assist their neighbours with their gifts, and lead each other heavenwards.	Ja paga karri-ad'o chono maachimit channumma? Hena: inau tapos o ma-autat a cho maspot a karri-a-olli-eul o choa aṣoṣono ma-achaddik o cho, ṣo-o karri-a-i-jor pana boesum ai.	Ja paga karriad'o chono maachimit channumma? Hena: inau tapos o maautat a cho maspot a karriaollieul o choa aṣoṣono maachaddik o cho, ṣoo karriaijor pana boesum ai.
section_13_item_84	13	Questions on the Christian Belief	numbered_item	item_84	66	66	98	98	True	224	220	207	Printed numbered item aligned to the corresponding English item; boundary number omitted	Who are those saints? True believers are called saints, because the blood of Christ has cleansed them from their iniquity and trespasses, and because they commence a new life in all the righteousness of God?	Tomm'ija chono ma-achimit o micho? Gagil o ma-autat a cho attonannanṣar chono ma-achimit, inau orichen ja decho inni taḡḡ'o ta Christus innai choa arapies a kakossi, ṣo-o tummalpon o bao a morich inni tapos o babissé o Deos.	Tomm'ija chono maachimit o micho? Gagil o maautat a cho attonannanṣar chono maachimit, inau orichen ja decho inni taḡḡ'o ta Christus innai choa arapies a kakossi, ṣoo tummalpon o bao a morich inni tapos o babissé o Deos.
section_13_item_85	13	Questions on the Christian Belief	numbered_item	item_85	66	66	98	98	True	310	305	353	Printed numbered item aligned to the corresponding English item; boundary number omitted	Do you also believe in the forgiveness of sins? Yes; I surely do believe that God the Father, for the sake of His Son Jesus Christ, forgives all my transgressions and the wickedness of my heart, whereof I sincerely repent; and, on the other hand, grants me the righteousness and holiness of Christ, so that I may be delivered from the punishment of sin.	Ja pittau ijonoë ábono tataap o kakossi? Hena: na-a pittau o gagil alla Deos o tamau inau lalaslas o choa sjiem ta Christus mabono auchos tapos na-a kakossi, ṣo-o arapies o tsjes, o ai machi'o gagil ina, ṣo-o passoso ina kasjabaan o babissé a chimit o ta Christus, ino barrasan; innai chachalt o kakossi ina-e.	Ja pittau ijonoë ábono tataap o kakossi? Hena: naa pittau o gagil alla Deos o tamau inau lalaslas o choa sjiem ta Christus mabono auchos tapos naa kakossi, ṣoo arapies o tsjes, o ai machi'o gagil ina, ṣoo passoso ina kasjabaan o babissé a chimit o ta Christus, ino barrasan; innai chachalt o kakossi inae.
section_13_item_86	13	Questions on the Christian Belief	numbered_item	item_86	66	66	98	98	True	238	233	293	Printed numbered item aligned to the corresponding English item; boundary number omitted	What do you believe as regards the resurrection of the body? I believe that my body, though lying in corruption in the grave, will at the end of the world be raised from the dead, and will be again united with my soul, so that it may be taken up into heaven, and be made conformable to Christ.	Pittau onúmm'ijonoë innai aṣeas o bo'ai? Na-a pittau alla na-a micho bog, pagatomma mabocho i robaan, ka ṣisi o mini tapos ai allecho ipaṣeas a machá, ṣo-o aarpanni o tattaul'o na-a tsjes, ino alappan i boesum, ṣo-o ipaibas i ta Christus.	Pittau onúmm'ijonoë innai aṣeas o bo'ai? Naa pittau alla naa micho bog, pagatomma mabocho i robaan, ka ṣisi o mini tapos ai allecho ipaṣeas a machá, ṣoo aarpanni o tattaul'o naa tsjes, ino alappan i boesum, ṣoo ipaibas i ta Christus.
section_13_item_87	13	Questions on the Christian Belief	numbered_item	item_87	67	67	99	99	True	52	52	64	Printed numbered item aligned to the corresponding English item; boundary number omitted	Will the self-same body that has been dead be raised again? Yes.	Ja allecho ipáṣeas maunis a bog, o ai minacha? Hena.	Ja allecho ipáṣeas maunis a bog, o ai minacha? Hena.
section_13_item_88	13	Questions on the Christian Belief	numbered_item	item_88	67	67	99	99	True	182	181	197	Printed numbered item aligned to the corresponding English item; boundary number omitted	Well now, with its flesh decayed and corrupted, how can the body again come forth? God, who has made the body of the dust, shall make the dead body again alive out of the dust, by His divine power.	Oedan, kamabocho choa boa, innainumma tatummoach o bogṣar? Ta Deos o ai minerien o bog innai borrabor, allecho paurich o tattaul'o bog o machad'innai borrabor o choa barr'o Deos-ṣar.	Oedan, kamabocho choa boa, innainumma tatummoach o bogṣar? Ta Deos o ai minerien o bog innai borrabor, allecho paurich o tattaul'o bog o machad'innai borrabor o choa barr'o Deosṣar.
section_13_item_89	13	Questions on the Christian Belief	numbered_item	item_89	67	67	99	99	True	104	99	87	Printed numbered item aligned to the corresponding English item; boundary number omitted	Will the body be raised to perish again? No; I believe in eternal life after this life.	Ja allecho ipaṣeas ma-auribal a bog? Maini: na-a pittau o morich o ma-áchonṣar, a-i-jor a morich o mini.	Ja allecho ipaṣeas maauribal a bog? Maini: naa pittau o morich o maáchonṣar, aijor a morich o mini.
section_13_item_90	13	Questions on the Christian Belief	numbered_item	item_90	67	67	99	99	True	265	259	284	Printed numbered item aligned to the corresponding English item; boundary number omitted	What is life eternal? Eternal life is an imperishable life in heaven, where we shall behold God face to face; where we shall have peace, rest, and rejoicing of the heart, without end; which the eye hath not seen, neither ear heard, nor the heart and thought have ever conceived. Amen.	Numm'ija morich o ma-áchonṣar? Morich o ma-áchonṣar paga morich i boesum o ai alli moribal, inninumma pagaga ai-all'o ta Deos, áborra, arra, ṣo-o aukat o tsjes, paṣisi-ech, o ai machá alli minita, charrina alli minaṣini, ṣo-o alli tsinummaap tsjes a tattuppa; Amen.	Numm'ija morich o maáchonṣar? Morich o maáchonṣar paga morich i boesum o ai alli moribal, inninumma pagaga aiall'o ta Deos, áborra, arra, ṣoo aukat o tsjes, paṣisiech, o ai machá alli minita, charrina alli minaṣini, ṣoo alli tsinummaap tsjes a tattuppa; Amen.
section_14_title	14	A Short Catechism Before Receiving Christian Baptism	section_title	title	68	68	100	100	True	51	50	53	Printed Favorlang section heading aligned to Campbell's English heading	A Short Catechism Before Receiving Christian Baptism.	Ma-ápapp'a Atil ino Arácho Christan a Sasikir i to.	Maápapp'a Atil ino Arácho Christan a Sasikir i to.
section_14_item_01	14	A Short Catechism Before Receiving Christian Baptism	numbered_item	item_01	68	68	100	100	True	105	104	117	Printed numbered item aligned to the corresponding English item; boundary number omitted	What is the Christian doctrine The Christian doctrine is a doctrine found in the Word of God, of His being and works.	Numm'ija atil o Christan? Atil o Christan paga atil o ranied o Deos innai choa micho ḡa ṣo-o choa tataap.	Numm'ija atil o Christan? Atil o Christan paga atil o ranied o Deos innai choa micho ḡa ṣoo choa tataap.
section_14_item_02	14	A Short Catechism Before Receiving Christian Baptism	numbered_item	item_02	68	68	100	100	True	47	47	51	Printed numbered item aligned to the corresponding English item; boundary number omitted	How many Gods are there? There is but one true God.	Naida Deos paḡa ja? Paga nattaṣar ḡaḡil o Deos.	Naida Deos paḡa ja? Paga nattaṣar ḡaḡil o Deos.
section_14_item_03	14	A Short Catechism Before Receiving Christian Baptism	numbered_item	item_03	68	68	100	100	True	90	90	88	Printed numbered item aligned to the corresponding English item; boundary number omitted	Who is the true God? The true God is Jehovah, Creator of heaven, the earth, and the sea.	Tomm'ija Deos o gagil o micho? Deos o gagil paga ta Jehova, Airien o boesum, o ta, a abas.	Tomm'ija Deos o gagil o micho? Deos o gagil paga ta Jehova, Airien o boesum, o ta, a abas.
section_14_item_04	14	A Short Catechism Before Receiving Christian Baptism	numbered_item	item_04	68	68	100	100	True	104	103	117	Printed numbered item aligned to the corresponding English item; boundary number omitted	What does the written Word of God declare concerning God's being? That His being is peculiar, not like unto our body.	Pab'ija onumma kabidoan ranied o Deos innai ḡa o Deos-ṣar? Alla maunionis choa ḡa, alli maibas o bogṣar.	Pab'ija onumma kabidoan ranied o Deos innai ḡa o Deosṣar? Alla maunionis choa ḡa, alli maibas o bogṣar.
section_14_item_05	14	A Short Catechism Before Receiving Christian Baptism	numbered_item	item_05	68	68	100	100	True	126	125	127	Printed numbered item aligned to the corresponding English item; boundary number omitted	Has God no body, or bodily form? No; He is essentially a spirit, without body or flesh, and His being or person is not visible.	Ja alli paḡa bog, ja isas o bogṣar ta Deos? Maini: paḡa tsjes o auchos icho, marotul o bog a boa, ṣo-o pa itan choa ḡa ja boa.	Ja alli paḡa bog, ja isas o bogṣar ta Deos? Maini: paḡa tsjes o auchos icho, marotul o bog a boa, ṣoo pa itan choa ḡa ja boa.
section_14_item_06	14	A Short Catechism Before Receiving Christian Baptism	numbered_item	item_06	68	69	100	101	True	127	124	139	Printed numbered item aligned to the corresponding English item; boundary number omitted	How many persons do there exist in God's being? There are three separate persons: the Father, the Son, and the pure breath, the Holy Ghost.	Naida boa paḡa ini ḡa o Deosṣar. Kamaunionis natorroa-da boa, o tamau, ta sjiem, ṣo-o ta Auchar o ma-áchimit, ta Spirito Santo.	Naida boa paḡa ini ḡa o Deosṣar. Kamaunionis natorroada boa, o tamau, ta sjiem, ṣoo ta Auchar o maáchimit, ta Spirito Santo.
section_14_item_07	14	A Short Catechism Before Receiving Christian Baptism	numbered_item	item_07	69	69	101	101	True	90	90	82	Printed numbered item aligned to the corresponding English item; boundary number omitted	Are they not three separate Gods? No; because they form together one being of God.	Ja alli maunionis natorroa Deos dechonoë? Maini: inau dechoa rorró paga nattada ḡa o Deos.	Ja alli maunionis natorroa Deos dechonoë? Maini: inau dechoa rorró paga nattada ḡa o Deos.
section_14_item_08	14	A Short Catechism Before Receiving Christian Baptism	numbered_item	item_08	69	69	101	101	True	106	105	83	Printed numbered item aligned to the corresponding English item; boundary number omitted	Do you believe in God? Yes; I truly believe that there is one God in three persons.	Ja poetautat inni ta Deos ijonoë? Hena: na-a pittau o ḡaḡil alla paga nattaṣar a Deos inni natorroada boa.	Ja poetautat inni ta Deos ijonoë? Hena: naa pittau o ḡaḡil alla paga nattaṣar a Deos inni natorroada boa.
section_14_item_09	14	A Short Catechism Before Receiving Christian Baptism	numbered_item	item_09	69	69	101	101	True	116	115	126	Printed numbered item aligned to the corresponding English item; boundary number omitted	What does the Word of God declare concerning His works? That in the beginning God made heaven and earth, and all these things.	Pab'ija onumma ranied o Deos innai choa tataap? Alla ta Deos inni aisasa minerien o boesum a ta, ṣo-o mini tapos ai.	Pab'ija onumma ranied o Deos innai choa tataap? Alla ta Deos inni aisasa minerien o boesum a ta, ṣoo mini tapos ai.
section_14_item_10	14	A Short Catechism Before Receiving Christian Baptism	numbered_item	item_10	69	69	101	101	True	139	137	134	Printed numbered item aligned to the corresponding English item; boundary number omitted	Does He sustain, keep, and reign over all things? Yes; He sustains them by His power, and He governs according to His pleasure (will).	Ja icho tumka, maladik, ṣo-o chummimit channumm'o tapos ai? Hena: icho tumk'o tapos ai o choa barra, ṣo-o chummimit, kamaibas o choa airab.	Ja icho tumka, maladik, ṣoo chummimit channumm'o tapos ai? Hena: icho tumk'o tapos ai o choa barra, ṣoo chummimit, kamaibas o choa airab.
section_14_item_11	14	A Short Catechism Before Receiving Christian Baptism	numbered_item	item_11	69	69	101	101	True	148	148	128	Printed numbered item aligned to the corresponding English item; boundary number omitted	Did God make man also in the beginning? Yes; He made two, man and woman, from whom have sprung all the generations of the earth.	Ja ta Deos inni aisasa minerien o babosa channumma? Hena: minerienṣar o narroa cho, sjam a ṣini, innai tamasea tsinummoach tapos o tupponodon de ta.	Ja ta Deos inni aisasa minerien o babosa channumma? Hena: minerienṣar o narroa cho, sjam a ṣini, innai tamasea tsinummoach tapos o tupponodon de ta.
section_14_item_12	14	A Short Catechism Before Receiving Christian Baptism	numbered_item	item_12	69	70	101	102	True	152	151	134	Printed numbered item aligned to the corresponding English item; boundary number omitted	In what way did God make man in the beginning? God made man in His image, to be an image of God, that is to say, altogether righteous.	Moeda ta Deos minerien o babos'ani pesasa? Ta Deos minerien o babosa pana choa isas, pan'isas o Deos, michoṣar a pattite, o auchos maabisse-bissé tsjes.	Moeda ta Deos minerien o babos'ani pesasa? Ta Deos minerien o babosa pana choa isas, pan'isas o Deos, michoṣar a pattite, o auchos maabissebissé tsjes.
section_14_item_13	14	A Short Catechism Before Receiving Christian Baptism	numbered_item	item_13	70	70	102	102	True	105	104	122	Printed numbered item aligned to the corresponding English item; boundary number omitted	Well, then, are all men righteous? By no means; they have all transgressed, and been conceived in iniquity and corruption.	Oedan, ja mabisse tsjes tapos o babosa? Paḡaḡa chaddai: kinummossi ja patapos ṣo-o ausjimen inni arapies.	Oedan, ja mabisse tsjes tapos o babosa? Paḡaḡa chaddai: kinummossi ja patapos ṣoo ausjimen inni arapies.
section_14_item_14	14	A Short Catechism Before Receiving Christian Baptism	numbered_item	item_14	70	70	102	102	True	85	84	123	Printed numbered item aligned to the corresponding English item; boundary number omitted	In what does the iniquity of the human heart consist? In rebellion against God, and transgressing against His commandments.	Numm'ija arapies o tsjes inni babosa? Kummossi i ta Deos, ṣo-o chumpir o choa atilló.	Numm'ija arapies o tsjes inni babosa? Kummossi i ta Deos, ṣoo chumpir o choa atilló.
section_14_item_15	14	A Short Catechism Before Receiving Christian Baptism	numbered_item	item_15	70	70	102	102	True	127	127	139	Printed numbered item aligned to the corresponding English item; boundary number omitted	Whence does this iniquity of the heart in man arise? It originates in the transgression of our first forefathers, Adam and Eve in paradise.	Innainumma tummoach o arapies o tsjes o mini inni babosa? Innai kakossi o ta Adam a Eva torroa boeboeno pesasa lallum paradiso.	Innainumma tummoach o arapies o tsjes o mini inni babosa? Innai kakossi o ta Adam a Eva torroa boeboeno pesasa lallum paradiso.
section_14_item_16	14	A Short Catechism Before Receiving Christian Baptism	numbered_item	item_16	70	70	102	102	True	135	132	177	Printed numbered item aligned to the corresponding English item; boundary number omitted	In what does the punishment of iniquity and transgression consist? In all kinds of sicknesses, terror, fear, and affliction of the mind; with death, and, after death, hell-fire.	Numm'ija chachalt o arapies a kakossi? Mauromaroman a dig, aurtsi, ikkil, a zichil o tsjes, machá, ṣo-o a-i-jor a machá chau o Gehenna.	Numm'ija chachalt o arapies a kakossi? Mauromaroman a dig, aurtsi, ikkil, a zichil o tsjes, machá, ṣoo aijor a machá chau o Gehenna.
section_14_item_17	14	A Short Catechism Before Receiving Christian Baptism	numbered_item	item_17	70	70	102	102	True	78	78	82	Printed numbered item aligned to the corresponding English item; boundary number omitted	Is there no redemption for these transgressions, so that men may escape them? Yes.	Ja alli paga lalaslas o kakossi, ino barrasan o babos'o chachalt o mini? Paga.	Ja alli paga lalaslas o kakossi, ino barrasan o babos'o chachalt o mini? Paga.
section_14_item_18	14	A Short Catechism Before Receiving Christian Baptism	numbered_item	item_18	70	71	102	103	True	135	134	126	Printed numbered item aligned to the corresponding English item; boundary number omitted	Who has paid the penalty for the transgressions of man? Jesus Christ, the Son of God, who is verily God and man in one person.	Tommada cho linummaslas o kakossi o babosa? Ta Jesus Christus sjiem o Deos, o ai paga Deos o gagil ṣo-o gagil o babos'inni nattada boa.	Tommada cho linummaslas o kakossi o babosa? Ta Jesus Christus sjiem o Deos, o ai paga Deos o gagil ṣoo gagil o babos'inni nattada boa.
section_14_item_19	14	A Short Catechism Before Receiving Christian Baptism	numbered_item	item_19	71	71	103	103	True	125	124	151	Printed numbered item aligned to the corresponding English item; boundary number omitted	In what way did Christ pay the penalty for the transgressions of man? He suffered for us; He shed His blood, and died on account of our transgressions.	Moeda ta Christus linummaslas o kakossi o baboṣa? Minachoté, sinummaod o taḡḡa, ṣo-o minachadau i torro, inau torroa kakossi.	Moeda ta Christus linummaslas o kakossi o baboṣa? Minachoté, sinummaod o taḡḡa, ṣoo minachadau i torro, inau torroa kakossi.
section_14_item_20	14	A Short Catechism Before Receiving Christian Baptism	numbered_item	item_20	71	71	103	103	True	109	108	98	Printed numbered item aligned to the corresponding English item; boundary number omitted	Has Christ reconciled, by His sufferings, God to man? Yes; He is the Mediator between God and man.	Ja ta Christus o choa machoté pinaborr'i ta Deos o babosa? Hena: icho paga ma-áborra tuppach o Deos a babosa.	Ja ta Christus o choa machoté pinaborr'i ta Deos o babosa? Hena: icho paga maáborra tuppach o Deos a babosa.
section_14_item_21	14	A Short Catechism Before Receiving Christian Baptism	numbered_item	item_21	71	71	103	103	True	141	141	154	Printed numbered item aligned to the corresponding English item; boundary number omitted	Will God be merciful to man for the sake of the atonement of His Son? Yes; Christ by His atonement intercedes, so that man obtains the forgiveness of sin.	Ja ta Deos merab o mabono babosa, inau lalaslas o choa sjiem? Hena: ta Christus pazinadóno choa lalaslas, alla babosa marach o ábono kakossi.	Ja ta Deos merab o mabono babosa, inau lalaslas o choa sjiem? Hena: ta Christus pazinadóno choa lalaslas, alla babosa marach o ábono kakossi.
section_14_item_22	14	A Short Catechism Before Receiving Christian Baptism	numbered_item	item_22	71	71	103	103	True	137	134	126	Printed numbered item aligned to the corresponding English item; boundary number omitted	Do all men receive the forgiveness of sin? By no means; only they who repent of their sins, and follow after His commandments.	Ja tapos o babosa marach o ábono kakossi? Maini-éna; ma-akammichi o ai machi'o kakossi poetautat inni ta Deos, ṣo-o ummior o choa atillo.	Ja tapos o babosa marach o ábono kakossi? Mainiéna; maakammichi o ai machi'o kakossi poetautat inni ta Deos, ṣoo ummior o choa atillo.
section_14_item_23	14	A Short Catechism Before Receiving Christian Baptism	numbered_item	item_23	71	71	103	103	True	142	140	118	Printed numbered item aligned to the corresponding English item; boundary number omitted	Are the disobedient and the unbelieving not delivered from the punishment of sin? No; the wrath of God abides on them.	Ja alli barrasan o chachalt o kakossi chono ma-achachuppir, ṣo-o marotul o autat inni ta Deos? Maini: rais o ta Deos machon i babósar o decho.	Ja alli barrasan o chachalt o kakossi chono maachachuppir, ṣoo marotul o autat inni ta Deos? Maini: rais o ta Deos machon i babósar o decho.
section_14_item_24	14	A Short Catechism Before Receiving Christian Baptism	numbered_item	item_24	72	72	104	104	True	134	133	122	Printed numbered item aligned to the corresponding English item; boundary number omitted	What must man believe? All that is written in the Word of God, the short heads of which are found in the Christian Belief.	Maspot a poetautat onumm'ija babosa? Tapos o ai kabinidoan inni ranied o Deos, innainumma paga ma-apapp'a tuppo inni autat o Christan.	Maspot a poetautat onumm'ija babosa? Tapos o ai kabinidoan inni ranied o Deos, innainumma paga maapapp'a tuppo inni autat o Christan.
section_14_item_25	14	A Short Catechism Before Receiving Christian Baptism	numbered_item	item_25	72	72	104	104	True	89	88	74	Printed numbered item aligned to the corresponding English item; boundary number omitted	Do you know the Articles of Faith? Yes: I believe in God, the Father, etc.	Ja mab'ijonoë o tuppono autat o Christan? Hena: ka-na-a poetautat inni Deos o tamau, etc.	Ja mab'ijonoë o tuppono autat o Christan? Hena: ka naa poetautat inni Deos o tamau, etc.
section_14_item_26	14	A Short Catechism Before Receiving Christian Baptism	numbered_item	item_26	72	72	104	104	True	156	154	153	Printed numbered item aligned to the corresponding English item; boundary number omitted	Has God declared in His Word that He will forgive sin? Yes; and He shows us in Christian Baptism and in the Lord's Supper what the forgiveness of sin is.	Ja ta Deos inni choa ranied pinab'o pape'o abono kakossi? Hena: ṣo-o patorrod o ábona kakossi inni Christan a sasikir i to, ṣo-o man o marpes'o ta Christus.	Ja ta Deos inni choa ranied pinab'o pape'o abono kakossi? Hena: ṣoo patorrod o ábona kakossi inni Christan a sasikir i to, ṣoo man o marpes'o ta Christus.
section_14_item_27	14	A Short Catechism Before Receiving Christian Baptism	numbered_item	item_27	72	72	104	104	True	104	104	117	Printed numbered item aligned to the corresponding English item; boundary number omitted	How by the Christian ceremony of baptism? When He commands to baptize the people, so that their sins may be forgiven.	Moedaṣar inni Christan a dog o sasikir i to? Ṣabanno pattillo sumkir i tono cho, ino aboan choa kakossi.	Moedaṣar inni Christan a dog o sasikir i to? Ṣabanno pattillo sumkir i tono cho, ino aboan choa kakossi.
section_14_item_28	14	A Short Catechism Before Receiving Christian Baptism	numbered_item	item_28	72	72	104	104	True	138	134	103	Printed numbered item aligned to the corresponding English item; boundary number omitted	How by the Lord's Supper? When Christ says of the cup: That is My blood, shed for the remission of sin.	Masanno ini dog o man o marpesa? Ṣabanno maunis-o-ala ta Christus innai ai-chám-an o, micho ja na-a taḡḡ'o ai, ṣa-odden ino aboan kakossi.	Masanno ini dog o man o marpesa? Ṣabanno maunis o ala ta Christus innai aicháman o, micho ja naa taḡḡ'o ai, ṣaodden ino aboan kakossi.
section_14_item_29	14	A Short Catechism Before Receiving Christian Baptism	numbered_item	item_29	72	73	104	105	True	133	132	176	Printed numbered item aligned to the corresponding English item; boundary number omitted	What does the water at the ceremony of baptism signify? The water which is sprinkled signifies the blood of Christ, and the sprinkling of the water the sprinkling of His blood.	Pait'onumm'ija to inni dog o sasikir i to? To, o ai ipábichi, pait'o taḡḡ'o ta Christus, ṣo-o abichi o to pait'o abichi o choa taḡḡa.	Pait'onumm'ija to inni dog o sasikir i to? To, o ai ipábichi, pait'o taḡḡ'o ta Christus, ṣoo abichi o to pait'o abichi o choa taḡḡa.
section_14_item_30	14	A Short Catechism Before Receiving Christian Baptism	numbered_item	item_30	73	73	105	105	True	132	132	175	Printed numbered item aligned to the corresponding English item; boundary number omitted	Explain the signification of this ceremony. Even as the body is washed with water, in the same way the soul and body are washed with the blood of Christ from iniquity and sin.	Illáḡḡana o lido o dog o mini. Maibas orichen o to a bog, masini orichen o bog a tsjes o taḡḡ'o ta Christus innai arapies a kakossi.	Illáḡḡana o lido o dog o mini. Maibas orichen o to a bog, masini orichen o bog a tsjes o taḡḡ'o ta Christus innai arapies a kakossi.
section_14_item_31	14	A Short Catechism Before Receiving Christian Baptism	numbered_item	item_31	73	73	105	105	True	102	100	93	Printed numbered item aligned to the corresponding English item; boundary number omitted	Where are we taught to pray for the remission of sin? In the prayer of our Lord Jesus Christ.	Dem'ija atillan ja namo meach'o ábono kakossi? Inni ai-ach'o ma-achachimit ja torro ta Jesus Christus.	Dem'ija atillan ja namo meach'o ábono kakossi? Inni aiach'o maachachimit ja torro ta Jesus Christus.
section_14_item_32	14	A Short Catechism Before Receiving Christian Baptism	numbered_item	item_32	73	73	105	105	True	85	84	85	Printed numbered item aligned to the corresponding English item; boundary number omitted	Do you know the words of this prayer? Yes, I do: Our Father which art in heaven, etc.	Ja mab'ijonoë o atite o ai-ach'o mini? Hena: namoa tamau tamasea paga de boesum, etc.	Ja mab'ijonoë o atite o aiach'o mini? Hena: namoa tamau tamasea paga de boesum, etc.
section_14_item_33	14	A Short Catechism Before Receiving Christian Baptism	numbered_item	item_33	73	73	105	105	True	153	151	152	Printed numbered item aligned to the corresponding English item; boundary number omitted	Does not the doctrine of the forgiveness of sin encourage man to sin? No; it rather incites man to struggle against sin, and to strive after good works.	Ja atil o ábono kakossi alli pákossi o babosa? Maini: kamaso pizich o mapiech o kakossi, ṣo-o ummior o mario a tataap, ino adassen ta Deos, ṣo-o choa bó.	Ja atil o ábono kakossi alli pákossi o babosa? Maini: kamaso pizich o mapiech o kakossi, ṣoo ummior o mario a tataap, ino adassen ta Deos, ṣoo choa bó.
section_14_item_34	14	A Short Catechism Before Receiving Christian Baptism	numbered_item	item_34	73	73	105	105	True	118	118	114	Printed numbered item aligned to the corresponding English item; boundary number omitted	What do you call good works? All the works of righteousness and holiness commanded by God in His ten commandments.	Pattonan onúmm'ijonoë o mario a tataap? Tapos o tataap o babissé achimit, o ai pattillo ta Deos inni tschiet o átillo.	Pattonan onúmm'ijonoë o mario a tataap? Tapos o tataap o babissé achimit, o ai pattillo ta Deos inni tschiet o átillo.
section_14_item_35	14	A Short Catechism Before Receiving Christian Baptism	numbered_item	item_35	74	74	106	106	True	111	108	97	Printed numbered item aligned to the corresponding English item; boundary number omitted	What does God command in His ten commandments? Two things: to love God and to love our neighbour.	Numm'ija pattillo ta Deos inni tschiet o átillo? Narroa-da tuppo: aukat o Deos, ṣo-o aukat o ma-achaddik o cho.	Numm'ija pattillo ta Deos inni tschiet o átillo? Narroada tuppo: aukat o Deos, ṣoo aukat o maachaddik o cho.
section_14_item_36	14	A Short Catechism Before Receiving Christian Baptism	numbered_item	item_36	74	74	106	106	True	92	91	77	Printed numbered item aligned to the corresponding English item; boundary number omitted	Do you know the ten commandments? Yes; God spake, I am the Lord thy God, etc.	Ja mab'o tschiet o atillo ijonoë? Hena: ta Deos machó: kaina paga ta Jehova oa Deos-oë, etc.	Ja mab'o tschiet o atillo ijonoë? Hena: ta Deos machó: kaina paga ta Jehova oa Deosoë, etc.
section_14_item_37	14	A Short Catechism Before Receiving Christian Baptism	numbered_item	item_37	74	74	106	106	True	192	190	180	Printed numbered item aligned to the corresponding English item; boundary number omitted	Is God praised when His children follow His commandments? Yes; when the strangers see the righteous works of God's children, they admire them, and praise the Lord and His statutes.	Ja adassen ta Deos, ṣabanno choa sisjiem ummior o choa atillo? Hena: ṣabanno azjies miall'o tataap o babissé o sisjiem o Deos, makakki ja choa tsjes, ṣo-o ṣummoal i ta Deos a choa bisse-bissé.	Ja adassen ta Deos, ṣabanno choa sisjiem ummior o choa atillo? Hena: ṣabanno azjies miall'o tataap o babissé o sisjiem o Deos, makakki ja choa tsjes, ṣoo ṣummoal i ta Deos a choa bissebissé.
section_14_item_38	14	A Short Catechism Before Receiving Christian Baptism	numbered_item	item_38	74	74	106	106	True	160	157	118	Printed numbered item aligned to the corresponding English item; boundary number omitted	Well now, will you embrace the Christian faith unto the forgiveness of your sins? Yes; my soul pants after this mercy.	Mai numma, ja merab o ummior ijonoë o autat o Christan, ṣo-o marach o ma-áchimit a sasikir i to, ino aboan oa kakossi? Hena: taḡḡogon ja na-a tsjes o bóno mini.	Mai numma, ja merab o ummior ijonoë o autat o Christan, ṣoo marach o maáchimit a sasikir i to, ino aboan oa kakossi? Hena: taḡḡogon ja naa tsjes o bóno mini.
section_14_item_39	14	A Short Catechism Before Receiving Christian Baptism	numbered_item	item_39	74	74	106	106	True	139	134	123	Printed numbered item aligned to the corresponding English item; boundary number omitted	But do you then forsake haibos and his lying superstitions? Yes; my soul forsakes haibos, Adam, and all vain superstitions.	Oedan, ja lummido i ta haibos, ṣo-o choa arien o ma-atattosik? Hena: mori-edd'i ta haibos, i ta Adam na-a tsjes, ṣo-o tapos o arien o baak.	Oedan, ja lummido i ta haibos, ṣoo choa arien o maatattosik? Hena: moriedd'i ta haibos, i ta Adam naa tsjes, ṣoo tapos o arien o baak.
section_14_item_40	14	A Short Catechism Before Receiving Christian Baptism	numbered_item	item_40	74	75	106	107	True	286	281	311	Printed numbered item aligned to the corresponding English item; boundary number omitted	Will you put away and cast from you your transgressions and iniquity, as drunkenness, whoredom, envy, theft, lies; and cleave unto God in pure faith and in a new life - that is to say, in true righteousness and holiness? Yes; I will seek God's assistance and mercy, in order that I may be rendered fit to do so.	Ja merab o tummis oa kakossi a arapies, maibas o arab, chachod, sannan, tattosik, achab, ṣo-o mikkap i ta Deos inni autat o maachimit, a bao a morich, michoṣar a pattite, inni gagil o babissé a chimit? Hena: mameach'o a-olli-eul o Deos ṣo-o choa bó, alla na-a matsikap o ummoob o micho.	Ja merab o tummis oa kakossi a arapies, maibas o arab, chachod, sannan, tattosik, achab, ṣoo mikkap i ta Deos inni autat o maachimit, a bao a morich, michoṣar a pattite, inni gagil o babissé a chimit? Hena: mameach'o aollieul o Deos ṣoo choa bó, alla naa matsikap o ummoob o micho.
section_15_first_sermon_sentence_001	15	First Sermon: Isaiah lvi. 7	sermon_sentence	sentence_001	75	78	107	110	False	24	0	0	Hand-reviewed against the source PDF; transcription accepted or corrected.		A Ukattan a ma-akakriél.	
section_15_first_sermon_sentence_002	15	First Sermon: Isaiah lvi. 7	sermon_sentence	sentence_002	75	78	107	110	False	85	0	0	Hand-reviewed against the source PDF; transcription accepted or corrected.		Don o ai-acha allecho attonannan na-a micho don, machó ta Deos inni ma-ai-aab Esaias.	
section_15_first_sermon_sentence_003	15	First Sermon: Isaiah lvi. 7	sermon_sentence	sentence_003	75	78	107	110	False	301	0	0	Hand-reviewed against the source PDF; transcription accepted or corrected.		Narroa-da tuppo pab'ija namo atite o miniṣar: kapesasa, ta Deos pattonan o arorroai-an don o ai-acha, inau merab alla pedarra tapos sjasjam, ṣini-ṣini a sisjiem ka mitoa zijsja, alla ṣai tumboel o choa don, tump'o choa naan, rorró-no maṣini o choa ranied, ṣo-o me-ach'icho tapos o ai maṣabb'ija decho.	
section_15_first_sermon_sentence_004	15	First Sermon: Isaiah lvi. 7	sermon_sentence	sentence_004	75	78	107	110	False	76	0	0	Hand-reviewed against the source PDF; transcription accepted or corrected.		Masini a don paga, indema mitarróach tapos ocho, barroon a rorró karriaukat.	
section_15_first_sermon_sentence_005	15	First Sermon: Isaiah lvi. 7	sermon_sentence	sentence_005	75	78	107	110	False	92	0	0	Hand-reviewed against the source PDF; transcription accepted or corrected.		Dem'ija eachanni o ḡagil naan o Deos, dem'ija ipaba choa airab, dém'ija akaukauan choa adás.	
section_15_first_sermon_sentence_006	15	First Sermon: Isaiah lvi. 7	sermon_sentence	sentence_006	75	78	107	110	False	185	0	0	Hand-reviewed against the source PDF; transcription accepted or corrected.		Mai, don o arrorro-ai-an o mini paga channumma don o ai-acha, dem'ija atillan imoa meach'i tamau de boesum, ṣo-o maibas o sisjiem pattonan i ta Deos, namoa tamau tamasea paga de boesum.	
section_15_first_sermon_sentence_007	15	First Sermon: Isaiah lvi. 7	sermon_sentence	sentence_007	75	78	107	110	False	115	0	0	Hand-reviewed against the source PDF; transcription accepted or corrected.		Dem'imoa mai tumboel i ta Deos inni choa don, alla mamadarram icho rummi-es ṣo-o paga rorró-no ad'inni choa bó-noë.	
section_15_first_sermon_sentence_008	15	First Sermon: Isaiah lvi. 7	sermon_sentence	sentence_008	75	78	107	110	False	57	0	0	Hand-reviewed against the source PDF; transcription accepted or corrected.		Hai pesor o don o baak o mini, hai pesor o don o lalloog.	
section_15_first_sermon_sentence_009	15	First Sermon: Isaiah lvi. 7	sermon_sentence	sentence_009	75	78	107	110	False	10	0	0	Hand-reviewed against the source PDF; transcription accepted or corrected.		Maini-éna.	
section_15_first_sermon_sentence_010	15	First Sermon: Isaiah lvi. 7	sermon_sentence	sentence_010	75	78	107	110	False	31	0	0	Hand-reviewed against the source PDF; transcription accepted or corrected.		Alli maibas o roman don o mini.	
section_15_first_sermon_sentence_011	15	First Sermon: Isaiah lvi. 7	sermon_sentence	sentence_011	75	78	107	110	False	59	0	0	Hand-reviewed against the source PDF; transcription accepted or corrected.		Lallum aicho-ies man, micham, ṣummarra, macheauboen cho-na.	
section_15_first_sermon_sentence_012	15	First Sermon: Isaiah lvi. 7	sermon_sentence	sentence_012	75	78	107	110	False	72	0	0	Hand-reviewed against the source PDF; transcription accepted or corrected.		Maunis a don o mini; don o Deos, don o atite, don o ai-acha, don o atil.	
section_15_first_sermon_sentence_013	15	First Sermon: Isaiah lvi. 7	sermon_sentence	sentence_013	75	78	107	110	False	61	0	0	Hand-reviewed against the source PDF; transcription accepted or corrected.		Insini eachanni ta Deos, adassen ja naan o kummasjies a maro.	
section_15_first_sermon_sentence_014	15	First Sermon: Isaiah lvi. 7	sermon_sentence	sentence_014	75	78	107	110	False	109	0	0	Hand-reviewed against the source PDF; transcription accepted or corrected.		Tamasea mauranies, mais, ja manniki insini, mannach'i ta Deos, ṣo-o tummallas ochoa aṣiel o atil o boesum ai.	
section_15_first_sermon_sentence_015	15	First Sermon: Isaiah lvi. 7	sermon_sentence	sentence_015	75	78	107	110	False	145	0	0	Hand-reviewed against the source PDF; transcription accepted or corrected.		Mauchus o rummé o micho ta Deos; cho-no mini, machó, dummaat ina o choa ranied, ṣo-o madas ina ochoa dorren, ṣo-o maro ja choa tsjes innai Ina-ë.	
section_15_first_sermon_sentence_016	15	First Sermon: Isaiah lvi. 7	sermon_sentence	sentence_016	75	78	107	110	False	126	0	0	Hand-reviewed against the source PDF; transcription accepted or corrected.		Inau decho alanni inni bido o Deos, e-illa-na oa aṣiel, ṣabanno mai dummoro i don o Deos, ṣo-o aḡa-a a chaddik, all'oa maṣini.	
section_15_first_sermon_sentence_017	15	First Sermon: Isaiah lvi. 7	sermon_sentence	sentence_017	75	78	107	110	False	148	0	0	Hand-reviewed against the source PDF; transcription accepted or corrected.		Maibas attitean, ja merab o moss'i don o arorroai-a e-illa-na depa mauranies, ja me o atil o Deos, inau ta Deos miall'oa tsjes, kailau mate'ijo-noë.	
section_15_first_sermon_sentence_018	15	First Sermon: Isaiah lvi. 7	sermon_sentence	sentence_018	75	78	107	110	False	106	0	0	Hand-reviewed against the source PDF; transcription accepted or corrected.		Miall'o tapos o cho innai boesum ta Deos, mab'o tattup'i tsjes, maibas o chau manṣar o tapos o ma-arapies.	
section_15_first_sermon_sentence_019	15	First Sermon: Isaiah lvi. 7	sermon_sentence	sentence_019	75	78	107	110	False	161	0	0	Hand-reviewed against the source PDF; transcription accepted or corrected.		Oedan, tamasea ṣai dummaat icho, ṣo-o alli mikkil o choa rais o mato, gagil maraas a tsjes, ṣo-o charri o zijsja tatummala, alla maraas o tummok o bato ja aṣiel.	
section_15_first_sermon_sentence_020	15	First Sermon: Isaiah lvi. 7	sermon_sentence	sentence_020	75	78	107	110	False	27	0	0	Hand-reviewed against the source PDF; transcription accepted or corrected.		Mai, hai mannach'i ta Deos.	
section_15_first_sermon_sentence_021	15	First Sermon: Isaiah lvi. 7	sermon_sentence	sentence_021	75	78	107	110	False	29	0	0	Hand-reviewed against the source PDF; transcription accepted or corrected.		Alli annachan o baak ja icho.	
section_15_first_sermon_sentence_022	15	First Sermon: Isaiah lvi. 7	sermon_sentence	sentence_022	75	78	107	110	False	42	0	0	Hand-reviewed against the source PDF; transcription accepted or corrected.		Ja tummalpon o mosse dummoro i don o Deos?	
section_15_first_sermon_sentence_023	15	First Sermon: Isaiah lvi. 7	sermon_sentence	sentence_023	75	78	107	110	False	100	0	0	Hand-reviewed against the source PDF; transcription accepted or corrected.		Abissassa tau-aab oa boa, o-óa, joa tsjes-oë katinnaam atil, itiss'o tattuppau rapies innai imo-noë.	
section_15_first_sermon_sentence_024	15	First Sermon: Isaiah lvi. 7	sermon_sentence	sentence_024	75	78	107	110	False	122	0	0	Hand-reviewed against the source PDF; transcription accepted or corrected.		Don o mini don o atil, don o ai-acha; hai tump'insini oa don, oa tatapan, ja bonna, ja tumkach, ja maribaribat, ja micham.	
section_15_first_sermon_sentence_025	15	First Sermon: Isaiah lvi. 7	sermon_sentence	sentence_025	75	78	107	110	False	55	0	0	Hand-reviewed against the source PDF; transcription accepted or corrected.		Hai para joa tsjes de don o atil ai-an tattuppa masini.	
section_15_first_sermon_sentence_026	15	First Sermon: Isaiah lvi. 7	sermon_sentence	sentence_026	75	78	107	110	False	44	0	0	Hand-reviewed against the source PDF; transcription accepted or corrected.		Tattup-pau mini alli matsikap de don o mini.	
section_15_first_sermon_sentence_027	15	First Sermon: Isaiah lvi. 7	sermon_sentence	sentence_027	75	78	107	110	False	69	0	0	Hand-reviewed against the source PDF; transcription accepted or corrected.		Paulapp'o tsjes, ṣo-o kummatto innai ta Deos, innai boesum aicho-ies.	
section_15_first_sermon_sentence_028	15	First Sermon: Isaiah lvi. 7	sermon_sentence	sentence_028	75	78	107	110	False	54	0	0	Hand-reviewed against the source PDF; transcription accepted or corrected.		Maso rapies channumma moa taulan tump'i ta haibos-ech.	
section_15_first_sermon_sentence_029	15	First Sermon: Isaiah lvi. 7	sermon_sentence	sentence_029	75	78	107	110	False	29	0	0	Hand-reviewed against the source PDF; transcription accepted or corrected.		Alli par'i haibos ta Deos-oë.	
section_15_first_sermon_sentence_030	15	First Sermon: Isaiah lvi. 7	sermon_sentence	sentence_030	75	78	107	110	False	19	0	0	Hand-reviewed against the source PDF; transcription accepted or corrected.		Kamazjies dechonoë.	
section_15_first_sermon_sentence_031	15	First Sermon: Isaiah lvi. 7	sermon_sentence	sentence_031	75	78	107	110	False	129	0	0	Hand-reviewed against the source PDF; transcription accepted or corrected.		Sja machonṣar o paan i haibos imo-noë, kamaibas oa dog, ṣabanno tummalpon o man, o micham, ja alli pattonan o baak o naan o Deos?	
section_15_first_sermon_sentence_032	15	First Sermon: Isaiah lvi. 7	sermon_sentence	sentence_032	75	78	107	110	False	28	0	0	Hand-reviewed against the source PDF; transcription accepted or corrected.		Ja alli mannach'o choa naan?	
section_15_first_sermon_sentence_033	15	First Sermon: Isaiah lvi. 7	sermon_sentence	sentence_033	75	78	107	110	False	31	0	0	Hand-reviewed against the source PDF; transcription accepted or corrected.		Alli tummosik oa tamau ja icho?	
section_15_first_sermon_sentence_034	15	First Sermon: Isaiah lvi. 7	sermon_sentence	sentence_034	75	78	107	110	False	26	0	0	Hand-reviewed against the source PDF; transcription accepted or corrected.		Oedan, ta Deos allipa ara.	
section_15_first_sermon_sentence_035	15	First Sermon: Isaiah lvi. 7	sermon_sentence	sentence_035	75	78	107	110	False	28	0	0	Hand-reviewed against the source PDF; transcription accepted or corrected.		Allipa ja roman maibas icho.	
section_15_first_sermon_sentence_036	15	First Sermon: Isaiah lvi. 7	sermon_sentence	sentence_036	75	78	107	110	False	78	0	0	Hand-reviewed against the source PDF; transcription accepted or corrected.		Makammichi-ṣar gagil o Deos, ṣo-o kummasjies a maro, a mabarra, a mabada ṣaan.	
section_15_first_sermon_sentence_037	15	First Sermon: Isaiah lvi. 7	sermon_sentence	sentence_037	75	78	107	110	False	54	0	0	Hand-reviewed against the source PDF; transcription accepted or corrected.		Makammichiṣar chummimit o tapos o ai de boesum, de ta.	
section_15_first_sermon_sentence_038	15	First Sermon: Isaiah lvi. 7	sermon_sentence	sentence_038	75	78	107	110	False	89	0	0	Hand-reviewed against the source PDF; transcription accepted or corrected.		Masannan o baak o choa, chachimit ta haibos, o ai initis innai boesum inau aṣies o tsjes.	
section_15_first_sermon_sentence_039	15	First Sermon: Isaiah lvi. 7	sermon_sentence	sentence_039	75	78	107	110	False	45	0	0	Hand-reviewed against the source PDF; transcription accepted or corrected.		Tsinummallas icho de rapo choa aṣiel ta Deos.	
section_15_first_sermon_sentence_040	15	First Sermon: Isaiah lvi. 7	sermon_sentence	sentence_040	75	78	107	110	False	28	0	0	Hand-reviewed against the source PDF; transcription accepted or corrected.		Achoa mikkil ṣo-o paan icho.	
section_15_first_sermon_sentence_041	15	First Sermon: Isaiah lvi. 7	sermon_sentence	sentence_041	75	78	107	110	False	97	0	0	Hand-reviewed against the source PDF; transcription accepted or corrected.		Mauchus makarrichi ranied o Deos, inau poetat inni adam, inni haibos, ṣo-o tump'o choa arien cho.	
section_15_first_sermon_sentence_042	15	First Sermon: Isaiah lvi. 7	sermon_sentence	sentence_042	75	78	107	110	False	28	0	0	Hand-reviewed against the source PDF; transcription accepted or corrected.		Itiss'o raras a dog o micho.	
section_15_first_sermon_sentence_043	15	First Sermon: Isaiah lvi. 7	sermon_sentence	sentence_043	75	78	107	110	False	37	0	0	Hand-reviewed against the source PDF; transcription accepted or corrected.		Tapos oai baak, ṣo-o sasall'o haibos.	
section_15_first_sermon_sentence_044	15	First Sermon: Isaiah lvi. 7	sermon_sentence	sentence_044	75	78	107	110	False	38	0	0	Hand-reviewed against the source PDF; transcription accepted or corrected.		Pinaulakies icho oa boeboe-no anibaas.	
section_15_first_sermon_sentence_045	15	First Sermon: Isaiah lvi. 7	sermon_sentence	sentence_045	75	78	107	110	False	38	0	0	Hand-reviewed against the source PDF; transcription accepted or corrected.		Pazigal'i ta Deos, alla summall'o cho.	
section_15_first_sermon_sentence_046	15	First Sermon: Isaiah lvi. 7	sermon_sentence	sentence_046	75	78	107	110	False	41	0	0	Hand-reviewed against the source PDF; transcription accepted or corrected.		Paikkil o cho, alla me-il ṣo-o paan icho.	
section_15_first_sermon_sentence_047	15	First Sermon: Isaiah lvi. 7	sermon_sentence	sentence_047	75	78	107	110	False	21	0	0	Hand-reviewed against the source PDF; transcription accepted or corrected.		Baak o ikkil o micho.	
section_15_first_sermon_sentence_048	15	First Sermon: Isaiah lvi. 7	sermon_sentence	sentence_048	75	78	107	110	False	21	0	0	Hand-reviewed against the source PDF; transcription accepted or corrected.		Oedan, mikkil onumma?	
section_15_first_sermon_sentence_049	15	First Sermon: Isaiah lvi. 7	sermon_sentence	sentence_049	75	78	107	110	False	23	0	0	Hand-reviewed against the source PDF; transcription accepted or corrected.		Matalam mamakabol icho?	
section_15_first_sermon_sentence_050	15	First Sermon: Isaiah lvi. 7	sermon_sentence	sentence_050	75	78	107	110	False	40	0	0	Hand-reviewed against the source PDF; transcription accepted or corrected.		Pagatomma: masó mato, a mabarra ta Deos.	
section_15_first_sermon_sentence_051	15	First Sermon: Isaiah lvi. 7	sermon_sentence	sentence_051	75	78	107	110	False	66	0	0	Hand-reviewed against the source PDF; transcription accepted or corrected.		Alli mabarr'ija icho parapies i namo, sja alli pauss'icho ta Deos.	
section_15_first_sermon_sentence_052	15	First Sermon: Isaiah lvi. 7	sermon_sentence	sentence_052	75	78	107	110	False	86	0	0	Hand-reviewed against the source PDF; transcription accepted or corrected.		Maspot a poetautat inni ta Deos, inni choa ranied imoa, ino barrasan o ikkil o haibos.	
section_15_first_sermon_sentence_053	15	First Sermon: Isaiah lvi. 7	sermon_sentence	sentence_053	75	78	107	110	False	84	0	0	Hand-reviewed against the source PDF; transcription accepted or corrected.		Maspot a mikkil i ta Deos ma-akammichi-ṣar, o ai mato o gagil, ṣo-o mato choa barra.	
section_15_first_sermon_sentence_054	15	First Sermon: Isaiah lvi. 7	sermon_sentence	sentence_054	75	78	107	110	False	61	0	0	Hand-reviewed against the source PDF; transcription accepted or corrected.		Maukat ja Deos, ṣo-o maladik o tapos cho-no ai, kame-il icho.	
section_15_first_sermon_sentence_055	15	First Sermon: Isaiah lvi. 7	sermon_sentence	sentence_055	75	78	107	110	False	19	0	0	Hand-reviewed against the source PDF; transcription accepted or corrected.		Ikkil o Deos mario.	
section_15_first_sermon_sentence_056	15	First Sermon: Isaiah lvi. 7	sermon_sentence	sentence_056	75	78	107	110	False	61	0	0	Hand-reviewed against the source PDF; transcription accepted or corrected.		Merien o maba-da ṣaan, pa-ikkil o tsjes, ṣo-o miel o kakossi.	
section_15_first_sermon_sentence_057	15	First Sermon: Isaiah lvi. 7	sermon_sentence	sentence_057	75	78	107	110	False	46	0	0	Hand-reviewed against the source PDF; transcription accepted or corrected.		Ikkil o haibos rapies, ṣo-o paulakies o tsjes.	
section_15_first_sermon_sentence_058	15	First Sermon: Isaiah lvi. 7	sermon_sentence	sentence_058	75	78	107	110	False	75	0	0	Hand-reviewed against the source PDF; transcription accepted or corrected.		Inau micho atillan ja namo, meach'i ta Deos: Barras'i namo innai rapies ai.	
section_15_first_sermon_sentence_059	15	First Sermon: Isaiah lvi. 7	sermon_sentence	sentence_059	75	78	107	110	False	151	0	0	Hand-reviewed against the source PDF; transcription accepted or corrected.		Maibas pala ja namo, Deos o tamau hai pauss'i haibos paulakies ṣo-o lummal'i namo, kailau kummossi oa atite torroa tsjes, ṣo-o ummior o airab o haibos.	
section_15_first_sermon_sentence_060	15	First Sermon: Isaiah lvi. 7	sermon_sentence	sentence_060	75	78	107	110	False	78	0	0	Hand-reviewed against the source PDF; transcription accepted or corrected.		Maukat o parapies icho, ṣo-o pallidollido maibas o ibien, alla sumbach i namo.	
section_15_first_sermon_sentence_061	15	First Sermon: Isaiah lvi. 7	sermon_sentence	sentence_061	75	78	107	110	False	80	0	0	Hand-reviewed against the source PDF; transcription accepted or corrected.		Inau decho attonannan-ṣar inni bido o Deos raras a ibien, ṣo-o tamau o tattosik.	
section_15_first_sermon_sentence_062	15	First Sermon: Isaiah lvi. 7	sermon_sentence	sentence_062	75	78	107	110	False	62	0	0	Hand-reviewed against the source PDF; transcription accepted or corrected.		Inau sasalla matapo choa tsjes, maibas matapo tag bog o ibien.	
section_15_first_sermon_sentence_063	15	First Sermon: Isaiah lvi. 7	sermon_sentence	sentence_063	75	78	107	110	False	54	0	0	Hand-reviewed against the source PDF; transcription accepted or corrected.		Mai, ja alli masum a sallaan imo-noë, hai maṣini icho.	
section_15_first_sermon_sentence_064	15	First Sermon: Isaiah lvi. 7	sermon_sentence	sentence_064	75	78	107	110	False	50	0	0	Hand-reviewed against the source PDF; transcription accepted or corrected.		Obea innai ta haibos, maibas innai ibien o boesum.	
section_15_first_sermon_sentence_065	15	First Sermon: Isaiah lvi. 7	sermon_sentence	sentence_065	75	78	107	110	False	31	0	0	Hand-reviewed against the source PDF; transcription accepted or corrected.		Ipáchappa, ipauach'o choa naan.	
section_15_first_sermon_sentence_066	15	First Sermon: Isaiah lvi. 7	sermon_sentence	sentence_066	75	78	107	110	False	109	0	0	Hand-reviewed against the source PDF; transcription accepted or corrected.		Tsinummalpono dummaat i ta Deos o pia, tamasea merab o pairóòs imonoë o choa sisjiem badda ta Jesus Christus.	
section_15_first_sermon_sentence_067	15	First Sermon: Isaiah lvi. 7	sermon_sentence	sentence_067	75	78	107	110	False	30	0	0	Hand-reviewed against the source PDF; transcription accepted or corrected.		Hai machonṣar mikkap i haibos.	
section_15_first_sermon_sentence_068	15	First Sermon: Isaiah lvi. 7	sermon_sentence	sentence_068	75	78	107	110	False	29	0	0	Hand-reviewed against the source PDF; transcription accepted or corrected.		Alli masum o ara ta Christus.	
section_15_first_sermon_sentence_069	15	First Sermon: Isaiah lvi. 7	sermon_sentence	sentence_069	75	78	107	110	False	40	0	0	Hand-reviewed against the source PDF; transcription accepted or corrected.		Oa tsjes, oa bog, imo tapos maunis icho.	
section_15_first_sermon_sentence_070	15	First Sermon: Isaiah lvi. 7	sermon_sentence	sentence_070	75	78	107	110	False	65	0	0	Hand-reviewed against the source PDF; transcription accepted or corrected.		Hai ḡummeroa oa tsjes, hai pe'o ḡeroan ta haibos, ḡeroan ta Deos.	
section_15_first_sermon_sentence_071	15	First Sermon: Isaiah lvi. 7	sermon_sentence	sentence_071	75	78	107	110	False	33	0	0	Hand-reviewed against the source PDF; transcription accepted or corrected.		Alli masum o ḡeroan a tsjes icho.	
section_15_first_sermon_sentence_072	15	First Sermon: Isaiah lvi. 7	sermon_sentence	sentence_072	75	78	107	110	False	68	0	0	Hand-reviewed against the source PDF; transcription accepted or corrected.		Merab o ma-arummo, merab o tapos; tapos ja tsjes, tapos ja tattuppa.	
section_15_first_sermon_sentence_073	15	First Sermon: Isaiah lvi. 7	sermon_sentence	sentence_073	75	78	107	110	False	72	0	0	Hand-reviewed against the source PDF; transcription accepted or corrected.		Ka-ochal itis masini tattuppau rapies, maube-na, aṣinia o ranied o Deos.	
section_15_first_sermon_sentence_074	15	First Sermon: Isaiah lvi. 7	sermon_sentence	sentence_074	75	78	107	110	False	15	0	0	Hand-reviewed against the source PDF; transcription accepted or corrected.		Tsimis'o micho.	
section_15_first_sermon_sentence_075	15	First Sermon: Isaiah lvi. 7	sermon_sentence	sentence_075	75	78	107	110	False	66	0	0	Hand-reviewed against the source PDF; transcription accepted or corrected.		Aladikka ṣo-o tuppá micho, alla matapo joa tsjes tattupp'o boesum.	
section_15_first_sermon_sentence_076	15	First Sermon: Isaiah lvi. 7	sermon_sentence	sentence_076	75	78	107	110	False	59	0	0	Hand-reviewed against the source PDF; transcription accepted or corrected.		Kamadabbi ja chaan o man, micham, alli tump'ija imoa tsjes.	
section_15_first_sermon_sentence_077	15	First Sermon: Isaiah lvi. 7	sermon_sentence	sentence_077	75	78	107	110	False	59	0	0	Hand-reviewed against the source PDF; transcription accepted or corrected.		Alli tump'o inochan o tsjes, maibas tump'o inochan o chaan.	
section_15_first_sermon_sentence_078	15	First Sermon: Isaiah lvi. 7	sermon_sentence	sentence_078	75	78	107	110	False	80	0	0	Hand-reviewed against the source PDF; transcription accepted or corrected.		Maṣabb'o inochan oa tsjes-oë, marotul o ṣaan, baak-ṣar, maibas o binnan o bonna.	
section_15_first_sermon_sentence_079	15	First Sermon: Isaiah lvi. 7	sermon_sentence	sentence_079	75	78	107	110	False	80	0	0	Hand-reviewed against the source PDF; transcription accepted or corrected.		Mautsiri i ta Deos, mautsiri o choa atillo, choa airab, choa bó, a tataap o rió.	
section_15_first_sermon_sentence_080	15	First Sermon: Isaiah lvi. 7	sermon_sentence	sentence_080	75	78	107	110	False	50	0	0	Hand-reviewed against the source PDF; transcription accepted or corrected.		Mautsiri ja innai boesum, ṣo-o morich i boesum ai.	
section_15_first_sermon_sentence_081	15	First Sermon: Isaiah lvi. 7	sermon_sentence	sentence_081	75	78	107	110	False	34	0	0	Hand-reviewed against the source PDF; transcription accepted or corrected.		Atite o Deos paga inochan o tsjes.	
section_15_first_sermon_sentence_082	15	First Sermon: Isaiah lvi. 7	sermon_sentence	sentence_082	75	78	107	110	False	39	0	0	Hand-reviewed against the source PDF; transcription accepted or corrected.		Atite o Deos merien o cho maba-da ṣaan.	
section_15_first_sermon_sentence_083	15	First Sermon: Isaiah lvi. 7	sermon_sentence	sentence_083	75	78	107	110	False	43	0	0	Hand-reviewed against the source PDF; transcription accepted or corrected.		Tumka ṣo-o tummalattal'o maazichil a tsjes.	
section_15_first_sermon_sentence_084	15	First Sermon: Isaiah lvi. 7	sermon_sentence	sentence_084	75	78	107	110	False	69	0	0	Hand-reviewed against the source PDF; transcription accepted or corrected.		Mai, tapos o ai chipassanan, ṣo-o machá-da tsjes, ja merab o madabbi?	
section_15_first_sermon_sentence_085	15	First Sermon: Isaiah lvi. 7	sermon_sentence	sentence_085	75	78	107	110	False	70	0	0	Hand-reviewed against the source PDF; transcription accepted or corrected.		Ṣadd'o inochan o ma-áchonṣar ai, tsimisá, masanno machdo atite o Deos.	
section_15_first_sermon_sentence_086	15	First Sermon: Isaiah lvi. 7	sermon_sentence	sentence_086	75	78	107	110	False	23	0	0	Hand-reviewed against the source PDF; transcription accepted or corrected.		Aukat o tsjes ja micho.	
section_15_first_sermon_sentence_087	15	First Sermon: Isaiah lvi. 7	sermon_sentence	sentence_087	75	78	107	110	False	72	0	0	Hand-reviewed against the source PDF; transcription accepted or corrected.		Atatta, aunis-o-aracha o atite o Deos, ṣo-o mamorich oa tsjes aicho-ech.	
section_15_first_sermon_sentence_088	15	First Sermon: Isaiah lvi. 7	sermon_sentence	sentence_088	75	78	107	110	False	136	0	0	Hand-reviewed against the source PDF; transcription accepted or corrected.		Masini machó ta Christus sjiem badd'o Deos; alli mamorich uppo ma-akammichiṣar cho, tapos o atite channumma ka-ṣoss'innai ranied o Deos.	
section_15_first_sermon_sentence_089	15	First Sermon: Isaiah lvi. 7	sermon_sentence	sentence_089	75	78	107	110	False	83	0	0	Hand-reviewed against the source PDF; transcription accepted or corrected.		Illaḡḡen o pia tuppo-no pesasa, ṣo-o ipaba, pattonan onumm'o don o ai-acha ta Deos.	
section_15_first_sermon_sentence_090	15	First Sermon: Isaiah lvi. 7	sermon_sentence	sentence_090	75	78	107	110	False	130	0	0	Hand-reviewed against the source PDF; transcription accepted or corrected.		Ummior o narroa-da tuppo, annumma pattonan o don o ai-acha choa micho don: don o ai-acha allecho attonannan na-a micho don, machó.	
section_15_first_sermon_sentence_091	15	First Sermon: Isaiah lvi. 7	sermon_sentence	sentence_091	75	78	107	110	False	86	0	0	Hand-reviewed against the source PDF; transcription accepted or corrected.		Hai pesor all'attonannanṣar insini don o Deos, inau maunis icho pattodon maibas o cho.	
section_15_first_sermon_sentence_092	15	First Sermon: Isaiah lvi. 7	sermon_sentence	sentence_092	75	78	107	110	False	9	0	0	Hand-reviewed against the source PDF; transcription accepted or corrected.		Mainiéna.	
section_15_first_sermon_sentence_093	15	First Sermon: Isaiah lvi. 7	sermon_sentence	sentence_093	75	78	107	110	False	42	0	0	Hand-reviewed against the source PDF; transcription accepted or corrected.		Paga tsjes o auchosta Deos, marotul o bog.	
section_15_first_sermon_sentence_094	15	First Sermon: Isaiah lvi. 7	sermon_sentence	sentence_094	75	78	107	110	False	42	0	0	Hand-reviewed against the source PDF; transcription accepted or corrected.		Alli maṣabb'o don ja icho maibas o babosa.	
section_15_first_sermon_sentence_095	15	First Sermon: Isaiah lvi. 7	sermon_sentence	sentence_095	75	78	107	110	False	51	0	0	Hand-reviewed against the source PDF; transcription accepted or corrected.		Alli man, micham, ṣummarra, mero-os, moas, mababat.	
section_15_first_sermon_sentence_096	15	First Sermon: Isaiah lvi. 7	sermon_sentence	sentence_096	75	78	107	110	False	23	0	0	Hand-reviewed against the source PDF; transcription accepted or corrected.		Paga kummasjies a mato.	
section_15_first_sermon_sentence_097	15	First Sermon: Isaiah lvi. 7	sermon_sentence	sentence_097	75	78	107	110	False	22	0	0	Hand-reviewed against the source PDF; transcription accepted or corrected.		Pariaut o boesum a ta.	
section_15_first_sermon_sentence_098	15	First Sermon: Isaiah lvi. 7	sermon_sentence	sentence_098	75	78	107	110	False	23	0	0	Hand-reviewed against the source PDF; transcription accepted or corrected.		Alli tapen charri o ta.	
section_15_first_sermon_sentence_099	15	First Sermon: Isaiah lvi. 7	sermon_sentence	sentence_099	75	78	107	110	False	34	0	0	Hand-reviewed against the source PDF; transcription accepted or corrected.		Oedan, don onumma mamatsikap icho.	
section_15_first_sermon_sentence_100	15	First Sermon: Isaiah lvi. 7	sermon_sentence	sentence_100	75	78	107	110	False	78	0	0	Hand-reviewed against the source PDF; transcription accepted or corrected.		Alli ṣummos'i don inerien o rim'o cho ta Deos, tamasea minerien o boesum a ta.	
section_15_first_sermon_sentence_101	15	First Sermon: Isaiah lvi. 7	sermon_sentence	sentence_101	75	78	107	110	False	31	0	0	Hand-reviewed against the source PDF; transcription accepted or corrected.		Paga roman a lido atite o mini.	
section_15_first_sermon_sentence_102	15	First Sermon: Isaiah lvi. 7	sermon_sentence	sentence_102	75	78	107	110	False	231	0	0	Hand-reviewed against the source PDF; transcription accepted or corrected.		Pattonan o don o ai-acha choa micho, choa maunis a don ta Deos, kapesasa, inau paṣos'ochoa naan indecho, ino eachanni maibas inni choa don, ṣo-o chan-numma, alla mamaba cho inni don o ai-acha decho tummoach katinnaam o morr'o Deos.	
section_15_first_sermon_sentence_103	15	First Sermon: Isaiah lvi. 7	sermon_sentence	sentence_103	75	78	107	110	False	195	0	0	Hand-reviewed against the source PDF; transcription accepted or corrected.		Kanarroa, inau katalan ta Deos inni don o aiacha, maibas katalan o sjam inni choa don, micho-ṣar a pattite, katalan choa bó a rió, ṣabanno maṣini ṣo-o tump'ija icho torroa annoḡḡonoḡḡo a ai-acha.	
section_15_first_sermon_sentence_104	15	First Sermon: Isaiah lvi. 7	sermon_sentence	sentence_104	75	78	107	110	False	143	0	0	Hand-reviewed against the source PDF; transcription accepted or corrected.		Masini machó sjiem badd'o Deos ta Jesus Christus dem'ija miḡarrorro narroa ja natorroa boa inni na-a naan, indecho ina paga inni babat o decho.	
section_15_first_sermon_sentence_105	15	First Sermon: Isaiah lvi. 7	sermon_sentence	sentence_105	75	78	107	110	False	66	0	0	Hand-reviewed against the source PDF; transcription accepted or corrected.		Maibasṣar icho pala, alli maro ina, pagatomma macharrieb na-a boa.	
section_15_first_sermon_sentence_106	15	First Sermon: Isaiah lvi. 7	sermon_sentence	sentence_106	75	78	107	110	False	101	0	0	Hand-reviewed against the source PDF; transcription accepted or corrected.		Machaddik ja ina, ṣo-o inni babat o chono ai, meach'ina, alla mabo dechoa, ṣo-o ummior ochoa ai-acha.	
section_15_first_sermon_sentence_107	15	First Sermon: Isaiah lvi. 7	sermon_sentence	sentence_107	75	78	107	110	False	149	0	0	Hand-reviewed against the source PDF; transcription accepted or corrected.		Ka-inillaḡ o lido o atite, ṣo-o minaṣini imoa alla don o Deos paga don o ai-acha, idem'eachanni ta Deos, akaukauan choa ranied, adassen ja choa naan.	
section_15_first_sermon_sentence_108	15	First Sermon: Isaiah lvi. 7	sermon_sentence	sentence_108	75	78	107	110	False	93	0	0	Hand-reviewed against the source PDF; transcription accepted or corrected.		Dem'ija talan ta Deos, ṣo-o dummaat i namoa, ṣabanno mai meacha ṣo-o pannoḡḡonoḡḡono ja namo.	
section_15_first_sermon_sentence_109	15	First Sermon: Isaiah lvi. 7	sermon_sentence	sentence_109	75	78	107	110	False	78	0	0	Hand-reviewed against the source PDF; transcription accepted or corrected.		Mai, aukattan o don o arrorroai-an o Deos, maube tumboel o choa don o ai-acha.	
section_15_first_sermon_sentence_110	15	First Sermon: Isaiah lvi. 7	sermon_sentence	sentence_110	75	78	107	110	False	182	0	0	Hand-reviewed against the source PDF; transcription accepted or corrected.		Tsichir'i ta David o ma-ai-aab ṣo-o mario-a-cho: natta-ṣar ai, machó, mineach'i ta Deos ja ina, ṣo-o na-a ṣaṣummad'o micho, alla na-a ṣummos'i don o Deos tapos o zijsj'o na-a morich.	
section_15_first_sermon_sentence_111	15	First Sermon: Isaiah lvi. 7	sermon_sentence	sentence_111	75	78	107	110	False	54	0	0	Hand-reviewed against the source PDF; transcription accepted or corrected.		Hai orachan imo patil ai, hai malleak o atil o boesum.	
section_15_first_sermon_sentence_112	15	First Sermon: Isaiah lvi. 7	sermon_sentence	sentence_112	75	78	107	110	False	109	0	0	Hand-reviewed against the source PDF; transcription accepted or corrected.		Ma-arich ja ina pala, máchonṣar o patil imoa, ṣo-o acho mab'o narroa ja natorroa-da tuppo-no atil o Christan.	
section_15_first_sermon_sentence_113	15	First Sermon: Isaiah lvi. 7	sermon_sentence	sentence_113	75	78	107	110	False	60	0	0	Hand-reviewed against the source PDF; transcription accepted or corrected.		Oedan, ja kamicho, alla tummoach o baak i don o arorroai-an?	
section_15_first_sermon_sentence_114	15	First Sermon: Isaiah lvi. 7	sermon_sentence	sentence_114	75	78	107	110	False	20	0	0	Hand-reviewed against the source PDF; transcription accepted or corrected.		Alla mero-os o baak?	
section_15_first_sermon_sentence_115	15	First Sermon: Isaiah lvi. 7	sermon_sentence	sentence_115	75	78	107	110	False	6	0	0	Hand-reviewed against the source PDF; transcription accepted or corrected.		Maini.	
section_15_first_sermon_sentence_116	15	First Sermon: Isaiah lvi. 7	sermon_sentence	sentence_116	75	78	107	110	False	83	0	0	Hand-reviewed against the source PDF; transcription accepted or corrected.		Maspot a tump'o atil, maspot a maladik o atite i tsjes, ṣo-o karri-atite aicho-ies.	
section_15_first_sermon_sentence_117	15	First Sermon: Isaiah lvi. 7	sermon_sentence	sentence_117	75	78	107	110	False	294	0	0	Hand-reviewed against the source PDF; transcription accepted or corrected.		Maibas pattillo ta Deos: na-a ranied, machó, papaga inni joa tsjes, ṣo-o allecho pattite aicho, ṣabanno mero-os inni oa don imoa, ṣo-o ṣabanno mababat de tarran imoa, ṣo-o ṣabanno ṣummarra, ṣo-o ṣabanno maṣeas imo micho-ṣar a pattite, maspot a tumpa tallochon o ranied i tsjes, depa poach imoa.	
section_15_first_sermon_sentence_118	15	First Sermon: Isaiah lvi. 7	sermon_sentence	sentence_118	75	78	107	110	False	149	0	0	Hand-reviewed against the source PDF; transcription accepted or corrected.		Kanarroa, minaṣini channumm'imonoë, alla don o ai-acha paga don o Deos, maunis a don, don o ma-achimit, dem'ija mero-os imoa katinnaam o morr'o Deos.	
section_15_first_sermon_sentence_119	15	First Sermon: Isaiah lvi. 7	sermon_sentence	sentence_119	75	78	107	110	False	102	0	0	Hand-reviewed against the source PDF; transcription accepted or corrected.		Tapos o ai matsikap de oa don, alli matsikap de don o Deos, maspot a mácho-no ma-allas a tsjes insini.	
section_15_first_sermon_sentence_120	15	First Sermon: Isaiah lvi. 7	sermon_sentence	sentence_120	75	78	107	110	False	61	0	0	Hand-reviewed against the source PDF; transcription accepted or corrected.		Maspot a kummeriel insini inni chimit o tsjes a ikkil o Deos.	
section_15_first_sermon_sentence_121	15	First Sermon: Isaiah lvi. 7	sermon_sentence	sentence_121	75	78	107	110	False	45	0	0	Hand-reviewed against the source PDF; transcription accepted or corrected.		Ja alli arich, matsipi a karri-al'insini cho?	
section_15_first_sermon_sentence_122	15	First Sermon: Isaiah lvi. 7	sermon_sentence	sentence_122	75	78	107	110	False	66	0	0	Hand-reviewed against the source PDF; transcription accepted or corrected.		Mapor, mais, ja mauranies o sisjiem charri o cho moba roman a cho.	
section_15_first_sermon_sentence_123	15	First Sermon: Isaiah lvi. 7	sermon_sentence	sentence_123	75	78	107	110	False	43	0	0	Hand-reviewed against the source PDF; transcription accepted or corrected.		Oedan, pa ja don o ṣummarra, ja mapor imoa?	
section_15_first_sermon_sentence_124	15	First Sermon: Isaiah lvi. 7	sermon_sentence	sentence_124	75	78	107	110	False	37	0	0	Hand-reviewed against the source PDF; transcription accepted or corrected.		Ja poetat o don o Deos don o lallooḡ?	
section_15_first_sermon_sentence_125	15	First Sermon: Isaiah lvi. 7	sermon_sentence	sentence_125	75	78	107	110	False	12	0	0	Hand-reviewed against the source PDF; transcription accepted or corrected.		Hai molappa.	
section_15_first_sermon_sentence_126	15	First Sermon: Isaiah lvi. 7	sermon_sentence	sentence_126	75	78	107	110	False	110	0	0	Hand-reviewed against the source PDF; transcription accepted or corrected.		E-ílla-na, depa lummooḡ o atite o Deos, depa lummooḡ o atite o ai-acha, kailau pisor ochoa rais maibas o chau.	
section_15_first_sermon_sentence_127	15	First Sermon: Isaiah lvi. 7	sermon_sentence	sentence_127	75	78	107	110	False	46	0	0	Hand-reviewed against the source PDF; transcription accepted or corrected.		Ja maukat o choa bó, choa tataap o rió imonoë?	
section_15_first_sermon_sentence_128	15	First Sermon: Isaiah lvi. 7	sermon_sentence	sentence_128	75	78	107	110	False	124	0	0	Hand-reviewed against the source PDF; transcription accepted or corrected.		Alla patoach o zijsja, alla pautas o tsinaap, alla pábo'o inochan, maube i don o ai-acha, insini atillan imoa meach'o micho.	
section_15_first_sermon_sentence_129	15	First Sermon: Isaiah lvi. 7	sermon_sentence	sentence_129	75	78	107	110	False	125	0	0	Hand-reviewed against the source PDF; transcription accepted or corrected.		Kriella, eachá-na, illo-iloa, ṣo-o mamarach o gagil imonoë; ṣaddá-na ṣo-o tatummala; tókka-na, ṣo-o allecho tannaanni ja imo.	
section_15_first_sermon_sentence_130	15	First Sermon: Isaiah lvi. 7	sermon_sentence	sentence_130	75	78	107	110	False	29	0	0	Hand-reviewed against the source PDF; transcription accepted or corrected.		Ja masabb'o ṣaan oa tsjes-oë.	
section_15_first_sermon_sentence_131	15	First Sermon: Isaiah lvi. 7	sermon_sentence	sentence_131	75	78	107	110	False	17	0	0	Hand-reviewed against the source PDF; transcription accepted or corrected.		Ja marotul o aba?	
section_15_first_sermon_sentence_132	15	First Sermon: Isaiah lvi. 7	sermon_sentence	sentence_132	75	78	107	110	False	181	0	0	Hand-reviewed against the source PDF; transcription accepted or corrected.		Eachá i ta Deos, o ai ma-al-ál, alla pe'o tsjes o mabá-da ṣaan; alla moa madarram o gagil o Deos, a choa sjiem ta Jesus Christus, ṣo-o marach o morich o ma-áchon-ṣar inni choa naan.	
section_15_first_sermon_sentence_133	15	First Sermon: Isaiah lvi. 7	sermon_sentence	sentence_133	75	78	107	110	False	104	0	0	Hand-reviewed against the source PDF; transcription accepted or corrected.		Micho ja maukat a ina, alla ta Deos passosso imoa inau ta Jesus Christus choa sjiem badd'aukattan; Amen.	
section_16_second_sermon_sentence_001	16	Second Sermon: 1 Timothy ii. 5	sermon_sentence	sentence_001	79	86	111	118	False	24	0	0	Hand-reviewed against the source PDF; transcription accepted or corrected.		A Ukattan a ma-akakriel.	
section_16_second_sermon_sentence_002	16	Second Sermon: 1 Timothy ii. 5	sermon_sentence	sentence_002	79	86	111	118	False	89	0	0	Hand-reviewed against the source PDF; transcription accepted or corrected.		Ta Apostel Paulus aran o Jesu Christi inni choa bido masini machó: paga nátta-ṣar a Deos.	
section_16_second_sermon_sentence_003	16	Second Sermon: 1 Timothy ii. 5	sermon_sentence	sentence_003	79	86	111	118	False	59	0	0	Hand-reviewed against the source PDF; transcription accepted or corrected.		Natorroa-da tuppo ino torrodden paga inni atite o mini-ṣar.	
section_16_second_sermon_sentence_004	16	Second Sermon: 1 Timothy ii. 5	sermon_sentence	sentence_004	79	86	111	118	False	34	0	0	Hand-reviewed against the source PDF; transcription accepted or corrected.		Kapesasa, alla gagil paga ta Deos.	
section_16_second_sermon_sentence_005	16	Second Sermon: 1 Timothy ii. 5	sermon_sentence	sentence_005	79	86	111	118	False	76	0	0	Hand-reviewed against the source PDF; transcription accepted or corrected.		Kanarroa, alla Deos o gagil alli boddo maso paga a natta-da maakammichi-ṣar.	
section_16_second_sermon_sentence_006	16	Second Sermon: 1 Timothy ii. 5	sermon_sentence	sentence_006	79	86	111	118	False	38	0	0	Hand-reviewed against the source PDF; transcription accepted or corrected.		Ka natorroa, tomm'ija Deos o gagil ai.	
section_16_second_sermon_sentence_007	16	Second Sermon: 1 Timothy ii. 5	sermon_sentence	sentence_007	79	86	111	118	False	74	0	0	Hand-reviewed against the source PDF; transcription accepted or corrected.		Assánman-a, na-a a-ummillaḡ o lido o atite o mini, amooṣ'imo kummeriel ai.	
section_16_second_sermon_sentence_008	16	Second Sermon: 1 Timothy ii. 5	sermon_sentence	sentence_008	79	86	111	118	False	53	0	0	Hand-reviewed against the source PDF; transcription accepted or corrected.		Ka pesasa, alla paga ta Deos, alli kamachaggi ja imo.	
section_16_second_sermon_sentence_009	16	Second Sermon: 1 Timothy ii. 5	sermon_sentence	sentence_009	79	86	111	118	False	69	0	0	Hand-reviewed against the source PDF; transcription accepted or corrected.		Matalam poetat oa tsjes, sja ta Deos paga, annumm'alli itan-ṣar icho?	
section_16_second_sermon_sentence_010	16	Second Sermon: 1 Timothy ii. 5	sermon_sentence	sentence_010	79	86	111	118	False	17	0	0	Hand-reviewed against the source PDF; transcription accepted or corrected.		Pa itan choa boa.	
section_16_second_sermon_sentence_011	16	Second Sermon: 1 Timothy ii. 5	sermon_sentence	sentence_011	79	86	111	118	False	25	0	0	Hand-reviewed against the source PDF; transcription accepted or corrected.		Oedan, ja cho minit'icho?	
section_16_second_sermon_sentence_012	16	Second Sermon: 1 Timothy ii. 5	sermon_sentence	sentence_012	79	86	111	118	False	21	0	0	Hand-reviewed against the source PDF; transcription accepted or corrected.		Indema, ja moed'icho?	
section_16_second_sermon_sentence_013	16	Second Sermon: 1 Timothy ii. 5	sermon_sentence	sentence_013	79	86	111	118	False	29	0	0	Hand-reviewed against the source PDF; transcription accepted or corrected.		Matalam naan o Deos tsinosik.	
section_16_second_sermon_sentence_014	16	Second Sermon: 1 Timothy ii. 5	sermon_sentence	sentence_014	79	86	111	118	False	12	0	0	Hand-reviewed against the source PDF; transcription accepted or corrected.		Naan o baak.	
section_16_second_sermon_sentence_015	16	Second Sermon: 1 Timothy ii. 5	sermon_sentence	sentence_015	79	86	111	118	False	35	0	0	Hand-reviewed against the source PDF; transcription accepted or corrected.		Allipa ta Deos, allipa ja choa boa.	
section_16_second_sermon_sentence_016	16	Second Sermon: 1 Timothy ii. 5	sermon_sentence	sentence_016	79	86	111	118	False	12	0	0	Hand-reviewed against the source PDF; transcription accepted or corrected.		Hai molappa.	
section_16_second_sermon_sentence_017	16	Second Sermon: 1 Timothy ii. 5	sermon_sentence	sentence_017	79	86	111	118	False	55	0	0	Hand-reviewed against the source PDF; transcription accepted or corrected.		Hai poetat all'autat o Christan inni ta Deos paga baak.	
section_16_second_sermon_sentence_018	16	Second Sermon: 1 Timothy ii. 5	sermon_sentence	sentence_018	79	86	111	118	False	9	0	0	Hand-reviewed against the source PDF; transcription accepted or corrected.		Mainiéna.	
section_16_second_sermon_sentence_019	16	Second Sermon: 1 Timothy ii. 5	sermon_sentence	sentence_019	79	86	111	118	False	23	0	0	Hand-reviewed against the source PDF; transcription accepted or corrected.		Autat o gagil ja micho.	
section_16_second_sermon_sentence_020	16	Second Sermon: 1 Timothy ii. 5	sermon_sentence	sentence_020	79	86	111	118	False	66	0	0	Hand-reviewed against the source PDF; transcription accepted or corrected.		All'ina pait'ailo, na-a allecho tummaam o naspat a chachod o mini.	
section_16_second_sermon_sentence_021	16	Second Sermon: 1 Timothy ii. 5	sermon_sentence	sentence_021	79	86	111	118	False	42	0	0	Hand-reviewed against the source PDF; transcription accepted or corrected.		Ka pesasa innainumma darrammenṣar ta Deos.	
section_16_second_sermon_sentence_022	16	Second Sermon: 1 Timothy ii. 5	sermon_sentence	sentence_022	79	86	111	118	False	39	0	0	Hand-reviewed against the source PDF; transcription accepted or corrected.		Ka narroa inaunumma alli itan choa boa.	
section_16_second_sermon_sentence_023	16	Second Sermon: 1 Timothy ii. 5	sermon_sentence	sentence_023	79	86	111	118	False	36	0	0	Hand-reviewed against the source PDF; transcription accepted or corrected.		Kanatorroa, moeda choa boa ja morra?	
section_16_second_sermon_sentence_024	16	Second Sermon: 1 Timothy ii. 5	sermon_sentence	sentence_024	79	86	111	118	False	70	0	0	Hand-reviewed against the source PDF; transcription accepted or corrected.		Kanaspat, dem'ija icho, ja de babó, ja de rapó, ja maró, ja machaddik.	
section_16_second_sermon_sentence_025	16	Second Sermon: 1 Timothy ii. 5	sermon_sentence	sentence_025	79	86	111	118	False	101	0	0	Hand-reviewed against the source PDF; transcription accepted or corrected.		Ka tattabach, alla paga ta Deos, paita cho tataap, ṣo-o darrammen ja icho innai choa maunis o tataap.	
section_16_second_sermon_sentence_026	16	Second Sermon: 1 Timothy ii. 5	sermon_sentence	sentence_026	79	86	111	118	False	14	0	0	Hand-reviewed against the source PDF; transcription accepted or corrected.		Tataap onumma?	
section_16_second_sermon_sentence_027	16	Second Sermon: 1 Timothy ii. 5	sermon_sentence	sentence_027	79	86	111	118	False	138	0	0	Hand-reviewed against the source PDF; transcription accepted or corrected.		Tataap mauchus a mató, ma-abárra, ma-atásso, maibas o boesum, tapos o ta, abas, zijsja, idas, babóan, aisennas, rabbo, lalka, bióa, sasio.	
section_16_second_sermon_sentence_028	16	Second Sermon: 1 Timothy ii. 5	sermon_sentence	sentence_028	79	86	111	118	False	34	0	0	Hand-reviewed against the source PDF; transcription accepted or corrected.		Ja babosa, mab'o merien aicho-ies?	
section_16_second_sermon_sentence_029	16	Second Sermon: 1 Timothy ii. 5	sermon_sentence	sentence_029	79	86	111	118	False	48	0	0	Hand-reviewed against the source PDF; transcription accepted or corrected.		Ja mab'o patillo-no boesum, zijsja, idas, barri?	
section_16_second_sermon_sentence_030	16	Second Sermon: 1 Timothy ii. 5	sermon_sentence	sentence_030	79	86	111	118	False	40	0	0	Hand-reviewed against the source PDF; transcription accepted or corrected.		Sja torro pattillo moetas, ṣai ja oetas?	
section_16_second_sermon_sentence_031	16	Second Sermon: 1 Timothy ii. 5	sermon_sentence	sentence_031	79	86	111	118	False	43	0	0	Hand-reviewed against the source PDF; transcription accepted or corrected.		Sja pattillo pirroos a barri, ṣai ja barri?	
section_16_second_sermon_sentence_032	16	Second Sermon: 1 Timothy ii. 5	sermon_sentence	sentence_032	79	86	111	118	False	3	0	0	Hand-reviewed against the source PDF; transcription accepted or corrected.		Pa.	
section_16_second_sermon_sentence_033	16	Second Sermon: 1 Timothy ii. 5	sermon_sentence	sentence_033	79	86	111	118	False	43	0	0	Hand-reviewed against the source PDF; transcription accepted or corrected.		Kaṣai oetas, ja alli ṣai, torro mit'o baak.	
section_16_second_sermon_sentence_034	16	Second Sermon: 1 Timothy ii. 5	sermon_sentence	sentence_034	79	86	111	118	False	69	0	0	Hand-reviewed against the source PDF; transcription accepted or corrected.		Pa ja ab'inni tsjes, pa ja barr'inni torroa bog, alla chummimit o ai.	
section_16_second_sermon_sentence_035	16	Second Sermon: 1 Timothy ii. 5	sermon_sentence	sentence_035	79	86	111	118	False	36	0	0	Hand-reviewed against the source PDF; transcription accepted or corrected.		Alli ummior o airab o cho aicho-ies.	
section_16_second_sermon_sentence_036	16	Second Sermon: 1 Timothy ii. 5	sermon_sentence	sentence_036	79	86	111	118	False	120	0	0	Hand-reviewed against the source PDF; transcription accepted or corrected.		Mai numma, ja maunis tummoach o tapos o ai, ja alli erinen-ṣar? Ja moetas ja mabarri, ja maunis tummoach a zijsja, idas?	
section_16_second_sermon_sentence_037	16	Second Sermon: 1 Timothy ii. 5	sermon_sentence	sentence_037	79	86	111	118	False	10	0	0	Hand-reviewed against the source PDF; transcription accepted or corrected.		Maini-éna.	
section_16_second_sermon_sentence_038	16	Second Sermon: 1 Timothy ii. 5	sermon_sentence	sentence_038	79	86	111	118	False	141	0	0	Hand-reviewed against the source PDF; transcription accepted or corrected.		Oedan, torro mita, alla zijsja a idas alli poelakies o tummoach o meodup; alla barbar a maṣoan alli poelakies o pirroos atatta geroan a baas.	
section_16_second_sermon_sentence_039	16	Second Sermon: 1 Timothy ii. 5	sermon_sentence	sentence_039	79	86	111	118	False	93	0	0	Hand-reviewed against the source PDF; transcription accepted or corrected.		Sja maunis tummoach o tapos o ai, mamachitachitat ja tummoach, ṣo-o mamariḡḡoriḡḡo aicho-ies.	
section_16_second_sermon_sentence_040	16	Second Sermon: 1 Timothy ii. 5	sermon_sentence	sentence_040	79	86	111	118	False	46	0	0	Hand-reviewed against the source PDF; transcription accepted or corrected.		Innainumma ummior, all'erinenṣar o tapos o ai.	
section_16_second_sermon_sentence_041	16	Second Sermon: 1 Timothy ii. 5	sermon_sentence	sentence_041	79	86	111	118	False	21	0	0	Hand-reviewed against the source PDF; transcription accepted or corrected.		Mai, tomm'ija Airien?	
section_16_second_sermon_sentence_042	16	Second Sermon: 1 Timothy ii. 5	sermon_sentence	sentence_042	79	86	111	118	False	10	0	0	Hand-reviewed against the source PDF; transcription accepted or corrected.		Ja boesum?	
section_16_second_sermon_sentence_043	16	Second Sermon: 1 Timothy ii. 5	sermon_sentence	sentence_043	79	86	111	118	False	3	0	0	Hand-reviewed against the source PDF; transcription accepted or corrected.		pa.	
section_16_second_sermon_sentence_044	16	Second Sermon: 1 Timothy ii. 5	sermon_sentence	sentence_044	79	86	111	118	False	60	0	0	Hand-reviewed against the source PDF; transcription accepted or corrected.		Oedan, alli morich o boesum; pa ṣaan ja ab'inni choa achieb.	
section_16_second_sermon_sentence_045	16	Second Sermon: 1 Timothy ii. 5	sermon_sentence	sentence_045	79	86	111	118	False	22	0	0	Hand-reviewed against the source PDF; transcription accepted or corrected.		Ja ta haibos o Airien?	
section_16_second_sermon_sentence_046	16	Second Sermon: 1 Timothy ii. 5	sermon_sentence	sentence_046	79	86	111	118	False	6	0	0	Hand-reviewed against the source PDF; transcription accepted or corrected.		Maini.	
section_16_second_sermon_sentence_047	16	Second Sermon: 1 Timothy ii. 5	sermon_sentence	sentence_047	79	86	111	118	False	39	0	0	Hand-reviewed against the source PDF; transcription accepted or corrected.		Alli mab'ija haibos chummimit o boesum.	
section_16_second_sermon_sentence_048	16	Second Sermon: 1 Timothy ii. 5	sermon_sentence	sentence_048	79	86	111	118	False	28	0	0	Hand-reviewed against the source PDF; transcription accepted or corrected.		Marotul choa aba ṣo-o barra.	
section_16_second_sermon_sentence_049	16	Second Sermon: 1 Timothy ii. 5	sermon_sentence	sentence_049	79	86	111	118	False	148	0	0	Hand-reviewed against the source PDF; transcription accepted or corrected.		Alli patoach o zijsja, a idas, alli pautas, alli pabo'o inochan: rapies a tsjes icho, alli mabó-no babosa, maukat o sumbach, lummála, ṣo-o parapies.	
section_16_second_sermon_sentence_050	16	Second Sermon: 1 Timothy ii. 5	sermon_sentence	sentence_050	79	86	111	118	False	40	0	0	Hand-reviewed against the source PDF; transcription accepted or corrected.		Oedan, tomm'ija Airien, ṣo-o indem'icho?	
section_16_second_sermon_sentence_051	16	Second Sermon: 1 Timothy ii. 5	sermon_sentence	sentence_051	79	86	111	118	False	9	0	0	Hand-reviewed against the source PDF; transcription accepted or corrected.		Ja de ta?	
section_16_second_sermon_sentence_052	16	Second Sermon: 1 Timothy ii. 5	sermon_sentence	sentence_052	79	86	111	118	False	11	0	0	Hand-reviewed against the source PDF; transcription accepted or corrected.		Ja de abas?	
section_16_second_sermon_sentence_053	16	Second Sermon: 1 Timothy ii. 5	sermon_sentence	sentence_053	79	86	111	118	False	16	0	0	Hand-reviewed against the source PDF; transcription accepted or corrected.		Ja lallum rabbo?	
section_16_second_sermon_sentence_054	16	Second Sermon: 1 Timothy ii. 5	sermon_sentence	sentence_054	79	86	111	118	False	15	0	0	Hand-reviewed against the source PDF; transcription accepted or corrected.		Ja inni boesum?	
section_16_second_sermon_sentence_055	16	Second Sermon: 1 Timothy ii. 5	sermon_sentence	sentence_055	79	86	111	118	False	44	0	0	Hand-reviewed against the source PDF; transcription accepted or corrected.		Annach, Airien o boesum a ta paga de boesum.	
section_16_second_sermon_sentence_056	16	Second Sermon: 1 Timothy ii. 5	sermon_sentence	sentence_056	79	86	111	118	False	20	0	0	Hand-reviewed against the source PDF; transcription accepted or corrected.		Choa naan ta Jehova.	
section_16_second_sermon_sentence_057	16	Second Sermon: 1 Timothy ii. 5	sermon_sentence	sentence_057	79	86	111	118	False	27	0	0	Hand-reviewed against the source PDF; transcription accepted or corrected.		Ta Deos paga Airien o mini.	
section_16_second_sermon_sentence_058	16	Second Sermon: 1 Timothy ii. 5	sermon_sentence	sentence_058	79	86	111	118	False	36	0	0	Hand-reviewed against the source PDF; transcription accepted or corrected.		Makammichi-sar icho babo tapos o ai.	
section_16_second_sermon_sentence_059	16	Second Sermon: 1 Timothy ii. 5	sermon_sentence	sentence_059	79	86	111	118	False	46	0	0	Hand-reviewed against the source PDF; transcription accepted or corrected.		Kummasjies a maro, a mabarra, a maba-da tsjes.	
section_16_second_sermon_sentence_060	16	Second Sermon: 1 Timothy ii. 5	sermon_sentence	sentence_060	79	86	111	118	False	32	0	0	Hand-reviewed against the source PDF; transcription accepted or corrected.		Chummimit o boesum a tapos o ta.	
section_16_second_sermon_sentence_061	16	Second Sermon: 1 Timothy ii. 5	sermon_sentence	sentence_061	79	86	111	118	False	126	0	0	Hand-reviewed against the source PDF; transcription accepted or corrected.		Inni boesum, ṣo-o innai boesum pait'i namo-no choa aba, choa barra, adás, al-ál, a; tataap o rió, alla namo ṣaṣummad'icho-noë.	
section_16_second_sermon_sentence_062	16	Second Sermon: 1 Timothy ii. 5	sermon_sentence	sentence_062	79	86	111	118	False	92	0	0	Hand-reviewed against the source PDF; transcription accepted or corrected.		Masini darrammen ṣo-o talan ta Deos inni choa tataap, sabanno torro miall'o auchos aichoies.	
section_16_second_sermon_sentence_063	16	Second Sermon: 1 Timothy ii. 5	sermon_sentence	sentence_063	79	86	111	118	False	112	0	0	Hand-reviewed against the source PDF; transcription accepted or corrected.		Torro babosa tummoach i ta mini ma-aṣabba ṣo-o barrabarraan, maibas dummoro i don o mato, dem'ija mapan arribil.	
section_16_second_sermon_sentence_064	16	Second Sermon: 1 Timothy ii. 5	sermon_sentence	sentence_064	79	86	111	118	False	172	0	0	Hand-reviewed against the source PDF; transcription accepted or corrected.		De babo torro mit'o boesum kamauchus mato, moḡariniḡini, machallochallo maibas o tattorroddauron; choa baan o lallum inaallá o mapan rará, mato, kotsi, maibas o tattakkoob.	
section_16_second_sermon_sentence_065	16	Second Sermon: 1 Timothy ii. 5	sermon_sentence	sentence_065	79	86	111	118	False	100	0	0	Hand-reviewed against the source PDF; transcription accepted or corrected.		Zijsja mabarra maḡarieb tallochon de ailo, ṣo-o madaap o parar'o tapos o ta, alla cho mit'o tummaap.	
section_16_second_sermon_sentence_066	16	Second Sermon: 1 Timothy ii. 5	sermon_sentence	sentence_066	79	86	111	118	False	84	0	0	Hand-reviewed against the source PDF; transcription accepted or corrected.		Kameodup a zijsja, odum o bi-ini tummallo-no cho ṣummarra, ṣo-o pissassen o tummaap.	
section_16_second_sermon_sentence_067	16	Second Sermon: 1 Timothy ii. 5	sermon_sentence	sentence_067	79	86	111	118	False	162	0	0	Hand-reviewed against the source PDF; transcription accepted or corrected.		Sja innai, boesum torro mitirpo, paga mampa, mapan baron de ta, baziep, inochan, bo'o baron, binnan, kannas, loan, mapan ja tsjes de abas, ino ipaan torro babosa.	
section_16_second_sermon_sentence_068	16	Second Sermon: 1 Timothy ii. 5	sermon_sentence	sentence_068	79	86	111	118	False	55	0	0	Hand-reviewed against the source PDF; transcription accepted or corrected.		Ja tapos o tataap o rio o mini alli pait'o Airien o ai?	
section_16_second_sermon_sentence_069	16	Second Sermon: 1 Timothy ii. 5	sermon_sentence	sentence_069	79	86	111	118	False	279	0	0	Hand-reviewed against the source PDF; transcription accepted or corrected.		Mai, tamasea mit'o baak o tapos ai, ṣo-o mautṣiri ja lummido i ta Deos, paga gagil bachorren, ṣo-o marotul o ṣaan; maibas o ma-ai-aab ta David rummé o otsiri o cho: ta Deos maché innai boesum minitirpo-no sisjiem o babosa, sja charri o cho macheer a tsjes, o ai ṣummad'i ta Deos.	
section_16_second_sermon_sentence_070	16	Second Sermon: 1 Timothy ii. 5	sermon_sentence	sentence_070	79	86	111	118	False	73	0	0	Hand-reviewed against the source PDF; transcription accepted or corrected.		Minollapp'ija pa tapos, paga choa tattuppa tapos; pagaga ta Deos chaddai.	
section_16_second_sermon_sentence_071	16	Second Sermon: 1 Timothy ii. 5	sermon_sentence	sentence_071	79	86	111	118	False	69	0	0	Hand-reviewed against the source PDF; transcription accepted or corrected.		Kanarroa, marmini o tsjes charri o roman, inau alli itan-ṣar ta Deos.	
section_16_second_sermon_sentence_072	16	Second Sermon: 1 Timothy ii. 5	sermon_sentence	sentence_072	79	86	111	118	False	25	0	0	Hand-reviewed against the source PDF; transcription accepted or corrected.		Oedan, sja paga icho-noë?	
section_16_second_sermon_sentence_073	16	Second Sermon: 1 Timothy ii. 5	sermon_sentence	sentence_073	79	86	111	118	False	47	0	0	Hand-reviewed against the source PDF; transcription accepted or corrected.		Innaunumma alli tuminoach, inonumma macharrieb?	
section_16_second_sermon_sentence_074	16	Second Sermon: 1 Timothy ii. 5	sermon_sentence	sentence_074	79	86	111	118	False	428	0	0	Hand-reviewed against the source PDF; transcription accepted or corrected.		Mai, tummaam ja ina, alla ta Deos ani-aicho, innai aisas'o inerien o mini tapos ai, tsinummoach o mapan a cho, ta ma-ai-aab maabisse-bissé tsjes anibaas, maibas i ta Abraham, ta Jacob, ta Moses, ta Samuel, ta Jesaias, Jeremias, Ezechiel, Daniel, ṣo-o romaroman, tamasea minaṣini o choa char-ṣar, ṣo-o tsinummaap o atil o boesum, alla maibas o sjam-ṣar o Deos, ṣo-o ma-atil a maba-da tsjes allecho pattil o cho-no baak decho-noë.	
section_16_second_sermon_sentence_075	16	Second Sermon: 1 Timothy ii. 5	sermon_sentence	sentence_075	79	86	111	118	False	295	0	0	Hand-reviewed against the source PDF; transcription accepted or corrected.		Rummi-es channumma pinauss'o choa maunis a aukattan a sjiem badda ta Jesus Christus, gagil a isas ṣo-o tat-ṣar ochoa boa, o ai tsinummoach i babo ta mini, kabinodd'o patómammali ta Maria, ṣo-o katsinala gagil o Deos inni isas o babosa, alla pait'i namo ta Deos, ṣo-o pattil o tarran i boesum ai.	
section_16_second_sermon_sentence_076	16	Second Sermon: 1 Timothy ii. 5	sermon_sentence	sentence_076	79	86	111	118	False	198	0	0	Hand-reviewed against the source PDF; transcription accepted or corrected.		Ochal pab'o tapos choa airab ṣo-o atillo, patok-ṣar ta Deos, ṣo-o merab, alla tapos o cho poetautat inni choa ranied kabinidoan inni ta maai-aab anibaas, ṣo-o tschiet narroa cho aran o Jesu Christi.	
section_16_second_sermon_sentence_077	16	Second Sermon: 1 Timothy ii. 5	sermon_sentence	sentence_077	79	86	111	118	False	64	0	0	Hand-reviewed against the source PDF; transcription accepted or corrected.		Na-a chummod channumma, ja alli macharrieb torroa tsjes a barri?	
section_16_second_sermon_sentence_078	16	Second Sermon: 1 Timothy ii. 5	sermon_sentence	sentence_078	79	86	111	118	False	29	0	0	Hand-reviewed against the source PDF; transcription accepted or corrected.		Ja itan tsjes, ja itan barri?	
section_16_second_sermon_sentence_079	16	Second Sermon: 1 Timothy ii. 5	sermon_sentence	sentence_079	79	86	111	118	False	63	0	0	Hand-reviewed against the source PDF; transcription accepted or corrected.		Ṣo-o pagatomma micho, tomma-da cho marmimi ja mautsiri o barri?	
section_16_second_sermon_sentence_080	16	Second Sermon: 1 Timothy ii. 5	sermon_sentence	sentence_080	79	86	111	118	False	32	0	0	Hand-reviewed against the source PDF; transcription accepted or corrected.		Inau de ta mini itan choa barra.	
section_16_second_sermon_sentence_081	16	Second Sermon: 1 Timothy ii. 5	sermon_sentence	sentence_081	79	86	111	118	False	25	0	0	Hand-reviewed against the source PDF; transcription accepted or corrected.		Todacha mautsiri o tsjes?	
section_16_second_sermon_sentence_082	16	Second Sermon: 1 Timothy ii. 5	sermon_sentence	sentence_082	79	86	111	118	False	34	0	0	Hand-reviewed against the source PDF; transcription accepted or corrected.		Marmimi ja inni babosa paga tsjes?	
section_16_second_sermon_sentence_083	16	Second Sermon: 1 Timothy ii. 5	sermon_sentence	sentence_083	79	86	111	118	False	41	0	0	Hand-reviewed against the source PDF; transcription accepted or corrected.		Inau katalan inni bog choa ṣaan a tataap.	
section_16_second_sermon_sentence_084	16	Second Sermon: 1 Timothy ii. 5	sermon_sentence	sentence_084	79	86	111	118	False	82	0	0	Hand-reviewed against the source PDF; transcription accepted or corrected.		Oedan, ja alli papaḡa mato a otsiri maibas o bachor, marmimi ja lummido i ta Deos?	
section_16_second_sermon_sentence_085	16	Second Sermon: 1 Timothy ii. 5	sermon_sentence	sentence_085	79	86	111	118	False	217	0	0	Hand-reviewed against the source PDF; transcription accepted or corrected.		Pagatomma macharrieb, ṣo-o pa itan choa boa, inau itan-ṣar choa tataap, torroden ja choa aba, ṣo-o barra inni tassono boesum ṣo-o tapos choa rará, inni tataap o tapos o ta, a abas, ṣo-o mini tapos ai lallum choa baan.	
section_16_second_sermon_sentence_086	16	Second Sermon: 1 Timothy ii. 5	sermon_sentence	sentence_086	79	86	111	118	False	85	0	0	Hand-reviewed against the source PDF; transcription accepted or corrected.		Kanatorroa, chummod romaroman a chono ai mautsiri i ta Deos, moeda choa boa ja morra?	
section_16_second_sermon_sentence_087	16	Second Sermon: 1 Timothy ii. 5	sermon_sentence	sentence_087	79	86	111	118	False	63	0	0	Hand-reviewed against the source PDF; transcription accepted or corrected.		Tummaam ina, alla maunionis a ḡa ta Deos, alli maibas o babosa.	
section_16_second_sermon_sentence_088	16	Second Sermon: 1 Timothy ii. 5	sermon_sentence	sentence_088	79	86	111	118	False	73	0	0	Hand-reviewed against the source PDF; transcription accepted or corrected.		Pa ja charri o ai de boesum, lallum rabbo, de ta, ja de abas maibas icho.	
section_16_second_sermon_sentence_089	16	Second Sermon: 1 Timothy ii. 5	sermon_sentence	sentence_089	79	86	111	118	False	75	0	0	Hand-reviewed against the source PDF; transcription accepted or corrected.		Pa itan, pa ṣiddo-on choa boa maibas o bogṣar, inau tsjes o auchos ta Deos.	
section_16_second_sermon_sentence_090	16	Second Sermon: 1 Timothy ii. 5	sermon_sentence	sentence_090	79	86	111	118	False	43	0	0	Hand-reviewed against the source PDF; transcription accepted or corrected.		Pa oot, oḡḡach, taḡḡa boa, bog-ṣar icho pa.	
section_16_second_sermon_sentence_091	16	Second Sermon: 1 Timothy ii. 5	sermon_sentence	sentence_091	79	86	111	118	False	20	0	0	Hand-reviewed against the source PDF; transcription accepted or corrected.		Aisasa pa ṣisi icho.	
section_16_second_sermon_sentence_092	16	Second Sermon: 1 Timothy ii. 5	sermon_sentence	sentence_092	79	86	111	118	False	41	0	0	Hand-reviewed against the source PDF; transcription accepted or corrected.		Pinaga taulaulan tinnaam o mini tapos ai.	
section_16_second_sermon_sentence_093	16	Second Sermon: 1 Timothy ii. 5	sermon_sentence	sentence_093	79	86	111	118	False	70	0	0	Hand-reviewed against the source PDF; transcription accepted or corrected.		Acho ja boesum, pagaga ta, pagaga abas, pagaga cho, pagaga tapos o ai.	
section_16_second_sermon_sentence_094	16	Second Sermon: 1 Timothy ii. 5	sermon_sentence	sentence_094	79	86	111	118	False	97	0	0	Hand-reviewed against the source PDF; transcription accepted or corrected.		Alli inerien-ṣar, alli moribal choa ḡa, machonṣar o taulaulan, pagatomma moribal o mini tapos ai.	
section_16_second_sermon_sentence_095	16	Second Sermon: 1 Timothy ii. 5	sermon_sentence	sentence_095	79	86	111	118	False	15	0	0	Hand-reviewed against the source PDF; transcription accepted or corrected.		Masini ta Deos.	
section_16_second_sermon_sentence_096	16	Second Sermon: 1 Timothy ii. 5	sermon_sentence	sentence_096	79	86	111	118	False	51	0	0	Hand-reviewed against the source PDF; transcription accepted or corrected.		Mai, tomma-da cho mab'o pattite numma ja moud'icho?	
section_16_second_sermon_sentence_097	16	Second Sermon: 1 Timothy ii. 5	sermon_sentence	sentence_097	79	86	111	118	False	115	0	0	Hand-reviewed against the source PDF; transcription accepted or corrected.		Torroa machá alli mab'o mabaddabadd'o zijsja, masini maso mauchus marotul o tummaap o auchos i ta Deos torroa ṣaan.	
section_16_second_sermon_sentence_098	16	Second Sermon: 1 Timothy ii. 5	sermon_sentence	sentence_098	79	86	111	118	False	79	0	0	Hand-reviewed against the source PDF; transcription accepted or corrected.		Natta-ṣar a mario a cho mantas chummod o mabá-da ṣaan o sjam, numm'ija ta Deos.	
section_16_second_sermon_sentence_099	16	Second Sermon: 1 Timothy ii. 5	sermon_sentence	sentence_099	79	86	111	118	False	120	0	0	Hand-reviewed against the source PDF; transcription accepted or corrected.		Natorroa rummi-es tump'icho, ṣo-o machonṣar marmimi, sacha-na tummaam, kamaso milip na-a tumpa, maso qua na-a maba-d'ai.	
section_16_second_sermon_sentence_100	16	Second Sermon: 1 Timothy ii. 5	sermon_sentence	sentence_100	79	86	111	118	False	56	0	0	Hand-reviewed against the source PDF; transcription accepted or corrected.		Masini paba alla mauchus maro ṣo-o macharrieb ab'o Deos.	
section_16_second_sermon_sentence_101	16	Second Sermon: 1 Timothy ii. 5	sermon_sentence	sentence_101	79	86	111	118	False	51	0	0	Hand-reviewed against the source PDF; transcription accepted or corrected.		Bior taulan kanaspat a chachod ai, dem'ija ta Deos.	
section_16_second_sermon_sentence_102	16	Second Sermon: 1 Timothy ii. 5	sermon_sentence	sentence_102	79	86	111	118	False	33	0	0	Hand-reviewed against the source PDF; transcription accepted or corrected.		Abá, alla ta Deos paga de boesum.	
section_16_second_sermon_sentence_103	16	Second Sermon: 1 Timothy ii. 5	sermon_sentence	sentence_103	79	86	111	118	False	48	0	0	Hand-reviewed against the source PDF; transcription accepted or corrected.		Pagaga chaddai, alla choa boa tapen inni boesum.	
section_16_second_sermon_sentence_104	16	Second Sermon: 1 Timothy ii. 5	sermon_sentence	sentence_104	79	86	111	118	False	6	0	0	Hand-reviewed against the source PDF; transcription accepted or corrected.		Maini.	
section_16_second_sermon_sentence_105	16	Second Sermon: 1 Timothy ii. 5	sermon_sentence	sentence_105	79	86	111	118	False	52	0	0	Hand-reviewed against the source PDF; transcription accepted or corrected.		Boesum ṣo-o boesum o boesum ai alli tummaap ichonoë.	
section_16_second_sermon_sentence_106	16	Second Sermon: 1 Timothy ii. 5	sermon_sentence	sentence_106	79	86	111	118	False	55	0	0	Hand-reviewed against the source PDF; transcription accepted or corrected.		Maibas de boesum icho, masini de ta, de abas channumma.	
section_16_second_sermon_sentence_107	16	Second Sermon: 1 Timothy ii. 5	sermon_sentence	sentence_107	79	86	111	118	False	106	0	0	Hand-reviewed against the source PDF; transcription accepted or corrected.		Pa ṣies o choa ḡa, o ai pariaut o mini tapos ai, ṣo-o maibas o choa rima tummattam o boesum, o ta, a abas.	
section_16_second_sermon_sentence_108	16	Second Sermon: 1 Timothy ii. 5	sermon_sentence	sentence_108	79	86	111	118	False	39	0	0	Hand-reviewed against the source PDF; transcription accepted or corrected.		Alli maro ja icho innai atatta cho-ṣar.	
section_16_second_sermon_sentence_109	16	Second Sermon: 1 Timothy ii. 5	sermon_sentence	sentence_109	79	86	111	118	False	58	0	0	Hand-reviewed against the source PDF; transcription accepted or corrected.		Torro patapos morich-ṣar, chumṣar ṣo-o paga inni icho-ech.	
section_16_second_sermon_sentence_110	16	Second Sermon: 1 Timothy ii. 5	sermon_sentence	sentence_110	79	86	111	118	False	143	0	0	Hand-reviewed against the source PDF; transcription accepted or corrected.		Maibas paba ma-ai-aab ta David: ta Deos, machó, pana dema mamobe ina innai joa micho Auchar-ech, ṣo-o pana dema mamobe ina innai oa morra-dech?	
section_16_second_sermon_sentence_111	16	Second Sermon: 1 Timothy ii. 5	sermon_sentence	sentence_111	79	86	111	118	False	50	0	0	Hand-reviewed against the source PDF; transcription accepted or corrected.		Sja ina pana babo moss'i boesum, paga ijo indecho.	
section_16_second_sermon_sentence_112	16	Second Sermon: 1 Timothy ii. 5	sermon_sentence	sentence_112	79	86	111	118	False	47	0	0	Hand-reviewed against the source PDF; transcription accepted or corrected.		Ja páṣar-ra na-boa de rapo ta, itá ijo indecho.	
section_16_second_sermon_sentence_113	16	Second Sermon: 1 Timothy ii. 5	sermon_sentence	sentence_113	79	86	111	118	False	162	0	0	Hand-reviewed against the source PDF; transcription accepted or corrected.		Sja ina morag o chaarṣar o sasaksak o baijan, sja pattodon ina maro de ṣies o abas: indecho channumm'allecho pa-ijor ina joa rima ṣo-o tummattam ina joa kallamas.	
section_16_second_sermon_sentence_114	16	Second Sermon: 1 Timothy ii. 5	sermon_sentence	sentence_114	79	86	111	118	False	87	0	0	Hand-reviewed against the source PDF; transcription accepted or corrected.		Mai, sja paga de ta, de abas channumma ta Deos, annumm'alanni, all'icho paga de boesum?	
section_16_second_sermon_sentence_115	16	Second Sermon: 1 Timothy ii. 5	sermon_sentence	sentence_115	79	86	111	118	False	133	0	0	Hand-reviewed against the source PDF; transcription accepted or corrected.		Abá, all'icho minerien-ṣar o boesum, maibas choa don o gagil, a mato, mauchus ma-adidden, ṣo-o tapos a ballag de lallum alli moribal.	
section_16_second_sermon_sentence_116	16	Second Sermon: 1 Timothy ii. 5	sermon_sentence	sentence_116	79	86	111	118	False	128	0	0	Hand-reviewed against the source PDF; transcription accepted or corrected.		Kasjabaan minerien-ṣar o ta, maibas choa don o ṣassaian, dem'ija paṣos'o babos'o ai moribal, maibas o tapos a ballaḡ de babo ta.	
section_16_second_sermon_sentence_117	16	Second Sermon: 1 Timothy ii. 5	sermon_sentence	sentence_117	79	86	111	118	False	234	0	0	Hand-reviewed against the source PDF; transcription accepted or corrected.		Inau decho pattonan ja o boesum choa ba o rasan, inau ṣummos'i boesum, ṣo-o pait'o choa chachimit matoto; maibas-ṣar pattonan o ta choa tattallas-an o asiel, inau alli pattodon o gagil indecho, pagatomma paga de ta, de abas channumma.	
section_16_second_sermon_sentence_118	16	Second Sermon: 1 Timothy ii. 5	sermon_sentence	sentence_118	79	86	111	118	False	85	0	0	Hand-reviewed against the source PDF; transcription accepted or corrected.		Ka-inipait'o pia tuppo-no pesasa, alla gagil paga, ṣo-o innainumma darrammen ta Deos.	
section_16_second_sermon_sentence_119	16	Second Sermon: 1 Timothy ii. 5	sermon_sentence	sentence_119	79	86	111	118	False	98	0	0	Hand-reviewed against the source PDF; transcription accepted or corrected.		Ummior a-i-jor a nattada tuppo, alla Deos o gagil alli boddo maso paga a natta-da maakammichi-ṣar.	
section_16_second_sermon_sentence_120	16	Second Sermon: 1 Timothy ii. 5	sermon_sentence	sentence_120	79	86	111	118	False	106	0	0	Hand-reviewed against the source PDF; transcription accepted or corrected.		Paga natta-ṣar a Deos, machó ta Paulus tapos chono ai mautsiri i ta Deos o gagil, poetat o mapan Deos-ṣar.	
section_16_second_sermon_sentence_121	16	Second Sermon: 1 Timothy ii. 5	sermon_sentence	sentence_121	79	86	111	118	False	68	0	0	Hand-reviewed against the source PDF; transcription accepted or corrected.		Charri o cho poetat o zijsja, o idas ta Deos, charri o roman o chau.	
section_16_second_sermon_sentence_122	16	Second Sermon: 1 Timothy ii. 5	sermon_sentence	sentence_122	79	86	111	118	False	77	0	0	Hand-reviewed against the source PDF; transcription accepted or corrected.		Charri o roman mauchus bachorren poetat o bottoos, ja ibien, ja loan ta Deos.	
section_16_second_sermon_sentence_123	16	Second Sermon: 1 Timothy ii. 5	sermon_sentence	sentence_123	79	86	111	118	False	39	0	0	Hand-reviewed against the source PDF; transcription accepted or corrected.		Molapp'ija patapos, ṣo-o poetat o baak.	
section_16_second_sermon_sentence_124	16	Second Sermon: 1 Timothy ii. 5	sermon_sentence	sentence_124	79	86	111	118	False	18	0	0	Hand-reviewed against the source PDF; transcription accepted or corrected.		Alli mapan a Deos.	
section_16_second_sermon_sentence_125	16	Second Sermon: 1 Timothy ii. 5	sermon_sentence	sentence_125	79	86	111	118	False	49	0	0	Hand-reviewed against the source PDF; transcription accepted or corrected.		Oedan, Deos o gagil kummasjies a mato, a mabarra.	
section_16_second_sermon_sentence_126	16	Second Sermon: 1 Timothy ii. 5	sermon_sentence	sentence_126	79	86	111	118	False	38	0	0	Hand-reviewed against the source PDF; transcription accepted or corrected.		Pa ja roman maso mato, ja maibas icho.	
section_16_second_sermon_sentence_127	16	Second Sermon: 1 Timothy ii. 5	sermon_sentence	sentence_127	79	86	111	118	False	100	0	0	Hand-reviewed against the source PDF; transcription accepted or corrected.		Choa aba, choa airab, choa barra, choa chachimit kummasjies a mato, o ai alli ilen innaide romanech.	
section_16_second_sermon_sentence_128	16	Second Sermon: 1 Timothy ii. 5	sermon_sentence	sentence_128	79	86	111	118	False	132	0	0	Hand-reviewed against the source PDF; transcription accepted or corrected.		Mai, alla Deos o gagil alli boddo maso paga a natta-da ma-akammichi-ṣar, na-a paita taulan masini: Deos o gagil paga natta ja mapan.	
section_16_second_sermon_sentence_129	16	Second Sermon: 1 Timothy ii. 5	sermon_sentence	sentence_129	79	86	111	118	False	11	0	0	Hand-reviewed against the source PDF; transcription accepted or corrected.		Alli mapan.	
section_16_second_sermon_sentence_130	16	Second Sermon: 1 Timothy ii. 5	sermon_sentence	sentence_130	79	86	111	118	False	103	0	0	Hand-reviewed against the source PDF; transcription accepted or corrected.		Oedan, sja mapan, roman maso mato, roman a-i-jor a mato, ja pagaga tapos maibas-ṣar a mato a ma-abarra.	
section_16_second_sermon_sentence_131	16	Second Sermon: 1 Timothy ii. 5	sermon_sentence	sentence_131	79	86	111	118	False	101	0	0	Hand-reviewed against the source PDF; transcription accepted or corrected.		Pa ja Deos maso mato, pa ja a-i-jor a mato, inau Deos o masini mamarotul a mamaṣabba maibas o babosa.	
section_16_second_sermon_sentence_132	16	Second Sermon: 1 Timothy ii. 5	sermon_sentence	sentence_132	79	86	111	118	False	106	0	0	Hand-reviewed against the source PDF; transcription accepted or corrected.		Allipa channumma mapan a Deos maibasṣar a mato, a mabarra, inau alli matasas kummasjies a mato, a mabarra.	
section_16_second_sermon_sentence_133	16	Second Sermon: 1 Timothy ii. 5	sermon_sentence	sentence_133	79	86	111	118	False	205	0	0	Hand-reviewed against the source PDF; transcription accepted or corrected.		Mai, sja nattaṣar kummasjies a mato, a mabarra, a maba-da ṣaan, makammichi mamatsikan o chummimit o mini tapos ai, maibas o zijsja natta-da matsikap o mini tapos o ta; ṣo-o roman masini pagaga baak o Deos.	
section_16_second_sermon_sentence_134	16	Second Sermon: 1 Timothy ii. 5	sermon_sentence	sentence_134	79	86	111	118	False	197	0	0	Hand-reviewed against the source PDF; transcription accepted or corrected.		Innainumma ummior, alla kummasjies a mato, a mabarra, a maba-da ṣaan paga Deos o gagil, ṣo-o alli boddo maso paga a natta-da ma-akammichi-ṣar, maibas o gagil machó ta Paulus, paga natta-ṣar a Deos.	
section_16_second_sermon_sentence_135	16	Second Sermon: 1 Timothy ii. 5	sermon_sentence	sentence_135	79	86	111	118	False	80	0	0	Hand-reviewed against the source PDF; transcription accepted or corrected.		Me taulan alla na-a ummillaḡ o natorroa-da tuppo ai, tomm'ija Deos o gagil o ai.	
section_16_second_sermon_sentence_136	16	Second Sermon: 1 Timothy ii. 5	sermon_sentence	sentence_136	79	86	111	118	False	66	0	0	Hand-reviewed against the source PDF; transcription accepted or corrected.		Alli madarram ja torro i ta Deos o gagil innai autat torroa micho.	
section_16_second_sermon_sentence_137	16	Second Sermon: 1 Timothy ii. 5	sermon_sentence	sentence_137	79	86	111	118	False	233	0	0	Hand-reviewed against the source PDF; transcription accepted or corrected.		Pagatomma tapos o tataap o mini innai babo pana rapo pait'o choa Airien, alla paga charri obo a ja tsjes, kummasjies a macheer a mabarra, maibas o rará o zijsja paita alla paga zijsja, pagatomma takkoban o rabbo paddabo ja aicho-ech.	
section_16_second_sermon_sentence_138	16	Second Sermon: 1 Timothy ii. 5	sermon_sentence	sentence_138	79	86	111	118	False	60	0	0	Hand-reviewed against the source PDF; transcription accepted or corrected.		Ka-itan o choa, rará ja aṣiel, pagatomma pa itan cho'achieb.	
section_16_second_sermon_sentence_139	16	Second Sermon: 1 Timothy ii. 5	sermon_sentence	sentence_139	79	86	111	118	False	255	0	0	Hand-reviewed against the source PDF; transcription accepted or corrected.		Masini tataap o mini talcho a mato paita alla paga charri o Airien' o ai makkesjap o ummoop o tataap o mini, pagatomma machon-sar o macharrieb icho-ech; ka-itan choa ab'o ṣaan mato, choa barra inni tattorroddaurono choa tataap, pagatomma pa itan choa boa.	
section_16_second_sermon_sentence_140	16	Second Sermon: 1 Timothy ii. 5	sermon_sentence	sentence_140	79	86	111	118	False	134	0	0	Hand-reviewed against the source PDF; transcription accepted or corrected.		Torroa tsjes a ṣaan maspot a tumpa masini, tapos o achieb o ai marotul o morich, o ṣaan, o aba, alli mab'o merien o choa maunis a boa.	
section_16_second_sermon_sentence_141	16	Second Sermon: 1 Timothy ii. 5	sermon_sentence	sentence_141	79	86	111	118	False	272	0	0	Hand-reviewed against the source PDF; transcription accepted or corrected.		Maibas sja talan assaban mato, dem'ija mapan don, ṣo-o don o baak tapos, marotul o babosa, torro poetat ṣo-o pittau o gagil alla pinaga babos'ani pesasa, tamasea minerien o assaban a don micho, inau alli maunis tummoach o assaban ja don, ka-erinen innaide babos'aicho-ech.	
section_16_second_sermon_sentence_142	16	Second Sermon: 1 Timothy ii. 5	sermon_sentence	sentence_142	79	86	111	118	False	355	0	0	Hand-reviewed against the source PDF; transcription accepted or corrected.		Masini ṣabanno torro miall'o boesum, o choa rará, o ta, o abas, achieb o ai mauchus mato, marotul ja tapos o morich ai, o ṣaan, o aba; torro mit'o boesum, o zijsja alli pittol o maamḡach a mabarra maḡarieb, alli mab'o orachan, machon-ṣar tummoach a meodup, alla pattadach ṣo-o parar'o tapos o ta; torro miall'o alá o boesum maibas o tattakkoob a chochcho.	
section_16_second_sermon_sentence_143	16	Second Sermon: 1 Timothy ii. 5	sermon_sentence	sentence_143	79	86	111	118	False	415	0	0	Hand-reviewed against the source PDF; transcription accepted or corrected.		Atassan o mapan rará, maibas o tollalis o chau; torro mit'o zijsja chumpochpod o rará, ṣo-o maukat o choa ri-ó, makkesjap channumma namo poetat ṣo-o pittau o gagil, alla paga charri o Airien, tamase'ani pesasa minerien o tapos ai, ṣo-o taulaulan tumka maibas o choa rima, taulaulan maladik a chummimit o choa barra ṣo-o aba; inau alli maunis tummoach o boesum, o ta, a abas, sja alli erinen innaide roman aicho-ech.	
section_16_second_sermon_sentence_144	16	Second Sermon: 1 Timothy ii. 5	sermon_sentence	sentence_144	79	86	111	118	False	207	0	0	Hand-reviewed against the source PDF; transcription accepted or corrected.		Assánman-a inau ka-itan gagil inni tattorroddaurono tataap, alla paga charri o Airien, o ai attonannan ta Deos, makkesjap i torro babosa poetautat, ṣo-o pittau o gagil o tuppono pesas'o mini, alla paga Deos.	
section_16_second_sermon_sentence_145	16	Second Sermon: 1 Timothy ii. 5	sermon_sentence	sentence_145	79	86	111	118	False	171	0	0	Hand-reviewed against the source PDF; transcription accepted or corrected.		Ta Apostel Paulus pachip o a-i-jor a nattada tuppo, alla, makkesjap o chono ai, kaṣai pana ta Deos, poetautat channumma, alla paga ma-achachád o chono ai kasummad'ichonoë.	
section_16_second_sermon_sentence_146	16	Second Sermon: 1 Timothy ii. 5	sermon_sentence	sentence_146	79	86	111	118	False	97	0	0	Hand-reviewed against the source PDF; transcription accepted or corrected.		Alla paga Deos, paita choa tapos o tataap; tomm'ija paga gagil o Deos, alli mab'o pait'aicho-ies.	
section_16_second_sermon_sentence_147	16	Second Sermon: 1 Timothy ii. 5	sermon_sentence	sentence_147	79	86	111	118	False	179	0	0	Hand-reviewed against the source PDF; transcription accepted or corrected.		Torro miall'o Airien o ai inni tattorrodaurono choa tataap; tomm'ija Airien o mini, moeda choa ḡa ja boa, ṣo-o tapos choa aunis o gagil, pa itan inni tattorroddaurono tataap o ai.	
section_16_second_sermon_sentence_148	16	Second Sermon: 1 Timothy ii. 5	sermon_sentence	sentence_148	79	86	111	118	False	70	0	0	Hand-reviewed against the source PDF; transcription accepted or corrected.		Inau micho babosa maspot a summad'i ta Deos, maibas pab'ija ta Paulus.	
section_16_second_sermon_sentence_149	16	Second Sermon: 1 Timothy ii. 5	sermon_sentence	sentence_149	79	86	111	118	False	105	0	0	Hand-reviewed against the source PDF; transcription accepted or corrected.		Matalam marmimi ja tsjes, indea maspot a ṣummad'i ta Deos, ja de babo ja de rapo; ja de boesum, ja de ta.	
section_16_second_sermon_sentence_150	16	Second Sermon: 1 Timothy ii. 5	sermon_sentence	sentence_150	79	86	111	118	False	46	0	0	Hand-reviewed against the source PDF; transcription accepted or corrected.		Assánman-a na-a ṣaṣummabas o ummillaḡ o micho.	
section_16_second_sermon_sentence_151	16	Second Sermon: 1 Timothy ii. 5	sermon_sentence	sentence_151	79	86	111	118	False	142	0	0	Hand-reviewed against the source PDF; transcription accepted or corrected.		Kapesasa, maspot a maba, alla pa itan ta Deos o machá o bog, tamasea tsjes o auchos, ṣo-o ṣummos'i rará, pan'o ai alli mab'o mababat o babosa.	
section_16_second_sermon_sentence_152	16	Second Sermon: 1 Timothy ii. 5	sermon_sentence	sentence_152	79	86	111	118	False	191	0	0	Hand-reviewed against the source PDF; transcription accepted or corrected.		Inau micho ani pesasa maunis pinas o choa boa ta Deos, ṣo-o pana choa tataap pinachip o choa ranied kabinidoan, inninumma pattas o choa ḡa, patorrod o choa boa, ṣo-o tapos choa aunis o gagil.	
section_16_second_sermon_sentence_153	16	Second Sermon: 1 Timothy ii. 5	sermon_sentence	sentence_153	79	86	111	118	False	397	0	0	Hand-reviewed against the source PDF; transcription accepted or corrected.		Masini ja itan ta Deos maso gagil a chaddik, inni tattorrodaurono choa ranied kabidoan, katalan ja icho inni choa maunis a rará, rará o ai paga maunis choa ála, al'o choa ranied innai choa ḡa, innai choa boa, innai choa maunis a sjiem, inni choa Auchar-ech, ta Spirito Santo, innai choa barra, cho'airab, choa bisse-bissé, cho'atillo, choa bó, choa ri-ó, cho'al-ál, cho-aṣoso, choa tapos o tataap.	
section_16_second_sermon_sentence_154	16	Second Sermon: 1 Timothy ii. 5	sermon_sentence	sentence_154	79	86	111	118	False	99	0	0	Hand-reviewed against the source PDF; transcription accepted or corrected.		Kanarroa-da tuppo pait'o choa boa ta Deos o babosa, maunis a tuppo de ta, maunis a tuppo de boesum.	
section_16_second_sermon_sentence_155	16	Second Sermon: 1 Timothy ii. 5	sermon_sentence	sentence_155	79	86	111	118	False	119	0	0	Hand-reviewed against the source PDF; transcription accepted or corrected.		De ta pait'o choa boa maibas inni tattorroddauron, de boesum maibas o morr'a morra, michoṣar a pattite, o auchos gagil.	
section_16_second_sermon_sentence_156	16	Second Sermon: 1 Timothy ii. 5	sermon_sentence	sentence_156	79	86	111	118	False	113	0	0	Hand-reviewed against the source PDF; transcription accepted or corrected.		De ta icho dummarram o babosa madarram icho maibas inni tattorroddauron, alla madarram o auchos icho inni boesum.	
section_16_second_sermon_sentence_157	16	Second Sermon: 1 Timothy ii. 5	sermon_sentence	sentence_157	79	86	111	118	False	135	0	0	Hand-reviewed against the source PDF; transcription accepted or corrected.		Patorrod ja choa boa inni narroa-da tattorroddaurono de ta, tattorroddaurono choa tataap, ṣo-o tattorroddaurono choa ranied kabinidoan.	
section_16_second_sermon_sentence_158	16	Second Sermon: 1 Timothy ii. 5	sermon_sentence	sentence_158	79	86	111	118	False	51	0	0	Hand-reviewed against the source PDF; transcription accepted or corrected.		Tattorroddaurono tataap o ai paita, alla paga Deos.	
section_16_second_sermon_sentence_159	16	Second Sermon: 1 Timothy ii. 5	sermon_sentence	sentence_159	79	86	111	118	False	219	0	0	Hand-reviewed against the source PDF; transcription accepted or corrected.		Tattorroddaurono kabidoan ranied o ai paba, tomm'ija paga gagil o Deos o mini, numm'ija icho, numma choa airab, numma choa tataap, indema pattodon ja icho: pait'o tarran pana choa boa, pa-i-jor o babosa pana boesum-ech.	
section_16_second_sermon_sentence_160	16	Second Sermon: 1 Timothy ii. 5	sermon_sentence	sentence_160	79	86	111	118	False	161	0	0	Hand-reviewed against the source PDF; transcription accepted or corrected.		Ṣabanno torro babosa inamoos ṣummad'i ta Deos inni narroa-da tattorroddaurono mini, icho tummillaḡ i torroa ṣaan, tummoach i torroa tsjes, ṣo-o patal'o choa boa.	
section_16_second_sermon_sentence_161	16	Second Sermon: 1 Timothy ii. 5	sermon_sentence	sentence_161	79	86	111	118	False	187	0	0	Hand-reviewed against the source PDF; transcription accepted or corrected.		Itá, indea torro maspot a ṣummad'i ta Deos, inni choa tataap, inni tataap o boesum a tapos o ta, ṣo-o maso achaddik inni choa ranied kabinidoan, inni numm'icho pattas ṣo-o pab'o choa boa.	
section_16_second_sermon_sentence_162	16	Second Sermon: 1 Timothy ii. 5	sermon_sentence	sentence_162	79	86	111	118	False	487	0	0	Hand-reviewed against the source PDF; transcription accepted or corrected.		Kabidoan ranied o ai paga bido o Deos pana babosa, bido o ai inácho innai boesum, inni numm'aloddan o babosa, alla machi'o kakossi, ṣo-o mabarr'i ta Deos, alla pacheoach ma-auri-edda-da tsjes, pana tamau o tsjes ai, alla ṣummad'i ta Deos, dummauko o cho'Airien, pittau o gagil o choa boa, ṣo-o poetautat inni choa bó, maibas insini pab'ija ta Paulus, alla babosa maspot a poetautat channumm'inni rió o Deos, a al-ál o tsjes, ṣo-o pittau alla paga ma-achachád o chono ai kaṣummad'ichonoë.	
section_16_second_sermon_sentence_163	16	Second Sermon: 1 Timothy ii. 5	sermon_sentence	sentence_163	79	86	111	118	False	85	0	0	Hand-reviewed against the source PDF; transcription accepted or corrected.		Alli maṣabba ja marotul o charri o ai ta Deos, o ai paga chuppod o gagil o tapos rio.	
section_16_second_sermon_sentence_164	16	Second Sermon: 1 Timothy ii. 5	sermon_sentence	sentence_164	79	86	111	118	False	39	0	0	Hand-reviewed against the source PDF; transcription accepted or corrected.		Boesum a ta ṣo-o choa tapó maunis icho.	
section_16_second_sermon_sentence_165	16	Second Sermon: 1 Timothy ii. 5	sermon_sentence	sentence_165	79	86	111	118	False	56	0	0	Hand-reviewed against the source PDF; transcription accepted or corrected.		Kamabarr'ija tapos o ai, ṣo-o ummoob o tapos choa airab.	
section_16_second_sermon_sentence_166	16	Second Sermon: 1 Timothy ii. 5	sermon_sentence	sentence_166	79	86	111	118	False	118	0	0	Hand-reviewed against the source PDF; transcription accepted or corrected.		Sja merab o chummad o choa ázjies-in, ṣo-o chummoté i decho, makkesjap choa barra, ṣo-o alli ilen innaide charri o ai.	
section_16_second_sermon_sentence_167	16	Second Sermon: 1 Timothy ii. 5	sermon_sentence	sentence_167	79	86	111	118	False	48	0	0	Hand-reviewed against the source PDF; transcription accepted or corrected.		Na-a micho paga chachad, machó, na-a chachummad.	
section_16_second_sermon_sentence_168	16	Second Sermon: 1 Timothy ii. 5	sermon_sentence	sentence_168	79	86	111	118	False	207	0	0	Hand-reviewed against the source PDF; transcription accepted or corrected.		Kasjabaan sja maukat o choa aran, choa sisjiem, sja merab o chummad o choa aukattan a cho, ṣo-o passoso i decho, mapan ja choa aṣoso, de babo, de rapo, lallum abas, de ta, inni boesum ṣo-o alli maḡamḡam pea.	
section_16_second_sermon_sentence_169	16	Second Sermon: 1 Timothy ii. 5	sermon_sentence	sentence_169	79	86	111	118	False	178	0	0	Hand-reviewed against the source PDF; transcription accepted or corrected.		Ta Paulus ṣummoal insini o choa al-ál o tsjes, ṣo-o pattonan o ma-achachad michoṣar a pattite, ma-a-al-ál a ma-ai-a, tamasea kumrar o choa rima, ṣo-o pádabbi o tapos o ai morich.	
section_16_second_sermon_sentence_170	16	Second Sermon: 1 Timothy ii. 5	sermon_sentence	sentence_170	79	86	111	118	False	150	0	0	Hand-reviewed against the source PDF; transcription accepted or corrected.		Pagatomma matasas o babosa de tapos o ta, ṣo-o matapo a cho tapos o assaban a don, matsikap ja choa inochan tallochon a baas, ṣo-o paga rot channumma.	
section_16_second_sermon_sentence_171	16	Second Sermon: 1 Timothy ii. 5	sermon_sentence	sentence_171	79	86	111	118	False	68	0	0	Hand-reviewed against the source PDF; transcription accepted or corrected.		Naida tuppono inochan ino ipaan tapos o babosa de borroch o ta mini?	
section_16_second_sermon_sentence_172	16	Second Sermon: 1 Timothy ii. 5	sermon_sentence	sentence_172	79	86	111	118	False	137	0	0	Hand-reviewed against the source PDF; transcription accepted or corrected.		paga adda, batur, baziep, bo'o baron, mapan a binnan, nauqua, saam, babóno bonna, loan o baron, mapan a mario atsi de abas, de sabbadech.	
section_16_second_sermon_sentence_173	16	Second Sermon: 1 Timothy ii. 5	sermon_sentence	sentence_173	79	86	111	118	False	72	0	0	Hand-reviewed against the source PDF; transcription accepted or corrected.		Ṣo-o azjies tummaramar de roman a ta paga romaroman a inochan channumma.	
section_16_second_sermon_sentence_174	16	Second Sermon: 1 Timothy ii. 5	sermon_sentence	sentence_174	79	86	111	118	False	73	0	0	Hand-reviewed against the source PDF; transcription accepted or corrected.		Marach ja patapos innai maadaldál choa rim'o tapos o ai masabb'ija decho.	
section_16_second_sermon_sentence_175	16	Second Sermon: 1 Timothy ii. 5	sermon_sentence	sentence_175	79	86	111	118	False	173	0	0	Hand-reviewed against the source PDF; transcription accepted or corrected.		Mauromaroman ja choa aṣoso, zikakas, naupoot, dippi, barieg, ṣoë o kakan, barri, oetas, rará, tadách, binnas o bog, a barra, morich o ma-ilip, ṣaan, ába, ṣo-o cheer o tsjes.	
section_16_second_sermon_sentence_176	16	Second Sermon: 1 Timothy ii. 5	sermon_sentence	sentence_176	79	86	111	118	False	167	0	0	Hand-reviewed against the source PDF; transcription accepted or corrected.		Ṣo-o ean o baak o tapos ai, ṣo-o tapos o babosa; ean channumm'o chono ai mautsiri i ta Deos, ṣo-o alli meach'ija icho, inau mabá-ṣar alla maṣabb'o aicho-ies decho-noë.	
section_16_second_sermon_sentence_177	16	Second Sermon: 1 Timothy ii. 5	sermon_sentence	sentence_177	79	86	111	118	False	247	0	0	Hand-reviewed against the source PDF; transcription accepted or corrected.		Masó masanno pape'o aṣosóno choa sisjiem a choa aran, tamaséa madarram icho, poetautat inni choa rio, ṣo-o tallochon meach'ija icho, maibas pab'ija ta Paulus, alla chummad o chono ai kaṣummad'ichonoë, alla paga ma-achachád o choa maaunionis a cho.	
section_16_second_sermon_sentence_178	16	Second Sermon: 1 Timothy ii. 5	sermon_sentence	sentence_178	79	86	111	118	False	123	0	0	Hand-reviewed against the source PDF; transcription accepted or corrected.		Masiniṣar icho pal'i ta Abraham: hai mikkil Abram, paga ina badsig o malam a oa boa, ṣo-o joa micho chachád o mauchus mato.	
section_16_second_sermon_sentence_179	16	Second Sermon: 1 Timothy ii. 5	sermon_sentence	sentence_179	79	86	111	118	False	181	0	0	Hand-reviewed against the source PDF; transcription accepted or corrected.		Chummad o mario a tataap, tataap o babissé a chimit inni choa sisjiem ta Deos, ṣo-o narroa tuppo paga choa chachád inni morich o mini de babo ta ṣo-o a-i-jor a morich o mini boesum.	
section_16_second_sermon_sentence_180	16	Second Sermon: 1 Timothy ii. 5	sermon_sentence	sentence_180	79	86	111	118	False	184	0	0	Hand-reviewed against the source PDF; transcription accepted or corrected.		De babo ta mini chummad o choa bó a tataap a rio, maladik o choa aran, ṣo-o pádabbi o rio choa tsjes-oë, pe'o morich o ma-ilip, binnás, árra, aukat o tsjes, ṣo-o roma-roman choa aṣoso.	
section_16_second_sermon_sentence_181	16	Second Sermon: 1 Timothy ii. 5	sermon_sentence	sentence_181	79	86	111	118	False	158	0	0	Hand-reviewed against the source PDF; transcription accepted or corrected.		Inni rio a al-ál o Deos pinoetat o auchos mario-acho ta David, inau decho pála-ṣar, ta Jehova paḡa na-a micho ma-ararí, alli mamarotul o charri o ai ja ina-e.	
section_16_second_sermon_sentence_182	16	Second Sermon: 1 Timothy ii. 5	sermon_sentence	sentence_182	79	86	111	118	False	75	0	0	Hand-reviewed against the source PDF; transcription accepted or corrected.		Chachad i boesum paga chachad o gagil, o ai ummior a-i-jor a morich o mini.	
section_16_second_sermon_sentence_183	16	Second Sermon: 1 Timothy ii. 5	sermon_sentence	sentence_183	79	86	111	118	False	145	0	0	Hand-reviewed against the source PDF; transcription accepted or corrected.		Innainumma pala ta Christus, itá, matoa mai ja ina, ṣo-o na-a micho chachad rorro-nó ina, alla na-a chummad o atatta cho, kamaibas o choa tataap.	
section_16_second_sermon_sentence_184	16	Second Sermon: 1 Timothy ii. 5	sermon_sentence	sentence_184	79	86	111	118	False	249	0	0	Hand-reviewed against the source PDF; transcription accepted or corrected.		Chachad o mini o maacharrieb aladikkenṣar i boesum ino ean, ṣabanno ta Christus ṣaṣai pacheoach, alla merien o chachalt o cho morich-a, ṣo-o machada ai, ṣo-o tatummoach lallum rabbo maibas o ma-achachált o tapos o cho, ṣo-o ma-achachád o chono Deos.	
section_16_second_sermon_sentence_185	16	Second Sermon: 1 Timothy ii. 5	sermon_sentence	sentence_185	79	86	111	118	False	81	0	0	Hand-reviewed against the source PDF; transcription accepted or corrected.		Assánman-a, alla na-a poṣisi o ranied, ṣo-o paatsikap o atil o ta Paulus imo-noë.	
section_16_second_sermon_sentence_186	16	Second Sermon: 1 Timothy ii. 5	sermon_sentence	sentence_186	79	86	111	118	False	210	0	0	Hand-reviewed against the source PDF; transcription accepted or corrected.		Tuppána narroa-da tuppono mini, o ai pab'ija ta Paulus, alla babosa, tamasea merab o ṣai pana ta Deos, maspot a poetautat inni ta Deos, ṣo-o channumma alla maspot a poetautat inni choa bó, al-ál, a rio o tsjes.	
section_16_second_sermon_sentence_187	16	Second Sermon: 1 Timothy ii. 5	sermon_sentence	sentence_187	79	86	111	118	False	124	0	0	Hand-reviewed against the source PDF; transcription accepted or corrected.		Alli karri-dadaat ta Deos a babosa, machonṣar ribállen, sja marotul o ab'o Deos, marotul o autat inni ta Deos choa tsjes-oë.	
section_16_second_sermon_sentence_188	16	Second Sermon: 1 Timothy ii. 5	sermon_sentence	sentence_188	79	86	111	118	False	117	0	0	Hand-reviewed against the source PDF; transcription accepted or corrected.		Maro innai ta Deos, innai choa bó, innai boesum, ṣo-o morich i boesum o babosa tamasea mautsiri ja lummido i ta Deos.	
section_16_second_sermon_sentence_189	16	Second Sermon: 1 Timothy ii. 5	sermon_sentence	sentence_189	79	86	111	118	False	196	0	0	Hand-reviewed against the source PDF; transcription accepted or corrected.		Na-a pal'o gagil imo, mamoribal inni odum o otsiri oa tsjes-oë, mamarotul i ta Deos, mamarotul o choa bó, mamarotul o chachad i boesum, sja alli pittau o gagil, ṣo-o poetautat inni ta Deos imonoë.	
section_16_second_sermon_sentence_190	16	Second Sermon: 1 Timothy ii. 5	sermon_sentence	sentence_190	79	86	111	118	False	341	0	0	Hand-reviewed against the source PDF; transcription accepted or corrected.		Ṣai malod o choa ranied imoa ta Deos, machaddik ja imo, alla tummoach ṣo-o patál'o choa boa; sja alli machi'o auri-edda, sja madaddo pacheoach pau'icho-ṣar, alla maborr'icho-noë annách, mamachonsar o tállochon choa rais i babó imoa, mamarior imoa inni morich o mini chachalt o kakossi, ṣo-o aii-jor a morich o mini chachalt o chau i gehenna.	
section_16_second_sermon_sentence_191	16	Second Sermon: 1 Timothy ii. 5	sermon_sentence	sentence_191	79	86	111	118	False	124	0	0	Hand-reviewed against the source PDF; transcription accepted or corrected.		Inau decho hai machon-ṣar molappa joa tsjes-oë, hai machon-ṣar mautsiri maibas o loan a binnan o bonna, o ai marotul o ṣaan.	
section_16_second_sermon_sentence_192	16	Second Sermon: 1 Timothy ii. 5	sermon_sentence	sentence_192	79	86	111	118	False	107	0	0	Hand-reviewed against the source PDF; transcription accepted or corrected.		Tuppána, babosa ja imo; imo paga tsjes a ṣaan, alla miall'o Airien inni choa tataap, ṣo-o ṣummad'i ta Deos.	
section_16_second_sermon_sentence_193	16	Second Sermon: 1 Timothy ii. 5	sermon_sentence	sentence_193	79	86	111	118	False	123	0	0	Hand-reviewed against the source PDF; transcription accepted or corrected.		Abanni ja imo choa ranied channumma, o ai maibas o tattorroddauron, alla tatummorrod a chaddik, ṣo-o madarram o gagil icho.	
section_16_second_sermon_sentence_194	16	Second Sermon: 1 Timothy ii. 5	sermon_sentence	sentence_194	79	86	111	118	False	27	0	0	Hand-reviewed against the source PDF; transcription accepted or corrected.		Tomm'ija Deos o gagil o ai?	
section_16_second_sermon_sentence_195	16	Second Sermon: 1 Timothy ii. 5	sermon_sentence	sentence_195	79	86	111	118	False	101	0	0	Hand-reviewed against the source PDF; transcription accepted or corrected.		Ja maddobor o pachip o choa ranied ta Deos, ṣo-o pattas o tatschier o choa boa, alla namo mamadarram.	
section_16_second_sermon_sentence_196	16	Second Sermon: 1 Timothy ii. 5	sermon_sentence	sentence_196	79	86	111	118	False	9	0	0	Hand-reviewed against the source PDF; transcription accepted or corrected.		Icho-noë?	
section_16_second_sermon_sentence_197	16	Second Sermon: 1 Timothy ii. 5	sermon_sentence	sentence_197	79	86	111	118	False	102	0	0	Hand-reviewed against the source PDF; transcription accepted or corrected.		Mai, e-ílla-na, depa moa ummior o autat oa tsjes-oë, hai poetat o joa tsjes charri o tatschier o Deos.	
section_16_second_sermon_sentence_198	16	Second Sermon: 1 Timothy ii. 5	sermon_sentence	sentence_198	79	86	111	118	False	42	0	0	Hand-reviewed against the source PDF; transcription accepted or corrected.		Alli tummaap o ḡá o Deos ma-audum a tsjes.	
section_16_second_sermon_sentence_199	16	Second Sermon: 1 Timothy ii. 5	sermon_sentence	sentence_199	79	86	111	118	False	43	0	0	Hand-reviewed against the source PDF; transcription accepted or corrected.		Chodd'o ranied o Deos, aṣinia o choa atite.	
section_16_second_sermon_sentence_200	16	Second Sermon: 1 Timothy ii. 5	sermon_sentence	sentence_200	79	86	111	118	False	35	0	0	Hand-reviewed against the source PDF; transcription accepted or corrected.		I-jorra o kakirrich kabinido-an ai.	
section_16_second_sermon_sentence_201	16	Second Sermon: 1 Timothy ii. 5	sermon_sentence	sentence_201	79	86	111	118	False	163	0	0	Hand-reviewed against the source PDF; transcription accepted or corrected.		Oetautattana inni o tamau, inni ta sjiem, ṣo-o inni ta Auchar-ech; nattaṣar a gagil o Deos inni natorroada boa, ṣo-o natorroa-da boa inni natta-ṣar a gagil o Deos.	
section_16_second_sermon_sentence_202	16	Second Sermon: 1 Timothy ii. 5	sermon_sentence	sentence_202	79	86	111	118	False	62	0	0	Hand-reviewed against the source PDF; transcription accepted or corrected.		Abá, alla maunionis natorroa-da boa, allipa natorroa Deos-ṣar.	
section_16_second_sermon_sentence_203	16	Second Sermon: 1 Timothy ii. 5	sermon_sentence	sentence_203	79	86	111	118	False	94	0	0	Hand-reviewed against the source PDF; transcription accepted or corrected.		Paḡaḡa maunis a ḡá o tamau, paḡaḡa maunis a ḡa o ta sjiem, paḡaḡa maunis a ḡa o ta Auchar-ech.	
section_16_second_sermon_sentence_204	16	Second Sermon: 1 Timothy ii. 5	sermon_sentence	sentence_204	79	86	111	118	False	204	0	0	Hand-reviewed against the source PDF; transcription accepted or corrected.		Paḡaḡa maunis a airab o tamau, paḡaḡa maunis a airab o ta sjiem, paḡaḡa maunis a airab o ta Auchar-ech, paḡaḡa maunis a barr'o tamau, paḡaḡa maunis a barr'o ta sjiem, paḡaḡa maunis a barr'o ta Auchar-ech.	
section_16_second_sermon_sentence_205	16	Second Sermon: 1 Timothy ii. 5	sermon_sentence	sentence_205	79	86	111	118	False	115	0	0	Hand-reviewed against the source PDF; transcription accepted or corrected.		Paḡaḡa maunis a chachimit o tamau, paḡaḡa maunis a chachimit o ta sjiem, paḡaḡa maunis a chachimit o ta Auchar-ech.	
section_16_second_sermon_sentence_206	16	Second Sermon: 1 Timothy ii. 5	sermon_sentence	sentence_206	79	86	111	118	False	128	0	0	Hand-reviewed against the source PDF; transcription accepted or corrected.		Maibas o tamau, masini ta sjiem, ta Auchar-ech rorró-no paga nattada ḡa o Deos, nattada airab, nattada barra, nattada chachimit.	
section_16_second_sermon_sentence_207	16	Second Sermon: 1 Timothy ii. 5	sermon_sentence	sentence_207	79	86	111	118	False	70	0	0	Hand-reviewed against the source PDF; transcription accepted or corrected.		Marummo ḡa o Deos inni o tamau, inni ta sjiem, ṣo-o inni ta Aucharech.	
section_16_second_sermon_sentence_208	16	Second Sermon: 1 Timothy ii. 5	sermon_sentence	sentence_208	79	86	111	118	False	160	0	0	Hand-reviewed against the source PDF; transcription accepted or corrected.		Masini-ṣar o tamau paga gagil o Deos, ta sjiem paga gagil o Deos, ta Auchar-ech paga gagil o Deos, ṣo-o nattorroa decho alli boddo maso paga a natta-ṣar a Deos.	
section_16_second_sermon_sentence_209	16	Second Sermon: 1 Timothy ii. 5	sermon_sentence	sentence_209	79	86	111	118	False	143	0	0	Hand-reviewed against the source PDF; transcription accepted or corrected.		Maibas pala ta Johannes aran o Jesu Christi; paga natorroa inni boesum, o tamau, ta ranied, a ta Auchar-ech, ṣo-o natorro'o mini paga natta-da.	
section_16_second_sermon_sentence_210	16	Second Sermon: 1 Timothy ii. 5	sermon_sentence	sentence_210	79	86	111	118	False	87	0	0	Hand-reviewed against the source PDF; transcription accepted or corrected.		Masini machó ta sjiem-ech, moa poetautat inni Deos, oetautatta inni na-a boa channumma.	
section_16_second_sermon_sentence_211	16	Second Sermon: 1 Timothy ii. 5	sermon_sentence	sentence_211	79	86	111	118	False	142	0	0	Hand-reviewed against the source PDF; transcription accepted or corrected.		Mai, alla na-a poṣisi o ranied, maibas pineṣas'ina, paga natta-ṣar a Deos, maunis o ai chachimit o tapos, a barra, ṣo-o adas, taulaulan; Amen.	
section_17_third_sermon_sentence_001	17	Third Sermon: Hebrews xi. 6	sermon_sentence	sentence_001	86	91	118	123	False	24	0	0	Hand-reviewed against the source PDF; transcription accepted or corrected.		A Ukattan a ma-akakriél.	
section_17_third_sermon_sentence_002	17	Third Sermon: Hebrews xi. 6	sermon_sentence	sentence_002	86	91	118	123	False	179	0	0	Hand-reviewed against the source PDF; transcription accepted or corrected.		Ta Deos minerien o babosa mabada ṣaan, ṣo-o alappoon ja morra pana boesum ai, alla decho mamiall'o a-lá o boesum, ṣo-o ṣaṣummad'i ta Deos o ma-acharrieb, o ai ṣummos'i boesum-ech.	
section_17_third_sermon_sentence_003	17	Third Sermon: Hebrews xi. 6	sermon_sentence	sentence_003	86	91	118	123	False	69	0	0	Hand-reviewed against the source PDF; transcription accepted or corrected.		Allipa ja talan icho inni isas o bogṣar, inau tsjes o auchos ta Deos.	
section_17_third_sermon_sentence_004	17	Third Sermon: Hebrews xi. 6	sermon_sentence	sentence_004	86	91	118	123	False	98	0	0	Hand-reviewed against the source PDF; transcription accepted or corrected.		Torro maspot a ṣummad'i ta Deos o autat o tsjes-ṣar; torroa ṣaan a tattuppa maspot a tummaap icho.	
section_17_third_sermon_sentence_005	17	Third Sermon: Hebrews xi. 6	sermon_sentence	sentence_005	86	91	118	123	False	200	0	0	Hand-reviewed against the source PDF; transcription accepted or corrected.		Maibas pab'ija ta Apostel Paulus aran o Jesu Christi inni cho'atite o miniṣar: tamasea ṣai pana ta Deos, maspot a poetautat alla paḡa icho-ṣar, ṣo-o alla paḡa ma-achachad o chono ai kaṣummad'icho-noë.	
section_17_third_sermon_sentence_006	17	Third Sermon: Hebrews xi. 6	sermon_sentence	sentence_006	86	91	118	123	False	104	0	0	Hand-reviewed against the source PDF; transcription accepted or corrected.		Itá, sja torro mai pana ta Deos, sja merab o ṣummad'o gagil icho torro maspot a poetautat inni choa boa.	
section_17_third_sermon_sentence_007	17	Third Sermon: Hebrews xi. 6	sermon_sentence	sentence_007	86	91	118	123	False	32	0	0	Hand-reviewed against the source PDF; transcription accepted or corrected.		Maspot a poetautat inni choa bó.	
section_17_third_sermon_sentence_008	17	Third Sermon: Hebrews xi. 6	sermon_sentence	sentence_008	86	91	118	123	False	111	0	0	Hand-reviewed against the source PDF; transcription accepted or corrected.		Torro maspot a poetautat alla gagil paga icho-ṣar, alla chummad, ṣo-o mabono tapos chono ai, kaṣummad'icho-noë.	
section_17_third_sermon_sentence_009	17	Third Sermon: Hebrews xi. 6	sermon_sentence	sentence_009	86	91	118	123	False	32	0	0	Hand-reviewed against the source PDF; transcription accepted or corrected.		Tamasea ṣai pana ta Deos, machó.	
section_17_third_sermon_sentence_010	17	Third Sermon: Hebrews xi. 6	sermon_sentence	sentence_010	86	91	118	123	False	94	0	0	Hand-reviewed against the source PDF; transcription accepted or corrected.		Maibas o babosa ṣai pana ta Deos, masini channumma ta Deos ṣai pana babosa, ṣo-o karri-dadaat.	
section_17_third_sermon_sentence_011	17	Third Sermon: Hebrews xi. 6	sermon_sentence	sentence_011	86	91	118	123	False	78	0	0	Hand-reviewed against the source PDF; transcription accepted or corrected.		Moeda babosa ṣai pana ta Deos, ja mababat o aṣiel-ṣar, alla dummaat i ta Deos?	
section_17_third_sermon_sentence_012	17	Third Sermon: Hebrews xi. 6	sermon_sentence	sentence_012	86	91	118	123	False	6	0	0	Hand-reviewed against the source PDF; transcription accepted or corrected.		Maini.	
section_17_third_sermon_sentence_013	17	Third Sermon: Hebrews xi. 6	sermon_sentence	sentence_013	86	91	118	123	False	87	0	0	Hand-reviewed against the source PDF; transcription accepted or corrected.		Alli dummaat icho-noë bog a boa, inau tsjes o auchos ta Deos, o ai pa itan pa ṣiddo-on.	
section_17_third_sermon_sentence_014	17	Third Sermon: Hebrews xi. 6	sermon_sentence	sentence_014	86	91	118	123	False	75	0	0	Hand-reviewed against the source PDF; transcription accepted or corrected.		Tamasea merab o ṣai pana ta Deos, maspot a ummallappono tsjes pau'icho-ṣar.	
section_17_third_sermon_sentence_015	17	Third Sermon: Hebrews xi. 6	sermon_sentence	sentence_015	86	91	118	123	False	196	0	0	Hand-reviewed against the source PDF; transcription accepted or corrected.		Paga tsjes o auchos ta Deos, ṣo-o tamau o tsjes ai, tamasea pinaisas'o torroa tsjes-oë ani pesasa, ka bao inerienṣar o babosá, ṣo-o acho kinummossi, madarram i ta Deos, ṣo-o maukat par'icho tsjes.	
section_17_third_sermon_sentence_016	17	Third Sermon: Hebrews xi. 6	sermon_sentence	sentence_016	86	91	118	123	False	45	0	0	Hand-reviewed against the source PDF; transcription accepted or corrected.		Kasag-á kinummossi inni ta Adam torroa tsjes.	
section_17_third_sermon_sentence_017	17	Third Sermon: Hebrews xi. 6	sermon_sentence	sentence_017	86	91	118	123	False	216	0	0	Hand-reviewed against the source PDF; transcription accepted or corrected.		Innai kakossi tsinummoach o maunis a airab, innai maunis a airab ázjies o Deos, innai ázjies ikkil o Deos, innai ikkil auri-edd'o ta Deos, innai auri-edda au-ach o Deos, innai au-ach ma-audum a tsjes o otsiri o Deos.	
section_17_third_sermon_sentence_018	17	Third Sermon: Hebrews xi. 6	sermon_sentence	sentence_018	86	91	118	123	False	158	0	0	Hand-reviewed against the source PDF; transcription accepted or corrected.		Masini riballen inau kakossi ta Deos a babosa, tamasea marorro ani pesasa; minori-edda ja tsjes i ta Deos cho'Airien, ṣo-o kaminatis o áb'o ṣaan, o áb'o Deos.	
section_17_third_sermon_sentence_019	17	Third Sermon: Hebrews xi. 6	sermon_sentence	sentence_019	86	91	118	123	False	147	0	0	Hand-reviewed against the source PDF; transcription accepted or corrected.		Innainumma ummior all'ababád o babosa pana ta Deos paga acheoach o tsjes pana choa aisasa ja cho'Airien, innai tamasea minobe ma-auri-eddada tsjes.	
section_17_third_sermon_sentence_020	17	Third Sermon: Hebrews xi. 6	sermon_sentence	sentence_020	86	91	118	123	False	158	0	0	Hand-reviewed against the source PDF; transcription accepted or corrected.		Maspot a mabá taulan o pia, alla babos'o ai mautsiri o gagil o Deos, ṣo-o channumma mikkil o choa rais inau kakossi ka-ilen-ṣar maunis o mababat pana ta Deos.	
section_17_third_sermon_sentence_021	17	Third Sermon: Hebrews xi. 6	sermon_sentence	sentence_021	86	91	118	123	False	115	0	0	Hand-reviewed against the source PDF; transcription accepted or corrected.		Makapos a tsjes ai alli miall'i ta Deos inni choa tataap, mautsiri o cho'Airien, mautsiri o tarran ai pana ta Deos.	
section_17_third_sermon_sentence_022	17	Third Sermon: Hebrews xi. 6	sermon_sentence	sentence_022	86	91	118	123	False	306	0	0	Hand-reviewed against the source PDF; transcription accepted or corrected.		Torro babos'alli meaab o ṣummad'i ta Deos, alli meaab o mai pan'ichoṣar, molapp'ija patapos, ṣo-o ummior o autat o baak; maibas o ma-aijaab ta David rummé o otsiri o cho: ta Deos macho innai boesum minitirpono sisjiem o babosa, sja charri o cho macheer a tsjes, o ai ṣummad'i ta Deos: minolapp'ija patapos.	
section_17_third_sermon_sentence_023	17	Third Sermon: Hebrews xi. 6	sermon_sentence	sentence_023	86	91	118	123	False	49	0	0	Hand-reviewed against the source PDF; transcription accepted or corrected.		Paga choa tattuppa tapos: pagaga ta Deos chaddai.	
section_17_third_sermon_sentence_024	17	Third Sermon: Hebrews xi. 6	sermon_sentence	sentence_024	86	91	118	123	False	202	0	0	Hand-reviewed against the source PDF; transcription accepted or corrected.		Inau micho ta Deos ani pesasa maddobor o pab'o choa boa, ṣo-o patorrod inni choa ranied kabinidoan, inninumm'icho pinattas o choa maunis a ḡa, pakaukau ṣo-o palod o babos'alla ṣai pacheoach pan'ichoṣar.	
section_17_third_sermon_sentence_025	17	Third Sermon: Hebrews xi. 6	sermon_sentence	sentence_025	86	91	118	123	False	390	0	0	Hand-reviewed against the source PDF; transcription accepted or corrected.		Gagil ta Deos meaab o ṣummad'o babosa, meaab o ṣai pana torro boa, pait'o tarran, tummono choa rima, alla pa-i-jor i namo pana choa boa, maibas palaṣar inni ta ma-aijaab Esaias; katalan ja ina machó, innai chono ai paḡa chinummod innai ina-e, katalan ja ina innai chono ai paḡa ṣinummad'ina: ṣo-o o chono ai, paḡa minarach o na-a naan, pinala ja ina: itá, insini ja ina, itá, insini ja ina.	
section_17_third_sermon_sentence_026	17	Third Sermon: Hebrews xi. 6	sermon_sentence	sentence_026	86	91	118	123	False	67	0	0	Hand-reviewed against the source PDF; transcription accepted or corrected.		Masini aloddan, ṣo-o maibas kattoon o babosa ṣai icho pana ta Deos.	
section_17_third_sermon_sentence_027	17	Third Sermon: Hebrews xi. 6	sermon_sentence	sentence_027	86	91	118	123	False	123	0	0	Hand-reviewed against the source PDF; transcription accepted or corrected.		Kasjabaan ta Deos channumma ṣai pana babosa, michoṣar a pattite, tummoach o tsjes, dummaat o babos'o choa bó, al-ál, a rió.	
section_17_third_sermon_sentence_028	17	Third Sermon: Hebrews xi. 6	sermon_sentence	sentence_028	86	91	118	123	False	156	0	0	Hand-reviewed against the source PDF; transcription accepted or corrected.		Ka ochal paita moeda babosa ṣai pana ta Deos, assánman-a na'-a-ummillaḡ o narroa tuppono ai ta Apostel Paulus paatsikap o chono ai merab o ṣai pana ta Deos.	
section_17_third_sermon_sentence_029	17	Third Sermon: Hebrews xi. 6	sermon_sentence	sentence_029	86	91	118	123	False	127	0	0	Hand-reviewed against the source PDF; transcription accepted or corrected.		Tamasea ṣai pana ta Deos machó, maspot a poetautat alla paga ichoṣar, ṣo-o alla paga ma-achachád o chono ai, kaṣummad'icho-noë.	
section_17_third_sermon_sentence_030	17	Third Sermon: Hebrews xi. 6	sermon_sentence	sentence_030	86	91	118	123	False	75	0	0	Hand-reviewed against the source PDF; transcription accepted or corrected.		Kapesasa, matsikap o chono ai kaṣai pana ta Deos, poetautat alla paga Deos.	
section_17_third_sermon_sentence_031	17	Third Sermon: Hebrews xi. 6	sermon_sentence	sentence_031	86	91	118	123	False	96	0	0	Hand-reviewed against the source PDF; transcription accepted or corrected.		Gagil o micho; oedan, sja torro marmimi, ja lummido i ta Deos, moeda mamai ja torro pan'ichoṣar?	
section_17_third_sermon_sentence_032	17	Third Sermon: Hebrews xi. 6	sermon_sentence	sentence_032	86	91	118	123	False	103	0	0	Hand-reviewed against the source PDF; transcription accepted or corrected.		Sja alli kamachaggi ṣo-o pittau o gagil i ta Deos, papaga baakṣar torroa autat, annoḡḡonoḡḡo a ai-acha.	
section_17_third_sermon_sentence_033	17	Third Sermon: Hebrews xi. 6	sermon_sentence	sentence_033	86	91	118	123	False	121	0	0	Hand-reviewed against the source PDF; transcription accepted or corrected.		Tuppono pesas'o mini, alla paga Deos, na-a mineaab o paba innai ranied, ṣo-o al'o ta Paulus o mini, paga nattaṣar a Deos.	
section_17_third_sermon_sentence_034	17	Third Sermon: Hebrews xi. 6	sermon_sentence	sentence_034	86	91	118	123	False	51	0	0	Hand-reviewed against the source PDF; transcription accepted or corrected.		Ja achai pittau o gagil, ja machonṣar marmimi imoa?	
section_17_third_sermon_sentence_035	17	Third Sermon: Hebrews xi. 6	sermon_sentence	sentence_035	86	91	118	123	False	121	0	0	Hand-reviewed against the source PDF; transcription accepted or corrected.		Chodd'o tapos o tataap o mini, tataap o boesum, o ta, a abas, ja alli pakaulcau alla paga Deos, ja alli pait'ocho'Airien?	
section_17_third_sermon_sentence_036	17	Third Sermon: Hebrews xi. 6	sermon_sentence	sentence_036	86	91	118	123	False	97	0	0	Hand-reviewed against the source PDF; transcription accepted or corrected.		Chodd'oa maunis oa tsjes; ja alli patorrod o choa isas, choa ab'o ṣaan ta Deos inni torroa tsjes?	
section_17_third_sermon_sentence_037	17	Third Sermon: Hebrews xi. 6	sermon_sentence	sentence_037	86	91	118	123	False	45	0	0	Hand-reviewed against the source PDF; transcription accepted or corrected.		O ai minerien ṣo-o pinaal-lá o mini tapos ai.	
section_17_third_sermon_sentence_038	17	Third Sermon: Hebrews xi. 6	sermon_sentence	sentence_038	86	91	118	123	False	80	0	0	Hand-reviewed against the source PDF; transcription accepted or corrected.		Pagatomma itan choa aba ṣo-o barra, pagaga aban chaddai, tomm'ija Airien o mini.	
section_17_third_sermon_sentence_039	17	Third Sermon: Hebrews xi. 6	sermon_sentence	sentence_039	86	91	118	123	False	177	0	0	Hand-reviewed against the source PDF; transcription accepted or corrected.		Kapapoetautach-ṣar o Auchos ma-acharrieb Airien o ai, sja alli pinachip o choa ranied ta Deos, sja inni choa atite kabinidoan anibaas alli pinattas o tatschier o choa micho boa.	
section_17_third_sermon_sentence_040	17	Third Sermon: Hebrews xi. 6	sermon_sentence	sentence_040	86	91	118	123	False	544	0	0	Hand-reviewed against the source PDF; transcription accepted or corrected.		Masini-ṣar ḡa o Deos o ma-acharrieb ipatorrod inni choa ranied kabinidoan, maibas inni tattorroddauro-no, alla torro mamialla, ṣo-o mamadarram o gagil icho; o ai pinab'o choa boa, ṣo-o minaunis-oala, alla choa ḡa, paga ḡa o tsjesṣar, o ai alli moribal, pa aisasa, pa ṣisi-ech kummasjies a mato, pa ṣies o choa boa, kummasjies a maba-da ṣaan, a mario, machijmchimit a tsjes, kamabarr'ija tapos o ai, Airien o boesum, o ta, a abas, o ai inni natorroa-da boa paga natta-ṣar a Deos, o tamau, ta sjiem, ṣo-o ta auchar o ma-áchimit, ta Spirito Santo.	
section_17_third_sermon_sentence_041	17	Third Sermon: Hebrews xi. 6	sermon_sentence	sentence_041	86	91	118	123	False	39	0	0	Hand-reviewed against the source PDF; transcription accepted or corrected.		Mai, ja chummod imoa, numm'ija ta Deos?	
section_17_third_sermon_sentence_042	17	Third Sermon: Hebrews xi. 6	sermon_sentence	sentence_042	86	91	118	123	False	118	0	0	Hand-reviewed against the source PDF; transcription accepted or corrected.		Abá, alla tsjes o auchos icho, choa ḡa gagil ḡa o tsjes, o ai alli rorró-no aarpanni innai bog a tsjes mabas o babosa.	
section_17_third_sermon_sentence_043	17	Third Sermon: Hebrews xi. 6	sermon_sentence	sentence_043	86	91	118	123	False	152	0	0	Hand-reviewed against the source PDF; transcription accepted or corrected.		Innainumma ummior, alla pa itan, pa ṣiddo-on, pa adonṣar choa ḡa, mabas o bog-ṣar, alla patassaban, pa taḡḡoḡon, pa man, micham, ṣummarra, mababat icho.	
section_17_third_sermon_sentence_044	17	Third Sermon: Hebrews xi. 6	sermon_sentence	sentence_044	86	91	118	123	False	235	0	0	Hand-reviewed against the source PDF; transcription accepted or corrected.		Oedan, inau maunis a ḡa, maunis channumma choa tsjes, alli maibas o tsjes o cho, maunis choa airab, choa tattuppa, choa barra, choa tapos o tataap; maibas pala-ṣar: na-a tattuppa paḡaḡa joa tattuppa, ṣo-o joa tarran pagaga na-a tarran.	
section_17_third_sermon_sentence_045	17	Third Sermon: Hebrews xi. 6	sermon_sentence	sentence_045	86	91	118	123	False	114	0	0	Hand-reviewed against the source PDF; transcription accepted or corrected.		Mai, maibas o boesum maso maro a ta, masini na-a tarran maso maro a joa tarran, ṣo-o na-a tattuppa a joa tattuppa.	
section_17_third_sermon_sentence_046	17	Third Sermon: Hebrews xi. 6	sermon_sentence	sentence_046	86	91	118	123	False	81	0	0	Hand-reviewed against the source PDF; transcription accepted or corrected.		Torro babosa sja alli man, ṣo-o paan o bog atatta zijsja, alli mamilip ja morich.	
section_17_third_sermon_sentence_047	17	Third Sermon: Hebrews xi. 6	sermon_sentence	sentence_047	86	91	118	123	False	30	0	0	Hand-reviewed against the source PDF; transcription accepted or corrected.		Ta Deos alli maṣabb'o inochan.	
section_17_third_sermon_sentence_048	17	Third Sermon: Hebrews xi. 6	sermon_sentence	sentence_048	86	91	118	123	False	76	0	0	Hand-reviewed against the source PDF; transcription accepted or corrected.		Paga morich ai inni icho-ṣar, maibas inni zijsja-da rará, inni chuppod o to.	
section_17_third_sermon_sentence_049	17	Third Sermon: Hebrews xi. 6	sermon_sentence	sentence_049	86	91	118	123	False	52	0	0	Hand-reviewed against the source PDF; transcription accepted or corrected.		Tapos o bog paga choa raag, ṣo-o atatta raag maunis.	
section_17_third_sermon_sentence_050	17	Third Sermon: Hebrews xi. 6	sermon_sentence	sentence_050	86	91	118	123	False	24	0	0	Hand-reviewed against the source PDF; transcription accepted or corrected.		Dem'ija ri, pa ja chaan.	
section_17_third_sermon_sentence_051	17	Third Sermon: Hebrews xi. 6	sermon_sentence	sentence_051	86	91	118	123	False	26	0	0	Hand-reviewed against the source PDF; transcription accepted or corrected.		Dem'ija charrina pa machá.	
section_17_third_sermon_sentence_052	17	Third Sermon: Hebrews xi. 6	sermon_sentence	sentence_052	86	91	118	123	False	26	0	0	Hand-reviewed against the source PDF; transcription accepted or corrected.		Dem'ija oeno, pa ja aṣiel.	
section_17_third_sermon_sentence_053	17	Third Sermon: Hebrews xi. 6	sermon_sentence	sentence_053	86	91	118	123	False	28	0	0	Hand-reviewed against the source PDF; transcription accepted or corrected.		Bog o mato paga raag o mato.	
section_17_third_sermon_sentence_054	17	Third Sermon: Hebrews xi. 6	sermon_sentence	sentence_054	86	91	118	123	False	17	0	0	Hand-reviewed against the source PDF; transcription accepted or corrected.		Kotsi, kotsi-ṣar.	
section_17_third_sermon_sentence_055	17	Third Sermon: Hebrews xi. 6	sermon_sentence	sentence_055	86	91	118	123	False	71	0	0	Hand-reviewed against the source PDF; transcription accepted or corrected.		Ta Deos alli maibas; pagatomma kummasjies a mato, paḡaḡa raag icho-ṣar.	
section_17_third_sermon_sentence_056	17	Third Sermon: Hebrews xi. 6	sermon_sentence	sentence_056	86	91	118	123	False	70	0	0	Hand-reviewed against the source PDF; transcription accepted or corrected.		Paḡaḡa charri o choa raag de boesum, charri o de ta, charri o de abas.	
section_17_third_sermon_sentence_057	17	Third Sermon: Hebrews xi. 6	sermon_sentence	sentence_057	86	91	118	123	False	61	0	0	Hand-reviewed against the source PDF; transcription accepted or corrected.		Rorró-no a ma-arummo-i o paga de boesum, de ta, de abas icho.	
section_17_third_sermon_sentence_058	17	Third Sermon: Hebrews xi. 6	sermon_sentence	sentence_058	86	91	118	123	False	77	0	0	Hand-reviewed against the source PDF; transcription accepted or corrected.		Torro babosa paga ranied o pattite, charrin'o aṣini, macho ita, rim'o tataap.	
section_17_third_sermon_sentence_059	17	Third Sermon: Hebrews xi. 6	sermon_sentence	sentence_059	86	91	118	123	False	35	0	0	Hand-reviewed against the source PDF; transcription accepted or corrected.		Pa ranied icho, ṣo-o mab'o pattite.	
section_17_third_sermon_sentence_060	17	Third Sermon: Hebrews xi. 6	sermon_sentence	sentence_060	86	91	118	123	False	65	0	0	Hand-reviewed against the source PDF; transcription accepted or corrected.		Pa charrina, ṣo-o maṣini o tapos ai pa macha ṣo-o mit'o tapos ai.	
section_17_third_sermon_sentence_061	17	Third Sermon: Hebrews xi. 6	sermon_sentence	sentence_061	86	91	118	123	False	39	0	0	Hand-reviewed against the source PDF; transcription accepted or corrected.		Allipa charri o ai macharrieb icho-ṣar.	
section_17_third_sermon_sentence_062	17	Third Sermon: Hebrews xi. 6	sermon_sentence	sentence_062	86	91	118	123	False	53	0	0	Hand-reviewed against the source PDF; transcription accepted or corrected.		Pa tea, ja rima, ṣo-o tummaap a tummattam o tapos ai.	
section_17_third_sermon_sentence_063	17	Third Sermon: Hebrews xi. 6	sermon_sentence	sentence_063	86	91	118	123	False	40	0	0	Hand-reviewed against the source PDF; transcription accepted or corrected.		Tapos o bog paga choa ṣies, ṣo-o ootten.	
section_17_third_sermon_sentence_064	17	Third Sermon: Hebrews xi. 6	sermon_sentence	sentence_064	86	91	118	123	False	98	0	0	Hand-reviewed against the source PDF; transcription accepted or corrected.		Sja torro paga de don, maibasṣar a rorró alli paga de ta, ja de bonna, inau tapen ja bog inde don.	
section_17_third_sermon_sentence_065	17	Third Sermon: Hebrews xi. 6	sermon_sentence	sentence_065	86	91	118	123	False	64	0	0	Hand-reviewed against the source PDF; transcription accepted or corrected.		Pa ootten ta Deos, pa tapen inni boesum icho, paṣies o choa boa.	
section_17_third_sermon_sentence_066	17	Third Sermon: Hebrews xi. 6	sermon_sentence	sentence_066	86	91	118	123	False	59	0	0	Hand-reviewed against the source PDF; transcription accepted or corrected.		Alli alanni innai icho-ṣar, pa insini, pa ai-i, pa indecho.	
section_17_third_sermon_sentence_067	17	Third Sermon: Hebrews xi. 6	sermon_sentence	sentence_067	86	91	118	123	False	70	0	0	Hand-reviewed against the source PDF; transcription accepted or corrected.		Rorró-no paga de ta, de abas, de boesum icho, ṣo-o pariaut o tapos ai.	
section_17_third_sermon_sentence_068	17	Third Sermon: Hebrews xi. 6	sermon_sentence	sentence_068	86	91	118	123	False	82	0	0	Hand-reviewed against the source PDF; transcription accepted or corrected.		Maibas-ṣar maunis-o-al'innai choa boa: ja alli a Deos ina de maro, ṣo-o a chaddik.	
section_17_third_sermon_sentence_069	17	Third Sermon: Hebrews xi. 6	sermon_sentence	sentence_069	86	91	118	123	False	34	0	0	Hand-reviewed against the source PDF; transcription accepted or corrected.		Ja ina alli pariaut o boesum a ta?	
section_17_third_sermon_sentence_070	17	Third Sermon: Hebrews xi. 6	sermon_sentence	sentence_070	86	91	118	123	False	55	0	0	Hand-reviewed against the source PDF; transcription accepted or corrected.		Ḡa o Deos alli moribal, inau alli inerien-ṣar choa boa.	
section_17_third_sermon_sentence_071	17	Third Sermon: Hebrews xi. 6	sermon_sentence	sentence_071	86	91	118	123	False	77	0	0	Hand-reviewed against the source PDF; transcription accepted or corrected.		Allipa charri o ai pinaisas'icho, mautsiri o dig, alli chipassanan, mach'ija.	
section_17_third_sermon_sentence_072	17	Third Sermon: Hebrews xi. 6	sermon_sentence	sentence_072	86	91	118	123	False	91	0	0	Hand-reviewed against the source PDF; transcription accepted or corrected.		Machon-ṣar o tautaulan, maibas ani tautaulan alli ṣummoos, alli moab, alli ipachip choa to.	
section_17_third_sermon_sentence_073	17	Third Sermon: Hebrews xi. 6	sermon_sentence	sentence_073	86	91	118	123	False	30	0	0	Hand-reviewed against the source PDF; transcription accepted or corrected.		Kamaro innai otsiri ja bachor.	
section_17_third_sermon_sentence_074	17	Third Sermon: Hebrews xi. 6	sermon_sentence	sentence_074	86	91	118	123	False	49	0	0	Hand-reviewed against the source PDF; transcription accepted or corrected.		Chuppod o ṣaan, a tapos o aba paga inni icho-ech.	
section_17_third_sermon_sentence_075	17	Third Sermon: Hebrews xi. 6	sermon_sentence	sentence_075	86	91	118	123	False	106	0	0	Hand-reviewed against the source PDF; transcription accepted or corrected.		Alli mab'o sasalla ja tattosik, alli mab'o parapies, mabisse a tsjes o auchos icho, ṣo-o makammichi mario.	
section_17_third_sermon_sentence_076	17	Third Sermon: Hebrews xi. 6	sermon_sentence	sentence_076	86	91	118	123	False	46	0	0	Hand-reviewed against the source PDF; transcription accepted or corrected.		Tapos o boesum, o ta, a abas matapo a choa bo.	
section_17_third_sermon_sentence_077	17	Third Sermon: Hebrews xi. 6	sermon_sentence	sentence_077	86	91	118	123	False	51	0	0	Hand-reviewed against the source PDF; transcription accepted or corrected.		Alli marotul choa barra, ummoop o tapos choa airab.	
section_17_third_sermon_sentence_078	17	Third Sermon: Hebrews xi. 6	sermon_sentence	sentence_078	86	91	118	123	False	24	0	0	Hand-reviewed against the source PDF; transcription accepted or corrected.		Alli ilen, alli orachan.	
section_17_third_sermon_sentence_079	17	Third Sermon: Hebrews xi. 6	sermon_sentence	sentence_079	86	91	118	123	False	97	0	0	Hand-reviewed against the source PDF; transcription accepted or corrected.		Innai pagaga chaddai mimerienṣar o boesum, o ta, a abas, inau choa airab kamabarr'ija tapos o ai.	
section_17_third_sermon_sentence_080	17	Third Sermon: Hebrews xi. 6	sermon_sentence	sentence_080	86	91	118	123	False	52	0	0	Hand-reviewed against the source PDF; transcription accepted or corrected.		Pattite icho, ṣo-o erinen ai; pattillo ṣo-o paga ai.	
section_17_third_sermon_sentence_081	17	Third Sermon: Hebrews xi. 6	sermon_sentence	sentence_081	86	91	118	123	False	66	0	0	Hand-reviewed against the source PDF; transcription accepted or corrected.		Talcho a mato a matasso Deos o gagil, ṣo-o tapos ai inni choa boa.	
section_17_third_sermon_sentence_082	17	Third Sermon: Hebrews xi. 6	sermon_sentence	sentence_082	86	91	118	123	False	113	0	0	Hand-reviewed against the source PDF; transcription accepted or corrected.		Ani tinnaam na-a pala, all'inni ta Deos paga natorroa-da boa, o tamau, ta sjiem, ṣo-o ta Auchar o ma-achimit-ech.	
section_17_third_sermon_sentence_083	17	Third Sermon: Hebrews xi. 6	sermon_sentence	sentence_083	86	91	118	123	False	49	0	0	Hand-reviewed against the source PDF; transcription accepted or corrected.		Matalam poetat imoa, alla paga natorroa Deos-ṣar.	
section_17_third_sermon_sentence_084	17	Third Sermon: Hebrews xi. 6	sermon_sentence	sentence_084	86	91	118	123	False	139	0	0	Hand-reviewed against the source PDF; transcription accepted or corrected.		Oedan, sja Deos o gagil o tamau, Deos o gagil ta sjiem, ṣo-o Deos o gagil ta Auchar-ech, ja natorroa-da bo'o mini allipa natorroa Deos-ṣar?	
section_17_third_sermon_sentence_085	17	Third Sermon: Hebrews xi. 6	sermon_sentence	sentence_085	86	91	118	123	False	34	0	0	Hand-reviewed against the source PDF; transcription accepted or corrected.		Pa, natta-da Deos ma-akammichiṣar.	
section_17_third_sermon_sentence_086	17	Third Sermon: Hebrews xi. 6	sermon_sentence	sentence_086	86	91	118	123	False	303	0	0	Hand-reviewed against the source PDF; transcription accepted or corrected.		Gagil-na, sja o tamau maunis a ḡa o Deos, maunis a airab, maunis a barra, maunis a chachimit, alli maibas ta sjiem, ja ta Aucharech, alla papaga natorroa Deosṣar: pagaga o pia chaddai, inau natorroa-da bo'o micho rorró-no paga natta-da ḡa o Deos, natta-da airab, natta-da barra, ṣo-o natta-da chachimit.	
section_17_third_sermon_sentence_087	17	Third Sermon: Hebrews xi. 6	sermon_sentence	sentence_087	86	91	118	123	False	107	0	0	Hand-reviewed against the source PDF; transcription accepted or corrected.		Marummo ḡa o Deos inni o tamau, marummo ḡa o Deos inni ta sjiem, ṣo-o marummo ḡa o Deos inni ta Auchar-ech.	
section_17_third_sermon_sentence_088	17	Third Sermon: Hebrews xi. 6	sermon_sentence	sentence_088	86	91	118	123	False	64	0	0	Hand-reviewed against the source PDF; transcription accepted or corrected.		Maunionis natorroa boa inni ḡa o Deos, allipa natorroa Deos-ṣar.	
section_17_third_sermon_sentence_089	17	Third Sermon: Hebrews xi. 6	sermon_sentence	sentence_089	86	91	118	123	False	34	0	0	Hand-reviewed against the source PDF; transcription accepted or corrected.		Maunis a boa tamau, o ai pausjiem.	
section_17_third_sermon_sentence_090	17	Third Sermon: Hebrews xi. 6	sermon_sentence	sentence_090	86	91	118	123	False	37	0	0	Hand-reviewed against the source PDF; transcription accepted or corrected.		Maunis a boa ta sjiem, o ai ausjimen.	
section_17_third_sermon_sentence_091	17	Third Sermon: Hebrews xi. 6	sermon_sentence	sentence_091	86	91	118	123	False	67	0	0	Hand-reviewed against the source PDF; transcription accepted or corrected.		Maunis a boa ta Auchar-ech, o ai ṣoss'innai o tamau, ṣo-o ta sjiem.	
section_17_third_sermon_sentence_092	17	Third Sermon: Hebrews xi. 6	sermon_sentence	sentence_092	86	91	118	123	False	161	0	0	Hand-reviewed against the source PDF; transcription accepted or corrected.		Alli maunis a Deos o tamau, alli maunis a Deos ta sjiem, alli maunis a Deos ta Auchar-ech, inau nattorroa bo'o micho rorró-no machon-ṣar inni natta-da ḡa o Deos.	
section_17_third_sermon_sentence_093	17	Third Sermon: Hebrews xi. 6	sermon_sentence	sentence_093	86	91	118	123	False	56	0	0	Hand-reviewed against the source PDF; transcription accepted or corrected.		Tamau machon-ṣar inni ta sjiem, ṣo-o inni ta Auchar-ech.	
section_17_third_sermon_sentence_094	17	Third Sermon: Hebrews xi. 6	sermon_sentence	sentence_094	86	91	118	123	False	48	0	0	Hand-reviewed against the source PDF; transcription accepted or corrected.		Ta sjiem, a ta Auchar-ech machon-ṣar inni tamau.	
section_17_third_sermon_sentence_095	17	Third Sermon: Hebrews xi. 6	sermon_sentence	sentence_095	86	91	118	123	False	64	0	0	Hand-reviewed against the source PDF; transcription accepted or corrected.		Acho pinab'ina moeda naan o tamau, a ta sjiem alanni innai Deos.	
section_17_third_sermon_sentence_096	17	Third Sermon: Hebrews xi. 6	sermon_sentence	sentence_096	86	91	118	123	False	130	0	0	Hand-reviewed against the source PDF; transcription accepted or corrected.		Matalam makakki a marmimi joa tsjes, moeda pausjiem ta Deos, ja naan o tamau, ta sjiem makkesjap icho, ja podda, ja paga ṣini-ṣar?	
section_17_third_sermon_sentence_097	17	Third Sermon: Hebrews xi. 6	sermon_sentence	sentence_097	86	91	118	123	False	39	0	0	Hand-reviewed against the source PDF; transcription accepted or corrected.		Mai, abá, alla maunionis choa pausjiem.	
section_17_third_sermon_sentence_098	17	Third Sermon: Hebrews xi. 6	sermon_sentence	sentence_098	86	91	118	123	False	79	0	0	Hand-reviewed against the source PDF; transcription accepted or corrected.		Alli pausjiem o tamau choa sjiem maibas o babosa, alli podda maibas ṣini o cho.	
section_17_third_sermon_sentence_099	17	Third Sermon: Hebrews xi. 6	sermon_sentence	sentence_099	86	91	118	123	False	80	0	0	Hand-reviewed against the source PDF; transcription accepted or corrected.		Ta sjiem a ta Auchar-ech ṣoss'innai icho-ṣar, maibas o to chumpod innai chuppod.	
section_17_third_sermon_sentence_100	17	Third Sermon: Hebrews xi. 6	sermon_sentence	sentence_100	86	91	118	123	False	151	0	0	Hand-reviewed against the source PDF; transcription accepted or corrected.		Torroa ṣaan alli tummaap o auchos o atil o boesum o mini o ma-acharrieb, mai, alla moa maso maba, na-a mamarach o tatschier innai sijsja ṣo-o tsjes-oë.	
section_17_third_sermon_sentence_101	17	Third Sermon: Hebrews xi. 6	sermon_sentence	sentence_101	86	91	118	123	False	116	0	0	Hand-reviewed against the source PDF; transcription accepted or corrected.		Inni zijsja, paga natorroa tuppo-no mini, aṣiel o zijsja, rará, ṣo-o tadach: inni tsjes paga ṣaan, airab a tattuppa.	
section_17_third_sermon_sentence_102	17	Third Sermon: Hebrews xi. 6	sermon_sentence	sentence_102	86	91	118	123	False	189	0	0	Hand-reviewed against the source PDF; transcription accepted or corrected.		Maibas paga natta-da zijsja, ṣo-o natta-da tsjes inni babosa, ṣo-o inni zijsja, inni tsjes maunis natorroa tuppo, masini paga nattaṣar a Deos, ṣo-o inni ḡa o Deos natorroa maaunionis a boa.	
section_17_third_sermon_sentence_103	17	Third Sermon: Hebrews xi. 6	sermon_sentence	sentence_103	86	91	118	123	False	275	0	0	Hand-reviewed against the source PDF; transcription accepted or corrected.		Maibas o aṣiel o zijsja ṣo-o rara ṣoss'innai, zijsja, ṣaan a airab innai tsjes, ṣo-o alli riballen, machon-ṣar inni zijsa-da, inni tsjes-oë, masini-ṣar ta sjiem, ta Auchar-ech rorró-no ṣoss'innai o tamau, ṣo-o alli riballen innai choa boa, machon-ṣar taulaulan inni icho-ech.	
section_17_third_sermon_sentence_104	17	Third Sermon: Hebrews xi. 6	sermon_sentence	sentence_104	86	91	118	123	False	151	0	0	Hand-reviewed against the source PDF; transcription accepted or corrected.		Maibas o zijsja, aṣiel o zijsja, ṣo-o rará rorró-no paga nattada ḡá, masini-ṣar o tamau, ta sjiem, ṣo-o ta Auchar-ech rorró-no paga natta-da ḡá o Deos.	
section_17_third_sermon_sentence_105	17	Third Sermon: Hebrews xi. 6	sermon_sentence	sentence_105	86	91	118	123	False	283	0	0	Hand-reviewed against the source PDF; transcription accepted or corrected.		Maibas o zijsja alli pinaga tinnaam o choa rará ṣo-o tadach, kapinaga ṣo-o inerien-ṣar maibas-ṣar a rorró aichoies, masiniṣar Deos o tamau alli pinaḡá, pa choa sjiem, pa ta Auchar-ech, alli pinaḡá tinnaam o choa sjiem a ta Auchar-ech, kapinaḡa taulaulan maibas-ṣar a rorró decho-noë.	
section_17_third_sermon_sentence_106	17	Third Sermon: Hebrews xi. 6	sermon_sentence	sentence_106	86	91	118	123	False	126	0	0	Hand-reviewed against the source PDF; transcription accepted or corrected.		Mai, pagatomma maibas-ṣar a rorró dechoa, o tamau paga bo'o pesasa, ta sjiem kanarroa-da boa, ta Auchar-ech kanatorroa-da boa.	
section_17_third_sermon_sentence_107	17	Third Sermon: Hebrews xi. 6	sermon_sentence	sentence_107	86	91	118	123	False	191	0	0	Hand-reviewed against the source PDF; transcription accepted or corrected.		O tamau paga bo'o pesasa, inau choa pausjiem, ṣo-o makkesjap icho naan o tamau, inau pausjiem o gagil, ṣo-o pattonan o ausjimen ai choa maunis, cho'aukattan, choa natta-ṣar a binoddada sjiem.	
section_17_third_sermon_sentence_108	17	Third Sermon: Hebrews xi. 6	sermon_sentence	sentence_108	86	91	118	123	False	294	0	0	Hand-reviewed against the source PDF; transcription accepted or corrected.		Masini-ṣar Deos o gagil pinab'o choa boa, ṣo-o pattillo torro pittau o gagil o choa ranied, alla poetautat inni choa boa inauchus o pia natorroa-da tuppo, ṣo-o inipaba, alla gagil paga ta Deos, alla Deos o gagil alli boddo maso paga a natta-da ma-akammichi-ṣar, ṣo-o tomm'ija Deos o gagil o ai.	
section_17_third_sermon_sentence_109	17	Third Sermon: Hebrews xi. 6	sermon_sentence	sentence_109	86	91	118	123	False	71	0	0	Hand-reviewed against the source PDF; transcription accepted or corrected.		Na-a pinait'o Airien o boesum, o ta, a abas innai choa maunis o tataap.	
section_17_third_sermon_sentence_110	17	Third Sermon: Hebrews xi. 6	sermon_sentence	sentence_110	86	91	118	123	False	200	0	0	Hand-reviewed against the source PDF; transcription accepted or corrected.		Attonannan-ṣar inni atite o azjies ta Deos: choa naan o gagil, maibas maunis pattonan o choa boa, paga ta Jehova, micho-ṣar a pattite, natta-da ḡa ja boa, o ai pinaḡa, paga, ṣo-o machon-ṣar taulaulan.	
section_17_third_sermon_sentence_111	17	Third Sermon: Hebrews xi. 6	sermon_sentence	sentence_111	86	91	118	123	False	233	0	0	Hand-reviewed against the source PDF; transcription accepted or corrected.		Mai, ṣabanno imoa mit'o abas, o ta, o boesum, o zijsja, o tapos cho'a-lá, hai maṣarraṣarr'o baak-ṣar maibas o binnan, ja loan, i-álla o barr'o Airien-oë, i-álla o choa ṣaan, a aba matoto inni tataap o mini talcho a mato, a ma-atasso.	
section_17_third_sermon_sentence_112	17	Third Sermon: Hebrews xi. 6	sermon_sentence	sentence_112	86	91	118	123	False	288	0	0	Hand-reviewed against the source PDF; transcription accepted or corrected.		Ṣabanno marach o binnan, o tsi o abas, o inochan de bonna, hai poach i ta Deos-oë, aukáttana ma-áṣosono ai, maibas moa maukat o choa aṣosó, ṣo-alla o choa naan, adassa o joa tsjes, o joa ranied o cho'al-ál, a tataap o rió: ja Deos o gagil alli boddo maso paga a natta-da ma-akammichi-ṣar?	
section_17_third_sermon_sentence_113	17	Third Sermon: Hebrews xi. 6	sermon_sentence	sentence_113	86	91	118	123	False	65	0	0	Hand-reviewed against the source PDF; transcription accepted or corrected.		Mai, e-ílla-na, depa molappa joa tsjes, hai ummior o Deos o baak.	
section_17_third_sermon_sentence_114	17	Third Sermon: Hebrews xi. 6	sermon_sentence	sentence_114	86	91	118	123	False	34	0	0	Hand-reviewed against the source PDF; transcription accepted or corrected.		Hai poetat inni haibos, inni Adam.	
section_17_third_sermon_sentence_115	17	Third Sermon: Hebrews xi. 6	sermon_sentence	sentence_115	86	91	118	123	False	24	0	0	Hand-reviewed against the source PDF; transcription accepted or corrected.		Hai paan o roman a Deos.	
section_17_third_sermon_sentence_116	17	Third Sermon: Hebrews xi. 6	sermon_sentence	sentence_116	86	91	118	123	False	50	0	0	Hand-reviewed against the source PDF; transcription accepted or corrected.		Hai pe'o adás, kamaunis a Deos o gagil, decho-noë.	
section_17_third_sermon_sentence_117	17	Third Sermon: Hebrews xi. 6	sermon_sentence	sentence_117	86	91	118	123	False	45	0	0	Hand-reviewed against the source PDF; transcription accepted or corrected.		Mauchus makarrichi o kakossi o micho ta Deos.	
section_17_third_sermon_sentence_118	17	Third Sermon: Hebrews xi. 6	sermon_sentence	sentence_118	86	91	118	123	False	87	0	0	Hand-reviewed against the source PDF; transcription accepted or corrected.		Paḡaḡa mamabó-no atéa, sja alli machi'o gagil, sja machon-ṣar imoa mikkap i haibos-ech.	
section_17_third_sermon_sentence_119	17	Third Sermon: Hebrews xi. 6	sermon_sentence	sentence_119	86	91	118	123	False	98	0	0	Hand-reviewed against the source PDF; transcription accepted or corrected.		Mai, itiss'o rapies ai innai joa tsjes, innai joa tattuppa, all'ummior o natta-ṣar o gagil o Deos.	
section_17_third_sermon_sentence_120	17	Third Sermon: Hebrews xi. 6	sermon_sentence	sentence_120	86	91	118	123	False	105	0	0	Hand-reviewed against the source PDF; transcription accepted or corrected.		Ja torro mautsiri innai autat torroa micho, tsinummoach imo bao a rará o ába, hai maukat o odum a otsiri.	
section_17_third_sermon_sentence_121	17	Third Sermon: Hebrews xi. 6	sermon_sentence	sentence_121	86	91	118	123	False	84	0	0	Hand-reviewed against the source PDF; transcription accepted or corrected.		Ṣaddána i ta Deos, ṣabanno merab o talan ja icho, eachá icho, ṣabanno machaddik imo.	
section_17_third_sermon_sentence_122	17	Third Sermon: Hebrews xi. 6	sermon_sentence	sentence_122	86	91	118	123	False	81	0	0	Hand-reviewed against the source PDF; transcription accepted or corrected.		Alli talan ta Deos, alli talan choa bo, sja alli taḡḡoḡon o choa bo torroa tsjes.	
section_17_third_sermon_sentence_123	17	Third Sermon: Hebrews xi. 6	sermon_sentence	sentence_123	86	91	118	123	False	232	0	0	Hand-reviewed against the source PDF; transcription accepted or corrected.		Ṣaddá-na o ab'o Deos inni tattorroddaurono choa tataap, ṣo-o inni tattorroddaurono choa ranied, o ai ipatorrod ja imo, alla moa madarram o gagil o Deos, ṣo-o choa sjiem ta Jesus Christus, o ai paga ma-aborra tuppach o Deos a babosa.	
section_17_third_sermon_sentence_124	17	Third Sermon: Hebrews xi. 6	sermon_sentence	sentence_124	86	91	118	123	False	80	0	0	Hand-reviewed against the source PDF; transcription accepted or corrected.		Ṣaddá-na bo, ṣo-o chachad, alla tummála ṣo-o marach o choa asoso a tataap o rio.	
section_17_third_sermon_sentence_125	17	Third Sermon: Hebrews xi. 6	sermon_sentence	sentence_125	86	91	118	123	False	68	0	0	Hand-reviewed against the source PDF; transcription accepted or corrected.		Ta Paulus insini patorrod o chuppod o tapos rio inni chachad o Deos.	
section_17_third_sermon_sentence_126	17	Third Sermon: Hebrews xi. 6	sermon_sentence	sentence_126	86	91	118	123	False	79	0	0	Hand-reviewed against the source PDF; transcription accepted or corrected.		Annách, sja merab o ṣummabas o choa al-ál a rio, alli ṣaṣummad'o baak icho-noë.	
section_17_third_sermon_sentence_127	17	Third Sermon: Hebrews xi. 6	sermon_sentence	sentence_127	86	91	118	123	False	105	0	0	Hand-reviewed against the source PDF; transcription accepted or corrected.		Tatummal'o choa bó, al-ál a rio de ta mini, ṣo-o a-ijor a morich o mini i boesum, taulaulan, pa ṣisi-ech.	
section_17_third_sermon_sentence_128	17	Third Sermon: Hebrews xi. 6	sermon_sentence	sentence_128	86	91	118	123	False	138	0	0	Hand-reviewed against the source PDF; transcription accepted or corrected.		Alli mamarotul o charri o ai, alli mamarotul o charri o rio, sja tatummal'i ta Deos imonoë, inau tatummal'o tapos ai, sja tummal'icho-noë.	
section_17_third_sermon_sentence_129	17	Third Sermon: Hebrews xi. 6	sermon_sentence	sentence_129	86	91	118	123	False	110	0	0	Hand-reviewed against the source PDF; transcription accepted or corrected.		Micho ja maukat a ina, alla ta Deos merab o pe'imoa, imau ta Jesus Christus choa aukattan a sjiem badda, Amen.	
section_18_fourth_sermon_sentence_001	18	Fourth Sermon: John xvii. 3	sermon_sentence	sentence_001	91	98	123	130	False	120	0	0	Hand-reviewed against the source PDF; transcription accepted or corrected.		Gagil o aba ṣo-o autat inni ta Deos paarp'o babos'i ta Deos, inni tamasea paga gagil o morich, morich o ma-áchon-ṣar ai.	
section_18_fourth_sermon_sentence_002	18	Fourth Sermon: John xvii. 3	sermon_sentence	sentence_002	91	98	123	130	False	66	0	0	Hand-reviewed against the source PDF; transcription accepted or corrected.		Ta Deos paurich o gagil, ṣo-o paga inni icho-ṣar chuppod o morich.	
section_18_fourth_sermon_sentence_003	18	Fourth Sermon: John xvii. 3	sermon_sentence	sentence_003	91	98	123	130	False	94	0	0	Hand-reviewed against the source PDF; transcription accepted or corrected.		Dem'ija alli paga morich, icho pe'o morich, dema paga icho paurich ṣo-o maladik, depa moribal.	
section_18_fourth_sermon_sentence_004	18	Fourth Sermon: John xvii. 3	sermon_sentence	sentence_004	91	98	123	130	False	136	0	0	Hand-reviewed against the source PDF; transcription accepted or corrected.		Maauriedda-da tsjes, o ai riballen innai ta Deos inau kakossi, alli morich o gagil, pagatomma morich, inau alli machon-ṣar inni ta Deos.	
section_18_fourth_sermon_sentence_005	18	Fourth Sermon: John xvii. 3	sermon_sentence	sentence_005	91	98	123	130	False	251	0	0	Hand-reviewed against the source PDF; transcription accepted or corrected.		Kasjabaan mamorich o gagil, pagatomma mach'ija babosa, sja inni autat o gagil machon-ṣar barroon o rorró i ta Deos, inau aladikken-ṣar choa morich inni ta Deos, maibas ja aladikken morich o baron inni bossor-ech, pagatomma mach'ija bia ṣo-o a'o baron.	
section_18_fourth_sermon_sentence_006	18	Fourth Sermon: John xvii. 3	sermon_sentence	sentence_006	91	98	123	130	False	169	0	0	Hand-reviewed against the source PDF; transcription accepted or corrected.		Inau micho alla babosa marach o morich o maachon-ṣar, o ai paga inni ta Deos, maspot a madarram o gagil o Deos icho, ṣo-o machon-ṣar mikkap i ta Deos inni autat o gagil.	
section_18_fourth_sermon_sentence_007	18	Fourth Sermon: John xvii. 3	sermon_sentence	sentence_007	91	98	123	130	False	233	0	0	Hand-reviewed against the source PDF; transcription accepted or corrected.		Maibas pab'ija ta Christus inni ranied o Evangelium kabinidoan inni ta Apostel Johannes, mini-ṣar, machó, paga morich o ma-áchon-ṣar ai, alla madarram ijo decho-noë, nattaṣar ai gagil o Deos, ṣo-o ta Jesus Christus, o ai pinauss'ijo.	
section_18_fourth_sermon_sentence_008	18	Fourth Sermon: John xvii. 3	sermon_sentence	sentence_008	91	98	123	130	False	72	0	0	Hand-reviewed against the source PDF; transcription accepted or corrected.		Inni a-illaḡ o lido o atite o mini, torro tatummorrod o narroa-da tuppo.	
section_18_fourth_sermon_sentence_009	18	Fourth Sermon: John xvii. 3	sermon_sentence	sentence_009	91	98	123	130	False	123	0	0	Hand-reviewed against the source PDF; transcription accepted or corrected.		Kapesasa, alla babosa maspot a madarram o gagil o Deos, ṣo-o ta Jesus Christus o ai paga ma-áborra tuppach o Deos a babosa.	
section_18_fourth_sermon_sentence_010	18	Fourth Sermon: John xvii. 3	sermon_sentence	sentence_010	91	98	123	130	False	82	0	0	Hand-reviewed against the source PDF; transcription accepted or corrected.		Kanarroa, alla morich o ma-áchon-ṣar ummior o gagil o aba ṣo-o autat inni ta Deos.	
section_18_fourth_sermon_sentence_011	18	Fourth Sermon: John xvii. 3	sermon_sentence	sentence_011	91	98	123	130	False	332	0	0	Hand-reviewed against the source PDF; transcription accepted or corrected.		Ta Christus pinál'inni atite o tinnaam, alla Deos o tamau ummadok o choa choṣar innai tapos o tupponodon de ta, o ai icho passoso i ta Christus, all'icho pape'i decho o morich o maachon-ṣar, ṣo-o inni atite o miniṣar pab'ija icho, moed'icho pa-i-jor o babosa pana choa tamau; icho parar'o choa ṣaan, ṣo-o pab'i decho o gagil o Deos.	
section_18_fourth_sermon_sentence_012	18	Fourth Sermon: John xvii. 3	sermon_sentence	sentence_012	91	98	123	130	False	80	0	0	Hand-reviewed against the source PDF; transcription accepted or corrected.		Ta Christus alli pa-i-jor o babosa pana ta Ṣaitan, ja ta haibos, ja Deos o baak.	
section_18_fourth_sermon_sentence_013	18	Fourth Sermon: John xvii. 3	sermon_sentence	sentence_013	91	98	123	130	False	6	0	0	Hand-reviewed against the source PDF; transcription accepted or corrected.		Maini.	
section_18_fourth_sermon_sentence_014	18	Fourth Sermon: John xvii. 3	sermon_sentence	sentence_014	91	98	123	130	False	30	0	0	Hand-reviewed against the source PDF; transcription accepted or corrected.		Alli summall'o babosa ja icho.	
section_18_fourth_sermon_sentence_015	18	Fourth Sermon: John xvii. 3	sermon_sentence	sentence_015	91	98	123	130	False	79	0	0	Hand-reviewed against the source PDF; transcription accepted or corrected.		Insini icho pait'o babosa choa tamau,; ṣo-o pa-i-jor i decho pana gagil o Deos.	
section_18_fourth_sermon_sentence_016	18	Fourth Sermon: John xvii. 3	sermon_sentence	sentence_016	91	98	123	130	False	103	0	0	Hand-reviewed against the source PDF; transcription accepted or corrected.		Mini-ṣar, machó, paga morich o ma-áchon-ṣar ai, alla madarram ijo decho-noë, natta-ṣar ai gagil o Deos.	
section_18_fourth_sermon_sentence_017	18	Fourth Sermon: John xvii. 3	sermon_sentence	sentence_017	91	98	123	130	False	78	0	0	Hand-reviewed against the source PDF; transcription accepted or corrected.		Ta Christus pattonan o choa tamau gagil o Deos ṣo-o natta-ṣar ai gagil o Deos.	
section_18_fourth_sermon_sentence_018	18	Fourth Sermon: John xvii. 3	sermon_sentence	sentence_018	91	98	123	130	False	433	0	0	Hand-reviewed against the source PDF; transcription accepted or corrected.		Maibasṣar icho pala, pagatomma babosa poetat inni roman a Deos, pagatomma ta Saitan paziḡal'i ta Deos o gagil, ṣo-o mapan ja Deos o baak, na-a kamachaggi, all'ijo makammichi-ṣar gagil o Deos, alla Deos o gagil alli boddo maso paga a natta-da ma-akammichi-ṣar, all'inni oa boa pagá gagil o morich; inau micho na-a-pinab'o babos'oa naan, alla mamadarram ijo dechonoë, alla papoetautat inni oa boa, ṣo-o mamarach o morich o maachon-ṣar.	
section_18_fourth_sermon_sentence_019	18	Fourth Sermon: John xvii. 3	sermon_sentence	sentence_019	91	98	123	130	False	176	0	0	Hand-reviewed against the source PDF; transcription accepted or corrected.		Ṣabanno ta Christus insini paaunis o babos'o morich o ma-achon-ṣar, inau decho madarram o gagil o Deos, alli pab'ija icho, alla morich o ma-áchon-ṣar ummior o baak o ab'o Deos.	
section_18_fourth_sermon_sentence_020	18	Fourth Sermon: John xvii. 3	sermon_sentence	sentence_020	91	98	123	130	False	10	0	0	Hand-reviewed against the source PDF; transcription accepted or corrected.		Maini-ena.	
section_18_fourth_sermon_sentence_021	18	Fourth Sermon: John xvii. 3	sermon_sentence	sentence_021	91	98	123	130	False	296	0	0	Hand-reviewed against the source PDF; transcription accepted or corrected.		Icho pattonan o ab'o Deos gagil o aba, o ai par'o autat o tsjes inni ta Deos, inau ṣosse matas ab'o Deos, ṣo-o marior autat inni ta Deos, chono ai mautsiri o gagil o Deos, alli poetautat inni ta Deos, maibas machó ta Paulus, moeda papoetautat inni icho-ṣar, innai tamasea alli minaṣini decho-noë.	
section_18_fourth_sermon_sentence_022	18	Fourth Sermon: John xvii. 3	sermon_sentence	sentence_022	91	98	123	130	False	29	0	0	Hand-reviewed against the source PDF; transcription accepted or corrected.		Autat a ába rorró-no mababat.	
section_18_fourth_sermon_sentence_023	18	Fourth Sermon: John xvii. 3	sermon_sentence	sentence_023	91	98	123	130	False	96	0	0	Hand-reviewed against the source PDF; transcription accepted or corrected.		Torro pinoetautat ṣo-o minabá, machó ta Petrus, all'ijo paga ta Christus, sjiem o Deos morich-a.	
section_18_fourth_sermon_sentence_024	18	Fourth Sermon: John xvii. 3	sermon_sentence	sentence_024	91	98	123	130	False	68	0	0	Hand-reviewed against the source PDF; transcription accepted or corrected.		Inau micho autat inni ta Deos ṣo-o ab'o Deos maspot a rorró mababat.	
section_18_fourth_sermon_sentence_025	18	Fourth Sermon: John xvii. 3	sermon_sentence	sentence_025	91	98	123	130	False	48	0	0	Hand-reviewed against the source PDF; transcription accepted or corrected.		Autat inni ta Deos maspot a pissarr'o ab'o Deos.	
section_18_fourth_sermon_sentence_026	18	Fourth Sermon: John xvii. 3	sermon_sentence	sentence_026	91	98	123	130	False	59	0	0	Hand-reviewed against the source PDF; transcription accepted or corrected.		Baak o ába, o ai marotul o autat inni ta Deos, alli marach.	
section_18_fourth_sermon_sentence_027	18	Fourth Sermon: John xvii. 3	sermon_sentence	sentence_027	91	98	123	130	False	157	0	0	Hand-reviewed against the source PDF; transcription accepted or corrected.		Pagatomma ta ṣaitan mab'o Deos o gagil, alli marach ja icho morich o ma-áchon-ṣar, inau ta ṣaitan alli poetautat inni ta Deos, mab'o baak-ṣar, ṣo-o matirtir.	
section_18_fourth_sermon_sentence_028	18	Fourth Sermon: John xvii. 3	sermon_sentence	sentence_028	91	98	123	130	False	42	0	0	Hand-reviewed against the source PDF; transcription accepted or corrected.		Inni autat o gagil paga natorroa-da tuppo.	
section_18_fourth_sermon_sentence_029	18	Fourth Sermon: John xvii. 3	sermon_sentence	sentence_029	91	98	123	130	False	149	0	0	Hand-reviewed against the source PDF; transcription accepted or corrected.		Tuppono pesasa paga gagil o ab'o Deos, michoṣar a pattite, alla torroa tsjes mab'i ta Deos, mab'o choa ḡa, choa airab, cho'atite a ranied kabinidoan.	
section_18_fourth_sermon_sentence_030	18	Fourth Sermon: John xvii. 3	sermon_sentence	sentence_030	91	98	123	130	False	78	0	0	Hand-reviewed against the source PDF; transcription accepted or corrected.		Gagil o aba parar'o tsjes, ṣo-o alli pautach otsiri, maibas o rará paube odum.	
section_18_fourth_sermon_sentence_031	18	Fourth Sermon: John xvii. 3	sermon_sentence	sentence_031	91	98	123	130	False	45	0	0	Hand-reviewed against the source PDF; transcription accepted or corrected.		Ma-audum a tsjes alli poetautat inni ta Deos.	
section_18_fourth_sermon_sentence_032	18	Fourth Sermon: John xvii. 3	sermon_sentence	sentence_032	91	98	123	130	False	62	0	0	Hand-reviewed against the source PDF; transcription accepted or corrected.		Innai otsiri alli tummoach autat o gagil, tummoach innai a ba.	
section_18_fourth_sermon_sentence_033	18	Fourth Sermon: John xvii. 3	sermon_sentence	sentence_033	91	98	123	130	False	51	0	0	Hand-reviewed against the source PDF; transcription accepted or corrected.		Torro babosa pittau o gagil, o ai torro kamachaggi.	
section_18_fourth_sermon_sentence_034	18	Fourth Sermon: John xvii. 3	sermon_sentence	sentence_034	91	98	123	130	False	49	0	0	Hand-reviewed against the source PDF; transcription accepted or corrected.		Innai otsiri tummoach aulakies ṣo-o autat o baak.	
section_18_fourth_sermon_sentence_035	18	Fourth Sermon: John xvii. 3	sermon_sentence	sentence_035	91	98	123	130	False	98	0	0	Hand-reviewed against the source PDF; transcription accepted or corrected.		Inau micho ab'o Deos, ṣo-o gagil o ab'o choa ranied paga tuppono pesasa inni gagil o autat o Deos.	
section_18_fourth_sermon_sentence_036	18	Fourth Sermon: John xvii. 3	sermon_sentence	sentence_036	91	98	123	130	False	167	0	0	Hand-reviewed against the source PDF; transcription accepted or corrected.		Kanarroa-da tuppo inni autat o gagil paga arách o ranied o Deos, micho-ṣar a pattite, alla torroa tsjes ummior o atite o Deos, ṣo-o pittau o gagil o tapos choa ranied.	
section_18_fourth_sermon_sentence_037	18	Fourth Sermon: John xvii. 3	sermon_sentence	sentence_037	91	98	123	130	False	107	0	0	Hand-reviewed against the source PDF; transcription accepted or corrected.		Autat o gagil alli marmimi ja dummori o ranied o Deos, inau alli summalla ja tummosik icho maibas o babosa.	
section_18_fourth_sermon_sentence_038	18	Fourth Sermon: John xvii. 3	sermon_sentence	sentence_038	91	98	123	130	False	46	0	0	Hand-reviewed against the source PDF; transcription accepted or corrected.		Mabissé choa tapos atite, ṣo-o o auchos gagil.	
section_18_fourth_sermon_sentence_039	18	Fourth Sermon: John xvii. 3	sermon_sentence	sentence_039	91	98	123	130	False	157	0	0	Hand-reviewed against the source PDF; transcription accepted or corrected.		Torroa tsjes maspot a marach o tapos atite, o ai pab'ija ta Deos inni choa ranied kabinidoan, ṣo-o pittau o gagil o micho, pagatomma alli mab'ija lido tsjes.	
section_18_fourth_sermon_sentence_040	18	Fourth Sermon: John xvii. 3	sermon_sentence	sentence_040	91	98	123	130	False	49	0	0	Hand-reviewed against the source PDF; transcription accepted or corrected.		Mini-ṣar paga narroa-da tuppo inni autat o gagil.	
section_18_fourth_sermon_sentence_041	18	Fourth Sermon: John xvii. 3	sermon_sentence	sentence_041	91	98	123	130	False	150	0	0	Hand-reviewed against the source PDF; transcription accepted or corrected.		Kanatorroa-da tuppo paga aikap i ta Deos, micho-ṣar a pattite, alla torroa tsjes tallochon mikkap i ta Deos, ṣo-o didden o poetautat inni choa ranied.	
section_18_fourth_sermon_sentence_042	18	Fourth Sermon: John xvii. 3	sermon_sentence	sentence_042	91	98	123	130	False	81	0	0	Hand-reviewed against the source PDF; transcription accepted or corrected.		Autat o gagil ma-didden ja autat, o ai máchonṣar, ṣo-o alli pittol, ja mori-edda.	
section_18_fourth_sermon_sentence_043	18	Fourth Sermon: John xvii. 3	sermon_sentence	sentence_043	91	98	123	130	False	102	0	0	Hand-reviewed against the source PDF; transcription accepted or corrected.		Autat ai, inniumma paga natorroa tuppo-no mini, paga autat o gagil, o ai mauchus marach innai ta Deos.	
section_18_fourth_sermon_sentence_044	18	Fourth Sermon: John xvii. 3	sermon_sentence	sentence_044	91	98	123	130	False	56	0	0	Hand-reviewed against the source PDF; transcription accepted or corrected.		Masini-ṣar torro babosa maspot a poetautat inni ta Deos.	
section_18_fourth_sermon_sentence_045	18	Fourth Sermon: John xvii. 3	sermon_sentence	sentence_045	91	98	123	130	False	114	0	0	Hand-reviewed against the source PDF; transcription accepted or corrected.		Icho merab o autat o gagil, madas ṣo-o maukat o gagil ma-autat a cho, ṣo-o malleak o autat o baak, a ma-atattosik.	
section_18_fourth_sermon_sentence_046	18	Fourth Sermon: John xvii. 3	sermon_sentence	sentence_046	91	98	123	130	False	171	0	0	Hand-reviewed against the source PDF; transcription accepted or corrected.		Ka ochal pait'o choa tamau, ṣo-o paba, all'icho paga gagil o Deos, ta Christus pait'o choa micho boa channumma, ṣo-o pabá all'icho paga ma-azinado tuppach o Deos a babosa.	
section_18_fourth_sermon_sentence_047	18	Fourth Sermon: John xvii. 3	sermon_sentence	sentence_047	91	98	123	130	False	103	0	0	Hand-reviewed against the source PDF; transcription accepted or corrected.		Alla madarram ijo decho-noë, machó, natta-ṣar ai gagil o Deos, ṣo-o ta Jesus Christus o ai pinauss'ijo.	
section_18_fourth_sermon_sentence_048	18	Fourth Sermon: John xvii. 3	sermon_sentence	sentence_048	91	98	123	130	False	110	0	0	Hand-reviewed against the source PDF; transcription accepted or corrected.		Inni ḡa o Deos, kamaunionis natorroa-da boa, ó tamau, ta sjiem, ṣo-o ta Auchar o ma-achimit, ta Spirito Santo.	
section_18_fourth_sermon_sentence_049	18	Fourth Sermon: John xvii. 3	sermon_sentence	sentence_049	91	98	123	130	False	103	0	0	Hand-reviewed against the source PDF; transcription accepted or corrected.		Ta sjiem o Deos o ai paga kanarroa-da boa inni ḡa o Deosṣar, rorró paga Deos a babosa inni nattada boa.	
section_18_fourth_sermon_sentence_050	18	Fourth Sermon: John xvii. 3	sermon_sentence	sentence_050	91	98	123	130	False	111	0	0	Hand-reviewed against the source PDF; transcription accepted or corrected.		Ḡa o babos'inni choa boa aarpani o ḡa o Deosṣar, all'icho mamatsikap o ummoob o áborra tuppach o Deos a babosa.	
section_18_fourth_sermon_sentence_051	18	Fourth Sermon: John xvii. 3	sermon_sentence	sentence_051	91	98	123	130	False	64	0	0	Hand-reviewed against the source PDF; transcription accepted or corrected.		Ṣinai ja icho innai choa tamau, tamasea pinauss'icho de ta mini.	
section_18_fourth_sermon_sentence_052	18	Fourth Sermon: John xvii. 3	sermon_sentence	sentence_052	91	98	123	130	False	263	0	0	Hand-reviewed against the source PDF; transcription accepted or corrected.		Deos o tamau pinauss'o choa sjiem pana torro babosa, pinatoach o inni o isas o babosa, alla torro mamadarram icho, ṣo-o papoetautat inni choa boa, maibas pab'ija icho, alla madarram ijo decho-noë natta-ṣar ai gagil o Deos, ṣo-o ta Jesus Christus o ai pinauss'ijo.	
section_18_fourth_sermon_sentence_053	18	Fourth Sermon: John xvii. 3	sermon_sentence	sentence_053	91	98	123	130	False	84	0	0	Hand-reviewed against the source PDF; transcription accepted or corrected.		Ta sjiem o Deos, o ai tsinummoach inni ḡa o babosa, marach o naan ta Jesus Christus.	
section_18_fourth_sermon_sentence_054	18	Fourth Sermon: John xvii. 3	sermon_sentence	sentence_054	91	98	123	130	False	195	0	0	Hand-reviewed against the source PDF; transcription accepted or corrected.		Deos o tamau pattonan o choa sjiem masini, alla naan o mini papab'i torro choa maunis a tataap, ṣo-o inonumma ta Deos pinauss'icho de ta mini, all'icho paparras o babosa innai chachalt o kakossi.	
section_18_fourth_sermon_sentence_055	18	Fourth Sermon: John xvii. 3	sermon_sentence	sentence_055	91	98	123	130	False	90	0	0	Hand-reviewed against the source PDF; transcription accepted or corrected.		Ta Jesus micho a pattite, ma-ababárras, ṣo-o choa maunis a tataap, paga babarras o babosa.	
section_18_fourth_sermon_sentence_056	18	Fourth Sermon: John xvii. 3	sermon_sentence	sentence_056	91	98	123	130	False	144	0	0	Hand-reviewed against the source PDF; transcription accepted or corrected.		Naan o ta Christus pait'o airab o Deos, tamasea pinauss'o choa sjiem alla papácho-no ranied o Deos pana babosa, ṣo-o a-ummillaḡ o atil o boesum.	
section_18_fourth_sermon_sentence_057	18	Fourth Sermon: John xvii. 3	sermon_sentence	sentence_057	91	98	123	130	False	182	0	0	Hand-reviewed against the source PDF; transcription accepted or corrected.		Inipaussa ja icho innai choa tamau, alla rarummé o babos'o choa ranied, ṣo-o pattil i decho machi'o kakossi, tummis o tataap o arapies, maborr'i ta Deos, ṣo-o ummior o choa char-ṣar.	
section_18_fourth_sermon_sentence_058_59	18	Fourth Sermon: John xvii. 3	sermon_sentence	sentence_058_59	91	98	123	130	False	650	0	0	Hand-reviewed against the source PDF; OCR punctuation had split one printed sentence.		Naan ta Christus pab'ija, alla Deos o tamau pinaatsikap o choa sjiem o ummoob o aborra tuppach o Deos a babosa, ṣo-o paita, all'icho paga gagil o ma-áborra, ma-azinado, ṣo-o ma-adau o babosa, tamasea dau i torro minachoté a minachá inau torroa kakossi, alla mamarach o choa taḡḡ'o ábo-no torroa kakossi, ṣo-o ṣimien ta Deos a torro boa, alla miel o rais o Deos o cho'azinado, depa achan tapos o ta, maibas pab'ija ta Apostel Johannes, sisjiem macho, na-apido o mini imoa, depa moa rarummapies, ṣo-o sja rinummapies a cho, torro paga natta-ṣar a ma-azinado de tamau ai, ta Jesus Christus, ma-abisse-bissé o ai, ṣo-o icho-ṣar lalaslas o torroa kakossi.	
section_18_fourth_sermon_sentence_060	18	Fourth Sermon: John xvii. 3	sermon_sentence	sentence_060	91	98	123	130	False	298	0	0	Hand-reviewed against the source PDF; transcription accepted or corrected.		Sjiem o Deos ta Jesus Christus tsinummalattal'o rais o Deos inau kakossi o babos'o choa machoté a machá, ṣo-o pabórr'o choa tamau, alla ka-itis o ázjies, alli tatump'icho torroa kakossi; inni choa boa torro paga arra ṣo-o áborra rorró i ta Deos, ṣo-o inni choa taḡḡa paga lalaslas o torroa kakossi.	
section_18_fourth_sermon_sentence_061	18	Fourth Sermon: John xvii. 3	sermon_sentence	sentence_061	91	98	123	130	False	141	0	0	Hand-reviewed against the source PDF; transcription accepted or corrected.		Machon-ṣar i boesum icho alla tallochon papazinadóno choa sisjiem, cho'aukattan a cho-ṣar o ai machi'o kakossi, ṣo-o poetautat inni choa boa.	
section_18_fourth_sermon_sentence_062	18	Fourth Sermon: John xvii. 3	sermon_sentence	sentence_062	91	98	123	130	False	150	0	0	Hand-reviewed against the source PDF; transcription accepted or corrected.		Ta Christus patorrod o ma-aborra tuppach o Deos a babos'inni choa micho boa, tamasea paarp'o babos'i ta Deos, ṣo-o pa-i-jor o cho-no Deos pana boesum.	
section_18_fourth_sermon_sentence_063	18	Fourth Sermon: John xvii. 3	sermon_sentence	sentence_063	91	98	123	130	False	125	0	0	Hand-reviewed against the source PDF; transcription accepted or corrected.		Inau kakossi ilen o babosa maunis a mababat pana ta Deos, choa rais talcho a mato mauchus pa-ikkil ṣo-o paube a ró torro boa.	
section_18_fourth_sermon_sentence_064	18	Fourth Sermon: John xvii. 3	sermon_sentence	sentence_064	91	98	123	130	False	114	0	0	Hand-reviewed against the source PDF; transcription accepted or corrected.		Ṣinai innai boesum ta sjiem o Deos ummoob o áborra, tsinummoach de ta, alla pa-i-jor o sisjiem o Deos pana boesum.	
section_18_fourth_sermon_sentence_065	18	Fourth Sermon: John xvii. 3	sermon_sentence	sentence_065	91	98	123	130	False	143	0	0	Hand-reviewed against the source PDF; transcription accepted or corrected.		Inni choa boa minabórr'i torro babosa ta Deos, inni choa boa torro paga ababad pana tamau i boesum, ṣo-o marach o ábono kakossi inni choa naan.	
section_18_fourth_sermon_sentence_066	18	Fourth Sermon: John xvii. 3	sermon_sentence	sentence_066	91	98	123	130	False	347	0	0	Hand-reviewed against the source PDF; transcription accepted or corrected.		Mini-ṣar pab'ija ta Christus, ṣo-o pait'all'icho paga ma-áborra tuppach o Deos a babosa, alla choa tamau pinauss'icho, ṣo-o pinaspot a ummoob o áborr'o mini, alla babosa maspot a madarram icho channumma, ṣo-o poetautat inni choa boa, maibas icho pala, ṣo-o pab'o choa aran, moa poetautat inni ta Deos, machó, oetautatta inni na-a-da boa channumma.	
section_18_fourth_sermon_sentence_067	18	Fourth Sermon: John xvii. 3	sermon_sentence	sentence_067	91	98	123	130	False	101	0	0	Hand-reviewed against the source PDF; transcription accepted or corrected.		Maibas o tamau pinauss'o choa sjiem pana babosa, masini babosa maspot a tummaap o autat o gagil icho.	
section_18_fourth_sermon_sentence_068	18	Fourth Sermon: John xvii. 3	sermon_sentence	sentence_068	91	98	123	130	False	113	0	0	Hand-reviewed against the source PDF; transcription accepted or corrected.		Ta Deos alli marach o babos'i boesum, sja babos'alli marach o choa sjiem, ṣo-o mabich o autat o gagil de ta mini.	
section_18_fourth_sermon_sentence_069	18	Fourth Sermon: John xvii. 3	sermon_sentence	sentence_069	91	98	123	130	False	125	0	0	Hand-reviewed against the source PDF; transcription accepted or corrected.		Torro babosa maspot a rorró madarram i ta Deos, ṣo-o choa sjiem, maspot a rorró poetautat inni ta Deos, ṣo-o inni choa sjiem.	
section_18_fourth_sermon_sentence_070	18	Fourth Sermon: John xvii. 3	sermon_sentence	sentence_070	91	98	123	130	False	138	0	0	Hand-reviewed against the source PDF; transcription accepted or corrected.		Ta sjiem o Deos ṣo-o ma-aborra ta Jesus Christus pa-i-jor o choa rim'o tapos sisjiem o Deos; tarran ja icho, sandon, ṣo-o kittas o boesum.	
section_18_fourth_sermon_sentence_071	18	Fourth Sermon: John xvii. 3	sermon_sentence	sentence_071	91	98	123	130	False	72	0	0	Hand-reviewed against the source PDF; transcription accepted or corrected.		Tamasea merab o ṣai pana ta Deos, maspot a ummior ṣo-o par'o choa sjiem.	
section_18_fourth_sermon_sentence_072	18	Fourth Sermon: John xvii. 3	sermon_sentence	sentence_072	91	98	123	130	False	145	0	0	Hand-reviewed against the source PDF; transcription accepted or corrected.		Torro babos'alli matsikap o tummoach a dummaat i ta Deos inni torroa micho boa, inau torroa arapies pisor o choa rais, ṣo-o paube a ró torro boa.	
section_18_fourth_sermon_sentence_073	18	Fourth Sermon: John xvii. 3	sermon_sentence	sentence_073	91	98	123	130	False	400	0	0	Hand-reviewed against the source PDF; transcription accepted or corrected.		Ta Deos mabissé o auchos, ṣo-o choa machá o maachimit malleak o ma-arapies, inau micho torro maspot a dummaat icho inni ma-aborra, inni choa sjiem ta Jesus Christus, tamasea tummakkoop torroa arapies o choa babissé a chimit, ṣo-o makkesjap paubarri a chaddik torro boa, ṣo-o pádaat i ta Deos: Maibas-ṣar icho pala, paga ja-ina tarran ṣo-o morich ai, allipa ja cho ṣai pana tamau, sja alli passji ina.	
section_18_fourth_sermon_sentence_074	18	Fourth Sermon: John xvii. 3	sermon_sentence	sentence_074	91	98	123	130	False	167	0	0	Hand-reviewed against the source PDF; transcription accepted or corrected.		Maibas o babos'alli dummoro i don, sja alli pasji sandon, masini alli ṣai pana ta Deos, alli soss'i boesum, tamasea poelakies o tarran, ṣo-o alli pasji sandon o gagil.	
section_18_fourth_sermon_sentence_075	18	Fourth Sermon: John xvii. 3	sermon_sentence	sentence_075	91	98	123	130	False	220	0	0	Hand-reviewed against the source PDF; transcription accepted or corrected.		Tarran o mini paga ta Christus, tsinummann'o boesum icho, o ai kinapos inau kakossi o babosa, paga sandon, ṣo-o inni choa boa torra paga ababad pana ta Deos; icho pazinada torro boa, ṣo-o pa-i-jor o rima pana choa tamau.	
section_18_fourth_sermon_sentence_076	18	Fourth Sermon: John xvii. 3	sermon_sentence	sentence_076	91	98	123	130	False	184	0	0	Hand-reviewed against the source PDF; transcription accepted or corrected.		Kamillaḡ o pia tuppo-no pesasa inni ranied o ta Christus, ṣo-o ipaba, alla babosa maspot a madarram o gagil o Deos, ṣo-o ta Jesus Christus, o ai paga ma-aborra tuppach o Deos a babosa.	
section_18_fourth_sermon_sentence_077	18	Fourth Sermon: John xvii. 3	sermon_sentence	sentence_077	91	98	123	130	False	114	0	0	Hand-reviewed against the source PDF; transcription accepted or corrected.		Inni narroa-da tuppo pab'ija ta Christus, alla morich o ma-áchon-ṣar ummior o gagil o ába ṣo-o autat inni ta Deos.	
section_18_fourth_sermon_sentence_078	18	Fourth Sermon: John xvii. 3	sermon_sentence	sentence_078	91	98	123	130	False	98	0	0	Hand-reviewed against the source PDF; transcription accepted or corrected.		Miniṣar machó paga morich o maáchon-ṣar ai, alla madarram ijo decho-noë natta-ṣar ai gagil o Deos.	
section_18_fourth_sermon_sentence_079	18	Fourth Sermon: John xvii. 3	sermon_sentence	sentence_079	91	98	123	130	False	143	0	0	Hand-reviewed against the source PDF; transcription accepted or corrected.		Ta Christus insini pattonan o morich o ma-áchon-ṣar morich i boesum, morich o gagil, o ai paga inni ta Deos, ṣo-o choa sjiem ta Jesus Christus.	
section_18_fourth_sermon_sentence_080	18	Fourth Sermon: John xvii. 3	sermon_sentence	sentence_080	91	98	123	130	False	64	0	0	Hand-reviewed against the source PDF; transcription accepted or corrected.		Rapies a maauribal o morich de ta mini inau kakossi a auri-edda.	
section_18_fourth_sermon_sentence_081	18	Fourth Sermon: John xvii. 3	sermon_sentence	sentence_081	91	98	123	130	False	47	0	0	Hand-reviewed against the source PDF; transcription accepted or corrected.		Kamoribal ja bog, ṣo-o mach'ija tapos o babosa.	
section_18_fourth_sermon_sentence_082	18	Fourth Sermon: John xvii. 3	sermon_sentence	sentence_082	91	98	123	130	False	86	0	0	Hand-reviewed against the source PDF; transcription accepted or corrected.		I boesum torroa bog a tsjes mamorich o taulaulan, mamorig o gagil, ṣo-o mauchus a rió.	
section_18_fourth_sermon_sentence_083	18	Fourth Sermon: John xvii. 3	sermon_sentence	sentence_083	91	98	123	130	False	50	0	0	Hand-reviewed against the source PDF; transcription accepted or corrected.		De ta inni torro maspot a paan, ṣo-o porich o bog.	
section_18_fourth_sermon_sentence_084	18	Fourth Sermon: John xvii. 3	sermon_sentence	sentence_084	91	98	123	130	False	83	0	0	Hand-reviewed against the source PDF; transcription accepted or corrected.		Torro orachan o tummaap, o tummod, o marana, ṣo-o moddon o tataap tallochon a baas.	
section_18_fourth_sermon_sentence_085	18	Fourth Sermon: John xvii. 3	sermon_sentence	sentence_085	91	98	123	130	False	278	0	0	Hand-reviewed against the source PDF; transcription accepted or corrected.		Torro tassaban ṣo-o taḡḡogon, madig a chaan, a bachinan, rapies ṣo-o mauromaro man a dig pauribal o torroa bog atatta zijsja i boesum torro mamorich o ma-a-arra, maibas o ta Angelus o Deos, o ai alli man, alli micham, pa tassabán, pa taḡḡogon, pa tummaap, pa madig, pa mach'ija.	
section_18_fourth_sermon_sentence_086	18	Fourth Sermon: John xvii. 3	sermon_sentence	sentence_086	91	98	123	130	False	67	0	0	Hand-reviewed against the source PDF; transcription accepted or corrected.		De ta mini torro paga zichil, ṣo-o mauchus chummanied torroa tsjes.	
section_18_fourth_sermon_sentence_087	18	Fourth Sermon: John xvii. 3	sermon_sentence	sentence_087	91	98	123	130	False	41	0	0	Hand-reviewed against the source PDF; transcription accepted or corrected.		Pa ja zichil i boesum, pa ja chachannied.	
section_18_fourth_sermon_sentence_088	18	Fourth Sermon: John xvii. 3	sermon_sentence	sentence_088	91	98	123	130	False	177	0	0	Hand-reviewed against the source PDF; transcription accepted or corrected.		De ta mini alli pittol o kakossi, o sannan, o ázjies; morich i boesum marotul o kakossi, o sannan, o ázjies; ta Angelus patapos a babosa paga borra, ṣo-o ummior o atillóna Deos.	
section_18_fourth_sermon_sentence_089	18	Fourth Sermon: John xvii. 3	sermon_sentence	sentence_089	91	98	123	130	False	102	0	0	Hand-reviewed against the source PDF; transcription accepted or corrected.		Paga aborra, aukat, ṣo-o árra, paga aukat otjes inni aijall'o ta Deos, aukat o taulaulan, pa ṣisi-ech.	
section_18_fourth_sermon_sentence_090	18	Fourth Sermon: John xvii. 3	sermon_sentence	sentence_090	91	98	123	130	False	444	0	0	Hand-reviewed against the source PDF; transcription accepted or corrected.		Mini-ṣar a paga morich o ma-áchonṣar, morich i boesum, o ai ta Deos passoso inni choa sjiem ta Jesus Christus, o ai babosa marach inni autat o gagil, maibas o ta Christus pala inni ranied o Evangelium Johannis, masini-ṣar, machó, ta Deos minaukat o tapos o ta, micho-ṣar a pattite, tapos o babosa, alla pine'o choa natta-ṣar; a binodda-da sjiem, ino pa ja riballen atatta chono ai poetautat inni icho, kasjabaan alla paga morich o ma-áchon-ṣar.	
section_18_fourth_sermon_sentence_091	18	Fourth Sermon: John xvii. 3	sermon_sentence	sentence_091	91	98	123	130	False	98	0	0	Hand-reviewed against the source PDF; transcription accepted or corrected.		Ṣo-o insini pab'ija icho, alla morich o ma-achon-ṣar ummior o gagil o ába ṣo-o autat inni ta Deos.	
section_18_fourth_sermon_sentence_092	18	Fourth Sermon: John xvii. 3	sermon_sentence	sentence_092	91	98	123	130	False	105	0	0	Hand-reviewed against the source PDF; transcription accepted or corrected.		Ka ochal ummillaḡ o lido o atite, bior alla torro tummorod o atil, o ai torro maspot a paaunis torro boa.	
section_18_fourth_sermon_sentence_093	18	Fourth Sermon: John xvii. 3	sermon_sentence	sentence_093	91	98	123	130	False	93	0	0	Hand-reviewed against the source PDF; transcription accepted or corrected.		Innai atite o mini atillan torro alla chachad o ab'o Deos paga morich o ma-áchonṣar i boesum.	
section_18_fourth_sermon_sentence_094	18	Fourth Sermon: John xvii. 3	sermon_sentence	sentence_094	91	98	123	130	False	161	0	0	Hand-reviewed against the source PDF; transcription accepted or corrected.		Deos o tamau chummad o gagil o ába, ṣo-o autat inni choa boa, ṣo-o pe'o morich o ma-áchon-sar o babos'o ai madarram pittau o gagil, ṣo-o poetautat inni choa boa.	
section_18_fourth_sermon_sentence_095	18	Fourth Sermon: John xvii. 3	sermon_sentence	sentence_095	91	98	123	130	False	286	0	0	Hand-reviewed against the source PDF; transcription accepted or corrected.		Morich o ma-áchonṣar paga aṣosóno Deos inni choa sjiem ta Jesus Christus, ṣo-o babosa paaunis o choa boa morich o ma-áchon-ṣar inni autat o gagil, o ai maibas o rima tummaap, ṣo-o maunis-o-arach o tapos aṣosóno Deos, tapos o ai ta Deos pinassoso torro inni choa sjiem ta Jesus Christus.	
section_18_fourth_sermon_sentence_096	18	Fourth Sermon: John xvii. 3	sermon_sentence	sentence_096	91	98	123	130	False	113	0	0	Hand-reviewed against the source PDF; transcription accepted or corrected.		Innainumma ummior alla tapos o ma-autat a cho marach o morich i boesum, morich o ma-áchon-ṣar inni autat o gagil.	
section_18_fourth_sermon_sentence_097	18	Fourth Sermon: John xvii. 3	sermon_sentence	sentence_097	91	98	123	130	False	165	0	0	Hand-reviewed against the source PDF; transcription accepted or corrected.		Tamasea poetautat inni ta sjiem o Deos, paga morich o ma-achon-ṣar, machó ta Apostel Johannes inni cho atil o mini torro tummorrod o rió o Deos, ṣo-o choa bó matoto.	
section_18_fourth_sermon_sentence_098	18	Fourth Sermon: John xvii. 3	sermon_sentence	sentence_098	91	98	123	130	False	180	0	0	Hand-reviewed against the source PDF; transcription accepted or corrected.		Sja icho papachalt o babosa kamaibas o lallalak o choa ranied makesjap o kakossi alla kartattisan ja patapos i chau o gehenna, ino chotein taulaulan rorró i ta ṣaitan, pa ṣisi-ech.	
section_18_fourth_sermon_sentence_099	18	Fourth Sermon: John xvii. 3	sermon_sentence	sentence_099	91	98	123	130	False	334	0	0	Hand-reviewed against the source PDF; transcription accepted or corrected.		Chachalt o kakossi o mini attonannan inni bido o Deos, tattea ṣo-o rais o ma-áchon-ṣar, chau o gehenna, ṣo-o machá a manawassar, inau ta Deos a-i-jor a morich o mini mamerien o chachalt o tapos Angelus a babosa, ṣo-o papa-itis o chono ma-arapies rorró i ta ṣaitan i chau o gehenna, ino tean taulaulan kamaibas o choa tataap o arapies.	
section_18_fourth_sermon_sentence_100_101	18	Fourth Sermon: John xvii. 3	sermon_sentence	sentence_100_101	91	98	123	130	False	123	0	0	Hand-reviewed against the source PDF; one printed sentence was split across OCR units.		Alli mamotup o chau i gehenna, alli papittol o dig, papaḡá aurtsi, alli-alli, akirkir o zien, ṣo-o chachannied o taulaulan.	
section_18_fourth_sermon_sentence_102	18	Fourth Sermon: John xvii. 3	sermon_sentence	sentence_102	91	98	123	130	False	262	0	0	Hand-reviewed against the source PDF; transcription accepted or corrected.		Ta Deos alla pait'o choa rió inni ábono kakossi, depa mamoribal i gehenna tapos o babosa, pinauss'o choa sjiem de ta mini ta Jesus Christus, alla paparras o babosa, ṣo-o pinachalt o kakossi o babos'inni choa sjiem natta-ṣar o binnodda, alla mamabóno ma-akakossi.	
section_18_fourth_sermon_sentence_103	18	Fourth Sermon: John xvii. 3	sermon_sentence	sentence_103	91	98	123	130	False	167	0	0	Hand-reviewed against the source PDF; transcription accepted or corrected.		Masini pagatomma deeg, alla mamachoté babosa taulaulan i gehenna, barrasan ja inau machoté o ta sjiem o Deos tapos chono ai kamachi' o kakossi, ṣo-o poetautat o gagil.	
section_18_fourth_sermon_sentence_104	18	Fourth Sermon: John xvii. 3	sermon_sentence	sentence_104	91	98	123	130	False	255	0	0	Hand-reviewed against the source PDF; transcription accepted or corrected.		Makakki ja tsjes o babárras o mini, babosa chumpir ṣo-o kamazjies i ta Deos, ṣo-o maborr'o choa ázjies-in ta Deos, babosa kummossi, ṣo-o ta sjiem o Deos lummaslas o ma-akakóssi, alli las-las-en o ṣo-é babos'a, laslas-en o taḡḡa, o machá o ta sjiem o Deos.	
section_18_fourth_sermon_sentence_105	18	Fourth Sermon: John xvii. 3	sermon_sentence	sentence_105	91	98	123	130	False	114	0	0	Hand-reviewed against the source PDF; transcription accepted or corrected.		Minachoté inni choa bog a tsjes ta Christus depa mamachoté taulaulan, depa mamoribal i gehenna torroa bog a tsjes.	
section_18_fourth_sermon_sentence_106	18	Fourth Sermon: John xvii. 3	sermon_sentence	sentence_106	91	98	123	130	False	105	0	0	Hand-reviewed against the source PDF; transcription accepted or corrected.		Minachá ta sjiem o Deos, minotup o babóan o marara, alla mamorich taulaulan rapies a ma-auri-edda-da cho.	
section_18_fourth_sermon_sentence_107	18	Fourth Sermon: John xvii. 3	sermon_sentence	sentence_107	91	98	123	130	False	131	0	0	Hand-reviewed against the source PDF; transcription accepted or corrected.		Ranied alli mab'o pattite, tsjes alli mab'o tumpa, ṣo-o ṣaan alli mab'o tummaap o rio o tsjes, o ai tum-ṣar inni babarras o babosa.	
section_18_fourth_sermon_sentence_108	18	Fourth Sermon: John xvii. 3	sermon_sentence	sentence_108	91	98	123	130	False	188	0	0	Hand-reviewed against the source PDF; transcription accepted or corrected.		Inni tuppono mini inipaita ja aukat o Deos pana torro boa, machó ta Apostel Johannes, alla ta Deos pinauss'o choa sjiem natta-ṣar o binodda de ta mini, alla mamorich ja namo inni icho-ṣar.	
section_18_fourth_sermon_sentence_109	18	Fourth Sermon: John xvii. 3	sermon_sentence	sentence_109	91	98	123	130	False	282	0	0	Hand-reviewed against the source PDF; transcription accepted or corrected.		Ṣo-o maacháchimit ta David pizich o choa tsjes o madas o tataap o rió talcho a mato, inni raraid o manna-achpil a teis natorroa adassa na-a tsjes i ta Jehova, machó ṣo-o tapos o ai lallum ina choa naan o ma-achimit, adassa na-a tsjes i ta Jehova, ṣo-o hai poach o choa tataap o rió.	
section_18_fourth_sermon_sentence_110	18	Fourth Sermon: John xvii. 3	sermon_sentence	sentence_110	91	98	123	130	False	67	0	0	Hand-reviewed against the source PDF; transcription accepted or corrected.		Tamasea mabóno tapos oa arapies, tamasea patausono tapos oa dig-oë.	
section_18_fourth_sermon_sentence_111	18	Fourth Sermon: John xvii. 3	sermon_sentence	sentence_111	91	98	123	130	False	86	0	0	Hand-reviewed against the source PDF; transcription accepted or corrected.		Tamasea parras oa morich, depa moribal, tamasea summammisam ijonoë o rió o tsjes a bó.	
section_18_fourth_sermon_sentence_112	18	Fourth Sermon: John xvii. 3	sermon_sentence	sentence_112	91	98	123	130	False	126	0	0	Hand-reviewed against the source PDF; transcription accepted or corrected.		Kanarroa, torrodden o tassono autat o gagil inni atil o mini, o ai marach o morich o ma-áchonṣar, ṣo-o romaroman aṣosóno Deos.	
section_18_fourth_sermon_sentence_113	18	Fourth Sermon: John xvii. 3	sermon_sentence	sentence_113	91	98	123	130	False	84	0	0	Hand-reviewed against the source PDF; transcription accepted or corrected.		Autat o gagil paḡá maibas o rim'o tsjes-oë, ino arach o tapos, o ai passoso ta Deos.	
section_18_fourth_sermon_sentence_114	18	Fourth Sermon: John xvii. 3	sermon_sentence	sentence_114	91	98	123	130	False	236	0	0	Hand-reviewed against the source PDF; transcription accepted or corrected.		Pagatomma Deos passoso, ṣo-o pe'o baak o choa aṣosó, pagatomma babosa mauchus merab, ṣo-o meach'aicho-ies, alli marach o charri o ai, sja marotul o autat inni Deos, marotul o autat inni ranied o Deos, marotul o autat o gagil choa tsjes.	
section_18_fourth_sermon_sentence_115	18	Fourth Sermon: John xvii. 3	sermon_sentence	sentence_115	91	98	123	130	False	66	0	0	Hand-reviewed against the source PDF; transcription accepted or corrected.		Machá o Deos miall'o autat o ai, alla chummad o choa aṣoso a ai-a.	
section_18_fourth_sermon_sentence_116	18	Fourth Sermon: John xvii. 3	sermon_sentence	sentence_116	91	98	123	130	False	93	0	0	Hand-reviewed against the source PDF; transcription accepted or corrected.		Ma-autat a cho ma-árach, sja ineach'i ta Deos inni autat o gagil, ṣo-o kamaibas o choa airab.	
section_18_fourth_sermon_sentence_117	18	Fourth Sermon: John xvii. 3	sermon_sentence	sentence_117	91	98	123	130	False	106	0	0	Hand-reviewed against the source PDF; transcription accepted or corrected.		Tapos o ai mameach'oa annogḡonoḡḡono, oetautatta alla mamarach, ṣo-o allecho ean ja imo machó ta Christus.	
section_18_fourth_sermon_sentence_118	18	Fourth Sermon: John xvii. 3	sermon_sentence	sentence_118	91	98	123	130	False	62	0	0	Hand-reviewed against the source PDF; transcription accepted or corrected.		Inau decho ja maukat o morich ai, ja maukat o morich i boesum?	
section_18_fourth_sermon_sentence_119	18	Fourth Sermon: John xvii. 3	sermon_sentence	sentence_119	91	98	123	130	False	64	0	0	Hand-reviewed against the source PDF; transcription accepted or corrected.		Ja maukat oa bog a tsjes morich o taulaulan, ṣo-o mauchus a rió?	
section_18_fourth_sermon_sentence_120	18	Fourth Sermon: John xvii. 3	sermon_sentence	sentence_120	91	98	123	130	False	64	0	0	Hand-reviewed against the source PDF; transcription accepted or corrected.		Oetautatta inni Deos o gagil, ṣo-o choa sjiem ta Jesus Christus.	
section_18_fourth_sermon_sentence_121	18	Fourth Sermon: John xvii. 3	sermon_sentence	sentence_121	91	98	123	130	False	108	0	0	Hand-reviewed against the source PDF; transcription accepted or corrected.		Aṣinia, kriella, abicha o ranied o Deos, tuppá ṣo-o aladikka micho, alla rará o ab'o Deos tummillaḡ i tsjes.	
section_18_fourth_sermon_sentence_122	18	Fourth Sermon: John xvii. 3	sermon_sentence	sentence_122	91	98	123	130	False	53	0	0	Hand-reviewed against the source PDF; transcription accepted or corrected.		Innaide aṣini o ranied o Deos tummoach o autat a ába.	
section_18_fourth_sermon_sentence_123	18	Fourth Sermon: John xvii. 3	sermon_sentence	sentence_123	91	98	123	130	False	227	0	0	Hand-reviewed against the source PDF; transcription accepted or corrected.		Autat ai paga aṣosóno Deos, eachá icho, dobdobba, illo-iloa, alla pe'o ába pauab o autat imoa, alla madarram icho-noë, alla poetautat inni choa boa, ṣo-o marach o morich o ma-áchon-ṣar, kamaibas o ab'o ranied o ta sjiem o Deos.	
section_18_fourth_sermon_sentence_124	18	Fourth Sermon: John xvii. 3	sermon_sentence	sentence_124	91	98	123	130	False	160	0	0	Hand-reviewed against the source PDF; transcription accepted or corrected.		Torro attillan taulan innai atite o mini, alla ta Christus paga maa-i-jor o babosa pana choa tamau, tamasea pa-i-jor o ma-autat a cho pana boesum, pana ta Deos.	
section_18_fourth_sermon_sentence_125	18	Fourth Sermon: John xvii. 3	sermon_sentence	sentence_125	91	98	123	130	False	62	0	0	Hand-reviewed against the source PDF; transcription accepted or corrected.		Karri-azjies ta Deos a babosa, alli karri-dadaat inau kakossi.	
section_18_fourth_sermon_sentence_126	18	Fourth Sermon: John xvii. 3	sermon_sentence	sentence_126	91	98	123	130	False	72	0	0	Hand-reviewed against the source PDF; transcription accepted or corrected.		Inau decho maṣabb'o ma-aborra babos'a ma-azinado ino aarpanni i ta Deos.	
section_18_fourth_sermon_sentence_127	18	Fourth Sermon: John xvii. 3	sermon_sentence	sentence_127	91	98	123	130	False	329	0	0	Hand-reviewed against the source PDF; transcription accepted or corrected.		Ma-aborr'o mini tuppach o Deos a babosa paga maunis a tsjes o Deos ta Jesus Christus, tamasea tsinummoach inni ḡa o babosa, ṣo-o inipaussa de bab'o ta, maibas insini maunis-o-ala, alle lummaslas o choa machá o kakossi o babosa, alla ṣimien ta Deos a babos'o choa azinado, alla pabórr'o choa tamau, ṣo-o pádaat i ta Deos o babosa.	
section_18_fourth_sermon_sentence_128	18	Fourth Sermon: John xvii. 3	sermon_sentence	sentence_128	91	98	123	130	False	507	0	0	Hand-reviewed against the source PDF; transcription accepted or corrected.		Inau decho rorró-no padarram o babos'o gagil o Deos, ṣo-o choa sjiem, o ai pinauss'icho, micho-ṣar a pattite choa micho boa, maibas o ma-aborr'o o babosa, innainumm'ija ummior all'inni autat a ab'o ta Christus paḡa gagil o morich, morich o ma-áchon-ṣar, ean o babos'icho innai Deos o tamau, alla parras o machá dechoa, ṣo-o pe'o morich o ma-áchon-ṣar; kamaibas o choa ála, mini-ṣar paga morich o ma-áchon-ṣar ai, alla madarram ija dechonoë natta-ṣar ai gagil o Deos, ṣo-o ta Jesus Christus o ai pinauss'ijo.	
section_18_fourth_sermon_sentence_129	18	Fourth Sermon: John xvii. 3	sermon_sentence	sentence_129	91	98	123	130	False	88	0	0	Hand-reviewed against the source PDF; transcription accepted or corrected.		Mabarra ta Christus paurich o morich-a ṣo-o macha-da ai, inau sjiem o Deos o gagil icho.	
section_18_fourth_sermon_sentence_130	18	Fourth Sermon: John xvii. 3	sermon_sentence	sentence_130	91	98	123	130	False	72	0	0	Hand-reviewed against the source PDF; transcription accepted or corrected.		Maibas o tamau paurich, masini channumma ta sjiem paurich tamasea merab.	
section_18_fourth_sermon_sentence_131	18	Fourth Sermon: John xvii. 3	sermon_sentence	sentence_131	91	98	123	130	False	280	0	0	Hand-reviewed against the source PDF; transcription accepted or corrected.		Inni ma-aborr'o mini torro babosa dummaat i ta Deos, ṣo-o madarram icho, maibas torro madarram o cho inni choa sisjiem; tamasea minit'ina, minit'o tamau channumma, machó ta Christus, inau gagil o sjiem o Deos icho, ṣo-o tatṣar o choa boa, gagil a isas o choa tamau o ma-acharrieb.	
section_18_fourth_sermon_sentence_132	18	Fourth Sermon: John xvii. 3	sermon_sentence	sentence_132	91	98	123	130	False	59	0	0	Hand-reviewed against the source PDF; transcription accepted or corrected.		Ani maro innai ta Deos, inni ta Christus machaddik ja namo.	
section_18_fourth_sermon_sentence_133	18	Fourth Sermon: John xvii. 3	sermon_sentence	sentence_133	91	98	123	130	False	89	0	0	Hand-reviewed against the source PDF; transcription accepted or corrected.		Ani paga azjiés, inni ta Christus torro sisjiem o Deos, choa aukattan a cho, a ari-eddan.	
section_18_fourth_sermon_sentence_134	18	Fourth Sermon: John xvii. 3	sermon_sentence	sentence_134	91	98	123	130	False	75	0	0	Hand-reviewed against the source PDF; transcription accepted or corrected.		Ani karri-azjies ta Deos a babosa, inni ta Christus karri-áborra dech-onoë.	
section_18_fourth_sermon_sentence_135	18	Fourth Sermon: John xvii. 3	sermon_sentence	sentence_135	91	98	123	130	False	97	0	0	Hand-reviewed against the source PDF; transcription accepted or corrected.		Ani torro mori-edd'i ta Deos, inni ta Christus torro pacheoach pana choa ṣo-o torroa micho tamau.	
section_18_fourth_sermon_sentence_136	18	Fourth Sermon: John xvii. 3	sermon_sentence	sentence_136	91	98	123	130	False	246	0	0	Hand-reviewed against the source PDF; transcription accepted or corrected.		Deech o machoté ṣo-o moribal torroa bog a tsjes taulaulan i gehenna inau torroa arapies, inni ta Christus barrassan torro o chachalt o mini, tamasea dau i torro minachoté o dig a aurtsi o gehenna inni bog a tsjes, alla chachummalt torroa kakossi.	
section_18_fourth_sermon_sentence_137	18	Fourth Sermon: John xvii. 3	sermon_sentence	sentence_137	91	98	123	130	False	167	0	0	Hand-reviewed against the source PDF; transcription accepted or corrected.		Kaminatis o boesum ja torro, ṣo-o morich i boesum inau kakossi, ta Christus o choa babissé a mario a tataap minarach o boesum o tattaula, ṣo-o paaunis torro aicho-ech.	
section_18_fourth_sermon_sentence_138	18	Fourth Sermon: John xvii. 3	sermon_sentence	sentence_138	91	98	123	130	False	446	0	0	Hand-reviewed against the source PDF; transcription accepted or corrected.		Masini inni ma-aborra ta Jesus Christus torro marach o babarras o kakossi, ṣo-o morich o ma-áchonṣar: icho pario torroa bog a tsjes inni morich o mini, ṣo-o paatsikap i namo ino aarpanni i ta Deos, michoṣar a pattite pesas'o ummoob o baó a isas o choa babissé a chimit inni torro boa, pachímit o bog a tsjes, alla ka-itis o tataap o arapies, maibas o sisjiem o Deos torro tummalpon o baó a morich, tummalpon o mababat inni tapos o babissé o Deos.	
section_18_fourth_sermon_sentence_139	18	Fourth Sermon: John xvii. 3	sermon_sentence	sentence_139	91	98	123	130	False	159	0	0	Hand-reviewed against the source PDF; transcription accepted or corrected.		Pasji ausoan tarran o mini, tarran o babissé a atillóno Deos pai-jor o sisjiem a chono Deos ma-ai-jor ai ta Jesus Christus, ṣo-o pádoro i boesum-ech decho-noë.	
section_18_fourth_sermon_sentence_140	18	Fourth Sermon: John xvii. 3	sermon_sentence	sentence_140	91	98	123	130	False	56	0	0	Hand-reviewed against the source PDF; transcription accepted or corrected.		Atil o mini paita ṣo-o padarram tomm'ija sisjiem o Deos.	
section_18_fourth_sermon_sentence_141	18	Fourth Sermon: John xvii. 3	sermon_sentence	sentence_141	91	98	123	130	False	166	0	0	Hand-reviewed against the source PDF; transcription accepted or corrected.		Tapos o ai ummior i ta Christus, ummior o tarran o atillóno Deos, ṣo-o mababat inni babissé a chimit, maibas minababat icho babo ta mini, paga gagil o sisjiem o Deos.	
section_18_fourth_sermon_sentence_142	18	Fourth Sermon: John xvii. 3	sermon_sentence	sentence_142	91	98	123	130	False	145	0	0	Hand-reviewed against the source PDF; transcription accepted or corrected.		Maibassar pala, na-a sisjiem maṣini na-a char-ṣar, ṣo-o ina madarram dechoa, ṣo-o ummior ina decho-noë, ṣo-o ina pe'i decho morich o ma-áchonṣar.	
section_18_fourth_sermon_sentence_143	18	Fourth Sermon: John xvii. 3	sermon_sentence	sentence_143	91	98	123	130	False	272	0	0	Hand-reviewed against the source PDF; transcription accepted or corrected.		Kanarroa, ja ta Christus paga ma-a-i-jor o sisjiem, o Deos, ja icho pait'o tarran pana boesum, maibas inipabá o pia, mai, atil o mini maspot a pizich imoa tsimichier i ta Christus inni oa morich, alla maṣini o choa char-ṣar, ṣo-o mabaddabadd'o o tattorroddan ochoa morích.	
section_18_fourth_sermon_sentence_144	18	Fourth Sermon: John xvii. 3	sermon_sentence	sentence_144	91	98	123	130	False	145	0	0	Hand-reviewed against the source PDF; transcription accepted or corrected.		Masini o gagil ṣaṣummossono tarran i boesum, sja a-ummior o kakirrich o choa ranied, sja ma-machon-ṣar o mababat inni tattallas o choa aṣiel-ṣar.	
section_18_fourth_sermon_sentence_145	18	Fourth Sermon: John xvii. 3	sermon_sentence	sentence_145	91	98	123	130	False	105	0	0	Hand-reviewed against the source PDF; transcription accepted or corrected.		Micho ja maukat a ina alla ta Deos passoso imoa inau ta Jesus Christus choa aukattan a sjiem badda, Amen.	
section_19_fifth_sermon_sentence_001	19	Fifth Sermon: John xvi. 23	sermon_sentence	sentence_001	98	101	130	133	False	24	0	0	Hand-reviewed against the source PDF; transcription accepted or corrected.		A Ukattan a ma-akakriel.	
section_19_fifth_sermon_sentence_002	19	Fifth Sermon: John xvi. 23	sermon_sentence	sentence_002	98	101	130	133	False	339	0	0	Hand-reviewed against the source PDF; transcription accepted or corrected.		Maibas o sisjiem o babosa meach'o tamau a tanai, ṣo-o pab'i decho, sja maṣabb'o inochan, ja romaroman, ṣo-o babosa pagatomma mab'o tump'o choa sisjiem, ṣo-o merab o maunis pea, alli makarrichi o sisjiem sja decho ṣai meacha; kasjabaan maso maukat o sisjiem, maso maukat o pea, inau um-illoilono meacha, ṣo-o maibas o dumbor o pea dechonoë.	
section_19_fifth_sermon_sentence_003	19	Fifth Sermon: John xvi. 23	sermon_sentence	sentence_003	98	101	130	133	False	166	0	0	Hand-reviewed against the source PDF; transcription accepted or corrected.		Masini maso makkesjap o babos'o ai tummoach de ta mini barrabarraan ṣo-o maasabba, pab'o tamau de boesum choa ṣabba, ṣo-o meach'i ta Deos tapos o ai maṣabb'ija decho.	
section_19_fifth_sermon_sentence_004	19	Fifth Sermon: John xvi. 23	sermon_sentence	sentence_004	98	101	130	133	False	368	0	0	Hand-reviewed against the source PDF; transcription accepted or corrected.		Inau ta Deos pagatomma ma-al-ál a tsjes icho, ṣo-o merab o maunis pea, maukat o annoḡḡonoḡḡo a aiacha, ṣo-o merab alla babosa madarram o choaal-ál, all'icho paga ma-a-daldal a ma-ai-a ṣo-o chuppod o gagil o tapos rió, alla babosa dummauko o boesum pana tamau o rará, innai tamasea ṣai tapos aṣosóno mario all'um-illo-ilono meacha, ṣo-o paspot i ta Deos o choa ai-acha.	
section_19_fifth_sermon_sentence_005	19	Fifth Sermon: John xvi. 23	sermon_sentence	sentence_005	98	101	130	133	False	72	0	0	Hand-reviewed against the source PDF; transcription accepted or corrected.		Maibas pab'ija ta sjiem o Deos, eachá, machó, ṣo-o allecho, ean, ja imo.	
section_19_fifth_sermon_sentence_006	19	Fifth Sermon: John xvi. 23	sermon_sentence	sentence_006	98	101	130	133	False	64	0	0	Hand-reviewed against the source PDF; transcription accepted or corrected.		Ṣaddá-na ṣo-o ta tummala tókkana, ṣo-o allecho tannaanni ja imo.	
section_19_fifth_sermon_sentence_007	19	Fifth Sermon: John xvi. 23	sermon_sentence	sentence_007	98	101	130	133	False	162	0	0	Hand-reviewed against the source PDF; transcription accepted or corrected.		Ṣo-o inni atite o miniṣar icho pizich o choa aran tschiet narroa cho, meach'i ta Deos choa tamau, inau gagil allecho ean tapos o ai, decho mameach'inni choa naan.	
section_19_fifth_sermon_sentence_008	19	Fifth Sermon: John xvi. 23	sermon_sentence	sentence_008	98	101	130	133	False	117	0	0	Hand-reviewed against the source PDF; transcription accepted or corrected.		Annach, annach, ina pala ja imoa, machó, alla tapos o ai mameach'o tamau inni na-a micho naan, o ai icho pape'imonoë.	
section_19_fifth_sermon_sentence_009	19	Fifth Sermon: John xvi. 23	sermon_sentence	sentence_009	98	101	130	133	False	58	0	0	Hand-reviewed against the source PDF; transcription accepted or corrected.		Ta Christus insini patorrod o naspat a tuppo inni ai-acha.	
section_19_fifth_sermon_sentence_010	19	Fifth Sermon: John xvi. 23	sermon_sentence	sentence_010	98	101	130	133	False	64	0	0	Hand-reviewed against the source PDF; transcription accepted or corrected.		Kapesasa, alla torro maspot a meach'i ta Deos o tamau de boesum.	
section_19_fifth_sermon_sentence_011	19	Fifth Sermon: John xvi. 23	sermon_sentence	sentence_011	98	101	130	133	False	69	0	0	Hand-reviewed against the source PDF; transcription accepted or corrected.		Kanarroa, alla maspot a meach, o Deos o tamau inni naan o choa sjiem.	
section_19_fifth_sermon_sentence_012	19	Fifth Sermon: John xvi. 23	sermon_sentence	sentence_012	98	101	130	133	False	49	0	0	Hand-reviewed against the source PDF; transcription accepted or corrected.		Kanatorroa, numm'ija makkesjap o meach'i ta Deos.	
section_19_fifth_sermon_sentence_013	19	Fifth Sermon: John xvi. 23	sermon_sentence	sentence_013	98	101	130	133	False	50	0	0	Hand-reviewed against the source PDF; transcription accepted or corrected.		Kanaspat, alla maspot a meacha inni autat o gagil.	
section_19_fifth_sermon_sentence_014	19	Fifth Sermon: John xvi. 23	sermon_sentence	sentence_014	98	101	130	133	False	45	0	0	Hand-reviewed against the source PDF; transcription accepted or corrected.		Ai-acha paga ṣaṣaod o tsjes katinnaam o Deos.	
section_19_fifth_sermon_sentence_015	19	Fifth Sermon: John xvi. 23	sermon_sentence	sentence_015	98	101	130	133	False	69	0	0	Hand-reviewed against the source PDF; transcription accepted or corrected.		Ranied pallil o baak, sja alli ummior ṣo-o pissarra tsjes a tattuppa.	
section_19_fifth_sermon_sentence_016	19	Fifth Sermon: John xvi. 23	sermon_sentence	sentence_016	98	101	130	133	False	96	0	0	Hand-reviewed against the source PDF; transcription accepted or corrected.		Tinnaam ai-acha torro maspot a mabissas, ṣo-o ummalappono tsjes a tattupa pana ta Deos i boesum.	
section_19_fifth_sermon_sentence_017	19	Fifth Sermon: John xvi. 23	sermon_sentence	sentence_017	98	101	130	133	False	116	0	0	Hand-reviewed against the source PDF; transcription accepted or corrected.		Maspot a maba, alla torro ṣabanno mai meacha, tummoach katinnaam o Deos, tamasea mialla, ṣo-o mab'o tattupp'i tsjes.	
section_19_fifth_sermon_sentence_018	19	Fifth Sermon: John xvi. 23	sermon_sentence	sentence_018	98	101	130	133	False	81	0	0	Hand-reviewed against the source PDF; transcription accepted or corrected.		Malleak o ai-acha ta Deos o ai bossot innai dorren, alli tummoach innai-de tsjes.	
section_19_fifth_sermon_sentence_019	19	Fifth Sermon: John xvi. 23	sermon_sentence	sentence_019	98	101	130	133	False	110	0	0	Hand-reviewed against the source PDF; transcription accepted or corrected.		Chono mini machó dummaat ina o choa ranied, ṣo-o madas ina o choa dorren, ṣo-o maro ja choa tsjes innai ina-e.	
section_19_fifth_sermon_sentence_020	19	Fifth Sermon: John xvi. 23	sermon_sentence	sentence_020	98	101	130	133	False	82	0	0	Hand-reviewed against the source PDF; transcription accepted or corrected.		Inau micho torro maspot a miel depa mortatach, ja molappa torroa tsjes a tattuppa.	
section_19_fifth_sermon_sentence_021	19	Fifth Sermon: John xvi. 23	sermon_sentence	sentence_021	98	101	130	133	False	241	0	0	Hand-reviewed against the source PDF; transcription accepted or corrected.		Torroa rima a rorró alappoon pana babó, ṣabanno torro tummalpon o meacha, paita, alla torro maspot a dumbor ṣo-o pauss'o tattuppa pana boesum, alla tump'i ta Deos, alla tump'o ranied o ai-acha, ṣo-o tuppono ai, torro merab o meach'i ta Deos.	
section_19_fifth_sermon_sentence_022	19	Fifth Sermon: John xvi. 23	sermon_sentence	sentence_022	98	101	130	133	False	148	0	0	Hand-reviewed against the source PDF; transcription accepted or corrected.		Makkesjap channumma, alla katinnaam ai-acba torro tummis o aṣies o tsjes, ṣo-o dummaat i ta Deos inni atirtir a ikkil, ma-arich inau torroa kakossi.	
section_19_fifth_sermon_sentence_023	19	Fifth Sermon: John xvi. 23	sermon_sentence	sentence_023	98	101	130	133	False	91	0	0	Hand-reviewed against the source PDF; transcription accepted or corrected.		Malleak o chono maaṣies a tsjes ta Deos, ṣo-o pait'o chono ma-a-arich a ma-a-ṣabba choa bó.	
section_19_fifth_sermon_sentence_024	19	Fifth Sermon: John xvi. 23	sermon_sentence	sentence_024	98	101	130	133	False	208	0	0	Hand-reviewed against the source PDF; transcription accepted or corrected.		Kanatorroa, maspot a maba, alla kakossi ṣimien ta Deos a babosa, ṣo-o miel o ai-acha depa pasji boesum pana ta Deos, tamasea alli maṣini o chono ma-achachuppir, o ai moddon o tsjes, ṣo-o chumpir o chó'atillo.	
section_19_fifth_sermon_sentence_025	19	Fifth Sermon: John xvi. 23	sermon_sentence	sentence_025	98	101	130	133	False	134	0	0	Hand-reviewed against the source PDF; transcription accepted or corrected.		Kasjabaan maukat o zichil inau kakossi, ṣo-o mabo chono ma-azichil a tsjes, tamasea machi'o kakossi, ṣo-o ummior o bisse-bissé o Deos.	
section_19_fifth_sermon_sentence_026	19	Fifth Sermon: John xvi. 23	sermon_sentence	sentence_026	98	101	130	133	False	128	0	0	Hand-reviewed against the source PDF; transcription accepted or corrected.		Inau micho torro maspot a tummis o arapies o tsjes, ṣo-o tapos o tataap o kakossi, alla mai meach'i ta Deos inni chimit o tsjes.	
section_19_fifth_sermon_sentence_027	19	Fifth Sermon: John xvi. 23	sermon_sentence	sentence_027	98	101	130	133	False	121	0	0	Hand-reviewed against the source PDF; transcription accepted or corrected.		Ka-ochal ipaba moeda torro maspot a mabissas o tsjes tinnaam ai-acha, ummior o naspat a tuppo ino ipatorrod inni ai-acha.	
section_19_fifth_sermon_sentence_028	19	Fifth Sermon: John xvi. 23	sermon_sentence	sentence_028	98	101	130	133	False	89	0	0	Hand-reviewed against the source PDF; transcription accepted or corrected.		Kapesasa, pab'ija ta Christus, alla choa aran maspot a meach'i ta Deos o tamau de boesum.	
section_19_fifth_sermon_sentence_029	19	Fifth Sermon: John xvi. 23	sermon_sentence	sentence_029	98	101	130	133	False	34	0	0	Hand-reviewed against the source PDF; transcription accepted or corrected.		Tapos o ai mameach'o tamau, machó.	
section_19_fifth_sermon_sentence_030	19	Fifth Sermon: John xvi. 23	sermon_sentence	sentence_030	98	101	130	133	False	124	0	0	Hand-reviewed against the source PDF; transcription accepted or corrected.		Icho pattonan o tamau insini, o gagil o Deos, tamasea minerien o mini tapos ai, ṣo-o maibas o tamau porich o tapos o babosa.	
section_19_fifth_sermon_sentence_031	19	Fifth Sermon: John xvi. 23	sermon_sentence	sentence_031	98	101	130	133	False	112	0	0	Hand-reviewed against the source PDF; transcription accepted or corrected.		Torro patapos paga natta-ṣar a tamau, ṣo-o nattaṣar a Deos minerien torro patapos, machó ta ma-aijaab Malachias.	
section_19_fifth_sermon_sentence_032	19	Fifth Sermon: John xvi. 23	sermon_sentence	sentence_032	98	101	130	133	False	226	0	0	Hand-reviewed against the source PDF; transcription accepted or corrected.		Kamaunionis icho; pattonan o tamau, bo'o pesasa inni ḡa o Deossar, ṣo-o madarram o pattonan icho-noë choa micho tamau, inau pinausjiem o narroada boa inni ḡa o Deos ta Jesus Christus, gagil a isas ṣo-o tatṣar o choa micho boa.	
section_19_fifth_sermon_sentence_033	19	Fifth Sermon: John xvi. 23	sermon_sentence	sentence_033	98	101	130	133	False	136	0	0	Hand-reviewed against the source PDF; transcription accepted or corrected.		Ta Christus pattil o choa aran meach'i ta Deos, ṣo-o pa-i-jor i decho pana choa tamau, inau ma-ákammichi makkesjap ino eachanni ta Deos.	
section_19_fifth_sermon_sentence_034	19	Fifth Sermon: John xvi. 23	sermon_sentence	sentence_034	98	101	130	133	False	49	0	0	Hand-reviewed against the source PDF; transcription accepted or corrected.		Mab'o tapos o ai, maṣini o ai-acha de tapos o ta.	
section_19_fifth_sermon_sentence_035	19	Fifth Sermon: John xvi. 23	sermon_sentence	sentence_035	98	101	130	133	False	294	0	0	Hand-reviewed against the source PDF; transcription accepted or corrected.		Kamabar'ija tapos o ai, ṣo-o ma-ábo a tsjes, alla tummó cho'a-olli-eul o babosa, maibas pab'ija ta Christus inni ramied o Evangelium Mathei; tomm'ija babosa, machó, paga lallum imoa, sja choa sjiem mameach'ichóno uppo, alla pape'ichóno bato, ṣo-o sja mameach'ichóno tsi, alla pape'ichóno ibien.	
section_19_fifth_sermon_sentence_036	19	Fifth Sermon: John xvi. 23	sermon_sentence	sentence_036	98	101	130	133	False	218	0	0	Hand-reviewed against the source PDF; transcription accepted or corrected.		Oedan, sja imoa, o ai paga rapies, mab'o pe'o aṣosono mario oa sisjiem, maso masanno oa tamau, tamasea paga de boesum pape'o aṣosóno mario, chono ai meach'ija icho aicho-ies kasjabaan pa ja a-olli-eul inni Deos o baak.	
section_19_fifth_sermon_sentence_037	19	Fifth Sermon: John xvi. 23	sermon_sentence	sentence_037	98	101	130	133	False	55	0	0	Hand-reviewed against the source PDF; transcription accepted or corrected.		Chubboen tsjes tapos choa aran, tamasea ṣummad'i decho.	
section_19_fifth_sermon_sentence_038	19	Fifth Sermon: John xvi. 23	sermon_sentence	sentence_038	98	101	130	133	False	90	0	0	Hand-reviewed against the source PDF; transcription accepted or corrected.		Mameach'i ta Jehova oa Deossar, ṣo-o allecho aran icho ma-akammichiṣar, machó ta Christus.	
section_19_fifth_sermon_sentence_039	19	Fifth Sermon: John xvi. 23	sermon_sentence	sentence_039	98	101	130	133	False	246	0	0	Hand-reviewed against the source PDF; transcription accepted or corrected.		Kanarroa-da tuppo inni ai-acha pait'o azinadono ta Jesus Christus, ṣo-o pab'ija alla maspot a meach'o Deos o tamau inni naan o choa sjiem: tapos o ai mameach'o tamau inni na-a micho naan, machó: micho-ṣar a pattite, inau na-a-da boa ṣo-o azinado.	
section_19_fifth_sermon_sentence_040	19	Fifth Sermon: John xvi. 23	sermon_sentence	sentence_040	98	101	130	133	False	32	0	0	Hand-reviewed against the source PDF; transcription accepted or corrected.		Ta Deos a babosa kamauchus maro.	
section_19_fifth_sermon_sentence_041	19	Fifth Sermon: John xvi. 23	sermon_sentence	sentence_041	98	101	130	133	False	273	0	0	Hand-reviewed against the source PDF; transcription accepted or corrected.		Inau decho ṣimien ta Christus alla karri-dadaat dechoa inni choa-da boa, o ai machaddik o choa tamau maibas o sjiem o Deos, ṣo-o machaddik o babosa, maibas o sjiem babosa, rorró-no Deos a babos'inni natta-da boa, ṣo-o inau decho matsikap o pazinado tuppach o Deos a babosa.	
section_19_fifth_sermon_sentence_042	19	Fifth Sermon: John xvi. 23	sermon_sentence	sentence_042	98	101	130	133	False	150	0	0	Hand-reviewed against the source PDF; transcription accepted or corrected.		Masini Deos o tamau dummaat o babosa, maṣini o ai-acha ṣo-o annoḡḡonoḡḡo-no inni choa aukattan a sjiem, tamasea tallochon pazinado i namo de tamau ai.	
section_19_fifth_sermon_sentence_043	19	Fifth Sermon: John xvi. 23	sermon_sentence	sentence_043	98	101	130	133	False	158	0	0	Hand-reviewed against the source PDF; transcription accepted or corrected.		Maukat o cho sjiem tamau, ṣo-o tallochon maṣini icho, ṣo-o inau choa azinado maukat channumm'o chono ai poetautat inni choa sjiem, ṣo-o maṣini o choa ai-acha.	
section_19_fifth_sermon_sentence_044	19	Fifth Sermon: John xvi. 23	sermon_sentence	sentence_044	98	101	130	133	False	170	0	0	Hand-reviewed against the source PDF; transcription accepted or corrected.		Micho babosa maspot a maba, ṣo-o tallochon tump'inni ai-acha, sja merab o meach'i ta Deos charri o ai, alla meach'icho-noë inni naan o choa sjiem, ṣo-o inau choa azinado.	
section_19_fifth_sermon_sentence_045	19	Fifth Sermon: John xvi. 23	sermon_sentence	sentence_045	98	101	130	133	False	140	0	0	Hand-reviewed against the source PDF; transcription accepted or corrected.		Gachanni o baak ta Deos, alli ma-árach o babosa, sja alli tummoach o ai-acha innaide autat inni ta sjiem o Deos, sja marotul o choa azinado.	
section_19_fifth_sermon_sentence_046	19	Fifth Sermon: John xvi. 23	sermon_sentence	sentence_046	98	101	130	133	False	129	0	0	Hand-reviewed against the source PDF; transcription accepted or corrected.		Mini-ṣar choa pab'o aran ta Christus, acho mineach'inni naa micho naan, machó: eachá, ṣo-o mamarach, alla matapo ja oa aukat-ech.	
section_19_fifth_sermon_sentence_047	19	Fifth Sermon: John xvi. 23	sermon_sentence	sentence_047	98	101	130	133	False	147	0	0	Hand-reviewed against the source PDF; transcription accepted or corrected.		Ta Christus ochoa azinado tummakkoop o aulakies inni ai-acha, ṣo-o patoach aicho inni choa naan tinnaam o choa tamau, alla mabasso ja, ṣo-o marach.	
section_19_fifth_sermon_sentence_048	19	Fifth Sermon: John xvi. 23	sermon_sentence	sentence_048	98	101	130	133	False	92	0	0	Hand-reviewed against the source PDF; transcription accepted or corrected.		Ummior o natorroa-da tuppo ino torrodden inni ai-acha, numm'ija makkesjap o meach'i ta Deos.	
section_19_fifth_sermon_sentence_049	19	Fifth Sermon: John xvi. 23	sermon_sentence	sentence_049	98	101	130	133	False	46	0	0	Hand-reviewed against the source PDF; transcription accepted or corrected.		Tapos o ai mameach o tamau, machó ta Christus.	
section_19_fifth_sermon_sentence_050	19	Fifth Sermon: John xvi. 23	sermon_sentence	sentence_050	98	101	130	133	False	134	0	0	Hand-reviewed against the source PDF; transcription accepted or corrected.		Torro babosa marotul o tapos rió inni torroa bog inni torroa tsjes, ṣo-o tapos aṣosóno mario kasai innaide babo, innaide tamau o rará.	
section_19_fifth_sermon_sentence_051	19	Fifth Sermon: John xvi. 23	sermon_sentence	sentence_051	98	101	130	133	False	108	0	0	Hand-reviewed against the source PDF; transcription accepted or corrected.		Inau decho ta Christus inni atite o mini tapos o ai, pauss'o meach'o choa tamau, tapos o ai maṣabb'ija namo.	
section_19_fifth_sermon_sentence_052	19	Fifth Sermon: John xvi. 23	sermon_sentence	sentence_052	98	101	130	133	False	26	0	0	Hand-reviewed against the source PDF; transcription accepted or corrected.		Mapan a mato torroa ṣabba.	
section_19_fifth_sermon_sentence_053	19	Fifth Sermon: John xvi. 23	sermon_sentence	sentence_053	98	101	130	133	False	86	0	0	Hand-reviewed against the source PDF; transcription accepted or corrected.		Marotul o ába ṣo-o autat inni ta Deos torroa tsjes, marotul o chimit a babissé o Deos.	
section_19_fifth_sermon_sentence_054	19	Fifth Sermon: John xvi. 23	sermon_sentence	sentence_054	98	101	130	133	False	63	0	0	Hand-reviewed against the source PDF; transcription accepted or corrected.		Micho ja pattil o meacha ta Christus inni ai-acha, namoa tamau.	
section_19_fifth_sermon_sentence_055	19	Fifth Sermon: John xvi. 23	sermon_sentence	sentence_055	98	101	130	133	False	43	0	0	Hand-reviewed against the source PDF; transcription accepted or corrected.		Maṣabb'o inochan ṣo-o romaroman torroa bog.	
section_19_fifth_sermon_sentence_056	19	Fifth Sermon: John xvi. 23	sermon_sentence	sentence_056	98	101	130	133	False	100	0	0	Hand-reviewed against the source PDF; transcription accepted or corrected.		Micho channumma atillan ja namo meacha inni atite o mini: Epé-e namono piadai torro uppo ma-atsikap.	
section_19_fifth_sermon_sentence_057	19	Fifth Sermon: John xvi. 23	sermon_sentence	sentence_057	98	101	130	133	False	50	0	0	Hand-reviewed against the source PDF; transcription accepted or corrected.		Torro maṣabb'o a-olli-eul o Deos ṣo-o choa aladik.	
section_19_fifth_sermon_sentence_058	19	Fifth Sermon: John xvi. 23	sermon_sentence	sentence_058	98	101	130	133	False	64	0	0	Hand-reviewed against the source PDF; transcription accepted or corrected.		Inau decho attillan torro meácha, barras'i namo innai rapies ai.	
section_19_fifth_sermon_sentence_059	19	Fifth Sermon: John xvi. 23	sermon_sentence	sentence_059	98	101	130	133	False	27	0	0	Hand-reviewed against the source PDF; transcription accepted or corrected.		Mapan ja tuppo, ino eachan.	
section_19_fifth_sermon_sentence_060	19	Fifth Sermon: John xvi. 23	sermon_sentence	sentence_060	98	101	130	133	False	311	0	0	Hand-reviewed against the source PDF; transcription accepted or corrected.		Mauroma-roman aṣosóno bog a tsjes, maibas o inochan, oetas, ma-allas a boesum, naupoot ino takkoban o bog, binnas, roos a sisjiem ma-allas a tsjes, morich o ma-ilip, ab'o ṣaan, rio o tsjes, ab'o Deos, autat a ikkil o Deos, arra, aukat o tsjes, kakoeno, tattalattal'o ta auchar o ma-achimit inni zichil o rapies.	
section_19_fifth_sermon_sentence_061	19	Fifth Sermon: John xvi. 23	sermon_sentence	sentence_061	98	101	130	133	False	58	0	0	Hand-reviewed against the source PDF; transcription accepted or corrected.		Tapos o ai, ṣo-o roman maibas aicho, makkesjap ino eachan.	
section_19_fifth_sermon_sentence_062	19	Fifth Sermon: John xvi. 23	sermon_sentence	sentence_062	98	101	130	133	False	87	0	0	Hand-reviewed against the source PDF; transcription accepted or corrected.		Inni naspat a tuppo pab'ija ta Christus alla babosa naspat a meácha inni autat o gagil.	
section_19_fifth_sermon_sentence_063	19	Fifth Sermon: John xvi. 23	sermon_sentence	sentence_063	98	101	130	133	False	139	0	0	Hand-reviewed against the source PDF; transcription accepted or corrected.		Inau decho pachip o atite annach, ṣo-o pala manawas annach, annach, alla miel o armimi, ṣo-o pizich i namo didden o poetautat inni ai-acha.	
section_19_fifth_sermon_sentence_064	19	Fifth Sermon: John xvi. 23	sermon_sentence	sentence_064	98	101	130	133	False	43	0	0	Hand-reviewed against the source PDF; transcription accepted or corrected.		Machá o Deos miall'o autat ai inni ai-acha.	
section_19_fifth_sermon_sentence_065	19	Fifth Sermon: John xvi. 23	sermon_sentence	sentence_065	98	101	130	133	False	157	0	0	Hand-reviewed against the source PDF; transcription accepted or corrected.		Tamasea meácha, alla meach'inni autat-ech, machó ta Apostel Jacobus, inau tamasea marmimi, paga maibas o badóno abas, o ai itis babó rapó imaide barri ai-oë.	
section_19_fifth_sermon_sentence_066	19	Fifth Sermon: John xvi. 23	sermon_sentence	sentence_066	98	101	130	133	False	81	0	0	Hand-reviewed against the source PDF; transcription accepted or corrected.		Inau decho hai pesar masini a babosa, alla mamarach o charri o ai innai Deos-ṣar.	
section_19_fifth_sermon_sentence_067	19	Fifth Sermon: John xvi. 23	sermon_sentence	sentence_067	98	101	130	133	False	103	0	0	Hand-reviewed against the source PDF; transcription accepted or corrected.		Anánman-a minaṣini o tuppo-no ai-acha; aladikka o atite i tsjes all'ailo padarram imoa meach'i ta Deos.	
section_19_fifth_sermon_sentence_068	19	Fifth Sermon: John xvi. 23	sermon_sentence	sentence_068	98	101	130	133	False	43	0	0	Hand-reviewed against the source PDF; transcription accepted or corrected.		Acho madarram o meácha, eachá, alla marach.	
