# Clip names already published on Hugging Face, keyed by the span they
# cover. A per-sentence clip is sliced out of the whole-story recording
# named by AUDIO/@url, so the span -- not the sentence id -- is what
# identifies it. Recording the mapping here pins those names for good:
# a rebuild that renumbers sentences keeps every clip whose audio is
# unchanged, and only genuinely new spans need slicing.
#
# occurrence disambiguates the 15 spans that appear twice within one
# story; it counts from 0 in document order.
#
# Provenance: the AUDIO elements of the corpus as published on main,
# which is what the Hugging Face dataset was sliced from.
story_stem	start	end	occurrence	clip
Amis_Conv-farming_marang_furayang	0.0	3.45	0	Amis_Conv-farming_marang_furayang_S0.mp3
Amis_Conv-farming_marang_furayang	3.45	6.02	0	Amis_Conv-farming_marang_furayang_S1.mp3
Amis_Conv-farming_marang_furayang	6.02	10.07	0	Amis_Conv-farming_marang_furayang_S2.mp3
Amis_Conv-farming_marang_furayang	10.07	16.22	0	Amis_Conv-farming_marang_furayang_S3.mp3
Amis_Conv-farming_marang_furayang	16.22	21.6	0	Amis_Conv-farming_marang_furayang_S4.mp3
Amis_Conv-farming_marang_furayang	21.6	27.16	0	Amis_Conv-farming_marang_furayang_S5.mp3
Amis_Conv-farming_marang_furayang	27.16	34.05	0	Amis_Conv-farming_marang_furayang_S6.mp3
Amis_Conv-farming_marang_furayang	34.05	38.42	0	Amis_Conv-farming_marang_furayang_S7.mp3
Amis_Conv-farming_marang_furayang	38.42	44.05	0	Amis_Conv-farming_marang_furayang_S8.mp3
Amis_Conv-farming_marang_furayang	44.05	47.03	0	Amis_Conv-farming_marang_furayang_S9.mp3
Amis_Conv-farming_marang_furayang	47.03	54.24	0	Amis_Conv-farming_marang_furayang_S10.mp3
Amis_Conv-farming_marang_furayang	54.24	57.58	0	Amis_Conv-farming_marang_furayang_S11.mp3
Amis_Conv-farming_marang_furayang	57.58	62.59	0	Amis_Conv-farming_marang_furayang_S12.mp3
Amis_Conv-farming_marang_furayang	62.59	69.22	0	Amis_Conv-farming_marang_furayang_S13.mp3
Amis_Conv-farming_marang_furayang	69.22	71.86	0	Amis_Conv-farming_marang_furayang_S14.mp3
Amis_Conv-farming_marang_furayang	71.86	75.83	0	Amis_Conv-farming_marang_furayang_S15.mp3
Amis_Conv-farming_marang_furayang	75.83	78.65	0	Amis_Conv-farming_marang_furayang_S16.mp3
Amis_Conv-farming_marang_furayang	78.65	84.27	0	Amis_Conv-farming_marang_furayang_S17.mp3
Amis_Conv-farming_marang_furayang	84.27	89.32	0	Amis_Conv-farming_marang_furayang_S18.mp3
Amis_Conv-farming_marang_furayang	89.32	98.22	0	Amis_Conv-farming_marang_furayang_S19.mp3
Amis_Conv-farming_marang_furayang	98.22	102.34	0	Amis_Conv-farming_marang_furayang_S20.mp3
Amis_Conv-farming_marang_furayang	102.34	106.65	0	Amis_Conv-farming_marang_furayang_S21.mp3
Amis_Conv-farming_marang_furayang	106.65	113.12	0	Amis_Conv-farming_marang_furayang_S22.mp3
Amis_Conv-farming_marang_furayang	113.12	118.58	0	Amis_Conv-farming_marang_furayang_S23.mp3
Amis_Conv-farming_marang_furayang	118.58	120.87	0	Amis_Conv-farming_marang_furayang_S24.mp3
Amis_Conv-farming_marang_furayang	120.87	123.85	0	Amis_Conv-farming_marang_furayang_S25.mp3
Amis_Conv-farming_marang_furayang	123.85	125.72	0	Amis_Conv-farming_marang_furayang_S26.mp3
Amis_Conv-farming_marang_furayang	125.72	137.16	0	Amis_Conv-farming_marang_furayang_S27.mp3
Amis_Conv-farming_marang_furayang	137.16	154.61	0	Amis_Conv-farming_marang_furayang_S28.mp3
Amis_Conv-farming_marang_furayang	154.61	161.27	0	Amis_Conv-farming_marang_furayang_S29.mp3
Amis_Conv-farming_marang_furayang	161.27	163.89	0	Amis_Conv-farming_marang_furayang_S30.mp3
Amis_Conv-farming_marang_furayang	163.89	168.8	0	Amis_Conv-farming_marang_furayang_S31.mp3
Amis_Conv-farming_marang_furayang	168.8	171.71	0	Amis_Conv-farming_marang_furayang_S32.mp3
Amis_Conv-farming_marang_furayang	171.71	177.32	0	Amis_Conv-farming_marang_furayang_S33.mp3
Amis_Conv-farming_marang_furayang	177.32	179.22	0	Amis_Conv-farming_marang_furayang_S34.mp3
Amis_Conv-farming_marang_furayang	179.22	183.82	0	Amis_Conv-farming_marang_furayang_S35.mp3
Amis_Conv-farming_marang_furayang	183.82	188.62	0	Amis_Conv-farming_marang_furayang_S36.mp3
Amis_Conv-farming_marang_furayang	188.62	195.15	0	Amis_Conv-farming_marang_furayang_S37.mp3
Amis_Conv-farming_marang_furayang	195.15	201.26	0	Amis_Conv-farming_marang_furayang_S38.mp3
Amis_Conv-farming_marang_furayang	201.26	204.28	0	Amis_Conv-farming_marang_furayang_S39.mp3
Amis_Conv-farming_marang_furayang	204.28	208.76	0	Amis_Conv-farming_marang_furayang_S40.mp3
Amis_Conv-farming_marang_furayang	208.76	214.17	0	Amis_Conv-farming_marang_furayang_S41.mp3
Amis_Conv-farming_marang_furayang	214.17	216.72	0	Amis_Conv-farming_marang_furayang_S42.mp3
Amis_Conv-farming_marang_furayang	216.72	221.63	0	Amis_Conv-farming_marang_furayang_S43.mp3
Amis_Conv-farming_marang_furayang	226.73	230.89	0	Amis_Conv-farming_marang_furayang_S44.mp3
Amis_Conv-farming_marang_furayang	230.89	237.95	0	Amis_Conv-farming_marang_furayang_S45.mp3
Amis_Conv-farming_marang_furayang	237.95	242.66	0	Amis_Conv-farming_marang_furayang_S46.mp3
Amis_Conv-farming_marang_furayang	242.66	250.24	0	Amis_Conv-farming_marang_furayang_S47.mp3
Amis_Conv-farming_marang_furayang	250.24	252.82	0	Amis_Conv-farming_marang_furayang_S48.mp3
Amis_Conv-farming_marang_furayang	252.82	264.78	0	Amis_Conv-farming_marang_furayang_S49.mp3
Amis_Conv-farming_marang_furayang	264.78	275.12	0	Amis_Conv-farming_marang_furayang_S50.mp3
Amis_Conv-farming_marang_furayang	275.12	276.22	0	Amis_Conv-farming_marang_furayang_S51.mp3
Amis_Conv-farming_marang_furayang	276.22	282.02	0	Amis_Conv-farming_marang_furayang_S52.mp3
Amis_Conv-farming_marang_furayang	282.02	287.42	0	Amis_Conv-farming_marang_furayang_S53.mp3
Amis_Conv-farming_marang_furayang	287.42	290.16	0	Amis_Conv-farming_marang_furayang_S54.mp3
Amis_Conv-farming_marang_furayang	290.16	293.22	0	Amis_Conv-farming_marang_furayang_S55.mp3
Amis_Conv-farming_marang_furayang	293.22	294.42	0	Amis_Conv-farming_marang_furayang_S56.mp3
Amis_Conv-farming_marang_furayang	294.42	295.62	0	Amis_Conv-farming_marang_furayang_S57.mp3
Amis_Conv-farming_marang_furayang	295.62	299.25	0	Amis_Conv-farming_marang_furayang_S58.mp3
Amis_Conv-farming_marang_furayang	299.25	305.72	0	Amis_Conv-farming_marang_furayang_S59.mp3
Amis_Conv-farming_marang_furayang	305.72	309.57	0	Amis_Conv-farming_marang_furayang_S60.mp3
Amis_Conv-farming_marang_furayang	309.57	316.51	0	Amis_Conv-farming_marang_furayang_S61.mp3
Amis_Conv-farming_marang_furayang	316.51	321.55	0	Amis_Conv-farming_marang_furayang_S62.mp3
Amis_Conv-farming_marang_furayang	321.55	329.42	0	Amis_Conv-farming_marang_furayang_S63.mp3
Amis_Conv-talking_tamih_panay	0.0	3.4	0	Amis_Conv-talking_tamih_panay_S0.mp3
Amis_Conv-talking_tamih_panay	3.4	9.23	0	Amis_Conv-talking_tamih_panay_S1.mp3
Amis_Conv-talking_tamih_panay	9.23	16.37	0	Amis_Conv-talking_tamih_panay_S2.mp3
Amis_Conv-talking_tamih_panay	16.37	22.37	0	Amis_Conv-talking_tamih_panay_S3.mp3
Amis_Conv-talking_tamih_panay	22.37	30.59	0	Amis_Conv-talking_tamih_panay_S4.mp3
Amis_Conv-talking_tamih_panay	30.59	33.91	0	Amis_Conv-talking_tamih_panay_S5.mp3
Amis_Conv-talking_tamih_panay	33.91	35.44	0	Amis_Conv-talking_tamih_panay_S6.mp3
Amis_Conv-talking_tamih_panay	35.44	37.18	0	Amis_Conv-talking_tamih_panay_S7.mp3
Amis_Conv-talking_tamih_panay	37.18	42.64	0	Amis_Conv-talking_tamih_panay_S8.mp3
Amis_Conv-talking_tamih_panay	42.64	44.04	0	Amis_Conv-talking_tamih_panay_S9.mp3
Amis_Conv-talking_tamih_panay	44.04	44.78	0	Amis_Conv-talking_tamih_panay_S10.mp3
Amis_Conv-talking_tamih_panay	44.78	46.54	0	Amis_Conv-talking_tamih_panay_S11.mp3
Amis_Conv-talking_tamih_panay	46.54	48.47	0	Amis_Conv-talking_tamih_panay_S12.mp3
Amis_Conv-talking_tamih_panay	48.47	52.58	0	Amis_Conv-talking_tamih_panay_S13.mp3
Amis_Conv-talking_tamih_panay	52.58	53.41	0	Amis_Conv-talking_tamih_panay_S14.mp3
Amis_Conv-talking_tamih_panay	53.41	57.52	0	Amis_Conv-talking_tamih_panay_S15.mp3
Amis_Conv-talking_tamih_panay	57.52	61.45	0	Amis_Conv-talking_tamih_panay_S16.mp3
Amis_Conv-talking_tamih_panay	61.45	62.39	0	Amis_Conv-talking_tamih_panay_S17.mp3
Amis_Conv-talking_tamih_panay	62.39	65.44	0	Amis_Conv-talking_tamih_panay_S18.mp3
Amis_Conv-talking_tamih_panay	65.44	73.81	0	Amis_Conv-talking_tamih_panay_S19.mp3
Amis_Conv-talking_tamih_panay	73.81	74.94	0	Amis_Conv-talking_tamih_panay_S20.mp3
Amis_Conv-talking_tamih_panay	74.94	77.67	0	Amis_Conv-talking_tamih_panay_S21.mp3
Amis_Conv-talking_tamih_panay	77.67	80.0	0	Amis_Conv-talking_tamih_panay_S22.mp3
Amis_Conv-talking_tamih_panay	80.0	82.56	0	Amis_Conv-talking_tamih_panay_S23.mp3
Amis_Conv-talking_tamih_panay	82.56	84.19	0	Amis_Conv-talking_tamih_panay_S24.mp3
Amis_Conv-talking_tamih_panay	84.19	90.59	0	Amis_Conv-talking_tamih_panay_S25.mp3
Amis_Conv-talking_tamih_panay	90.59	92.52	0	Amis_Conv-talking_tamih_panay_S26.mp3
Amis_Conv-talking_tamih_panay	92.52	92.81	0	Amis_Conv-talking_tamih_panay_S27.mp3
Amis_Conv-talking_tamih_panay	92.81	96.49	0	Amis_Conv-talking_tamih_panay_S28.mp3
Amis_Conv-talking_tamih_panay	96.49	102.87	0	Amis_Conv-talking_tamih_panay_S29.mp3
Amis_Conv-talking_tamih_panay	102.87	104.36	0	Amis_Conv-talking_tamih_panay_S30.mp3
Amis_Conv-talking_tamih_panay	104.36	108.03	0	Amis_Conv-talking_tamih_panay_S31.mp3
Amis_Conv-talking_tamih_panay	108.03	110.69	0	Amis_Conv-talking_tamih_panay_S32.mp3
Amis_Conv-talking_tamih_panay	110.69	116.45	0	Amis_Conv-talking_tamih_panay_S33.mp3
Amis_Conv-talking_tamih_panay	116.45	117.93	0	Amis_Conv-talking_tamih_panay_S34.mp3
Amis_Conv-talking_tamih_panay	117.93	119.59	0	Amis_Conv-talking_tamih_panay_S35.mp3
Amis_Conv-talking_tamih_panay	119.59	121.68	0	Amis_Conv-talking_tamih_panay_S36.mp3
Amis_Conv-talking_tamih_panay	121.68	123.78	0	Amis_Conv-talking_tamih_panay_S37.mp3
Amis_Conv-talking_tamih_panay	123.78	127.18	0	Amis_Conv-talking_tamih_panay_S38.mp3
Amis_Conv-talking_tamih_panay	127.18	134.88	0	Amis_Conv-talking_tamih_panay_S39.mp3
Amis_Conv-talking_tamih_panay	134.88	140.61	0	Amis_Conv-talking_tamih_panay_S40.mp3
Amis_Conv-talking_tamih_panay	140.61	142.76	0	Amis_Conv-talking_tamih_panay_S41.mp3
Amis_Conv-talking_tamih_panay	142.76	149.44	0	Amis_Conv-talking_tamih_panay_S42.mp3
Amis_Conv-talking_tamih_panay	149.44	159.11	0	Amis_Conv-talking_tamih_panay_S43.mp3
Amis_Conv-talking_tamih_panay	159.11	159.81	0	Amis_Conv-talking_tamih_panay_S44.mp3
Amis_Conv-talking_tamih_panay	159.81	164.18	0	Amis_Conv-talking_tamih_panay_S45.mp3
Amis_Conv-talking_tamih_panay	164.18	164.78	0	Amis_Conv-talking_tamih_panay_S46.mp3
Amis_Conv-talking_tamih_panay	164.78	172.01	0	Amis_Conv-talking_tamih_panay_S47.mp3
Amis_Conv-talking_tamih_panay	172.01	174.49	0	Amis_Conv-talking_tamih_panay_S48.mp3
Amis_Conv-talking_tamih_panay	174.49	179.73	0	Amis_Conv-talking_tamih_panay_S49.mp3
Amis_Conv-talking_tamih_panay	179.73	182.39	0	Amis_Conv-talking_tamih_panay_S50.mp3
Amis_Conv-talking_tamih_panay	182.39	184.81	0	Amis_Conv-talking_tamih_panay_S51.mp3
Amis_Conv-talking_tamih_panay	184.81	186.63	0	Amis_Conv-talking_tamih_panay_S52.mp3
Amis_Conv-talking_tamih_panay	186.63	187.91	0	Amis_Conv-talking_tamih_panay_S53.mp3
Amis_Conv-talking_tamih_panay	187.91	190.41	0	Amis_Conv-talking_tamih_panay_S54.mp3
Amis_Conv-talking_tamih_panay	190.41	196.78	0	Amis_Conv-talking_tamih_panay_S55.mp3
Amis_Conv-talking_tamih_panay	196.78	204.26	0	Amis_Conv-talking_tamih_panay_S56.mp3
Amis_Conv-talking_tamih_panay	204.26	206.2	0	Amis_Conv-talking_tamih_panay_S57.mp3
Amis_Conv-talking_tamih_panay	206.2	207.98	0	Amis_Conv-talking_tamih_panay_S58.mp3
Amis_Nr-crab_panay	0.0	11.74	0	Amis_Nr-crab_panay_S0.mp3
Amis_Nr-crab_panay	11.74	16.23	0	Amis_Nr-crab_panay_S1.mp3
Amis_Nr-crab_panay	16.23	18.96	0	Amis_Nr-crab_panay_S2.mp3
Amis_Nr-crab_panay	18.96	23.95	0	Amis_Nr-crab_panay_S3.mp3
Amis_Nr-crab_panay	23.95	28.87	0	Amis_Nr-crab_panay_S4.mp3
Amis_Nr-crab_panay	28.87	31.33	0	Amis_Nr-crab_panay_S5.mp3
Amis_Nr-crab_panay	31.33	38.87	0	Amis_Nr-crab_panay_S6.mp3
Amis_Nr-crab_panay	38.87	40.74	0	Amis_Nr-crab_panay_S7.mp3
Amis_Nr-crab_panay	40.74	44.98	0	Amis_Nr-crab_panay_S8.mp3
Amis_Nr-crab_panay	44.98	47.93	0	Amis_Nr-crab_panay_S9.mp3
Amis_Nr-crab_panay	47.93	51.14	0	Amis_Nr-crab_panay_S10.mp3
Amis_Nr-crab_panay	51.14	53.4	0	Amis_Nr-crab_panay_S11.mp3
Amis_Nr-crab_panay	53.4	56.37	0	Amis_Nr-crab_panay_S12.mp3
Amis_Nr-crab_panay	56.37	58.56	0	Amis_Nr-crab_panay_S13.mp3
Amis_Nr-crab_panay	58.56	62.36	0	Amis_Nr-crab_panay_S14.mp3
Amis_Nr-crab_panay	62.36	65.8	0	Amis_Nr-crab_panay_S15.mp3
Amis_Nr-crab_panay	65.8	73.6	0	Amis_Nr-crab_panay_S16.mp3
Amis_Nr-crab_panay	73.6	79.83	0	Amis_Nr-crab_panay_S17.mp3
Amis_Nr-crab_panay	79.83	81.75	0	Amis_Nr-crab_panay_S18.mp3
Amis_Nr-crab_panay	81.75	85.18	0	Amis_Nr-crab_panay_S19.mp3
Amis_Nr-crab_panay	85.18	88.59	0	Amis_Nr-crab_panay_S20.mp3
Amis_Nr-crab_panay	88.59	93.03	0	Amis_Nr-crab_panay_S21.mp3
Amis_Nr-crab_panay	93.03	96.06	0	Amis_Nr-crab_panay_S22.mp3
Amis_Nr-crab_panay	96.06	102.02	0	Amis_Nr-crab_panay_S23.mp3
Amis_Nr-crab_panay	102.02	108.46	0	Amis_Nr-crab_panay_S24.mp3
Amis_Nr-custom_Liu	0.0	2.6	0	Amis_Nr-custom_Liu_S0.mp3
Amis_Nr-custom_Liu	2.6	12.78	0	Amis_Nr-custom_Liu_S1.mp3
Amis_Nr-custom_Liu	12.78	23.55	0	Amis_Nr-custom_Liu_S2.mp3
Amis_Nr-custom_Liu	23.55	27.47	0	Amis_Nr-custom_Liu_S3.mp3
Amis_Nr-custom_Liu	27.47	33.68	0	Amis_Nr-custom_Liu_S4.mp3
Amis_Nr-custom_Liu	33.68	43.48	0	Amis_Nr-custom_Liu_S5.mp3
Amis_Nr-custom_Liu	43.48	47.77	0	Amis_Nr-custom_Liu_S6.mp3
Amis_Nr-custom_Liu	47.77	56.49	0	Amis_Nr-custom_Liu_S7.mp3
Amis_Nr-custom_Liu	56.49	61.97	0	Amis_Nr-custom_Liu_S8.mp3
Amis_Nr-custom_Liu	61.97	66.87	0	Amis_Nr-custom_Liu_S9.mp3
Amis_Nr-custom_Liu	66.87	70.25	0	Amis_Nr-custom_Liu_S10.mp3
Amis_Nr-custom_Liu	70.25	81.34	0	Amis_Nr-custom_Liu_S11.mp3
Amis_Nr-custom_Liu	81.34	84.26	0	Amis_Nr-custom_Liu_S12.mp3
Amis_Nr-custom_Liu	84.26	87.65	0	Amis_Nr-custom_Liu_S13.mp3
Amis_Nr-custom_Liu	87.65	91.62	0	Amis_Nr-custom_Liu_S14.mp3
Amis_Nr-custom_Liu	91.62	101.19	0	Amis_Nr-custom_Liu_S15.mp3
Amis_Nr-custom_Liu	101.19	110.11	0	Amis_Nr-custom_Liu_S16.mp3
Amis_Nr-custom_Liu	110.11	112.14	0	Amis_Nr-custom_Liu_S17.mp3
Amis_Nr-custom_Liu	112.14	127.55	0	Amis_Nr-custom_Liu_S18.mp3
Amis_Nr-custom_Liu	127.55	136.18	0	Amis_Nr-custom_Liu_S19.mp3
Amis_Nr-custom_Liu	136.18	144.88	0	Amis_Nr-custom_Liu_S20.mp3
Amis_Nr-custom_Liu	144.88	147.17	0	Amis_Nr-custom_Liu_S21.mp3
Amis_Nr-custom_Liu	147.17	150.57	0	Amis_Nr-custom_Liu_S22.mp3
Amis_Nr-custom_Liu	150.57	153.14	0	Amis_Nr-custom_Liu_S23.mp3
Amis_Nr-custom_Liu	153.14	160.78	0	Amis_Nr-custom_Liu_S24.mp3
Amis_Nr-custom_Liu	160.78	165.05	0	Amis_Nr-custom_Liu_S25.mp3
Amis_Nr-custom_Liu	165.05	166.16	0	Amis_Nr-custom_Liu_S26.mp3
Amis_Nr-custom_Liu	166.16	167.29	0	Amis_Nr-custom_Liu_S27.mp3
Amis_Nr-custom_Liu	167.29	177.6	0	Amis_Nr-custom_Liu_S28.mp3
Amis_Nr-custom_Liu	177.6	181.74	0	Amis_Nr-custom_Liu_S29.mp3
Amis_Nr-custom_Liu	181.74	198.17	0	Amis_Nr-custom_Liu_S30.mp3
Amis_Nr-custom_Liu	198.17	210.14	0	Amis_Nr-custom_Liu_S31.mp3
Amis_Nr-custom_Liu	210.14	214.25	0	Amis_Nr-custom_Liu_S32.mp3
Amis_Nr-custom_Liu	214.25	217.59	0	Amis_Nr-custom_Liu_S33.mp3
Amis_Nr-custom_Liu	217.59	219.59	0	Amis_Nr-custom_Liu_S34.mp3
Amis_Nr-custom_Liu	219.59	233.41	0	Amis_Nr-custom_Liu_S35.mp3
Amis_Nr-custom_Liu	233.41	235.45	0	Amis_Nr-custom_Liu_S36.mp3
Amis_Nr-custom_Liu	235.45	240.44	0	Amis_Nr-custom_Liu_S37.mp3
Amis_Nr-custom_Liu	240.44	251.14	0	Amis_Nr-custom_Liu_S38.mp3
Amis_Nr-custom_Liu	251.14	254.98	0	Amis_Nr-custom_Liu_S39.mp3
Amis_Nr-custom_Liu	254.98	259.74	0	Amis_Nr-custom_Liu_S40.mp3
Amis_Nr-custom_Liu	259.74	261.75	0	Amis_Nr-custom_Liu_S41.mp3
Amis_Nr-custom_Liu	261.75	262.89	0	Amis_Nr-custom_Liu_S42.mp3
Amis_Nr-custom_Liu	262.89	265.09	0	Amis_Nr-custom_Liu_S43.mp3
Amis_Nr-custom_Liu	265.09	268.49	0	Amis_Nr-custom_Liu_S44.mp3
Amis_Nr-custom_Liu	268.49	271.29	0	Amis_Nr-custom_Liu_S45.mp3
Amis_Nr-custom_Liu	271.29	277.92	0	Amis_Nr-custom_Liu_S46.mp3
Amis_Nr-custom_Liu	277.92	284.04	0	Amis_Nr-custom_Liu_S47.mp3
Amis_Nr-custom_Liu	284.04	285.19	0	Amis_Nr-custom_Liu_S48.mp3
Amis_Nr-custom_Liu	285.19	292.72	0	Amis_Nr-custom_Liu_S49.mp3
Amis_Nr-custom_Liu	292.72	294.72	0	Amis_Nr-custom_Liu_S50.mp3
Amis_Nr-custom_Liu	294.72	297.45	0	Amis_Nr-custom_Liu_S51.mp3
Amis_Nr-custom_Liu	297.45	307.83	0	Amis_Nr-custom_Liu_S52.mp3
Amis_Nr-custom_Liu	307.83	315.32	0	Amis_Nr-custom_Liu_S53.mp3
Amis_Nr-custom_Liu	315.32	318.31	0	Amis_Nr-custom_Liu_S54.mp3
Amis_Nr-custom_Liu	318.31	321.01	0	Amis_Nr-custom_Liu_S55.mp3
Amis_Nr-custom_Liu	321.01	333.72	0	Amis_Nr-custom_Liu_S56.mp3
Amis_Nr-custom_Liu	333.72	336.9	0	Amis_Nr-custom_Liu_S57.mp3
Amis_Nr-custom_Liu	336.9	342.8	0	Amis_Nr-custom_Liu_S58.mp3
Amis_Nr-custom_Liu	342.8	351.86	0	Amis_Nr-custom_Liu_S59.mp3
Amis_Nr-custom_Liu	351.86	357.38	0	Amis_Nr-custom_Liu_S60.mp3
Amis_Nr-custom_Liu	357.38	361.91	0	Amis_Nr-custom_Liu_S61.mp3
Amis_Nr-custom_Liu	361.91	365.2	0	Amis_Nr-custom_Liu_S62.mp3
Amis_Nr-custom_Liu	365.2	368.84	0	Amis_Nr-custom_Liu_S63.mp3
Amis_Nr-custom_Liu	368.84	374.76	0	Amis_Nr-custom_Liu_S64.mp3
Amis_Nr-custom_Liu	374.76	376.2	0	Amis_Nr-custom_Liu_S65.mp3
Amis_Nr-custom_Liu	376.2	384.18	0	Amis_Nr-custom_Liu_S66.mp3
Amis_Nr-custom_Liu	384.18	390.94	0	Amis_Nr-custom_Liu_S67.mp3
Amis_Nr-custom_Liu	390.94	396.1	0	Amis_Nr-custom_Liu_S68.mp3
Amis_Nr-custom_Liu	396.1	400.96	0	Amis_Nr-custom_Liu_S69.mp3
Amis_Nr-custom_Liu	400.96	404.9	0	Amis_Nr-custom_Liu_S70.mp3
Amis_Nr-custom_Liu	404.9	406.6	0	Amis_Nr-custom_Liu_S71.mp3
Amis_Nr-custom_Liu	406.6	413.37	0	Amis_Nr-custom_Liu_S72.mp3
Amis_Nr-custom_Liu	413.37	420.72	0	Amis_Nr-custom_Liu_S73.mp3
Amis_Nr-custom_Liu	420.72	423.97	0	Amis_Nr-custom_Liu_S74.mp3
Amis_Nr-custom_Liu	423.97	432.32	0	Amis_Nr-custom_Liu_S75.mp3
Amis_Nr-custom_Liu	432.32	436.31	0	Amis_Nr-custom_Liu_S76.mp3
Amis_Nr-custom_Liu	436.31	439.51	0	Amis_Nr-custom_Liu_S77.mp3
Amis_Nr-custom_Liu	439.51	445.02	0	Amis_Nr-custom_Liu_S78.mp3
Amis_Nr-custom_Liu	445.02	446.66	0	Amis_Nr-custom_Liu_S79.mp3
Amis_Nr-frog_cinhua	0.0	8.98	0	Amis_Nr-frog_cinhua_S0.mp3
Amis_Nr-frog_cinhua	8.98	17.7	0	Amis_Nr-frog_cinhua_S1.mp3
Amis_Nr-frog_cinhua	17.7	28.67	0	Amis_Nr-frog_cinhua_S2.mp3
Amis_Nr-frog_cinhua	28.67	31.34	0	Amis_Nr-frog_cinhua_S3.mp3
Amis_Nr-frog_cinhua	31.34	34.84	0	Amis_Nr-frog_cinhua_S4.mp3
Amis_Nr-frog_cinhua	34.84	40.39	0	Amis_Nr-frog_cinhua_S5.mp3
Amis_Nr-frog_cinhua	40.39	49.3	0	Amis_Nr-frog_cinhua_S6.mp3
Amis_Nr-frog_cinhua	49.3	52.76	0	Amis_Nr-frog_cinhua_S7.mp3
Amis_Nr-frog_cinhua	52.76	58.36	0	Amis_Nr-frog_cinhua_S8.mp3
Amis_Nr-frog_cinhua	58.36	65.4	0	Amis_Nr-frog_cinhua_S9.mp3
Amis_Nr-frog_cinhua	65.4	72.33	0	Amis_Nr-frog_cinhua_S10.mp3
Amis_Nr-frog_cinhua	72.33	79.18	0	Amis_Nr-frog_cinhua_S11.mp3
Amis_Nr-frog_cinhua	79.18	84.78	0	Amis_Nr-frog_cinhua_S12.mp3
Amis_Nr-frog_cinhua	84.78	86.95	0	Amis_Nr-frog_cinhua_S13.mp3
Amis_Nr-frog_cinhua	86.95	90.49	0	Amis_Nr-frog_cinhua_S14.mp3
Amis_Nr-frog_cinhua	90.49	93.91	0	Amis_Nr-frog_cinhua_S15.mp3
Amis_Nr-frog_cinhua	93.91	96.31	0	Amis_Nr-frog_cinhua_S16.mp3
Amis_Nr-frog_cinhua	96.31	98.96	0	Amis_Nr-frog_cinhua_S17.mp3
Amis_Nr-frog_cinhua	98.96	101.52	0	Amis_Nr-frog_cinhua_S18.mp3
Amis_Nr-frog_cinhua	101.52	104.68	0	Amis_Nr-frog_cinhua_S19.mp3
Amis_Nr-frog_cinhua	104.68	115.44	0	Amis_Nr-frog_cinhua_S20.mp3
Amis_Nr-frog_cinhua	115.44	119.49	0	Amis_Nr-frog_cinhua_S21.mp3
Amis_Nr-frog_cinhua	119.49	121.32	0	Amis_Nr-frog_cinhua_S22.mp3
Amis_Nr-frog_cinhua	121.32	125.46	0	Amis_Nr-frog_cinhua_S23.mp3
Amis_Nr-frog_cinhua	125.46	132.92	0	Amis_Nr-frog_cinhua_S24.mp3
Amis_Nr-frog_cinhua	132.92	137.4	0	Amis_Nr-frog_cinhua_S25.mp3
Amis_Nr-frog_cinhua	137.4	139.38	0	Amis_Nr-frog_cinhua_S26.mp3
Amis_Nr-frog_cinhua	139.38	145.34	0	Amis_Nr-frog_cinhua_S27.mp3
Amis_Nr-frog_cinhua	145.34	148.6	0	Amis_Nr-frog_cinhua_S28.mp3
Amis_Nr-frog_cinhua	148.6	158.18	0	Amis_Nr-frog_cinhua_S29.mp3
Amis_Nr-frog_cinhua	158.18	159.95	0	Amis_Nr-frog_cinhua_S30.mp3
Amis_Nr-frog_cinhua	159.95	165.0	0	Amis_Nr-frog_cinhua_S31.mp3
Amis_Nr-frog_cinhua	165.0	169.53	0	Amis_Nr-frog_cinhua_S32.mp3
Amis_Nr-frog_cinhua	169.53	173.28	0	Amis_Nr-frog_cinhua_S33.mp3
Amis_Nr-frog_cinhua	173.28	183.38	0	Amis_Nr-frog_cinhua_S34.mp3
Amis_Nr-frog_cinhua	183.38	188.16	0	Amis_Nr-frog_cinhua_S35.mp3
Amis_Nr-frog_cinhua	188.16	194.68	0	Amis_Nr-frog_cinhua_S36.mp3
Amis_Nr-frog_cinhua	194.68	199.58	0	Amis_Nr-frog_cinhua_S37.mp3
Amis_Nr-frog_cinhua	199.58	207.56	0	Amis_Nr-frog_cinhua_S38.mp3
Amis_Nr-frog_cinhua	207.56	213.38	0	Amis_Nr-frog_cinhua_S39.mp3
Amis_Nr-frog_cinhua	213.38	218.54	0	Amis_Nr-frog_cinhua_S40.mp3
Amis_Nr-frog_cinhua	218.54	222.55	0	Amis_Nr-frog_cinhua_S41.mp3
Amis_Nr-frog_cinhua	222.55	230.42	0	Amis_Nr-frog_cinhua_S42.mp3
Amis_Nr-frog_cinhua	230.42	237.16	0	Amis_Nr-frog_cinhua_S43.mp3
Amis_Nr-frog_cinhua	237.16	239.91	0	Amis_Nr-frog_cinhua_S44.mp3
Amis_Nr-frog_cinhua	239.91	243.94	0	Amis_Nr-frog_cinhua_S45.mp3
Amis_Nr-frog_cinhua	243.94	248.2	0	Amis_Nr-frog_cinhua_S46.mp3
Amis_Nr-frog_cinhua	248.2	256.13	0	Amis_Nr-frog_cinhua_S47.mp3
Amis_Nr-frog_cinhua	256.13	260.94	0	Amis_Nr-frog_cinhua_S48.mp3
Amis_Nr-frog_minzhu	0.0	9.83	0	Amis_Nr-frog_minzhu_S0.mp3
Amis_Nr-frog_minzhu	9.83	17.81	0	Amis_Nr-frog_minzhu_S1.mp3
Amis_Nr-frog_minzhu	17.81	27.97	0	Amis_Nr-frog_minzhu_S2.mp3
Amis_Nr-frog_minzhu	27.97	33.96	0	Amis_Nr-frog_minzhu_S3.mp3
Amis_Nr-frog_minzhu	33.96	43.98	0	Amis_Nr-frog_minzhu_S4.mp3
Amis_Nr-frog_minzhu	43.98	49.88	0	Amis_Nr-frog_minzhu_S5.mp3
Amis_Nr-frog_minzhu	49.88	54.18	0	Amis_Nr-frog_minzhu_S6.mp3
Amis_Nr-frog_minzhu	54.18	67.88	0	Amis_Nr-frog_minzhu_S7.mp3
Amis_Nr-frog_minzhu	67.88	70.8	0	Amis_Nr-frog_minzhu_S8.mp3
Amis_Nr-frog_minzhu	70.8	78.13	0	Amis_Nr-frog_minzhu_S9.mp3
Amis_Nr-frog_minzhu	78.13	84.05	0	Amis_Nr-frog_minzhu_S10.mp3
Amis_Nr-frog_minzhu	86.97	92.31	0	Amis_Nr-frog_minzhu_S11.mp3
Amis_Nr-frog_minzhu	92.31	99.33	0	Amis_Nr-frog_minzhu_S12.mp3
Amis_Nr-frog_minzhu	99.33	104.76	0	Amis_Nr-frog_minzhu_S13.mp3
Amis_Nr-frog_minzhu	104.76	109.69	0	Amis_Nr-frog_minzhu_S14.mp3
Amis_Nr-frog_minzhu	109.69	117.58	0	Amis_Nr-frog_minzhu_S15.mp3
Amis_Nr-frog_minzhu	117.58	122.47	0	Amis_Nr-frog_minzhu_S16.mp3
Amis_Nr-frog_minzhu	122.47	133.65	0	Amis_Nr-frog_minzhu_S17.mp3
Amis_Nr-frog_minzhu	133.65	142.6	0	Amis_Nr-frog_minzhu_S18.mp3
Amis_Nr-frog_minzhu	142.6	151.39	0	Amis_Nr-frog_minzhu_S19.mp3
Amis_Nr-frog_minzhu	151.39	159.48	0	Amis_Nr-frog_minzhu_S20.mp3
Amis_Nr-frog_minzhu	159.48	161.14	0	Amis_Nr-frog_minzhu_S21.mp3
Amis_Nr-frog_minzhu	161.14	171.83	0	Amis_Nr-frog_minzhu_S22.mp3
Amis_Nr-frog_minzhu	171.83	176.65	0	Amis_Nr-frog_minzhu_S23.mp3
Amis_Nr-frog_minzhu	176.65	182.2	0	Amis_Nr-frog_minzhu_S24.mp3
Amis_Nr-frog_minzhu	182.2	187.86	0	Amis_Nr-frog_minzhu_S25.mp3
Amis_Nr-frog_minzhu	187.86	197.81	0	Amis_Nr-frog_minzhu_S26.mp3
Amis_Nr-frog_minzhu	197.81	202.15	0	Amis_Nr-frog_minzhu_S27.mp3
Amis_Nr-frog_minzhu	202.15	206.63	0	Amis_Nr-frog_minzhu_S28.mp3
Amis_Nr-frog_minzhu	206.63	210.26	0	Amis_Nr-frog_minzhu_S29.mp3
Amis_Nr-frog_minzhu	210.26	215.87	0	Amis_Nr-frog_minzhu_S30.mp3
Amis_Nr-frog_minzhu	215.87	225.51	0	Amis_Nr-frog_minzhu_S31.mp3
Amis_Nr-frog_minzhu	225.51	232.76	0	Amis_Nr-frog_minzhu_S32.mp3
Amis_Nr-frog_minzhu	232.76	235.49	0	Amis_Nr-frog_minzhu_S33.mp3
Amis_Nr-frog_minzhu	235.49	242.46	0	Amis_Nr-frog_minzhu_S34.mp3
Amis_Nr-frog_minzhu	242.46	246.33	0	Amis_Nr-frog_minzhu_S35.mp3
Amis_Nr-frog_minzhu	246.33	254.91	0	Amis_Nr-frog_minzhu_S36.mp3
Amis_Nr-frog_minzhu	254.91	260.35	0	Amis_Nr-frog_minzhu_S37.mp3
Amis_Nr-frog_minzhu	260.35	263.1	0	Amis_Nr-frog_minzhu_S38.mp3
Amis_Nr-frog_minzhu	263.1	266.47	0	Amis_Nr-frog_minzhu_S39.mp3
Amis_Nr-frog_minzhu	266.47	270.99	0	Amis_Nr-frog_minzhu_S40.mp3
Amis_Nr-frog_ofad	0.0	6.1	0	Amis_Nr-frog_ofad_S0.mp3
Amis_Nr-frog_ofad	6.1	8.21	0	Amis_Nr-frog_ofad_S1.mp3
Amis_Nr-frog_ofad	8.21	12.49	0	Amis_Nr-frog_ofad_S2.mp3
Amis_Nr-frog_ofad	12.49	15.83	0	Amis_Nr-frog_ofad_S3.mp3
Amis_Nr-frog_ofad	15.83	23.01	0	Amis_Nr-frog_ofad_S4.mp3
Amis_Nr-frog_ofad	23.01	26.19	0	Amis_Nr-frog_ofad_S5.mp3
Amis_Nr-frog_ofad	26.19	30.96	0	Amis_Nr-frog_ofad_S6.mp3
Amis_Nr-frog_ofad	30.96	35.97	0	Amis_Nr-frog_ofad_S7.mp3
Amis_Nr-frog_ofad	35.97	42.43	0	Amis_Nr-frog_ofad_S8.mp3
Amis_Nr-frog_ofad	42.43	43.68	0	Amis_Nr-frog_ofad_S9.mp3
Amis_Nr-frog_ofad	43.68	50.03	0	Amis_Nr-frog_ofad_S10.mp3
Amis_Nr-frog_ofad	50.03	53.96	0	Amis_Nr-frog_ofad_S11.mp3
Amis_Nr-frog_ofad	53.96	57.41	0	Amis_Nr-frog_ofad_S12.mp3
Amis_Nr-frog_ofad	57.41	62.13	0	Amis_Nr-frog_ofad_S13.mp3
Amis_Nr-frog_ofad	62.13	71.01	0	Amis_Nr-frog_ofad_S14.mp3
Amis_Nr-frog_ofad	71.01	73.75	0	Amis_Nr-frog_ofad_S15.mp3
Amis_Nr-frog_ofad	73.75	77.51	0	Amis_Nr-frog_ofad_S16.mp3
Amis_Nr-frog_ofad	77.51	80.71	0	Amis_Nr-frog_ofad_S17.mp3
Amis_Nr-frog_ofad	80.71	85.55	0	Amis_Nr-frog_ofad_S18.mp3
Amis_Nr-frog_ofad	85.55	90.85	0	Amis_Nr-frog_ofad_S19.mp3
Amis_Nr-frog_ofad	90.85	95.26	0	Amis_Nr-frog_ofad_S20.mp3
Amis_Nr-frog_ofad	95.26	102.19	0	Amis_Nr-frog_ofad_S21.mp3
Amis_Nr-frog_ofad	102.19	109.78	0	Amis_Nr-frog_ofad_S22.mp3
Amis_Nr-frog_ofad	109.78	110.88	0	Amis_Nr-frog_ofad_S23.mp3
Amis_Nr-frog_ofad	110.88	114.3	0	Amis_Nr-frog_ofad_S24.mp3
Amis_Nr-frog_ofad	114.3	119.65	0	Amis_Nr-frog_ofad_S25.mp3
Amis_Nr-frog_ofad	119.65	120.68	0	Amis_Nr-frog_ofad_S26.mp3
Amis_Nr-frog_ofad	120.68	125.09	0	Amis_Nr-frog_ofad_S27.mp3
Amis_Nr-frog_ofad	125.09	129.48	0	Amis_Nr-frog_ofad_S28.mp3
Amis_Nr-frog_ofad	129.48	135.99	0	Amis_Nr-frog_ofad_S29.mp3
Amis_Nr-frog_ofad	135.99	139.44	0	Amis_Nr-frog_ofad_S30.mp3
Amis_Nr-frog_ofad	139.44	144.4	0	Amis_Nr-frog_ofad_S31.mp3
Amis_Nr-frog_ofad	144.4	149.71	0	Amis_Nr-frog_ofad_S32.mp3
Amis_Nr-frog_ofad	149.71	153.74	0	Amis_Nr-frog_ofad_S33.mp3
Amis_Nr-frog_ofad	153.74	156.04	0	Amis_Nr-frog_ofad_S34.mp3
Amis_Nr-frog_ofad	156.04	160.5	0	Amis_Nr-frog_ofad_S35.mp3
Amis_Nr-frog_ofad	160.5	162.7	0	Amis_Nr-frog_ofad_S36.mp3
Amis_Nr-frog_ofad	162.7	174.36	0	Amis_Nr-frog_ofad_S37.mp3
Amis_Nr-frog_ofad	174.36	178.74	0	Amis_Nr-frog_ofad_S38.mp3
Amis_Nr-frog_ofad	178.74	182.13	0	Amis_Nr-frog_ofad_S39.mp3
Amis_Nr-frog_ofad	182.13	187.52	0	Amis_Nr-frog_ofad_S40.mp3
Amis_Nr-frog_ofad	187.52	189.03	0	Amis_Nr-frog_ofad_S41.mp3
Amis_Nr-frog_ofad	189.03	193.34	0	Amis_Nr-frog_ofad_S42.mp3
Amis_Nr-frog_ofad	193.34	198.07	0	Amis_Nr-frog_ofad_S43.mp3
Amis_Nr-frog_ofad	198.07	200.84	0	Amis_Nr-frog_ofad_S44.mp3
Amis_Nr-frog_ofad	200.84	205.15	0	Amis_Nr-frog_ofad_S45.mp3
Amis_Nr-frog_ofad	205.15	208.65	0	Amis_Nr-frog_ofad_S46.mp3
Amis_Nr-frog_ofad	208.65	218.0	0	Amis_Nr-frog_ofad_S47.mp3
Amis_Nr-frog_ofad	218.0	221.25	0	Amis_Nr-frog_ofad_S48.mp3
Amis_Nr-frog_zuomei	0.0	6.74	0	Amis_Nr-frog_zuomei_S0.mp3
Amis_Nr-frog_zuomei	6.74	12.07	0	Amis_Nr-frog_zuomei_S1.mp3
Amis_Nr-frog_zuomei	12.07	15.96	0	Amis_Nr-frog_zuomei_S2.mp3
Amis_Nr-frog_zuomei	15.96	17.85	0	Amis_Nr-frog_zuomei_S3.mp3
Amis_Nr-frog_zuomei	17.85	19.25	0	Amis_Nr-frog_zuomei_S4.mp3
Amis_Nr-frog_zuomei	19.25	21.04	0	Amis_Nr-frog_zuomei_S5.mp3
Amis_Nr-frog_zuomei	21.04	24.04	0	Amis_Nr-frog_zuomei_S6.mp3
Amis_Nr-frog_zuomei	24.04	30.85	0	Amis_Nr-frog_zuomei_S7.mp3
Amis_Nr-frog_zuomei	30.85	34.86	0	Amis_Nr-frog_zuomei_S8.mp3
Amis_Nr-frog_zuomei	34.86	38.78	0	Amis_Nr-frog_zuomei_S9.mp3
Amis_Nr-frog_zuomei	38.78	48.0	0	Amis_Nr-frog_zuomei_S10.mp3
Amis_Nr-frog_zuomei	48.0	49.44	0	Amis_Nr-frog_zuomei_S11.mp3
Amis_Nr-frog_zuomei	49.44	55.72	0	Amis_Nr-frog_zuomei_S12.mp3
Amis_Nr-frog_zuomei	55.72	58.89	0	Amis_Nr-frog_zuomei_S13.mp3
Amis_Nr-frog_zuomei	58.89	65.36	0	Amis_Nr-frog_zuomei_S14.mp3
Amis_Nr-frog_zuomei	65.36	76.12	0	Amis_Nr-frog_zuomei_S15.mp3
Amis_Nr-frog_zuomei	76.12	80.38	0	Amis_Nr-frog_zuomei_S16.mp3
Amis_Nr-frog_zuomei	80.38	84.0	0	Amis_Nr-frog_zuomei_S17.mp3
Amis_Nr-frog_zuomei	84.0	87.55	0	Amis_Nr-frog_zuomei_S18.mp3
Amis_Nr-frog_zuomei	87.55	94.22	0	Amis_Nr-frog_zuomei_S19.mp3
Amis_Nr-frog_zuomei	94.22	99.08	0	Amis_Nr-frog_zuomei_S20.mp3
Amis_Nr-frog_zuomei	99.08	105.61	0	Amis_Nr-frog_zuomei_S21.mp3
Amis_Nr-frog_zuomei	105.61	110.76	0	Amis_Nr-frog_zuomei_S22.mp3
Amis_Nr-frog_zuomei	110.76	112.94	0	Amis_Nr-frog_zuomei_S23.mp3
Amis_Nr-frog_zuomei	112.94	118.54	0	Amis_Nr-frog_zuomei_S24.mp3
Amis_Nr-frog_zuomei	118.54	121.15	0	Amis_Nr-frog_zuomei_S25.mp3
Amis_Nr-frog_zuomei	121.15	123.14	0	Amis_Nr-frog_zuomei_S26.mp3
Amis_Nr-frog_zuomei	123.14	127.01	0	Amis_Nr-frog_zuomei_S27.mp3
Amis_Nr-frog_zuomei	127.01	131.2	0	Amis_Nr-frog_zuomei_S28.mp3
Amis_Nr-frog_zuomei	131.2	134.08	0	Amis_Nr-frog_zuomei_S29.mp3
Amis_Nr-frog_zuomei	134.08	137.71	0	Amis_Nr-frog_zuomei_S30.mp3
Amis_Nr-frog_zuomei	137.71	147.09	0	Amis_Nr-frog_zuomei_S31.mp3
Amis_Nr-frog_zuomei	147.09	149.98	0	Amis_Nr-frog_zuomei_S32.mp3
Amis_Nr-frog_zuomei	149.98	158.73	0	Amis_Nr-frog_zuomei_S33.mp3
Amis_Nr-frog_zuomei	158.73	162.48	0	Amis_Nr-frog_zuomei_S34.mp3
Amis_Nr-frog_zuomei	162.48	166.13	0	Amis_Nr-frog_zuomei_S35.mp3
Amis_Nr-frog_zuomei	166.13	168.42	0	Amis_Nr-frog_zuomei_S36.mp3
Amis_Nr-frog_zuomei	168.42	173.63	0	Amis_Nr-frog_zuomei_S37.mp3
Amis_Nr-frog_zuomei	173.63	177.87	0	Amis_Nr-frog_zuomei_S38.mp3
Amis_Nr-frog_zuomei	177.87	181.04	0	Amis_Nr-frog_zuomei_S39.mp3
Amis_Nr-frog_zuomei	181.04	186.23	0	Amis_Nr-frog_zuomei_S40.mp3
Amis_Nr-frog_zuomei	186.23	193.59	0	Amis_Nr-frog_zuomei_S41.mp3
Amis_Nr-frog_zuomei	193.59	198.08	0	Amis_Nr-frog_zuomei_S42.mp3
Amis_Nr-frog_zuomei	198.08	200.14	0	Amis_Nr-frog_zuomei_S43.mp3
Amis_Nr-intro_Panay	0.0	1.8	0	Amis_Nr-intro_Panay_S0.mp3
Amis_Nr-intro_Panay	1.8	5.43	0	Amis_Nr-intro_Panay_S1.mp3
Amis_Nr-intro_Panay	5.43	20.43	0	Amis_Nr-intro_Panay_S2.mp3
Amis_Nr-intro_Panay	20.43	26.42	0	Amis_Nr-intro_Panay_S3.mp3
Amis_Nr-intro_Panay	26.42	30.45	0	Amis_Nr-intro_Panay_S4.mp3
Amis_Nr-intro_Panay	30.45	36.85	0	Amis_Nr-intro_Panay_S5.mp3
Amis_Nr-intro_Panay	36.85	40.36	0	Amis_Nr-intro_Panay_S6.mp3
Amis_Nr-intro_Panay	40.36	44.42	0	Amis_Nr-intro_Panay_S7.mp3
Amis_Nr-intro_Panay	44.42	46.92	0	Amis_Nr-intro_Panay_S8.mp3
Amis_Nr-intro_Panay	46.92	49.96	0	Amis_Nr-intro_Panay_S9.mp3
Amis_Nr-intro_Panay	49.96	57.97	0	Amis_Nr-intro_Panay_S10.mp3
Amis_Nr-intro_Panay	57.97	63.08	0	Amis_Nr-intro_Panay_S11.mp3
Amis_Nr-intro_Panay	63.08	71.2	0	Amis_Nr-intro_Panay_S12.mp3
Amis_Nr-intro_ofad	0.0	0.62	0	Amis_Nr-intro_ofad_S0.mp3
Amis_Nr-intro_ofad	0.62	3.87	0	Amis_Nr-intro_ofad_S1.mp3
Amis_Nr-intro_ofad	3.87	8.98	0	Amis_Nr-intro_ofad_S2.mp3
Amis_Nr-intro_ofad	8.98	16.64	0	Amis_Nr-intro_ofad_S3.mp3
Amis_Nr-intro_ofad	16.64	24.47	0	Amis_Nr-intro_ofad_S4.mp3
Amis_Nr-intro_ofad	24.47	28.44	0	Amis_Nr-intro_ofad_S5.mp3
Amis_Nr-intro_ofad	28.44	34.51	0	Amis_Nr-intro_ofad_S6.mp3
Amis_Nr-intro_ofad	34.51	36.8	0	Amis_Nr-intro_ofad_S7.mp3
Amis_Nr-intro_ofad	36.8	40.35	0	Amis_Nr-intro_ofad_S8.mp3
Amis_Nr-intro_ofad	40.35	45.67	0	Amis_Nr-intro_ofad_S9.mp3
Amis_Nr-intro_ofad	45.67	52.1	0	Amis_Nr-intro_ofad_S10.mp3
Amis_Nr-intro_ofad	52.1	55.52	0	Amis_Nr-intro_ofad_S11.mp3
Amis_Nr-intro_ofad	55.52	65.56	0	Amis_Nr-intro_ofad_S12.mp3
Amis_Nr-intro_ofad	65.56	68.94	0	Amis_Nr-intro_ofad_S13.mp3
Amis_Nr-intro_ofad	68.94	76.28	0	Amis_Nr-intro_ofad_S14.mp3
Amis_Nr-intro_ofad	76.28	79.8	0	Amis_Nr-intro_ofad_S15.mp3
Amis_Nr-intro_ofad	79.8	83.61	0	Amis_Nr-intro_ofad_S16.mp3
Amis_Nr-intro_ofad	83.61	89.64	0	Amis_Nr-intro_ofad_S17.mp3
Amis_Nr-intro_ofad	89.64	91.71	0	Amis_Nr-intro_ofad_S18.mp3
Amis_Nr-intro_ofad	91.71	95.85	0	Amis_Nr-intro_ofad_S19.mp3
Amis_Nr-intro_ofad	95.85	102.16	0	Amis_Nr-intro_ofad_S20.mp3
Amis_Nr-intro_ofad	102.16	105.75	0	Amis_Nr-intro_ofad_S21.mp3
Amis_Nr-intro_ofad	105.75	112.25	0	Amis_Nr-intro_ofad_S22.mp3
Amis_Nr-intro_ofad	112.25	113.85	0	Amis_Nr-intro_ofad_S23.mp3
Amis_Nr-intro_ofad	113.85	122.45	0	Amis_Nr-intro_ofad_S24.mp3
Amis_Nr-intro_ofad	122.45	126.74	0	Amis_Nr-intro_ofad_S25.mp3
Amis_Nr-intro_ofad	126.74	135.83	0	Amis_Nr-intro_ofad_S26.mp3
Amis_Nr-intro_ofad	135.83	144.89	0	Amis_Nr-intro_ofad_S27.mp3
Amis_Nr-intro_ofad	144.89	147.12	0	Amis_Nr-intro_ofad_S28.mp3
Amis_Nr-intro_ofad	147.12	153.52	0	Amis_Nr-intro_ofad_S29.mp3
Amis_Nr-intro_ofad	153.52	157.59	0	Amis_Nr-intro_ofad_S30.mp3
Amis_Nr-intro_ofad	157.59	165.05	0	Amis_Nr-intro_ofad_S31.mp3
Amis_Nr-intro_ofad	165.05	169.28	0	Amis_Nr-intro_ofad_S32.mp3
Amis_Nr-intro_tamih	0.0	4.92	0	Amis_Nr-intro_tamih_S0.mp3
Amis_Nr-intro_tamih	4.92	8.34	0	Amis_Nr-intro_tamih_S1.mp3
Amis_Nr-intro_tamih	8.34	13.35	0	Amis_Nr-intro_tamih_S2.mp3
Amis_Nr-intro_tamih	13.35	27.73	0	Amis_Nr-intro_tamih_S3.mp3
Amis_Nr-intro_tamih	27.73	34.47	0	Amis_Nr-intro_tamih_S4.mp3
Amis_Nr-intro_tamih	34.47	39.26	0	Amis_Nr-intro_tamih_S5.mp3
Amis_Nr-intro_tamih	39.26	46.71	0	Amis_Nr-intro_tamih_S6.mp3
Amis_Nr-intro_tamih	46.71	56.42	0	Amis_Nr-intro_tamih_S7.mp3
Amis_Nr-intro_tamih	56.42	60.48	0	Amis_Nr-intro_tamih_S8.mp3
Amis_Nr-intro_tamih	60.48	62.4	0	Amis_Nr-intro_tamih_S9.mp3
Amis_Nr-intro_tamih	62.4	68.47	0	Amis_Nr-intro_tamih_S10.mp3
Amis_Nr-intro_tamih	68.47	79.83	0	Amis_Nr-intro_tamih_S11.mp3
Amis_Nr-intro_tamih	79.83	84.54	0	Amis_Nr-intro_tamih_S12.mp3
Amis_Nr-intro_tamih	84.54	90.19	0	Amis_Nr-intro_tamih_S13.mp3
Amis_Nr-intro_tamih	90.19	96.96	0	Amis_Nr-intro_tamih_S14.mp3
Amis_Nr-intro_tamih	96.96	102.83	0	Amis_Nr-intro_tamih_S15.mp3
Amis_Nr-intro_tamih	102.83	106.14	0	Amis_Nr-intro_tamih_S16.mp3
Amis_Nr-intro_tamih	106.14	121.37	0	Amis_Nr-intro_tamih_S17.mp3
Amis_Nr-intro_tamih	121.37	127.64	0	Amis_Nr-intro_tamih_S18.mp3
Amis_Nr-intro_tamih	127.64	135.2	0	Amis_Nr-intro_tamih_S19.mp3
Amis_Nr-intro_tamih	135.2	141.71	0	Amis_Nr-intro_tamih_S20.mp3
Amis_Nr-intro_tamih	141.71	143.99	0	Amis_Nr-intro_tamih_S21.mp3
Amis_Nr-intro_tamih	143.99	147.1	0	Amis_Nr-intro_tamih_S22.mp3
Amis_Nr-intro_tamih	147.1	154.98	0	Amis_Nr-intro_tamih_S23.mp3
Amis_Nr-intro_tamih	154.98	161.07	0	Amis_Nr-intro_tamih_S24.mp3
Amis_Nr-intro_tamih	161.07	163.1	0	Amis_Nr-intro_tamih_S25.mp3
Amis_Nr-intro_tamih	163.1	172.95	0	Amis_Nr-intro_tamih_S26.mp3
Amis_Nr-intro_tamih	172.95	174.79	0	Amis_Nr-intro_tamih_S27.mp3
Amis_Nr-intro_tamih	174.79	180.84	0	Amis_Nr-intro_tamih_S28.mp3
Amis_Nr-intro_tamih	180.84	186.18	0	Amis_Nr-intro_tamih_S29.mp3
Amis_Nr-intro_tamih	186.18	193.25	0	Amis_Nr-intro_tamih_S30.mp3
Amis_Nr-intro_tamih	193.25	198.46	0	Amis_Nr-intro_tamih_S31.mp3
Amis_Nr-intro_tamih	198.46	202.6	0	Amis_Nr-intro_tamih_S32.mp3
Amis_Nr-intro_tamih	202.6	207.21	0	Amis_Nr-intro_tamih_S33.mp3
Amis_Nr-intro_tamih	207.21	210.94	0	Amis_Nr-intro_tamih_S34.mp3
Amis_Nr-intro_tamih	210.94	215.37	0	Amis_Nr-intro_tamih_S35.mp3
Amis_Nr-intro_tamih	215.37	228.17	0	Amis_Nr-intro_tamih_S36.mp3
Amis_Nr-intro_tamih	228.17	233.66	0	Amis_Nr-intro_tamih_S37.mp3
Amis_Nr-intro_tamih	233.66	240.16	0	Amis_Nr-intro_tamih_S38.mp3
Amis_Nr-intro_tamih	240.16	249.32	0	Amis_Nr-intro_tamih_S39.mp3
Amis_Nr-intro_tamih	249.32	251.77	0	Amis_Nr-intro_tamih_S40.mp3
Amis_Nr-intro_tamih	251.77	257.13	0	Amis_Nr-intro_tamih_S41.mp3
Amis_Nr-intro_tamih	257.13	260.21	0	Amis_Nr-intro_tamih_S42.mp3
Amis_Nr-intro_tamih	260.21	267.21	0	Amis_Nr-intro_tamih_S43.mp3
Amis_Nr-intro_tamih	267.21	275.99	0	Amis_Nr-intro_tamih_S44.mp3
Amis_Nr-intro_tamih	275.99	278.86	0	Amis_Nr-intro_tamih_S45.mp3
Amis_Nr-intro_tamih	278.86	284.51	0	Amis_Nr-intro_tamih_S46.mp3
Amis_Nr-intro_tamih	284.51	288.41	0	Amis_Nr-intro_tamih_S47.mp3
Amis_Nr-intro_tamih	288.41	292.7	0	Amis_Nr-intro_tamih_S48.mp3
Amis_Nr-intro_tamih	292.7	295.28	0	Amis_Nr-intro_tamih_S49.mp3
Amis_Nr-intro_tamih	295.28	302.81	0	Amis_Nr-intro_tamih_S50.mp3
Amis_Nr-intro_tamih	302.81	305.59	0	Amis_Nr-intro_tamih_S51.mp3
Amis_Nr-intro_tamih	305.59	309.55	0	Amis_Nr-intro_tamih_S52.mp3
Amis_Nr-intro_tamih	309.55	325.61	0	Amis_Nr-intro_tamih_S53.mp3
Amis_Nr-intro_tamih	325.61	335.42	0	Amis_Nr-intro_tamih_S54.mp3
Amis_Nr-intro_tamih	335.42	339.42	0	Amis_Nr-intro_tamih_S55.mp3
Amis_Nr-intro_tamih	339.42	346.23	0	Amis_Nr-intro_tamih_S56.mp3
Amis_Nr-intro_tamih	346.23	358.4	0	Amis_Nr-intro_tamih_S57.mp3
Amis_Nr-intro_tamih	358.4	368.3	0	Amis_Nr-intro_tamih_S58.mp3
Amis_Nr-intro_tamih	368.3	372.98	0	Amis_Nr-intro_tamih_S59.mp3
Amis_Nr-intro_tamih	372.98	375.33	0	Amis_Nr-intro_tamih_S60.mp3
Amis_Nr-intro_tamih	375.33	379.94	0	Amis_Nr-intro_tamih_S61.mp3
Amis_Nr-intro_tamih	379.94	383.17	0	Amis_Nr-intro_tamih_S62.mp3
Amis_Nr-intro_tamih	383.17	393.12	0	Amis_Nr-intro_tamih_S63.mp3
Amis_Nr-intro_tamih	393.12	397.22	0	Amis_Nr-intro_tamih_S64.mp3
Amis_Nr-intro_tamih	397.22	402.06	0	Amis_Nr-intro_tamih_S65.mp3
Amis_Nr-intro_tamih	402.06	409.32	0	Amis_Nr-intro_tamih_S66.mp3
Amis_Nr-intro_tamih	409.32	416.1	0	Amis_Nr-intro_tamih_S67.mp3
Amis_Nr-intro_tamih	416.1	424.55	0	Amis_Nr-intro_tamih_S68.mp3
Amis_Nr-intro_tamih	424.55	432.06	0	Amis_Nr-intro_tamih_S69.mp3
Amis_Nr-intro_tamih	432.06	439.71	0	Amis_Nr-intro_tamih_S70.mp3
Amis_Nr-intro_tamih	439.71	445.95	0	Amis_Nr-intro_tamih_S71.mp3
Amis_Nr-intro_tamih	445.95	450.74	0	Amis_Nr-intro_tamih_S72.mp3
Amis_Nr-intro_tamih	450.74	463.44	0	Amis_Nr-intro_tamih_S73.mp3
Amis_Nr-intro_tamih	463.44	468.85	0	Amis_Nr-intro_tamih_S74.mp3
Amis_Nr-intro_tamih	468.85	475.06	0	Amis_Nr-intro_tamih_S75.mp3
Amis_Nr-intro_tamih	475.06	484.52	0	Amis_Nr-intro_tamih_S76.mp3
Amis_Nr-intro_tamih	484.52	490.33	0	Amis_Nr-intro_tamih_S77.mp3
Amis_Nr-intro_tamih	490.33	497.9	0	Amis_Nr-intro_tamih_S78.mp3
Amis_Nr-intro_tamih	497.9	506.43	0	Amis_Nr-intro_tamih_S79.mp3
Amis_Nr-intro_tamih	506.43	509.3	0	Amis_Nr-intro_tamih_S80.mp3
Amis_Nr-intro_tamih	509.3	514.46	0	Amis_Nr-intro_tamih_S81.mp3
Amis_Nr-intro_tamih	514.46	517.83	0	Amis_Nr-intro_tamih_S82.mp3
Amis_Nr-intro_tamih	517.83	520.05	0	Amis_Nr-intro_tamih_S83.mp3
Amis_Nr-intro_tamih	520.05	524.41	0	Amis_Nr-intro_tamih_S84.mp3
Amis_Nr-intro_tamih	524.41	527.65	0	Amis_Nr-intro_tamih_S85.mp3
Amis_Nr-intro_tamih	527.65	529.7	0	Amis_Nr-intro_tamih_S86.mp3
Amis_Nr-intro_tamih	529.7	538.37	0	Amis_Nr-intro_tamih_S87.mp3
Amis_Nr-intro_tamih	538.37	541.8	0	Amis_Nr-intro_tamih_S88.mp3
Amis_Nr-intro_tamih	541.8	548.95	0	Amis_Nr-intro_tamih_S89.mp3
Amis_Nr-intro_tamih	548.95	552.19	0	Amis_Nr-intro_tamih_S90.mp3
Amis_Nr-intro_tamih	552.19	554.76	0	Amis_Nr-intro_tamih_S91.mp3
Amis_Nr-intro_tamih	554.76	562.81	0	Amis_Nr-intro_tamih_S92.mp3
Amis_Nr-peanut_panay	0.0	6.39	0	Amis_Nr-peanut_panay_S0.mp3
Amis_Nr-peanut_panay	6.39	15.0	0	Amis_Nr-peanut_panay_S1.mp3
Amis_Nr-peanut_panay	15.0	25.29	0	Amis_Nr-peanut_panay_S2.mp3
Amis_Nr-peanut_panay	25.29	29.43	0	Amis_Nr-peanut_panay_S3.mp3
Amis_Nr-peanut_panay	29.43	38.11	0	Amis_Nr-peanut_panay_S4.mp3
Amis_Nr-peanut_panay	38.11	50.01	0	Amis_Nr-peanut_panay_S5.mp3
Amis_Nr-peanut_panay	50.01	53.66	0	Amis_Nr-peanut_panay_S6.mp3
Amis_Nr-peanut_panay	53.66	59.69	0	Amis_Nr-peanut_panay_S7.mp3
Amis_Nr-peanut_panay	59.69	61.99	0	Amis_Nr-peanut_panay_S8.mp3
Amis_Nr-peanut_panay	61.99	69.79	0	Amis_Nr-peanut_panay_S9.mp3
Amis_Nr-peanut_panay	69.79	73.28	0	Amis_Nr-peanut_panay_S10.mp3
Amis_Nr-peanut_panay	73.28	78.15	0	Amis_Nr-peanut_panay_S11.mp3
Amis_Nr-pear_cinhua	0.0	2.83	0	Amis_Nr-pear_cinhua_S0.mp3
Amis_Nr-pear_cinhua	2.83	7.96	0	Amis_Nr-pear_cinhua_S1.mp3
Amis_Nr-pear_cinhua	7.96	12.32	0	Amis_Nr-pear_cinhua_S2.mp3
Amis_Nr-pear_cinhua	12.32	19.15	0	Amis_Nr-pear_cinhua_S3.mp3
Amis_Nr-pear_cinhua	19.15	25.3	0	Amis_Nr-pear_cinhua_S4.mp3
Amis_Nr-pear_cinhua	25.3	31.55	0	Amis_Nr-pear_cinhua_S5.mp3
Amis_Nr-pear_cinhua	31.55	39.75	0	Amis_Nr-pear_cinhua_S6.mp3
Amis_Nr-pear_cinhua	39.75	42.65	0	Amis_Nr-pear_cinhua_S7.mp3
Amis_Nr-pear_cinhua	42.65	53.74	0	Amis_Nr-pear_cinhua_S8.mp3
Amis_Nr-pear_cinhua	53.74	56.1	0	Amis_Nr-pear_cinhua_S9.mp3
Amis_Nr-pear_cinhua	56.1	60.05	0	Amis_Nr-pear_cinhua_S10.mp3
Amis_Nr-pear_cinhua	60.05	67.1	0	Amis_Nr-pear_cinhua_S11.mp3
Amis_Nr-pear_cinhua	67.1	72.0	0	Amis_Nr-pear_cinhua_S12.mp3
Amis_Nr-pear_cinhua	72.0	75.62	0	Amis_Nr-pear_cinhua_S13.mp3
Amis_Nr-pear_cinhua	75.62	77.79	0	Amis_Nr-pear_cinhua_S14.mp3
Amis_Nr-pear_cinhua	77.79	84.17	0	Amis_Nr-pear_cinhua_S15.mp3
Amis_Nr-pear_cinhua	84.17	91.55	0	Amis_Nr-pear_cinhua_S16.mp3
Amis_Nr-pear_cinhua	91.55	95.53	0	Amis_Nr-pear_cinhua_S17.mp3
Amis_Nr-pear_cinhua	95.53	102.59	0	Amis_Nr-pear_cinhua_S18.mp3
Amis_Nr-pear_cinhua	102.59	106.23	0	Amis_Nr-pear_cinhua_S19.mp3
Amis_Nr-pear_cinhua	106.23	109.76	0	Amis_Nr-pear_cinhua_S20.mp3
Amis_Nr-pear_cinhua	109.76	112.33	0	Amis_Nr-pear_cinhua_S21.mp3
Amis_Nr-pear_cinhua	112.33	118.99	0	Amis_Nr-pear_cinhua_S22.mp3
Amis_Nr-pear_cinhua	118.99	121.11	0	Amis_Nr-pear_cinhua_S23.mp3
Amis_Nr-pear_cinhua	121.11	129.32	0	Amis_Nr-pear_cinhua_S24.mp3
Amis_Nr-pear_cinhua	129.32	132.01	0	Amis_Nr-pear_cinhua_S25.mp3
Amis_Nr-pear_cinhua	132.01	136.52	0	Amis_Nr-pear_cinhua_S26.mp3
Amis_Nr-pear_cinhua	136.52	145.98	0	Amis_Nr-pear_cinhua_S27.mp3
Amis_Nr-pear_cinhua	145.98	155.24	0	Amis_Nr-pear_cinhua_S28.mp3
Amis_Nr-pear_cinhua	155.24	162.39	0	Amis_Nr-pear_cinhua_S29.mp3
Amis_Nr-pear_cinhua	162.39	171.66	0	Amis_Nr-pear_cinhua_S30.mp3
Amis_Nr-pear_cinhua	171.66	180.88	0	Amis_Nr-pear_cinhua_S31.mp3
Amis_Nr-pear_cinhua	180.88	188.28	0	Amis_Nr-pear_cinhua_S32.mp3
Amis_Nr-pear_lungi	0.0	8.57	0	Amis_Nr-pear_lungi_S0.mp3
Amis_Nr-pear_lungi	8.57	20.53	0	Amis_Nr-pear_lungi_S1.mp3
Amis_Nr-pear_lungi	20.53	27.4	0	Amis_Nr-pear_lungi_S2.mp3
Amis_Nr-pear_lungi	27.4	34.76	0	Amis_Nr-pear_lungi_S3.mp3
Amis_Nr-pear_lungi	34.76	44.69	0	Amis_Nr-pear_lungi_S4.mp3
Amis_Nr-pear_lungi	44.69	50.95	0	Amis_Nr-pear_lungi_S5.mp3
Amis_Nr-pear_lungi	50.95	66.13	0	Amis_Nr-pear_lungi_S6.mp3
Amis_Nr-pear_lungi	66.13	68.27	0	Amis_Nr-pear_lungi_S7.mp3
Amis_Nr-pear_lungi	68.27	71.3	0	Amis_Nr-pear_lungi_S8.mp3
Amis_Nr-pear_lungi	71.3	80.71	0	Amis_Nr-pear_lungi_S9.mp3
Amis_Nr-pear_lungi	80.71	100.74	0	Amis_Nr-pear_lungi_S10.mp3
Amis_Nr-pear_lungi	100.74	112.23	0	Amis_Nr-pear_lungi_S11.mp3
Amis_Nr-pear_lungi	112.23	117.4	0	Amis_Nr-pear_lungi_S12.mp3
Amis_Nr-pear_lungi	117.4	129.21	0	Amis_Nr-pear_lungi_S13.mp3
Amis_Nr-pear_lungi	129.21	135.29	0	Amis_Nr-pear_lungi_S14.mp3
Amis_Nr-pear_lungi	135.29	141.59	0	Amis_Nr-pear_lungi_S15.mp3
Amis_Nr-pear_lungi	141.59	151.32	0	Amis_Nr-pear_lungi_S16.mp3
Amis_Nr-pear_lungi	151.32	160.27	0	Amis_Nr-pear_lungi_S17.mp3
Amis_Nr-pear_lungi	160.27	164.15	0	Amis_Nr-pear_lungi_S18.mp3
Amis_Nr-pear_lungi	164.15	171.9	0	Amis_Nr-pear_lungi_S19.mp3
Amis_Nr-pear_lungi	171.9	175.59	0	Amis_Nr-pear_lungi_S20.mp3
Amis_Nr-pear_lungi	175.59	182.33	0	Amis_Nr-pear_lungi_S21.mp3
Amis_Nr-pear_lungi	182.33	187.7	0	Amis_Nr-pear_lungi_S22.mp3
Amis_Nr-pear_lungi	187.7	203.22	0	Amis_Nr-pear_lungi_S23.mp3
Amis_Nr-pear_lungi	203.22	205.69	0	Amis_Nr-pear_lungi_S24.mp3
Amis_Nr-pear_minzhu	0.0	10.82	0	Amis_Nr-pear_minzhu_S0.mp3
Amis_Nr-pear_minzhu	10.82	18.68	0	Amis_Nr-pear_minzhu_S1.mp3
Amis_Nr-pear_minzhu	18.68	22.19	0	Amis_Nr-pear_minzhu_S2.mp3
Amis_Nr-pear_minzhu	22.19	32.96	0	Amis_Nr-pear_minzhu_S3.mp3
Amis_Nr-pear_minzhu	32.96	37.66	0	Amis_Nr-pear_minzhu_S4.mp3
Amis_Nr-pear_minzhu	37.66	45.24	0	Amis_Nr-pear_minzhu_S5.mp3
Amis_Nr-pear_minzhu	45.24	56.13	0	Amis_Nr-pear_minzhu_S6.mp3
Amis_Nr-pear_minzhu	56.13	61.72	0	Amis_Nr-pear_minzhu_S7.mp3
Amis_Nr-pear_minzhu	61.72	69.9	0	Amis_Nr-pear_minzhu_S8.mp3
Amis_Nr-pear_minzhu	69.9	75.19	0	Amis_Nr-pear_minzhu_S9.mp3
Amis_Nr-pear_minzhu	75.19	78.52	0	Amis_Nr-pear_minzhu_S10.mp3
Amis_Nr-pear_minzhu	78.52	87.83	0	Amis_Nr-pear_minzhu_S11.mp3
Amis_Nr-pear_minzhu	87.83	94.6	0	Amis_Nr-pear_minzhu_S12.mp3
Amis_Nr-pear_minzhu	94.6	102.53	0	Amis_Nr-pear_minzhu_S13.mp3
Amis_Nr-pear_minzhu	102.53	113.92	0	Amis_Nr-pear_minzhu_S14.mp3
Amis_Nr-pear_minzhu	113.92	117.64	0	Amis_Nr-pear_minzhu_S15.mp3
Amis_Nr-pear_minzhu	117.64	120.77	0	Amis_Nr-pear_minzhu_S16.mp3
Amis_Nr-pear_minzhu	120.77	124.59	0	Amis_Nr-pear_minzhu_S17.mp3
Amis_Nr-pear_minzhu	124.59	128.66	0	Amis_Nr-pear_minzhu_S18.mp3
Amis_Nr-pear_minzhu	128.66	130.81	0	Amis_Nr-pear_minzhu_S19.mp3
Amis_Nr-pear_minzhu	130.81	136.71	0	Amis_Nr-pear_minzhu_S20.mp3
Amis_Nr-pear_minzhu	136.71	146.84	0	Amis_Nr-pear_minzhu_S21.mp3
Amis_Nr-pear_minzhu	146.84	150.11	0	Amis_Nr-pear_minzhu_S22.mp3
Amis_Nr-pear_minzhu	150.11	156.65	0	Amis_Nr-pear_minzhu_S23.mp3
Amis_Nr-pear_minzhu	156.65	164.67	0	Amis_Nr-pear_minzhu_S24.mp3
Amis_Nr-pear_minzhu	164.67	168.8	0	Amis_Nr-pear_minzhu_S25.mp3
Amis_Nr-pear_minzhu	168.8	172.78	0	Amis_Nr-pear_minzhu_S26.mp3
Amis_Nr-pear_minzhu	172.78	175.69	0	Amis_Nr-pear_minzhu_S27.mp3
Amis_Nr-pear_minzhu	175.69	183.09	0	Amis_Nr-pear_minzhu_S28.mp3
Amis_Nr-pear_minzhu	183.09	185.64	0	Amis_Nr-pear_minzhu_S29.mp3
Amis_Nr-pear_minzhu	185.64	190.91	0	Amis_Nr-pear_minzhu_S30.mp3
Amis_Nr-pear_minzhu	190.91	197.01	0	Amis_Nr-pear_minzhu_S31.mp3
Amis_Nr-pear_minzhu	197.01	198.81	0	Amis_Nr-pear_minzhu_S32.mp3
Amis_Nr-pear_minzhu	198.81	201.99	0	Amis_Nr-pear_minzhu_S33.mp3
Amis_Nr-pear_minzhu	201.99	205.89	0	Amis_Nr-pear_minzhu_S34.mp3
Amis_Nr-pear_minzhu	205.89	216.06	0	Amis_Nr-pear_minzhu_S35.mp3
Amis_Nr-pear_minzhu	216.06	221.77	0	Amis_Nr-pear_minzhu_S36.mp3
Amis_Nr-pear_minzhu	221.77	226.91	0	Amis_Nr-pear_minzhu_S37.mp3
Amis_Nr-pear_minzhu	226.91	228.83	0	Amis_Nr-pear_minzhu_S38.mp3
Amis_Nr-pear_minzhu	228.83	238.19	0	Amis_Nr-pear_minzhu_S39.mp3
Amis_Nr-pear_minzhu	238.19	241.94	0	Amis_Nr-pear_minzhu_S40.mp3
Amis_Nr-pear_minzhu	241.94	245.08	0	Amis_Nr-pear_minzhu_S41.mp3
Amis_Nr-pear_minzhu	245.08	249.78	0	Amis_Nr-pear_minzhu_S42.mp3
Amis_Nr-pear_minzhu	249.78	260.42	0	Amis_Nr-pear_minzhu_S43.mp3
Amis_Nr-pear_minzhu	260.42	267.89	0	Amis_Nr-pear_minzhu_S44.mp3
Amis_Nr-pear_minzhu	267.89	269.35	0	Amis_Nr-pear_minzhu_S45.mp3
Amis_Nr-pear_minzhu	269.35	272.81	0	Amis_Nr-pear_minzhu_S46.mp3
Amis_Nr-pear_panay	0.0	15.92	0	Amis_Nr-pear_panay_S0.mp3
Amis_Nr-pear_panay	15.92	20.73	0	Amis_Nr-pear_panay_S1.mp3
Amis_Nr-pear_panay	20.73	27.39	0	Amis_Nr-pear_panay_S2.mp3
Amis_Nr-pear_panay	27.39	32.95	0	Amis_Nr-pear_panay_S3.mp3
Amis_Nr-pear_panay	32.95	37.55	0	Amis_Nr-pear_panay_S4.mp3
Amis_Nr-pear_panay	37.55	43.38	0	Amis_Nr-pear_panay_S5.mp3
Amis_Nr-pear_panay	43.38	48.7	0	Amis_Nr-pear_panay_S6.mp3
Amis_Nr-pear_panay	48.7	57.96	0	Amis_Nr-pear_panay_S7.mp3
Amis_Nr-pear_panay	57.96	64.37	0	Amis_Nr-pear_panay_S8.mp3
Amis_Nr-pear_panay	64.37	70.89	0	Amis_Nr-pear_panay_S9.mp3
Amis_Nr-pear_panay	70.89	83.96	0	Amis_Nr-pear_panay_S10.mp3
Amis_Nr-pear_panay	83.96	92.28	0	Amis_Nr-pear_panay_S11.mp3
Amis_Nr-pear_panay	92.28	99.26	0	Amis_Nr-pear_panay_S12.mp3
Amis_Nr-pear_panay	99.26	105.07	0	Amis_Nr-pear_panay_S13.mp3
Amis_Nr-pear_panay	105.07	111.15	0	Amis_Nr-pear_panay_S14.mp3
Amis_Nr-pear_panay	111.15	119.59	0	Amis_Nr-pear_panay_S15.mp3
Amis_Nr-pear_panay	119.59	126.12	0	Amis_Nr-pear_panay_S16.mp3
Amis_Nr-pear_panay	126.12	129.72	0	Amis_Nr-pear_panay_S17.mp3
Amis_Nr-pear_panay	129.72	135.14	0	Amis_Nr-pear_panay_S18.mp3
Amis_Nr-pear_panay	135.14	138.56	0	Amis_Nr-pear_panay_S19.mp3
Amis_Nr-pear_panay	138.56	146.11	0	Amis_Nr-pear_panay_S20.mp3
Amis_Nr-pear_panay	146.11	155.44	0	Amis_Nr-pear_panay_S21.mp3
Amis_Nr-pear_panay	155.44	158.47	0	Amis_Nr-pear_panay_S22.mp3
Amis_Nr-pear_panay	158.47	163.73	0	Amis_Nr-pear_panay_S23.mp3
Amis_Nr-pear_panay	163.73	167.19	0	Amis_Nr-pear_panay_S24.mp3
Amis_Nr-pear_panay	167.19	170.08	0	Amis_Nr-pear_panay_S25.mp3
Amis_Nr-pear_panay	170.08	175.04	0	Amis_Nr-pear_panay_S26.mp3
Amis_Nr-pear_panay	175.04	178.52	0	Amis_Nr-pear_panay_S27.mp3
Amis_Nr-pear_panay	178.52	182.51	0	Amis_Nr-pear_panay_S28.mp3
Amis_Nr-pear_panay	182.51	187.86	0	Amis_Nr-pear_panay_S29.mp3
Amis_Nr-pear_panay	187.86	191.23	0	Amis_Nr-pear_panay_S30.mp3
Amis_Nr-pear_panay	191.23	192.99	0	Amis_Nr-pear_panay_S31.mp3
Amis_Nr-pear_panay	192.99	203.03	0	Amis_Nr-pear_panay_S32.mp3
Amis_Nr-pear_panay	203.03	211.56	0	Amis_Nr-pear_panay_S33.mp3
Amis_Nr-pear_panay	211.56	218.64	0	Amis_Nr-pear_panay_S34.mp3
Amis_Nr-pear_panay	218.64	221.95	0	Amis_Nr-pear_panay_S35.mp3
Amis_Nr-pear_panay	221.95	228.05	0	Amis_Nr-pear_panay_S36.mp3
Amis_Nr-pear_panay	228.05	232.13	0	Amis_Nr-pear_panay_S37.mp3
Amis_Nr-pear_panay	232.13	237.74	0	Amis_Nr-pear_panay_S38.mp3
Amis_Nr-pear_panay	237.74	243.73	0	Amis_Nr-pear_panay_S39.mp3
Amis_Nr-pear_panay	243.73	248.82	0	Amis_Nr-pear_panay_S40.mp3
Amis_Nr-pear_panay	248.82	256.95	0	Amis_Nr-pear_panay_S41.mp3
Amis_Nr-pear_panay	256.95	260.55	0	Amis_Nr-pear_panay_S42.mp3
Amis_Nr-pear_panay	260.55	265.78	0	Amis_Nr-pear_panay_S43.mp3
Amis_Nr-pear_panay	265.78	269.39	0	Amis_Nr-pear_panay_S44.mp3
Amis_Nr-pear_panay	269.39	281.51	0	Amis_Nr-pear_panay_S45.mp3
Amis_Nr-pear_tamih	0.0	5.97	0	Amis_Nr-pear_tamih_S0.mp3
Amis_Nr-pear_tamih	5.97	14.8	0	Amis_Nr-pear_tamih_S1.mp3
Amis_Nr-pear_tamih	14.8	17.71	0	Amis_Nr-pear_tamih_S2.mp3
Amis_Nr-pear_tamih	17.71	26.08	0	Amis_Nr-pear_tamih_S3.mp3
Amis_Nr-pear_tamih	26.08	31.37	0	Amis_Nr-pear_tamih_S4.mp3
Amis_Nr-pear_tamih	31.37	34.06	0	Amis_Nr-pear_tamih_S5.mp3
Amis_Nr-pear_tamih	34.06	41.82	0	Amis_Nr-pear_tamih_S6.mp3
Amis_Nr-pear_tamih	41.82	47.34	0	Amis_Nr-pear_tamih_S7.mp3
Amis_Nr-pear_tamih	47.34	49.81	0	Amis_Nr-pear_tamih_S8.mp3
Amis_Nr-pear_tamih	49.81	52.05	0	Amis_Nr-pear_tamih_S9.mp3
Amis_Nr-pear_zuomei	0.0	2.84	0	Amis_Nr-pear_zuomei_S0.mp3
Amis_Nr-pear_zuomei	2.84	7.49	0	Amis_Nr-pear_zuomei_S1.mp3
Amis_Nr-pear_zuomei	7.49	16.82	0	Amis_Nr-pear_zuomei_S2.mp3
Amis_Nr-pear_zuomei	16.82	28.01	0	Amis_Nr-pear_zuomei_S3.mp3
Amis_Nr-pear_zuomei	28.01	37.89	0	Amis_Nr-pear_zuomei_S4.mp3
Amis_Nr-pear_zuomei	37.89	42.01	0	Amis_Nr-pear_zuomei_S5.mp3
Amis_Nr-pear_zuomei	42.01	49.03	0	Amis_Nr-pear_zuomei_S6.mp3
Amis_Nr-pear_zuomei	49.03	54.98	0	Amis_Nr-pear_zuomei_S7.mp3
Amis_Nr-pear_zuomei	54.98	58.25	0	Amis_Nr-pear_zuomei_S8.mp3
Amis_Nr-pear_zuomei	58.25	65.02	0	Amis_Nr-pear_zuomei_S9.mp3
Amis_Nr-pear_zuomei	65.02	69.63	0	Amis_Nr-pear_zuomei_S10.mp3
Amis_Nr-pear_zuomei	69.63	75.7	0	Amis_Nr-pear_zuomei_S11.mp3
Amis_Nr-pear_zuomei	75.7	86.28	0	Amis_Nr-pear_zuomei_S12.mp3
Amis_Nr-pear_zuomei	86.28	92.85	0	Amis_Nr-pear_zuomei_S13.mp3
Amis_Nr-pear_zuomei	92.85	94.79	0	Amis_Nr-pear_zuomei_S14.mp3
Amis_Nr-pear_zuomei	94.79	102.91	0	Amis_Nr-pear_zuomei_S15.mp3
Amis_Nr-pear_zuomei	102.91	111.71	0	Amis_Nr-pear_zuomei_S16.mp3
Amis_Nr-pear_zuomei	111.71	117.15	0	Amis_Nr-pear_zuomei_S17.mp3
Amis_Nr-pear_zuomei	117.15	122.4	0	Amis_Nr-pear_zuomei_S18.mp3
Amis_Nr-pear_zuomei	122.4	127.89	0	Amis_Nr-pear_zuomei_S19.mp3
Amis_Nr-pear_zuomei	127.89	132.69	0	Amis_Nr-pear_zuomei_S20.mp3
Amis_Nr-pear_zuomei	132.69	143.78	0	Amis_Nr-pear_zuomei_S21.mp3
Amis_Nr-pear_zuomei	143.78	146.67	0	Amis_Nr-pear_zuomei_S22.mp3
Amis_Nr-pear_zuomei	146.67	151.67	0	Amis_Nr-pear_zuomei_S23.mp3
Amis_Nr-pear_zuomei	151.67	164.94	0	Amis_Nr-pear_zuomei_S24.mp3
Amis_Nr-pear_zuomei	164.94	168.51	0	Amis_Nr-pear_zuomei_S25.mp3
Amis_Nr-pear_zuomei	168.51	173.92	0	Amis_Nr-pear_zuomei_S26.mp3
Amis_Nr-pear_zuomei	173.92	182.43	0	Amis_Nr-pear_zuomei_S27.mp3
Amis_Nr-pear_zuomei	182.43	184.45	0	Amis_Nr-pear_zuomei_S28.mp3
Amis_Nr-pear_zuomei	184.45	187.23	0	Amis_Nr-pear_zuomei_S29.mp3
Amis_Nr-pear_zuomei	187.23	189.73	0	Amis_Nr-pear_zuomei_S30.mp3
Amis_Nr-pear_zuomei	189.73	193.59	0	Amis_Nr-pear_zuomei_S31.mp3
Amis_Nr-pear_zuomei	193.59	198.34	0	Amis_Nr-pear_zuomei_S32.mp3
AtaNr-dailylife1_Iwan	0.0	13.31	0	AtaNr-dailylife1_Iwan_S0.mp3
AtaNr-dailylife1_Iwan	13.31	22.43	0	AtaNr-dailylife1_Iwan_S1.mp3
AtaNr-dailylife1_Iwan	22.43	30.12	0	AtaNr-dailylife1_Iwan_S2.mp3
AtaNr-dailylife1_Iwan	30.12	37.72	0	AtaNr-dailylife1_Iwan_S3.mp3
AtaNr-dailylife1_Iwan	37.72	46.17	0	AtaNr-dailylife1_Iwan_S4.mp3
AtaNr-dailylife1_Iwan	46.17	56.13	0	AtaNr-dailylife1_Iwan_S5.mp3
AtaNr-dailylife1_Iwan	56.13	59.34	0	AtaNr-dailylife1_Iwan_S6.mp3
AtaNr-dailylife1_Iwan	59.34	66.76	0	AtaNr-dailylife1_Iwan_S7.mp3
AtaNr-dailylife1_Iwan	66.76	71.6	0	AtaNr-dailylife1_Iwan_S8.mp3
AtaNr-dailylife1_Iwan	71.6	77.68	0	AtaNr-dailylife1_Iwan_S9.mp3
AtaNr-dailylife1_Iwan	77.68	86.64	0	AtaNr-dailylife1_Iwan_S10.mp3
AtaNr-dailylife1_Iwan	86.64	95.76	0	AtaNr-dailylife1_Iwan_S11.mp3
AtaNr-dailylife1_Iwan	95.76	100.72	0	AtaNr-dailylife1_Iwan_S12.mp3
AtaNr-dailylife1_Iwan	100.72	112.02	0	AtaNr-dailylife1_Iwan_S13.mp3
AtaNr-dailylife1_Iwan	112.02	118.52	0	AtaNr-dailylife1_Iwan_S14.mp3
AtaNr-dailylife1_Iwan	118.52	122.68	0	AtaNr-dailylife1_Iwan_S15.mp3
AtaNr-dailylife1_Iwan	122.68	128.99	0	AtaNr-dailylife1_Iwan_S16.mp3
AtaNr-dailylife1_Iwan	128.99	131.43	0	AtaNr-dailylife1_Iwan_S17.mp3
AtaNr-dailylife1_Iwan	131.43	135.84	0	AtaNr-dailylife1_Iwan_S18.mp3
AtaNr-dailylife1_Iwan	135.84	153.01	0	AtaNr-dailylife1_Iwan_S19.mp3
AtaNr-dailylife1_Iwan	153.01	157.01	0	AtaNr-dailylife1_Iwan_S20.mp3
AtaNr-dailylife2_Iwan	0.0	5.78	0	AtaNr-dailylife2_Iwan_S0.mp3
AtaNr-dailylife2_Iwan	5.78	16.6	0	AtaNr-dailylife2_Iwan_S1.mp3
AtaNr-dailylife2_Iwan	16.6	22.91	0	AtaNr-dailylife2_Iwan_S2.mp3
AtaNr-dailylife2_Iwan	22.91	31.16	0	AtaNr-dailylife2_Iwan_S3.mp3
AtaNr-dailylife2_Iwan	31.16	36.74	0	AtaNr-dailylife2_Iwan_S4.mp3
AtaNr-dailylife2_Iwan	36.74	50.75	0	AtaNr-dailylife2_Iwan_S5.mp3
AtaNr-dailylife2_Iwan	50.75	58.95	0	AtaNr-dailylife2_Iwan_S6.mp3
AtaNr-dailylife2_Iwan	58.95	79.09	0	AtaNr-dailylife2_Iwan_S7.mp3
AtaNr-dailylife2_Iwan	79.09	83.11	0	AtaNr-dailylife2_Iwan_S8.mp3
AtaNr-dailylife3_Tauyu	0.0	2.44	0	AtaNr-dailylife3_Tauyu_S0.mp3
AtaNr-dailylife3_Tauyu	2.44	4.16	0	AtaNr-dailylife3_Tauyu_S1.mp3
AtaNr-dailylife3_Tauyu	4.16	6.79	0	AtaNr-dailylife3_Tauyu_S2.mp3
AtaNr-dailylife3_Tauyu	6.79	7.66	0	AtaNr-dailylife3_Tauyu_S3.mp3
AtaNr-dailylife3_Tauyu	7.66	14.1	0	AtaNr-dailylife3_Tauyu_S4.mp3
AtaNr-dailylife3_Tauyu	14.1	24.0	0	AtaNr-dailylife3_Tauyu_S5.mp3
AtaNr-dailylife3_Tauyu	24.0	28.9	0	AtaNr-dailylife3_Tauyu_S6.mp3
AtaNr-dailylife3_Tauyu	28.9	33.4	0	AtaNr-dailylife3_Tauyu_S7.mp3
AtaNr-dailylife3_Tauyu	33.4	42.87	0	AtaNr-dailylife3_Tauyu_S8.mp3
AtaNr-dailylife3_Tauyu	42.87	46.8	0	AtaNr-dailylife3_Tauyu_S9.mp3
AtaNr-dailylife3_Tauyu	46.8	55.47	0	AtaNr-dailylife3_Tauyu_S10.mp3
AtaNr-dailylife3_Tauyu	55.47	59.9	0	AtaNr-dailylife3_Tauyu_S11.mp3
AtaNr-dailylife3_Tauyu	59.9	61.91	0	AtaNr-dailylife3_Tauyu_S12.mp3
AtaNr-dailylife3_Tauyu	61.91	64.05	0	AtaNr-dailylife3_Tauyu_S13.mp3
AtaNr-dailylife3_Tauyu	64.05	71.49	0	AtaNr-dailylife3_Tauyu_S14.mp3
AtaNr-dailylife3_Tauyu	71.49	86.2	0	AtaNr-dailylife3_Tauyu_S15.mp3
AtaNr-dailylife3_Tauyu	86.2	99.28	0	AtaNr-dailylife3_Tauyu_S16.mp3
AtaNr-dailylife3_Tauyu	99.28	102.54	0	AtaNr-dailylife3_Tauyu_S17.mp3
AtaNr-dailylife3_Tauyu	102.54	106.03	0	AtaNr-dailylife3_Tauyu_S18.mp3
AtaNr-dailylife3_Tauyu	106.03	108.46	0	AtaNr-dailylife3_Tauyu_S19.mp3
AtaNr-dailylife3_Tauyu	108.46	115.2	0	AtaNr-dailylife3_Tauyu_S20.mp3
AtaNr-dailylife3_Tauyu	115.2	125.79	0	AtaNr-dailylife3_Tauyu_S21.mp3
AtaNr-dailylife3_Tauyu	125.79	131.88	0	AtaNr-dailylife3_Tauyu_S22.mp3
AtaNr-dailylife3_Tauyu	131.88	140.31	0	AtaNr-dailylife3_Tauyu_S23.mp3
AtaNr-dailylife3_Tauyu	140.31	149.14	0	AtaNr-dailylife3_Tauyu_S24.mp3
AtaNr-dailylife3_Tauyu	149.14	153.72	0	AtaNr-dailylife3_Tauyu_S25.mp3
AtaNr-dailylife3_Tauyu	153.72	161.11	0	AtaNr-dailylife3_Tauyu_S26.mp3
AtaNr-dailylife3_Tauyu	161.11	169.44	0	AtaNr-dailylife3_Tauyu_S27.mp3
AtaNr-dailylife3_Tauyu	169.44	176.02	0	AtaNr-dailylife3_Tauyu_S28.mp3
AtaNr-dailylife3_Tauyu	176.02	179.89	0	AtaNr-dailylife3_Tauyu_S29.mp3
AtaNr-dailylife3_Tauyu	179.89	184.97	0	AtaNr-dailylife3_Tauyu_S30.mp3
AtaNr-dailylife3_Tauyu	184.97	192.52	0	AtaNr-dailylife3_Tauyu_S31.mp3
AtaNr-dailylife3_Tauyu	192.52	197.54	0	AtaNr-dailylife3_Tauyu_S32.mp3
AtaNr-dailylife3_Tauyu	197.54	210.91	0	AtaNr-dailylife3_Tauyu_S33.mp3
AtaNr-dailylife3_Tauyu	210.91	218.43	0	AtaNr-dailylife3_Tauyu_S34.mp3
AtaNr-dailylife3_Tauyu	218.43	222.65	0	AtaNr-dailylife3_Tauyu_S35.mp3
AtaNr-dailylife3_Tauyu	222.65	229.44	0	AtaNr-dailylife3_Tauyu_S36.mp3
AtaNr-dailylife3_Tauyu	229.44	232.43	0	AtaNr-dailylife3_Tauyu_S37.mp3
AtaNr-dailylife3_Tauyu	232.43	236.82	0	AtaNr-dailylife3_Tauyu_S38.mp3
AtaNr-dailylife3_Tauyu	236.82	242.71	0	AtaNr-dailylife3_Tauyu_S39.mp3
AtaNr-dailylife3_Tauyu	242.71	244.3	0	AtaNr-dailylife3_Tauyu_S40.mp3
AtaNr-dailylife3_Tauyu	244.3	249.84	0	AtaNr-dailylife3_Tauyu_S41.mp3
AtaNr-dailylife3_Tauyu	249.84	255.72	0	AtaNr-dailylife3_Tauyu_S42.mp3
AtaNr-dailylife3_Tauyu	255.72	267.41	0	AtaNr-dailylife3_Tauyu_S43.mp3
AtaNr-dailylife3_Tauyu	267.41	270.26	0	AtaNr-dailylife3_Tauyu_S44.mp3
AtaNr-dailylife3_Tauyu	270.26	273.22	0	AtaNr-dailylife3_Tauyu_S45.mp3
AtaNr-hunting1_Kainu	0.0	5.19	0	AtaNr-hunting1_Kainu_S0.mp3
AtaNr-hunting1_Kainu	5.19	14.17	0	AtaNr-hunting1_Kainu_S1.mp3
AtaNr-hunting1_Kainu	14.17	27.37	0	AtaNr-hunting1_Kainu_S2.mp3
AtaNr-hunting1_Kainu	27.37	35.01	0	AtaNr-hunting1_Kainu_S3.mp3
AtaNr-hunting1_Kainu	35.01	39.84	0	AtaNr-hunting1_Kainu_S4.mp3
AtaNr-hunting1_Kainu	39.84	44.67	0	AtaNr-hunting1_Kainu_S5.mp3
AtaNr-hunting1_Kainu	44.67	46.75	0	AtaNr-hunting1_Kainu_S6.mp3
AtaNr-hunting1_Kainu	46.75	57.39	0	AtaNr-hunting1_Kainu_S7.mp3
AtaNr-hunting1_Kainu	57.39	59.75	0	AtaNr-hunting1_Kainu_S8.mp3
AtaNr-hunting1_Kainu	59.75	65.51	0	AtaNr-hunting1_Kainu_S9.mp3
AtaNr-hunting1_Kainu	65.51	69.04	0	AtaNr-hunting1_Kainu_S10.mp3
AtaNr-hunting1_Kainu	69.04	80.71	0	AtaNr-hunting1_Kainu_S11.mp3
AtaNr-hunting1_Kainu	80.71	92.1	0	AtaNr-hunting1_Kainu_S12.mp3
AtaNr-hunting1_Kainu	92.1	103.98	0	AtaNr-hunting1_Kainu_S13.mp3
AtaNr-hunting1_Kainu	103.98	106.23	0	AtaNr-hunting1_Kainu_S14.mp3
AtaNr-hunting1_Kainu	106.23	113.85	0	AtaNr-hunting1_Kainu_S15.mp3
AtaNr-hunting1_Kainu	113.85	118.9	0	AtaNr-hunting1_Kainu_S16.mp3
AtaNr-hunting1_Kainu	118.9	126.56	0	AtaNr-hunting1_Kainu_S17.mp3
AtaNr-hunting1_Kainu	126.56	131.87	0	AtaNr-hunting1_Kainu_S18.mp3
AtaNr-hunting1_Kainu	131.87	134.72	0	AtaNr-hunting1_Kainu_S19.mp3
AtaNr-hunting1_Kainu	134.72	140.55	0	AtaNr-hunting1_Kainu_S20.mp3
AtaNr-hunting1_Kainu	140.55	151.89	0	AtaNr-hunting1_Kainu_S21.mp3
AtaNr-hunting1_Kainu	151.89	155.15	0	AtaNr-hunting1_Kainu_S22.mp3
AtaNr-hunting1_Kainu	177.29	186.94	0	AtaNr-hunting1_Kainu_S23.mp3
AtaNr-hunting1_Kainu	186.94	190.66	0	AtaNr-hunting1_Kainu_S24.mp3
AtaNr-hunting1_Kainu	190.66	203.19	0	AtaNr-hunting1_Kainu_S25.mp3
AtaNr-hunting1_Kainu	203.19	207.05	0	AtaNr-hunting1_Kainu_S26.mp3
AtaNr-hunting1_Kainu	207.05	217.47	0	AtaNr-hunting1_Kainu_S27.mp3
AtaNr-hunting1_Kainu	217.47	223.53	0	AtaNr-hunting1_Kainu_S28.mp3
AtaNr-hunting1_Kainu	223.53	226.16	0	AtaNr-hunting1_Kainu_S29.mp3
AtaNr-hunting1_Kainu	226.16	229.38	0	AtaNr-hunting1_Kainu_S30.mp3
AtaNr-hunting1_Kainu	229.38	232.41	0	AtaNr-hunting1_Kainu_S31.mp3
AtaNr-hunting1_Kainu	232.41	237.24	0	AtaNr-hunting1_Kainu_S32.mp3
AtaNr-hunting1_Kainu	237.24	242.37	0	AtaNr-hunting1_Kainu_S33.mp3
AtaNr-hunting1_Kainu	242.37	246.78	0	AtaNr-hunting1_Kainu_S34.mp3
AtaNr-hunting1_Kainu	246.78	254.15	0	AtaNr-hunting1_Kainu_S35.mp3
AtaNr-hunting1_Kainu	254.15	256.97	0	AtaNr-hunting1_Kainu_S36.mp3
AtaNr-hunting1_Kainu	256.97	262.74	0	AtaNr-hunting1_Kainu_S37.mp3
AtaNr-hunting1_Kainu	262.74	270.89	0	AtaNr-hunting1_Kainu_S38.mp3
AtaNr-hunting1_Kainu	270.89	283.25	0	AtaNr-hunting1_Kainu_S39.mp3
AtaNr-hunting1_Kainu	283.25	293.68	0	AtaNr-hunting1_Kainu_S40.mp3
AtaNr-hunting1_Kainu	293.68	295.79	0	AtaNr-hunting1_Kainu_S41.mp3
AtaNr-hunting1_Kainu	295.79	302.3	0	AtaNr-hunting1_Kainu_S42.mp3
AtaNr-hunting1_Kainu	302.3	307.56	0	AtaNr-hunting1_Kainu_S43.mp3
AtaNr-hunting1_Kainu	307.56	311.76	0	AtaNr-hunting1_Kainu_S44.mp3
AtaNr-hunting1_Kainu	311.76	317.51	0	AtaNr-hunting1_Kainu_S45.mp3
AtaNr-hunting1_Kainu	317.51	324.97	0	AtaNr-hunting1_Kainu_S46.mp3
AtaNr-hunting1_Kainu	324.97	328.34	0	AtaNr-hunting1_Kainu_S47.mp3
AtaNr-hunting2_Buyung	0.0	3.85	0	AtaNr-hunting2_Buyung_S0.mp3
AtaNr-hunting2_Buyung	3.85	18.85	0	AtaNr-hunting2_Buyung_S1.mp3
AtaNr-hunting2_Buyung	18.85	27.61	0	AtaNr-hunting2_Buyung_S2.mp3
AtaNr-hunting2_Buyung	27.61	35.29	0	AtaNr-hunting2_Buyung_S3.mp3
AtaNr-hunting2_Buyung	35.29	44.75	0	AtaNr-hunting2_Buyung_S4.mp3
AtaNr-hunting2_Buyung	44.75	51.12	0	AtaNr-hunting2_Buyung_S5.mp3
AtaNr-hunting2_Buyung	51.12	54.44	0	AtaNr-hunting2_Buyung_S6.mp3
AtaNr-hunting2_Buyung	54.44	61.01	0	AtaNr-hunting2_Buyung_S7.mp3
AtaNr-hunting2_Buyung	61.01	68.99	0	AtaNr-hunting2_Buyung_S8.mp3
AtaNr-hunting2_Buyung	76.43	87.22	0	AtaNr-hunting2_Buyung_S9.mp3
AtaNr-hunting2_Buyung	87.22	97.94	0	AtaNr-hunting2_Buyung_S10.mp3
AtaNr-hunting2_Buyung	97.94	104.7	0	AtaNr-hunting2_Buyung_S11.mp3
AtaNr-hunting2_Buyung	104.7	110.28	0	AtaNr-hunting2_Buyung_S12.mp3
AtaNr-hunting2_Buyung	110.28	119.79	0	AtaNr-hunting2_Buyung_S13.mp3
AtaNr-hunting2_Buyung	119.79	126.9	0	AtaNr-hunting2_Buyung_S14.mp3
AtaNr-hunting2_Buyung	126.9	139.16	0	AtaNr-hunting2_Buyung_S15.mp3
AtaNr-hunting2_Buyung	139.16	147.44	0	AtaNr-hunting2_Buyung_S16.mp3
AtaNr-hunting2_Buyung	147.44	155.13	0	AtaNr-hunting2_Buyung_S17.mp3
AtaNr-hunting2_Buyung	155.13	159.2	0	AtaNr-hunting2_Buyung_S18.mp3
AtaNr-hunting2_Buyung	159.2	167.86	0	AtaNr-hunting2_Buyung_S19.mp3
AtaNr-hunting2_Buyung	167.86	170.68	0	AtaNr-hunting2_Buyung_S20.mp3
AtaNr-hunting3_Takun	0.0	15.94	0	AtaNr-hunting3_Takun_S0.mp3
AtaNr-hunting3_Takun	15.94	30.63	0	AtaNr-hunting3_Takun_S1.mp3
AtaNr-hunting3_Takun	30.63	32.6	0	AtaNr-hunting3_Takun_S2.mp3
AtaNr-hunting3_Takun	32.6	45.69	0	AtaNr-hunting3_Takun_S3.mp3
AtaNr-hunting3_Takun	45.69	50.62	0	AtaNr-hunting3_Takun_S4.mp3
AtaNr-hunting3_Takun	50.62	64.86	0	AtaNr-hunting3_Takun_S5.mp3
AtaNr-hunting3_Takun	64.86	69.44	0	AtaNr-hunting3_Takun_S6.mp3
AtaNr-hunting3_Takun	69.44	76.22	0	AtaNr-hunting3_Takun_S7.mp3
AtaNr-hunting3_Takun	76.22	80.72	0	AtaNr-hunting3_Takun_S8.mp3
AtaNr-hunting3_Takun	80.72	93.18	0	AtaNr-hunting3_Takun_S9.mp3
AtaNr-hunting3_Takun	93.18	98.95	0	AtaNr-hunting3_Takun_S10.mp3
AtaNr-hunting3_Takun	98.95	101.29	0	AtaNr-hunting3_Takun_S11.mp3
AtaNr-hunting3_Takun	101.29	110.36	0	AtaNr-hunting3_Takun_S12.mp3
AtaNr-hunting3_Takun	101.29	110.36	1	AtaNr-hunting3_Takun_S13.mp3
AtaNr-hunting3_Takun	110.36	114.09	0	AtaNr-hunting3_Takun_S14.mp3
AtaNr-hunting3_Takun	114.09	117.57	0	AtaNr-hunting3_Takun_S15.mp3
AtaNr-hunting3_Takun	117.57	123.62	0	AtaNr-hunting3_Takun_S16.mp3
AtaNr-hunting3_Takun	123.62	128.25	0	AtaNr-hunting3_Takun_S17.mp3
AtaNr-hunting3_Takun	128.25	138.06	0	AtaNr-hunting3_Takun_S18.mp3
AtaNr-hunting3_Takun	138.06	146.18	0	AtaNr-hunting3_Takun_S19.mp3
AtaNr-hunting3_Takun	146.18	149.53	0	AtaNr-hunting3_Takun_S20.mp3
AtaNr-hunting3_Takun	149.53	151.43	0	AtaNr-hunting3_Takun_S21.mp3
AtaNr-hunting3_Takun	151.43	159.57	0	AtaNr-hunting3_Takun_S22.mp3
AtaNr-hunting3_Takun	159.57	162.64	0	AtaNr-hunting3_Takun_S23.mp3
AtaNr-hunting3_Takun	162.64	170.13	0	AtaNr-hunting3_Takun_S24.mp3
AtaNr-hunting3_Takun	170.13	176.49	0	AtaNr-hunting3_Takun_S25.mp3
AtaNr-hunting3_Takun	176.49	187.57	0	AtaNr-hunting3_Takun_S26.mp3
AtaNr-hunting3_Takun	187.57	190.29	0	AtaNr-hunting3_Takun_S27.mp3
AtaNr-hunting3_Takun	190.29	192.09	0	AtaNr-hunting3_Takun_S28.mp3
AtaNr-hunting3_Takun	192.09	197.21	0	AtaNr-hunting3_Takun_S29.mp3
AtaNr-hunting3_Takun	4.55	6.66	0	AtaNr-hunting3_Takun_S30.mp3
AtaNr-hunting3_Takun	202.49	207.93	0	AtaNr-hunting3_Takun_S31.mp3
AtaNr-hunting3_Takun	207.93	217.89	0	AtaNr-hunting3_Takun_S32.mp3
AtaNr-hunting3_Takun	217.89	219.73	0	AtaNr-hunting3_Takun_S33.mp3
AtaNr-hunting3_Takun	219.73	222.84	0	AtaNr-hunting3_Takun_S34.mp3
AtaNr-hunting3_Takun	222.84	250.64	0	AtaNr-hunting3_Takun_S35.mp3
AtaNr-hunting3_Takun	250.64	258.19	0	AtaNr-hunting3_Takun_S36.mp3
AtaNr-hunting3_Takun	258.19	263.15	0	AtaNr-hunting3_Takun_S37.mp3
AtaNr-hunting3_Takun	263.15	272.53	0	AtaNr-hunting3_Takun_S38.mp3
AtaNr-hunting3_Takun	272.53	282.15	0	AtaNr-hunting3_Takun_S39.mp3
AtaNr-hunting3_Takun	282.15	303.96	0	AtaNr-hunting3_Takun_S40.mp3
AtaNr-hunting3_Takun	303.96	317.05	0	AtaNr-hunting3_Takun_S41.mp3
AtaNr-hunting3_Takun	317.05	320.96	0	AtaNr-hunting3_Takun_S42.mp3
AtaNr-hunting3_Takun	320.96	322.98	0	AtaNr-hunting3_Takun_S43.mp3
AtaNr-hunting3_Takun	322.98	333.82	0	AtaNr-hunting3_Takun_S44.mp3
AtaNr-hunting3_Takun	333.82	350.26	0	AtaNr-hunting3_Takun_S45.mp3
AtaNr-hunting3_Takun	350.26	356.83	0	AtaNr-hunting3_Takun_S46.mp3
AtaNr-hunting3_Takun	356.83	358.0	0	AtaNr-hunting3_Takun_S47.mp3
AtaNr-moving_Kainu	0.0	9.19	0	AtaNr-moving_Kainu_S0.mp3
AtaNr-moving_Kainu	9.19	24.63	0	AtaNr-moving_Kainu_S1.mp3
AtaNr-moving_Kainu	24.63	37.52	0	AtaNr-moving_Kainu_S2.mp3
AtaNr-moving_Kainu	37.52	46.11	0	AtaNr-moving_Kainu_S3.mp3
AtaNr-moving_Kainu	46.11	57.59	0	AtaNr-moving_Kainu_S4.mp3
AtaNr-moving_Kainu	57.59	65.97	0	AtaNr-moving_Kainu_S5.mp3
AtaNr-moving_Kainu	65.97	81.48	0	AtaNr-moving_Kainu_S6.mp3
AtaNr-moving_Kainu	81.48	89.38	0	AtaNr-moving_Kainu_S7.mp3
AtaNr-moving_Kainu	89.38	103.55	0	AtaNr-moving_Kainu_S8.mp3
AtaNr-moving_Kainu	103.55	109.93	0	AtaNr-moving_Kainu_S9.mp3
AtaNr-moving_Kainu	109.93	115.13	0	AtaNr-moving_Kainu_S10.mp3
AtaNr-moving_Kainu	115.13	120.78	0	AtaNr-moving_Kainu_S11.mp3
AtaNr-moving_Kainu	120.78	137.53	0	AtaNr-moving_Kainu_S12.mp3
AtaNr-moving_Kainu	137.53	143.51	0	AtaNr-moving_Kainu_S13.mp3
AtaNr-moving_Kainu	143.51	155.38	0	AtaNr-moving_Kainu_S14.mp3
AtaNr-moving_Kainu	155.38	162.73	0	AtaNr-moving_Kainu_S15.mp3
AtaNr-moving_Kainu	162.73	174.2	0	AtaNr-moving_Kainu_S16.mp3
AtaNr-moving_Kainu	174.2	179.21	0	AtaNr-moving_Kainu_S17.mp3
AtaNr-moving_Kainu	179.21	196.45	0	AtaNr-moving_Kainu_S18.mp3
AtaNr-moving_Kainu	196.45	203.11	0	AtaNr-moving_Kainu_S19.mp3
AtaNr-moving_Kainu	203.11	212.21	0	AtaNr-moving_Kainu_S20.mp3
AtaNr-moving_Kainu	212.21	223.91	0	AtaNr-moving_Kainu_S21.mp3
AtaNr-moving_Kainu	223.91	241.61	0	AtaNr-moving_Kainu_S22.mp3
AtaNr-moving_Kainu	241.61	250.1	0	AtaNr-moving_Kainu_S23.mp3
AtaNr-moving_Kainu	250.1	261.45	0	AtaNr-moving_Kainu_S24.mp3
AtaNr-moving_Kainu	261.45	268.29	0	AtaNr-moving_Kainu_S25.mp3
AtaNr-moving_Kainu	268.29	273.86	0	AtaNr-moving_Kainu_S26.mp3
AtaNr-moving_Kainu	273.86	287.87	0	AtaNr-moving_Kainu_S27.mp3
AtaNr-moving_Kainu	287.87	293.76	0	AtaNr-moving_Kainu_S28.mp3
AtaNr-moving_Kainu	293.76	306.44	0	AtaNr-moving_Kainu_S29.mp3
AtaNr-moving_Kainu	306.44	313.07	0	AtaNr-moving_Kainu_S30.mp3
AtaNr-moving_Kainu	313.07	326.1	0	AtaNr-moving_Kainu_S31.mp3
AtaNr-moving_Kainu	326.1	340.34	0	AtaNr-moving_Kainu_S32.mp3
AtaNr-moving_Kainu	340.34	358.08	0	AtaNr-moving_Kainu_S33.mp3
AtaNr-moving_Kainu	358.08	367.43	0	AtaNr-moving_Kainu_S34.mp3
AtaNr-moving_Kainu	367.43	375.92	0	AtaNr-moving_Kainu_S35.mp3
AtaNr-moving_Kainu	375.92	384.81	0	AtaNr-moving_Kainu_S36.mp3
AtaNr-moving_Kainu	384.81	393.26	0	AtaNr-moving_Kainu_S37.mp3
AtaNr-moving_Kainu	393.26	411.95	0	AtaNr-moving_Kainu_S38.mp3
AtaNr-moving_Kainu	411.95	431.47	0	AtaNr-moving_Kainu_S39.mp3
AtaNr-moving_Kainu	431.47	445.02	0	AtaNr-moving_Kainu_S40.mp3
AtaNr-moving_Kainu	445.02	450.35	0	AtaNr-moving_Kainu_S41.mp3
AtaNr-moving_Kainu	450.35	458.28	0	AtaNr-moving_Kainu_S42.mp3
AtaNr-moving_Kainu	458.28	479.43	0	AtaNr-moving_Kainu_S43.mp3
AtaNr-moving_Kainu	479.43	490.51	0	AtaNr-moving_Kainu_S44.mp3
AtaNr-moving_Kainu	490.51	496.54	0	AtaNr-moving_Kainu_S45.mp3
AtaNr-moving_Kainu	496.54	501.2	0	AtaNr-moving_Kainu_S46.mp3
AtaNr-moving_Takun	0.0	4.54	0	AtaNr-moving_Takun_S0.mp3
AtaNr-moving_Takun	4.54	19.31	0	AtaNr-moving_Takun_S1.mp3
AtaNr-moving_Takun	19.31	29.56	0	AtaNr-moving_Takun_S2.mp3
AtaNr-moving_Takun	29.56	35.26	0	AtaNr-moving_Takun_S3.mp3
AtaNr-moving_Takun	35.26	44.45	0	AtaNr-moving_Takun_S4.mp3
AtaNr-moving_Takun	44.45	53.77	0	AtaNr-moving_Takun_S5.mp3
AtaNr-moving_Takun	53.77	68.09	0	AtaNr-moving_Takun_S6.mp3
AtaNr-moving_Takun	68.09	83.58	0	AtaNr-moving_Takun_S7.mp3
AtaNr-moving_Takun	83.58	89.14	0	AtaNr-moving_Takun_S8.mp3
AtaNr-moving_Takun	89.14	99.27	0	AtaNr-moving_Takun_S9.mp3
AtaNr-moving_Takun	99.27	111.44	0	AtaNr-moving_Takun_S10.mp3
AtaNr-moving_Takun	111.44	116.94	0	AtaNr-moving_Takun_S11.mp3
AtaNr-moving_Takun	116.94	121.71	0	AtaNr-moving_Takun_S12.mp3
AtaNr-moving_Takun	121.71	130.33	0	AtaNr-moving_Takun_S13.mp3
AtaNr-moving_Takun	130.33	137.24	0	AtaNr-moving_Takun_S14.mp3
AtaNr-moving_Takun	137.24	147.22	0	AtaNr-moving_Takun_S15.mp3
AtaNr-moving_Takun	147.22	151.58	0	AtaNr-moving_Takun_S16.mp3
AtaNr-moving_Takun	151.58	153.93	0	AtaNr-moving_Takun_S17.mp3
AtaNr-moving_Takun	153.93	165.22	0	AtaNr-moving_Takun_S18.mp3
AtaNr-moving_Takun	165.22	167.69	0	AtaNr-moving_Takun_S19.mp3
AtaNr-moving_Takun	167.69	176.93	0	AtaNr-moving_Takun_S20.mp3
AtaNr-moving_Takun	176.93	180.43	0	AtaNr-moving_Takun_S21.mp3
AtaNr-moving_Takun	180.43	182.86	0	AtaNr-moving_Takun_S22.mp3
AtaNr-moving_Takun	182.86	197.47	0	AtaNr-moving_Takun_S23.mp3
AtaNr-moving_Takun	197.47	207.48	0	AtaNr-moving_Takun_S24.mp3
AtaNr-moving_Takun	207.48	219.89	0	AtaNr-moving_Takun_S25.mp3
AtaNr-moving_Takun	219.89	234.53	0	AtaNr-moving_Takun_S26.mp3
AtaNr-moving_Takun	234.53	240.46	0	AtaNr-moving_Takun_S27.mp3
AtaNr-moving_Takun	240.46	242.74	0	AtaNr-moving_Takun_S28.mp3
AtaNr-moving_Takun	242.74	249.84	0	AtaNr-moving_Takun_S29.mp3
AtaNr-moving_Takun	249.84	258.82	0	AtaNr-moving_Takun_S30.mp3
AtaNr-moving_Takun	268.16	280.6	0	AtaNr-moving_Takun_S32.mp3
AtaNr-moving_Takun	280.6	284.26	0	AtaNr-moving_Takun_S33.mp3
AtaNr-moving_Takun	284.26	297.8	0	AtaNr-moving_Takun_S34.mp3
AtaNr-moving_Takun	297.8	312.36	0	AtaNr-moving_Takun_S35.mp3
AtaNr-moving_Takun	312.36	318.58	0	AtaNr-moving_Takun_S36.mp3
AtaNr-moving_Takun	318.58	325.87	0	AtaNr-moving_Takun_S37.mp3
AtaNr-moving_Takun	325.87	331.8	0	AtaNr-moving_Takun_S38.mp3
AtaNr-moving_Takun	331.8	335.56	0	AtaNr-moving_Takun_S39.mp3
AtaNr-moving_Takun	335.56	341.84	0	AtaNr-moving_Takun_S40.mp3
AtaNr-moving_Takun	341.84	345.81	0	AtaNr-moving_Takun_S41.mp3
AtaNr-moving_Takun	345.81	349.98	0	AtaNr-moving_Takun_S42.mp3
AtaNr-moving_Takun	349.98	364.08	0	AtaNr-moving_Takun_S43.mp3
AtaNr-moving_Takun	375.5	389.83	0	AtaNr-moving_Takun_S44.mp3
AtaNr-moving_Takun	389.83	394.05	0	AtaNr-moving_Takun_S45.mp3
AtaNr-moving_Takun	394.05	400.25	0	AtaNr-moving_Takun_S46.mp3
AtaNr-moving_Takun	400.25	408.44	0	AtaNr-moving_Takun_S47.mp3
AtaNr-moving_Takun	408.44	415.17	0	AtaNr-moving_Takun_S48.mp3
AtaNr-moving_Takun	415.17	418.95	0	AtaNr-moving_Takun_S49.mp3
AtaNr-moving_Takun	418.95	422.62	0	AtaNr-moving_Takun_S50.mp3
AtaNr-moving_Takun	422.62	431.01	0	AtaNr-moving_Takun_S51.mp3
AtaNr-moving_Takun	431.01	439.48	0	AtaNr-moving_Takun_S52.mp3
AtaNr-moving_Takun	439.48	450.25	0	AtaNr-moving_Takun_S53.mp3
AtaNr-moving_Takun	450.25	456.22	0	AtaNr-moving_Takun_S54.mp3
AtaNr-moving_Takun	456.22	459.93	0	AtaNr-moving_Takun_S55.mp3
AtaNr-moving_Takun	459.93	460.95	0	AtaNr-moving_Takun_S56.mp3
AtaNr-proposal_Takun	0.0	15.12	0	AtaNr-proposal_Takun_S0.mp3
AtaNr-proposal_Takun	15.12	32.09	0	AtaNr-proposal_Takun_S1.mp3
AtaNr-proposal_Takun	32.09	51.9	0	AtaNr-proposal_Takun_S2.mp3
AtaNr-proposal_Takun	51.9	67.01	0	AtaNr-proposal_Takun_S3.mp3
AtaNr-proposal_Takun	67.01	73.8	0	AtaNr-proposal_Takun_S4.mp3
AtaNr-proposal_Takun	73.8	86.34	0	AtaNr-proposal_Takun_S5.mp3
AtaNr-proposal_Takun	86.34	93.13	0	AtaNr-proposal_Takun_S6.mp3
AtaNr-proposal_Takun	93.13	108.54	0	AtaNr-proposal_Takun_S7.mp3
AtaNr-proposal_Takun	108.54	114.86	0	AtaNr-proposal_Takun_S8.mp3
AtaNr-proposal_Takun	114.86	119.33	0	AtaNr-proposal_Takun_S9.mp3
AtaNr-proposal_Takun	119.33	128.34	0	AtaNr-proposal_Takun_S10.mp3
AtaNr-proposal_Takun	128.34	141.05	0	AtaNr-proposal_Takun_S11.mp3
AtaNr-proposal_Takun	141.05	155.43	0	AtaNr-proposal_Takun_S12.mp3
AtaNr-proposal_Takun	155.43	180.0	0	AtaNr-proposal_Takun_S13.mp3
AtaNr-proposal_Takun	180.0	190.51	0	AtaNr-proposal_Takun_S14.mp3
AtaNr-proposal_Takun	190.51	203.33	0	AtaNr-proposal_Takun_S15.mp3
AtaNr-proposal_Takun	203.33	220.33	0	AtaNr-proposal_Takun_S16.mp3
AtaNr-proposal_Takun	220.33	236.91	0	AtaNr-proposal_Takun_S17.mp3
AtaNr-proposal_Takun	236.91	246.92	0	AtaNr-proposal_Takun_S18.mp3
AtaNr-proposal_Takun	246.92	254.46	0	AtaNr-proposal_Takun_S19.mp3
AtaNr-proposal_Takun	254.46	264.89	0	AtaNr-proposal_Takun_S20.mp3
AtaNr-proposal_Takun	264.89	277.01	0	AtaNr-proposal_Takun_S21.mp3
AtaNr-proposal_Takun	277.01	285.72	0	AtaNr-proposal_Takun_S22.mp3
AtaNr-proposal_Takun	285.72	297.02	0	AtaNr-proposal_Takun_S23.mp3
AtaNr-proposal_Takun	297.02	310.54	0	AtaNr-proposal_Takun_S24.mp3
AtaNr-proposal_Takun	310.54	325.23	0	AtaNr-proposal_Takun_S25.mp3
AtaNr-proposal_Takun	325.23	339.45	0	AtaNr-proposal_Takun_S26.mp3
AtaNr-proposal_Takun	339.45	352.79	0	AtaNr-proposal_Takun_S27.mp3
AtaNr-proposal_Takun	352.79	359.05	0	AtaNr-proposal_Takun_S28.mp3
AtaNr-proposal_Takun	359.05	368.97	0	AtaNr-proposal_Takun_S29.mp3
AtaNr-proposal_Takun	368.97	390.88	0	AtaNr-proposal_Takun_S30.mp3
AtaNr-proposal_Takun	390.88	408.11	0	AtaNr-proposal_Takun_S31.mp3
AtaNr-proposal_Takun	408.11	420.6	0	AtaNr-proposal_Takun_S32.mp3
AtaNr-proposal_Takun	420.6	440.55	0	AtaNr-proposal_Takun_S33.mp3
AtaNr-proposal_Takun	440.55	479.15	0	AtaNr-proposal_Takun_S34.mp3
AtaNr-proposal_Takun	479.15	488.65	0	AtaNr-proposal_Takun_S35.mp3
AtaNr-proposal_Takun	488.65	494.39	0	AtaNr-proposal_Takun_S36.mp3
AtaNr-proposal_Takun	494.39	501.33	0	AtaNr-proposal_Takun_S37.mp3
AtaNr-proposal_Takun	501.33	502.7	0	AtaNr-proposal_Takun_S38.mp3
AtaNr-proposal_Takun	502.7	504.23	0	AtaNr-proposal_Takun_S39.mp3
AtaNr-sowing_Kainu	0.0	7.91	0	AtaNr-sowing_Kainu_S0.mp3
AtaNr-sowing_Kainu	7.91	18.62	0	AtaNr-sowing_Kainu_S1.mp3
AtaNr-sowing_Kainu	18.62	28.4	0	AtaNr-sowing_Kainu_S2.mp3
AtaNr-sowing_Kainu	28.4	30.67	0	AtaNr-sowing_Kainu_S3.mp3
AtaNr-sowing_Kainu	30.67	48.09	0	AtaNr-sowing_Kainu_S4.mp3
AtaNr-sowing_Kainu	48.09	58.76	0	AtaNr-sowing_Kainu_S5.mp3
AtaNr-sowing_Kainu	58.76	63.5	0	AtaNr-sowing_Kainu_S6.mp3
AtaNr-sowing_Kainu	63.5	80.42	0	AtaNr-sowing_Kainu_S7.mp3
AtaNr-sowing_Kainu	80.42	83.81	0	AtaNr-sowing_Kainu_S8.mp3
AtaNr-sowing_Kainu	83.81	95.63	0	AtaNr-sowing_Kainu_S9.mp3
AtaNr-sowing_Kainu	95.63	106.07	0	AtaNr-sowing_Kainu_S10.mp3
AtaNr-sowing_Kainu	106.07	118.02	0	AtaNr-sowing_Kainu_S11.mp3
AtaNr-sowing_Kainu	118.02	130.85	0	AtaNr-sowing_Kainu_S12.mp3
AtaNr-sowing_Kainu	130.85	142.95	0	AtaNr-sowing_Kainu_S13.mp3
AtaNr-sowing_Kainu	142.95	148.83	0	AtaNr-sowing_Kainu_S14.mp3
AtaNr-sowing_Kainu	148.83	160.17	0	AtaNr-sowing_Kainu_S15.mp3
AtaNr-sowing_Kainu	160.17	166.54	0	AtaNr-sowing_Kainu_S16.mp3
AtaNr-sowing_Kainu	166.54	181.71	0	AtaNr-sowing_Kainu_S17.mp3
AtaNr-sowing_Kainu	181.71	184.55	0	AtaNr-sowing_Kainu_S18.mp3
AtaNr-sowing_Kainu	184.55	190.18	0	AtaNr-sowing_Kainu_S19.mp3
AtaNr-sowing_Kainu	190.18	204.23	0	AtaNr-sowing_Kainu_S20.mp3
AtaNr-sowing_Kainu	204.23	210.17	0	AtaNr-sowing_Kainu_S21.mp3
AtaNr-sowing_Kainu	210.17	216.73	0	AtaNr-sowing_Kainu_S22.mp3
AtaNr-sowing_Kainu	216.73	224.09	0	AtaNr-sowing_Kainu_S23.mp3
AtaNr-sowing_Kainu	224.09	236.55	0	AtaNr-sowing_Kainu_S24.mp3
AtaNr-sowing_Kainu	236.55	245.87	0	AtaNr-sowing_Kainu_S25.mp3
AtaNr-sowing_Kainu	245.87	263.9	0	AtaNr-sowing_Kainu_S26.mp3
AtaNr-sowing_Kainu	263.9	267.19	0	AtaNr-sowing_Kainu_S27.mp3
AtaNr-sowing_Kainu	267.19	276.32	0	AtaNr-sowing_Kainu_S28.mp3
AtaNr-sowing_Kainu	276.32	284.72	0	AtaNr-sowing_Kainu_S29.mp3
AtaNr-sowing_Kainu	284.72	305.19	0	AtaNr-sowing_Kainu_S30.mp3
AtaNr-sowing_Kainu	305.19	309.67	0	AtaNr-sowing_Kainu_S31.mp3
AtaNr-sowing_Kainu	309.67	318.73	0	AtaNr-sowing_Kainu_S32.mp3
AtaNr-sowing_Kainu	318.73	323.72	0	AtaNr-sowing_Kainu_S33.mp3
AtaNr-sowing_Kainu	323.72	341.68	0	AtaNr-sowing_Kainu_S34.mp3
AtaNr-sowing_Kainu	341.68	358.57	0	AtaNr-sowing_Kainu_S35.mp3
AtaNr-sowing_Kainu	358.57	376.14	0	AtaNr-sowing_Kainu_S36.mp3
AtaNr-sowing_Kainu	393.47	400.1	0	AtaNr-sowing_Kainu_S37.mp3
AtaNr-sowing_Kainu	400.1	412.46	0	AtaNr-sowing_Kainu_S38.mp3
AtaNr-sowing_Kainu	412.46	434.95	0	AtaNr-sowing_Kainu_S39.mp3
AtaNr-sowing_Kainu	434.95	441.62	0	AtaNr-sowing_Kainu_S40.mp3
AtaNr-sowing_Kainu	441.62	448.18	0	AtaNr-sowing_Kainu_S41.mp3
AtaNr-sowing_Kainu	448.18	455.19	0	AtaNr-sowing_Kainu_S42.mp3
AtaNr-sowing_Kainu	455.19	468.77	0	AtaNr-sowing_Kainu_S43.mp3
AtaNr-sowing_Kainu	468.77	477.1	0	AtaNr-sowing_Kainu_S44.mp3
AtaNr-sowing_Kainu	477.1	488.92	0	AtaNr-sowing_Kainu_S45.mp3
AtaNr-sowing_Kainu	488.92	495.33	0	AtaNr-sowing_Kainu_S46.mp3
AtaNr-sowing_Kainu	495.33	502.19	0	AtaNr-sowing_Kainu_S47.mp3
AtaNr-sowing_Kainu	502.19	518.68	0	AtaNr-sowing_Kainu_S48.mp3
AtaNr-weaving_Kagaw	0.0	3.0	0	AtaNr-weaving_Kagaw_S0.mp3
AtaNr-weaving_Kagaw	3.0	6.06	0	AtaNr-weaving_Kagaw_S1.mp3
AtaNr-weaving_Kagaw	6.06	9.37	0	AtaNr-weaving_Kagaw_S2.mp3
AtaNr-weaving_Kagaw	9.37	18.82	0	AtaNr-weaving_Kagaw_S3.mp3
AtaNr-weaving_Kagaw	18.82	26.13	0	AtaNr-weaving_Kagaw_S4.mp3
AtaNr-weaving_Kagaw	26.13	34.58	0	AtaNr-weaving_Kagaw_S5.mp3
AtaNr-weaving_Kagaw	34.58	37.64	0	AtaNr-weaving_Kagaw_S6.mp3
AtaNr-weaving_Kagaw	37.64	43.32	0	AtaNr-weaving_Kagaw_S7.mp3
AtaNr-weaving_Kagaw	43.32	49.76	0	AtaNr-weaving_Kagaw_S8.mp3
AtaNr-weaving_Kagaw	49.76	51.51	0	AtaNr-weaving_Kagaw_S9.mp3
AtaNr-weaving_Kagaw	51.51	53.61	0	AtaNr-weaving_Kagaw_S10.mp3
AtaNr-weaving_Kagaw	53.61	56.07	0	AtaNr-weaving_Kagaw_S11.mp3
AtaNr-weaving_Kagaw	56.07	64.27	0	AtaNr-weaving_Kagaw_S12.mp3
AtaNr-weaving_Kagaw	64.27	71.55	0	AtaNr-weaving_Kagaw_S13.mp3
AtaNr-weaving_Kagaw	71.55	84.58	0	AtaNr-weaving_Kagaw_S14.mp3
AtaNr-weaving_Kagaw	84.58	87.97	0	AtaNr-weaving_Kagaw_S15.mp3
AtaNr-weaving_Kagaw	87.97	91.88	0	AtaNr-weaving_Kagaw_S16.mp3
AtaNr-weaving_Kagaw	91.88	96.29	0	AtaNr-weaving_Kagaw_S17.mp3
AtaNr-weaving_Kagaw	96.29	100.05	0	AtaNr-weaving_Kagaw_S18.mp3
AtaNr-weaving_Kagaw	100.05	112.05	0	AtaNr-weaving_Kagaw_S19.mp3
AtaNr-weaving_Kagaw	112.05	117.83	0	AtaNr-weaving_Kagaw_S20.mp3
AtaNr-weaving_Kagaw	117.83	127.23	0	AtaNr-weaving_Kagaw_S21.mp3
AtaNr-weaving_Kagaw	127.23	130.82	0	AtaNr-weaving_Kagaw_S22.mp3
AtaNr-weaving_Kagaw	130.82	148.03	0	AtaNr-weaving_Kagaw_S23.mp3
AtaNr-weaving_Kagaw	148.03	152.79	0	AtaNr-weaving_Kagaw_S24.mp3
AtaNr-weaving_Kagaw	152.79	155.38	0	AtaNr-weaving_Kagaw_S25.mp3
AtaNr-weaving_Kagaw	155.38	160.45	0	AtaNr-weaving_Kagaw_S26.mp3
AtaNr-weaving_Kagaw	160.45	167.11	0	AtaNr-weaving_Kagaw_S27.mp3
AtaNr-weaving_Kagaw	167.11	171.8	0	AtaNr-weaving_Kagaw_S28.mp3
AtaNr-weaving_Kagaw	171.8	174.55	0	AtaNr-weaving_Kagaw_S29.mp3
AtaNr-weaving_Kagaw	174.55	175.86	0	AtaNr-weaving_Kagaw_S30.mp3
AtaNr-weaving_Kagaw	175.86	182.56	0	AtaNr-weaving_Kagaw_S31.mp3
AtaNr-weaving_Kagaw	182.56	193.9	0	AtaNr-weaving_Kagaw_S32.mp3
AtaNr-weaving_Kagaw	193.9	201.22	0	AtaNr-weaving_Kagaw_S33.mp3
AtaNr-weaving_Kagaw	201.22	205.37	0	AtaNr-weaving_Kagaw_S34.mp3
AtaNr-weaving_Kagaw	205.37	212.17	0	AtaNr-weaving_Kagaw_S35.mp3
AtaNr-weaving_Kagaw	212.17	216.27	0	AtaNr-weaving_Kagaw_S36.mp3
AtaNr-weaving_Kagaw	216.27	219.52	0	AtaNr-weaving_Kagaw_S37.mp3
AtaNr-weaving_Kagaw	219.52	221.49	0	AtaNr-weaving_Kagaw_S38.mp3
AtaNr-weaving_Kagaw	221.49	229.06	0	AtaNr-weaving_Kagaw_S39.mp3
AtaNr-weaving_Kagaw	229.06	232.93	0	AtaNr-weaving_Kagaw_S40.mp3
AtaNr-weaving_Kagaw	232.93	237.93	0	AtaNr-weaving_Kagaw_S41.mp3
AtaNr-weaving_Kagaw	237.93	246.11	0	AtaNr-weaving_Kagaw_S42.mp3
AtaNr-weaving_Kagaw	246.11	251.77	0	AtaNr-weaving_Kagaw_S43.mp3
AtaNr-weaving_Kagaw	251.77	254.73	0	AtaNr-weaving_Kagaw_S44.mp3
AtaNr-weaving_Kagaw	254.73	258.61	0	AtaNr-weaving_Kagaw_S45.mp3
AtaNr-weaving_Kagaw	258.61	263.29	0	AtaNr-weaving_Kagaw_S46.mp3
AtaNr-weaving_Kagaw	263.29	266.05	0	AtaNr-weaving_Kagaw_S47.mp3
AtaNr-weaving_Kagaw	266.05	274.5	0	AtaNr-weaving_Kagaw_S48.mp3
AtaNr-weaving_Kagaw	274.5	277.82	0	AtaNr-weaving_Kagaw_S49.mp3
AtaNr-weaving_Kagaw	277.82	283.78	0	AtaNr-weaving_Kagaw_S50.mp3
AtaNr-weaving_Kagaw	283.78	287.5	0	AtaNr-weaving_Kagaw_S51.mp3
AtaNr-weaving_Kagaw	287.5	290.39	0	AtaNr-weaving_Kagaw_S52.mp3
AtaNr-weaving_Kagaw	290.39	295.55	0	AtaNr-weaving_Kagaw_S53.mp3
AtaNr-weaving_Kagaw	295.55	297.08	0	AtaNr-weaving_Kagaw_S54.mp3
AtaNr-weaving_Kagaw	297.08	301.64	0	AtaNr-weaving_Kagaw_S55.mp3
AtaNr-weaving_Kagaw	301.64	308.14	0	AtaNr-weaving_Kagaw_S56.mp3
AtaNr-weaving_Kagaw	308.14	310.06	0	AtaNr-weaving_Kagaw_S57.mp3
AtaNr-weaving_Kagaw	310.06	314.63	0	AtaNr-weaving_Kagaw_S58.mp3
AtaNr-weaving_Kagaw	314.63	322.43	0	AtaNr-weaving_Kagaw_S59.mp3
AtaNr-weaving_Kagaw	322.43	331.46	0	AtaNr-weaving_Kagaw_S60.mp3
AtaNr-weaving_Kagaw	331.46	335.97	0	AtaNr-weaving_Kagaw_S61.mp3
AtaNr-weaving_Kagaw	335.97	341.26	0	AtaNr-weaving_Kagaw_S62.mp3
AtaNr-weaving_Kagaw	341.26	347.67	0	AtaNr-weaving_Kagaw_S63.mp3
AtaNr-weaving_Kagaw	347.67	374.56	0	AtaNr-weaving_Kagaw_S64.mp3
AtaNr-weaving_Kagaw	374.56	378.62	0	AtaNr-weaving_Kagaw_S65.mp3
AtaNr-weaving_Kagaw	378.62	380.7	0	AtaNr-weaving_Kagaw_S66.mp3
AtaNr-weaving_Kagaw	380.7	383.77	0	AtaNr-weaving_Kagaw_S67.mp3
AtaNr-weaving_Kagaw	383.77	385.33	0	AtaNr-weaving_Kagaw_S68.mp3
AtaNr-weaving_Kagaw	385.33	388.07	0	AtaNr-weaving_Kagaw_S69.mp3
AtaNr-weaving_Kagaw	388.07	389.87	0	AtaNr-weaving_Kagaw_S70.mp3
AtaNr-weaving_Kagaw	389.87	392.51	0	AtaNr-weaving_Kagaw_S71.mp3
AtaNr-weaving_Kagaw	392.51	397.97	0	AtaNr-weaving_Kagaw_S72.mp3
AtaNr-weaving_Kagaw	397.97	403.46	0	AtaNr-weaving_Kagaw_S73.mp3
AtaNr-weaving_Kagaw	403.46	409.68	0	AtaNr-weaving_Kagaw_S74.mp3
AtaNr-weaving_Kagaw	409.68	415.43	0	AtaNr-weaving_Kagaw_S75.mp3
AtaNr-weaving_Kagaw	415.43	416.61	0	AtaNr-weaving_Kagaw_S76.mp3
AtaNr-weaving_Kagaw	416.61	420.55	0	AtaNr-weaving_Kagaw_S77.mp3
AtaNr-weaving_Kagaw	420.55	426.19	0	AtaNr-weaving_Kagaw_S78.mp3
AtaNr-weaving_Kagaw	426.19	429.77	0	AtaNr-weaving_Kagaw_S79.mp3
AtaNr-weaving_Kagaw	429.77	437.63	0	AtaNr-weaving_Kagaw_S80.mp3
AtaNr-weaving_Kagaw	437.63	441.13	0	AtaNr-weaving_Kagaw_S81.mp3
AtaNr-weaving_Kagaw	441.13	442.91	0	AtaNr-weaving_Kagaw_S82.mp3
AtaNr-weaving_Kagaw	442.91	454.54	0	AtaNr-weaving_Kagaw_S83.mp3
AtaNr-weaving_Kagaw	454.54	457.03	0	AtaNr-weaving_Kagaw_S84.mp3
AtaNr-weaving_Kagaw	457.03	458.88	0	AtaNr-weaving_Kagaw_S85.mp3
AtaNr-weaving_Kagaw	458.88	462.42	0	AtaNr-weaving_Kagaw_S86.mp3
AtaNr-weaving_Kagaw	462.42	467.71	0	AtaNr-weaving_Kagaw_S87.mp3
AtaNr-weaving_Kagaw	467.71	471.45	0	AtaNr-weaving_Kagaw_S88.mp3
AtaNr-weaving_Kagaw	471.45	480.89	0	AtaNr-weaving_Kagaw_S89.mp3
AtaNr-weaving_Kagaw	480.89	482.43	0	AtaNr-weaving_Kagaw_S90.mp3
AtaNr-weaving_Kagaw	482.43	484.45	0	AtaNr-weaving_Kagaw_S91.mp3
AtaNr-weaving_Kagaw	484.45	487.24	0	AtaNr-weaving_Kagaw_S92.mp3
AtaNr-weaving_Kagaw	487.24	490.14	0	AtaNr-weaving_Kagaw_S93.mp3
AtaNr-weaving_Kagaw	490.14	513.78	0	AtaNr-weaving_Kagaw_S94.mp3
AtaNr-weaving_Kagaw	513.78	518.35	0	AtaNr-weaving_Kagaw_S95.mp3
AtaNr-weaving_Kagaw	518.35	525.47	0	AtaNr-weaving_Kagaw_S96.mp3
AtaNr-weaving_Kagaw	525.47	540.76	0	AtaNr-weaving_Kagaw_S97.mp3
AtaNr-weaving_Kagaw	540.76	544.83	0	AtaNr-weaving_Kagaw_S98.mp3
AtaNr-weaving_Kagaw	544.83	548.16	0	AtaNr-weaving_Kagaw_S99.mp3
AtaNr-weaving_Kagaw	548.16	552.84	0	AtaNr-weaving_Kagaw_S100.mp3
AtaNr-weaving_Kagaw	552.84	557.77	0	AtaNr-weaving_Kagaw_S101.mp3
AtaNr-weaving_Kagaw	557.77	561.63	0	AtaNr-weaving_Kagaw_S102.mp3
AtaNr-weaving_Kagaw	561.63	562.3	0	AtaNr-weaving_Kagaw_S103.mp3
bnNr-frog_Adus	0.35	6.73	0	bnNr-frog_Adus_S0.mp3
bnNr-frog_Adus	6.73	13.19	0	bnNr-frog_Adus_S1.mp3
bnNr-frog_Adus	13.19	15.83	0	bnNr-frog_Adus_S2.mp3
bnNr-frog_Adus	15.83	18.38	0	bnNr-frog_Adus_S3.mp3
bnNr-frog_Adus	18.38	23.41	0	bnNr-frog_Adus_S4.mp3
bnNr-frog_Adus	23.41	26.55	0	bnNr-frog_Adus_S5.mp3
bnNr-frog_Adus	26.55	31.56	0	bnNr-frog_Adus_S6.mp3
bnNr-frog_Adus	31.56	37.44	0	bnNr-frog_Adus_S7.mp3
bnNr-frog_Adus	37.44	41.11	0	bnNr-frog_Adus_S8.mp3
bnNr-frog_Adus	41.11	44.31	0	bnNr-frog_Adus_S9.mp3
bnNr-frog_Adus	44.31	46.48	0	bnNr-frog_Adus_S10.mp3
bnNr-frog_Adus	46.48	58.0	0	bnNr-frog_Adus_S11.mp3
bnNr-frog_Adus	58.0	60.57	0	bnNr-frog_Adus_S12.mp3
bnNr-frog_Adus	60.57	67.95	0	bnNr-frog_Adus_S13.mp3
bnNr-frog_Adus	67.95	70.11	0	bnNr-frog_Adus_S14.mp3
bnNr-frog_Adus	70.11	74.19	0	bnNr-frog_Adus_S15.mp3
bnNr-frog_Adus	74.19	77.11	0	bnNr-frog_Adus_S16.mp3
bnNr-frog_Adus	77.11	81.82	0	bnNr-frog_Adus_S17.mp3
bnNr-frog_Adus	81.82	87.76	0	bnNr-frog_Adus_S18.mp3
bnNr-frog_Adus	87.76	91.62	0	bnNr-frog_Adus_S19.mp3
bnNr-frog_Adus	91.62	93.61	0	bnNr-frog_Adus_S20.mp3
bnNr-frog_Adus	93.61	100.14	0	bnNr-frog_Adus_S21.mp3
bnNr-frog_Adus	100.14	106.22	0	bnNr-frog_Adus_S22.mp3
bnNr-frog_Adus	106.22	109.71	0	bnNr-frog_Adus_S23.mp3
bnNr-frog_Adus	109.71	117.56	0	bnNr-frog_Adus_S24.mp3
bnNr-frog_Adus	117.56	126.77	0	bnNr-frog_Adus_S25.mp3
bnNr-frog_Adus	126.77	131.45	0	bnNr-frog_Adus_S26.mp3
bnNr-frog_Adus	131.45	135.5	0	bnNr-frog_Adus_S27.mp3
bnNr-frog_Adus	135.5	152.36	0	bnNr-frog_Adus_S28.mp3
bnNr-frog_Adus	152.36	156.14	0	bnNr-frog_Adus_S29.mp3
bnNr-frog_Adus	156.14	161.28	0	bnNr-frog_Adus_S30.mp3
bnNr-frog_Adus	161.28	166.19	0	bnNr-frog_Adus_S31.mp3
bnNr-frog_Adus	166.19	183.08	0	bnNr-frog_Adus_S32.mp3
bnNr-frog_Adus	183.08	189.6	0	bnNr-frog_Adus_S33.mp3
bnNr-frog_Adus	189.6	193.58	0	bnNr-frog_Adus_S34.mp3
bnNr-frog_Adus	193.58	197.88	0	bnNr-frog_Adus_S35.mp3
bnNr-frog_Adus	197.88	200.14	0	bnNr-frog_Adus_S36.mp3
bnNr-frog_Adus	200.14	205.85	0	bnNr-frog_Adus_S37.mp3
bnNr-frog_Adus	205.85	210.32	0	bnNr-frog_Adus_S38.mp3
bnNr-frog_Adus	210.32	215.65	0	bnNr-frog_Adus_S39.mp3
bnNr-frog_Adus	215.65	218.89	0	bnNr-frog_Adus_S40.mp3
bnNr-frog_Adus	218.89	222.41	0	bnNr-frog_Adus_S41.mp3
bnNr-frog_Adus	222.41	227.63	0	bnNr-frog_Adus_S42.mp3
bnNr-frog_Adus	227.63	230.22	0	bnNr-frog_Adus_S43.mp3
bnNr-frog_Adus	230.22	232.09	0	bnNr-frog_Adus_S44.mp3
bnNr-frog_Adus	232.09	234.18	0	bnNr-frog_Adus_S45.mp3
bnNr-frog_Adus	234.18	235.67	0	bnNr-frog_Adus_S46.mp3
bnNr-frog_Adus	235.67	243.95	0	bnNr-frog_Adus_S47.mp3
bnNr-frog_Adus	243.95	248.5	0	bnNr-frog_Adus_S48.mp3
bnNr-frog_Adus	248.5	257.81	0	bnNr-frog_Adus_S49.mp3
bnNr-frog_Adus	257.81	264.18	0	bnNr-frog_Adus_S50.mp3
bnNr-frog_Adus	264.18	266.04	0	bnNr-frog_Adus_S51.mp3
bnNr-frog_Adus	266.04	269.65	0	bnNr-frog_Adus_S52.mp3
bnNr-frog_Adus	269.65	272.26	0	bnNr-frog_Adus_S53.mp3
bnNr-frog_Adus	272.26	275.96	0	bnNr-frog_Adus_S54.mp3
bnNr-frog_Adus	275.96	281.67	0	bnNr-frog_Adus_S55.mp3
bnNr-frog_Adus	281.67	292.19	0	bnNr-frog_Adus_S56.mp3
bnNr-frog_Adus	292.19	295.77	0	bnNr-frog_Adus_S57.mp3
bnNr-frog_Adus	295.77	301.6	0	bnNr-frog_Adus_S58.mp3
bnNr-frog_Adus	301.6	314.92	0	bnNr-frog_Adus_S59.mp3
bnNr-frog_Adus	314.92	318.87	0	bnNr-frog_Adus_S60.mp3
bnNr-frog_Adus	318.87	322.42	0	bnNr-frog_Adus_S61.mp3
bnNr-frog_Adus	322.42	329.02	0	bnNr-frog_Adus_S62.mp3
bnNr-frog_Adus	329.02	335.8	0	bnNr-frog_Adus_S63.mp3
bnNr-frog_Adus	335.8	345.68	0	bnNr-frog_Adus_S64.mp3
bnNr-frog_Adus	345.68	349.96	0	bnNr-frog_Adus_S65.mp3
bnNr-frog_Adus	349.96	355.71	0	bnNr-frog_Adus_S66.mp3
bnNr-frog_Adus	355.71	361.27	0	bnNr-frog_Adus_S67.mp3
bnNr-frog_Adus	361.27	364.48	0	bnNr-frog_Adus_S68.mp3
bnNr-frog_Adus	364.48	367.94	0	bnNr-frog_Adus_S69.mp3
bnNr-frog_Adus	367.94	371.94	0	bnNr-frog_Adus_S70.mp3
bnNr-frog_Adus	371.94	374.27	0	bnNr-frog_Adus_S71.mp3
bnNr-frog_Adus	374.27	379.19	0	bnNr-frog_Adus_S72.mp3
bnNr-frog_Adus	379.19	393.46	0	bnNr-frog_Adus_S73.mp3
bnNr-frog_Adus	393.46	400.04	0	bnNr-frog_Adus_S74.mp3
bnNr-frog_Adus	400.04	405.89	0	bnNr-frog_Adus_S75.mp3
bnNr-frog_Adus	405.89	410.23	0	bnNr-frog_Adus_S76.mp3
bnNr-frog_Adus	410.23	415.76	0	bnNr-frog_Adus_S77.mp3
bnNr-frog_Adus	415.76	420.75	0	bnNr-frog_Adus_S78.mp3
bnNr-frog_Adus	420.75	423.77	0	bnNr-frog_Adus_S79.mp3
bnNr-frog_Adus	423.77	427.86	0	bnNr-frog_Adus_S80.mp3
bnNr-frog_Adus	427.86	431.77	0	bnNr-frog_Adus_S81.mp3
bnNr-frog_Adus	431.77	435.69	0	bnNr-frog_Adus_S82.mp3
bnNr-frog_Adus	435.69	441.9	0	bnNr-frog_Adus_S83.mp3
bnNr-frog_Adus	441.9	445.01	0	bnNr-frog_Adus_S84.mp3
bnNr-frog_Adus	445.01	449.59	0	bnNr-frog_Adus_S85.mp3
bnNr-frog_Adus	449.59	460.29	0	bnNr-frog_Adus_S86.mp3
bnNr-frog_Adus	460.29	462.54	0	bnNr-frog_Adus_S87.mp3
bnNr-frog_Adus	462.54	466.17	0	bnNr-frog_Adus_S88.mp3
bnNr-frog_Adus	466.17	467.65	0	bnNr-frog_Adus_S89.mp3
bnNr-frog_Adus	467.65	472.83	0	bnNr-frog_Adus_S90.mp3
bnNr-frog_Adus	472.83	477.41	0	bnNr-frog_Adus_S91.mp3
bnNr-frog_Adus	477.41	479.85	0	bnNr-frog_Adus_S92.mp3
bnNr-frog_Adus	479.85	481.5	0	bnNr-frog_Adus_S93.mp3
bnNr-frog_Adus	481.5	482.47	0	bnNr-frog_Adus_S94.mp3
bnNr-frog_Ciang	1.46	4.7	0	bnNr-frog_Ciang_S0.mp3
bnNr-frog_Ciang	4.7	10.86	0	bnNr-frog_Ciang_S1.mp3
bnNr-frog_Ciang	10.86	17.49	0	bnNr-frog_Ciang_S2.mp3
bnNr-frog_Ciang	17.49	41.29	0	bnNr-frog_Ciang_S3.mp3
bnNr-frog_Ciang	41.29	46.52	0	bnNr-frog_Ciang_S4.mp3
bnNr-frog_Ciang	46.52	49.02	0	bnNr-frog_Ciang_S5.mp3
bnNr-frog_Ciang	49.02	60.54	0	bnNr-frog_Ciang_S6.mp3
bnNr-frog_Ciang	60.54	69.34	0	bnNr-frog_Ciang_S7.mp3
bnNr-frog_Ciang	69.34	80.63	0	bnNr-frog_Ciang_S8.mp3
bnNr-frog_Ciang	80.63	81.71	0	bnNr-frog_Ciang_S9.mp3
bnNr-frog_Ciang	81.71	91.88	0	bnNr-frog_Ciang_S10.mp3
bnNr-frog_Ciang	91.88	98.64	0	bnNr-frog_Ciang_S11.mp3
bnNr-frog_Ciang	98.64	102.25	0	bnNr-frog_Ciang_S12.mp3
bnNr-frog_Ciang	102.25	113.69	0	bnNr-frog_Ciang_S13.mp3
bnNr-frog_Ciang	113.69	124.64	0	bnNr-frog_Ciang_S14.mp3
bnNr-frog_Ciang	124.64	127.71	0	bnNr-frog_Ciang_S15.mp3
bnNr-frog_Ciang	127.71	136.43	0	bnNr-frog_Ciang_S16.mp3
bnNr-frog_Ciang	136.43	146.95	0	bnNr-frog_Ciang_S17.mp3
bnNr-frog_Ciang	146.95	151.39	0	bnNr-frog_Ciang_S18.mp3
bnNr-frog_Ciang	151.39	162.79	0	bnNr-frog_Ciang_S19.mp3
bnNr-frog_Ciang	162.79	173.8	0	bnNr-frog_Ciang_S20.mp3
bnNr-frog_Ciang	173.8	186.05	0	bnNr-frog_Ciang_S21.mp3
bnNr-frog_Ciang	186.05	203.48	0	bnNr-frog_Ciang_S22.mp3
bnNr-frog_Ciang	203.48	221.17	0	bnNr-frog_Ciang_S23.mp3
bnNr-frog_Ciang	221.17	230.51	0	bnNr-frog_Ciang_S24.mp3
bnNr-frog_Ciang	230.51	238.63	0	bnNr-frog_Ciang_S25.mp3
bnNr-frog_Ciang	238.63	245.82	0	bnNr-frog_Ciang_S26.mp3
bnNr-frog_Ciang	245.82	253.36	0	bnNr-frog_Ciang_S27.mp3
bnNr-frog_Ciang	253.36	257.25	0	bnNr-frog_Ciang_S28.mp3
bnNr-frog_Ciang	257.25	263.03	0	bnNr-frog_Ciang_S29.mp3
bnNr-frog_Ciang	263.03	274.0	0	bnNr-frog_Ciang_S30.mp3
bnNr-frog_Ciang	274.0	283.85	0	bnNr-frog_Ciang_S31.mp3
bnNr-frog_Ciang	283.85	296.66	0	bnNr-frog_Ciang_S32.mp3
bnNr-frog_Ciang	296.66	302.99	0	bnNr-frog_Ciang_S33.mp3
bnNr-frog_Ciang	302.99	310.31	0	bnNr-frog_Ciang_S34.mp3
bnNr-frog_Ciang	310.31	311.17	0	bnNr-frog_Ciang_S35.mp3
bnNr-frog_Ciang	311.17	316.27	0	bnNr-frog_Ciang_S36.mp3
bnNr-frog_Ciang	316.27	322.45	0	bnNr-frog_Ciang_S37.mp3
bnNr-frog_Ciang	322.45	332.3	0	bnNr-frog_Ciang_S38.mp3
bnNr-frog_Ciang	332.3	341.04	0	bnNr-frog_Ciang_S39.mp3
bnNr-frog_Ciang	341.04	353.01	0	bnNr-frog_Ciang_S40.mp3
bnNr-frog_Ciang	353.01	357.62	0	bnNr-frog_Ciang_S41.mp3
bnNr-frog_Ciang	357.62	365.43	0	bnNr-frog_Ciang_S42.mp3
bnNr-frog_Ciang	365.43	366.98	0	bnNr-frog_Ciang_S43.mp3
bnNr-frog_Ciang	366.98	370.06	0	bnNr-frog_Ciang_S44.mp3
bnNr-frog_Ciang	370.06	372.26	0	bnNr-frog_Ciang_S45.mp3
bnNr-frog_Ciang	372.26	373.48	0	bnNr-frog_Ciang_S46.mp3
bnNr-frog_Ciang	373.48	374.73	0	bnNr-frog_Ciang_S47.mp3
bnNr-frog_Ciang	374.73	377.09	0	bnNr-frog_Ciang_S48.mp3
bnNr-frog_Hanaivaz	2.99	3.79	0	bnNr-frog_Hanaivaz_S0.mp3
bnNr-frog_Hanaivaz	3.79	11.09	0	bnNr-frog_Hanaivaz_S1.mp3
bnNr-frog_Hanaivaz	11.09	18.45	0	bnNr-frog_Hanaivaz_S2.mp3
bnNr-frog_Hanaivaz	18.45	26.33	0	bnNr-frog_Hanaivaz_S3.mp3
bnNr-frog_Hanaivaz	26.33	33.66	0	bnNr-frog_Hanaivaz_S4.mp3
bnNr-frog_Hanaivaz	33.66	38.29	0	bnNr-frog_Hanaivaz_S5.mp3
bnNr-frog_Hanaivaz	38.29	43.83	0	bnNr-frog_Hanaivaz_S6.mp3
bnNr-frog_Hanaivaz	43.83	46.1	0	bnNr-frog_Hanaivaz_S7.mp3
bnNr-frog_Hanaivaz	46.1	49.58	0	bnNr-frog_Hanaivaz_S8.mp3
bnNr-frog_Hanaivaz	49.58	52.59	0	bnNr-frog_Hanaivaz_S9.mp3
bnNr-frog_Hanaivaz	52.59	54.9	0	bnNr-frog_Hanaivaz_S10.mp3
bnNr-frog_Hanaivaz	54.9	59.85	0	bnNr-frog_Hanaivaz_S11.mp3
bnNr-frog_Hanaivaz	59.85	61.9	0	bnNr-frog_Hanaivaz_S12.mp3
bnNr-frog_Hanaivaz	61.9	73.44	0	bnNr-frog_Hanaivaz_S13.mp3
bnNr-frog_Hanaivaz	73.44	80.61	0	bnNr-frog_Hanaivaz_S14.mp3
bnNr-frog_Hanaivaz	80.61	84.95	0	bnNr-frog_Hanaivaz_S15.mp3
bnNr-frog_Hanaivaz	84.95	92.98	0	bnNr-frog_Hanaivaz_S16.mp3
bnNr-frog_Hanaivaz	92.98	97.94	0	bnNr-frog_Hanaivaz_S17.mp3
bnNr-frog_Hanaivaz	97.94	100.85	0	bnNr-frog_Hanaivaz_S18.mp3
bnNr-frog_Hanaivaz	100.85	102.12	0	bnNr-frog_Hanaivaz_S19.mp3
bnNr-frog_Hanaivaz	102.12	107.2	0	bnNr-frog_Hanaivaz_S20.mp3
bnNr-frog_Hanaivaz	107.2	119.8	0	bnNr-frog_Hanaivaz_S21.mp3
bnNr-frog_Hanaivaz	119.8	125.63	0	bnNr-frog_Hanaivaz_S22.mp3
bnNr-frog_Hanaivaz	125.63	127.48	0	bnNr-frog_Hanaivaz_S23.mp3
bnNr-frog_Hanaivaz	127.48	132.48	0	bnNr-frog_Hanaivaz_S24.mp3
bnNr-frog_Hanaivaz	132.48	137.77	0	bnNr-frog_Hanaivaz_S25.mp3
bnNr-frog_Hanaivaz	137.77	147.14	0	bnNr-frog_Hanaivaz_S26.mp3
bnNr-frog_Hanaivaz	147.14	152.53	0	bnNr-frog_Hanaivaz_S27.mp3
bnNr-frog_Hanaivaz	152.53	158.45	0	bnNr-frog_Hanaivaz_S28.mp3
bnNr-frog_Hanaivaz	158.45	159.82	0	bnNr-frog_Hanaivaz_S29.mp3
bnNr-frog_Hanaivaz	159.82	162.38	0	bnNr-frog_Hanaivaz_S30.mp3
bnNr-frog_Hanaivaz	162.38	168.16	0	bnNr-frog_Hanaivaz_S31.mp3
bnNr-frog_Hanaivaz	168.16	172.26	0	bnNr-frog_Hanaivaz_S32.mp3
bnNr-frog_Hanaivaz	172.26	175.35	0	bnNr-frog_Hanaivaz_S33.mp3
bnNr-frog_Hanaivaz	175.35	180.54	0	bnNr-frog_Hanaivaz_S34.mp3
bnNr-frog_Hanaivaz	180.54	184.86	0	bnNr-frog_Hanaivaz_S35.mp3
bnNr-frog_Hanaivaz	184.86	188.16	0	bnNr-frog_Hanaivaz_S36.mp3
bnNr-frog_Hanaivaz	188.16	191.2	0	bnNr-frog_Hanaivaz_S37.mp3
bnNr-frog_Hanaivaz	191.2	196.42	0	bnNr-frog_Hanaivaz_S38.mp3
bnNr-frog_Hanaivaz	196.42	212.55	0	bnNr-frog_Hanaivaz_S39.mp3
bnNr-frog_Hanaivaz	212.55	217.19	0	bnNr-frog_Hanaivaz_S40.mp3
bnNr-frog_Hanaivaz	217.19	225.46	0	bnNr-frog_Hanaivaz_S41.mp3
bnNr-frog_Hanaivaz	225.46	234.0	0	bnNr-frog_Hanaivaz_S42.mp3
bnNr-frog_Hanaivaz	234.0	239.76	0	bnNr-frog_Hanaivaz_S43.mp3
bnNr-frog_Hanaivaz	239.76	245.16	0	bnNr-frog_Hanaivaz_S44.mp3
bnNr-frog_Hanaivaz	245.16	254.03	0	bnNr-frog_Hanaivaz_S45.mp3
bnNr-frog_Hanaivaz	254.03	257.02	0	bnNr-frog_Hanaivaz_S46.mp3
bnNr-frog_Hanaivaz	257.02	261.19	0	bnNr-frog_Hanaivaz_S47.mp3
bnNr-frog_Hanaivaz	261.19	267.34	0	bnNr-frog_Hanaivaz_S48.mp3
bnNr-frog_Hanaivaz	267.34	269.4	0	bnNr-frog_Hanaivaz_S49.mp3
bnNr-frog_Hanaivaz	269.4	274.3	0	bnNr-frog_Hanaivaz_S50.mp3
bnNr-frog_Hanaivaz	274.3	276.81	0	bnNr-frog_Hanaivaz_S51.mp3
bnNr-frog_Hanaivaz	276.81	281.12	0	bnNr-frog_Hanaivaz_S52.mp3
bnNr-frog_Hanaivaz	281.12	285.29	0	bnNr-frog_Hanaivaz_S53.mp3
bnNr-frog_Hanaivaz	285.29	294.54	0	bnNr-frog_Hanaivaz_S54.mp3
bnNr-frog_Hanaivaz	294.54	299.78	0	bnNr-frog_Hanaivaz_S55.mp3
bnNr-frog_Hanaivaz	299.78	306.01	0	bnNr-frog_Hanaivaz_S56.mp3
bnNr-frog_Hanaivaz	306.01	310.38	0	bnNr-frog_Hanaivaz_S57.mp3
bnNr-frog_Hanaivaz	310.38	316.51	0	bnNr-frog_Hanaivaz_S58.mp3
bnNr-frog_Hanaivaz	316.51	324.83	0	bnNr-frog_Hanaivaz_S59.mp3
bnNr-frog_Hanaivaz	324.83	330.17	0	bnNr-frog_Hanaivaz_S60.mp3
bnNr-frog_Hanaivaz	330.17	336.52	0	bnNr-frog_Hanaivaz_S61.mp3
bnNr-frog_Hanaivaz	336.52	342.02	0	bnNr-frog_Hanaivaz_S62.mp3
bnNr-frog_Hanaivaz	342.02	349.65	0	bnNr-frog_Hanaivaz_S63.mp3
bnNr-frog_Hanaivaz	349.65	354.59	0	bnNr-frog_Hanaivaz_S64.mp3
bnNr-frog_Hanaivaz	354.59	357.96	0	bnNr-frog_Hanaivaz_S65.mp3
bnNr-frog_Hanaivaz	357.96	365.89	0	bnNr-frog_Hanaivaz_S66.mp3
bnNr-frog_Hanaivaz	365.89	371.54	0	bnNr-frog_Hanaivaz_S67.mp3
bnNr-frog_Hanaivaz	371.54	381.15	0	bnNr-frog_Hanaivaz_S68.mp3
bnNr-frog_Hanaivaz	381.15	383.41	0	bnNr-frog_Hanaivaz_S69.mp3
bnNr-frog_Hanaivaz	383.41	393.12	0	bnNr-frog_Hanaivaz_S70.mp3
bnNr-frog_Hanaivaz	393.12	402.18	0	bnNr-frog_Hanaivaz_S71.mp3
bnNr-frog_Hanaivaz	402.18	404.79	0	bnNr-frog_Hanaivaz_S72.mp3
bnNr-frog_Hanaivaz	404.79	410.05	0	bnNr-frog_Hanaivaz_S73.mp3
bnNr-frog_Hanaivaz	410.05	415.92	0	bnNr-frog_Hanaivaz_S74.mp3
bnNr-frog_Hanaivaz	415.92	417.95	0	bnNr-frog_Hanaivaz_S75.mp3
bnNr-frog_Hanaivaz	417.95	422.54	0	bnNr-frog_Hanaivaz_S76.mp3
bnNr-frog_Hanaivaz	422.54	427.2	0	bnNr-frog_Hanaivaz_S77.mp3
bnNr-frog_Hanaivaz	427.2	433.45	0	bnNr-frog_Hanaivaz_S78.mp3
bnNr-frog_Hanaivaz	433.45	440.36	0	bnNr-frog_Hanaivaz_S79.mp3
bnNr-frog_Hanaivaz	440.36	445.15	0	bnNr-frog_Hanaivaz_S80.mp3
bnNr-frog_Hanaivaz	445.15	449.4	0	bnNr-frog_Hanaivaz_S81.mp3
bnNr-frog_Hanaivaz	449.4	457.93	0	bnNr-frog_Hanaivaz_S82.mp3
bnNr-frog_Hanaivaz	457.93	465.73	0	bnNr-frog_Hanaivaz_S83.mp3
bnNr-frog_Hanaivaz	465.73	473.28	0	bnNr-frog_Hanaivaz_S84.mp3
bnNr-frog_Hanaivaz	473.28	480.34	0	bnNr-frog_Hanaivaz_S85.mp3
bnNr-frog_Hanaivaz	480.34	482.59	0	bnNr-frog_Hanaivaz_S86.mp3
bnNr-frog_Hanaivaz	482.59	491.36	0	bnNr-frog_Hanaivaz_S87.mp3
bnNr-frog_Hanaivaz	491.36	495.5	0	bnNr-frog_Hanaivaz_S88.mp3
bnNr-frog_Hanaivaz	495.5	507.18	0	bnNr-frog_Hanaivaz_S89.mp3
bnNr-frog_Hanaivaz	507.18	512.53	0	bnNr-frog_Hanaivaz_S90.mp3
bnNr-frog_Hanaivaz	512.53	514.78	0	bnNr-frog_Hanaivaz_S91.mp3
bnNr-frog_Hanaivaz	514.78	518.07	0	bnNr-frog_Hanaivaz_S92.mp3
bnNr-frog_Hanaivaz	518.07	523.76	0	bnNr-frog_Hanaivaz_S93.mp3
bnNr-frog_Hanaivaz	523.76	534.95	0	bnNr-frog_Hanaivaz_S94.mp3
bnNr-frog_Hanaivaz	534.95	551.86	0	bnNr-frog_Hanaivaz_S95.mp3
bnNr-frog_Hanaivaz	551.86	554.61	0	bnNr-frog_Hanaivaz_S96.mp3
bnNr-frog_Hanaivaz	554.61	560.22	0	bnNr-frog_Hanaivaz_S97.mp3
bnNr-frog_Hanaivaz	560.22	561.52	0	bnNr-frog_Hanaivaz_S98.mp3
bnNr-frog_Laniahu	0.004	1.12	0	bnNr-frog_Laniahu_S0.mp3
bnNr-frog_Laniahu	1.12	3.03	0	bnNr-frog_Laniahu_S1.mp3
bnNr-frog_Laniahu	3.03	4.57	0	bnNr-frog_Laniahu_S2.mp3
bnNr-frog_Laniahu	4.57	7.72	0	bnNr-frog_Laniahu_S3.mp3
bnNr-frog_Laniahu	7.72	12.26	0	bnNr-frog_Laniahu_S4.mp3
bnNr-frog_Laniahu	12.26	16.61	0	bnNr-frog_Laniahu_S5.mp3
bnNr-frog_Laniahu	16.61	20.4	0	bnNr-frog_Laniahu_S6.mp3
bnNr-frog_Laniahu	20.4	22.14	0	bnNr-frog_Laniahu_S7.mp3
bnNr-frog_Laniahu	22.14	27.66	0	bnNr-frog_Laniahu_S8.mp3
bnNr-frog_Laniahu	27.66	32.87	0	bnNr-frog_Laniahu_S9.mp3
bnNr-frog_Laniahu	32.87	36.9	0	bnNr-frog_Laniahu_S10.mp3
bnNr-frog_Laniahu	36.9	40.22	0	bnNr-frog_Laniahu_S11.mp3
bnNr-frog_Laniahu	40.22	44.86	0	bnNr-frog_Laniahu_S12.mp3
bnNr-frog_Laniahu	44.86	47.15	0	bnNr-frog_Laniahu_S13.mp3
bnNr-frog_Laniahu	47.15	49.47	0	bnNr-frog_Laniahu_S14.mp3
bnNr-frog_Laniahu	49.47	54.37	0	bnNr-frog_Laniahu_S15.mp3
bnNr-frog_Laniahu	54.37	57.39	0	bnNr-frog_Laniahu_S16.mp3
bnNr-frog_Laniahu	57.39	60.51	0	bnNr-frog_Laniahu_S17.mp3
bnNr-frog_Laniahu	60.51	62.52	0	bnNr-frog_Laniahu_S18.mp3
bnNr-frog_Laniahu	62.52	63.65	0	bnNr-frog_Laniahu_S19.mp3
bnNr-frog_Laniahu	63.65	68.22	0	bnNr-frog_Laniahu_S20.mp3
bnNr-frog_Laniahu	68.22	69.89	0	bnNr-frog_Laniahu_S21.mp3
bnNr-frog_Laniahu	69.89	72.48	0	bnNr-frog_Laniahu_S22.mp3
bnNr-frog_Laniahu	72.48	78.11	0	bnNr-frog_Laniahu_S23.mp3
bnNr-frog_Laniahu	78.11	80.2	0	bnNr-frog_Laniahu_S24.mp3
bnNr-frog_Laniahu	80.2	82.22	0	bnNr-frog_Laniahu_S25.mp3
bnNr-frog_Laniahu	82.22	86.33	0	bnNr-frog_Laniahu_S26.mp3
bnNr-frog_Laniahu	86.33	87.25	0	bnNr-frog_Laniahu_S27.mp3
bnNr-frog_Laniahu	87.25	89.89	0	bnNr-frog_Laniahu_S28.mp3
bnNr-frog_Laniahu	89.89	91.68	0	bnNr-frog_Laniahu_S29.mp3
bnNr-frog_Laniahu	91.68	95.85	0	bnNr-frog_Laniahu_S30.mp3
bnNr-frog_Laniahu	95.85	97.83	0	bnNr-frog_Laniahu_S31.mp3
bnNr-frog_Laniahu	97.83	99.94	0	bnNr-frog_Laniahu_S32.mp3
bnNr-frog_Laniahu	99.94	103.28	0	bnNr-frog_Laniahu_S33.mp3
bnNr-frog_Laniahu	103.28	106.43	0	bnNr-frog_Laniahu_S34.mp3
bnNr-frog_Laniahu	106.43	106.87	0	bnNr-frog_Laniahu_S35.mp3
bnNr-frog_Laniahu	106.87	109.61	0	bnNr-frog_Laniahu_S36.mp3
bnNr-frog_Laniahu	109.61	111.99	0	bnNr-frog_Laniahu_S37.mp3
bnNr-frog_Laniahu	111.99	118.61	0	bnNr-frog_Laniahu_S38.mp3
bnNr-frog_Laniahu	118.61	119.75	0	bnNr-frog_Laniahu_S39.mp3
bnNr-frog_Laniahu	119.75	122.98	0	bnNr-frog_Laniahu_S40.mp3
bnNr-frog_Laniahu	122.98	125.1	0	bnNr-frog_Laniahu_S41.mp3
bnNr-frog_Laniahu	125.1	128.52	0	bnNr-frog_Laniahu_S42.mp3
bnNr-frog_Laniahu	128.52	131.63	0	bnNr-frog_Laniahu_S43.mp3
bnNr-frog_Laniahu	131.63	135.35	0	bnNr-frog_Laniahu_S44.mp3
bnNr-frog_Laniahu	135.35	136.59	0	bnNr-frog_Laniahu_S45.mp3
bnNr-frog_Laniahu	136.59	138.45	0	bnNr-frog_Laniahu_S46.mp3
bnNr-frog_Laniahu	138.45	142.08	0	bnNr-frog_Laniahu_S47.mp3
bnNr-frog_Laniahu	142.08	144.56	0	bnNr-frog_Laniahu_S48.mp3
bnNr-frog_Laniahu	144.56	146.43	0	bnNr-frog_Laniahu_S49.mp3
bnNr-frog_Laniahu	146.43	150.66	0	bnNr-frog_Laniahu_S50.mp3
bnNr-frog_Laniahu	150.66	151.42	0	bnNr-frog_Laniahu_S51.mp3
bnNr-frog_Laniahu	151.42	153.27	0	bnNr-frog_Laniahu_S52.mp3
bnNr-frog_Laniahu	153.27	154.29	0	bnNr-frog_Laniahu_S53.mp3
bnNr-frog_Laniahu	154.29	159.45	0	bnNr-frog_Laniahu_S54.mp3
bnNr-frog_Laniahu	159.45	161.51	0	bnNr-frog_Laniahu_S55.mp3
bnNr-frog_Laniahu	161.51	164.91	0	bnNr-frog_Laniahu_S56.mp3
bnNr-frog_Laniahu	164.91	167.57	0	bnNr-frog_Laniahu_S57.mp3
bnNr-frog_Laniahu	167.57	179.56	0	bnNr-frog_Laniahu_S58.mp3
bnNr-frog_Laniahu	179.56	183.57	0	bnNr-frog_Laniahu_S59.mp3
bnNr-frog_Laniahu	183.57	185.85	0	bnNr-frog_Laniahu_S60.mp3
bnNr-frog_Laniahu	185.85	189.32	0	bnNr-frog_Laniahu_S61.mp3
bnNr-frog_Laniahu	189.32	191.44	0	bnNr-frog_Laniahu_S62.mp3
bnNr-frog_Laniahu	191.44	194.8	0	bnNr-frog_Laniahu_S63.mp3
bnNr-frog_Laniahu	194.8	199.41	0	bnNr-frog_Laniahu_S64.mp3
bnNr-frog_Laniahu	199.41	206.02	0	bnNr-frog_Laniahu_S65.mp3
bnNr-frog_Laniahu	206.02	209.94	0	bnNr-frog_Laniahu_S66.mp3
bnNr-frog_Laniahu	209.94	218.25	0	bnNr-frog_Laniahu_S67.mp3
bnNr-frog_Laniahu	218.25	223.25	0	bnNr-frog_Laniahu_S68.mp3
bnNr-frog_Laniahu	223.25	225.81	0	bnNr-frog_Laniahu_S69.mp3
bnNr-frog_Laniahu	225.81	226.6	0	bnNr-frog_Laniahu_S70.mp3
bnNr-frog_Laniahu	226.6	227.46	0	bnNr-frog_Laniahu_S71.mp3
bnNr-frog_Laniahu	227.46	235.62	0	bnNr-frog_Laniahu_S72.mp3
bnNr-frog_Laniahu	235.62	239.35	0	bnNr-frog_Laniahu_S73.mp3
bnNr-frog_Laniahu	239.35	242.03	0	bnNr-frog_Laniahu_S74.mp3
bnNr-frog_Laniahu	242.03	243.6	0	bnNr-frog_Laniahu_S75.mp3
bnNr-frog_Laniahu	243.6	243.95	0	bnNr-frog_Laniahu_S76.mp3
bnNr-frog_Laniahu	243.95	246.62	0	bnNr-frog_Laniahu_S77.mp3
bnNr-frog_Laniahu	246.62	248.76	0	bnNr-frog_Laniahu_S78.mp3
bnNr-frog_Laniahu	248.76	251.47	0	bnNr-frog_Laniahu_S79.mp3
bnNr-frog_Laniahu	251.47	253.7	0	bnNr-frog_Laniahu_S80.mp3
bnNr-frog_Laniahu	253.7	255.5	0	bnNr-frog_Laniahu_S81.mp3
bnNr-frog_Laniahu	255.5	256.14	0	bnNr-frog_Laniahu_S82.mp3
bnNr-frog_Laniahu	256.14	256.83	0	bnNr-frog_Laniahu_S83.mp3
bnNr-frog_Laniahu	256.83	257.47	0	bnNr-frog_Laniahu_S84.mp3
bnNr-frog_Laniahu	257.47	259.81	0	bnNr-frog_Laniahu_S85.mp3
bnNr-frog_Laniahu	259.81	263.9	0	bnNr-frog_Laniahu_S86.mp3
bnNr-frog_Laniahu	263.9	267.83	0	bnNr-frog_Laniahu_S87.mp3
bnNr-frog_Laniahu	267.83	269.7	0	bnNr-frog_Laniahu_S88.mp3
bnNr-frog_Laniahu	269.7	271.03	0	bnNr-frog_Laniahu_S89.mp3
bnNr-frog_Laniahu	271.03	276.66	0	bnNr-frog_Laniahu_S90.mp3
bnNr-frog_Laniahu	276.66	277.86	0	bnNr-frog_Laniahu_S91.mp3
bnNr-frog_Laniahu	277.86	279.87	0	bnNr-frog_Laniahu_S92.mp3
bnNr-frog_Laniahu	279.87	284.37	0	bnNr-frog_Laniahu_S93.mp3
bnNr-frog_Laniahu	284.37	285.43	0	bnNr-frog_Laniahu_S94.mp3
bnNr-frog_Laniahu	285.43	287.73	0	bnNr-frog_Laniahu_S95.mp3
bnNr-frog_Laniahu	287.73	289.85	0	bnNr-frog_Laniahu_S96.mp3
bnNr-frog_Laniahu	289.85	291.01	0	bnNr-frog_Laniahu_S97.mp3
bnNr-frog_Laniahu	291.01	291.38	0	bnNr-frog_Laniahu_S98.mp3
bnNr-frog_Laniahu	291.38	292.43	0	bnNr-frog_Laniahu_S99.mp3
bnNr-frog_Laniahu	292.43	297.34	0	bnNr-frog_Laniahu_S100.mp3
bnNr-frog_Laniahu	297.34	298.87	0	bnNr-frog_Laniahu_S101.mp3
bnNr-frog_Laniahu	298.87	302.49	0	bnNr-frog_Laniahu_S102.mp3
bnNr-frog_Laniahu	302.49	305.55	0	bnNr-frog_Laniahu_S103.mp3
bnNr-frog_Laniahu	305.55	306.36	0	bnNr-frog_Laniahu_S104.mp3
bnNr-frog_Laniahu	306.36	314.21	0	bnNr-frog_Laniahu_S105.mp3
bnNr-frog_Laniahu	314.21	319.88	0	bnNr-frog_Laniahu_S106.mp3
bnNr-frog_Laniahu	319.88	321.12	0	bnNr-frog_Laniahu_S107.mp3
bnNr-frog_Laniahu	321.12	323.21	0	bnNr-frog_Laniahu_S108.mp3
bnNr-frog_Laniahu	323.21	327.64	0	bnNr-frog_Laniahu_S109.mp3
bnNr-frog_Laniahu	327.64	332.56	0	bnNr-frog_Laniahu_S110.mp3
bnNr-frog_Laniahu	332.56	336.67	0	bnNr-frog_Laniahu_S111.mp3
bnNr-frog_Laniahu	336.67	340.39	0	bnNr-frog_Laniahu_S112.mp3
bnNr-frog_Laniahu	340.39	345.74	0	bnNr-frog_Laniahu_S113.mp3
bnNr-frog_Laniahu	345.74	346.33	0	bnNr-frog_Laniahu_S114.mp3
bnNr-frog_Laniahu	346.33	347.59	0	bnNr-frog_Laniahu_S115.mp3
bnNr-frog_Laniahu	347.59	355.11	0	bnNr-frog_Laniahu_S116.mp3
bnNr-frog_Laniahu	355.11	359.92	0	bnNr-frog_Laniahu_S117.mp3
bnNr-frog_Laniahu	359.92	369.35	0	bnNr-frog_Laniahu_S118.mp3
bnNr-frog_Laniahu	369.35	376.86	0	bnNr-frog_Laniahu_S119.mp3
bnNr-frog_Laniahu	376.86	383.01	0	bnNr-frog_Laniahu_S120.mp3
bnNr-frog_Laniahu	383.01	388.87	0	bnNr-frog_Laniahu_S121.mp3
bnNr-frog_Laniahu	388.87	398.32	0	bnNr-frog_Laniahu_S122.mp3
bnNr-frog_Laniahu	398.32	410.35	0	bnNr-frog_Laniahu_S123.mp3
bnNr-frog_Laniahu	410.35	431.59	0	bnNr-frog_Laniahu_S124.mp3
bnNr-frog_Laniahu	431.59	447.77	0	bnNr-frog_Laniahu_S125.mp3
bnNr-frog_Laniahu	447.77	460.04	0	bnNr-frog_Laniahu_S126.mp3
bnNr-frog_Laniahu	467.97	481.53	0	bnNr-frog_Laniahu_S128.mp3
bnNr-frog_Laniahu	481.53	489.47	0	bnNr-frog_Laniahu_S129.mp3
bnNr-frog_Laniahu	489.47	499.05	0	bnNr-frog_Laniahu_S130.mp3
bnNr-frog_Laniahu	499.05	508.78	0	bnNr-frog_Laniahu_S131.mp3
bnNr-frog_Laniahu	508.78	523.01	0	bnNr-frog_Laniahu_S132.mp3
bnNr-frog_Laniahu	523.01	540.42	0	bnNr-frog_Laniahu_S133.mp3
bnNr-frog_Laniahu	540.42	549.02	0	bnNr-frog_Laniahu_S134.mp3
bnNr-frog_Laniahu	549.02	558.98	0	bnNr-frog_Laniahu_S135.mp3
bnNr-frog_Laniahu	558.98	564.67	0	bnNr-frog_Laniahu_S136.mp3
bnNr-frog_Laniahu	564.67	576.94	0	bnNr-frog_Laniahu_S137.mp3
bnNr-frog_Laniahu	576.94	581.17	0	bnNr-frog_Laniahu_S138.mp3
bnNr-frog_Laniahu	581.17	589.06	0	bnNr-frog_Laniahu_S139.mp3
bnNr-frog_Laniahu	589.06	594.09	0	bnNr-frog_Laniahu_S140.mp3
bnNr-frog_Laniahu	594.09	597.3	0	bnNr-frog_Laniahu_S141.mp3
bnNr-frog_Laniahu	597.3	608.27	0	bnNr-frog_Laniahu_S142.mp3
bnNr-frog_Laniahu	608.27	614.58	0	bnNr-frog_Laniahu_S143.mp3
bnNr-frog_Laniahu	614.58	619.31	0	bnNr-frog_Laniahu_S144.mp3
bnNr-frog_Laniahu	619.31	624.8	0	bnNr-frog_Laniahu_S145.mp3
bnNr-frog_Laniahu	624.8	638.65	0	bnNr-frog_Laniahu_S146.mp3
bnNr-frog_Laniahu	638.65	640.93	0	bnNr-frog_Laniahu_S147.mp3
bnNr-frog_Laniahu	640.93	647.24	0	bnNr-frog_Laniahu_S148.mp3
bnNr-frog_Laniahu	647.24	660.96	0	bnNr-frog_Laniahu_S149.mp3
bnNr-frog_Laniahu	660.96	665.75	0	bnNr-frog_Laniahu_S150.mp3
bnNr-frog_Laniahu	665.75	676.14	0	bnNr-frog_Laniahu_S151.mp3
bnNr-frog_Laniahu	676.14	687.34	0	bnNr-frog_Laniahu_S152.mp3
bnNr-frog_Laniahu	687.34	700.56	0	bnNr-frog_Laniahu_S153.mp3
bnNr-frog_Laniahu	700.56	709.69	0	bnNr-frog_Laniahu_S154.mp3
bnNr-frog_Laniahu	709.69	721.53	0	bnNr-frog_Laniahu_S155.mp3
bnNr-frog_Laniahu	721.53	728.4	0	bnNr-frog_Laniahu_S156.mp3
bnNr-frog_Laniahu	728.4	730.34	0	bnNr-frog_Laniahu_S157.mp3
bnNr-frog_Laniahu	730.34	750.48	0	bnNr-frog_Laniahu_S158.mp3
bnNr-frog_Laniahu	750.48	755.77	0	bnNr-frog_Laniahu_S159.mp3
bnNr-frog_Laniahu	755.77	771.73	0	bnNr-frog_Laniahu_S160.mp3
bnNr-frog_Laniahu	771.73	781.43	0	bnNr-frog_Laniahu_S161.mp3
bnNr-frog_Samingaz	1.2	7.53	0	bnNr-frog_Samingaz_S0.mp3
bnNr-frog_Samingaz	7.53	9.49	0	bnNr-frog_Samingaz_S1.mp3
bnNr-frog_Samingaz	9.49	11.91	0	bnNr-frog_Samingaz_S2.mp3
bnNr-frog_Samingaz	11.91	20.47	0	bnNr-frog_Samingaz_S3.mp3
bnNr-frog_Samingaz	20.47	29.36	0	bnNr-frog_Samingaz_S4.mp3
bnNr-frog_Samingaz	29.36	40.17	0	bnNr-frog_Samingaz_S5.mp3
bnNr-frog_Samingaz	40.17	43.69	0	bnNr-frog_Samingaz_S6.mp3
bnNr-frog_Samingaz	43.69	46.36	0	bnNr-frog_Samingaz_S7.mp3
bnNr-frog_Samingaz	46.36	52.41	0	bnNr-frog_Samingaz_S8.mp3
bnNr-frog_Samingaz	52.41	59.13	0	bnNr-frog_Samingaz_S9.mp3
bnNr-frog_Samingaz	59.13	67.42	0	bnNr-frog_Samingaz_S10.mp3
bnNr-frog_Samingaz	67.42	71.9	0	bnNr-frog_Samingaz_S11.mp3
bnNr-frog_Samingaz	71.9	76.01	0	bnNr-frog_Samingaz_S12.mp3
bnNr-frog_Samingaz	76.01	79.29	0	bnNr-frog_Samingaz_S13.mp3
bnNr-frog_Samingaz	79.29	85.25	0	bnNr-frog_Samingaz_S14.mp3
bnNr-frog_Samingaz	85.25	88.15	0	bnNr-frog_Samingaz_S15.mp3
bnNr-frog_Samingaz	88.15	94.42	0	bnNr-frog_Samingaz_S16.mp3
bnNr-frog_Samingaz	94.42	97.67	0	bnNr-frog_Samingaz_S17.mp3
bnNr-frog_Samingaz	97.67	103.19	0	bnNr-frog_Samingaz_S18.mp3
bnNr-frog_Samingaz	103.19	112.22	0	bnNr-frog_Samingaz_S19.mp3
bnNr-frog_Samingaz	112.22	120.02	0	bnNr-frog_Samingaz_S20.mp3
bnNr-frog_Samingaz	120.02	125.06	0	bnNr-frog_Samingaz_S21.mp3
bnNr-frog_Samingaz	125.06	128.6	0	bnNr-frog_Samingaz_S22.mp3
bnNr-frog_Samingaz	128.6	139.34	0	bnNr-frog_Samingaz_S23.mp3
bnNr-frog_Samingaz	139.34	142.33	0	bnNr-frog_Samingaz_S24.mp3
bnNr-frog_Samingaz	142.33	150.55	0	bnNr-frog_Samingaz_S25.mp3
bnNr-frog_Samingaz	150.55	159.52	0	bnNr-frog_Samingaz_S26.mp3
bnNr-frog_Samingaz	159.52	170.69	0	bnNr-frog_Samingaz_S27.mp3
bnNr-frog_Samingaz	170.69	179.17	0	bnNr-frog_Samingaz_S28.mp3
bnNr-frog_Samingaz	179.17	183.24	0	bnNr-frog_Samingaz_S29.mp3
bnNr-frog_Samingaz	183.24	190.36	0	bnNr-frog_Samingaz_S30.mp3
bnNr-frog_Samingaz	190.36	202.75	0	bnNr-frog_Samingaz_S31.mp3
bnNr-frog_Samingaz	202.75	205.62	0	bnNr-frog_Samingaz_S32.mp3
bnNr-frog_Samingaz	205.62	210.66	0	bnNr-frog_Samingaz_S33.mp3
bnNr-frog_Samingaz	210.66	220.45	0	bnNr-frog_Samingaz_S34.mp3
bnNr-frog_Samingaz	220.45	228.95	0	bnNr-frog_Samingaz_S35.mp3
bnNr-frog_Samingaz	228.95	240.3	0	bnNr-frog_Samingaz_S36.mp3
bnNr-frog_Samingaz	240.3	243.18	0	bnNr-frog_Samingaz_S37.mp3
bnNr-frog_Samingaz	243.18	253.51	0	bnNr-frog_Samingaz_S38.mp3
bnNr-frog_Samingaz	253.51	256.58	0	bnNr-frog_Samingaz_S39.mp3
bnNr-frog_Samingaz	256.58	265.92	0	bnNr-frog_Samingaz_S40.mp3
bnNr-frog_Samingaz	265.92	269.66	0	bnNr-frog_Samingaz_S41.mp3
bnNr-frog_Samingaz	269.66	280.12	0	bnNr-frog_Samingaz_S42.mp3
bnNr-frog_Samingaz	280.12	284.68	0	bnNr-frog_Samingaz_S43.mp3
bnNr-frog_Samingaz	284.68	290.62	0	bnNr-frog_Samingaz_S44.mp3
bnNr-frog_Samingaz	290.62	308.08	0	bnNr-frog_Samingaz_S45.mp3
bnNr-frog_Samingaz	308.08	317.42	0	bnNr-frog_Samingaz_S46.mp3
bnNr-frog_Samingaz	317.42	324.46	0	bnNr-frog_Samingaz_S47.mp3
bnNr-frog_Samingaz	324.46	335.65	0	bnNr-frog_Samingaz_S48.mp3
bnNr-frog_Samingaz	335.65	344.54	0	bnNr-frog_Samingaz_S49.mp3
bnNr-frog_Talum	1.68	5.68	0	bnNr-frog_Talum_S0.mp3
bnNr-frog_Talum	5.68	8.23	0	bnNr-frog_Talum_S1.mp3
bnNr-frog_Talum	8.23	9.68	0	bnNr-frog_Talum_S2.mp3
bnNr-frog_Talum	9.68	11.79	0	bnNr-frog_Talum_S3.mp3
bnNr-frog_Talum	11.79	13.71	0	bnNr-frog_Talum_S4.mp3
bnNr-frog_Talum	13.71	17.84	0	bnNr-frog_Talum_S5.mp3
bnNr-frog_Talum	17.84	22.83	0	bnNr-frog_Talum_S6.mp3
bnNr-frog_Talum	22.83	29.08	0	bnNr-frog_Talum_S7.mp3
bnNr-frog_Talum	29.08	33.82	0	bnNr-frog_Talum_S8.mp3
bnNr-frog_Talum	33.82	40.33	0	bnNr-frog_Talum_S9.mp3
bnNr-frog_Talum	40.33	44.35	0	bnNr-frog_Talum_S10.mp3
bnNr-frog_Talum	44.35	52.42	0	bnNr-frog_Talum_S11.mp3
bnNr-frog_Talum	52.42	60.94	0	bnNr-frog_Talum_S12.mp3
bnNr-frog_Talum	60.94	69.5	0	bnNr-frog_Talum_S13.mp3
bnNr-frog_Talum	69.5	74.33	0	bnNr-frog_Talum_S14.mp3
bnNr-frog_Talum	74.33	78.5	0	bnNr-frog_Talum_S15.mp3
bnNr-frog_Talum	78.5	81.89	0	bnNr-frog_Talum_S16.mp3
bnNr-frog_Talum	81.89	86.97	0	bnNr-frog_Talum_S17.mp3
bnNr-frog_Talum	86.97	96.66	0	bnNr-frog_Talum_S18.mp3
bnNr-frog_Talum	96.66	98.56	0	bnNr-frog_Talum_S19.mp3
bnNr-frog_Talum	98.56	105.75	0	bnNr-frog_Talum_S20.mp3
bnNr-frog_Talum	105.75	110.65	0	bnNr-frog_Talum_S21.mp3
bnNr-frog_Talum	110.65	117.02	0	bnNr-frog_Talum_S22.mp3
bnNr-frog_Talum	117.02	120.39	0	bnNr-frog_Talum_S23.mp3
bnNr-frog_Talum	120.39	125.96	0	bnNr-frog_Talum_S24.mp3
bnNr-frog_Talum	125.96	130.82	0	bnNr-frog_Talum_S25.mp3
bnNr-frog_Talum	130.82	144.52	0	bnNr-frog_Talum_S26.mp3
bnNr-frog_Talum	144.52	149.61	0	bnNr-frog_Talum_S27.mp3
bnNr-frog_Talum	149.61	158.22	0	bnNr-frog_Talum_S28.mp3
bnNr-frog_Talum	158.22	161.72	0	bnNr-frog_Talum_S29.mp3
bnNr-frog_Talum	161.72	166.97	0	bnNr-frog_Talum_S30.mp3
bnNr-frog_Talum	166.97	172.22	0	bnNr-frog_Talum_S31.mp3
bnNr-frog_Talum	172.22	181.26	0	bnNr-frog_Talum_S32.mp3
bnNr-frog_Talum	181.26	186.67	0	bnNr-frog_Talum_S33.mp3
bnNr-frog_Talum	186.67	197.18	0	bnNr-frog_Talum_S34.mp3
bnNr-frog_Talum	197.18	207.88	0	bnNr-frog_Talum_S35.mp3
bnNr-frog_Talum	207.88	215.58	0	bnNr-frog_Talum_S36.mp3
bnNr-frog_Talum	215.58	228.86	0	bnNr-frog_Talum_S37.mp3
bnNr-frog_Talum	228.86	230.53	0	bnNr-frog_Talum_S38.mp3
bnNr-frog_Talum	230.53	234.97	0	bnNr-frog_Talum_S39.mp3
bnNr-frog_Talum	234.97	240.62	0	bnNr-frog_Talum_S40.mp3
bnNr-frog_Talum	240.62	246.09	0	bnNr-frog_Talum_S41.mp3
bnNr-frog_Talum	246.09	253.02	0	bnNr-frog_Talum_S42.mp3
bnNr-frog_Talum	253.02	258.36	0	bnNr-frog_Talum_S43.mp3
bnNr-frog_Talum	258.36	261.59	0	bnNr-frog_Talum_S44.mp3
bnNr-frog_Talum	261.59	268.95	0	bnNr-frog_Talum_S45.mp3
bnNr-hunter-becominig-a-bird_Hanaivaz	3.7	4.47	0	bnNr-hunter-becominig-a-bird_Hanaivaz_S0.mp3
bnNr-hunter-becominig-a-bird_Hanaivaz	4.47	11.49	0	bnNr-hunter-becominig-a-bird_Hanaivaz_S1.mp3
bnNr-hunter-becominig-a-bird_Hanaivaz	11.49	19.19	0	bnNr-hunter-becominig-a-bird_Hanaivaz_S2.mp3
bnNr-hunter-becominig-a-bird_Hanaivaz	19.19	26.84	0	bnNr-hunter-becominig-a-bird_Hanaivaz_S3.mp3
bnNr-hunter-becominig-a-bird_Hanaivaz	26.84	35.15	0	bnNr-hunter-becominig-a-bird_Hanaivaz_S4.mp3
bnNr-hunter-becominig-a-bird_Hanaivaz	35.15	40.31	0	bnNr-hunter-becominig-a-bird_Hanaivaz_S5.mp3
bnNr-hunter-becominig-a-bird_Hanaivaz	40.31	52.57	0	bnNr-hunter-becominig-a-bird_Hanaivaz_S6.mp3
bnNr-hunter-becominig-a-bird_Hanaivaz	52.57	63.81	0	bnNr-hunter-becominig-a-bird_Hanaivaz_S7.mp3
bnNr-hunter-becominig-a-bird_Hanaivaz	63.81	69.6	0	bnNr-hunter-becominig-a-bird_Hanaivaz_S8.mp3
bnNr-hunter-becominig-a-bird_Hanaivaz	69.6	74.33	0	bnNr-hunter-becominig-a-bird_Hanaivaz_S9.mp3
bnNr-hunter-becominig-a-bird_Hanaivaz	74.33	86.91	0	bnNr-hunter-becominig-a-bird_Hanaivaz_S10.mp3
bnNr-hunter-becominig-a-bird_Hanaivaz	86.91	101.87	0	bnNr-hunter-becominig-a-bird_Hanaivaz_S11.mp3
bnNr-hunter-becominig-a-bird_Hanaivaz	101.87	107.11	0	bnNr-hunter-becominig-a-bird_Hanaivaz_S12.mp3
bnNr-hunter-becominig-a-bird_Hanaivaz	107.11	110.64	0	bnNr-hunter-becominig-a-bird_Hanaivaz_S13.mp3
bnNr-hunter-becominig-a-bird_Hanaivaz	110.64	130.78	0	bnNr-hunter-becominig-a-bird_Hanaivaz_S14.mp3
bnNr-hunter-becominig-a-bird_Hanaivaz	130.78	144.19	0	bnNr-hunter-becominig-a-bird_Hanaivaz_S15.mp3
bnNr-hunter-becominig-a-bird_Hanaivaz	144.19	157.31	0	bnNr-hunter-becominig-a-bird_Hanaivaz_S16.mp3
bnNr-hunter-becominig-a-bird_Hanaivaz	157.31	165.04	0	bnNr-hunter-becominig-a-bird_Hanaivaz_S17.mp3
bnNr-hunter-becominig-a-bird_Hanaivaz	165.04	171.58	0	bnNr-hunter-becominig-a-bird_Hanaivaz_S18.mp3
bnNr-hunter-becominig-a-bird_Hanaivaz	171.58	178.05	0	bnNr-hunter-becominig-a-bird_Hanaivaz_S19.mp3
bnNr-hunter-becominig-a-bird_Hanaivaz	178.05	188.55	0	bnNr-hunter-becominig-a-bird_Hanaivaz_S20.mp3
bnNr-hunter-becominig-a-bird_Hanaivaz	188.55	195.99	0	bnNr-hunter-becominig-a-bird_Hanaivaz_S21.mp3
bnNr-hunter-becominig-a-bird_Hanaivaz	195.99	202.8	0	bnNr-hunter-becominig-a-bird_Hanaivaz_S22.mp3
bnNr-hunter-becominig-a-bird_Hanaivaz	202.8	206.38	0	bnNr-hunter-becominig-a-bird_Hanaivaz_S23.mp3
bnNr-hunter-becominig-a-bird_Hanaivaz	206.38	214.43	0	bnNr-hunter-becominig-a-bird_Hanaivaz_S24.mp3
bnNr-hunter-becominig-a-bird_Hanaivaz	214.43	223.28	0	bnNr-hunter-becominig-a-bird_Hanaivaz_S25.mp3
bnNr-hunter-becominig-a-bird_Hanaivaz	223.28	227.82	0	bnNr-hunter-becominig-a-bird_Hanaivaz_S26.mp3
bnNr-hunter-becominig-a-bird_Hanaivaz	227.82	235.92	0	bnNr-hunter-becominig-a-bird_Hanaivaz_S27.mp3
bnNr-hunter-becominig-a-bird_Hanaivaz	235.92	242.13	0	bnNr-hunter-becominig-a-bird_Hanaivaz_S28.mp3
bnNr-hunter-becominig-a-bird_Hanaivaz	242.13	247.2	0	bnNr-hunter-becominig-a-bird_Hanaivaz_S29.mp3
bnNr-hunter-becominig-a-bird_Hanaivaz	247.2	248.27	0	bnNr-hunter-becominig-a-bird_Hanaivaz_S30.mp3
bnNr-hunter-becominig-a-bird_Hanaivaz	248.27	255.67	0	bnNr-hunter-becominig-a-bird_Hanaivaz_S31.mp3
bnNr-hunter-becominig-a-bird_Hanaivaz	255.67	267.62	0	bnNr-hunter-becominig-a-bird_Hanaivaz_S32.mp3
bnNr-hunter-becominig-a-bird_Hanaivaz	267.62	273.69	0	bnNr-hunter-becominig-a-bird_Hanaivaz_S33.mp3
bnNr-hunter-becominig-a-bird_Hanaivaz	273.69	278.4	0	bnNr-hunter-becominig-a-bird_Hanaivaz_S34.mp3
bnNr-hunter-becominig-a-bird_Hanaivaz	279.32	283.71	0	bnNr-hunter-becominig-a-bird_Hanaivaz_S36.mp3
bnNr-hunter-becominig-a-bird_Hanaivaz	285.41	297.84	0	bnNr-hunter-becominig-a-bird_Hanaivaz_S37.mp3
bnNr-hunter-becominig-a-bird_Hanaivaz	297.84	305.38	0	bnNr-hunter-becominig-a-bird_Hanaivaz_S38.mp3
bnNr-hunter-becominig-a-bird_Hanaivaz	305.38	313.46	0	bnNr-hunter-becominig-a-bird_Hanaivaz_S39.mp3
bnNr-hunter-becominig-a-bird_Hanaivaz	313.46	322.11	0	bnNr-hunter-becominig-a-bird_Hanaivaz_S40.mp3
bnNr-hunter-becominig-a-bird_Hanaivaz	322.11	331.35	0	bnNr-hunter-becominig-a-bird_Hanaivaz_S41.mp3
bnNr-hunter-becominig-a-bird_Hanaivaz	331.35	342.6	0	bnNr-hunter-becominig-a-bird_Hanaivaz_S42.mp3
bnNr-hunter-becominig-a-bird_Hanaivaz	342.6	350.59	0	bnNr-hunter-becominig-a-bird_Hanaivaz_S43.mp3
bnNr-hunter-becominig-a-bird_Hanaivaz	350.59	354.48	0	bnNr-hunter-becominig-a-bird_Hanaivaz_S44.mp3
bnNr-hunter-becominig-a-bird_Hanaivaz	354.48	361.76	0	bnNr-hunter-becominig-a-bird_Hanaivaz_S45.mp3
bnNr-hunter-becominig-a-bird_Hanaivaz	361.76	366.75	0	bnNr-hunter-becominig-a-bird_Hanaivaz_S46.mp3
bnNr-hunter-becominig-a-bird_Hanaivaz	366.75	378.52	0	bnNr-hunter-becominig-a-bird_Hanaivaz_S47.mp3
bnNr-hunter-becominig-a-bird_Hanaivaz	378.52	392.88	0	bnNr-hunter-becominig-a-bird_Hanaivaz_S48.mp3
bnNr-hunter-becominig-a-bird_Hanaivaz	392.88	400.27	0	bnNr-hunter-becominig-a-bird_Hanaivaz_S49.mp3
bnNr-hunter-becominig-a-bird_Hanaivaz	400.27	409.85	0	bnNr-hunter-becominig-a-bird_Hanaivaz_S50.mp3
bnNr-hunter-becominig-a-bird_Hanaivaz	409.85	413.98	0	bnNr-hunter-becominig-a-bird_Hanaivaz_S51.mp3
bnNr-hunter-becominig-a-bird_Hanaivaz	413.98	425.88	0	bnNr-hunter-becominig-a-bird_Hanaivaz_S52.mp3
bnNr-hunter-becominig-a-bird_Hanaivaz	425.88	431.4	0	bnNr-hunter-becominig-a-bird_Hanaivaz_S53.mp3
bnNr-hunter-becominig-a-bird_Hanaivaz	431.4	444.16	0	bnNr-hunter-becominig-a-bird_Hanaivaz_S54.mp3
bnNr-hunter-becominig-a-bird_Hanaivaz	444.16	446.7	0	bnNr-hunter-becominig-a-bird_Hanaivaz_S55.mp3
bnNr-hunter-becominig-a-bird_Hanaivaz	446.7	459.36	0	bnNr-hunter-becominig-a-bird_Hanaivaz_S56.mp3
bnNr-hunter-becominig-a-bird_Hanaivaz	459.36	464.08	0	bnNr-hunter-becominig-a-bird_Hanaivaz_S57.mp3
bnNr-hunter-becominig-a-bird_Hanaivaz	464.08	483.94	0	bnNr-hunter-becominig-a-bird_Hanaivaz_S58.mp3
bnNr-hunter-becominig-a-bird_Hanaivaz	483.94	491.64	0	bnNr-hunter-becominig-a-bird_Hanaivaz_S59.mp3
bnNr-hunter-becominig-a-bird_Hanaivaz	491.64	493.42	0	bnNr-hunter-becominig-a-bird_Hanaivaz_S60.mp3
bnNr-lazy-daughter_Hanaivaz	4.74	11.98	0	bnNr-lazy-daughter_Hanaivaz_S0.mp3
bnNr-lazy-daughter_Hanaivaz	11.98	25.2	0	bnNr-lazy-daughter_Hanaivaz_S1.mp3
bnNr-lazy-daughter_Hanaivaz	25.2	32.73	0	bnNr-lazy-daughter_Hanaivaz_S2.mp3
bnNr-lazy-daughter_Hanaivaz	32.73	34.8	0	bnNr-lazy-daughter_Hanaivaz_S3.mp3
bnNr-lazy-daughter_Hanaivaz	34.8	39.85	0	bnNr-lazy-daughter_Hanaivaz_S4.mp3
bnNr-lazy-daughter_Hanaivaz	39.85	52.22	0	bnNr-lazy-daughter_Hanaivaz_S5.mp3
bnNr-lazy-daughter_Hanaivaz	52.22	56.03	0	bnNr-lazy-daughter_Hanaivaz_S6.mp3
bnNr-lazy-daughter_Hanaivaz	56.03	70.83	0	bnNr-lazy-daughter_Hanaivaz_S7.mp3
bnNr-lazy-daughter_Hanaivaz	70.83	94.72	0	bnNr-lazy-daughter_Hanaivaz_S8.mp3
bnNr-lazy-daughter_Hanaivaz	94.72	115.69	0	bnNr-lazy-daughter_Hanaivaz_S9.mp3
bnNr-lazy-daughter_Hanaivaz	115.69	119.87	0	bnNr-lazy-daughter_Hanaivaz_S10.mp3
bnNr-lazy-daughter_Hanaivaz	119.87	129.68	0	bnNr-lazy-daughter_Hanaivaz_S11.mp3
bnNr-lazy-daughter_Hanaivaz	129.68	141.56	0	bnNr-lazy-daughter_Hanaivaz_S12.mp3
bnNr-lazy-daughter_Hanaivaz	141.56	149.04	0	bnNr-lazy-daughter_Hanaivaz_S13.mp3
bnNr-lazy-daughter_Hanaivaz	149.04	165.94	0	bnNr-lazy-daughter_Hanaivaz_S14.mp3
bnNr-lazy-daughter_Hanaivaz	165.94	170.76	0	bnNr-lazy-daughter_Hanaivaz_S15.mp3
bnNr-lazy-daughter_Hanaivaz	170.76	177.34	0	bnNr-lazy-daughter_Hanaivaz_S16.mp3
bnNr-lazy-daughter_Hanaivaz	177.34	180.17	0	bnNr-lazy-daughter_Hanaivaz_S17.mp3
bnNr-lazy-daughter_Hanaivaz	180.17	185.96	0	bnNr-lazy-daughter_Hanaivaz_S18.mp3
bnNr-lazy-daughter_Hanaivaz	185.96	188.56	0	bnNr-lazy-daughter_Hanaivaz_S19.mp3
bnNr-lazy-daughter_Hanaivaz	188.56	192.31	0	bnNr-lazy-daughter_Hanaivaz_S20.mp3
bnNr-lazy-daughter_Hanaivaz	192.31	196.66	0	bnNr-lazy-daughter_Hanaivaz_S21.mp3
bnNr-lazy-daughter_Hanaivaz	196.66	199.72	0	bnNr-lazy-daughter_Hanaivaz_S22.mp3
bnNr-lazy-daughter_Hanaivaz	199.72	203.01	0	bnNr-lazy-daughter_Hanaivaz_S23.mp3
bnNr-lazy-daughter_Hanaivaz	203.01	206.97	0	bnNr-lazy-daughter_Hanaivaz_S24.mp3
bnNr-lazy-daughter_Hanaivaz	206.97	209.19	0	bnNr-lazy-daughter_Hanaivaz_S25.mp3
bnNr-lazy-daughter_Hanaivaz	209.19	213.06	0	bnNr-lazy-daughter_Hanaivaz_S26.mp3
bnNr-lazy-daughter_Hanaivaz	213.06	217.85	0	bnNr-lazy-daughter_Hanaivaz_S27.mp3
bnNr-lazy-daughter_Hanaivaz	217.85	226.76	0	bnNr-lazy-daughter_Hanaivaz_S28.mp3
bnNr-lazy-daughter_Hanaivaz	226.76	232.42	0	bnNr-lazy-daughter_Hanaivaz_S29.mp3
bnNr-lazy-daughter_Hanaivaz	232.42	237.08	0	bnNr-lazy-daughter_Hanaivaz_S30.mp3
bnNr-lazy-daughter_Hanaivaz	237.08	244.07	0	bnNr-lazy-daughter_Hanaivaz_S31.mp3
bnNr-lazy-daughter_Hanaivaz	244.07	246.87	0	bnNr-lazy-daughter_Hanaivaz_S32.mp3
bnNr-lazy-daughter_Hanaivaz	246.87	251.92	0	bnNr-lazy-daughter_Hanaivaz_S33.mp3
bnNr-lazy-daughter_Hanaivaz	251.92	254.05	0	bnNr-lazy-daughter_Hanaivaz_S34.mp3
bnNr-lazy-daughter_Hanaivaz	254.05	257.11	0	bnNr-lazy-daughter_Hanaivaz_S35.mp3
bnNr-lazy-daughter_Hanaivaz	257.11	260.04	0	bnNr-lazy-daughter_Hanaivaz_S36.mp3
bnNr-lazy-daughter_Hanaivaz	260.04	264.32	0	bnNr-lazy-daughter_Hanaivaz_S37.mp3
bnNr-lazy-daughter_Hanaivaz	264.32	267.18	0	bnNr-lazy-daughter_Hanaivaz_S38.mp3
bnNr-lazy-daughter_Hanaivaz	267.18	269.7	0	bnNr-lazy-daughter_Hanaivaz_S39.mp3
bnNr-lazy-daughter_Hanaivaz	269.7	277.04	0	bnNr-lazy-daughter_Hanaivaz_S40.mp3
bnNr-lazy-daughter_Hanaivaz	277.04	279.3	0	bnNr-lazy-daughter_Hanaivaz_S41.mp3
bnNr-lazy-daughter_Hanaivaz	279.3	283.02	0	bnNr-lazy-daughter_Hanaivaz_S42.mp3
bnNr-lazy-daughter_Hanaivaz	283.02	286.5	0	bnNr-lazy-daughter_Hanaivaz_S43.mp3
bnNr-lazy-daughter_Hanaivaz	286.5	289.54	0	bnNr-lazy-daughter_Hanaivaz_S44.mp3
bnNr-lazy-daughter_Hanaivaz	289.54	293.31	0	bnNr-lazy-daughter_Hanaivaz_S45.mp3
bnNr-lazy-daughter_Hanaivaz	293.31	300.96	0	bnNr-lazy-daughter_Hanaivaz_S46.mp3
bnNr-lazy-daughter_Hanaivaz	300.96	303.55	0	bnNr-lazy-daughter_Hanaivaz_S47.mp3
bnNr-lazy-daughter_Hanaivaz	303.55	308.31	0	bnNr-lazy-daughter_Hanaivaz_S48.mp3
bnNr-lazy-daughter_Hanaivaz	308.31	311.55	0	bnNr-lazy-daughter_Hanaivaz_S49.mp3
bnNr-lazy-daughter_Hanaivaz	311.55	315.52	0	bnNr-lazy-daughter_Hanaivaz_S50.mp3
bnNr-lazy-daughter_Hanaivaz	315.52	317.2	0	bnNr-lazy-daughter_Hanaivaz_S51.mp3
bnNr-lazy-daughter_Hanaivaz	317.2	320.58	0	bnNr-lazy-daughter_Hanaivaz_S52.mp3
bnNr-lazy-daughter_Hanaivaz	320.58	323.26	0	bnNr-lazy-daughter_Hanaivaz_S53.mp3
bnNr-lazy-daughter_Hanaivaz	323.26	327.4	0	bnNr-lazy-daughter_Hanaivaz_S54.mp3
bnNr-lazy-daughter_Hanaivaz	327.4	330.65	0	bnNr-lazy-daughter_Hanaivaz_S55.mp3
bnNr-lazy-daughter_Hanaivaz	330.65	338.56	0	bnNr-lazy-daughter_Hanaivaz_S56.mp3
bnNr-lazy-daughter_Hanaivaz	338.56	347.52	0	bnNr-lazy-daughter_Hanaivaz_S57.mp3
bnNr-lazy-daughter_Hanaivaz	347.52	351.7	0	bnNr-lazy-daughter_Hanaivaz_S58.mp3
bnNr-lazy-daughter_Hanaivaz	351.7	356.41	0	bnNr-lazy-daughter_Hanaivaz_S59.mp3
bnNr-lazy-daughter_Hanaivaz	356.41	361.52	0	bnNr-lazy-daughter_Hanaivaz_S60.mp3
bnNr-lazy-daughter_Hanaivaz	361.52	364.69	0	bnNr-lazy-daughter_Hanaivaz_S61.mp3
bnNr-lazy-daughter_Hanaivaz	364.69	373.05	0	bnNr-lazy-daughter_Hanaivaz_S62.mp3
bnNr-lazy-daughter_Hanaivaz	373.05	375.61	0	bnNr-lazy-daughter_Hanaivaz_S63.mp3
bnNr-lazy-daughter_Hanaivaz	375.61	378.37	0	bnNr-lazy-daughter_Hanaivaz_S64.mp3
bnNr-lazy-daughter_Hanaivaz	378.37	385.68	0	bnNr-lazy-daughter_Hanaivaz_S65.mp3
bnNr-lazy-daughter_Hanaivaz	385.68	393.24	0	bnNr-lazy-daughter_Hanaivaz_S66.mp3
bnNr-lazy-daughter_Hanaivaz	393.24	406.73	0	bnNr-lazy-daughter_Hanaivaz_S67.mp3
bnNr-lazy-daughter_Hanaivaz	406.73	411.62	0	bnNr-lazy-daughter_Hanaivaz_S68.mp3
bnNr-lazy-daughter_Hanaivaz	411.62	418.49	0	bnNr-lazy-daughter_Hanaivaz_S69.mp3
bnNr-lazy-daughter_Hanaivaz	418.49	423.76	0	bnNr-lazy-daughter_Hanaivaz_S70.mp3
bnNr-lazy-daughter_Hanaivaz	423.76	428.14	0	bnNr-lazy-daughter_Hanaivaz_S71.mp3
bnNr-lazy-daughter_Hanaivaz	428.14	432.23	0	bnNr-lazy-daughter_Hanaivaz_S72.mp3
bnNr-lazy-daughter_Hanaivaz	432.23	435.52	0	bnNr-lazy-daughter_Hanaivaz_S73.mp3
bnNr-lazy-daughter_Hanaivaz	435.52	437.68	0	bnNr-lazy-daughter_Hanaivaz_S74.mp3
bnNr-lazy-daughter_Hanaivaz	437.68	442.91	0	bnNr-lazy-daughter_Hanaivaz_S75.mp3
bnNr-lazy-daughter_Hanaivaz	442.91	447.38	0	bnNr-lazy-daughter_Hanaivaz_S76.mp3
bnNr-lazy-daughter_Hanaivaz	447.38	453.73	0	bnNr-lazy-daughter_Hanaivaz_S77.mp3
bnNr-lazy-daughter_Hanaivaz	453.73	460.06	0	bnNr-lazy-daughter_Hanaivaz_S78.mp3
bnNr-lazy-daughter_Hanaivaz	460.06	466.22	0	bnNr-lazy-daughter_Hanaivaz_S79.mp3
bnNr-lazy-daughter_Hanaivaz	466.22	468.61	0	bnNr-lazy-daughter_Hanaivaz_S80.mp3
bnNr-lazy-daughter_Hanaivaz	468.61	475.53	0	bnNr-lazy-daughter_Hanaivaz_S81.mp3
bnNr-lazy-daughter_Hanaivaz	475.53	480.04	0	bnNr-lazy-daughter_Hanaivaz_S82.mp3
bnNr-lazy-daughter_Hanaivaz	480.04	485.29	0	bnNr-lazy-daughter_Hanaivaz_S83.mp3
bnNr-lazy-daughter_Hanaivaz	485.29	489.49	0	bnNr-lazy-daughter_Hanaivaz_S84.mp3
bnNr-lazy-daughter_Hanaivaz	489.49	494.05	0	bnNr-lazy-daughter_Hanaivaz_S85.mp3
bnNr-lazy-daughter_Hanaivaz	494.05	498.31	0	bnNr-lazy-daughter_Hanaivaz_S86.mp3
bnNr-lazy-daughter_Hanaivaz	498.31	501.86	0	bnNr-lazy-daughter_Hanaivaz_S87.mp3
bnNr-lazy-daughter_Hanaivaz	501.86	508.88	0	bnNr-lazy-daughter_Hanaivaz_S88.mp3
bnNr-lazy-daughter_Hanaivaz	508.88	512.8	0	bnNr-lazy-daughter_Hanaivaz_S89.mp3
bnNr-lazy-daughter_Hanaivaz	512.8	516.32	0	bnNr-lazy-daughter_Hanaivaz_S90.mp3
bnNr-lazy-daughter_Hanaivaz	516.32	520.62	0	bnNr-lazy-daughter_Hanaivaz_S91.mp3
bnNr-lazy-daughter_Hanaivaz	520.62	525.79	0	bnNr-lazy-daughter_Hanaivaz_S92.mp3
bnNr-lazy-daughter_Hanaivaz	525.79	532.08	0	bnNr-lazy-daughter_Hanaivaz_S93.mp3
bnNr-lazy-daughter_Hanaivaz	532.08	536.14	0	bnNr-lazy-daughter_Hanaivaz_S94.mp3
bnNr-lazy-daughter_Hanaivaz	536.14	542.0	0	bnNr-lazy-daughter_Hanaivaz_S95.mp3
bnNr-lazy-daughter_Hanaivaz	542.0	552.95	0	bnNr-lazy-daughter_Hanaivaz_S96.mp3
bnNr-lazy-daughter_Hanaivaz	552.95	555.86	0	bnNr-lazy-daughter_Hanaivaz_S97.mp3
bnNr-lazy-daughter_Hanaivaz	555.86	562.49	0	bnNr-lazy-daughter_Hanaivaz_S98.mp3
bnNr-lazy-daughter_Hanaivaz	562.49	566.78	0	bnNr-lazy-daughter_Hanaivaz_S99.mp3
bnNr-lazy-daughter_Hanaivaz	566.78	568.78	0	bnNr-lazy-daughter_Hanaivaz_S100.mp3
bnNr-lazy-daughter_Hanaivaz	568.78	570.43	0	bnNr-lazy-daughter_Hanaivaz_S101.mp3
bnNr-lazy-daughter_Hanaivaz	570.43	575.62	0	bnNr-lazy-daughter_Hanaivaz_S102.mp3
bnNr-lazy-daughter_Hanaivaz	575.62	581.91	0	bnNr-lazy-daughter_Hanaivaz_S103.mp3
bnNr-lazy-daughter_Hanaivaz	581.91	586.39	0	bnNr-lazy-daughter_Hanaivaz_S104.mp3
bnNr-lazy-daughter_Hanaivaz	586.39	589.83	0	bnNr-lazy-daughter_Hanaivaz_S105.mp3
bnNr-lazy-daughter_Hanaivaz	589.83	595.15	0	bnNr-lazy-daughter_Hanaivaz_S106.mp3
bnNr-lazy-daughter_Hanaivaz	595.15	601.43	0	bnNr-lazy-daughter_Hanaivaz_S107.mp3
bnNr-lazy-daughter_Hanaivaz	601.43	610.97	0	bnNr-lazy-daughter_Hanaivaz_S108.mp3
bnNr-lazy-daughter_Hanaivaz	610.97	615.76	0	bnNr-lazy-daughter_Hanaivaz_S109.mp3
bnNr-lazy-daughter_Hanaivaz	615.76	618.93	0	bnNr-lazy-daughter_Hanaivaz_S110.mp3
bnNr-lazy-daughter_Hanaivaz	618.93	629.92	0	bnNr-lazy-daughter_Hanaivaz_S111.mp3
bnNr-lazy-daughter_Hanaivaz	629.92	632.93	0	bnNr-lazy-daughter_Hanaivaz_S112.mp3
bnNr-lazy-daughter_Hanaivaz	632.93	642.8	0	bnNr-lazy-daughter_Hanaivaz_S113.mp3
bnNr-lazy-daughter_Hanaivaz	642.8	646.95	0	bnNr-lazy-daughter_Hanaivaz_S114.mp3
bnNr-lazy-daughter_Hanaivaz	646.95	655.44	0	bnNr-lazy-daughter_Hanaivaz_S115.mp3
bnNr-lazy-daughter_Hanaivaz	655.44	656.71	0	bnNr-lazy-daughter_Hanaivaz_S116.mp3
bnNr-pear_Ciang	14.23	19.64	0	bnNr-pear_Ciang_S0.mp3
bnNr-pear_Ciang	19.64	25.97	0	bnNr-pear_Ciang_S1.mp3
bnNr-pear_Ciang	25.97	31.08	0	bnNr-pear_Ciang_S2.mp3
bnNr-pear_Ciang	31.08	36.09	0	bnNr-pear_Ciang_S3.mp3
bnNr-pear_Ciang	36.09	48.28	0	bnNr-pear_Ciang_S4.mp3
bnNr-pear_Ciang	48.28	54.42	0	bnNr-pear_Ciang_S5.mp3
bnNr-pear_Ciang	54.42	66.62	0	bnNr-pear_Ciang_S6.mp3
bnNr-pear_Ciang	66.62	68.95	0	bnNr-pear_Ciang_S7.mp3
bnNr-pear_Ciang	68.95	74.85	0	bnNr-pear_Ciang_S8.mp3
bnNr-pear_Ciang	74.85	91.97	0	bnNr-pear_Ciang_S9.mp3
bnNr-pear_Ciang	91.97	110.82	0	bnNr-pear_Ciang_S10.mp3
bnNr-pear_Ciang	110.82	118.72	0	bnNr-pear_Ciang_S11.mp3
bnNr-pear_Ciang	118.72	125.01	0	bnNr-pear_Ciang_S12.mp3
bnNr-pear_Ciang	125.01	138.67	0	bnNr-pear_Ciang_S13.mp3
bnNr-pear_Ciang	138.67	142.97	0	bnNr-pear_Ciang_S14.mp3
bnNr-pear_Ciang	142.97	149.24	0	bnNr-pear_Ciang_S15.mp3
bnNr-pear_Ciang	149.24	155.13	0	bnNr-pear_Ciang_S16.mp3
bnNr-pear_Ciang	155.13	158.95	0	bnNr-pear_Ciang_S17.mp3
bnNr-pear_Ciang	158.95	165.95	0	bnNr-pear_Ciang_S18.mp3
bnNr-pear_Ciang	165.95	173.45	0	bnNr-pear_Ciang_S19.mp3
bnNr-pear_Ciang	173.45	185.56	0	bnNr-pear_Ciang_S20.mp3
bnNr-pear_Ciang	185.56	200.65	0	bnNr-pear_Ciang_S21.mp3
bnNr-pear_Ciang	200.65	207.15	0	bnNr-pear_Ciang_S22.mp3
bnNr-pear_Ciang	207.15	213.59	0	bnNr-pear_Ciang_S23.mp3
bnNr-pear_Ciang	213.59	220.47	0	bnNr-pear_Ciang_S24.mp3
bnNr-pear_Ciang	220.47	225.13	0	bnNr-pear_Ciang_S25.mp3
bnNr-pear_Ciang	225.13	242.2	0	bnNr-pear_Ciang_S26.mp3
bnNr-pear_Ciang	242.2	250.09	0	bnNr-pear_Ciang_S27.mp3
bnNr-pear_Ciang	250.09	257.71	0	bnNr-pear_Ciang_S28.mp3
bnNr-pear_Ciang	257.71	272.5	0	bnNr-pear_Ciang_S29.mp3
bnNr-pear_Ciang	272.5	284.68	0	bnNr-pear_Ciang_S30.mp3
bnNr-pear_Ciang	284.68	294.01	0	bnNr-pear_Ciang_S31.mp3
bnNr-pear_Ciang	294.01	303.31	0	bnNr-pear_Ciang_S32.mp3
bnNr-pear_Ciang	303.31	309.79	0	bnNr-pear_Ciang_S33.mp3
bnNr-pear_Ciang	309.79	316.08	0	bnNr-pear_Ciang_S34.mp3
bnNr-pear_Ciang	316.08	319.56	0	bnNr-pear_Ciang_S35.mp3
bnNr-pear_Ciang	319.56	328.57	0	bnNr-pear_Ciang_S36.mp3
bnNr-pear_Ciang	328.57	332.46	0	bnNr-pear_Ciang_S37.mp3
bnNr-pear_Ciang	332.46	338.74	0	bnNr-pear_Ciang_S38.mp3
bnNr-pear_Ciang	338.74	345.54	0	bnNr-pear_Ciang_S39.mp3
bnNr-pear_Ciang	345.54	349.13	0	bnNr-pear_Ciang_S40.mp3
bnNr-pear_Ciang	349.13	361.31	0	bnNr-pear_Ciang_S41.mp3
bnNr-pear_Ciang	361.31	369.02	0	bnNr-pear_Ciang_S42.mp3
bnNr-pear_Hanaivaz	6.2	7.16	0	bnNr-pear_Hanaivaz_S0.mp3
bnNr-pear_Hanaivaz	7.16	14.42	0	bnNr-pear_Hanaivaz_S1.mp3
bnNr-pear_Hanaivaz	14.42	22.08	0	bnNr-pear_Hanaivaz_S2.mp3
bnNr-pear_Hanaivaz	22.08	28.66	0	bnNr-pear_Hanaivaz_S3.mp3
bnNr-pear_Hanaivaz	28.66	35.47	0	bnNr-pear_Hanaivaz_S4.mp3
bnNr-pear_Hanaivaz	35.47	44.52	0	bnNr-pear_Hanaivaz_S5.mp3
bnNr-pear_Hanaivaz	44.52	53.16	0	bnNr-pear_Hanaivaz_S6.mp3
bnNr-pear_Hanaivaz	53.16	60.77	0	bnNr-pear_Hanaivaz_S7.mp3
bnNr-pear_Hanaivaz	60.77	72.1	0	bnNr-pear_Hanaivaz_S8.mp3
bnNr-pear_Hanaivaz	72.1	86.37	0	bnNr-pear_Hanaivaz_S9.mp3
bnNr-pear_Hanaivaz	86.37	92.39	0	bnNr-pear_Hanaivaz_S10.mp3
bnNr-pear_Hanaivaz	92.39	97.32	0	bnNr-pear_Hanaivaz_S11.mp3
bnNr-pear_Hanaivaz	97.32	107.57	0	bnNr-pear_Hanaivaz_S12.mp3
bnNr-pear_Hanaivaz	107.57	115.48	0	bnNr-pear_Hanaivaz_S13.mp3
bnNr-pear_Hanaivaz	115.48	126.35	0	bnNr-pear_Hanaivaz_S14.mp3
bnNr-pear_Hanaivaz	126.35	137.29	0	bnNr-pear_Hanaivaz_S15.mp3
bnNr-pear_Hanaivaz	137.29	142.69	0	bnNr-pear_Hanaivaz_S16.mp3
bnNr-pear_Hanaivaz	142.69	153.99	0	bnNr-pear_Hanaivaz_S17.mp3
bnNr-pear_Hanaivaz	153.99	161.65	0	bnNr-pear_Hanaivaz_S18.mp3
bnNr-pear_Hanaivaz	161.65	167.66	0	bnNr-pear_Hanaivaz_S19.mp3
bnNr-pear_Hanaivaz	167.66	174.09	0	bnNr-pear_Hanaivaz_S20.mp3
bnNr-pear_Hanaivaz	174.09	180.52	0	bnNr-pear_Hanaivaz_S21.mp3
bnNr-pear_Hanaivaz	180.52	196.12	0	bnNr-pear_Hanaivaz_S22.mp3
bnNr-pear_Hanaivaz	196.12	201.92	0	bnNr-pear_Hanaivaz_S23.mp3
bnNr-pear_Hanaivaz	201.92	205.25	0	bnNr-pear_Hanaivaz_S24.mp3
bnNr-pear_Hanaivaz	205.25	212.45	0	bnNr-pear_Hanaivaz_S25.mp3
bnNr-pear_Hanaivaz	212.45	221.19	0	bnNr-pear_Hanaivaz_S26.mp3
bnNr-pear_Hanaivaz	221.19	226.29	0	bnNr-pear_Hanaivaz_S27.mp3
bnNr-pear_Hanaivaz	226.29	233.84	0	bnNr-pear_Hanaivaz_S28.mp3
bnNr-pear_Hanaivaz	233.84	243.36	0	bnNr-pear_Hanaivaz_S29.mp3
bnNr-pear_Hanaivaz	243.36	252.9	0	bnNr-pear_Hanaivaz_S30.mp3
bnNr-pear_Hanaivaz	252.9	259.91	0	bnNr-pear_Hanaivaz_S31.mp3
bnNr-pear_Hanaivaz	259.91	264.28	0	bnNr-pear_Hanaivaz_S32.mp3
bnNr-pear_Hanaivaz	264.28	275.15	0	bnNr-pear_Hanaivaz_S33.mp3
bnNr-pear_Hanaivaz	275.15	280.85	0	bnNr-pear_Hanaivaz_S34.mp3
bnNr-pear_Hanaivaz	280.85	285.01	0	bnNr-pear_Hanaivaz_S35.mp3
bnNr-pear_Hanaivaz	285.01	293.64	0	bnNr-pear_Hanaivaz_S36.mp3
bnNr-pear_Hanaivaz	293.64	301.82	0	bnNr-pear_Hanaivaz_S37.mp3
bnNr-pear_Hanaivaz	301.82	313.04	0	bnNr-pear_Hanaivaz_S38.mp3
bnNr-pear_Hanaivaz	313.04	318.38	0	bnNr-pear_Hanaivaz_S39.mp3
bnNr-pear_Hanaivaz	318.38	321.25	0	bnNr-pear_Hanaivaz_S40.mp3
bnNr-pear_Hanaivaz	321.25	334.53	0	bnNr-pear_Hanaivaz_S41.mp3
bnNr-pear_Hanaivaz	334.53	337.28	0	bnNr-pear_Hanaivaz_S42.mp3
bnNr-pear_Hanaivaz	337.28	354.91	0	bnNr-pear_Hanaivaz_S43.mp3
bnNr-pear_Hanaivaz	354.91	363.03	0	bnNr-pear_Hanaivaz_S44.mp3
bnNr-pear_Hanaivaz	363.03	365.0	0	bnNr-pear_Hanaivaz_S45.mp3
bnNr-pear_Hanaivaz	365.0	373.77	0	bnNr-pear_Hanaivaz_S46.mp3
bnNr-pear_Hanaivaz	373.77	380.91	0	bnNr-pear_Hanaivaz_S47.mp3
bnNr-pear_Hanaivaz	380.91	388.34	0	bnNr-pear_Hanaivaz_S48.mp3
bnNr-pear_Hanaivaz	388.34	393.95	0	bnNr-pear_Hanaivaz_S49.mp3
bnNr-pear_Hanaivaz	393.95	401.44	0	bnNr-pear_Hanaivaz_S50.mp3
bnNr-pear_Hanaivaz	401.44	414.8	0	bnNr-pear_Hanaivaz_S51.mp3
bnNr-pear_Hanaivaz	414.8	416.63	0	bnNr-pear_Hanaivaz_S52.mp3
bnNr-pear_Laniahu	5.05	5.94	0	bnNr-pear_Laniahu_S0.mp3
bnNr-pear_Laniahu	5.94	6.61	0	bnNr-pear_Laniahu_S1.mp3
bnNr-pear_Laniahu	6.61	8.57	0	bnNr-pear_Laniahu_S2.mp3
bnNr-pear_Laniahu	8.57	11.14	0	bnNr-pear_Laniahu_S3.mp3
bnNr-pear_Laniahu	11.14	17.83	0	bnNr-pear_Laniahu_S4.mp3
bnNr-pear_Laniahu	17.83	22.52	0	bnNr-pear_Laniahu_S5.mp3
bnNr-pear_Laniahu	22.52	24.51	0	bnNr-pear_Laniahu_S6.mp3
bnNr-pear_Laniahu	24.51	27.21	0	bnNr-pear_Laniahu_S7.mp3
bnNr-pear_Laniahu	27.21	29.71	0	bnNr-pear_Laniahu_S8.mp3
bnNr-pear_Laniahu	29.71	31.57	0	bnNr-pear_Laniahu_S9.mp3
bnNr-pear_Laniahu	31.57	33.13	0	bnNr-pear_Laniahu_S10.mp3
bnNr-pear_Laniahu	33.13	45.25	0	bnNr-pear_Laniahu_S11.mp3
bnNr-pear_Laniahu	45.25	48.27	0	bnNr-pear_Laniahu_S12.mp3
bnNr-pear_Laniahu	48.27	50.51	0	bnNr-pear_Laniahu_S13.mp3
bnNr-pear_Laniahu	50.51	54.96	0	bnNr-pear_Laniahu_S14.mp3
bnNr-pear_Laniahu	54.96	57.31	0	bnNr-pear_Laniahu_S15.mp3
bnNr-pear_Laniahu	57.31	60.44	0	bnNr-pear_Laniahu_S16.mp3
bnNr-pear_Laniahu	60.44	63.59	0	bnNr-pear_Laniahu_S17.mp3
bnNr-pear_Laniahu	63.59	71.21	0	bnNr-pear_Laniahu_S18.mp3
bnNr-pear_Laniahu	71.21	73.44	0	bnNr-pear_Laniahu_S19.mp3
bnNr-pear_Laniahu	73.44	75.22	0	bnNr-pear_Laniahu_S20.mp3
bnNr-pear_Laniahu	75.22	78.37	0	bnNr-pear_Laniahu_S21.mp3
bnNr-pear_Laniahu	78.37	79.69	0	bnNr-pear_Laniahu_S22.mp3
bnNr-pear_Laniahu	79.69	81.31	0	bnNr-pear_Laniahu_S23.mp3
bnNr-pear_Laniahu	81.31	84.66	0	bnNr-pear_Laniahu_S24.mp3
bnNr-pear_Laniahu	84.66	85.39	0	bnNr-pear_Laniahu_S25.mp3
bnNr-pear_Laniahu	85.39	86.0	0	bnNr-pear_Laniahu_S26.mp3
bnNr-pear_Laniahu	86.0	89.26	0	bnNr-pear_Laniahu_S27.mp3
bnNr-pear_Laniahu	89.26	93.82	0	bnNr-pear_Laniahu_S28.mp3
bnNr-pear_Laniahu	93.82	97.22	0	bnNr-pear_Laniahu_S29.mp3
bnNr-pear_Laniahu	97.22	100.42	0	bnNr-pear_Laniahu_S30.mp3
bnNr-pear_Laniahu	100.42	104.42	0	bnNr-pear_Laniahu_S31.mp3
bnNr-pear_Laniahu	104.42	110.19	0	bnNr-pear_Laniahu_S32.mp3
bnNr-pear_Laniahu	110.19	111.28	0	bnNr-pear_Laniahu_S33.mp3
bnNr-pear_Laniahu	111.28	118.15	0	bnNr-pear_Laniahu_S34.mp3
bnNr-pear_Laniahu	118.15	118.68	0	bnNr-pear_Laniahu_S35.mp3
bnNr-pear_Laniahu	118.68	123.16	0	bnNr-pear_Laniahu_S36.mp3
bnNr-pear_Laniahu	123.16	129.28	0	bnNr-pear_Laniahu_S37.mp3
bnNr-pear_Laniahu	129.28	130.82	0	bnNr-pear_Laniahu_S38.mp3
bnNr-pear_Laniahu	130.82	132.12	0	bnNr-pear_Laniahu_S39.mp3
bnNr-pear_Laniahu	132.12	135.19	0	bnNr-pear_Laniahu_S40.mp3
bnNr-pear_Laniahu	135.19	138.16	0	bnNr-pear_Laniahu_S41.mp3
bnNr-pear_Laniahu	138.16	140.51	0	bnNr-pear_Laniahu_S42.mp3
bnNr-pear_Laniahu	140.51	150.34	0	bnNr-pear_Laniahu_S43.mp3
bnNr-pear_Laniahu	150.34	162.09	0	bnNr-pear_Laniahu_S44.mp3
bnNr-pear_Laniahu	162.09	164.61	0	bnNr-pear_Laniahu_S45.mp3
bnNr-pear_Laniahu	164.61	169.71	0	bnNr-pear_Laniahu_S46.mp3
bnNr-pear_Laniahu	169.71	171.03	0	bnNr-pear_Laniahu_S47.mp3
bnNr-pear_Laniahu	171.03	172.49	0	bnNr-pear_Laniahu_S48.mp3
bnNr-pear_Laniahu	172.49	174.36	0	bnNr-pear_Laniahu_S49.mp3
bnNr-pear_Laniahu	174.36	185.84	0	bnNr-pear_Laniahu_S50.mp3
bnNr-pear_Laniahu	185.84	198.27	0	bnNr-pear_Laniahu_S51.mp3
bnNr-pear_Laniahu	198.27	208.38	0	bnNr-pear_Laniahu_S52.mp3
bnNr-pear_Laniahu	208.38	214.88	0	bnNr-pear_Laniahu_S53.mp3
bnNr-pear_Laniahu	214.88	226.97	0	bnNr-pear_Laniahu_S54.mp3
bnNr-pear_Laniahu	226.97	230.81	0	bnNr-pear_Laniahu_S55.mp3
bnNr-pear_Laniahu	230.81	238.22	0	bnNr-pear_Laniahu_S56.mp3
bnNr-pear_Laniahu	238.22	241.9	0	bnNr-pear_Laniahu_S57.mp3
bnNr-pear_Laniahu	241.9	243.92	0	bnNr-pear_Laniahu_S58.mp3
bnNr-pear_Laniahu	243.92	250.28	0	bnNr-pear_Laniahu_S59.mp3
bnNr-pear_Laniahu	250.28	255.19	0	bnNr-pear_Laniahu_S60.mp3
bnNr-pear_Laniahu	255.19	261.34	0	bnNr-pear_Laniahu_S61.mp3
bnNr-pear_Laniahu	261.34	262.15	0	bnNr-pear_Laniahu_S62.mp3
bnNr-pear_Laniahu	262.15	264.71	0	bnNr-pear_Laniahu_S63.mp3
bnNr-pear_Laniahu	264.71	272.55	0	bnNr-pear_Laniahu_S64.mp3
bnNr-pear_Laniahu	272.55	277.72	0	bnNr-pear_Laniahu_S65.mp3
bnNr-pear_Laniahu	277.72	280.1	0	bnNr-pear_Laniahu_S66.mp3
bnNr-pear_Laniahu	280.1	286.47	0	bnNr-pear_Laniahu_S67.mp3
bnNr-pear_Laniahu	286.47	288.74	0	bnNr-pear_Laniahu_S68.mp3
bnNr-pear_Laniahu	288.74	292.55	0	bnNr-pear_Laniahu_S69.mp3
bnNr-pear_Laniahu	292.55	295.73	0	bnNr-pear_Laniahu_S70.mp3
bnNr-pear_Laniahu	295.73	299.2	0	bnNr-pear_Laniahu_S71.mp3
bnNr-pear_Laniahu	299.2	303.99	0	bnNr-pear_Laniahu_S72.mp3
bnNr-pear_Laniahu	303.99	307.4	0	bnNr-pear_Laniahu_S73.mp3
bnNr-pear_Laniahu	307.4	310.57	0	bnNr-pear_Laniahu_S74.mp3
bnNr-pear_Laniahu	310.57	312.88	0	bnNr-pear_Laniahu_S75.mp3
bnNr-pear_Laniahu	312.88	315.79	0	bnNr-pear_Laniahu_S76.mp3
bnNr-pear_Laniahu	315.79	329.23	0	bnNr-pear_Laniahu_S77.mp3
bnNr-pear_Laniahu	329.23	334.33	0	bnNr-pear_Laniahu_S78.mp3
bnNr-pear_Laniahu	334.33	338.75	0	bnNr-pear_Laniahu_S79.mp3
bnNr-pear_Laniahu	338.75	341.12	0	bnNr-pear_Laniahu_S80.mp3
bnNr-pear_Laniahu	341.12	342.95	0	bnNr-pear_Laniahu_S81.mp3
bnNr-pear_Laniahu	342.95	351.32	0	bnNr-pear_Laniahu_S82.mp3
bnNr-pear_Laniahu	351.32	356.9	0	bnNr-pear_Laniahu_S83.mp3
bnNr-pear_Laniahu	356.9	358.01	0	bnNr-pear_Laniahu_S84.mp3
bnNr-pear_Laniahu	358.01	362.43	0	bnNr-pear_Laniahu_S85.mp3
bnNr-pear_Laniahu	362.43	363.73	0	bnNr-pear_Laniahu_S86.mp3
bnNr-pear_Laniahu	363.73	371.03	0	bnNr-pear_Laniahu_S87.mp3
bnNr-pear_Laniahu	371.03	373.16	0	bnNr-pear_Laniahu_S88.mp3
bnNr-pear_Laniahu	373.16	377.64	0	bnNr-pear_Laniahu_S89.mp3
bnNr-pear_Laniahu	377.64	380.2	0	bnNr-pear_Laniahu_S90.mp3
bnNr-pear_Laniahu	380.2	389.15	0	bnNr-pear_Laniahu_S91.mp3
bnNr-pear_Laniahu	389.15	392.47	0	bnNr-pear_Laniahu_S92.mp3
bnNr-pear_Samingaz	7.55	21.31	0	bnNr-pear_Samingaz_S0.mp3
bnNr-pear_Samingaz	21.31	32.12	0	bnNr-pear_Samingaz_S1.mp3
bnNr-pear_Samingaz	32.12	57.81	0	bnNr-pear_Samingaz_S2.mp3
bnNr-pear_Samingaz	57.81	64.91	0	bnNr-pear_Samingaz_S3.mp3
bnNr-pear_Samingaz	64.91	68.88	0	bnNr-pear_Samingaz_S4.mp3
bnNr-pear_Samingaz	68.88	75.35	0	bnNr-pear_Samingaz_S5.mp3
bnNr-pear_Samingaz	75.35	79.83	0	bnNr-pear_Samingaz_S6.mp3
bnNr-pear_Samingaz	79.83	82.95	0	bnNr-pear_Samingaz_S7.mp3
bnNr-pear_Samingaz	82.95	96.02	0	bnNr-pear_Samingaz_S8.mp3
bnNr-pear_Samingaz	96.02	111.35	0	bnNr-pear_Samingaz_S9.mp3
bnNr-pear_Samingaz	111.35	118.14	0	bnNr-pear_Samingaz_S10.mp3
bnNr-pear_Samingaz	118.14	120.54	0	bnNr-pear_Samingaz_S11.mp3
bnNr-pear_Samingaz	120.54	128.68	0	bnNr-pear_Samingaz_S12.mp3
bnNr-pear_Samingaz	128.68	135.58	0	bnNr-pear_Samingaz_S13.mp3
bnNr-pear_Samingaz	135.58	139.97	0	bnNr-pear_Samingaz_S14.mp3
bnNr-pear_Samingaz	139.97	147.04	0	bnNr-pear_Samingaz_S15.mp3
bnNr-pear_Samingaz	147.04	150.13	0	bnNr-pear_Samingaz_S16.mp3
bnNr-pear_Samingaz	150.13	157.15	0	bnNr-pear_Samingaz_S17.mp3
bnNr-pear_Samingaz	157.15	166.3	0	bnNr-pear_Samingaz_S18.mp3
bnNr-pear_Samingaz	166.3	173.48	0	bnNr-pear_Samingaz_S19.mp3
bnNr-pear_Samingaz	173.48	176.43	0	bnNr-pear_Samingaz_S20.mp3
bnNr-pear_Samingaz	176.43	179.14	0	bnNr-pear_Samingaz_S21.mp3
bnNr-pear_Samingaz	179.14	184.55	0	bnNr-pear_Samingaz_S22.mp3
bnNr-pear_Samingaz	184.55	191.33	0	bnNr-pear_Samingaz_S23.mp3
bnNr-pear_Samingaz	191.33	197.86	0	bnNr-pear_Samingaz_S24.mp3
bnNr-pear_Samingaz	197.86	200.52	0	bnNr-pear_Samingaz_S25.mp3
bnNr-pear_Samingaz	200.52	212.56	0	bnNr-pear_Samingaz_S26.mp3
bnNr-pear_Samingaz	212.56	217.17	0	bnNr-pear_Samingaz_S27.mp3
bnNr-pear_Samingaz	217.17	222.18	0	bnNr-pear_Samingaz_S28.mp3
bnNr-pear_Samingaz	222.18	224.55	0	bnNr-pear_Samingaz_S29.mp3
bnNr-pear_Samingaz	224.55	234.31	0	bnNr-pear_Samingaz_S30.mp3
bnNr-pear_Samingaz	234.31	249.88	0	bnNr-pear_Samingaz_S31.mp3
bnNr-pear_Samingaz	249.88	255.65	0	bnNr-pear_Samingaz_S32.mp3
bnNr-pear_Samingaz	255.65	262.5	0	bnNr-pear_Samingaz_S33.mp3
bnNr-pear_Samingaz	262.5	270.79	0	bnNr-pear_Samingaz_S34.mp3
bnNr-pear_Samingaz	270.79	272.22	0	bnNr-pear_Samingaz_S35.mp3
bnNr-pear_Samingaz	272.22	274.02	0	bnNr-pear_Samingaz_S36.mp3
bnNr-pear_Samingaz	274.02	279.48	0	bnNr-pear_Samingaz_S37.mp3
bnNr-pear_Samingaz	279.48	286.34	0	bnNr-pear_Samingaz_S38.mp3
bnNr-pear_Samingaz	286.34	291.39	0	bnNr-pear_Samingaz_S39.mp3
bnNr-pear_Samingaz	291.39	298.59	0	bnNr-pear_Samingaz_S40.mp3
bnNr-pear_Samingaz	298.59	300.93	0	bnNr-pear_Samingaz_S41.mp3
bnNr-pear_Samingaz	300.93	302.88	0	bnNr-pear_Samingaz_S42.mp3
bnNr-pear_Samingaz	302.88	311.37	0	bnNr-pear_Samingaz_S43.mp3
bnNr-pear_Samingaz	311.37	316.76	0	bnNr-pear_Samingaz_S44.mp3
bnNr-pear_Samingaz	316.76	323.98	0	bnNr-pear_Samingaz_S45.mp3
bnNr-pear_Samingaz	323.98	334.27	0	bnNr-pear_Samingaz_S46.mp3
bnNr-pear_Samingaz	334.27	339.01	0	bnNr-pear_Samingaz_S47.mp3
bnNr-pear_Samingaz	339.01	343.34	0	bnNr-pear_Samingaz_S48.mp3
bnNr-pear_Samingaz	343.34	350.13	0	bnNr-pear_Samingaz_S49.mp3
bnNr-pear_Samingaz	350.13	358.11	0	bnNr-pear_Samingaz_S50.mp3
bnNr-pear_Talum	7.72	12.15	0	bnNr-pear_Talum_S0.mp3
bnNr-pear_Talum	12.15	29.59	0	bnNr-pear_Talum_S1.mp3
bnNr-pear_Talum	29.59	50.5	0	bnNr-pear_Talum_S2.mp3
bnNr-pear_Talum	50.5	60.02	0	bnNr-pear_Talum_S3.mp3
bnNr-pear_Talum	60.02	87.65	0	bnNr-pear_Talum_S4.mp3
bnNr-pear_Talum	87.65	106.29	0	bnNr-pear_Talum_S5.mp3
bnNr-pear_Talum	106.29	110.83	0	bnNr-pear_Talum_S6.mp3
bnNr-pear_Talum	110.83	114.4	0	bnNr-pear_Talum_S7.mp3
bnNr-pear_Talum	114.4	117.36	0	bnNr-pear_Talum_S8.mp3
bnNr-pear_Talum	117.36	135.91	0	bnNr-pear_Talum_S9.mp3
bnNr-pear_Talum	135.91	144.0	0	bnNr-pear_Talum_S10.mp3
bnNr-pear_Talum	144.0	150.77	0	bnNr-pear_Talum_S11.mp3
bnNr-pear_Talum	150.77	154.68	0	bnNr-pear_Talum_S12.mp3
bnNr-pear_Talum	154.68	173.11	0	bnNr-pear_Talum_S13.mp3
bnNr-pear_Talum	173.11	181.96	0	bnNr-pear_Talum_S14.mp3
bnNr-pear_Talum	181.96	208.22	0	bnNr-pear_Talum_S15.mp3
bnNr-pear_Talum	208.22	212.28	0	bnNr-pear_Talum_S16.mp3
bnNr-pear_Talum	212.28	217.47	0	bnNr-pear_Talum_S17.mp3
bnNr-pear_Talum	217.47	227.57	0	bnNr-pear_Talum_S18.mp3
bnNr-pear_Talum	227.57	230.86	0	bnNr-pear_Talum_S19.mp3
bnNr-pear_Talum	230.86	244.31	0	bnNr-pear_Talum_S20.mp3
bnNr-pear_Talum	244.31	246.62	0	bnNr-pear_Talum_S21.mp3
bnNr-pear_Talum	246.62	254.6	0	bnNr-pear_Talum_S22.mp3
bnNr-pear_Talum	254.6	276.74	0	bnNr-pear_Talum_S23.mp3
bnNr-pear_Talum	276.74	299.02	0	bnNr-pear_Talum_S24.mp3
bnNr-pear_Talum	299.02	313.86	0	bnNr-pear_Talum_S25.mp3
bnNr-pear_Talum	313.86	325.41	0	bnNr-pear_Talum_S26.mp3
bnNr-pear_Talum	325.41	332.05	0	bnNr-pear_Talum_S27.mp3
bnNr-pear_Talum	332.05	344.58	0	bnNr-pear_Talum_S28.mp3
bnNr-pear_Talum	344.58	360.81	0	bnNr-pear_Talum_S29.mp3
kkvNr-fishing_Muu	0.0	5.69	0	kkvNr-fishing_Muu_S0.mp3
kkvNr-fishing_Muu	5.69	12.61	0	kkvNr-fishing_Muu_S1.mp3
kkvNr-fishing_Muu	12.61	27.74	0	kkvNr-fishing_Muu_S2.mp3
kkvNr-fishing_Muu	27.74	39.73	0	kkvNr-fishing_Muu_S3.mp3
kkvNr-fishing_Muu	39.73	44.32	0	kkvNr-fishing_Muu_S4.mp3
kkvNr-fishing_Muu	44.32	50.27	0	kkvNr-fishing_Muu_S5.mp3
kkvNr-fishing_Muu	50.27	60.48	0	kkvNr-fishing_Muu_S6.mp3
kkvNr-fishing_Muu	60.48	64.53	0	kkvNr-fishing_Muu_S7.mp3
kkvNr-fishing_Muu	64.53	75.52	0	kkvNr-fishing_Muu_S8.mp3
kkvNr-fishing_Muu	75.52	81.61	0	kkvNr-fishing_Muu_S9.mp3
kkvNr-fishing_Muu	81.61	92.56	0	kkvNr-fishing_Muu_S10.mp3
kkvNr-fishing_Muu	92.56	102.66	0	kkvNr-fishing_Muu_S11.mp3
kkvNr-fishing_Muu	107.49	108.76	0	kkvNr-fishing_Muu_S12.mp3
kkvNr-fishing_Muu	108.76	112.02	0	kkvNr-fishing_Muu_S13.mp3
kkvNr-fishing_Muu	112.02	114.52	0	kkvNr-fishing_Muu_S14.mp3
kkvNr-fishing_Muu	114.52	118.57	0	kkvNr-fishing_Muu_S15.mp3
kkvNr-fishing_Muu	118.57	125.2	0	kkvNr-fishing_Muu_S16.mp3
kkvNr-fishing_Muu	125.2	129.99	0	kkvNr-fishing_Muu_S17.mp3
kkvNr-fishing_Muu	129.99	134.69	0	kkvNr-fishing_Muu_S18.mp3
kkvNr-fishing_Muu	134.69	137.76	0	kkvNr-fishing_Muu_S19.mp3
kkvNr-fishing_Muu	137.76	141.93	0	kkvNr-fishing_Muu_S20.mp3
kkvNr-fishing_Muu	141.93	147.38	0	kkvNr-fishing_Muu_S21.mp3
kkvNr-fishing_Muu	147.38	152.57	0	kkvNr-fishing_Muu_S22.mp3
kkvNr-fishing_Muu	152.57	156.95	0	kkvNr-fishing_Muu_S23.mp3
kkvNr-fishing_Muu	156.95	162.55	0	kkvNr-fishing_Muu_S24.mp3
kkvNr-fishing_Muu	162.55	172.41	0	kkvNr-fishing_Muu_S25.mp3
kkvNr-fishing_Muu	172.41	179.47	0	kkvNr-fishing_Muu_S26.mp3
kkvNr-fishing_Muu	179.47	186.19	0	kkvNr-fishing_Muu_S27.mp3
kkvNr-fishing_Muu	186.19	196.94	0	kkvNr-fishing_Muu_S28.mp3
kkvNr-fishing_Muu	196.94	207.76	0	kkvNr-fishing_Muu_S29.mp3
kkvNr-fishing_Muu	207.76	210.97	0	kkvNr-fishing_Muu_S30.mp3
kkvNr-fishing_Muu	210.97	213.36	0	kkvNr-fishing_Muu_S31.mp3
kkvNr-fishing_Muu	213.36	219.71	0	kkvNr-fishing_Muu_S32.mp3
kkvNr-fishing_Muu	219.71	227.22	0	kkvNr-fishing_Muu_S33.mp3
kkvNr-fishing_Muu	227.22	236.43	0	kkvNr-fishing_Muu_S34.mp3
kkvNr-fishing_Muu	236.43	242.06	0	kkvNr-fishing_Muu_S35.mp3
kkvNr-fishing_Muu	242.06	247.12	0	kkvNr-fishing_Muu_S36.mp3
kkvNr-fishing_Muu	247.12	251.05	0	kkvNr-fishing_Muu_S37.mp3
kkvNr-fishing_Muu	251.05	258.91	0	kkvNr-fishing_Muu_S38.mp3
kkvNr-fishing_Muu	258.91	264.57	0	kkvNr-fishing_Muu_S39.mp3
kkvNr-fishing_Muu	264.57	268.77	0	kkvNr-fishing_Muu_S40.mp3
kkvNr-fishing_Muu	268.77	275.58	0	kkvNr-fishing_Muu_S41.mp3
kkvNr-fishing_Muu	275.58	278.03	0	kkvNr-fishing_Muu_S42.mp3
kkvNr-fishing_Muu	278.03	283.12	0	kkvNr-fishing_Muu_S43.mp3
kkvNr-fishing_Muu	283.12	289.55	0	kkvNr-fishing_Muu_S44.mp3
kkvNr-fishing_Muu	289.55	291.2	0	kkvNr-fishing_Muu_S45.mp3
kkvNr-fishing_Muu	291.2	299.18	0	kkvNr-fishing_Muu_S46.mp3
kkvNr-fishing_Muu	299.18	304.48	0	kkvNr-fishing_Muu_S47.mp3
kkvNr-fishing_Muu	304.48	309.81	0	kkvNr-fishing_Muu_S48.mp3
kkvNr-fishing_Muu	309.81	318.64	0	kkvNr-fishing_Muu_S49.mp3
kkvNr-fishing_Muu	318.64	321.24	0	kkvNr-fishing_Muu_S50.mp3
kkvNr-fishing_Muu	321.24	327.66	0	kkvNr-fishing_Muu_S51.mp3
kkvNr-fishing_Muu	327.66	336.37	0	kkvNr-fishing_Muu_S52.mp3
kkvNr-fishing_Muu	336.37	345.38	0	kkvNr-fishing_Muu_S53.mp3
kkvNr-fishing_Muu	345.38	353.63	0	kkvNr-fishing_Muu_S54.mp3
kkvNr-fishing_Muu	353.63	363.21	0	kkvNr-fishing_Muu_S55.mp3
kkvNr-fishing_Muu	363.21	366.73	0	kkvNr-fishing_Muu_S56.mp3
kkvNr-fishing_Muu	366.73	375.03	0	kkvNr-fishing_Muu_S57.mp3
kkvNr-fishing_Muu	375.03	378.95	0	kkvNr-fishing_Muu_S58.mp3
kkvNr-fishing_Muu	378.95	385.28	0	kkvNr-fishing_Muu_S59.mp3
kkvNr-fishing_Muu	385.28	387.98	0	kkvNr-fishing_Muu_S60.mp3
kkvNr-fishing_Muu	387.98	395.41	0	kkvNr-fishing_Muu_S61.mp3
kkvNr-fishing_Muu	395.41	398.68	0	kkvNr-fishing_Muu_S62.mp3
kkvNr-fishing_Muu	398.68	400.6	0	kkvNr-fishing_Muu_S63.mp3
kkvNr-fishing_Muu	400.6	404.69	0	kkvNr-fishing_Muu_S64.mp3
kkvNr-fishing_Muu	404.69	419.68	0	kkvNr-fishing_Muu_S65.mp3
kkvNr-fishing_Muu	419.68	432.03	0	kkvNr-fishing_Muu_S66.mp3
kkvNr-fishing_Muu	432.03	437.16	0	kkvNr-fishing_Muu_S67.mp3
kkvNr-fishing_Muu	437.16	444.26	0	kkvNr-fishing_Muu_S68.mp3
kkvNr-fishing_Muu	444.26	447.5	0	kkvNr-fishing_Muu_S69.mp3
kkvNr-fishing_Muu	447.5	457.91	0	kkvNr-fishing_Muu_S70.mp3
kkvNr-fishing_Muu	457.91	461.52	0	kkvNr-fishing_Muu_S71.mp3
kkvNr-fishing_Muu	461.52	469.94	0	kkvNr-fishing_Muu_S72.mp3
kkvNr-fishing_Muu	469.94	471.61	0	kkvNr-fishing_Muu_S73.mp3
kkvNr-fishing_Muu	471.61	479.58	0	kkvNr-fishing_Muu_S74.mp3
kkvNr-fishing_Muu	479.58	485.72	0	kkvNr-fishing_Muu_S75.mp3
kkvNr-fishing_Muu	485.72	493.38	0	kkvNr-fishing_Muu_S76.mp3
kkvNr-fishing_Muu	493.38	500.63	0	kkvNr-fishing_Muu_S77.mp3
kkvNr-fishing_Muu	500.63	510.92	0	kkvNr-fishing_Muu_S78.mp3
kkvNr-fishing_Muu	510.92	518.97	0	kkvNr-fishing_Muu_S79.mp3
kkvNr-fishing_Muu	518.97	520.58	0	kkvNr-fishing_Muu_S80.mp3
kkvNr-fishing_Muu	520.58	527.67	0	kkvNr-fishing_Muu_S81.mp3
kkvNr-fishing_Muu	527.67	532.35	0	kkvNr-fishing_Muu_S82.mp3
kkvNr-fishing_Muu	532.35	535.74	0	kkvNr-fishing_Muu_S83.mp3
kkvNr-fishing_Muu	535.74	549.82	0	kkvNr-fishing_Muu_S84.mp3
kkvNr-fishing_Muu	549.82	554.96	0	kkvNr-fishing_Muu_S85.mp3
kkvNr-fishing_Muu	554.96	560.57	0	kkvNr-fishing_Muu_S86.mp3
kkvNr-fishing_Muu	560.57	573.01	0	kkvNr-fishing_Muu_S87.mp3
kkvNr-fishing_Muu	573.01	582.2	0	kkvNr-fishing_Muu_S88.mp3
kkvNr-fishing_Muu	582.2	585.78	0	kkvNr-fishing_Muu_S89.mp3
kkvNr-fishing_Muu	585.78	589.61	0	kkvNr-fishing_Muu_S90.mp3
kkvNr-fishing_Muu	589.61	595.23	0	kkvNr-fishing_Muu_S91.mp3
kkvNr-fishing_Muu	595.23	602.7	0	kkvNr-fishing_Muu_S92.mp3
kkvNr-fishing_Muu	602.7	606.76	0	kkvNr-fishing_Muu_S93.mp3
kkvNr-fishing_Muu	606.76	614.64	0	kkvNr-fishing_Muu_S94.mp3
kkvNr-fishing_Muu	614.64	618.69	0	kkvNr-fishing_Muu_S95.mp3
kkvNr-fishing_Muu	618.69	621.77	0	kkvNr-fishing_Muu_S96.mp3
kkvNr-fishing_Muu	621.77	626.33	0	kkvNr-fishing_Muu_S97.mp3
kkvNr-fishing_Muu	626.33	628.31	0	kkvNr-fishing_Muu_S98.mp3
kkvNr-fishing_Muu	628.31	630.53	0	kkvNr-fishing_Muu_S99.mp3
kkvNr-fishing_Muu	630.53	632.29	0	kkvNr-fishing_Muu_S100.mp3
kkvNr-fishing_Muu	632.29	637.52	0	kkvNr-fishing_Muu_S101.mp3
kkvNr-fishing_Muu	637.52	641.14	0	kkvNr-fishing_Muu_S102.mp3
kkvNr-fishing_Muu	641.14	645.32	0	kkvNr-fishing_Muu_S103.mp3
kkvNr-fishing_Muu	645.32	649.66	0	kkvNr-fishing_Muu_S104.mp3
kkvNr-fishing_Muu	649.66	651.5	0	kkvNr-fishing_Muu_S105.mp3
kkvNr-fishing_Muu	651.5	653.76	0	kkvNr-fishing_Muu_S106.mp3
kkvNr-fishing_Muu	653.76	657.17	0	kkvNr-fishing_Muu_S107.mp3
kkvNr-fishing_Muu	657.17	660.61	0	kkvNr-fishing_Muu_S108.mp3
kkvNr-fishing_Muu	660.61	669.41	0	kkvNr-fishing_Muu_S109.mp3
kkvNr-fishing_Muu	669.41	677.89	0	kkvNr-fishing_Muu_S110.mp3
kkvNr-fishing_Muu	677.89	683.61	0	kkvNr-fishing_Muu_S111.mp3
kkvNr-fishing_Muu	683.61	689.45	0	kkvNr-fishing_Muu_S112.mp3
kkvNr-fishing_Muu	689.45	692.19	0	kkvNr-fishing_Muu_S113.mp3
kkvNr-fishing_Muu	692.19	699.65	0	kkvNr-fishing_Muu_S114.mp3
kkvNr-fishing_Muu	699.65	704.58	0	kkvNr-fishing_Muu_S115.mp3
kkvNr-fishing_Muu	704.58	709.1	0	kkvNr-fishing_Muu_S116.mp3
kkvNr-fishing_Muu	709.1	715.59	0	kkvNr-fishing_Muu_S117.mp3
kkvNr-fishing_Muu	715.59	720.03	0	kkvNr-fishing_Muu_S118.mp3
kkvNr-fishing_Muu	720.03	725.75	0	kkvNr-fishing_Muu_S119.mp3
kkvNr-fishing_Muu	725.75	732.44	0	kkvNr-fishing_Muu_S120.mp3
kkvNr-fishing_Muu	732.44	737.39	0	kkvNr-fishing_Muu_S121.mp3
kkvNr-fishing_Muu	737.39	742.09	0	kkvNr-fishing_Muu_S122.mp3
kkvNr-fishing_Muu	742.09	746.2	0	kkvNr-fishing_Muu_S123.mp3
kkvNr-fishing_Muu	746.2	751.45	0	kkvNr-fishing_Muu_S124.mp3
kkvNr-fishing_Muu	751.45	761.55	0	kkvNr-fishing_Muu_S125.mp3
kkvNr-fishing_Muu	761.55	765.28	0	kkvNr-fishing_Muu_S126.mp3
kkvNr-fishing_Muu	765.28	770.31	0	kkvNr-fishing_Muu_S127.mp3
kkvNr-fishing_Muu	770.31	773.12	0	kkvNr-fishing_Muu_S128.mp3
kkvNr-fishing_Muu	773.12	777.57	0	kkvNr-fishing_Muu_S129.mp3
kkvNr-fishing_Muu	777.57	784.02	0	kkvNr-fishing_Muu_S130.mp3
kkvNr-fishing_Muu	784.02	793.11	0	kkvNr-fishing_Muu_S131.mp3
kkvNr-fishing_Muu	793.11	808.96	0	kkvNr-fishing_Muu_S132.mp3
kkvNr-fishing_Muu	808.96	810.99	0	kkvNr-fishing_Muu_S133.mp3
kkvNr-fishing_Muu	810.99	815.55	0	kkvNr-fishing_Muu_S134.mp3
kkvNr-fishing_Muu	815.55	819.34	0	kkvNr-fishing_Muu_S135.mp3
kkvNr-fishing_Muu	819.34	822.35	0	kkvNr-fishing_Muu_S136.mp3
kkvNr-fishing_Muu	822.35	824.73	0	kkvNr-fishing_Muu_S137.mp3
kkvNr-fishing_Muu	824.73	833.6	0	kkvNr-fishing_Muu_S138.mp3
kkvNr-fishing_Muu	833.6	839.96	0	kkvNr-fishing_Muu_S139.mp3
kkvNr-fishing_Muu	839.96	844.38	0	kkvNr-fishing_Muu_S140.mp3
kkvNr-fishing_Muu	844.38	851.06	0	kkvNr-fishing_Muu_S141.mp3
kkvNr-fishing_Muu	851.06	858.03	0	kkvNr-fishing_Muu_S142.mp3
kkvNr-fishing_Muu	858.03	864.99	0	kkvNr-fishing_Muu_S143.mp3
kkvNr-fishing_Muu	864.99	870.26	0	kkvNr-fishing_Muu_S144.mp3
kkvNr-fishing_Muu	870.26	874.75	0	kkvNr-fishing_Muu_S145.mp3
kkvNr-fishing_Muu	874.75	887.57	0	kkvNr-fishing_Muu_S146.mp3
kkvNr-fishing_Muu	887.57	895.31	0	kkvNr-fishing_Muu_S147.mp3
kkvNr-fishing_Muu	895.31	899.77	0	kkvNr-fishing_Muu_S148.mp3
kkvNr-fishing_Muu	899.77	903.93	0	kkvNr-fishing_Muu_S149.mp3
kkvNr-fishing_Muu	903.93	906.76	0	kkvNr-fishing_Muu_S150.mp3
kkvNr-fishing_Muu	906.76	910.66	0	kkvNr-fishing_Muu_S151.mp3
kkvNr-fishing_Muu	910.66	913.7	0	kkvNr-fishing_Muu_S152.mp3
kkvNr-fishing_Muu	913.7	919.06	0	kkvNr-fishing_Muu_S153.mp3
kkvNr-fishing_Muu	919.06	921.7	0	kkvNr-fishing_Muu_S154.mp3
kkvNr-fishing_Muu	921.7	930.73	0	kkvNr-fishing_Muu_S155.mp3
kkvNr-fishing_Muu	930.73	932.95	0	kkvNr-fishing_Muu_S156.mp3
kkvNr-fishing_Muu	932.95	936.92	0	kkvNr-fishing_Muu_S157.mp3
kkvNr-fishing_Muu	936.92	939.36	0	kkvNr-fishing_Muu_S158.mp3
kkvNr-fishing_Muu	939.36	941.07	0	kkvNr-fishing_Muu_S159.mp3
kkvNr-fishing_Muu	941.07	942.03	0	kkvNr-fishing_Muu_S160.mp3
kkvNr-frogstory_angai	0.0	6.62	0	kkvNr-frogstory_angai_S0.mp3
kkvNr-frogstory_angai	6.62	14.85	0	kkvNr-frogstory_angai_S1.mp3
kkvNr-frogstory_angai	14.85	23.7	0	kkvNr-frogstory_angai_S2.mp3
kkvNr-frogstory_angai	23.7	28.51	0	kkvNr-frogstory_angai_S3.mp3
kkvNr-frogstory_angai	28.51	40.08	0	kkvNr-frogstory_angai_S4.mp3
kkvNr-frogstory_angai	40.08	45.4	0	kkvNr-frogstory_angai_S5.mp3
kkvNr-frogstory_angai	45.4	56.26	0	kkvNr-frogstory_angai_S6.mp3
kkvNr-frogstory_angai	56.26	62.91	0	kkvNr-frogstory_angai_S7.mp3
kkvNr-frogstory_angai	62.91	77.88	0	kkvNr-frogstory_angai_S8.mp3
kkvNr-frogstory_angai	77.88	91.72	0	kkvNr-frogstory_angai_S9.mp3
kkvNr-frogstory_angai	91.72	98.63	0	kkvNr-frogstory_angai_S10.mp3
kkvNr-frogstory_angai	98.63	104.44	0	kkvNr-frogstory_angai_S11.mp3
kkvNr-frogstory_angai	104.44	119.19	0	kkvNr-frogstory_angai_S12.mp3
kkvNr-frogstory_angai	119.19	124.38	0	kkvNr-frogstory_angai_S13.mp3
kkvNr-frogstory_angai	124.38	127.27	0	kkvNr-frogstory_angai_S14.mp3
kkvNr-frogstory_angai	127.27	132.51	0	kkvNr-frogstory_angai_S15.mp3
kkvNr-frogstory_angai	132.51	141.97	0	kkvNr-frogstory_angai_S16.mp3
kkvNr-frogstory_angai	141.97	143.81	0	kkvNr-frogstory_angai_S17.mp3
kkvNr-frogstory_angai	143.81	149.62	0	kkvNr-frogstory_angai_S18.mp3
kkvNr-frogstory_angai	149.62	153.94	0	kkvNr-frogstory_angai_S19.mp3
kkvNr-frogstory_angai	153.94	172.19	0	kkvNr-frogstory_angai_S20.mp3
kkvNr-frogstory_angai	172.19	186.28	0	kkvNr-frogstory_angai_S21.mp3
kkvNr-frogstory_angai	186.28	193.49	0	kkvNr-frogstory_angai_S22.mp3
kkvNr-frogstory_angai	193.49	200.87	0	kkvNr-frogstory_angai_S23.mp3
kkvNr-frogstory_angai	200.87	207.13	0	kkvNr-frogstory_angai_S24.mp3
kkvNr-frogstory_angai	207.13	219.42	0	kkvNr-frogstory_angai_S25.mp3
kkvNr-frogstory_angai	219.42	227.33	0	kkvNr-frogstory_angai_S26.mp3
kkvNr-frogstory_angai	227.33	234.35	0	kkvNr-frogstory_angai_S27.mp3
kkvNr-frogstory_angai	234.35	238.99	0	kkvNr-frogstory_angai_S28.mp3
kkvNr-frogstory_angai	238.99	242.89	0	kkvNr-frogstory_angai_S29.mp3
kkvNr-frogstory_angai	242.89	253.87	0	kkvNr-frogstory_angai_S30.mp3
kkvNr-frogstory_angai	253.87	267.42	0	kkvNr-frogstory_angai_S31.mp3
kkvNr-frogstory_angai	267.42	277.12	0	kkvNr-frogstory_angai_S32.mp3
kkvNr-frogstory_angai	277.12	289.49	0	kkvNr-frogstory_angai_S33.mp3
kkvNr-frogstory_angai	289.49	293.68	0	kkvNr-frogstory_angai_S34.mp3
kkvNr-frogstory_angai	293.68	306.14	0	kkvNr-frogstory_angai_S35.mp3
kkvNr-frogstory_angai	306.14	313.64	0	kkvNr-frogstory_angai_S36.mp3
kkvNr-frogstory_angai	313.64	321.91	0	kkvNr-frogstory_angai_S37.mp3
kkvNr-frogstory_angai	321.91	330.17	0	kkvNr-frogstory_angai_S38.mp3
kkvNr-frogstory_angai	330.17	338.31	0	kkvNr-frogstory_angai_S39.mp3
kkvNr-frogstory_angai	338.31	344.33	0	kkvNr-frogstory_angai_S40.mp3
kkvNr-frogstory_angai	344.33	361.39	0	kkvNr-frogstory_angai_S41.mp3
kkvNr-frogstory_angai	361.39	379.04	0	kkvNr-frogstory_angai_S42.mp3
kkvNr-frogstory_angai	379.04	389.18	0	kkvNr-frogstory_angai_S43.mp3
kkvNr-frogstory_angai	389.18	409.4	0	kkvNr-frogstory_angai_S44.mp3
kkvNr-frogstory_angai	409.4	430.55	0	kkvNr-frogstory_angai_S45.mp3
kkvNr-frogstory_angai	430.55	433.71	0	kkvNr-frogstory_angai_S46.mp3
kkvNr-frogstory_angai	433.71	436.56	0	kkvNr-frogstory_angai_S47.mp3
kkvNr-frogstory_angai	436.56	448.5	0	kkvNr-frogstory_angai_S48.mp3
kkvNr-frogstory_angai	448.5	471.02	0	kkvNr-frogstory_angai_S49.mp3
kkvNr-frogstory_angai	471.02	487.73	0	kkvNr-frogstory_angai_S50.mp3
kkvNr-frogstory_angai	487.73	500.01	0	kkvNr-frogstory_angai_S51.mp3
kkvNr-frogstory_angai	500.01	511.66	0	kkvNr-frogstory_angai_S52.mp3
kkvNr-frogstory_angai	511.66	517.68	0	kkvNr-frogstory_angai_S53.mp3
kkvNr-frogstory_angai	517.68	538.19	0	kkvNr-frogstory_angai_S54.mp3
kkvNr-frogstory_angai	538.19	561.25	0	kkvNr-frogstory_angai_S55.mp3
kkvNr-frogstory_angai	561.25	572.65	0	kkvNr-frogstory_angai_S56.mp3
kkvNr-frogstory_angai	572.65	600.76	0	kkvNr-frogstory_angai_S57.mp3
kkvNr-frogstory_angai	600.76	617.67	0	kkvNr-frogstory_angai_S58.mp3
kkvNr-frogstory_angai	617.67	621.83	0	kkvNr-frogstory_angai_S59.mp3
kkvNr-frogstory_angai	621.83	636.01	0	kkvNr-frogstory_angai_S60.mp3
kkvNr-frogstory_angai	636.01	646.14	0	kkvNr-frogstory_angai_S61.mp3
kkvNr-frogstory_angai	646.14	661.67	0	kkvNr-frogstory_angai_S62.mp3
kkvNr-frogstory_angai	661.67	672.46	0	kkvNr-frogstory_angai_S63.mp3
kkvNr-frogstory_angai	672.46	685.12	0	kkvNr-frogstory_angai_S64.mp3
kkvNr-frogstory_angai	685.12	698.7	0	kkvNr-frogstory_angai_S65.mp3
kkvNr-frogstory_angai	698.7	704.95	0	kkvNr-frogstory_angai_S66.mp3
kkvNr-frogstory_angai	704.95	725.61	0	kkvNr-frogstory_angai_S67.mp3
kkvNr-frogstory_angai	725.61	742.53	0	kkvNr-frogstory_angai_S68.mp3
kkvNr-frogstory_angai	742.53	762.03	0	kkvNr-frogstory_angai_S69.mp3
kkvNr-frogstory_angai	762.03	778.71	0	kkvNr-frogstory_angai_S70.mp3
kkvNr-frogstory_angai	778.71	784.85	0	kkvNr-frogstory_angai_S71.mp3
kkvNr-frogstory_angai	784.85	799.53	0	kkvNr-frogstory_angai_S72.mp3
kkvNr-frogstory_angai	799.53	813.68	0	kkvNr-frogstory_angai_S73.mp3
kkvNr-frogstory_angai	813.68	823.7	0	kkvNr-frogstory_angai_S74.mp3
kkvNr-frogstory_angai	823.7	827.92	0	kkvNr-frogstory_angai_S75.mp3
kkvNr-puratu_Muu	0.0	4.07	0	kkvNr-puratu_Muu_S0.mp3
kkvNr-puratu_Muu	4.07	9.97	0	kkvNr-puratu_Muu_S1.mp3
kkvNr-puratu_Muu	9.97	15.59	0	kkvNr-puratu_Muu_S2.mp3
kkvNr-puratu_Muu	15.59	24.78	0	kkvNr-puratu_Muu_S3.mp3
kkvNr-puratu_Muu	24.78	35.73	0	kkvNr-puratu_Muu_S4.mp3
kkvNr-puratu_Muu	35.73	39.38	0	kkvNr-puratu_Muu_S5.mp3
kkvNr-puratu_Muu	39.38	43.1	0	kkvNr-puratu_Muu_S6.mp3
kkvNr-puratu_Muu	43.1	45.94	0	kkvNr-puratu_Muu_S7.mp3
kkvNr-puratu_Muu	45.94	49.74	0	kkvNr-puratu_Muu_S8.mp3
kkvNr-puratu_Muu	49.74	53.66	0	kkvNr-puratu_Muu_S9.mp3
kkvNr-puratu_Muu	53.66	68.3	0	kkvNr-puratu_Muu_S10.mp3
kkvNr-puratu_Muu	68.3	76.17	0	kkvNr-puratu_Muu_S11.mp3
kkvNr-puratu_Muu	76.17	81.37	0	kkvNr-puratu_Muu_S12.mp3
kkvNr-puratu_Muu	81.37	85.17	0	kkvNr-puratu_Muu_S13.mp3
kkvNr-puratu_Muu	85.17	93.89	0	kkvNr-puratu_Muu_S14.mp3
kkvNr-puratu_Muu	93.89	102.56	0	kkvNr-puratu_Muu_S15.mp3
kkvNr-puratu_Muu	102.56	106.77	0	kkvNr-puratu_Muu_S16.mp3
kkvNr-puratu_Muu	106.77	112.23	0	kkvNr-puratu_Muu_S17.mp3
kkvNr-puratu_Muu	112.23	123.03	0	kkvNr-puratu_Muu_S18.mp3
kkvNr-puratu_Muu	123.03	127.33	0	kkvNr-puratu_Muu_S19.mp3
kkvNr-puratu_Muu	127.33	135.78	0	kkvNr-puratu_Muu_S20.mp3
kkvNr-puratu_Muu	135.78	139.64	0	kkvNr-puratu_Muu_S21.mp3
kkvNr-puratu_Muu	139.64	150.47	0	kkvNr-puratu_Muu_S22.mp3
kkvNr-puratu_Muu	150.47	157.32	0	kkvNr-puratu_Muu_S23.mp3
kkvNr-puratu_Muu	157.32	169.24	0	kkvNr-puratu_Muu_S24.mp3
kkvNr-puratu_Muu	169.24	176.7	0	kkvNr-puratu_Muu_S25.mp3
kkvNr-puratu_Muu	176.7	185.72	0	kkvNr-puratu_Muu_S26.mp3
kkvNr-puratu_Muu	185.72	192.36	0	kkvNr-puratu_Muu_S27.mp3
kkvNr-puratu_Muu	192.36	199.65	0	kkvNr-puratu_Muu_S28.mp3
kkvNr-puratu_Muu	199.65	207.1	0	kkvNr-puratu_Muu_S29.mp3
kkvNr-puratu_Muu	207.1	213.02	0	kkvNr-puratu_Muu_S30.mp3
kkvNr-puratu_Muu	213.02	218.87	0	kkvNr-puratu_Muu_S31.mp3
kkvNr-puratu_Muu	218.87	223.76	0	kkvNr-puratu_Muu_S32.mp3
kkvNr-puratu_Muu	223.76	231.04	0	kkvNr-puratu_Muu_S33.mp3
kkvNr-puratu_Muu	231.04	236.27	0	kkvNr-puratu_Muu_S34.mp3
kkvNr-puratu_Muu	236.27	242.64	0	kkvNr-puratu_Muu_S35.mp3
kkvNr-puratu_Muu	242.64	253.65	0	kkvNr-puratu_Muu_S36.mp3
kkvNr-puratu_Muu	253.65	257.87	0	kkvNr-puratu_Muu_S37.mp3
kkvNr-puratu_Muu	257.87	266.58	0	kkvNr-puratu_Muu_S38.mp3
kkvNr-puratu_Muu	266.58	273.3	0	kkvNr-puratu_Muu_S39.mp3
kkvNr-puratu_Muu	273.3	276.04	0	kkvNr-puratu_Muu_S40.mp3
kkvNr-puratu_Muu	276.04	281.15	0	kkvNr-puratu_Muu_S41.mp3
kkvNr-puratu_Muu	281.15	284.84	0	kkvNr-puratu_Muu_S42.mp3
kkvNr-puratu_Muu	284.84	293.91	0	kkvNr-puratu_Muu_S43.mp3
kkvNr-puratu_Muu	293.91	302.75	0	kkvNr-puratu_Muu_S44.mp3
kkvNr-puratu_Muu	302.75	311.65	0	kkvNr-puratu_Muu_S45.mp3
kkvNr-puratu_Muu	311.65	313.63	0	kkvNr-puratu_Muu_S46.mp3
kkvNr-puratu_Muu	313.63	316.26	0	kkvNr-puratu_Muu_S47.mp3
kkvNr-puratu_Muu	316.26	321.48	0	kkvNr-puratu_Muu_S48.mp3
kkvNr-puratu_Muu	321.48	325.75	0	kkvNr-puratu_Muu_S49.mp3
kkvNr-puratu_Muu	325.75	331.3	0	kkvNr-puratu_Muu_S50.mp3
kkvNr-puratu_Muu	331.3	339.2	0	kkvNr-puratu_Muu_S51.mp3
kkvNr-puratu_Muu	339.2	347.38	0	kkvNr-puratu_Muu_S52.mp3
kkvNr-puratu_Muu	347.38	353.84	0	kkvNr-puratu_Muu_S53.mp3
kkvNr-puratu_Muu	353.84	357.44	0	kkvNr-puratu_Muu_S54.mp3
kkvNr-puratu_Muu	357.44	359.93	0	kkvNr-puratu_Muu_S55.mp3
kkvNr-puratu_Muu	359.93	364.84	0	kkvNr-puratu_Muu_S56.mp3
kkvNr-puratu_Muu	364.84	375.15	0	kkvNr-puratu_Muu_S57.mp3
kkvNr-puratu_Muu	375.15	379.31	0	kkvNr-puratu_Muu_S58.mp3
kkvNr-puratu_Muu	379.31	386.19	0	kkvNr-puratu_Muu_S59.mp3
kkvNr-puratu_Muu	386.19	390.01	0	kkvNr-puratu_Muu_S60.mp3
kkvNr-puratu_Muu	390.01	392.95	0	kkvNr-puratu_Muu_S61.mp3
kkvNr-puratu_Muu	392.95	398.05	0	kkvNr-puratu_Muu_S62.mp3
kkvNr-puratu_Muu	398.05	407.03	0	kkvNr-puratu_Muu_S63.mp3
kkvNr-puratu_Muu	407.03	418.38	0	kkvNr-puratu_Muu_S64.mp3
kkvNr-puratu_Muu	418.38	425.94	0	kkvNr-puratu_Muu_S65.mp3
kkvNr-puratu_Muu	425.94	427.94	0	kkvNr-puratu_Muu_S66.mp3
kkvNr-puratu_Muu	427.94	433.2	0	kkvNr-puratu_Muu_S67.mp3
kkvNr-puratu_Muu	433.2	435.17	0	kkvNr-puratu_Muu_S68.mp3
kkvNr-puratu_Muu	435.17	443.28	0	kkvNr-puratu_Muu_S69.mp3
kkvNr-puratu_Muu	443.28	446.38	0	kkvNr-puratu_Muu_S70.mp3
kkvNr-puratu_Muu	446.38	451.26	0	kkvNr-puratu_Muu_S71.mp3
kkvNr-puratu_Muu	451.26	454.7	0	kkvNr-puratu_Muu_S72.mp3
kkvNr-puratu_Muu	454.7	460.48	0	kkvNr-puratu_Muu_S73.mp3
kkvNr-puratu_Muu	460.48	466.48	0	kkvNr-puratu_Muu_S74.mp3
kkvNr-puratu_Muu	466.48	470.34	0	kkvNr-puratu_Muu_S75.mp3
kkvNr-puratu_Muu	470.34	473.47	0	kkvNr-puratu_Muu_S76.mp3
kkvNr-puratu_Muu	473.47	476.26	0	kkvNr-puratu_Muu_S77.mp3
kkvNr-puratu_Muu	476.26	482.39	0	kkvNr-puratu_Muu_S78.mp3
kkvNr-puratu_Muu	482.39	488.2	0	kkvNr-puratu_Muu_S79.mp3
kkvNr-puratu_Muu	488.2	494.1	0	kkvNr-puratu_Muu_S80.mp3
kkvNr-puratu_Muu	494.1	496.35	0	kkvNr-puratu_Muu_S81.mp3
kkvNr-puratu_Muu	496.35	504.48	0	kkvNr-puratu_Muu_S82.mp3
kkvNr-puratu_Muu	504.48	509.13	0	kkvNr-puratu_Muu_S83.mp3
kkvNr-puratu_Muu	509.13	512.26	0	kkvNr-puratu_Muu_S84.mp3
kkvNr-puratu_Muu	512.26	522.35	0	kkvNr-puratu_Muu_S85.mp3
kkvNr-puratu_Muu	522.35	530.95	0	kkvNr-puratu_Muu_S86.mp3
kkvNr-puratu_Muu	530.95	532.71	0	kkvNr-puratu_Muu_S87.mp3
kkvNr-puratu_Muu	532.71	538.26	0	kkvNr-puratu_Muu_S88.mp3
kkvNr-puratu_Muu	538.26	544.49	0	kkvNr-puratu_Muu_S89.mp3
kkvNr-puratu_Muu	544.49	547.35	0	kkvNr-puratu_Muu_S90.mp3
kkvNr-puratu_Muu	547.35	550.0	0	kkvNr-puratu_Muu_S91.mp3
kkvNr-puratu_Muu	550.0	562.07	0	kkvNr-puratu_Muu_S92.mp3
kkvNr-puratu_Muu	562.07	568.89	0	kkvNr-puratu_Muu_S93.mp3
kkvNr-puratu_Muu	568.89	573.78	0	kkvNr-puratu_Muu_S94.mp3
kkvNr-puratu_Muu	573.78	578.42	0	kkvNr-puratu_Muu_S95.mp3
kkvNr-puratu_Muu	578.42	582.4	0	kkvNr-puratu_Muu_S96.mp3
kkvNr-puratu_Muu	582.4	588.85	0	kkvNr-puratu_Muu_S97.mp3
kkvNr-puratu_Muu	588.85	596.02	0	kkvNr-puratu_Muu_S98.mp3
kkvNr-puratu_Muu	596.02	598.11	0	kkvNr-puratu_Muu_S99.mp3
kkvNr-puratu_Muu	598.11	603.11	0	kkvNr-puratu_Muu_S100.mp3
kkvNr-puratu_Muu	603.11	605.26	0	kkvNr-puratu_Muu_S101.mp3
kkvNr-puratu_Muu	605.26	609.22	0	kkvNr-puratu_Muu_S102.mp3
kkvNr-puratu_Muu	609.22	613.85	0	kkvNr-puratu_Muu_S103.mp3
kkvNr-puratu_Muu	613.85	630.14	0	kkvNr-puratu_Muu_S104.mp3
kkvNr-puratu_Muu	630.14	633.26	0	kkvNr-puratu_Muu_S105.mp3
kkvNr-puratu_Muu	633.26	645.75	0	kkvNr-puratu_Muu_S106.mp3
kkvNr-puratu_Muu	645.75	649.89	0	kkvNr-puratu_Muu_S107.mp3
kkvNr-puratu_Muu	649.89	654.73	0	kkvNr-puratu_Muu_S108.mp3
kkvNr-puratu_Muu	654.73	658.22	0	kkvNr-puratu_Muu_S109.mp3
kkvNr-puratu_Muu	658.22	661.75	0	kkvNr-puratu_Muu_S110.mp3
kkvNr-puratu_Muu	661.75	663.68	0	kkvNr-puratu_Muu_S111.mp3
kkvNr-puratu_Muu	663.68	667.78	0	kkvNr-puratu_Muu_S112.mp3
kkvNr-puratu_Muu	667.78	670.04	0	kkvNr-puratu_Muu_S113.mp3
kkvNr-puratu_Muu	670.04	675.22	0	kkvNr-puratu_Muu_S114.mp3
kkvNr-puratu_Muu	675.22	684.99	0	kkvNr-puratu_Muu_S115.mp3
kkvNr-puratu_Muu	684.99	698.4	0	kkvNr-puratu_Muu_S116.mp3
kkvNr-puratu_Muu	698.4	706.13	0	kkvNr-puratu_Muu_S117.mp3
kkvNr-puratu_Muu	706.13	711.5	0	kkvNr-puratu_Muu_S118.mp3
kkvNr-puratu_Muu	711.5	716.29	0	kkvNr-puratu_Muu_S119.mp3
kkvNr-puratu_Muu	716.29	721.51	0	kkvNr-puratu_Muu_S120.mp3
kkvNr-puratu_Muu	721.51	725.45	0	kkvNr-puratu_Muu_S121.mp3
kkvNr-puratu_Muu	725.45	733.31	0	kkvNr-puratu_Muu_S122.mp3
kkvNr-puratu_Muu	733.31	742.06	0	kkvNr-puratu_Muu_S123.mp3
kkvNr-puratu_Muu	742.06	745.88	0	kkvNr-puratu_Muu_S124.mp3
kkvNr-puratu_Muu	745.88	749.39	0	kkvNr-puratu_Muu_S125.mp3
kkvNr-puratu_Muu	749.39	756.95	0	kkvNr-puratu_Muu_S126.mp3
kkvNr-puratu_Muu	756.95	762.83	0	kkvNr-puratu_Muu_S127.mp3
kkvNr-puratu_Muu	762.83	766.41	0	kkvNr-puratu_Muu_S128.mp3
kkvNr-puratu_Muu	766.41	772.35	0	kkvNr-puratu_Muu_S129.mp3
kkvNr-puratu_Muu	772.35	777.44	0	kkvNr-puratu_Muu_S130.mp3
kkvNr-puratu_Muu	777.44	782.83	0	kkvNr-puratu_Muu_S131.mp3
kkvNr-puratu_Muu	782.83	786.04	0	kkvNr-puratu_Muu_S132.mp3
kkvNr-puratu_Muu	786.04	798.51	0	kkvNr-puratu_Muu_S133.mp3
kkvNr-puratu_Muu	798.51	801.03	0	kkvNr-puratu_Muu_S134.mp3
kkvNr-puratu_Muu	801.03	815.41	0	kkvNr-puratu_Muu_S135.mp3
kkvNr-puratu_Muu	815.41	820.54	0	kkvNr-puratu_Muu_S136.mp3
kkvNr-puratu_Muu	820.54	823.93	0	kkvNr-puratu_Muu_S137.mp3
kkvNr-puratu_Muu	823.93	825.79	0	kkvNr-puratu_Muu_S138.mp3
kkvNr-puratu_Muu	825.79	830.83	0	kkvNr-puratu_Muu_S139.mp3
kkvNr-puratu_Muu	830.83	841.16	0	kkvNr-puratu_Muu_S140.mp3
kkvNr-puratu_Muu	841.16	846.26	0	kkvNr-puratu_Muu_S141.mp3
kkvNr-puratu_Muu	846.26	851.11	0	kkvNr-puratu_Muu_S142.mp3
kkvNr-puratu_Muu	851.11	852.12	0	kkvNr-puratu_Muu_S143.mp3
kkvNr-story_pani	0.0	4.24	0	kkvNr-story_pani_S0.mp3
kkvNr-story_pani	4.24	20.05	0	kkvNr-story_pani_S1.mp3
kkvNr-story_pani	20.05	35.7	0	kkvNr-story_pani_S2.mp3
kkvNr-story_pani	35.7	47.62	0	kkvNr-story_pani_S3.mp3
kkvNr-story_pani	47.62	55.61	0	kkvNr-story_pani_S4.mp3
kkvNr-story_pani	55.61	67.77	0	kkvNr-story_pani_S5.mp3
kkvNr-story_pani	67.77	76.6	0	kkvNr-story_pani_S6.mp3
kkvNr-story_pani	76.6	81.35	0	kkvNr-story_pani_S7.mp3
kkvNr-story_pani	99.04	105.29	0	kkvNr-story_pani_S8.mp3
kkvNr-story_pani	105.29	114.72	0	kkvNr-story_pani_S9.mp3
kkvNr-story_pani	114.72	122.25	0	kkvNr-story_pani_S10.mp3
kkvNr-story_pani	122.25	135.03	0	kkvNr-story_pani_S11.mp3
kkvNr-story_pani	135.03	147.01	0	kkvNr-story_pani_S12.mp3
kkvNr-story_pani	147.01	158.04	0	kkvNr-story_pani_S13.mp3
kkvNr-story_pani	158.04	166.29	0	kkvNr-story_pani_S14.mp3
kkvNr-story_pani	166.29	174.26	0	kkvNr-story_pani_S15.mp3
kkvNr-story_pani	174.26	185.34	0	kkvNr-story_pani_S16.mp3
kkvNr-story_pani	185.34	198.41	0	kkvNr-story_pani_S17.mp3
kkvNr-story_pani	198.41	205.86	0	kkvNr-story_pani_S18.mp3
kkvNr-story_pani	205.86	222.23	0	kkvNr-story_pani_S19.mp3
kkvNr-story_pani	222.23	232.15	0	kkvNr-story_pani_S20.mp3
kkvNr-story_pani	232.15	246.68	0	kkvNr-story_pani_S21.mp3
kkvNr-story_pani	246.68	254.44	0	kkvNr-story_pani_S22.mp3
kkvNr-story_pani	254.44	269.74	0	kkvNr-story_pani_S23.mp3
kkvNr-story_pani	269.74	276.61	0	kkvNr-story_pani_S24.mp3
kkvNr-story_pani	276.61	278.14	0	kkvNr-story_pani_S25.mp3
kkvNr-story_pani	278.14	280.05	0	kkvNr-story_pani_S26.mp3
kkvNr-story_pani	280.05	281.98	0	kkvNr-story_pani_S27.mp3
kkvNr-story_pani	281.98	283.76	0	kkvNr-story_pani_S28.mp3
kkvNr-story_pani	283.76	285.25	0	kkvNr-story_pani_S29.mp3
kkvNr-story_pani	285.25	287.86	0	kkvNr-story_pani_S30.mp3
kkvNr-story_pani	300.55	325.3	0	kkvNr-story_pani_S32.mp3
kkvNr-story_pani	325.3	336.47	0	kkvNr-story_pani_S33.mp3
kkvNr-story_pani	336.47	346.21	0	kkvNr-story_pani_S34.mp3
kkvNr-story_pani	346.21	360.03	0	kkvNr-story_pani_S35.mp3
kkvNr-story_pani	360.03	367.38	0	kkvNr-story_pani_S36.mp3
kkvNr-story_pani	367.38	379.73	0	kkvNr-story_pani_S37.mp3
kkvNr-story_pani	379.73	383.87	0	kkvNr-story_pani_S38.mp3
kkvNr-story_pani	383.87	386.37	0	kkvNr-story_pani_S39.mp3
kkvNr-story_pani	386.37	392.78	0	kkvNr-story_pani_S40.mp3
kkvNr-story_pani	392.78	398.08	0	kkvNr-story_pani_S41.mp3
kkvNr-story_pani	398.08	400.13	0	kkvNr-story_pani_S42.mp3
kkvNr-story_pani	400.13	408.9	0	kkvNr-story_pani_S43.mp3
kkvNr-story_pani	408.9	410.59	0	kkvNr-story_pani_S44.mp3
kkvNr-story_pani	410.59	417.62	0	kkvNr-story_pani_S45.mp3
kkvNr-story_pani	417.62	422.92	0	kkvNr-story_pani_S46.mp3
kkvNr-story_pani	422.92	427.39	0	kkvNr-story_pani_S47.mp3
kkvNr-story_pani	427.39	434.33	0	kkvNr-story_pani_S48.mp3
kkvNr-story_pani	434.33	435.81	0	kkvNr-story_pani_S49.mp3
kkvNr-story_pani	435.81	447.16	0	kkvNr-story_pani_S50.mp3
kkvNr-story_pani	447.16	450.2	0	kkvNr-story_pani_S51.mp3
kkvNr-story_pani	450.2	457.05	0	kkvNr-story_pani_S52.mp3
kkvNr-story_pani	457.05	469.07	0	kkvNr-story_pani_S53.mp3
kkvNr-story_pani	469.07	479.05	0	kkvNr-story_pani_S54.mp3
kkvNr-story_pani	479.05	484.58	0	kkvNr-story_pani_S55.mp3
kkvNr-story_pani	484.58	494.51	0	kkvNr-story_pani_S56.mp3
kkvNr-story_pani	494.51	504.74	0	kkvNr-story_pani_S57.mp3
kkvNr-story_pani	504.74	514.92	0	kkvNr-story_pani_S58.mp3
kkvNr-story_pani	514.92	524.0	0	kkvNr-story_pani_S59.mp3
kkvNr-story_pani	524.0	528.88	0	kkvNr-story_pani_S60.mp3
kkvNr-story_pani	528.88	538.61	0	kkvNr-story_pani_S61.mp3
kkvNr-story_pani	538.61	548.79	0	kkvNr-story_pani_S62.mp3
kkvNr-story_pani	548.79	554.91	0	kkvNr-story_pani_S63.mp3
kkvNr-story_pani	554.91	575.6	0	kkvNr-story_pani_S64.mp3
kkvNr-story_pani	575.6	580.12	0	kkvNr-story_pani_S65.mp3
kkvNr-story_pani	580.12	589.47	0	kkvNr-story_pani_S66.mp3
kkvNr-story_pani	589.47	597.78	0	kkvNr-story_pani_S67.mp3
kkvNr-story_pani	597.78	607.67	0	kkvNr-story_pani_S68.mp3
kkvNr-story_pani	607.67	612.65	0	kkvNr-story_pani_S69.mp3
kkvNr_dailylife_Angai	0.0	0.79	0	kkvNr_dailylife_Angai_S0.mp3
kkvNr_dailylife_Angai	0.79	3.47	0	kkvNr_dailylife_Angai_S1.mp3
kkvNr_dailylife_Angai	3.47	5.4	0	kkvNr_dailylife_Angai_S2.mp3
kkvNr_dailylife_Angai	5.4	7.1	0	kkvNr_dailylife_Angai_S3.mp3
kkvNr_dailylife_Angai	7.1	12.76	0	kkvNr_dailylife_Angai_S4.mp3
kkvNr_dailylife_Angai	12.76	13.48	0	kkvNr_dailylife_Angai_S5.mp3
kkvNr_dailylife_Angai	13.48	19.18	0	kkvNr_dailylife_Angai_S6.mp3
kkvNr_dailylife_Angai	19.18	24.02	0	kkvNr_dailylife_Angai_S7.mp3
kkvNr_dailylife_Angai	24.02	26.76	0	kkvNr_dailylife_Angai_S8.mp3
kkvNr_dailylife_Angai	26.76	31.37	0	kkvNr_dailylife_Angai_S9.mp3
kkvNr_dailylife_Angai	31.37	35.7	0	kkvNr_dailylife_Angai_S10.mp3
kkvNr_dailylife_Angai	35.7	38.79	0	kkvNr_dailylife_Angai_S11.mp3
kkvNr_domestic_troubles_Muu	0.0	7.16	0	kkvNr_domestic_troubles_Muu_S0.mp3
kkvNr_domestic_troubles_Muu	7.16	16.29	0	kkvNr_domestic_troubles_Muu_S1.mp3
kkvNr_domestic_troubles_Muu	16.29	22.23	0	kkvNr_domestic_troubles_Muu_S2.mp3
kkvNr_domestic_troubles_Muu	22.23	29.99	0	kkvNr_domestic_troubles_Muu_S3.mp3
kkvNr_domestic_troubles_Muu	29.99	37.0	0	kkvNr_domestic_troubles_Muu_S4.mp3
kkvNr_domestic_troubles_Muu	37.0	44.36	0	kkvNr_domestic_troubles_Muu_S5.mp3
kkvNr_domestic_troubles_Muu	44.36	56.39	0	kkvNr_domestic_troubles_Muu_S6.mp3
kkvNr_domestic_troubles_Muu	56.39	59.35	0	kkvNr_domestic_troubles_Muu_S7.mp3
kkvNr_domestic_troubles_Muu	59.35	64.69	0	kkvNr_domestic_troubles_Muu_S8.mp3
kkvNr_domestic_troubles_Muu	64.69	69.31	0	kkvNr_domestic_troubles_Muu_S9.mp3
kkvNr_domestic_troubles_Muu	69.31	73.97	0	kkvNr_domestic_troubles_Muu_S10.mp3
kkvNr_domestic_troubles_Muu	73.97	80.84	0	kkvNr_domestic_troubles_Muu_S11.mp3
kkvNr_domestic_troubles_Muu	80.84	87.45	0	kkvNr_domestic_troubles_Muu_S12.mp3
kkvNr_domestic_troubles_Muu	87.45	94.8	0	kkvNr_domestic_troubles_Muu_S13.mp3
kkvNr_domestic_troubles_Muu	94.8	98.64	0	kkvNr_domestic_troubles_Muu_S14.mp3
kkvNr_domestic_troubles_Muu	98.64	109.02	0	kkvNr_domestic_troubles_Muu_S15.mp3
kkvNr_domestic_troubles_Muu	109.02	117.99	0	kkvNr_domestic_troubles_Muu_S16.mp3
kkvNr_domestic_troubles_Muu	117.99	121.29	0	kkvNr_domestic_troubles_Muu_S17.mp3
kkvNr_domestic_troubles_Muu	121.29	126.11	0	kkvNr_domestic_troubles_Muu_S18.mp3
kkvNr_domestic_troubles_Muu	126.11	137.92	0	kkvNr_domestic_troubles_Muu_S19.mp3
kkvNr_domestic_troubles_Muu	137.92	143.76	0	kkvNr_domestic_troubles_Muu_S20.mp3
kkvNr_domestic_troubles_Muu	143.76	147.73	0	kkvNr_domestic_troubles_Muu_S21.mp3
kkvNr_domestic_troubles_Muu	147.73	151.87	0	kkvNr_domestic_troubles_Muu_S22.mp3
kkvNr_domestic_troubles_Muu	151.87	158.09	0	kkvNr_domestic_troubles_Muu_S23.mp3
kkvNr_domestic_troubles_Muu	158.09	164.66	0	kkvNr_domestic_troubles_Muu_S24.mp3
kkvNr_domestic_troubles_Muu	164.66	168.76	0	kkvNr_domestic_troubles_Muu_S25.mp3
kkvNr_domestic_troubles_Muu	168.76	171.49	0	kkvNr_domestic_troubles_Muu_S26.mp3
kkvNr_domestic_troubles_Muu	171.49	180.44	0	kkvNr_domestic_troubles_Muu_S27.mp3
kkvNr_domestic_troubles_Muu	180.44	185.55	0	kkvNr_domestic_troubles_Muu_S28.mp3
kkvNr_domestic_troubles_Muu	185.55	189.96	0	kkvNr_domestic_troubles_Muu_S29.mp3
kkvNr_domestic_troubles_Muu	189.96	202.22	0	kkvNr_domestic_troubles_Muu_S30.mp3
kkvNr_domestic_troubles_Muu	202.22	203.26	0	kkvNr_domestic_troubles_Muu_S31.mp3
kkvNr_domestic_troubles_Muu	209.58	216.93	0	kkvNr_domestic_troubles_Muu_S32.mp3
kkvNr_domestic_troubles_Muu	216.93	228.11	0	kkvNr_domestic_troubles_Muu_S33.mp3
kkvNr_domestic_troubles_Muu	228.11	230.29	0	kkvNr_domestic_troubles_Muu_S34.mp3
kkvNr_domestic_troubles_Muu	230.29	235.99	0	kkvNr_domestic_troubles_Muu_S35.mp3
kkvNr_domestic_troubles_Muu	235.99	241.0	0	kkvNr_domestic_troubles_Muu_S36.mp3
kkvNr_domestic_troubles_Muu	241.0	242.54	0	kkvNr_domestic_troubles_Muu_S37.mp3
kkvNr_domestic_troubles_Muu	242.54	250.29	0	kkvNr_domestic_troubles_Muu_S38.mp3
kkvNr_domestic_troubles_Muu	250.29	253.01	0	kkvNr_domestic_troubles_Muu_S39.mp3
kkvNr_domestic_troubles_Muu	253.01	255.9	0	kkvNr_domestic_troubles_Muu_S40.mp3
kkvNr_domestic_troubles_Muu	255.9	258.41	0	kkvNr_domestic_troubles_Muu_S41.mp3
kkvNr_domestic_troubles_Muu	258.41	261.32	0	kkvNr_domestic_troubles_Muu_S42.mp3
kkvNr_domestic_troubles_Muu	261.32	264.77	0	kkvNr_domestic_troubles_Muu_S43.mp3
kkvNr_domestic_troubles_Muu	264.77	267.19	0	kkvNr_domestic_troubles_Muu_S44.mp3
kkvNr_domestic_troubles_Muu	267.19	274.25	0	kkvNr_domestic_troubles_Muu_S45.mp3
kkvNr_domestic_troubles_Muu	274.25	278.01	0	kkvNr_domestic_troubles_Muu_S46.mp3
kkvNr_domestic_troubles_Muu	278.01	283.45	0	kkvNr_domestic_troubles_Muu_S47.mp3
kkvNr_domestic_troubles_Muu	283.45	286.09	0	kkvNr_domestic_troubles_Muu_S48.mp3
kkvNr_domestic_troubles_Muu	286.09	300.3	0	kkvNr_domestic_troubles_Muu_S49.mp3
kkvNr_domestic_troubles_Muu	300.3	307.03	0	kkvNr_domestic_troubles_Muu_S50.mp3
kkvNr_domestic_troubles_Muu	307.03	310.5	0	kkvNr_domestic_troubles_Muu_S51.mp3
kkvNr_domestic_troubles_Muu	310.5	317.54	0	kkvNr_domestic_troubles_Muu_S52.mp3
kkvNr_domestic_troubles_Muu	317.54	325.41	0	kkvNr_domestic_troubles_Muu_S53.mp3
kkvNr_domestic_troubles_Muu	325.41	327.18	0	kkvNr_domestic_troubles_Muu_S54.mp3
kkvNr_domestic_troubles_Muu	327.18	333.14	0	kkvNr_domestic_troubles_Muu_S55.mp3
kkvNr_domestic_troubles_Muu	333.14	337.96	0	kkvNr_domestic_troubles_Muu_S56.mp3
kkvNr_domestic_troubles_Muu	337.96	340.02	0	kkvNr_domestic_troubles_Muu_S57.mp3
kkvNr_domestic_troubles_Muu	340.02	343.43	0	kkvNr_domestic_troubles_Muu_S58.mp3
kkvNr_domestic_troubles_Muu	343.43	347.28	0	kkvNr_domestic_troubles_Muu_S59.mp3
kkvNr_domestic_troubles_Muu	347.28	352.54	0	kkvNr_domestic_troubles_Muu_S60.mp3
kkvNr_domestic_troubles_Muu	352.54	354.76	0	kkvNr_domestic_troubles_Muu_S61.mp3
kkvNr_domestic_troubles_Muu	354.76	356.53	0	kkvNr_domestic_troubles_Muu_S62.mp3
kkvNr_domestic_troubles_Muu	356.53	361.13	0	kkvNr_domestic_troubles_Muu_S63.mp3
kkvNr_domestic_troubles_Muu	361.13	362.66	0	kkvNr_domestic_troubles_Muu_S64.mp3
kkvNr_domestic_troubles_Muu	362.66	370.42	0	kkvNr_domestic_troubles_Muu_S65.mp3
kkvNr_domestic_troubles_Muu	370.42	374.25	0	kkvNr_domestic_troubles_Muu_S66.mp3
kkvNr_domestic_troubles_Muu	374.25	377.87	0	kkvNr_domestic_troubles_Muu_S67.mp3
kkvNr_domestic_troubles_Muu	377.87	380.09	0	kkvNr_domestic_troubles_Muu_S68.mp3
kkvNr_domestic_troubles_Muu	380.09	381.29	0	kkvNr_domestic_troubles_Muu_S69.mp3
kkvNr_domestic_troubles_Muu	381.29	386.13	0	kkvNr_domestic_troubles_Muu_S70.mp3
kkvNr_domestic_troubles_Muu	386.13	391.59	0	kkvNr_domestic_troubles_Muu_S71.mp3
kkvNr_domestic_troubles_Muu	391.59	393.54	0	kkvNr_domestic_troubles_Muu_S72.mp3
kkvNr_domestic_troubles_Muu	393.54	396.48	0	kkvNr_domestic_troubles_Muu_S73.mp3
kkvNr_domestic_troubles_Muu	396.48	403.33	0	kkvNr_domestic_troubles_Muu_S74.mp3
kkvNr_domestic_troubles_Muu	403.33	407.04	0	kkvNr_domestic_troubles_Muu_S75.mp3
kkvNr_domestic_troubles_Muu	407.04	413.16	0	kkvNr_domestic_troubles_Muu_S76.mp3
kkvNr_domestic_troubles_Muu	413.16	418.68	0	kkvNr_domestic_troubles_Muu_S77.mp3
kkvNr_domestic_troubles_Muu	418.68	420.64	0	kkvNr_domestic_troubles_Muu_S78.mp3
kkvNr_domestic_troubles_Muu	420.64	423.26	0	kkvNr_domestic_troubles_Muu_S79.mp3
kkvNr_domestic_troubles_Muu	423.26	426.32	0	kkvNr_domestic_troubles_Muu_S80.mp3
kkvNr_domestic_troubles_Muu	426.32	430.37	0	kkvNr_domestic_troubles_Muu_S81.mp3
kkvNr_domestic_troubles_Muu	430.37	432.84	0	kkvNr_domestic_troubles_Muu_S82.mp3
kkvNr_domestic_troubles_Muu	432.84	438.27	0	kkvNr_domestic_troubles_Muu_S83.mp3
kkvNr_domestic_troubles_Muu	438.27	446.36	0	kkvNr_domestic_troubles_Muu_S84.mp3
kkvNr_domestic_troubles_Muu	446.36	449.49	0	kkvNr_domestic_troubles_Muu_S85.mp3
kkvNr_domestic_troubles_Muu	449.49	454.75	0	kkvNr_domestic_troubles_Muu_S86.mp3
kkvNr_family_Paicu	0.0	6.42	0	kkvNr_family_Paicu_S0.mp3
kkvNr_family_Paicu	6.42	24.15	0	kkvNr_family_Paicu_S1.mp3
kkvNr_family_Paicu	24.15	29.37	0	kkvNr_family_Paicu_S2.mp3
kkvNr_family_Paicu	29.37	44.1	0	kkvNr_family_Paicu_S3.mp3
kkvNr_family_Paicu	44.1	52.32	0	kkvNr_family_Paicu_S4.mp3
kkvNr_family_Paicu	52.32	66.43	0	kkvNr_family_Paicu_S5.mp3
kkvNr_family_Paicu	66.43	88.45	0	kkvNr_family_Paicu_S6.mp3
kkvNr_family_Paicu	88.45	122.55	0	kkvNr_family_Paicu_S7.mp3
kkvNr_family_Paicu	122.55	132.31	0	kkvNr_family_Paicu_S8.mp3
kkvNr_family_Paicu	132.31	152.55	0	kkvNr_family_Paicu_S9.mp3
kkvNr_family_Paicu	152.55	156.83	0	kkvNr_family_Paicu_S10.mp3
kkvNr_family_Paicu	156.83	183.12	0	kkvNr_family_Paicu_S11.mp3
kkvNr_family_Paicu	183.12	193.44	0	kkvNr_family_Paicu_S12.mp3
kkvNr_family_Paicu	193.44	204.9	0	kkvNr_family_Paicu_S13.mp3
kkvNr_family_Paicu	204.9	215.59	0	kkvNr_family_Paicu_S14.mp3
kkvNr_family_Paicu	215.59	221.06	0	kkvNr_family_Paicu_S15.mp3
kkvNr_family_Paicu	221.06	226.75	0	kkvNr_family_Paicu_S16.mp3
kkvNr_family_Paicu	226.75	235.84	0	kkvNr_family_Paicu_S17.mp3
kkvNr_family_Paicu	235.84	240.27	0	kkvNr_family_Paicu_S18.mp3
kkvNr_family_Paicu	240.27	254.94	0	kkvNr_family_Paicu_S19.mp3
kkvNr_family_Paicu	254.94	282.34	0	kkvNr_family_Paicu_S20.mp3
kkvNr_farming_Muu	0.0	5.65	0	kkvNr_farming_Muu_S0.mp3
kkvNr_farming_Muu	5.65	10.46	0	kkvNr_farming_Muu_S1.mp3
kkvNr_farming_Muu	10.46	26.75	0	kkvNr_farming_Muu_S2.mp3
kkvNr_farming_Muu	26.75	56.34	0	kkvNr_farming_Muu_S3.mp3
kkvNr_farming_Muu	56.34	67.68	0	kkvNr_farming_Muu_S4.mp3
kkvNr_farming_Muu	76.0	98.03	0	kkvNr_farming_Muu_S5.mp3
kkvNr_farming_Muu	98.03	129.25	0	kkvNr_farming_Muu_S6.mp3
kkvNr_farming_Muu	129.25	147.73	0	kkvNr_farming_Muu_S7.mp3
kkvNr_farming_Muu	147.73	159.31	0	kkvNr_farming_Muu_S8.mp3
kkvNr_farming_Muu	159.31	166.62	0	kkvNr_farming_Muu_S9.mp3
kkvNr_farming_Muu	166.62	170.2	0	kkvNr_farming_Muu_S10.mp3
kkvNr_farming_Muu	170.2	175.54	0	kkvNr_farming_Muu_S11.mp3
kkvNr_farming_Muu	175.54	194.93	0	kkvNr_farming_Muu_S12.mp3
kkvNr_farming_Muu	194.93	212.75	0	kkvNr_farming_Muu_S13.mp3
kkvNr_farming_Muu	212.75	224.37	0	kkvNr_farming_Muu_S14.mp3
kkvNr_farming_Muu	224.37	250.7	0	kkvNr_farming_Muu_S15.mp3
kkvNr_farming_Muu	250.7	266.24	0	kkvNr_farming_Muu_S16.mp3
kkvNr_farming_Muu	266.24	283.45	0	kkvNr_farming_Muu_S17.mp3
kkvNr_farming_Muu	283.45	297.91	0	kkvNr_farming_Muu_S18.mp3
kkvNr_farming_Muu	297.91	320.05	0	kkvNr_farming_Muu_S19.mp3
kkvNr_farming_Muu	320.05	334.49	0	kkvNr_farming_Muu_S20.mp3
kkvNr_farming_Muu	334.49	336.87	0	kkvNr_farming_Muu_S21.mp3
kkvNr_farming_Muu	336.87	354.59	0	kkvNr_farming_Muu_S22.mp3
kkvNr_farming_Muu	354.59	363.43	0	kkvNr_farming_Muu_S23.mp3
kkvNr_farming_Muu	363.43	382.07	0	kkvNr_farming_Muu_S24.mp3
kkvNr_farming_Muu	382.07	396.46	0	kkvNr_farming_Muu_S25.mp3
kkvNr_farming_Muu	396.46	406.52	0	kkvNr_farming_Muu_S26.mp3
kkvNr_farming_Muu	406.52	418.15	0	kkvNr_farming_Muu_S27.mp3
kkvNr_farming_Muu	418.15	429.83	0	kkvNr_farming_Muu_S28.mp3
kkvNr_farming_Muu	429.83	444.23	0	kkvNr_farming_Muu_S29.mp3
kkvNr_farming_Muu	444.23	477.77	0	kkvNr_farming_Muu_S30.mp3
kkvNr_farming_Muu	477.77	498.29	0	kkvNr_farming_Muu_S31.mp3
kkvNr_farming_Muu	498.29	506.09	0	kkvNr_farming_Muu_S32.mp3
kkvNr_farming_Muu	506.09	523.64	0	kkvNr_farming_Muu_S33.mp3
kkvNr_farming_Muu	523.64	527.93	0	kkvNr_farming_Muu_S34.mp3
kkvNr_farming_Muu	527.93	537.2	0	kkvNr_farming_Muu_S35.mp3
kkvNr_farming_Muu	537.2	547.98	0	kkvNr_farming_Muu_S36.mp3
kkvNr_farming_Muu	547.98	562.01	0	kkvNr_farming_Muu_S37.mp3
kkvNr_fishing_Pani	0.0	4.31	0	kkvNr_fishing_Pani_S0.mp3
kkvNr_fishing_Pani	4.31	14.18	0	kkvNr_fishing_Pani_S1.mp3
kkvNr_fishing_Pani	14.18	23.39	0	kkvNr_fishing_Pani_S2.mp3
kkvNr_fishing_Pani	23.39	49.04	0	kkvNr_fishing_Pani_S3.mp3
kkvNr_fishing_Pani	49.04	77.05	0	kkvNr_fishing_Pani_S4.mp3
kkvNr_fishing_Pani	77.05	85.04	0	kkvNr_fishing_Pani_S5.mp3
kkvNr_fishing_Pani	85.04	94.66	0	kkvNr_fishing_Pani_S6.mp3
kkvNr_fishing_Pani	94.66	101.26	0	kkvNr_fishing_Pani_S7.mp3
kkvNr_fishing_Pani	101.26	119.08	0	kkvNr_fishing_Pani_S8.mp3
kkvNr_fishing_Pani	119.08	131.15	0	kkvNr_fishing_Pani_S9.mp3
kkvNr_fishing_Pani	131.15	148.3	0	kkvNr_fishing_Pani_S10.mp3
kkvNr_fishing_Pani	148.3	162.81	0	kkvNr_fishing_Pani_S11.mp3
kkvNr_fishing_Pani	162.81	168.1	0	kkvNr_fishing_Pani_S12.mp3
kkvNr_fishing_Pani	168.1	171.89	0	kkvNr_fishing_Pani_S13.mp3
kkvNr_fishing_Pani	171.89	177.84	0	kkvNr_fishing_Pani_S14.mp3
kkvNr_fishing_Pani	197.32	214.16	0	kkvNr_fishing_Pani_S15.mp3
kkvNr_fishing_Pani	214.16	223.68	0	kkvNr_fishing_Pani_S16.mp3
kkvNr_fishing_Pani	223.68	237.5	0	kkvNr_fishing_Pani_S17.mp3
kkvNr_fishing_Pani	237.5	251.77	0	kkvNr_fishing_Pani_S18.mp3
kkvNr_fishing_Pani	251.77	260.96	0	kkvNr_fishing_Pani_S19.mp3
kkvNr_fishing_Pani	260.96	281.85	0	kkvNr_fishing_Pani_S20.mp3
kkvNr_fishing_Pani	281.85	294.57	0	kkvNr_fishing_Pani_S21.mp3
kkvNr_fishing_Pani	294.57	320.04	0	kkvNr_fishing_Pani_S22.mp3
kkvNr_fishing_Pani	320.04	334.29	0	kkvNr_fishing_Pani_S23.mp3
kkvNr_fishing_Pani	334.29	344.74	0	kkvNr_fishing_Pani_S24.mp3
kkvNr_fishing_Pani	344.74	357.35	0	kkvNr_fishing_Pani_S25.mp3
kkvNr_fishing_Pani	357.35	369.67	0	kkvNr_fishing_Pani_S26.mp3
kkvNr_fishing_Pani	369.67	380.07	0	kkvNr_fishing_Pani_S27.mp3
kkvNr_fishing_Pani	380.07	393.69	0	kkvNr_fishing_Pani_S28.mp3
kkvNr_fishing_Pani	393.69	408.58	0	kkvNr_fishing_Pani_S29.mp3
kkvNr_fishing_Pani	408.58	429.2	0	kkvNr_fishing_Pani_S30.mp3
kkvNr_fishing_Pani	429.2	438.36	0	kkvNr_fishing_Pani_S31.mp3
kkvNr_fishing_Pani	438.36	451.17	0	kkvNr_fishing_Pani_S32.mp3
kkvNr_fishing_Pani	451.17	482.48	0	kkvNr_fishing_Pani_S33.mp3
kkvNr_fishing_Pani	482.48	491.65	0	kkvNr_fishing_Pani_S34.mp3
kkvNr_fishing_Pani	491.65	504.89	0	kkvNr_fishing_Pani_S35.mp3
kkvNr_fishing_Pani	504.89	507.14	0	kkvNr_fishing_Pani_S36.mp3
kkvNr_fishing_Pani	507.14	513.87	0	kkvNr_fishing_Pani_S37.mp3
kkvNr_fishing_Pani	513.87	520.59	0	kkvNr_fishing_Pani_S38.mp3
kkvNr_fishing_Pani	520.59	537.85	0	kkvNr_fishing_Pani_S39.mp3
kkvNr_fishing_Pani	537.85	551.22	0	kkvNr_fishing_Pani_S40.mp3
kkvNr_fishing_Pani	551.22	567.75	0	kkvNr_fishing_Pani_S41.mp3
kkvNr_fishing_Pani	567.75	593.35	0	kkvNr_fishing_Pani_S42.mp3
kkvNr_fishing_Pani	593.35	602.83	0	kkvNr_fishing_Pani_S43.mp3
kkvNr_fishing_Pani	602.83	618.41	0	kkvNr_fishing_Pani_S44.mp3
kkvNr_fishing_Pani	618.41	634.26	0	kkvNr_fishing_Pani_S45.mp3
kkvNr_fishing_Pani	634.26	648.05	0	kkvNr_fishing_Pani_S46.mp3
kkvNr_fishing_Pani	648.05	671.83	0	kkvNr_fishing_Pani_S47.mp3
kkvNr_fishing_Pani	671.83	679.16	0	kkvNr_fishing_Pani_S48.mp3
kkvNr_frog_Uva	0.0	11.11	0	kkvNr_frog_Uva_S0.mp3
kkvNr_frog_Uva	11.11	13.88	0	kkvNr_frog_Uva_S1.mp3
kkvNr_frog_Uva	13.88	22.92	0	kkvNr_frog_Uva_S2.mp3
kkvNr_frog_Uva	22.92	29.83	0	kkvNr_frog_Uva_S3.mp3
kkvNr_frog_Uva	29.83	39.15	0	kkvNr_frog_Uva_S4.mp3
kkvNr_frog_Uva	39.15	42.73	0	kkvNr_frog_Uva_S5.mp3
kkvNr_frog_Uva	42.73	45.01	0	kkvNr_frog_Uva_S6.mp3
kkvNr_frog_Uva	45.01	51.68	0	kkvNr_frog_Uva_S7.mp3
kkvNr_frog_Uva	51.68	57.91	0	kkvNr_frog_Uva_S8.mp3
kkvNr_frog_Uva	57.91	62.66	0	kkvNr_frog_Uva_S9.mp3
kkvNr_frog_Uva	62.66	69.18	0	kkvNr_frog_Uva_S10.mp3
kkvNr_frog_Uva	69.18	75.1	0	kkvNr_frog_Uva_S11.mp3
kkvNr_frog_Uva	75.1	78.13	0	kkvNr_frog_Uva_S12.mp3
kkvNr_frog_Uva	78.13	80.11	0	kkvNr_frog_Uva_S13.mp3
kkvNr_frog_Uva	80.11	84.09	0	kkvNr_frog_Uva_S14.mp3
kkvNr_frog_Uva	84.09	87.79	0	kkvNr_frog_Uva_S15.mp3
kkvNr_frog_Uva	87.79	90.16	0	kkvNr_frog_Uva_S16.mp3
kkvNr_frog_Uva	90.16	95.26	0	kkvNr_frog_Uva_S17.mp3
kkvNr_frog_Uva	95.26	101.59	0	kkvNr_frog_Uva_S18.mp3
kkvNr_frog_Uva	101.59	104.88	0	kkvNr_frog_Uva_S19.mp3
kkvNr_frog_Uva	104.88	111.09	0	kkvNr_frog_Uva_S20.mp3
kkvNr_frog_Uva	111.09	122.59	0	kkvNr_frog_Uva_S21.mp3
kkvNr_frog_Uva	122.59	132.61	0	kkvNr_frog_Uva_S22.mp3
kkvNr_frog_Uva	132.61	144.65	0	kkvNr_frog_Uva_S23.mp3
kkvNr_frog_Uva	144.65	150.35	0	kkvNr_frog_Uva_S24.mp3
kkvNr_frog_Uva	150.35	155.43	0	kkvNr_frog_Uva_S25.mp3
kkvNr_frog_Uva	155.43	157.81	0	kkvNr_frog_Uva_S26.mp3
kkvNr_frog_Uva	157.81	161.98	0	kkvNr_frog_Uva_S27.mp3
kkvNr_frog_Uva	161.98	166.95	0	kkvNr_frog_Uva_S28.mp3
kkvNr_frog_Uva	166.95	173.31	0	kkvNr_frog_Uva_S29.mp3
kkvNr_frog_Uva	179.02	181.78	0	kkvNr_frog_Uva_S30.mp3
kkvNr_frog_Uva	181.78	188.7	0	kkvNr_frog_Uva_S31.mp3
kkvNr_frog_Uva	188.7	193.1	0	kkvNr_frog_Uva_S32.mp3
kkvNr_frog_Uva	193.1	197.77	0	kkvNr_frog_Uva_S33.mp3
kkvNr_frog_Uva	197.77	202.75	0	kkvNr_frog_Uva_S34.mp3
kkvNr_frog_Uva	202.75	214.48	0	kkvNr_frog_Uva_S35.mp3
kkvNr_frog_Uva	214.48	218.51	0	kkvNr_frog_Uva_S36.mp3
kkvNr_frog_Uva	218.51	223.49	0	kkvNr_frog_Uva_S37.mp3
kkvNr_frog_Uva	223.49	224.93	0	kkvNr_frog_Uva_S38.mp3
kkvNr_frog_Uva	224.93	231.28	0	kkvNr_frog_Uva_S39.mp3
kkvNr_frog_Uva	231.28	235.76	0	kkvNr_frog_Uva_S40.mp3
kkvNr_frog_Uva	235.76	240.12	0	kkvNr_frog_Uva_S41.mp3
kkvNr_frog_Uva	240.12	243.24	0	kkvNr_frog_Uva_S42.mp3
kkvNr_frog_Uva	243.24	245.77	0	kkvNr_frog_Uva_S43.mp3
kkvNr_frog_Uva	245.77	253.15	0	kkvNr_frog_Uva_S44.mp3
kkvNr_frog_Uva	253.15	258.96	0	kkvNr_frog_Uva_S45.mp3
kkvNr_frog_Uva	258.96	264.22	0	kkvNr_frog_Uva_S46.mp3
kkvNr_frog_Uva	270.19	272.26	0	kkvNr_frog_Uva_S47.mp3
kkvNr_frog_Uva	272.26	279.2	0	kkvNr_frog_Uva_S48.mp3
kkvNr_frog_Uva	279.2	282.28	0	kkvNr_frog_Uva_S49.mp3
kkvNr_frog_Uva	282.28	286.44	0	kkvNr_frog_Uva_S50.mp3
kkvNr_frog_Uva	286.44	292.22	0	kkvNr_frog_Uva_S51.mp3
kkvNr_frog_Uva	292.22	298.55	0	kkvNr_frog_Uva_S52.mp3
kkvNr_frog_Uva	298.55	304.57	0	kkvNr_frog_Uva_S53.mp3
kkvNr_frog_Uva	304.57	308.54	0	kkvNr_frog_Uva_S54.mp3
kkvNr_frog_Uva	308.54	314.5	0	kkvNr_frog_Uva_S55.mp3
kkvNr_frog_Uva	314.5	323.16	0	kkvNr_frog_Uva_S56.mp3
kkvNr_frog_Uva	323.16	328.1	0	kkvNr_frog_Uva_S57.mp3
kkvNr_frog_Uva	328.1	338.01	0	kkvNr_frog_Uva_S58.mp3
kkvNr_frog_Uva	338.01	343.55	0	kkvNr_frog_Uva_S59.mp3
kkvNr_frog_Uva	343.55	345.95	0	kkvNr_frog_Uva_S60.mp3
kkvNr_frog_Uva	345.95	348.95	0	kkvNr_frog_Uva_S61.mp3
kkvNr_frog_Uva	348.95	353.91	0	kkvNr_frog_Uva_S62.mp3
kkvNr_frog_Uva	353.91	357.77	0	kkvNr_frog_Uva_S63.mp3
kkvNr_frog_Uva	357.77	363.1	0	kkvNr_frog_Uva_S64.mp3
kkvNr_frog_Uva	363.1	367.24	0	kkvNr_frog_Uva_S65.mp3
kkvNr_frog_Uva	367.24	374.44	0	kkvNr_frog_Uva_S66.mp3
kkvNr_frog_Uva	374.44	383.07	0	kkvNr_frog_Uva_S67.mp3
kkvNr_frog_Uva	383.07	386.76	0	kkvNr_frog_Uva_S68.mp3
kkvNr_frog_Uva	386.76	393.74	0	kkvNr_frog_Uva_S69.mp3
kkvNr_frog_Uva	393.74	402.2	0	kkvNr_frog_Uva_S70.mp3
kkvNr_frog_Uva	402.2	405.48	0	kkvNr_frog_Uva_S71.mp3
kkvNr_frog_Uva	405.48	410.09	0	kkvNr_frog_Uva_S72.mp3
kkvNr_frog_Uva	410.09	417.78	0	kkvNr_frog_Uva_S74.mp3
kkvNr_frog_Uva	417.78	424.64	0	kkvNr_frog_Uva_S75.mp3
kkvNr_frog_Uva	424.64	430.47	0	kkvNr_frog_Uva_S76.mp3
kkvNr_frog_Uva	430.47	439.69	0	kkvNr_frog_Uva_S77.mp3
kkvNr_frog_Uva	439.69	447.22	0	kkvNr_frog_Uva_S78.mp3
kkvNr_frog_Uva	447.22	457.82	0	kkvNr_frog_Uva_S79.mp3
kkvNr_frog_Uva	457.82	466.45	0	kkvNr_frog_Uva_S80.mp3
kkvNr_hunting1_Muu	0.0	3.72	0	kkvNr_hunting1_Muu_S0.mp3
kkvNr_hunting1_Muu	3.72	15.72	0	kkvNr_hunting1_Muu_S1.mp3
kkvNr_hunting1_Muu	15.72	28.24	0	kkvNr_hunting1_Muu_S2.mp3
kkvNr_hunting1_Muu	28.24	44.51	0	kkvNr_hunting1_Muu_S3.mp3
kkvNr_hunting1_Muu	44.51	52.66	0	kkvNr_hunting1_Muu_S4.mp3
kkvNr_hunting1_Muu	52.66	58.48	0	kkvNr_hunting1_Muu_S5.mp3
kkvNr_hunting1_Muu	58.48	65.72	0	kkvNr_hunting1_Muu_S6.mp3
kkvNr_hunting1_Muu	65.72	69.26	0	kkvNr_hunting1_Muu_S7.mp3
kkvNr_hunting1_Muu	69.26	77.72	0	kkvNr_hunting1_Muu_S8.mp3
kkvNr_hunting1_Muu	77.72	91.05	0	kkvNr_hunting1_Muu_S9.mp3
kkvNr_hunting1_Muu	91.05	92.81	0	kkvNr_hunting1_Muu_S10.mp3
kkvNr_hunting1_Muu	92.81	110.29	0	kkvNr_hunting1_Muu_S11.mp3
kkvNr_hunting1_Muu	110.29	119.34	0	kkvNr_hunting1_Muu_S12.mp3
kkvNr_hunting1_Muu	119.34	128.9	0	kkvNr_hunting1_Muu_S13.mp3
kkvNr_hunting1_Muu	128.9	135.57	0	kkvNr_hunting1_Muu_S14.mp3
kkvNr_hunting1_Muu	135.57	145.88	0	kkvNr_hunting1_Muu_S15.mp3
kkvNr_hunting1_Muu	145.88	153.84	0	kkvNr_hunting1_Muu_S16.mp3
kkvNr_hunting1_Muu	153.84	162.11	0	kkvNr_hunting1_Muu_S17.mp3
kkvNr_hunting1_Muu	162.11	169.37	0	kkvNr_hunting1_Muu_S18.mp3
kkvNr_hunting1_Muu	169.37	197.69	0	kkvNr_hunting1_Muu_S19.mp3
kkvNr_hunting1_Muu	197.69	202.54	0	kkvNr_hunting1_Muu_S20.mp3
kkvNr_hunting1_Muu	202.54	204.67	0	kkvNr_hunting1_Muu_S21.mp3
kkvNr_hunting1_Muu	204.67	211.89	0	kkvNr_hunting1_Muu_S22.mp3
kkvNr_hunting1_Muu	211.89	225.65	0	kkvNr_hunting1_Muu_S23.mp3
kkvNr_hunting1_Muu	225.65	232.41	0	kkvNr_hunting1_Muu_S24.mp3
kkvNr_hunting1_Muu	232.41	246.48	0	kkvNr_hunting1_Muu_S25.mp3
kkvNr_hunting1_Muu	246.48	249.29	0	kkvNr_hunting1_Muu_S26.mp3
kkvNr_hunting1_Muu	249.29	253.54	0	kkvNr_hunting1_Muu_S27.mp3
kkvNr_hunting1_Muu	253.54	275.98	0	kkvNr_hunting1_Muu_S28.mp3
kkvNr_hunting1_Muu	275.98	290.72	0	kkvNr_hunting1_Muu_S29.mp3
kkvNr_hunting1_Muu	290.72	303.74	0	kkvNr_hunting1_Muu_S30.mp3
kkvNr_hunting1_Muu	303.74	315.75	0	kkvNr_hunting1_Muu_S31.mp3
kkvNr_hunting1_Muu	315.75	338.7	0	kkvNr_hunting1_Muu_S32.mp3
kkvNr_hunting1_Muu	338.7	346.87	0	kkvNr_hunting1_Muu_S33.mp3
kkvNr_hunting1_Muu	346.87	354.7	0	kkvNr_hunting1_Muu_S34.mp3
kkvNr_hunting1_Muu	354.7	362.26	0	kkvNr_hunting1_Muu_S35.mp3
kkvNr_hunting1_Muu	362.26	367.97	0	kkvNr_hunting1_Muu_S36.mp3
kkvNr_hunting1_Muu	367.97	387.04	0	kkvNr_hunting1_Muu_S37.mp3
kkvNr_hunting1_Muu	387.04	391.72	0	kkvNr_hunting1_Muu_S38.mp3
kkvNr_hunting1_Muu	391.72	413.23	0	kkvNr_hunting1_Muu_S39.mp3
kkvNr_hunting1_Muu	413.23	430.23	0	kkvNr_hunting1_Muu_S40.mp3
kkvNr_hunting1_Muu	430.23	441.78	0	kkvNr_hunting1_Muu_S41.mp3
kkvNr_hunting1_Muu	441.78	445.93	0	kkvNr_hunting1_Muu_S42.mp3
kkvNr_hunting1_Muu	445.93	452.98	0	kkvNr_hunting1_Muu_S43.mp3
kkvNr_hunting1_Muu	452.98	460.14	0	kkvNr_hunting1_Muu_S44.mp3
kkvNr_hunting1_Muu	460.14	466.91	0	kkvNr_hunting1_Muu_S45.mp3
kkvNr_hunting1_Muu	466.91	470.68	0	kkvNr_hunting1_Muu_S46.mp3
kkvNr_hunting1_Muu	470.68	473.39	0	kkvNr_hunting1_Muu_S47.mp3
kkvNr_hunting1_Muu	473.39	479.13	0	kkvNr_hunting1_Muu_S48.mp3
kkvNr_hunting1_Muu	479.13	481.7	0	kkvNr_hunting1_Muu_S49.mp3
kkvNr_hunting1_Muu	481.7	484.78	0	kkvNr_hunting1_Muu_S50.mp3
kkvNr_hunting1_Muu	484.78	492.8	0	kkvNr_hunting1_Muu_S51.mp3
kkvNr_hunting1_Muu	492.8	510.7	0	kkvNr_hunting1_Muu_S52.mp3
kkvNr_hunting1_Muu	510.7	518.83	0	kkvNr_hunting1_Muu_S53.mp3
kkvNr_hunting1_Muu	518.83	523.43	0	kkvNr_hunting1_Muu_S54.mp3
kkvNr_hunting1_Muu	523.43	531.03	0	kkvNr_hunting1_Muu_S55.mp3
kkvNr_hunting1_Muu	44.51	553.91	0	kkvNr_hunting1_Muu_S56.mp3
kkvNr_hunting1_Muu	553.91	562.68	0	kkvNr_hunting1_Muu_S57.mp3
kkvNr_hunting1_Muu	562.68	571.31	0	kkvNr_hunting1_Muu_S58.mp3
kkvNr_hunting1_Muu	571.31	577.58	0	kkvNr_hunting1_Muu_S59.mp3
kkvNr_hunting1_Muu	577.58	595.2	0	kkvNr_hunting1_Muu_S60.mp3
kkvNr_hunting1_Muu	595.2	601.52	0	kkvNr_hunting1_Muu_S61.mp3
kkvNr_hunting1_Muu	601.52	615.95	0	kkvNr_hunting1_Muu_S62.mp3
kkvNr_hunting1_Muu	615.95	619.26	0	kkvNr_hunting1_Muu_S63.mp3
kkvNr_hunting_taboos_Angai	0.0	5.4	0	kkvNr_hunting_taboos_Angai_S0.mp3
kkvNr_hunting_taboos_Angai	5.4	17.55	0	kkvNr_hunting_taboos_Angai_S1.mp3
kkvNr_hunting_taboos_Angai	17.55	25.94	0	kkvNr_hunting_taboos_Angai_S2.mp3
kkvNr_hunting_taboos_Angai	25.94	36.1	0	kkvNr_hunting_taboos_Angai_S3.mp3
kkvNr_hunting_taboos_Angai	36.1	47.75	0	kkvNr_hunting_taboos_Angai_S4.mp3
kkvNr_hunting_taboos_Angai	47.75	62.26	0	kkvNr_hunting_taboos_Angai_S5.mp3
kkvNr_hunting_taboos_Angai	62.26	69.28	0	kkvNr_hunting_taboos_Angai_S6.mp3
kkvNr_hunting_taboos_Angai	69.28	76.51	0	kkvNr_hunting_taboos_Angai_S7.mp3
kkvNr_hunting_taboos_Angai	76.51	89.66	0	kkvNr_hunting_taboos_Angai_S8.mp3
kkvNr_hunting_taboos_Angai	89.66	96.54	0	kkvNr_hunting_taboos_Angai_S9.mp3
kkvNr_hunting_taboos_Angai	96.54	107.4	0	kkvNr_hunting_taboos_Angai_S10.mp3
kkvNr_hunting_taboos_Angai	107.4	115.02	0	kkvNr_hunting_taboos_Angai_S11.mp3
kkvNr_hunting_taboos_Angai	115.02	133.62	0	kkvNr_hunting_taboos_Angai_S12.mp3
kkvNr_hunting_taboos_Angai	133.62	142.3	0	kkvNr_hunting_taboos_Angai_S13.mp3
kkvNr_hunting_taboos_Angai	142.3	145.93	0	kkvNr_hunting_taboos_Angai_S14.mp3
kkvNr_hunting_taboos_Angai	145.93	153.02	0	kkvNr_hunting_taboos_Angai_S15.mp3
kkvNr_hunting_taboos_Angai	153.02	157.07	0	kkvNr_hunting_taboos_Angai_S16.mp3
kkvNr_hunting_taboos_Angai	157.07	173.47	0	kkvNr_hunting_taboos_Angai_S17.mp3
kkvNr_hunting_taboos_Angai	173.47	194.19	0	kkvNr_hunting_taboos_Angai_S18.mp3
kkvNr_hunting_taboos_Angai	194.19	204.49	0	kkvNr_hunting_taboos_Angai_S19.mp3
kkvNr_hunting_taboos_Angai	204.49	219.16	0	kkvNr_hunting_taboos_Angai_S20.mp3
kkvNr_hunting_taboos_Angai	219.16	228.26	0	kkvNr_hunting_taboos_Angai_S21.mp3
kkvNr_life_Kuatu	0.0	5.32	0	kkvNr_life_Kuatu_S0.mp3
kkvNr_life_Kuatu	5.32	9.99	0	kkvNr_life_Kuatu_S1.mp3
kkvNr_life_Kuatu	9.99	18.68	0	kkvNr_life_Kuatu_S2.mp3
kkvNr_life_Kuatu	18.68	27.32	0	kkvNr_life_Kuatu_S3.mp3
kkvNr_life_Kuatu	27.32	33.28	0	kkvNr_life_Kuatu_S4.mp3
kkvNr_life_Kuatu	33.28	45.3	0	kkvNr_life_Kuatu_S5.mp3
kkvNr_life_Kuatu	45.3	49.17	0	kkvNr_life_Kuatu_S6.mp3
kkvNr_life_Kuatu	49.17	54.67	0	kkvNr_life_Kuatu_S7.mp3
kkvNr_life_Kuatu	54.67	60.38	0	kkvNr_life_Kuatu_S8.mp3
kkvNr_life_Kuatu	60.38	65.65	0	kkvNr_life_Kuatu_S9.mp3
kkvNr_life_Kuatu	65.65	73.48	0	kkvNr_life_Kuatu_S10.mp3
kkvNr_life_Kuatu	73.48	79.24	0	kkvNr_life_Kuatu_S11.mp3
kkvNr_life_Kuatu	79.24	83.77	0	kkvNr_life_Kuatu_S12.mp3
kkvNr_life_Kuatu	83.77	93.12	0	kkvNr_life_Kuatu_S13.mp3
kkvNr_life_Kuatu	93.12	110.52	0	kkvNr_life_Kuatu_S14.mp3
kkvNr_life_Kuatu	110.52	119.03	0	kkvNr_life_Kuatu_S15.mp3
kkvNr_life_Kuatu	119.03	126.92	0	kkvNr_life_Kuatu_S16.mp3
kkvNr_life_Kuatu	126.92	142.12	0	kkvNr_life_Kuatu_S17.mp3
kkvNr_life_Kuatu	142.12	152.45	0	kkvNr_life_Kuatu_S18.mp3
kkvNr_life_Kuatu	152.45	159.36	0	kkvNr_life_Kuatu_S19.mp3
kkvNr_life_Kuatu	159.36	171.29	0	kkvNr_life_Kuatu_S20.mp3
kkvNr_life_Kuatu	171.29	181.29	0	kkvNr_life_Kuatu_S21.mp3
kkvNr_life_Kuatu	181.29	184.79	0	kkvNr_life_Kuatu_S22.mp3
kkvNr_life_Kuatu	184.79	192.19	0	kkvNr_life_Kuatu_S23.mp3
kkvNr_life_Kuatu	192.19	198.44	0	kkvNr_life_Kuatu_S24.mp3
kkvNr_life_Kuatu	198.44	203.49	0	kkvNr_life_Kuatu_S25.mp3
kkvNr_life_Kuatu	203.49	224.45	0	kkvNr_life_Kuatu_S26.mp3
kkvNr_life_Kuatu	224.45	227.7	0	kkvNr_life_Kuatu_S27.mp3
kkvNr_life_Kuatu	227.7	257.25	0	kkvNr_life_Kuatu_S28.mp3
kkvNr_mikon_Kuatu	0.0	13.34	0	kkvNr_mikon_Kuatu_S0.mp3
kkvNr_mikon_Kuatu	13.34	25.36	0	kkvNr_mikon_Kuatu_S1.mp3
kkvNr_mikon_Kuatu	25.36	33.5	0	kkvNr_mikon_Kuatu_S2.mp3
kkvNr_mikon_Kuatu	33.5	45.39	0	kkvNr_mikon_Kuatu_S3.mp3
kkvNr_mikon_Kuatu	45.39	58.23	0	kkvNr_mikon_Kuatu_S4.mp3
kkvNr_mikon_Kuatu	58.23	69.56	0	kkvNr_mikon_Kuatu_S5.mp3
kkvNr_mikon_Kuatu	69.56	76.87	0	kkvNr_mikon_Kuatu_S6.mp3
kkvNr_mikon_Kuatu	76.87	100.64	0	kkvNr_mikon_Kuatu_S7.mp3
kkvNr_mikon_Kuatu	100.64	105.84	0	kkvNr_mikon_Kuatu_S8.mp3
kkvNr_mikon_Kuatu	105.84	122.27	0	kkvNr_mikon_Kuatu_S9.mp3
kkvNr_mikon_Kuatu	122.27	130.11	0	kkvNr_mikon_Kuatu_S10.mp3
kkvNr_millet_Muu	0.0	4.47	0	kkvNr_millet_Muu_S0.mp3
kkvNr_millet_Muu	4.47	6.96	0	kkvNr_millet_Muu_S1.mp3
kkvNr_millet_Muu	6.96	9.39	0	kkvNr_millet_Muu_S2.mp3
kkvNr_millet_Muu	9.39	14.74	0	kkvNr_millet_Muu_S3.mp3
kkvNr_millet_Muu	14.74	19.02	0	kkvNr_millet_Muu_S4.mp3
kkvNr_millet_Muu	19.02	23.0	0	kkvNr_millet_Muu_S5.mp3
kkvNr_millet_Muu	23.0	29.71	0	kkvNr_millet_Muu_S6.mp3
kkvNr_millet_Muu	29.71	39.46	0	kkvNr_millet_Muu_S7.mp3
kkvNr_millet_Muu	39.46	44.52	0	kkvNr_millet_Muu_S8.mp3
kkvNr_millet_Muu	44.52	47.37	0	kkvNr_millet_Muu_S9.mp3
kkvNr_millet_Muu	47.37	57.61	0	kkvNr_millet_Muu_S10.mp3
kkvNr_millet_Muu	57.61	61.5	0	kkvNr_millet_Muu_S11.mp3
kkvNr_millet_Muu	61.5	64.73	0	kkvNr_millet_Muu_S12.mp3
kkvNr_millet_Muu	64.73	68.36	0	kkvNr_millet_Muu_S13.mp3
kkvNr_millet_Muu	68.36	71.22	0	kkvNr_millet_Muu_S14.mp3
kkvNr_millet_Muu	71.22	77.49	0	kkvNr_millet_Muu_S15.mp3
kkvNr_millet_Muu	77.49	80.92	0	kkvNr_millet_Muu_S16.mp3
kkvNr_millet_Muu	80.92	85.03	0	kkvNr_millet_Muu_S17.mp3
kkvNr_millet_Muu	85.03	88.48	0	kkvNr_millet_Muu_S18.mp3
kkvNr_millet_Muu	88.48	97.81	0	kkvNr_millet_Muu_S19.mp3
kkvNr_millet_Muu	97.81	100.92	0	kkvNr_millet_Muu_S20.mp3
kkvNr_millet_Muu	100.92	106.2	0	kkvNr_millet_Muu_S21.mp3
kkvNr_millet_Muu	106.2	116.44	0	kkvNr_millet_Muu_S22.mp3
kkvNr_millet_Muu	116.44	126.95	0	kkvNr_millet_Muu_S23.mp3
kkvNr_millet_Muu	126.95	129.05	0	kkvNr_millet_Muu_S24.mp3
kkvNr_millet_Muu	129.05	131.52	0	kkvNr_millet_Muu_S25.mp3
kkvNr_millet_Muu	131.52	135.1	0	kkvNr_millet_Muu_S26.mp3
kkvNr_millet_Muu	135.1	139.97	0	kkvNr_millet_Muu_S27.mp3
kkvNr_millet_Muu	139.97	143.67	0	kkvNr_millet_Muu_S28.mp3
kkvNr_millet_Muu	143.67	146.67	0	kkvNr_millet_Muu_S29.mp3
kkvNr_millet_Muu	146.67	149.75	0	kkvNr_millet_Muu_S30.mp3
kkvNr_millet_Muu	149.75	152.82	0	kkvNr_millet_Muu_S31.mp3
kkvNr_millet_Muu	152.82	155.79	0	kkvNr_millet_Muu_S32.mp3
kkvNr_millet_Muu	155.79	157.88	0	kkvNr_millet_Muu_S33.mp3
kkvNr_millet_Muu	157.88	163.5	0	kkvNr_millet_Muu_S34.mp3
kkvNr_millet_Muu	163.5	165.65	0	kkvNr_millet_Muu_S35.mp3
kkvNr_millet_Muu	165.65	172.24	0	kkvNr_millet_Muu_S36.mp3
kkvNr_millet_Muu	172.24	176.62	0	kkvNr_millet_Muu_S37.mp3
kkvNr_millet_Muu	176.62	181.49	0	kkvNr_millet_Muu_S38.mp3
kkvNr_millet_Muu	181.49	183.03	0	kkvNr_millet_Muu_S39.mp3
kkvNr_millet_Muu	183.03	185.23	0	kkvNr_millet_Muu_S40.mp3
kkvNr_millet_Muu	185.23	187.5	0	kkvNr_millet_Muu_S41.mp3
kkvNr_millet_Muu	187.5	197.38	0	kkvNr_millet_Muu_S42.mp3
kkvNr_millet_Muu	197.38	200.44	0	kkvNr_millet_Muu_S43.mp3
kkvNr_millet_Muu	200.44	202.53	0	kkvNr_millet_Muu_S44.mp3
kkvNr_millet_Muu	202.53	203.89	0	kkvNr_millet_Muu_S45.mp3
kkvNr_millet_Muu	203.89	210.33	0	kkvNr_millet_Muu_S46.mp3
kkvNr_millet_Muu	210.33	218.58	0	kkvNr_millet_Muu_S47.mp3
kkvNr_millet_Muu	218.58	220.83	0	kkvNr_millet_Muu_S48.mp3
kkvNr_millet_Muu	220.83	223.79	0	kkvNr_millet_Muu_S49.mp3
kkvNr_millet_Muu	223.79	227.7	0	kkvNr_millet_Muu_S50.mp3
kkvNr_millet_Muu	227.7	233.66	0	kkvNr_millet_Muu_S51.mp3
kkvNr_millet_Muu	233.66	240.61	0	kkvNr_millet_Muu_S52.mp3
kkvNr_millet_Muu	240.61	242.45	0	kkvNr_millet_Muu_S53.mp3
kkvNr_millet_Muu	242.45	243.77	0	kkvNr_millet_Muu_S54.mp3
kkvNr_millet_Muu	243.77	245.72	0	kkvNr_millet_Muu_S55.mp3
kkvNr_millet_Muu	245.72	248.25	0	kkvNr_millet_Muu_S56.mp3
kkvNr_millet_Muu	248.25	249.73	0	kkvNr_millet_Muu_S57.mp3
kkvNr_millet_Muu	249.73	256.61	0	kkvNr_millet_Muu_S58.mp3
kkvNr_millet_Muu	256.61	261.08	0	kkvNr_millet_Muu_S59.mp3
kkvNr_millet_Muu	261.08	264.15	0	kkvNr_millet_Muu_S60.mp3
kkvNr_millet_Muu	264.15	268.4	0	kkvNr_millet_Muu_S61.mp3
kkvNr_millet_Muu	268.4	269.7	0	kkvNr_millet_Muu_S62.mp3
kkvNr_millet_Muu	269.7	275.05	0	kkvNr_millet_Muu_S63.mp3
kkvNr_millet_Muu	275.05	277.59	0	kkvNr_millet_Muu_S64.mp3
kkvNr_millet_Muu	277.59	279.81	0	kkvNr_millet_Muu_S65.mp3
kkvNr_millet_Muu	279.81	280.46	0	kkvNr_millet_Muu_S66.mp3
kkvNr_millet_Muu	281.53	284.4	0	kkvNr_millet_Muu_S67.mp3
kkvNr_millet_Muu	284.4	286.63	0	kkvNr_millet_Muu_S68.mp3
kkvNr_millet_Muu	286.63	288.77	0	kkvNr_millet_Muu_S69.mp3
kkvNr_millet_Muu	288.77	292.42	0	kkvNr_millet_Muu_S70.mp3
kkvNr_millet_Muu	292.42	295.18	0	kkvNr_millet_Muu_S71.mp3
kkvNr_millet_Muu	295.18	301.23	0	kkvNr_millet_Muu_S72.mp3
kkvNr_millet_Muu	301.23	310.83	0	kkvNr_millet_Muu_S73.mp3
kkvNr_millet_Muu	310.83	313.12	0	kkvNr_millet_Muu_S74.mp3
kkvNr_millet_Muu	313.12	316.2	0	kkvNr_millet_Muu_S75.mp3
kkvNr_millet_Muu	316.2	321.2	0	kkvNr_millet_Muu_S76.mp3
kkvNr_millet_Muu	321.2	322.88	0	kkvNr_millet_Muu_S77.mp3
kkvNr_millet_Muu	322.88	326.02	0	kkvNr_millet_Muu_S78.mp3
kkvNr_millet_Muu	326.02	327.55	0	kkvNr_millet_Muu_S79.mp3
kkvNr_millet_Muu	327.55	331.66	0	kkvNr_millet_Muu_S80.mp3
kkvNr_millet_Muu	331.66	334.62	0	kkvNr_millet_Muu_S81.mp3
kkvNr_millet_Muu	334.62	336.26	0	kkvNr_millet_Muu_S82.mp3
kkvNr_millet_Muu	336.26	338.82	0	kkvNr_millet_Muu_S83.mp3
kkvNr_millet_Muu	338.82	348.0	0	kkvNr_millet_Muu_S84.mp3
kkvNr_millet_Muu	348.0	350.77	0	kkvNr_millet_Muu_S85.mp3
kkvNr_millet_Muu	350.77	358.31	0	kkvNr_millet_Muu_S86.mp3
kkvNr_millet_Muu	358.31	373.84	0	kkvNr_millet_Muu_S87.mp3
kkvNr_millet_Muu	373.84	377.69	0	kkvNr_millet_Muu_S88.mp3
kkvNr_millet_Muu	377.69	382.42	0	kkvNr_millet_Muu_S89.mp3
kkvNr_millet_Muu	382.42	386.6	0	kkvNr_millet_Muu_S90.mp3
kkvNr_millet_Muu	386.6	389.47	0	kkvNr_millet_Muu_S91.mp3
kkvNr_millet_Muu	389.47	395.6	0	kkvNr_millet_Muu_S92.mp3
kkvNr_millet_Muu	395.6	398.8	0	kkvNr_millet_Muu_S93.mp3
kkvNr_millet_Muu	398.8	403.8	0	kkvNr_millet_Muu_S94.mp3
kkvNr_millet_Muu	403.8	406.06	0	kkvNr_millet_Muu_S95.mp3
kkvNr_sad_song_Muu	0.0	8.08	0	kkvNr_sad_song_Muu_S0.mp3
kkvNr_sad_song_Muu	8.08	23.74	0	kkvNr_sad_song_Muu_S1.mp3
kkvNr_sad_song_Muu	23.74	32.59	0	kkvNr_sad_song_Muu_S2.mp3
kkvNr_sad_song_Muu	32.59	39.94	0	kkvNr_sad_song_Muu_S3.mp3
kkvNr_sad_song_Muu	39.94	51.5	0	kkvNr_sad_song_Muu_S4.mp3
kkvNr_sad_song_Muu	51.5	67.15	0	kkvNr_sad_song_Muu_S5.mp3
kkvNr_sad_song_Muu	67.15	78.68	0	kkvNr_sad_song_Muu_S6.mp3
kkvNr_sad_song_Muu	78.68	90.2	0	kkvNr_sad_song_Muu_S7.mp3
kkvNr_sad_song_Muu	90.2	103.85	0	kkvNr_sad_song_Muu_S8.mp3
kkvNr_sad_song_Muu	103.85	106.14	0	kkvNr_sad_song_Muu_S9.mp3
kkvNr_sad_song_Muu	106.14	107.77	0	kkvNr_sad_song_Muu_S10.mp3
kkvNr_sad_song_Muu	107.77	110.28	0	kkvNr_sad_song_Muu_S11.mp3
kkvNr_sowing_Kuatu	0.0	4.81	0	kkvNr_sowing_Kuatu_S0.mp3
kkvNr_sowing_Kuatu	4.81	20.39	0	kkvNr_sowing_Kuatu_S1.mp3
kkvNr_sowing_Kuatu	20.39	30.09	0	kkvNr_sowing_Kuatu_S2.mp3
kkvNr_sowing_Kuatu	30.09	44.93	0	kkvNr_sowing_Kuatu_S3.mp3
kkvNr_sowing_Kuatu	44.93	63.3	0	kkvNr_sowing_Kuatu_S4.mp3
kkvNr_sowing_Kuatu	63.3	78.66	0	kkvNr_sowing_Kuatu_S5.mp3
kkvNr_sowing_Kuatu	78.66	92.15	0	kkvNr_sowing_Kuatu_S6.mp3
kkvNr_sowing_Kuatu	92.15	101.51	0	kkvNr_sowing_Kuatu_S7.mp3
kkvNr_sowing_Kuatu	101.51	107.47	0	kkvNr_sowing_Kuatu_S8.mp3
kkvNr_sowing_Kuatu	107.47	116.46	0	kkvNr_sowing_Kuatu_S9.mp3
kkvNr_sowing_Kuatu	116.46	123.97	0	kkvNr_sowing_Kuatu_S10.mp3
kkvNr_sowing_Kuatu	123.97	136.67	0	kkvNr_sowing_Kuatu_S11.mp3
kkvNr_sowing_Kuatu	136.67	148.64	0	kkvNr_sowing_Kuatu_S12.mp3
kkvNr_sowing_Kuatu	148.64	155.95	0	kkvNr_sowing_Kuatu_S13.mp3
kkvNr_sowing_Kuatu	155.95	163.68	0	kkvNr_sowing_Kuatu_S14.mp3
kkvNr_sowing_Kuatu	163.68	171.55	0	kkvNr_sowing_Kuatu_S15.mp3
kkvNr_sowing_Paicu	0.0	3.68	0	kkvNr_sowing_Paicu_S0.mp3
kkvNr_sowing_Paicu	3.68	9.98	0	kkvNr_sowing_Paicu_S1.mp3
kkvNr_sowing_Paicu	9.98	13.17	0	kkvNr_sowing_Paicu_S2.mp3
kkvNr_sowing_Paicu	13.17	18.66	0	kkvNr_sowing_Paicu_S3.mp3
kkvNr_sowing_Paicu	18.66	25.22	0	kkvNr_sowing_Paicu_S4.mp3
kkvNr_sowing_Paicu	25.22	27.84	0	kkvNr_sowing_Paicu_S5.mp3
kkvNr_sowing_Paicu	27.84	31.54	0	kkvNr_sowing_Paicu_S6.mp3
kkvNr_sowing_Paicu	31.54	38.41	0	kkvNr_sowing_Paicu_S7.mp3
kkvNr_sowing_Paicu	38.41	45.7	0	kkvNr_sowing_Paicu_S8.mp3
kkvNr_sowing_Paicu	45.7	66.08	0	kkvNr_sowing_Paicu_S9.mp3
kkvNr_sowing_Paicu	66.08	70.29	0	kkvNr_sowing_Paicu_S10.mp3
kkvNr_sowing_Paicu	70.29	73.98	0	kkvNr_sowing_Paicu_S11.mp3
kkvNr_sowing_Paicu	73.98	75.78	0	kkvNr_sowing_Paicu_S12.mp3
kkvNr_sowing_Paicu	75.78	82.26	0	kkvNr_sowing_Paicu_S13.mp3
kkvNr_sowing_Paicu	82.26	93.15	0	kkvNr_sowing_Paicu_S14.mp3
kkvNr_sowing_Paicu	93.15	98.64	0	kkvNr_sowing_Paicu_S15.mp3
kkvNr_sowing_Paicu	98.64	107.66	0	kkvNr_sowing_Paicu_S16.mp3
kkvNr_sowing_Paicu	107.66	112.17	0	kkvNr_sowing_Paicu_S17.mp3
kkvNr_sowing_Paicu	112.17	124.95	0	kkvNr_sowing_Paicu_S18.mp3
kkvNr_sowing_Paicu	124.95	133.37	0	kkvNr_sowing_Paicu_S19.mp3
kkvNr_sowing_Paicu	133.37	141.25	0	kkvNr_sowing_Paicu_S20.mp3
kkvNr_sowing_Paicu	141.25	147.86	0	kkvNr_sowing_Paicu_S21.mp3
kkvNr_sowing_Paicu	147.86	155.66	0	kkvNr_sowing_Paicu_S22.mp3
kkvNr_sowing_Paicu	155.66	163.76	0	kkvNr_sowing_Paicu_S23.mp3
kkvNr_sowing_Paicu	163.76	165.58	0	kkvNr_sowing_Paicu_S24.mp3
kkvNr_sowing_Paicu	165.58	177.31	0	kkvNr_sowing_Paicu_S25.mp3
kkvNr_sowing_Paicu	177.31	194.04	0	kkvNr_sowing_Paicu_S26.mp3
kkvNr_sowing_Paicu	194.04	202.04	0	kkvNr_sowing_Paicu_S27.mp3
kkvNr_sowing_Paicu	202.04	210.77	0	kkvNr_sowing_Paicu_S28.mp3
kkvNr_sowing_Paicu	210.77	222.07	0	kkvNr_sowing_Paicu_S29.mp3
kkvNr_sowing_Paicu	222.07	233.36	0	kkvNr_sowing_Paicu_S30.mp3
kkvNr_sowing_Paicu	233.36	240.62	0	kkvNr_sowing_Paicu_S31.mp3
kkvNr_sowing_Paicu	240.62	259.1	0	kkvNr_sowing_Paicu_S32.mp3
kkvNr_sowing_Paicu	259.1	267.48	0	kkvNr_sowing_Paicu_S33.mp3
kkvNr_sowing_Paicu	267.48	275.35	0	kkvNr_sowing_Paicu_S34.mp3
kkvNr_sowing_Paicu	275.35	279.35	0	kkvNr_sowing_Paicu_S35.mp3
kkvNr_sowing_Paicu	279.35	287.35	0	kkvNr_sowing_Paicu_S36.mp3
kkvNr_sowing_Paicu	287.35	299.91	0	kkvNr_sowing_Paicu_S37.mp3
kkvNr_sowing_Paicu	299.91	302.12	0	kkvNr_sowing_Paicu_S38.mp3
kkvNr_sowing_Paicu	302.12	306.91	0	kkvNr_sowing_Paicu_S39.mp3
kkvNr_sowing_Paicu	306.91	311.99	0	kkvNr_sowing_Paicu_S40.mp3
kkvNr_sowing_Paicu	311.99	324.12	0	kkvNr_sowing_Paicu_S41.mp3
kkvNr_sowing_Paicu	324.12	327.88	0	kkvNr_sowing_Paicu_S42.mp3
kkvNr_sowing_Paicu	327.88	329.03	0	kkvNr_sowing_Paicu_S43.mp3
kkvNr_sowing_Paicu	329.03	331.49	0	kkvNr_sowing_Paicu_S44.mp3
kkvNr_the man from china_Pani	0.0	8.91	0	kkvNr_the man from china_Pani_S0.mp3
kkvNr_the man from china_Pani	8.91	20.33	0	kkvNr_the man from china_Pani_S1.mp3
kkvNr_the man from china_Pani	20.33	31.37	0	kkvNr_the man from china_Pani_S2.mp3
kkvNr_the man from china_Pani	31.37	54.71	0	kkvNr_the man from china_Pani_S3.mp3
kkvNr_the man from china_Pani	54.71	72.71	0	kkvNr_the man from china_Pani_S4.mp3
kkvNr_the man from china_Pani	72.71	79.49	0	kkvNr_the man from china_Pani_S5.mp3
kkvNr_the man from china_Pani	79.49	94.83	0	kkvNr_the man from china_Pani_S6.mp3
kkvNr_the man from china_Pani	94.83	102.02	0	kkvNr_the man from china_Pani_S7.mp3
kkvNr_the man from china_Pani	118.54	136.64	0	kkvNr_the man from china_Pani_S9.mp3
kkvNr_the man from china_Pani	136.64	148.11	0	kkvNr_the man from china_Pani_S10.mp3
kkvNr_the man from china_Pani	148.11	153.0	0	kkvNr_the man from china_Pani_S11.mp3
kkvNr_the man from china_Pani	153.0	158.23	0	kkvNr_the man from china_Pani_S12.mp3
kkvNr_the man from china_Pani	158.23	166.51	0	kkvNr_the man from china_Pani_S13.mp3
kkvNr_the man from china_Pani	166.51	175.22	0	kkvNr_the man from china_Pani_S14.mp3
kkvNr_the man from china_Pani	175.22	190.27	0	kkvNr_the man from china_Pani_S15.mp3
kkvNr_the man from china_Pani	190.27	201.83	0	kkvNr_the man from china_Pani_S16.mp3
kkvNr_the man from china_Pani	201.83	216.09	0	kkvNr_the man from china_Pani_S17.mp3
kkvNr_the man from china_Pani	216.09	224.84	0	kkvNr_the man from china_Pani_S18.mp3
kkvNr_the man from china_Pani	224.84	244.66	0	kkvNr_the man from china_Pani_S19.mp3
kkvNr_the man from china_Pani	244.66	251.58	0	kkvNr_the man from china_Pani_S20.mp3
kkvNr_the man from china_Pani	251.58	257.97	0	kkvNr_the man from china_Pani_S21.mp3
kkvNr_the man from china_Pani	257.97	275.71	0	kkvNr_the man from china_Pani_S22.mp3
kkvNr_the man from china_Pani	275.71	287.77	0	kkvNr_the man from china_Pani_S23.mp3
kkvNr_the man from china_Pani	287.77	295.46	0	kkvNr_the man from china_Pani_S24.mp3
kkvNr_the man from china_Pani	295.46	304.72	0	kkvNr_the man from china_Pani_S25.mp3
kkvNr_the man from china_Pani	304.72	318.76	0	kkvNr_the man from china_Pani_S26.mp3
kkvNr_the man from china_Pani	318.76	335.51	0	kkvNr_the man from china_Pani_S27.mp3
kkvNr_the man from china_Pani	335.51	340.99	0	kkvNr_the man from china_Pani_S28.mp3
kkvNr_the man from china_Pani	340.99	347.62	0	kkvNr_the man from china_Pani_S29.mp3
kkvNr_the man from china_Pani	347.62	354.44	0	kkvNr_the man from china_Pani_S30.mp3
kkvNr_the man from china_Pani	354.44	362.08	0	kkvNr_the man from china_Pani_S31.mp3
kkvNr_the man from china_Pani	362.08	366.71	0	kkvNr_the man from china_Pani_S32.mp3
kkvNr_the man from china_Pani	366.71	382.29	0	kkvNr_the man from china_Pani_S33.mp3
kkvNr_the man from china_Pani	382.29	399.73	0	kkvNr_the man from china_Pani_S34.mp3
kkvNr_the man from china_Pani	399.73	415.56	0	kkvNr_the man from china_Pani_S35.mp3
kkvNr_the man from china_Pani	415.56	426.36	0	kkvNr_the man from china_Pani_S36.mp3
kkvNr_the man from china_Pani	426.36	431.88	0	kkvNr_the man from china_Pani_S37.mp3
kkvNr_the man from china_Pani	431.88	437.79	0	kkvNr_the man from china_Pani_S38.mp3
kkvNr_the man from china_Pani	437.79	454.17	0	kkvNr_the man from china_Pani_S39.mp3
kkvNr_the man from china_Pani	454.17	460.93	0	kkvNr_the man from china_Pani_S40.mp3
kkvNr_the man from china_Pani	460.93	469.39	0	kkvNr_the man from china_Pani_S41.mp3
kkvNr_the man from china_Pani	469.39	487.1	0	kkvNr_the man from china_Pani_S42.mp3
kkvNr_the man from china_Pani	487.1	501.04	0	kkvNr_the man from china_Pani_S43.mp3
kkvNr_the man from china_Pani	501.04	517.45	0	kkvNr_the man from china_Pani_S44.mp3
kkvNr_the man from china_Pani	517.45	533.97	0	kkvNr_the man from china_Pani_S45.mp3
kkvNr_the man from china_Pani	533.97	551.41	0	kkvNr_the man from china_Pani_S46.mp3
kkvNr_the man from china_Pani	551.41	555.61	0	kkvNr_the man from china_Pani_S47.mp3
kkvNr_the man from china_Pani	555.61	568.85	0	kkvNr_the man from china_Pani_S48.mp3
kkvNr_the man from china_Pani	568.85	588.54	0	kkvNr_the man from china_Pani_S49.mp3
kkvNr_the man from china_Pani	588.54	606.08	0	kkvNr_the man from china_Pani_S50.mp3
kkvNr_the man from china_Pani	606.08	619.96	0	kkvNr_the man from china_Pani_S51.mp3
kkvNr_the man from china_Pani	619.96	635.54	0	kkvNr_the man from china_Pani_S52.mp3
KacCon-Teaching Weaving_abas_ipay	0.0	7.8	0	KacCon-Teaching Weaving_abas_ipay_S0.mp3
KacCon-Teaching Weaving_abas_ipay	7.8	20.1	0	KacCon-Teaching Weaving_abas_ipay_S1.mp3
KacCon-Teaching Weaving_abas_ipay	20.1	27.63	0	KacCon-Teaching Weaving_abas_ipay_S2.mp3
KacCon-Teaching Weaving_abas_ipay	27.63	31.76	0	KacCon-Teaching Weaving_abas_ipay_S3.mp3
KacCon-Teaching Weaving_abas_ipay	31.76	40.98	0	KacCon-Teaching Weaving_abas_ipay_S4.mp3
KacCon-Teaching Weaving_abas_ipay	40.98	43.26	0	KacCon-Teaching Weaving_abas_ipay_S5.mp3
KacCon-Teaching Weaving_abas_ipay	43.26	48.02	0	KacCon-Teaching Weaving_abas_ipay_S6.mp3
KacCon-Teaching Weaving_abas_ipay	48.02	53.56	0	KacCon-Teaching Weaving_abas_ipay_S7.mp3
KacCon-Teaching Weaving_abas_ipay	53.56	62.46	0	KacCon-Teaching Weaving_abas_ipay_S8.mp3
KacCon-Teaching Weaving_abas_ipay	62.46	70.63	0	KacCon-Teaching Weaving_abas_ipay_S9.mp3
KacCon-Teaching Weaving_abas_ipay	70.63	75.85	0	KacCon-Teaching Weaving_abas_ipay_S10.mp3
KacCon-Teaching Weaving_abas_ipay	75.85	78.5	0	KacCon-Teaching Weaving_abas_ipay_S11.mp3
KacCon-Teaching Weaving_abas_ipay	78.5	81.08	0	KacCon-Teaching Weaving_abas_ipay_S12.mp3
KacCon-Teaching Weaving_abas_ipay	81.08	86.38	0	KacCon-Teaching Weaving_abas_ipay_S13.mp3
KacCon-Teaching Weaving_abas_ipay	86.38	93.87	0	KacCon-Teaching Weaving_abas_ipay_S14.mp3
KacCon-Teaching Weaving_abas_ipay	93.87	102.3	0	KacCon-Teaching Weaving_abas_ipay_S15.mp3
KacCon-Teaching Weaving_abas_ipay	102.3	113.58	0	KacCon-Teaching Weaving_abas_ipay_S16.mp3
KacCon-Teaching Weaving_abas_ipay	113.58	117.93	0	KacCon-Teaching Weaving_abas_ipay_S17.mp3
KacCon-Teaching Weaving_abas_ipay	117.93	119.93	0	KacCon-Teaching Weaving_abas_ipay_S18.mp3
KacCon-Teaching Weaving_abas_ipay	119.93	120.89	0	KacCon-Teaching Weaving_abas_ipay_S19.mp3
KacCon-Teaching Weaving_abas_ipay	120.89	124.81	0	KacCon-Teaching Weaving_abas_ipay_S20.mp3
KacCon-Teaching Weaving_abas_ipay	124.81	128.71	0	KacCon-Teaching Weaving_abas_ipay_S21.mp3
KacCon-Teaching Weaving_abas_ipay	128.71	135.31	0	KacCon-Teaching Weaving_abas_ipay_S22.mp3
KacCon-Teaching Weaving_abas_ipay	135.31	136.35	0	KacCon-Teaching Weaving_abas_ipay_S23.mp3
KacCon-Teaching Weaving_abas_ipay	136.35	141.8	0	KacCon-Teaching Weaving_abas_ipay_S24.mp3
KacCon-Teaching Weaving_abas_ipay	141.8	144.92	0	KacCon-Teaching Weaving_abas_ipay_S25.mp3
KacCon-Teaching Weaving_abas_ipay	144.92	148.41	0	KacCon-Teaching Weaving_abas_ipay_S26.mp3
KacCon-Teaching Weaving_abas_ipay	148.41	156.15	0	KacCon-Teaching Weaving_abas_ipay_S27.mp3
KacCon-Teaching Weaving_abas_ipay	156.15	159.86	0	KacCon-Teaching Weaving_abas_ipay_S28.mp3
KacCon-Teaching Weaving_abas_ipay	159.86	162.66	0	KacCon-Teaching Weaving_abas_ipay_S29.mp3
KacCon-Teaching Weaving_abas_ipay	162.66	170.12	0	KacCon-Teaching Weaving_abas_ipay_S30.mp3
KacCon-Teaching Weaving_abas_ipay	170.12	171.52	0	KacCon-Teaching Weaving_abas_ipay_S31.mp3
KacCon-Teaching Weaving_abas_ipay	171.52	184.47	0	KacCon-Teaching Weaving_abas_ipay_S32.mp3
KacCon-Teaching Weaving_abas_ipay	184.47	188.46	0	KacCon-Teaching Weaving_abas_ipay_S33.mp3
KacCon-Teaching Weaving_abas_ipay	188.46	190.76	0	KacCon-Teaching Weaving_abas_ipay_S34.mp3
KacCon-Teaching Weaving_abas_ipay	190.76	215.47	0	KacCon-Teaching Weaving_abas_ipay_S35.mp3
KacCon-Teaching Weaving_abas_ipay	215.47	218.63	0	KacCon-Teaching Weaving_abas_ipay_S36.mp3
KacCon-Teaching Weaving_abas_ipay	218.63	224.96	0	KacCon-Teaching Weaving_abas_ipay_S37.mp3
KacCon-Teaching Weaving_abas_ipay	224.96	234.87	0	KacCon-Teaching Weaving_abas_ipay_S38.mp3
KacCon-Teaching Weaving_abas_ipay	234.87	236.28	0	KacCon-Teaching Weaving_abas_ipay_S39.mp3
KacCon-Teaching Weaving_abas_ipay	236.28	239.75	0	KacCon-Teaching Weaving_abas_ipay_S40.mp3
KacCon-Teaching Weaving_abas_ipay	239.75	244.92	0	KacCon-Teaching Weaving_abas_ipay_S41.mp3
KacCon-Teaching Weaving_abas_ipay	244.92	252.56	0	KacCon-Teaching Weaving_abas_ipay_S42.mp3
KacCon-Teaching Weaving_abas_ipay	252.56	255.33	0	KacCon-Teaching Weaving_abas_ipay_S43.mp3
KacCon-Teaching Weaving_abas_ipay	255.33	262.93	0	KacCon-Teaching Weaving_abas_ipay_S44.mp3
KacCon-Teaching Weaving_abas_ipay	262.93	269.62	0	KacCon-Teaching Weaving_abas_ipay_S45.mp3
KacCon-Teaching Weaving_abas_ipay	269.62	272.29	0	KacCon-Teaching Weaving_abas_ipay_S46.mp3
KacCon-Teaching Weaving_abas_ipay	272.29	277.19	0	KacCon-Teaching Weaving_abas_ipay_S47.mp3
KacCon-Teaching Weaving_abas_ipay	277.19	283.56	0	KacCon-Teaching Weaving_abas_ipay_S48.mp3
KacCon-Teaching Weaving_abas_ipay	283.56	284.59	0	KacCon-Teaching Weaving_abas_ipay_S49.mp3
KacCon-Teaching Weaving_abas_ipay	284.59	286.29	0	KacCon-Teaching Weaving_abas_ipay_S50.mp3
KacCon-Teaching Weaving_abas_ipay	286.29	290.34	0	KacCon-Teaching Weaving_abas_ipay_S51.mp3
KacCon-Teaching Weaving_abas_ipay	290.34	293.6	0	KacCon-Teaching Weaving_abas_ipay_S52.mp3
KavCon-angry_pilaw_abas	0.0	3.48	0	KavCon-angry_pilaw_abas_S0.mp3
KavCon-angry_pilaw_abas	3.48	10.27	0	KavCon-angry_pilaw_abas_S1.mp3
KavCon-angry_pilaw_abas	10.27	14.29	0	KavCon-angry_pilaw_abas_S2.mp3
KavCon-angry_pilaw_abas	14.29	21.4	0	KavCon-angry_pilaw_abas_S3.mp3
KavCon-angry_pilaw_abas	21.4	31.22	0	KavCon-angry_pilaw_abas_S4.mp3
KavCon-angry_pilaw_abas	31.22	33.34	0	KavCon-angry_pilaw_abas_S5.mp3
KavCon-angry_pilaw_abas	33.34	36.71	0	KavCon-angry_pilaw_abas_S6.mp3
KavCon-angry_pilaw_abas	36.71	42.39	0	KavCon-angry_pilaw_abas_S7.mp3
KavCon-angry_pilaw_abas	42.39	47.15	0	KavCon-angry_pilaw_abas_S8.mp3
KavCon-angry_pilaw_abas	47.15	50.78	0	KavCon-angry_pilaw_abas_S9.mp3
KavCon-angry_pilaw_abas	50.78	53.09	0	KavCon-angry_pilaw_abas_S10.mp3
KavCon-angry_pilaw_abas	53.09	56.45	0	KavCon-angry_pilaw_abas_S11.mp3
KavCon-angry_pilaw_abas	56.45	58.67	0	KavCon-angry_pilaw_abas_S12.mp3
KavCon-angry_pilaw_abas	58.67	64.68	0	KavCon-angry_pilaw_abas_S13.mp3
KavCon-angry_pilaw_abas	64.68	68.33	0	KavCon-angry_pilaw_abas_S14.mp3
KavCon-angry_pilaw_abas	68.33	70.92	0	KavCon-angry_pilaw_abas_S15.mp3
KavCon-angry_pilaw_abas	70.92	72.58	0	KavCon-angry_pilaw_abas_S16.mp3
KavCon-angry_pilaw_abas	72.58	76.09	0	KavCon-angry_pilaw_abas_S17.mp3
KavCon-angry_pilaw_abas	76.09	78.13	0	KavCon-angry_pilaw_abas_S18.mp3
KavCon-angry_pilaw_abas	78.13	82.13	0	KavCon-angry_pilaw_abas_S19.mp3
KavCon-angry_pilaw_abas	82.13	83.93	0	KavCon-angry_pilaw_abas_S20.mp3
KavCon-angry_pilaw_abas	83.93	93.22	0	KavCon-angry_pilaw_abas_S21.mp3
KavCon-angry_pilaw_abas	93.22	95.91	0	KavCon-angry_pilaw_abas_S22.mp3
KavCon-angry_pilaw_abas	95.91	97.05	0	KavCon-angry_pilaw_abas_S23.mp3
KavCon-angry_pilaw_abas	97.05	99.1	0	KavCon-angry_pilaw_abas_S24.mp3
KavCon-angry_pilaw_abas	99.1	100.51	0	KavCon-angry_pilaw_abas_S25.mp3
KavCon-angry_pilaw_abas	100.51	109.82	0	KavCon-angry_pilaw_abas_S26.mp3
KavCon-angry_pilaw_abas	109.82	112.95	0	KavCon-angry_pilaw_abas_S27.mp3
KavCon-angry_pilaw_abas	112.95	114.15	0	KavCon-angry_pilaw_abas_S28.mp3
KavCon-angry_pilaw_abas	114.15	115.73	0	KavCon-angry_pilaw_abas_S29.mp3
KavCon-angry_pilaw_abas	115.73	119.92	0	KavCon-angry_pilaw_abas_S30.mp3
KavCon-angry_pilaw_abas	119.92	123.57	0	KavCon-angry_pilaw_abas_S31.mp3
KavCon-angry_pilaw_abas	123.57	128.23	0	KavCon-angry_pilaw_abas_S32.mp3
KavCon-angry_pilaw_abas	128.23	131.37	0	KavCon-angry_pilaw_abas_S33.mp3
KavCon-angry_pilaw_abas	131.37	135.05	0	KavCon-angry_pilaw_abas_S34.mp3
KavCon-angry_pilaw_abas	135.05	137.83	0	KavCon-angry_pilaw_abas_S35.mp3
KavCon-angry_pilaw_abas	137.83	144.48	0	KavCon-angry_pilaw_abas_S36.mp3
KavCon-angry_pilaw_abas	144.48	154.66	0	KavCon-angry_pilaw_abas_S37.mp3
KavCon-angry_pilaw_abas	154.66	158.27	0	KavCon-angry_pilaw_abas_S38.mp3
KavCon-angry_pilaw_abas	158.27	162.52	0	KavCon-angry_pilaw_abas_S39.mp3
KavCon-angry_pilaw_abas	162.52	165.97	0	KavCon-angry_pilaw_abas_S40.mp3
KavCon-angry_pilaw_abas	165.97	169.13	0	KavCon-angry_pilaw_abas_S41.mp3
KavCon-angry_pilaw_abas	169.13	174.93	0	KavCon-angry_pilaw_abas_S42.mp3
KavCon-angry_pilaw_abas	174.93	177.42	0	KavCon-angry_pilaw_abas_S43.mp3
KavCon-angry_pilaw_abas	177.42	181.92	0	KavCon-angry_pilaw_abas_S44.mp3
KavCon-angry_pilaw_abas	181.92	187.52	0	KavCon-angry_pilaw_abas_S45.mp3
KavCon-angry_pilaw_abas	187.52	192.78	0	KavCon-angry_pilaw_abas_S46.mp3
KavCon-angry_pilaw_abas	192.78	193.98	0	KavCon-angry_pilaw_abas_S47.mp3
KavCon-angry_pilaw_abas	193.98	195.29	0	KavCon-angry_pilaw_abas_S48.mp3
KavCon-angry_pilaw_abas	195.29	198.15	0	KavCon-angry_pilaw_abas_S49.mp3
KavCon-angry_pilaw_abas	198.15	199.06	0	KavCon-angry_pilaw_abas_S50.mp3
KavCon-angry_pilaw_abas	199.06	199.17	0	KavCon-angry_pilaw_abas_S51.mp3
KavCon-angry_pilaw_abas	199.17	204.26	0	KavCon-angry_pilaw_abas_S52.mp3
KavCon-angry_pilaw_abas	204.26	205.82	0	KavCon-angry_pilaw_abas_S53.mp3
KavCon-angry_pilaw_abas	205.82	209.88	0	KavCon-angry_pilaw_abas_S54.mp3
KavCon-angry_pilaw_abas	209.88	211.89	0	KavCon-angry_pilaw_abas_S55.mp3
KavCon-angry_pilaw_abas	211.89	212.82	0	KavCon-angry_pilaw_abas_S56.mp3
KavCon-angry_pilaw_abas	212.82	225.37	0	KavCon-angry_pilaw_abas_S57.mp3
KavCon-angry_pilaw_abas	225.37	228.03	0	KavCon-angry_pilaw_abas_S58.mp3
KavCon-angry_pilaw_abas	228.03	234.53	0	KavCon-angry_pilaw_abas_S59.mp3
KavCon-angry_pilaw_abas	234.53	235.96	0	KavCon-angry_pilaw_abas_S60.mp3
KavCon-angry_pilaw_abas	235.96	236.86	0	KavCon-angry_pilaw_abas_S61.mp3
KavCon-angry_pilaw_abas	236.86	240.28	0	KavCon-angry_pilaw_abas_S62.mp3
KavCon-angry_pilaw_abas	240.28	245.22	0	KavCon-angry_pilaw_abas_S63.mp3
KavCon-angry_pilaw_abas	245.22	246.78	0	KavCon-angry_pilaw_abas_S64.mp3
KavCon-angry_pilaw_abas	246.78	254.54	0	KavCon-angry_pilaw_abas_S65.mp3
KavCon-angry_pilaw_abas	254.54	258.0	0	KavCon-angry_pilaw_abas_S66.mp3
KavCon-angry_pilaw_abas	258.0	261.17	0	KavCon-angry_pilaw_abas_S67.mp3
KavCon-angry_pilaw_abas	261.17	263.99	0	KavCon-angry_pilaw_abas_S68.mp3
KavCon-angry_pilaw_abas	263.99	268.78	0	KavCon-angry_pilaw_abas_S69.mp3
KavCon-angry_pilaw_abas	268.78	272.81	0	KavCon-angry_pilaw_abas_S70.mp3
KavCon-angry_pilaw_abas	272.81	275.41	0	KavCon-angry_pilaw_abas_S71.mp3
KavCon-angry_pilaw_abas	275.41	276.92	0	KavCon-angry_pilaw_abas_S72.mp3
KavCon-angry_pilaw_abas	276.92	279.88	0	KavCon-angry_pilaw_abas_S73.mp3
KavCon-angry_pilaw_abas	279.88	281.06	0	KavCon-angry_pilaw_abas_S74.mp3
KavCon-angry_pilaw_abas	281.06	285.03	0	KavCon-angry_pilaw_abas_S75.mp3
KavCon-angry_pilaw_abas	285.03	286.55	0	KavCon-angry_pilaw_abas_S76.mp3
KavCon-angry_pilaw_abas	286.55	290.06	0	KavCon-angry_pilaw_abas_S77.mp3
KavCon-angry_pilaw_abas	290.06	292.4	0	KavCon-angry_pilaw_abas_S78.mp3
KavCon-angry_pilaw_abas	292.4	294.43	0	KavCon-angry_pilaw_abas_S79.mp3
KavCon-angry_pilaw_abas	294.43	296.71	0	KavCon-angry_pilaw_abas_S80.mp3
KavCon-angry_pilaw_abas	296.71	299.88	0	KavCon-angry_pilaw_abas_S81.mp3
KavCon-angry_pilaw_abas	299.88	301.4	0	KavCon-angry_pilaw_abas_S82.mp3
KavCon-angry_pilaw_abas	301.4	304.38	0	KavCon-angry_pilaw_abas_S83.mp3
KavCon-angry_pilaw_abas	304.38	307.06	0	KavCon-angry_pilaw_abas_S84.mp3
KavCon-angry_pilaw_abas	307.06	308.91	0	KavCon-angry_pilaw_abas_S85.mp3
KavCon-angry_pilaw_abas	308.91	310.77	0	KavCon-angry_pilaw_abas_S86.mp3
KavCon-angry_pilaw_abas	310.77	313.81	0	KavCon-angry_pilaw_abas_S87.mp3
KavCon-angry_pilaw_abas	313.81	316.0	0	KavCon-angry_pilaw_abas_S88.mp3
KavCon-angry_pilaw_abas	316.0	316.61	0	KavCon-angry_pilaw_abas_S89.mp3
KavCon-angry_pilaw_abas	316.61	319.95	0	KavCon-angry_pilaw_abas_S90.mp3
KavCon-angry_pilaw_abas	319.95	322.06	0	KavCon-angry_pilaw_abas_S91.mp3
KavCon-angry_pilaw_abas	322.06	327.79	0	KavCon-angry_pilaw_abas_S92.mp3
KavCon-angry_pilaw_abas	327.79	328.86	0	KavCon-angry_pilaw_abas_S93.mp3
KavCon-angry_pilaw_abas	328.86	331.52	0	KavCon-angry_pilaw_abas_S94.mp3
KavCon-angry_pilaw_abas	331.52	333.13	0	KavCon-angry_pilaw_abas_S95.mp3
KavCon-angry_pilaw_abas	333.13	335.12	0	KavCon-angry_pilaw_abas_S96.mp3
KavCon-angry_pilaw_abas	335.12	336.61	0	KavCon-angry_pilaw_abas_S97.mp3
KavCon-angry_pilaw_abas	336.61	340.87	0	KavCon-angry_pilaw_abas_S98.mp3
KavCon-angry_pilaw_abas	340.87	343.03	0	KavCon-angry_pilaw_abas_S99.mp3
KavCon-angry_pilaw_abas	343.03	343.91	0	KavCon-angry_pilaw_abas_S100.mp3
KavCon-angry_pilaw_abas	343.91	346.85	0	KavCon-angry_pilaw_abas_S101.mp3
KavCon-angry_pilaw_abas	346.85	348.75	0	KavCon-angry_pilaw_abas_S102.mp3
KavCon-angry_pilaw_abas	348.75	350.49	0	KavCon-angry_pilaw_abas_S103.mp3
KavCon-angry_pilaw_abas	350.49	351.89	0	KavCon-angry_pilaw_abas_S104.mp3
KavCon-angry_pilaw_abas	351.89	357.93	0	KavCon-angry_pilaw_abas_S105.mp3
KavCon-angry_pilaw_abas	357.93	360.26	0	KavCon-angry_pilaw_abas_S106.mp3
KavCon-angry_pilaw_abas	360.26	364.49	0	KavCon-angry_pilaw_abas_S107.mp3
KavCon-angry_pilaw_abas	364.49	369.07	0	KavCon-angry_pilaw_abas_S108.mp3
KavCon-angry_pilaw_abas	369.07	373.69	0	KavCon-angry_pilaw_abas_S109.mp3
KavCon-angry_pilaw_abas	373.69	377.77	0	KavCon-angry_pilaw_abas_S110.mp3
KavCon-banana trees_abas_ipay2	0.0	9.1	0	KavCon-banana trees_abas_ipay2_S0.mp3
KavCon-banana trees_abas_ipay2	9.1	10.41	0	KavCon-banana trees_abas_ipay2_S1.mp3
KavCon-banana trees_abas_ipay2	10.41	14.18	0	KavCon-banana trees_abas_ipay2_S2.mp3
KavCon-banana trees_abas_ipay2	14.18	16.16	0	KavCon-banana trees_abas_ipay2_S3.mp3
KavCon-banana trees_abas_ipay2	16.16	16.19	0	KavCon-banana trees_abas_ipay2_S4.mp3
KavCon-banana trees_abas_ipay2	16.19	20.21	0	KavCon-banana trees_abas_ipay2_S5.mp3
KavCon-banana trees_abas_ipay2	20.21	21.78	0	KavCon-banana trees_abas_ipay2_S6.mp3
KavCon-banana trees_abas_ipay2	21.78	23.45	0	KavCon-banana trees_abas_ipay2_S7.mp3
KavCon-banana trees_abas_ipay2	23.45	24.11	0	KavCon-banana trees_abas_ipay2_S8.mp3
KavCon-banana trees_abas_ipay2	24.11	25.15	0	KavCon-banana trees_abas_ipay2_S9.mp3
KavCon-banana trees_abas_ipay2	25.15	28.02	0	KavCon-banana trees_abas_ipay2_S10.mp3
KavCon-banana trees_abas_ipay2	28.02	29.97	0	KavCon-banana trees_abas_ipay2_S11.mp3
KavCon-banana trees_abas_ipay2	29.97	30.5	0	KavCon-banana trees_abas_ipay2_S12.mp3
KavCon-banana trees_abas_ipay2	30.5	37.64	0	KavCon-banana trees_abas_ipay2_S13.mp3
KavCon-banana trees_abas_ipay2	37.64	39.13	0	KavCon-banana trees_abas_ipay2_S14.mp3
KavCon-banana trees_abas_ipay2	39.13	42.69	0	KavCon-banana trees_abas_ipay2_S15.mp3
KavCon-banana trees_abas_ipay2	42.69	44.32	0	KavCon-banana trees_abas_ipay2_S16.mp3
KavCon-banana trees_abas_ipay2	44.32	46.69	0	KavCon-banana trees_abas_ipay2_S17.mp3
KavCon-banana trees_abas_ipay2	46.69	47.41	0	KavCon-banana trees_abas_ipay2_S18.mp3
KavCon-banana trees_abas_ipay2	47.41	53.13	0	KavCon-banana trees_abas_ipay2_S19.mp3
KavCon-banana trees_abas_ipay2	53.13	56.6	0	KavCon-banana trees_abas_ipay2_S20.mp3
KavCon-banana trees_abas_ipay2	56.6	58.96	0	KavCon-banana trees_abas_ipay2_S21.mp3
KavCon-banana trees_abas_ipay2	58.96	59.36	0	KavCon-banana trees_abas_ipay2_S22.mp3
KavCon-earthquake_abas_haciang	0.0	3.04	0	KavCon-earthquake_abas_haciang_S0.mp3
KavCon-earthquake_abas_haciang	3.04	3.54	0	KavCon-earthquake_abas_haciang_S1.mp3
KavCon-earthquake_abas_haciang	3.54	5.15	0	KavCon-earthquake_abas_haciang_S2.mp3
KavCon-earthquake_abas_haciang	5.15	8.98	0	KavCon-earthquake_abas_haciang_S3.mp3
KavCon-earthquake_abas_haciang	8.98	15.41	0	KavCon-earthquake_abas_haciang_S4.mp3
KavCon-earthquake_abas_haciang	15.41	20.28	0	KavCon-earthquake_abas_haciang_S5.mp3
KavCon-earthquake_abas_haciang	20.28	24.75	0	KavCon-earthquake_abas_haciang_S6.mp3
KavCon-earthquake_abas_haciang	24.75	28.72	0	KavCon-earthquake_abas_haciang_S7.mp3
KavCon-earthquake_abas_haciang	28.72	33.08	0	KavCon-earthquake_abas_haciang_S8.mp3
KavCon-earthquake_abas_haciang	33.08	36.82	0	KavCon-earthquake_abas_haciang_S9.mp3
KavCon-earthquake_abas_haciang	36.82	40.42	0	KavCon-earthquake_abas_haciang_S10.mp3
KavCon-earthquake_abas_haciang	40.42	41.74	0	KavCon-earthquake_abas_haciang_S11.mp3
KavCon-earthquake_abas_haciang	41.74	41.81	0	KavCon-earthquake_abas_haciang_S12.mp3
KavCon-earthquake_abas_haciang	41.81	48.91	0	KavCon-earthquake_abas_haciang_S13.mp3
KavCon-earthquake_abas_haciang	48.91	51.29	0	KavCon-earthquake_abas_haciang_S14.mp3
KavCon-earthquake_abas_haciang	51.29	54.55	0	KavCon-earthquake_abas_haciang_S15.mp3
KavCon-earthquake_abas_haciang	54.55	60.26	0	KavCon-earthquake_abas_haciang_S16.mp3
KavCon-earthquake_abas_haciang	60.26	62.94	0	KavCon-earthquake_abas_haciang_S17.mp3
KavCon-earthquake_abas_haciang	62.94	63.06	0	KavCon-earthquake_abas_haciang_S18.mp3
KavCon-earthquake_abas_haciang	63.06	70.28	0	KavCon-earthquake_abas_haciang_S19.mp3
KavCon-earthquake_abas_haciang	70.28	72.29	0	KavCon-earthquake_abas_haciang_S20.mp3
KavCon-earthquake_abas_haciang	72.29	72.41	0	KavCon-earthquake_abas_haciang_S21.mp3
KavCon-earthquake_abas_haciang	72.41	80.11	0	KavCon-earthquake_abas_haciang_S22.mp3
KavCon-earthquake_abas_haciang	80.11	81.12	0	KavCon-earthquake_abas_haciang_S23.mp3
KavCon-earthquake_abas_haciang	81.12	81.21	0	KavCon-earthquake_abas_haciang_S24.mp3
KavCon-earthquake_abas_haciang	81.21	83.59	0	KavCon-earthquake_abas_haciang_S25.mp3
KavCon-earthquake_abas_haciang	83.59	88.37	0	KavCon-earthquake_abas_haciang_S26.mp3
KavCon-earthquake_abas_haciang	88.37	98.09	0	KavCon-earthquake_abas_haciang_S27.mp3
KavCon-earthquake_abas_haciang	98.09	100.68	0	KavCon-earthquake_abas_haciang_S28.mp3
KavCon-earthquake_abas_haciang	100.68	104.13	0	KavCon-earthquake_abas_haciang_S29.mp3
KavCon-earthquake_abas_haciang	104.13	107.67	0	KavCon-earthquake_abas_haciang_S30.mp3
KavCon-earthquake_abas_haciang	107.67	107.7	0	KavCon-earthquake_abas_haciang_S31.mp3
KavCon-earthquake_abas_haciang	107.7	117.63	0	KavCon-earthquake_abas_haciang_S32.mp3
KavCon-earthquake_abas_haciang	117.63	119.49	0	KavCon-earthquake_abas_haciang_S33.mp3
KavCon-earthquake_abas_haciang	119.49	122.37	0	KavCon-earthquake_abas_haciang_S34.mp3
KavCon-earthquake_abas_haciang	122.37	124.19	0	KavCon-earthquake_abas_haciang_S35.mp3
KavCon-earthquake_abas_haciang	124.19	124.44	0	KavCon-earthquake_abas_haciang_S36.mp3
KavCon-earthquake_abas_haciang	124.44	126.5	0	KavCon-earthquake_abas_haciang_S37.mp3
KavCon-earthquake_abas_haciang	126.5	133.1	0	KavCon-earthquake_abas_haciang_S38.mp3
KavCon-earthquake_abas_haciang	133.1	141.65	0	KavCon-earthquake_abas_haciang_S39.mp3
KavCon-earthquake_abas_haciang	141.65	141.68	0	KavCon-earthquake_abas_haciang_S40.mp3
KavCon-earthquake_abas_haciang	141.68	146.49	0	KavCon-earthquake_abas_haciang_S41.mp3
KavCon-earthquake_abas_haciang	146.49	154.23	0	KavCon-earthquake_abas_haciang_S42.mp3
KavCon-earthquake_abas_haciang	154.23	155.95	0	KavCon-earthquake_abas_haciang_S43.mp3
KavCon-earthquake_abas_haciang	155.95	158.39	0	KavCon-earthquake_abas_haciang_S44.mp3
KavCon-earthquake_abas_haciang	158.39	164.32	0	KavCon-earthquake_abas_haciang_S45.mp3
KavCon-earthquake_abas_haciang	164.32	167.26	0	KavCon-earthquake_abas_haciang_S46.mp3
KavCon-earthquake_abas_haciang	167.26	168.45	0	KavCon-earthquake_abas_haciang_S47.mp3
KavCon-earthquake_abas_haciang	168.45	173.68	0	KavCon-earthquake_abas_haciang_S48.mp3
KavCon-earthquake_abas_haciang	173.68	178.26	0	KavCon-earthquake_abas_haciang_S49.mp3
KavCon-earthquake_abas_haciang	178.26	185.8	0	KavCon-earthquake_abas_haciang_S50.mp3
KavCon-earthquake_abas_haciang	185.8	188.52	0	KavCon-earthquake_abas_haciang_S51.mp3
KavCon-earthquake_abas_haciang	188.52	189.99	0	KavCon-earthquake_abas_haciang_S52.mp3
KavCon-earthquake_abas_haciang	189.99	197.49	0	KavCon-earthquake_abas_haciang_S53.mp3
KavCon-earthquake_abas_haciang	197.49	199.38	0	KavCon-earthquake_abas_haciang_S54.mp3
KavCon-earthquake_abas_haciang	199.38	204.77	0	KavCon-earthquake_abas_haciang_S55.mp3
KavCon-earthquake_abas_haciang	204.77	207.81	0	KavCon-earthquake_abas_haciang_S56.mp3
KavCon-earthquake_abas_haciang	207.81	212.22	0	KavCon-earthquake_abas_haciang_S57.mp3
KavCon-earthquake_abas_haciang	212.22	214.55	0	KavCon-earthquake_abas_haciang_S58.mp3
KavCon-earthquake_abas_haciang	214.55	218.86	0	KavCon-earthquake_abas_haciang_S59.mp3
KavCon-earthquake_abas_haciang	218.86	221.28	0	KavCon-earthquake_abas_haciang_S60.mp3
KavCon-earthquake_abas_haciang	221.28	226.76	0	KavCon-earthquake_abas_haciang_S61.mp3
KavCon-earthquake_abas_haciang	226.76	232.52	0	KavCon-earthquake_abas_haciang_S62.mp3
KavCon-earthquake_abas_haciang	232.52	235.58	0	KavCon-earthquake_abas_haciang_S63.mp3
KavCon-earthquake_abas_haciang	235.58	237.91	0	KavCon-earthquake_abas_haciang_S64.mp3
KavCon-earthquake_abas_haciang	237.91	241.12	0	KavCon-earthquake_abas_haciang_S65.mp3
KavCon-earthquake_abas_haciang	241.12	245.91	0	KavCon-earthquake_abas_haciang_S66.mp3
KavCon-earthquake_abas_haciang	245.91	248.57	0	KavCon-earthquake_abas_haciang_S67.mp3
KavCon-earthquake_abas_haciang	248.57	250.82	0	KavCon-earthquake_abas_haciang_S68.mp3
KavCon-earthquake_abas_haciang	250.82	254.23	0	KavCon-earthquake_abas_haciang_S69.mp3
KavCon-earthquake_abas_haciang	254.23	254.3	0	KavCon-earthquake_abas_haciang_S70.mp3
KavCon-earthquake_abas_haciang	254.3	254.64	0	KavCon-earthquake_abas_haciang_S71.mp3
KavCon-earthquake_abas_haciang	254.64	258.16	0	KavCon-earthquake_abas_haciang_S72.mp3
KavCon-earthquake_abas_haciang	258.16	260.03	0	KavCon-earthquake_abas_haciang_S73.mp3
KavCon-earthquake_abas_haciang	260.03	262.64	0	KavCon-earthquake_abas_haciang_S74.mp3
KavCon-earthquake_abas_haciang	262.64	263.59	0	KavCon-earthquake_abas_haciang_S75.mp3
KavCon-earthquake_abas_haciang	263.59	266.17	0	KavCon-earthquake_abas_haciang_S76.mp3
KavCon-earthquake_abas_haciang	266.17	269.97	0	KavCon-earthquake_abas_haciang_S77.mp3
KavCon-earthquake_abas_haciang	269.97	273.82	0	KavCon-earthquake_abas_haciang_S78.mp3
KavCon-earthquake_abas_haciang	273.82	276.3	0	KavCon-earthquake_abas_haciang_S79.mp3
KavCon-earthquake_abas_haciang	276.3	280.94	0	KavCon-earthquake_abas_haciang_S80.mp3
KavCon-earthquake_abas_haciang	280.94	283.51	0	KavCon-earthquake_abas_haciang_S81.mp3
KavCon-earthquake_abas_haciang	283.51	285.42	0	KavCon-earthquake_abas_haciang_S82.mp3
KavCon-earthquake_abas_haciang	285.42	288.11	0	KavCon-earthquake_abas_haciang_S83.mp3
KavCon-earthquake_abas_haciang	288.11	288.15	0	KavCon-earthquake_abas_haciang_S84.mp3
KavCon-earthquake_abas_haciang	288.15	293.64	0	KavCon-earthquake_abas_haciang_S85.mp3
KavCon-earthquake_abas_haciang	293.64	295.44	0	KavCon-earthquake_abas_haciang_S86.mp3
KavCon-earthquake_abas_haciang	295.44	299.86	0	KavCon-earthquake_abas_haciang_S87.mp3
KavCon-earthquake_abas_haciang	299.86	301.91	0	KavCon-earthquake_abas_haciang_S88.mp3
KavCon-earthquake_abas_haciang	301.91	302.02	0	KavCon-earthquake_abas_haciang_S89.mp3
KavCon-earthquake_abas_haciang	302.02	306.09	0	KavCon-earthquake_abas_haciang_S90.mp3
KavCon-earthquake_abas_haciang	306.09	309.02	0	KavCon-earthquake_abas_haciang_S91.mp3
KavCon-earthquake_abas_haciang	309.02	319.77	0	KavCon-earthquake_abas_haciang_S92.mp3
KavCon-earthquake_abas_haciang	319.77	322.38	0	KavCon-earthquake_abas_haciang_S93.mp3
KavCon-earthquake_abas_haciang	322.38	326.23	0	KavCon-earthquake_abas_haciang_S94.mp3
KavCon-earthquake_abas_haciang	326.23	328.68	0	KavCon-earthquake_abas_haciang_S95.mp3
KavCon-earthquake_abas_haciang	328.68	333.46	0	KavCon-earthquake_abas_haciang_S96.mp3
KavCon-earthquake_abas_haciang	333.46	335.98	0	KavCon-earthquake_abas_haciang_S97.mp3
KavCon-earthquake_abas_haciang	335.98	340.28	0	KavCon-earthquake_abas_haciang_S98.mp3
KavCon-earthquake_abas_haciang	340.28	347.87	0	KavCon-earthquake_abas_haciang_S99.mp3
KavCon-earthquake_abas_haciang	347.87	351.42	0	KavCon-earthquake_abas_haciang_S100.mp3
KavCon-earthquake_abas_haciang	351.42	351.43	0	KavCon-earthquake_abas_haciang_S101.mp3
KavCon-earthquake_abas_haciang	351.43	358.54	0	KavCon-earthquake_abas_haciang_S102.mp3
KavCon-earthquake_abas_haciang	358.54	363.41	0	KavCon-earthquake_abas_haciang_S103.mp3
KavCon-earthquake_abas_haciang	363.41	368.08	0	KavCon-earthquake_abas_haciang_S104.mp3
KavCon-earthquake_abas_haciang	368.08	369.95	0	KavCon-earthquake_abas_haciang_S105.mp3
KavCon-earthquake_abas_haciang	369.95	373.19	0	KavCon-earthquake_abas_haciang_S106.mp3
KavCon-earthquake_abas_haciang	373.19	376.63	0	KavCon-earthquake_abas_haciang_S107.mp3
KavCon-earthquake_abas_haciang	376.63	376.66	0	KavCon-earthquake_abas_haciang_S108.mp3
KavCon-earthquake_abas_haciang	376.66	381.83	0	KavCon-earthquake_abas_haciang_S109.mp3
KavCon-earthquake_abas_haciang	381.83	382.36	0	KavCon-earthquake_abas_haciang_S110.mp3
KavCon-earthquake_abas_haciang	382.36	384.47	0	KavCon-earthquake_abas_haciang_S111.mp3
KavCon-earthquake_abas_haciang	384.47	389.3	0	KavCon-earthquake_abas_haciang_S112.mp3
KavCon-earthquake_abas_haciang	389.3	391.89	0	KavCon-earthquake_abas_haciang_S113.mp3
KavCon-earthquake_abas_haciang	391.89	393.57	0	KavCon-earthquake_abas_haciang_S114.mp3
KavCon-earthquake_abas_haciang	393.57	401.98	0	KavCon-earthquake_abas_haciang_S115.mp3
KavCon-earthquake_abas_haciang	401.98	402.74	0	KavCon-earthquake_abas_haciang_S116.mp3
KavCon-earthquake_abas_haciang	402.74	406.64	0	KavCon-earthquake_abas_haciang_S117.mp3
KavCon-earthquake_abas_haciang	406.64	406.83	0	KavCon-earthquake_abas_haciang_S118.mp3
KavCon-earthquake_abas_haciang	406.83	409.23	0	KavCon-earthquake_abas_haciang_S119.mp3
KavCon-earthquake_abas_haciang	409.23	411.06	0	KavCon-earthquake_abas_haciang_S120.mp3
KavCon-earthquake_abas_haciang	411.06	414.67	0	KavCon-earthquake_abas_haciang_S121.mp3
KavCon-earthquake_abas_haciang	414.67	422.06	0	KavCon-earthquake_abas_haciang_S122.mp3
KavCon-earthquake_abas_haciang	422.06	425.19	0	KavCon-earthquake_abas_haciang_S123.mp3
KavCon-earthquake_abas_haciang	425.19	430.35	0	KavCon-earthquake_abas_haciang_S124.mp3
KavCon-earthquake_abas_haciang	430.35	434.14	0	KavCon-earthquake_abas_haciang_S125.mp3
KavCon-earthquake_abas_haciang	434.14	435.73	0	KavCon-earthquake_abas_haciang_S126.mp3
KavCon-earthquake_abas_haciang	435.73	444.04	0	KavCon-earthquake_abas_haciang_S127.mp3
KavCon-earthquake_abas_haciang	444.04	447.25	0	KavCon-earthquake_abas_haciang_S128.mp3
KavCon-earthquake_abas_haciang	447.25	455.96	0	KavCon-earthquake_abas_haciang_S129.mp3
KavCon-earthquake_abas_haciang	455.96	458.82	0	KavCon-earthquake_abas_haciang_S130.mp3
KavCon-earthquake_abas_haciang	458.82	461.83	0	KavCon-earthquake_abas_haciang_S131.mp3
KavCon-earthquake_abas_haciang	461.83	468.46	0	KavCon-earthquake_abas_haciang_S132.mp3
KavCon-earthquake_abas_haciang	468.46	469.8	0	KavCon-earthquake_abas_haciang_S133.mp3
KavCon-earthquake_abas_haciang	469.8	476.27	0	KavCon-earthquake_abas_haciang_S134.mp3
KavCon-earthquake_abas_haciang	476.27	482.93	0	KavCon-earthquake_abas_haciang_S135.mp3
KavCon-earthquake_abas_haciang	482.93	490.96	0	KavCon-earthquake_abas_haciang_S136.mp3
KavCon-earthquake_abas_haciang	490.96	491.4	0	KavCon-earthquake_abas_haciang_S137.mp3
KavCon-earthquake_abas_haciang	491.4	495.24	0	KavCon-earthquake_abas_haciang_S138.mp3
KavCon-earthquake_abas_haciang	495.24	496.75	0	KavCon-earthquake_abas_haciang_S139.mp3
KavCon-earthquake_abas_haciang	496.75	500.57	0	KavCon-earthquake_abas_haciang_S140.mp3
KavCon-earthquake_abas_haciang	500.57	503.92	0	KavCon-earthquake_abas_haciang_S141.mp3
KavCon-earthquake_abas_haciang	503.92	507.29	0	KavCon-earthquake_abas_haciang_S142.mp3
KavCon-earthquake_abas_haciang	507.29	509.01	0	KavCon-earthquake_abas_haciang_S143.mp3
KavCon-earthquake_abas_haciang	509.01	510.57	0	KavCon-earthquake_abas_haciang_S144.mp3
KavCon-earthquake_abas_haciang	510.57	512.97	0	KavCon-earthquake_abas_haciang_S145.mp3
KavCon-earthquake_abas_haciang	512.97	514.84	0	KavCon-earthquake_abas_haciang_S146.mp3
KavCon-earthquake_abas_haciang	514.84	518.75	0	KavCon-earthquake_abas_haciang_S147.mp3
KavCon-earthquake_abas_haciang	518.75	521.53	0	KavCon-earthquake_abas_haciang_S148.mp3
KavCon-earthquake_abas_haciang	521.53	521.86	0	KavCon-earthquake_abas_haciang_S149.mp3
KavCon-earthquake_abas_haciang	521.86	523.63	0	KavCon-earthquake_abas_haciang_S150.mp3
KavCon-earthquake_abas_haciang	523.63	529.68	0	KavCon-earthquake_abas_haciang_S151.mp3
KavCon-earthquake_abas_haciang	529.68	532.52	0	KavCon-earthquake_abas_haciang_S152.mp3
KavCon-earthquake_abas_haciang	532.52	534.53	0	KavCon-earthquake_abas_haciang_S153.mp3
KavCon-earthquake_abas_haciang	534.53	539.95	0	KavCon-earthquake_abas_haciang_S154.mp3
KavCon-earthquake_abas_haciang	539.95	541.47	0	KavCon-earthquake_abas_haciang_S155.mp3
KavCon-earthquake_abas_haciang	541.47	541.5	0	KavCon-earthquake_abas_haciang_S156.mp3
KavCon-earthquake_abas_haciang	541.5	542.46	0	KavCon-earthquake_abas_haciang_S157.mp3
KavCon-earthquake_abas_haciang	542.46	552.27	0	KavCon-earthquake_abas_haciang_S158.mp3
KavCon-earthquake_abas_haciang	552.27	557.12	0	KavCon-earthquake_abas_haciang_S159.mp3
KavCon-earthquake_abas_haciang	557.12	557.16	0	KavCon-earthquake_abas_haciang_S160.mp3
KavCon-earthquake_abas_haciang	557.16	561.63	0	KavCon-earthquake_abas_haciang_S161.mp3
KavCon-earthquake_abas_haciang	561.63	563.3	0	KavCon-earthquake_abas_haciang_S162.mp3
KavCon-earthquake_abas_haciang	563.3	565.78	0	KavCon-earthquake_abas_haciang_S163.mp3
KavCon-earthquake_abas_haciang	565.78	570.12	0	KavCon-earthquake_abas_haciang_S164.mp3
KavCon-earthquake_abas_haciang	570.12	573.03	0	KavCon-earthquake_abas_haciang_S165.mp3
KavCon-earthquake_abas_haciang	573.03	575.76	0	KavCon-earthquake_abas_haciang_S166.mp3
KavCon-earthquake_abas_haciang	575.76	584.87	0	KavCon-earthquake_abas_haciang_S167.mp3
KavCon-earthquake_abas_haciang	584.87	586.48	0	KavCon-earthquake_abas_haciang_S168.mp3
KavCon-earthquake_abas_haciang	586.48	587.55	0	KavCon-earthquake_abas_haciang_S169.mp3
KavCon-earthquake_abas_haciang	587.55	594.85	0	KavCon-earthquake_abas_haciang_S170.mp3
KavCon-earthquake_abas_haciang	594.85	597.1	0	KavCon-earthquake_abas_haciang_S171.mp3
KavCon-earthquake_abas_haciang	597.1	602.97	0	KavCon-earthquake_abas_haciang_S172.mp3
KavCon-earthquake_abas_haciang	602.97	604.13	0	KavCon-earthquake_abas_haciang_S173.mp3
KavCon-earthquake_abas_haciang	604.13	607.03	0	KavCon-earthquake_abas_haciang_S174.mp3
KavCon-earthquake_abas_haciang	607.03	607.08	0	KavCon-earthquake_abas_haciang_S175.mp3
KavCon-earthquake_abas_haciang	607.08	608.13	0	KavCon-earthquake_abas_haciang_S176.mp3
KavCon-earthquake_abas_haciang	608.13	611.07	0	KavCon-earthquake_abas_haciang_S177.mp3
KavCon-earthquake_abas_haciang	611.07	611.56	0	KavCon-earthquake_abas_haciang_S178.mp3
KavCon-earthquake_abas_haciang	611.56	616.94	0	KavCon-earthquake_abas_haciang_S179.mp3
KavCon-earthquake_abas_haciang	616.94	618.55	0	KavCon-earthquake_abas_haciang_S180.mp3
KavCon-earthquake_abas_haciang	618.55	620.85	0	KavCon-earthquake_abas_haciang_S181.mp3
KavCon-earthquake_abas_haciang	622.31	623.0	0	KavCon-earthquake_abas_haciang_S183.mp3
KavCon-earthquake_abas_haciang	623.0	629.52	0	KavCon-earthquake_abas_haciang_S184.mp3
KavCon-earthquake_abas_haciang	629.52	636.38	0	KavCon-earthquake_abas_haciang_S185.mp3
KavCon-earthquake_abas_haciang	636.38	637.98	0	KavCon-earthquake_abas_haciang_S186.mp3
KavCon-earthquake_abas_haciang	637.98	645.35	0	KavCon-earthquake_abas_haciang_S187.mp3
KavCon-earthquake_abas_haciang	645.35	645.38	0	KavCon-earthquake_abas_haciang_S188.mp3
KavCon-earthquake_abas_haciang	645.38	650.83	0	KavCon-earthquake_abas_haciang_S189.mp3
KavCon-earthquake_abas_haciang	650.83	652.86	0	KavCon-earthquake_abas_haciang_S190.mp3
KavCon-earthquake_abas_haciang	652.86	660.3	0	KavCon-earthquake_abas_haciang_S191.mp3
KavCon-earthquake_abas_haciang	660.3	660.39	0	KavCon-earthquake_abas_haciang_S192.mp3
KavCon-earthquake_abas_haciang	660.39	662.39	0	KavCon-earthquake_abas_haciang_S193.mp3
KavCon-earthquake_abas_haciang	662.39	663.52	0	KavCon-earthquake_abas_haciang_S194.mp3
KavCon-earthquake_abas_haciang	663.83	667.1	0	KavCon-earthquake_abas_haciang_S195.mp3
KavCon-earthquake_abas_haciang	667.1	669.79	0	KavCon-earthquake_abas_haciang_S196.mp3
KavCon-earthquake_abas_haciang	669.79	672.08	0	KavCon-earthquake_abas_haciang_S197.mp3
KavCon-earthquake_abas_haciang	672.08	673.12	0	KavCon-earthquake_abas_haciang_S198.mp3
KavCon-earthquake_abas_haciang	673.12	675.45	0	KavCon-earthquake_abas_haciang_S199.mp3
KavCon-earthquake_abas_haciang	675.45	683.29	0	KavCon-earthquake_abas_haciang_S200.mp3
KavCon-earthquake_abas_haciang	683.29	689.52	0	KavCon-earthquake_abas_haciang_S201.mp3
KavCon-earthquake_abas_haciang	689.52	691.71	0	KavCon-earthquake_abas_haciang_S202.mp3
KavCon-earthquake_abas_haciang	691.71	695.3	0	KavCon-earthquake_abas_haciang_S203.mp3
KavCon-earthquake_abas_haciang	695.3	706.96	0	KavCon-earthquake_abas_haciang_S204.mp3
KavCon-earthquake_abas_haciang	706.96	711.79	0	KavCon-earthquake_abas_haciang_S205.mp3
KavCon-earthquake_abas_haciang	711.79	715.01	0	KavCon-earthquake_abas_haciang_S206.mp3
KavCon-earthquake_abas_haciang	715.01	715.05	0	KavCon-earthquake_abas_haciang_S207.mp3
KavCon-earthquake_abas_haciang	715.05	716.24	0	KavCon-earthquake_abas_haciang_S208.mp3
KavCon-earthquake_abas_haciang	716.24	721.56	0	KavCon-earthquake_abas_haciang_S209.mp3
KavCon-earthquake_abas_haciang	721.56	724.66	0	KavCon-earthquake_abas_haciang_S210.mp3
KavCon-earthquake_abas_haciang	724.66	729.64	0	KavCon-earthquake_abas_haciang_S211.mp3
KavCon-earthquake_abas_haciang	729.64	734.92	0	KavCon-earthquake_abas_haciang_S212.mp3
KavCon-earthquake_abas_haciang	734.92	736.77	0	KavCon-earthquake_abas_haciang_S213.mp3
KavCon-earthquake_abas_haciang	736.77	744.49	0	KavCon-earthquake_abas_haciang_S214.mp3
KavCon-earthquake_abas_haciang	744.49	751.01	0	KavCon-earthquake_abas_haciang_S215.mp3
KavCon-earthquake_abas_haciang	751.01	754.16	0	KavCon-earthquake_abas_haciang_S216.mp3
KavCon-earthquake_abas_haciang	754.16	755.82	0	KavCon-earthquake_abas_haciang_S217.mp3
KavCon-earthquake_abas_haciang	755.82	758.09	0	KavCon-earthquake_abas_haciang_S218.mp3
KavCon-earthquake_abas_haciang	758.09	759.3	0	KavCon-earthquake_abas_haciang_S219.mp3
KavCon-earthquake_abas_haciang	759.3	765.34	0	KavCon-earthquake_abas_haciang_S220.mp3
KavCon-earthquake_abas_haciang	765.34	766.3	0	KavCon-earthquake_abas_haciang_S221.mp3
KavCon-earthquake_abas_haciang	766.3	768.62	0	KavCon-earthquake_abas_haciang_S222.mp3
KavCon-earthquake_abas_haciang	768.62	773.74	0	KavCon-earthquake_abas_haciang_S223.mp3
KavCon-earthquake_abas_haciang	773.74	778.42	0	KavCon-earthquake_abas_haciang_S224.mp3
KavCon-earthquake_abas_haciang	778.42	781.16	0	KavCon-earthquake_abas_haciang_S225.mp3
KavCon-earthquake_abas_haciang	781.16	785.6	0	KavCon-earthquake_abas_haciang_S226.mp3
KavCon-earthquake_abas_haciang	785.6	789.16	0	KavCon-earthquake_abas_haciang_S227.mp3
KavCon-earthquake_abas_haciang	789.16	790.13	0	KavCon-earthquake_abas_haciang_S228.mp3
KavCon-earthquake_abas_haciang	790.13	791.46	0	KavCon-earthquake_abas_haciang_S229.mp3
KavCon-earthquake_abas_haciang	791.46	792.17	0	KavCon-earthquake_abas_haciang_S230.mp3
KavCon-earthquake_abas_haciang	792.17	794.03	0	KavCon-earthquake_abas_haciang_S231.mp3
KavCon-earthquake_abas_haciang	794.03	796.72	0	KavCon-earthquake_abas_haciang_S232.mp3
KavCon-earthquake_abas_haciang	796.72	797.03	0	KavCon-earthquake_abas_haciang_S233.mp3
KavCon-earthquake_abas_haciang	797.03	802.53	0	KavCon-earthquake_abas_haciang_S234.mp3
KavCon-earthquake_abas_haciang	802.53	808.03	0	KavCon-earthquake_abas_haciang_S235.mp3
KavCon-earthquake_abas_haciang	808.03	808.59	0	KavCon-earthquake_abas_haciang_S236.mp3
KavCon-earthquake_abas_haciang	808.59	812.45	0	KavCon-earthquake_abas_haciang_S237.mp3
KavCon-earthquake_abas_haciang	812.45	815.25	0	KavCon-earthquake_abas_haciang_S238.mp3
KavCon-earthquake_abas_haciang	815.25	815.87	0	KavCon-earthquake_abas_haciang_S239.mp3
KavCon-earthquake_abas_haciang	815.87	816.41	0	KavCon-earthquake_abas_haciang_S240.mp3
KavCon-earthquake_abas_haciang	816.41	819.41	0	KavCon-earthquake_abas_haciang_S241.mp3
KavCon-earthquake_abas_haciang	819.41	825.68	0	KavCon-earthquake_abas_haciang_S242.mp3
KavCon-earthquake_abas_haciang	825.68	825.91	0	KavCon-earthquake_abas_haciang_S243.mp3
KavCon-earthquake_abas_haciang	825.91	831.98	0	KavCon-earthquake_abas_haciang_S244.mp3
KavCon-earthquake_abas_haciang	831.98	832.01	0	KavCon-earthquake_abas_haciang_S245.mp3
KavCon-earthquake_abas_haciang	832.01	835.61	0	KavCon-earthquake_abas_haciang_S246.mp3
KavCon-earthquake_abas_haciang	835.61	835.65	0	KavCon-earthquake_abas_haciang_S247.mp3
KavCon-earthquake_abas_haciang	835.65	836.66	0	KavCon-earthquake_abas_haciang_S248.mp3
KavCon-earthquake_abas_haciang	836.66	839.72	0	KavCon-earthquake_abas_haciang_S249.mp3
KavCon-earthquake_abas_haciang	839.72	844.23	0	KavCon-earthquake_abas_haciang_S250.mp3
KavCon-earthquake_abas_haciang	844.23	847.15	0	KavCon-earthquake_abas_haciang_S251.mp3
KavCon-earthquake_abas_haciang	847.15	852.36	0	KavCon-earthquake_abas_haciang_S252.mp3
KavCon-earthquake_abas_haciang	852.36	855.35	0	KavCon-earthquake_abas_haciang_S253.mp3
KavCon-earthquake_abas_haciang	855.35	860.87	0	KavCon-earthquake_abas_haciang_S254.mp3
KavCon-earthquake_abas_haciang	860.87	862.87	0	KavCon-earthquake_abas_haciang_S255.mp3
KavCon-earthquake_abas_haciang	862.87	864.11	0	KavCon-earthquake_abas_haciang_S256.mp3
KavCon-earthquake_abas_haciang	864.11	867.8	0	KavCon-earthquake_abas_haciang_S257.mp3
KavCon-earthquake_abas_haciang	867.8	868.09	0	KavCon-earthquake_abas_haciang_S258.mp3
KavCon-earthquake_abas_haciang	868.09	869.03	0	KavCon-earthquake_abas_haciang_S259.mp3
KavCon-earthquake_abas_haciang	869.03	874.7	0	KavCon-earthquake_abas_haciang_S260.mp3
KavCon-earthquake_abas_haciang	874.7	874.73	0	KavCon-earthquake_abas_haciang_S261.mp3
KavCon-earthquake_abas_haciang	874.73	874.76	0	KavCon-earthquake_abas_haciang_S262.mp3
KavCon-earthquake_abas_haciang	874.76	879.5	0	KavCon-earthquake_abas_haciang_S263.mp3
KavCon-earthquake_abas_haciang	879.5	879.53	0	KavCon-earthquake_abas_haciang_S264.mp3
KavCon-earthquake_abas_haciang	879.53	883.6	0	KavCon-earthquake_abas_haciang_S265.mp3
KavCon-earthquake_abas_haciang	883.6	885.0	0	KavCon-earthquake_abas_haciang_S266.mp3
KavCon-earthquake_abas_haciang	885.0	886.61	0	KavCon-earthquake_abas_haciang_S267.mp3
KavCon-earthquake_abas_haciang	886.61	889.95	0	KavCon-earthquake_abas_haciang_S268.mp3
KavCon-earthquake_abas_haciang	889.95	889.98	0	KavCon-earthquake_abas_haciang_S269.mp3
KavCon-earthquake_abas_haciang	889.98	890.88	0	KavCon-earthquake_abas_haciang_S270.mp3
KavCon-earthquake_abas_haciang	890.88	894.51	0	KavCon-earthquake_abas_haciang_S271.mp3
KavCon-earthquake_abas_haciang	894.51	898.25	0	KavCon-earthquake_abas_haciang_S272.mp3
KavCon-earthquake_abas_haciang	898.25	899.34	0	KavCon-earthquake_abas_haciang_S273.mp3
KavCon-earthquake_abas_haciang	899.34	903.3	0	KavCon-earthquake_abas_haciang_S274.mp3
KavCon-earthquake_abas_haciang	903.3	904.14	0	KavCon-earthquake_abas_haciang_S275.mp3
KavCon-earthquake_abas_haciang	904.14	904.47	0	KavCon-earthquake_abas_haciang_S276.mp3
KavCon-earthquake_abas_haciang	904.47	910.71	0	KavCon-earthquake_abas_haciang_S277.mp3
KavCon-earthquake_abas_haciang	910.71	911.86	0	KavCon-earthquake_abas_haciang_S278.mp3
KavCon-earthquake_abas_haciang	911.86	914.9	0	KavCon-earthquake_abas_haciang_S279.mp3
KavCon-earthquake_abas_haciang	914.9	921.2	0	KavCon-earthquake_abas_haciang_S280.mp3
KavCon-earthquake_abas_haciang	921.2	922.46	0	KavCon-earthquake_abas_haciang_S281.mp3
KavCon-earthquake_abas_haciang	922.46	926.15	0	KavCon-earthquake_abas_haciang_S282.mp3
KavCon-earthquake_abas_haciang	926.15	934.28	0	KavCon-earthquake_abas_haciang_S283.mp3
KavCon-earthquake_abas_haciang	934.28	937.14	0	KavCon-earthquake_abas_haciang_S284.mp3
KavCon-earthquake_abas_haciang	937.14	943.2	0	KavCon-earthquake_abas_haciang_S285.mp3
KavCon-earthquake_abas_haciang	943.2	948.8	0	KavCon-earthquake_abas_haciang_S286.mp3
KavCon-earthquake_abas_haciang	948.8	956.97	0	KavCon-earthquake_abas_haciang_S287.mp3
KavCon-earthquake_abas_haciang	956.97	961.33	0	KavCon-earthquake_abas_haciang_S288.mp3
KavCon-earthquake_abas_haciang	961.33	961.57	0	KavCon-earthquake_abas_haciang_S289.mp3
KavCon-earthquake_abas_haciang	961.57	964.01	0	KavCon-earthquake_abas_haciang_S290.mp3
KavCon-earthquake_abas_haciang	964.01	969.06	0	KavCon-earthquake_abas_haciang_S291.mp3
KavCon-earthquake_abas_haciang	969.06	972.6	0	KavCon-earthquake_abas_haciang_S292.mp3
KavCon-earthquake_abas_haciang	972.6	980.82	0	KavCon-earthquake_abas_haciang_S293.mp3
KavCon-earthquake_abas_haciang	980.82	982.69	0	KavCon-earthquake_abas_haciang_S294.mp3
KavCon-earthquake_abas_haciang	982.69	986.88	0	KavCon-earthquake_abas_haciang_S295.mp3
KavCon-earthquake_abas_haciang	986.88	988.78	0	KavCon-earthquake_abas_haciang_S296.mp3
KavCon-earthquake_abas_haciang	988.78	991.26	0	KavCon-earthquake_abas_haciang_S297.mp3
KavCon-earthquake_abas_haciang	991.26	995.23	0	KavCon-earthquake_abas_haciang_S298.mp3
KavCon-earthquake_abas_haciang	995.23	1000.28	0	KavCon-earthquake_abas_haciang_S299.mp3
KavCon-earthquake_abas_haciang	1000.28	1004.85	0	KavCon-earthquake_abas_haciang_S300.mp3
KavCon-earthquake_abas_haciang	1004.85	1006.3	0	KavCon-earthquake_abas_haciang_S301.mp3
KavCon-earthquake_abas_haciang	1006.3	1006.87	0	KavCon-earthquake_abas_haciang_S302.mp3
KavCon-earthquake_abas_haciang	1006.87	1015.72	0	KavCon-earthquake_abas_haciang_S303.mp3
KavCon-earthquake_abas_haciang	1015.72	1017.59	0	KavCon-earthquake_abas_haciang_S304.mp3
KavCon-earthquake_abas_haciang	1017.59	1022.38	0	KavCon-earthquake_abas_haciang_S305.mp3
KavCon-earthquake_abas_haciang	1022.38	1023.86	0	KavCon-earthquake_abas_haciang_S306.mp3
KavCon-earthquake_abas_haciang	1023.86	1023.9	0	KavCon-earthquake_abas_haciang_S307.mp3
KavCon-earthquake_abas_haciang	1023.9	1029.08	0	KavCon-earthquake_abas_haciang_S308.mp3
KavCon-earthquake_abas_haciang	1029.08	1033.93	0	KavCon-earthquake_abas_haciang_S309.mp3
KavCon-earthquake_abas_haciang	1033.93	1033.96	0	KavCon-earthquake_abas_haciang_S310.mp3
KavCon-earthquake_abas_haciang	1033.96	1036.03	0	KavCon-earthquake_abas_haciang_S311.mp3
KavCon-earthquake_abas_haciang	1036.03	1036.1	0	KavCon-earthquake_abas_haciang_S312.mp3
KavCon-home_buya_imuy	0.0	5.06	0	KavCon-home_buya_imuy_S0.mp3
KavCon-home_buya_imuy	5.06	11.49	0	KavCon-home_buya_imuy_S1.mp3
KavCon-home_buya_imuy	11.49	18.22	0	KavCon-home_buya_imuy_S2.mp3
KavCon-home_buya_imuy	18.22	19.6	0	KavCon-home_buya_imuy_S3.mp3
KavCon-home_buya_imuy	19.6	27.41	0	KavCon-home_buya_imuy_S4.mp3
KavCon-home_buya_imuy	27.41	40.5	0	KavCon-home_buya_imuy_S5.mp3
KavCon-home_buya_imuy	40.5	47.06	0	KavCon-home_buya_imuy_S6.mp3
KavCon-home_buya_imuy	47.06	56.36	0	KavCon-home_buya_imuy_S7.mp3
KavCon-home_buya_imuy	56.36	60.5	0	KavCon-home_buya_imuy_S8.mp3
KavCon-home_buya_imuy	60.5	63.91	0	KavCon-home_buya_imuy_S9.mp3
KavCon-home_buya_imuy	63.91	66.91	0	KavCon-home_buya_imuy_S10.mp3
KavCon-home_buya_imuy	66.91	69.52	0	KavCon-home_buya_imuy_S11.mp3
KavCon-home_buya_imuy	69.52	79.14	0	KavCon-home_buya_imuy_S12.mp3
KavCon-home_buya_imuy	79.14	80.34	0	KavCon-home_buya_imuy_S13.mp3
KavCon-home_buya_imuy	80.34	86.78	0	KavCon-home_buya_imuy_S14.mp3
KavCon-home_buya_imuy	86.78	93.44	0	KavCon-home_buya_imuy_S15.mp3
KavCon-home_buya_imuy	93.44	95.61	0	KavCon-home_buya_imuy_S16.mp3
KavCon-home_buya_imuy	95.61	102.47	0	KavCon-home_buya_imuy_S17.mp3
KavCon-home_buya_imuy	102.47	110.49	0	KavCon-home_buya_imuy_S18.mp3
KavCon-home_buya_imuy	110.49	112.22	0	KavCon-home_buya_imuy_S19.mp3
KavCon-home_buya_imuy	112.22	115.7	0	KavCon-home_buya_imuy_S20.mp3
KavCon-home_buya_imuy	115.7	122.87	0	KavCon-home_buya_imuy_S21.mp3
KavCon-home_buya_imuy	122.87	127.49	0	KavCon-home_buya_imuy_S22.mp3
KavCon-home_buya_imuy	127.49	131.23	0	KavCon-home_buya_imuy_S23.mp3
KavCon-home_buya_imuy	131.23	134.71	0	KavCon-home_buya_imuy_S24.mp3
KavCon-home_buya_imuy	134.71	136.75	0	KavCon-home_buya_imuy_S25.mp3
KavCon-home_buya_imuy	136.75	140.73	0	KavCon-home_buya_imuy_S26.mp3
KavCon-home_buya_imuy	140.73	142.39	0	KavCon-home_buya_imuy_S27.mp3
KavCon-home_buya_imuy	142.39	144.38	0	KavCon-home_buya_imuy_S28.mp3
KavCon-home_buya_imuy	144.38	151.11	0	KavCon-home_buya_imuy_S29.mp3
KavCon-home_buya_imuy	151.11	155.53	0	KavCon-home_buya_imuy_S30.mp3
KavCon-home_buya_imuy	155.53	160.33	0	KavCon-home_buya_imuy_S31.mp3
KavCon-home_buya_imuy	160.33	161.94	0	KavCon-home_buya_imuy_S32.mp3
KavCon-home_buya_imuy	161.94	163.25	0	KavCon-home_buya_imuy_S33.mp3
KavCon-home_buya_imuy	163.25	164.57	0	KavCon-home_buya_imuy_S34.mp3
KavCon-home_buya_imuy	164.57	169.05	0	KavCon-home_buya_imuy_S35.mp3
KavCon-home_buya_imuy	169.05	171.22	0	KavCon-home_buya_imuy_S36.mp3
KavCon-home_buya_imuy	171.22	176.34	0	KavCon-home_buya_imuy_S37.mp3
KavCon-home_buya_imuy	176.34	179.16	0	KavCon-home_buya_imuy_S38.mp3
KavCon-home_buya_imuy	179.16	181.57	0	KavCon-home_buya_imuy_S39.mp3
KavCon-home_buya_imuy	181.57	185.71	0	KavCon-home_buya_imuy_S40.mp3
KavCon-home_buya_imuy	185.71	189.15	0	KavCon-home_buya_imuy_S41.mp3
KavCon-home_buya_imuy	189.15	190.48	0	KavCon-home_buya_imuy_S42.mp3
KavCon-home_buya_imuy	190.48	193.78	0	KavCon-home_buya_imuy_S43.mp3
KavCon-home_buya_imuy	193.78	197.57	0	KavCon-home_buya_imuy_S44.mp3
KavCon-home_buya_imuy	197.57	202.39	0	KavCon-home_buya_imuy_S45.mp3
KavCon-home_buya_imuy	202.39	205.18	0	KavCon-home_buya_imuy_S46.mp3
KavCon-home_buya_imuy	205.18	209.76	0	KavCon-home_buya_imuy_S47.mp3
KavCon-home_buya_imuy	209.76	213.04	0	KavCon-home_buya_imuy_S48.mp3
KavCon-home_buya_imuy	213.04	218.85	0	KavCon-home_buya_imuy_S49.mp3
KavCon-home_buya_imuy	218.85	223.31	0	KavCon-home_buya_imuy_S50.mp3
KavCon-home_buya_imuy	223.31	226.49	0	KavCon-home_buya_imuy_S51.mp3
KavCon-home_buya_imuy	226.49	230.06	0	KavCon-home_buya_imuy_S52.mp3
KavCon-home_buya_imuy	230.06	231.34	0	KavCon-home_buya_imuy_S53.mp3
KavCon-home_buya_imuy	231.34	233.73	0	KavCon-home_buya_imuy_S54.mp3
KavCon-home_buya_imuy	233.73	236.98	0	KavCon-home_buya_imuy_S55.mp3
KavCon-home_buya_imuy	236.98	239.5	0	KavCon-home_buya_imuy_S56.mp3
KavCon-home_buya_imuy	239.5	240.76	0	KavCon-home_buya_imuy_S57.mp3
KavCon-home_buya_imuy	240.76	244.29	0	KavCon-home_buya_imuy_S58.mp3
KavCon-home_buya_imuy	244.29	244.88	0	KavCon-home_buya_imuy_S59.mp3
KavCon-home_buya_imuy	244.88	248.7	0	KavCon-home_buya_imuy_S60.mp3
KavCon-home_buya_imuy	248.7	254.09	0	KavCon-home_buya_imuy_S61.mp3
KavCon-home_buya_imuy	254.09	256.98	0	KavCon-home_buya_imuy_S62.mp3
KavCon-home_buya_imuy	256.98	262.05	0	KavCon-home_buya_imuy_S63.mp3
KavCon-home_buya_imuy	262.05	262.75	0	KavCon-home_buya_imuy_S64.mp3
KavCon-home_buya_imuy	262.75	265.17	0	KavCon-home_buya_imuy_S65.mp3
KavCon-home_buya_imuy	265.17	267.28	0	KavCon-home_buya_imuy_S66.mp3
KavCon-home_buya_imuy	267.28	278.28	0	KavCon-home_buya_imuy_S67.mp3
KavCon-home_buya_imuy	278.28	279.82	0	KavCon-home_buya_imuy_S68.mp3
KavCon-home_buya_imuy	279.82	283.14	0	KavCon-home_buya_imuy_S69.mp3
KavCon-home_buya_imuy	285.28	286.72	0	KavCon-home_buya_imuy_S70.mp3
KavCon-home_buya_imuy	286.72	288.86	0	KavCon-home_buya_imuy_S71.mp3
KavCon-home_buya_imuy	288.86	289.97	0	KavCon-home_buya_imuy_S72.mp3
KavCon-home_buya_imuy	289.97	295.29	0	KavCon-home_buya_imuy_S73.mp3
KavCon-home_buya_imuy	295.29	296.22	0	KavCon-home_buya_imuy_S74.mp3
KavCon-home_buya_imuy	296.22	299.27	0	KavCon-home_buya_imuy_S75.mp3
KavCon-home_buya_imuy	299.27	304.49	0	KavCon-home_buya_imuy_S76.mp3
KavCon-home_buya_imuy	304.49	304.50	0	KavCon-home_buya_imuy_S77.mp3
KavCon-home_buya_imuy	304.50	312.04	0	KavCon-home_buya_imuy_S78.mp3
KavCon-home_buya_imuy	312.04	317.1	0	KavCon-home_buya_imuy_S79.mp3
KavCon-home_buya_imuy	317.1	319.01	0	KavCon-home_buya_imuy_S80.mp3
KavCon-home_buya_imuy	319.01	321.04	0	KavCon-home_buya_imuy_S81.mp3
KavCon-home_buya_imuy	321.04	327.9	0	KavCon-home_buya_imuy_S82.mp3
KavCon-home_buya_imuy	327.9	330.18	0	KavCon-home_buya_imuy_S83.mp3
KavCon-home_buya_imuy	330.18	332.7	0	KavCon-home_buya_imuy_S84.mp3
KavCon-home_buya_imuy	332.7	333.77	0	KavCon-home_buya_imuy_S85.mp3
KavCon-home_buya_imuy	333.77	334.16	0	KavCon-home_buya_imuy_S86.mp3
KavCon-home_buya_imuy	334.16	335.43	0	KavCon-home_buya_imuy_S87.mp3
KavCon-home_buya_imuy	335.43	339.45	0	KavCon-home_buya_imuy_S88.mp3
KavCon-home_buya_imuy	339.45	340.37	0	KavCon-home_buya_imuy_S89.mp3
KavCon-home_buya_imuy	340.37	346.02	0	KavCon-home_buya_imuy_S90.mp3
KavCon-home_buya_imuy	346.02	348.07	0	KavCon-home_buya_imuy_S91.mp3
KavCon-home_buya_imuy	348.07	349.43	0	KavCon-home_buya_imuy_S92.mp3
KavCon-home_buya_imuy	349.43	355.63	0	KavCon-home_buya_imuy_S93.mp3
KavCon-home_buya_imuy	355.63	358.69	0	KavCon-home_buya_imuy_S94.mp3
KavCon-home_buya_imuy	358.69	362.53	0	KavCon-home_buya_imuy_S95.mp3
KavCon-home_buya_imuy	362.53	364.66	0	KavCon-home_buya_imuy_S96.mp3
KavCon-marriage_abas_pilaw	0.0	3.2	0	KavCon-marriage_abas_pilaw_S0.mp3
KavCon-marriage_abas_pilaw	3.2	7.86	0	KavCon-marriage_abas_pilaw_S1.mp3
KavCon-marriage_abas_pilaw	7.86	9.75	0	KavCon-marriage_abas_pilaw_S2.mp3
KavCon-marriage_abas_pilaw	9.75	12.75	0	KavCon-marriage_abas_pilaw_S3.mp3
KavCon-marriage_abas_pilaw	12.75	16.52	0	KavCon-marriage_abas_pilaw_S4.mp3
KavCon-marriage_abas_pilaw	16.52	20.82	0	KavCon-marriage_abas_pilaw_S5.mp3
KavCon-marriage_abas_pilaw	20.82	24.27	0	KavCon-marriage_abas_pilaw_S6.mp3
KavCon-marriage_abas_pilaw	24.27	26.1	0	KavCon-marriage_abas_pilaw_S7.mp3
KavCon-marriage_abas_pilaw	26.1	27.09	0	KavCon-marriage_abas_pilaw_S8.mp3
KavCon-marriage_abas_pilaw	27.09	32.8	0	KavCon-marriage_abas_pilaw_S9.mp3
KavCon-marriage_abas_pilaw	32.8	36.29	0	KavCon-marriage_abas_pilaw_S10.mp3
KavCon-marriage_abas_pilaw	36.29	39.02	0	KavCon-marriage_abas_pilaw_S11.mp3
KavCon-marriage_abas_pilaw	39.02	41.74	0	KavCon-marriage_abas_pilaw_S12.mp3
KavCon-marriage_abas_pilaw	41.74	43.48	0	KavCon-marriage_abas_pilaw_S13.mp3
KavCon-marriage_abas_pilaw	43.48	45.4	0	KavCon-marriage_abas_pilaw_S14.mp3
KavCon-marriage_abas_pilaw	45.4	47.81	0	KavCon-marriage_abas_pilaw_S15.mp3
KavCon-marriage_abas_pilaw	47.81	48.18	0	KavCon-marriage_abas_pilaw_S16.mp3
KavCon-marriage_abas_pilaw	48.18	49.71	0	KavCon-marriage_abas_pilaw_S17.mp3
KavCon-marriage_abas_pilaw	49.71	50.85	0	KavCon-marriage_abas_pilaw_S18.mp3
KavCon-marriage_abas_pilaw	50.85	56.17	0	KavCon-marriage_abas_pilaw_S19.mp3
KavCon-marriage_abas_pilaw	56.17	59.58	0	KavCon-marriage_abas_pilaw_S20.mp3
KavCon-marriage_abas_pilaw	59.58	64.26	0	KavCon-marriage_abas_pilaw_S21.mp3
KavCon-marriage_abas_pilaw	64.26	67.72	0	KavCon-marriage_abas_pilaw_S22.mp3
KavCon-marriage_abas_pilaw	67.72	71.99	0	KavCon-marriage_abas_pilaw_S23.mp3
KavCon-marriage_abas_pilaw	71.99	76.7	0	KavCon-marriage_abas_pilaw_S24.mp3
KavCon-marriage_abas_pilaw	76.7	78.2	0	KavCon-marriage_abas_pilaw_S25.mp3
KavCon-marriage_abas_pilaw	78.2	81.49	0	KavCon-marriage_abas_pilaw_S26.mp3
KavCon-marriage_abas_pilaw	81.49	85.98	0	KavCon-marriage_abas_pilaw_S27.mp3
KavCon-marriage_abas_pilaw	85.98	91.79	0	KavCon-marriage_abas_pilaw_S28.mp3
KavCon-marriage_abas_pilaw	91.79	93.26	0	KavCon-marriage_abas_pilaw_S29.mp3
KavCon-marriage_abas_pilaw	93.26	94.79	0	KavCon-marriage_abas_pilaw_S30.mp3
KavCon-marriage_abas_pilaw	94.79	98.08	0	KavCon-marriage_abas_pilaw_S31.mp3
KavCon-marriage_abas_pilaw	98.08	100.48	0	KavCon-marriage_abas_pilaw_S32.mp3
KavCon-marriage_abas_pilaw	100.48	101.77	0	KavCon-marriage_abas_pilaw_S33.mp3
KavCon-marriage_abas_pilaw	101.77	102.85	0	KavCon-marriage_abas_pilaw_S34.mp3
KavCon-marriage_abas_pilaw	102.85	103.26	0	KavCon-marriage_abas_pilaw_S35.mp3
KavCon-marriage_abas_pilaw	103.26	108.02	0	KavCon-marriage_abas_pilaw_S36.mp3
KavCon-marriage_abas_pilaw	108.02	109.85	0	KavCon-marriage_abas_pilaw_S37.mp3
KavCon-marriage_abas_pilaw	109.85	114.08	0	KavCon-marriage_abas_pilaw_S38.mp3
KavCon-marriage_abas_pilaw	114.08	120.61	0	KavCon-marriage_abas_pilaw_S39.mp3
KavCon-marriage_abas_pilaw	120.61	121.77	0	KavCon-marriage_abas_pilaw_S40.mp3
KavCon-marriage_abas_pilaw	121.77	124.54	0	KavCon-marriage_abas_pilaw_S41.mp3
KavCon-marriage_abas_pilaw	124.54	128.38	0	KavCon-marriage_abas_pilaw_S42.mp3
KavCon-marriage_abas_pilaw	128.38	129.92	0	KavCon-marriage_abas_pilaw_S43.mp3
KavCon-marriage_abas_pilaw	129.92	137.36	0	KavCon-marriage_abas_pilaw_S44.mp3
KavCon-marriage_abas_pilaw	137.36	145.25	0	KavCon-marriage_abas_pilaw_S45.mp3
KavCon-marriage_abas_pilaw	145.25	147.12	0	KavCon-marriage_abas_pilaw_S46.mp3
KavCon-marriage_abas_pilaw	147.12	150.92	0	KavCon-marriage_abas_pilaw_S47.mp3
KavCon-marriage_abas_pilaw	150.92	153.41	0	KavCon-marriage_abas_pilaw_S48.mp3
KavCon-marriage_abas_pilaw	153.41	160.8	0	KavCon-marriage_abas_pilaw_S49.mp3
KavCon-marriage_abas_pilaw	160.8	164.29	0	KavCon-marriage_abas_pilaw_S50.mp3
KavCon-marriage_abas_pilaw	164.29	165.85	0	KavCon-marriage_abas_pilaw_S51.mp3
KavCon-marriage_abas_pilaw	165.85	168.5	0	KavCon-marriage_abas_pilaw_S52.mp3
KavCon-marriage_abas_pilaw	168.5	173.57	0	KavCon-marriage_abas_pilaw_S53.mp3
KavCon-marriage_abas_pilaw	173.57	180.44	0	KavCon-marriage_abas_pilaw_S54.mp3
KavCon-marriage_abas_pilaw	180.44	184.43	0	KavCon-marriage_abas_pilaw_S55.mp3
KavCon-marriage_abas_pilaw	184.43	187.11	0	KavCon-marriage_abas_pilaw_S56.mp3
KavCon-marriage_abas_pilaw	187.11	190.25	0	KavCon-marriage_abas_pilaw_S57.mp3
KavCon-marriage_abas_pilaw	190.25	194.89	0	KavCon-marriage_abas_pilaw_S58.mp3
KavCon-marriage_abas_pilaw	194.89	200.62	0	KavCon-marriage_abas_pilaw_S59.mp3
KavCon-marriage_abas_pilaw	200.62	210.39	0	KavCon-marriage_abas_pilaw_S60.mp3
KavCon-marriage_abas_pilaw	210.39	212.83	0	KavCon-marriage_abas_pilaw_S61.mp3
KavCon-marriage_abas_pilaw	212.83	216.7	0	KavCon-marriage_abas_pilaw_S62.mp3
KavCon-marriage_abas_pilaw	216.7	218.78	0	KavCon-marriage_abas_pilaw_S63.mp3
KavCon-marriage_abas_pilaw	218.78	224.96	0	KavCon-marriage_abas_pilaw_S64.mp3
KavCon-marriage_abas_pilaw	224.96	227.91	0	KavCon-marriage_abas_pilaw_S65.mp3
KavCon-marriage_abas_pilaw	227.91	229.13	0	KavCon-marriage_abas_pilaw_S66.mp3
KavCon-marriage_abas_pilaw	229.13	235.03	0	KavCon-marriage_abas_pilaw_S67.mp3
KavCon-marriage_abas_pilaw	235.03	240.47	0	KavCon-marriage_abas_pilaw_S68.mp3
KavCon-marriage_abas_pilaw	240.47	241.81	0	KavCon-marriage_abas_pilaw_S69.mp3
KavCon-marriage_abas_pilaw	241.81	246.04	0	KavCon-marriage_abas_pilaw_S70.mp3
KavCon-marriage_abas_pilaw	246.04	248.81	0	KavCon-marriage_abas_pilaw_S71.mp3
KavCon-marriage_abas_pilaw	248.81	252.49	0	KavCon-marriage_abas_pilaw_S72.mp3
KavCon-marriage_abas_pilaw	252.49	259.33	0	KavCon-marriage_abas_pilaw_S73.mp3
KavCon-marriage_abas_pilaw	259.33	261.1	0	KavCon-marriage_abas_pilaw_S74.mp3
KavCon-marriage_abas_pilaw	261.1	262.38	0	KavCon-marriage_abas_pilaw_S75.mp3
KavCon-marriage_abas_pilaw	262.38	263.4	0	KavCon-marriage_abas_pilaw_S76.mp3
KavCon-marriage_abas_pilaw	263.4	274.1	0	KavCon-marriage_abas_pilaw_S77.mp3
KavCon-marriage_abas_pilaw	274.1	279.63	0	KavCon-marriage_abas_pilaw_S78.mp3
KavCon-marriage_abas_pilaw	279.63	281.89	0	KavCon-marriage_abas_pilaw_S79.mp3
KavCon-marriage_abas_pilaw	281.89	282.86	0	KavCon-marriage_abas_pilaw_S80.mp3
KavCon-marriage_abas_pilaw	282.86	284.22	0	KavCon-marriage_abas_pilaw_S81.mp3
KavCon-marriage_abas_pilaw	284.22	287.55	0	KavCon-marriage_abas_pilaw_S82.mp3
KavCon-marriage_abas_pilaw	287.55	289.67	0	KavCon-marriage_abas_pilaw_S83.mp3
KavCon-marriage_abas_pilaw	289.67	292.38	0	KavCon-marriage_abas_pilaw_S84.mp3
KavCon-marriage_abas_pilaw	292.38	296.14	0	KavCon-marriage_abas_pilaw_S85.mp3
KavCon-marriage_abas_pilaw	296.14	301.06	0	KavCon-marriage_abas_pilaw_S86.mp3
KavCon-marriage_abas_pilaw	301.06	304.87	0	KavCon-marriage_abas_pilaw_S87.mp3
KavCon-marriage_abas_pilaw	304.87	307.05	0	KavCon-marriage_abas_pilaw_S88.mp3
KavCon-marriage_abas_pilaw	307.05	309.88	0	KavCon-marriage_abas_pilaw_S89.mp3
KavCon-marriage_abas_pilaw	309.88	315.12	0	KavCon-marriage_abas_pilaw_S90.mp3
KavCon-marriage_abas_pilaw	315.12	323.88	0	KavCon-marriage_abas_pilaw_S91.mp3
KavCon-marriage_abas_pilaw	323.88	325.94	0	KavCon-marriage_abas_pilaw_S92.mp3
KavCon-marriage_abas_pilaw	325.94	328.14	0	KavCon-marriage_abas_pilaw_S93.mp3
KavCon-marriage_abas_pilaw	328.14	333.89	0	KavCon-marriage_abas_pilaw_S94.mp3
KavCon-marriage_abas_pilaw	333.89	336.55	0	KavCon-marriage_abas_pilaw_S95.mp3
KavCon-marriage_abas_pilaw	336.55	342.36	0	KavCon-marriage_abas_pilaw_S96.mp3
KavCon-marriage_abas_pilaw	342.36	346.79	0	KavCon-marriage_abas_pilaw_S97.mp3
KavCon-marriage_abas_pilaw	346.79	349.13	0	KavCon-marriage_abas_pilaw_S98.mp3
KavCon-marriage_abas_pilaw	349.13	350.26	0	KavCon-marriage_abas_pilaw_S99.mp3
KavCon-marriage_abas_pilaw	350.26	355.76	0	KavCon-marriage_abas_pilaw_S100.mp3
KavCon-marriage_abas_pilaw	355.76	358.08	0	KavCon-marriage_abas_pilaw_S101.mp3
KavCon-marriage_abas_pilaw	358.08	366.9	0	KavCon-marriage_abas_pilaw_S102.mp3
KavCon-marriage_abas_pilaw	366.9	368.18	0	KavCon-marriage_abas_pilaw_S103.mp3
KavCon-marriage_abas_pilaw	368.18	372.79	0	KavCon-marriage_abas_pilaw_S104.mp3
KavCon-marriage_abas_pilaw	372.79	375.85	0	KavCon-marriage_abas_pilaw_S105.mp3
KavCon-marriage_abas_pilaw	375.85	379.75	0	KavCon-marriage_abas_pilaw_S106.mp3
KavCon-marriage_abas_pilaw	379.75	384.08	0	KavCon-marriage_abas_pilaw_S107.mp3
KavCon-marriage_abas_pilaw	384.08	387.51	0	KavCon-marriage_abas_pilaw_S108.mp3
KavCon-marriage_abas_pilaw	387.51	390.26	0	KavCon-marriage_abas_pilaw_S109.mp3
KavCon-marriage_abas_pilaw	390.26	394.99	0	KavCon-marriage_abas_pilaw_S110.mp3
KavCon-marriage_abas_pilaw	394.99	412.81	0	KavCon-marriage_abas_pilaw_S111.mp3
KavCon-marriage_abas_pilaw	412.81	414.97	0	KavCon-marriage_abas_pilaw_S112.mp3
KavCon-marriage_abas_pilaw	414.97	419.42	0	KavCon-marriage_abas_pilaw_S113.mp3
KavCon-marriage_abas_pilaw	419.42	421.61	0	KavCon-marriage_abas_pilaw_S114.mp3
KavCon-marriage_abas_pilaw	421.61	425.67	0	KavCon-marriage_abas_pilaw_S115.mp3
KavCon-marriage_abas_pilaw	425.67	429.72	0	KavCon-marriage_abas_pilaw_S116.mp3
KavCon-marriage_abas_pilaw	429.72	431.13	0	KavCon-marriage_abas_pilaw_S117.mp3
KavCon-marriage_abas_pilaw	431.13	434.3	0	KavCon-marriage_abas_pilaw_S118.mp3
KavCon-marriage_abas_pilaw	434.3	436.67	0	KavCon-marriage_abas_pilaw_S119.mp3
KavCon-marriage_abas_pilaw	436.67	440.89	0	KavCon-marriage_abas_pilaw_S120.mp3
KavCon-marriage_abas_pilaw	440.89	447.64	0	KavCon-marriage_abas_pilaw_S121.mp3
KavCon-marriage_abas_pilaw	447.64	451.43	0	KavCon-marriage_abas_pilaw_S122.mp3
KavCon-marriage_abas_pilaw	451.43	453.88	0	KavCon-marriage_abas_pilaw_S123.mp3
KavCon-marriage_abas_pilaw	453.88	458.73	0	KavCon-marriage_abas_pilaw_S124.mp3
KavCon-marriage_abas_pilaw	458.73	463.2	0	KavCon-marriage_abas_pilaw_S125.mp3
KavCon-marriage_abas_pilaw	463.2	471.05	0	KavCon-marriage_abas_pilaw_S126.mp3
KavCon-marriage_abas_pilaw	471.05	472.97	0	KavCon-marriage_abas_pilaw_S127.mp3
KavCon-marriage_abas_pilaw	472.97	476.44	0	KavCon-marriage_abas_pilaw_S128.mp3
KavCon-marriage_abas_pilaw	476.44	477.31	0	KavCon-marriage_abas_pilaw_S129.mp3
KavCon-marriage_abas_pilaw	477.31	480.26	0	KavCon-marriage_abas_pilaw_S130.mp3
KavCon-marriage_abas_pilaw	480.26	482.61	0	KavCon-marriage_abas_pilaw_S131.mp3
KavCon-marriage_abas_pilaw	482.61	487.68	0	KavCon-marriage_abas_pilaw_S132.mp3
KavCon-marriage_abas_pilaw	487.68	489.82	0	KavCon-marriage_abas_pilaw_S133.mp3
KavCon-marriage_abas_pilaw	489.82	495.43	0	KavCon-marriage_abas_pilaw_S134.mp3
KavCon-marriage_abas_pilaw	495.43	499.35	0	KavCon-marriage_abas_pilaw_S135.mp3
KavCon-marriage_abas_pilaw	499.35	503.9	0	KavCon-marriage_abas_pilaw_S136.mp3
KavCon-marriage_abas_pilaw	503.9	506.65	0	KavCon-marriage_abas_pilaw_S137.mp3
KavCon-marriage_abas_pilaw	506.65	509.55	0	KavCon-marriage_abas_pilaw_S138.mp3
KavCon-marriage_abas_pilaw	509.55	512.84	0	KavCon-marriage_abas_pilaw_S139.mp3
KavCon-marriage_abas_pilaw	512.84	520.31	0	KavCon-marriage_abas_pilaw_S140.mp3
KavCon-marriage_abas_pilaw	520.31	522.27	0	KavCon-marriage_abas_pilaw_S141.mp3
KavCon-marriage_abas_pilaw	522.27	524.84	0	KavCon-marriage_abas_pilaw_S142.mp3
KavCon-marriage_abas_pilaw	524.84	530.64	0	KavCon-marriage_abas_pilaw_S143.mp3
KavCon-marriage_abas_pilaw	530.64	534.91	0	KavCon-marriage_abas_pilaw_S144.mp3
KavCon-marriage_abas_pilaw	534.91	537.16	0	KavCon-marriage_abas_pilaw_S145.mp3
KavCon-marriage_abas_pilaw	537.16	538.9	0	KavCon-marriage_abas_pilaw_S146.mp3
KavCon-marriage_abas_pilaw	538.9	543.43	0	KavCon-marriage_abas_pilaw_S147.mp3
KavCon-marriage_abas_pilaw	543.43	544.84	0	KavCon-marriage_abas_pilaw_S148.mp3
KavCon-marriage_abas_pilaw	544.84	547.33	0	KavCon-marriage_abas_pilaw_S149.mp3
KavCon-marriage_abas_pilaw	547.33	548.53	0	KavCon-marriage_abas_pilaw_S150.mp3
KavCon-marriage_abas_pilaw	548.53	551.4	0	KavCon-marriage_abas_pilaw_S151.mp3
KavCon-marriage_abas_pilaw	551.4	558.87	0	KavCon-marriage_abas_pilaw_S152.mp3
KavCon-marriage_abas_pilaw	558.87	564.2	0	KavCon-marriage_abas_pilaw_S153.mp3
KavCon-marriage_abas_pilaw	564.2	572.56	0	KavCon-marriage_abas_pilaw_S154.mp3
KavCon-marriage_abas_pilaw	572.56	576.95	0	KavCon-marriage_abas_pilaw_S155.mp3
KavCon-marriage_abas_pilaw	576.95	581.06	0	KavCon-marriage_abas_pilaw_S156.mp3
KavCon-marriage_abas_pilaw	581.06	585.66	0	KavCon-marriage_abas_pilaw_S157.mp3
KavCon-marriage_abas_pilaw	585.66	588.93	0	KavCon-marriage_abas_pilaw_S158.mp3
KavCon-marriage_abas_pilaw	588.93	593.38	0	KavCon-marriage_abas_pilaw_S159.mp3
KavCon-marriage_abas_pilaw	593.38	598.31	0	KavCon-marriage_abas_pilaw_S160.mp3
KavCon-marriage_abas_pilaw	598.31	603.6	0	KavCon-marriage_abas_pilaw_S161.mp3
KavCon-marriage_abas_pilaw	603.6	604.71	0	KavCon-marriage_abas_pilaw_S162.mp3
KavCon-marriage_abas_pilaw	604.71	606.46	0	KavCon-marriage_abas_pilaw_S163.mp3
KavCon-marriage_abas_pilaw	606.46	609.49	0	KavCon-marriage_abas_pilaw_S164.mp3
KavCon-marriage_abas_pilaw	609.49	612.74	0	KavCon-marriage_abas_pilaw_S165.mp3
KavCon-marriage_abas_pilaw	612.74	613.84	0	KavCon-marriage_abas_pilaw_S166.mp3
KavCon-marriage_abas_pilaw	613.84	614.53	0	KavCon-marriage_abas_pilaw_S167.mp3
KavCon-marriage_abas_pilaw	614.53	620.3	0	KavCon-marriage_abas_pilaw_S168.mp3
KavCon-marriage_abas_pilaw	620.3	634.39	0	KavCon-marriage_abas_pilaw_S169.mp3
KavCon-marriage_abas_pilaw	634.39	636.23	0	KavCon-marriage_abas_pilaw_S170.mp3
KavCon-marriage_abas_pilaw	636.23	638.8	0	KavCon-marriage_abas_pilaw_S171.mp3
KavCon-marriage_abas_pilaw	638.8	642.12	0	KavCon-marriage_abas_pilaw_S172.mp3
KavCon-marriage_abas_pilaw	642.12	645.98	0	KavCon-marriage_abas_pilaw_S173.mp3
KavCon-marriage_abas_pilaw	645.98	649.02	0	KavCon-marriage_abas_pilaw_S174.mp3
KavCon-marriage_abas_pilaw	649.02	665.16	0	KavCon-marriage_abas_pilaw_S175.mp3
KavCon-marriage_abas_pilaw	665.16	668.73	0	KavCon-marriage_abas_pilaw_S176.mp3
KavCon-marriage_abas_pilaw	668.73	673.99	0	KavCon-marriage_abas_pilaw_S177.mp3
KavCon-marriage_abas_pilaw	673.99	680.94	0	KavCon-marriage_abas_pilaw_S178.mp3
KavCon-marriage_abas_pilaw	680.94	685.98	0	KavCon-marriage_abas_pilaw_S179.mp3
KavCon-marriage_abas_pilaw	685.98	692.91	0	KavCon-marriage_abas_pilaw_S180.mp3
KavCon-marriage_abas_pilaw	692.91	698.93	0	KavCon-marriage_abas_pilaw_S181.mp3
KavCon-marriage_abas_pilaw	698.93	702.07	0	KavCon-marriage_abas_pilaw_S182.mp3
KavCon-marriage_abas_pilaw	702.07	705.57	0	KavCon-marriage_abas_pilaw_S183.mp3
KavCon-marriage_abas_pilaw	705.57	709.63	0	KavCon-marriage_abas_pilaw_S184.mp3
KavCon-marriage_abas_pilaw	709.63	711.2	0	KavCon-marriage_abas_pilaw_S185.mp3
KavCon-marriage_abas_pilaw	711.2	714.41	0	KavCon-marriage_abas_pilaw_S186.mp3
KavCon-marriage_abas_pilaw	714.41	720.8	0	KavCon-marriage_abas_pilaw_S187.mp3
KavCon-relatives_buya_ngengi	0.0	2.52	0	KavCon-relatives_buya_ngengi_S0.mp3
KavCon-relatives_buya_ngengi	2.52	4.13	0	KavCon-relatives_buya_ngengi_S1.mp3
KavCon-relatives_buya_ngengi	4.13	8.32	0	KavCon-relatives_buya_ngengi_S2.mp3
KavCon-relatives_buya_ngengi	8.32	10.7	0	KavCon-relatives_buya_ngengi_S3.mp3
KavCon-relatives_buya_ngengi	10.7	16.33	0	KavCon-relatives_buya_ngengi_S4.mp3
KavCon-relatives_buya_ngengi	16.33	16.95	0	KavCon-relatives_buya_ngengi_S5.mp3
KavCon-relatives_buya_ngengi	16.95	21.53	0	KavCon-relatives_buya_ngengi_S6.mp3
KavCon-relatives_buya_ngengi	21.53	26.49	0	KavCon-relatives_buya_ngengi_S7.mp3
KavCon-relatives_buya_ngengi	26.49	28.32	0	KavCon-relatives_buya_ngengi_S8.mp3
KavCon-relatives_buya_ngengi	28.32	31.68	0	KavCon-relatives_buya_ngengi_S9.mp3
KavCon-relatives_buya_ngengi	31.68	42.46	0	KavCon-relatives_buya_ngengi_S10.mp3
KavCon-relatives_buya_ngengi	42.46	44.51	0	KavCon-relatives_buya_ngengi_S11.mp3
KavCon-relatives_buya_ngengi	44.51	46.31	0	KavCon-relatives_buya_ngengi_S12.mp3
KavCon-relatives_buya_ngengi	46.31	50.59	0	KavCon-relatives_buya_ngengi_S13.mp3
KavCon-relatives_buya_ngengi	50.59	54.0	0	KavCon-relatives_buya_ngengi_S14.mp3
KavCon-relatives_buya_ngengi	54.0	54.26	0	KavCon-relatives_buya_ngengi_S15.mp3
KavCon-relatives_buya_ngengi	54.26	58.48	0	KavCon-relatives_buya_ngengi_S16.mp3
KavCon-relatives_buya_ngengi	58.48	59.43	0	KavCon-relatives_buya_ngengi_S17.mp3
KavCon-relatives_buya_ngengi	59.43	61.17	0	KavCon-relatives_buya_ngengi_S18.mp3
KavCon-relatives_buya_ngengi	61.17	62.01	0	KavCon-relatives_buya_ngengi_S19.mp3
KavCon-relatives_buya_ngengi	62.01	65.19	0	KavCon-relatives_buya_ngengi_S20.mp3
KavCon-relatives_buya_ngengi	65.19	68.63	0	KavCon-relatives_buya_ngengi_S21.mp3
KavCon-relatives_buya_ngengi	68.63	74.6	0	KavCon-relatives_buya_ngengi_S22.mp3
KavCon-relatives_buya_ngengi	74.6	77.75	0	KavCon-relatives_buya_ngengi_S23.mp3
KavCon-relatives_buya_ngengi	77.75	78.89	0	KavCon-relatives_buya_ngengi_S24.mp3
KavCon-relatives_buya_ngengi	59.43	61.17	1	KavCon-relatives_buya_ngengi_S25.mp3
KavCon-relatives_buya_ngengi	61.17	62.01	1	KavCon-relatives_buya_ngengi_S26.mp3
KavCon-relatives_buya_ngengi	62.01	65.19	1	KavCon-relatives_buya_ngengi_S27.mp3
KavCon-relatives_buya_ngengi	65.19	68.63	1	KavCon-relatives_buya_ngengi_S28.mp3
KavCon-relatives_buya_ngengi	68.63	74.6	1	KavCon-relatives_buya_ngengi_S29.mp3
KavCon-relatives_buya_ngengi	74.6	77.75	1	KavCon-relatives_buya_ngengi_S30.mp3
KavCon-relatives_buya_ngengi	77.75	78.89	1	KavCon-relatives_buya_ngengi_S31.mp3
KavCon-relatives_buya_ngengi	78.89	81.25	0	KavCon-relatives_buya_ngengi_S32.mp3
KavCon-relatives_buya_ngengi	81.25	84.88	0	KavCon-relatives_buya_ngengi_S33.mp3
KavCon-relatives_buya_ngengi	84.88	85.92	0	KavCon-relatives_buya_ngengi_S34.mp3
KavCon-relatives_buya_ngengi	85.92	93.29	0	KavCon-relatives_buya_ngengi_S35.mp3
KavCon-relatives_buya_ngengi	93.29	100.23	0	KavCon-relatives_buya_ngengi_S36.mp3
KavCon-relatives_buya_ngengi	100.23	105.9	0	KavCon-relatives_buya_ngengi_S37.mp3
KavCon-relatives_buya_ngengi	105.9	106.77	0	KavCon-relatives_buya_ngengi_S38.mp3
KavCon-relatives_buya_ngengi	106.77	110.62	0	KavCon-relatives_buya_ngengi_S39.mp3
KavCon-relatives_buya_ngengi	110.62	116.6	0	KavCon-relatives_buya_ngengi_S40.mp3
KavCon-relatives_buya_ngengi	116.6	117.11	0	KavCon-relatives_buya_ngengi_S41.mp3
KavCon-relatives_buya_ngengi	117.11	123.41	0	KavCon-relatives_buya_ngengi_S42.mp3
KavCon-relatives_buya_ngengi	123.41	126.5	0	KavCon-relatives_buya_ngengi_S43.mp3
KavCon-relatives_buya_ngengi	126.5	129.82	0	KavCon-relatives_buya_ngengi_S44.mp3
KavCon-relatives_buya_ngengi	133.02	134.65	0	KavCon-relatives_buya_ngengi_S46.mp3
KavCon-relatives_buya_ngengi	134.65	134.78	0	KavCon-relatives_buya_ngengi_S47.mp3
KavCon-relatives_buya_ngengi	134.78	138.58	0	KavCon-relatives_buya_ngengi_S48.mp3
KavCon-relatives_buya_ngengi	138.58	144.26	0	KavCon-relatives_buya_ngengi_S49.mp3
KavCon-relatives_buya_ngengi	144.26	149.02	0	KavCon-relatives_buya_ngengi_S50.mp3
KavCon-relatives_buya_ngengi	149.02	153.13	0	KavCon-relatives_buya_ngengi_S51.mp3
KavCon-relatives_buya_ngengi	153.13	153.8	0	KavCon-relatives_buya_ngengi_S52.mp3
KavCon-relatives_buya_ngengi	153.8	160.76	0	KavCon-relatives_buya_ngengi_S53.mp3
KavCon-relatives_buya_ngengi	160.76	167.35	0	KavCon-relatives_buya_ngengi_S54.mp3
KavCon-relatives_buya_ngengi	167.35	172.43	0	KavCon-relatives_buya_ngengi_S55.mp3
KavCon-relatives_buya_ngengi	172.43	176.31	0	KavCon-relatives_buya_ngengi_S56.mp3
KavCon-relatives_buya_ngengi	176.31	183.0	0	KavCon-relatives_buya_ngengi_S57.mp3
KavCon-relatives_buya_ngengi	183.0	188.87	0	KavCon-relatives_buya_ngengi_S58.mp3
KavCon-relatives_buya_ngengi	189.93	192.71	0	KavCon-relatives_buya_ngengi_S60.mp3
KavCon-relatives_buya_ngengi	192.71	196.11	0	KavCon-relatives_buya_ngengi_S61.mp3
KavCon-relatives_buya_ngengi	196.11	197.7	0	KavCon-relatives_buya_ngengi_S62.mp3
KavCon-relatives_buya_ngengi	197.7	201.08	0	KavCon-relatives_buya_ngengi_S63.mp3
KavCon-relatives_buya_ngengi	201.08	206.66	0	KavCon-relatives_buya_ngengi_S64.mp3
KavCon-relatives_buya_ngengi	208.98	212.55	0	KavCon-relatives_buya_ngengi_S66.mp3
KavCon-relatives_buya_ngengi	214.25	223.5	0	KavCon-relatives_buya_ngengi_S68.mp3
KavCon-relatives_buya_ngengi	223.5	225.06	0	KavCon-relatives_buya_ngengi_S69.mp3
KavCon-relatives_buya_ngengi	225.06	230.8	0	KavCon-relatives_buya_ngengi_S70.mp3
KavCon-relatives_buya_ngengi	230.8	235.85	0	KavCon-relatives_buya_ngengi_S71.mp3
KavCon-relatives_buya_ngengi	235.85	238.6	0	KavCon-relatives_buya_ngengi_S72.mp3
KavCon-relatives_buya_ngengi	238.6	243.16	0	KavCon-relatives_buya_ngengi_S73.mp3
KavCon-relatives_buya_ngengi	243.16	245.96	0	KavCon-relatives_buya_ngengi_S74.mp3
KavCon-relatives_buya_ngengi	245.96	250.78	0	KavCon-relatives_buya_ngengi_S75.mp3
KavCon-relatives_buya_ngengi	250.78	251.08	0	KavCon-relatives_buya_ngengi_S76.mp3
KavCon-relatives_buya_ngengi	251.08	251.52	0	KavCon-relatives_buya_ngengi_S77.mp3
KavCon-relatives_buya_ngengi	251.52	253.96	0	KavCon-relatives_buya_ngengi_S78.mp3
KavCon-relatives_buya_ngengi	253.96	264.79	0	KavCon-relatives_buya_ngengi_S79.mp3
KavCon-relatives_buya_ngengi	264.79	269.57	0	KavCon-relatives_buya_ngengi_S80.mp3
KavCon-relatives_buya_ngengi	269.57	274.68	0	KavCon-relatives_buya_ngengi_S81.mp3
KavCon-relatives_buya_ngengi	274.68	279.02	0	KavCon-relatives_buya_ngengi_S82.mp3
KavCon-relatives_buya_ngengi	280.02	281.36	0	KavCon-relatives_buya_ngengi_S83.mp3
KavCon-relatives_buya_ngengi	281.36	284.21	0	KavCon-relatives_buya_ngengi_S84.mp3
KavCon-relatives_buya_ngengi	284.21	295.75	0	KavCon-relatives_buya_ngengi_S85.mp3
KavCon-relatives_buya_ngengi	295.75	300.51	0	KavCon-relatives_buya_ngengi_S86.mp3
KavCon-relatives_buya_ngengi	300.51	308.46	0	KavCon-relatives_buya_ngengi_S87.mp3
KavCon-relatives_buya_ngengi	308.46	315.63	0	KavCon-relatives_buya_ngengi_S88.mp3
KavCon-relatives_buya_ngengi	315.63	317.81	0	KavCon-relatives_buya_ngengi_S89.mp3
KavCon-relatives_buya_ngengi	317.81	324.81	0	KavCon-relatives_buya_ngengi_S90.mp3
KavCon-relatives_buya_ngengi	324.81	328.98	0	KavCon-relatives_buya_ngengi_S91.mp3
KavCon-relatives_buya_ngengi	328.98	335.05	0	KavCon-relatives_buya_ngengi_S92.mp3
KavCon-relatives_buya_ngengi	335.05	339.55	0	KavCon-relatives_buya_ngengi_S93.mp3
KavCon-relatives_buya_ngengi	339.55	341.56	0	KavCon-relatives_buya_ngengi_S94.mp3
KavCon-relatives_buya_ngengi	345.49	350.87	0	KavCon-relatives_buya_ngengi_S95.mp3
KavCon-relatives_buya_ngengi	350.87	355.51	0	KavCon-relatives_buya_ngengi_S96.mp3
KavCon-relatives_buya_ngengi	355.51	358.0	0	KavCon-relatives_buya_ngengi_S97.mp3
KavCon-relatives_buya_ngengi	358.0	361.02	0	KavCon-relatives_buya_ngengi_S98.mp3
KavCon-relatives_buya_ngengi	361.02	363.36	0	KavCon-relatives_buya_ngengi_S99.mp3
KavCon-relatives_buya_ngengi	363.36	371.47	0	KavCon-relatives_buya_ngengi_S100.mp3
KavCon-relatives_buya_ngengi	371.47	372.9	0	KavCon-relatives_buya_ngengi_S101.mp3
KavCon-relatives_buya_ngengi	372.9	381.03	0	KavCon-relatives_buya_ngengi_S102.mp3
KavCon-relatives_buya_ngengi	381.03	385.58	0	KavCon-relatives_buya_ngengi_S103.mp3
KavCon-relatives_buya_ngengi	385.58	390.86	0	KavCon-relatives_buya_ngengi_S104.mp3
KavCon-relatives_buya_ngengi	390.86	394.35	0	KavCon-relatives_buya_ngengi_S105.mp3
KavCon-relatives_buya_ngengi	394.35	395.67	0	KavCon-relatives_buya_ngengi_S106.mp3
KavCon-relatives_buya_ngengi	395.67	400.31	0	KavCon-relatives_buya_ngengi_S107.mp3
KavCon-relatives_buya_ngengi	400.31	406.76	0	KavCon-relatives_buya_ngengi_S108.mp3
KavCon-relatives_buya_ngengi	406.76	412.9	0	KavCon-relatives_buya_ngengi_S109.mp3
KavCon-relatives_buya_ngengi	412.9	414.76	0	KavCon-relatives_buya_ngengi_S110.mp3
KavCon-relatives_buya_ngengi	414.76	418.61	0	KavCon-relatives_buya_ngengi_S111.mp3
KavCon-relatives_buya_ngengi	418.61	421.95	0	KavCon-relatives_buya_ngengi_S112.mp3
KavCon-relatives_buya_ngengi	421.95	425.06	0	KavCon-relatives_buya_ngengi_S113.mp3
KavCon-relatives_buya_ngengi	425.06	429.79	0	KavCon-relatives_buya_ngengi_S114.mp3
KavCon-relatives_buya_ngengi	425.06	429.79	1	KavCon-relatives_buya_ngengi_S115.mp3
KavCon-relatives_buya_ngengi	429.79	434.22	0	KavCon-relatives_buya_ngengi_S116.mp3
KavCon-relatives_buya_ngengi	436.23	442.39	0	KavCon-relatives_buya_ngengi_S118.mp3
KavCon-relatives_buya_ngengi	442.39	447.87	0	KavCon-relatives_buya_ngengi_S119.mp3
KavCon-relatives_buya_ngengi	447.87	450.64	0	KavCon-relatives_buya_ngengi_S120.mp3
KavCon-relatives_buya_ngengi	450.64	453.1	0	KavCon-relatives_buya_ngengi_S121.mp3
KavCon-relatives_buya_ngengi	453.1	456.78	0	KavCon-relatives_buya_ngengi_S122.mp3
KavCon-relatives_buya_ngengi	456.78	460.64	0	KavCon-relatives_buya_ngengi_S123.mp3
KavCon-relatives_buya_ngengi	460.64	463.95	0	KavCon-relatives_buya_ngengi_S124.mp3
KavCon-relatives_buya_ngengi	463.95	467.03	0	KavCon-relatives_buya_ngengi_S125.mp3
KavCon-relatives_buya_ngengi	471.92	476.25	0	KavCon-relatives_buya_ngengi_S126.mp3
KavCon-relatives_buya_ngengi	476.25	483.31	0	KavCon-relatives_buya_ngengi_S127.mp3
KavCon-relatives_buya_ngengi	483.31	486.03	0	KavCon-relatives_buya_ngengi_S128.mp3
KavCon-relatives_buya_ngengi	486.03	488.5	0	KavCon-relatives_buya_ngengi_S129.mp3
KavCon-relatives_buya_ngengi	488.5	495.02	0	KavCon-relatives_buya_ngengi_S130.mp3
KavCon-relatives_buya_ngengi	495.02	499.2	0	KavCon-relatives_buya_ngengi_S131.mp3
KavCon-relatives_buya_ngengi	499.2	500.81	0	KavCon-relatives_buya_ngengi_S132.mp3
KavCon-relatives_buya_ngengi	500.81	509.74	0	KavCon-relatives_buya_ngengi_S133.mp3
KavCon-relatives_buya_ngengi	509.74	516.68	0	KavCon-relatives_buya_ngengi_S134.mp3
KavCon-relatives_buya_ngengi	516.68	522.47	0	KavCon-relatives_buya_ngengi_S135.mp3
KavCon-relatives_buya_ngengi	522.47	528.29	0	KavCon-relatives_buya_ngengi_S136.mp3
KavCon-relatives_buya_ngengi	528.29	530.65	0	KavCon-relatives_buya_ngengi_S137.mp3
KavCon-relatives_buya_ngengi	530.65	540.23	0	KavCon-relatives_buya_ngengi_S138.mp3
KavCon-relatives_buya_ngengi	540.23	540.52	0	KavCon-relatives_buya_ngengi_S139.mp3
KavCon-relatives_buya_ngengi	540.52	541.08	0	KavCon-relatives_buya_ngengi_S140.mp3
KavCon-relatives_buya_ngengi	541.08	543.52	0	KavCon-relatives_buya_ngengi_S141.mp3
KavCon-relatives_buya_ngengi	543.52	549.02	0	KavCon-relatives_buya_ngengi_S142.mp3
KavCon-relatives_buya_ngengi	549.02	551.22	0	KavCon-relatives_buya_ngengi_S143.mp3
KavCon-relatives_buya_ngengi	551.22	554.79	0	KavCon-relatives_buya_ngengi_S144.mp3
KavCon-relatives_buya_ngengi	554.79	558.83	0	KavCon-relatives_buya_ngengi_S145.mp3
KavCon-relatives_buya_ngengi	558.83	559.84	0	KavCon-relatives_buya_ngengi_S146.mp3
KavCon-relatives_buya_ngengi	559.84	564.5	0	KavCon-relatives_buya_ngengi_S147.mp3
KavCon-relatives_buya_ngengi	564.5	567.76	0	KavCon-relatives_buya_ngengi_S148.mp3
KavCon-relatives_buya_ngengi	567.76	572.19	0	KavCon-relatives_buya_ngengi_S149.mp3
KavCon-relatives_buya_ngengi	572.19	578.07	0	KavCon-relatives_buya_ngengi_S150.mp3
KavCon-relatives_buya_ngengi	578.07	581.81	0	KavCon-relatives_buya_ngengi_S151.mp3
KavCon-relatives_buya_ngengi	581.81	586.32	0	KavCon-relatives_buya_ngengi_S152.mp3
KavCon-relatives_buya_ngengi	586.32	589.9	0	KavCon-relatives_buya_ngengi_S153.mp3
KavCon-relatives_buya_ngengi	589.9	591.67	0	KavCon-relatives_buya_ngengi_S154.mp3
KavCon-relatives_buya_ngengi	591.67	595.65	0	KavCon-relatives_buya_ngengi_S155.mp3
KavCon-relatives_buya_ngengi	595.65	599.36	0	KavCon-relatives_buya_ngengi_S156.mp3
KavCon-relatives_buya_ngengi	599.36	601.04	0	KavCon-relatives_buya_ngengi_S157.mp3
KavCon-relatives_buya_ngengi	599.36	601.04	1	KavCon-relatives_buya_ngengi_S158.mp3
KavCon-relatives_buya_ngengi	599.36	601.04	2	KavCon-relatives_buya_ngengi_S159.mp3
KavCon-relatives_buya_ngengi	599.36	601.04	3	KavCon-relatives_buya_ngengi_S160.mp3
KavCon-relatives_buya_ngengi	599.36	601.04	4	KavCon-relatives_buya_ngengi_S161.mp3
KavCon-relatives_buya_ngengi	601.04	605.36	0	KavCon-relatives_buya_ngengi_S162.mp3
KavCon-relatives_buya_ngengi	605.36	608.06	0	KavCon-relatives_buya_ngengi_S163.mp3
KavCon-relatives_buya_ngengi	608.06	611.43	0	KavCon-relatives_buya_ngengi_S164.mp3
KavCon-relatives_buya_ngengi	611.43	621.87	0	KavCon-relatives_buya_ngengi_S165.mp3
KavCon-relatives_buya_ngengi	621.87	636.32	0	KavCon-relatives_buya_ngengi_S166.mp3
KavCon-relatives_buya_ngengi	636.32	639.89	0	KavCon-relatives_buya_ngengi_S167.mp3
KavCon-relatives_buya_ngengi	639.89	649.8	0	KavCon-relatives_buya_ngengi_S168.mp3
KavCon-relatives_buya_ngengi	649.8	650.55	0	KavCon-relatives_buya_ngengi_S169.mp3
KavCon-relatives_buya_ngengi	650.55	653.62	0	KavCon-relatives_buya_ngengi_S170.mp3
KavCon-relatives_buya_ngengi	653.62	658.8	0	KavCon-relatives_buya_ngengi_S171.mp3
KavCon-relatives_buya_ngengi	658.8	660.91	0	KavCon-relatives_buya_ngengi_S172.mp3
KavCon-relatives_buya_ngengi	660.91	665.54	0	KavCon-relatives_buya_ngengi_S173.mp3
KavCon-relatives_buya_ngengi	665.54	672.46	0	KavCon-relatives_buya_ngengi_S174.mp3
KavCon-relatives_buya_ngengi	672.46	682.23	0	KavCon-relatives_buya_ngengi_S175.mp3
KavCon-relatives_buya_ngengi	682.23	684.57	0	KavCon-relatives_buya_ngengi_S176.mp3
KavCon-relatives_buya_ngengi	684.57	685.64	0	KavCon-relatives_buya_ngengi_S177.mp3
KavCon-relatives_buya_ngengi	685.64	688.12	0	KavCon-relatives_buya_ngengi_S178.mp3
KavCon-relatives_buya_ngengi	688.12	693.07	0	KavCon-relatives_buya_ngengi_S179.mp3
KavCon-relatives_buya_ngengi	693.07	699.28	0	KavCon-relatives_buya_ngengi_S180.mp3
KavCon-relatives_buya_ngengi	699.28	704.65	0	KavCon-relatives_buya_ngengi_S181.mp3
KavCon-relatives_buya_ngengi	704.65	709.93	0	KavCon-relatives_buya_ngengi_S182.mp3
KavCon-relatives_buya_ngengi	709.93	712.82	0	KavCon-relatives_buya_ngengi_S183.mp3
KavCon-relatives_buya_ngengi	715.99	717.45	0	KavCon-relatives_buya_ngengi_S184.mp3
KavCon-relatives_buya_ngengi	717.45	723.44	0	KavCon-relatives_buya_ngengi_S185.mp3
KavCon-relatives_buya_ngengi	723.44	727.33	0	KavCon-relatives_buya_ngengi_S186.mp3
KavCon-relatives_buya_ngengi	727.33	729.88	0	KavCon-relatives_buya_ngengi_S187.mp3
KavCon-relatives_buya_ngengi	729.88	736.4	0	KavCon-relatives_buya_ngengi_S188.mp3
KavCon-relatives_buya_ngengi	736.4	741.38	0	KavCon-relatives_buya_ngengi_S189.mp3
KavCon-relatives_buya_ngengi	741.38	747.2	0	KavCon-relatives_buya_ngengi_S190.mp3
KavCon-relatives_buya_ngengi	747.2	748.75	0	KavCon-relatives_buya_ngengi_S191.mp3
KavCon-relatives_buya_ngengi	748.75	753.56	0	KavCon-relatives_buya_ngengi_S192.mp3
KavCon-relatives_buya_ngengi	753.56	760.63	0	KavCon-relatives_buya_ngengi_S193.mp3
KavCon-relatives_buya_ngengi	760.63	763.58	0	KavCon-relatives_buya_ngengi_S194.mp3
KavCon-relatives_buya_ngengi	763.58	774.62	0	KavCon-relatives_buya_ngengi_S195.mp3
KavCon-relatives_buya_ngengi	777.29	779.81	0	KavCon-relatives_buya_ngengi_S196.mp3
KavCon-relatives_buya_ngengi	779.81	782.79	0	KavCon-relatives_buya_ngengi_S197.mp3
KavCon-relatives_buya_ngengi	782.79	785.92	0	KavCon-relatives_buya_ngengi_S198.mp3
KavCon-relatives_buya_ngengi	785.92	789.69	0	KavCon-relatives_buya_ngengi_S199.mp3
KavCon-relatives_buya_ngengi	789.69	793.54	0	KavCon-relatives_buya_ngengi_S200.mp3
KavCon-relatives_buya_ngengi	793.54	797.52	0	KavCon-relatives_buya_ngengi_S201.mp3
KavCon-relatives_buya_ngengi	797.52	801.81	0	KavCon-relatives_buya_ngengi_S202.mp3
KavCon-relatives_buya_ngengi	801.81	805.47	0	KavCon-relatives_buya_ngengi_S203.mp3
KavCon-relatives_buya_ngengi	805.47	807.77	0	KavCon-relatives_buya_ngengi_S204.mp3
KavCon-relatives_buya_ngengi	807.77	812.38	0	KavCon-relatives_buya_ngengi_S205.mp3
KavCon-relatives_buya_ngengi	815.2	821.47	0	KavCon-relatives_buya_ngengi_S206.mp3
KavCon-relatives_buya_ngengi	821.47	825.65	0	KavCon-relatives_buya_ngengi_S207.mp3
KavCon-relatives_buya_ngengi	825.65	837.37	0	KavCon-relatives_buya_ngengi_S208.mp3
KavCon-relatives_buya_ngengi	837.37	840.82	0	KavCon-relatives_buya_ngengi_S209.mp3
KavCon-relatives_buya_ngengi	840.82	846.69	0	KavCon-relatives_buya_ngengi_S210.mp3
KavCon-relatives_buya_ngengi	846.69	846.72	0	KavCon-relatives_buya_ngengi_S211.mp3
KavCon-relatives_buya_ngengi	846.72	850.59	0	KavCon-relatives_buya_ngengi_S212.mp3
KavCon-relatives_buya_ngengi	852.18	852.36	0	KavCon-relatives_buya_ngengi_S213.mp3
KavCon-relatives_buya_ngengi	852.36	857.16	0	KavCon-relatives_buya_ngengi_S214.mp3
KavCon-relatives_buya_ngengi	857.16	862.57	0	KavCon-relatives_buya_ngengi_S215.mp3
KavCon-relatives_buya_ngengi	862.57	864.91	0	KavCon-relatives_buya_ngengi_S216.mp3
KavCon-relatives_buya_ngengi	864.91	867.31	0	KavCon-relatives_buya_ngengi_S217.mp3
KavCon-relatives_buya_ngengi	867.31	871.63	0	KavCon-relatives_buya_ngengi_S218.mp3
KavCon-relatives_buya_ngengi	871.63	875.4	0	KavCon-relatives_buya_ngengi_S219.mp3
KavCon-relatives_buya_ngengi	875.4	881.04	0	KavCon-relatives_buya_ngengi_S220.mp3
KavCon-relatives_buya_ngengi	881.04	882.83	0	KavCon-relatives_buya_ngengi_S221.mp3
KavCon-relatives_buya_ngengi	882.83	885.59	0	KavCon-relatives_buya_ngengi_S222.mp3
KavCon-relatives_buya_ngengi	885.59	892.04	0	KavCon-relatives_buya_ngengi_S223.mp3
KavCon-relatives_buya_ngengi	892.04	894.77	0	KavCon-relatives_buya_ngengi_S224.mp3
KavCon-relatives_buya_ngengi	894.77	896.14	0	KavCon-relatives_buya_ngengi_S225.mp3
KavCon-relatives_buya_ngengi	896.14	902.8	0	KavCon-relatives_buya_ngengi_S226.mp3
KavCon-relatives_buya_ngengi	902.8	905.53	0	KavCon-relatives_buya_ngengi_S227.mp3
KavCon-relatives_buya_ngengi	905.53	908.09	0	KavCon-relatives_buya_ngengi_S228.mp3
KavCon-relatives_buya_ngengi	908.09	909.79	0	KavCon-relatives_buya_ngengi_S229.mp3
KavCon-relatives_buya_ngengi	909.79	911.76	0	KavCon-relatives_buya_ngengi_S230.mp3
KavCon-relatives_buya_ngengi	911.76	914.41	0	KavCon-relatives_buya_ngengi_S231.mp3
KavCon-relatives_buya_ngengi	914.41	915.94	0	KavCon-relatives_buya_ngengi_S232.mp3
KavCon-relatives_buya_ngengi	915.94	922.21	0	KavCon-relatives_buya_ngengi_S233.mp3
KavCon-relatives_buya_ngengi	922.21	925.69	0	KavCon-relatives_buya_ngengi_S234.mp3
KavCon-relatives_buya_ngengi	925.69	935.35	0	KavCon-relatives_buya_ngengi_S235.mp3
KavCon-relatives_buya_ngengi	935.35	939.58	0	KavCon-relatives_buya_ngengi_S236.mp3
KavCon-relatives_buya_ngengi	939.58	942.38	0	KavCon-relatives_buya_ngengi_S237.mp3
KavCon-relatives_buya_ngengi	942.38	945.56	0	KavCon-relatives_buya_ngengi_S238.mp3
KavCon-relatives_buya_ngengi	945.56	951.23	0	KavCon-relatives_buya_ngengi_S239.mp3
KavCon-relatives_buya_ngengi	951.23	957.05	0	KavCon-relatives_buya_ngengi_S240.mp3
KavCon-relatives_buya_ngengi	957.05	959.25	0	KavCon-relatives_buya_ngengi_S241.mp3
KavCon-relatives_buya_ngengi	959.25	962.89	0	KavCon-relatives_buya_ngengi_S242.mp3
KavCon-relatives_buya_ngengi	962.89	971.41	0	KavCon-relatives_buya_ngengi_S243.mp3
KavCon-relatives_buya_ngengi	971.41	973.12	0	KavCon-relatives_buya_ngengi_S244.mp3
KavCon-relatives_buya_ngengi	973.12	975.13	0	KavCon-relatives_buya_ngengi_S245.mp3
KavCon-relatives_buya_ngengi	975.13	975.6	0	KavCon-relatives_buya_ngengi_S246.mp3
KavCon-relatives_buya_ngengi	975.6	980.63	0	KavCon-relatives_buya_ngengi_S247.mp3
KavCon-relatives_buya_ngengi	980.63	984.31	0	KavCon-relatives_buya_ngengi_S248.mp3
KavCon-relatives_buya_ngengi	984.31	984.86	0	KavCon-relatives_buya_ngengi_S249.mp3
KavCon-relatives_buya_ngengi	984.86	988.43	0	KavCon-relatives_buya_ngengi_S250.mp3
KavCon-relatives_buya_ngengi	988.43	993.22	0	KavCon-relatives_buya_ngengi_S251.mp3
KavCon-relatives_buya_ngengi	993.22	994.93	0	KavCon-relatives_buya_ngengi_S252.mp3
KavCon-relatives_buya_ngengi	994.93	996.46	0	KavCon-relatives_buya_ngengi_S253.mp3
KavCon-relatives_buya_ngengi	996.46	1003.11	0	KavCon-relatives_buya_ngengi_S254.mp3
KavCon-relatives_buya_ngengi	1003.11	1005.95	0	KavCon-relatives_buya_ngengi_S255.mp3
KavCon-relatives_buya_ngengi	1005.95	1007.33	0	KavCon-relatives_buya_ngengi_S256.mp3
KavCon-relatives_buya_ngengi	1007.33	1010.07	0	KavCon-relatives_buya_ngengi_S257.mp3
KavCon-relatives_buya_ngengi	1010.07	1013.44	0	KavCon-relatives_buya_ngengi_S258.mp3
KavCon-relatives_buya_ngengi	1013.44	1015.73	0	KavCon-relatives_buya_ngengi_S259.mp3
KavCon-relatives_buya_ngengi	1015.73	1018.23	0	KavCon-relatives_buya_ngengi_S260.mp3
KavCon-relatives_buya_ngengi	1018.23	1024.32	0	KavCon-relatives_buya_ngengi_S261.mp3
KavCon-relatives_buya_ngengi	1024.32	1025.85	0	KavCon-relatives_buya_ngengi_S262.mp3
KavCon-relatives_buya_ngengi	1025.85	1027.18	0	KavCon-relatives_buya_ngengi_S263.mp3
KavCon-relatives_buya_ngengi	1027.18	1029.62	0	KavCon-relatives_buya_ngengi_S264.mp3
KavCon-relatives_buya_ngengi	1029.62	1033.12	0	KavCon-relatives_buya_ngengi_S265.mp3
KavCon-relatives_buya_ngengi	1033.12	1039.55	0	KavCon-relatives_buya_ngengi_S266.mp3
KavCon-relatives_buya_ngengi	1039.55	1041.74	0	KavCon-relatives_buya_ngengi_S267.mp3
KavCon-relatives_buya_ngengi	1041.74	1044.41	0	KavCon-relatives_buya_ngengi_S268.mp3
KavCon-relatives_buya_ngengi	1044.41	1049.29	0	KavCon-relatives_buya_ngengi_S269.mp3
KavCon-relatives_buya_ngengi	1049.29	1052.29	0	KavCon-relatives_buya_ngengi_S270.mp3
KavCon-relatives_buya_ngengi	1052.29	1055.45	0	KavCon-relatives_buya_ngengi_S271.mp3
KavCon-relatives_buya_ngengi	1055.45	1059.05	0	KavCon-relatives_buya_ngengi_S272.mp3
KavCon-relatives_buya_ngengi	1059.05	1063.35	0	KavCon-relatives_buya_ngengi_S273.mp3
KavCon-relatives_buya_ngengi	1063.35	1063.79	0	KavCon-relatives_buya_ngengi_S274.mp3
KavCon-relatives_buya_ngengi	1063.79	1066.91	0	KavCon-relatives_buya_ngengi_S275.mp3
KavCon-relatives_buya_ngengi	1066.91	1068.26	0	KavCon-relatives_buya_ngengi_S276.mp3
KavCon-relatives_buya_ngengi	1068.26	1070.77	0	KavCon-relatives_buya_ngengi_S277.mp3
KavCon-relatives_buya_ngengi	1070.77	1075.44	0	KavCon-relatives_buya_ngengi_S278.mp3
KavCon-relatives_buya_ngengi	1075.44	1077.87	0	KavCon-relatives_buya_ngengi_S279.mp3
KavCon-relatives_buya_ngengi	1077.87	1081.01	0	KavCon-relatives_buya_ngengi_S280.mp3
KavCon-relatives_buya_ngengi	1081.01	1082.63	0	KavCon-relatives_buya_ngengi_S281.mp3
KavCon-relatives_buya_ngengi	1082.63	1090.38	0	KavCon-relatives_buya_ngengi_S282.mp3
KavCon-relatives_buya_ngengi	1090.38	1096.67	0	KavCon-relatives_buya_ngengi_S283.mp3
KavCon-relatives_buya_ngengi	1096.67	1101.84	0	KavCon-relatives_buya_ngengi_S284.mp3
KavCon-relatives_buya_ngengi	1101.84	1108.36	0	KavCon-relatives_buya_ngengi_S285.mp3
KavCon-relatives_buya_ngengi	1108.36	1111.21	0	KavCon-relatives_buya_ngengi_S286.mp3
KavCon-relatives_buya_ngengi	1111.21	1118.39	0	KavCon-relatives_buya_ngengi_S287.mp3
KavCon-relatives_buya_ngengi	1118.39	1123.64	0	KavCon-relatives_buya_ngengi_S288.mp3
KavCon-relatives_buya_ngengi	1123.64	1126.82	0	KavCon-relatives_buya_ngengi_S289.mp3
KavCon-relatives_buya_ngengi	1126.82	1131.72	0	KavCon-relatives_buya_ngengi_S290.mp3
KavCon-relatives_buya_ngengi	1131.72	1133.87	0	KavCon-relatives_buya_ngengi_S291.mp3
KavCon-relatives_buya_ngengi	1133.87	1137.15	0	KavCon-relatives_buya_ngengi_S292.mp3
KavCon-relatives_buya_ngengi	1137.15	1138.68	0	KavCon-relatives_buya_ngengi_S293.mp3
KavCon-relatives_buya_ngengi	1138.68	1141.26	0	KavCon-relatives_buya_ngengi_S294.mp3
KavCon-relatives_buya_ngengi	1141.26	1146.77	0	KavCon-relatives_buya_ngengi_S295.mp3
KavCon-relatives_buya_ngengi	1146.77	1148.67	0	KavCon-relatives_buya_ngengi_S296.mp3
KavCon-relatives_buya_ngengi	1148.67	1154.32	0	KavCon-relatives_buya_ngengi_S297.mp3
KavCon-relatives_buya_ngengi	1154.32	1158.15	0	KavCon-relatives_buya_ngengi_S298.mp3
KavCon-relatives_buya_ngengi	1158.15	1161.66	0	KavCon-relatives_buya_ngengi_S299.mp3
KavCon-relatives_buya_ngengi	1161.66	1165.34	0	KavCon-relatives_buya_ngengi_S300.mp3
KavCon-relatives_buya_ngengi	1165.34	1168.71	0	KavCon-relatives_buya_ngengi_S301.mp3
KavCon-relatives_buya_ngengi	1168.71	1173.74	0	KavCon-relatives_buya_ngengi_S302.mp3
KavCon-relatives_buya_ngengi	1173.74	1175.71	0	KavCon-relatives_buya_ngengi_S303.mp3
KavCon-relatives_buya_ngengi	1175.71	1186.44	0	KavCon-relatives_buya_ngengi_S304.mp3
KavCon-relatives_buya_ngengi	1186.44	1192.21	0	KavCon-relatives_buya_ngengi_S305.mp3
KavCon-relatives_buya_ngengi	1192.21	1196.34	0	KavCon-relatives_buya_ngengi_S306.mp3
KavCon-relatives_buya_ngengi	1196.34	1199.42	0	KavCon-relatives_buya_ngengi_S307.mp3
KavCon-relatives_buya_ngengi	1199.42	1202.62	0	KavCon-relatives_buya_ngengi_S308.mp3
KavCon-relatives_buya_ngengi	1202.62	1205.22	0	KavCon-relatives_buya_ngengi_S309.mp3
KavCon-relatives_buya_ngengi	1205.22	1213.23	0	KavCon-relatives_buya_ngengi_S310.mp3
KavCon-relatives_buya_ngengi	1213.23	1216.46	0	KavCon-relatives_buya_ngengi_S311.mp3
KavCon-relatives_buya_ngengi	1216.46	1225.06	0	KavCon-relatives_buya_ngengi_S312.mp3
KavCon-relatives_buya_ngengi	1225.06	1231.09	0	KavCon-relatives_buya_ngengi_S313.mp3
KavCon-relatives_buya_ngengi	1231.09	1235.24	0	KavCon-relatives_buya_ngengi_S314.mp3
KavCon-relatives_buya_ngengi	1235.24	1241.82	0	KavCon-relatives_buya_ngengi_S315.mp3
KavCon-relatives_buya_ngengi	1241.82	1244.2	0	KavCon-relatives_buya_ngengi_S316.mp3
KavCon-relatives_buya_ngengi	1244.2	1247.26	0	KavCon-relatives_buya_ngengi_S317.mp3
KavCon-relatives_buya_ngengi	1247.26	1248.65	0	KavCon-relatives_buya_ngengi_S318.mp3
KavCon-relatives_buya_ngengi	1248.65	1251.03	0	KavCon-relatives_buya_ngengi_S319.mp3
KavCon-relatives_buya_ngengi	1251.03	1255.69	0	KavCon-relatives_buya_ngengi_S320.mp3
KavCon-relatives_buya_ngengi	1255.69	1257.17	0	KavCon-relatives_buya_ngengi_S321.mp3
KavCon-relatives_buya_ngengi	1257.17	1259.44	0	KavCon-relatives_buya_ngengi_S322.mp3
KavCon-relatives_buya_ngengi	1259.44	1264.82	0	KavCon-relatives_buya_ngengi_S323.mp3
KavCon-relatives_buya_ngengi	1264.82	1270.24	0	KavCon-relatives_buya_ngengi_S324.mp3
KavCon-relatives_buya_ngengi	1270.24	1270.68	0	KavCon-relatives_buya_ngengi_S325.mp3
KavCon-relatives_buya_ngengi	1270.68	1274.18	0	KavCon-relatives_buya_ngengi_S326.mp3
KavCon-relatives_buya_ngengi	1274.18	1274.63	0	KavCon-relatives_buya_ngengi_S327.mp3
KavCon-weaving_abas_ipay3	0.0	8.14	0	KavCon-weaving_abas_ipay3_S0.mp3
KavCon-weaving_abas_ipay3	8.14	10.96	0	KavCon-weaving_abas_ipay3_S1.mp3
KavCon-weaving_abas_ipay3	10.96	13.32	0	KavCon-weaving_abas_ipay3_S2.mp3
KavCon-weaving_abas_ipay3	13.32	18.8	0	KavCon-weaving_abas_ipay3_S3.mp3
KavCon-weaving_abas_ipay3	18.8	24.41	0	KavCon-weaving_abas_ipay3_S4.mp3
KavCon-weaving_abas_ipay3	24.41	27.07	0	KavCon-weaving_abas_ipay3_S5.mp3
KavCon-weaving_abas_ipay3	27.07	29.98	0	KavCon-weaving_abas_ipay3_S6.mp3
KavCon-weaving_abas_ipay3	29.98	33.06	0	KavCon-weaving_abas_ipay3_S7.mp3
KavCon-weaving_abas_ipay3	33.06	36.17	0	KavCon-weaving_abas_ipay3_S8.mp3
KavCon-weaving_abas_ipay3	36.17	41.3	0	KavCon-weaving_abas_ipay3_S9.mp3
KavCon-weaving_abas_ipay3	41.3	48.19	0	KavCon-weaving_abas_ipay3_S10.mp3
KavCon-weaving_abas_ipay3	48.19	53.16	0	KavCon-weaving_abas_ipay3_S11.mp3
KavCon-weaving_abas_ipay3	53.16	55.04	0	KavCon-weaving_abas_ipay3_S12.mp3
KavCon-weaving_abas_ipay3	55.04	57.01	0	KavCon-weaving_abas_ipay3_S13.mp3
KavCon-weaving_abas_ipay3	57.01	61.7	0	KavCon-weaving_abas_ipay3_S14.mp3
KavCon-weaving_abas_ipay3	61.7	62.56	0	KavCon-weaving_abas_ipay3_S15.mp3
KavCon-weaving_abas_ipay3	62.56	64.24	0	KavCon-weaving_abas_ipay3_S16.mp3
KavCon-weaving_abas_ipay3	64.24	66.87	0	KavCon-weaving_abas_ipay3_S17.mp3
KavCon-weaving_abas_ipay3	66.87	72.3	0	KavCon-weaving_abas_ipay3_S18.mp3
KavCon-weaving_abas_ipay3	72.3	74.07	0	KavCon-weaving_abas_ipay3_S19.mp3
KavCon-weaving_abas_ipay3	74.07	77.58	0	KavCon-weaving_abas_ipay3_S20.mp3
KavCon-weaving_abas_ipay3	77.58	80.69	0	KavCon-weaving_abas_ipay3_S21.mp3
KavCon-weaving_abas_ipay3	80.69	84.87	0	KavCon-weaving_abas_ipay3_S22.mp3
KavCon-weaving_abas_ipay3	84.87	87.22	0	KavCon-weaving_abas_ipay3_S23.mp3
KavCon-weaving_abas_ipay3	87.22	90.81	0	KavCon-weaving_abas_ipay3_S24.mp3
KavCon-weaving_abas_ipay3	90.81	94.53	0	KavCon-weaving_abas_ipay3_S25.mp3
KavCon-weaving_abas_ipay3	94.53	99.09	0	KavCon-weaving_abas_ipay3_S26.mp3
KavCon-weaving_abas_ipay3	99.09	103.27	0	KavCon-weaving_abas_ipay3_S27.mp3
KavCon-weaving_abas_ipay3	103.27	109.79	0	KavCon-weaving_abas_ipay3_S28.mp3
KavCon-weaving_abas_ipay3	109.79	112.01	0	KavCon-weaving_abas_ipay3_S29.mp3
KavCon-weaving_abas_ipay3	112.01	115.0	0	KavCon-weaving_abas_ipay3_S30.mp3
KavCon-weaving_abas_ipay3	115.0	116.58	0	KavCon-weaving_abas_ipay3_S31.mp3
KavCon-weaving_abas_ipay3	116.58	117.97	0	KavCon-weaving_abas_ipay3_S32.mp3
KavCon-weaving_abas_ipay3	117.97	121.08	0	KavCon-weaving_abas_ipay3_S33.mp3
KavCon-weaving_abas_ipay3	121.08	122.75	0	KavCon-weaving_abas_ipay3_S34.mp3
KavCon-weaving_abas_ipay3	122.75	128.99	0	KavCon-weaving_abas_ipay3_S35.mp3
KavCon-weaving_abas_ipay3	128.99	131.97	0	KavCon-weaving_abas_ipay3_S36.mp3
KavCon-weaving_abas_ipay3	131.97	134.04	0	KavCon-weaving_abas_ipay3_S37.mp3
KavCon-weaving_abas_ipay3	134.04	135.63	0	KavCon-weaving_abas_ipay3_S38.mp3
KavCon-weaving_abas_ipay3	135.63	140.6	0	KavCon-weaving_abas_ipay3_S39.mp3
KavCon-weaving_abas_ipay3	140.6	143.83	0	KavCon-weaving_abas_ipay3_S40.mp3
KavCon-weaving_abas_ipay3	143.83	146.72	0	KavCon-weaving_abas_ipay3_S41.mp3
KavCon-weaving_abas_ipay3	146.72	148.65	0	KavCon-weaving_abas_ipay3_S42.mp3
KavCon-weaving_abas_ipay3	148.65	152.98	0	KavCon-weaving_abas_ipay3_S43.mp3
KavCon-weaving_abas_ipay3	152.98	156.61	0	KavCon-weaving_abas_ipay3_S44.mp3
KavCon-weaving_abas_ipay3	156.61	158.03	0	KavCon-weaving_abas_ipay3_S45.mp3
KavCon-weaving_abas_ipay3	158.03	158.99	0	KavCon-weaving_abas_ipay3_S46.mp3
KavCon-weaving_abas_ipay3	158.99	161.32	0	KavCon-weaving_abas_ipay3_S47.mp3
KavCon-weaving_abas_ipay3	161.32	165.85	0	KavCon-weaving_abas_ipay3_S48.mp3
KavCon-weaving_abas_ipay3	165.85	171.01	0	KavCon-weaving_abas_ipay3_S49.mp3
KavCon-weaving_abas_ipay3	171.01	172.14	0	KavCon-weaving_abas_ipay3_S50.mp3
KavCon-weaving_abas_ipay3	172.14	174.96	0	KavCon-weaving_abas_ipay3_S51.mp3
KavCon-weaving_abas_ipay3	174.96	176.56	0	KavCon-weaving_abas_ipay3_S52.mp3
KavCon-weaving_abas_ipay3	176.56	182.72	0	KavCon-weaving_abas_ipay3_S53.mp3
KavCon-weaving_abas_ipay3	182.72	183.28	0	KavCon-weaving_abas_ipay3_S54.mp3
KavCon-weaving_abas_ipay3	183.28	185.79	0	KavCon-weaving_abas_ipay3_S55.mp3
KavCon-weaving_abas_ipay3	185.79	189.54	0	KavCon-weaving_abas_ipay3_S56.mp3
KavCon-weaving_abas_ipay3	189.54	193.73	0	KavCon-weaving_abas_ipay3_S57.mp3
KavCon-weaving_abas_ipay3	193.73	201.32	0	KavCon-weaving_abas_ipay3_S58.mp3
KavCon-weaving_abas_ipay3	201.32	204.12	0	KavCon-weaving_abas_ipay3_S59.mp3
KavCon-weaving_abas_ipay3	204.12	208.99	0	KavCon-weaving_abas_ipay3_S60.mp3
KavCon-weaving_abas_ipay3	208.99	212.74	0	KavCon-weaving_abas_ipay3_S61.mp3
KavCon-weaving_abas_ipay3	212.74	219.69	0	KavCon-weaving_abas_ipay3_S62.mp3
KavCon-weaving_abas_ipay3	219.69	224.11	0	KavCon-weaving_abas_ipay3_S63.mp3
KavCon-weaving_abas_ipay3	224.11	225.58	0	KavCon-weaving_abas_ipay3_S64.mp3
KavCon-weaving_abas_ipay3	225.58	227.35	0	KavCon-weaving_abas_ipay3_S65.mp3
KavCon-weaving_abas_ipay3	227.35	228.72	0	KavCon-weaving_abas_ipay3_S66.mp3
KavCon-weaving_abas_ipay3	228.72	231.07	0	KavCon-weaving_abas_ipay3_S67.mp3
KavCon-weaving_abas_ipay3	231.07	236.49	0	KavCon-weaving_abas_ipay3_S68.mp3
KavCon-weaving_abas_ipay3	236.49	238.42	0	KavCon-weaving_abas_ipay3_S69.mp3
KavCon-weaving_abas_ipay3	238.42	241.96	0	KavCon-weaving_abas_ipay3_S70.mp3
KavCon-weaving_abas_ipay3	241.96	245.64	0	KavCon-weaving_abas_ipay3_S71.mp3
KavCon-weaving_abas_ipay3	245.64	246.62	0	KavCon-weaving_abas_ipay3_S72.mp3
KavCon-weaving_abas_ipay3	246.62	250.2	0	KavCon-weaving_abas_ipay3_S73.mp3
KavCon-weaving_abas_ipay3	250.2	255.0	0	KavCon-weaving_abas_ipay3_S74.mp3
KavNr-ancestor_buya	0.0	10.14	0	KavNr-ancestor_buya_S0.mp3
KavNr-ancestor_buya	10.14	28.27	0	KavNr-ancestor_buya_S1.mp3
KavNr-ancestor_buya	28.27	41.37	0	KavNr-ancestor_buya_S2.mp3
KavNr-ancestor_buya	41.37	53.79	0	KavNr-ancestor_buya_S3.mp3
KavNr-ancestor_buya	53.79	67.44	0	KavNr-ancestor_buya_S4.mp3
KavNr-ancestor_buya	67.44	70.39	0	KavNr-ancestor_buya_S5.mp3
KavNr-ancestor_buya	70.39	84.71	0	KavNr-ancestor_buya_S6.mp3
KavNr-ancestor_buya	84.71	88.04	0	KavNr-ancestor_buya_S7.mp3
KavNr-ancestor_buya	88.04	100.95	0	KavNr-ancestor_buya_S8.mp3
KavNr-ancestor_buya	100.95	116.91	0	KavNr-ancestor_buya_S9.mp3
KavNr-ancestor_buya	116.91	124.89	0	KavNr-ancestor_buya_S10.mp3
KavNr-ancestor_buya	124.89	130.57	0	KavNr-ancestor_buya_S11.mp3
KavNr-ancestor_buya	130.57	141.32	0	KavNr-ancestor_buya_S12.mp3
KavNr-ancestor_buya	141.32	153.71	0	KavNr-ancestor_buya_S13.mp3
KavNr-ancestor_buya	153.71	155.62	0	KavNr-ancestor_buya_S14.mp3
KavNr-ancestor_buya	155.62	163.89	0	KavNr-ancestor_buya_S15.mp3
KavNr-ancestor_buya	163.89	173.85	0	KavNr-ancestor_buya_S16.mp3
KavNr-ancestor_buya	173.85	179.24	0	KavNr-ancestor_buya_S17.mp3
KavNr-ancestor_buya	179.24	181.84	0	KavNr-ancestor_buya_S18.mp3
KavNr-ancestor_buya	181.84	184.86	0	KavNr-ancestor_buya_S19.mp3
KavNr-ancestor_buya	184.86	194.65	0	KavNr-ancestor_buya_S20.mp3
KavNr-ancestor_buya	194.65	209.48	0	KavNr-ancestor_buya_S21.mp3
KavNr-ancestor_buya	209.48	214.3	0	KavNr-ancestor_buya_S22.mp3
KavNr-ancestor_buya	214.3	224.14	0	KavNr-ancestor_buya_S23.mp3
KavNr-ancestor_buya	224.14	228.67	0	KavNr-ancestor_buya_S24.mp3
KavNr-ancestor_buya	228.67	230.72	0	KavNr-ancestor_buya_S25.mp3
KavNr-ancestor_buya	230.72	249.87	0	KavNr-ancestor_buya_S26.mp3
KavNr-ancestor_buya	249.87	256.74	0	KavNr-ancestor_buya_S27.mp3
KavNr-ancestor_buya	256.74	264.73	0	KavNr-ancestor_buya_S28.mp3
KavNr-ancestor_buya	264.73	268.76	0	KavNr-ancestor_buya_S29.mp3
KavNr-ancestor_buya	268.76	274.49	0	KavNr-ancestor_buya_S30.mp3
KavNr-ancestor_buya	274.49	280.78	0	KavNr-ancestor_buya_S31.mp3
KavNr-ancestor_buya	280.78	290.32	0	KavNr-ancestor_buya_S32.mp3
KavNr-ancestor_buya	290.32	302.43	0	KavNr-ancestor_buya_S33.mp3
KavNr-ancestor_buya	302.43	314.37	0	KavNr-ancestor_buya_S34.mp3
KavNr-ancestor_buya	314.37	319.68	0	KavNr-ancestor_buya_S35.mp3
KavNr-ancestor_buya	319.68	327.89	0	KavNr-ancestor_buya_S36.mp3
KavNr-ancestor_buya	327.89	331.51	0	KavNr-ancestor_buya_S37.mp3
KavNr-ancestor_buya	331.51	337.57	0	KavNr-ancestor_buya_S38.mp3
KavNr-ancestor_buya	337.57	340.98	0	KavNr-ancestor_buya_S39.mp3
KavNr-ancestor_buya	340.98	348.64	0	KavNr-ancestor_buya_S40.mp3
KavNr-ancestor_buya	348.64	356.18	0	KavNr-ancestor_buya_S41.mp3
KavNr-ancestor_buya	356.18	365.51	0	KavNr-ancestor_buya_S42.mp3
KavNr-ancestor_buya	365.51	370.98	0	KavNr-ancestor_buya_S43.mp3
KavNr-ancestor_buya	370.98	379.02	0	KavNr-ancestor_buya_S44.mp3
KavNr-ancestor_buya	379.02	389.43	0	KavNr-ancestor_buya_S45.mp3
KavNr-ancestor_buya	389.43	409.92	0	KavNr-ancestor_buya_S46.mp3
KavNr-ancestor_buya	409.92	421.03	0	KavNr-ancestor_buya_S47.mp3
KavNr-ancestor_buya	421.03	424.26	0	KavNr-ancestor_buya_S48.mp3
KavNr-ancestor_buya	424.26	432.43	0	KavNr-ancestor_buya_S49.mp3
KavNr-ancestor_buya	432.43	435.06	0	KavNr-ancestor_buya_S50.mp3
KavNr-ancestor_ngengi	0.0	8.73	0	KavNr-ancestor_ngengi_S0.mp3
KavNr-ancestor_ngengi	8.73	15.91	0	KavNr-ancestor_ngengi_S1.mp3
KavNr-ancestor_ngengi	15.91	21.84	0	KavNr-ancestor_ngengi_S2.mp3
KavNr-ancestor_ngengi	21.84	30.14	0	KavNr-ancestor_ngengi_S3.mp3
KavNr-ancestor_ngengi	30.14	39.78	0	KavNr-ancestor_ngengi_S4.mp3
KavNr-ancestor_ngengi	39.78	42.5	0	KavNr-ancestor_ngengi_S5.mp3
KavNr-ancestor_ngengi	42.5	53.81	0	KavNr-ancestor_ngengi_S6.mp3
KavNr-ancestor_ngengi	53.81	61.55	0	KavNr-ancestor_ngengi_S7.mp3
KavNr-ancestor_ngengi	61.55	66.35	0	KavNr-ancestor_ngengi_S8.mp3
KavNr-ancestor_ngengi	66.35	71.16	0	KavNr-ancestor_ngengi_S9.mp3
KavNr-ancestor_ngengi	71.16	80.21	0	KavNr-ancestor_ngengi_S10.mp3
KavNr-ancestor_ngengi	80.21	94.19	0	KavNr-ancestor_ngengi_S11.mp3
KavNr-ancestor_ngengi	94.19	101.69	0	KavNr-ancestor_ngengi_S12.mp3
KavNr-ancestor_ngengi	101.69	107.58	0	KavNr-ancestor_ngengi_S13.mp3
KavNr-ancestor_ngengi	107.58	112.27	0	KavNr-ancestor_ngengi_S14.mp3
KavNr-ancestor_ngengi	112.27	115.88	0	KavNr-ancestor_ngengi_S15.mp3
KavNr-ancestor_ngengi	115.88	124.11	0	KavNr-ancestor_ngengi_S16.mp3
KavNr-ancestor_ngengi	124.11	134.69	0	KavNr-ancestor_ngengi_S17.mp3
KavNr-ancestor_ngengi	134.69	139.17	0	KavNr-ancestor_ngengi_S18.mp3
KavNr-ancestor_ngengi	139.17	149.96	0	KavNr-ancestor_ngengi_S19.mp3
KavNr-ancestor_ngengi	149.96	157.62	0	KavNr-ancestor_ngengi_S20.mp3
KavNr-ancestor_ngengi	157.62	167.68	0	KavNr-ancestor_ngengi_S21.mp3
KavNr-ancestor_ngengi	167.68	173.93	0	KavNr-ancestor_ngengi_S22.mp3
KavNr-ancestor_ngengi	173.93	180.52	0	KavNr-ancestor_ngengi_S23.mp3
KavNr-ancestor_ngengi	180.52	184.28	0	KavNr-ancestor_ngengi_S24.mp3
KavNr-ancestor_ngengi	184.28	190.12	0	KavNr-ancestor_ngengi_S25.mp3
KavNr-ancestor_ngengi	190.12	196.08	0	KavNr-ancestor_ngengi_S26.mp3
KavNr-ancestor_ngengi	196.08	202.74	0	KavNr-ancestor_ngengi_S27.mp3
KavNr-ancestor_ngengi	202.74	205.37	0	KavNr-ancestor_ngengi_S28.mp3
KavNr-ancestor_ngengi	205.37	209.32	0	KavNr-ancestor_ngengi_S29.mp3
KavNr-ancestor_ngengi	209.32	223.18	0	KavNr-ancestor_ngengi_S30.mp3
KavNr-ancestor_ngengi	223.18	231.97	0	KavNr-ancestor_ngengi_S31.mp3
KavNr-ancestor_ngengi	231.97	236.17	0	KavNr-ancestor_ngengi_S32.mp3
KavNr-ancestor_ngengi	236.17	247.44	0	KavNr-ancestor_ngengi_S33.mp3
KavNr-ancestor_ngengi	247.44	252.88	0	KavNr-ancestor_ngengi_S34.mp3
KavNr-ancestor_ngengi	252.88	263.01	0	KavNr-ancestor_ngengi_S35.mp3
KavNr-ancestor_ngengi	263.01	266.87	0	KavNr-ancestor_ngengi_S36.mp3
KavNr-ancestor_ngengi	266.87	269.8	0	KavNr-ancestor_ngengi_S37.mp3
KavNr-ancestor_ngengi	269.8	274.21	0	KavNr-ancestor_ngengi_S38.mp3
KavNr-ancestor_ngengi	274.21	283.93	0	KavNr-ancestor_ngengi_S39.mp3
KavNr-ancestor_ngengi	283.93	286.61	0	KavNr-ancestor_ngengi_S40.mp3
KavNr-ancestor_ngengi	286.61	295.3	0	KavNr-ancestor_ngengi_S41.mp3
KavNr-ancestor_ngengi	295.3	305.26	0	KavNr-ancestor_ngengi_S42.mp3
KavNr-ancestor_ngengi	305.26	312.54	0	KavNr-ancestor_ngengi_S43.mp3
KavNr-ancestor_ngengi	312.54	314.75	0	KavNr-ancestor_ngengi_S44.mp3
KavNr-ancestor_ngengi	314.75	316.94	0	KavNr-ancestor_ngengi_S45.mp3
KavNr-ancestor_ngengi	316.94	319.03	0	KavNr-ancestor_ngengi_S46.mp3
KavNr-ancestor_ngengi	319.03	321.04	0	KavNr-ancestor_ngengi_S47.mp3
KavNr-ancestor_ngengi	321.04	324.06	0	KavNr-ancestor_ngengi_S48.mp3
KavNr-ancestor_ngengi	324.06	325.98	0	KavNr-ancestor_ngengi_S49.mp3
KavNr-ancestor_ngengi	325.98	331.68	0	KavNr-ancestor_ngengi_S50.mp3
KavNr-ancestor_ngengi	331.68	333.75	0	KavNr-ancestor_ngengi_S51.mp3
KavNr-ancestor_ngengi	333.75	335.63	0	KavNr-ancestor_ngengi_S52.mp3
KavNr-ancestor_ngengi	335.63	337.79	0	KavNr-ancestor_ngengi_S53.mp3
KavNr-ancestor_ngengi	337.79	340.61	0	KavNr-ancestor_ngengi_S54.mp3
KavNr-ancestor_ngengi	340.61	342.02	0	KavNr-ancestor_ngengi_S55.mp3
KavNr-ancestor_ngengi	342.02	344.05	0	KavNr-ancestor_ngengi_S56.mp3
KavNr-ancestor_ngengi	344.05	346.34	0	KavNr-ancestor_ngengi_S57.mp3
KavNr-ancestor_ngengi	346.34	350.24	0	KavNr-ancestor_ngengi_S58.mp3
KavNr-ancestor_ngengi	350.24	353.91	0	KavNr-ancestor_ngengi_S59.mp3
KavNr-ancestor_ngengi	353.91	358.58	0	KavNr-ancestor_ngengi_S60.mp3
KavNr-ancestor_ngengi	358.58	361.18	0	KavNr-ancestor_ngengi_S61.mp3
KavNr-ancestor_ngengi	361.18	365.82	0	KavNr-ancestor_ngengi_S62.mp3
KavNr-ancestor_ngengi	365.82	369.92	0	KavNr-ancestor_ngengi_S63.mp3
KavNr-ancestor_ngengi	369.92	372.81	0	KavNr-ancestor_ngengi_S64.mp3
KavNr-ancestor_ngengi	372.81	379.48	0	KavNr-ancestor_ngengi_S65.mp3
KavNr-ancestor_ngengi	379.48	384.23	0	KavNr-ancestor_ngengi_S66.mp3
KavNr-ancestor_ngengi	384.23	387.62	0	KavNr-ancestor_ngengi_S67.mp3
KavNr-frog_Haciang	0.0	1.34	0	KavNr-frog_Haciang_S0.mp3
KavNr-frog_Haciang	1.34	3.35	0	KavNr-frog_Haciang_S1.mp3
KavNr-frog_Haciang	3.35	6.03	0	KavNr-frog_Haciang_S2.mp3
KavNr-frog_Haciang	6.03	6.96	0	KavNr-frog_Haciang_S3.mp3
KavNr-frog_Haciang	6.96	8.31	0	KavNr-frog_Haciang_S4.mp3
KavNr-frog_Haciang	8.31	9.37	0	KavNr-frog_Haciang_S5.mp3
KavNr-frog_Haciang	9.37	11.51	0	KavNr-frog_Haciang_S6.mp3
KavNr-frog_Haciang	11.51	14.28	0	KavNr-frog_Haciang_S7.mp3
KavNr-frog_Haciang	14.28	16.82	0	KavNr-frog_Haciang_S8.mp3
KavNr-frog_Haciang	16.82	18.51	0	KavNr-frog_Haciang_S9.mp3
KavNr-frog_Haciang	18.51	20.41	0	KavNr-frog_Haciang_S10.mp3
KavNr-frog_Haciang	20.41	22.05	0	KavNr-frog_Haciang_S11.mp3
KavNr-frog_Haciang	22.05	23.05	0	KavNr-frog_Haciang_S12.mp3
KavNr-frog_Haciang	23.05	25.19	0	KavNr-frog_Haciang_S13.mp3
KavNr-frog_Haciang	25.19	27.05	0	KavNr-frog_Haciang_S14.mp3
KavNr-frog_Haciang	27.05	29.9	0	KavNr-frog_Haciang_S15.mp3
KavNr-frog_Haciang	29.9	31.71	0	KavNr-frog_Haciang_S16.mp3
KavNr-frog_Haciang	31.71	33.5	0	KavNr-frog_Haciang_S17.mp3
KavNr-frog_Haciang	33.5	34.44	0	KavNr-frog_Haciang_S18.mp3
KavNr-frog_Haciang	34.44	39.1	0	KavNr-frog_Haciang_S19.mp3
KavNr-frog_Haciang	39.1	41.07	0	KavNr-frog_Haciang_S20.mp3
KavNr-frog_Haciang	41.07	43.24	0	KavNr-frog_Haciang_S21.mp3
KavNr-frog_Haciang	43.24	44.95	0	KavNr-frog_Haciang_S22.mp3
KavNr-frog_Haciang	44.95	48.47	0	KavNr-frog_Haciang_S23.mp3
KavNr-frog_Haciang	48.47	53.46	0	KavNr-frog_Haciang_S24.mp3
KavNr-frog_Haciang	53.46	56.41	0	KavNr-frog_Haciang_S25.mp3
KavNr-frog_Haciang	56.41	60.12	0	KavNr-frog_Haciang_S26.mp3
KavNr-frog_Haciang	60.12	62.06	0	KavNr-frog_Haciang_S27.mp3
KavNr-frog_Haciang	62.06	64.19	0	KavNr-frog_Haciang_S28.mp3
KavNr-frog_Haciang	64.19	67.13	0	KavNr-frog_Haciang_S29.mp3
KavNr-frog_Haciang	67.13	70.92	0	KavNr-frog_Haciang_S30.mp3
KavNr-frog_Haciang	70.92	73.33	0	KavNr-frog_Haciang_S31.mp3
KavNr-frog_Haciang	73.33	76.14	0	KavNr-frog_Haciang_S32.mp3
KavNr-frog_Haciang	76.14	77.03	0	KavNr-frog_Haciang_S33.mp3
KavNr-frog_Haciang	77.03	80.09	0	KavNr-frog_Haciang_S34.mp3
KavNr-frog_Haciang	80.09	85.13	0	KavNr-frog_Haciang_S35.mp3
KavNr-frog_Haciang	85.13	87.68	0	KavNr-frog_Haciang_S36.mp3
KavNr-frog_Haciang	87.68	89.11	0	KavNr-frog_Haciang_S37.mp3
KavNr-frog_Haciang	89.11	92.73	0	KavNr-frog_Haciang_S38.mp3
KavNr-frog_Haciang	92.73	98.46	0	KavNr-frog_Haciang_S39.mp3
KavNr-frog_Haciang	98.46	103.5	0	KavNr-frog_Haciang_S40.mp3
KavNr-frog_Haciang	103.5	107.0	0	KavNr-frog_Haciang_S41.mp3
KavNr-frog_Haciang	107.0	109.65	0	KavNr-frog_Haciang_S42.mp3
KavNr-frog_Haciang	109.65	111.54	0	KavNr-frog_Haciang_S43.mp3
KavNr-frog_Haciang	111.54	115.16	0	KavNr-frog_Haciang_S44.mp3
KavNr-frog_Haciang	115.16	120.21	0	KavNr-frog_Haciang_S45.mp3
KavNr-frog_Haciang	120.21	123.21	0	KavNr-frog_Haciang_S46.mp3
KavNr-frog_Haciang	123.21	123.72	0	KavNr-frog_Haciang_S47.mp3
KavNr-frog_Haciang	123.72	124.67	0	KavNr-frog_Haciang_S48.mp3
KavNr-frog_Haciang	124.67	127.6	0	KavNr-frog_Haciang_S49.mp3
KavNr-frog_Haciang	127.6	129.39	0	KavNr-frog_Haciang_S50.mp3
KavNr-frog_Haciang	129.39	133.76	0	KavNr-frog_Haciang_S51.mp3
KavNr-frog_Haciang	133.76	136.11	0	KavNr-frog_Haciang_S52.mp3
KavNr-frog_Haciang	136.11	138.88	0	KavNr-frog_Haciang_S53.mp3
KavNr-frog_Haciang	138.88	140.85	0	KavNr-frog_Haciang_S54.mp3
KavNr-frog_Haciang	140.85	144.81	0	KavNr-frog_Haciang_S55.mp3
KavNr-frog_Haciang	144.81	147.8	0	KavNr-frog_Haciang_S56.mp3
KavNr-frog_Haciang	147.8	148.44	0	KavNr-frog_Haciang_S57.mp3
KavNr-frog_Haciang	148.44	152.25	0	KavNr-frog_Haciang_S58.mp3
KavNr-frog_Haciang	152.25	155.58	0	KavNr-frog_Haciang_S59.mp3
KavNr-frog_Haciang	155.58	157.57	0	KavNr-frog_Haciang_S60.mp3
KavNr-frog_Haciang	157.57	160.0	0	KavNr-frog_Haciang_S61.mp3
KavNr-frog_Haciang	160.0	163.45	0	KavNr-frog_Haciang_S62.mp3
KavNr-frog_Haciang	163.45	165.9	0	KavNr-frog_Haciang_S63.mp3
KavNr-frog_Haciang	165.9	167.67	0	KavNr-frog_Haciang_S64.mp3
KavNr-frog_Haciang	167.67	170.75	0	KavNr-frog_Haciang_S65.mp3
KavNr-frog_Haciang	170.75	172.24	0	KavNr-frog_Haciang_S66.mp3
KavNr-frog_Haciang	172.24	175.27	0	KavNr-frog_Haciang_S67.mp3
KavNr-frog_Haciang	175.27	176.53	0	KavNr-frog_Haciang_S68.mp3
KavNr-frog_Haciang	176.53	178.8	0	KavNr-frog_Haciang_S69.mp3
KavNr-frog_Haciang	178.8	181.24	0	KavNr-frog_Haciang_S70.mp3
KavNr-frog_Haciang	181.24	184.65	0	KavNr-frog_Haciang_S71.mp3
KavNr-frog_Haciang	184.65	185.66	0	KavNr-frog_Haciang_S72.mp3
KavNr-frog_Haciang	185.66	191.71	0	KavNr-frog_Haciang_S73.mp3
KavNr-frog_Haciang	191.71	192.37	0	KavNr-frog_Haciang_S74.mp3
KavNr-frog_Haciang	192.37	194.99	0	KavNr-frog_Haciang_S75.mp3
KavNr-frog_Haciang	194.99	196.51	0	KavNr-frog_Haciang_S76.mp3
KavNr-frog_Haciang	196.51	198.96	0	KavNr-frog_Haciang_S77.mp3
KavNr-frog_Haciang	198.96	204.27	0	KavNr-frog_Haciang_S78.mp3
KavNr-frog_Haciang	204.27	206.38	0	KavNr-frog_Haciang_S79.mp3
KavNr-frog_Haciang	206.38	211.01	0	KavNr-frog_Haciang_S80.mp3
KavNr-frog_Haciang	211.01	216.82	0	KavNr-frog_Haciang_S81.mp3
KavNr-frog_Haciang	216.82	218.91	0	KavNr-frog_Haciang_S82.mp3
KavNr-frog_Haciang	218.91	222.25	0	KavNr-frog_Haciang_S83.mp3
KavNr-frog_Haciang	222.25	223.46	0	KavNr-frog_Haciang_S84.mp3
KavNr-frog_Haciang	223.46	225.3	0	KavNr-frog_Haciang_S85.mp3
KavNr-frog_Haciang	225.3	226.39	0	KavNr-frog_Haciang_S86.mp3
KavNr-frog_Haciang	226.39	227.3	0	KavNr-frog_Haciang_S87.mp3
KavNr-frog_Haciang	227.3	228.23	0	KavNr-frog_Haciang_S88.mp3
KavNr-frog_Haciang	228.23	229.86	0	KavNr-frog_Haciang_S89.mp3
KavNr-frog_Haciang	229.86	233.72	0	KavNr-frog_Haciang_S90.mp3
KavNr-frog_Haciang	233.72	236.84	0	KavNr-frog_Haciang_S91.mp3
KavNr-frog_Haciang	236.84	238.57	0	KavNr-frog_Haciang_S92.mp3
KavNr-frog_Haciang	238.57	241.32	0	KavNr-frog_Haciang_S93.mp3
KavNr-frog_Haciang	241.32	242.4	0	KavNr-frog_Haciang_S94.mp3
KavNr-frog_Haciang	242.4	244.74	0	KavNr-frog_Haciang_S95.mp3
KavNr-frog_Haciang	244.74	246.66	0	KavNr-frog_Haciang_S96.mp3
KavNr-frog_Haciang	246.66	248.68	0	KavNr-frog_Haciang_S97.mp3
KavNr-frog_Haciang	248.68	250.03	0	KavNr-frog_Haciang_S98.mp3
KavNr-frog_Haciang	250.03	254.35	0	KavNr-frog_Haciang_S99.mp3
KavNr-frog_Haciang	254.35	258.98	0	KavNr-frog_Haciang_S100.mp3
KavNr-frog_Haciang	258.98	261.64	0	KavNr-frog_Haciang_S101.mp3
KavNr-frog_Haciang	261.64	263.84	0	KavNr-frog_Haciang_S102.mp3
KavNr-frog_Haciang	263.84	267.15	0	KavNr-frog_Haciang_S103.mp3
KavNr-frog_Haciang	267.15	269.77	0	KavNr-frog_Haciang_S104.mp3
KavNr-frog_Haciang	269.77	271.9	0	KavNr-frog_Haciang_S105.mp3
KavNr-frog_Haciang	271.9	276.7	0	KavNr-frog_Haciang_S106.mp3
KavNr-frog_Haciang	276.7	278.28	0	KavNr-frog_Haciang_S107.mp3
KavNr-frog_Haciang	278.28	279.47	0	KavNr-frog_Haciang_S108.mp3
KavNr-frog_Haciang	279.47	280.72	0	KavNr-frog_Haciang_S109.mp3
KavNr-frog_Haciang	280.72	285.27	0	KavNr-frog_Haciang_S110.mp3
KavNr-frog_Haciang	285.27	288.17	0	KavNr-frog_Haciang_S111.mp3
KavNr-frog_Haciang	288.17	289.51	0	KavNr-frog_Haciang_S112.mp3
KavNr-frog_Haciang	289.51	293.13	0	KavNr-frog_Haciang_S113.mp3
KavNr-frog_Haciang	293.13	294.75	0	KavNr-frog_Haciang_S114.mp3
KavNr-frog_abas	0.0	4.78	0	KavNr-frog_abas_S0.mp3
KavNr-frog_abas	4.78	12.02	0	KavNr-frog_abas_S1.mp3
KavNr-frog_abas	12.02	19.97	0	KavNr-frog_abas_S2.mp3
KavNr-frog_abas	19.97	27.21	0	KavNr-frog_abas_S3.mp3
KavNr-frog_abas	27.21	40.36	0	KavNr-frog_abas_S4.mp3
KavNr-frog_abas	40.36	47.61	0	KavNr-frog_abas_S5.mp3
KavNr-frog_abas	47.61	55.87	0	KavNr-frog_abas_S6.mp3
KavNr-frog_abas	55.87	59.84	0	KavNr-frog_abas_S7.mp3
KavNr-frog_abas	59.84	72.15	0	KavNr-frog_abas_S8.mp3
KavNr-frog_abas	72.15	81.26	0	KavNr-frog_abas_S9.mp3
KavNr-frog_abas	81.26	90.55	0	KavNr-frog_abas_S10.mp3
KavNr-frog_abas	90.55	99.45	0	KavNr-frog_abas_S11.mp3
KavNr-frog_abas	99.45	105.1	0	KavNr-frog_abas_S12.mp3
KavNr-frog_abas	105.1	113.05	0	KavNr-frog_abas_S13.mp3
KavNr-frog_abas	113.05	122.9	0	KavNr-frog_abas_S14.mp3
KavNr-frog_abas	122.9	130.93	0	KavNr-frog_abas_S15.mp3
KavNr-frog_abas	130.93	142.65	0	KavNr-frog_abas_S16.mp3
KavNr-frog_abas	142.65	150.15	0	KavNr-frog_abas_S17.mp3
KavNr-frog_abas	150.15	158.04	0	KavNr-frog_abas_S18.mp3
KavNr-frog_abas	158.04	163.63	0	KavNr-frog_abas_S19.mp3
KavNr-frog_abas	163.63	170.47	0	KavNr-frog_abas_S20.mp3
KavNr-frog_abas	170.47	173.61	0	KavNr-frog_abas_S21.mp3
KavNr-frog_abas	173.61	188.44	0	KavNr-frog_abas_S22.mp3
KavNr-frog_abas	188.44	203.87	0	KavNr-frog_abas_S23.mp3
KavNr-frog_abas	203.87	210.96	0	KavNr-frog_abas_S24.mp3
KavNr-frog_abas	210.96	224.78	0	KavNr-frog_abas_S25.mp3
KavNr-frog_abas	224.78	227.67	0	KavNr-frog_abas_S26.mp3
KavNr-frog_abas	227.67	243.11	0	KavNr-frog_abas_S27.mp3
KavNr-frog_abas	243.11	244.95	0	KavNr-frog_abas_S28.mp3
KavNr-frog_abas	244.95	251.2	0	KavNr-frog_abas_S29.mp3
KavNr-frog_abas	251.2	253.09	0	KavNr-frog_abas_S30.mp3
KavNr-frog_abas	253.09	260.12	0	KavNr-frog_abas_S31.mp3
KavNr-frog_abas	260.12	267.18	0	KavNr-frog_abas_S32.mp3
KavNr-frog_abas	267.18	283.36	0	KavNr-frog_abas_S33.mp3
KavNr-frog_abas	283.36	285.98	0	KavNr-frog_abas_S34.mp3
KavNr-frog_abas	285.98	301.9	0	KavNr-frog_abas_S35.mp3
KavNr-frog_abas	301.9	310.0	0	KavNr-frog_abas_S36.mp3
KavNr-frog_abas	310.0	318.08	0	KavNr-frog_abas_S37.mp3
KavNr-frog_abas	318.08	326.28	0	KavNr-frog_abas_S38.mp3
KavNr-frog_abas	326.28	328.76	0	KavNr-frog_abas_S39.mp3
KavNr-frog_abas	328.76	339.14	0	KavNr-frog_abas_S40.mp3
KavNr-frog_abas	339.14	351.36	0	KavNr-frog_abas_S41.mp3
KavNr-frog_abas	351.36	354.46	0	KavNr-frog_abas_S42.mp3
KavNr-frog_abas	354.46	362.49	0	KavNr-frog_abas_S43.mp3
KavNr-frog_abas	362.49	370.51	0	KavNr-frog_abas_S44.mp3
KavNr-frog_abas	370.51	388.32	0	KavNr-frog_abas_S45.mp3
KavNr-frog_abas	388.32	395.81	0	KavNr-frog_abas_S46.mp3
KavNr-frog_abas	395.81	397.96	0	KavNr-frog_abas_S47.mp3
KavNr-frog_abas	397.96	405.36	0	KavNr-frog_abas_S48.mp3
KavNr-frog_abas	405.36	413.73	0	KavNr-frog_abas_S49.mp3
KavNr-frog_abas	413.73	424.2	0	KavNr-frog_abas_S50.mp3
KavNr-frog_abas	424.2	429.52	0	KavNr-frog_abas_S51.mp3
KavNr-frog_abas	429.52	439.35	0	KavNr-frog_abas_S52.mp3
KavNr-frog_abas	439.35	455.8	0	KavNr-frog_abas_S53.mp3
KavNr-frog_abas	455.8	461.4	0	KavNr-frog_abas_S54.mp3
KavNr-frog_abas	461.4	471.15	0	KavNr-frog_abas_S55.mp3
KavNr-frog_abas	471.15	484.39	0	KavNr-frog_abas_S56.mp3
KavNr-frog_abas	484.39	487.93	0	KavNr-frog_abas_S57.mp3
KavNr-frog_abas	487.93	490.59	0	KavNr-frog_abas_S58.mp3
KavNr-frog_abas	490.59	495.6	0	KavNr-frog_abas_S59.mp3
KavNr-frog_abas	495.6	502.67	0	KavNr-frog_abas_S60.mp3
KavNr-frog_abas	502.67	509.25	0	KavNr-frog_abas_S61.mp3
KavNr-frog_abas	509.25	526.52	0	KavNr-frog_abas_S62.mp3
KavNr-frog_abas	526.52	533.55	0	KavNr-frog_abas_S63.mp3
KavNr-frog_abas	533.55	544.49	0	KavNr-frog_abas_S64.mp3
KavNr-frog_abas	544.49	547.08	0	KavNr-frog_abas_S65.mp3
KavNr-frog_abas	547.08	551.85	0	KavNr-frog_abas_S66.mp3
KavNr-frog_abas	551.85	556.83	0	KavNr-frog_abas_S67.mp3
KavNr-frog_abas	556.83	573.74	0	KavNr-frog_abas_S68.mp3
KavNr-frog_abas	573.74	581.46	0	KavNr-frog_abas_S69.mp3
KavNr-frog_abas	581.46	583.0	0	KavNr-frog_abas_S70.mp3
KavNr-frog_abas	583.0	594.17	0	KavNr-frog_abas_S71.mp3
KavNr-frog_abas	594.17	598.8	0	KavNr-frog_abas_S72.mp3
KavNr-frog_abas	598.8	617.55	0	KavNr-frog_abas_S73.mp3
KavNr-frog_abas	617.55	621.55	0	KavNr-frog_abas_S74.mp3
KavNr-frog_abas	621.55	626.23	0	KavNr-frog_abas_S75.mp3
KavNr-frog_abas	626.23	633.03	0	KavNr-frog_abas_S76.mp3
KavNr-frog_abas	633.03	639.93	0	KavNr-frog_abas_S77.mp3
KavNr-frog_abas	639.93	645.12	0	KavNr-frog_abas_S78.mp3
KavNr-frog_abas	645.12	649.3	0	KavNr-frog_abas_S79.mp3
KavNr-frog_abas	649.3	651.24	0	KavNr-frog_abas_S80.mp3
KavNr-frog_abas	651.24	652.06	0	KavNr-frog_abas_S81.mp3
KavNr-frog_api2	0.0	2.35	0	KavNr-frog_api2_S0.mp3
KavNr-frog_api2	2.35	6.35	0	KavNr-frog_api2_S1.mp3
KavNr-frog_api2	6.35	12.32	0	KavNr-frog_api2_S2.mp3
KavNr-frog_api2	12.32	17.67	0	KavNr-frog_api2_S3.mp3
KavNr-frog_api2	17.67	20.35	0	KavNr-frog_api2_S4.mp3
KavNr-frog_api2	20.35	23.26	0	KavNr-frog_api2_S5.mp3
KavNr-frog_api2	23.26	32.04	0	KavNr-frog_api2_S6.mp3
KavNr-frog_api2	32.04	35.18	0	KavNr-frog_api2_S7.mp3
KavNr-frog_api2	35.18	36.2	0	KavNr-frog_api2_S8.mp3
KavNr-frog_api2	36.2	40.43	0	KavNr-frog_api2_S9.mp3
KavNr-frog_api2	40.43	47.03	0	KavNr-frog_api2_S10.mp3
KavNr-frog_api2	47.03	53.18	0	KavNr-frog_api2_S11.mp3
KavNr-frog_api2	53.18	58.75	0	KavNr-frog_api2_S12.mp3
KavNr-frog_api2	58.75	63.06	0	KavNr-frog_api2_S13.mp3
KavNr-frog_api2	63.06	66.36	0	KavNr-frog_api2_S14.mp3
KavNr-frog_api2	66.36	78.12	0	KavNr-frog_api2_S15.mp3
KavNr-frog_api2	78.12	84.0	0	KavNr-frog_api2_S16.mp3
KavNr-frog_api2	84.0	86.91	0	KavNr-frog_api2_S17.mp3
KavNr-frog_api2	86.91	90.86	0	KavNr-frog_api2_S18.mp3
KavNr-frog_api2	90.86	93.88	0	KavNr-frog_api2_S19.mp3
KavNr-frog_api2	93.88	100.01	0	KavNr-frog_api2_S20.mp3
KavNr-frog_api2	100.01	102.74	0	KavNr-frog_api2_S21.mp3
KavNr-frog_api2	102.74	106.98	0	KavNr-frog_api2_S22.mp3
KavNr-frog_api2	106.98	111.17	0	KavNr-frog_api2_S23.mp3
KavNr-frog_api2	111.17	114.1	0	KavNr-frog_api2_S24.mp3
KavNr-frog_api2	114.1	116.06	0	KavNr-frog_api2_S25.mp3
KavNr-frog_api2	116.06	117.76	0	KavNr-frog_api2_S26.mp3
KavNr-frog_api2	117.76	123.67	0	KavNr-frog_api2_S27.mp3
KavNr-frog_api2	123.67	126.74	0	KavNr-frog_api2_S28.mp3
KavNr-frog_api2	126.74	133.59	0	KavNr-frog_api2_S29.mp3
KavNr-frog_api2	133.59	135.4	0	KavNr-frog_api2_S30.mp3
KavNr-frog_api2	135.4	140.63	0	KavNr-frog_api2_S31.mp3
KavNr-frog_api2	140.63	144.64	0	KavNr-frog_api2_S32.mp3
KavNr-frog_api2	144.64	147.54	0	KavNr-frog_api2_S33.mp3
KavNr-frog_api2	147.54	150.15	0	KavNr-frog_api2_S34.mp3
KavNr-frog_api2	150.15	152.73	0	KavNr-frog_api2_S35.mp3
KavNr-frog_api2	152.73	155.68	0	KavNr-frog_api2_S36.mp3
KavNr-frog_api2	155.68	163.11	0	KavNr-frog_api2_S37.mp3
KavNr-frog_api2	163.11	165.39	0	KavNr-frog_api2_S38.mp3
KavNr-frog_api2	165.39	168.07	0	KavNr-frog_api2_S39.mp3
KavNr-frog_api2	168.07	171.45	0	KavNr-frog_api2_S40.mp3
KavNr-frog_api2	171.45	176.48	0	KavNr-frog_api2_S41.mp3
KavNr-frog_api2	176.48	179.2	0	KavNr-frog_api2_S42.mp3
KavNr-frog_api2	179.2	190.14	0	KavNr-frog_api2_S43.mp3
KavNr-frog_api2	190.14	193.51	0	KavNr-frog_api2_S44.mp3
KavNr-frog_api2	193.51	196.55	0	KavNr-frog_api2_S45.mp3
KavNr-frog_api2	196.55	200.53	0	KavNr-frog_api2_S46.mp3
KavNr-frog_api2	200.53	203.27	0	KavNr-frog_api2_S47.mp3
KavNr-frog_api2	203.27	206.6	0	KavNr-frog_api2_S48.mp3
KavNr-frog_api2	206.6	210.24	0	KavNr-frog_api2_S49.mp3
KavNr-frog_api2	210.24	216.48	0	KavNr-frog_api2_S50.mp3
KavNr-frog_api2	216.48	219.06	0	KavNr-frog_api2_S51.mp3
KavNr-frog_api2	219.06	221.72	0	KavNr-frog_api2_S52.mp3
KavNr-frog_api2	221.72	224.92	0	KavNr-frog_api2_S53.mp3
KavNr-frog_api2	224.92	228.94	0	KavNr-frog_api2_S54.mp3
KavNr-frog_api2	228.94	231.09	0	KavNr-frog_api2_S55.mp3
KavNr-frog_api2	231.09	233.31	0	KavNr-frog_api2_S56.mp3
KavNr-frog_api2	233.31	237.18	0	KavNr-frog_api2_S57.mp3
KavNr-frog_api2	237.18	238.2	0	KavNr-frog_api2_S58.mp3
KavNr-frog_api2	238.2	240.82	0	KavNr-frog_api2_S59.mp3
KavNr-frog_api2	240.82	253.69	0	KavNr-frog_api2_S60.mp3
KavNr-frog_api2	253.69	256.48	0	KavNr-frog_api2_S61.mp3
KavNr-frog_api2	256.48	261.88	0	KavNr-frog_api2_S62.mp3
KavNr-frog_api2	261.88	267.0	0	KavNr-frog_api2_S63.mp3
KavNr-frog_api2	267.0	269.5	0	KavNr-frog_api2_S64.mp3
KavNr-frog_api2	269.5	277.8	0	KavNr-frog_api2_S65.mp3
KavNr-frog_api2	277.8	284.27	0	KavNr-frog_api2_S66.mp3
KavNr-frog_api2	284.27	286.43	0	KavNr-frog_api2_S67.mp3
KavNr-frog_api2	286.43	289.67	0	KavNr-frog_api2_S68.mp3
KavNr-frog_api2	289.67	294.22	0	KavNr-frog_api2_S69.mp3
KavNr-frog_api2	294.22	297.64	0	KavNr-frog_api2_S70.mp3
KavNr-frog_api2	297.64	300.21	0	KavNr-frog_api2_S71.mp3
KavNr-frog_api2	300.21	305.05	0	KavNr-frog_api2_S72.mp3
KavNr-frog_api2	305.05	309.66	0	KavNr-frog_api2_S73.mp3
KavNr-frog_api2	309.66	313.78	0	KavNr-frog_api2_S74.mp3
KavNr-frog_api2	313.78	316.02	0	KavNr-frog_api2_S75.mp3
KavNr-frog_api2	316.02	323.43	0	KavNr-frog_api2_S76.mp3
KavNr-frog_api2	323.43	325.45	0	KavNr-frog_api2_S77.mp3
KavNr-frog_api2	325.45	334.17	0	KavNr-frog_api2_S78.mp3
KavNr-frog_api2	334.17	336.92	0	KavNr-frog_api2_S79.mp3
KavNr-frog_api2	336.92	342.31	0	KavNr-frog_api2_S80.mp3
KavNr-frog_api2	342.31	346.47	0	KavNr-frog_api2_S81.mp3
KavNr-frog_api2	346.47	351.2	0	KavNr-frog_api2_S82.mp3
KavNr-frog_api2	351.2	354.08	0	KavNr-frog_api2_S83.mp3
KavNr-frog_api2	354.08	356.91	0	KavNr-frog_api2_S84.mp3
KavNr-frog_api2	356.91	359.47	0	KavNr-frog_api2_S85.mp3
KavNr-frog_api2	359.47	366.14	0	KavNr-frog_api2_S86.mp3
KavNr-frog_api2	366.14	373.96	0	KavNr-frog_api2_S87.mp3
KavNr-frog_api2	373.96	378.82	0	KavNr-frog_api2_S88.mp3
KavNr-frog_api2	378.82	380.92	0	KavNr-frog_api2_S89.mp3
KavNr-frog_api2	380.92	386.81	0	KavNr-frog_api2_S90.mp3
KavNr-frog_api2	386.81	388.88	0	KavNr-frog_api2_S91.mp3
KavNr-frog_api2	388.88	397.09	0	KavNr-frog_api2_S92.mp3
KavNr-frog_api2	397.09	405.79	0	KavNr-frog_api2_S93.mp3
KavNr-frog_api2	405.79	408.77	0	KavNr-frog_api2_S94.mp3
KavNr-frog_api2	408.77	413.72	0	KavNr-frog_api2_S95.mp3
KavNr-frog_api2	413.72	416.01	0	KavNr-frog_api2_S96.mp3
KavNr-frog_api2	416.01	419.84	0	KavNr-frog_api2_S97.mp3
KavNr-frog_api2	419.84	422.01	0	KavNr-frog_api2_S98.mp3
KavNr-frog_api2	422.01	425.54	0	KavNr-frog_api2_S99.mp3
KavNr-frog_api2	425.54	431.13	0	KavNr-frog_api2_S100.mp3
KavNr-frog_api2	431.13	434.58	0	KavNr-frog_api2_S101.mp3
KavNr-frog_api2	434.58	439.33	0	KavNr-frog_api2_S102.mp3
KavNr-frog_api2	439.33	441.72	0	KavNr-frog_api2_S103.mp3
KavNr-frog_api2	441.72	446.96	0	KavNr-frog_api2_S104.mp3
KavNr-frog_api2	446.96	450.93	0	KavNr-frog_api2_S105.mp3
KavNr-frog_api2	450.93	455.35	0	KavNr-frog_api2_S106.mp3
KavNr-frog_api2	455.35	465.64	0	KavNr-frog_api2_S107.mp3
KavNr-frog_api2	465.64	469.79	0	KavNr-frog_api2_S108.mp3
KavNr-frog_api2	469.79	473.5	0	KavNr-frog_api2_S109.mp3
KavNr-frog_api2	473.5	479.35	0	KavNr-frog_api2_S110.mp3
KavNr-frog_api2	479.35	483.88	0	KavNr-frog_api2_S111.mp3
KavNr-frog_api2	483.88	488.46	0	KavNr-frog_api2_S112.mp3
KavNr-frog_api2	488.46	491.55	0	KavNr-frog_api2_S113.mp3
KavNr-frog_api2	491.55	493.89	0	KavNr-frog_api2_S114.mp3
KavNr-frog_api2	493.89	497.79	0	KavNr-frog_api2_S115.mp3
KavNr-frog_api2	497.79	501.47	0	KavNr-frog_api2_S116.mp3
KavNr-frog_api2	501.47	503.21	0	KavNr-frog_api2_S117.mp3
KavNr-frog_api2	503.21	506.25	0	KavNr-frog_api2_S118.mp3
KavNr-frog_api2	506.25	507.68	0	KavNr-frog_api2_S119.mp3
KavNr-frog_api2	507.68	510.16	0	KavNr-frog_api2_S120.mp3
KavNr-frog_api2	510.16	512.47	0	KavNr-frog_api2_S121.mp3
KavNr-frog_api2	512.47	515.43	0	KavNr-frog_api2_S122.mp3
KavNr-frog_api2	515.43	519.25	0	KavNr-frog_api2_S123.mp3
KavNr-frog_api2	519.25	522.75	0	KavNr-frog_api2_S124.mp3
KavNr-frog_api2	522.75	524.94	0	KavNr-frog_api2_S125.mp3
KavNr-frog_api2	524.94	529.21	0	KavNr-frog_api2_S126.mp3
KavNr-frog_api2	529.21	531.93	0	KavNr-frog_api2_S127.mp3
KavNr-frog_api2	531.93	538.13	0	KavNr-frog_api2_S128.mp3
KavNr-frog_api2	538.13	539.16	0	KavNr-frog_api2_S129.mp3
KavNr-frog_api2	539.16	543.0	0	KavNr-frog_api2_S130.mp3
KavNr-frog_api2	543.0	546.24	0	KavNr-frog_api2_S131.mp3
KavNr-frog_api2	546.24	548.46	0	KavNr-frog_api2_S132.mp3
KavNr-frog_api2	548.46	553.03	0	KavNr-frog_api2_S133.mp3
KavNr-frog_api2	553.03	557.49	0	KavNr-frog_api2_S134.mp3
KavNr-frog_api2	557.49	561.65	0	KavNr-frog_api2_S135.mp3
KavNr-frog_api2	561.65	565.43	0	KavNr-frog_api2_S136.mp3
KavNr-frog_api2	565.43	568.66	0	KavNr-frog_api2_S137.mp3
KavNr-frog_api2	568.66	571.14	0	KavNr-frog_api2_S138.mp3
KavNr-frog_api2	571.14	574.13	0	KavNr-frog_api2_S139.mp3
KavNr-frog_api2	574.13	578.16	0	KavNr-frog_api2_S140.mp3
KavNr-frog_api2	578.16	581.79	0	KavNr-frog_api2_S141.mp3
KavNr-frog_api2	581.79	590.85	0	KavNr-frog_api2_S142.mp3
KavNr-frog_api2	590.85	593.27	0	KavNr-frog_api2_S143.mp3
KavNr-frog_api2	593.27	600.15	0	KavNr-frog_api2_S144.mp3
KavNr-frog_api2	600.15	601.18	0	KavNr-frog_api2_S145.mp3
KavNr-frog_api2	601.18	603.54	0	KavNr-frog_api2_S146.mp3
KavNr-frog_api2	603.54	605.96	0	KavNr-frog_api2_S147.mp3
KavNr-frog_api2	605.96	612.22	0	KavNr-frog_api2_S148.mp3
KavNr-frog_api2	612.22	616.52	0	KavNr-frog_api2_S149.mp3
KavNr-frog_api2	616.52	618.89	0	KavNr-frog_api2_S150.mp3
KavNr-frog_api2	618.89	620.08	0	KavNr-frog_api2_S151.mp3
KavNr-frog_api2	620.08	621.29	0	KavNr-frog_api2_S152.mp3
KavNr-frog_api2	621.29	625.51	0	KavNr-frog_api2_S153.mp3
KavNr-frog_api2	625.51	627.03	0	KavNr-frog_api2_S154.mp3
KavNr-frog_api2	627.03	630.07	0	KavNr-frog_api2_S155.mp3
KavNr-frog_api2	630.07	633.79	0	KavNr-frog_api2_S156.mp3
KavNr-frog_api2	633.79	636.62	0	KavNr-frog_api2_S157.mp3
KavNr-frog_banday	0.0	2.54	0	KavNr-frog_banday_S0.mp3
KavNr-frog_banday	2.54	9.2	0	KavNr-frog_banday_S1.mp3
KavNr-frog_banday	9.2	17.71	0	KavNr-frog_banday_S2.mp3
KavNr-frog_banday	17.71	20.63	0	KavNr-frog_banday_S3.mp3
KavNr-frog_banday	20.63	28.54	0	KavNr-frog_banday_S4.mp3
KavNr-frog_banday	28.54	31.85	0	KavNr-frog_banday_S5.mp3
KavNr-frog_banday	31.85	42.04	0	KavNr-frog_banday_S6.mp3
KavNr-frog_banday	42.04	49.18	0	KavNr-frog_banday_S7.mp3
KavNr-frog_banday	49.18	54.33	0	KavNr-frog_banday_S8.mp3
KavNr-frog_banday	54.33	56.94	0	KavNr-frog_banday_S9.mp3
KavNr-frog_banday	56.94	64.51	0	KavNr-frog_banday_S10.mp3
KavNr-frog_banday	64.51	70.12	0	KavNr-frog_banday_S11.mp3
KavNr-frog_banday	70.12	83.54	0	KavNr-frog_banday_S12.mp3
KavNr-frog_banday	83.54	93.04	0	KavNr-frog_banday_S13.mp3
KavNr-frog_banday	93.04	97.05	0	KavNr-frog_banday_S14.mp3
KavNr-frog_banday	97.05	100.3	0	KavNr-frog_banday_S15.mp3
KavNr-frog_banday	100.3	103.07	0	KavNr-frog_banday_S16.mp3
KavNr-frog_banday	103.07	113.46	0	KavNr-frog_banday_S17.mp3
KavNr-frog_banday	113.46	116.63	0	KavNr-frog_banday_S18.mp3
KavNr-frog_banday	116.63	121.7	0	KavNr-frog_banday_S19.mp3
KavNr-frog_banday	121.7	124.31	0	KavNr-frog_banday_S20.mp3
KavNr-frog_banday	124.31	128.44	0	KavNr-frog_banday_S21.mp3
KavNr-frog_banday	128.44	132.75	0	KavNr-frog_banday_S22.mp3
KavNr-frog_banday	132.75	136.1	0	KavNr-frog_banday_S23.mp3
KavNr-frog_banday	136.1	148.06	0	KavNr-frog_banday_S24.mp3
KavNr-frog_banday	148.06	151.55	0	KavNr-frog_banday_S25.mp3
KavNr-frog_banday	151.55	154.18	0	KavNr-frog_banday_S26.mp3
KavNr-frog_banday	154.18	155.51	0	KavNr-frog_banday_S27.mp3
KavNr-frog_banday	155.51	160.53	0	KavNr-frog_banday_S28.mp3
KavNr-frog_banday	160.53	163.86	0	KavNr-frog_banday_S29.mp3
KavNr-frog_banday	163.86	170.15	0	KavNr-frog_banday_S30.mp3
KavNr-frog_banday	170.15	172.04	0	KavNr-frog_banday_S31.mp3
KavNr-frog_banday	172.04	177.54	0	KavNr-frog_banday_S32.mp3
KavNr-frog_banday	177.54	196.03	0	KavNr-frog_banday_S33.mp3
KavNr-frog_banday	196.03	200.38	0	KavNr-frog_banday_S34.mp3
KavNr-frog_banday	200.38	206.08	0	KavNr-frog_banday_S35.mp3
KavNr-frog_banday	206.08	212.96	0	KavNr-frog_banday_S36.mp3
KavNr-frog_banday	212.96	216.31	0	KavNr-frog_banday_S37.mp3
KavNr-frog_banday	216.31	225.65	0	KavNr-frog_banday_S38.mp3
KavNr-frog_banday	225.65	235.93	0	KavNr-frog_banday_S39.mp3
KavNr-frog_banday	235.93	240.31	0	KavNr-frog_banday_S40.mp3
KavNr-frog_banday	240.31	245.51	0	KavNr-frog_banday_S41.mp3
KavNr-frog_banday	245.51	254.63	0	KavNr-frog_banday_S42.mp3
KavNr-frog_banday	254.63	260.07	0	KavNr-frog_banday_S43.mp3
KavNr-frog_banday	260.07	266.26	0	KavNr-frog_banday_S44.mp3
KavNr-frog_banday	266.26	271.56	0	KavNr-frog_banday_S45.mp3
KavNr-frog_banday	271.56	278.94	0	KavNr-frog_banday_S46.mp3
KavNr-frog_buya	0.0	6.83	0	KavNr-frog_buya_S0.mp3
KavNr-frog_buya	6.83	13.37	0	KavNr-frog_buya_S1.mp3
KavNr-frog_buya	13.37	17.55	0	KavNr-frog_buya_S2.mp3
KavNr-frog_buya	17.55	25.29	0	KavNr-frog_buya_S3.mp3
KavNr-frog_buya	25.29	28.45	0	KavNr-frog_buya_S4.mp3
KavNr-frog_buya	28.45	31.5	0	KavNr-frog_buya_S5.mp3
KavNr-frog_buya	31.5	36.93	0	KavNr-frog_buya_S6.mp3
KavNr-frog_buya	36.93	40.61	0	KavNr-frog_buya_S7.mp3
KavNr-frog_buya	40.61	46.64	0	KavNr-frog_buya_S8.mp3
KavNr-frog_buya	46.64	53.2	0	KavNr-frog_buya_S9.mp3
KavNr-frog_buya	53.2	58.34	0	KavNr-frog_buya_S10.mp3
KavNr-frog_buya	58.34	64.73	0	KavNr-frog_buya_S11.mp3
KavNr-frog_buya	64.73	71.88	0	KavNr-frog_buya_S12.mp3
KavNr-frog_buya	71.88	73.55	0	KavNr-frog_buya_S13.mp3
KavNr-frog_buya	73.55	75.23	0	KavNr-frog_buya_S14.mp3
KavNr-frog_buya	75.23	80.48	0	KavNr-frog_buya_S15.mp3
KavNr-frog_buya	80.48	82.96	0	KavNr-frog_buya_S16.mp3
KavNr-frog_buya	82.96	85.1	0	KavNr-frog_buya_S17.mp3
KavNr-frog_buya	85.1	87.15	0	KavNr-frog_buya_S18.mp3
KavNr-frog_buya	87.15	90.97	0	KavNr-frog_buya_S19.mp3
KavNr-frog_buya	90.97	95.2	0	KavNr-frog_buya_S20.mp3
KavNr-frog_buya	95.2	98.55	0	KavNr-frog_buya_S21.mp3
KavNr-frog_buya	98.55	99.7	0	KavNr-frog_buya_S22.mp3
KavNr-frog_buya	99.7	107.03	0	KavNr-frog_buya_S23.mp3
KavNr-frog_buya	107.03	109.3	0	KavNr-frog_buya_S24.mp3
KavNr-frog_buya	109.3	121.27	0	KavNr-frog_buya_S25.mp3
KavNr-frog_buya	121.27	125.91	0	KavNr-frog_buya_S26.mp3
KavNr-frog_buya	125.91	130.81	0	KavNr-frog_buya_S27.mp3
KavNr-frog_buya	130.81	133.73	0	KavNr-frog_buya_S28.mp3
KavNr-frog_buya	133.73	136.07	0	KavNr-frog_buya_S29.mp3
KavNr-frog_buya	136.07	148.17	0	KavNr-frog_buya_S30.mp3
KavNr-frog_buya	148.17	149.3	0	KavNr-frog_buya_S31.mp3
KavNr-frog_buya	149.3	154.6	0	KavNr-frog_buya_S32.mp3
KavNr-frog_buya	154.6	157.73	0	KavNr-frog_buya_S33.mp3
KavNr-frog_buya	157.73	164.69	0	KavNr-frog_buya_S34.mp3
KavNr-frog_buya	164.69	169.01	0	KavNr-frog_buya_S35.mp3
KavNr-frog_buya	169.01	171.78	0	KavNr-frog_buya_S36.mp3
KavNr-frog_buya	171.78	176.44	0	KavNr-frog_buya_S37.mp3
KavNr-frog_buya	176.44	180.1	0	KavNr-frog_buya_S38.mp3
KavNr-frog_buya	180.1	182.6	0	KavNr-frog_buya_S39.mp3
KavNr-frog_buya	182.6	186.12	0	KavNr-frog_buya_S40.mp3
KavNr-frog_buya	186.12	191.68	0	KavNr-frog_buya_S41.mp3
KavNr-frog_buya	191.68	198.88	0	KavNr-frog_buya_S42.mp3
KavNr-frog_buya	198.88	203.89	0	KavNr-frog_buya_S43.mp3
KavNr-frog_buya	203.89	205.96	0	KavNr-frog_buya_S44.mp3
KavNr-frog_buya	205.96	208.07	0	KavNr-frog_buya_S45.mp3
KavNr-frog_buya	208.07	214.52	0	KavNr-frog_buya_S46.mp3
KavNr-frog_buya	214.52	218.89	0	KavNr-frog_buya_S47.mp3
KavNr-frog_buya	218.89	222.93	0	KavNr-frog_buya_S48.mp3
KavNr-frog_buya	222.93	224.07	0	KavNr-frog_buya_S49.mp3
KavNr-frog_buya	224.07	225.52	0	KavNr-frog_buya_S50.mp3
KavNr-frog_buya	225.52	226.58	0	KavNr-frog_buya_S51.mp3
KavNr-frog_buya	226.58	228.65	0	KavNr-frog_buya_S52.mp3
KavNr-frog_buya	228.65	235.9	0	KavNr-frog_buya_S53.mp3
KavNr-frog_imuy2	0.0	8.1	0	KavNr-frog_imuy2_S0.mp3
KavNr-frog_imuy2	8.1	11.69	0	KavNr-frog_imuy2_S1.mp3
KavNr-frog_imuy2	11.69	19.5	0	KavNr-frog_imuy2_S2.mp3
KavNr-frog_imuy2	19.5	24.96	0	KavNr-frog_imuy2_S3.mp3
KavNr-frog_imuy2	24.96	28.55	0	KavNr-frog_imuy2_S4.mp3
KavNr-frog_imuy2	28.55	31.46	0	KavNr-frog_imuy2_S5.mp3
KavNr-frog_imuy2	31.46	34.26	0	KavNr-frog_imuy2_S6.mp3
KavNr-frog_imuy2	34.26	45.75	0	KavNr-frog_imuy2_S7.mp3
KavNr-frog_imuy2	45.75	52.47	0	KavNr-frog_imuy2_S8.mp3
KavNr-frog_imuy2	52.47	58.93	0	KavNr-frog_imuy2_S9.mp3
KavNr-frog_imuy2	58.93	65.1	0	KavNr-frog_imuy2_S10.mp3
KavNr-frog_imuy2	65.1	70.06	0	KavNr-frog_imuy2_S11.mp3
KavNr-frog_imuy2	70.06	76.83	0	KavNr-frog_imuy2_S12.mp3
KavNr-frog_imuy2	76.83	78.93	0	KavNr-frog_imuy2_S13.mp3
KavNr-frog_imuy2	78.93	84.72	0	KavNr-frog_imuy2_S14.mp3
KavNr-frog_imuy2	84.72	93.12	0	KavNr-frog_imuy2_S15.mp3
KavNr-frog_imuy2	93.12	107.22	0	KavNr-frog_imuy2_S16.mp3
KavNr-frog_imuy2	107.22	114.11	0	KavNr-frog_imuy2_S17.mp3
KavNr-frog_imuy2	114.11	117.65	0	KavNr-frog_imuy2_S18.mp3
KavNr-frog_imuy2	117.65	122.02	0	KavNr-frog_imuy2_S19.mp3
KavNr-frog_imuy2	122.02	126.21	0	KavNr-frog_imuy2_S20.mp3
KavNr-frog_imuy2	126.21	132.48	0	KavNr-frog_imuy2_S21.mp3
KavNr-frog_imuy2	132.48	135.27	0	KavNr-frog_imuy2_S22.mp3
KavNr-frog_imuy2	135.27	142.56	0	KavNr-frog_imuy2_S23.mp3
KavNr-frog_imuy2	142.56	148.06	0	KavNr-frog_imuy2_S24.mp3
KavNr-frog_imuy2	148.06	156.67	0	KavNr-frog_imuy2_S25.mp3
KavNr-frog_imuy2	156.67	159.78	0	KavNr-frog_imuy2_S26.mp3
KavNr-frog_imuy2	159.78	166.16	0	KavNr-frog_imuy2_S27.mp3
KavNr-frog_imuy2	166.16	171.49	0	KavNr-frog_imuy2_S28.mp3
KavNr-frog_imuy2	171.49	178.77	0	KavNr-frog_imuy2_S29.mp3
KavNr-frog_imuy2	178.77	189.91	0	KavNr-frog_imuy2_S30.mp3
KavNr-frog_imuy2	189.91	196.86	0	KavNr-frog_imuy2_S31.mp3
KavNr-frog_imuy2	196.86	200.48	0	KavNr-frog_imuy2_S32.mp3
KavNr-frog_imuy2	200.48	207.65	0	KavNr-frog_imuy2_S33.mp3
KavNr-frog_imuy2	207.65	215.92	0	KavNr-frog_imuy2_S34.mp3
KavNr-frog_imuy2	215.92	221.47	0	KavNr-frog_imuy2_S35.mp3
KavNr-frog_imuy2	221.47	225.9	0	KavNr-frog_imuy2_S36.mp3
KavNr-frog_imuy2	225.9	230.33	0	KavNr-frog_imuy2_S37.mp3
KavNr-frog_imuy2	230.33	241.28	0	KavNr-frog_imuy2_S38.mp3
KavNr-frog_imuy2	241.28	245.58	0	KavNr-frog_imuy2_S39.mp3
KavNr-frog_imuy2	245.58	248.74	0	KavNr-frog_imuy2_S40.mp3
KavNr-frog_imuy2	248.74	260.52	0	KavNr-frog_imuy2_S41.mp3
KavNr-frog_imuy2	260.52	267.89	0	KavNr-frog_imuy2_S42.mp3
KavNr-frog_imuy2	267.89	277.98	0	KavNr-frog_imuy2_S43.mp3
KavNr-frog_imuy2	277.98	284.69	0	KavNr-frog_imuy2_S44.mp3
KavNr-frog_imuy2	284.69	293.15	0	KavNr-frog_imuy2_S45.mp3
KavNr-frog_imuy2	293.15	297.17	0	KavNr-frog_imuy2_S46.mp3
KavNr-frog_imuy2	297.17	302.52	0	KavNr-frog_imuy2_S47.mp3
KavNr-frog_imuy2	302.52	310.09	0	KavNr-frog_imuy2_S48.mp3
KavNr-frog_imuy2	310.09	319.15	0	KavNr-frog_imuy2_S49.mp3
KavNr-frog_imuy2	319.15	323.28	0	KavNr-frog_imuy2_S50.mp3
KavNr-frog_imuy2	323.28	327.92	0	KavNr-frog_imuy2_S51.mp3
KavNr-frog_imuy2	327.92	330.24	0	KavNr-frog_imuy2_S52.mp3
KavNr-frog_imuy_longversion	0.0	7.35	0	KavNr-frog_imuy_longversion_S0.mp3
KavNr-frog_imuy_longversion	7.35	13.64	0	KavNr-frog_imuy_longversion_S1.mp3
KavNr-frog_imuy_longversion	13.64	23.37	0	KavNr-frog_imuy_longversion_S2.mp3
KavNr-frog_imuy_longversion	23.37	29.87	0	KavNr-frog_imuy_longversion_S3.mp3
KavNr-frog_imuy_longversion	29.87	32.77	0	KavNr-frog_imuy_longversion_S4.mp3
KavNr-frog_imuy_longversion	32.77	37.89	0	KavNr-frog_imuy_longversion_S5.mp3
KavNr-frog_imuy_longversion	37.89	40.46	0	KavNr-frog_imuy_longversion_S6.mp3
KavNr-frog_imuy_longversion	40.46	46.08	0	KavNr-frog_imuy_longversion_S7.mp3
KavNr-frog_imuy_longversion	46.08	50.26	0	KavNr-frog_imuy_longversion_S8.mp3
KavNr-frog_imuy_longversion	50.26	57.99	0	KavNr-frog_imuy_longversion_S9.mp3
KavNr-frog_imuy_longversion	57.99	62.97	0	KavNr-frog_imuy_longversion_S10.mp3
KavNr-frog_imuy_longversion	62.97	71.52	0	KavNr-frog_imuy_longversion_S11.mp3
KavNr-frog_imuy_longversion	71.52	77.32	0	KavNr-frog_imuy_longversion_S12.mp3
KavNr-frog_imuy_longversion	77.32	81.69	0	KavNr-frog_imuy_longversion_S13.mp3
KavNr-frog_imuy_longversion	81.69	89.8	0	KavNr-frog_imuy_longversion_S14.mp3
KavNr-frog_imuy_longversion	89.8	94.11	0	KavNr-frog_imuy_longversion_S15.mp3
KavNr-frog_imuy_longversion	94.11	95.8	0	KavNr-frog_imuy_longversion_S16.mp3
KavNr-frog_imuy_longversion	95.8	100.16	0	KavNr-frog_imuy_longversion_S17.mp3
KavNr-frog_imuy_longversion	100.16	102.26	0	KavNr-frog_imuy_longversion_S18.mp3
KavNr-frog_imuy_longversion	102.26	108.16	0	KavNr-frog_imuy_longversion_S19.mp3
KavNr-frog_imuy_longversion	108.16	110.15	0	KavNr-frog_imuy_longversion_S20.mp3
KavNr-frog_imuy_longversion	110.15	115.92	0	KavNr-frog_imuy_longversion_S21.mp3
KavNr-frog_imuy_longversion	115.92	117.42	0	KavNr-frog_imuy_longversion_S22.mp3
KavNr-frog_imuy_longversion	117.42	121.31	0	KavNr-frog_imuy_longversion_S23.mp3
KavNr-frog_imuy_longversion	121.31	126.29	0	KavNr-frog_imuy_longversion_S24.mp3
KavNr-frog_imuy_longversion	126.29	133.45	0	KavNr-frog_imuy_longversion_S25.mp3
KavNr-frog_imuy_longversion	133.45	136.62	0	KavNr-frog_imuy_longversion_S26.mp3
KavNr-frog_imuy_longversion	136.62	144.98	0	KavNr-frog_imuy_longversion_S27.mp3
KavNr-frog_imuy_longversion	144.98	146.64	0	KavNr-frog_imuy_longversion_S28.mp3
KavNr-frog_imuy_longversion	146.64	151.92	0	KavNr-frog_imuy_longversion_S29.mp3
KavNr-frog_imuy_longversion	151.92	160.8	0	KavNr-frog_imuy_longversion_S30.mp3
KavNr-frog_imuy_longversion	160.8	166.66	0	KavNr-frog_imuy_longversion_S31.mp3
KavNr-frog_imuy_longversion	166.66	178.65	0	KavNr-frog_imuy_longversion_S32.mp3
KavNr-frog_imuy_longversion	178.65	183.19	0	KavNr-frog_imuy_longversion_S33.mp3
KavNr-frog_imuy_longversion	183.19	186.72	0	KavNr-frog_imuy_longversion_S34.mp3
KavNr-frog_imuy_longversion	186.72	194.45	0	KavNr-frog_imuy_longversion_S35.mp3
KavNr-frog_imuy_longversion	194.45	201.42	0	KavNr-frog_imuy_longversion_S36.mp3
KavNr-frog_imuy_longversion	201.42	207.12	0	KavNr-frog_imuy_longversion_S37.mp3
KavNr-frog_imuy_longversion	207.12	217.68	0	KavNr-frog_imuy_longversion_S38.mp3
KavNr-frog_imuy_longversion	217.68	219.46	0	KavNr-frog_imuy_longversion_S39.mp3
KavNr-frog_imuy_longversion	219.46	231.23	0	KavNr-frog_imuy_longversion_S40.mp3
KavNr-frog_imuy_longversion	231.23	233.89	0	KavNr-frog_imuy_longversion_S41.mp3
KavNr-frog_imuy_longversion	233.89	237.51	0	KavNr-frog_imuy_longversion_S42.mp3
KavNr-frog_imuy_longversion	237.51	241.31	0	KavNr-frog_imuy_longversion_S43.mp3
KavNr-frog_imuy_longversion	241.31	245.23	0	KavNr-frog_imuy_longversion_S44.mp3
KavNr-frog_imuy_longversion	245.23	247.33	0	KavNr-frog_imuy_longversion_S45.mp3
KavNr-frog_imuy_longversion	247.33	249.23	0	KavNr-frog_imuy_longversion_S46.mp3
KavNr-frog_imuy_longversion	249.23	251.81	0	KavNr-frog_imuy_longversion_S47.mp3
KavNr-frog_imuy_longversion	251.81	255.73	0	KavNr-frog_imuy_longversion_S48.mp3
KavNr-frog_imuy_longversion	255.73	265.65	0	KavNr-frog_imuy_longversion_S49.mp3
KavNr-frog_imuy_longversion	265.65	274.84	0	KavNr-frog_imuy_longversion_S50.mp3
KavNr-frog_imuy_longversion	274.84	278.71	0	KavNr-frog_imuy_longversion_S51.mp3
KavNr-frog_imuy_longversion	278.71	283.52	0	KavNr-frog_imuy_longversion_S52.mp3
KavNr-frog_imuy_longversion	283.52	286.7	0	KavNr-frog_imuy_longversion_S53.mp3
KavNr-frog_imuy_longversion	286.7	289.03	0	KavNr-frog_imuy_longversion_S54.mp3
KavNr-frog_imuy_longversion	289.03	296.29	0	KavNr-frog_imuy_longversion_S55.mp3
KavNr-frog_imuy_longversion	296.29	302.19	0	KavNr-frog_imuy_longversion_S56.mp3
KavNr-frog_imuy_longversion	302.19	306.46	0	KavNr-frog_imuy_longversion_S57.mp3
KavNr-frog_imuy_longversion	306.46	309.24	0	KavNr-frog_imuy_longversion_S58.mp3
KavNr-frog_imuy_longversion	309.24	317.41	0	KavNr-frog_imuy_longversion_S59.mp3
KavNr-frog_imuy_longversion	317.41	330.37	0	KavNr-frog_imuy_longversion_S60.mp3
KavNr-frog_imuy_longversion	330.37	333.16	0	KavNr-frog_imuy_longversion_S61.mp3
KavNr-frog_imuy_longversion	333.16	337.88	0	KavNr-frog_imuy_longversion_S62.mp3
KavNr-frog_imuy_longversion	337.88	344.5	0	KavNr-frog_imuy_longversion_S63.mp3
KavNr-frog_imuy_longversion	344.5	348.79	0	KavNr-frog_imuy_longversion_S64.mp3
KavNr-frog_imuy_longversion	348.79	352.51	0	KavNr-frog_imuy_longversion_S65.mp3
KavNr-frog_imuy_longversion	352.51	357.79	0	KavNr-frog_imuy_longversion_S66.mp3
KavNr-frog_imuy_longversion	357.79	362.21	0	KavNr-frog_imuy_longversion_S67.mp3
KavNr-frog_imuy_longversion	362.21	365.1	0	KavNr-frog_imuy_longversion_S68.mp3
KavNr-frog_imuy_longversion	365.1	370.74	0	KavNr-frog_imuy_longversion_S69.mp3
KavNr-frog_imuy_longversion	370.74	379.85	0	KavNr-frog_imuy_longversion_S70.mp3
KavNr-frog_imuy_longversion	379.85	384.29	0	KavNr-frog_imuy_longversion_S71.mp3
KavNr-frog_imuy_longversion	384.29	386.86	0	KavNr-frog_imuy_longversion_S72.mp3
KavNr-frog_imuy_longversion	386.86	394.22	0	KavNr-frog_imuy_longversion_S73.mp3
KavNr-frog_imuy_longversion	394.22	397.91	0	KavNr-frog_imuy_longversion_S74.mp3
KavNr-frog_imuy_longversion	397.91	405.07	0	KavNr-frog_imuy_longversion_S75.mp3
KavNr-frog_imuy_longversion	405.07	413.79	0	KavNr-frog_imuy_longversion_S76.mp3
KavNr-frog_imuy_longversion	413.79	415.87	0	KavNr-frog_imuy_longversion_S77.mp3
KavNr-frog_imuy_longversion	415.87	429.71	0	KavNr-frog_imuy_longversion_S78.mp3
KavNr-frog_imuy_longversion	429.71	437.56	0	KavNr-frog_imuy_longversion_S79.mp3
KavNr-frog_imuy_longversion	437.56	443.24	0	KavNr-frog_imuy_longversion_S80.mp3
KavNr-frog_imuy_longversion	443.24	449.86	0	KavNr-frog_imuy_longversion_S81.mp3
KavNr-frog_imuy_longversion	449.86	459.27	0	KavNr-frog_imuy_longversion_S82.mp3
KavNr-frog_imuy_longversion	459.27	464.87	0	KavNr-frog_imuy_longversion_S83.mp3
KavNr-frog_imuy_longversion	464.87	466.72	0	KavNr-frog_imuy_longversion_S84.mp3
KavNr-frog_imuy_longversion	466.72	470.6	0	KavNr-frog_imuy_longversion_S85.mp3
KavNr-frog_imuy_longversion	470.6	480.15	0	KavNr-frog_imuy_longversion_S86.mp3
KavNr-frog_imuy_longversion	480.15	492.11	0	KavNr-frog_imuy_longversion_S87.mp3
KavNr-frog_imuy_longversion	492.11	495.81	0	KavNr-frog_imuy_longversion_S88.mp3
KavNr-frog_imuy_longversion	495.81	505.07	0	KavNr-frog_imuy_longversion_S89.mp3
KavNr-frog_imuy_longversion	505.07	516.31	0	KavNr-frog_imuy_longversion_S90.mp3
KavNr-frog_imuy_longversion	516.31	518.67	0	KavNr-frog_imuy_longversion_S91.mp3
KavNr-frog_imuy_longversion	518.67	528.97	0	KavNr-frog_imuy_longversion_S92.mp3
KavNr-frog_imuy_longversion	528.97	530.82	0	KavNr-frog_imuy_longversion_S93.mp3
KavNr-frog_imuy_longversion	530.82	535.16	0	KavNr-frog_imuy_longversion_S94.mp3
KavNr-frog_imuy_longversion	535.16	539.65	0	KavNr-frog_imuy_longversion_S95.mp3
KavNr-frog_syulan	0.0	6.86	0	KavNr-frog_syulan_S0.mp3
KavNr-frog_syulan	6.86	12.01	0	KavNr-frog_syulan_S1.mp3
KavNr-frog_syulan	12.01	15.22	0	KavNr-frog_syulan_S2.mp3
KavNr-frog_syulan	15.22	19.84	0	KavNr-frog_syulan_S3.mp3
KavNr-frog_syulan	19.84	23.33	0	KavNr-frog_syulan_S4.mp3
KavNr-frog_syulan	23.33	24.79	0	KavNr-frog_syulan_S5.mp3
KavNr-frog_syulan	24.79	30.97	0	KavNr-frog_syulan_S6.mp3
KavNr-frog_syulan	30.97	34.16	0	KavNr-frog_syulan_S7.mp3
KavNr-frog_syulan	34.16	40.7	0	KavNr-frog_syulan_S8.mp3
KavNr-frog_syulan	40.7	44.06	0	KavNr-frog_syulan_S9.mp3
KavNr-frog_syulan	44.06	46.57	0	KavNr-frog_syulan_S10.mp3
KavNr-frog_syulan	46.57	53.13	0	KavNr-frog_syulan_S11.mp3
KavNr-frog_syulan	53.13	59.71	0	KavNr-frog_syulan_S12.mp3
KavNr-frog_syulan	59.71	60.97	0	KavNr-frog_syulan_S13.mp3
KavNr-frog_syulan	60.97	73.28	0	KavNr-frog_syulan_S14.mp3
KavNr-frog_syulan	73.28	82.99	0	KavNr-frog_syulan_S15.mp3
KavNr-frog_syulan	82.99	95.39	0	KavNr-frog_syulan_S16.mp3
KavNr-frog_syulan	95.39	97.16	0	KavNr-frog_syulan_S17.mp3
KavNr-frog_syulan	97.16	105.04	0	KavNr-frog_syulan_S18.mp3
KavNr-frog_syulan	105.04	109.78	0	KavNr-frog_syulan_S19.mp3
KavNr-frog_syulan	109.78	111.12	0	KavNr-frog_syulan_S20.mp3
KavNr-frog_syulan	111.12	113.01	0	KavNr-frog_syulan_S21.mp3
KavNr-frog_syulan	113.01	117.86	0	KavNr-frog_syulan_S22.mp3
KavNr-frog_syulan	117.86	124.4	0	KavNr-frog_syulan_S23.mp3
KavNr-frog_syulan	124.4	131.15	0	KavNr-frog_syulan_S24.mp3
KavNr-frog_syulan	131.15	132.72	0	KavNr-frog_syulan_S25.mp3
KavNr-frog_syulan	132.72	136.53	0	KavNr-frog_syulan_S26.mp3
KavNr-frog_syulan	136.53	138.81	0	KavNr-frog_syulan_S27.mp3
KavNr-frog_syulan	138.81	143.55	0	KavNr-frog_syulan_S28.mp3
KavNr-frog_syulan	143.55	148.76	0	KavNr-frog_syulan_S29.mp3
KavNr-frog_syulan	148.76	152.6	0	KavNr-frog_syulan_S30.mp3
KavNr-frog_syulan	152.6	154.64	0	KavNr-frog_syulan_S31.mp3
KavNr-frog_syulan	154.64	157.77	0	KavNr-frog_syulan_S32.mp3
KavNr-frog_syulan	157.77	162.38	0	KavNr-frog_syulan_S33.mp3
KavNr-frog_syulan	162.38	168.01	0	KavNr-frog_syulan_S34.mp3
KavNr-frog_syulan	168.01	177.27	0	KavNr-frog_syulan_S35.mp3
KavNr-frog_syulan	177.27	184.07	0	KavNr-frog_syulan_S36.mp3
KavNr-frog_syulan	184.07	189.28	0	KavNr-frog_syulan_S37.mp3
KavNr-frog_syulan	189.28	192.99	0	KavNr-frog_syulan_S38.mp3
KavNr-frog_syulan	192.99	198.6	0	KavNr-frog_syulan_S39.mp3
KavNr-frog_syulan	198.6	207.14	0	KavNr-frog_syulan_S40.mp3
KavNr-frog_syulan	207.14	214.07	0	KavNr-frog_syulan_S41.mp3
KavNr-frog_syulan	214.07	220.89	0	KavNr-frog_syulan_S42.mp3
KavNr-frog_syulan	220.89	228.83	0	KavNr-frog_syulan_S43.mp3
KavNr-map_buya	0.0	2.74	0	KavNr-map_buya_S0.mp3
KavNr-map_buya	2.74	8.03	0	KavNr-map_buya_S1.mp3
KavNr-map_buya	8.03	10.21	0	KavNr-map_buya_S2.mp3
KavNr-map_buya	10.21	14.88	0	KavNr-map_buya_S3.mp3
KavNr-map_buya	14.88	16.52	0	KavNr-map_buya_S4.mp3
KavNr-map_buya	16.52	19.87	0	KavNr-map_buya_S5.mp3
KavNr-map_buya	19.87	22.53	0	KavNr-map_buya_S6.mp3
KavNr-map_buya	22.53	24.53	0	KavNr-map_buya_S7.mp3
KavNr-map_buya	24.53	26.71	0	KavNr-map_buya_S8.mp3
KavNr-map_buya	26.71	32.18	0	KavNr-map_buya_S9.mp3
KavNr-map_buya	32.18	33.04	0	KavNr-map_buya_S10.mp3
KavNr-map_buya	33.04	35.72	0	KavNr-map_buya_S11.mp3
KavNr-map_buya	35.72	38.4	0	KavNr-map_buya_S12.mp3
KavNr-map_buya	38.4	41.57	0	KavNr-map_buya_S13.mp3
KavNr-map_buya	41.57	43.48	0	KavNr-map_buya_S14.mp3
KavNr-map_buya	43.48	46.09	0	KavNr-map_buya_S15.mp3
KavNr-map_buya	46.09	51.07	0	KavNr-map_buya_S16.mp3
KavNr-map_buya	51.07	55.58	0	KavNr-map_buya_S17.mp3
KavNr-map_buya	55.58	57.16	0	KavNr-map_buya_S18.mp3
KavNr-map_buya	57.16	60.95	0	KavNr-map_buya_S19.mp3
KavNr-map_buya	60.95	63.25	0	KavNr-map_buya_S20.mp3
KavNr-map_buya	63.25	65.48	0	KavNr-map_buya_S21.mp3
KavNr-map_buya	65.48	68.02	0	KavNr-map_buya_S22.mp3
KavNr-map_buya	68.02	71.6	0	KavNr-map_buya_S23.mp3
KavNr-map_buya	71.6	73.98	0	KavNr-map_buya_S24.mp3
KavNr-map_buya	73.98	80.52	0	KavNr-map_buya_S25.mp3
KavNr-map_buya	80.52	82.97	0	KavNr-map_buya_S26.mp3
KavNr-map_buya	82.97	85.54	0	KavNr-map_buya_S27.mp3
KavNr-map_buya	85.54	86.59	0	KavNr-map_buya_S28.mp3
KavNr-map_buya	86.59	89.86	0	KavNr-map_buya_S29.mp3
KavNr-map_buya	89.86	92.66	0	KavNr-map_buya_S30.mp3
KavNr-map_buya	92.66	94.19	0	KavNr-map_buya_S31.mp3
KavNr-map_buya	94.19	95.4	0	KavNr-map_buya_S32.mp3
KavNr-map_buya	95.4	97.11	0	KavNr-map_buya_S33.mp3
KavNr-map_buya	97.11	99.53	0	KavNr-map_buya_S34.mp3
KavNr-map_buya	99.53	104.39	0	KavNr-map_buya_S35.mp3
KavNr-map_buya	104.39	106.01	0	KavNr-map_buya_S36.mp3
KavNr-map_buya	106.01	107.47	0	KavNr-map_buya_S37.mp3
KavNr-map_buya	107.47	109.76	0	KavNr-map_buya_S38.mp3
KavNr-map_imuy	0.0	5.43	0	KavNr-map_imuy_S0.mp3
KavNr-map_imuy	5.43	9.78	0	KavNr-map_imuy_S1.mp3
KavNr-map_imuy	9.78	13.09	0	KavNr-map_imuy_S2.mp3
KavNr-map_imuy	13.09	18.58	0	KavNr-map_imuy_S3.mp3
KavNr-map_imuy	18.58	22.51	0	KavNr-map_imuy_S4.mp3
KavNr-map_imuy	22.51	26.96	0	KavNr-map_imuy_S5.mp3
KavNr-map_imuy	26.96	35.72	0	KavNr-map_imuy_S6.mp3
KavNr-map_imuy	35.72	40.82	0	KavNr-map_imuy_S7.mp3
KavNr-map_imuy	40.82	44.53	0	KavNr-map_imuy_S8.mp3
KavNr-map_imuy	44.53	49.97	0	KavNr-map_imuy_S9.mp3
KavNr-map_imuy	49.97	53.51	0	KavNr-map_imuy_S10.mp3
KavNr-map_imuy	53.51	59.49	0	KavNr-map_imuy_S11.mp3
KavNr-map_imuy	59.49	63.11	0	KavNr-map_imuy_S12.mp3
KavNr-map_syulan	0.0	3.15	0	KavNr-map_syulan_S0.mp3
KavNr-map_syulan	3.15	5.86	0	KavNr-map_syulan_S1.mp3
KavNr-map_syulan	5.86	8.82	0	KavNr-map_syulan_S2.mp3
KavNr-map_syulan	8.82	9.92	0	KavNr-map_syulan_S3.mp3
KavNr-map_syulan	9.92	14.74	0	KavNr-map_syulan_S4.mp3
KavNr-map_syulan	14.74	17.98	0	KavNr-map_syulan_S5.mp3
KavNr-map_syulan	17.98	20.84	0	KavNr-map_syulan_S6.mp3
KavNr-map_syulan	20.84	24.11	0	KavNr-map_syulan_S7.mp3
KavNr-map_syulan	24.11	26.91	0	KavNr-map_syulan_S8.mp3
KavNr-map_syulan	26.91	30.33	0	KavNr-map_syulan_S9.mp3
KavNr-map_syulan	30.33	31.58	0	KavNr-map_syulan_S10.mp3
KavNr-map_syulan	31.58	35.09	0	KavNr-map_syulan_S11.mp3
KavNr-map_syulan	35.09	38.07	0	KavNr-map_syulan_S12.mp3
KavNr-map_syulan	38.07	41.84	0	KavNr-map_syulan_S13.mp3
KavNr-map_syulan	41.84	44.49	0	KavNr-map_syulan_S14.mp3
KavNr-map_syulan	44.49	47.87	0	KavNr-map_syulan_S15.mp3
KavNr-map_syulan	47.87	51.24	0	KavNr-map_syulan_S16.mp3
KavNr-map_syulan	51.24	52.8	0	KavNr-map_syulan_S17.mp3
KavNr-pear_Haciang	0.0	2.15	0	KavNr-pear_Haciang_S0.mp3
KavNr-pear_Haciang	2.15	6.79	0	KavNr-pear_Haciang_S1.mp3
KavNr-pear_Haciang	6.79	13.61	0	KavNr-pear_Haciang_S2.mp3
KavNr-pear_Haciang	13.61	17.48	0	KavNr-pear_Haciang_S3.mp3
KavNr-pear_Haciang	17.48	18.44	0	KavNr-pear_Haciang_S4.mp3
KavNr-pear_Haciang	18.44	19.92	0	KavNr-pear_Haciang_S5.mp3
KavNr-pear_Haciang	19.92	27.71	0	KavNr-pear_Haciang_S6.mp3
KavNr-pear_Haciang	27.71	32.32	0	KavNr-pear_Haciang_S7.mp3
KavNr-pear_Haciang	32.32	36.0	0	KavNr-pear_Haciang_S8.mp3
KavNr-pear_Haciang	36.0	42.11	0	KavNr-pear_Haciang_S9.mp3
KavNr-pear_Haciang	42.11	46.07	0	KavNr-pear_Haciang_S10.mp3
KavNr-pear_Haciang	46.07	51.79	0	KavNr-pear_Haciang_S11.mp3
KavNr-pear_Haciang	51.79	55.94	0	KavNr-pear_Haciang_S12.mp3
KavNr-pear_Haciang	55.94	57.1	0	KavNr-pear_Haciang_S13.mp3
KavNr-pear_Haciang	57.1	61.87	0	KavNr-pear_Haciang_S14.mp3
KavNr-pear_Haciang	61.87	64.17	0	KavNr-pear_Haciang_S15.mp3
KavNr-pear_Haciang	64.17	66.49	0	KavNr-pear_Haciang_S16.mp3
KavNr-pear_Haciang	66.49	69.28	0	KavNr-pear_Haciang_S17.mp3
KavNr-pear_Haciang	69.28	72.73	0	KavNr-pear_Haciang_S18.mp3
KavNr-pear_Haciang	72.73	73.41	0	KavNr-pear_Haciang_S19.mp3
KavNr-pear_Haciang	73.41	77.14	0	KavNr-pear_Haciang_S20.mp3
KavNr-pear_Haciang	77.14	80.56	0	KavNr-pear_Haciang_S21.mp3
KavNr-pear_Haciang	80.56	85.64	0	KavNr-pear_Haciang_S22.mp3
KavNr-pear_Haciang	85.64	88.21	0	KavNr-pear_Haciang_S23.mp3
KavNr-pear_Haciang	88.21	90.69	0	KavNr-pear_Haciang_S24.mp3
KavNr-pear_Haciang	90.69	94.06	0	KavNr-pear_Haciang_S25.mp3
KavNr-pear_Haciang	94.06	97.35	0	KavNr-pear_Haciang_S26.mp3
KavNr-pear_Haciang	97.35	101.12	0	KavNr-pear_Haciang_S27.mp3
KavNr-pear_Haciang	101.12	104.38	0	KavNr-pear_Haciang_S28.mp3
KavNr-pear_Haciang	104.38	107.95	0	KavNr-pear_Haciang_S29.mp3
KavNr-pear_Haciang	107.95	112.61	0	KavNr-pear_Haciang_S30.mp3
KavNr-pear_Haciang	112.61	116.43	0	KavNr-pear_Haciang_S31.mp3
KavNr-pear_Haciang	116.43	121.67	0	KavNr-pear_Haciang_S32.mp3
KavNr-pear_Haciang	121.67	127.89	0	KavNr-pear_Haciang_S33.mp3
KavNr-pear_Haciang	127.89	130.31	0	KavNr-pear_Haciang_S34.mp3
KavNr-pear_Haciang	130.31	133.97	0	KavNr-pear_Haciang_S35.mp3
KavNr-pear_Haciang	133.97	137.52	0	KavNr-pear_Haciang_S36.mp3
KavNr-pear_Haciang	137.52	142.58	0	KavNr-pear_Haciang_S37.mp3
KavNr-pear_Haciang	142.58	145.1	0	KavNr-pear_Haciang_S38.mp3
KavNr-pear_Haciang	145.1	148.67	0	KavNr-pear_Haciang_S39.mp3
KavNr-pear_Haciang	148.67	153.59	0	KavNr-pear_Haciang_S40.mp3
KavNr-pear_Haciang	153.59	155.51	0	KavNr-pear_Haciang_S41.mp3
KavNr-pear_Haciang	155.51	160.21	0	KavNr-pear_Haciang_S42.mp3
KavNr-pear_Haciang	160.21	161.67	0	KavNr-pear_Haciang_S43.mp3
KavNr-pear_Haciang	161.67	163.34	0	KavNr-pear_Haciang_S44.mp3
KavNr-pear_Haciang	163.34	165.85	0	KavNr-pear_Haciang_S45.mp3
KavNr-pear_Haciang	165.85	169.39	0	KavNr-pear_Haciang_S46.mp3
KavNr-pear_Haciang	169.39	172.2	0	KavNr-pear_Haciang_S47.mp3
KavNr-pear_Haciang	172.2	174.14	0	KavNr-pear_Haciang_S48.mp3
KavNr-pear_Haciang	174.14	177.28	0	KavNr-pear_Haciang_S49.mp3
KavNr-pear_Haciang	177.28	181.51	0	KavNr-pear_Haciang_S50.mp3
KavNr-pear_Haciang	181.51	186.23	0	KavNr-pear_Haciang_S51.mp3
KavNr-pear_Haciang	186.23	195.76	0	KavNr-pear_Haciang_S52.mp3
KavNr-pear_Haciang	195.76	198.3	0	KavNr-pear_Haciang_S53.mp3
KavNr-pear_Haciang	198.3	201.37	0	KavNr-pear_Haciang_S54.mp3
KavNr-pear_Haciang	201.37	204.89	0	KavNr-pear_Haciang_S55.mp3
KavNr-pear_Haciang	204.89	208.14	0	KavNr-pear_Haciang_S56.mp3
KavNr-pear_Haciang	208.14	212.81	0	KavNr-pear_Haciang_S57.mp3
KavNr-pear_abas	0.0	6.46	0	KavNr-pear_abas_S0.mp3
KavNr-pear_abas	6.46	10.64	0	KavNr-pear_abas_S1.mp3
KavNr-pear_abas	10.64	16.89	0	KavNr-pear_abas_S2.mp3
KavNr-pear_abas	16.89	23.22	0	KavNr-pear_abas_S3.mp3
KavNr-pear_abas	23.22	26.52	0	KavNr-pear_abas_S4.mp3
KavNr-pear_abas	26.52	28.6	0	KavNr-pear_abas_S5.mp3
KavNr-pear_abas	28.6	32.36	0	KavNr-pear_abas_S6.mp3
KavNr-pear_abas	32.36	38.99	0	KavNr-pear_abas_S7.mp3
KavNr-pear_abas	38.99	43.49	0	KavNr-pear_abas_S8.mp3
KavNr-pear_abas	43.49	44.82	0	KavNr-pear_abas_S9.mp3
KavNr-pear_abas	44.82	47.29	0	KavNr-pear_abas_S10.mp3
KavNr-pear_abas	47.29	52.14	0	KavNr-pear_abas_S11.mp3
KavNr-pear_abas	52.14	58.72	0	KavNr-pear_abas_S12.mp3
KavNr-pear_abas	58.72	60.54	0	KavNr-pear_abas_S13.mp3
KavNr-pear_abas	60.54	62.71	0	KavNr-pear_abas_S14.mp3
KavNr-pear_abas	62.71	65.97	0	KavNr-pear_abas_S15.mp3
KavNr-pear_abas	65.97	71.88	0	KavNr-pear_abas_S16.mp3
KavNr-pear_abas	71.88	75.16	0	KavNr-pear_abas_S17.mp3
KavNr-pear_abas	75.16	80.23	0	KavNr-pear_abas_S18.mp3
KavNr-pear_abas	80.23	85.74	0	KavNr-pear_abas_S19.mp3
KavNr-pear_abas	85.74	90.29	0	KavNr-pear_abas_S20.mp3
KavNr-pear_abas	90.29	93.16	0	KavNr-pear_abas_S21.mp3
KavNr-pear_abas	93.16	97.74	0	KavNr-pear_abas_S22.mp3
KavNr-pear_abas	97.74	99.59	0	KavNr-pear_abas_S23.mp3
KavNr-pear_abas	99.59	107.23	0	KavNr-pear_abas_S24.mp3
KavNr-pear_abas	107.23	112.07	0	KavNr-pear_abas_S25.mp3
KavNr-pear_abas	112.07	117.41	0	KavNr-pear_abas_S26.mp3
KavNr-pear_abas	117.41	119.52	0	KavNr-pear_abas_S27.mp3
KavNr-pear_abas	119.52	125.36	0	KavNr-pear_abas_S28.mp3
KavNr-pear_abas	125.36	130.16	0	KavNr-pear_abas_S29.mp3
KavNr-pear_abas	130.16	132.49	0	KavNr-pear_abas_S30.mp3
KavNr-pear_abas	132.49	136.28	0	KavNr-pear_abas_S31.mp3
KavNr-pear_api	0.0	5.51	0	KavNr-pear_api_S0.mp3
KavNr-pear_api	5.51	11.74	0	KavNr-pear_api_S1.mp3
KavNr-pear_api	11.74	14.67	0	KavNr-pear_api_S2.mp3
KavNr-pear_api	14.67	16.6	0	KavNr-pear_api_S3.mp3
KavNr-pear_api	16.6	18.99	0	KavNr-pear_api_S4.mp3
KavNr-pear_api	18.99	25.46	0	KavNr-pear_api_S5.mp3
KavNr-pear_api	25.46	29.91	0	KavNr-pear_api_S6.mp3
KavNr-pear_api	29.91	32.13	0	KavNr-pear_api_S7.mp3
KavNr-pear_api	32.13	35.38	0	KavNr-pear_api_S8.mp3
KavNr-pear_api	35.38	37.44	0	KavNr-pear_api_S9.mp3
KavNr-pear_api	37.44	40.91	0	KavNr-pear_api_S10.mp3
KavNr-pear_api	40.91	42.23	0	KavNr-pear_api_S11.mp3
KavNr-pear_api	42.23	46.75	0	KavNr-pear_api_S12.mp3
KavNr-pear_api	46.75	50.04	0	KavNr-pear_api_S13.mp3
KavNr-pear_api	50.04	51.24	0	KavNr-pear_api_S14.mp3
KavNr-pear_api	51.24	55.45	0	KavNr-pear_api_S15.mp3
KavNr-pear_api	55.45	60.39	0	KavNr-pear_api_S16.mp3
KavNr-pear_api	60.39	67.18	0	KavNr-pear_api_S17.mp3
KavNr-pear_api	67.18	70.64	0	KavNr-pear_api_S18.mp3
KavNr-pear_api	70.64	75.79	0	KavNr-pear_api_S19.mp3
KavNr-pear_api	75.79	80.6	0	KavNr-pear_api_S20.mp3
KavNr-pear_api	80.6	84.17	0	KavNr-pear_api_S21.mp3
KavNr-pear_api	84.17	88.38	0	KavNr-pear_api_S22.mp3
KavNr-pear_api	88.38	96.56	0	KavNr-pear_api_S23.mp3
KavNr-pear_api	96.56	100.04	0	KavNr-pear_api_S24.mp3
KavNr-pear_api	100.04	104.48	0	KavNr-pear_api_S25.mp3
KavNr-pear_api	104.48	108.39	0	KavNr-pear_api_S26.mp3
KavNr-pear_api	108.39	115.72	0	KavNr-pear_api_S27.mp3
KavNr-pear_api	115.72	119.12	0	KavNr-pear_api_S28.mp3
KavNr-pear_api	119.12	125.39	0	KavNr-pear_api_S29.mp3
KavNr-pear_api	125.39	128.65	0	KavNr-pear_api_S30.mp3
KavNr-pear_api	128.65	132.13	0	KavNr-pear_api_S31.mp3
KavNr-pear_api	132.13	136.67	0	KavNr-pear_api_S32.mp3
KavNr-pear_api	136.67	137.94	0	KavNr-pear_api_S33.mp3
KavNr-pear_api	137.94	141.77	0	KavNr-pear_api_S34.mp3
KavNr-pear_api	141.77	144.47	0	KavNr-pear_api_S35.mp3
KavNr-pear_api	144.47	147.55	0	KavNr-pear_api_S36.mp3
KavNr-pear_api	147.55	148.75	0	KavNr-pear_api_S37.mp3
KavNr-pear_banday	0.0	5.25	0	KavNr-pear_banday_S0.mp3
KavNr-pear_banday	5.25	7.77	0	KavNr-pear_banday_S1.mp3
KavNr-pear_banday	7.77	12.17	0	KavNr-pear_banday_S2.mp3
KavNr-pear_banday	12.17	20.05	0	KavNr-pear_banday_S3.mp3
KavNr-pear_banday	20.05	27.19	0	KavNr-pear_banday_S4.mp3
KavNr-pear_banday	27.19	31.09	0	KavNr-pear_banday_S5.mp3
KavNr-pear_banday	31.09	36.0	0	KavNr-pear_banday_S6.mp3
KavNr-pear_banday	36.0	39.83	0	KavNr-pear_banday_S7.mp3
KavNr-pear_banday	39.83	44.04	0	KavNr-pear_banday_S8.mp3
KavNr-pear_banday	44.04	48.01	0	KavNr-pear_banday_S9.mp3
KavNr-pear_banday	48.01	50.86	0	KavNr-pear_banday_S10.mp3
KavNr-pear_banday	50.86	55.32	0	KavNr-pear_banday_S11.mp3
KavNr-pear_banday	55.32	60.61	0	KavNr-pear_banday_S12.mp3
KavNr-pear_banday	60.61	68.91	0	KavNr-pear_banday_S13.mp3
KavNr-pear_banday	68.91	76.33	0	KavNr-pear_banday_S14.mp3
KavNr-pear_banday	76.33	83.56	0	KavNr-pear_banday_S15.mp3
KavNr-pear_banday	83.56	89.33	0	KavNr-pear_banday_S16.mp3
KavNr-pear_banday	89.33	93.13	0	KavNr-pear_banday_S17.mp3
KavNr-pear_banday	93.13	96.24	0	KavNr-pear_banday_S18.mp3
KavNr-pear_banday	96.24	105.1	0	KavNr-pear_banday_S19.mp3
KavNr-pear_banday	105.1	110.05	0	KavNr-pear_banday_S20.mp3
KavNr-pear_banday	110.05	116.91	0	KavNr-pear_banday_S21.mp3
KavNr-pear_banday	116.91	119.81	0	KavNr-pear_banday_S22.mp3
KavNr-pear_banday	119.81	124.38	0	KavNr-pear_banday_S23.mp3
KavNr-pear_banday	124.38	132.53	0	KavNr-pear_banday_S24.mp3
KavNr-pear_banday	132.53	137.21	0	KavNr-pear_banday_S25.mp3
KavNr-pear_buya	0.0	6.34	0	KavNr-pear_buya_S0.mp3
KavNr-pear_buya	6.34	10.55	0	KavNr-pear_buya_S1.mp3
KavNr-pear_buya	10.55	13.87	0	KavNr-pear_buya_S2.mp3
KavNr-pear_buya	13.87	17.35	0	KavNr-pear_buya_S3.mp3
KavNr-pear_buya	17.35	19.41	0	KavNr-pear_buya_S4.mp3
KavNr-pear_buya	19.41	21.8	0	KavNr-pear_buya_S5.mp3
KavNr-pear_buya	21.8	28.1	0	KavNr-pear_buya_S6.mp3
KavNr-pear_buya	28.1	36.69	0	KavNr-pear_buya_S7.mp3
KavNr-pear_buya	36.69	44.62	0	KavNr-pear_buya_S8.mp3
KavNr-pear_buya	44.62	50.56	0	KavNr-pear_buya_S9.mp3
KavNr-pear_buya	50.56	53.67	0	KavNr-pear_buya_S10.mp3
KavNr-pear_buya	53.67	58.73	0	KavNr-pear_buya_S11.mp3
KavNr-pear_buya	58.73	64.23	0	KavNr-pear_buya_S12.mp3
KavNr-pear_buya	64.23	67.26	0	KavNr-pear_buya_S13.mp3
KavNr-pear_buya	67.26	70.06	0	KavNr-pear_buya_S14.mp3
KavNr-pear_buya	70.06	74.97	0	KavNr-pear_buya_S15.mp3
KavNr-pear_buya	74.97	78.28	0	KavNr-pear_buya_S16.mp3
KavNr-pear_buya	78.28	83.76	0	KavNr-pear_buya_S17.mp3
KavNr-pear_buya	83.76	85.19	0	KavNr-pear_buya_S18.mp3
KavNr-pear_buya	85.19	90.1	0	KavNr-pear_buya_S19.mp3
KavNr-pear_buya	90.1	91.98	0	KavNr-pear_buya_S20.mp3
KavNr-pear_buya	91.98	96.4	0	KavNr-pear_buya_S21.mp3
KavNr-pear_buya	96.4	104.19	0	KavNr-pear_buya_S22.mp3
KavNr-pear_buya	104.19	108.23	0	KavNr-pear_buya_S23.mp3
KavNr-pear_buya	108.23	111.38	0	KavNr-pear_buya_S24.mp3
KavNr-pear_buya	111.38	115.08	0	KavNr-pear_buya_S25.mp3
KavNr-pear_buya	115.08	117.2	0	KavNr-pear_buya_S26.mp3
KavNr-pear_buya	117.2	121.12	0	KavNr-pear_buya_S27.mp3
KavNr-pear_buya	121.12	126.34	0	KavNr-pear_buya_S28.mp3
KavNr-pear_buya	126.34	127.38	0	KavNr-pear_buya_S29.mp3
KavNr-pear_buya	127.38	129.41	0	KavNr-pear_buya_S30.mp3
KavNr-pear_buya	129.41	132.87	0	KavNr-pear_buya_S31.mp3
KavNr-pear_buya	132.87	136.33	0	KavNr-pear_buya_S32.mp3
KavNr-pear_buya	136.33	140.76	0	KavNr-pear_buya_S33.mp3
KavNr-pear_buya	140.76	145.68	0	KavNr-pear_buya_S34.mp3
KavNr-pear_buya	145.68	149.33	0	KavNr-pear_buya_S35.mp3
KavNr-pear_buya	149.33	151.22	0	KavNr-pear_buya_S36.mp3
KavNr-pear_buya	151.22	152.72	0	KavNr-pear_buya_S37.mp3
KavNr-pear_buya	152.72	154.16	0	KavNr-pear_buya_S38.mp3
KavNr-pear_buya	154.16	159.22	0	KavNr-pear_buya_S39.mp3
KavNr-pear_buya	159.22	160.44	0	KavNr-pear_buya_S40.mp3
KavNr-pear_buya	160.44	162.82	0	KavNr-pear_buya_S41.mp3
KavNr-pear_buya	162.82	166.57	0	KavNr-pear_buya_S42.mp3
KavNr-pear_buya	166.57	173.37	0	KavNr-pear_buya_S43.mp3
KavNr-pear_buya	173.37	174.91	0	KavNr-pear_buya_S44.mp3
KavNr-pear_buya	174.91	176.25	0	KavNr-pear_buya_S45.mp3
KavNr-pear_buya	176.25	178.84	0	KavNr-pear_buya_S46.mp3
KavNr-pear_imuy	0.0	6.14	0	KavNr-pear_imuy_S0.mp3
KavNr-pear_imuy	6.14	12.2	0	KavNr-pear_imuy_S1.mp3
KavNr-pear_imuy	12.2	16.81	0	KavNr-pear_imuy_S2.mp3
KavNr-pear_imuy	16.81	19.76	0	KavNr-pear_imuy_S3.mp3
KavNr-pear_imuy	19.76	22.91	0	KavNr-pear_imuy_S4.mp3
KavNr-pear_imuy	22.91	30.66	0	KavNr-pear_imuy_S5.mp3
KavNr-pear_imuy	30.66	38.03	0	KavNr-pear_imuy_S6.mp3
KavNr-pear_imuy	38.03	41.25	0	KavNr-pear_imuy_S7.mp3
KavNr-pear_imuy	41.25	50.82	0	KavNr-pear_imuy_S8.mp3
KavNr-pear_imuy	50.82	55.51	0	KavNr-pear_imuy_S9.mp3
KavNr-pear_imuy	55.51	57.57	0	KavNr-pear_imuy_S10.mp3
KavNr-pear_imuy	57.57	58.23	0	KavNr-pear_imuy_S11.mp3
KavNr-pear_imuy	58.23	61.68	0	KavNr-pear_imuy_S12.mp3
KavNr-pear_imuy	61.68	68.28	0	KavNr-pear_imuy_S13.mp3
KavNr-pear_imuy	68.28	71.27	0	KavNr-pear_imuy_S14.mp3
KavNr-pear_imuy	71.27	75.03	0	KavNr-pear_imuy_S15.mp3
KavNr-pear_imuy	75.03	82.28	0	KavNr-pear_imuy_S16.mp3
KavNr-pear_imuy	82.28	86.23	0	KavNr-pear_imuy_S17.mp3
KavNr-pear_imuy	86.23	89.3	0	KavNr-pear_imuy_S18.mp3
KavNr-pear_imuy	89.3	92.86	0	KavNr-pear_imuy_S19.mp3
KavNr-pear_imuy	92.86	94.49	0	KavNr-pear_imuy_S20.mp3
KavNr-pear_imuy	94.49	95.39	0	KavNr-pear_imuy_S21.mp3
KavNr-pear_ipay	0.0	3.1	0	KavNr-pear_ipay_S0.mp3
KavNr-pear_ipay	3.1	5.56	0	KavNr-pear_ipay_S1.mp3
KavNr-pear_ipay	5.56	13.82	0	KavNr-pear_ipay_S2.mp3
KavNr-pear_ipay	13.82	17.55	0	KavNr-pear_ipay_S3.mp3
KavNr-pear_ipay	17.55	21.53	0	KavNr-pear_ipay_S4.mp3
KavNr-pear_ipay	21.53	23.83	0	KavNr-pear_ipay_S5.mp3
KavNr-pear_ipay	23.83	26.55	0	KavNr-pear_ipay_S6.mp3
KavNr-pear_ipay	26.55	30.49	0	KavNr-pear_ipay_S7.mp3
KavNr-pear_ipay	30.49	32.89	0	KavNr-pear_ipay_S8.mp3
KavNr-pear_ipay	32.89	34.65	0	KavNr-pear_ipay_S9.mp3
KavNr-pear_ipay	34.65	39.18	0	KavNr-pear_ipay_S10.mp3
KavNr-pear_ipay	39.18	40.83	0	KavNr-pear_ipay_S11.mp3
KavNr-pear_ipay	40.83	42.91	0	KavNr-pear_ipay_S12.mp3
KavNr-pear_ipay	42.91	44.11	0	KavNr-pear_ipay_S13.mp3
KavNr-pear_ipay	44.11	46.67	0	KavNr-pear_ipay_S14.mp3
KavNr-pear_ipay	46.67	50.95	0	KavNr-pear_ipay_S15.mp3
KavNr-pear_ipay	50.95	58.04	0	KavNr-pear_ipay_S16.mp3
KavNr-pear_ipay	58.04	59.8	0	KavNr-pear_ipay_S17.mp3
KavNr-pear_ipay	59.8	61.11	0	KavNr-pear_ipay_S18.mp3
KavNr-pear_ipay	61.11	67.14	0	KavNr-pear_ipay_S19.mp3
KavNr-pear_syulan	0.0	6.26	0	KavNr-pear_syulan_S0.mp3
KavNr-pear_syulan	6.26	13.82	0	KavNr-pear_syulan_S1.mp3
KavNr-pear_syulan	13.82	19.02	0	KavNr-pear_syulan_S2.mp3
KavNr-pear_syulan	19.02	23.32	0	KavNr-pear_syulan_S3.mp3
KavNr-pear_syulan	23.32	26.19	0	KavNr-pear_syulan_S4.mp3
KavNr-pear_syulan	26.19	32.23	0	KavNr-pear_syulan_S5.mp3
KavNr-pear_syulan	32.23	46.96	0	KavNr-pear_syulan_S6.mp3
KavNr-pear_syulan	46.96	54.59	0	KavNr-pear_syulan_S7.mp3
KavNr-pear_syulan	54.59	59.65	0	KavNr-pear_syulan_S8.mp3
KavNr-pear_syulan	59.65	63.39	0	KavNr-pear_syulan_S9.mp3
KavNr-pear_syulan	63.39	66.53	0	KavNr-pear_syulan_S10.mp3
KavNr-pear_syulan	66.53	69.58	0	KavNr-pear_syulan_S11.mp3
KavNr-pear_syulan	69.58	72.03	0	KavNr-pear_syulan_S12.mp3
KavNr-pear_syulan	72.03	76.32	0	KavNr-pear_syulan_S13.mp3
KavNr-pear_syulan	76.32	84.31	0	KavNr-pear_syulan_S14.mp3
KavNr-pear_syulan	84.31	88.59	0	KavNr-pear_syulan_S15.mp3
KavNr-pear_syulan	88.59	90.85	0	KavNr-pear_syulan_S16.mp3
KavNr-pear_syulan	90.85	98.78	0	KavNr-pear_syulan_S17.mp3
KavNr-pear_syulan	98.78	105.57	0	KavNr-pear_syulan_S18.mp3
KavNr-pear_syulan	105.57	113.95	0	KavNr-pear_syulan_S19.mp3
KavNr-pear_syulan	113.95	119.16	0	KavNr-pear_syulan_S20.mp3
KavNr-sea_buya	0.0	5.45	0	KavNr-sea_buya_S0.mp3
KavNr-sea_buya	5.45	8.83	0	KavNr-sea_buya_S1.mp3
KavNr-sea_buya	8.83	14.98	0	KavNr-sea_buya_S2.mp3
KavNr-sea_buya	14.98	17.75	0	KavNr-sea_buya_S3.mp3
KavNr-sea_buya	17.75	25.08	0	KavNr-sea_buya_S4.mp3
KavNr-sea_buya	25.08	33.9	0	KavNr-sea_buya_S5.mp3
KavNr-sea_buya	33.9	41.81	0	KavNr-sea_buya_S6.mp3
KavNr-sea_buya	41.81	54.47	0	KavNr-sea_buya_S7.mp3
KavNr-sea_buya	54.47	65.68	0	KavNr-sea_buya_S8.mp3
KavNr-sea_buya	65.68	75.32	0	KavNr-sea_buya_S9.mp3
KavNr-sea_buya	75.32	87.16	0	KavNr-sea_buya_S10.mp3
KavNr-sea_buya	87.16	92.34	0	KavNr-sea_buya_S11.mp3
KavNr-sea_buya	92.34	97.2	0	KavNr-sea_buya_S12.mp3
KavNr-sea_buya	97.2	100.63	0	KavNr-sea_buya_S13.mp3
KavNr-sea_buya	100.63	105.4	0	KavNr-sea_buya_S14.mp3
KavNr-sea_buya	105.4	108.35	0	KavNr-sea_buya_S15.mp3
kavCon-speech_buya_syulan	0.0	11.5	0	kavCon-speech_buya_syulan_S0.mp3
kavCon-speech_buya_syulan	11.5	25.89	0	kavCon-speech_buya_syulan_S1.mp3
kavCon-speech_buya_syulan	25.89	29.9	0	kavCon-speech_buya_syulan_S2.mp3
kavCon-speech_buya_syulan	29.9	39.69	0	kavCon-speech_buya_syulan_S3.mp3
kavCon-speech_buya_syulan	39.69	45.36	0	kavCon-speech_buya_syulan_S4.mp3
kavCon-speech_buya_syulan	45.36	49.38	0	kavCon-speech_buya_syulan_S5.mp3
kavCon-speech_buya_syulan	49.38	52.9	0	kavCon-speech_buya_syulan_S6.mp3
kavCon-speech_buya_syulan	52.9	57.81	0	kavCon-speech_buya_syulan_S7.mp3
kavCon-speech_buya_syulan	57.81	64.47	0	kavCon-speech_buya_syulan_S8.mp3
kavCon-speech_buya_syulan	64.47	68.26	0	kavCon-speech_buya_syulan_S9.mp3
kavCon-speech_buya_syulan	68.26	71.19	0	kavCon-speech_buya_syulan_S10.mp3
kavCon-speech_buya_syulan	71.19	82.22	0	kavCon-speech_buya_syulan_S11.mp3
kavCon-speech_buya_syulan	82.22	85.65	0	kavCon-speech_buya_syulan_S12.mp3
kavCon-speech_buya_syulan	85.65	85.83	0	kavCon-speech_buya_syulan_S13.mp3
kavCon-speech_buya_syulan	85.83	92.34	0	kavCon-speech_buya_syulan_S14.mp3
kavCon-speech_buya_syulan	92.34	95.11	0	kavCon-speech_buya_syulan_S15.mp3
kavCon-speech_buya_syulan	95.11	95.8	0	kavCon-speech_buya_syulan_S16.mp3
kavCon-speech_buya_syulan	95.8	97.81	0	kavCon-speech_buya_syulan_S17.mp3
kavCon-speech_buya_syulan	97.81	101.78	0	kavCon-speech_buya_syulan_S18.mp3
kavCon-speech_buya_syulan	101.78	102.9	0	kavCon-speech_buya_syulan_S19.mp3
kavCon-speech_buya_syulan	102.9	116.47	0	kavCon-speech_buya_syulan_S20.mp3
kavCon-speech_buya_syulan	116.47	119.65	0	kavCon-speech_buya_syulan_S21.mp3
kavCon-speech_buya_syulan	119.65	120.25	0	kavCon-speech_buya_syulan_S22.mp3
kavCon-speech_buya_syulan	120.25	121.95	0	kavCon-speech_buya_syulan_S23.mp3
kavCon-speech_buya_syulan	121.95	125.04	0	kavCon-speech_buya_syulan_S24.mp3
kavCon-speech_buya_syulan	125.04	127.67	0	kavCon-speech_buya_syulan_S25.mp3
kavCon-speech_buya_syulan	127.67	130.19	0	kavCon-speech_buya_syulan_S26.mp3
kavCon-speech_buya_syulan	130.19	137.03	0	kavCon-speech_buya_syulan_S27.mp3
kavCon-speech_buya_syulan	137.03	143.56	0	kavCon-speech_buya_syulan_S28.mp3
kavCon-speech_buya_syulan	143.56	143.98	0	kavCon-speech_buya_syulan_S29.mp3
kavCon-speech_buya_syulan	143.98	145.95	0	kavCon-speech_buya_syulan_S30.mp3
kavCon-speech_buya_syulan	145.95	151.75	0	kavCon-speech_buya_syulan_S31.mp3
kavCon-speech_buya_syulan	151.75	153.42	0	kavCon-speech_buya_syulan_S32.mp3
kavCon-speech_buya_syulan	153.42	156.79	0	kavCon-speech_buya_syulan_S33.mp3
kavCon-speech_buya_syulan	156.79	159.37	0	kavCon-speech_buya_syulan_S34.mp3
kavCon-speech_buya_syulan	159.37	160.62	0	kavCon-speech_buya_syulan_S35.mp3
kavCon-speech_buya_syulan	160.62	164.86	0	kavCon-speech_buya_syulan_S36.mp3
kavCon-speech_buya_syulan	164.86	168.27	0	kavCon-speech_buya_syulan_S37.mp3
kavCon-speech_buya_syulan	168.27	168.79	0	kavCon-speech_buya_syulan_S38.mp3
kavCon-speech_buya_syulan	168.79	172.0	0	kavCon-speech_buya_syulan_S39.mp3
kavCon-speech_buya_syulan	172.0	177.64	0	kavCon-speech_buya_syulan_S40.mp3
kavCon-speech_buya_syulan	177.64	183.61	0	kavCon-speech_buya_syulan_S41.mp3
kavCon-speech_buya_syulan	183.61	187.2	0	kavCon-speech_buya_syulan_S42.mp3
kavCon-speech_buya_syulan	187.2	190.07	0	kavCon-speech_buya_syulan_S43.mp3
kavCon-speech_buya_syulan	190.07	193.32	0	kavCon-speech_buya_syulan_S44.mp3
kavCon-speech_buya_syulan	193.32	198.49	0	kavCon-speech_buya_syulan_S45.mp3
kavCon-speech_buya_syulan	198.49	200.22	0	kavCon-speech_buya_syulan_S46.mp3
kavCon-speech_buya_syulan	200.22	202.63	0	kavCon-speech_buya_syulan_S47.mp3
kavCon-speech_buya_syulan	202.63	205.94	0	kavCon-speech_buya_syulan_S48.mp3
kavCon-speech_buya_syulan	205.94	208.78	0	kavCon-speech_buya_syulan_S49.mp3
kavCon-speech_buya_syulan	208.78	208.87	0	kavCon-speech_buya_syulan_S50.mp3
kavCon-speech_buya_syulan	208.87	213.82	0	kavCon-speech_buya_syulan_S51.mp3
kavCon-speech_buya_syulan	213.82	214.01	0	kavCon-speech_buya_syulan_S52.mp3
kavCon-speech_buya_syulan	214.01	214.9	0	kavCon-speech_buya_syulan_S53.mp3
kavCon-speech_buya_syulan	214.9	217.3	0	kavCon-speech_buya_syulan_S54.mp3
kavCon-speech_buya_syulan	217.3	218.66	0	kavCon-speech_buya_syulan_S55.mp3
kavCon-speech_buya_syulan	218.66	219.35	0	kavCon-speech_buya_syulan_S56.mp3
kavCon-speech_buya_syulan	219.35	220.79	0	kavCon-speech_buya_syulan_S57.mp3
kavCon-speech_buya_syulan	220.79	222.53	0	kavCon-speech_buya_syulan_S58.mp3
kavCon-speech_buya_syulan	222.53	225.32	0	kavCon-speech_buya_syulan_S59.mp3
kavCon-speech_buya_syulan	225.32	227.63	0	kavCon-speech_buya_syulan_S60.mp3
kavCon-speech_buya_syulan	227.63	228.57	0	kavCon-speech_buya_syulan_S61.mp3
kavCon-speech_buya_syulan	228.57	229.66	0	kavCon-speech_buya_syulan_S62.mp3
kavCon-speech_buya_syulan	229.66	231.04	0	kavCon-speech_buya_syulan_S63.mp3
kavCon-speech_buya_syulan	231.04	234.32	0	kavCon-speech_buya_syulan_S64.mp3
kavCon-speech_buya_syulan	234.32	237.96	0	kavCon-speech_buya_syulan_S65.mp3
kavCon-speech_buya_syulan	237.96	242.16	0	kavCon-speech_buya_syulan_S66.mp3
kavCon-speech_buya_syulan	242.16	244.47	0	kavCon-speech_buya_syulan_S67.mp3
kavCon-speech_buya_syulan	244.47	252.21	0	kavCon-speech_buya_syulan_S68.mp3
kavCon-speech_buya_syulan	252.21	257.02	0	kavCon-speech_buya_syulan_S69.mp3
kavCon-speech_buya_syulan	257.02	258.54	0	kavCon-speech_buya_syulan_S70.mp3
kavCon-speech_buya_syulan	258.54	259.66	0	kavCon-speech_buya_syulan_S71.mp3
kavCon-speech_buya_syulan	259.66	261.86	0	kavCon-speech_buya_syulan_S72.mp3
kavCon-speech_buya_syulan	261.86	266.78	0	kavCon-speech_buya_syulan_S73.mp3
kavCon-speech_buya_syulan	266.78	269.71	0	kavCon-speech_buya_syulan_S74.mp3
kavCon-speech_buya_syulan	269.71	273.0	0	kavCon-speech_buya_syulan_S75.mp3
kavCon-speech_buya_syulan	273.0	274.8	0	kavCon-speech_buya_syulan_S76.mp3
kavCon-speech_buya_syulan	274.8	278.6	0	kavCon-speech_buya_syulan_S77.mp3
kavCon-speech_buya_syulan	278.6	279.07	0	kavCon-speech_buya_syulan_S78.mp3
kavCon-speech_buya_syulan	279.07	282.66	0	kavCon-speech_buya_syulan_S79.mp3
kavCon-speech_buya_syulan	282.66	284.59	0	kavCon-speech_buya_syulan_S80.mp3
kavCon-speech_buya_syulan	284.59	287.11	0	kavCon-speech_buya_syulan_S81.mp3
kavCon-speech_buya_syulan	287.11	288.62	0	kavCon-speech_buya_syulan_S82.mp3
kavCon-speech_buya_syulan	288.62	291.46	0	kavCon-speech_buya_syulan_S83.mp3
kavCon-speech_buya_syulan	291.46	298.51	0	kavCon-speech_buya_syulan_S84.mp3
kavCon-speech_buya_syulan	298.51	299.49	0	kavCon-speech_buya_syulan_S85.mp3
kavCon-speech_buya_syulan	299.49	299.56	0	kavCon-speech_buya_syulan_S86.mp3
kavCon-speech_buya_syulan	299.56	299.65	0	kavCon-speech_buya_syulan_S87.mp3
RukaiNr-becenge_tagas	0.0	5.21	0	RukaiNr-becenge_tagas_S0.mp3
RukaiNr-becenge_tagas	5.21	7.28	0	RukaiNr-becenge_tagas_S1.mp3
RukaiNr-becenge_tagas	7.28	13.18	0	RukaiNr-becenge_tagas_S2.mp3
RukaiNr-becenge_tagas	13.18	19.37	0	RukaiNr-becenge_tagas_S3.mp3
RukaiNr-becenge_tagas	19.37	26.01	0	RukaiNr-becenge_tagas_S4.mp3
RukaiNr-becenge_tagas	26.01	27.3	0	RukaiNr-becenge_tagas_S5.mp3
RukaiNr-becenge_tagas	27.3	33.09	0	RukaiNr-becenge_tagas_S6.mp3
RukaiNr-becenge_tagas	33.09	40.47	0	RukaiNr-becenge_tagas_S7.mp3
RukaiNr-becenge_tagas	40.47	45.14	0	RukaiNr-becenge_tagas_S8.mp3
RukaiNr-becenge_tagas	45.14	49.37	0	RukaiNr-becenge_tagas_S9.mp3
RukaiNr-becenge_tagas	49.37	52.42	0	RukaiNr-becenge_tagas_S10.mp3
RukaiNr-becenge_tagas	52.42	70.64	0	RukaiNr-becenge_tagas_S11.mp3
RukaiNr-becenge_tagas	70.64	74.77	0	RukaiNr-becenge_tagas_S12.mp3
RukaiNr-becenge_tagas	74.77	82.85	0	RukaiNr-becenge_tagas_S13.mp3
RukaiNr-becenge_tagas	82.85	92.13	0	RukaiNr-becenge_tagas_S14.mp3
RukaiNr-becenge_tagas	92.13	97.56	0	RukaiNr-becenge_tagas_S15.mp3
RukaiNr-becenge_tagas	97.56	100.93	0	RukaiNr-becenge_tagas_S16.mp3
RukaiNr-becenge_tagas	100.93	108.31	0	RukaiNr-becenge_tagas_S17.mp3
RukaiNr-becenge_tagas	108.31	112.4	0	RukaiNr-becenge_tagas_S18.mp3
RukaiNr-becenge_tagas	112.4	116.32	0	RukaiNr-becenge_tagas_S19.mp3
RukaiNr-becenge_tagas	116.32	124.26	0	RukaiNr-becenge_tagas_S20.mp3
RukaiNr-becenge_tagas	124.26	131.18	0	RukaiNr-becenge_tagas_S21.mp3
RukaiNr-becenge_tagas	131.18	141.65	0	RukaiNr-becenge_tagas_S22.mp3
RukaiNr-becenge_tagas	141.65	142.56	0	RukaiNr-becenge_tagas_S23.mp3
RukaiNr-childhood_balenge	0.0	1.67	0	RukaiNr-childhood_balenge_S0.mp3
RukaiNr-childhood_balenge	1.67	12.59	0	RukaiNr-childhood_balenge_S1.mp3
RukaiNr-childhood_balenge	12.59	22.91	0	RukaiNr-childhood_balenge_S2.mp3
RukaiNr-childhood_balenge	22.91	32.73	0	RukaiNr-childhood_balenge_S3.mp3
RukaiNr-childhood_balenge	32.73	42.79	0	RukaiNr-childhood_balenge_S4.mp3
RukaiNr-childhood_balenge	42.79	52.38	0	RukaiNr-childhood_balenge_S5.mp3
RukaiNr-childhood_balenge	52.38	57.24	0	RukaiNr-childhood_balenge_S6.mp3
RukaiNr-childhood_balenge	57.24	61.31	0	RukaiNr-childhood_balenge_S7.mp3
RukaiNr-childhood_balenge	61.31	69.27	0	RukaiNr-childhood_balenge_S8.mp3
RukaiNr-childhood_balenge	69.27	72.62	0	RukaiNr-childhood_balenge_S9.mp3
RukaiNr-childhood_balenge	72.62	78.16	0	RukaiNr-childhood_balenge_S10.mp3
RukaiNr-childhood_balenge	78.16	83.96	0	RukaiNr-childhood_balenge_S11.mp3
RukaiNr-childhood_balenge	83.96	89.3	0	RukaiNr-childhood_balenge_S12.mp3
RukaiNr-childhood_balenge	89.3	97.45	0	RukaiNr-childhood_balenge_S13.mp3
RukaiNr-childhood_balenge	97.45	102.55	0	RukaiNr-childhood_balenge_S14.mp3
RukaiNr-childhood_balenge	102.55	108.22	0	RukaiNr-childhood_balenge_S15.mp3
RukaiNr-childhood_balenge	108.22	117.39	0	RukaiNr-childhood_balenge_S16.mp3
RukaiNr-childhood_balenge	117.39	122.51	0	RukaiNr-childhood_balenge_S17.mp3
RukaiNr-childhood_balenge	122.51	125.58	0	RukaiNr-childhood_balenge_S18.mp3
RukaiNr-childhood_balenge	125.58	130.04	0	RukaiNr-childhood_balenge_S19.mp3
RukaiNr-childhood_balenge	130.04	133.97	0	RukaiNr-childhood_balenge_S20.mp3
RukaiNr-childhood_balenge	133.97	140.79	0	RukaiNr-childhood_balenge_S21.mp3
RukaiNr-childhood_balenge	140.79	148.83	0	RukaiNr-childhood_balenge_S22.mp3
RukaiNr-childhood_balenge	148.83	159.19	0	RukaiNr-childhood_balenge_S23.mp3
RukaiNr-childhood_balenge	159.19	162.03	0	RukaiNr-childhood_balenge_S24.mp3
RukaiNr-childhood_balenge	162.03	167.98	0	RukaiNr-childhood_balenge_S25.mp3
RukaiNr-childhood_balenge	167.98	178.61	0	RukaiNr-childhood_balenge_S26.mp3
RukaiNr-childhood_balenge	178.61	182.97	0	RukaiNr-childhood_balenge_S27.mp3
RukaiNr-childhood_balenge	182.97	194.88	0	RukaiNr-childhood_balenge_S28.mp3
RukaiNr-childhood_balenge	194.88	202.67	0	RukaiNr-childhood_balenge_S29.mp3
RukaiNr-childhood_balenge	202.67	206.96	0	RukaiNr-childhood_balenge_S30.mp3
RukaiNr-childhood_balenge	206.96	216.24	0	RukaiNr-childhood_balenge_S31.mp3
RukaiNr-childhood_balenge	216.24	219.44	0	RukaiNr-childhood_balenge_S32.mp3
RukaiNr-childhood_balenge	219.44	223.04	0	RukaiNr-childhood_balenge_S33.mp3
RukaiNr-childhood_balenge	227.42	230.78	0	RukaiNr-childhood_balenge_S34.mp3
RukaiNr-childhood_balenge	230.78	235.58	0	RukaiNr-childhood_balenge_S35.mp3
RukaiNr-childhood_balenge	235.58	243.38	0	RukaiNr-childhood_balenge_S36.mp3
RukaiNr-childhood_balenge	243.38	254.65	0	RukaiNr-childhood_balenge_S37.mp3
RukaiNr-childhood_balenge	254.65	265.59	0	RukaiNr-childhood_balenge_S38.mp3
RukaiNr-childhood_balenge	265.59	267.1	0	RukaiNr-childhood_balenge_S39.mp3
RukaiNr-childhood_balenge	267.1	269.95	0	RukaiNr-childhood_balenge_S40.mp3
RukaiNr-childhood_balenge	269.95	271.59	0	RukaiNr-childhood_balenge_S41.mp3
RukaiNr-childhood_balenge	271.59	273.7	0	RukaiNr-childhood_balenge_S42.mp3
RukaiNr-childhood_balenge	273.7	282.41	0	RukaiNr-childhood_balenge_S43.mp3
RukaiNr-childhood_balenge	282.41	286.39	0	RukaiNr-childhood_balenge_S44.mp3
RukaiNr-childhood_balenge	286.39	291.71	0	RukaiNr-childhood_balenge_S45.mp3
RukaiNr-childhood_balenge	291.71	297.66	0	RukaiNr-childhood_balenge_S46.mp3
RukaiNr-childhood_balenge	297.66	306.24	0	RukaiNr-childhood_balenge_S47.mp3
RukaiNr-childhood_balenge	306.24	312.68	0	RukaiNr-childhood_balenge_S48.mp3
RukaiNr-childhood_balenge	312.68	319.75	0	RukaiNr-childhood_balenge_S49.mp3
RukaiNr-childhood_balenge	319.75	327.87	0	RukaiNr-childhood_balenge_S50.mp3
RukaiNr-childhood_balenge	327.87	336.53	0	RukaiNr-childhood_balenge_S51.mp3
RukaiNr-childhood_balenge	336.53	340.67	0	RukaiNr-childhood_balenge_S52.mp3
RukaiNr-childhood_balenge	340.67	348.94	0	RukaiNr-childhood_balenge_S53.mp3
RukaiNr-childhood_balenge	348.94	351.56	0	RukaiNr-childhood_balenge_S54.mp3
RukaiNr-childhood_balenge	353.38	358.41	0	RukaiNr-childhood_balenge_S55.mp3
RukaiNr-childhood_balenge	358.41	366.95	0	RukaiNr-childhood_balenge_S56.mp3
RukaiNr-childhood_balenge	366.95	373.44	0	RukaiNr-childhood_balenge_S57.mp3
RukaiNr-childhood_balenge	373.44	383.55	0	RukaiNr-childhood_balenge_S58.mp3
RukaiNr-childhood_balenge	383.55	386.92	0	RukaiNr-childhood_balenge_S59.mp3
RukaiNr-childhood_balenge	386.92	390.84	0	RukaiNr-childhood_balenge_S60.mp3
RukaiNr-childhood_balenge	390.84	397.71	0	RukaiNr-childhood_balenge_S61.mp3
RukaiNr-childhood_balenge	397.71	405.8	0	RukaiNr-childhood_balenge_S62.mp3
RukaiNr-childhood_balenge	405.8	410.13	0	RukaiNr-childhood_balenge_S63.mp3
RukaiNr-childhood_balenge	410.13	415.67	0	RukaiNr-childhood_balenge_S64.mp3
RukaiNr-childhood_balenge	415.67	418.28	0	RukaiNr-childhood_balenge_S65.mp3
RukaiNr-childhood_balenge	418.28	425.96	0	RukaiNr-childhood_balenge_S66.mp3
RukaiNr-childhood_balenge	425.96	433.77	0	RukaiNr-childhood_balenge_S67.mp3
RukaiNr-childhood_balenge	433.77	434.71	0	RukaiNr-childhood_balenge_S68.mp3
RukaiNr-frog_Kainguane	0.0	2.27	0	RukaiNr-frog_Kainguane_S0.mp3
RukaiNr-frog_Kainguane	2.27	5.5	0	RukaiNr-frog_Kainguane_S1.mp3
RukaiNr-frog_Kainguane	5.5	8.92	0	RukaiNr-frog_Kainguane_S2.mp3
RukaiNr-frog_Kainguane	8.92	13.92	0	RukaiNr-frog_Kainguane_S3.mp3
RukaiNr-frog_Kainguane	13.92	16.84	0	RukaiNr-frog_Kainguane_S4.mp3
RukaiNr-frog_Kainguane	16.84	18.79	0	RukaiNr-frog_Kainguane_S5.mp3
RukaiNr-frog_Kainguane	18.79	21.23	0	RukaiNr-frog_Kainguane_S6.mp3
RukaiNr-frog_Kainguane	21.23	25.07	0	RukaiNr-frog_Kainguane_S7.mp3
RukaiNr-frog_Kainguane	25.07	32.21	0	RukaiNr-frog_Kainguane_S8.mp3
RukaiNr-frog_Kainguane	32.21	33.76	0	RukaiNr-frog_Kainguane_S9.mp3
RukaiNr-frog_Kainguane	33.76	45.39	0	RukaiNr-frog_Kainguane_S10.mp3
RukaiNr-frog_Kainguane	45.39	51.47	0	RukaiNr-frog_Kainguane_S11.mp3
RukaiNr-frog_Kainguane	51.47	60.74	0	RukaiNr-frog_Kainguane_S12.mp3
RukaiNr-frog_Kainguane	60.74	66.17	0	RukaiNr-frog_Kainguane_S13.mp3
RukaiNr-frog_Kainguane	66.17	70.51	0	RukaiNr-frog_Kainguane_S14.mp3
RukaiNr-frog_Kainguane	70.51	74.12	0	RukaiNr-frog_Kainguane_S15.mp3
RukaiNr-frog_Kainguane	74.12	82.93	0	RukaiNr-frog_Kainguane_S16.mp3
RukaiNr-frog_Kainguane	82.93	94.22	0	RukaiNr-frog_Kainguane_S17.mp3
RukaiNr-frog_Kainguane	94.22	96.13	0	RukaiNr-frog_Kainguane_S18.mp3
RukaiNr-frog_Kainguane	99.25	103.1	0	RukaiNr-frog_Kainguane_S19.mp3
RukaiNr-frog_Kainguane	103.1	112.43	0	RukaiNr-frog_Kainguane_S20.mp3
RukaiNr-frog_Kainguane	112.43	115.81	0	RukaiNr-frog_Kainguane_S21.mp3
RukaiNr-frog_Kainguane	115.81	120.71	0	RukaiNr-frog_Kainguane_S22.mp3
RukaiNr-frog_Kainguane	120.71	124.95	0	RukaiNr-frog_Kainguane_S23.mp3
RukaiNr-frog_Kainguane	124.95	127.28	0	RukaiNr-frog_Kainguane_S24.mp3
RukaiNr-frog_Kainguane	127.28	140.27	0	RukaiNr-frog_Kainguane_S25.mp3
RukaiNr-frog_Kainguane	140.27	142.48	0	RukaiNr-frog_Kainguane_S26.mp3
RukaiNr-frog_Kainguane	142.48	144.58	0	RukaiNr-frog_Kainguane_S27.mp3
RukaiNr-frog_Kainguane	144.58	148.86	0	RukaiNr-frog_Kainguane_S28.mp3
RukaiNr-frog_Kainguane	148.86	157.06	0	RukaiNr-frog_Kainguane_S29.mp3
RukaiNr-frog_Kainguane	157.06	159.24	0	RukaiNr-frog_Kainguane_S30.mp3
RukaiNr-frog_Kainguane	159.24	165.75	0	RukaiNr-frog_Kainguane_S31.mp3
RukaiNr-frog_Kainguane	165.75	173.57	0	RukaiNr-frog_Kainguane_S32.mp3
RukaiNr-frog_Kainguane	173.57	181.44	0	RukaiNr-frog_Kainguane_S33.mp3
RukaiNr-frog_Kainguane	181.44	192.38	0	RukaiNr-frog_Kainguane_S34.mp3
RukaiNr-frog_Kainguane	192.38	204.81	0	RukaiNr-frog_Kainguane_S35.mp3
RukaiNr-frog_Kainguane	204.81	208.98	0	RukaiNr-frog_Kainguane_S36.mp3
RukaiNr-frog_Kainguane	208.98	212.72	0	RukaiNr-frog_Kainguane_S37.mp3
RukaiNr-frog_Kainguane	212.72	214.65	0	RukaiNr-frog_Kainguane_S38.mp3
RukaiNr-frog_Kainguane	214.65	221.98	0	RukaiNr-frog_Kainguane_S39.mp3
RukaiNr-frog_Kainguane	221.98	236.25	0	RukaiNr-frog_Kainguane_S40.mp3
RukaiNr-frog_Kainguane	236.25	244.32	0	RukaiNr-frog_Kainguane_S41.mp3
RukaiNr-frog_Kainguane	244.32	254.77	0	RukaiNr-frog_Kainguane_S42.mp3
RukaiNr-frog_Kainguane	254.77	258.23	0	RukaiNr-frog_Kainguane_S43.mp3
RukaiNr-frog_Kainguane	258.23	260.49	0	RukaiNr-frog_Kainguane_S44.mp3
RukaiNr-frog_Kainguane	260.49	265.25	0	RukaiNr-frog_Kainguane_S45.mp3
RukaiNr-frog_Kainguane	265.25	273.46	0	RukaiNr-frog_Kainguane_S46.mp3
RukaiNr-frog_Kainguane	273.46	276.4	0	RukaiNr-frog_Kainguane_S47.mp3
RukaiNr-frog_Kainguane	276.4	282.01	0	RukaiNr-frog_Kainguane_S48.mp3
RukaiNr-frog_Kainguane	282.01	292.73	0	RukaiNr-frog_Kainguane_S49.mp3
RukaiNr-frog_Kainguane	292.73	296.46	0	RukaiNr-frog_Kainguane_S50.mp3
RukaiNr-frog_Kainguane	296.46	300.08	0	RukaiNr-frog_Kainguane_S51.mp3
RukaiNr-frog_Kainguane	300.08	304.45	0	RukaiNr-frog_Kainguane_S52.mp3
RukaiNr-frog_Kainguane	304.45	307.37	0	RukaiNr-frog_Kainguane_S53.mp3
RukaiNr-frog_Kainguane	307.37	313.52	0	RukaiNr-frog_Kainguane_S54.mp3
RukaiNr-frog_Kainguane	313.52	315.37	0	RukaiNr-frog_Kainguane_S55.mp3
RukaiNr-frog_Kainguane	315.37	329.21	0	RukaiNr-frog_Kainguane_S56.mp3
RukaiNr-frog_Kainguane	329.21	337.26	0	RukaiNr-frog_Kainguane_S57.mp3
RukaiNr-frog_Kainguane	337.26	341.21	0	RukaiNr-frog_Kainguane_S58.mp3
RukaiNr-frog_Kainguane	341.21	347.1	0	RukaiNr-frog_Kainguane_S59.mp3
RukaiNr-frog_Kainguane	347.1	355.52	0	RukaiNr-frog_Kainguane_S60.mp3
RukaiNr-frog_Kainguane	355.52	360.16	0	RukaiNr-frog_Kainguane_S61.mp3
RukaiNr-frog_Kainguane	360.16	364.74	0	RukaiNr-frog_Kainguane_S62.mp3
RukaiNr-frog_Kainguane	364.74	374.39	0	RukaiNr-frog_Kainguane_S63.mp3
RukaiNr-frog_Kainguane	374.39	385.07	0	RukaiNr-frog_Kainguane_S64.mp3
RukaiNr-frog_Kainguane	385.07	392.95	0	RukaiNr-frog_Kainguane_S65.mp3
RukaiNr-frog_Kainguane	392.95	405.08	0	RukaiNr-frog_Kainguane_S66.mp3
RukaiNr-frog_Kainguane	405.08	410.94	0	RukaiNr-frog_Kainguane_S67.mp3
RukaiNr-frog_Kainguane	410.94	417.13	0	RukaiNr-frog_Kainguane_S68.mp3
RukaiNr-frog_Kainguane	418.84	421.84	0	RukaiNr-frog_Kainguane_S69.mp3
RukaiNr-frog_Kainguane	421.84	434.04	0	RukaiNr-frog_Kainguane_S70.mp3
RukaiNr-frog_Kainguane	434.04	446.58	0	RukaiNr-frog_Kainguane_S71.mp3
RukaiNr-frog_Kainguane	446.58	454.63	0	RukaiNr-frog_Kainguane_S72.mp3
RukaiNr-frog_Kainguane	454.63	459.03	0	RukaiNr-frog_Kainguane_S73.mp3
RukaiNr-frog_Kainguane	459.03	460.59	0	RukaiNr-frog_Kainguane_S74.mp3
RukaiNr-frog_Kainguane	460.59	462.14	0	RukaiNr-frog_Kainguane_S75.mp3
RukaiNr-frog_Kainguane	462.14	465.67	0	RukaiNr-frog_Kainguane_S76.mp3
RukaiNr-frog_Kainguane	465.67	470.17	0	RukaiNr-frog_Kainguane_S77.mp3
RukaiNr-frog_Kainguane	470.17	479.74	0	RukaiNr-frog_Kainguane_S78.mp3
RukaiNr-frog_Kainguane	479.74	484.64	0	RukaiNr-frog_Kainguane_S79.mp3
RukaiNr-frog_Kainguane	484.64	494.99	0	RukaiNr-frog_Kainguane_S80.mp3
RukaiNr-frog_Kainguane	494.99	500.24	0	RukaiNr-frog_Kainguane_S81.mp3
RukaiNr-frog_Kainguane	500.24	503.3	0	RukaiNr-frog_Kainguane_S82.mp3
RukaiNr-frog_Kainguane	503.3	506.38	0	RukaiNr-frog_Kainguane_S83.mp3
RukaiNr-frog_Kainguane	506.38	512.96	0	RukaiNr-frog_Kainguane_S84.mp3
RukaiNr-frog_Kainguane	512.96	515.86	0	RukaiNr-frog_Kainguane_S85.mp3
RukaiNr-frog_Legeai	0.0	2.11	0	RukaiNr-frog_Legeai_S0.mp3
RukaiNr-frog_Legeai	2.11	5.28	0	RukaiNr-frog_Legeai_S1.mp3
RukaiNr-frog_Legeai	5.28	14.53	0	RukaiNr-frog_Legeai_S2.mp3
RukaiNr-frog_Legeai	14.53	18.87	0	RukaiNr-frog_Legeai_S3.mp3
RukaiNr-frog_Legeai	18.87	29.6	0	RukaiNr-frog_Legeai_S4.mp3
RukaiNr-frog_Legeai	29.6	38.06	0	RukaiNr-frog_Legeai_S5.mp3
RukaiNr-frog_Legeai	38.06	39.74	0	RukaiNr-frog_Legeai_S6.mp3
RukaiNr-frog_Legeai	39.74	43.42	0	RukaiNr-frog_Legeai_S7.mp3
RukaiNr-frog_Legeai	43.42	49.76	0	RukaiNr-frog_Legeai_S8.mp3
RukaiNr-frog_Legeai	49.76	58.02	0	RukaiNr-frog_Legeai_S9.mp3
RukaiNr-frog_Legeai	58.02	62.47	0	RukaiNr-frog_Legeai_S10.mp3
RukaiNr-frog_Legeai	62.47	71.62	0	RukaiNr-frog_Legeai_S11.mp3
RukaiNr-frog_Legeai	71.62	74.59	0	RukaiNr-frog_Legeai_S12.mp3
RukaiNr-frog_Legeai	74.59	78.65	0	RukaiNr-frog_Legeai_S13.mp3
RukaiNr-frog_Legeai	78.65	88.13	0	RukaiNr-frog_Legeai_S14.mp3
RukaiNr-frog_Legeai	88.13	92.3	0	RukaiNr-frog_Legeai_S15.mp3
RukaiNr-frog_Legeai	92.3	93.41	0	RukaiNr-frog_Legeai_S16.mp3
RukaiNr-frog_Legeai	93.41	105.24	0	RukaiNr-frog_Legeai_S17.mp3
RukaiNr-frog_Legeai	105.24	108.88	0	RukaiNr-frog_Legeai_S18.mp3
RukaiNr-frog_Legeai	108.88	117.69	0	RukaiNr-frog_Legeai_S19.mp3
RukaiNr-frog_Legeai	117.69	122.51	0	RukaiNr-frog_Legeai_S20.mp3
RukaiNr-frog_Legeai	122.51	128.84	0	RukaiNr-frog_Legeai_S21.mp3
RukaiNr-frog_Legeai	128.84	135.8	0	RukaiNr-frog_Legeai_S22.mp3
RukaiNr-frog_Legeai	135.8	141.02	0	RukaiNr-frog_Legeai_S23.mp3
RukaiNr-frog_Legeai	141.02	143.37	0	RukaiNr-frog_Legeai_S24.mp3
RukaiNr-frog_Legeai	143.37	145.55	0	RukaiNr-frog_Legeai_S25.mp3
RukaiNr-frog_Legeai	145.55	155.87	0	RukaiNr-frog_Legeai_S26.mp3
RukaiNr-frog_Legeai	155.87	165.24	0	RukaiNr-frog_Legeai_S27.mp3
RukaiNr-frog_Legeai	186.87	196.38	0	RukaiNr-frog_Legeai_S28.mp3
RukaiNr-frog_Legeai	196.38	200.33	0	RukaiNr-frog_Legeai_S29.mp3
RukaiNr-frog_Legeai	200.33	204.42	0	RukaiNr-frog_Legeai_S30.mp3
RukaiNr-frog_Legeai	204.42	208.51	0	RukaiNr-frog_Legeai_S31.mp3
RukaiNr-frog_Legeai	208.51	210.05	0	RukaiNr-frog_Legeai_S32.mp3
RukaiNr-frog_Legeai	210.05	216.63	0	RukaiNr-frog_Legeai_S33.mp3
RukaiNr-frog_Legeai	216.63	226.78	0	RukaiNr-frog_Legeai_S34.mp3
RukaiNr-frog_Legeai	226.78	233.84	0	RukaiNr-frog_Legeai_S35.mp3
RukaiNr-frog_Legeai	233.84	238.91	0	RukaiNr-frog_Legeai_S36.mp3
RukaiNr-frog_Legeai	238.91	247.4	0	RukaiNr-frog_Legeai_S37.mp3
RukaiNr-frog_Legeai	247.4	252.44	0	RukaiNr-frog_Legeai_S38.mp3
RukaiNr-frog_Legeai	252.44	266.48	0	RukaiNr-frog_Legeai_S39.mp3
RukaiNr-frog_Legeai	266.48	270.32	0	RukaiNr-frog_Legeai_S40.mp3
RukaiNr-frog_Legeai	270.32	277.28	0	RukaiNr-frog_Legeai_S41.mp3
RukaiNr-frog_Legeai	277.28	284.76	0	RukaiNr-frog_Legeai_S42.mp3
RukaiNr-frog_Legeai	284.76	293.43	0	RukaiNr-frog_Legeai_S43.mp3
RukaiNr-frog_Legeai	293.43	297.82	0	RukaiNr-frog_Legeai_S44.mp3
RukaiNr-frog_Legeai	297.82	307.82	0	RukaiNr-frog_Legeai_S45.mp3
RukaiNr-frog_Legeai	307.82	310.5	0	RukaiNr-frog_Legeai_S46.mp3
RukaiNr-frog_Legeai	310.5	316.38	0	RukaiNr-frog_Legeai_S47.mp3
RukaiNr-frog_Legeai	316.38	322.6	0	RukaiNr-frog_Legeai_S48.mp3
RukaiNr-frog_Legeai	322.6	328.65	0	RukaiNr-frog_Legeai_S49.mp3
RukaiNr-frog_Legeai	328.65	335.91	0	RukaiNr-frog_Legeai_S50.mp3
RukaiNr-frog_Legeai	335.91	346.08	0	RukaiNr-frog_Legeai_S51.mp3
RukaiNr-frog_Legeai	346.08	353.18	0	RukaiNr-frog_Legeai_S52.mp3
RukaiNr-frog_Legeai	353.18	358.73	0	RukaiNr-frog_Legeai_S53.mp3
RukaiNr-frog_Legeai	358.73	360.69	0	RukaiNr-frog_Legeai_S54.mp3
RukaiNr-frog_salrabu	0.0	7.94	0	RukaiNr-frog_salrabu_S0.mp3
RukaiNr-frog_salrabu	7.94	13.04	0	RukaiNr-frog_salrabu_S1.mp3
RukaiNr-frog_salrabu	13.04	20.49	0	RukaiNr-frog_salrabu_S2.mp3
RukaiNr-frog_salrabu	20.49	35.11	0	RukaiNr-frog_salrabu_S3.mp3
RukaiNr-frog_salrabu	35.11	47.08	0	RukaiNr-frog_salrabu_S4.mp3
RukaiNr-frog_salrabu	47.08	48.5	0	RukaiNr-frog_salrabu_S5.mp3
RukaiNr-frog_salrabu	48.5	55.68	0	RukaiNr-frog_salrabu_S6.mp3
RukaiNr-frog_salrabu	55.68	61.21	0	RukaiNr-frog_salrabu_S7.mp3
RukaiNr-frog_salrabu	61.21	68.43	0	RukaiNr-frog_salrabu_S8.mp3
RukaiNr-frog_salrabu	68.43	86.16	0	RukaiNr-frog_salrabu_S9.mp3
RukaiNr-frog_salrabu	86.16	97.67	0	RukaiNr-frog_salrabu_S10.mp3
RukaiNr-frog_salrabu	97.67	103.17	0	RukaiNr-frog_salrabu_S11.mp3
RukaiNr-frog_salrabu	103.17	111.47	0	RukaiNr-frog_salrabu_S12.mp3
RukaiNr-frog_salrabu	111.47	117.44	0	RukaiNr-frog_salrabu_S13.mp3
RukaiNr-frog_salrabu	117.44	121.62	0	RukaiNr-frog_salrabu_S14.mp3
RukaiNr-frog_salrabu	121.62	127.31	0	RukaiNr-frog_salrabu_S15.mp3
RukaiNr-frog_salrabu	127.31	135.74	0	RukaiNr-frog_salrabu_S16.mp3
RukaiNr-frog_salrabu	140.71	150.93	0	RukaiNr-frog_salrabu_S18.mp3
RukaiNr-frog_salrabu	150.93	159.67	0	RukaiNr-frog_salrabu_S19.mp3
RukaiNr-frog_salrabu	159.67	164.94	0	RukaiNr-frog_salrabu_S20.mp3
RukaiNr-frog_salrabu	164.94	173.54	0	RukaiNr-frog_salrabu_S21.mp3
RukaiNr-frog_salrabu	173.54	186.36	0	RukaiNr-frog_salrabu_S22.mp3
RukaiNr-frog_salrabu	186.36	199.03	0	RukaiNr-frog_salrabu_S23.mp3
RukaiNr-frog_salrabu	199.03	208.35	0	RukaiNr-frog_salrabu_S24.mp3
RukaiNr-frog_salrabu	208.35	225.21	0	RukaiNr-frog_salrabu_S25.mp3
RukaiNr-frog_salrabu	225.21	244.27	0	RukaiNr-frog_salrabu_S26.mp3
RukaiNr-frog_salrabu	244.27	248.29	0	RukaiNr-frog_salrabu_S27.mp3
RukaiNr-frog_salrabu	248.29	253.77	0	RukaiNr-frog_salrabu_S28.mp3
RukaiNr-frog_salrabu	253.77	269.35	0	RukaiNr-frog_salrabu_S29.mp3
RukaiNr-frog_salrabu	269.35	279.39	0	RukaiNr-frog_salrabu_S30.mp3
RukaiNr-frog_salrabu	279.39	288.71	0	RukaiNr-frog_salrabu_S31.mp3
RukaiNr-frog_salrabu	288.71	294.04	0	RukaiNr-frog_salrabu_S32.mp3
RukaiNr-frog_salrabu	294.04	305.17	0	RukaiNr-frog_salrabu_S33.mp3
RukaiNr-frog_salrabu	305.17	316.36	0	RukaiNr-frog_salrabu_S34.mp3
RukaiNr-frog_salrabu	316.36	332.68	0	RukaiNr-frog_salrabu_S35.mp3
RukaiNr-frog_salrabu	332.68	338.37	0	RukaiNr-frog_salrabu_S36.mp3
RukaiNr-frog_salrabu	338.37	351.66	0	RukaiNr-frog_salrabu_S37.mp3
RukaiNr-frog_salrabu	351.66	355.48	0	RukaiNr-frog_salrabu_S38.mp3
RukaiNr-frog_salrabu	355.48	364.54	0	RukaiNr-frog_salrabu_S39.mp3
RukaiNr-frog_salrabu	364.54	368.22	0	RukaiNr-frog_salrabu_S40.mp3
RukaiNr-frog_salrabu	368.22	370.42	0	RukaiNr-frog_salrabu_S41.mp3
RukaiNr-ghost lake_Balenge	0.0	7.77	0	RukaiNr-ghost lake_Balenge_S0.mp3
RukaiNr-ghost lake_Balenge	7.77	12.7	0	RukaiNr-ghost lake_Balenge_S1.mp3
RukaiNr-ghost lake_Balenge	12.7	21.73	0	RukaiNr-ghost lake_Balenge_S2.mp3
RukaiNr-ghost lake_Balenge	21.73	26.52	0	RukaiNr-ghost lake_Balenge_S3.mp3
RukaiNr-ghost lake_Balenge	26.52	36.2	0	RukaiNr-ghost lake_Balenge_S4.mp3
RukaiNr-ghost lake_Balenge	36.2	43.3	0	RukaiNr-ghost lake_Balenge_S5.mp3
RukaiNr-ghost lake_Balenge	43.3	49.4	0	RukaiNr-ghost lake_Balenge_S6.mp3
RukaiNr-ghost lake_Balenge	49.4	55.8	0	RukaiNr-ghost lake_Balenge_S7.mp3
RukaiNr-ghost lake_Balenge	55.8	69.87	0	RukaiNr-ghost lake_Balenge_S8.mp3
RukaiNr-ghost lake_Balenge	69.87	71.96	0	RukaiNr-ghost lake_Balenge_S9.mp3
RukaiNr-ghost lake_Balenge	71.96	77.02	0	RukaiNr-ghost lake_Balenge_S10.mp3
RukaiNr-ghost lake_Balenge	77.02	81.8	0	RukaiNr-ghost lake_Balenge_S11.mp3
RukaiNr-ghost lake_Balenge	81.8	83.23	0	RukaiNr-ghost lake_Balenge_S12.mp3
RukaiNr-ghost lake_Balenge	83.23	85.2	0	RukaiNr-ghost lake_Balenge_S13.mp3
RukaiNr-ghost lake_Balenge	85.2	87.13	0	RukaiNr-ghost lake_Balenge_S14.mp3
RukaiNr-ghost lake_Balenge	87.13	98.42	0	RukaiNr-ghost lake_Balenge_S15.mp3
RukaiNr-ghost lake_Balenge	98.42	106.84	0	RukaiNr-ghost lake_Balenge_S16.mp3
RukaiNr-ghost lake_Balenge	106.84	120.74	0	RukaiNr-ghost lake_Balenge_S17.mp3
RukaiNr-ghost lake_Balenge	120.74	131.58	0	RukaiNr-ghost lake_Balenge_S18.mp3
RukaiNr-ghost lake_Balenge	131.58	147.71	0	RukaiNr-ghost lake_Balenge_S19.mp3
RukaiNr-ghost lake_Balenge	147.71	153.23	0	RukaiNr-ghost lake_Balenge_S20.mp3
RukaiNr-ghost lake_Balenge	153.23	160.82	0	RukaiNr-ghost lake_Balenge_S21.mp3
RukaiNr-ghost lake_Balenge	160.82	162.83	0	RukaiNr-ghost lake_Balenge_S22.mp3
RukaiNr-ghost lake_Balenge	162.83	163.57	0	RukaiNr-ghost lake_Balenge_S23.mp3
RukaiNr-marriage ceremony_taugadha	0.0	1.56	0	RukaiNr-marriage ceremony_taugadha_S0.mp3
RukaiNr-marriage ceremony_taugadha	1.56	8.1	0	RukaiNr-marriage ceremony_taugadha_S1.mp3
RukaiNr-marriage ceremony_taugadha	8.1	14.27	0	RukaiNr-marriage ceremony_taugadha_S2.mp3
RukaiNr-marriage ceremony_taugadha	14.27	17.73	0	RukaiNr-marriage ceremony_taugadha_S3.mp3
RukaiNr-marriage ceremony_taugadha	33.34	47.27	0	RukaiNr-marriage ceremony_taugadha_S4.mp3
RukaiNr-marriage ceremony_taugadha	47.27	58.15	0	RukaiNr-marriage ceremony_taugadha_S5.mp3
RukaiNr-marriage ceremony_taugadha	58.15	61.62	0	RukaiNr-marriage ceremony_taugadha_S6.mp3
RukaiNr-marriage ceremony_taugadha	61.62	69.2	0	RukaiNr-marriage ceremony_taugadha_S7.mp3
RukaiNr-marriage ceremony_taugadha	69.2	75.82	0	RukaiNr-marriage ceremony_taugadha_S8.mp3
RukaiNr-marriage ceremony_taugadha	75.82	82.48	0	RukaiNr-marriage ceremony_taugadha_S9.mp3
RukaiNr-marriage ceremony_taugadha	82.48	92.0	0	RukaiNr-marriage ceremony_taugadha_S10.mp3
RukaiNr-marriage ceremony_taugadha	92.0	101.49	0	RukaiNr-marriage ceremony_taugadha_S11.mp3
RukaiNr-marriage ceremony_taugadha	101.49	103.1	0	RukaiNr-marriage ceremony_taugadha_S12.mp3
RukaiNr-marriage ceremony_taugadha	103.1	114.66	0	RukaiNr-marriage ceremony_taugadha_S13.mp3
RukaiNr-marriage ceremony_taugadha	116.58	123.2	0	RukaiNr-marriage ceremony_taugadha_S14.mp3
RukaiNr-marriage ceremony_taugadha	123.2	131.91	0	RukaiNr-marriage ceremony_taugadha_S15.mp3
RukaiNr-marriage ceremony_taugadha	131.91	142.47	0	RukaiNr-marriage ceremony_taugadha_S16.mp3
RukaiNr-marriage ceremony_taugadha	142.47	152.01	0	RukaiNr-marriage ceremony_taugadha_S17.mp3
RukaiNr-marriage ceremony_taugadha	152.01	163.94	0	RukaiNr-marriage ceremony_taugadha_S18.mp3
RukaiNr-marriage ceremony_taugadha	163.94	171.21	0	RukaiNr-marriage ceremony_taugadha_S19.mp3
RukaiNr-marriage ceremony_taugadha	171.21	179.29	0	RukaiNr-marriage ceremony_taugadha_S20.mp3
RukaiNr-marriage ceremony_taugadha	179.29	182.74	0	RukaiNr-marriage ceremony_taugadha_S21.mp3
RukaiNr-marriage ceremony_taugadha	182.74	187.77	0	RukaiNr-marriage ceremony_taugadha_S22.mp3
RukaiNr-marriage ceremony_taugadha	187.77	191.49	0	RukaiNr-marriage ceremony_taugadha_S23.mp3
RukaiNr-marriage ceremony_taugadha	191.49	196.94	0	RukaiNr-marriage ceremony_taugadha_S24.mp3
RukaiNr-marriage ceremony_taugadha	196.94	199.56	0	RukaiNr-marriage ceremony_taugadha_S25.mp3
RukaiNr-marriage ceremony_taugadha	199.56	202.04	0	RukaiNr-marriage ceremony_taugadha_S26.mp3
RukaiNr-marriage ceremony_taugadha	202.04	204.78	0	RukaiNr-marriage ceremony_taugadha_S27.mp3
RukaiNr-marriage ceremony_taugadha	204.78	213.86	0	RukaiNr-marriage ceremony_taugadha_S28.mp3
RukaiNr-marriage ceremony_taugadha	213.86	218.07	0	RukaiNr-marriage ceremony_taugadha_S29.mp3
RukaiNr-marriage ceremony_taugadha	218.07	221.37	0	RukaiNr-marriage ceremony_taugadha_S30.mp3
RukaiNr-marriage ceremony_taugadha	221.37	227.17	0	RukaiNr-marriage ceremony_taugadha_S31.mp3
RukaiNr-marriage ceremony_taugadha	227.17	230.25	0	RukaiNr-marriage ceremony_taugadha_S32.mp3
RukaiNr-marriage ceremony_taugadha	230.25	237.66	0	RukaiNr-marriage ceremony_taugadha_S33.mp3
RukaiNr-marriage ceremony_taugadha	237.66	245.23	0	RukaiNr-marriage ceremony_taugadha_S34.mp3
RukaiNr-marriage ceremony_taugadha	245.23	258.49	0	RukaiNr-marriage ceremony_taugadha_S35.mp3
RukaiNr-marriage ceremony_taugadha	258.49	261.01	0	RukaiNr-marriage ceremony_taugadha_S36.mp3
RukaiNr-marriage ceremony_taugadha	261.01	270.91	0	RukaiNr-marriage ceremony_taugadha_S37.mp3
RukaiNr-marriage ceremony_taugadha	270.91	279.19	0	RukaiNr-marriage ceremony_taugadha_S38.mp3
RukaiNr-marriage ceremony_taugadha	279.19	282.22	0	RukaiNr-marriage ceremony_taugadha_S39.mp3
RukaiNr-marriage ceremony_taugadha	282.22	302.27	0	RukaiNr-marriage ceremony_taugadha_S40.mp3
RukaiNr-marriage ceremony_taugadha	302.27	308.2	0	RukaiNr-marriage ceremony_taugadha_S41.mp3
RukaiNr-marriage ceremony_taugadha	308.2	313.06	0	RukaiNr-marriage ceremony_taugadha_S42.mp3
RukaiNr-marriage ceremony_taugadha	313.06	317.44	0	RukaiNr-marriage ceremony_taugadha_S43.mp3
RukaiNr-marriage ceremony_taugadha	317.44	324.86	0	RukaiNr-marriage ceremony_taugadha_S44.mp3
RukaiNr-marriage ceremony_taugadha	324.86	330.85	0	RukaiNr-marriage ceremony_taugadha_S45.mp3
RukaiNr-marriage ceremony_taugadha	330.85	340.97	0	RukaiNr-marriage ceremony_taugadha_S46.mp3
RukaiNr-marriage ceremony_taugadha	340.97	343.49	0	RukaiNr-marriage ceremony_taugadha_S47.mp3
RukaiNr-marriage ceremony_taugadha	343.49	346.5	0	RukaiNr-marriage ceremony_taugadha_S48.mp3
RukaiNr-marriage ceremony_taugadha	346.5	363.04	0	RukaiNr-marriage ceremony_taugadha_S49.mp3
RukaiNr-marriage ceremony_taugadha	363.04	367.54	0	RukaiNr-marriage ceremony_taugadha_S50.mp3
RukaiNr-marriage ceremony_taugadha	367.54	375.23	0	RukaiNr-marriage ceremony_taugadha_S51.mp3
RukaiNr-marriage ceremony_taugadha	375.23	382.27	0	RukaiNr-marriage ceremony_taugadha_S52.mp3
RukaiNr-marriage ceremony_taugadha	382.27	390.94	0	RukaiNr-marriage ceremony_taugadha_S53.mp3
RukaiNr-marriage ceremony_taugadha	390.94	398.64	0	RukaiNr-marriage ceremony_taugadha_S54.mp3
RukaiNr-marriage ceremony_taugadha	398.64	400.38	0	RukaiNr-marriage ceremony_taugadha_S55.mp3
RukaiNr-marriage ceremony_taugadha	400.38	405.59	0	RukaiNr-marriage ceremony_taugadha_S56.mp3
RukaiNr-marriage ceremony_taugadha	405.59	408.14	0	RukaiNr-marriage ceremony_taugadha_S57.mp3
RukaiNr-marriage ceremony_taugadha	408.14	418.59	0	RukaiNr-marriage ceremony_taugadha_S58.mp3
RukaiNr-marriage ceremony_taugadha	418.59	427.41	0	RukaiNr-marriage ceremony_taugadha_S59.mp3
RukaiNr-marriage ceremony_taugadha	427.41	432.53	0	RukaiNr-marriage ceremony_taugadha_S60.mp3
RukaiNr-marriage ceremony_taugadha	432.53	441.81	0	RukaiNr-marriage ceremony_taugadha_S61.mp3
RukaiNr-marriage ceremony_taugadha	441.81	443.53	0	RukaiNr-marriage ceremony_taugadha_S62.mp3
RukaiNr-marriage ceremony_taugadha	443.53	447.44	0	RukaiNr-marriage ceremony_taugadha_S63.mp3
RukaiNr-marriage ceremony_taugadha	447.44	449.82	0	RukaiNr-marriage ceremony_taugadha_S64.mp3
RukaiNr-marriage ceremony_taugadha	449.82	457.01	0	RukaiNr-marriage ceremony_taugadha_S65.mp3
RukaiNr-marriage ceremony_taugadha	457.01	460.76	0	RukaiNr-marriage ceremony_taugadha_S66.mp3
RukaiNr-marriage ceremony_taugadha	460.76	466.14	0	RukaiNr-marriage ceremony_taugadha_S67.mp3
RukaiNr-marriage ceremony_taugadha	466.14	473.69	0	RukaiNr-marriage ceremony_taugadha_S68.mp3
RukaiNr-marriage ceremony_taugadha	473.69	482.14	0	RukaiNr-marriage ceremony_taugadha_S69.mp3
RukaiNr-marriage ceremony_taugadha	484.64	491.62	0	RukaiNr-marriage ceremony_taugadha_S70.mp3
RukaiNr-marriage ceremony_taugadha	491.62	498.83	0	RukaiNr-marriage ceremony_taugadha_S71.mp3
RukaiNr-marriage ceremony_taugadha	498.83	508.45	0	RukaiNr-marriage ceremony_taugadha_S72.mp3
RukaiNr-marriage ceremony_taugadha	508.45	514.49	0	RukaiNr-marriage ceremony_taugadha_S73.mp3
RukaiNr-marriage ceremony_taugadha	514.49	519.88	0	RukaiNr-marriage ceremony_taugadha_S74.mp3
RukaiNr-marriage ceremony_taugadha	519.88	527.07	0	RukaiNr-marriage ceremony_taugadha_S75.mp3
RukaiNr-marriage ceremony_taugadha	527.07	539.77	0	RukaiNr-marriage ceremony_taugadha_S76.mp3
RukaiNr-marriage ceremony_taugadha	539.77	547.72	0	RukaiNr-marriage ceremony_taugadha_S77.mp3
RukaiNr-marriage ceremony_taugadha	547.72	554.51	0	RukaiNr-marriage ceremony_taugadha_S78.mp3
RukaiNr-marriage ceremony_taugadha	554.51	563.81	0	RukaiNr-marriage ceremony_taugadha_S79.mp3
RukaiNr-marriage ceremony_taugadha	563.81	572.74	0	RukaiNr-marriage ceremony_taugadha_S80.mp3
RukaiNr-marriage ceremony_taugadha	572.74	581.06	0	RukaiNr-marriage ceremony_taugadha_S81.mp3
RukaiNr-marriage ceremony_taugadha	581.06	585.99	0	RukaiNr-marriage ceremony_taugadha_S82.mp3
RukaiNr-marriage ceremony_taugadha	585.99	601.45	0	RukaiNr-marriage ceremony_taugadha_S83.mp3
RukaiNr-marriage ceremony_taugadha	601.45	604.37	0	RukaiNr-marriage ceremony_taugadha_S84.mp3
RukaiNr-marriage ceremony_taugadha	604.37	607.04	0	RukaiNr-marriage ceremony_taugadha_S85.mp3
RukaiNr-marriage ceremony_taugadha	607.04	618.99	0	RukaiNr-marriage ceremony_taugadha_S86.mp3
RukaiNr-marriage ceremony_taugadha	618.99	642.17	0	RukaiNr-marriage ceremony_taugadha_S87.mp3
RukaiNr-marriage ceremony_taugadha	642.17	655.26	0	RukaiNr-marriage ceremony_taugadha_S88.mp3
RukaiNr-marriage ceremony_taugadha	655.26	657.37	0	RukaiNr-marriage ceremony_taugadha_S89.mp3
RukaiNr-marriage ceremony_taugadha	657.37	670.75	0	RukaiNr-marriage ceremony_taugadha_S90.mp3
RukaiNr-marriage ceremony_taugadha	670.75	683.82	0	RukaiNr-marriage ceremony_taugadha_S91.mp3
RukaiNr-marriage ceremony_taugadha	683.82	692.49	0	RukaiNr-marriage ceremony_taugadha_S92.mp3
RukaiNr-marriage ceremony_taugadha	692.49	700.54	0	RukaiNr-marriage ceremony_taugadha_S93.mp3
RukaiNr-naming_taugadhu	0.0	1.37	0	RukaiNr-naming_taugadhu_S0.mp3
RukaiNr-naming_taugadhu	1.37	8.44	0	RukaiNr-naming_taugadhu_S1.mp3
RukaiNr-naming_taugadhu	8.44	29.72	0	RukaiNr-naming_taugadhu_S2.mp3
RukaiNr-naming_taugadhu	29.72	35.42	0	RukaiNr-naming_taugadhu_S3.mp3
RukaiNr-naming_taugadhu	35.42	50.29	0	RukaiNr-naming_taugadhu_S4.mp3
RukaiNr-naming_taugadhu	50.29	108.94	0	RukaiNr-naming_taugadhu_S5.mp3
RukaiNr-naming_taugadhu	108.94	123.85	0	RukaiNr-naming_taugadhu_S6.mp3
RukaiNr-naming_taugadhu	123.85	130.17	0	RukaiNr-naming_taugadhu_S7.mp3
RukaiNr-naming_taugadhu	130.17	146.63	0	RukaiNr-naming_taugadhu_S8.mp3
RukaiNr-naming_taugadhu	146.63	152.53	0	RukaiNr-naming_taugadhu_S9.mp3
RukaiNr-naming_taugadhu	152.53	159.7	0	RukaiNr-naming_taugadhu_S10.mp3
RukaiNr-naming_taugadhu	159.7	166.39	0	RukaiNr-naming_taugadhu_S11.mp3
RukaiNr-naming_taugadhu	166.39	167.75	0	RukaiNr-naming_taugadhu_S12.mp3
RukaiNr-naming_taugadhu	167.75	169.77	0	RukaiNr-naming_taugadhu_S13.mp3
RukaiNr-naming_taugadhu	169.77	195.12	0	RukaiNr-naming_taugadhu_S14.mp3
RukaiNr-naming_taugadhu	195.12	210.27	0	RukaiNr-naming_taugadhu_S15.mp3
RukaiNr-naming_taugadhu	210.27	217.64	0	RukaiNr-naming_taugadhu_S16.mp3
RukaiNr-naming_taugadhu	217.64	242.75	0	RukaiNr-naming_taugadhu_S17.mp3
RukaiNr-naming_taugadhu	242.75	249.93	0	RukaiNr-naming_taugadhu_S18.mp3
RukaiNr-naming_taugadhu	249.93	275.19	0	RukaiNr-naming_taugadhu_S19.mp3
RukaiNr-naming_taugadhu	275.19	281.49	0	RukaiNr-naming_taugadhu_S20.mp3
RukaiNr-naming_taugadhu	281.49	301.3	0	RukaiNr-naming_taugadhu_S21.mp3
RukaiNr-naming_taugadhu	301.3	304.15	0	RukaiNr-naming_taugadhu_S22.mp3
RukaiNr-naming_taugadhu	304.15	315.68	0	RukaiNr-naming_taugadhu_S23.mp3
RukaiNr-naming_taugadhu	315.68	318.15	0	RukaiNr-naming_taugadhu_S24.mp3
RukaiNr-naming_taugadhu	318.15	333.8	0	RukaiNr-naming_taugadhu_S25.mp3
RukaiNr-naming_taugadhu	333.8	343.16	0	RukaiNr-naming_taugadhu_S26.mp3
RukaiNr-naming_taugadhu	343.16	359.93	0	RukaiNr-naming_taugadhu_S27.mp3
RukaiNr-naming_taugadhu	359.93	390.17	0	RukaiNr-naming_taugadhu_S28.mp3
RukaiNr-naming_taugadhu	390.17	426.25	0	RukaiNr-naming_taugadhu_S29.mp3
RukaiNr-naming_taugadhu	426.25	433.47	0	RukaiNr-naming_taugadhu_S30.mp3
RukaiNr-naming_taugadhu	433.47	460.12	0	RukaiNr-naming_taugadhu_S31.mp3
RukaiNr-naming_taugadhu	460.12	465.1	0	RukaiNr-naming_taugadhu_S32.mp3
RukaiNr-naming_taugadhu	465.1	469.15	0	RukaiNr-naming_taugadhu_S33.mp3
RukaiNr-naming_taugadhu	469.15	474.13	0	RukaiNr-naming_taugadhu_S34.mp3
RukaiNr-naming_taugadhu	474.13	481.42	0	RukaiNr-naming_taugadhu_S35.mp3
RukaiNr-naming_taugadhu	481.42	497.04	0	RukaiNr-naming_taugadhu_S36.mp3
RukaiNr-naming_taugadhu	497.04	516.61	0	RukaiNr-naming_taugadhu_S37.mp3
RukaiNr-naming_taugadhu	516.61	528.04	0	RukaiNr-naming_taugadhu_S38.mp3
RukaiNr-naming_taugadhu	528.04	544.89	0	RukaiNr-naming_taugadhu_S39.mp3
RukaiNr-naming_taugadhu	544.89	550.19	0	RukaiNr-naming_taugadhu_S40.mp3
RukaiNr-naming_taugadhu	550.19	554.31	0	RukaiNr-naming_taugadhu_S41.mp3
RukaiNr-naming_taugadhu	554.31	558.33	0	RukaiNr-naming_taugadhu_S42.mp3
RukaiNr-naming_taugadhu	558.33	565.51	0	RukaiNr-naming_taugadhu_S43.mp3
RukaiNr-naming_taugadhu	565.51	573.94	0	RukaiNr-naming_taugadhu_S44.mp3
RukaiNr-naming_taugadhu	573.94	582.05	0	RukaiNr-naming_taugadhu_S45.mp3
RukaiNr-naming_taugadhu	582.05	608.24	0	RukaiNr-naming_taugadhu_S46.mp3
RukaiNr-naming_taugadhu	608.24	628.33	0	RukaiNr-naming_taugadhu_S47.mp3
RukaiNr-naming_taugadhu	628.33	636.53	0	RukaiNr-naming_taugadhu_S48.mp3
RukaiNr-naming_taugadhu	636.53	639.57	0	RukaiNr-naming_taugadhu_S49.mp3
RukaiNr-naming_taugadhu	639.57	650.95	0	RukaiNr-naming_taugadhu_S50.mp3
RukaiNr-naming_taugadhu	650.95	668.89	0	RukaiNr-naming_taugadhu_S51.mp3
RukaiNr-naming_taugadhu	668.89	688.36	0	RukaiNr-naming_taugadhu_S52.mp3
RukaiNr-naming_taugadhu	688.36	728.03	0	RukaiNr-naming_taugadhu_S53.mp3
RukaiNr-naming_taugadhu	728.03	740.3	0	RukaiNr-naming_taugadhu_S54.mp3
RukaiNr-naming_taugadhu	740.3	747.99	0	RukaiNr-naming_taugadhu_S55.mp3
RukaiNr-naming_taugadhu	747.99	750.78	0	RukaiNr-naming_taugadhu_S56.mp3
RukaiNr-naming_taugadhu	750.78	751.81	0	RukaiNr-naming_taugadhu_S57.mp3
RukaiNr-naming_taugadhu	751.81	754.0	0	RukaiNr-naming_taugadhu_S58.mp3
RukaiNr-naming_taugadhu	754.0	759.59	0	RukaiNr-naming_taugadhu_S59.mp3
RukaiNr-naming_taugadhu	759.59	766.27	0	RukaiNr-naming_taugadhu_S60.mp3
RukaiNr-naming_taugadhu	766.27	774.29	0	RukaiNr-naming_taugadhu_S61.mp3
RukaiNr-naming_taugadhu	774.29	777.65	0	RukaiNr-naming_taugadhu_S62.mp3
RukaiNr-pear_Balenge	0.0	9.78	0	RukaiNr-pear_Balenge_S0.mp3
RukaiNr-pear_Balenge	9.78	14.7	0	RukaiNr-pear_Balenge_S1.mp3
RukaiNr-pear_Balenge	14.7	20.0	0	RukaiNr-pear_Balenge_S2.mp3
RukaiNr-pear_Balenge	20.0	43.35	0	RukaiNr-pear_Balenge_S3.mp3
RukaiNr-pear_Balenge	43.35	58.42	0	RukaiNr-pear_Balenge_S4.mp3
RukaiNr-pear_Balenge	58.42	77.97	0	RukaiNr-pear_Balenge_S5.mp3
RukaiNr-pear_Balenge	77.97	88.14	0	RukaiNr-pear_Balenge_S6.mp3
RukaiNr-pear_Balenge	88.14	95.1	0	RukaiNr-pear_Balenge_S7.mp3
RukaiNr-pear_Balenge	95.1	100.62	0	RukaiNr-pear_Balenge_S8.mp3
RukaiNr-pear_Balenge	100.62	110.27	0	RukaiNr-pear_Balenge_S9.mp3
RukaiNr-pear_Balenge	110.27	120.09	0	RukaiNr-pear_Balenge_S10.mp3
RukaiNr-pear_Balenge	120.09	128.45	0	RukaiNr-pear_Balenge_S11.mp3
RukaiNr-pear_Balenge	128.45	132.54	0	RukaiNr-pear_Balenge_S12.mp3
RukaiNr-pear_Balenge	132.54	140.06	0	RukaiNr-pear_Balenge_S13.mp3
RukaiNr-pear_Balenge	140.06	148.48	0	RukaiNr-pear_Balenge_S14.mp3
RukaiNr-pear_Balenge	148.48	159.67	0	RukaiNr-pear_Balenge_S15.mp3
RukaiNr-pear_Balenge	159.67	170.69	0	RukaiNr-pear_Balenge_S16.mp3
RukaiNr-pear_Balenge	170.69	180.09	0	RukaiNr-pear_Balenge_S17.mp3
RukaiNr-pear_Balenge	180.09	192.64	0	RukaiNr-pear_Balenge_S18.mp3
RukaiNr-pear_Balenge	192.64	195.33	0	RukaiNr-pear_Balenge_S19.mp3
RukaiNr-pear_Balenge	195.33	202.56	0	RukaiNr-pear_Balenge_S20.mp3
RukaiNr-pear_Balenge	202.56	217.44	0	RukaiNr-pear_Balenge_S21.mp3
RukaiNr-pear_Balenge	217.44	225.64	0	RukaiNr-pear_Balenge_S22.mp3
RukaiNr-pear_Balenge	225.64	234.89	0	RukaiNr-pear_Balenge_S23.mp3
RukaiNr-pear_Balenge	234.89	240.59	0	RukaiNr-pear_Balenge_S24.mp3
RukaiNr-pear_Balenge	240.59	243.53	0	RukaiNr-pear_Balenge_S25.mp3
RukaiNr-pear_Balenge	243.53	254.91	0	RukaiNr-pear_Balenge_S26.mp3
RukaiNr-pear_Balenge	254.91	260.02	0	RukaiNr-pear_Balenge_S27.mp3
RukaiNr-pear_Balenge	260.02	265.95	0	RukaiNr-pear_Balenge_S28.mp3
RukaiNr-pear_Balenge	265.95	272.54	0	RukaiNr-pear_Balenge_S29.mp3
RukaiNr-pear_Balenge	265.95	272.54	1	RukaiNr-pear_Balenge_S30.mp3
RukaiNr-pear_Balenge	276.12	282.4	0	RukaiNr-pear_Balenge_S31.mp3
RukaiNr-pear_Legeai	0.0	7.22	0	RukaiNr-pear_Legeai_S0.mp3
RukaiNr-pear_Legeai	7.22	13.53	0	RukaiNr-pear_Legeai_S1.mp3
RukaiNr-pear_Legeai	13.53	18.71	0	RukaiNr-pear_Legeai_S2.mp3
RukaiNr-pear_Legeai	18.71	27.39	0	RukaiNr-pear_Legeai_S3.mp3
RukaiNr-pear_Legeai	27.39	41.96	0	RukaiNr-pear_Legeai_S4.mp3
RukaiNr-pear_Legeai	41.96	44.01	0	RukaiNr-pear_Legeai_S5.mp3
RukaiNr-pear_Legeai	44.01	50.32	0	RukaiNr-pear_Legeai_S6.mp3
RukaiNr-pear_Legeai	50.32	54.34	0	RukaiNr-pear_Legeai_S7.mp3
RukaiNr-pear_Legeai	54.34	61.18	0	RukaiNr-pear_Legeai_S8.mp3
RukaiNr-pear_Legeai	61.18	68.16	0	RukaiNr-pear_Legeai_S9.mp3
RukaiNr-pear_Legeai	68.16	78.71	0	RukaiNr-pear_Legeai_S10.mp3
RukaiNr-pear_Legeai	78.71	85.08	0	RukaiNr-pear_Legeai_S11.mp3
RukaiNr-pear_Legeai	85.08	89.68	0	RukaiNr-pear_Legeai_S12.mp3
RukaiNr-pear_Legeai	89.68	96.19	0	RukaiNr-pear_Legeai_S13.mp3
RukaiNr-pear_Legeai	96.19	102.58	0	RukaiNr-pear_Legeai_S14.mp3
RukaiNr-pear_Legeai	102.58	108.28	0	RukaiNr-pear_Legeai_S15.mp3
RukaiNr-pear_Legeai	108.28	110.45	0	RukaiNr-pear_Legeai_S16.mp3
RukaiNr-pear_Legeai	110.45	116.11	0	RukaiNr-pear_Legeai_S17.mp3
RukaiNr-pear_Legeai	116.11	130.34	0	RukaiNr-pear_Legeai_S18.mp3
RukaiNr-pear_Legeai	130.34	134.37	0	RukaiNr-pear_Legeai_S19.mp3
RukaiNr-pear_Legeai	134.37	144.85	0	RukaiNr-pear_Legeai_S20.mp3
RukaiNr-pear_Legeai	144.85	150.01	0	RukaiNr-pear_Legeai_S21.mp3
RukaiNr-pear_Legeai	150.01	163.07	0	RukaiNr-pear_Legeai_S22.mp3
RukaiNr-pear_Legeai	163.07	172.06	0	RukaiNr-pear_Legeai_S23.mp3
RukaiNr-pear_Legeai	172.06	178.57	0	RukaiNr-pear_Legeai_S24.mp3
RukaiNr-pear_Legeai	178.57	180.96	0	RukaiNr-pear_Legeai_S25.mp3
RukaiNr-pear_Legeai	180.96	189.88	0	RukaiNr-pear_Legeai_S26.mp3
RukaiNr-pear_Legeai	189.88	193.32	0	RukaiNr-pear_Legeai_S27.mp3
RukaiNr-pear_Legeai	193.32	199.7	0	RukaiNr-pear_Legeai_S28.mp3
RukaiNr-pear_Legeai	199.7	208.15	0	RukaiNr-pear_Legeai_S29.mp3
RukaiNr-pear_Legeai	208.15	215.56	0	RukaiNr-pear_Legeai_S30.mp3
RukaiNr-pear_Legeai	215.56	222.86	0	RukaiNr-pear_Legeai_S31.mp3
RukaiNr-pear_Legeai	222.86	229.02	0	RukaiNr-pear_Legeai_S32.mp3
RukaiNr-pear_Legeai	229.02	233.26	0	RukaiNr-pear_Legeai_S33.mp3
RukaiNr-pear_Legeai	233.26	241.32	0	RukaiNr-pear_Legeai_S34.mp3
RukaiNr-pear_Legeai	241.32	243.99	0	RukaiNr-pear_Legeai_S35.mp3
RukaiNr-pear_Legeai	243.99	245.66	0	RukaiNr-pear_Legeai_S36.mp3
RukaiNr-pear_Legeai	245.66	246.42	0	RukaiNr-pear_Legeai_S37.mp3
RukaiNr-pear_Legeai	246.42	247.04	0	RukaiNr-pear_Legeai_S38.mp3
RukaiNr-pear_ba ching-i	0.0	1.87	0	RukaiNr-pear_ba ching-i_S0.mp3
RukaiNr-pear_ba ching-i	1.87	6.0	0	RukaiNr-pear_ba ching-i_S1.mp3
RukaiNr-pear_ba ching-i	6.0	11.32	0	RukaiNr-pear_ba ching-i_S2.mp3
RukaiNr-pear_ba ching-i	11.32	15.33	0	RukaiNr-pear_ba ching-i_S3.mp3
RukaiNr-pear_ba ching-i	15.33	18.25	0	RukaiNr-pear_ba ching-i_S4.mp3
RukaiNr-pear_ba ching-i	18.25	24.13	0	RukaiNr-pear_ba ching-i_S5.mp3
RukaiNr-pear_ba ching-i	24.13	27.52	0	RukaiNr-pear_ba ching-i_S6.mp3
RukaiNr-pear_ba ching-i	27.52	32.67	0	RukaiNr-pear_ba ching-i_S7.mp3
RukaiNr-pear_ba ching-i	32.67	34.47	0	RukaiNr-pear_ba ching-i_S8.mp3
RukaiNr-pear_ba ching-i	34.47	41.39	0	RukaiNr-pear_ba ching-i_S9.mp3
RukaiNr-pear_ba ching-i	41.39	51.21	0	RukaiNr-pear_ba ching-i_S10.mp3
RukaiNr-pear_ba ching-i	51.21	59.29	0	RukaiNr-pear_ba ching-i_S11.mp3
RukaiNr-pear_ba ching-i	59.29	69.22	0	RukaiNr-pear_ba ching-i_S12.mp3
RukaiNr-pear_ba ching-i	69.22	73.63	0	RukaiNr-pear_ba ching-i_S13.mp3
RukaiNr-pear_ba ching-i	73.63	78.46	0	RukaiNr-pear_ba ching-i_S14.mp3
RukaiNr-pear_ba ching-i	78.46	85.68	0	RukaiNr-pear_ba ching-i_S15.mp3
RukaiNr-pear_ba ching-i	85.68	93.52	0	RukaiNr-pear_ba ching-i_S16.mp3
RukaiNr-pear_ba ching-i	93.52	97.51	0	RukaiNr-pear_ba ching-i_S17.mp3
RukaiNr-pear_ba ching-i	97.51	101.48	0	RukaiNr-pear_ba ching-i_S18.mp3
RukaiNr-pear_salrabu	0.0	10.76	0	RukaiNr-pear_salrabu_S0.mp3
RukaiNr-pear_salrabu	10.76	16.72	0	RukaiNr-pear_salrabu_S1.mp3
RukaiNr-pear_salrabu	16.72	26.1	0	RukaiNr-pear_salrabu_S2.mp3
RukaiNr-pear_salrabu	26.1	30.01	0	RukaiNr-pear_salrabu_S3.mp3
RukaiNr-pear_salrabu	30.01	38.6	0	RukaiNr-pear_salrabu_S4.mp3
RukaiNr-pear_salrabu	38.6	47.96	0	RukaiNr-pear_salrabu_S5.mp3
RukaiNr-pear_salrabu	47.96	54.89	0	RukaiNr-pear_salrabu_S6.mp3
RukaiNr-pear_salrabu	54.89	66.66	0	RukaiNr-pear_salrabu_S7.mp3
RukaiNr-pear_salrabu	66.66	72.71	0	RukaiNr-pear_salrabu_S8.mp3
RukaiNr-pear_salrabu	72.71	82.16	0	RukaiNr-pear_salrabu_S9.mp3
RukaiNr-pear_salrabu	82.16	86.13	0	RukaiNr-pear_salrabu_S10.mp3
RukaiNr-pear_salrabu	86.13	88.05	0	RukaiNr-pear_salrabu_S11.mp3
RukaiNr-pear_salrabu	88.05	91.56	0	RukaiNr-pear_salrabu_S12.mp3
RukaiNr-pear_salrabu	91.56	98.53	0	RukaiNr-pear_salrabu_S13.mp3
RukaiNr-pear_salrabu	98.53	101.13	0	RukaiNr-pear_salrabu_S14.mp3
RukaiNr-pear_salrabu	101.13	110.18	0	RukaiNr-pear_salrabu_S15.mp3
RukaiNr-pear_salrabu	110.18	114.61	0	RukaiNr-pear_salrabu_S16.mp3
RukaiNr-pear_salrabu	114.61	121.01	0	RukaiNr-pear_salrabu_S17.mp3
RukaiNr-pear_salrabu	121.01	124.24	0	RukaiNr-pear_salrabu_S18.mp3
RukaiNr-pear_salrabu	124.24	130.03	0	RukaiNr-pear_salrabu_S19.mp3
RukaiNr-pear_salrabu	130.03	134.23	0	RukaiNr-pear_salrabu_S20.mp3
RukaiNr-pear_salrabu	134.23	141.41	0	RukaiNr-pear_salrabu_S21.mp3
RukaiNr-pear_salrabu	141.41	147.85	0	RukaiNr-pear_salrabu_S22.mp3
RukaiNr-pear_tagas	0.0	5.99	0	RukaiNr-pear_tagas_S0.mp3
RukaiNr-pear_tagas	5.99	16.47	0	RukaiNr-pear_tagas_S1.mp3
RukaiNr-pear_tagas	16.47	26.1	0	RukaiNr-pear_tagas_S2.mp3
RukaiNr-pear_tagas	26.1	35.88	0	RukaiNr-pear_tagas_S3.mp3
RukaiNr-pear_tagas	35.88	40.27	0	RukaiNr-pear_tagas_S4.mp3
RukaiNr-pear_tagas	40.27	45.84	0	RukaiNr-pear_tagas_S5.mp3
RukaiNr-pear_tagas	45.84	50.2	0	RukaiNr-pear_tagas_S6.mp3
RukaiNr-pear_tagas	50.2	53.88	0	RukaiNr-pear_tagas_S7.mp3
RukaiNr-pear_tagas	53.88	61.91	0	RukaiNr-pear_tagas_S8.mp3
RukaiNr-pear_tagas	61.91	68.07	0	RukaiNr-pear_tagas_S9.mp3
RukaiNr-pear_tagas	68.07	90.53	0	RukaiNr-pear_tagas_S10.mp3
RukaiNr-pear_tagas	90.53	94.85	0	RukaiNr-pear_tagas_S11.mp3
RukaiNr-pear_tagas	94.85	104.93	0	RukaiNr-pear_tagas_S12.mp3
RukaiNr-pear_wauki	0.0	2.09	0	RukaiNr-pear_wauki_S0.mp3
RukaiNr-pear_wauki	2.09	6.23	0	RukaiNr-pear_wauki_S1.mp3
RukaiNr-pear_wauki	6.23	16.58	0	RukaiNr-pear_wauki_S2.mp3
RukaiNr-pear_wauki	16.58	23.44	0	RukaiNr-pear_wauki_S3.mp3
RukaiNr-pear_wauki	28.6	39.4	0	RukaiNr-pear_wauki_S4.mp3
RukaiNr-pear_wauki	39.4	42.22	0	RukaiNr-pear_wauki_S5.mp3
RukaiNr-pear_wauki	42.22	45.08	0	RukaiNr-pear_wauki_S6.mp3
RukaiNr-pear_wauki	45.08	48.72	0	RukaiNr-pear_wauki_S7.mp3
RukaiNr-pear_wauki	48.72	59.61	0	RukaiNr-pear_wauki_S8.mp3
RukaiNr-pear_wauki	59.61	63.19	0	RukaiNr-pear_wauki_S9.mp3
RukaiNr-pear_wauki	63.19	68.6	0	RukaiNr-pear_wauki_S10.mp3
RukaiNr-pear_wauki	68.6	70.63	0	RukaiNr-pear_wauki_S11.mp3
RukaiNr-pear_wauki	70.63	78.17	0	RukaiNr-pear_wauki_S12.mp3
RukaiNr-pear_wauki	78.17	82.53	0	RukaiNr-pear_wauki_S13.mp3
RukaiNr-pear_wauki	82.53	87.34	0	RukaiNr-pear_wauki_S14.mp3
RukaiNr-pear_wauki	87.34	90.65	0	RukaiNr-pear_wauki_S15.mp3
RukaiNr-pear_wauki	90.65	95.23	0	RukaiNr-pear_wauki_S16.mp3
RukaiNr-pear_wauki	95.23	97.65	0	RukaiNr-pear_wauki_S17.mp3
RukaiNr-pear_wauki	99.83	103.54	0	RukaiNr-pear_wauki_S18.mp3
RukaiNr-pear_wauki	103.54	109.38	0	RukaiNr-pear_wauki_S19.mp3
RukaiNr-pear_wauki	109.38	113.65	0	RukaiNr-pear_wauki_S20.mp3
RukaiNr-pear_wauki	113.65	117.91	0	RukaiNr-pear_wauki_S21.mp3
RukaiNr-pear_wauki	117.91	123.36	0	RukaiNr-pear_wauki_S22.mp3
RukaiNr-pear_wauki	123.36	126.64	0	RukaiNr-pear_wauki_S23.mp3
RukaiNr-pear_wauki	126.64	129.71	0	RukaiNr-pear_wauki_S24.mp3
RukaiNr-pear_wauki	129.71	133.16	0	RukaiNr-pear_wauki_S25.mp3
RukaiNr-pear_wauki	133.16	136.9	0	RukaiNr-pear_wauki_S26.mp3
RukaiNr-pear_wauki	136.9	141.59	0	RukaiNr-pear_wauki_S27.mp3
RukaiNr-pear_wauki	141.59	148.8	0	RukaiNr-pear_wauki_S28.mp3
RukaiNr-pear_wauki	148.8	152.38	0	RukaiNr-pear_wauki_S29.mp3
RukaiNr-pear_wauki	152.38	155.62	0	RukaiNr-pear_wauki_S30.mp3
RukaiNr-pear_wauki	155.62	160.23	0	RukaiNr-pear_wauki_S31.mp3
RukaiNr-pear_wauki	160.23	164.2	0	RukaiNr-pear_wauki_S32.mp3
RukaiNr-pear_wauki	164.2	171.74	0	RukaiNr-pear_wauki_S33.mp3
RukaiNr-princess balenge_balenge	0.0	3.51	0	RukaiNr-princess balenge_balenge_S0.mp3
RukaiNr-princess balenge_balenge	3.51	7.03	0	RukaiNr-princess balenge_balenge_S1.mp3
RukaiNr-princess balenge_balenge	7.03	13.67	0	RukaiNr-princess balenge_balenge_S2.mp3
RukaiNr-princess balenge_balenge	13.67	19.16	0	RukaiNr-princess balenge_balenge_S3.mp3
RukaiNr-princess balenge_balenge	19.16	23.0	0	RukaiNr-princess balenge_balenge_S4.mp3
RukaiNr-princess balenge_balenge	23.0	31.79	0	RukaiNr-princess balenge_balenge_S5.mp3
RukaiNr-princess balenge_balenge	31.79	42.42	0	RukaiNr-princess balenge_balenge_S6.mp3
RukaiNr-princess balenge_balenge	42.42	43.94	0	RukaiNr-princess balenge_balenge_S7.mp3
RukaiNr-princess balenge_balenge	43.94	52.06	0	RukaiNr-princess balenge_balenge_S8.mp3
RukaiNr-princess balenge_balenge	52.06	56.13	0	RukaiNr-princess balenge_balenge_S9.mp3
RukaiNr-princess balenge_balenge	56.13	63.0	0	RukaiNr-princess balenge_balenge_S10.mp3
RukaiNr-princess balenge_balenge	63.0	67.72	0	RukaiNr-princess balenge_balenge_S11.mp3
RukaiNr-princess balenge_balenge	67.72	72.27	0	RukaiNr-princess balenge_balenge_S12.mp3
RukaiNr-princess balenge_balenge	72.27	80.55	0	RukaiNr-princess balenge_balenge_S13.mp3
RukaiNr-princess balenge_balenge	80.55	85.0	0	RukaiNr-princess balenge_balenge_S14.mp3
RukaiNr-princess balenge_balenge	85.0	91.53	0	RukaiNr-princess balenge_balenge_S15.mp3
RukaiNr-princess balenge_balenge	91.53	96.36	0	RukaiNr-princess balenge_balenge_S16.mp3
RukaiNr-princess balenge_balenge	96.36	98.62	0	RukaiNr-princess balenge_balenge_S17.mp3
RukaiNr-princess balenge_balenge	98.62	105.93	0	RukaiNr-princess balenge_balenge_S18.mp3
RukaiNr-princess balenge_balenge	105.93	114.6	0	RukaiNr-princess balenge_balenge_S19.mp3
RukaiNr-princess balenge_balenge	114.6	117.44	0	RukaiNr-princess balenge_balenge_S20.mp3
RukaiNr-princess balenge_balenge	120.35	124.27	0	RukaiNr-princess balenge_balenge_S21.mp3
RukaiNr-princess balenge_balenge	124.27	126.56	0	RukaiNr-princess balenge_balenge_S22.mp3
RukaiNr-princess balenge_balenge	126.56	133.55	0	RukaiNr-princess balenge_balenge_S23.mp3
RukaiNr-princess balenge_balenge	133.55	135.64	0	RukaiNr-princess balenge_balenge_S24.mp3
RukaiNr-princess balenge_balenge	135.64	140.36	0	RukaiNr-princess balenge_balenge_S25.mp3
RukaiNr-princess balenge_balenge	140.36	150.51	0	RukaiNr-princess balenge_balenge_S26.mp3
RukaiNr-princess balenge_balenge	150.51	153.95	0	RukaiNr-princess balenge_balenge_S27.mp3
RukaiNr-princess balenge_balenge	153.95	156.61	0	RukaiNr-princess balenge_balenge_S28.mp3
RukaiNr-princess balenge_balenge	156.61	162.7	0	RukaiNr-princess balenge_balenge_S29.mp3
RukaiNr-princess balenge_balenge	162.7	167.96	0	RukaiNr-princess balenge_balenge_S30.mp3
RukaiNr-princess balenge_balenge	167.96	169.55	0	RukaiNr-princess balenge_balenge_S31.mp3
RukaiNr-princess balenge_balenge	169.55	173.84	0	RukaiNr-princess balenge_balenge_S32.mp3
RukaiNr-princess balenge_balenge	173.84	188.36	0	RukaiNr-princess balenge_balenge_S33.mp3
RukaiNr-princess balenge_balenge	188.36	193.72	0	RukaiNr-princess balenge_balenge_S34.mp3
RukaiNr-princess balenge_balenge	193.72	197.08	0	RukaiNr-princess balenge_balenge_S35.mp3
RukaiNr-princess balenge_balenge	197.08	207.96	0	RukaiNr-princess balenge_balenge_S36.mp3
RukaiNr-princess balenge_balenge	207.96	214.02	0	RukaiNr-princess balenge_balenge_S37.mp3
RukaiNr-princess balenge_balenge	214.02	219.87	0	RukaiNr-princess balenge_balenge_S38.mp3
RukaiNr-princess balenge_balenge	219.87	225.69	0	RukaiNr-princess balenge_balenge_S39.mp3
RukaiNr-princess balenge_balenge	225.69	228.35	0	RukaiNr-princess balenge_balenge_S40.mp3
RukaiNr-princess balenge_balenge	228.35	234.99	0	RukaiNr-princess balenge_balenge_S41.mp3
RukaiNr-princess balenge_balenge	234.99	238.28	0	RukaiNr-princess balenge_balenge_S42.mp3
RukaiNr-princess balenge_balenge	238.28	242.92	0	RukaiNr-princess balenge_balenge_S43.mp3
RukaiNr-princess balenge_balenge	242.92	248.33	0	RukaiNr-princess balenge_balenge_S44.mp3
RukaiNr-princess balenge_balenge	248.33	252.7	0	RukaiNr-princess balenge_balenge_S45.mp3
RukaiNr-princess balenge_balenge	252.7	254.5	0	RukaiNr-princess balenge_balenge_S46.mp3
RukaiNr-princess balenge_balenge	254.5	261.62	0	RukaiNr-princess balenge_balenge_S47.mp3
RukaiNr-princess balenge_balenge	261.62	266.36	0	RukaiNr-princess balenge_balenge_S48.mp3
RukaiNr-princess balenge_balenge	266.36	276.54	0	RukaiNr-princess balenge_balenge_S49.mp3
RukaiNr-princess balenge_balenge	276.54	279.16	0	RukaiNr-princess balenge_balenge_S50.mp3
RukaiNr-princess balenge_balenge	279.16	281.82	0	RukaiNr-princess balenge_balenge_S51.mp3
RukaiNr-princess balenge_balenge	281.82	286.6	0	RukaiNr-princess balenge_balenge_S52.mp3
RukaiNr-princess balenge_balenge	290.48	292.08	0	RukaiNr-princess balenge_balenge_S53.mp3
RukaiNr-princess balenge_balenge	292.08	297.41	0	RukaiNr-princess balenge_balenge_S54.mp3
RukaiNr-princess balenge_balenge	297.41	303.59	0	RukaiNr-princess balenge_balenge_S55.mp3
RukaiNr-princess balenge_balenge	303.59	310.96	0	RukaiNr-princess balenge_balenge_S56.mp3
RukaiNr-princess balenge_balenge	310.96	316.75	0	RukaiNr-princess balenge_balenge_S57.mp3
RukaiNr-princess balenge_balenge	316.75	322.22	0	RukaiNr-princess balenge_balenge_S58.mp3
RukaiNr-princess balenge_balenge	322.22	325.41	0	RukaiNr-princess balenge_balenge_S59.mp3
RukaiNr-princess balenge_balenge	331.3	334.09	0	RukaiNr-princess balenge_balenge_S60.mp3
RukaiNr-princess balenge_balenge	334.09	343.16	0	RukaiNr-princess balenge_balenge_S61.mp3
RukaiNr-princess balenge_balenge	343.16	345.2	0	RukaiNr-princess balenge_balenge_S62.mp3
RukaiNr-princess balenge_balenge	345.2	350.6	0	RukaiNr-princess balenge_balenge_S63.mp3
RukaiNr-princess balenge_balenge	350.6	352.43	0	RukaiNr-princess balenge_balenge_S64.mp3
RukaiNr-princess balenge_balenge	352.43	354.24	0	RukaiNr-princess balenge_balenge_S65.mp3
RukaiNr-princess balenge_balenge	354.24	356.82	0	RukaiNr-princess balenge_balenge_S66.mp3
RukaiNr-princess balenge_balenge	356.82	363.04	0	RukaiNr-princess balenge_balenge_S67.mp3
RukaiNr-princess balenge_balenge	363.04	373.93	0	RukaiNr-princess balenge_balenge_S68.mp3
RukaiNr-princess balenge_balenge	376.11	383.52	0	RukaiNr-princess balenge_balenge_S69.mp3
RukaiNr-princess balenge_balenge	383.52	389.2	0	RukaiNr-princess balenge_balenge_S70.mp3
RukaiNr-princess balenge_balenge	391.55	394.79	0	RukaiNr-princess balenge_balenge_S71.mp3
RukaiNr-princess balenge_balenge	394.79	399.35	0	RukaiNr-princess balenge_balenge_S72.mp3
RukaiNr-princess balenge_balenge	399.35	403.97	0	RukaiNr-princess balenge_balenge_S73.mp3
RukaiNr-princess balenge_balenge	403.97	410.47	0	RukaiNr-princess balenge_balenge_S74.mp3
RukaiNr-princess balenge_balenge	410.47	415.29	0	RukaiNr-princess balenge_balenge_S75.mp3
RukaiNr-princess balenge_balenge	415.29	427.38	0	RukaiNr-princess balenge_balenge_S76.mp3
RukaiNr-princess balenge_balenge	427.38	438.64	0	RukaiNr-princess balenge_balenge_S77.mp3
RukaiNr-princess balenge_balenge	438.64	446.86	0	RukaiNr-princess balenge_balenge_S78.mp3
RukaiNr-princess balenge_balenge	446.86	452.89	0	RukaiNr-princess balenge_balenge_S79.mp3
RukaiNr-princess balenge_balenge	452.89	457.56	0	RukaiNr-princess balenge_balenge_S80.mp3
RukaiNr-princess balenge_balenge	457.56	460.68	0	RukaiNr-princess balenge_balenge_S81.mp3
RukaiNr-princess balenge_balenge	460.68	464.15	0	RukaiNr-princess balenge_balenge_S82.mp3
RukaiNr-princess balenge_balenge	464.15	473.21	0	RukaiNr-princess balenge_balenge_S83.mp3
RukaiNr-princess balenge_balenge	473.21	475.91	0	RukaiNr-princess balenge_balenge_S84.mp3
RukaiNr-princess balenge_balenge	475.91	476.87	0	RukaiNr-princess balenge_balenge_S85.mp3
RukaiNr-swing_taugadhu	0.0	1.28	0	RukaiNr-swing_taugadhu_S0.mp3
RukaiNr-swing_taugadhu	1.28	8.44	0	RukaiNr-swing_taugadhu_S1.mp3
RukaiNr-swing_taugadhu	8.44	15.3	0	RukaiNr-swing_taugadhu_S2.mp3
RukaiNr-swing_taugadhu	15.3	20.18	0	RukaiNr-swing_taugadhu_S3.mp3
RukaiNr-swing_taugadhu	20.18	23.68	0	RukaiNr-swing_taugadhu_S4.mp3
RukaiNr-swing_taugadhu	23.68	26.8	0	RukaiNr-swing_taugadhu_S5.mp3
RukaiNr-swing_taugadhu	26.8	29.58	0	RukaiNr-swing_taugadhu_S6.mp3
RukaiNr-swing_taugadhu	29.58	32.42	0	RukaiNr-swing_taugadhu_S7.mp3
RukaiNr-swing_taugadhu	32.42	33.6	0	RukaiNr-swing_taugadhu_S8.mp3
RukaiNr-swing_taugadhu	33.6	38.08	0	RukaiNr-swing_taugadhu_S9.mp3
RukaiNr-swing_taugadhu	38.08	41.6	0	RukaiNr-swing_taugadhu_S10.mp3
RukaiNr-swing_taugadhu	41.6	48.83	0	RukaiNr-swing_taugadhu_S11.mp3
RukaiNr-swing_taugadhu	48.83	67.71	0	RukaiNr-swing_taugadhu_S12.mp3
RukaiNr-swing_taugadhu	67.71	69.66	0	RukaiNr-swing_taugadhu_S13.mp3
RukaiNr-swing_taugadhu	69.66	88.1	0	RukaiNr-swing_taugadhu_S14.mp3
RukaiNr-swing_taugadhu	88.1	93.93	0	RukaiNr-swing_taugadhu_S15.mp3
RukaiNr-swing_taugadhu	93.93	101.53	0	RukaiNr-swing_taugadhu_S16.mp3
RukaiNr-swing_taugadhu	106.79	122.36	0	RukaiNr-swing_taugadhu_S17.mp3
RukaiNr-swing_taugadhu	122.36	129.48	0	RukaiNr-swing_taugadhu_S18.mp3
RukaiNr-swing_taugadhu	129.48	132.56	0	RukaiNr-swing_taugadhu_S19.mp3
RukaiNr-swing_taugadhu	132.56	141.27	0	RukaiNr-swing_taugadhu_S20.mp3
RukaiNr-swing_taugadhu	141.27	148.48	0	RukaiNr-swing_taugadhu_S21.mp3
RukaiNr-swing_taugadhu	148.48	165.1	0	RukaiNr-swing_taugadhu_S22.mp3
RukaiNr-swing_taugadhu	165.1	172.88	0	RukaiNr-swing_taugadhu_S23.mp3
RukaiNr-swing_taugadhu	172.88	177.93	0	RukaiNr-swing_taugadhu_S24.mp3
RukaiNr-swing_taugadhu	177.93	186.68	0	RukaiNr-swing_taugadhu_S25.mp3
RukaiNr-swing_taugadhu	186.68	189.11	0	RukaiNr-swing_taugadhu_S26.mp3
RukaiNr-swing_taugadhu	189.11	194.49	0	RukaiNr-swing_taugadhu_S27.mp3
RukaiNr-swing_taugadhu	194.49	200.21	0	RukaiNr-swing_taugadhu_S28.mp3
RukaiNr-swing_taugadhu	200.21	201.97	0	RukaiNr-swing_taugadhu_S29.mp3
RukaiNr-swing_taugadhu	201.97	205.07	0	RukaiNr-swing_taugadhu_S30.mp3
RukaiNr-swing_taugadhu	205.07	208.94	0	RukaiNr-swing_taugadhu_S31.mp3
RukaiNr-swing_taugadhu	208.94	221.46	0	RukaiNr-swing_taugadhu_S32.mp3
RukaiNr-swing_taugadhu	221.46	230.17	0	RukaiNr-swing_taugadhu_S33.mp3
RukaiNr-swing_taugadhu	230.17	234.67	0	RukaiNr-swing_taugadhu_S34.mp3
RukaiNr-swing_taugadhu	234.67	236.93	0	RukaiNr-swing_taugadhu_S35.mp3
RukaiNr-swing_taugadhu	236.93	246.97	0	RukaiNr-swing_taugadhu_S36.mp3
RukaiNr-swing_taugadhu	246.97	255.65	0	RukaiNr-swing_taugadhu_S37.mp3
RukaiNr-swing_taugadhu	255.65	266.96	0	RukaiNr-swing_taugadhu_S38.mp3
RukaiNr-swing_taugadhu	266.96	274.41	0	RukaiNr-swing_taugadhu_S39.mp3
RukaiNr-swing_taugadhu	274.41	276.89	0	RukaiNr-swing_taugadhu_S40.mp3
RukaiNr-swing_taugadhu	276.89	281.94	0	RukaiNr-swing_taugadhu_S41.mp3
RukaiNr-swing_taugadhu	281.94	286.37	0	RukaiNr-swing_taugadhu_S42.mp3
RukaiNr-swing_taugadhu	286.37	292.6	0	RukaiNr-swing_taugadhu_S43.mp3
RukaiNr-swing_taugadhu	292.6	298.49	0	RukaiNr-swing_taugadhu_S44.mp3
RukaiNr-swing_taugadhu	298.49	305.81	0	RukaiNr-swing_taugadhu_S45.mp3
RukaiNr-swing_taugadhu	305.81	313.58	0	RukaiNr-swing_taugadhu_S46.mp3
RukaiNr-swing_taugadhu	313.58	322.96	0	RukaiNr-swing_taugadhu_S47.mp3
RukaiNr-swing_taugadhu	322.96	326.6	0	RukaiNr-swing_taugadhu_S48.mp3
RukaiNr-swing_taugadhu	326.6	329.77	0	RukaiNr-swing_taugadhu_S49.mp3
RukaiNr-swing_taugadhu	329.77	332.59	0	RukaiNr-swing_taugadhu_S50.mp3
RukaiNr-swing_taugadhu	332.59	342.82	0	RukaiNr-swing_taugadhu_S51.mp3
RukaiNr-swing_taugadhu	342.82	347.29	0	RukaiNr-swing_taugadhu_S52.mp3
RukaiNr-swing_taugadhu	347.29	350.4	0	RukaiNr-swing_taugadhu_S53.mp3
RukaiNr-swing_taugadhu	350.4	361.45	0	RukaiNr-swing_taugadhu_S54.mp3
RukaiNr-swing_taugadhu	361.45	365.28	0	RukaiNr-swing_taugadhu_S55.mp3
RukaiNr-swing_taugadhu	365.28	374.86	0	RukaiNr-swing_taugadhu_S56.mp3
RukaiNr-swing_taugadhu	374.86	379.64	0	RukaiNr-swing_taugadhu_S57.mp3
RukaiNr-swing_taugadhu	379.64	382.17	0	RukaiNr-swing_taugadhu_S58.mp3
RukaiNr-swing_taugadhu	382.17	394.85	0	RukaiNr-swing_taugadhu_S59.mp3
RukaiNr-swing_taugadhu	394.85	397.05	0	RukaiNr-swing_taugadhu_S60.mp3
RukaiNr-swing_taugadhu	397.05	409.04	0	RukaiNr-swing_taugadhu_S61.mp3
RukaiNr-swing_taugadhu	409.04	413.68	0	RukaiNr-swing_taugadhu_S62.mp3
RukaiNr-swing_taugadhu	413.68	421.34	0	RukaiNr-swing_taugadhu_S63.mp3
RukaiNr-swing_taugadhu	421.34	426.73	0	RukaiNr-swing_taugadhu_S64.mp3
RukaiNr-swing_taugadhu	426.73	430.6	0	RukaiNr-swing_taugadhu_S65.mp3
RukaiNr-swing_taugadhu	430.6	443.52	0	RukaiNr-swing_taugadhu_S66.mp3
RukaiNr-swing_taugadhu	443.52	456.85	0	RukaiNr-swing_taugadhu_S67.mp3
RukaiNr-swing_taugadhu	456.85	461.81	0	RukaiNr-swing_taugadhu_S68.mp3
RukaiNr-swing_taugadhu	461.81	469.73	0	RukaiNr-swing_taugadhu_S69.mp3
RukaiNr-swing_taugadhu	469.73	473.3	0	RukaiNr-swing_taugadhu_S70.mp3
RukaiNr-swing_taugadhu	473.3	488.71	0	RukaiNr-swing_taugadhu_S71.mp3
RukaiNr-swing_taugadhu	488.71	490.0	0	RukaiNr-swing_taugadhu_S72.mp3
RukaiNr-swing_taugadhu	490.0	493.33	0	RukaiNr-swing_taugadhu_S73.mp3
RukaiNr-swing_taugadhu	493.33	510.01	0	RukaiNr-swing_taugadhu_S74.mp3
RukaiNr-swing_taugadhu	510.01	520.25	0	RukaiNr-swing_taugadhu_S75.mp3
RukaiNr-swing_taugadhu	520.25	525.47	0	RukaiNr-swing_taugadhu_S76.mp3
RukaiNr-swing_taugadhu	525.47	526.34	0	RukaiNr-swing_taugadhu_S77.mp3
RukaiNr-work by men and women_taugadhu	0.0	1.4	0	RukaiNr-work by men and women_taugadhu_S0.mp3
RukaiNr-work by men and women_taugadhu	1.4	10.42	0	RukaiNr-work by men and women_taugadhu_S1.mp3
RukaiNr-work by men and women_taugadhu	10.42	20.38	0	RukaiNr-work by men and women_taugadhu_S2.mp3
RukaiNr-work by men and women_taugadhu	20.38	27.97	0	RukaiNr-work by men and women_taugadhu_S3.mp3
RukaiNr-work by men and women_taugadhu	27.97	30.49	0	RukaiNr-work by men and women_taugadhu_S4.mp3
RukaiNr-work by men and women_taugadhu	30.49	32.52	0	RukaiNr-work by men and women_taugadhu_S5.mp3
RukaiNr-work by men and women_taugadhu	32.52	38.92	0	RukaiNr-work by men and women_taugadhu_S6.mp3
RukaiNr-work by men and women_taugadhu	38.92	45.2	0	RukaiNr-work by men and women_taugadhu_S7.mp3
RukaiNr-work by men and women_taugadhu	45.2	47.45	0	RukaiNr-work by men and women_taugadhu_S8.mp3
RukaiNr-work by men and women_taugadhu	47.45	59.65	0	RukaiNr-work by men and women_taugadhu_S9.mp3
RukaiNr-work by men and women_taugadhu	59.65	64.34	0	RukaiNr-work by men and women_taugadhu_S10.mp3
RukaiNr-work by men and women_taugadhu	64.34	77.52	0	RukaiNr-work by men and women_taugadhu_S11.mp3
RukaiNr-work by men and women_taugadhu	77.52	83.57	0	RukaiNr-work by men and women_taugadhu_S12.mp3
RukaiNr-work by men and women_taugadhu	83.57	86.45	0	RukaiNr-work by men and women_taugadhu_S13.mp3
RukaiNr-work by men and women_taugadhu	86.45	90.94	0	RukaiNr-work by men and women_taugadhu_S14.mp3
RukaiNr-work by men and women_taugadhu	90.94	98.31	0	RukaiNr-work by men and women_taugadhu_S15.mp3
RukaiNr-work by men and women_taugadhu	98.31	100.59	0	RukaiNr-work by men and women_taugadhu_S16.mp3
RukaiNr-work by men and women_taugadhu	100.59	105.13	0	RukaiNr-work by men and women_taugadhu_S17.mp3
RukaiNr-work by men and women_taugadhu	105.13	108.5	0	RukaiNr-work by men and women_taugadhu_S18.mp3
RukaiNr-work by men and women_taugadhu	108.5	112.1	0	RukaiNr-work by men and women_taugadhu_S19.mp3
RukaiNr-work by men and women_taugadhu	112.1	117.15	0	RukaiNr-work by men and women_taugadhu_S20.mp3
RukaiNr-work by men and women_taugadhu	117.15	120.49	0	RukaiNr-work by men and women_taugadhu_S21.mp3
RukaiNr-work by men and women_taugadhu	120.49	130.23	0	RukaiNr-work by men and women_taugadhu_S22.mp3
RukaiNr-work by men and women_taugadhu	130.23	133.34	0	RukaiNr-work by men and women_taugadhu_S23.mp3
RukaiNr-work by men and women_taugadhu	133.34	135.65	0	RukaiNr-work by men and women_taugadhu_S24.mp3
RukaiNr-work by men and women_taugadhu	135.65	137.59	0	RukaiNr-work by men and women_taugadhu_S25.mp3
RukaiNr-work by men and women_taugadhu	137.59	143.3	0	RukaiNr-work by men and women_taugadhu_S26.mp3
RukaiNr-work by men and women_taugadhu	143.3	148.19	0	RukaiNr-work by men and women_taugadhu_S27.mp3
RukaiNr-work by men and women_taugadhu	148.19	149.59	0	RukaiNr-work by men and women_taugadhu_S28.mp3
RukaiNr-work by men and women_taugadhu	149.59	157.87	0	RukaiNr-work by men and women_taugadhu_S29.mp3
RukaiNr-work by men and women_taugadhu	157.87	160.01	0	RukaiNr-work by men and women_taugadhu_S30.mp3
RukaiNr-work by men and women_taugadhu	160.01	163.84	0	RukaiNr-work by men and women_taugadhu_S31.mp3
RukaiNr-work by men and women_taugadhu	163.84	167.9	0	RukaiNr-work by men and women_taugadhu_S32.mp3
RukaiNr-work by men and women_taugadhu	167.9	169.39	0	RukaiNr-work by men and women_taugadhu_S33.mp3
RukaiNr-work by men and women_taugadhu	169.39	172.23	0	RukaiNr-work by men and women_taugadhu_S34.mp3
RukaiNr-work by men and women_taugadhu	174.43	175.54	0	RukaiNr-work by men and women_taugadhu_S35.mp3
RukaiNr-work by men and women_taugadhu	175.54	178.63	0	RukaiNr-work by men and women_taugadhu_S36.mp3
RukaiNr-work by men and women_taugadhu	178.63	181.04	0	RukaiNr-work by men and women_taugadhu_S37.mp3
RukaiNr-work by men and women_taugadhu	181.04	184.06	0	RukaiNr-work by men and women_taugadhu_S38.mp3
RukaiNr-work by men and women_taugadhu	184.06	191.6	0	RukaiNr-work by men and women_taugadhu_S39.mp3
RukaiNr-work by men and women_taugadhu	191.6	193.02	0	RukaiNr-work by men and women_taugadhu_S40.mp3
RukaiNr-work by men and women_taugadhu	193.02	194.72	0	RukaiNr-work by men and women_taugadhu_S41.mp3
RukaiNr-work by men and women_taugadhu	194.72	195.77	0	RukaiNr-work by men and women_taugadhu_S42.mp3
RukaiNr-work by men and women_taugadhu	195.77	197.73	0	RukaiNr-work by men and women_taugadhu_S43.mp3
RukaiNr-work by men and women_taugadhu	197.73	200.26	0	RukaiNr-work by men and women_taugadhu_S44.mp3
RukaiNr-work by men and women_taugadhu	200.26	203.24	0	RukaiNr-work by men and women_taugadhu_S45.mp3
RukaiNr-work by men and women_taugadhu	203.24	205.09	0	RukaiNr-work by men and women_taugadhu_S46.mp3
RukaiNr-work by men and women_taugadhu	205.09	206.83	0	RukaiNr-work by men and women_taugadhu_S47.mp3
RukaiNr-work by men and women_taugadhu	206.83	208.59	0	RukaiNr-work by men and women_taugadhu_S48.mp3
RukaiNr-work by men and women_taugadhu	208.59	211.51	0	RukaiNr-work by men and women_taugadhu_S49.mp3
RukaiNr-work by men and women_taugadhu	211.51	224.19	0	RukaiNr-work by men and women_taugadhu_S50.mp3
RukaiNr-work by men and women_taugadhu	224.19	228.96	0	RukaiNr-work by men and women_taugadhu_S51.mp3
RukaiNr-work by men and women_taugadhu	228.96	234.24	0	RukaiNr-work by men and women_taugadhu_S52.mp3
RukaiNr-work by men and women_taugadhu	234.24	240.52	0	RukaiNr-work by men and women_taugadhu_S53.mp3
RukaiNr-work by men and women_taugadhu	240.52	245.38	0	RukaiNr-work by men and women_taugadhu_S54.mp3
RukaiNr-work by men and women_taugadhu	245.38	254.43	0	RukaiNr-work by men and women_taugadhu_S55.mp3
RukaiNr-work by men and women_taugadhu	254.43	257.67	0	RukaiNr-work by men and women_taugadhu_S56.mp3
RukaiNr-work by men and women_taugadhu	257.67	265.45	0	RukaiNr-work by men and women_taugadhu_S57.mp3
RukaiNr-work by men and women_taugadhu	265.45	275.06	0	RukaiNr-work by men and women_taugadhu_S58.mp3
RukaiNr-work by men and women_taugadhu	275.06	279.94	0	RukaiNr-work by men and women_taugadhu_S59.mp3
RukaiNr-work by men and women_taugadhu	279.94	286.51	0	RukaiNr-work by men and women_taugadhu_S60.mp3
RukaiNr-work by men and women_taugadhu	286.51	287.83	0	RukaiNr-work by men and women_taugadhu_S61.mp3
RukaiNr-work by men and women_taugadhu	287.83	292.02	0	RukaiNr-work by men and women_taugadhu_S62.mp3
RukaiNr-work by men and women_taugadhu	292.02	298.26	0	RukaiNr-work by men and women_taugadhu_S63.mp3
RukaiNr-work by men and women_taugadhu	298.26	300.65	0	RukaiNr-work by men and women_taugadhu_S64.mp3
RukaiNr-work by men and women_taugadhu	300.65	311.15	0	RukaiNr-work by men and women_taugadhu_S65.mp3
RukaiNr-work by men and women_taugadhu	311.15	317.55	0	RukaiNr-work by men and women_taugadhu_S66.mp3
RukaiNr-work by men and women_taugadhu	317.55	326.92	0	RukaiNr-work by men and women_taugadhu_S67.mp3
RukaiNr-work by men and women_taugadhu	326.92	330.3	0	RukaiNr-work by men and women_taugadhu_S68.mp3
RukaiNr-work by men and women_taugadhu	330.3	331.83	0	RukaiNr-work by men and women_taugadhu_S69.mp3
RukaiNr-work by men and women_taugadhu	331.83	335.41	0	RukaiNr-work by men and women_taugadhu_S70.mp3
RukaiNr-work by men and women_taugadhu	335.41	338.83	0	RukaiNr-work by men and women_taugadhu_S71.mp3
RukaiNr-work by men and women_taugadhu	338.83	347.26	0	RukaiNr-work by men and women_taugadhu_S72.mp3
RukaiNr-work by men and women_taugadhu	347.26	353.43	0	RukaiNr-work by men and women_taugadhu_S73.mp3
RukaiNr-work by men and women_taugadhu	353.43	357.71	0	RukaiNr-work by men and women_taugadhu_S74.mp3
RukaiNr-work by men and women_taugadhu	357.71	364.7	0	RukaiNr-work by men and women_taugadhu_S75.mp3
RukaiNr-work by men and women_taugadhu	364.7	371.56	0	RukaiNr-work by men and women_taugadhu_S76.mp3
RukaiNr-work by men and women_taugadhu	371.56	373.78	0	RukaiNr-work by men and women_taugadhu_S77.mp3
RukaiNr-work by men and women_taugadhu	373.78	376.59	0	RukaiNr-work by men and women_taugadhu_S78.mp3
RukaiNr-work by men and women_taugadhu	376.59	382.07	0	RukaiNr-work by men and women_taugadhu_S79.mp3
RukaiNr-work by men and women_taugadhu	382.07	394.98	0	RukaiNr-work by men and women_taugadhu_S80.mp3
RukaiNr-work by men and women_taugadhu	394.98	405.17	0	RukaiNr-work by men and women_taugadhu_S81.mp3
RukaiNr-work by men and women_taugadhu	405.17	409.27	0	RukaiNr-work by men and women_taugadhu_S82.mp3
RukaiNr-work by men and women_taugadhu	409.27	410.39	0	RukaiNr-work by men and women_taugadhu_S83.mp3
RukaiNr-work by men and women_taugadhu	410.39	413.17	0	RukaiNr-work by men and women_taugadhu_S84.mp3
RukaiNr-work by men and women_taugadhu	413.17	414.61	0	RukaiNr-work by men and women_taugadhu_S85.mp3
RukaiNr-work by men and women_taugadhu	414.61	417.23	0	RukaiNr-work by men and women_taugadhu_S86.mp3
RukaiNr-work by men and women_taugadhu	417.23	419.2	0	RukaiNr-work by men and women_taugadhu_S87.mp3
RukaiNr-work by men and women_taugadhu	419.2	421.28	0	RukaiNr-work by men and women_taugadhu_S88.mp3
RukaiNr-work by men and women_taugadhu	421.28	424.24	0	RukaiNr-work by men and women_taugadhu_S89.mp3
RukaiNr-work by men and women_taugadhu	424.24	433.57	0	RukaiNr-work by men and women_taugadhu_S90.mp3
RukaiNr-work by men and women_taugadhu	433.57	438.55	0	RukaiNr-work by men and women_taugadhu_S91.mp3
RukaiNr-work by men and women_taugadhu	438.55	443.6	0	RukaiNr-work by men and women_taugadhu_S92.mp3
RukaiNr-work by men and women_taugadhu	443.6	446.8	0	RukaiNr-work by men and women_taugadhu_S93.mp3
RukaiNr-work by men and women_taugadhu	446.8	450.52	0	RukaiNr-work by men and women_taugadhu_S94.mp3
RukaiNr-work by men and women_taugadhu	450.52	456.34	0	RukaiNr-work by men and women_taugadhu_S95.mp3
RukaiNr-work by men and women_taugadhu	456.34	460.29	0	RukaiNr-work by men and women_taugadhu_S96.mp3
RukaiNr-work by men and women_taugadhu	460.29	464.2	0	RukaiNr-work by men and women_taugadhu_S97.mp3
RukaiNr-work by men and women_taugadhu	464.2	465.61	0	RukaiNr-work by men and women_taugadhu_S98.mp3
SaiNr-election_lahi_ a taro_ babay	0.0	4.7	0	SaiNr-election_lahi_ a taro_ babay_S0.mp3
SaiNr-election_lahi_ a taro_ babay	4.7	9.3	0	SaiNr-election_lahi_ a taro_ babay_S1.mp3
SaiNr-election_lahi_ a taro_ babay	9.3	14.49	0	SaiNr-election_lahi_ a taro_ babay_S2.mp3
SaiNr-election_lahi_ a taro_ babay	14.49	18.93	0	SaiNr-election_lahi_ a taro_ babay_S3.mp3
SaiNr-election_lahi_ a taro_ babay	18.93	30.49	0	SaiNr-election_lahi_ a taro_ babay_S4.mp3
SaiNr-election_lahi_ a taro_ babay	30.49	36.3	0	SaiNr-election_lahi_ a taro_ babay_S5.mp3
SaiNr-election_lahi_ a taro_ babay	36.3	42.66	0	SaiNr-election_lahi_ a taro_ babay_S6.mp3
SaiNr-election_lahi_ a taro_ babay	42.66	46.85	0	SaiNr-election_lahi_ a taro_ babay_S7.mp3
SaiNr-election_lahi_ a taro_ babay	46.85	54.22	0	SaiNr-election_lahi_ a taro_ babay_S8.mp3
SaiNr-election_lahi_ a taro_ babay	54.22	57.74	0	SaiNr-election_lahi_ a taro_ babay_S9.mp3
SaiNr-election_lahi_ a taro_ babay	57.74	62.41	0	SaiNr-election_lahi_ a taro_ babay_S10.mp3
SaiNr-election_lahi_ a taro_ babay	62.41	67.17	0	SaiNr-election_lahi_ a taro_ babay_S11.mp3
SaiNr-election_lahi_ a taro_ babay	67.17	69.31	0	SaiNr-election_lahi_ a taro_ babay_S12.mp3
SaiNr-election_lahi_ a taro_ babay	69.31	79.59	0	SaiNr-election_lahi_ a taro_ babay_S13.mp3
SaiNr-election_lahi_ a taro_ babay	79.59	84.82	0	SaiNr-election_lahi_ a taro_ babay_S14.mp3
SaiNr-election_lahi_ a taro_ babay	84.82	90.18	0	SaiNr-election_lahi_ a taro_ babay_S15.mp3
SaiNr-election_lahi_ a taro_ babay	90.18	92.93	0	SaiNr-election_lahi_ a taro_ babay_S16.mp3
SaiNr-election_lahi_ a taro_ babay	92.93	98.76	0	SaiNr-election_lahi_ a taro_ babay_S17.mp3
SaiNr-election_lahi_ a taro_ babay	98.76	105.69	0	SaiNr-election_lahi_ a taro_ babay_S18.mp3
SaiNr-election_lahi_ a taro_ babay	105.69	108.57	0	SaiNr-election_lahi_ a taro_ babay_S19.mp3
SaiNr-election_lahi_ a taro_ babay	108.57	113.72	0	SaiNr-election_lahi_ a taro_ babay_S20.mp3
SaiNr-election_lahi_ a taro_ babay	113.72	115.88	0	SaiNr-election_lahi_ a taro_ babay_S21.mp3
SaiNr-election_lahi_ a taro_ babay	115.88	120.69	0	SaiNr-election_lahi_ a taro_ babay_S22.mp3
SaiNr-election_lahi_ a taro_ babay	120.69	122.62	0	SaiNr-election_lahi_ a taro_ babay_S23.mp3
SaiNr-election_lahi_ a taro_ babay	122.62	134.97	0	SaiNr-election_lahi_ a taro_ babay_S24.mp3
SaiNr-election_lahi_ a taro_ babay	134.97	141.11	0	SaiNr-election_lahi_ a taro_ babay_S25.mp3
SaiNr-election_lahi_ a taro_ babay	141.11	144.7	0	SaiNr-election_lahi_ a taro_ babay_S26.mp3
SaiNr-election_lahi_ a taro_ babay	144.7	153.96	0	SaiNr-election_lahi_ a taro_ babay_S27.mp3
SaiNr-election_lahi_ a taro_ babay	153.96	165.92	0	SaiNr-election_lahi_ a taro_ babay_S28.mp3
SaiNr-election_lahi_ a taro_ babay	165.92	171.85	0	SaiNr-election_lahi_ a taro_ babay_S29.mp3
SaiNr-election_lahi_ a taro_ babay	171.85	176.82	0	SaiNr-election_lahi_ a taro_ babay_S30.mp3
SaiNr-election_lahi_ a taro_ babay	176.82	180.33	0	SaiNr-election_lahi_ a taro_ babay_S31.mp3
SaiNr-election_lahi_ a taro_ babay	180.33	181.81	0	SaiNr-election_lahi_ a taro_ babay_S32.mp3
SaiNr-election_lahi_ a taro_ babay	181.81	196.28	0	SaiNr-election_lahi_ a taro_ babay_S33.mp3
SaiNr-election_lahi_ a taro_ babay	196.28	200.64	0	SaiNr-election_lahi_ a taro_ babay_S34.mp3
SaiNr-election_lahi_ a taro_ babay	200.64	203.2	0	SaiNr-election_lahi_ a taro_ babay_S35.mp3
SaiNr-election_lahi_ a taro_ babay	203.2	209.77	0	SaiNr-election_lahi_ a taro_ babay_S36.mp3
SaiNr-election_lahi_ a taro_ babay	209.77	212.34	0	SaiNr-election_lahi_ a taro_ babay_S37.mp3
SaiNr-election_lahi_ a taro_ babay	212.34	220.79	0	SaiNr-election_lahi_ a taro_ babay_S38.mp3
SaiNr-election_lahi_ a taro_ babay	220.79	223.31	0	SaiNr-election_lahi_ a taro_ babay_S39.mp3
SaiNr-election_lahi_ a taro_ babay	223.31	227.45	0	SaiNr-election_lahi_ a taro_ babay_S40.mp3
SaiNr-election_lahi_ a taro_ babay	227.45	237.28	0	SaiNr-election_lahi_ a taro_ babay_S41.mp3
SaiNr-election_lahi_ a taro_ babay	237.28	238.78	0	SaiNr-election_lahi_ a taro_ babay_S42.mp3
SaiNr-election_lahi_ a taro_ babay	238.78	247.75	0	SaiNr-election_lahi_ a taro_ babay_S43.mp3
SaiNr-election_lahi_ a taro_ babay	247.75	257.93	0	SaiNr-election_lahi_ a taro_ babay_S44.mp3
SaiNr-election_lahi_ a taro_ babay	257.93	262.84	0	SaiNr-election_lahi_ a taro_ babay_S45.mp3
SaiNr-election_lahi_ a taro_ babay	262.84	272.78	0	SaiNr-election_lahi_ a taro_ babay_S46.mp3
SaiNr-election_lahi_ a taro_ babay	272.78	279.45	0	SaiNr-election_lahi_ a taro_ babay_S47.mp3
SaiNr-election_lahi_ a taro_ babay	279.45	288.16	0	SaiNr-election_lahi_ a taro_ babay_S48.mp3
SaiNr-flood_waon a boong	0.0	3.54	0	SaiNr-flood_waon a boong_S0.mp3
SaiNr-flood_waon a boong	3.54	6.4	0	SaiNr-flood_waon a boong_S1.mp3
SaiNr-flood_waon a boong	6.4	15.88	0	SaiNr-flood_waon a boong_S2.mp3
SaiNr-flood_waon a boong	15.88	19.78	0	SaiNr-flood_waon a boong_S3.mp3
SaiNr-flood_waon a boong	19.78	27.5	0	SaiNr-flood_waon a boong_S4.mp3
SaiNr-flood_waon a boong	27.5	30.8	0	SaiNr-flood_waon a boong_S5.mp3
SaiNr-flood_waon a boong	30.8	33.76	0	SaiNr-flood_waon a boong_S6.mp3
SaiNr-flood_waon a boong	33.76	37.52	0	SaiNr-flood_waon a boong_S7.mp3
SaiNr-flood_waon a boong	37.52	43.91	0	SaiNr-flood_waon a boong_S8.mp3
SaiNr-flood_waon a boong	43.91	53.03	0	SaiNr-flood_waon a boong_S9.mp3
SaiNr-flood_waon a boong	53.03	58.39	0	SaiNr-flood_waon a boong_S10.mp3
SaiNr-flood_waon a boong	58.39	60.22	0	SaiNr-flood_waon a boong_S11.mp3
SaiNr-flood_waon a boong	60.22	68.68	0	SaiNr-flood_waon a boong_S12.mp3
SaiNr-flood_waon a boong	68.68	70.31	0	SaiNr-flood_waon a boong_S13.mp3
SaiNr-flood_waon a boong	70.31	73.83	0	SaiNr-flood_waon a boong_S14.mp3
SaiNr-flood_waon a boong	73.83	76.83	0	SaiNr-flood_waon a boong_S15.mp3
SaiNr-flood_waon a boong	76.83	80.2	0	SaiNr-flood_waon a boong_S16.mp3
SaiNr-flood_waon a boong	80.2	81.89	0	SaiNr-flood_waon a boong_S17.mp3
SaiNr-flood_waon a boong	81.89	86.87	0	SaiNr-flood_waon a boong_S18.mp3
SaiNr-flood_waon a boong	86.87	88.06	0	SaiNr-flood_waon a boong_S19.mp3
SaiNr-flood_waon a boong	88.06	93.53	0	SaiNr-flood_waon a boong_S20.mp3
SaiNr-flood_waon a boong	93.53	98.97	0	SaiNr-flood_waon a boong_S21.mp3
SaiNr-flood_waon a boong	98.97	104.74	0	SaiNr-flood_waon a boong_S22.mp3
SaiNr-flood_waon a boong	104.74	107.24	0	SaiNr-flood_waon a boong_S23.mp3
SaiNr-flood_waon a boong	107.24	112.7	0	SaiNr-flood_waon a boong_S24.mp3
SaiNr-flood_waon a boong	112.7	116.92	0	SaiNr-flood_waon a boong_S25.mp3
SaiNr-flood_waon a boong	116.92	119.5	0	SaiNr-flood_waon a boong_S26.mp3
SaiNr-flood_waon a boong	119.5	122.66	0	SaiNr-flood_waon a boong_S27.mp3
SaiNr-flood_waon a boong	122.66	124.76	0	SaiNr-flood_waon a boong_S28.mp3
SaiNr-flood_waon a boong	124.76	132.17	0	SaiNr-flood_waon a boong_S29.mp3
SaiNr-flood_waon a boong	132.17	134.75	0	SaiNr-flood_waon a boong_S30.mp3
SaiNr-flood_waon a boong	134.75	147.21	0	SaiNr-flood_waon a boong_S31.mp3
SaiNr-flood_waon a boong	147.21	149.47	0	SaiNr-flood_waon a boong_S32.mp3
SaiNr-flood_waon a boong	149.47	153.09	0	SaiNr-flood_waon a boong_S33.mp3
SaiNr-flood_waon a boong	153.09	156.35	0	SaiNr-flood_waon a boong_S34.mp3
SaiNr-flood_waon a boong	156.35	157.63	0	SaiNr-flood_waon a boong_S35.mp3
SaiNr-flood_waon a boong	157.63	159.17	0	SaiNr-flood_waon a boong_S36.mp3
SaiNr-flood_waon a boong	159.17	161.85	0	SaiNr-flood_waon a boong_S37.mp3
SaiNr-flood_waon a boong	161.85	163.51	0	SaiNr-flood_waon a boong_S38.mp3
SaiNr-flood_waon a boong	163.51	167.0	0	SaiNr-flood_waon a boong_S39.mp3
SaiNr-flood_waon a boong	167.0	170.68	0	SaiNr-flood_waon a boong_S40.mp3
SaiNr-flood_waon a boong	170.68	181.02	0	SaiNr-flood_waon a boong_S41.mp3
SaiNr-flood_waon a boong	181.02	185.56	0	SaiNr-flood_waon a boong_S42.mp3
SaiNr-flood_waon a boong	185.56	187.72	0	SaiNr-flood_waon a boong_S43.mp3
SaiNr-flood_waon a boong	187.72	191.1	0	SaiNr-flood_waon a boong_S44.mp3
SaiNr-flood_waon a boong	191.1	200.18	0	SaiNr-flood_waon a boong_S45.mp3
SaiNr-flood_waon a boong	200.18	202.47	0	SaiNr-flood_waon a boong_S46.mp3
SaiNr-flood_waon a boong	202.47	204.23	0	SaiNr-flood_waon a boong_S47.mp3
SaiNr-flood_waon a boong	204.23	205.57	0	SaiNr-flood_waon a boong_S48.mp3
SaiNr-flood_waon a boong	205.57	212.19	0	SaiNr-flood_waon a boong_S49.mp3
SaiNr-flood_waon a boong	212.19	217.22	0	SaiNr-flood_waon a boong_S50.mp3
SaiNr-flood_waon a boong	217.22	223.04	0	SaiNr-flood_waon a boong_S51.mp3
SaiNr-flood_waon a boong	223.04	226.06	0	SaiNr-flood_waon a boong_S52.mp3
SaiNr-flood_waon a boong	226.06	228.6	0	SaiNr-flood_waon a boong_S53.mp3
SaiNr-flood_waon a boong	228.6	232.79	0	SaiNr-flood_waon a boong_S54.mp3
SaiNr-flood_waon a boong	232.79	234.32	0	SaiNr-flood_waon a boong_S55.mp3
SaiNr-flood_waon a boong	234.32	237.02	0	SaiNr-flood_waon a boong_S56.mp3
SaiNr-flood_waon a boong	237.02	239.96	0	SaiNr-flood_waon a boong_S57.mp3
SaiNr-flood_waon a boong	239.96	243.98	0	SaiNr-flood_waon a boong_S58.mp3
SaiNr-flood_waon a boong	243.98	248.74	0	SaiNr-flood_waon a boong_S59.mp3
SaiNr-flood_waon a boong	248.74	259.8	0	SaiNr-flood_waon a boong_S60.mp3
SaiNr-flood_waon a boong	259.8	269.99	0	SaiNr-flood_waon a boong_S61.mp3
SaiNr-flood_waon a boong	269.99	273.98	0	SaiNr-flood_waon a boong_S62.mp3
SaiNr-flood_waon a boong	273.98	275.84	0	SaiNr-flood_waon a boong_S63.mp3
SaiNr-flood_waon a boong	275.84	282.8	0	SaiNr-flood_waon a boong_S64.mp3
SaiNr-flood_waon a boong	282.8	288.38	0	SaiNr-flood_waon a boong_S65.mp3
SaiNr-flood_waon a boong	288.38	302.76	0	SaiNr-flood_waon a boong_S66.mp3
SaiNr-flood_waon a boong	302.76	305.85	0	SaiNr-flood_waon a boong_S67.mp3
SaiNr-flood_waon a boong	305.85	309.82	0	SaiNr-flood_waon a boong_S68.mp3
SaiNr-flood_waon a boong	309.82	311.28	0	SaiNr-flood_waon a boong_S69.mp3
SaiNr-flood_waon a boong	311.28	312.51	0	SaiNr-flood_waon a boong_S70.mp3
SaiNr-frog1_bownay a tahes	0.0	1.59	0	SaiNr-frog1_bownay a tahes_S0.mp3
SaiNr-frog1_bownay a tahes	1.59	6.71	0	SaiNr-frog1_bownay a tahes_S1.mp3
SaiNr-frog1_bownay a tahes	6.71	8.9	0	SaiNr-frog1_bownay a tahes_S2.mp3
SaiNr-frog1_bownay a tahes	8.9	14.13	0	SaiNr-frog1_bownay a tahes_S3.mp3
SaiNr-frog1_bownay a tahes	14.13	17.89	0	SaiNr-frog1_bownay a tahes_S4.mp3
SaiNr-frog1_bownay a tahes	17.89	24.6	0	SaiNr-frog1_bownay a tahes_S5.mp3
SaiNr-frog1_bownay a tahes	24.6	33.59	0	SaiNr-frog1_bownay a tahes_S6.mp3
SaiNr-frog1_bownay a tahes	33.59	41.69	0	SaiNr-frog1_bownay a tahes_S7.mp3
SaiNr-frog1_bownay a tahes	41.69	52.88	0	SaiNr-frog1_bownay a tahes_S8.mp3
SaiNr-frog1_bownay a tahes	52.88	63.34	0	SaiNr-frog1_bownay a tahes_S9.mp3
SaiNr-frog1_bownay a tahes	63.34	69.32	0	SaiNr-frog1_bownay a tahes_S10.mp3
SaiNr-frog1_bownay a tahes	69.32	75.27	0	SaiNr-frog1_bownay a tahes_S11.mp3
SaiNr-frog1_bownay a tahes	75.27	88.06	0	SaiNr-frog1_bownay a tahes_S12.mp3
SaiNr-frog1_bownay a tahes	88.06	91.08	0	SaiNr-frog1_bownay a tahes_S13.mp3
SaiNr-frog1_bownay a tahes	91.08	97.03	0	SaiNr-frog1_bownay a tahes_S14.mp3
SaiNr-frog1_bownay a tahes	97.03	102.5	0	SaiNr-frog1_bownay a tahes_S15.mp3
SaiNr-frog1_bownay a tahes	102.5	112.52	0	SaiNr-frog1_bownay a tahes_S16.mp3
SaiNr-frog1_bownay a tahes	112.52	119.5	0	SaiNr-frog1_bownay a tahes_S17.mp3
SaiNr-frog1_bownay a tahes	119.5	124.15	0	SaiNr-frog1_bownay a tahes_S18.mp3
SaiNr-frog1_bownay a tahes	124.15	126.79	0	SaiNr-frog1_bownay a tahes_S19.mp3
SaiNr-frog1_bownay a tahes	126.79	128.84	0	SaiNr-frog1_bownay a tahes_S20.mp3
SaiNr-frog1_bownay a tahes	128.84	132.9	0	SaiNr-frog1_bownay a tahes_S21.mp3
SaiNr-frog1_bownay a tahes	132.9	141.56	0	SaiNr-frog1_bownay a tahes_S22.mp3
SaiNr-frog1_bownay a tahes	141.56	146.72	0	SaiNr-frog1_bownay a tahes_S23.mp3
SaiNr-frog1_bownay a tahes	146.72	156.65	0	SaiNr-frog1_bownay a tahes_S24.mp3
SaiNr-frog1_bownay a tahes	156.65	161.96	0	SaiNr-frog1_bownay a tahes_S25.mp3
SaiNr-frog1_bownay a tahes	161.96	164.27	0	SaiNr-frog1_bownay a tahes_S26.mp3
SaiNr-frog1_bownay a tahes	164.27	167.3	0	SaiNr-frog1_bownay a tahes_S27.mp3
SaiNr-frog1_bownay a tahes	167.3	178.84	0	SaiNr-frog1_bownay a tahes_S28.mp3
SaiNr-frog1_bownay a tahes	178.84	181.61	0	SaiNr-frog1_bownay a tahes_S29.mp3
SaiNr-frog1_bownay a tahes	181.61	193.86	0	SaiNr-frog1_bownay a tahes_S30.mp3
SaiNr-frog1_bownay a tahes	193.86	199.84	0	SaiNr-frog1_bownay a tahes_S31.mp3
SaiNr-frog1_bownay a tahes	199.84	204.83	0	SaiNr-frog1_bownay a tahes_S32.mp3
SaiNr-frog1_bownay a tahes	204.83	206.71	0	SaiNr-frog1_bownay a tahes_S33.mp3
SaiNr-frog1_bownay a tahes	206.71	208.61	0	SaiNr-frog1_bownay a tahes_S34.mp3
SaiNr-frog1_bownay a tahes	208.61	218.65	0	SaiNr-frog1_bownay a tahes_S35.mp3
SaiNr-frog1_bownay a tahes	218.65	227.24	0	SaiNr-frog1_bownay a tahes_S36.mp3
SaiNr-frog1_bownay a tahes	227.24	235.38	0	SaiNr-frog1_bownay a tahes_S37.mp3
SaiNr-frog1_bownay a tahes	235.38	238.39	0	SaiNr-frog1_bownay a tahes_S38.mp3
SaiNr-frog1_bownay a tahes	238.39	246.24	0	SaiNr-frog1_bownay a tahes_S39.mp3
SaiNr-frog1_bownay a tahes	246.24	266.45	0	SaiNr-frog1_bownay a tahes_S40.mp3
SaiNr-frog1_bownay a tahes	266.45	281.61	0	SaiNr-frog1_bownay a tahes_S41.mp3
SaiNr-frog1_bownay a tahes	281.61	284.93	0	SaiNr-frog1_bownay a tahes_S42.mp3
SaiNr-frog1_bownay a tahes	284.93	286.49	0	SaiNr-frog1_bownay a tahes_S43.mp3
SaiNr-frog1_bownay a tahes	286.49	295.23	0	SaiNr-frog1_bownay a tahes_S44.mp3
SaiNr-frog1_bownay a tahes	295.23	299.93	0	SaiNr-frog1_bownay a tahes_S45.mp3
SaiNr-frog1_bownay a tahes	299.93	303.01	0	SaiNr-frog1_bownay a tahes_S46.mp3
SaiNr-frog1_bownay a tahes	303.01	312.7	0	SaiNr-frog1_bownay a tahes_S47.mp3
SaiNr-frog1_bownay a tahes	312.7	319.27	0	SaiNr-frog1_bownay a tahes_S48.mp3
SaiNr-frog1_bownay a tahes	319.27	324.53	0	SaiNr-frog1_bownay a tahes_S49.mp3
SaiNr-frog1_bownay a tahes	324.53	334.7	0	SaiNr-frog1_bownay a tahes_S50.mp3
SaiNr-frog1_bownay a tahes	334.7	339.72	0	SaiNr-frog1_bownay a tahes_S51.mp3
SaiNr-frog1_bownay a tahes	339.72	346.08	0	SaiNr-frog1_bownay a tahes_S52.mp3
SaiNr-frog1_bownay a tahes	346.08	348.77	0	SaiNr-frog1_bownay a tahes_S53.mp3
SaiNr-frog1_bownay a tahes	348.77	357.87	0	SaiNr-frog1_bownay a tahes_S54.mp3
SaiNr-frog1_bownay a tahes	357.87	363.28	0	SaiNr-frog1_bownay a tahes_S55.mp3
SaiNr-frog1_bownay a tahes	363.28	365.81	0	SaiNr-frog1_bownay a tahes_S56.mp3
SaiNr-frog2_waon a boong	0.0	5.0	0	SaiNr-frog2_waon a boong_S0.mp3
SaiNr-frog2_waon a boong	5.0	7.11	0	SaiNr-frog2_waon a boong_S1.mp3
SaiNr-frog2_waon a boong	7.11	14.03	0	SaiNr-frog2_waon a boong_S2.mp3
SaiNr-frog2_waon a boong	14.03	15.77	0	SaiNr-frog2_waon a boong_S3.mp3
SaiNr-frog2_waon a boong	15.77	22.16	0	SaiNr-frog2_waon a boong_S4.mp3
SaiNr-frog2_waon a boong	22.16	24.95	0	SaiNr-frog2_waon a boong_S5.mp3
SaiNr-frog2_waon a boong	24.95	26.11	0	SaiNr-frog2_waon a boong_S6.mp3
SaiNr-frog2_waon a boong	26.11	34.17	0	SaiNr-frog2_waon a boong_S7.mp3
SaiNr-frog2_waon a boong	34.17	35.96	0	SaiNr-frog2_waon a boong_S8.mp3
SaiNr-frog2_waon a boong	35.96	42.2	0	SaiNr-frog2_waon a boong_S9.mp3
SaiNr-frog2_waon a boong	42.2	43.95	0	SaiNr-frog2_waon a boong_S10.mp3
SaiNr-frog2_waon a boong	43.95	49.53	0	SaiNr-frog2_waon a boong_S11.mp3
SaiNr-frog2_waon a boong	49.53	60.51	0	SaiNr-frog2_waon a boong_S12.mp3
SaiNr-frog2_waon a boong	60.51	66.76	0	SaiNr-frog2_waon a boong_S13.mp3
SaiNr-frog2_waon a boong	66.76	69.0	0	SaiNr-frog2_waon a boong_S14.mp3
SaiNr-frog2_waon a boong	69.0	74.56	0	SaiNr-frog2_waon a boong_S15.mp3
SaiNr-frog2_waon a boong	74.56	78.56	0	SaiNr-frog2_waon a boong_S16.mp3
SaiNr-frog2_waon a boong	78.56	82.44	0	SaiNr-frog2_waon a boong_S17.mp3
SaiNr-frog2_waon a boong	82.44	85.9	0	SaiNr-frog2_waon a boong_S18.mp3
SaiNr-frog2_waon a boong	85.9	89.96	0	SaiNr-frog2_waon a boong_S19.mp3
SaiNr-frog2_waon a boong	89.96	93.55	0	SaiNr-frog2_waon a boong_S20.mp3
SaiNr-frog2_waon a boong	93.55	95.33	0	SaiNr-frog2_waon a boong_S21.mp3
SaiNr-frog2_waon a boong	95.33	105.13	0	SaiNr-frog2_waon a boong_S22.mp3
SaiNr-frog2_waon a boong	105.13	106.09	0	SaiNr-frog2_waon a boong_S23.mp3
SaiNr-frog2_waon a boong	106.09	115.5	0	SaiNr-frog2_waon a boong_S24.mp3
SaiNr-frog2_waon a boong	115.5	121.2	0	SaiNr-frog2_waon a boong_S25.mp3
SaiNr-frog2_waon a boong	121.2	122.64	0	SaiNr-frog2_waon a boong_S26.mp3
SaiNr-frog2_waon a boong	122.64	124.89	0	SaiNr-frog2_waon a boong_S27.mp3
SaiNr-frog2_waon a boong	124.89	127.78	0	SaiNr-frog2_waon a boong_S28.mp3
SaiNr-frog2_waon a boong	127.78	131.02	0	SaiNr-frog2_waon a boong_S29.mp3
SaiNr-frog2_waon a boong	131.02	132.25	0	SaiNr-frog2_waon a boong_S30.mp3
SaiNr-frog2_waon a boong	132.25	135.7	0	SaiNr-frog2_waon a boong_S31.mp3
SaiNr-frog2_waon a boong	135.7	138.76	0	SaiNr-frog2_waon a boong_S32.mp3
SaiNr-frog2_waon a boong	138.76	141.0	0	SaiNr-frog2_waon a boong_S33.mp3
SaiNr-frog2_waon a boong	141.0	146.57	0	SaiNr-frog2_waon a boong_S34.mp3
SaiNr-frog2_waon a boong	146.57	149.81	0	SaiNr-frog2_waon a boong_S35.mp3
SaiNr-frog2_waon a boong	149.81	153.84	0	SaiNr-frog2_waon a boong_S36.mp3
SaiNr-frog2_waon a boong	153.84	158.92	0	SaiNr-frog2_waon a boong_S37.mp3
SaiNr-frog2_waon a boong	158.92	162.03	0	SaiNr-frog2_waon a boong_S38.mp3
SaiNr-frog2_waon a boong	162.03	173.4	0	SaiNr-frog2_waon a boong_S39.mp3
SaiNr-frog2_waon a boong	173.4	178.1	0	SaiNr-frog2_waon a boong_S40.mp3
SaiNr-frog2_waon a boong	178.1	185.37	0	SaiNr-frog2_waon a boong_S41.mp3
SaiNr-frog2_waon a boong	185.37	186.37	0	SaiNr-frog2_waon a boong_S42.mp3
SaiNr-frog2_waon a boong	186.37	188.88	0	SaiNr-frog2_waon a boong_S43.mp3
SaiNr-frog2_waon a boong	188.88	192.62	0	SaiNr-frog2_waon a boong_S44.mp3
SaiNr-frog2_waon a boong	192.62	196.86	0	SaiNr-frog2_waon a boong_S45.mp3
SaiNr-frog2_waon a boong	196.86	204.44	0	SaiNr-frog2_waon a boong_S46.mp3
SaiNr-frog5__awi_ a basi_	0.0	5.32	0	SaiNr-frog5__awi_ a basi__S0.mp3
SaiNr-frog5__awi_ a basi_	5.32	10.83	0	SaiNr-frog5__awi_ a basi__S1.mp3
SaiNr-frog5__awi_ a basi_	10.83	12.21	0	SaiNr-frog5__awi_ a basi__S2.mp3
SaiNr-frog5__awi_ a basi_	12.21	15.34	0	SaiNr-frog5__awi_ a basi__S3.mp3
SaiNr-frog5__awi_ a basi_	15.34	16.59	0	SaiNr-frog5__awi_ a basi__S4.mp3
SaiNr-frog5__awi_ a basi_	16.59	18.35	0	SaiNr-frog5__awi_ a basi__S5.mp3
SaiNr-frog5__awi_ a basi_	18.35	23.06	0	SaiNr-frog5__awi_ a basi__S6.mp3
SaiNr-frog5__awi_ a basi_	25.22	41.43	0	SaiNr-frog5__awi_ a basi__S8.mp3
SaiNr-frog5__awi_ a basi_	41.43	49.88	0	SaiNr-frog5__awi_ a basi__S9.mp3
SaiNr-frog5__awi_ a basi_	49.88	62.32	0	SaiNr-frog5__awi_ a basi__S10.mp3
SaiNr-frog5__awi_ a basi_	62.32	66.57	0	SaiNr-frog5__awi_ a basi__S11.mp3
SaiNr-frog5__awi_ a basi_	66.57	73.61	0	SaiNr-frog5__awi_ a basi__S12.mp3
SaiNr-frog5__awi_ a basi_	73.61	79.26	0	SaiNr-frog5__awi_ a basi__S13.mp3
SaiNr-frog5__awi_ a basi_	79.26	88.17	0	SaiNr-frog5__awi_ a basi__S14.mp3
SaiNr-frog5__awi_ a basi_	88.17	97.19	0	SaiNr-frog5__awi_ a basi__S15.mp3
SaiNr-frog5__awi_ a basi_	97.19	101.93	0	SaiNr-frog5__awi_ a basi__S16.mp3
SaiNr-frog5__awi_ a basi_	101.93	110.76	0	SaiNr-frog5__awi_ a basi__S17.mp3
SaiNr-frog5__awi_ a basi_	110.76	126.3	0	SaiNr-frog5__awi_ a basi__S18.mp3
SaiNr-frog5__awi_ a basi_	126.3	135.42	0	SaiNr-frog5__awi_ a basi__S19.mp3
SaiNr-frog5__awi_ a basi_	135.42	141.03	0	SaiNr-frog5__awi_ a basi__S20.mp3
SaiNr-frog5__awi_ a basi_	141.03	149.73	0	SaiNr-frog5__awi_ a basi__S21.mp3
SaiNr-frog5__awi_ a basi_	149.73	154.0	0	SaiNr-frog5__awi_ a basi__S22.mp3
SaiNr-frog5__awi_ a basi_	154.0	156.05	0	SaiNr-frog5__awi_ a basi__S23.mp3
SaiNr-frog5__awi_ a basi_	156.05	161.48	0	SaiNr-frog5__awi_ a basi__S24.mp3
SaiNr-frog5__awi_ a basi_	161.48	172.87	0	SaiNr-frog5__awi_ a basi__S25.mp3
SaiNr-frog5__awi_ a basi_	172.87	175.3	0	SaiNr-frog5__awi_ a basi__S26.mp3
SaiNr-frog5__awi_ a basi_	175.3	184.14	0	SaiNr-frog5__awi_ a basi__S27.mp3
SaiNr-frog5__awi_ a basi_	184.14	186.9	0	SaiNr-frog5__awi_ a basi__S28.mp3
SaiNr-frog5__awi_ a basi_	186.9	199.57	0	SaiNr-frog5__awi_ a basi__S29.mp3
SaiNr-frog5__awi_ a basi_	199.57	203.09	0	SaiNr-frog5__awi_ a basi__S30.mp3
SaiNr-frog5__awi_ a basi_	203.09	209.6	0	SaiNr-frog5__awi_ a basi__S31.mp3
SaiNr-frog5__awi_ a basi_	209.6	214.05	0	SaiNr-frog5__awi_ a basi__S32.mp3
SaiNr-frog5__awi_ a basi_	214.05	217.85	0	SaiNr-frog5__awi_ a basi__S33.mp3
SaiNr-frog5__awi_ a basi_	217.85	221.94	0	SaiNr-frog5__awi_ a basi__S34.mp3
SaiNr-frog5__awi_ a basi_	221.94	230.67	0	SaiNr-frog5__awi_ a basi__S35.mp3
SaiNr-frog5__awi_ a basi_	230.67	241.56	0	SaiNr-frog5__awi_ a basi__S36.mp3
SaiNr-frog5__awi_ a basi_	241.56	249.19	0	SaiNr-frog5__awi_ a basi__S37.mp3
SaiNr-frog5__awi_ a basi_	249.19	251.0	0	SaiNr-frog5__awi_ a basi__S38.mp3
SaiNr-frog5__awi_ a basi_	251.0	256.57	0	SaiNr-frog5__awi_ a basi__S39.mp3
SaiNr-frog5__awi_ a basi_	256.57	262.04	0	SaiNr-frog5__awi_ a basi__S40.mp3
SaiNr-frog5__awi_ a basi_	262.04	267.07	0	SaiNr-frog5__awi_ a basi__S41.mp3
SaiNr-frog5__awi_ a basi_	267.07	270.91	0	SaiNr-frog5__awi_ a basi__S42.mp3
SaiNr-frog5__awi_ a basi_	270.91	275.15	0	SaiNr-frog5__awi_ a basi__S43.mp3
SaiNr-frog5__awi_ a basi_	275.15	281.53	0	SaiNr-frog5__awi_ a basi__S44.mp3
SaiNr-frog5__awi_ a basi_	281.53	286.7	0	SaiNr-frog5__awi_ a basi__S45.mp3
SaiNr-frog5__awi_ a basi_	286.7	288.61	0	SaiNr-frog5__awi_ a basi__S46.mp3
SaiNr-frog5__awi_ a basi_	288.61	291.56	0	SaiNr-frog5__awi_ a basi__S47.mp3
SaiNr-frog5__awi_ a basi_	291.56	295.97	0	SaiNr-frog5__awi_ a basi__S48.mp3
SaiNr-frog5__awi_ a basi_	295.97	301.8	0	SaiNr-frog5__awi_ a basi__S49.mp3
SaiNr-frog5__awi_ a basi_	301.8	310.74	0	SaiNr-frog5__awi_ a basi__S50.mp3
SaiNr-frog5__awi_ a basi_	310.74	313.6	0	SaiNr-frog5__awi_ a basi__S51.mp3
SaiNr-frog5__awi_ a basi_	313.6	320.92	0	SaiNr-frog5__awi_ a basi__S52.mp3
SaiNr-frog5__awi_ a basi_	320.92	326.39	0	SaiNr-frog5__awi_ a basi__S53.mp3
SaiNr-frog5__awi_ a basi_	326.39	331.25	0	SaiNr-frog5__awi_ a basi__S54.mp3
SaiNr-frog5__awi_ a basi_	331.25	335.53	0	SaiNr-frog5__awi_ a basi__S55.mp3
SaiNr-frog5__awi_ a basi_	335.53	344.79	0	SaiNr-frog5__awi_ a basi__S56.mp3
SaiNr-frog5__awi_ a basi_	344.79	351.41	0	SaiNr-frog5__awi_ a basi__S57.mp3
SaiNr-frog5__awi_ a basi_	351.41	358.09	0	SaiNr-frog5__awi_ a basi__S58.mp3
SaiNr-frog5__awi_ a basi_	358.09	366.17	0	SaiNr-frog5__awi_ a basi__S59.mp3
SaiNr-frog5__awi_ a basi_	366.17	369.63	0	SaiNr-frog5__awi_ a basi__S60.mp3
SaiNr-frog5__awi_ a basi_	369.63	381.2	0	SaiNr-frog5__awi_ a basi__S61.mp3
SaiNr-frog5__awi_ a basi_	381.2	386.94	0	SaiNr-frog5__awi_ a basi__S62.mp3
SaiNr-frog5__awi_ a basi_	386.94	390.1	0	SaiNr-frog5__awi_ a basi__S63.mp3
SaiNr-frog5__awi_ a basi_	390.1	398.87	0	SaiNr-frog5__awi_ a basi__S64.mp3
SaiNr-frog5__awi_ a basi_	398.87	407.87	0	SaiNr-frog5__awi_ a basi__S65.mp3
SaiNr-frog5__awi_ a basi_	407.87	413.34	0	SaiNr-frog5__awi_ a basi__S66.mp3
SaiNr-frog5__awi_ a basi_	413.34	417.19	0	SaiNr-frog5__awi_ a basi__S67.mp3
SaiNr-frog5__awi_ a basi_	417.19	429.21	0	SaiNr-frog5__awi_ a basi__S68.mp3
SaiNr-frog5__awi_ a basi_	429.21	442.29	0	SaiNr-frog5__awi_ a basi__S69.mp3
SaiNr-frog5__awi_ a basi_	442.29	449.4	0	SaiNr-frog5__awi_ a basi__S70.mp3
SaiNr-frog5__awi_ a basi_	449.4	458.77	0	SaiNr-frog5__awi_ a basi__S71.mp3
SaiNr-frog5__awi_ a basi_	458.77	468.91	0	SaiNr-frog5__awi_ a basi__S72.mp3
SaiNr-frog5__awi_ a basi_	468.91	477.35	0	SaiNr-frog5__awi_ a basi__S73.mp3
SaiNr-frog5__awi_ a basi_	477.35	482.08	0	SaiNr-frog5__awi_ a basi__S74.mp3
SaiNr-frog5__awi_ a basi_	482.08	485.38	0	SaiNr-frog5__awi_ a basi__S75.mp3
SaiNr-frog5__awi_ a basi_	485.38	492.19	0	SaiNr-frog5__awi_ a basi__S76.mp3
SaiNr-frog5__awi_ a basi_	492.19	500.95	0	SaiNr-frog5__awi_ a basi__S77.mp3
SaiNr-frog5__awi_ a basi_	500.95	505.5	0	SaiNr-frog5__awi_ a basi__S78.mp3
SaiNr-frog5__awi_ a basi_	505.5	507.07	0	SaiNr-frog5__awi_ a basi__S79.mp3
SaiNr-frog5__awi_ a basi_	507.07	511.37	0	SaiNr-frog5__awi_ a basi__S80.mp3
SaiNr-frog5__awi_ a basi_	511.37	520.58	0	SaiNr-frog5__awi_ a basi__S81.mp3
SaiNr-frog5__awi_ a basi_	520.58	531.71	0	SaiNr-frog5__awi_ a basi__S82.mp3
SaiNr-frog5__awi_ a basi_	531.71	537.01	0	SaiNr-frog5__awi_ a basi__S83.mp3
SaiNr-frog5__awi_ a basi_	537.01	539.43	0	SaiNr-frog5__awi_ a basi__S84.mp3
SaiNr-frog5__awi_ a basi_	539.43	542.64	0	SaiNr-frog5__awi_ a basi__S85.mp3
SaiNr-frog5__awi_ a basi_	542.64	548.73	0	SaiNr-frog5__awi_ a basi__S86.mp3
SaiNr-frog5__awi_ a basi_	548.73	559.99	0	SaiNr-frog5__awi_ a basi__S87.mp3
SaiNr-frog5__awi_ a basi_	559.99	565.46	0	SaiNr-frog5__awi_ a basi__S88.mp3
SaiNr-frog5__awi_ a basi_	565.46	571.71	0	SaiNr-frog5__awi_ a basi__S89.mp3
SaiNr-frog5__awi_ a basi_	571.71	578.8	0	SaiNr-frog5__awi_ a basi__S90.mp3
SaiNr-frog5__awi_ a basi_	578.8	587.02	0	SaiNr-frog5__awi_ a basi__S91.mp3
SaiNr-frog6_kalaeh a _oemaw	0.0	3.2	0	SaiNr-frog6_kalaeh a _oemaw_S0.mp3
SaiNr-frog6_kalaeh a _oemaw	3.2	7.35	0	SaiNr-frog6_kalaeh a _oemaw_S1.mp3
SaiNr-frog6_kalaeh a _oemaw	7.35	12.27	0	SaiNr-frog6_kalaeh a _oemaw_S2.mp3
SaiNr-frog6_kalaeh a _oemaw	12.27	18.05	0	SaiNr-frog6_kalaeh a _oemaw_S3.mp3
SaiNr-frog6_kalaeh a _oemaw	18.05	22.63	0	SaiNr-frog6_kalaeh a _oemaw_S4.mp3
SaiNr-frog6_kalaeh a _oemaw	22.63	31.75	0	SaiNr-frog6_kalaeh a _oemaw_S5.mp3
SaiNr-frog6_kalaeh a _oemaw	31.75	36.44	0	SaiNr-frog6_kalaeh a _oemaw_S6.mp3
SaiNr-frog6_kalaeh a _oemaw	36.44	41.69	0	SaiNr-frog6_kalaeh a _oemaw_S7.mp3
SaiNr-frog6_kalaeh a _oemaw	41.69	49.38	0	SaiNr-frog6_kalaeh a _oemaw_S8.mp3
SaiNr-frog6_kalaeh a _oemaw	49.38	55.71	0	SaiNr-frog6_kalaeh a _oemaw_S9.mp3
SaiNr-frog6_kalaeh a _oemaw	55.71	76.03	0	SaiNr-frog6_kalaeh a _oemaw_S10.mp3
SaiNr-frog6_kalaeh a _oemaw	76.03	87.99	0	SaiNr-frog6_kalaeh a _oemaw_S11.mp3
SaiNr-frog6_kalaeh a _oemaw	87.99	90.46	0	SaiNr-frog6_kalaeh a _oemaw_S12.mp3
SaiNr-frog6_kalaeh a _oemaw	90.46	97.37	0	SaiNr-frog6_kalaeh a _oemaw_S13.mp3
SaiNr-frog6_kalaeh a _oemaw	97.37	102.55	0	SaiNr-frog6_kalaeh a _oemaw_S14.mp3
SaiNr-frog6_kalaeh a _oemaw	102.55	106.65	0	SaiNr-frog6_kalaeh a _oemaw_S15.mp3
SaiNr-frog6_kalaeh a _oemaw	106.65	116.89	0	SaiNr-frog6_kalaeh a _oemaw_S16.mp3
SaiNr-frog6_kalaeh a _oemaw	116.89	121.23	0	SaiNr-frog6_kalaeh a _oemaw_S17.mp3
SaiNr-frog6_kalaeh a _oemaw	121.23	128.95	0	SaiNr-frog6_kalaeh a _oemaw_S18.mp3
SaiNr-frog6_kalaeh a _oemaw	128.95	133.68	0	SaiNr-frog6_kalaeh a _oemaw_S19.mp3
SaiNr-frog6_kalaeh a _oemaw	133.68	145.45	0	SaiNr-frog6_kalaeh a _oemaw_S20.mp3
SaiNr-frog6_kalaeh a _oemaw	145.45	154.75	0	SaiNr-frog6_kalaeh a _oemaw_S21.mp3
SaiNr-frog6_kalaeh a _oemaw	154.75	171.28	0	SaiNr-frog6_kalaeh a _oemaw_S22.mp3
SaiNr-frog6_kalaeh a _oemaw	171.28	178.31	0	SaiNr-frog6_kalaeh a _oemaw_S23.mp3
SaiNr-frog6_kalaeh a _oemaw	178.31	189.03	0	SaiNr-frog6_kalaeh a _oemaw_S24.mp3
SaiNr-frog6_kalaeh a _oemaw	189.03	193.64	0	SaiNr-frog6_kalaeh a _oemaw_S25.mp3
SaiNr-frog6_kalaeh a _oemaw	193.64	201.59	0	SaiNr-frog6_kalaeh a _oemaw_S26.mp3
SaiNr-frog6_kalaeh a _oemaw	201.59	203.18	0	SaiNr-frog6_kalaeh a _oemaw_S27.mp3
SaiNr-frog6_kalaeh a _oemaw	203.18	210.92	0	SaiNr-frog6_kalaeh a _oemaw_S28.mp3
SaiNr-frog6_kalaeh a _oemaw	210.92	220.0	0	SaiNr-frog6_kalaeh a _oemaw_S29.mp3
SaiNr-frog6_kalaeh a _oemaw	220.0	222.55	0	SaiNr-frog6_kalaeh a _oemaw_S30.mp3
SaiNr-frog6_kalaeh a _oemaw	222.55	226.72	0	SaiNr-frog6_kalaeh a _oemaw_S31.mp3
SaiNr-frog6_kalaeh a _oemaw	226.72	229.07	0	SaiNr-frog6_kalaeh a _oemaw_S32.mp3
SaiNr-frog6_kalaeh a _oemaw	229.07	238.23	0	SaiNr-frog6_kalaeh a _oemaw_S33.mp3
SaiNr-frog6_kalaeh a _oemaw	238.23	249.6	0	SaiNr-frog6_kalaeh a _oemaw_S34.mp3
SaiNr-frog6_kalaeh a _oemaw	249.6	254.28	0	SaiNr-frog6_kalaeh a _oemaw_S35.mp3
SaiNr-frog6_kalaeh a _oemaw	254.28	257.13	0	SaiNr-frog6_kalaeh a _oemaw_S36.mp3
SaiNr-frog6_kalaeh a _oemaw	257.13	262.19	0	SaiNr-frog6_kalaeh a _oemaw_S37.mp3
SaiNr-frog6_kalaeh a _oemaw	262.19	266.4	0	SaiNr-frog6_kalaeh a _oemaw_S38.mp3
SaiNr-frog6_kalaeh a _oemaw	266.4	277.47	0	SaiNr-frog6_kalaeh a _oemaw_S39.mp3
SaiNr-frog6_kalaeh a _oemaw	277.47	281.33	0	SaiNr-frog6_kalaeh a _oemaw_S40.mp3
SaiNr-frog6_kalaeh a _oemaw	281.33	287.35	0	SaiNr-frog6_kalaeh a _oemaw_S41.mp3
SaiNr-frog6_kalaeh a _oemaw	287.35	299.08	0	SaiNr-frog6_kalaeh a _oemaw_S42.mp3
SaiNr-frog6_kalaeh a _oemaw	299.08	303.1	0	SaiNr-frog6_kalaeh a _oemaw_S43.mp3
SaiNr-frog6_kalaeh a _oemaw	303.1	308.45	0	SaiNr-frog6_kalaeh a _oemaw_S44.mp3
SaiNr-frog6_kalaeh a _oemaw	308.45	311.96	0	SaiNr-frog6_kalaeh a _oemaw_S45.mp3
SaiNr-frog6_kalaeh a _oemaw	311.96	323.73	0	SaiNr-frog6_kalaeh a _oemaw_S46.mp3
SaiNr-frog6_kalaeh a _oemaw	323.73	334.57	0	SaiNr-frog6_kalaeh a _oemaw_S47.mp3
SaiNr-frog6_kalaeh a _oemaw	334.57	339.23	0	SaiNr-frog6_kalaeh a _oemaw_S48.mp3
SaiNr-frog6_kalaeh a _oemaw	339.23	351.23	0	SaiNr-frog6_kalaeh a _oemaw_S49.mp3
SaiNr-frog6_kalaeh a _oemaw	351.23	364.9	0	SaiNr-frog6_kalaeh a _oemaw_S50.mp3
SaiNr-frog6_kalaeh a _oemaw	364.9	371.81	0	SaiNr-frog6_kalaeh a _oemaw_S51.mp3
SaiNr-frog6_kalaeh a _oemaw	371.81	374.35	0	SaiNr-frog6_kalaeh a _oemaw_S52.mp3
SaiNr-frog6_kalaeh a _oemaw	374.35	380.68	0	SaiNr-frog6_kalaeh a _oemaw_S53.mp3
SaiNr-frog6_kalaeh a _oemaw	380.68	390.84	0	SaiNr-frog6_kalaeh a _oemaw_S54.mp3
SaiNr-frog6_kalaeh a _oemaw	390.84	396.84	0	SaiNr-frog6_kalaeh a _oemaw_S55.mp3
SaiNr-frog6_kalaeh a _oemaw	396.84	404.32	0	SaiNr-frog6_kalaeh a _oemaw_S56.mp3
SaiNr-frog6_kalaeh a _oemaw	404.32	420.45	0	SaiNr-frog6_kalaeh a _oemaw_S57.mp3
SaiNr-frog6_kalaeh a _oemaw	420.45	430.43	0	SaiNr-frog6_kalaeh a _oemaw_S58.mp3
SaiNr-frog6_kalaeh a _oemaw	430.43	432.72	0	SaiNr-frog6_kalaeh a _oemaw_S59.mp3
SaiNr-frog6_kalaeh a _oemaw	432.72	442.23	0	SaiNr-frog6_kalaeh a _oemaw_S60.mp3
SaiNr-frog6_kalaeh a _oemaw	442.23	446.79	0	SaiNr-frog6_kalaeh a _oemaw_S61.mp3
SaiNr-frog6_kalaeh a _oemaw	446.79	452.6	0	SaiNr-frog6_kalaeh a _oemaw_S62.mp3
SaiNr-frog6_kalaeh a _oemaw	452.6	457.84	0	SaiNr-frog6_kalaeh a _oemaw_S63.mp3
SaiNr-frog6_kalaeh a _oemaw	457.84	460.54	0	SaiNr-frog6_kalaeh a _oemaw_S64.mp3
SaiNr-frog6_kalaeh a _oemaw	460.54	462.93	0	SaiNr-frog6_kalaeh a _oemaw_S65.mp3
SaiNr-frog6_kalaeh a _oemaw	462.93	467.63	0	SaiNr-frog6_kalaeh a _oemaw_S66.mp3
SaiNr-frog7_kalaeh a taro_	0.0	3.57	0	SaiNr-frog7_kalaeh a taro__S0.mp3
SaiNr-frog7_kalaeh a taro_	3.57	7.33	0	SaiNr-frog7_kalaeh a taro__S1.mp3
SaiNr-frog7_kalaeh a taro_	7.33	9.85	0	SaiNr-frog7_kalaeh a taro__S2.mp3
SaiNr-frog7_kalaeh a taro_	9.85	12.74	0	SaiNr-frog7_kalaeh a taro__S3.mp3
SaiNr-frog7_kalaeh a taro_	12.74	15.09	0	SaiNr-frog7_kalaeh a taro__S4.mp3
SaiNr-frog7_kalaeh a taro_	15.09	19.21	0	SaiNr-frog7_kalaeh a taro__S5.mp3
SaiNr-frog7_kalaeh a taro_	19.21	26.53	0	SaiNr-frog7_kalaeh a taro__S6.mp3
SaiNr-frog7_kalaeh a taro_	26.53	28.02	0	SaiNr-frog7_kalaeh a taro__S7.mp3
SaiNr-frog7_kalaeh a taro_	28.02	30.41	0	SaiNr-frog7_kalaeh a taro__S8.mp3
SaiNr-frog7_kalaeh a taro_	30.41	32.54	0	SaiNr-frog7_kalaeh a taro__S9.mp3
SaiNr-frog7_kalaeh a taro_	32.54	36.1	0	SaiNr-frog7_kalaeh a taro__S10.mp3
SaiNr-frog7_kalaeh a taro_	36.1	38.71	0	SaiNr-frog7_kalaeh a taro__S11.mp3
SaiNr-frog7_kalaeh a taro_	38.71	43.97	0	SaiNr-frog7_kalaeh a taro__S12.mp3
SaiNr-frog7_kalaeh a taro_	43.97	53.53	0	SaiNr-frog7_kalaeh a taro__S13.mp3
SaiNr-frog7_kalaeh a taro_	53.53	59.78	0	SaiNr-frog7_kalaeh a taro__S14.mp3
SaiNr-frog7_kalaeh a taro_	59.78	67.06	0	SaiNr-frog7_kalaeh a taro__S15.mp3
SaiNr-frog7_kalaeh a taro_	67.06	69.22	0	SaiNr-frog7_kalaeh a taro__S16.mp3
SaiNr-frog7_kalaeh a taro_	69.22	72.73	0	SaiNr-frog7_kalaeh a taro__S17.mp3
SaiNr-frog7_kalaeh a taro_	72.73	86.86	0	SaiNr-frog7_kalaeh a taro__S18.mp3
SaiNr-frog7_kalaeh a taro_	86.86	94.19	0	SaiNr-frog7_kalaeh a taro__S19.mp3
SaiNr-frog7_kalaeh a taro_	94.19	96.89	0	SaiNr-frog7_kalaeh a taro__S20.mp3
SaiNr-frog7_kalaeh a taro_	96.89	102.79	0	SaiNr-frog7_kalaeh a taro__S21.mp3
SaiNr-frog7_kalaeh a taro_	102.79	105.46	0	SaiNr-frog7_kalaeh a taro__S22.mp3
SaiNr-frog7_kalaeh a taro_	105.46	108.68	0	SaiNr-frog7_kalaeh a taro__S23.mp3
SaiNr-frog7_kalaeh a taro_	108.68	111.11	0	SaiNr-frog7_kalaeh a taro__S24.mp3
SaiNr-frog7_kalaeh a taro_	111.11	119.24	0	SaiNr-frog7_kalaeh a taro__S25.mp3
SaiNr-frog7_kalaeh a taro_	119.24	121.28	0	SaiNr-frog7_kalaeh a taro__S26.mp3
SaiNr-frog7_kalaeh a taro_	121.28	127.74	0	SaiNr-frog7_kalaeh a taro__S27.mp3
SaiNr-frog7_kalaeh a taro_	127.74	131.88	0	SaiNr-frog7_kalaeh a taro__S28.mp3
SaiNr-frog7_kalaeh a taro_	131.88	134.57	0	SaiNr-frog7_kalaeh a taro__S29.mp3
SaiNr-frog7_kalaeh a taro_	134.57	138.14	0	SaiNr-frog7_kalaeh a taro__S30.mp3
SaiNr-frog7_kalaeh a taro_	138.14	140.74	0	SaiNr-frog7_kalaeh a taro__S31.mp3
SaiNr-frog7_kalaeh a taro_	140.74	149.8	0	SaiNr-frog7_kalaeh a taro__S32.mp3
SaiNr-frog7_kalaeh a taro_	149.8	152.19	0	SaiNr-frog7_kalaeh a taro__S33.mp3
SaiNr-frog7_kalaeh a taro_	152.19	154.03	0	SaiNr-frog7_kalaeh a taro__S34.mp3
SaiNr-frog7_kalaeh a taro_	154.03	161.46	0	SaiNr-frog7_kalaeh a taro__S35.mp3
SaiNr-frog7_kalaeh a taro_	161.46	167.81	0	SaiNr-frog7_kalaeh a taro__S36.mp3
SaiNr-frog7_kalaeh a taro_	167.81	170.6	0	SaiNr-frog7_kalaeh a taro__S37.mp3
SaiNr-frog7_kalaeh a taro_	170.6	172.87	0	SaiNr-frog7_kalaeh a taro__S38.mp3
SaiNr-frog7_kalaeh a taro_	172.87	182.74	0	SaiNr-frog7_kalaeh a taro__S39.mp3
SaiNr-frog7_kalaeh a taro_	182.74	190.72	0	SaiNr-frog7_kalaeh a taro__S40.mp3
SaiNr-frog7_kalaeh a taro_	190.72	193.08	0	SaiNr-frog7_kalaeh a taro__S41.mp3
SaiNr-frog7_kalaeh a taro_	193.08	195.57	0	SaiNr-frog7_kalaeh a taro__S42.mp3
SaiNr-frog7_kalaeh a taro_	195.57	208.51	0	SaiNr-frog7_kalaeh a taro__S43.mp3
SaiNr-frog7_kalaeh a taro_	208.51	217.47	0	SaiNr-frog7_kalaeh a taro__S44.mp3
SaiNr-frog7_kalaeh a taro_	217.47	230.59	0	SaiNr-frog7_kalaeh a taro__S45.mp3
SaiNr-frog7_kalaeh a taro_	230.59	233.93	0	SaiNr-frog7_kalaeh a taro__S46.mp3
SaiNr-frog7_kalaeh a taro_	233.93	239.47	0	SaiNr-frog7_kalaeh a taro__S47.mp3
SaiNr-frog7_kalaeh a taro_	239.47	256.15	0	SaiNr-frog7_kalaeh a taro__S48.mp3
SaiNr-frog7_kalaeh a taro_	256.15	260.34	0	SaiNr-frog7_kalaeh a taro__S49.mp3
SaiNr-frog7_kalaeh a taro_	260.34	263.63	0	SaiNr-frog7_kalaeh a taro__S50.mp3
SaiNr-frog7_kalaeh a taro_	263.63	269.69	0	SaiNr-frog7_kalaeh a taro__S51.mp3
SaiNr-frog7_kalaeh a taro_	269.69	276.74	0	SaiNr-frog7_kalaeh a taro__S52.mp3
SaiNr-frog7_kalaeh a taro_	276.74	284.25	0	SaiNr-frog7_kalaeh a taro__S53.mp3
SaiNr-frog7_kalaeh a taro_	284.25	286.27	0	SaiNr-frog7_kalaeh a taro__S54.mp3
SaiNr-frog7_kalaeh a taro_	286.27	290.78	0	SaiNr-frog7_kalaeh a taro__S55.mp3
SaiNr-frog7_kalaeh a taro_	290.78	302.41	0	SaiNr-frog7_kalaeh a taro__S56.mp3
SaiNr-frog7_kalaeh a taro_	302.41	312.55	0	SaiNr-frog7_kalaeh a taro__S57.mp3
SaiNr-frog8_parain a _oemaw	0.0	3.23	0	SaiNr-frog8_parain a _oemaw_S0.mp3
SaiNr-frog8_parain a _oemaw	3.23	6.74	0	SaiNr-frog8_parain a _oemaw_S1.mp3
SaiNr-frog8_parain a _oemaw	6.74	11.67	0	SaiNr-frog8_parain a _oemaw_S2.mp3
SaiNr-frog8_parain a _oemaw	11.67	19.42	0	SaiNr-frog8_parain a _oemaw_S3.mp3
SaiNr-frog8_parain a _oemaw	19.42	27.82	0	SaiNr-frog8_parain a _oemaw_S4.mp3
SaiNr-frog8_parain a _oemaw	27.82	36.06	0	SaiNr-frog8_parain a _oemaw_S5.mp3
SaiNr-frog8_parain a _oemaw	36.06	42.09	0	SaiNr-frog8_parain a _oemaw_S6.mp3
SaiNr-frog8_parain a _oemaw	42.09	51.05	0	SaiNr-frog8_parain a _oemaw_S7.mp3
SaiNr-frog8_parain a _oemaw	51.05	58.33	0	SaiNr-frog8_parain a _oemaw_S8.mp3
SaiNr-frog8_parain a _oemaw	58.33	63.8	0	SaiNr-frog8_parain a _oemaw_S9.mp3
SaiNr-frog8_parain a _oemaw	63.8	71.43	0	SaiNr-frog8_parain a _oemaw_S10.mp3
SaiNr-frog8_parain a _oemaw	71.43	76.13	0	SaiNr-frog8_parain a _oemaw_S11.mp3
SaiNr-frog8_parain a _oemaw	76.13	82.82	0	SaiNr-frog8_parain a _oemaw_S12.mp3
SaiNr-frog8_parain a _oemaw	82.82	92.11	0	SaiNr-frog8_parain a _oemaw_S13.mp3
SaiNr-frog8_parain a _oemaw	92.11	94.5	0	SaiNr-frog8_parain a _oemaw_S14.mp3
SaiNr-frog8_parain a _oemaw	94.5	98.17	0	SaiNr-frog8_parain a _oemaw_S15.mp3
SaiNr-frog8_parain a _oemaw	98.17	101.62	0	SaiNr-frog8_parain a _oemaw_S16.mp3
SaiNr-frog8_parain a _oemaw	101.62	104.45	0	SaiNr-frog8_parain a _oemaw_S17.mp3
SaiNr-frog8_parain a _oemaw	104.45	109.03	0	SaiNr-frog8_parain a _oemaw_S18.mp3
SaiNr-frog8_parain a _oemaw	109.03	112.35	0	SaiNr-frog8_parain a _oemaw_S19.mp3
SaiNr-frog8_parain a _oemaw	112.35	118.68	0	SaiNr-frog8_parain a _oemaw_S20.mp3
SaiNr-frog8_parain a _oemaw	118.68	122.39	0	SaiNr-frog8_parain a _oemaw_S21.mp3
SaiNr-frog8_parain a _oemaw	122.39	125.32	0	SaiNr-frog8_parain a _oemaw_S22.mp3
SaiNr-frog8_parain a _oemaw	125.32	130.82	0	SaiNr-frog8_parain a _oemaw_S23.mp3
SaiNr-frog8_parain a _oemaw	130.82	138.39	0	SaiNr-frog8_parain a _oemaw_S24.mp3
SaiNr-frog8_parain a _oemaw	138.39	141.07	0	SaiNr-frog8_parain a _oemaw_S25.mp3
SaiNr-frog8_parain a _oemaw	141.07	148.62	0	SaiNr-frog8_parain a _oemaw_S26.mp3
SaiNr-frog8_parain a _oemaw	148.62	157.67	0	SaiNr-frog8_parain a _oemaw_S27.mp3
SaiNr-frog8_parain a _oemaw	157.67	158.93	0	SaiNr-frog8_parain a _oemaw_S28.mp3
SaiNr-frog8_parain a _oemaw	158.93	160.04	0	SaiNr-frog8_parain a _oemaw_S29.mp3
SaiNr-frog8_parain a _oemaw	160.04	162.72	0	SaiNr-frog8_parain a _oemaw_S30.mp3
SaiNr-frog8_parain a _oemaw	162.72	168.68	0	SaiNr-frog8_parain a _oemaw_S31.mp3
SaiNr-frog8_parain a _oemaw	168.68	172.09	0	SaiNr-frog8_parain a _oemaw_S32.mp3
SaiNr-frog8_parain a _oemaw	172.09	174.02	0	SaiNr-frog8_parain a _oemaw_S33.mp3
SaiNr-frog8_parain a _oemaw	174.02	187.87	0	SaiNr-frog8_parain a _oemaw_S34.mp3
SaiNr-frog8_parain a _oemaw	187.87	192.88	0	SaiNr-frog8_parain a _oemaw_S35.mp3
SaiNr-frog8_parain a _oemaw	192.88	201.23	0	SaiNr-frog8_parain a _oemaw_S36.mp3
SaiNr-frog8_parain a _oemaw	201.23	211.85	0	SaiNr-frog8_parain a _oemaw_S37.mp3
SaiNr-holiday_kalaeh a _oemaw	0.0	2.36	0	SaiNr-holiday_kalaeh a _oemaw_S0.mp3
SaiNr-holiday_kalaeh a _oemaw	2.36	10.02	0	SaiNr-holiday_kalaeh a _oemaw_S1.mp3
SaiNr-holiday_kalaeh a _oemaw	10.02	14.26	0	SaiNr-holiday_kalaeh a _oemaw_S2.mp3
SaiNr-holiday_kalaeh a _oemaw	14.26	18.71	0	SaiNr-holiday_kalaeh a _oemaw_S3.mp3
SaiNr-holiday_kalaeh a _oemaw	18.71	22.46	0	SaiNr-holiday_kalaeh a _oemaw_S4.mp3
SaiNr-holiday_kalaeh a _oemaw	24.77	28.29	0	SaiNr-holiday_kalaeh a _oemaw_S6.mp3
SaiNr-holiday_kalaeh a _oemaw	28.29	32.73	0	SaiNr-holiday_kalaeh a _oemaw_S7.mp3
SaiNr-holiday_kalaeh a _oemaw	32.73	36.61	0	SaiNr-holiday_kalaeh a _oemaw_S8.mp3
SaiNr-holiday_kalaeh a _oemaw	36.61	40.21	0	SaiNr-holiday_kalaeh a _oemaw_S9.mp3
SaiNr-holiday_kalaeh a _oemaw	40.21	42.76	0	SaiNr-holiday_kalaeh a _oemaw_S10.mp3
SaiNr-holiday_kalaeh a _oemaw	42.76	47.0	0	SaiNr-holiday_kalaeh a _oemaw_S11.mp3
SaiNr-holiday_kalaeh a _oemaw	47.0	48.21	0	SaiNr-holiday_kalaeh a _oemaw_S12.mp3
SaiNr-holiday_kalaeh a _oemaw	48.21	53.19	0	SaiNr-holiday_kalaeh a _oemaw_S13.mp3
SaiNr-holiday_kalaeh a _oemaw	53.19	54.43	0	SaiNr-holiday_kalaeh a _oemaw_S14.mp3
SaiNr-holiday_kalaeh a _oemaw	54.43	58.23	0	SaiNr-holiday_kalaeh a _oemaw_S15.mp3
SaiNr-holiday_kalaeh a _oemaw	58.23	66.94	0	SaiNr-holiday_kalaeh a _oemaw_S16.mp3
SaiNr-holiday_kalaeh a _oemaw	66.94	67.9	0	SaiNr-holiday_kalaeh a _oemaw_S17.mp3
SaiNr-holiday_kalaeh a _oemaw	67.9	73.12	0	SaiNr-holiday_kalaeh a _oemaw_S18.mp3
SaiNr-holiday_kalaeh a _oemaw	73.12	76.0	0	SaiNr-holiday_kalaeh a _oemaw_S19.mp3
SaiNr-holiday_kalaeh a _oemaw	76.0	83.62	0	SaiNr-holiday_kalaeh a _oemaw_S20.mp3
SaiNr-holiday_kalaeh a _oemaw	83.62	89.59	0	SaiNr-holiday_kalaeh a _oemaw_S21.mp3
SaiNr-holiday_kalaeh a _oemaw	89.59	93.0	0	SaiNr-holiday_kalaeh a _oemaw_S22.mp3
SaiNr-holiday_kalaeh a _oemaw	93.0	98.39	0	SaiNr-holiday_kalaeh a _oemaw_S23.mp3
SaiNr-holiday_kalaeh a _oemaw	98.39	100.61	0	SaiNr-holiday_kalaeh a _oemaw_S24.mp3
SaiNr-holiday_kalaeh a _oemaw	100.61	103.57	0	SaiNr-holiday_kalaeh a _oemaw_S25.mp3
SaiNr-holiday_kalaeh a _oemaw	103.57	106.07	0	SaiNr-holiday_kalaeh a _oemaw_S26.mp3
SaiNr-holiday_kalaeh a _oemaw	106.07	109.38	0	SaiNr-holiday_kalaeh a _oemaw_S27.mp3
SaiNr-holiday_kalaeh a _oemaw	109.38	110.74	0	SaiNr-holiday_kalaeh a _oemaw_S28.mp3
SaiNr-holiday_kalaeh a _oemaw	110.74	114.31	0	SaiNr-holiday_kalaeh a _oemaw_S29.mp3
SaiNr-holiday_kalaeh a _oemaw	114.31	116.49	0	SaiNr-holiday_kalaeh a _oemaw_S30.mp3
SaiNr-holiday_kalaeh a _oemaw	116.49	124.68	0	SaiNr-holiday_kalaeh a _oemaw_S31.mp3
SaiNr-holiday_kalaeh a _oemaw	124.68	126.22	0	SaiNr-holiday_kalaeh a _oemaw_S32.mp3
SaiNr-holiday_kalaeh a _oemaw	126.22	132.58	0	SaiNr-holiday_kalaeh a _oemaw_S33.mp3
SaiNr-holiday_kalaeh a _oemaw	132.58	134.08	0	SaiNr-holiday_kalaeh a _oemaw_S34.mp3
SaiNr-holiday_kalaeh a _oemaw	134.08	134.96	0	SaiNr-holiday_kalaeh a _oemaw_S35.mp3
SaiNr-holiday_kalaeh a _oemaw	134.96	135.96	0	SaiNr-holiday_kalaeh a _oemaw_S36.mp3
SaiNr-holiday_kalaeh a _oemaw	135.96	137.94	0	SaiNr-holiday_kalaeh a _oemaw_S37.mp3
SaiNr-holiday_kalaeh a _oemaw	137.94	140.24	0	SaiNr-holiday_kalaeh a _oemaw_S38.mp3
SaiNr-holiday_kalaeh a _oemaw	140.24	141.57	0	SaiNr-holiday_kalaeh a _oemaw_S39.mp3
SaiNr-holiday_kalaeh a _oemaw	143.95	149.98	0	SaiNr-holiday_kalaeh a _oemaw_S41.mp3
SaiNr-holiday_kalaeh a _oemaw	149.98	153.1	0	SaiNr-holiday_kalaeh a _oemaw_S42.mp3
SaiNr-holiday_kalaeh a _oemaw	153.1	157.34	0	SaiNr-holiday_kalaeh a _oemaw_S43.mp3
SaiNr-holiday_kalaeh a _oemaw	157.34	160.26	0	SaiNr-holiday_kalaeh a _oemaw_S45.mp3
SaiNr-holiday_kalaeh a _oemaw	160.26	162.41	0	SaiNr-holiday_kalaeh a _oemaw_S46.mp3
SaiNr-holiday_kalaeh a _oemaw	162.41	163.41	0	SaiNr-holiday_kalaeh a _oemaw_S47.mp3
SaiNr-holiday_kalaeh a _oemaw	163.41	165.38	0	SaiNr-holiday_kalaeh a _oemaw_S48.mp3
SaiNr-holiday_kalaeh a _oemaw	165.38	166.2	0	SaiNr-holiday_kalaeh a _oemaw_S49.mp3
SaiNr-holiday_kalaeh a _oemaw	166.2	176.08	0	SaiNr-holiday_kalaeh a _oemaw_S50.mp3
SaiNr-holiday_kalaeh a _oemaw	176.08	189.97	0	SaiNr-holiday_kalaeh a _oemaw_S51.mp3
SaiNr-holiday_kalaeh a _oemaw	189.97	195.15	0	SaiNr-holiday_kalaeh a _oemaw_S52.mp3
SaiNr-holiday_kalaeh a _oemaw	195.15	202.75	0	SaiNr-holiday_kalaeh a _oemaw_S53.mp3
SaiNr-holiday_kalaeh a _oemaw	202.75	205.16	0	SaiNr-holiday_kalaeh a _oemaw_S54.mp3
SaiNr-holiday_kalaeh a _oemaw	205.16	206.62	0	SaiNr-holiday_kalaeh a _oemaw_S55.mp3
SaiNr-holiday_kalaeh a _oemaw	206.62	211.18	0	SaiNr-holiday_kalaeh a _oemaw_S56.mp3
SaiNr-holiday_kalaeh a _oemaw	211.18	214.93	0	SaiNr-holiday_kalaeh a _oemaw_S57.mp3
SaiNr-holiday_kalaeh a _oemaw	214.93	218.54	0	SaiNr-holiday_kalaeh a _oemaw_S58.mp3
SaiNr-holiday_kalaeh a _oemaw	218.54	221.4	0	SaiNr-holiday_kalaeh a _oemaw_S59.mp3
SaiNr-holiday_kalaeh a _oemaw	221.4	226.29	0	SaiNr-holiday_kalaeh a _oemaw_S60.mp3
SaiNr-holiday_kalaeh a _oemaw	226.29	229.89	0	SaiNr-holiday_kalaeh a _oemaw_S61.mp3
SaiNr-holiday_kalaeh a _oemaw	229.89	234.33	0	SaiNr-holiday_kalaeh a _oemaw_S62.mp3
SaiNr-holiday_kalaeh a _oemaw	234.33	239.97	0	SaiNr-holiday_kalaeh a _oemaw_S63.mp3
SaiNr-holiday_kalaeh a _oemaw	239.97	242.34	0	SaiNr-holiday_kalaeh a _oemaw_S64.mp3
SaiNr-holiday_kalaeh a _oemaw	242.34	244.79	0	SaiNr-holiday_kalaeh a _oemaw_S65.mp3
SaiNr-holiday_kalaeh a _oemaw	244.79	246.68	0	SaiNr-holiday_kalaeh a _oemaw_S66.mp3
SaiNr-holiday_kalaeh a _oemaw	246.68	251.31	0	SaiNr-holiday_kalaeh a _oemaw_S67.mp3
SaiNr-holiday_kalaeh a _oemaw	251.31	259.92	0	SaiNr-holiday_kalaeh a _oemaw_S68.mp3
SaiNr-holiday_kalaeh a _oemaw	259.92	264.31	0	SaiNr-holiday_kalaeh a _oemaw_S69.mp3
SaiNr-holiday_kalaeh a _oemaw	264.31	271.33	0	SaiNr-holiday_kalaeh a _oemaw_S70.mp3
SaiNr-holiday_kalaeh a _oemaw	271.33	275.55	0	SaiNr-holiday_kalaeh a _oemaw_S71.mp3
SaiNr-holiday_kalaeh a _oemaw	275.55	281.43	0	SaiNr-holiday_kalaeh a _oemaw_S72.mp3
SaiNr-holiday_kalaeh a _oemaw	281.43	282.48	0	SaiNr-holiday_kalaeh a _oemaw_S73.mp3
SaiNr-holiday_kalaeh a _oemaw	282.48	287.79	0	SaiNr-holiday_kalaeh a _oemaw_S74.mp3
SaiNr-holiday_kalaeh a _oemaw	287.79	293.57	0	SaiNr-holiday_kalaeh a _oemaw_S75.mp3
SaiNr-holiday_kalaeh a _oemaw	293.57	295.31	0	SaiNr-holiday_kalaeh a _oemaw_S76.mp3
SaiNr-holiday_kalaeh a _oemaw	295.31	296.34	0	SaiNr-holiday_kalaeh a _oemaw_S77.mp3
SaiNr-holiday_kalaeh a _oemaw	296.34	298.74	0	SaiNr-holiday_kalaeh a _oemaw_S78.mp3
SaiNr-holiday_kalaeh a _oemaw	311.26	313.52	0	SaiNr-holiday_kalaeh a _oemaw_S82.mp3
SaiNr-holiday_kalaeh a _oemaw	318.21	320.17	0	SaiNr-holiday_kalaeh a _oemaw_S86.mp3
SaiNr-holiday_kalaeh a _oemaw	320.17	321.94	0	SaiNr-holiday_kalaeh a _oemaw_S87.mp3
SaiNr-holiday_kalaeh a _oemaw	324.13	326.05	0	SaiNr-holiday_kalaeh a _oemaw_S89.mp3
SaiNr-holiday_kalaeh a _oemaw	326.05	330.42	0	SaiNr-holiday_kalaeh a _oemaw_S90.mp3
SaiNr-holiday_kalaeh a _oemaw	330.42	331.92	0	SaiNr-holiday_kalaeh a _oemaw_S91.mp3
SaiNr-holiday_kalaeh a _oemaw	333.97	344.67	0	SaiNr-holiday_kalaeh a _oemaw_S93.mp3
SaiNr-holiday_kalaeh a _oemaw	344.67	350.82	0	SaiNr-holiday_kalaeh a _oemaw_S94.mp3
SaiNr-holiday_kalaeh a _oemaw	350.82	365.65	0	SaiNr-holiday_kalaeh a _oemaw_S95.mp3
SaiNr-holiday_kalaeh a _oemaw	365.65	391.32	0	SaiNr-holiday_kalaeh a _oemaw_S96.mp3
SaiNr-holiday_kalaeh a _oemaw	391.32	394.47	0	SaiNr-holiday_kalaeh a _oemaw_S97.mp3
SaiNr-holiday_kalaeh a _oemaw	398.55	402.41	0	SaiNr-holiday_kalaeh a _oemaw_S99.mp3
SaiNr-holiday_kalaeh a _oemaw	404.43	406.51	0	SaiNr-holiday_kalaeh a _oemaw_S101.mp3
SaiNr-holiday_kalaeh a _oemaw	406.51	410.42	0	SaiNr-holiday_kalaeh a _oemaw_S102.mp3
SaiNr-holiday_kalaeh a _oemaw	412.72	416.28	0	SaiNr-holiday_kalaeh a _oemaw_S104.mp3
SaiNr-holiday_kalaeh a _oemaw	416.28	423.0	0	SaiNr-holiday_kalaeh a _oemaw_S105.mp3
SaiNr-holiday_kalaeh a _oemaw	423.0	425.94	0	SaiNr-holiday_kalaeh a _oemaw_S106.mp3
SaiNr-kathethel2_kalaeh a oemaw	0.0	21.42	0	SaiNr-kathethel2_kalaeh a oemaw_S0.mp3
SaiNr-kathethel2_kalaeh a oemaw	21.42	27.26	0	SaiNr-kathethel2_kalaeh a oemaw_S1.mp3
SaiNr-kathethel2_kalaeh a oemaw	27.26	35.37	0	SaiNr-kathethel2_kalaeh a oemaw_S2.mp3
SaiNr-kathethel2_kalaeh a oemaw	35.37	40.62	0	SaiNr-kathethel2_kalaeh a oemaw_S3.mp3
SaiNr-kathethel2_kalaeh a oemaw	40.62	47.59	0	SaiNr-kathethel2_kalaeh a oemaw_S4.mp3
SaiNr-kathethel2_kalaeh a oemaw	47.59	59.73	0	SaiNr-kathethel2_kalaeh a oemaw_S5.mp3
SaiNr-kathethel2_kalaeh a oemaw	59.73	66.1	0	SaiNr-kathethel2_kalaeh a oemaw_S6.mp3
SaiNr-kathethel2_kalaeh a oemaw	66.1	70.09	0	SaiNr-kathethel2_kalaeh a oemaw_S7.mp3
SaiNr-kathethel2_kalaeh a oemaw	70.09	87.82	0	SaiNr-kathethel2_kalaeh a oemaw_S8.mp3
SaiNr-kathethel2_kalaeh a oemaw	87.82	97.42	0	SaiNr-kathethel2_kalaeh a oemaw_S9.mp3
SaiNr-kathethel2_kalaeh a oemaw	97.42	104.5	0	SaiNr-kathethel2_kalaeh a oemaw_S10.mp3
SaiNr-kathethel2_kalaeh a oemaw	104.5	110.77	0	SaiNr-kathethel2_kalaeh a oemaw_S11.mp3
SaiNr-kathethel2_kalaeh a oemaw	110.77	122.23	0	SaiNr-kathethel2_kalaeh a oemaw_S12.mp3
SaiNr-kathethel2_kalaeh a oemaw	122.23	124.86	0	SaiNr-kathethel2_kalaeh a oemaw_S13.mp3
SaiNr-kathethel2_kalaeh a oemaw	124.86	127.78	0	SaiNr-kathethel2_kalaeh a oemaw_S14.mp3
SaiNr-kathethel2_kalaeh a oemaw	127.78	140.23	0	SaiNr-kathethel2_kalaeh a oemaw_S15.mp3
SaiNr-kathethel2_kalaeh a oemaw	140.23	148.5	0	SaiNr-kathethel2_kalaeh a oemaw_S16.mp3
SaiNr-kathethel2_kalaeh a oemaw	148.5	162.81	0	SaiNr-kathethel2_kalaeh a oemaw_S17.mp3
SaiNr-kathethel2_kalaeh a oemaw	162.81	171.54	0	SaiNr-kathethel2_kalaeh a oemaw_S18.mp3
SaiNr-kathethel2_kalaeh a oemaw	171.54	176.93	0	SaiNr-kathethel2_kalaeh a oemaw_S19.mp3
SaiNr-kathethel2_kalaeh a oemaw	176.93	188.62	0	SaiNr-kathethel2_kalaeh a oemaw_S20.mp3
SaiNr-kathethel2_kalaeh a oemaw	188.62	194.08	0	SaiNr-kathethel2_kalaeh a oemaw_S21.mp3
SaiNr-kathethel2_kalaeh a oemaw	194.08	198.91	0	SaiNr-kathethel2_kalaeh a oemaw_S22.mp3
SaiNr-kathethel2_kalaeh a oemaw	198.91	206.18	0	SaiNr-kathethel2_kalaeh a oemaw_S23.mp3
SaiNr-kathethel2_kalaeh a oemaw	206.18	219.56	0	SaiNr-kathethel2_kalaeh a oemaw_S24.mp3
SaiNr-kathethel2_kalaeh a oemaw	219.56	228.59	0	SaiNr-kathethel2_kalaeh a oemaw_S25.mp3
SaiNr-kathethel2_kalaeh a oemaw	228.59	241.24	0	SaiNr-kathethel2_kalaeh a oemaw_S26.mp3
SaiNr-kathethel2_kalaeh a oemaw	241.24	245.32	0	SaiNr-kathethel2_kalaeh a oemaw_S27.mp3
SaiNr-kathethel2_kalaeh a oemaw	245.32	249.52	0	SaiNr-kathethel2_kalaeh a oemaw_S28.mp3
SaiNr-kathethel2_kalaeh a oemaw	249.52	254.31	0	SaiNr-kathethel2_kalaeh a oemaw_S29.mp3
SaiNr-kathethel2_kalaeh a oemaw	254.31	257.24	0	SaiNr-kathethel2_kalaeh a oemaw_S30.mp3
SaiNr-kathethel2_kalaeh a oemaw	257.24	263.46	0	SaiNr-kathethel2_kalaeh a oemaw_S31.mp3
SaiNr-kathethel2_kalaeh a oemaw	263.46	265.95	0	SaiNr-kathethel2_kalaeh a oemaw_S32.mp3
SaiNr-kathethel2_kalaeh a oemaw	265.95	268.41	0	SaiNr-kathethel2_kalaeh a oemaw_S33.mp3
SaiNr-kathethel2_kalaeh a oemaw	268.41	271.64	0	SaiNr-kathethel2_kalaeh a oemaw_S34.mp3
SaiNr-kathethel2_kalaeh a oemaw	271.64	276.57	0	SaiNr-kathethel2_kalaeh a oemaw_S35.mp3
SaiNr-kathethel2_kalaeh a oemaw	276.57	281.68	0	SaiNr-kathethel2_kalaeh a oemaw_S36.mp3
SaiNr-kathethel2_kalaeh a oemaw	281.68	287.61	0	SaiNr-kathethel2_kalaeh a oemaw_S37.mp3
SaiNr-kathethel2_kalaeh a oemaw	287.61	294.25	0	SaiNr-kathethel2_kalaeh a oemaw_S38.mp3
SaiNr-kathethel2_kalaeh a oemaw	294.25	296.17	0	SaiNr-kathethel2_kalaeh a oemaw_S39.mp3
SaiNr-kathethel2_kalaeh a oemaw	296.17	300.88	0	SaiNr-kathethel2_kalaeh a oemaw_S40.mp3
SaiNr-kathethel2_kalaeh a oemaw	300.88	306.91	0	SaiNr-kathethel2_kalaeh a oemaw_S41.mp3
SaiNr-kathethel2_kalaeh a oemaw	306.91	317.7	0	SaiNr-kathethel2_kalaeh a oemaw_S42.mp3
SaiNr-kathethel2_kalaeh a oemaw	317.7	324.19	0	SaiNr-kathethel2_kalaeh a oemaw_S43.mp3
SaiNr-kathethel2_kalaeh a oemaw	324.19	327.48	0	SaiNr-kathethel2_kalaeh a oemaw_S44.mp3
SaiNr-kathethel2_kalaeh a oemaw	327.48	328.98	0	SaiNr-kathethel2_kalaeh a oemaw_S45.mp3
SaiNr-kathethel2_kalaeh a oemaw	328.98	340.59	0	SaiNr-kathethel2_kalaeh a oemaw_S46.mp3
SaiNr-kathethel2_kalaeh a oemaw	340.59	348.71	0	SaiNr-kathethel2_kalaeh a oemaw_S47.mp3
SaiNr-kathethel2_kalaeh a oemaw	348.71	357.68	0	SaiNr-kathethel2_kalaeh a oemaw_S48.mp3
SaiNr-kathethel2_kalaeh a oemaw	357.68	361.63	0	SaiNr-kathethel2_kalaeh a oemaw_S49.mp3
SaiNr-kathethel2_kalaeh a oemaw	361.63	366.09	0	SaiNr-kathethel2_kalaeh a oemaw_S50.mp3
SaiNr-kathethel2_kalaeh a oemaw	366.09	370.86	0	SaiNr-kathethel2_kalaeh a oemaw_S51.mp3
SaiNr-kathethel2_kalaeh a oemaw	370.86	372.9	0	SaiNr-kathethel2_kalaeh a oemaw_S52.mp3
SaiNr-kathethel2_kalaeh a oemaw	372.9	376.57	0	SaiNr-kathethel2_kalaeh a oemaw_S53.mp3
SaiNr-kathethel2_kalaeh a oemaw	376.57	379.94	0	SaiNr-kathethel2_kalaeh a oemaw_S54.mp3
SaiNr-kathethel2_kalaeh a oemaw	379.94	390.35	0	SaiNr-kathethel2_kalaeh a oemaw_S55.mp3
SaiNr-kathethel2_kalaeh a oemaw	390.35	392.66	0	SaiNr-kathethel2_kalaeh a oemaw_S56.mp3
SaiNr-kathethel2_kalaeh a oemaw	392.66	398.66	0	SaiNr-kathethel2_kalaeh a oemaw_S57.mp3
SaiNr-kathethel2_kalaeh a oemaw	398.66	405.58	0	SaiNr-kathethel2_kalaeh a oemaw_S58.mp3
SaiNr-kathethel2_kalaeh a oemaw	405.58	410.24	0	SaiNr-kathethel2_kalaeh a oemaw_S59.mp3
SaiNr-kathethel2_kalaeh a oemaw	410.24	414.48	0	SaiNr-kathethel2_kalaeh a oemaw_S60.mp3
SaiNr-kathethel2_kalaeh a oemaw	414.48	421.62	0	SaiNr-kathethel2_kalaeh a oemaw_S61.mp3
SaiNr-kathethel2_kalaeh a oemaw	421.62	430.39	0	SaiNr-kathethel2_kalaeh a oemaw_S62.mp3
SaiNr-kathethel2_kalaeh a oemaw	430.39	434.39	0	SaiNr-kathethel2_kalaeh a oemaw_S63.mp3
SaiNr-kathethel2_kalaeh a oemaw	434.39	440.72	0	SaiNr-kathethel2_kalaeh a oemaw_S64.mp3
SaiNr-kathethel2_kalaeh a oemaw	440.72	445.77	0	SaiNr-kathethel2_kalaeh a oemaw_S65.mp3
SaiNr-kathethel2_kalaeh a oemaw	445.77	452.21	0	SaiNr-kathethel2_kalaeh a oemaw_S66.mp3
SaiNr-kathethel2_kalaeh a oemaw	452.21	461.07	0	SaiNr-kathethel2_kalaeh a oemaw_S67.mp3
SaiNr-kathethel2_kalaeh a oemaw	461.07	470.6	0	SaiNr-kathethel2_kalaeh a oemaw_S68.mp3
SaiNr-kathethel2_kalaeh a oemaw	470.6	479.33	0	SaiNr-kathethel2_kalaeh a oemaw_S69.mp3
SaiNr-kathethel2_kalaeh a oemaw	479.33	484.81	0	SaiNr-kathethel2_kalaeh a oemaw_S70.mp3
SaiNr-kathethel2_kalaeh a oemaw	484.81	486.59	0	SaiNr-kathethel2_kalaeh a oemaw_S71.mp3
SaiNr-kathethel2_kalaeh a oemaw	486.59	491.81	0	SaiNr-kathethel2_kalaeh a oemaw_S72.mp3
SaiNr-kathethel2_kalaeh a oemaw	491.81	495.24	0	SaiNr-kathethel2_kalaeh a oemaw_S73.mp3
SaiNr-kathethel2_kalaeh a oemaw	495.24	496.95	0	SaiNr-kathethel2_kalaeh a oemaw_S74.mp3
SaiNr-kathethel2_kalaeh a oemaw	496.95	498.58	0	SaiNr-kathethel2_kalaeh a oemaw_S75.mp3
SaiNr-kathethel2_kalaeh a oemaw	498.58	505.64	0	SaiNr-kathethel2_kalaeh a oemaw_S76.mp3
SaiNr-kathethel2_kalaeh a oemaw	505.64	513.87	0	SaiNr-kathethel2_kalaeh a oemaw_S77.mp3
SaiNr-kathethel2_kalaeh a oemaw	513.87	515.64	0	SaiNr-kathethel2_kalaeh a oemaw_S78.mp3
SaiNr-kathethel2_kalaeh a oemaw	515.64	519.53	0	SaiNr-kathethel2_kalaeh a oemaw_S79.mp3
SaiNr-kathethel2_kalaeh a oemaw	519.53	525.09	0	SaiNr-kathethel2_kalaeh a oemaw_S80.mp3
SaiNr-kathethel2_kalaeh a oemaw	525.09	528.14	0	SaiNr-kathethel2_kalaeh a oemaw_S81.mp3
SaiNr-kathethel2_kalaeh a oemaw	528.14	531.97	0	SaiNr-kathethel2_kalaeh a oemaw_S82.mp3
SaiNr-kathethel2_kalaeh a oemaw	531.97	536.24	0	SaiNr-kathethel2_kalaeh a oemaw_S83.mp3
SaiNr-kathethel2_kalaeh a oemaw	536.24	539.6	0	SaiNr-kathethel2_kalaeh a oemaw_S84.mp3
SaiNr-kathethel2_kalaeh a oemaw	539.6	541.4	0	SaiNr-kathethel2_kalaeh a oemaw_S85.mp3
SaiNr-kathethel2_kalaeh a oemaw	541.4	544.8	0	SaiNr-kathethel2_kalaeh a oemaw_S86.mp3
SaiNr-kathethel2_kalaeh a oemaw	544.8	549.7	0	SaiNr-kathethel2_kalaeh a oemaw_S87.mp3
SaiNr-kathethel2_kalaeh a oemaw	549.7	556.24	0	SaiNr-kathethel2_kalaeh a oemaw_S88.mp3
SaiNr-kathethel2_kalaeh a oemaw	556.24	561.46	0	SaiNr-kathethel2_kalaeh a oemaw_S89.mp3
SaiNr-kathethel2_kalaeh a oemaw	561.46	563.46	0	SaiNr-kathethel2_kalaeh a oemaw_S90.mp3
SaiNr-kathethel2_kalaeh a oemaw	563.46	574.74	0	SaiNr-kathethel2_kalaeh a oemaw_S91.mp3
SaiNr-kathethel2_kalaeh a oemaw	574.74	581.2	0	SaiNr-kathethel2_kalaeh a oemaw_S92.mp3
SaiNr-kathethel2_kalaeh a oemaw	581.2	587.96	0	SaiNr-kathethel2_kalaeh a oemaw_S93.mp3
SaiNr-kathethel2_kalaeh a oemaw	587.96	592.14	0	SaiNr-kathethel2_kalaeh a oemaw_S94.mp3
SaiNr-kathethel2_kalaeh a oemaw	592.14	601.21	0	SaiNr-kathethel2_kalaeh a oemaw_S95.mp3
SaiNr-kathethel2_kalaeh a oemaw	601.21	615.85	0	SaiNr-kathethel2_kalaeh a oemaw_S96.mp3
SaiNr-kathethel2_kalaeh a oemaw	615.85	627.52	0	SaiNr-kathethel2_kalaeh a oemaw_S97.mp3
SaiNr-kathethel2_kalaeh a oemaw	627.52	634.04	0	SaiNr-kathethel2_kalaeh a oemaw_S98.mp3
SaiNr-kathethel2_kalaeh a oemaw	634.04	637.72	0	SaiNr-kathethel2_kalaeh a oemaw_S99.mp3
SaiNr-kathethel2_kalaeh a oemaw	637.72	642.94	0	SaiNr-kathethel2_kalaeh a oemaw_S100.mp3
SaiNr-kathethel2_kalaeh a oemaw	642.94	649.88	0	SaiNr-kathethel2_kalaeh a oemaw_S101.mp3
SaiNr-kathethel2_kalaeh a oemaw	649.88	654.96	0	SaiNr-kathethel2_kalaeh a oemaw_S102.mp3
SaiNr-kathethel2_kalaeh a oemaw	654.96	662.12	0	SaiNr-kathethel2_kalaeh a oemaw_S103.mp3
SaiNr-kathethel2_kalaeh a oemaw	662.12	669.77	0	SaiNr-kathethel2_kalaeh a oemaw_S104.mp3
SaiNr-kathethel2_kalaeh a oemaw	669.77	684.55	0	SaiNr-kathethel2_kalaeh a oemaw_S105.mp3
SaiNr-kathethel2_kalaeh a oemaw	684.55	692.51	0	SaiNr-kathethel2_kalaeh a oemaw_S106.mp3
SaiNr-kathethel2_kalaeh a oemaw	692.51	694.03	0	SaiNr-kathethel2_kalaeh a oemaw_S107.mp3
SaiNr-kathethel2_kalaeh a oemaw	694.03	697.56	0	SaiNr-kathethel2_kalaeh a oemaw_S108.mp3
SaiNr-kathethel2_kalaeh a oemaw	697.56	703.26	0	SaiNr-kathethel2_kalaeh a oemaw_S109.mp3
SaiNr-kathethel2_kalaeh a oemaw	703.26	712.28	0	SaiNr-kathethel2_kalaeh a oemaw_S110.mp3
SaiNr-kathethel2_kalaeh a oemaw	712.28	722.39	0	SaiNr-kathethel2_kalaeh a oemaw_S111.mp3
SaiNr-kathethel2_kalaeh a oemaw	722.39	726.73	0	SaiNr-kathethel2_kalaeh a oemaw_S112.mp3
SaiNr-kathethel2_kalaeh a oemaw	726.73	736.49	0	SaiNr-kathethel2_kalaeh a oemaw_S113.mp3
SaiNr-kathethel2_kalaeh a oemaw	736.49	741.96	0	SaiNr-kathethel2_kalaeh a oemaw_S114.mp3
SaiNr-kathethel2_kalaeh a oemaw	741.96	758.71	0	SaiNr-kathethel2_kalaeh a oemaw_S115.mp3
SaiNr-kathethel2_kalaeh a oemaw	758.71	764.31	0	SaiNr-kathethel2_kalaeh a oemaw_S116.mp3
SaiNr-kathethel2_kalaeh a oemaw	764.31	767.61	0	SaiNr-kathethel2_kalaeh a oemaw_S117.mp3
SaiNr-kathethel2_kalaeh a oemaw	767.61	770.97	0	SaiNr-kathethel2_kalaeh a oemaw_S118.mp3
SaiNr-kathethel2_kalaeh a oemaw	770.97	786.44	0	SaiNr-kathethel2_kalaeh a oemaw_S119.mp3
SaiNr-kathethel2_kalaeh a oemaw	786.44	802.29	0	SaiNr-kathethel2_kalaeh a oemaw_S120.mp3
SaiNr-kathethel2_kalaeh a oemaw	802.29	812.14	0	SaiNr-kathethel2_kalaeh a oemaw_S121.mp3
SaiNr-kathethel2_kalaeh a oemaw	812.14	827.24	0	SaiNr-kathethel2_kalaeh a oemaw_S122.mp3
SaiNr-kathethel2_kalaeh a oemaw	827.24	831.73	0	SaiNr-kathethel2_kalaeh a oemaw_S123.mp3
SaiNr-kathethel2_kalaeh a oemaw	831.73	853.01	0	SaiNr-kathethel2_kalaeh a oemaw_S124.mp3
SaiNr-kathethel2_kalaeh a oemaw	853.01	854.42	0	SaiNr-kathethel2_kalaeh a oemaw_S125.mp3
SaiNr-kathethel2_kalaeh a oemaw	854.42	857.48	0	SaiNr-kathethel2_kalaeh a oemaw_S126.mp3
SaiNr-kathethel2_kalaeh a oemaw	857.48	862.69	0	SaiNr-kathethel2_kalaeh a oemaw_S127.mp3
SaiNr-kathethel2_kalaeh a oemaw	862.69	865.71	0	SaiNr-kathethel2_kalaeh a oemaw_S128.mp3
SaiNr-kathethel2_kalaeh a oemaw	865.71	867.24	0	SaiNr-kathethel2_kalaeh a oemaw_S129.mp3
SaiNr-kathethel2_kalaeh a oemaw	867.24	878.98	0	SaiNr-kathethel2_kalaeh a oemaw_S130.mp3
SaiNr-kathethel2_kalaeh a oemaw	878.98	881.31	0	SaiNr-kathethel2_kalaeh a oemaw_S131.mp3
SaiNr-kathethel2_kalaeh a oemaw	881.31	890.74	0	SaiNr-kathethel2_kalaeh a oemaw_S132.mp3
SaiNr-kathethel2_kalaeh a oemaw	890.74	894.54	0	SaiNr-kathethel2_kalaeh a oemaw_S133.mp3
SaiNr-kathethel2_kalaeh a oemaw	894.54	910.26	0	SaiNr-kathethel2_kalaeh a oemaw_S134.mp3
SaiNr-kathethel2_kalaeh a oemaw	910.26	914.91	0	SaiNr-kathethel2_kalaeh a oemaw_S135.mp3
SaiNr-kathethel2_kalaeh a oemaw	914.91	926.75	0	SaiNr-kathethel2_kalaeh a oemaw_S136.mp3
SaiNr-kathethel2_kalaeh a oemaw	926.75	930.43	0	SaiNr-kathethel2_kalaeh a oemaw_S137.mp3
SaiNr-kathethel2_kalaeh a oemaw	930.43	941.0	0	SaiNr-kathethel2_kalaeh a oemaw_S138.mp3
SaiNr-kathethel2_kalaeh a oemaw	941.0	948.84	0	SaiNr-kathethel2_kalaeh a oemaw_S139.mp3
SaiNr-kathethel2_kalaeh a oemaw	948.84	954.42	0	SaiNr-kathethel2_kalaeh a oemaw_S140.mp3
SaiNr-kathethel2_kalaeh a oemaw	954.42	959.09	0	SaiNr-kathethel2_kalaeh a oemaw_S141.mp3
SaiNr-kathethel2_kalaeh a oemaw	959.09	960.73	0	SaiNr-kathethel2_kalaeh a oemaw_S142.mp3
SaiNr-kathethel2_kalaeh a oemaw	960.73	968.88	0	SaiNr-kathethel2_kalaeh a oemaw_S143.mp3
SaiNr-kathethel2_kalaeh a oemaw	968.88	975.03	0	SaiNr-kathethel2_kalaeh a oemaw_S144.mp3
SaiNr-kathethel2_kalaeh a oemaw	975.03	987.3	0	SaiNr-kathethel2_kalaeh a oemaw_S145.mp3
SaiNr-kathethel2_kalaeh a oemaw	987.3	990.98	0	SaiNr-kathethel2_kalaeh a oemaw_S146.mp3
SaiNr-kathethel2_kalaeh a oemaw	990.98	1001.32	0	SaiNr-kathethel2_kalaeh a oemaw_S147.mp3
SaiNr-kathethel2_kalaeh a oemaw	1001.32	1006.34	0	SaiNr-kathethel2_kalaeh a oemaw_S148.mp3
SaiNr-kathethel2_kalaeh a oemaw	1006.34	1014.43	0	SaiNr-kathethel2_kalaeh a oemaw_S149.mp3
SaiNr-kathethel2_kalaeh a oemaw	1014.43	1018.37	0	SaiNr-kathethel2_kalaeh a oemaw_S150.mp3
SaiNr-kathethel2_kalaeh a oemaw	1018.37	1027.58	0	SaiNr-kathethel2_kalaeh a oemaw_S151.mp3
SaiNr-kathethel2_kalaeh a oemaw	1027.58	1031.91	0	SaiNr-kathethel2_kalaeh a oemaw_S152.mp3
SaiNr-kathethel2_kalaeh a oemaw	1031.91	1037.71	0	SaiNr-kathethel2_kalaeh a oemaw_S153.mp3
SaiNr-kathethel2_kalaeh a oemaw	1037.71	1041.46	0	SaiNr-kathethel2_kalaeh a oemaw_S154.mp3
SaiNr-kathethel2_kalaeh a oemaw	1041.46	1047.76	0	SaiNr-kathethel2_kalaeh a oemaw_S155.mp3
SaiNr-kathethel2_kalaeh a oemaw	1047.76	1050.94	0	SaiNr-kathethel2_kalaeh a oemaw_S156.mp3
SaiNr-kathethel2_kalaeh a oemaw	1050.94	1056.44	0	SaiNr-kathethel2_kalaeh a oemaw_S157.mp3
SaiNr-kathethel2_kalaeh a oemaw	1056.44	1064.56	0	SaiNr-kathethel2_kalaeh a oemaw_S158.mp3
SaiNr-kathethel2_kalaeh a oemaw	1064.56	1068.55	0	SaiNr-kathethel2_kalaeh a oemaw_S159.mp3
SaiNr-kathethel2_kalaeh a oemaw	1068.55	1070.7	0	SaiNr-kathethel2_kalaeh a oemaw_S160.mp3
SaiNr-kathethel2_kalaeh a oemaw	1070.7	1073.79	0	SaiNr-kathethel2_kalaeh a oemaw_S161.mp3
SaiNr-kathethel2_kalaeh a oemaw	1073.79	1078.14	0	SaiNr-kathethel2_kalaeh a oemaw_S162.mp3
SaiNr-kathethel2_kalaeh a oemaw	1078.14	1083.03	0	SaiNr-kathethel2_kalaeh a oemaw_S163.mp3
SaiNr-kathethel2_kalaeh a oemaw	1083.03	1087.18	0	SaiNr-kathethel2_kalaeh a oemaw_S164.mp3
SaiNr-kathethel_parain a _oemaw	0.0	5.51	0	SaiNr-kathethel_parain a _oemaw_S0.mp3
SaiNr-kathethel_parain a _oemaw	5.51	11.36	0	SaiNr-kathethel_parain a _oemaw_S1.mp3
SaiNr-kathethel_parain a _oemaw	11.36	14.43	0	SaiNr-kathethel_parain a _oemaw_S2.mp3
SaiNr-kathethel_parain a _oemaw	14.43	17.99	0	SaiNr-kathethel_parain a _oemaw_S3.mp3
SaiNr-kathethel_parain a _oemaw	17.99	23.33	0	SaiNr-kathethel_parain a _oemaw_S4.mp3
SaiNr-kathethel_parain a _oemaw	23.33	29.54	0	SaiNr-kathethel_parain a _oemaw_S5.mp3
SaiNr-kathethel_parain a _oemaw	29.54	35.64	0	SaiNr-kathethel_parain a _oemaw_S6.mp3
SaiNr-kathethel_parain a _oemaw	35.64	38.72	0	SaiNr-kathethel_parain a _oemaw_S7.mp3
SaiNr-kathethel_parain a _oemaw	38.72	54.92	0	SaiNr-kathethel_parain a _oemaw_S8.mp3
SaiNr-kathethel_parain a _oemaw	54.92	70.68	0	SaiNr-kathethel_parain a _oemaw_S9.mp3
SaiNr-kathethel_parain a _oemaw	70.68	74.34	0	SaiNr-kathethel_parain a _oemaw_S10.mp3
SaiNr-kathethel_parain a _oemaw	74.34	81.75	0	SaiNr-kathethel_parain a _oemaw_S11.mp3
SaiNr-kathethel_parain a _oemaw	81.75	86.91	0	SaiNr-kathethel_parain a _oemaw_S12.mp3
SaiNr-kathethel_parain a _oemaw	86.91	90.39	0	SaiNr-kathethel_parain a _oemaw_S13.mp3
SaiNr-kathethel_parain a _oemaw	90.39	96.51	0	SaiNr-kathethel_parain a _oemaw_S14.mp3
SaiNr-kathethel_parain a _oemaw	96.51	101.43	0	SaiNr-kathethel_parain a _oemaw_S15.mp3
SaiNr-kathethel_parain a _oemaw	101.43	102.43	0	SaiNr-kathethel_parain a _oemaw_S16.mp3
SaiNr-kathethel_parain a _oemaw	102.43	104.27	0	SaiNr-kathethel_parain a _oemaw_S17.mp3
SaiNr-kathethel_parain a _oemaw	104.27	111.52	0	SaiNr-kathethel_parain a _oemaw_S18.mp3
SaiNr-kathethel_parain a _oemaw	111.52	114.12	0	SaiNr-kathethel_parain a _oemaw_S19.mp3
SaiNr-kathethel_parain a _oemaw	114.12	120.75	0	SaiNr-kathethel_parain a _oemaw_S20.mp3
SaiNr-kathethel_parain a _oemaw	120.75	123.82	0	SaiNr-kathethel_parain a _oemaw_S21.mp3
SaiNr-kathethel_parain a _oemaw	123.82	130.01	0	SaiNr-kathethel_parain a _oemaw_S22.mp3
SaiNr-kathethel_parain a _oemaw	130.01	136.24	0	SaiNr-kathethel_parain a _oemaw_S23.mp3
SaiNr-kathethel_parain a _oemaw	136.24	141.36	0	SaiNr-kathethel_parain a _oemaw_S24.mp3
SaiNr-kathethel_parain a _oemaw	141.36	148.47	0	SaiNr-kathethel_parain a _oemaw_S25.mp3
SaiNr-kathethel_parain a _oemaw	148.47	152.08	0	SaiNr-kathethel_parain a _oemaw_S26.mp3
SaiNr-kathethel_parain a _oemaw	152.08	157.09	0	SaiNr-kathethel_parain a _oemaw_S27.mp3
SaiNr-kathethel_parain a _oemaw	157.09	164.07	0	SaiNr-kathethel_parain a _oemaw_S28.mp3
SaiNr-kathethel_parain a _oemaw	164.07	166.91	0	SaiNr-kathethel_parain a _oemaw_S29.mp3
SaiNr-kathethel_parain a _oemaw	166.91	170.5	0	SaiNr-kathethel_parain a _oemaw_S30.mp3
SaiNr-kathethel_parain a _oemaw	170.5	174.93	0	SaiNr-kathethel_parain a _oemaw_S31.mp3
SaiNr-kathethel_parain a _oemaw	174.93	180.94	0	SaiNr-kathethel_parain a _oemaw_S32.mp3
SaiNr-kathethel_parain a _oemaw	180.94	192.66	0	SaiNr-kathethel_parain a _oemaw_S33.mp3
SaiNr-kathethel_parain a _oemaw	192.66	199.98	0	SaiNr-kathethel_parain a _oemaw_S34.mp3
SaiNr-kathethel_parain a _oemaw	199.98	212.16	0	SaiNr-kathethel_parain a _oemaw_S35.mp3
SaiNr-kathethel_parain a _oemaw	212.16	218.66	0	SaiNr-kathethel_parain a _oemaw_S36.mp3
SaiNr-kathethel_parain a _oemaw	218.66	220.01	0	SaiNr-kathethel_parain a _oemaw_S37.mp3
SaiNr-kathethel_parain a _oemaw	220.01	220.87	0	SaiNr-kathethel_parain a _oemaw_S38.mp3
SaiNr-kathethel_parain a _oemaw	220.87	227.44	0	SaiNr-kathethel_parain a _oemaw_S39.mp3
SaiNr-kathethel_parain a _oemaw	227.44	229.63	0	SaiNr-kathethel_parain a _oemaw_S40.mp3
SaiNr-kathethel_parain a _oemaw	229.63	237.59	0	SaiNr-kathethel_parain a _oemaw_S41.mp3
SaiNr-kathethel_parain a _oemaw	237.59	248.32	0	SaiNr-kathethel_parain a _oemaw_S42.mp3
SaiNr-kathethel_parain a _oemaw	248.32	251.88	0	SaiNr-kathethel_parain a _oemaw_S43.mp3
SaiNr-kathethel_parain a _oemaw	251.88	254.92	0	SaiNr-kathethel_parain a _oemaw_S44.mp3
SaiNr-kathethel_parain a _oemaw	254.92	258.7	0	SaiNr-kathethel_parain a _oemaw_S45.mp3
SaiNr-kathethel_parain a _oemaw	258.7	262.47	0	SaiNr-kathethel_parain a _oemaw_S46.mp3
SaiNr-kathethel_parain a _oemaw	262.47	264.26	0	SaiNr-kathethel_parain a _oemaw_S47.mp3
SaiNr-kathethel_parain a _oemaw	264.26	270.3	0	SaiNr-kathethel_parain a _oemaw_S48.mp3
SaiNr-kathethel_parain a _oemaw	270.3	277.13	0	SaiNr-kathethel_parain a _oemaw_S49.mp3
SaiNr-kathethel_parain a _oemaw	277.13	278.09	0	SaiNr-kathethel_parain a _oemaw_S50.mp3
SaiNr-kathethel_parain a _oemaw	278.09	282.96	0	SaiNr-kathethel_parain a _oemaw_S51.mp3
SaiNr-kathethel_parain a _oemaw	282.96	287.8	0	SaiNr-kathethel_parain a _oemaw_S52.mp3
SaiNr-kathethel_parain a _oemaw	287.8	289.97	0	SaiNr-kathethel_parain a _oemaw_S53.mp3
SaiNr-kathethel_parain a _oemaw	289.97	292.96	0	SaiNr-kathethel_parain a _oemaw_S54.mp3
SaiNr-kathethel_parain a _oemaw	292.96	294.22	0	SaiNr-kathethel_parain a _oemaw_S55.mp3
SaiNr-kathethel_parain a _oemaw	294.22	297.06	0	SaiNr-kathethel_parain a _oemaw_S56.mp3
SaiNr-kathethel_parain a _oemaw	297.06	303.85	0	SaiNr-kathethel_parain a _oemaw_S57.mp3
SaiNr-kathethel_parain a _oemaw	303.85	306.69	0	SaiNr-kathethel_parain a _oemaw_S58.mp3
SaiNr-kathethel_parain a _oemaw	306.69	309.4	0	SaiNr-kathethel_parain a _oemaw_S59.mp3
SaiNr-kathethel_parain a _oemaw	309.4	311.93	0	SaiNr-kathethel_parain a _oemaw_S60.mp3
SaiNr-kathethel_parain a _oemaw	311.93	314.25	0	SaiNr-kathethel_parain a _oemaw_S61.mp3
SaiNr-kathethel_parain a _oemaw	314.25	320.27	0	SaiNr-kathethel_parain a _oemaw_S62.mp3
SaiNr-kathethel_parain a _oemaw	320.27	328.51	0	SaiNr-kathethel_parain a _oemaw_S63.mp3
SaiNr-kathethel_parain a _oemaw	328.51	332.9	0	SaiNr-kathethel_parain a _oemaw_S64.mp3
SaiNr-kathethel_parain a _oemaw	332.9	335.27	0	SaiNr-kathethel_parain a _oemaw_S65.mp3
SaiNr-kathethel_parain a _oemaw	335.27	345.51	0	SaiNr-kathethel_parain a _oemaw_S66.mp3
SaiNr-kathethel_parain a _oemaw	345.51	348.45	0	SaiNr-kathethel_parain a _oemaw_S67.mp3
SaiNr-kathethel_parain a _oemaw	348.45	351.48	0	SaiNr-kathethel_parain a _oemaw_S68.mp3
SaiNr-kathethel_parain a _oemaw	351.48	356.39	0	SaiNr-kathethel_parain a _oemaw_S69.mp3
SaiNr-kathethel_parain a _oemaw	356.39	358.69	0	SaiNr-kathethel_parain a _oemaw_S70.mp3
SaiNr-life_waon a boong	0.0	2.51	0	SaiNr-life_waon a boong_S0.mp3
SaiNr-life_waon a boong	2.51	6.59	0	SaiNr-life_waon a boong_S1.mp3
SaiNr-life_waon a boong	6.59	9.01	0	SaiNr-life_waon a boong_S2.mp3
SaiNr-life_waon a boong	9.01	10.67	0	SaiNr-life_waon a boong_S3.mp3
SaiNr-life_waon a boong	10.67	13.29	0	SaiNr-life_waon a boong_S4.mp3
SaiNr-life_waon a boong	13.29	16.63	0	SaiNr-life_waon a boong_S5.mp3
SaiNr-life_waon a boong	16.63	20.25	0	SaiNr-life_waon a boong_S6.mp3
SaiNr-life_waon a boong	20.25	24.78	0	SaiNr-life_waon a boong_S7.mp3
SaiNr-life_waon a boong	24.78	26.98	0	SaiNr-life_waon a boong_S8.mp3
SaiNr-life_waon a boong	26.98	31.09	0	SaiNr-life_waon a boong_S9.mp3
SaiNr-life_waon a boong	31.09	33.24	0	SaiNr-life_waon a boong_S10.mp3
SaiNr-life_waon a boong	33.24	35.51	0	SaiNr-life_waon a boong_S11.mp3
SaiNr-life_waon a boong	35.51	43.12	0	SaiNr-life_waon a boong_S12.mp3
SaiNr-life_waon a boong	43.12	48.87	0	SaiNr-life_waon a boong_S13.mp3
SaiNr-life_waon a boong	48.87	50.87	0	SaiNr-life_waon a boong_S14.mp3
SaiNr-life_waon a boong	50.87	52.19	0	SaiNr-life_waon a boong_S15.mp3
SaiNr-life_waon a boong	52.19	55.45	0	SaiNr-life_waon a boong_S16.mp3
SaiNr-life_waon a boong	55.45	60.32	0	SaiNr-life_waon a boong_S17.mp3
SaiNr-life_waon a boong	60.32	64.52	0	SaiNr-life_waon a boong_S18.mp3
SaiNr-life_waon a boong	64.52	73.18	0	SaiNr-life_waon a boong_S19.mp3
SaiNr-life_waon a boong	73.18	74.88	0	SaiNr-life_waon a boong_S20.mp3
SaiNr-life_waon a boong	74.88	79.04	0	SaiNr-life_waon a boong_S21.mp3
SaiNr-life_waon a boong	79.04	87.49	0	SaiNr-life_waon a boong_S22.mp3
SaiNr-life_waon a boong	87.49	90.48	0	SaiNr-life_waon a boong_S23.mp3
SaiNr-life_waon a boong	90.48	93.73	0	SaiNr-life_waon a boong_S24.mp3
SaiNr-life_waon a boong	93.73	96.47	0	SaiNr-life_waon a boong_S25.mp3
SaiNr-life_waon a boong	96.47	99.33	0	SaiNr-life_waon a boong_S26.mp3
SaiNr-life_waon a boong	99.33	107.87	0	SaiNr-life_waon a boong_S27.mp3
SaiNr-life_waon a boong	107.87	109.69	0	SaiNr-life_waon a boong_S28.mp3
SaiNr-life_waon a boong	109.69	117.55	0	SaiNr-life_waon a boong_S29.mp3
SaiNr-life_waon a boong	117.55	119.29	0	SaiNr-life_waon a boong_S30.mp3
SaiNr-life_waon a boong	119.29	123.03	0	SaiNr-life_waon a boong_S31.mp3
SaiNr-life_waon a boong	123.03	124.83	0	SaiNr-life_waon a boong_S32.mp3
SaiNr-life_waon a boong	132.28	134.86	0	SaiNr-life_waon a boong_S33.mp3
SaiNr-life_waon a boong	134.86	136.23	0	SaiNr-life_waon a boong_S34.mp3
SaiNr-life_waon a boong	136.23	146.96	0	SaiNr-life_waon a boong_S35.mp3
SaiNr-life_waon a boong	146.96	152.51	0	SaiNr-life_waon a boong_S36.mp3
SaiNr-life_waon a boong	152.51	157.04	0	SaiNr-life_waon a boong_S37.mp3
SaiNr-life_waon a boong	157.04	157.87	0	SaiNr-life_waon a boong_S38.mp3
SaiNr-life_waon a boong	157.87	170.24	0	SaiNr-life_waon a boong_S39.mp3
SaiNr-life_waon a boong	170.24	176.69	0	SaiNr-life_waon a boong_S40.mp3
SaiNr-life_waon a boong	176.69	177.77	0	SaiNr-life_waon a boong_S41.mp3
SaiNr-life_waon a boong	177.77	180.12	0	SaiNr-life_waon a boong_S42.mp3
SaiNr-life_waon a boong	180.12	186.34	0	SaiNr-life_waon a boong_S43.mp3
SaiNr-life_waon a boong	186.34	188.65	0	SaiNr-life_waon a boong_S44.mp3
SaiNr-life_waon a boong	188.65	189.69	0	SaiNr-life_waon a boong_S45.mp3
SaiNr-life_waon a boong	189.69	197.43	0	SaiNr-life_waon a boong_S46.mp3
SaiNr-life_waon a boong	205.05	211.77	0	SaiNr-life_waon a boong_S48.mp3
SaiNr-life_waon a boong	211.77	220.83	0	SaiNr-life_waon a boong_S49.mp3
SaiNr-life_waon a boong	220.83	222.25	0	SaiNr-life_waon a boong_S50.mp3
SaiNr-life_waon a boong	222.25	225.89	0	SaiNr-life_waon a boong_S51.mp3
SaiNr-life_waon a boong	225.89	230.16	0	SaiNr-life_waon a boong_S52.mp3
SaiNr-life_waon a boong	230.16	232.2	0	SaiNr-life_waon a boong_S53.mp3
SaiNr-life_waon a boong	232.2	236.46	0	SaiNr-life_waon a boong_S54.mp3
SaiNr-life_waon a boong	236.46	239.07	0	SaiNr-life_waon a boong_S55.mp3
SaiNr-life_waon a boong	239.07	241.44	0	SaiNr-life_waon a boong_S56.mp3
SaiNr-life_waon a boong	241.44	251.38	0	SaiNr-life_waon a boong_S57.mp3
SaiNr-life_waon a boong	251.38	253.73	0	SaiNr-life_waon a boong_S58.mp3
SaiNr-life_waon a boong	253.73	259.59	0	SaiNr-life_waon a boong_S59.mp3
SaiNr-life_waon a boong	259.59	264.69	0	SaiNr-life_waon a boong_S60.mp3
SaiNr-life_waon a boong	264.69	267.49	0	SaiNr-life_waon a boong_S61.mp3
SaiNr-life_waon a boong	267.49	269.29	0	SaiNr-life_waon a boong_S62.mp3
SaiNr-life_waon a boong	269.29	271.42	0	SaiNr-life_waon a boong_S63.mp3
SaiNr-life_waon a boong	271.42	272.8	0	SaiNr-life_waon a boong_S64.mp3
SaiNr-life_waon a boong	272.8	274.6	0	SaiNr-life_waon a boong_S65.mp3
SaiNr-life_waon a boong	274.6	276.0	0	SaiNr-life_waon a boong_S66.mp3
SaiNr-life_waon a boong	276.0	278.11	0	SaiNr-life_waon a boong_S67.mp3
SaiNr-life_waon a boong	278.11	280.52	0	SaiNr-life_waon a boong_S68.mp3
SaiNr-life_waon a boong	280.52	282.03	0	SaiNr-life_waon a boong_S69.mp3
SaiNr-life_waon a boong	285.61	296.49	0	SaiNr-life_waon a boong_S71.mp3
SaiNr-life_waon a boong	296.49	301.74	0	SaiNr-life_waon a boong_S72.mp3
SaiNr-life_waon a boong	301.74	303.81	0	SaiNr-life_waon a boong_S73.mp3
SaiNr-life_waon a boong	303.81	304.46	0	SaiNr-life_waon a boong_S74.mp3
SaiNr-life_waon a boong	304.46	307.02	0	SaiNr-life_waon a boong_S75.mp3
SaiNr-life_waon a boong	307.02	312.05	0	SaiNr-life_waon a boong_S76.mp3
SaiNr-life_waon a boong	312.05	313.47	0	SaiNr-life_waon a boong_S77.mp3
SaiNr-life_waon a boong	313.47	320.82	0	SaiNr-life_waon a boong_S78.mp3
SaiNr-life_waon a boong	320.82	323.97	0	SaiNr-life_waon a boong_S79.mp3
SaiNr-life_waon a boong	323.97	331.99	0	SaiNr-life_waon a boong_S80.mp3
SaiNr-life_waon a boong	331.99	334.69	0	SaiNr-life_waon a boong_S81.mp3
SaiNr-life_waon a boong	334.69	337.02	0	SaiNr-life_waon a boong_S82.mp3
SaiNr-life_waon a boong	339.1	342.76	0	SaiNr-life_waon a boong_S83.mp3
SaiNr-life_waon a boong	342.76	346.47	0	SaiNr-life_waon a boong_S84.mp3
SaiNr-life_waon a boong	346.47	349.82	0	SaiNr-life_waon a boong_S85.mp3
SaiNr-life_waon a boong	349.82	354.98	0	SaiNr-life_waon a boong_S86.mp3
SaiNr-life_waon a boong	354.98	356.67	0	SaiNr-life_waon a boong_S87.mp3
SaiNr-life_waon a boong	356.67	358.99	0	SaiNr-life_waon a boong_S88.mp3
SaiNr-life_waon a boong	358.99	364.51	0	SaiNr-life_waon a boong_S89.mp3
SaiNr-life_waon a boong	364.51	368.3	0	SaiNr-life_waon a boong_S90.mp3
SaiNr-life_waon a boong	368.3	373.71	0	SaiNr-life_waon a boong_S91.mp3
SaiNr-life_waon a boong	373.71	376.22	0	SaiNr-life_waon a boong_S92.mp3
SaiNr-life_waon a boong	376.22	378.02	0	SaiNr-life_waon a boong_S93.mp3
SaiNr-life_waon a boong	378.02	380.37	0	SaiNr-life_waon a boong_S94.mp3
SaiNr-life_waon a boong	380.37	381.5	0	SaiNr-life_waon a boong_S95.mp3
SaiNr-life_waon a boong	381.5	390.53	0	SaiNr-life_waon a boong_S96.mp3
SaiNr-life_waon a boong	390.53	392.94	0	SaiNr-life_waon a boong_S97.mp3
SaiNr-life_waon a boong	392.94	395.81	0	SaiNr-life_waon a boong_S98.mp3
SaiNr-life_waon a boong	395.81	397.77	0	SaiNr-life_waon a boong_S99.mp3
SaiNr-life_waon a boong	397.77	400.88	0	SaiNr-life_waon a boong_S100.mp3
SaiNr-life_waon a boong	400.88	403.0	0	SaiNr-life_waon a boong_S101.mp3
SaiNr-life_waon a boong	403.0	404.57	0	SaiNr-life_waon a boong_S102.mp3
SaiNr-life_waon a boong	404.57	407.74	0	SaiNr-life_waon a boong_S103.mp3
SaiNr-life_waon a boong	407.74	411.79	0	SaiNr-life_waon a boong_S104.mp3
SaiNr-life_waon a boong	411.79	414.88	0	SaiNr-life_waon a boong_S105.mp3
SaiNr-life_waon a boong	414.88	420.6	0	SaiNr-life_waon a boong_S106.mp3
SaiNr-life_waon a boong	420.6	428.29	0	SaiNr-life_waon a boong_S107.mp3
SaiNr-life_waon a boong	428.29	443.27	0	SaiNr-life_waon a boong_S108.mp3
SaiNr-life_waon a boong	443.27	446.34	0	SaiNr-life_waon a boong_S109.mp3
SaiNr-life_waon a boong	446.34	448.29	0	SaiNr-life_waon a boong_S110.mp3
SaiNr-life_waon a boong	448.29	451.73	0	SaiNr-life_waon a boong_S111.mp3
SaiNr-life_waon a boong	451.73	455.55	0	SaiNr-life_waon a boong_S112.mp3
SaiNr-life_waon a boong	455.55	463.5	0	SaiNr-life_waon a boong_S113.mp3
SaiNr-life_waon a boong	463.5	465.17	0	SaiNr-life_waon a boong_S114.mp3
SaiNr-life_waon a boong	465.17	471.79	0	SaiNr-life_waon a boong_S115.mp3
SaiNr-life_waon a boong	471.79	473.33	0	SaiNr-life_waon a boong_S116.mp3
SaiNr-life_waon a boong	473.33	475.27	0	SaiNr-life_waon a boong_S117.mp3
SaiNr-life_waon a boong	475.27	479.26	0	SaiNr-life_waon a boong_S118.mp3
SaiNr-life_waon a boong	479.26	481.12	0	SaiNr-life_waon a boong_S119.mp3
SaiNr-life_waon a boong	481.12	482.35	0	SaiNr-life_waon a boong_S120.mp3
SaiNr-life_waon a boong	482.35	484.6	0	SaiNr-life_waon a boong_S121.mp3
SaiNr-life_waon a boong	484.6	485.43	0	SaiNr-life_waon a boong_S122.mp3
SaiNr-life_waon a boong	485.43	487.28	0	SaiNr-life_waon a boong_S123.mp3
SaiNr-life_waon a boong	487.28	491.58	0	SaiNr-life_waon a boong_S124.mp3
SaiNr-life_waon a boong	491.58	499.32	0	SaiNr-life_waon a boong_S125.mp3
SaiNr-life_waon a boong	499.32	503.04	0	SaiNr-life_waon a boong_S126.mp3
SaiNr-life_waon a boong	503.04	504.29	0	SaiNr-life_waon a boong_S128.mp3
SaiNr-life_waon a boong	504.29	505.3	0	SaiNr-life_waon a boong_S129.mp3
SaiNr-life_waon a boong	505.3	512.32	0	SaiNr-life_waon a boong_S130.mp3
SaiNr-life_waon a boong	512.32	515.19	0	SaiNr-life_waon a boong_S131.mp3
SaiNr-life_waon a boong	515.19	517.42	0	SaiNr-life_waon a boong_S132.mp3
SaiNr-life_waon a boong	517.42	523.19	0	SaiNr-life_waon a boong_S133.mp3
SaiNr-life_waon a boong	523.19	524.79	0	SaiNr-life_waon a boong_S134.mp3
SaiNr-life_waon a boong	528.6	539.08	0	SaiNr-life_waon a boong_S136.mp3
SaiNr-life_waon a boong	539.08	545.07	0	SaiNr-life_waon a boong_S137.mp3
SaiNr-life_waon a boong	545.07	548.66	0	SaiNr-life_waon a boong_S138.mp3
SaiNr-life_waon a boong	548.66	549.27	0	SaiNr-life_waon a boong_S139.mp3
SaiNr-life_waon a boong	549.27	550.82	0	SaiNr-life_waon a boong_S140.mp3
SaiNr-life_waon a boong	550.82	551.81	0	SaiNr-life_waon a boong_S141.mp3
SaiNr-life_waon a boong	551.81	552.86	0	SaiNr-life_waon a boong_S142.mp3
SaiNr-life_waon a boong	552.86	553.67	0	SaiNr-life_waon a boong_S143.mp3
SaiNr-life_waon a boong	553.67	555.25	0	SaiNr-life_waon a boong_S144.mp3
SaiNr-life_waon a boong	555.25	556.81	0	SaiNr-life_waon a boong_S145.mp3
SaiNr-life_waon a boong	556.81	560.14	0	SaiNr-life_waon a boong_S146.mp3
SaiNr-life_waon a boong	560.14	563.71	0	SaiNr-life_waon a boong_S147.mp3
SaiNr-life_waon a boong	563.71	566.1	0	SaiNr-life_waon a boong_S148.mp3
SaiNr-life_waon a boong	566.1	575.01	0	SaiNr-life_waon a boong_S149.mp3
SaiNr-life_waon a boong	575.01	579.61	0	SaiNr-life_waon a boong_S150.mp3
SaiNr-life_waon a boong	579.61	580.38	0	SaiNr-life_waon a boong_S151.mp3
SaiNr-pear1__oemaw a _obay	0.0	3.56	0	SaiNr-pear1__oemaw a _obay_S0.mp3
SaiNr-pear1__oemaw a _obay	3.56	10.62	0	SaiNr-pear1__oemaw a _obay_S1.mp3
SaiNr-pear1__oemaw a _obay	10.62	15.99	0	SaiNr-pear1__oemaw a _obay_S2.mp3
SaiNr-pear1__oemaw a _obay	15.99	22.32	0	SaiNr-pear1__oemaw a _obay_S3.mp3
SaiNr-pear1__oemaw a _obay	22.32	23.94	0	SaiNr-pear1__oemaw a _obay_S4.mp3
SaiNr-pear1__oemaw a _obay	23.94	31.53	0	SaiNr-pear1__oemaw a _obay_S5.mp3
SaiNr-pear1__oemaw a _obay	31.53	41.64	0	SaiNr-pear1__oemaw a _obay_S6.mp3
SaiNr-pear1__oemaw a _obay	41.64	50.86	0	SaiNr-pear1__oemaw a _obay_S7.mp3
SaiNr-pear1__oemaw a _obay	50.86	58.67	0	SaiNr-pear1__oemaw a _obay_S8.mp3
SaiNr-pear1__oemaw a _obay	58.67	67.72	0	SaiNr-pear1__oemaw a _obay_S9.mp3
SaiNr-pear1__oemaw a _obay	67.72	77.2	0	SaiNr-pear1__oemaw a _obay_S10.mp3
SaiNr-pear1__oemaw a _obay	77.2	92.5	0	SaiNr-pear1__oemaw a _obay_S11.mp3
SaiNr-pear1__oemaw a _obay	92.5	99.91	0	SaiNr-pear1__oemaw a _obay_S12.mp3
SaiNr-pear1__oemaw a _obay	99.91	112.17	0	SaiNr-pear1__oemaw a _obay_S13.mp3
SaiNr-pear1__oemaw a _obay	112.17	120.39	0	SaiNr-pear1__oemaw a _obay_S14.mp3
SaiNr-pear1__oemaw a _obay	120.39	126.01	0	SaiNr-pear1__oemaw a _obay_S15.mp3
SaiNr-pear1__oemaw a _obay	126.01	131.24	0	SaiNr-pear1__oemaw a _obay_S16.mp3
SaiNr-pear1__oemaw a _obay	131.24	135.58	0	SaiNr-pear1__oemaw a _obay_S17.mp3
SaiNr-pear1__oemaw a _obay	135.58	139.04	0	SaiNr-pear1__oemaw a _obay_S18.mp3
SaiNr-pear1__oemaw a _obay	139.04	146.23	0	SaiNr-pear1__oemaw a _obay_S19.mp3
SaiNr-pear1__oemaw a _obay	146.23	151.12	0	SaiNr-pear1__oemaw a _obay_S20.mp3
SaiNr-pear1__oemaw a _obay	151.12	156.62	0	SaiNr-pear1__oemaw a _obay_S21.mp3
SaiNr-pear1__oemaw a _obay	156.62	164.17	0	SaiNr-pear1__oemaw a _obay_S22.mp3
SaiNr-pear1__oemaw a _obay	164.17	173.84	0	SaiNr-pear1__oemaw a _obay_S23.mp3
SaiNr-pear1__oemaw a _obay	173.84	176.25	0	SaiNr-pear1__oemaw a _obay_S24.mp3
SaiNr-pear1__oemaw a _obay	176.25	182.0	0	SaiNr-pear1__oemaw a _obay_S25.mp3
SaiNr-pear1__oemaw a _obay	182.0	187.62	0	SaiNr-pear1__oemaw a _obay_S26.mp3
SaiNr-pear1__oemaw a _obay	187.62	190.6	0	SaiNr-pear1__oemaw a _obay_S27.mp3
SaiNr-pear1__oemaw a _obay	190.6	195.01	0	SaiNr-pear1__oemaw a _obay_S28.mp3
SaiNr-pear1__oemaw a _obay	195.01	202.75	0	SaiNr-pear1__oemaw a _obay_S29.mp3
SaiNr-pear1__oemaw a _obay	202.75	207.19	0	SaiNr-pear1__oemaw a _obay_S30.mp3
SaiNr-pear1__oemaw a _obay	207.19	213.26	0	SaiNr-pear1__oemaw a _obay_S31.mp3
SaiNr-pear1__oemaw a _obay	213.26	215.24	0	SaiNr-pear1__oemaw a _obay_S32.mp3
SaiNr-pear1__oemaw a _obay	215.24	220.47	0	SaiNr-pear1__oemaw a _obay_S33.mp3
SaiNr-pear1__oemaw a _obay	220.47	222.7	0	SaiNr-pear1__oemaw a _obay_S34.mp3
SaiNr-pear1__oemaw a _obay	222.7	227.44	0	SaiNr-pear1__oemaw a _obay_S35.mp3
SaiNr-pear1__oemaw a _obay	227.44	231.32	0	SaiNr-pear1__oemaw a _obay_S36.mp3
SaiNr-pear1__oemaw a _obay	231.32	238.56	0	SaiNr-pear1__oemaw a _obay_S37.mp3
SaiNr-pear1__oemaw a _obay	238.56	243.9	0	SaiNr-pear1__oemaw a _obay_S38.mp3
SaiNr-pear1__oemaw a _obay	243.9	246.85	0	SaiNr-pear1__oemaw a _obay_S39.mp3
SaiNr-pear1__oemaw a _obay	246.85	253.36	0	SaiNr-pear1__oemaw a _obay_S40.mp3
SaiNr-pear1__oemaw a _obay	253.36	256.65	0	SaiNr-pear1__oemaw a _obay_S41.mp3
SaiNr-pear1__oemaw a _obay	256.65	263.27	0	SaiNr-pear1__oemaw a _obay_S42.mp3
SaiNr-pear1__oemaw a _obay	263.27	264.03	0	SaiNr-pear1__oemaw a _obay_S43.mp3
SaiNr-pear1__oemaw a _obay	264.03	271.1	0	SaiNr-pear1__oemaw a _obay_S44.mp3
SaiNr-pear1__oemaw a _obay	271.1	275.05	0	SaiNr-pear1__oemaw a _obay_S45.mp3
SaiNr-pear1__oemaw a _obay	275.05	278.12	0	SaiNr-pear1__oemaw a _obay_S46.mp3
SaiNr-pear1__oemaw a _obay	278.12	279.36	0	SaiNr-pear1__oemaw a _obay_S47.mp3
SaiNr-pear3_kalaeh a taro_	0.0	6.51	0	SaiNr-pear3_kalaeh a taro__S0.mp3
SaiNr-pear3_kalaeh a taro_	6.51	12.53	0	SaiNr-pear3_kalaeh a taro__S1.mp3
SaiNr-pear3_kalaeh a taro_	12.53	16.7	0	SaiNr-pear3_kalaeh a taro__S2.mp3
SaiNr-pear3_kalaeh a taro_	16.7	20.54	0	SaiNr-pear3_kalaeh a taro__S3.mp3
SaiNr-pear3_kalaeh a taro_	20.54	30.24	0	SaiNr-pear3_kalaeh a taro__S4.mp3
SaiNr-pear3_kalaeh a taro_	30.24	38.22	0	SaiNr-pear3_kalaeh a taro__S5.mp3
SaiNr-pear3_kalaeh a taro_	38.22	46.76	0	SaiNr-pear3_kalaeh a taro__S6.mp3
SaiNr-pear3_kalaeh a taro_	46.76	50.4	0	SaiNr-pear3_kalaeh a taro__S7.mp3
SaiNr-pear3_kalaeh a taro_	50.4	52.62	0	SaiNr-pear3_kalaeh a taro__S8.mp3
SaiNr-pear3_kalaeh a taro_	52.62	54.19	0	SaiNr-pear3_kalaeh a taro__S9.mp3
SaiNr-pear3_kalaeh a taro_	54.19	55.92	0	SaiNr-pear3_kalaeh a taro__S10.mp3
SaiNr-pear3_kalaeh a taro_	55.92	66.11	0	SaiNr-pear3_kalaeh a taro__S11.mp3
SaiNr-pear3_kalaeh a taro_	66.11	71.32	0	SaiNr-pear3_kalaeh a taro__S12.mp3
SaiNr-pear3_kalaeh a taro_	71.32	82.36	0	SaiNr-pear3_kalaeh a taro__S13.mp3
SaiNr-pear3_kalaeh a taro_	82.36	85.78	0	SaiNr-pear3_kalaeh a taro__S14.mp3
SaiNr-pear3_kalaeh a taro_	85.78	93.08	0	SaiNr-pear3_kalaeh a taro__S15.mp3
SaiNr-pear3_kalaeh a taro_	93.08	95.18	0	SaiNr-pear3_kalaeh a taro__S16.mp3
SaiNr-pear3_kalaeh a taro_	95.18	98.81	0	SaiNr-pear3_kalaeh a taro__S17.mp3
SaiNr-pear3_kalaeh a taro_	98.81	101.02	0	SaiNr-pear3_kalaeh a taro__S18.mp3
SaiNr-pear3_kalaeh a taro_	101.02	104.4	0	SaiNr-pear3_kalaeh a taro__S19.mp3
SaiNr-pear3_kalaeh a taro_	104.4	110.51	0	SaiNr-pear3_kalaeh a taro__S20.mp3
SaiNr-pear3_kalaeh a taro_	110.51	112.73	0	SaiNr-pear3_kalaeh a taro__S21.mp3
SaiNr-pear4_tosi_ masin	0.0	1.52	0	SaiNr-pear4_tosi_ masin_S0.mp3
SaiNr-pear4_tosi_ masin	1.52	9.58	0	SaiNr-pear4_tosi_ masin_S1.mp3
SaiNr-pear4_tosi_ masin	9.58	12.92	0	SaiNr-pear4_tosi_ masin_S2.mp3
SaiNr-pear4_tosi_ masin	12.92	14.38	0	SaiNr-pear4_tosi_ masin_S3.mp3
SaiNr-pear4_tosi_ masin	14.38	18.32	0	SaiNr-pear4_tosi_ masin_S4.mp3
SaiNr-pear4_tosi_ masin	18.32	20.42	0	SaiNr-pear4_tosi_ masin_S5.mp3
SaiNr-pear4_tosi_ masin	20.42	26.06	0	SaiNr-pear4_tosi_ masin_S6.mp3
SaiNr-pear4_tosi_ masin	26.06	28.71	0	SaiNr-pear4_tosi_ masin_S7.mp3
SaiNr-pear4_tosi_ masin	28.71	32.51	0	SaiNr-pear4_tosi_ masin_S8.mp3
SaiNr-pear4_tosi_ masin	32.51	36.25	0	SaiNr-pear4_tosi_ masin_S9.mp3
SaiNr-pear4_tosi_ masin	36.25	40.49	0	SaiNr-pear4_tosi_ masin_S10.mp3
SaiNr-pear4_tosi_ masin	40.49	42.97	0	SaiNr-pear4_tosi_ masin_S11.mp3
SaiNr-pear4_tosi_ masin	42.97	53.04	0	SaiNr-pear4_tosi_ masin_S12.mp3
SaiNr-pear4_tosi_ masin	53.04	59.25	0	SaiNr-pear4_tosi_ masin_S13.mp3
SaiNr-pear4_tosi_ masin	59.25	69.89	0	SaiNr-pear4_tosi_ masin_S14.mp3
SaiNr-pear4_tosi_ masin	69.89	71.39	0	SaiNr-pear4_tosi_ masin_S15.mp3
SaiNr-pear4_tosi_ masin	71.39	81.91	0	SaiNr-pear4_tosi_ masin_S16.mp3
SaiNr-pear4_tosi_ masin	81.91	85.76	0	SaiNr-pear4_tosi_ masin_S17.mp3
SaiNr-pear4_tosi_ masin	85.76	92.63	0	SaiNr-pear4_tosi_ masin_S18.mp3
SaiNr-pear4_tosi_ masin	92.63	96.68	0	SaiNr-pear4_tosi_ masin_S19.mp3
SaiNr-pear4_tosi_ masin	96.68	98.82	0	SaiNr-pear4_tosi_ masin_S20.mp3
SaiNr-pear4_tosi_ masin	98.82	100.66	0	SaiNr-pear4_tosi_ masin_S21.mp3
SaiNr-pear4_tosi_ masin	100.66	102.98	0	SaiNr-pear4_tosi_ masin_S22.mp3
SaiNr-pear4_tosi_ masin	102.98	117.75	0	SaiNr-pear4_tosi_ masin_S23.mp3
SaiNr-pear4_tosi_ masin	117.75	120.14	0	SaiNr-pear4_tosi_ masin_S24.mp3
SaiNr-pear4_tosi_ masin	120.14	124.6	0	SaiNr-pear4_tosi_ masin_S25.mp3
SaiNr-pear4_tosi_ masin	124.6	127.43	0	SaiNr-pear4_tosi_ masin_S26.mp3
SaiNr-pear4_tosi_ masin	127.43	131.96	0	SaiNr-pear4_tosi_ masin_S27.mp3
SaiNr-pear4_tosi_ masin	131.96	148.33	0	SaiNr-pear4_tosi_ masin_S28.mp3
SaiNr-pear4_tosi_ masin	148.33	151.27	0	SaiNr-pear4_tosi_ masin_S29.mp3
SaiNr-pear4_tosi_ masin	151.27	162.97	0	SaiNr-pear4_tosi_ masin_S30.mp3
SaiNr-pear4_tosi_ masin	162.97	167.62	0	SaiNr-pear4_tosi_ masin_S31.mp3
SaiNr-pear4_tosi_ masin	167.62	172.56	0	SaiNr-pear4_tosi_ masin_S32.mp3
SaiNr-pear4_tosi_ masin	172.56	175.91	0	SaiNr-pear4_tosi_ masin_S33.mp3
SaiNr-pear4_tosi_ masin	175.91	179.7	0	SaiNr-pear4_tosi_ masin_S34.mp3
SaiNr-pear4_tosi_ masin	179.7	182.74	0	SaiNr-pear4_tosi_ masin_S35.mp3
SaiNr-pear4_tosi_ masin	182.74	189.1	0	SaiNr-pear4_tosi_ masin_S36.mp3
SaiNr-pear4_tosi_ masin	189.1	194.86	0	SaiNr-pear4_tosi_ masin_S37.mp3
SaiNr-pear4_tosi_ masin	194.86	203.82	0	SaiNr-pear4_tosi_ masin_S38.mp3
SaiNr-pear4_tosi_ masin	203.82	205.95	0	SaiNr-pear4_tosi_ masin_S39.mp3
SaiNr-pear4_tosi_ masin	205.95	209.36	0	SaiNr-pear4_tosi_ masin_S40.mp3
SaiNr-pear4_tosi_ masin	209.36	213.26	0	SaiNr-pear4_tosi_ masin_S41.mp3
SaiNr-pear4_tosi_ masin	213.26	222.37	0	SaiNr-pear4_tosi_ masin_S42.mp3
SaiNr-pear4_tosi_ masin	222.37	226.72	0	SaiNr-pear4_tosi_ masin_S43.mp3
SaiNr-pear4_tosi_ masin	226.72	229.22	0	SaiNr-pear4_tosi_ masin_S44.mp3
SaiNr-pear4_tosi_ masin	229.22	235.76	0	SaiNr-pear4_tosi_ masin_S45.mp3
SaiNr-pear5__awi_ a basi_	0.0	11.51	0	SaiNr-pear5__awi_ a basi__S0.mp3
SaiNr-pear5__awi_ a basi_	11.51	20.9	0	SaiNr-pear5__awi_ a basi__S1.mp3
SaiNr-pear5__awi_ a basi_	20.9	26.3	0	SaiNr-pear5__awi_ a basi__S2.mp3
SaiNr-pear5__awi_ a basi_	26.3	32.23	0	SaiNr-pear5__awi_ a basi__S3.mp3
SaiNr-pear5__awi_ a basi_	32.23	44.56	0	SaiNr-pear5__awi_ a basi__S4.mp3
SaiNr-pear5__awi_ a basi_	44.56	51.51	0	SaiNr-pear5__awi_ a basi__S5.mp3
SaiNr-pear5__awi_ a basi_	51.51	59.81	0	SaiNr-pear5__awi_ a basi__S6.mp3
SaiNr-pear5__awi_ a basi_	59.81	69.65	0	SaiNr-pear5__awi_ a basi__S7.mp3
SaiNr-pear5__awi_ a basi_	69.65	79.03	0	SaiNr-pear5__awi_ a basi__S8.mp3
SaiNr-pear5__awi_ a basi_	79.03	93.96	0	SaiNr-pear5__awi_ a basi__S9.mp3
SaiNr-pear5__awi_ a basi_	93.96	108.9	0	SaiNr-pear5__awi_ a basi__S10.mp3
SaiNr-pear5__awi_ a basi_	108.9	114.03	0	SaiNr-pear5__awi_ a basi__S11.mp3
SaiNr-pear5__awi_ a basi_	114.03	133.13	0	SaiNr-pear5__awi_ a basi__S12.mp3
SaiNr-pear5__awi_ a basi_	133.13	145.19	0	SaiNr-pear5__awi_ a basi__S13.mp3
SaiNr-pear5__awi_ a basi_	145.19	153.84	0	SaiNr-pear5__awi_ a basi__S14.mp3
SaiNr-pear5__awi_ a basi_	153.84	158.28	0	SaiNr-pear5__awi_ a basi__S15.mp3
SaiNr-pear5__awi_ a basi_	158.28	161.44	0	SaiNr-pear5__awi_ a basi__S16.mp3
SaiNr-pear5__awi_ a basi_	161.44	167.7	0	SaiNr-pear5__awi_ a basi__S17.mp3
SaiNr-pear5__awi_ a basi_	167.7	170.71	0	SaiNr-pear5__awi_ a basi__S18.mp3
SaiNr-pear5__awi_ a basi_	170.71	175.85	0	SaiNr-pear5__awi_ a basi__S19.mp3
SaiNr-pear5__awi_ a basi_	175.85	177.98	0	SaiNr-pear5__awi_ a basi__S20.mp3
SaiNr-pear5__awi_ a basi_	177.98	184.56	0	SaiNr-pear5__awi_ a basi__S21.mp3
SaiNr-pear5__awi_ a basi_	184.56	187.63	0	SaiNr-pear5__awi_ a basi__S22.mp3
SaiNr-pear5__awi_ a basi_	187.63	191.14	0	SaiNr-pear5__awi_ a basi__S23.mp3
SaiNr-pear5__awi_ a basi_	191.14	202.51	0	SaiNr-pear5__awi_ a basi__S24.mp3
SaiNr-pear5__awi_ a basi_	202.51	207.5	0	SaiNr-pear5__awi_ a basi__S25.mp3
SaiNr-pear5__awi_ a basi_	207.5	214.74	0	SaiNr-pear5__awi_ a basi__S26.mp3
SaiNr-pear5__awi_ a basi_	214.74	216.25	0	SaiNr-pear5__awi_ a basi__S27.mp3
SaiNr-pear5__awi_ a basi_	216.25	220.84	0	SaiNr-pear5__awi_ a basi__S28.mp3
SaiNr-pear5__awi_ a basi_	220.84	224.81	0	SaiNr-pear5__awi_ a basi__S29.mp3
SaiNr-pear5__awi_ a basi_	224.81	233.13	0	SaiNr-pear5__awi_ a basi__S30.mp3
SaiNr-pear5__awi_ a basi_	233.13	242.34	0	SaiNr-pear5__awi_ a basi__S31.mp3
SaiNr-pear5__awi_ a basi_	242.34	248.23	0	SaiNr-pear5__awi_ a basi__S32.mp3
SaiNr-pear5__awi_ a basi_	248.23	251.02	0	SaiNr-pear5__awi_ a basi__S33.mp3
SaiNr-pear5__awi_ a basi_	251.02	256.12	0	SaiNr-pear5__awi_ a basi__S34.mp3
Sainr-frog4_lalo a tahaeS	0.0	3.95	0	Sainr-frog4_lalo a tahaeS_S0.mp3
Sainr-frog4_lalo a tahaeS	3.95	9.86	0	Sainr-frog4_lalo a tahaeS_S1.mp3
Sainr-frog4_lalo a tahaeS	9.86	13.93	0	Sainr-frog4_lalo a tahaeS_S2.mp3
Sainr-frog4_lalo a tahaeS	13.93	22.58	0	Sainr-frog4_lalo a tahaeS_S3.mp3
Sainr-frog4_lalo a tahaeS	22.58	26.38	0	Sainr-frog4_lalo a tahaeS_S4.mp3
Sainr-frog4_lalo a tahaeS	26.38	31.32	0	Sainr-frog4_lalo a tahaeS_S5.mp3
Sainr-frog4_lalo a tahaeS	31.32	37.37	0	Sainr-frog4_lalo a tahaeS_S6.mp3
Sainr-frog4_lalo a tahaeS	37.37	39.61	0	Sainr-frog4_lalo a tahaeS_S7.mp3
Sainr-frog4_lalo a tahaeS	39.61	42.4	0	Sainr-frog4_lalo a tahaeS_S8.mp3
Sainr-frog4_lalo a tahaeS	42.4	43.66	0	Sainr-frog4_lalo a tahaeS_S9.mp3
Sainr-frog4_lalo a tahaeS	43.66	44.94	0	Sainr-frog4_lalo a tahaeS_S10.mp3
Sainr-frog4_lalo a tahaeS	44.94	61.57	0	Sainr-frog4_lalo a tahaeS_S11.mp3
Sainr-frog4_lalo a tahaeS	61.57	66.24	0	Sainr-frog4_lalo a tahaeS_S12.mp3
Sainr-frog4_lalo a tahaeS	66.24	71.86	0	Sainr-frog4_lalo a tahaeS_S13.mp3
Sainr-frog4_lalo a tahaeS	71.86	76.07	0	Sainr-frog4_lalo a tahaeS_S14.mp3
Sainr-frog4_lalo a tahaeS	76.07	81.93	0	Sainr-frog4_lalo a tahaeS_S15.mp3
Sainr-frog4_lalo a tahaeS	81.93	89.1	0	Sainr-frog4_lalo a tahaeS_S16.mp3
Sainr-frog4_lalo a tahaeS	89.1	92.0	0	Sainr-frog4_lalo a tahaeS_S17.mp3
Sainr-frog4_lalo a tahaeS	92.0	96.16	0	Sainr-frog4_lalo a tahaeS_S18.mp3
Sainr-frog4_lalo a tahaeS	96.16	98.69	0	Sainr-frog4_lalo a tahaeS_S19.mp3
Sainr-frog4_lalo a tahaeS	98.69	105.88	0	Sainr-frog4_lalo a tahaeS_S20.mp3
Sainr-frog4_lalo a tahaeS	105.88	106.75	0	Sainr-frog4_lalo a tahaeS_S21.mp3
Sainr-frog4_lalo a tahaeS	106.75	109.93	0	Sainr-frog4_lalo a tahaeS_S22.mp3
Sainr-frog4_lalo a tahaeS	109.93	113.3	0	Sainr-frog4_lalo a tahaeS_S23.mp3
Sainr-frog4_lalo a tahaeS	113.3	115.84	0	Sainr-frog4_lalo a tahaeS_S24.mp3
Sainr-frog4_lalo a tahaeS	115.84	123.15	0	Sainr-frog4_lalo a tahaeS_S25.mp3
Sainr-frog4_lalo a tahaeS	123.15	126.71	0	Sainr-frog4_lalo a tahaeS_S26.mp3
Sainr-frog4_lalo a tahaeS	126.71	130.22	0	Sainr-frog4_lalo a tahaeS_S27.mp3
Sainr-frog4_lalo a tahaeS	130.22	136.15	0	Sainr-frog4_lalo a tahaeS_S28.mp3
Sainr-frog4_lalo a tahaeS	136.15	141.1	0	Sainr-frog4_lalo a tahaeS_S29.mp3
Sainr-frog4_lalo a tahaeS	141.1	150.2	0	Sainr-frog4_lalo a tahaeS_S30.mp3
Sainr-frog4_lalo a tahaeS	150.2	155.86	0	Sainr-frog4_lalo a tahaeS_S31.mp3
Sainr-frog4_lalo a tahaeS	155.86	160.39	0	Sainr-frog4_lalo a tahaeS_S32.mp3
Sainr-frog4_lalo a tahaeS	160.39	166.31	0	Sainr-frog4_lalo a tahaeS_S33.mp3
Sainr-frog4_lalo a tahaeS	166.31	173.72	0	Sainr-frog4_lalo a tahaeS_S34.mp3
Sainr-frog4_lalo a tahaeS	173.72	180.91	0	Sainr-frog4_lalo a tahaeS_S35.mp3
Sainr-frog4_lalo a tahaeS	180.91	187.13	0	Sainr-frog4_lalo a tahaeS_S36.mp3
Sainr-frog4_lalo a tahaeS	187.13	190.46	0	Sainr-frog4_lalo a tahaeS_S37.mp3
Sainr-frog4_lalo a tahaeS	190.46	192.06	0	Sainr-frog4_lalo a tahaeS_S38.mp3
Sainr-frog4_lalo a tahaeS	192.06	195.62	0	Sainr-frog4_lalo a tahaeS_S39.mp3
Sainr-frog4_lalo a tahaeS	195.62	201.28	0	Sainr-frog4_lalo a tahaeS_S40.mp3
Sainr-frog4_lalo a tahaeS	201.28	214.05	0	Sainr-frog4_lalo a tahaeS_S41.mp3
Sainr-frog4_lalo a tahaeS	214.05	217.97	0	Sainr-frog4_lalo a tahaeS_S42.mp3
Sainr-frog4_lalo a tahaeS	217.97	221.73	0	Sainr-frog4_lalo a tahaeS_S43.mp3
Sainr-frog4_lalo a tahaeS	221.73	235.34	0	Sainr-frog4_lalo a tahaeS_S44.mp3
Sainr-frog4_lalo a tahaeS	235.34	244.98	0	Sainr-frog4_lalo a tahaeS_S45.mp3
Sainr-frog4_lalo a tahaeS	244.98	251.37	0	Sainr-frog4_lalo a tahaeS_S46.mp3
Sainr-frog4_lalo a tahaeS	251.37	259.65	0	Sainr-frog4_lalo a tahaeS_S47.mp3
Sainr-frog4_lalo a tahaeS	259.65	266.73	0	Sainr-frog4_lalo a tahaeS_S48.mp3
Sainr-frog4_lalo a tahaeS	266.73	272.53	0	Sainr-frog4_lalo a tahaeS_S49.mp3
Sainr-frog4_lalo a tahaeS	272.53	277.01	0	Sainr-frog4_lalo a tahaeS_S50.mp3
Sainr-frog4_lalo a tahaeS	277.01	284.54	0	Sainr-frog4_lalo a tahaeS_S51.mp3
Sainr-frog4_lalo a tahaeS	284.54	286.65	0	Sainr-frog4_lalo a tahaeS_S52.mp3
Sainr-frog4_lalo a tahaeS	286.65	298.37	0	Sainr-frog4_lalo a tahaeS_S53.mp3
Sainr-frog4_lalo a tahaeS	298.37	300.29	0	Sainr-frog4_lalo a tahaeS_S54.mp3
skzyNr-class_sinay	0.0	3.58	0	skzyNr-class_sinay_S0.mp3
skzyNr-class_sinay	3.58	8.89	0	skzyNr-class_sinay_S1.mp3
skzyNr-class_sinay	8.89	15.03	0	skzyNr-class_sinay_S2.mp3
skzyNr-class_sinay	15.03	19.58	0	skzyNr-class_sinay_S3.mp3
skzyNr-class_sinay	19.58	23.34	0	skzyNr-class_sinay_S4.mp3
skzyNr-class_sinay	23.34	32.58	0	skzyNr-class_sinay_S5.mp3
skzyNr-class_sinay	32.58	38.5	0	skzyNr-class_sinay_S6.mp3
skzyNr-class_sinay	38.5	41.74	0	skzyNr-class_sinay_S7.mp3
skzyNr-class_sinay	41.74	45.8	0	skzyNr-class_sinay_S8.mp3
skzyNr-class_sinay	45.8	50.19	0	skzyNr-class_sinay_S9.mp3
skzyNr-class_sinay	50.19	53.44	0	skzyNr-class_sinay_S10.mp3
skzyNr-class_sinay	53.44	57.15	0	skzyNr-class_sinay_S11.mp3
skzyNr-class_sinay	57.15	64.29	0	skzyNr-class_sinay_S12.mp3
skzyNr-class_sinay	64.29	68.94	0	skzyNr-class_sinay_S13.mp3
skzyNr-class_sinay	68.94	71.58	0	skzyNr-class_sinay_S14.mp3
skzyNr-class_sinay	71.58	74.71	0	skzyNr-class_sinay_S15.mp3
skzyNr-class_sinay	74.71	80.11	0	skzyNr-class_sinay_S16.mp3
skzyNr-class_sinay	80.11	89.67	0	skzyNr-class_sinay_S17.mp3
skzyNr-class_sinay	89.67	94.06	0	skzyNr-class_sinay_S18.mp3
skzyNr-class_sinay	94.06	98.25	0	skzyNr-class_sinay_S19.mp3
skzyNr-class_sinay	98.25	108.1	0	skzyNr-class_sinay_S20.mp3
skzyNr-class_sinay	108.1	116.19	0	skzyNr-class_sinay_S21.mp3
skzyNr-class_sinay	116.19	125.23	0	skzyNr-class_sinay_S22.mp3
skzyNr-class_sinay	125.23	133.22	0	skzyNr-class_sinay_S23.mp3
skzyNr-class_sinay	133.22	137.27	0	skzyNr-class_sinay_S24.mp3
skzyNr-class_sinay	137.27	141.82	0	skzyNr-class_sinay_S25.mp3
skzyNr-class_sinay	141.82	145.07	0	skzyNr-class_sinay_S26.mp3
skzyNr-class_sinay	145.07	148.2	0	skzyNr-class_sinay_S27.mp3
skzyNr-class_sinay	148.2	157.22	0	skzyNr-class_sinay_S28.mp3
skzyNr-class_sinay	157.22	164.06	0	skzyNr-class_sinay_S29.mp3
skzyNr-class_sinay	164.06	167.53	0	skzyNr-class_sinay_S30.mp3
skzyNr-class_sinay	167.53	173.86	0	skzyNr-class_sinay_S31.mp3
skzyNr-class_sinay	173.86	175.86	0	skzyNr-class_sinay_S32.mp3
skzyNr-class_sinay	175.86	179.63	0	skzyNr-class_sinay_S33.mp3
skzyNr-class_sinay	179.63	183.69	0	skzyNr-class_sinay_S34.mp3
skzyNr-class_sinay	183.69	203.88	0	skzyNr-class_sinay_S35.mp3
skzyNr-class_sinay	203.88	207.83	0	skzyNr-class_sinay_S36.mp3
skzyNr-class_sinay	207.83	217.05	0	skzyNr-class_sinay_S37.mp3
skzyNr-class_sinay	217.05	230.69	0	skzyNr-class_sinay_S38.mp3
skzyNr-class_sinay	230.69	237.78	0	skzyNr-class_sinay_S39.mp3
skzyNr-class_sinay	237.78	239.4	0	skzyNr-class_sinay_S40.mp3
skzyNr-class_sinay	239.4	248.01	0	skzyNr-class_sinay_S41.mp3
skzyNr-class_sinay	248.01	251.92	0	skzyNr-class_sinay_S42.mp3
skzyNr-class_sinay	251.92	261.48	0	skzyNr-class_sinay_S43.mp3
skzyNr-class_sinay	261.48	266.66	0	skzyNr-class_sinay_S44.mp3
skzyNr-class_sinay	266.66	274.7	0	skzyNr-class_sinay_S45.mp3
skzyNr-class_sinay	274.7	276.95	0	skzyNr-class_sinay_S46.mp3
skzyNr-class_sinay	276.95	281.74	0	skzyNr-class_sinay_S47.mp3
skzyNr-class_sinay	281.74	283.82	0	skzyNr-class_sinay_S48.mp3
skzyNr-class_sinay	283.82	287.09	0	skzyNr-class_sinay_S49.mp3
skzyNr-class_sinay	287.09	298.08	0	skzyNr-class_sinay_S50.mp3
skzyNr-class_sinay	298.08	310.49	0	skzyNr-class_sinay_S51.mp3
skzyNr-class_sinay	310.49	314.34	0	skzyNr-class_sinay_S52.mp3
skzyNr-class_sinay	314.34	316.45	0	skzyNr-class_sinay_S53.mp3
skzyNr-class_sinay	316.45	327.67	0	skzyNr-class_sinay_S54.mp3
skzyNr-class_sinay	327.67	333.19	0	skzyNr-class_sinay_S55.mp3
skzyNr-class_sinay	333.19	335.29	0	skzyNr-class_sinay_S56.mp3
skzyNr-class_sinay	335.29	342.06	0	skzyNr-class_sinay_S57.mp3
skzyNr-class_sinay	342.06	344.96	0	skzyNr-class_sinay_S58.mp3
skzyNr-class_sinay	344.96	350.79	0	skzyNr-class_sinay_S59.mp3
skzyNr-class_sinay	350.79	354.82	0	skzyNr-class_sinay_S60.mp3
skzyNr-class_sinay	354.82	359.99	0	skzyNr-class_sinay_S61.mp3
skzyNr-class_sinay	359.99	369.44	0	skzyNr-class_sinay_S62.mp3
skzyNr-class_sinay	369.44	380.18	0	skzyNr-class_sinay_S63.mp3
skzyNr-class_sinay	380.18	382.58	0	skzyNr-class_sinay_S64.mp3
skzyNr-class_sinay	382.58	388.09	0	skzyNr-class_sinay_S65.mp3
skzyNr-class_sinay	388.09	391.29	0	skzyNr-class_sinay_S66.mp3
skzyNr-class_sinay	391.29	393.73	0	skzyNr-class_sinay_S67.mp3
skzyNr-class_sinay	393.73	398.54	0	skzyNr-class_sinay_S68.mp3
skzyNr-class_sinay	398.54	400.54	0	skzyNr-class_sinay_S69.mp3
skzyNr-class_sinay	400.54	404.57	0	skzyNr-class_sinay_S70.mp3
skzyNr-class_sinay	404.57	409.6	0	skzyNr-class_sinay_S71.mp3
skzyNr-class_sinay	409.6	419.25	0	skzyNr-class_sinay_S72.mp3
skzyNr-class_sinay	419.25	427.27	0	skzyNr-class_sinay_S73.mp3
skzyNr-class_sinay	427.27	432.56	0	skzyNr-class_sinay_S74.mp3
skzyNr-class_sinay	432.56	435.79	0	skzyNr-class_sinay_S75.mp3
skzyNr-class_sinay	435.79	438.19	0	skzyNr-class_sinay_S76.mp3
skzyNr-class_sinay	438.19	445.73	0	skzyNr-class_sinay_S77.mp3
skzyNr-class_sinay	445.73	450.98	0	skzyNr-class_sinay_S78.mp3
skzyNr-class_sinay	450.98	455.47	0	skzyNr-class_sinay_S79.mp3
skzyNr-class_sinay	455.47	457.13	0	skzyNr-class_sinay_S80.mp3
skzyNr-class_sinay	457.13	461.23	0	skzyNr-class_sinay_S81.mp3
skzyNr-class_sinay	461.23	464.78	0	skzyNr-class_sinay_S82.mp3
skzyNr-class_sinay	464.78	467.79	0	skzyNr-class_sinay_S83.mp3
skzyNr-frog_bunuk	0.0	2.7	0	skzyNr-frog_bunuk_S0.mp3
skzyNr-frog_bunuk	2.7	5.44	0	skzyNr-frog_bunuk_S1.mp3
skzyNr-frog_bunuk	5.44	8.79	0	skzyNr-frog_bunuk_S2.mp3
skzyNr-frog_bunuk	8.79	11.41	0	skzyNr-frog_bunuk_S3.mp3
skzyNr-frog_bunuk	11.41	13.05	0	skzyNr-frog_bunuk_S4.mp3
skzyNr-frog_bunuk	13.05	16.74	0	skzyNr-frog_bunuk_S5.mp3
skzyNr-frog_bunuk	16.74	19.9	0	skzyNr-frog_bunuk_S6.mp3
skzyNr-frog_bunuk	19.9	21.54	0	skzyNr-frog_bunuk_S7.mp3
skzyNr-frog_bunuk	21.54	26.34	0	skzyNr-frog_bunuk_S8.mp3
skzyNr-frog_bunuk	26.34	30.16	0	skzyNr-frog_bunuk_S9.mp3
skzyNr-frog_bunuk	30.16	35.38	0	skzyNr-frog_bunuk_S10.mp3
skzyNr-frog_bunuk	35.38	38.15	0	skzyNr-frog_bunuk_S11.mp3
skzyNr-frog_bunuk	38.15	42.23	0	skzyNr-frog_bunuk_S12.mp3
skzyNr-frog_bunuk	42.23	45.35	0	skzyNr-frog_bunuk_S13.mp3
skzyNr-frog_bunuk	45.35	49.71	0	skzyNr-frog_bunuk_S14.mp3
skzyNr-frog_bunuk	49.71	52.2	0	skzyNr-frog_bunuk_S15.mp3
skzyNr-frog_bunuk	52.2	58.07	0	skzyNr-frog_bunuk_S16.mp3
skzyNr-frog_bunuk	58.07	61.02	0	skzyNr-frog_bunuk_S17.mp3
skzyNr-frog_bunuk	61.02	64.03	0	skzyNr-frog_bunuk_S18.mp3
skzyNr-frog_bunuk	64.03	67.56	0	skzyNr-frog_bunuk_S19.mp3
skzyNr-frog_bunuk	67.56	69.69	0	skzyNr-frog_bunuk_S20.mp3
skzyNr-frog_bunuk	69.69	78.55	0	skzyNr-frog_bunuk_S21.mp3
skzyNr-frog_bunuk	78.55	84.92	0	skzyNr-frog_bunuk_S22.mp3
skzyNr-frog_bunuk	84.92	88.22	0	skzyNr-frog_bunuk_S23.mp3
skzyNr-frog_bunuk	88.22	92.47	0	skzyNr-frog_bunuk_S24.mp3
skzyNr-frog_bunuk	92.47	94.6	0	skzyNr-frog_bunuk_S25.mp3
skzyNr-frog_bunuk	94.6	103.81	0	skzyNr-frog_bunuk_S26.mp3
skzyNr-frog_bunuk	103.81	113.28	0	skzyNr-frog_bunuk_S27.mp3
skzyNr-frog_bunuk	113.28	120.48	0	skzyNr-frog_bunuk_S28.mp3
skzyNr-frog_bunuk	120.48	125.89	0	skzyNr-frog_bunuk_S29.mp3
skzyNr-frog_bunuk	125.89	127.63	0	skzyNr-frog_bunuk_S30.mp3
skzyNr-frog_bunuk	127.63	131.95	0	skzyNr-frog_bunuk_S31.mp3
skzyNr-frog_bunuk	131.95	138.62	0	skzyNr-frog_bunuk_S32.mp3
skzyNr-frog_bunuk	138.62	141.49	0	skzyNr-frog_bunuk_S33.mp3
skzyNr-frog_bunuk	141.49	149.84	0	skzyNr-frog_bunuk_S34.mp3
skzyNr-frog_bunuk	149.84	155.67	0	skzyNr-frog_bunuk_S35.mp3
skzyNr-frog_bunuk	155.67	160.96	0	skzyNr-frog_bunuk_S36.mp3
skzyNr-frog_bunuk	160.96	166.49	0	skzyNr-frog_bunuk_S37.mp3
skzyNr-frog_bunuk	166.49	170.32	0	skzyNr-frog_bunuk_S38.mp3
skzyNr-frog_bunuk	170.32	175.08	0	skzyNr-frog_bunuk_S39.mp3
skzyNr-frog_bunuk	175.08	177.45	0	skzyNr-frog_bunuk_S40.mp3
skzyNr-frog_bunuk	177.45	181.52	0	skzyNr-frog_bunuk_S41.mp3
skzyNr-frog_bunuk	181.52	185.82	0	skzyNr-frog_bunuk_S42.mp3
skzyNr-frog_bunuk	185.82	189.91	0	skzyNr-frog_bunuk_S43.mp3
skzyNr-frog_bunuk	189.91	193.21	0	skzyNr-frog_bunuk_S44.mp3
skzyNr-frog_bunuk	193.21	197.62	0	skzyNr-frog_bunuk_S45.mp3
skzyNr-frog_bunuk	197.62	202.68	0	skzyNr-frog_bunuk_S46.mp3
skzyNr-frog_bunuk	202.68	207.36	0	skzyNr-frog_bunuk_S47.mp3
skzyNr-frog_bunuk	207.36	210.44	0	skzyNr-frog_bunuk_S48.mp3
skzyNr-frog_bunuk	210.44	212.37	0	skzyNr-frog_bunuk_S49.mp3
skzyNr-frog_bunuk	212.37	219.07	0	skzyNr-frog_bunuk_S50.mp3
skzyNr-frog_bunuk	219.07	225.62	0	skzyNr-frog_bunuk_S51.mp3
skzyNr-frog_bunuk	225.62	231.62	0	skzyNr-frog_bunuk_S52.mp3
skzyNr-frog_bunuk	231.62	234.98	0	skzyNr-frog_bunuk_S53.mp3
skzyNr-frog_bunuk	234.98	238.67	0	skzyNr-frog_bunuk_S54.mp3
skzyNr-frog_bunuk	238.67	242.44	0	skzyNr-frog_bunuk_S55.mp3
skzyNr-frog_bunuk	242.44	250.43	0	skzyNr-frog_bunuk_S56.mp3
skzyNr-frog_bunuk	250.43	263.77	0	skzyNr-frog_bunuk_S57.mp3
skzyNr-frog_bunuk	263.77	268.21	0	skzyNr-frog_bunuk_S58.mp3
skzyNr-frog_bunuk	268.21	272.77	0	skzyNr-frog_bunuk_S59.mp3
skzyNr-frog_bunuk	272.77	276.14	0	skzyNr-frog_bunuk_S60.mp3
skzyNr-frog_bunuk	276.14	283.5	0	skzyNr-frog_bunuk_S61.mp3
skzyNr-frog_bunuk	283.5	292.96	0	skzyNr-frog_bunuk_S62.mp3
skzyNr-frog_bunuk	292.96	296.44	0	skzyNr-frog_bunuk_S63.mp3
skzyNr-frog_bunuk	296.44	301.31	0	skzyNr-frog_bunuk_S64.mp3
skzyNr-frog_bunuk	301.31	304.62	0	skzyNr-frog_bunuk_S65.mp3
skzyNr-frog_bunuk	304.62	309.61	0	skzyNr-frog_bunuk_S66.mp3
skzyNr-frog_bunuk	309.61	311.86	0	skzyNr-frog_bunuk_S67.mp3
skzyNr-frog_bunuk	311.86	321.28	0	skzyNr-frog_bunuk_S68.mp3
skzyNr-frog_bunuk	321.28	328.04	0	skzyNr-frog_bunuk_S69.mp3
skzyNr-frog_bunuk	328.04	333.61	0	skzyNr-frog_bunuk_S70.mp3
skzyNr-frog_bunuk	333.61	337.44	0	skzyNr-frog_bunuk_S71.mp3
skzyNr-frog_bunuk	337.44	343.23	0	skzyNr-frog_bunuk_S72.mp3
skzyNr-frog_bunuk	343.23	350.42	0	skzyNr-frog_bunuk_S73.mp3
skzyNr-frog_bunuk	350.42	354.73	0	skzyNr-frog_bunuk_S74.mp3
skzyNr-frog_bunuk	354.73	356.6	0	skzyNr-frog_bunuk_S75.mp3
skzyNr-frog_bunuk	356.6	358.35	0	skzyNr-frog_bunuk_S76.mp3
skzyNr-frog_bunuk	358.35	360.62	0	skzyNr-frog_bunuk_S77.mp3
skzyNr-frog_bunuk	360.62	365.75	0	skzyNr-frog_bunuk_S78.mp3
skzyNr-frog_bunuk	365.75	370.03	0	skzyNr-frog_bunuk_S79.mp3
skzyNr-frog_bunuk	370.03	373.81	0	skzyNr-frog_bunuk_S80.mp3
skzyNr-frog_bunuk	373.81	378.25	0	skzyNr-frog_bunuk_S81.mp3
skzyNr-frog_bunuk	378.25	381.97	0	skzyNr-frog_bunuk_S82.mp3
skzyNr-frog_bunuk	381.97	386.71	0	skzyNr-frog_bunuk_S83.mp3
skzyNr-frog_bunuk	386.71	391.28	0	skzyNr-frog_bunuk_S84.mp3
skzyNr-frog_bunuk	391.28	394.44	0	skzyNr-frog_bunuk_S85.mp3
skzyNr-frog_bunuk	394.44	397.84	0	skzyNr-frog_bunuk_S86.mp3
skzyNr-frog_bunuk	397.84	402.56	0	skzyNr-frog_bunuk_S87.mp3
skzyNr-frog_bunuk	402.56	404.82	0	skzyNr-frog_bunuk_S88.mp3
skzyNr-frog_bunuk	404.82	407.94	0	skzyNr-frog_bunuk_S89.mp3
skzyNr-frog_dungi	0.0	2.5	0	skzyNr-frog_dungi_S0.mp3
skzyNr-frog_dungi	2.5	5.01	0	skzyNr-frog_dungi_S1.mp3
skzyNr-frog_dungi	5.01	12.83	0	skzyNr-frog_dungi_S2.mp3
skzyNr-frog_dungi	12.83	17.59	0	skzyNr-frog_dungi_S3.mp3
skzyNr-frog_dungi	17.59	20.53	0	skzyNr-frog_dungi_S4.mp3
skzyNr-frog_dungi	20.53	24.9	0	skzyNr-frog_dungi_S5.mp3
skzyNr-frog_dungi	24.9	30.27	0	skzyNr-frog_dungi_S6.mp3
skzyNr-frog_dungi	30.27	38.61	0	skzyNr-frog_dungi_S7.mp3
skzyNr-frog_dungi	38.61	43.96	0	skzyNr-frog_dungi_S8.mp3
skzyNr-frog_dungi	43.96	46.21	0	skzyNr-frog_dungi_S9.mp3
skzyNr-frog_dungi	46.21	48.32	0	skzyNr-frog_dungi_S10.mp3
skzyNr-frog_dungi	48.32	57.44	0	skzyNr-frog_dungi_S11.mp3
skzyNr-frog_dungi	57.44	61.44	0	skzyNr-frog_dungi_S12.mp3
skzyNr-frog_dungi	61.44	63.74	0	skzyNr-frog_dungi_S13.mp3
skzyNr-frog_dungi	63.74	69.76	0	skzyNr-frog_dungi_S14.mp3
skzyNr-frog_dungi	69.76	73.36	0	skzyNr-frog_dungi_S15.mp3
skzyNr-frog_dungi	73.36	75.16	0	skzyNr-frog_dungi_S16.mp3
skzyNr-frog_dungi	75.16	80.07	0	skzyNr-frog_dungi_S17.mp3
skzyNr-frog_dungi	80.07	83.87	0	skzyNr-frog_dungi_S18.mp3
skzyNr-frog_dungi	83.87	89.68	0	skzyNr-frog_dungi_S19.mp3
skzyNr-frog_dungi	89.68	98.4	0	skzyNr-frog_dungi_S20.mp3
skzyNr-frog_dungi	98.4	106.58	0	skzyNr-frog_dungi_S21.mp3
skzyNr-frog_dungi	106.58	111.69	0	skzyNr-frog_dungi_S22.mp3
skzyNr-frog_dungi	111.69	115.78	0	skzyNr-frog_dungi_S23.mp3
skzyNr-frog_dungi	115.78	119.77	0	skzyNr-frog_dungi_S24.mp3
skzyNr-frog_dungi	119.77	122.06	0	skzyNr-frog_dungi_S25.mp3
skzyNr-frog_dungi	122.06	127.56	0	skzyNr-frog_dungi_S26.mp3
skzyNr-frog_dungi	127.56	131.89	0	skzyNr-frog_dungi_S27.mp3
skzyNr-frog_dungi	131.89	135.85	0	skzyNr-frog_dungi_S28.mp3
skzyNr-frog_dungi	135.85	139.2	0	skzyNr-frog_dungi_S29.mp3
skzyNr-frog_dungi	139.2	146.36	0	skzyNr-frog_dungi_S30.mp3
skzyNr-frog_dungi	146.36	149.59	0	skzyNr-frog_dungi_S31.mp3
skzyNr-frog_dungi	149.59	152.32	0	skzyNr-frog_dungi_S32.mp3
skzyNr-frog_dungi	152.32	154.36	0	skzyNr-frog_dungi_S33.mp3
skzyNr-frog_dungi	154.36	156.34	0	skzyNr-frog_dungi_S34.mp3
skzyNr-frog_dungi	156.34	160.96	0	skzyNr-frog_dungi_S35.mp3
skzyNr-frog_dungi	160.96	164.57	0	skzyNr-frog_dungi_S36.mp3
skzyNr-frog_dungi	164.57	166.7	0	skzyNr-frog_dungi_S37.mp3
skzyNr-frog_dungi	166.7	169.06	0	skzyNr-frog_dungi_S38.mp3
skzyNr-frog_dungi	169.06	173.02	0	skzyNr-frog_dungi_S39.mp3
skzyNr-frog_dungi	173.02	175.67	0	skzyNr-frog_dungi_S40.mp3
skzyNr-frog_dungi	175.67	178.11	0	skzyNr-frog_dungi_S41.mp3
skzyNr-frog_dungi	178.11	181.51	0	skzyNr-frog_dungi_S42.mp3
skzyNr-frog_dungi	181.51	186.32	0	skzyNr-frog_dungi_S43.mp3
skzyNr-frog_dungi	186.32	187.88	0	skzyNr-frog_dungi_S44.mp3
skzyNr-frog_dungi	187.88	190.49	0	skzyNr-frog_dungi_S45.mp3
skzyNr-frog_dungi	190.49	196.5	0	skzyNr-frog_dungi_S46.mp3
skzyNr-frog_dungi	196.5	204.66	0	skzyNr-frog_dungi_S47.mp3
skzyNr-frog_dungi	204.66	206.54	0	skzyNr-frog_dungi_S48.mp3
skzyNr-frog_dungi	206.54	209.92	0	skzyNr-frog_dungi_S49.mp3
skzyNr-frog_dungi	209.92	212.68	0	skzyNr-frog_dungi_S50.mp3
skzyNr-frog_dungi	212.68	215.05	0	skzyNr-frog_dungi_S51.mp3
skzyNr-frog_dungi	215.05	217.64	0	skzyNr-frog_dungi_S52.mp3
skzyNr-frog_dungi	217.64	220.68	0	skzyNr-frog_dungi_S53.mp3
skzyNr-frog_dungi	220.68	224.13	0	skzyNr-frog_dungi_S54.mp3
skzyNr-frog_dungi	224.13	226.55	0	skzyNr-frog_dungi_S55.mp3
skzyNr-frog_dungi	226.55	232.2	0	skzyNr-frog_dungi_S56.mp3
skzyNr-frog_dungi	232.2	237.24	0	skzyNr-frog_dungi_S57.mp3
skzyNr-frog_panay	0.0	8.57	0	skzyNr-frog_panay_S0.mp3
skzyNr-frog_panay	8.57	13.12	0	skzyNr-frog_panay_S1.mp3
skzyNr-frog_panay	13.12	15.97	0	skzyNr-frog_panay_S2.mp3
skzyNr-frog_panay	15.97	21.9	0	skzyNr-frog_panay_S3.mp3
skzyNr-frog_panay	21.9	27.39	0	skzyNr-frog_panay_S4.mp3
skzyNr-frog_panay	27.39	32.7	0	skzyNr-frog_panay_S5.mp3
skzyNr-frog_panay	32.7	35.06	0	skzyNr-frog_panay_S6.mp3
skzyNr-frog_panay	35.06	37.02	0	skzyNr-frog_panay_S7.mp3
skzyNr-frog_panay	37.02	40.53	0	skzyNr-frog_panay_S8.mp3
skzyNr-frog_panay	40.53	43.28	0	skzyNr-frog_panay_S9.mp3
skzyNr-frog_panay	43.28	50.74	0	skzyNr-frog_panay_S10.mp3
skzyNr-frog_panay	50.74	55.77	0	skzyNr-frog_panay_S11.mp3
skzyNr-frog_panay	55.77	59.53	0	skzyNr-frog_panay_S12.mp3
skzyNr-frog_panay	59.53	68.38	0	skzyNr-frog_panay_S13.mp3
skzyNr-frog_panay	68.38	72.85	0	skzyNr-frog_panay_S14.mp3
skzyNr-frog_panay	72.85	77.51	0	skzyNr-frog_panay_S15.mp3
skzyNr-frog_panay	77.51	81.85	0	skzyNr-frog_panay_S16.mp3
skzyNr-frog_panay	81.85	86.25	0	skzyNr-frog_panay_S17.mp3
skzyNr-frog_panay	86.25	90.64	0	skzyNr-frog_panay_S18.mp3
skzyNr-frog_panay	90.64	100.15	0	skzyNr-frog_panay_S19.mp3
skzyNr-frog_panay	100.15	106.41	0	skzyNr-frog_panay_S20.mp3
skzyNr-frog_panay	106.41	110.41	0	skzyNr-frog_panay_S21.mp3
skzyNr-frog_panay	110.41	115.49	0	skzyNr-frog_panay_S22.mp3
skzyNr-frog_panay	115.49	120.33	0	skzyNr-frog_panay_S23.mp3
skzyNr-frog_panay	120.33	124.77	0	skzyNr-frog_panay_S24.mp3
skzyNr-frog_panay	124.77	130.24	0	skzyNr-frog_panay_S25.mp3
skzyNr-frog_panay	130.24	140.34	0	skzyNr-frog_panay_S26.mp3
skzyNr-frog_panay	140.34	147.3	0	skzyNr-frog_panay_S27.mp3
skzyNr-frog_panay	147.3	150.87	0	skzyNr-frog_panay_S28.mp3
skzyNr-frog_panay	150.87	154.25	0	skzyNr-frog_panay_S29.mp3
skzyNr-frog_panay	154.25	159.11	0	skzyNr-frog_panay_S30.mp3
skzyNr-frog_panay	159.11	166.44	0	skzyNr-frog_panay_S31.mp3
skzyNr-frog_panay	166.44	171.3	0	skzyNr-frog_panay_S32.mp3
skzyNr-frog_panay	171.3	179.14	0	skzyNr-frog_panay_S33.mp3
skzyNr-frog_panay	179.14	182.73	0	skzyNr-frog_panay_S34.mp3
skzyNr-frog_panay	182.73	187.35	0	skzyNr-frog_panay_S35.mp3
skzyNr-frog_panay	187.35	191.73	0	skzyNr-frog_panay_S36.mp3
skzyNr-frog_panay	191.73	199.61	0	skzyNr-frog_panay_S37.mp3
skzyNr-frog_panay	199.61	205.17	0	skzyNr-frog_panay_S38.mp3
skzyNr-frog_panay	205.17	210.14	0	skzyNr-frog_panay_S39.mp3
skzyNr-frog_panay	210.14	212.66	0	skzyNr-frog_panay_S40.mp3
skzyNr-frog_panay	212.66	218.96	0	skzyNr-frog_panay_S41.mp3
skzyNr-frog_panay	218.96	230.77	0	skzyNr-frog_panay_S42.mp3
skzyNr-frog_panay	230.77	239.87	0	skzyNr-frog_panay_S43.mp3
skzyNr-frog_panay	239.87	247.23	0	skzyNr-frog_panay_S44.mp3
skzyNr-frog_panay	247.23	258.18	0	skzyNr-frog_panay_S45.mp3
skzyNr-frog_panay	258.18	266.6	0	skzyNr-frog_panay_S46.mp3
skzyNr-frog_panay	266.6	269.44	0	skzyNr-frog_panay_S47.mp3
skzyNr-frog_panay	269.44	276.61	0	skzyNr-frog_panay_S48.mp3
skzyNr-frog_panay	276.61	278.73	0	skzyNr-frog_panay_S49.mp3
skzyNr-frog_panay	278.73	285.05	0	skzyNr-frog_panay_S50.mp3
skzyNr-frog_panay	285.05	294.08	0	skzyNr-frog_panay_S51.mp3
skzyNr-frog_panay	294.08	306.13	0	skzyNr-frog_panay_S52.mp3
skzyNr-frog_panay	306.13	308.08	0	skzyNr-frog_panay_S53.mp3
skzyNr-frog_sinay	0.0	6.39	0	skzyNr-frog_sinay_S0.mp3
skzyNr-frog_sinay	6.39	9.44	0	skzyNr-frog_sinay_S1.mp3
skzyNr-frog_sinay	9.44	23.2	0	skzyNr-frog_sinay_S2.mp3
skzyNr-frog_sinay	23.2	34.31	0	skzyNr-frog_sinay_S3.mp3
skzyNr-frog_sinay	34.31	40.87	0	skzyNr-frog_sinay_S4.mp3
skzyNr-frog_sinay	40.87	49.81	0	skzyNr-frog_sinay_S5.mp3
skzyNr-frog_sinay	49.81	54.15	0	skzyNr-frog_sinay_S6.mp3
skzyNr-frog_sinay	54.15	57.81	0	skzyNr-frog_sinay_S7.mp3
skzyNr-frog_sinay	57.81	59.88	0	skzyNr-frog_sinay_S8.mp3
skzyNr-frog_sinay	59.88	73.38	0	skzyNr-frog_sinay_S9.mp3
skzyNr-frog_sinay	73.38	81.82	0	skzyNr-frog_sinay_S10.mp3
skzyNr-frog_sinay	81.82	86.59	0	skzyNr-frog_sinay_S11.mp3
skzyNr-frog_sinay	86.59	88.42	0	skzyNr-frog_sinay_S12.mp3
skzyNr-frog_sinay	88.42	90.52	0	skzyNr-frog_sinay_S13.mp3
skzyNr-frog_sinay	90.52	96.89	0	skzyNr-frog_sinay_S14.mp3
skzyNr-frog_sinay	96.89	104.59	0	skzyNr-frog_sinay_S15.mp3
skzyNr-frog_sinay	104.59	106.22	0	skzyNr-frog_sinay_S16.mp3
skzyNr-frog_sinay	106.22	108.59	0	skzyNr-frog_sinay_S17.mp3
skzyNr-frog_sinay	108.59	119.71	0	skzyNr-frog_sinay_S18.mp3
skzyNr-frog_sinay	119.71	124.08	0	skzyNr-frog_sinay_S19.mp3
skzyNr-frog_sinay	124.08	133.09	0	skzyNr-frog_sinay_S20.mp3
skzyNr-frog_sinay	133.09	138.07	0	skzyNr-frog_sinay_S21.mp3
skzyNr-frog_sinay	138.07	139.92	0	skzyNr-frog_sinay_S22.mp3
skzyNr-frog_sinay	139.92	142.77	0	skzyNr-frog_sinay_S23.mp3
skzyNr-frog_sinay	142.77	144.93	0	skzyNr-frog_sinay_S24.mp3
skzyNr-frog_sinay	144.93	152.97	0	skzyNr-frog_sinay_S25.mp3
skzyNr-frog_sinay	152.97	160.4	0	skzyNr-frog_sinay_S26.mp3
skzyNr-frog_sinay	160.4	164.2	0	skzyNr-frog_sinay_S27.mp3
skzyNr-frog_sinay	164.2	166.15	0	skzyNr-frog_sinay_S28.mp3
skzyNr-frog_sinay	166.15	178.55	0	skzyNr-frog_sinay_S29.mp3
skzyNr-frog_sinay	178.55	189.39	0	skzyNr-frog_sinay_S30.mp3
skzyNr-frog_sinay	189.39	195.48	0	skzyNr-frog_sinay_S31.mp3
skzyNr-frog_sinay	195.48	197.58	0	skzyNr-frog_sinay_S32.mp3
skzyNr-frog_sinay	197.58	204.38	0	skzyNr-frog_sinay_S33.mp3
skzyNr-frog_sinay	204.38	212.53	0	skzyNr-frog_sinay_S34.mp3
skzyNr-frog_sinay	212.53	217.22	0	skzyNr-frog_sinay_S35.mp3
skzyNr-frog_sinay	217.22	220.84	0	skzyNr-frog_sinay_S36.mp3
skzyNr-frog_sinay	220.84	223.67	0	skzyNr-frog_sinay_S37.mp3
skzyNr-frog_sinay	223.67	227.8	0	skzyNr-frog_sinay_S38.mp3
skzyNr-hunting_kaniw	0.0	8.14	0	skzyNr-hunting_kaniw_S0.mp3
skzyNr-hunting_kaniw	8.14	23.22	0	skzyNr-hunting_kaniw_S1.mp3
skzyNr-hunting_kaniw	23.22	33.39	0	skzyNr-hunting_kaniw_S2.mp3
skzyNr-hunting_kaniw	33.39	40.59	0	skzyNr-hunting_kaniw_S3.mp3
skzyNr-hunting_kaniw	40.59	42.53	0	skzyNr-hunting_kaniw_S4.mp3
skzyNr-hunting_kaniw	42.53	45.52	0	skzyNr-hunting_kaniw_S5.mp3
skzyNr-hunting_kaniw	45.52	49.48	0	skzyNr-hunting_kaniw_S6.mp3
skzyNr-hunting_kaniw	49.48	51.06	0	skzyNr-hunting_kaniw_S7.mp3
skzyNr-hunting_kaniw	51.06	59.46	0	skzyNr-hunting_kaniw_S8.mp3
skzyNr-hunting_kaniw	59.46	73.52	0	skzyNr-hunting_kaniw_S9.mp3
skzyNr-hunting_kaniw	73.52	75.9	0	skzyNr-hunting_kaniw_S10.mp3
skzyNr-hunting_kaniw	75.9	78.41	0	skzyNr-hunting_kaniw_S11.mp3
skzyNr-hunting_kaniw	78.41	83.77	0	skzyNr-hunting_kaniw_S12.mp3
skzyNr-hunting_kaniw	83.77	90.76	0	skzyNr-hunting_kaniw_S13.mp3
skzyNr-hunting_kaniw	90.76	96.57	0	skzyNr-hunting_kaniw_S14.mp3
skzyNr-hunting_kaniw	96.57	98.82	0	skzyNr-hunting_kaniw_S15.mp3
skzyNr-hunting_kaniw	98.82	102.08	0	skzyNr-hunting_kaniw_S16.mp3
skzyNr-hunting_kaniw	102.08	109.67	0	skzyNr-hunting_kaniw_S17.mp3
skzyNr-hunting_kaniw	109.67	113.68	0	skzyNr-hunting_kaniw_S18.mp3
skzyNr-hunting_kaniw	113.68	117.99	0	skzyNr-hunting_kaniw_S19.mp3
skzyNr-hunting_kaniw	117.99	123.87	0	skzyNr-hunting_kaniw_S20.mp3
skzyNr-hunting_kaniw	123.87	130.19	0	skzyNr-hunting_kaniw_S21.mp3
skzyNr-hunting_kaniw	130.19	132.0	0	skzyNr-hunting_kaniw_S22.mp3
skzyNr-hunting_kaniw	132.0	136.26	0	skzyNr-hunting_kaniw_S23.mp3
skzyNr-hunting_kaniw	136.26	142.18	0	skzyNr-hunting_kaniw_S24.mp3
skzyNr-hunting_kaniw	142.18	153.16	0	skzyNr-hunting_kaniw_S25.mp3
skzyNr-hunting_kaniw	153.16	158.1	0	skzyNr-hunting_kaniw_S26.mp3
skzyNr-hunting_kaniw	158.1	162.71	0	skzyNr-hunting_kaniw_S27.mp3
skzyNr-hunting_kaniw	162.71	164.65	0	skzyNr-hunting_kaniw_S28.mp3
skzyNr-hunting_kaniw	164.65	169.23	0	skzyNr-hunting_kaniw_S29.mp3
skzyNr-hunting_kaniw	169.23	179.36	0	skzyNr-hunting_kaniw_S30.mp3
skzyNr-hunting_kaniw	179.36	183.83	0	skzyNr-hunting_kaniw_S31.mp3
skzyNr-hunting_kaniw	183.83	187.53	0	skzyNr-hunting_kaniw_S32.mp3
skzyNr-hunting_kaniw	187.53	188.9	0	skzyNr-hunting_kaniw_S33.mp3
skzyNr-hunting_kaniw	188.9	196.87	0	skzyNr-hunting_kaniw_S34.mp3
skzyNr-hunting_kaniw	196.87	199.24	0	skzyNr-hunting_kaniw_S35.mp3
skzyNr-hunting_kaniw	199.24	207.37	0	skzyNr-hunting_kaniw_S36.mp3
skzyNr-hunting_kaniw	207.37	209.49	0	skzyNr-hunting_kaniw_S37.mp3
skzyNr-hunting_kaniw	209.49	213.5	0	skzyNr-hunting_kaniw_S38.mp3
skzyNr-hunting_kaniw	213.5	216.34	0	skzyNr-hunting_kaniw_S39.mp3
skzyNr-hunting_kaniw	216.34	223.8	0	skzyNr-hunting_kaniw_S40.mp3
skzyNr-hunting_kaniw	223.8	227.21	0	skzyNr-hunting_kaniw_S41.mp3
skzyNr-hunting_kaniw	227.21	233.22	0	skzyNr-hunting_kaniw_S42.mp3
skzyNr-hunting_kaniw	233.22	236.38	0	skzyNr-hunting_kaniw_S43.mp3
skzyNr-hunting_kaniw	236.38	244.86	0	skzyNr-hunting_kaniw_S44.mp3
skzyNr-hunting_kaniw	244.86	252.0	0	skzyNr-hunting_kaniw_S45.mp3
skzyNr-hunting_kaniw	252.0	257.42	0	skzyNr-hunting_kaniw_S46.mp3
skzyNr-hunting_kaniw	257.42	262.91	0	skzyNr-hunting_kaniw_S47.mp3
skzyNr-hunting_kaniw	262.91	266.72	0	skzyNr-hunting_kaniw_S48.mp3
skzyNr-maibol_Panay	0.0	6.56	0	skzyNr-maibol_Panay_S0.mp3
skzyNr-maibol_Panay	6.56	9.7	0	skzyNr-maibol_Panay_S1.mp3
skzyNr-maibol_Panay	9.7	13.45	0	skzyNr-maibol_Panay_S2.mp3
skzyNr-maibol_Panay	13.45	16.67	0	skzyNr-maibol_Panay_S3.mp3
skzyNr-maibol_Panay	16.67	22.65	0	skzyNr-maibol_Panay_S4.mp3
skzyNr-maibol_Panay	22.65	27.31	0	skzyNr-maibol_Panay_S5.mp3
skzyNr-maibol_Panay	27.31	29.48	0	skzyNr-maibol_Panay_S6.mp3
skzyNr-maibol_Panay	29.48	33.16	0	skzyNr-maibol_Panay_S7.mp3
skzyNr-maibol_Panay	33.16	35.78	0	skzyNr-maibol_Panay_S8.mp3
skzyNr-maibol_Panay	35.78	39.49	0	skzyNr-maibol_Panay_S9.mp3
skzyNr-maibol_Panay	39.49	43.07	0	skzyNr-maibol_Panay_S10.mp3
skzyNr-maibol_Panay	43.07	45.64	0	skzyNr-maibol_Panay_S11.mp3
skzyNr-maibol_Panay	45.64	49.62	0	skzyNr-maibol_Panay_S12.mp3
skzyNr-maibol_Panay	49.62	63.97	0	skzyNr-maibol_Panay_S13.mp3
skzyNr-maibol_Panay	63.97	66.77	0	skzyNr-maibol_Panay_S14.mp3
skzyNr-maibol_Panay	66.77	71.78	0	skzyNr-maibol_Panay_S15.mp3
skzyNr-maibol_Panay	71.78	75.87	0	skzyNr-maibol_Panay_S16.mp3
skzyNr-maibol_Panay	75.87	78.59	0	skzyNr-maibol_Panay_S17.mp3
skzyNr-maibol_Panay	78.59	81.56	0	skzyNr-maibol_Panay_S18.mp3
skzyNr-maibol_Panay	81.56	85.0	0	skzyNr-maibol_Panay_S19.mp3
skzyNr-maibol_Panay	85.0	90.31	0	skzyNr-maibol_Panay_S20.mp3
skzyNr-palamal_kaniw	0.0	12.47	0	skzyNr-palamal_kaniw_S0.mp3
skzyNr-palamal_kaniw	12.47	15.11	0	skzyNr-palamal_kaniw_S1.mp3
skzyNr-palamal_kaniw	15.11	24.04	0	skzyNr-palamal_kaniw_S2.mp3
skzyNr-palamal_kaniw	24.04	30.07	0	skzyNr-palamal_kaniw_S3.mp3
skzyNr-palamal_kaniw	30.07	34.18	0	skzyNr-palamal_kaniw_S4.mp3
skzyNr-palamal_kaniw	34.18	40.42	0	skzyNr-palamal_kaniw_S5.mp3
skzyNr-palamal_kaniw	40.42	44.72	0	skzyNr-palamal_kaniw_S6.mp3
skzyNr-palamal_kaniw	44.72	47.59	0	skzyNr-palamal_kaniw_S7.mp3
skzyNr-palamal_kaniw	47.59	55.93	0	skzyNr-palamal_kaniw_S8.mp3
skzyNr-palamal_kaniw	55.93	58.24	0	skzyNr-palamal_kaniw_S9.mp3
skzyNr-palamal_kaniw	58.24	60.11	0	skzyNr-palamal_kaniw_S10.mp3
skzyNr-palamal_kaniw	60.11	67.13	0	skzyNr-palamal_kaniw_S11.mp3
skzyNr-palamal_kaniw	67.13	70.29	0	skzyNr-palamal_kaniw_S12.mp3
skzyNr-palamal_kaniw	70.29	79.27	0	skzyNr-palamal_kaniw_S13.mp3
skzyNr-palamal_kaniw	79.27	83.32	0	skzyNr-palamal_kaniw_S14.mp3
skzyNr-palamal_kaniw	83.32	87.41	0	skzyNr-palamal_kaniw_S15.mp3
skzyNr-palamal_kaniw	87.41	91.59	0	skzyNr-palamal_kaniw_S16.mp3
skzyNr-palamal_kaniw	91.59	94.74	0	skzyNr-palamal_kaniw_S17.mp3
skzyNr-palamal_kaniw	94.74	104.18	0	skzyNr-palamal_kaniw_S18.mp3
skzyNr-palamal_kaniw	104.18	112.16	0	skzyNr-palamal_kaniw_S19.mp3
skzyNr-palamal_kaniw	112.16	115.84	0	skzyNr-palamal_kaniw_S20.mp3
skzyNr-palamal_kaniw	115.84	117.7	0	skzyNr-palamal_kaniw_S21.mp3
skzyNr-palamal_kaniw	117.7	123.98	0	skzyNr-palamal_kaniw_S22.mp3
skzyNr-palamal_kaniw	123.98	126.76	0	skzyNr-palamal_kaniw_S23.mp3
skzyNr-palamal_kaniw	126.76	128.44	0	skzyNr-palamal_kaniw_S24.mp3
skzyNr-palamal_kaniw	128.44	136.65	0	skzyNr-palamal_kaniw_S25.mp3
skzyNr-palamal_kaniw	136.65	139.93	0	skzyNr-palamal_kaniw_S26.mp3
skzyNr-palamal_kaniw	139.93	145.8	0	skzyNr-palamal_kaniw_S27.mp3
skzyNr-palamal_kaniw	145.8	153.04	0	skzyNr-palamal_kaniw_S28.mp3
skzyNr-palamal_kaniw	153.04	166.77	0	skzyNr-palamal_kaniw_S29.mp3
skzyNr-palamal_kaniw	166.77	169.61	0	skzyNr-palamal_kaniw_S30.mp3
skzyNr-palamal_kaniw	169.61	177.83	0	skzyNr-palamal_kaniw_S31.mp3
skzyNr-palamal_kaniw	177.83	183.42	0	skzyNr-palamal_kaniw_S32.mp3
skzyNr-palamal_kaniw	183.42	188.39	0	skzyNr-palamal_kaniw_S33.mp3
skzyNr-palamal_kaniw	188.39	191.91	0	skzyNr-palamal_kaniw_S34.mp3
skzyNr-palamal_kaniw	191.91	195.79	0	skzyNr-palamal_kaniw_S35.mp3
skzyNr-palamal_kaniw	195.79	200.2	0	skzyNr-palamal_kaniw_S36.mp3
skzyNr-palamal_kaniw	200.2	206.93	0	skzyNr-palamal_kaniw_S37.mp3
skzyNr-palamal_kaniw	206.93	209.79	0	skzyNr-palamal_kaniw_S38.mp3
skzyNr-palamal_kaniw	209.79	214.03	0	skzyNr-palamal_kaniw_S39.mp3
skzyNr-palamal_kaniw	214.03	218.5	0	skzyNr-palamal_kaniw_S40.mp3
skzyNr-palamal_kaniw	218.5	221.5	0	skzyNr-palamal_kaniw_S41.mp3
skzyNr-palamal_kaniw	221.5	224.65	0	skzyNr-palamal_kaniw_S42.mp3
skzyNr-palamal_kaniw	224.65	236.17	0	skzyNr-palamal_kaniw_S43.mp3
skzyNr-palamal_kaniw	236.17	238.92	0	skzyNr-palamal_kaniw_S44.mp3
skzyNr-palamal_kaniw	238.92	242.5	0	skzyNr-palamal_kaniw_S45.mp3
skzyNr-palamal_kaniw	242.5	244.63	0	skzyNr-palamal_kaniw_S46.mp3
skzyNr-palamal_kaniw	244.63	247.46	0	skzyNr-palamal_kaniw_S47.mp3
skzyNr-palamal_kaniw	247.46	251.7	0	skzyNr-palamal_kaniw_S48.mp3
skzyNr-palamal_kaniw	251.7	256.3	0	skzyNr-palamal_kaniw_S49.mp3
skzyNr-palamal_kaniw	256.3	262.68	0	skzyNr-palamal_kaniw_S50.mp3
skzyNr-palamal_kaniw	262.68	264.99	0	skzyNr-palamal_kaniw_S51.mp3
skzyNr-palamal_kaniw	264.99	267.08	0	skzyNr-palamal_kaniw_S52.mp3
skzyNr-palamal_kaniw	267.08	270.22	0	skzyNr-palamal_kaniw_S53.mp3
skzyNr-palamal_kaniw	270.22	273.89	0	skzyNr-palamal_kaniw_S54.mp3
skzyNr-palamal_kaniw	273.89	280.86	0	skzyNr-palamal_kaniw_S55.mp3
skzyNr-palamal_kaniw	280.86	282.01	0	skzyNr-palamal_kaniw_S56.mp3
skzyNr-palamal_kaniw	282.01	286.41	0	skzyNr-palamal_kaniw_S57.mp3
skzyNr-palamal_kaniw	286.41	289.73	0	skzyNr-palamal_kaniw_S58.mp3
skzyNr-palamal_kaniw	289.73	296.35	0	skzyNr-palamal_kaniw_S59.mp3
skzyNr-palamal_kaniw	296.35	299.96	0	skzyNr-palamal_kaniw_S60.mp3
skzyNr-palamal_kaniw	299.96	304.59	0	skzyNr-palamal_kaniw_S61.mp3
skzyNr-palamal_kaniw	304.59	310.81	0	skzyNr-palamal_kaniw_S62.mp3
skzyNr-palamal_kaniw	310.81	312.81	0	skzyNr-palamal_kaniw_S63.mp3
skzyNr-palamal_kaniw	312.81	314.18	0	skzyNr-palamal_kaniw_S64.mp3
skzyNr-palamal_kaniw	314.18	315.32	0	skzyNr-palamal_kaniw_S65.mp3
skzyNr-palamal_kaniw	315.32	319.9	0	skzyNr-palamal_kaniw_S66.mp3
skzyNr-palamal_kaniw	319.9	321.99	0	skzyNr-palamal_kaniw_S67.mp3
skzyNr-palamal_kaniw	321.99	325.69	0	skzyNr-palamal_kaniw_S68.mp3
skzyNr-palamal_kaniw	325.69	333.48	0	skzyNr-palamal_kaniw_S69.mp3
skzyNr-palamal_kaniw	333.48	336.48	0	skzyNr-palamal_kaniw_S70.mp3
skzyNr-palamal_kaniw	336.48	340.15	0	skzyNr-palamal_kaniw_S71.mp3
skzyNr-palamal_kaniw	340.15	344.29	0	skzyNr-palamal_kaniw_S72.mp3
skzyNr-palamal_kaniw	344.29	348.6	0	skzyNr-palamal_kaniw_S73.mp3
skzyNr-palamal_kaniw	348.6	353.07	0	skzyNr-palamal_kaniw_S74.mp3
skzyNr-palamal_kaniw	353.07	356.67	0	skzyNr-palamal_kaniw_S75.mp3
skzyNr-palamal_kaniw	356.67	365.76	0	skzyNr-palamal_kaniw_S76.mp3
skzyNr-palamal_kaniw	365.76	377.02	0	skzyNr-palamal_kaniw_S77.mp3
skzyNr-palamal_kaniw	377.02	382.63	0	skzyNr-palamal_kaniw_S78.mp3
skzyNr-palamal_kaniw	382.63	390.8	0	skzyNr-palamal_kaniw_S79.mp3
skzyNr-palamal_kaniw	390.8	394.44	0	skzyNr-palamal_kaniw_S80.mp3
skzyNr-palamal_kaniw	394.44	395.8	0	skzyNr-palamal_kaniw_S81.mp3
skzyNr-palamal_kaniw	395.8	405.8	0	skzyNr-palamal_kaniw_S82.mp3
skzyNr-palamal_kaniw	405.8	408.63	0	skzyNr-palamal_kaniw_S83.mp3
skzyNr-palamal_kaniw	408.63	410.26	0	skzyNr-palamal_kaniw_S84.mp3
skzyNr-palamal_kaniw	410.26	411.93	0	skzyNr-palamal_kaniw_S85.mp3
skzyNr-palamal_kaniw	411.93	413.59	0	skzyNr-palamal_kaniw_S86.mp3
skzyNr-palamal_kaniw	413.59	418.62	0	skzyNr-palamal_kaniw_S87.mp3
skzyNr-palamal_kaniw	418.62	421.06	0	skzyNr-palamal_kaniw_S88.mp3
skzyNr-palamal_kaniw	421.06	425.78	0	skzyNr-palamal_kaniw_S89.mp3
skzyNr-palamal_kaniw	425.78	429.13	0	skzyNr-palamal_kaniw_S90.mp3
skzyNr-palamal_kaniw	429.13	434.43	0	skzyNr-palamal_kaniw_S91.mp3
skzyNr-palamal_kaniw	434.43	436.1	0	skzyNr-palamal_kaniw_S92.mp3
skzyNr-palamal_kaniw	436.1	441.53	0	skzyNr-palamal_kaniw_S93.mp3
skzyNr-palamal_kaniw	441.53	446.44	0	skzyNr-palamal_kaniw_S94.mp3
skzyNr-palamal_kaniw	446.44	448.97	0	skzyNr-palamal_kaniw_S95.mp3
skzyNr-palamal_kaniw	448.97	451.78	0	skzyNr-palamal_kaniw_S96.mp3
skzyNr-palamal_kaniw	451.78	455.53	0	skzyNr-palamal_kaniw_S97.mp3
skzyNr-palamal_kaniw	455.53	457.13	0	skzyNr-palamal_kaniw_S98.mp3
skzyNr-palamal_kaniw	457.13	462.17	0	skzyNr-palamal_kaniw_S99.mp3
skzyNr-palamal_kaniw	462.17	464.64	0	skzyNr-palamal_kaniw_S100.mp3
skzyNr-palamal_kaniw	464.64	466.96	0	skzyNr-palamal_kaniw_S101.mp3
skzyNr-palamal_kaniw	466.96	475.05	0	skzyNr-palamal_kaniw_S102.mp3
skzyNr-palamal_kaniw	475.05	485.24	0	skzyNr-palamal_kaniw_S103.mp3
skzyNr-palamal_kaniw	485.24	487.14	0	skzyNr-palamal_kaniw_S104.mp3
skzyNr-palamal_kaniw	487.14	489.19	0	skzyNr-palamal_kaniw_S105.mp3
skzyNr-palamal_kaniw	489.19	491.17	0	skzyNr-palamal_kaniw_S106.mp3
skzyNr-palamal_kaniw	491.17	494.71	0	skzyNr-palamal_kaniw_S107.mp3
skzyNr-palamal_kaniw	494.71	496.16	0	skzyNr-palamal_kaniw_S108.mp3
skzyNr-palamal_kaniw	496.16	501.9	0	skzyNr-palamal_kaniw_S109.mp3
skzyNr-palamal_kaniw	501.9	503.93	0	skzyNr-palamal_kaniw_S110.mp3
skzyNr-palamal_kaniw	503.93	505.72	0	skzyNr-palamal_kaniw_S111.mp3
skzyNr-palamal_kaniw	505.72	507.13	0	skzyNr-palamal_kaniw_S112.mp3
skzyNr-pear_bunuk	0.0	2.68	0	skzyNr-pear_bunuk_S0.mp3
skzyNr-pear_bunuk	2.68	10.5	0	skzyNr-pear_bunuk_S1.mp3
skzyNr-pear_bunuk	10.5	15.55	0	skzyNr-pear_bunuk_S2.mp3
skzyNr-pear_bunuk	15.55	21.06	0	skzyNr-pear_bunuk_S3.mp3
skzyNr-pear_bunuk	21.06	22.89	0	skzyNr-pear_bunuk_S4.mp3
skzyNr-pear_bunuk	22.89	25.21	0	skzyNr-pear_bunuk_S5.mp3
skzyNr-pear_bunuk	25.21	32.15	0	skzyNr-pear_bunuk_S6.mp3
skzyNr-pear_bunuk	32.15	37.55	0	skzyNr-pear_bunuk_S7.mp3
skzyNr-pear_bunuk	37.55	42.43	0	skzyNr-pear_bunuk_S8.mp3
skzyNr-pear_bunuk	42.43	44.95	0	skzyNr-pear_bunuk_S9.mp3
skzyNr-pear_bunuk	44.95	50.03	0	skzyNr-pear_bunuk_S10.mp3
skzyNr-pear_bunuk	50.03	62.86	0	skzyNr-pear_bunuk_S11.mp3
skzyNr-pear_bunuk	62.86	67.91	0	skzyNr-pear_bunuk_S12.mp3
skzyNr-pear_bunuk	67.91	74.61	0	skzyNr-pear_bunuk_S13.mp3
skzyNr-pear_bunuk	74.61	78.61	0	skzyNr-pear_bunuk_S14.mp3
skzyNr-pear_bunuk	78.61	82.72	0	skzyNr-pear_bunuk_S15.mp3
skzyNr-pear_bunuk	82.72	87.46	0	skzyNr-pear_bunuk_S16.mp3
skzyNr-pear_bunuk	87.46	92.25	0	skzyNr-pear_bunuk_S17.mp3
skzyNr-pear_bunuk	92.25	94.83	0	skzyNr-pear_bunuk_S18.mp3
skzyNr-pear_bunuk	94.83	99.1	0	skzyNr-pear_bunuk_S19.mp3
skzyNr-pear_bunuk	99.1	103.13	0	skzyNr-pear_bunuk_S20.mp3
skzyNr-pear_bunuk	103.13	109.44	0	skzyNr-pear_bunuk_S21.mp3
skzyNr-pear_bunuk	109.44	121.34	0	skzyNr-pear_bunuk_S22.mp3
skzyNr-pear_bunuk	121.34	125.51	0	skzyNr-pear_bunuk_S23.mp3
skzyNr-pear_bunuk	125.51	129.67	0	skzyNr-pear_bunuk_S24.mp3
skzyNr-pear_bunuk	129.67	138.79	0	skzyNr-pear_bunuk_S25.mp3
skzyNr-pear_bunuk	138.79	147.2	0	skzyNr-pear_bunuk_S26.mp3
skzyNr-pear_bunuk	147.2	148.75	0	skzyNr-pear_bunuk_S27.mp3
skzyNr-pear_bunuk	148.75	155.33	0	skzyNr-pear_bunuk_S28.mp3
skzyNr-pear_bunuk	155.33	162.21	0	skzyNr-pear_bunuk_S29.mp3
skzyNr-pear_bunuk	162.21	166.88	0	skzyNr-pear_bunuk_S30.mp3
skzyNr-pear_bunuk	166.88	170.58	0	skzyNr-pear_bunuk_S31.mp3
skzyNr-pear_bunuk	170.58	172.58	0	skzyNr-pear_bunuk_S32.mp3
skzyNr-pear_bunuk	172.58	175.77	0	skzyNr-pear_bunuk_S33.mp3
skzyNr-pear_bunuk	175.77	177.84	0	skzyNr-pear_bunuk_S34.mp3
skzyNr-pear_bunuk	177.84	182.82	0	skzyNr-pear_bunuk_S35.mp3
skzyNr-pear_bunuk	182.82	186.9	0	skzyNr-pear_bunuk_S36.mp3
skzyNr-pear_bunuk	186.9	198.29	0	skzyNr-pear_bunuk_S37.mp3
skzyNr-pear_bunuk	198.29	199.51	0	skzyNr-pear_bunuk_S38.mp3
skzyNr-pear_bunuk	199.51	205.07	0	skzyNr-pear_bunuk_S39.mp3
skzyNr-pear_bunuk	205.07	206.18	0	skzyNr-pear_bunuk_S40.mp3
skzyNr-pear_bunuk	206.18	211.6	0	skzyNr-pear_bunuk_S41.mp3
skzyNr-pear_bunuk	211.6	220.5	0	skzyNr-pear_bunuk_S42.mp3
skzyNr-pear_bunuk	220.5	224.15	0	skzyNr-pear_bunuk_S43.mp3
skzyNr-pear_bunuk	224.15	228.22	0	skzyNr-pear_bunuk_S44.mp3
skzyNr-pear_bunuk	228.22	229.95	0	skzyNr-pear_bunuk_S45.mp3
skzyNr-pear_bunuk	229.95	234.93	0	skzyNr-pear_bunuk_S46.mp3
skzyNr-pear_bunuk	234.93	236.49	0	skzyNr-pear_bunuk_S47.mp3
skzyNr-pear_bunuk	236.49	238.69	0	skzyNr-pear_bunuk_S48.mp3
skzyNr-pear_bunuk	238.69	240.84	0	skzyNr-pear_bunuk_S49.mp3
skzyNr-pear_bunuk	240.84	246.27	0	skzyNr-pear_bunuk_S50.mp3
skzyNr-pear_bunuk	246.27	250.82	0	skzyNr-pear_bunuk_S51.mp3
skzyNr-pear_bunuk	250.82	252.83	0	skzyNr-pear_bunuk_S52.mp3
skzyNr-pear_bunuk	252.83	254.4	0	skzyNr-pear_bunuk_S53.mp3
skzyNr-pear_bunuk	254.4	265.52	0	skzyNr-pear_bunuk_S54.mp3
skzyNr-pear_bunuk	265.52	268.67	0	skzyNr-pear_bunuk_S55.mp3
skzyNr-pear_bunuk	268.67	274.79	0	skzyNr-pear_bunuk_S56.mp3
skzyNr-pear_bunuk	274.79	277.58	0	skzyNr-pear_bunuk_S57.mp3
skzyNr-pear_dungi	0.0	2.83	0	skzyNr-pear_dungi_S0.mp3
skzyNr-pear_dungi	2.83	5.4	0	skzyNr-pear_dungi_S1.mp3
skzyNr-pear_dungi	5.4	10.29	0	skzyNr-pear_dungi_S2.mp3
skzyNr-pear_dungi	10.29	16.41	0	skzyNr-pear_dungi_S3.mp3
skzyNr-pear_dungi	16.41	22.83	0	skzyNr-pear_dungi_S4.mp3
skzyNr-pear_dungi	22.83	25.25	0	skzyNr-pear_dungi_S5.mp3
skzyNr-pear_dungi	25.25	29.7	0	skzyNr-pear_dungi_S6.mp3
skzyNr-pear_dungi	29.7	32.26	0	skzyNr-pear_dungi_S7.mp3
skzyNr-pear_dungi	32.26	36.59	0	skzyNr-pear_dungi_S8.mp3
skzyNr-pear_dungi	36.59	41.4	0	skzyNr-pear_dungi_S9.mp3
skzyNr-pear_dungi	41.4	45.88	0	skzyNr-pear_dungi_S10.mp3
skzyNr-pear_dungi	45.88	49.26	0	skzyNr-pear_dungi_S11.mp3
skzyNr-pear_dungi	49.26	53.0	0	skzyNr-pear_dungi_S12.mp3
skzyNr-pear_dungi	53.0	58.79	0	skzyNr-pear_dungi_S13.mp3
skzyNr-pear_dungi	58.79	63.88	0	skzyNr-pear_dungi_S14.mp3
skzyNr-pear_dungi	63.88	68.99	0	skzyNr-pear_dungi_S15.mp3
skzyNr-pear_dungi	68.99	77.29	0	skzyNr-pear_dungi_S16.mp3
skzyNr-pear_dungi	77.29	80.38	0	skzyNr-pear_dungi_S17.mp3
skzyNr-pear_dungi	80.38	82.95	0	skzyNr-pear_dungi_S18.mp3
skzyNr-pear_dungi	82.95	93.51	0	skzyNr-pear_dungi_S19.mp3
skzyNr-pear_dungi	93.51	97.14	0	skzyNr-pear_dungi_S20.mp3
skzyNr-pear_dungi	97.14	101.7	0	skzyNr-pear_dungi_S21.mp3
skzyNr-pear_dungi	101.7	108.02	0	skzyNr-pear_dungi_S22.mp3
skzyNr-pear_dungi	108.02	109.83	0	skzyNr-pear_dungi_S23.mp3
skzyNr-pear_dungi	109.83	113.93	0	skzyNr-pear_dungi_S24.mp3
skzyNr-pear_dungi	113.93	117.55	0	skzyNr-pear_dungi_S25.mp3
skzyNr-pear_dungi	117.55	120.3	0	skzyNr-pear_dungi_S26.mp3
skzyNr-pear_dungi	120.3	126.05	0	skzyNr-pear_dungi_S27.mp3
skzyNr-pear_dungi	126.05	131.78	0	skzyNr-pear_dungi_S28.mp3
skzyNr-pear_dungi	131.78	135.65	0	skzyNr-pear_dungi_S29.mp3
skzyNr-pear_dungi	135.65	140.33	0	skzyNr-pear_dungi_S30.mp3
skzyNr-pear_dungi	140.33	142.65	0	skzyNr-pear_dungi_S31.mp3
skzyNr-pear_dungi	142.65	144.8	0	skzyNr-pear_dungi_S32.mp3
skzyNr-pear_dungi	144.8	147.35	0	skzyNr-pear_dungi_S33.mp3
skzyNr-pear_dungi	147.35	149.71	0	skzyNr-pear_dungi_S34.mp3
skzyNr-pear_dungi	149.71	153.96	0	skzyNr-pear_dungi_S35.mp3
skzyNr-pear_dungi	153.96	155.57	0	skzyNr-pear_dungi_S36.mp3
skzyNr-pear_dungi	155.57	159.54	0	skzyNr-pear_dungi_S37.mp3
skzyNr-pear_dungi	159.54	165.6	0	skzyNr-pear_dungi_S38.mp3
skzyNr-pear_dungi	165.6	169.04	0	skzyNr-pear_dungi_S39.mp3
skzyNr-pear_dungi	169.04	170.28	0	skzyNr-pear_dungi_S40.mp3
skzyNr-pear_dungi	170.28	172.99	0	skzyNr-pear_dungi_S41.mp3
skzyNr-pear_panay	0.0	6.67	0	skzyNr-pear_panay_S0.mp3
skzyNr-pear_panay	6.67	11.36	0	skzyNr-pear_panay_S1.mp3
skzyNr-pear_panay	11.36	17.28	0	skzyNr-pear_panay_S2.mp3
skzyNr-pear_panay	17.28	20.76	0	skzyNr-pear_panay_S3.mp3
skzyNr-pear_panay	20.76	32.51	0	skzyNr-pear_panay_S4.mp3
skzyNr-pear_panay	32.51	37.27	0	skzyNr-pear_panay_S5.mp3
skzyNr-pear_panay	37.27	39.57	0	skzyNr-pear_panay_S6.mp3
skzyNr-pear_panay	39.57	44.09	0	skzyNr-pear_panay_S7.mp3
skzyNr-pear_panay	44.09	48.81	0	skzyNr-pear_panay_S8.mp3
skzyNr-pear_panay	48.81	50.83	0	skzyNr-pear_panay_S9.mp3
skzyNr-pear_panay	50.83	53.8	0	skzyNr-pear_panay_S10.mp3
skzyNr-pear_panay	53.8	60.54	0	skzyNr-pear_panay_S11.mp3
skzyNr-pear_panay	60.54	69.26	0	skzyNr-pear_panay_S12.mp3
skzyNr-pear_panay	69.26	72.64	0	skzyNr-pear_panay_S13.mp3
skzyNr-pear_panay	72.64	76.49	0	skzyNr-pear_panay_S14.mp3
skzyNr-pear_panay	76.49	81.5	0	skzyNr-pear_panay_S15.mp3
skzyNr-pear_panay	81.5	86.09	0	skzyNr-pear_panay_S16.mp3
skzyNr-pear_panay	86.09	93.46	0	skzyNr-pear_panay_S17.mp3
skzyNr-pear_panay	93.46	96.76	0	skzyNr-pear_panay_S18.mp3
skzyNr-pear_panay	96.76	101.92	0	skzyNr-pear_panay_S19.mp3
skzyNr-pear_panay	101.92	108.65	0	skzyNr-pear_panay_S20.mp3
skzyNr-pear_panay	108.65	119.63	0	skzyNr-pear_panay_S21.mp3
skzyNr-pear_panay	119.63	122.65	0	skzyNr-pear_panay_S22.mp3
skzyNr-pear_panay	122.65	126.07	0	skzyNr-pear_panay_S23.mp3
skzyNr-rain-kaniw	0.0	15.45	0	skzyNr-rain-kaniw_S0.mp3
skzyNr-rain-kaniw	15.45	25.33	0	skzyNr-rain-kaniw_S1.mp3
skzyNr-rain-kaniw	25.33	27.87	0	skzyNr-rain-kaniw_S2.mp3
skzyNr-rain-kaniw	27.87	30.14	0	skzyNr-rain-kaniw_S3.mp3
skzyNr-rain-kaniw	30.14	38.25	0	skzyNr-rain-kaniw_S4.mp3
skzyNr-rain-kaniw	38.25	40.6	0	skzyNr-rain-kaniw_S5.mp3
skzyNr-rain-kaniw	40.6	47.41	0	skzyNr-rain-kaniw_S6.mp3
skzyNr-rain-kaniw	47.41	55.2	0	skzyNr-rain-kaniw_S7.mp3
skzyNr-rain-kaniw	55.2	63.78	0	skzyNr-rain-kaniw_S8.mp3
skzyNr-rain-kaniw	63.78	66.11	0	skzyNr-rain-kaniw_S9.mp3
skzyNr-rain-kaniw	66.11	69.75	0	skzyNr-rain-kaniw_S10.mp3
skzyNr-rain-kaniw	69.75	75.97	0	skzyNr-rain-kaniw_S11.mp3
skzyNr-rain-kaniw	75.97	83.43	0	skzyNr-rain-kaniw_S12.mp3
skzyNr-rain-kaniw	83.43	93.17	0	skzyNr-rain-kaniw_S13.mp3
skzyNr-rain-kaniw	93.17	99.99	0	skzyNr-rain-kaniw_S14.mp3
skzyNr-rain-kaniw	99.99	102.2	0	skzyNr-rain-kaniw_S15.mp3
skzyNr-rain-kaniw	102.2	109.11	0	skzyNr-rain-kaniw_S16.mp3
skzyNr-rain-kaniw	109.11	114.56	0	skzyNr-rain-kaniw_S17.mp3
skzyNr-rain-kaniw	114.56	130.67	0	skzyNr-rain-kaniw_S18.mp3
skzyNr-rain-kaniw	130.67	133.02	0	skzyNr-rain-kaniw_S19.mp3
skzyNr-rain-kaniw	133.02	136.25	0	skzyNr-rain-kaniw_S20.mp3
skzyNr-rain-kaniw	136.25	147.1	0	skzyNr-rain-kaniw_S21.mp3
skzyNr-rain-kaniw	147.1	151.0	0	skzyNr-rain-kaniw_S22.mp3
skzyNr-rain-kaniw	151.0	170.9	0	skzyNr-rain-kaniw_S23.mp3
skzyNr-rain-kaniw	170.9	175.86	0	skzyNr-rain-kaniw_S24.mp3
skzyNr-rain-kaniw	175.86	180.14	0	skzyNr-rain-kaniw_S25.mp3
skzyNr-rain-kaniw	180.14	183.21	0	skzyNr-rain-kaniw_S26.mp3
skzyNr-rain-kaniw	183.21	185.15	0	skzyNr-rain-kaniw_S27.mp3
skzyNr-rain-kaniw	185.15	193.95	0	skzyNr-rain-kaniw_S28.mp3
skzyNr-rain-kaniw	193.95	200.59	0	skzyNr-rain-kaniw_S29.mp3
skzyNr-rain-kaniw	200.59	205.36	0	skzyNr-rain-kaniw_S30.mp3
skzyNr-rain-kaniw	205.36	207.84	0	skzyNr-rain-kaniw_S31.mp3
skzyNr-rain-kaniw	207.84	209.97	0	skzyNr-rain-kaniw_S32.mp3
skzyNr-rain-kaniw	209.97	217.59	0	skzyNr-rain-kaniw_S33.mp3
skzyNr-rain-kaniw	217.59	221.77	0	skzyNr-rain-kaniw_S34.mp3
skzyNr-rain-kaniw	221.77	227.39	0	skzyNr-rain-kaniw_S35.mp3
skzyNr-rain-kaniw	227.39	234.37	0	skzyNr-rain-kaniw_S36.mp3
skzyNr-rain-kaniw	234.37	240.52	0	skzyNr-rain-kaniw_S37.mp3
skzyNr-rain-kaniw	240.52	242.53	0	skzyNr-rain-kaniw_S38.mp3
skzyNr-sapat_Panay	0.0	9.04	0	skzyNr-sapat_Panay_S0.mp3
skzyNr-sapat_Panay	9.04	21.79	0	skzyNr-sapat_Panay_S1.mp3
skzyNr-sapat_Panay	21.79	24.43	0	skzyNr-sapat_Panay_S2.mp3
skzyNr-sapat_Panay	24.43	32.35	0	skzyNr-sapat_Panay_S3.mp3
skzyNr-sapat_Panay	32.35	39.22	0	skzyNr-sapat_Panay_S4.mp3
skzyNr-sapat_Panay	39.22	43.62	0	skzyNr-sapat_Panay_S5.mp3
skzyNr-sapat_Panay	43.62	48.77	0	skzyNr-sapat_Panay_S6.mp3
skzyNr-sapat_Panay	48.77	60.43	0	skzyNr-sapat_Panay_S7.mp3
skzyNr-sapat_Panay	60.43	72.53	0	skzyNr-sapat_Panay_S8.mp3
skzyNr-sapat_Panay	72.53	81.61	0	skzyNr-sapat_Panay_S9.mp3
skzyNr-sapat_Panay	81.61	85.44	0	skzyNr-sapat_Panay_S10.mp3
skzyNr-sapat_Panay	85.44	89.71	0	skzyNr-sapat_Panay_S11.mp3
skzyNr-sapat_Panay	89.71	94.13	0	skzyNr-sapat_Panay_S12.mp3
skzyNr-sapat_Panay	94.13	102.6	0	skzyNr-sapat_Panay_S13.mp3
skzyNr-sapat_Panay	102.6	107.51	0	skzyNr-sapat_Panay_S14.mp3
skzyNr-sapat_Panay	107.51	113.02	0	skzyNr-sapat_Panay_S15.mp3
skzyNr-sapat_Panay	113.02	119.21	0	skzyNr-sapat_Panay_S16.mp3
skzyNr-sapat_Panay	119.21	126.94	0	skzyNr-sapat_Panay_S17.mp3
skzyNr-sapat_Panay	126.94	133.38	0	skzyNr-sapat_Panay_S18.mp3
skzyNr-sapat_Panay	133.38	139.45	0	skzyNr-sapat_Panay_S19.mp3
skzyNr-sapat_Panay	139.45	145.71	0	skzyNr-sapat_Panay_S20.mp3
skzyNr-school_Panay	0.0	7.26	0	skzyNr-school_Panay_S0.mp3
skzyNr-school_Panay	7.26	14.03	0	skzyNr-school_Panay_S1.mp3
skzyNr-school_Panay	14.03	22.32	0	skzyNr-school_Panay_S2.mp3
skzyNr-school_Panay	22.32	30.94	0	skzyNr-school_Panay_S3.mp3
skzyNr-school_Panay	30.94	34.35	0	skzyNr-school_Panay_S4.mp3
skzyNr-school_Panay	34.35	41.6	0	skzyNr-school_Panay_S5.mp3
skzyNr-school_Panay	41.6	49.75	0	skzyNr-school_Panay_S6.mp3
skzyNr-school_Panay	49.75	58.68	0	skzyNr-school_Panay_S7.mp3
skzyNr-school_Panay	58.68	61.51	0	skzyNr-school_Panay_S8.mp3
skzyNr-school_Panay	61.51	64.9	0	skzyNr-school_Panay_S9.mp3
skzyNr-school_Panay	64.9	73.5	0	skzyNr-school_Panay_S10.mp3
skzyNr-school_Panay	73.5	81.53	0	skzyNr-school_Panay_S11.mp3
skzyNr-school_Panay	81.53	86.83	0	skzyNr-school_Panay_S12.mp3
skzyNr-school_Panay	86.83	94.25	0	skzyNr-school_Panay_S13.mp3
skzyNr-school_Panay	94.25	96.92	0	skzyNr-school_Panay_S14.mp3
skzyNr-school_Panay	96.92	104.89	0	skzyNr-school_Panay_S15.mp3
skzyNr-school_Panay	104.89	108.24	0	skzyNr-school_Panay_S16.mp3
skzyNr-school_Panay	108.24	121.97	0	skzyNr-school_Panay_S17.mp3
skzyNr-school_Panay	121.97	125.08	0	skzyNr-school_Panay_S18.mp3
skzyNr-school_Panay	125.08	129.24	0	skzyNr-school_Panay_S19.mp3
skzyNr-school_Panay	129.24	132.88	0	skzyNr-school_Panay_S20.mp3
skzyNr-school_Panay	132.88	136.47	0	skzyNr-school_Panay_S21.mp3
skzyNr-school_Panay	136.47	137.29	0	skzyNr-school_Panay_S22.mp3
skzyNr-tribalhistory_sinay	0.0	8.99	0	skzyNr-tribalhistory_sinay_S0.mp3
skzyNr-tribalhistory_sinay	8.99	18.11	0	skzyNr-tribalhistory_sinay_S1.mp3
skzyNr-tribalhistory_sinay	18.11	24.54	0	skzyNr-tribalhistory_sinay_S2.mp3
skzyNr-tribalhistory_sinay	24.54	29.57	0	skzyNr-tribalhistory_sinay_S3.mp3
skzyNr-tribalhistory_sinay	29.57	33.97	0	skzyNr-tribalhistory_sinay_S4.mp3
skzyNr-tribalhistory_sinay	33.97	44.39	0	skzyNr-tribalhistory_sinay_S5.mp3
skzyNr-tribalhistory_sinay	44.39	55.29	0	skzyNr-tribalhistory_sinay_S6.mp3
skzyNr-tribalhistory_sinay	55.29	61.85	0	skzyNr-tribalhistory_sinay_S7.mp3
skzyNr-tribalhistory_sinay	61.85	71.9	0	skzyNr-tribalhistory_sinay_S8.mp3
skzyNr-tribalhistory_sinay	71.9	74.26	0	skzyNr-tribalhistory_sinay_S9.mp3
skzyNr-tribalhistory_sinay	74.26	77.22	0	skzyNr-tribalhistory_sinay_S10.mp3
skzyNr-tribalhistory_sinay	77.22	81.37	0	skzyNr-tribalhistory_sinay_S11.mp3
skzyNr-tribalhistory_sinay	81.37	84.88	0	skzyNr-tribalhistory_sinay_S12.mp3
skzyNr-tribalhistory_sinay	84.88	92.98	0	skzyNr-tribalhistory_sinay_S13.mp3
skzyNr-tribalhistory_sinay	92.98	98.78	0	skzyNr-tribalhistory_sinay_S14.mp3
skzyNr-tribalhistory_sinay	98.78	104.37	0	skzyNr-tribalhistory_sinay_S15.mp3
skzyNr-tribalhistory_sinay	104.37	108.14	0	skzyNr-tribalhistory_sinay_S16.mp3
skzyNr-tribalhistory_sinay	108.14	111.79	0	skzyNr-tribalhistory_sinay_S17.mp3
skzyNr-tribalhistory_sinay	111.79	115.49	0	skzyNr-tribalhistory_sinay_S18.mp3
skzyNr-tribalhistory_sinay	115.49	117.99	0	skzyNr-tribalhistory_sinay_S19.mp3
skzyNr-tribalhistory_sinay	117.99	123.66	0	skzyNr-tribalhistory_sinay_S20.mp3
skzyNr-tribalhistory_sinay	123.66	132.12	0	skzyNr-tribalhistory_sinay_S21.mp3
skzyNr-tribalhistory_sinay	132.12	138.93	0	skzyNr-tribalhistory_sinay_S22.mp3
skzyNr-tribalhistory_sinay	138.93	146.04	0	skzyNr-tribalhistory_sinay_S23.mp3
skzyNr-tribalhistory_sinay	146.04	152.48	0	skzyNr-tribalhistory_sinay_S24.mp3
skzyNr-tribalhistory_sinay	152.48	155.27	0	skzyNr-tribalhistory_sinay_S25.mp3
skzyNr-tribalhistory_sinay	155.27	157.83	0	skzyNr-tribalhistory_sinay_S26.mp3
skzyNr-tribalhistory_sinay	157.83	160.02	0	skzyNr-tribalhistory_sinay_S27.mp3
skzyNr-tribalhistory_sinay	160.02	162.47	0	skzyNr-tribalhistory_sinay_S28.mp3
skzyNr-tribalhistory_sinay	162.47	166.78	0	skzyNr-tribalhistory_sinay_S29.mp3
skzyNr-tribalhistory_sinay	166.78	171.36	0	skzyNr-tribalhistory_sinay_S30.mp3
skzyNr-tribalhistory_sinay	171.36	176.3	0	skzyNr-tribalhistory_sinay_S31.mp3
skzyNr-tribalhistory_sinay	176.3	180.74	0	skzyNr-tribalhistory_sinay_S32.mp3
skzyNr-tribalhistory_sinay	180.74	186.5	0	skzyNr-tribalhistory_sinay_S33.mp3
skzyNr-tribalhistory_sinay	186.5	193.21	0	skzyNr-tribalhistory_sinay_S34.mp3
skzyNr-tribalhistory_sinay	193.21	201.42	0	skzyNr-tribalhistory_sinay_S35.mp3
skzyNr-tribalhistory_sinay	201.42	206.52	0	skzyNr-tribalhistory_sinay_S36.mp3
skzyNr-tribalhistory_sinay	206.52	218.04	0	skzyNr-tribalhistory_sinay_S37.mp3
skzyNr-tribalhistory_sinay	218.04	225.78	0	skzyNr-tribalhistory_sinay_S38.mp3
skzyNr-tribalhistory_sinay	225.78	232.33	0	skzyNr-tribalhistory_sinay_S39.mp3
skzyNr-tribalhistory_sinay	232.33	239.53	0	skzyNr-tribalhistory_sinay_S40.mp3
skzyNr-tribalhistory_sinay	239.53	245.73	0	skzyNr-tribalhistory_sinay_S41.mp3
skzyNr-tribalhistory_sinay	245.73	247.47	0	skzyNr-tribalhistory_sinay_S42.mp3
skzyNr-tribalhistory_sinay	247.47	255.11	0	skzyNr-tribalhistory_sinay_S43.mp3
skzyNr-tribalhistory_sinay	255.11	257.8	0	skzyNr-tribalhistory_sinay_S44.mp3
skzyNr-tribalhistory_sinay	257.8	260.48	0	skzyNr-tribalhistory_sinay_S45.mp3
skzyNr-tribalhistory_sinay	260.48	264.1	0	skzyNr-tribalhistory_sinay_S46.mp3
skzyNr-tribalhistory_sinay	264.1	268.28	0	skzyNr-tribalhistory_sinay_S47.mp3
skzyNr-tribalhistory_sinay	268.28	273.19	0	skzyNr-tribalhistory_sinay_S48.mp3
skzyNr-tribalhistory_sinay	273.19	276.58	0	skzyNr-tribalhistory_sinay_S49.mp3
skzyNr-tribalhistory_sinay	276.58	284.84	0	skzyNr-tribalhistory_sinay_S50.mp3
skzyNr-tribalhistory_sinay	284.84	291.01	0	skzyNr-tribalhistory_sinay_S51.mp3
skzyNr-tribalhistory_sinay	291.01	298.8	0	skzyNr-tribalhistory_sinay_S52.mp3
skzyNr-tribalhistory_sinay	298.8	302.1	0	skzyNr-tribalhistory_sinay_S53.mp3
skzyNr-tribalhistory_sinay	302.1	305.75	0	skzyNr-tribalhistory_sinay_S54.mp3
skzyNr-tribalhistory_sinay	305.75	308.62	0	skzyNr-tribalhistory_sinay_S55.mp3
skzyNr-tribalhistory_sinay	308.62	314.18	0	skzyNr-tribalhistory_sinay_S56.mp3
skzyNr-tribalhistory_sinay	314.18	318.88	0	skzyNr-tribalhistory_sinay_S57.mp3
skzyNr-tribalhistory_sinay	318.88	322.6	0	skzyNr-tribalhistory_sinay_S58.mp3
skzyNr-tribalhistory_sinay	322.6	328.18	0	skzyNr-tribalhistory_sinay_S59.mp3
skzyNr-tribalhistory_sinay	328.18	332.02	0	skzyNr-tribalhistory_sinay_S60.mp3
skzyNr-tribalhistory_sinay	332.02	337.38	0	skzyNr-tribalhistory_sinay_S61.mp3
skzyNr-tribalhistory_sinay	337.38	340.86	0	skzyNr-tribalhistory_sinay_S62.mp3
skzyNr-tribalhistory_sinay	340.86	342.76	0	skzyNr-tribalhistory_sinay_S63.mp3
skzyNr-tribalhistory_sinay	342.76	351.81	0	skzyNr-tribalhistory_sinay_S64.mp3
skzyNr-tribalhistory_sinay	351.81	358.53	0	skzyNr-tribalhistory_sinay_S65.mp3
skzyNr-tribalhistory_sinay	358.53	366.99	0	skzyNr-tribalhistory_sinay_S66.mp3
skzyNr-tribalhistory_sinay	366.99	370.2	0	skzyNr-tribalhistory_sinay_S67.mp3
skzyNr-tribalhistory_sinay	370.2	377.83	0	skzyNr-tribalhistory_sinay_S68.mp3
skzyNr-tribalhistory_sinay	377.83	386.13	0	skzyNr-tribalhistory_sinay_S69.mp3
skzyNr-tribalhistory_sinay	386.13	392.57	0	skzyNr-tribalhistory_sinay_S70.mp3
skzyNr-tribalhistory_sinay	392.57	397.91	0	skzyNr-tribalhistory_sinay_S71.mp3
skzyNr-tribalhistory_sinay	397.91	406.94	0	skzyNr-tribalhistory_sinay_S72.mp3
skzyNr-tribalhistory_sinay	406.94	410.37	0	skzyNr-tribalhistory_sinay_S73.mp3
skzyNr-tribalhistory_sinay	410.37	412.2	0	skzyNr-tribalhistory_sinay_S74.mp3
skzyNr-tribalhistory_sinay	412.2	420.87	0	skzyNr-tribalhistory_sinay_S75.mp3
skzyNr-tribalhistory_sinay	420.87	426.3	0	skzyNr-tribalhistory_sinay_S76.mp3
skzyNr-tribalhistory_sinay	426.3	429.87	0	skzyNr-tribalhistory_sinay_S77.mp3
skzyNr-tribalhistory_sinay	429.87	442.96	0	skzyNr-tribalhistory_sinay_S78.mp3
skzyNr-tribalhistory_sinay	442.96	455.94	0	skzyNr-tribalhistory_sinay_S79.mp3
skzyNr-tribalhistory_sinay	455.94	463.8	0	skzyNr-tribalhistory_sinay_S80.mp3
skzyNr-tribalhistory_sinay	463.8	468.01	0	skzyNr-tribalhistory_sinay_S81.mp3
skzyNr-tribalhistory_sinay	468.01	470.07	0	skzyNr-tribalhistory_sinay_S82.mp3
skzyNr-tribalhistory_sinay	470.07	479.0	0	skzyNr-tribalhistory_sinay_S83.mp3
skzyNr-tribalhistory_sinay	479.0	481.5	0	skzyNr-tribalhistory_sinay_S84.mp3
skzyNr-tribalhistory_sinay	481.5	487.62	0	skzyNr-tribalhistory_sinay_S85.mp3
skzyNr-tribalhistory_sinay	487.62	489.92	0	skzyNr-tribalhistory_sinay_S86.mp3
skzyNr-tribalhistory_sinay	489.92	494.56	0	skzyNr-tribalhistory_sinay_S87.mp3
skzyNr-tribalhistory_sinay	494.56	497.87	0	skzyNr-tribalhistory_sinay_S88.mp3
skzyNr-tribalhistory_sinay	497.87	500.08	0	skzyNr-tribalhistory_sinay_S89.mp3
skzyNr-tribalhistory_sinay	500.08	503.07	0	skzyNr-tribalhistory_sinay_S90.mp3
skzyNr-tribalhistory_sinay	503.07	509.64	0	skzyNr-tribalhistory_sinay_S91.mp3
skzyNr-tribalhistory_sinay	509.64	512.25	0	skzyNr-tribalhistory_sinay_S92.mp3
skzyNr-tribalhistory_sinay	512.25	520.4	0	skzyNr-tribalhistory_sinay_S93.mp3
skzyNr-tribalhistory_sinay	520.4	530.36	0	skzyNr-tribalhistory_sinay_S94.mp3
skzyNr-tribalhistory_sinay	530.36	533.38	0	skzyNr-tribalhistory_sinay_S95.mp3
skzyNr-tribalhistory_sinay	533.38	535.97	0	skzyNr-tribalhistory_sinay_S96.mp3
skzyNr-tribalhistory_sinay	535.97	538.12	0	skzyNr-tribalhistory_sinay_S97.mp3
skzyNr-tribalhistory_sinay	538.12	539.95	0	skzyNr-tribalhistory_sinay_S98.mp3
skzyNr-tribalhistory_sinay	539.95	545.92	0	skzyNr-tribalhistory_sinay_S99.mp3
skzyNr-tribalhistory_sinay	545.92	550.74	0	skzyNr-tribalhistory_sinay_S100.mp3
skzyNr-tribalhistory_sinay	550.74	552.59	0	skzyNr-tribalhistory_sinay_S101.mp3
skzyNr-tribalhistory_sinay	552.59	556.7	0	skzyNr-tribalhistory_sinay_S102.mp3
skzyNr-tribalhistory_sinay	556.7	563.96	0	skzyNr-tribalhistory_sinay_S103.mp3
skzyNr-tribalhistory_sinay	563.96	565.95	0	skzyNr-tribalhistory_sinay_S104.mp3
skzyNr-tribalhistory_sinay	565.95	574.15	0	skzyNr-tribalhistory_sinay_S105.mp3
skzyNr-tribalhistory_sinay	574.15	576.47	0	skzyNr-tribalhistory_sinay_S106.mp3
skzyNr-tribalhistory_sinay	576.47	578.9	0	skzyNr-tribalhistory_sinay_S107.mp3
skzyNr-tribalhistory_sinay	578.9	582.44	0	skzyNr-tribalhistory_sinay_S108.mp3
skzyNr-tribalhistory_sinay	582.44	584.47	0	skzyNr-tribalhistory_sinay_S109.mp3
skzyNr-tribalhistory_sinay	584.47	590.54	0	skzyNr-tribalhistory_sinay_S110.mp3
skzyNr-tribalhistory_sinay	590.54	601.04	0	skzyNr-tribalhistory_sinay_S111.mp3
skzyNr-tribalhistory_sinay	601.04	607.45	0	skzyNr-tribalhistory_sinay_S112.mp3
skzyNr-tribalhistory_sinay	607.45	613.72	0	skzyNr-tribalhistory_sinay_S113.mp3
skzyNr-tribalhistory_sinay	613.72	618.78	0	skzyNr-tribalhistory_sinay_S114.mp3
skzyNr-tribalhistory_sinay	618.78	622.36	0	skzyNr-tribalhistory_sinay_S115.mp3
skzyNr-tribalhistory_sinay	622.36	628.65	0	skzyNr-tribalhistory_sinay_S116.mp3
skzyNr-tribalhistory_sinay	628.65	631.58	0	skzyNr-tribalhistory_sinay_S117.mp3
skzyNr-tribalhistory_sinay	631.58	635.27	0	skzyNr-tribalhistory_sinay_S118.mp3
skzyNr-tribalhistory_sinay	635.27	639.59	0	skzyNr-tribalhistory_sinay_S119.mp3
skzyNr-tribalhistory_sinay	639.59	641.39	0	skzyNr-tribalhistory_sinay_S120.mp3
skzyNr-tribalhistory_sinay	641.39	645.32	0	skzyNr-tribalhistory_sinay_S121.mp3
skzyNr-tribalhistory_sinay	645.32	647.21	0	skzyNr-tribalhistory_sinay_S122.mp3
skzyNr-tribalhistory_sinay	647.21	655.42	0	skzyNr-tribalhistory_sinay_S123.mp3
skzyNr-tribalhistory_sinay	655.42	659.84	0	skzyNr-tribalhistory_sinay_S124.mp3
skzyNr-tribalhistory_sinay	659.84	662.11	0	skzyNr-tribalhistory_sinay_S125.mp3
skzyNr-tribalhistory_sinay	662.11	667.64	0	skzyNr-tribalhistory_sinay_S126.mp3
skzyNr-tribalhistory_sinay	667.64	673.28	0	skzyNr-tribalhistory_sinay_S127.mp3
skzyNr-tribalhistory_sinay	673.28	682.55	0	skzyNr-tribalhistory_sinay_S128.mp3
skzyNr-tribalhistory_sinay	682.55	684.52	0	skzyNr-tribalhistory_sinay_S129.mp3
skzyNr-tribalhistory_sinay	684.52	692.7	0	skzyNr-tribalhistory_sinay_S130.mp3
skzyNr-tribalhistory_sinay	692.7	698.86	0	skzyNr-tribalhistory_sinay_S131.mp3
skzyNr-tribalhistory_sinay	698.86	704.35	0	skzyNr-tribalhistory_sinay_S132.mp3
skzyNr-tribalhistory_sinay	704.35	710.49	0	skzyNr-tribalhistory_sinay_S133.mp3
skzyNr-tribalhistory_sinay	710.49	715.18	0	skzyNr-tribalhistory_sinay_S134.mp3
skzyNr-tribalhistory_sinay	715.18	718.11	0	skzyNr-tribalhistory_sinay_S135.mp3
skzyNr-tribalhistory_sinay	718.11	720.67	0	skzyNr-tribalhistory_sinay_S136.mp3
skzyNr-tribalhistory_sinay	720.67	724.6	0	skzyNr-tribalhistory_sinay_S137.mp3
skzyNr-tribalhistory_sinay	724.6	726.89	0	skzyNr-tribalhistory_sinay_S138.mp3
skzyNr-tribalhistory_sinay	726.89	732.25	0	skzyNr-tribalhistory_sinay_S139.mp3
skzyNr-tribalhistory_sinay	732.25	735.52	0	skzyNr-tribalhistory_sinay_S140.mp3
skzyNr-tribalhistory_sinay	735.52	743.67	0	skzyNr-tribalhistory_sinay_S141.mp3
skzyNr-tribalhistory_sinay	743.67	747.81	0	skzyNr-tribalhistory_sinay_S142.mp3
skzyNr-tribalhistory_sinay	747.81	751.26	0	skzyNr-tribalhistory_sinay_S143.mp3
skzyNr-tribalhistory_sinay	751.26	760.11	0	skzyNr-tribalhistory_sinay_S144.mp3
skzyNr-tribalhistory_sinay	760.11	761.17	0	skzyNr-tribalhistory_sinay_S145.mp3
skzyNr-tribalhistory_sinay	761.17	763.44	0	skzyNr-tribalhistory_sinay_S146.mp3
skzyNr-tribalhistory_sinay	763.44	767.6	0	skzyNr-tribalhistory_sinay_S147.mp3
skzyNr-tribalhistory_sinay	767.6	769.86	0	skzyNr-tribalhistory_sinay_S148.mp3
skzyNr-tribalhistory_sinay	769.86	778.91	0	skzyNr-tribalhistory_sinay_S149.mp3
skzyNr-tribalhistory_sinay	778.91	784.39	0	skzyNr-tribalhistory_sinay_S150.mp3
skzyNr-tribalhistory_sinay	784.39	789.57	0	skzyNr-tribalhistory_sinay_S151.mp3
skzyNr-tribalhistory_sinay	789.57	794.27	0	skzyNr-tribalhistory_sinay_S152.mp3
skzyNr-tribalhistory_sinay	794.27	800.67	0	skzyNr-tribalhistory_sinay_S153.mp3
skzyNr-tribalhistory_sinay	800.67	809.61	0	skzyNr-tribalhistory_sinay_S154.mp3
skzyNr-tribalhistory_sinay	809.61	816.11	0	skzyNr-tribalhistory_sinay_S155.mp3
skzyNr-tribalhistory_sinay	816.11	819.52	0	skzyNr-tribalhistory_sinay_S156.mp3
skzyNr-tribalhistory_sinay	819.52	821.1	0	skzyNr-tribalhistory_sinay_S157.mp3
skzyNr-tribalhistory_sinay	821.1	822.64	0	skzyNr-tribalhistory_sinay_S158.mp3
skzyNr-tribalhistory_sinay	822.64	826.9	0	skzyNr-tribalhistory_sinay_S159.mp3
skzyNr-tribalhistory_sinay	826.9	830.39	0	skzyNr-tribalhistory_sinay_S160.mp3
skzyNr-tribalhistory_sinay	830.39	837.76	0	skzyNr-tribalhistory_sinay_S161.mp3
skzyNr-tribalhistory_sinay	837.76	841.56	0	skzyNr-tribalhistory_sinay_S162.mp3
skzyNr-tribalhistory_sinay	841.56	850.49	0	skzyNr-tribalhistory_sinay_S163.mp3
skzyNr-tribalhistory_sinay	850.49	855.13	0	skzyNr-tribalhistory_sinay_S164.mp3
skzyNr-tribalhistory_sinay	855.13	856.87	0	skzyNr-tribalhistory_sinay_S165.mp3
skzyNr-tribalhistory_sinay	856.87	859.73	0	skzyNr-tribalhistory_sinay_S166.mp3
skzyNr-tribalhistory_sinay	859.73	863.04	0	skzyNr-tribalhistory_sinay_S167.mp3
skzyNr-tribalhistory_sinay	863.04	868.96	0	skzyNr-tribalhistory_sinay_S168.mp3
skzyNr-tribalhistory_sinay	868.96	876.27	0	skzyNr-tribalhistory_sinay_S169.mp3
skzyNr-tribalhistory_sinay	876.27	878.57	0	skzyNr-tribalhistory_sinay_S170.mp3
skzyNr-tribalhistory_sinay	878.57	881.09	0	skzyNr-tribalhistory_sinay_S171.mp3
skzyNr-tribalhistory_sinay	881.09	888.61	0	skzyNr-tribalhistory_sinay_S172.mp3
skzyNr-tribalhistory_sinay	888.61	889.83	0	skzyNr-tribalhistory_sinay_S173.mp3
skzyNr-tribalhistory_sinay	889.83	893.04	0	skzyNr-tribalhistory_sinay_S174.mp3
skzyNr-tribalhistory_sinay	893.04	908.8	0	skzyNr-tribalhistory_sinay_S175.mp3
skzyNr-tribalhistory_sinay	908.8	911.18	0	skzyNr-tribalhistory_sinay_S176.mp3
skzyNr-tribalhistory_sinay	911.18	914.05	0	skzyNr-tribalhistory_sinay_S177.mp3
skzyNr-tribalhistory_sinay	914.05	920.01	0	skzyNr-tribalhistory_sinay_S178.mp3
skzyNr-tribalhistory_sinay	920.01	926.02	0	skzyNr-tribalhistory_sinay_S179.mp3
skzyNr-tribalhistory_sinay	926.02	931.28	0	skzyNr-tribalhistory_sinay_S180.mp3
skzyNr-tribalhistory_sinay	931.28	936.35	0	skzyNr-tribalhistory_sinay_S181.mp3
skzyNr-tribalhistory_sinay	936.35	944.7	0	skzyNr-tribalhistory_sinay_S182.mp3
skzyNr-tribalhistory_sinay	944.7	949.19	0	skzyNr-tribalhistory_sinay_S183.mp3
skzyNr-tribalhistory_sinay	949.19	952.84	0	skzyNr-tribalhistory_sinay_S184.mp3
skzyNr-tribalhistory_sinay	952.84	958.99	0	skzyNr-tribalhistory_sinay_S185.mp3
skzyNr-tribalhistory_sinay	958.99	963.12	0	skzyNr-tribalhistory_sinay_S186.mp3
skzyNr-tribalhistory_sinay	963.12	973.68	0	skzyNr-tribalhistory_sinay_S187.mp3
skzyNr-tribalhistory_sinay	973.68	979.61	0	skzyNr-tribalhistory_sinay_S188.mp3
skzyNr-tribalhistory_sinay	979.61	981.85	0	skzyNr-tribalhistory_sinay_S189.mp3
skzyNr-tribalhistory_sinay	981.85	984.59	0	skzyNr-tribalhistory_sinay_S190.mp3
skzyNr-tribalhistory_sinay	984.59	987.87	0	skzyNr-tribalhistory_sinay_S191.mp3
skzyNr-tribalhistory_sinay	987.87	990.44	0	skzyNr-tribalhistory_sinay_S192.mp3
skzyNr-tribalhistory_sinay	990.44	996.95	0	skzyNr-tribalhistory_sinay_S193.mp3
skzyNr-tribalhistory_sinay	996.95	1006.62	0	skzyNr-tribalhistory_sinay_S194.mp3
skzyNr-tribalhistory_sinay	1006.62	1010.21	0	skzyNr-tribalhistory_sinay_S195.mp3
skzyNr-tribalhistory_sinay	1010.21	1012.05	0	skzyNr-tribalhistory_sinay_S196.mp3
skzyNr-tribalhistory_sinay	1012.05	1017.02	0	skzyNr-tribalhistory_sinay_S197.mp3
skzyNr-tribalhistory_sinay	1017.02	1018.9	0	skzyNr-tribalhistory_sinay_S198.mp3
skzyNr-tribalhistory_sinay	1018.9	1022.55	0	skzyNr-tribalhistory_sinay_S199.mp3
skzyNr-tribalhistory_sinay	1022.55	1025.08	0	skzyNr-tribalhistory_sinay_S200.mp3
skzyNr-tribalhistory_sinay	1025.08	1029.07	0	skzyNr-tribalhistory_sinay_S201.mp3
skzyNr-tribalhistory_sinay	1029.07	1031.84	0	skzyNr-tribalhistory_sinay_S202.mp3
skzyNr-tribalhistory_sinay	1031.84	1036.27	0	skzyNr-tribalhistory_sinay_S203.mp3
skzyNr-tribalhistory_sinay	1036.27	1040.87	0	skzyNr-tribalhistory_sinay_S204.mp3
skzyNr-tribalhistory_sinay	1040.87	1046.55	0	skzyNr-tribalhistory_sinay_S205.mp3
skzyNr-tribalhistory_sinay	1046.55	1051.29	0	skzyNr-tribalhistory_sinay_S206.mp3
skzyNr-tribalhistory_sinay	1051.29	1055.49	0	skzyNr-tribalhistory_sinay_S207.mp3
sdqCon-dialog1_ciwas_tiwas 2021s	0.0	2.39	0	sdqCon-dialog1_ciwas_tiwas 2021s_S0.mp3
sdqCon-dialog1_ciwas_tiwas 2021s	2.39	7.62	0	sdqCon-dialog1_ciwas_tiwas 2021s_S1.mp3
sdqCon-dialog1_ciwas_tiwas 2021s	7.62	9.15	0	sdqCon-dialog1_ciwas_tiwas 2021s_S2.mp3
sdqCon-dialog1_ciwas_tiwas 2021s	9.15	11.55	0	sdqCon-dialog1_ciwas_tiwas 2021s_S3.mp3
sdqCon-dialog1_ciwas_tiwas 2021s	11.55	11.99	0	sdqCon-dialog1_ciwas_tiwas 2021s_S4.mp3
sdqCon-dialog1_ciwas_tiwas 2021s	11.99	14.7	0	sdqCon-dialog1_ciwas_tiwas 2021s_S5.mp3
sdqCon-dialog1_ciwas_tiwas 2021s	14.7	16.69	0	sdqCon-dialog1_ciwas_tiwas 2021s_S6.mp3
sdqCon-dialog1_ciwas_tiwas 2021s	16.69	21.39	0	sdqCon-dialog1_ciwas_tiwas 2021s_S7.mp3
sdqCon-dialog1_ciwas_tiwas 2021s	21.39	24.38	0	sdqCon-dialog1_ciwas_tiwas 2021s_S8.mp3
sdqCon-dialog1_ciwas_tiwas 2021s	24.38	27.74	0	sdqCon-dialog1_ciwas_tiwas 2021s_S9.mp3
sdqCon-dialog1_ciwas_tiwas 2021s	27.74	32.64	0	sdqCon-dialog1_ciwas_tiwas 2021s_S10.mp3
sdqCon-dialog1_ciwas_tiwas 2021s	32.64	33.85	0	sdqCon-dialog1_ciwas_tiwas 2021s_S11.mp3
sdqCon-dialog1_ciwas_tiwas 2021s	33.85	35.6	0	sdqCon-dialog1_ciwas_tiwas 2021s_S12.mp3
sdqCon-dialog1_ciwas_tiwas 2021s	35.6	40.46	0	sdqCon-dialog1_ciwas_tiwas 2021s_S13.mp3
sdqCon-dialog1_ciwas_tiwas 2021s	40.46	42.37	0	sdqCon-dialog1_ciwas_tiwas 2021s_S14.mp3
sdqCon-dialog1_ciwas_tiwas 2021s	42.37	45.1	0	sdqCon-dialog1_ciwas_tiwas 2021s_S15.mp3
sdqCon-dialog1_ciwas_tiwas 2021s	45.1	46.58	0	sdqCon-dialog1_ciwas_tiwas 2021s_S16.mp3
sdqCon-dialog1_ciwas_tiwas 2021s	46.58	48.65	0	sdqCon-dialog1_ciwas_tiwas 2021s_S17.mp3
sdqCon-dialog1_ciwas_tiwas 2021s	48.65	49.98	0	sdqCon-dialog1_ciwas_tiwas 2021s_S18.mp3
sdqCon-dialog1_ciwas_tiwas 2021s	49.98	51.17	0	sdqCon-dialog1_ciwas_tiwas 2021s_S19.mp3
sdqCon-dialog1_ciwas_tiwas 2021s	51.17	51.88	0	sdqCon-dialog1_ciwas_tiwas 2021s_S20.mp3
sdqCon-dialog1_ciwas_tiwas 2021s	51.88	54.55	0	sdqCon-dialog1_ciwas_tiwas 2021s_S21.mp3
sdqCon-dialog1_ciwas_tiwas 2021s	54.55	55.54	0	sdqCon-dialog1_ciwas_tiwas 2021s_S22.mp3
sdqCon-dialog1_ciwas_tiwas 2021s	55.54	58.59	0	sdqCon-dialog1_ciwas_tiwas 2021s_S23.mp3
sdqCon-dialog1_ciwas_tiwas 2021s	58.59	60.05	0	sdqCon-dialog1_ciwas_tiwas 2021s_S24.mp3
sdqCon-dialog1_ciwas_tiwas 2021s	60.05	60.96	0	sdqCon-dialog1_ciwas_tiwas 2021s_S25.mp3
sdqCon-dialog1_ciwas_tiwas 2021s	60.96	63.38	0	sdqCon-dialog1_ciwas_tiwas 2021s_S26.mp3
sdqCon-dialog1_ciwas_tiwas 2021s	63.38	64.21	0	sdqCon-dialog1_ciwas_tiwas 2021s_S27.mp3
sdqCon-dialog1_ciwas_tiwas 2021s	64.21	66.38	0	sdqCon-dialog1_ciwas_tiwas 2021s_S28.mp3
sdqCon-dialog1_ciwas_tiwas 2021s	66.38	68.8	0	sdqCon-dialog1_ciwas_tiwas 2021s_S29.mp3
sdqCon-dialog1_ciwas_tiwas 2021s	68.8	74.64	0	sdqCon-dialog1_ciwas_tiwas 2021s_S30.mp3
sdqCon-dialog1_ciwas_tiwas 2021s	74.64	75.67	0	sdqCon-dialog1_ciwas_tiwas 2021s_S31.mp3
sdqCon-dialog1_ciwas_tiwas 2021s	75.67	76.47	0	sdqCon-dialog1_ciwas_tiwas 2021s_S32.mp3
sdqCon-dialog1_ciwas_tiwas 2021s	76.47	79.25	0	sdqCon-dialog1_ciwas_tiwas 2021s_S33.mp3
sdqCon-dialog1_ciwas_tiwas 2021s	79.25	82.69	0	sdqCon-dialog1_ciwas_tiwas 2021s_S34.mp3
sdqCon-dialog1_ciwas_tiwas 2021s	82.69	85.38	0	sdqCon-dialog1_ciwas_tiwas 2021s_S35.mp3
sdqCon-dialog1_ciwas_tiwas 2021s	85.38	87.58	0	sdqCon-dialog1_ciwas_tiwas 2021s_S36.mp3
sdqCon-dialog1_ciwas_tiwas 2021s	87.58	88.06	0	sdqCon-dialog1_ciwas_tiwas 2021s_S37.mp3
sdqCon-dialog1_ciwas_tiwas 2021s	88.06	89.48	0	sdqCon-dialog1_ciwas_tiwas 2021s_S38.mp3
sdqCon-dialog1_ciwas_tiwas 2021s	89.48	90.92	0	sdqCon-dialog1_ciwas_tiwas 2021s_S39.mp3
sdqCon-dialog1_ciwas_tiwas 2021s	97.5	100.81	0	sdqCon-dialog1_ciwas_tiwas 2021s_S40.mp3
sdqCon-dialog1_ciwas_tiwas 2021s	100.81	103.2	0	sdqCon-dialog1_ciwas_tiwas 2021s_S41.mp3
sdqCon-dialog1_ciwas_tiwas 2021s	103.2	106.58	0	sdqCon-dialog1_ciwas_tiwas 2021s_S42.mp3
sdqCon-dialog1_ciwas_tiwas 2021s	106.58	110.01	0	sdqCon-dialog1_ciwas_tiwas 2021s_S43.mp3
sdqCon-dialog1_ciwas_tiwas 2021s	110.01	111.11	0	sdqCon-dialog1_ciwas_tiwas 2021s_S44.mp3
sdqCon-dialog1_ciwas_tiwas 2021s	111.11	112.38	0	sdqCon-dialog1_ciwas_tiwas 2021s_S45.mp3
sdqCon-dialog1_ciwas_tiwas 2021s	112.38	113.83	0	sdqCon-dialog1_ciwas_tiwas 2021s_S46.mp3
sdqCon-dialog1_ciwas_tiwas 2021s	113.83	120.06	0	sdqCon-dialog1_ciwas_tiwas 2021s_S47.mp3
sdqCon-dialog1_ciwas_tiwas 2021s	120.06	121.01	0	sdqCon-dialog1_ciwas_tiwas 2021s_S48.mp3
sdqCon-dialog1_ciwas_tiwas 2021s	121.01	123.63	0	sdqCon-dialog1_ciwas_tiwas 2021s_S49.mp3
sdqCon-dialog1_ciwas_tiwas 2021s	123.63	123.67	0	sdqCon-dialog1_ciwas_tiwas 2021s_S50.mp3
sdqCon-dialog1_ciwas_tiwas 2021s	123.67	130.38	0	sdqCon-dialog1_ciwas_tiwas 2021s_S51.mp3
sdqCon-dialog1_ciwas_tiwas 2021s	130.38	137.25	0	sdqCon-dialog1_ciwas_tiwas 2021s_S52.mp3
sdqCon-dialog1_ciwas_tiwas 2021s	137.25	140.42	0	sdqCon-dialog1_ciwas_tiwas 2021s_S53.mp3
sdqCon-dialog1_ciwas_tiwas 2021s	140.42	146.42	0	sdqCon-dialog1_ciwas_tiwas 2021s_S54.mp3
sdqCon-dialog1_ciwas_tiwas 2021s	146.42	151.15	0	sdqCon-dialog1_ciwas_tiwas 2021s_S55.mp3
sdqCon-dialog1_ciwas_tiwas 2021s	151.15	160.15	0	sdqCon-dialog1_ciwas_tiwas 2021s_S56.mp3
sdqCon-dialog1_ciwas_tiwas 2021s	160.15	162.18	0	sdqCon-dialog1_ciwas_tiwas 2021s_S57.mp3
sdqCon-dialog1_ciwas_tiwas 2021s	162.18	164.4	0	sdqCon-dialog1_ciwas_tiwas 2021s_S58.mp3
sdqCon-dialog1_ciwas_tiwas 2021s	164.4	166.79	0	sdqCon-dialog1_ciwas_tiwas 2021s_S59.mp3
sdqCon-dialog1_ciwas_tiwas 2021s	166.79	169.11	0	sdqCon-dialog1_ciwas_tiwas 2021s_S60.mp3
sdqCon-dialog1_ciwas_tiwas 2021s	169.11	173.08	0	sdqCon-dialog1_ciwas_tiwas 2021s_S61.mp3
sdqCon-dialog1_ciwas_tiwas 2021s	173.08	175.53	0	sdqCon-dialog1_ciwas_tiwas 2021s_S62.mp3
sdqCon-dialog1_ciwas_tiwas 2021s	175.53	178.54	0	sdqCon-dialog1_ciwas_tiwas 2021s_S63.mp3
sdqCon-dialog1_ciwas_tiwas 2021s	178.54	179.41	0	sdqCon-dialog1_ciwas_tiwas 2021s_S64.mp3
sdqCon-dialog1_ciwas_tiwas 2021s	179.41	179.59	0	sdqCon-dialog1_ciwas_tiwas 2021s_S65.mp3
sdqCon-dialog1_ciwas_tiwas 2021s	179.59	181.69	0	sdqCon-dialog1_ciwas_tiwas 2021s_S66.mp3
sdqCon-dialog1_ciwas_tiwas 2021s	181.69	186.1	0	sdqCon-dialog1_ciwas_tiwas 2021s_S67.mp3
sdqCon-dialog1_ciwas_tiwas 2021s	186.1	191.54	0	sdqCon-dialog1_ciwas_tiwas 2021s_S68.mp3
sdqCon-dialog1_ciwas_tiwas 2021s	191.54	199.29	0	sdqCon-dialog1_ciwas_tiwas 2021s_S69.mp3
sdqCon-dialog1_ciwas_tiwas 2021s	199.29	203.07	0	sdqCon-dialog1_ciwas_tiwas 2021s_S70.mp3
sdqCon-dialog1_ciwas_tiwas 2021s	203.07	205.59	0	sdqCon-dialog1_ciwas_tiwas 2021s_S71.mp3
sdqCon-dialog1_ciwas_tiwas 2021s	205.59	210.58	0	sdqCon-dialog1_ciwas_tiwas 2021s_S72.mp3
sdqCon-dialog1_ciwas_tiwas 2021s	210.58	214.11	0	sdqCon-dialog1_ciwas_tiwas 2021s_S73.mp3
sdqCon-dialog1_ciwas_tiwas 2021s	214.11	215.73	0	sdqCon-dialog1_ciwas_tiwas 2021s_S74.mp3
sdqCon-dialog1_ciwas_tiwas 2021s	215.73	217.26	0	sdqCon-dialog1_ciwas_tiwas 2021s_S75.mp3
sdqCon-dialog1_ciwas_tiwas 2021s	217.26	220.11	0	sdqCon-dialog1_ciwas_tiwas 2021s_S76.mp3
sdqCon-dialog1_ciwas_tiwas 2021s	220.11	221.92	0	sdqCon-dialog1_ciwas_tiwas 2021s_S77.mp3
sdqCon-dialog1_ciwas_tiwas 2021s	221.92	224.42	0	sdqCon-dialog1_ciwas_tiwas 2021s_S78.mp3
sdqCon-dialog1_ciwas_tiwas 2021s	224.42	226.53	0	sdqCon-dialog1_ciwas_tiwas 2021s_S79.mp3
sdqCon-dialog1_ciwas_tiwas 2021s	226.53	228.59	0	sdqCon-dialog1_ciwas_tiwas 2021s_S80.mp3
sdqCon-dialog1_ciwas_tiwas 2021s	228.59	231.02	0	sdqCon-dialog1_ciwas_tiwas 2021s_S81.mp3
sdqCon-dialog1_ciwas_tiwas 2021s	231.02	232.55	0	sdqCon-dialog1_ciwas_tiwas 2021s_S82.mp3
sdqCon-dialog1_ciwas_tiwas 2021s	232.55	235.02	0	sdqCon-dialog1_ciwas_tiwas 2021s_S83.mp3
sdqCon-dialog1_ciwas_tiwas 2021s	235.02	238.03	0	sdqCon-dialog1_ciwas_tiwas 2021s_S84.mp3
sdqCon-dialog1_ciwas_tiwas 2021s	238.03	241.91	0	sdqCon-dialog1_ciwas_tiwas 2021s_S85.mp3
sdqCon-dialog1_ciwas_tiwas 2021s	241.91	243.84	0	sdqCon-dialog1_ciwas_tiwas 2021s_S86.mp3
sdqCon-dialog1_ciwas_tiwas 2021s	243.84	247.94	0	sdqCon-dialog1_ciwas_tiwas 2021s_S87.mp3
sdqCon-dialog1_ciwas_tiwas 2021s	247.94	251.67	0	sdqCon-dialog1_ciwas_tiwas 2021s_S88.mp3
sdqCon-dialog1_ciwas_tiwas 2021s	251.67	254.62	0	sdqCon-dialog1_ciwas_tiwas 2021s_S89.mp3
sdqCon-dialog1_ciwas_tiwas 2021s	254.62	257.66	0	sdqCon-dialog1_ciwas_tiwas 2021s_S90.mp3
sdqCon-dialog1_ciwas_tiwas 2021s	257.66	261.64	0	sdqCon-dialog1_ciwas_tiwas 2021s_S91.mp3
sdqCon-dialog1_ciwas_tiwas 2021s	261.64	264.92	0	sdqCon-dialog1_ciwas_tiwas 2021s_S92.mp3
sdqCon-dialog1_ciwas_tiwas 2021s	264.92	272.91	0	sdqCon-dialog1_ciwas_tiwas 2021s_S93.mp3
sdqCon-dialog1_ciwas_tiwas 2021s	272.91	280.53	0	sdqCon-dialog1_ciwas_tiwas 2021s_S94.mp3
sdqCon-dialog1_ciwas_tiwas 2021s	280.53	281.84	0	sdqCon-dialog1_ciwas_tiwas 2021s_S95.mp3
sdqCon-dialog1_ciwas_tiwas 2021s	281.84	285.15	0	sdqCon-dialog1_ciwas_tiwas 2021s_S96.mp3
sdqCon-dialog1_ciwas_tiwas 2021s	285.15	289.25	0	sdqCon-dialog1_ciwas_tiwas 2021s_S97.mp3
sdqCon-dialog1_ciwas_tiwas 2021s	289.25	289.71	0	sdqCon-dialog1_ciwas_tiwas 2021s_S98.mp3
sdqCon-dialog1_ciwas_tiwas 2021s	289.71	292.35	0	sdqCon-dialog1_ciwas_tiwas 2021s_S99.mp3
sdqCon-dialog1_ciwas_tiwas 2021s	292.35	292.48	0	sdqCon-dialog1_ciwas_tiwas 2021s_S100.mp3
sdqCon-dialog1_ciwas_tiwas 2021s	292.48	295.36	0	sdqCon-dialog1_ciwas_tiwas 2021s_S101.mp3
sdqCon-dialog1_ciwas_tiwas 2021s	295.36	297.79	0	sdqCon-dialog1_ciwas_tiwas 2021s_S102.mp3
sdqCon-dialog1_ciwas_tiwas 2021s	297.79	300.01	0	sdqCon-dialog1_ciwas_tiwas 2021s_S103.mp3
sdqCon-dialog1_ciwas_tiwas 2021s	300.01	304.6	0	sdqCon-dialog1_ciwas_tiwas 2021s_S104.mp3
sdqCon-dialog1_ciwas_tiwas 2021s	304.6	308.1	0	sdqCon-dialog1_ciwas_tiwas 2021s_S105.mp3
sdqCon-dialog1_ciwas_tiwas 2021s	308.1	309.28	0	sdqCon-dialog1_ciwas_tiwas 2021s_S106.mp3
sdqCon-dialog1_ciwas_tiwas 2021s	309.28	313.41	0	sdqCon-dialog1_ciwas_tiwas 2021s_S107.mp3
sdqCon-dialog1_ciwas_tiwas 2021s	313.41	317.74	0	sdqCon-dialog1_ciwas_tiwas 2021s_S108.mp3
sdqCon-dialog1_ciwas_tiwas 2021s	317.74	322.29	0	sdqCon-dialog1_ciwas_tiwas 2021s_S109.mp3
sdqCon-dialog1_ciwas_tiwas 2021s	322.29	325.23	0	sdqCon-dialog1_ciwas_tiwas 2021s_S110.mp3
sdqCon-dialog1_ciwas_tiwas 2021s	325.23	326.4	0	sdqCon-dialog1_ciwas_tiwas 2021s_S111.mp3
sdqCon-dialog1_ciwas_tiwas 2021s	326.4	328.49	0	sdqCon-dialog1_ciwas_tiwas 2021s_S112.mp3
sdqCon-dialog1_ciwas_tiwas 2021s	328.49	330.32	0	sdqCon-dialog1_ciwas_tiwas 2021s_S113.mp3
sdqCon-dialog1_ciwas_tiwas 2021s	330.32	331.51	0	sdqCon-dialog1_ciwas_tiwas 2021s_S114.mp3
sdqCon-dialog1_ciwas_tiwas 2021s	331.51	341.77	0	sdqCon-dialog1_ciwas_tiwas 2021s_S115.mp3
sdqCon-dialog1_ciwas_tiwas 2021s	341.77	343.25	0	sdqCon-dialog1_ciwas_tiwas 2021s_S116.mp3
sdqCon-dialog1_ciwas_tiwas 2021s	343.25	347.48	0	sdqCon-dialog1_ciwas_tiwas 2021s_S117.mp3
sdqCon-dialog1_ciwas_tiwas 2021s	347.48	352.88	0	sdqCon-dialog1_ciwas_tiwas 2021s_S118.mp3
sdqCon-dialog1_ciwas_tiwas 2021s	352.88	353.56	0	sdqCon-dialog1_ciwas_tiwas 2021s_S119.mp3
sdqCon-dialog1_ciwas_tiwas 2021s	353.56	358.13	0	sdqCon-dialog1_ciwas_tiwas 2021s_S120.mp3
sdqCon-dialog1_ciwas_tiwas 2021s	358.13	359.13	0	sdqCon-dialog1_ciwas_tiwas 2021s_S121.mp3
sdqCon-dialog1_ciwas_tiwas 2021s	359.13	364.95	0	sdqCon-dialog1_ciwas_tiwas 2021s_S122.mp3
sdqCon-dialog1_ciwas_tiwas 2021s	364.95	365.27	0	sdqCon-dialog1_ciwas_tiwas 2021s_S123.mp3
sdqCon-dialog1_ciwas_tiwas 2021s	365.27	368.04	0	sdqCon-dialog1_ciwas_tiwas 2021s_S124.mp3
sdqCon-dialog1_ciwas_tiwas 2021s	368.04	371.24	0	sdqCon-dialog1_ciwas_tiwas 2021s_S125.mp3
sdqCon-dialog1_ciwas_tiwas 2021s	371.24	372.11	0	sdqCon-dialog1_ciwas_tiwas 2021s_S126.mp3
sdqCon-dialog1_ciwas_tiwas 2021s	372.11	372.99	0	sdqCon-dialog1_ciwas_tiwas 2021s_S127.mp3
sdqCon-dialog1_ciwas_tiwas 2021s	372.99	375.37	0	sdqCon-dialog1_ciwas_tiwas 2021s_S128.mp3
sdqCon-dialog1_ciwas_tiwas 2021s	375.37	384.74	0	sdqCon-dialog1_ciwas_tiwas 2021s_S129.mp3
sdqCon-dialog1_ciwas_tiwas 2021s	384.74	385.81	0	sdqCon-dialog1_ciwas_tiwas 2021s_S130.mp3
sdqCon-dialog1_ciwas_tiwas 2021s	385.81	389.13	0	sdqCon-dialog1_ciwas_tiwas 2021s_S131.mp3
sdqCon-dialog1_ciwas_tiwas 2021s	389.13	397.22	0	sdqCon-dialog1_ciwas_tiwas 2021s_S132.mp3
sdqCon-dialog1_ciwas_tiwas 2021s	397.22	398.24	0	sdqCon-dialog1_ciwas_tiwas 2021s_S133.mp3
sdqCon-dialog1_ciwas_tiwas 2021s	398.24	399.77	0	sdqCon-dialog1_ciwas_tiwas 2021s_S134.mp3
sdqCon-dialog1_ciwas_tiwas 2021s	399.77	400.87	0	sdqCon-dialog1_ciwas_tiwas 2021s_S135.mp3
sdqCon-dialog1_ciwas_tiwas 2021s	400.87	402.79	0	sdqCon-dialog1_ciwas_tiwas 2021s_S136.mp3
sdqCon-dialog1_ciwas_tiwas 2021s	402.79	404.32	0	sdqCon-dialog1_ciwas_tiwas 2021s_S137.mp3
sdqCon-dialog1_ciwas_tiwas 2021s	404.32	406.63	0	sdqCon-dialog1_ciwas_tiwas 2021s_S138.mp3
sdqCon-dialog1_ciwas_tiwas 2021s	406.63	408.44	0	sdqCon-dialog1_ciwas_tiwas 2021s_S139.mp3
sdqCon-dialog1_ciwas_tiwas 2021s	408.44	411.49	0	sdqCon-dialog1_ciwas_tiwas 2021s_S140.mp3
sdqCon-dialog1_ciwas_tiwas 2021s	411.49	416.05	0	sdqCon-dialog1_ciwas_tiwas 2021s_S141.mp3
sdqCon-dialog1_ciwas_tiwas 2021s	416.05	416.06	0	sdqCon-dialog1_ciwas_tiwas 2021s_S142.mp3
sdqCon-dialog1_ciwas_tiwas 2021s	416.06	419.47	0	sdqCon-dialog1_ciwas_tiwas 2021s_S143.mp3
sdqCon-dialog1_ciwas_tiwas 2021s	419.47	424.85	0	sdqCon-dialog1_ciwas_tiwas 2021s_S144.mp3
sdqCon-dialog1_ciwas_tiwas 2021s	424.85	426.07	0	sdqCon-dialog1_ciwas_tiwas 2021s_S145.mp3
sdqCon-dialog1_ciwas_tiwas 2021s	426.07	427.78	0	sdqCon-dialog1_ciwas_tiwas 2021s_S146.mp3
sdqCon-dialog1_ciwas_tiwas 2021s	427.78	429.79	0	sdqCon-dialog1_ciwas_tiwas 2021s_S147.mp3
sdqCon-dialog1_ciwas_tiwas 2021s	429.79	433.6	0	sdqCon-dialog1_ciwas_tiwas 2021s_S148.mp3
sdqCon-dialog1_ciwas_tiwas 2021s	433.6	435.54	0	sdqCon-dialog1_ciwas_tiwas 2021s_S149.mp3
sdqCon-dialog1_ciwas_tiwas 2021s	435.54	437.08	0	sdqCon-dialog1_ciwas_tiwas 2021s_S150.mp3
sdqCon-dialog1_ciwas_tiwas 2021s	437.08	439.03	0	sdqCon-dialog1_ciwas_tiwas 2021s_S151.mp3
sdqCon-dialog1_ciwas_tiwas 2021s	439.03	441.86	0	sdqCon-dialog1_ciwas_tiwas 2021s_S152.mp3
sdqCon-dialog1_ciwas_tiwas 2021s	441.86	443.0	0	sdqCon-dialog1_ciwas_tiwas 2021s_S153.mp3
sdqCon-dialog1_ciwas_tiwas 2021s	443.0	443.81	0	sdqCon-dialog1_ciwas_tiwas 2021s_S154.mp3
sdqCon-dialog1_ciwas_tiwas 2021s	443.81	444.74	0	sdqCon-dialog1_ciwas_tiwas 2021s_S155.mp3
sdqCon-dialog1_ciwas_tiwas 2021s	444.74	448.02	0	sdqCon-dialog1_ciwas_tiwas 2021s_S156.mp3
sdqCon-dialog1_ciwas_tiwas 2021s	448.02	448.72	0	sdqCon-dialog1_ciwas_tiwas 2021s_S157.mp3
sdqCon-dialog1_ciwas_tiwas 2021s	448.72	449.76	0	sdqCon-dialog1_ciwas_tiwas 2021s_S158.mp3
sdqCon-dialog1_ciwas_tiwas 2021s	449.76	453.69	0	sdqCon-dialog1_ciwas_tiwas 2021s_S159.mp3
sdqCon-dialog1_ciwas_tiwas 2021s	453.69	459.62	0	sdqCon-dialog1_ciwas_tiwas 2021s_S160.mp3
sdqCon-dialog1_ciwas_tiwas 2021s	459.62	464.28	0	sdqCon-dialog1_ciwas_tiwas 2021s_S161.mp3
sdqCon-dialog1_ciwas_tiwas 2021s	464.28	466.61	0	sdqCon-dialog1_ciwas_tiwas 2021s_S162.mp3
sdqCon-dialog1_ciwas_tiwas 2021s	466.61	469.11	0	sdqCon-dialog1_ciwas_tiwas 2021s_S163.mp3
sdqCon-dialog1_ciwas_tiwas 2021s	469.11	469.23	0	sdqCon-dialog1_ciwas_tiwas 2021s_S164.mp3
sdqCon-dialog2_ciwas_tiwas 2021s	0.0	0.82	0	sdqCon-dialog2_ciwas_tiwas 2021s_S0.mp3
sdqCon-dialog2_ciwas_tiwas 2021s	0.82	0.9	0	sdqCon-dialog2_ciwas_tiwas 2021s_S1.mp3
sdqCon-dialog2_ciwas_tiwas 2021s	0.9	2.79	0	sdqCon-dialog2_ciwas_tiwas 2021s_S2.mp3
sdqCon-dialog2_ciwas_tiwas 2021s	2.79	4.75	0	sdqCon-dialog2_ciwas_tiwas 2021s_S3.mp3
sdqCon-dialog2_ciwas_tiwas 2021s	4.75	7.04	0	sdqCon-dialog2_ciwas_tiwas 2021s_S4.mp3
sdqCon-dialog2_ciwas_tiwas 2021s	7.04	8.16	0	sdqCon-dialog2_ciwas_tiwas 2021s_S5.mp3
sdqCon-dialog2_ciwas_tiwas 2021s	8.16	9.6	0	sdqCon-dialog2_ciwas_tiwas 2021s_S6.mp3
sdqCon-dialog2_ciwas_tiwas 2021s	9.6	10.69	0	sdqCon-dialog2_ciwas_tiwas 2021s_S7.mp3
sdqCon-dialog2_ciwas_tiwas 2021s	10.69	13.15	0	sdqCon-dialog2_ciwas_tiwas 2021s_S8.mp3
sdqCon-dialog2_ciwas_tiwas 2021s	13.15	17.46	0	sdqCon-dialog2_ciwas_tiwas 2021s_S9.mp3
sdqCon-dialog2_ciwas_tiwas 2021s	17.46	19.68	0	sdqCon-dialog2_ciwas_tiwas 2021s_S10.mp3
sdqCon-dialog2_ciwas_tiwas 2021s	19.68	22.19	0	sdqCon-dialog2_ciwas_tiwas 2021s_S11.mp3
sdqCon-dialog2_ciwas_tiwas 2021s	22.19	25.93	0	sdqCon-dialog2_ciwas_tiwas 2021s_S12.mp3
sdqCon-dialog2_ciwas_tiwas 2021s	25.93	28.66	0	sdqCon-dialog2_ciwas_tiwas 2021s_S13.mp3
sdqCon-dialog2_ciwas_tiwas 2021s	28.66	30.55	0	sdqCon-dialog2_ciwas_tiwas 2021s_S14.mp3
sdqCon-dialog2_ciwas_tiwas 2021s	30.55	35.27	0	sdqCon-dialog2_ciwas_tiwas 2021s_S15.mp3
sdqCon-dialog2_ciwas_tiwas 2021s	35.27	38.9	0	sdqCon-dialog2_ciwas_tiwas 2021s_S16.mp3
sdqCon-dialog2_ciwas_tiwas 2021s	38.9	39.88	0	sdqCon-dialog2_ciwas_tiwas 2021s_S17.mp3
sdqCon-dialog2_ciwas_tiwas 2021s	39.88	43.52	0	sdqCon-dialog2_ciwas_tiwas 2021s_S18.mp3
sdqCon-dialog2_ciwas_tiwas 2021s	43.52	45.12	0	sdqCon-dialog2_ciwas_tiwas 2021s_S19.mp3
sdqCon-dialog2_ciwas_tiwas 2021s	45.12	46.94	0	sdqCon-dialog2_ciwas_tiwas 2021s_S20.mp3
sdqCon-dialog2_ciwas_tiwas 2021s	46.94	48.65	0	sdqCon-dialog2_ciwas_tiwas 2021s_S21.mp3
sdqCon-dialog2_ciwas_tiwas 2021s	48.65	49.63	0	sdqCon-dialog2_ciwas_tiwas 2021s_S22.mp3
sdqCon-dialog2_ciwas_tiwas 2021s	49.63	52.37	0	sdqCon-dialog2_ciwas_tiwas 2021s_S23.mp3
sdqCon-dialog2_ciwas_tiwas 2021s	52.37	54.33	0	sdqCon-dialog2_ciwas_tiwas 2021s_S24.mp3
sdqCon-dialog2_ciwas_tiwas 2021s	54.33	57.99	0	sdqCon-dialog2_ciwas_tiwas 2021s_S25.mp3
sdqCon-dialog2_ciwas_tiwas 2021s	57.99	63.19	0	sdqCon-dialog2_ciwas_tiwas 2021s_S26.mp3
sdqCon-dialog2_ciwas_tiwas 2021s	63.19	64.78	0	sdqCon-dialog2_ciwas_tiwas 2021s_S27.mp3
sdqCon-dialog2_ciwas_tiwas 2021s	64.78	67.2	0	sdqCon-dialog2_ciwas_tiwas 2021s_S28.mp3
sdqCon-dialog2_ciwas_tiwas 2021s	67.2	70.18	0	sdqCon-dialog2_ciwas_tiwas 2021s_S29.mp3
sdqCon-dialog2_ciwas_tiwas 2021s	70.18	70.67	0	sdqCon-dialog2_ciwas_tiwas 2021s_S30.mp3
sdqCon-dialog2_ciwas_tiwas 2021s	70.67	72.87	0	sdqCon-dialog2_ciwas_tiwas 2021s_S31.mp3
sdqCon-dialog2_ciwas_tiwas 2021s	72.87	75.1	0	sdqCon-dialog2_ciwas_tiwas 2021s_S32.mp3
sdqCon-dialog2_ciwas_tiwas 2021s	75.1	75.32	0	sdqCon-dialog2_ciwas_tiwas 2021s_S33.mp3
sdqCon-dialog2_ciwas_tiwas 2021s	75.32	76.51	0	sdqCon-dialog2_ciwas_tiwas 2021s_S34.mp3
sdqCon-dialog2_ciwas_tiwas 2021s	76.51	79.89	0	sdqCon-dialog2_ciwas_tiwas 2021s_S35.mp3
sdqCon-dialog2_ciwas_tiwas 2021s	79.89	82.34	0	sdqCon-dialog2_ciwas_tiwas 2021s_S36.mp3
sdqCon-dialog2_ciwas_tiwas 2021s	82.34	85.46	0	sdqCon-dialog2_ciwas_tiwas 2021s_S37.mp3
sdqCon-dialog2_ciwas_tiwas 2021s	85.46	86.81	0	sdqCon-dialog2_ciwas_tiwas 2021s_S38.mp3
sdqCon-dialog2_ciwas_tiwas 2021s	86.81	88.81	0	sdqCon-dialog2_ciwas_tiwas 2021s_S39.mp3
sdqCon-dialog2_ciwas_tiwas 2021s	88.81	89.33	0	sdqCon-dialog2_ciwas_tiwas 2021s_S40.mp3
sdqCon-dialog2_ciwas_tiwas 2021s	89.33	90.41	0	sdqCon-dialog2_ciwas_tiwas 2021s_S41.mp3
sdqCon-dialog2_ciwas_tiwas 2021s	90.41	92.73	0	sdqCon-dialog2_ciwas_tiwas 2021s_S42.mp3
sdqCon-dialog2_ciwas_tiwas 2021s	92.73	94.23	0	sdqCon-dialog2_ciwas_tiwas 2021s_S43.mp3
sdqCon-dialog2_ciwas_tiwas 2021s	94.23	95.31	0	sdqCon-dialog2_ciwas_tiwas 2021s_S44.mp3
sdqCon-dialog2_ciwas_tiwas 2021s	95.31	96.35	0	sdqCon-dialog2_ciwas_tiwas 2021s_S45.mp3
sdqCon-dialog2_ciwas_tiwas 2021s	96.35	98.22	0	sdqCon-dialog2_ciwas_tiwas 2021s_S46.mp3
sdqCon-dialog2_ciwas_tiwas 2021s	98.22	103.25	0	sdqCon-dialog2_ciwas_tiwas 2021s_S47.mp3
sdqCon-dialog2_ciwas_tiwas 2021s	103.25	105.51	0	sdqCon-dialog2_ciwas_tiwas 2021s_S48.mp3
sdqCon-dialog2_ciwas_tiwas 2021s	105.51	107.97	0	sdqCon-dialog2_ciwas_tiwas 2021s_S49.mp3
sdqCon-dialog2_ciwas_tiwas 2021s	107.97	109.99	0	sdqCon-dialog2_ciwas_tiwas 2021s_S50.mp3
sdqCon-dialog2_ciwas_tiwas 2021s	109.99	111.65	0	sdqCon-dialog2_ciwas_tiwas 2021s_S51.mp3
sdqCon-dialog2_ciwas_tiwas 2021s	111.65	117.07	0	sdqCon-dialog2_ciwas_tiwas 2021s_S52.mp3
sdqCon-dialog2_ciwas_tiwas 2021s	117.07	119.11	0	sdqCon-dialog2_ciwas_tiwas 2021s_S53.mp3
sdqCon-dialog2_ciwas_tiwas 2021s	119.11	121.74	0	sdqCon-dialog2_ciwas_tiwas 2021s_S54.mp3
sdqCon-dialog2_ciwas_tiwas 2021s	121.74	123.75	0	sdqCon-dialog2_ciwas_tiwas 2021s_S55.mp3
sdqCon-dialog2_ciwas_tiwas 2021s	123.75	125.66	0	sdqCon-dialog2_ciwas_tiwas 2021s_S56.mp3
sdqCon-dialog2_ciwas_tiwas 2021s	125.66	128.49	0	sdqCon-dialog2_ciwas_tiwas 2021s_S57.mp3
sdqCon-dialog2_ciwas_tiwas 2021s	128.49	131.1	0	sdqCon-dialog2_ciwas_tiwas 2021s_S58.mp3
sdqCon-dialog2_ciwas_tiwas 2021s	131.1	131.57	0	sdqCon-dialog2_ciwas_tiwas 2021s_S59.mp3
sdqCon-dialog2_ciwas_tiwas 2021s	131.57	133.92	0	sdqCon-dialog2_ciwas_tiwas 2021s_S60.mp3
sdqCon-dialog2_ciwas_tiwas 2021s	133.92	137.75	0	sdqCon-dialog2_ciwas_tiwas 2021s_S61.mp3
sdqCon-dialog2_ciwas_tiwas 2021s	137.75	139.73	0	sdqCon-dialog2_ciwas_tiwas 2021s_S62.mp3
sdqCon-dialog2_ciwas_tiwas 2021s	139.73	147.08	0	sdqCon-dialog2_ciwas_tiwas 2021s_S63.mp3
sdqCon-dialog2_ciwas_tiwas 2021s	147.08	149.47	0	sdqCon-dialog2_ciwas_tiwas 2021s_S64.mp3
sdqCon-dialog2_ciwas_tiwas 2021s	149.47	151.85	0	sdqCon-dialog2_ciwas_tiwas 2021s_S65.mp3
sdqCon-dialog2_ciwas_tiwas 2021s	151.85	152.35	0	sdqCon-dialog2_ciwas_tiwas 2021s_S66.mp3
sdqCon-dialog2_ciwas_tiwas 2021s	152.35	153.61	0	sdqCon-dialog2_ciwas_tiwas 2021s_S67.mp3
sdqCon-dialog2_ciwas_tiwas 2021s	153.61	154.84	0	sdqCon-dialog2_ciwas_tiwas 2021s_S68.mp3
sdqCon-dialog2_ciwas_tiwas 2021s	154.84	155.48	0	sdqCon-dialog2_ciwas_tiwas 2021s_S69.mp3
sdqCon-dialog2_ciwas_tiwas 2021s	155.48	156.95	0	sdqCon-dialog2_ciwas_tiwas 2021s_S70.mp3
sdqCon-dialog2_ciwas_tiwas 2021s	156.95	160.5	0	sdqCon-dialog2_ciwas_tiwas 2021s_S71.mp3
sdqCon-dialog2_ciwas_tiwas 2021s	160.5	162.31	0	sdqCon-dialog2_ciwas_tiwas 2021s_S72.mp3
sdqCon-dialog2_ciwas_tiwas 2021s	162.31	164.42	0	sdqCon-dialog2_ciwas_tiwas 2021s_S73.mp3
sdqCon-dialog2_ciwas_tiwas 2021s	164.42	168.17	0	sdqCon-dialog2_ciwas_tiwas 2021s_S74.mp3
sdqCon-dialog2_ciwas_tiwas 2021s	168.17	170.36	0	sdqCon-dialog2_ciwas_tiwas 2021s_S75.mp3
sdqCon-dialog2_ciwas_tiwas 2021s	170.36	170.75	0	sdqCon-dialog2_ciwas_tiwas 2021s_S76.mp3
sdqCon-dialog2_ciwas_tiwas 2021s	170.75	171.41	0	sdqCon-dialog2_ciwas_tiwas 2021s_S77.mp3
sdqCon-dialog2_ciwas_tiwas 2021s	171.41	174.66	0	sdqCon-dialog2_ciwas_tiwas 2021s_S78.mp3
sdqCon-dialog2_ciwas_tiwas 2021s	174.66	177.42	0	sdqCon-dialog2_ciwas_tiwas 2021s_S79.mp3
sdqCon-dialog2_ciwas_tiwas 2021s	177.42	180.61	0	sdqCon-dialog2_ciwas_tiwas 2021s_S80.mp3
sdqCon-dialog2_ciwas_tiwas 2021s	180.61	181.38	0	sdqCon-dialog2_ciwas_tiwas 2021s_S81.mp3
sdqCon-dialog2_ciwas_tiwas 2021s	181.38	184.68	0	sdqCon-dialog2_ciwas_tiwas 2021s_S82.mp3
sdqCon-dialog2_ciwas_tiwas 2021s	184.68	186.58	0	sdqCon-dialog2_ciwas_tiwas 2021s_S83.mp3
sdqCon-dialog2_ciwas_tiwas 2021s	186.58	187.29	0	sdqCon-dialog2_ciwas_tiwas 2021s_S84.mp3
sdqCon-dialog2_ciwas_tiwas 2021s	189.78	192.19	0	sdqCon-dialog2_ciwas_tiwas 2021s_S85.mp3
sdqCon-dialog2_ciwas_tiwas 2021s	192.19	195.19	0	sdqCon-dialog2_ciwas_tiwas 2021s_S86.mp3
sdqCon-dialog2_ciwas_tiwas 2021s	195.19	196.45	0	sdqCon-dialog2_ciwas_tiwas 2021s_S87.mp3
sdqCon-dialog2_ciwas_tiwas 2021s	196.45	199.99	0	sdqCon-dialog2_ciwas_tiwas 2021s_S88.mp3
sdqCon-dialog2_ciwas_tiwas 2021s	199.99	201.47	0	sdqCon-dialog2_ciwas_tiwas 2021s_S89.mp3
sdqCon-dialog2_ciwas_tiwas 2021s	201.47	202.31	0	sdqCon-dialog2_ciwas_tiwas 2021s_S90.mp3
sdqCon-dialog2_ciwas_tiwas 2021s	202.31	204.65	0	sdqCon-dialog2_ciwas_tiwas 2021s_S91.mp3
sdqCon-dialog2_ciwas_tiwas 2021s	204.65	209.59	0	sdqCon-dialog2_ciwas_tiwas 2021s_S92.mp3
sdqCon-dialog2_ciwas_tiwas 2021s	209.59	214.23	0	sdqCon-dialog2_ciwas_tiwas 2021s_S93.mp3
sdqCon-dialog2_ciwas_tiwas 2021s	214.23	216.55	0	sdqCon-dialog2_ciwas_tiwas 2021s_S94.mp3
sdqCon-dialog2_ciwas_tiwas 2021s	216.55	222.56	0	sdqCon-dialog2_ciwas_tiwas 2021s_S95.mp3
sdqCon-dialog2_ciwas_tiwas 2021s	222.56	223.3	0	sdqCon-dialog2_ciwas_tiwas 2021s_S96.mp3
sdqCon-dialog2_ciwas_tiwas 2021s	223.3	226.08	0	sdqCon-dialog2_ciwas_tiwas 2021s_S97.mp3
sdqCon-dialog2_ciwas_tiwas 2021s	226.08	226.89	0	sdqCon-dialog2_ciwas_tiwas 2021s_S98.mp3
sdqCon-dialog2_ciwas_tiwas 2021s	226.89	229.0	0	sdqCon-dialog2_ciwas_tiwas 2021s_S99.mp3
sdqCon-dialog2_ciwas_tiwas 2021s	229.0	232.27	0	sdqCon-dialog2_ciwas_tiwas 2021s_S100.mp3
sdqCon-dialog2_ciwas_tiwas 2021s	232.27	235.54	0	sdqCon-dialog2_ciwas_tiwas 2021s_S101.mp3
sdqCon-dialog2_ciwas_tiwas 2021s	235.54	237.86	0	sdqCon-dialog2_ciwas_tiwas 2021s_S102.mp3
sdqCon-dialog2_ciwas_tiwas 2021s	237.86	238.58	0	sdqCon-dialog2_ciwas_tiwas 2021s_S103.mp3
sdqCon-dialog2_ciwas_tiwas 2021s	238.58	240.74	0	sdqCon-dialog2_ciwas_tiwas 2021s_S104.mp3
sdqCon-dialog2_ciwas_tiwas 2021s	240.74	241.5	0	sdqCon-dialog2_ciwas_tiwas 2021s_S105.mp3
sdqCon-dialog2_ciwas_tiwas 2021s	241.5	244.48	0	sdqCon-dialog2_ciwas_tiwas 2021s_S106.mp3
sdqCon-dialog2_ciwas_tiwas 2021s	244.48	244.81	0	sdqCon-dialog2_ciwas_tiwas 2021s_S107.mp3
sdqCon-dialog2_ciwas_tiwas 2021s	244.81	245.97	0	sdqCon-dialog2_ciwas_tiwas 2021s_S108.mp3
sdqCon-dialog2_ciwas_tiwas 2021s	245.97	247.28	0	sdqCon-dialog2_ciwas_tiwas 2021s_S109.mp3
sdqCon-dialog2_ciwas_tiwas 2021s	247.28	250.53	0	sdqCon-dialog2_ciwas_tiwas 2021s_S110.mp3
sdqCon-dialog2_ciwas_tiwas 2021s	250.53	250.54	0	sdqCon-dialog2_ciwas_tiwas 2021s_S111.mp3
sdqCon-dialog2_ciwas_tiwas 2021s	250.54	252.19	0	sdqCon-dialog2_ciwas_tiwas 2021s_S112.mp3
sdqCon-dialog2_ciwas_tiwas 2021s	252.19	253.98	0	sdqCon-dialog2_ciwas_tiwas 2021s_S113.mp3
sdqCon-dialog2_ciwas_tiwas 2021s	253.98	256.16	0	sdqCon-dialog2_ciwas_tiwas 2021s_S114.mp3
sdqCon-dialog2_ciwas_tiwas 2021s	256.16	257.01	0	sdqCon-dialog2_ciwas_tiwas 2021s_S115.mp3
sdqCon-dialog2_ciwas_tiwas 2021s	257.01	257.34	0	sdqCon-dialog2_ciwas_tiwas 2021s_S116.mp3
sdqCon-dialog2_ciwas_tiwas 2021s	257.34	257.55	0	sdqCon-dialog2_ciwas_tiwas 2021s_S117.mp3
sdqCon-dialog2_ciwas_tiwas 2021s	257.55	259.75	0	sdqCon-dialog2_ciwas_tiwas 2021s_S118.mp3
sdqCon-dialog2_ciwas_tiwas 2021s	259.75	261.19	0	sdqCon-dialog2_ciwas_tiwas 2021s_S119.mp3
sdqCon-dialog2_ciwas_tiwas 2021s	261.19	266.0	0	sdqCon-dialog2_ciwas_tiwas 2021s_S120.mp3
sdqCon-dialog2_ciwas_tiwas 2021s	266.0	267.76	0	sdqCon-dialog2_ciwas_tiwas 2021s_S121.mp3
sdqCon-dialog2_ciwas_tiwas 2021s	267.76	267.97	0	sdqCon-dialog2_ciwas_tiwas 2021s_S122.mp3
sdqCon-dialog2_ciwas_tiwas 2021s	267.97	272.63	0	sdqCon-dialog2_ciwas_tiwas 2021s_S123.mp3
sdqCon-dialog2_ciwas_tiwas 2021s	272.63	274.29	0	sdqCon-dialog2_ciwas_tiwas 2021s_S124.mp3
sdqCon-dialog2_ciwas_tiwas 2021s	274.29	275.86	0	sdqCon-dialog2_ciwas_tiwas 2021s_S125.mp3
sdqCon-dialog2_ciwas_tiwas 2021s	275.86	282.41	0	sdqCon-dialog2_ciwas_tiwas 2021s_S126.mp3
sdqCon-dialog2_ciwas_tiwas 2021s	282.41	284.87	0	sdqCon-dialog2_ciwas_tiwas 2021s_S127.mp3
sdqCon-dialog2_ciwas_tiwas 2021s	284.87	285.99	0	sdqCon-dialog2_ciwas_tiwas 2021s_S128.mp3
sdqCon-dialog2_ciwas_tiwas 2021s	287.95	291.74	0	sdqCon-dialog2_ciwas_tiwas 2021s_S129.mp3
sdqCon-dialog2_ciwas_tiwas 2021s	291.74	291.75	0	sdqCon-dialog2_ciwas_tiwas 2021s_S130.mp3
sdqCon-dialog2_ciwas_tiwas 2021s	291.74	295.89	0	sdqCon-dialog2_ciwas_tiwas 2021s_S131.mp3
sdqCon-dialog2_ciwas_tiwas 2021s	295.89	300.18	0	sdqCon-dialog2_ciwas_tiwas 2021s_S132.mp3
sdqCon-dialog2_ciwas_tiwas 2021s	300.18	304.13	0	sdqCon-dialog2_ciwas_tiwas 2021s_S133.mp3
sdqCon-dialog2_ciwas_tiwas 2021s	304.13	304.85	0	sdqCon-dialog2_ciwas_tiwas 2021s_S134.mp3
sdqCon-dialog2_ciwas_tiwas 2021s	304.85	305.65	0	sdqCon-dialog2_ciwas_tiwas 2021s_S135.mp3
sdqCon-dialog2_ciwas_tiwas 2021s	305.65	306.6	0	sdqCon-dialog2_ciwas_tiwas 2021s_S136.mp3
sdqCon-dialog2_ciwas_tiwas 2021s	306.6	307.22	0	sdqCon-dialog2_ciwas_tiwas 2021s_S137.mp3
sdqCon-dialog2_ciwas_tiwas 2021s	307.22	308.97	0	sdqCon-dialog2_ciwas_tiwas 2021s_S138.mp3
sdqCon-dialog2_ciwas_tiwas 2021s	308.97	309.6	0	sdqCon-dialog2_ciwas_tiwas 2021s_S139.mp3
sdqCon-dialog2_ciwas_tiwas 2021s	309.6	311.59	0	sdqCon-dialog2_ciwas_tiwas 2021s_S140.mp3
sdqCon-dialog2_ciwas_tiwas 2021s	311.59	314.36	0	sdqCon-dialog2_ciwas_tiwas 2021s_S141.mp3
sdqCon-dialog2_ciwas_tiwas 2021s	314.36	315.27	0	sdqCon-dialog2_ciwas_tiwas 2021s_S142.mp3
sdqCon-dialog2_ciwas_tiwas 2021s	315.27	316.77	0	sdqCon-dialog2_ciwas_tiwas 2021s_S143.mp3
sdqCon-dialog2_ciwas_tiwas 2021s	316.77	321.18	0	sdqCon-dialog2_ciwas_tiwas 2021s_S144.mp3
sdqCon-dialog2_ciwas_tiwas 2021s	321.18	321.99	0	sdqCon-dialog2_ciwas_tiwas 2021s_S145.mp3
sdqCon-dialog2_ciwas_tiwas 2021s	321.99	325.01	0	sdqCon-dialog2_ciwas_tiwas 2021s_S146.mp3
sdqCon-dialog2_ciwas_tiwas 2021s	325.01	326.23	0	sdqCon-dialog2_ciwas_tiwas 2021s_S147.mp3
sdqCon-dialog2_ciwas_tiwas 2021s	326.23	328.39	0	sdqCon-dialog2_ciwas_tiwas 2021s_S148.mp3
sdqCon-dialog2_ciwas_tiwas 2021s	328.39	333.1	0	sdqCon-dialog2_ciwas_tiwas 2021s_S149.mp3
sdqCon-dialog2_ciwas_tiwas 2021s	333.1	334.93	0	sdqCon-dialog2_ciwas_tiwas 2021s_S150.mp3
sdqCon-dialog2_ciwas_tiwas 2021s	334.93	341.78	0	sdqCon-dialog2_ciwas_tiwas 2021s_S151.mp3
sdqCon-dialog2_ciwas_tiwas 2021s	341.78	347.92	0	sdqCon-dialog2_ciwas_tiwas 2021s_S152.mp3
sdqCon-dialog2_ciwas_tiwas 2021s	347.92	348.45	0	sdqCon-dialog2_ciwas_tiwas 2021s_S153.mp3
sdqCon-dialog2_ciwas_tiwas 2021s	348.45	351.28	0	sdqCon-dialog2_ciwas_tiwas 2021s_S154.mp3
sdqCon-dialog2_ciwas_tiwas 2021s	351.28	353.47	0	sdqCon-dialog2_ciwas_tiwas 2021s_S155.mp3
sdqCon-dialog2_ciwas_tiwas 2021s	353.47	353.78	0	sdqCon-dialog2_ciwas_tiwas 2021s_S156.mp3
sdqCon-dialog2_ciwas_tiwas 2021s	353.78	354.64	0	sdqCon-dialog2_ciwas_tiwas 2021s_S157.mp3
sdqCon-dialog2_ciwas_tiwas 2021s	354.64	357.63	0	sdqCon-dialog2_ciwas_tiwas 2021s_S158.mp3
sdqCon-dialog2_ciwas_tiwas 2021s	357.63	360.98	0	sdqCon-dialog2_ciwas_tiwas 2021s_S159.mp3
sdqCon-dialog2_ciwas_tiwas 2021s	360.98	361.65	0	sdqCon-dialog2_ciwas_tiwas 2021s_S160.mp3
sdqCon-dialog2_ciwas_tiwas 2021s	361.65	363.32	0	sdqCon-dialog2_ciwas_tiwas 2021s_S161.mp3
sdqCon-dialog2_ciwas_tiwas 2021s	363.32	365.14	0	sdqCon-dialog2_ciwas_tiwas 2021s_S162.mp3
sdqCon-dialog2_ciwas_tiwas 2021s	365.14	367.81	0	sdqCon-dialog2_ciwas_tiwas 2021s_S163.mp3
sdqCon-dialog2_ciwas_tiwas 2021s	367.81	370.3	0	sdqCon-dialog2_ciwas_tiwas 2021s_S164.mp3
sdqCon-dialog2_ciwas_tiwas 2021s	370.3	372.41	0	sdqCon-dialog2_ciwas_tiwas 2021s_S165.mp3
sdqCon-dialog2_ciwas_tiwas 2021s	372.41	373.11	0	sdqCon-dialog2_ciwas_tiwas 2021s_S166.mp3
sdqCon-dialog2_ciwas_tiwas 2021s	373.11	375.63	0	sdqCon-dialog2_ciwas_tiwas 2021s_S167.mp3
sdqCon-dialog2_ciwas_tiwas 2021s	375.63	376.37	0	sdqCon-dialog2_ciwas_tiwas 2021s_S168.mp3
sdqCon-dialog2_ciwas_tiwas 2021s	376.37	379.23	0	sdqCon-dialog2_ciwas_tiwas 2021s_S169.mp3
sdqCon-dialog2_ciwas_tiwas 2021s	379.23	381.66	0	sdqCon-dialog2_ciwas_tiwas 2021s_S170.mp3
sdqCon-dialog2_ciwas_tiwas 2021s	381.66	388.8	0	sdqCon-dialog2_ciwas_tiwas 2021s_S171.mp3
sdqCon-dialog2_ciwas_tiwas 2021s	388.8	393.94	0	sdqCon-dialog2_ciwas_tiwas 2021s_S172.mp3
sdqCon-dialog2_ciwas_tiwas 2021s	393.94	398.74	0	sdqCon-dialog2_ciwas_tiwas 2021s_S173.mp3
sdqCon-dialog2_ciwas_tiwas 2021s	398.74	403.09	0	sdqCon-dialog2_ciwas_tiwas 2021s_S174.mp3
sdqCon-dialog2_ciwas_tiwas 2021s	403.09	406.18	0	sdqCon-dialog2_ciwas_tiwas 2021s_S175.mp3
sdqCon-dialog2_ciwas_tiwas 2021s	406.18	410.03	0	sdqCon-dialog2_ciwas_tiwas 2021s_S176.mp3
sdqCon-dialog2_ciwas_tiwas 2021s	410.03	411.74	0	sdqCon-dialog2_ciwas_tiwas 2021s_S177.mp3
sdqCon-dialog2_ciwas_tiwas 2021s	411.74	413.6	0	sdqCon-dialog2_ciwas_tiwas 2021s_S178.mp3
sdqCon-dialog2_ciwas_tiwas 2021s	413.6	414.03	0	sdqCon-dialog2_ciwas_tiwas 2021s_S179.mp3
sdqCon-dialog2_ciwas_tiwas 2021s	414.03	423.32	0	sdqCon-dialog2_ciwas_tiwas 2021s_S180.mp3
sdqCon-dialog2_ciwas_tiwas 2021s	423.32	429.43	0	sdqCon-dialog2_ciwas_tiwas 2021s_S181.mp3
sdqCon-dialog2_ciwas_tiwas 2021s	429.43	431.1	0	sdqCon-dialog2_ciwas_tiwas 2021s_S182.mp3
sdqCon-dialog2_ciwas_tiwas 2021s	431.1	432.63	0	sdqCon-dialog2_ciwas_tiwas 2021s_S183.mp3
sdqCon-dialog2_ciwas_tiwas 2021s	432.63	432.91	0	sdqCon-dialog2_ciwas_tiwas 2021s_S184.mp3
sdqCon-dialog2_ciwas_tiwas 2021s	432.63	432.91	1	sdqCon-dialog2_ciwas_tiwas 2021s_S185.mp3
sdqCon-dialog2_ciwas_tiwas 2021s	432.91	433.68	0	sdqCon-dialog2_ciwas_tiwas 2021s_S186.mp3
sdqCon-dialog2_ciwas_tiwas 2021s	433.68	435.22	0	sdqCon-dialog2_ciwas_tiwas 2021s_S187.mp3
sdqCon-dialog2_ciwas_tiwas 2021s	435.22	436.01	0	sdqCon-dialog2_ciwas_tiwas 2021s_S188.mp3
sdqCon-dialog2_ciwas_tiwas 2021s	436.01	438.81	0	sdqCon-dialog2_ciwas_tiwas 2021s_S189.mp3
sdqCon-dialog2_ciwas_tiwas 2021s	438.81	439.78	0	sdqCon-dialog2_ciwas_tiwas 2021s_S190.mp3
sdqCon-dialog2_ciwas_tiwas 2021s	439.78	441.32	0	sdqCon-dialog2_ciwas_tiwas 2021s_S191.mp3
sdqCon-dialog2_ciwas_tiwas 2021s	441.32	442.45	0	sdqCon-dialog2_ciwas_tiwas 2021s_S192.mp3
sdqCon-dialog2_ciwas_tiwas 2021s	442.45	444.24	0	sdqCon-dialog2_ciwas_tiwas 2021s_S193.mp3
sdqCon-dialog2_ciwas_tiwas 2021s	444.24	451.11	0	sdqCon-dialog2_ciwas_tiwas 2021s_S194.mp3
sdqCon-dialog2_ciwas_tiwas 2021s	451.11	456.63	0	sdqCon-dialog2_ciwas_tiwas 2021s_S195.mp3
sdqCon-dialog2_ciwas_tiwas 2021s	456.63	460.12	0	sdqCon-dialog2_ciwas_tiwas 2021s_S196.mp3
sdqCon-dialog2_ciwas_tiwas 2021s	460.12	464.37	0	sdqCon-dialog2_ciwas_tiwas 2021s_S197.mp3
sdqCon-dialog2_ciwas_tiwas 2021s	464.37	467.64	0	sdqCon-dialog2_ciwas_tiwas 2021s_S198.mp3
sdqCon-dialog2_ciwas_tiwas 2021s	467.64	471.08	0	sdqCon-dialog2_ciwas_tiwas 2021s_S199.mp3
sdqCon-dialog2_ciwas_tiwas 2021s	471.08	482.21	0	sdqCon-dialog2_ciwas_tiwas 2021s_S200.mp3
sdqCon-dialog2_ciwas_tiwas 2021s	482.21	487.03	0	sdqCon-dialog2_ciwas_tiwas 2021s_S201.mp3
sdqCon-dialog2_ciwas_tiwas 2021s	487.03	491.81	0	sdqCon-dialog2_ciwas_tiwas 2021s_S202.mp3
sdqCon-dialog2_ciwas_tiwas 2021s	491.81	492.58	0	sdqCon-dialog2_ciwas_tiwas 2021s_S203.mp3
sdqCon-dialog2_ciwas_tiwas 2021s	492.58	493.52	0	sdqCon-dialog2_ciwas_tiwas 2021s_S204.mp3
sdqCon-dialog3_robo_bakan 2021s	0.0	1.04	0	sdqCon-dialog3_robo_bakan 2021s_S0.mp3
sdqCon-dialog3_robo_bakan 2021s	1.04	1.05	0	sdqCon-dialog3_robo_bakan 2021s_S1.mp3
sdqCon-dialog3_robo_bakan 2021s	1.05	3.52	0	sdqCon-dialog3_robo_bakan 2021s_S2.mp3
sdqCon-dialog3_robo_bakan 2021s	3.52	5.87	0	sdqCon-dialog3_robo_bakan 2021s_S3.mp3
sdqCon-dialog3_robo_bakan 2021s	5.87	7.9	0	sdqCon-dialog3_robo_bakan 2021s_S4.mp3
sdqCon-dialog3_robo_bakan 2021s	7.9	12.2	0	sdqCon-dialog3_robo_bakan 2021s_S5.mp3
sdqCon-dialog3_robo_bakan 2021s	12.2	16.85	0	sdqCon-dialog3_robo_bakan 2021s_S6.mp3
sdqCon-dialog3_robo_bakan 2021s	16.85	18.98	0	sdqCon-dialog3_robo_bakan 2021s_S7.mp3
sdqCon-dialog3_robo_bakan 2021s	18.98	19.95	0	sdqCon-dialog3_robo_bakan 2021s_S8.mp3
sdqCon-dialog3_robo_bakan 2021s	19.95	23.9	0	sdqCon-dialog3_robo_bakan 2021s_S9.mp3
sdqCon-dialog3_robo_bakan 2021s	23.9	28.45	0	sdqCon-dialog3_robo_bakan 2021s_S10.mp3
sdqCon-dialog3_robo_bakan 2021s	28.45	32.24	0	sdqCon-dialog3_robo_bakan 2021s_S11.mp3
sdqCon-dialog3_robo_bakan 2021s	32.24	37.76	0	sdqCon-dialog3_robo_bakan 2021s_S12.mp3
sdqCon-dialog3_robo_bakan 2021s	37.76	42.75	0	sdqCon-dialog3_robo_bakan 2021s_S13.mp3
sdqCon-dialog3_robo_bakan 2021s	42.75	44.35	0	sdqCon-dialog3_robo_bakan 2021s_S14.mp3
sdqCon-dialog3_robo_bakan 2021s	44.35	47.18	0	sdqCon-dialog3_robo_bakan 2021s_S15.mp3
sdqCon-dialog3_robo_bakan 2021s	47.18	53.86	0	sdqCon-dialog3_robo_bakan 2021s_S16.mp3
sdqCon-dialog3_robo_bakan 2021s	53.86	57.65	0	sdqCon-dialog3_robo_bakan 2021s_S17.mp3
sdqCon-dialog3_robo_bakan 2021s	57.65	62.73	0	sdqCon-dialog3_robo_bakan 2021s_S18.mp3
sdqCon-dialog3_robo_bakan 2021s	62.73	63.61	0	sdqCon-dialog3_robo_bakan 2021s_S19.mp3
sdqCon-dialog3_robo_bakan 2021s	63.61	69.53	0	sdqCon-dialog3_robo_bakan 2021s_S20.mp3
sdqCon-dialog3_robo_bakan 2021s	69.53	71.79	0	sdqCon-dialog3_robo_bakan 2021s_S21.mp3
sdqCon-dialog3_robo_bakan 2021s	71.79	75.97	0	sdqCon-dialog3_robo_bakan 2021s_S22.mp3
sdqCon-dialog3_robo_bakan 2021s	75.97	87.19	0	sdqCon-dialog3_robo_bakan 2021s_S23.mp3
sdqCon-dialog3_robo_bakan 2021s	87.19	92.87	0	sdqCon-dialog3_robo_bakan 2021s_S24.mp3
sdqCon-dialog3_robo_bakan 2021s	92.87	100.25	0	sdqCon-dialog3_robo_bakan 2021s_S25.mp3
sdqCon-dialog3_robo_bakan 2021s	100.25	103.96	0	sdqCon-dialog3_robo_bakan 2021s_S26.mp3
sdqCon-dialog3_robo_bakan 2021s	103.96	104.28	0	sdqCon-dialog3_robo_bakan 2021s_S27.mp3
sdqCon-dialog4_robo_bakan_ape 2020s	0.0	2.78	0	sdqCon-dialog4_robo_bakan_ape 2020s_S0.mp3
sdqCon-dialog4_robo_bakan_ape 2020s	2.78	5.86	0	sdqCon-dialog4_robo_bakan_ape 2020s_S1.mp3
sdqCon-dialog4_robo_bakan_ape 2020s	5.86	11.05	0	sdqCon-dialog4_robo_bakan_ape 2020s_S2.mp3
sdqCon-dialog4_robo_bakan_ape 2020s	11.05	15.71	0	sdqCon-dialog4_robo_bakan_ape 2020s_S3.mp3
sdqCon-dialog4_robo_bakan_ape 2020s	15.71	21.96	0	sdqCon-dialog4_robo_bakan_ape 2020s_S4.mp3
sdqCon-dialog4_robo_bakan_ape 2020s	21.96	24.03	0	sdqCon-dialog4_robo_bakan_ape 2020s_S5.mp3
sdqCon-dialog4_robo_bakan_ape 2020s	24.03	28.95	0	sdqCon-dialog4_robo_bakan_ape 2020s_S6.mp3
sdqCon-dialog4_robo_bakan_ape 2020s	28.95	36.66	0	sdqCon-dialog4_robo_bakan_ape 2020s_S7.mp3
sdqCon-dialog4_robo_bakan_ape 2020s	36.66	40.88	0	sdqCon-dialog4_robo_bakan_ape 2020s_S8.mp3
sdqCon-dialog4_robo_bakan_ape 2020s	40.88	43.95	0	sdqCon-dialog4_robo_bakan_ape 2020s_S9.mp3
sdqCon-dialog4_robo_bakan_ape 2020s	43.95	46.28	0	sdqCon-dialog4_robo_bakan_ape 2020s_S10.mp3
sdqCon-dialog4_robo_bakan_ape 2020s	46.28	50.87	0	sdqCon-dialog4_robo_bakan_ape 2020s_S11.mp3
sdqCon-dialog4_robo_bakan_ape 2020s	50.87	56.27	0	sdqCon-dialog4_robo_bakan_ape 2020s_S12.mp3
sdqCon-dialog4_robo_bakan_ape 2020s	56.27	60.77	0	sdqCon-dialog4_robo_bakan_ape 2020s_S13.mp3
sdqCon-dialog4_robo_bakan_ape 2020s	60.77	63.78	0	sdqCon-dialog4_robo_bakan_ape 2020s_S14.mp3
sdqCon-dialog4_robo_bakan_ape 2020s	63.78	68.2	0	sdqCon-dialog4_robo_bakan_ape 2020s_S15.mp3
sdqCon-dialog4_robo_bakan_ape 2020s	68.2	70.8	0	sdqCon-dialog4_robo_bakan_ape 2020s_S16.mp3
sdqCon-dialog4_robo_bakan_ape 2020s	70.8	76.32	0	sdqCon-dialog4_robo_bakan_ape 2020s_S17.mp3
sdqCon-dialog4_robo_bakan_ape 2020s	76.32	77.72	0	sdqCon-dialog4_robo_bakan_ape 2020s_S18.mp3
sdqCon-dialog4_robo_bakan_ape 2020s	77.72	79.36	0	sdqCon-dialog4_robo_bakan_ape 2020s_S19.mp3
sdqCon-dialog4_robo_bakan_ape 2020s	79.36	84.36	0	sdqCon-dialog4_robo_bakan_ape 2020s_S20.mp3
sdqCon-dialog4_robo_bakan_ape 2020s	84.36	90.0	0	sdqCon-dialog4_robo_bakan_ape 2020s_S21.mp3
sdqCon-dialog4_robo_bakan_ape 2020s	90.0	93.06	0	sdqCon-dialog4_robo_bakan_ape 2020s_S22.mp3
sdqCon-dialog4_robo_bakan_ape 2020s	93.06	96.09	0	sdqCon-dialog4_robo_bakan_ape 2020s_S23.mp3
sdqCon-dialog4_robo_bakan_ape 2020s	96.09	102.82	0	sdqCon-dialog4_robo_bakan_ape 2020s_S24.mp3
sdqCon-dialog4_robo_bakan_ape 2020s	102.82	107.51	0	sdqCon-dialog4_robo_bakan_ape 2020s_S25.mp3
sdqCon-dialog4_robo_bakan_ape 2020s	107.51	110.83	0	sdqCon-dialog4_robo_bakan_ape 2020s_S26.mp3
sdqCon-dialog4_robo_bakan_ape 2020s	110.83	116.54	0	sdqCon-dialog4_robo_bakan_ape 2020s_S27.mp3
sdqCon-dialog4_robo_bakan_ape 2020s	116.54	123.62	0	sdqCon-dialog4_robo_bakan_ape 2020s_S28.mp3
sdqCon-dialog4_robo_bakan_ape 2020s	123.62	124.08	0	sdqCon-dialog4_robo_bakan_ape 2020s_S29.mp3
sdqCon-dialog4_robo_bakan_ape 2020s	124.08	126.95	0	sdqCon-dialog4_robo_bakan_ape 2020s_S30.mp3
sdqCon-dialog4_robo_bakan_ape 2020s	126.95	128.91	0	sdqCon-dialog4_robo_bakan_ape 2020s_S31.mp3
sdqCon-dialog4_robo_bakan_ape 2020s	128.91	130.5	0	sdqCon-dialog4_robo_bakan_ape 2020s_S32.mp3
sdqCon-dialog4_robo_bakan_ape 2020s	130.5	133.65	0	sdqCon-dialog4_robo_bakan_ape 2020s_S33.mp3
sdqCon-dialog4_robo_bakan_ape 2020s	133.65	137.3	0	sdqCon-dialog4_robo_bakan_ape 2020s_S34.mp3
sdqCon-dialog4_robo_bakan_ape 2020s	137.3	143.36	0	sdqCon-dialog4_robo_bakan_ape 2020s_S35.mp3
sdqCon-dialog4_robo_bakan_ape 2020s	143.36	148.71	0	sdqCon-dialog4_robo_bakan_ape 2020s_S36.mp3
sdqCon-dialog4_robo_bakan_ape 2020s	148.71	151.51	0	sdqCon-dialog4_robo_bakan_ape 2020s_S37.mp3
sdqCon-dialog4_robo_bakan_ape 2020s	151.51	156.5	0	sdqCon-dialog4_robo_bakan_ape 2020s_S38.mp3
sdqCon-dialog4_robo_bakan_ape 2020s	156.5	161.39	0	sdqCon-dialog4_robo_bakan_ape 2020s_S39.mp3
sdqCon-dialog4_robo_bakan_ape 2020s	161.39	161.43	0	sdqCon-dialog4_robo_bakan_ape 2020s_S40.mp3
sdqCon-dialog4_robo_bakan_ape 2020s	161.43	168.65	0	sdqCon-dialog4_robo_bakan_ape 2020s_S41.mp3
sdqCon-dialog4_robo_bakan_ape 2020s	168.65	175.39	0	sdqCon-dialog4_robo_bakan_ape 2020s_S42.mp3
sdqCon-dialog4_robo_bakan_ape 2020s	175.39	178.94	0	sdqCon-dialog4_robo_bakan_ape 2020s_S43.mp3
sdqCon-dialog4_robo_bakan_ape 2020s	178.94	181.13	0	sdqCon-dialog4_robo_bakan_ape 2020s_S44.mp3
sdqCon-dialog4_robo_bakan_ape 2020s	181.13	185.92	0	sdqCon-dialog4_robo_bakan_ape 2020s_S45.mp3
sdqCon-dialog4_robo_bakan_ape 2020s	185.92	189.66	0	sdqCon-dialog4_robo_bakan_ape 2020s_S46.mp3
sdqCon-dialog4_robo_bakan_ape 2020s	189.66	191.95	0	sdqCon-dialog4_robo_bakan_ape 2020s_S47.mp3
sdqCon-dialog4_robo_bakan_ape 2020s	191.95	193.71	0	sdqCon-dialog4_robo_bakan_ape 2020s_S48.mp3
sdqCon-dialog4_robo_bakan_ape 2020s	193.71	200.64	0	sdqCon-dialog4_robo_bakan_ape 2020s_S49.mp3
sdqCon-dialog4_robo_bakan_ape 2020s	200.64	202.34	0	sdqCon-dialog4_robo_bakan_ape 2020s_S50.mp3
sdqCon-dialog4_robo_bakan_ape 2020s	202.34	209.97	0	sdqCon-dialog4_robo_bakan_ape 2020s_S51.mp3
sdqCon-dialog4_robo_bakan_ape 2020s	209.97	211.78	0	sdqCon-dialog4_robo_bakan_ape 2020s_S52.mp3
sdqCon-dialog5_dakis_takun 2020s	0.0	0.29	0	sdqCon-dialog5_dakis_takun 2020s_S0.mp3
sdqCon-dialog5_dakis_takun 2020s	0.29	0.64	0	sdqCon-dialog5_dakis_takun 2020s_S1.mp3
sdqCon-dialog5_dakis_takun 2020s	0.29	1.78	0	sdqCon-dialog5_dakis_takun 2020s_S2.mp3
sdqCon-dialog5_dakis_takun 2020s	0.64	2.56	0	sdqCon-dialog5_dakis_takun 2020s_S3.mp3
sdqCon-dialog5_dakis_takun 2020s	1.78	5.13	0	sdqCon-dialog5_dakis_takun 2020s_S4.mp3
sdqCon-dialog5_dakis_takun 2020s	2.56	8.02	0	sdqCon-dialog5_dakis_takun 2020s_S5.mp3
sdqCon-dialog5_dakis_takun 2020s	5.13	9.06	0	sdqCon-dialog5_dakis_takun 2020s_S6.mp3
sdqCon-dialog5_dakis_takun 2020s	8.02	15.04	0	sdqCon-dialog5_dakis_takun 2020s_S7.mp3
sdqCon-dialog5_dakis_takun 2020s	15.04	16.4	0	sdqCon-dialog5_dakis_takun 2020s_S8.mp3
sdqCon-dialog5_dakis_takun 2020s	14.44	22.21	0	sdqCon-dialog5_dakis_takun 2020s_S9.mp3
sdqCon-dialog5_dakis_takun 2020s	22.21	24.26	0	sdqCon-dialog5_dakis_takun 2020s_S10.mp3
sdqCon-dialog5_dakis_takun 2020s	21.79	26.21	0	sdqCon-dialog5_dakis_takun 2020s_S11.mp3
sdqCon-dialog5_dakis_takun 2020s	24.26	28.01	0	sdqCon-dialog5_dakis_takun 2020s_S12.mp3
sdqCon-dialog5_dakis_takun 2020s	28.01	30.06	0	sdqCon-dialog5_dakis_takun 2020s_S13.mp3
sdqCon-dialog5_dakis_takun 2020s	29.78	32.25	0	sdqCon-dialog5_dakis_takun 2020s_S14.mp3
sdqCon-dialog5_dakis_takun 2020s	29.78	32.25	1	sdqCon-dialog5_dakis_takun 2020s_S15.mp3
sdqCon-dialog5_dakis_takun 2020s	32.25	33.84	0	sdqCon-dialog5_dakis_takun 2020s_S16.mp3
sdqCon-dialog5_dakis_takun 2020s	33.84	35.94	0	sdqCon-dialog5_dakis_takun 2020s_S17.mp3
sdqCon-dialog5_dakis_takun 2020s	30.06	41.39	0	sdqCon-dialog5_dakis_takun 2020s_S18.mp3
sdqCon-dialog5_dakis_takun 2020s	35.94	44.41	0	sdqCon-dialog5_dakis_takun 2020s_S19.mp3
sdqCon-dialog5_dakis_takun 2020s	41.39	46.13	0	sdqCon-dialog5_dakis_takun 2020s_S20.mp3
sdqCon-dialog5_dakis_takun 2020s	46.13	47.77	0	sdqCon-dialog5_dakis_takun 2020s_S21.mp3
sdqCon-dialog5_dakis_takun 2020s	44.41	49.66	0	sdqCon-dialog5_dakis_takun 2020s_S22.mp3
sdqCon-dialog5_dakis_takun 2020s	48.26	51.23	0	sdqCon-dialog5_dakis_takun 2020s_S23.mp3
sdqCon-dialog5_dakis_takun 2020s	51.23	52.45	0	sdqCon-dialog5_dakis_takun 2020s_S24.mp3
sdqCon-dialog5_dakis_takun 2020s	52.45	57.12	0	sdqCon-dialog5_dakis_takun 2020s_S25.mp3
sdqCon-dialog5_dakis_takun 2020s	57.12	60.12	0	sdqCon-dialog5_dakis_takun 2020s_S26.mp3
sdqCon-dialog5_dakis_takun 2020s	56.28	63.51	0	sdqCon-dialog5_dakis_takun 2020s_S27.mp3
sdqCon-dialog5_dakis_takun 2020s	63.51	66.56	0	sdqCon-dialog5_dakis_takun 2020s_S28.mp3
sdqCon-dialog5_dakis_takun 2020s	66.56	67.46	0	sdqCon-dialog5_dakis_takun 2020s_S29.mp3
sdqCon-dialog5_dakis_takun 2020s	66.21	71.41	0	sdqCon-dialog5_dakis_takun 2020s_S30.mp3
sdqCon-dialog5_dakis_takun 2020s	71.41	73.05	0	sdqCon-dialog5_dakis_takun 2020s_S31.mp3
sdqCon-dialog5_dakis_takun 2020s	69.26	75.75	0	sdqCon-dialog5_dakis_takun 2020s_S32.mp3
sdqCon-dialog5_dakis_takun 2020s	75.09	79.92	0	sdqCon-dialog5_dakis_takun 2020s_S33.mp3
sdqCon-dialog5_dakis_takun 2020s	79.92	82.85	0	sdqCon-dialog5_dakis_takun 2020s_S34.mp3
sdqCon-dialog5_dakis_takun 2020s	77.32	84.15	0	sdqCon-dialog5_dakis_takun 2020s_S35.mp3
sdqCon-dialog5_dakis_takun 2020s	84.15	85.08	0	sdqCon-dialog5_dakis_takun 2020s_S36.mp3
sdqCon-dialog5_dakis_takun 2020s	82.85	87.46	0	sdqCon-dialog5_dakis_takun 2020s_S37.mp3
sdqCon-dialog5_dakis_takun 2020s	87.46	88.17	0	sdqCon-dialog5_dakis_takun 2020s_S38.mp3
sdqCon-dialog5_dakis_takun 2020s	85.08	90.8	0	sdqCon-dialog5_dakis_takun 2020s_S39.mp3
sdqCon-dialog5_dakis_takun 2020s	88.17	94.54	0	sdqCon-dialog5_dakis_takun 2020s_S40.mp3
sdqCon-dialog5_dakis_takun 2020s	90.8	96.02	0	sdqCon-dialog5_dakis_takun 2020s_S41.mp3
sdqCon-dialog5_dakis_takun 2020s	94.54	98.52	0	sdqCon-dialog5_dakis_takun 2020s_S42.mp3
sdqCon-dialog5_dakis_takun 2020s	96.02	100.26	0	sdqCon-dialog5_dakis_takun 2020s_S43.mp3
sdqCon-dialog5_dakis_takun 2020s	98.52	104.11	0	sdqCon-dialog5_dakis_takun 2020s_S44.mp3
sdqCon-dialog5_dakis_takun 2020s	100.26	107.19	0	sdqCon-dialog5_dakis_takun 2020s_S45.mp3
sdqCon-dialog5_dakis_takun 2020s	105.15	108.27	0	sdqCon-dialog5_dakis_takun 2020s_S46.mp3
sdqCon-dialog5_dakis_takun 2020s	107.19	110.61	0	sdqCon-dialog5_dakis_takun 2020s_S47.mp3
sdqCon-dialog5_dakis_takun 2020s	108.27	112.11	0	sdqCon-dialog5_dakis_takun 2020s_S48.mp3
sdqCon-dialog5_dakis_takun 2020s	111.31	116.21	0	sdqCon-dialog5_dakis_takun 2020s_S49.mp3
sdqCon-dialog5_dakis_takun 2020s	116.21	119.18	0	sdqCon-dialog5_dakis_takun 2020s_S50.mp3
sdqCon-dialog5_dakis_takun 2020s	112.11	122.07	0	sdqCon-dialog5_dakis_takun 2020s_S51.mp3
sdqCon-dialog5_dakis_takun 2020s	120.38	124.59	0	sdqCon-dialog5_dakis_takun 2020s_S52.mp3
sdqCon-dialog5_dakis_takun 2020s	122.07	130.36	0	sdqCon-dialog5_dakis_takun 2020s_S53.mp3
sdqCon-dialog5_dakis_takun 2020s	147.15	150.17	0	sdqCon-dialog5_dakis_takun 2020s_S57.mp3
sdqCon-dialog5_dakis_takun 2020s	149.33	153.52	0	sdqCon-dialog5_dakis_takun 2020s_S58.mp3
sdqCon-dialog5_dakis_takun 2020s	150.17	156.29	0	sdqCon-dialog5_dakis_takun 2020s_S59.mp3
sdqCon-dialog5_dakis_takun 2020s	155.71	160.56	0	sdqCon-dialog5_dakis_takun 2020s_S60.mp3
sdqCon-dialog5_dakis_takun 2020s	158.74	161.2	0	sdqCon-dialog5_dakis_takun 2020s_S61.mp3
sdqCon-dialog5_dakis_takun 2020s	160.56	163.73	0	sdqCon-dialog5_dakis_takun 2020s_S62.mp3
sdqCon-dialog5_dakis_takun 2020s	167.43	175.59	0	sdqCon-dialog5_dakis_takun 2020s_S64.mp3
sdqCon-dialog5_dakis_takun 2020s	173.12	176.98	0	sdqCon-dialog5_dakis_takun 2020s_S65.mp3
sdqCon-dialog5_dakis_takun 2020s	176.54	180.63	0	sdqCon-dialog5_dakis_takun 2020s_S66.mp3
sdqCon-dialog5_dakis_takun 2020s	180.63	182.4	0	sdqCon-dialog5_dakis_takun 2020s_S67.mp3
sdqCon-dialog5_dakis_takun 2020s	176.98	186.88	0	sdqCon-dialog5_dakis_takun 2020s_S68.mp3
sdqCon-dialog5_dakis_takun 2020s	186.4	188.28	0	sdqCon-dialog5_dakis_takun 2020s_S69.mp3
sdqCon-dialog5_dakis_takun 2020s	186.88	192.07	0	sdqCon-dialog5_dakis_takun 2020s_S70.mp3
sdqCon-dialog5_dakis_takun 2020s	189.06	193.55	0	sdqCon-dialog5_dakis_takun 2020s_S71.mp3
sdqCon-dialog5_dakis_takun 2020s	192.07	194.03	0	sdqCon-dialog5_dakis_takun 2020s_S72.mp3
sdqCon-dialog5_dakis_takun 2020s	193.55	196.78	0	sdqCon-dialog5_dakis_takun 2020s_S73.mp3
sdqCon-dialog5_dakis_takun 2020s	194.03	199.81	0	sdqCon-dialog5_dakis_takun 2020s_S74.mp3
sdqCon-dialog5_dakis_takun 2020s	196.78	200.63	0	sdqCon-dialog5_dakis_takun 2020s_S75.mp3
sdqCon-dialog5_dakis_takun 2020s	199.81	203.29	0	sdqCon-dialog5_dakis_takun 2020s_S76.mp3
sdqCon-dialog5_dakis_takun 2020s	207.94	214.19	0	sdqCon-dialog5_dakis_takun 2020s_S78.mp3
sdqCon-dialog5_dakis_takun 2020s	213.06	220.06	0	sdqCon-dialog5_dakis_takun 2020s_S79.mp3
sdqCon-dialog5_dakis_takun 2020s	223.37	225.08	0	sdqCon-dialog5_dakis_takun 2020s_S81.mp3
sdqCon-dialog5_dakis_takun 2020s	229.87	238.49	0	sdqCon-dialog5_dakis_takun 2020s_S83.mp3
sdqCon-dialog5_dakis_takun 2020s	238.49	243.29	0	sdqCon-dialog5_dakis_takun 2020s_S84.mp3
sdqCon-dialog5_dakis_takun 2020s	256.75	266.5	0	sdqCon-dialog5_dakis_takun 2020s_S88.mp3
sdqCon-dialog5_dakis_takun 2020s	282.98	288.02	0	sdqCon-dialog5_dakis_takun 2020s_S91.mp3
sdqCon-dialog5_dakis_takun 2020s	283.59	289.69	0	sdqCon-dialog5_dakis_takun 2020s_S92.mp3
sdqCon-dialog5_dakis_takun 2020s	288.02	291.92	0	sdqCon-dialog5_dakis_takun 2020s_S93.mp3
sdqCon-dialog5_dakis_takun 2020s	299.97	303.65	0	sdqCon-dialog5_dakis_takun 2020s_S96.mp3
sdqCon-dialog5_dakis_takun 2020s	321.53	323.8	0	sdqCon-dialog5_dakis_takun 2020s_S98.mp3
sdqCon-dialog5_dakis_takun 2020s	337.7	339.84	0	sdqCon-dialog5_dakis_takun 2020s_S103.mp3
sdqCon-dialog5_dakis_takun 2020s	338.09	343.44	0	sdqCon-dialog5_dakis_takun 2020s_S104.mp3
sdqCon-dialog5_dakis_takun 2020s	343.44	347.35	0	sdqCon-dialog5_dakis_takun 2020s_S105.mp3
sdqCon-dialog5_dakis_takun 2020s	357.18	359.28	0	sdqCon-dialog5_dakis_takun 2020s_S108.mp3
sdqCon-dialog5_dakis_takun 2020s	364.36	369.11	0	sdqCon-dialog5_dakis_takun 2020s_S110.mp3
sdqCon-dialog5_dakis_takun 2020s	372.04	377.38	0	sdqCon-dialog5_dakis_takun 2020s_S112.mp3
sdqCon-dialog5_dakis_takun 2020s	378.26	383.42	0	sdqCon-dialog5_dakis_takun 2020s_S114.mp3
sdqCon-dialog5_dakis_takun 2020s	383.42	384.79	0	sdqCon-dialog5_dakis_takun 2020s_S115.mp3
sdqCon-dialog5_dakis_takun 2020s	384.79	393.1	0	sdqCon-dialog5_dakis_takun 2020s_S117.mp3
sdqCon-dialog5_dakis_takun 2020s	393.1	395.12	0	sdqCon-dialog5_dakis_takun 2020s_S118.mp3
sdqCon-dialog5_dakis_takun 2020s	395.12	397.1	0	sdqCon-dialog5_dakis_takun 2020s_S119.mp3
sdqCon-dialog5_dakis_takun 2020s	397.1	400.38	0	sdqCon-dialog5_dakis_takun 2020s_S120.mp3
sdqCon-dialog5_dakis_takun 2020s	389.91	403.84	0	sdqCon-dialog5_dakis_takun 2020s_S121.mp3
sdqCon-dialog5_dakis_takun 2020s	403.37	405.7	0	sdqCon-dialog5_dakis_takun 2020s_S122.mp3
sdqCon-dialog5_dakis_takun 2020s	403.84	407.43	0	sdqCon-dialog5_dakis_takun 2020s_S123.mp3
sdqCon-dialog5_dakis_takun 2020s	405.7	409.73	0	sdqCon-dialog5_dakis_takun 2020s_S124.mp3
sdqCon-dialog5_dakis_takun 2020s	405.7	409.73	1	sdqCon-dialog5_dakis_takun 2020s_S125.mp3
sdqCon-dialog5_dakis_takun 2020s	407.43	411.86	0	sdqCon-dialog5_dakis_takun 2020s_S126.mp3
sdqCon-dialog5_dakis_takun 2020s	411.11	415.88	0	sdqCon-dialog5_dakis_takun 2020s_S127.mp3
sdqCon-dialog5_dakis_takun 2020s	415.44	418.73	0	sdqCon-dialog5_dakis_takun 2020s_S128.mp3
sdqCon-plum_uma_robo 2020s	0.0	7.01	0	sdqCon-plum_uma_robo 2020s_S0.mp3
sdqCon-plum_uma_robo 2020s	7.01	17.32	0	sdqCon-plum_uma_robo 2020s_S1.mp3
sdqCon-plum_uma_robo 2020s	17.32	25.18	0	sdqCon-plum_uma_robo 2020s_S2.mp3
sdqCon-plum_uma_robo 2020s	25.18	31.29	0	sdqCon-plum_uma_robo 2020s_S3.mp3
sdqCon-plum_uma_robo 2020s	31.29	41.78	0	sdqCon-plum_uma_robo 2020s_S4.mp3
sdqCon-plum_uma_robo 2020s	41.78	42.42	0	sdqCon-plum_uma_robo 2020s_S5.mp3
sdqCon-plum_uma_robo 2020s	42.42	46.25	0	sdqCon-plum_uma_robo 2020s_S6.mp3
sdqCon-plum_uma_robo 2020s	46.25	48.28	0	sdqCon-plum_uma_robo 2020s_S7.mp3
sdqCon-plum_uma_robo 2020s	48.28	51.02	0	sdqCon-plum_uma_robo 2020s_S8.mp3
sdqCon-plum_uma_robo 2020s	51.02	58.04	0	sdqCon-plum_uma_robo 2020s_S9.mp3
sdqCon-plum_uma_robo 2020s	58.04	70.54	0	sdqCon-plum_uma_robo 2020s_S10.mp3
sdqCon-plum_uma_robo 2020s	70.54	73.34	0	sdqCon-plum_uma_robo 2020s_S11.mp3
sdqCon-plum_uma_robo 2020s	73.34	75.2	0	sdqCon-plum_uma_robo 2020s_S12.mp3
sdqCon-plum_uma_robo 2020s	75.2	88.54	0	sdqCon-plum_uma_robo 2020s_S13.mp3
sdqCon-plum_uma_robo 2020s	88.54	100.55	0	sdqCon-plum_uma_robo 2020s_S14.mp3
sdqCon-plum_uma_robo 2020s	100.55	104.39	0	sdqCon-plum_uma_robo 2020s_S15.mp3
sdqCon-plum_uma_robo 2020s	104.39	107.9	0	sdqCon-plum_uma_robo 2020s_S16.mp3
sdqCon-plum_uma_robo 2020s	107.9	109.53	0	sdqCon-plum_uma_robo 2020s_S17.mp3
sdqCon-plum_uma_robo 2020s	109.53	112.92	0	sdqCon-plum_uma_robo 2020s_S18.mp3
sdqCon-plum_uma_robo 2020s	112.92	122.38	0	sdqCon-plum_uma_robo 2020s_S19.mp3
sdqCon-plum_uma_robo 2020s	122.38	123.42	0	sdqCon-plum_uma_robo 2020s_S20.mp3
sdqCon-plum_uma_robo 2020s	123.42	126.92	0	sdqCon-plum_uma_robo 2020s_S21.mp3
sdqCon-plum_uma_robo 2020s	126.92	132.91	0	sdqCon-plum_uma_robo 2020s_S22.mp3
sdqCon-plum_uma_robo 2020s	132.91	138.13	0	sdqCon-plum_uma_robo 2020s_S23.mp3
sdqCon-plum_uma_robo 2020s	138.13	142.15	0	sdqCon-plum_uma_robo 2020s_S24.mp3
sdqCon-plum_uma_robo 2020s	142.15	148.56	0	sdqCon-plum_uma_robo 2020s_S25.mp3
sdqCon-plum_uma_robo 2020s	148.56	150.27	0	sdqCon-plum_uma_robo 2020s_S26.mp3
sdqCon-plum_uma_robo 2020s	150.27	153.52	0	sdqCon-plum_uma_robo 2020s_S27.mp3
sdqCon-plum_uma_robo 2020s	153.52	155.51	0	sdqCon-plum_uma_robo 2020s_S28.mp3
sdqCon-plum_uma_robo 2020s	155.51	156.68	0	sdqCon-plum_uma_robo 2020s_S29.mp3
sdqCon-plum_uma_robo 2020s	156.68	160.51	0	sdqCon-plum_uma_robo 2020s_S30.mp3
sdqCon-plum_uma_robo 2020s	160.51	165.62	0	sdqCon-plum_uma_robo 2020s_S31.mp3
sdqCon-plum_uma_robo 2020s	165.62	169.41	0	sdqCon-plum_uma_robo 2020s_S32.mp3
sdqCon-plum_uma_robo 2020s	169.41	176.95	0	sdqCon-plum_uma_robo 2020s_S33.mp3
sdqNr-childhood_micang 2020s	0.0	3.88	0	sdqNr-childhood_micang 2020s_S0.mp3
sdqNr-childhood_micang 2020s	3.88	11.85	0	sdqNr-childhood_micang 2020s_S1.mp3
sdqNr-childhood_micang 2020s	11.85	29.58	0	sdqNr-childhood_micang 2020s_S2.mp3
sdqNr-childhood_micang 2020s	29.58	33.26	0	sdqNr-childhood_micang 2020s_S3.mp3
sdqNr-childhood_micang 2020s	33.26	36.5	0	sdqNr-childhood_micang 2020s_S4.mp3
sdqNr-childhood_micang 2020s	36.5	47.72	0	sdqNr-childhood_micang 2020s_S5.mp3
sdqNr-childhood_micang 2020s	47.72	50.79	0	sdqNr-childhood_micang 2020s_S6.mp3
sdqNr-childhood_micang 2020s	50.79	55.99	0	sdqNr-childhood_micang 2020s_S7.mp3
sdqNr-childhood_micang 2020s	55.99	57.94	0	sdqNr-childhood_micang 2020s_S8.mp3
sdqNr-childhood_micang 2020s	57.94	61.01	0	sdqNr-childhood_micang 2020s_S9.mp3
sdqNr-childhood_micang 2020s	61.01	66.39	0	sdqNr-childhood_micang 2020s_S10.mp3
sdqNr-childhood_micang 2020s	66.39	71.26	0	sdqNr-childhood_micang 2020s_S11.mp3
sdqNr-childhood_micang 2020s	71.26	75.06	0	sdqNr-childhood_micang 2020s_S12.mp3
sdqNr-childhood_micang 2020s	75.06	76.64	0	sdqNr-childhood_micang 2020s_S13.mp3
sdqNr-childhood_micang 2020s	76.64	80.85	0	sdqNr-childhood_micang 2020s_S14.mp3
sdqNr-childhood_micang 2020s	80.85	83.01	0	sdqNr-childhood_micang 2020s_S15.mp3
sdqNr-childhood_micang 2020s	83.01	86.73	0	sdqNr-childhood_micang 2020s_S16.mp3
sdqNr-childhood_micang 2020s	86.73	88.58	0	sdqNr-childhood_micang 2020s_S17.mp3
sdqNr-childhood_micang 2020s	88.58	94.21	0	sdqNr-childhood_micang 2020s_S18.mp3
sdqNr-childhood_micang 2020s	94.21	100.23	0	sdqNr-childhood_micang 2020s_S19.mp3
sdqNr-childhood_micang 2020s	100.23	105.04	0	sdqNr-childhood_micang 2020s_S20.mp3
sdqNr-childhood_micang 2020s	105.04	118.14	0	sdqNr-childhood_micang 2020s_S21.mp3
sdqNr-childhood_micang 2020s	118.14	124.42	0	sdqNr-childhood_micang 2020s_S22.mp3
sdqNr-childhood_micang 2020s	124.42	129.96	0	sdqNr-childhood_micang 2020s_S23.mp3
sdqNr-childhood_micang 2020s	129.96	137.1	0	sdqNr-childhood_micang 2020s_S24.mp3
sdqNr-childhood_micang 2020s	137.1	143.73	0	sdqNr-childhood_micang 2020s_S25.mp3
sdqNr-childhood_micang 2020s	143.73	147.83	0	sdqNr-childhood_micang 2020s_S26.mp3
sdqNr-childhood_micang 2020s	147.83	151.53	0	sdqNr-childhood_micang 2020s_S27.mp3
sdqNr-childhood_micang 2020s	151.53	159.51	0	sdqNr-childhood_micang 2020s_S28.mp3
sdqNr-childhood_micang 2020s	159.51	166.64	0	sdqNr-childhood_micang 2020s_S29.mp3
sdqNr-childhood_micang 2020s	166.64	169.58	0	sdqNr-childhood_micang 2020s_S30.mp3
sdqNr-childhood_micang 2020s	169.58	173.87	0	sdqNr-childhood_micang 2020s_S31.mp3
sdqNr-childhood_micang 2020s	173.87	179.95	0	sdqNr-childhood_micang 2020s_S32.mp3
sdqNr-childhood_micang 2020s	179.95	187.65	0	sdqNr-childhood_micang 2020s_S33.mp3
sdqNr-childhood_micang 2020s	187.65	190.66	0	sdqNr-childhood_micang 2020s_S34.mp3
sdqNr-childhood_micang 2020s	190.66	193.83	0	sdqNr-childhood_micang 2020s_S35.mp3
sdqNr-childhood_micang 2020s	193.83	196.51	0	sdqNr-childhood_micang 2020s_S36.mp3
sdqNr-childhood_micang 2020s	196.51	201.09	0	sdqNr-childhood_micang 2020s_S37.mp3
sdqNr-childhood_micang 2020s	201.09	206.77	0	sdqNr-childhood_micang 2020s_S38.mp3
sdqNr-childhood_micang 2020s	206.77	209.82	0	sdqNr-childhood_micang 2020s_S39.mp3
sdqNr-childhood_micang 2020s	209.82	220.28	0	sdqNr-childhood_micang 2020s_S40.mp3
sdqNr-childhood_micang 2020s	220.28	225.0	0	sdqNr-childhood_micang 2020s_S41.mp3
sdqNr-childhood_micang 2020s	225.0	228.44	0	sdqNr-childhood_micang 2020s_S42.mp3
sdqNr-childhood_micang 2020s	228.44	237.14	0	sdqNr-childhood_micang 2020s_S43.mp3
sdqNr-childhood_micang 2020s	237.14	241.38	0	sdqNr-childhood_micang 2020s_S44.mp3
sdqNr-childhood_micang 2020s	241.38	247.07	0	sdqNr-childhood_micang 2020s_S45.mp3
sdqNr-childhood_micang 2020s	247.07	251.49	0	sdqNr-childhood_micang 2020s_S46.mp3
sdqNr-childhood_micang 2020s	251.49	262.66	0	sdqNr-childhood_micang 2020s_S47.mp3
sdqNr-childhood_micang 2020s	270.98	275.11	0	sdqNr-childhood_micang 2020s_S50.mp3
sdqNr-childhood_micang 2020s	275.11	283.26	0	sdqNr-childhood_micang 2020s_S51.mp3
sdqNr-childhood_micang 2020s	283.26	288.57	0	sdqNr-childhood_micang 2020s_S52.mp3
sdqNr-childhood_micang 2020s	288.57	292.91	0	sdqNr-childhood_micang 2020s_S53.mp3
sdqNr-childhood_micang 2020s	292.91	300.27	0	sdqNr-childhood_micang 2020s_S54.mp3
sdqNr-childhood_micang 2020s	300.27	303.05	0	sdqNr-childhood_micang 2020s_S55.mp3
sdqNr-childhood_micang 2020s	303.05	310.41	0	sdqNr-childhood_micang 2020s_S56.mp3
sdqNr-childhood_micang 2020s	310.41	318.16	0	sdqNr-childhood_micang 2020s_S57.mp3
sdqNr-childhood_micang 2020s	318.16	322.3	0	sdqNr-childhood_micang 2020s_S58.mp3
sdqNr-childhood_micang 2020s	322.3	327.31	0	sdqNr-childhood_micang 2020s_S59.mp3
sdqNr-childhood_micang 2020s	327.31	334.02	0	sdqNr-childhood_micang 2020s_S60.mp3
sdqNr-childhood_micang 2020s	334.02	337.65	0	sdqNr-childhood_micang 2020s_S61.mp3
sdqNr-childhood_micang 2020s	337.65	339.58	0	sdqNr-childhood_micang 2020s_S62.mp3
sdqNr-childhood_micang 2020s	339.58	347.69	0	sdqNr-childhood_micang 2020s_S63.mp3
sdqNr-childhood_micang 2020s	347.69	353.66	0	sdqNr-childhood_micang 2020s_S64.mp3
sdqNr-childhood_micang 2020s	353.66	358.13	0	sdqNr-childhood_micang 2020s_S65.mp3
sdqNr-childhood_micang 2020s	358.13	363.3	0	sdqNr-childhood_micang 2020s_S66.mp3
sdqNr-childhood_micang 2020s	363.3	365.41	0	sdqNr-childhood_micang 2020s_S67.mp3
sdqNr-childhood_micang 2020s	365.41	368.08	0	sdqNr-childhood_micang 2020s_S68.mp3
sdqNr-childhood_micang 2020s	368.08	371.38	0	sdqNr-childhood_micang 2020s_S69.mp3
sdqNr-childhood_micang 2020s	371.38	380.11	0	sdqNr-childhood_micang 2020s_S70.mp3
sdqNr-childhood_micang 2020s	380.11	386.97	0	sdqNr-childhood_micang 2020s_S71.mp3
sdqNr-childhood_micang 2020s	386.97	393.38	0	sdqNr-childhood_micang 2020s_S72.mp3
sdqNr-childhood_micang 2020s	393.38	398.66	0	sdqNr-childhood_micang 2020s_S73.mp3
sdqNr-childhood_micang 2020s	398.66	403.96	0	sdqNr-childhood_micang 2020s_S74.mp3
sdqNr-childhood_micang 2020s	403.96	412.78	0	sdqNr-childhood_micang 2020s_S75.mp3
sdqNr-childhood_micang 2020s	412.78	420.99	0	sdqNr-childhood_micang 2020s_S76.mp3
sdqNr-childhood_micang 2020s	420.99	428.2	0	sdqNr-childhood_micang 2020s_S77.mp3
sdqNr-childhood_micang 2020s	428.2	435.37	0	sdqNr-childhood_micang 2020s_S78.mp3
sdqNr-childhood_micang 2020s	435.37	440.89	0	sdqNr-childhood_micang 2020s_S79.mp3
sdqNr-childhood_micang 2020s	440.89	453.93	0	sdqNr-childhood_micang 2020s_S80.mp3
sdqNr-childhood_micang 2020s	453.93	457.66	0	sdqNr-childhood_micang 2020s_S81.mp3
sdqNr-childhood_micang 2020s	457.66	462.33	0	sdqNr-childhood_micang 2020s_S82.mp3
sdqNr-childhood_micang 2020s	462.33	467.91	0	sdqNr-childhood_micang 2020s_S83.mp3
sdqNr-childhood_micang 2020s	467.91	472.7	0	sdqNr-childhood_micang 2020s_S84.mp3
sdqNr-childhood_micang 2020s	472.7	481.96	0	sdqNr-childhood_micang 2020s_S85.mp3
sdqNr-childhood_micang 2020s	481.96	491.94	0	sdqNr-childhood_micang 2020s_S86.mp3
sdqNr-childhood_micang 2020s	491.94	498.7	0	sdqNr-childhood_micang 2020s_S87.mp3
sdqNr-childhood_micang 2020s	498.7	508.59	0	sdqNr-childhood_micang 2020s_S88.mp3
sdqNr-childhood_micang 2020s	508.59	516.36	0	sdqNr-childhood_micang 2020s_S89.mp3
sdqNr-childhood_micang 2020s	516.36	527.08	0	sdqNr-childhood_micang 2020s_S90.mp3
sdqNr-childhood_micang 2020s	527.08	528.43	0	sdqNr-childhood_micang 2020s_S91.mp3
sdqNr-childhood_micang 2020s	528.43	532.74	0	sdqNr-childhood_micang 2020s_S92.mp3
sdqNr-childhood_micang 2020s	532.74	539.31	0	sdqNr-childhood_micang 2020s_S93.mp3
sdqNr-childhood_micang 2020s	539.31	544.19	0	sdqNr-childhood_micang 2020s_S94.mp3
sdqNr-childhood_micang 2020s	544.19	559.53	0	sdqNr-childhood_micang 2020s_S95.mp3
sdqNr-childhood_micang 2020s	559.53	566.32	0	sdqNr-childhood_micang 2020s_S96.mp3
sdqNr-childhood_micang 2020s	566.32	567.98	0	sdqNr-childhood_micang 2020s_S97.mp3
sdqNr-childhood_micang 2020s	567.98	579.3	0	sdqNr-childhood_micang 2020s_S98.mp3
sdqNr-childhood_micang 2020s	579.3	601.31	0	sdqNr-childhood_micang 2020s_S99.mp3
sdqNr-childhood_micang 2020s	601.31	620.1	0	sdqNr-childhood_micang 2020s_S100.mp3
sdqNr-childhood_micang 2020s	620.1	639.9	0	sdqNr-childhood_micang 2020s_S101.mp3
sdqNr-childhood_micang 2020s	639.9	658.67	0	sdqNr-childhood_micang 2020s_S102.mp3
sdqNr-childhood_micang 2020s	658.67	682.84	0	sdqNr-childhood_micang 2020s_S103.mp3
sdqNr-childhood_micang 2020s	682.84	707.24	0	sdqNr-childhood_micang 2020s_S104.mp3
sdqNr-childhood_micang 2020s	707.24	723.96	0	sdqNr-childhood_micang 2020s_S105.mp3
sdqNr-childhood_micang 2020s	723.96	740.58	0	sdqNr-childhood_micang 2020s_S106.mp3
sdqNr-childhood_micang 2020s	740.58	751.42	0	sdqNr-childhood_micang 2020s_S107.mp3
sdqNr-childhood_micang 2020s	751.42	767.84	0	sdqNr-childhood_micang 2020s_S108.mp3
sdqNr-childhood_micang 2020s	767.84	773.43	0	sdqNr-childhood_micang 2020s_S109.mp3
sdqNr-childhood_micang 2020s	773.43	787.91	0	sdqNr-childhood_micang 2020s_S110.mp3
sdqNr-childhood_micang 2020s	787.91	806.62	0	sdqNr-childhood_micang 2020s_S111.mp3
sdqNr-childhood_micang 2020s	806.62	812.27	0	sdqNr-childhood_micang 2020s_S112.mp3
sdqNr-childhood_micang 2020s	812.27	817.24	0	sdqNr-childhood_micang 2020s_S113.mp3
sdqNr-childhood_micang 2020s	817.24	822.09	0	sdqNr-childhood_micang 2020s_S114.mp3
sdqNr-childhood_micang 2020s	822.09	826.77	0	sdqNr-childhood_micang 2020s_S115.mp3
sdqNr-childhood_micang 2020s	826.77	831.33	0	sdqNr-childhood_micang 2020s_S116.mp3
sdqNr-childhood_micang 2020s	831.33	840.49	0	sdqNr-childhood_micang 2020s_S117.mp3
sdqNr-childhood_micang 2020s	840.49	850.36	0	sdqNr-childhood_micang 2020s_S118.mp3
sdqNr-childhood_micang 2020s	850.36	852.9	0	sdqNr-childhood_micang 2020s_S119.mp3
sdqNr-frog_aking 2020s	0.0	2.78	0	sdqNr-frog_aking 2020s_S0.mp3
sdqNr-frog_aking 2020s	2.78	7.91	0	sdqNr-frog_aking 2020s_S1.mp3
sdqNr-frog_aking 2020s	7.91	11.81	0	sdqNr-frog_aking 2020s_S2.mp3
sdqNr-frog_aking 2020s	11.81	18.69	0	sdqNr-frog_aking 2020s_S3.mp3
sdqNr-frog_aking 2020s	18.69	22.07	0	sdqNr-frog_aking 2020s_S4.mp3
sdqNr-frog_aking 2020s	22.07	28.75	0	sdqNr-frog_aking 2020s_S5.mp3
sdqNr-frog_aking 2020s	28.75	44.32	0	sdqNr-frog_aking 2020s_S6.mp3
sdqNr-frog_aking 2020s	44.32	48.84	0	sdqNr-frog_aking 2020s_S7.mp3
sdqNr-frog_aking 2020s	48.84	55.02	0	sdqNr-frog_aking 2020s_S8.mp3
sdqNr-frog_aking 2020s	55.02	59.16	0	sdqNr-frog_aking 2020s_S9.mp3
sdqNr-frog_aking 2020s	59.16	67.76	0	sdqNr-frog_aking 2020s_S10.mp3
sdqNr-frog_aking 2020s	67.76	74.77	0	sdqNr-frog_aking 2020s_S11.mp3
sdqNr-frog_aking 2020s	74.77	88.89	0	sdqNr-frog_aking 2020s_S12.mp3
sdqNr-frog_aking 2020s	88.89	97.14	0	sdqNr-frog_aking 2020s_S13.mp3
sdqNr-frog_aking 2020s	97.14	111.24	0	sdqNr-frog_aking 2020s_S14.mp3
sdqNr-frog_aking 2020s	111.24	122.01	0	sdqNr-frog_aking 2020s_S15.mp3
sdqNr-frog_aking 2020s	122.01	137.16	0	sdqNr-frog_aking 2020s_S16.mp3
sdqNr-frog_aking 2020s	137.16	143.92	0	sdqNr-frog_aking 2020s_S17.mp3
sdqNr-frog_aking 2020s	143.92	155.91	0	sdqNr-frog_aking 2020s_S18.mp3
sdqNr-frog_aking 2020s	155.91	172.99	0	sdqNr-frog_aking 2020s_S19.mp3
sdqNr-frog_aking 2020s	172.99	189.45	0	sdqNr-frog_aking 2020s_S20.mp3
sdqNr-frog_aking 2020s	189.45	194.2	0	sdqNr-frog_aking 2020s_S21.mp3
sdqNr-frog_aking 2020s	194.2	201.58	0	sdqNr-frog_aking 2020s_S22.mp3
sdqNr-frog_aking 2020s	201.58	207.46	0	sdqNr-frog_aking 2020s_S23.mp3
sdqNr-frog_aking 2020s	207.46	222.93	0	sdqNr-frog_aking 2020s_S24.mp3
sdqNr-frog_aking 2020s	222.93	232.81	0	sdqNr-frog_aking 2020s_S25.mp3
sdqNr-frog_aking 2020s	232.81	239.61	0	sdqNr-frog_aking 2020s_S26.mp3
sdqNr-frog_aking 2020s	239.61	249.7	0	sdqNr-frog_aking 2020s_S27.mp3
sdqNr-frog_aking 2020s	249.7	259.9	0	sdqNr-frog_aking 2020s_S28.mp3
sdqNr-frog_aking 2020s	259.9	265.93	0	sdqNr-frog_aking 2020s_S29.mp3
sdqNr-frog_aking 2020s	265.93	273.48	0	sdqNr-frog_aking 2020s_S30.mp3
sdqNr-frog_aking 2020s	273.48	278.13	0	sdqNr-frog_aking 2020s_S31.mp3
sdqNr-frog_aking 2020s	278.13	285.14	0	sdqNr-frog_aking 2020s_S32.mp3
sdqNr-frog_aking 2020s	285.14	289.12	0	sdqNr-frog_aking 2020s_S33.mp3
sdqNr-frog_aking 2020s	289.12	297.33	0	sdqNr-frog_aking 2020s_S34.mp3
sdqNr-frog_aking 2020s	297.33	303.58	0	sdqNr-frog_aking 2020s_S35.mp3
sdqNr-frog_aking 2020s	303.58	310.02	0	sdqNr-frog_aking 2020s_S36.mp3
sdqNr-frog_aking 2020s	310.02	318.14	0	sdqNr-frog_aking 2020s_S37.mp3
sdqNr-frog_aking 2020s	318.14	326.06	0	sdqNr-frog_aking 2020s_S38.mp3
sdqNr-frog_aking 2020s	326.06	329.73	0	sdqNr-frog_aking 2020s_S39.mp3
sdqNr-frog_aking 2020s	329.73	333.64	0	sdqNr-frog_aking 2020s_S40.mp3
sdqNr-frog_aking 2020s	333.64	340.46	0	sdqNr-frog_aking 2020s_S41.mp3
sdqNr-frog_aking 2020s	340.46	343.43	0	sdqNr-frog_aking 2020s_S42.mp3
sdqNr-frog_aking 2020s	343.43	348.46	0	sdqNr-frog_aking 2020s_S43.mp3
sdqNr-frog_aking 2020s	348.46	354.71	0	sdqNr-frog_aking 2020s_S44.mp3
sdqNr-frog_aking 2020s	354.71	364.11	0	sdqNr-frog_aking 2020s_S45.mp3
sdqNr-frog_lubi 2020s	0.0	2.88	0	sdqNr-frog_lubi 2020s_S0.mp3
sdqNr-frog_lubi 2020s	2.88	14.78	0	sdqNr-frog_lubi 2020s_S1.mp3
sdqNr-frog_lubi 2020s	14.78	22.92	0	sdqNr-frog_lubi 2020s_S2.mp3
sdqNr-frog_lubi 2020s	22.92	31.87	0	sdqNr-frog_lubi 2020s_S3.mp3
sdqNr-frog_lubi 2020s	31.87	47.68	0	sdqNr-frog_lubi 2020s_S4.mp3
sdqNr-frog_lubi 2020s	47.68	54.57	0	sdqNr-frog_lubi 2020s_S5.mp3
sdqNr-frog_lubi 2020s	54.57	61.14	0	sdqNr-frog_lubi 2020s_S6.mp3
sdqNr-frog_lubi 2020s	61.14	85.13	0	sdqNr-frog_lubi 2020s_S7.mp3
sdqNr-frog_lubi 2020s	85.13	102.59	0	sdqNr-frog_lubi 2020s_S8.mp3
sdqNr-frog_lubi 2020s	102.59	114.37	0	sdqNr-frog_lubi 2020s_S9.mp3
sdqNr-frog_lubi 2020s	114.37	130.1	0	sdqNr-frog_lubi 2020s_S10.mp3
sdqNr-frog_lubi 2020s	130.1	151.67	0	sdqNr-frog_lubi 2020s_S11.mp3
sdqNr-frog_lubi 2020s	151.67	161.46	0	sdqNr-frog_lubi 2020s_S12.mp3
sdqNr-frog_lubi 2020s	161.46	183.11	0	sdqNr-frog_lubi 2020s_S13.mp3
sdqNr-frog_lubi 2020s	183.11	194.97	0	sdqNr-frog_lubi 2020s_S14.mp3
sdqNr-frog_lubi 2020s	194.97	201.72	0	sdqNr-frog_lubi 2020s_S15.mp3
sdqNr-frog_lubi 2020s	201.72	224.9	0	sdqNr-frog_lubi 2020s_S16.mp3
sdqNr-frog_lubi 2020s	224.9	247.81	0	sdqNr-frog_lubi 2020s_S17.mp3
sdqNr-frog_lubi 2020s	247.81	256.24	0	sdqNr-frog_lubi 2020s_S18.mp3
sdqNr-frog_lubi 2020s	256.24	268.49	0	sdqNr-frog_lubi 2020s_S19.mp3
sdqNr-frog_lubi 2020s	268.49	290.79	0	sdqNr-frog_lubi 2020s_S20.mp3
sdqNr-frog_lubi 2020s	290.79	309.84	0	sdqNr-frog_lubi 2020s_S21.mp3
sdqNr-frog_lubi 2020s	309.84	324.63	0	sdqNr-frog_lubi 2020s_S22.mp3
sdqNr-frog_lubi 2020s	324.63	332.89	0	sdqNr-frog_lubi 2020s_S23.mp3
sdqNr-frog_lubi 2020s	332.89	344.2	0	sdqNr-frog_lubi 2020s_S24.mp3
sdqNr-frog_lubi 2020s	344.2	364.93	0	sdqNr-frog_lubi 2020s_S25.mp3
sdqNr-frog_lubi 2020s	364.93	383.34	0	sdqNr-frog_lubi 2020s_S26.mp3
sdqNr-frog_lubi 2020s	383.34	397.7	0	sdqNr-frog_lubi 2020s_S27.mp3
sdqNr-frog_lubi 2020s	397.7	407.68	0	sdqNr-frog_lubi 2020s_S28.mp3
sdqNr-frog_lubi 2020s	407.68	416.17	0	sdqNr-frog_lubi 2020s_S29.mp3
sdqNr-frog_lubi 2020s	416.17	422.01	0	sdqNr-frog_lubi 2020s_S30.mp3
sdqNr-frog_lubi 2020s	422.01	425.88	0	sdqNr-frog_lubi 2020s_S31.mp3
sdqNr-frog_lubi 2020s	425.88	443.27	0	sdqNr-frog_lubi 2020s_S32.mp3
sdqNr-frog_lubi 2020s	443.27	452.9	0	sdqNr-frog_lubi 2020s_S33.mp3
sdqNr-frog_lubi 2020s	452.9	461.1	0	sdqNr-frog_lubi 2020s_S34.mp3
sdqNr-frog_lubi 2020s	461.1	480.78	0	sdqNr-frog_lubi 2020s_S35.mp3
sdqNr-frog_lubi 2020s	480.78	491.94	0	sdqNr-frog_lubi 2020s_S36.mp3
sdqNr-frog_lubi 2020s	491.94	501.63	0	sdqNr-frog_lubi 2020s_S37.mp3
sdqNr-frog_lubi 2020s	501.63	521.32	0	sdqNr-frog_lubi 2020s_S38.mp3
sdqNr-frog_lubi 2020s	521.32	527.71	0	sdqNr-frog_lubi 2020s_S39.mp3
sdqNr-frog_lubi 2020s	527.71	540.55	0	sdqNr-frog_lubi 2020s_S40.mp3
sdqNr-frog_lubi 2020s	540.55	550.32	0	sdqNr-frog_lubi 2020s_S41.mp3
sdqNr-frog_lubi 2020s	550.32	561.9	0	sdqNr-frog_lubi 2020s_S42.mp3
sdqNr-frog_lubi 2020s	561.9	579.35	0	sdqNr-frog_lubi 2020s_S43.mp3
sdqNr-frog_lubi 2020s	579.35	585.53	0	sdqNr-frog_lubi 2020s_S44.mp3
sdqNr-frog_lubi 2020s	585.53	594.87	0	sdqNr-frog_lubi 2020s_S45.mp3
sdqNr-frog_temi	0.0	17.1	0	sdqNr-frog_temi_S0.mp3
sdqNr-frog_temi	17.1	23.92	0	sdqNr-frog_temi_S1.mp3
sdqNr-frog_temi	23.92	44.42	0	sdqNr-frog_temi_S2.mp3
sdqNr-frog_temi	44.42	64.74	0	sdqNr-frog_temi_S3.mp3
sdqNr-frog_temi	64.74	71.7	0	sdqNr-frog_temi_S4.mp3
sdqNr-frog_temi	71.7	76.95	0	sdqNr-frog_temi_S5.mp3
sdqNr-frog_temi	76.95	83.15	0	sdqNr-frog_temi_S6.mp3
sdqNr-frog_temi	83.15	87.34	0	sdqNr-frog_temi_S7.mp3
sdqNr-frog_temi	87.34	98.83	0	sdqNr-frog_temi_S8.mp3
sdqNr-frog_temi	98.83	111.69	0	sdqNr-frog_temi_S9.mp3
sdqNr-frog_temi	111.69	116.3	0	sdqNr-frog_temi_S10.mp3
sdqNr-frog_temi	116.3	126.23	0	sdqNr-frog_temi_S11.mp3
sdqNr-frog_temi	126.23	140.52	0	sdqNr-frog_temi_S12.mp3
sdqNr-frog_temi	140.52	154.82	0	sdqNr-frog_temi_S13.mp3
sdqNr-frog_temi	154.82	166.84	0	sdqNr-frog_temi_S14.mp3
sdqNr-frog_temi	166.84	178.13	0	sdqNr-frog_temi_S15.mp3
sdqNr-frog_temi	178.13	186.67	0	sdqNr-frog_temi_S16.mp3
sdqNr-frog_temi	186.67	199.06	0	sdqNr-frog_temi_S17.mp3
sdqNr-frog_temi	199.06	212.77	0	sdqNr-frog_temi_S18.mp3
sdqNr-frog_temi	212.77	231.19	0	sdqNr-frog_temi_S19.mp3
sdqNr-frog_temi	231.19	242.17	0	sdqNr-frog_temi_S20.mp3
sdqNr-frog_temi	242.17	246.81	0	sdqNr-frog_temi_S21.mp3
sdqNr-frog_temi	246.81	258.86	0	sdqNr-frog_temi_S22.mp3
sdqNr-frog_temi	258.86	276.44	0	sdqNr-frog_temi_S23.mp3
sdqNr-frog_temi	276.44	279.55	0	sdqNr-frog_temi_S24.mp3
sdqNr-frog_temi	279.55	301.48	0	sdqNr-frog_temi_S25.mp3
sdqNr-frog_temi	301.48	310.79	0	sdqNr-frog_temi_S26.mp3
sdqNr-frog_temi	310.79	327.12	0	sdqNr-frog_temi_S27.mp3
sdqNr-frog_temi	327.12	331.88	0	sdqNr-frog_temi_S28.mp3
sdqNr-frog_temi	331.88	342.62	0	sdqNr-frog_temi_S29.mp3
sdqNr-frog_temi	342.62	349.24	0	sdqNr-frog_temi_S30.mp3
sdqNr-frog_temi	349.24	361.54	0	sdqNr-frog_temi_S31.mp3
sdqNr-frog_temi	361.54	368.96	0	sdqNr-frog_temi_S32.mp3
sdqNr-frog_temi	368.96	386.71	0	sdqNr-frog_temi_S33.mp3
sdqNr-frog_temi	386.71	399.49	0	sdqNr-frog_temi_S34.mp3
sdqNr-frog_temi	399.49	413.35	0	sdqNr-frog_temi_S35.mp3
sdqNr-frog_temi	413.35	425.16	0	sdqNr-frog_temi_S36.mp3
sdqNr-frog_temi	425.16	440.51	0	sdqNr-frog_temi_S37.mp3
sdqNr-frog_temi	440.51	454.89	0	sdqNr-frog_temi_S38.mp3
sdqNr-frog_temi	454.89	472.94	0	sdqNr-frog_temi_S39.mp3
sdqNr-frog_temi	472.94	487.17	0	sdqNr-frog_temi_S40.mp3
sdqNr-frog_temi	487.17	495.33	0	sdqNr-frog_temi_S41.mp3
sdqNr-frog_temi	495.33	507.81	0	sdqNr-frog_temi_S42.mp3
sdqNr-frog_temi	507.81	513.0	0	sdqNr-frog_temi_S43.mp3
sdqNr-frog_temi	513.0	530.53	0	sdqNr-frog_temi_S44.mp3
sdqNr-frog_temi	530.53	541.53	0	sdqNr-frog_temi_S45.mp3
sdqNr-frog_temi	541.53	551.79	0	sdqNr-frog_temi_S46.mp3
sdqNr-frog_temi	551.79	559.21	0	sdqNr-frog_temi_S47.mp3
sdqNr-frog_temi	559.21	563.54	0	sdqNr-frog_temi_S48.mp3
sdqNr-frog_temi	563.54	576.56	0	sdqNr-frog_temi_S49.mp3
sdqNr-frog_temi	576.56	585.32	0	sdqNr-frog_temi_S50.mp3
sdqNr-frog_temi	585.32	593.81	0	sdqNr-frog_temi_S51.mp3
sdqNr-frog_temi	593.81	602.79	0	sdqNr-frog_temi_S52.mp3
sdqNr-frog_temi	602.79	613.25	0	sdqNr-frog_temi_S53.mp3
sdqNr-frog_temi	613.25	619.87	0	sdqNr-frog_temi_S54.mp3
sdqNr-frog_temi	619.87	629.56	0	sdqNr-frog_temi_S55.mp3
sdqNr-frog_temi	629.56	637.17	0	sdqNr-frog_temi_S56.mp3
sdqNr-frog_temi	637.17	646.3	0	sdqNr-frog_temi_S57.mp3
sdqNr-frog_temi	646.3	669.14	0	sdqNr-frog_temi_S58.mp3
sdqNr-frog_temi	669.14	674.89	0	sdqNr-frog_temi_S59.mp3
sdqNr-frog_temi	674.89	683.78	0	sdqNr-frog_temi_S60.mp3
sdqNr-frog_temi	683.78	699.67	0	sdqNr-frog_temi_S61.mp3
sdqNr-frog_temi	699.67	711.57	0	sdqNr-frog_temi_S62.mp3
sdqNr-frog_temi	711.57	719.36	0	sdqNr-frog_temi_S63.mp3
sdqNr-frog_temi	719.36	730.31	0	sdqNr-frog_temi_S64.mp3
sdqNr-frog_temi	730.31	744.65	0	sdqNr-frog_temi_S65.mp3
sdqNr-frog_temi	744.65	750.14	0	sdqNr-frog_temi_S66.mp3
sdqNr-frog_temi	750.14	756.76	0	sdqNr-frog_temi_S67.mp3
sdqNr-frog_temi	756.76	764.45	0	sdqNr-frog_temi_S68.mp3
sdqNr-frog_temi	764.45	773.94	0	sdqNr-frog_temi_S69.mp3
sdqNr-frog_temi	773.94	785.25	0	sdqNr-frog_temi_S70.mp3
sdqNr-frog_temi	785.25	793.56	0	sdqNr-frog_temi_S71.mp3
sdqNr-frog_temi	793.56	799.61	0	sdqNr-frog_temi_S72.mp3
sdqNr-frog_temi	799.61	809.22	0	sdqNr-frog_temi_S73.mp3
sdqNr-frog_temi	809.22	819.48	0	sdqNr-frog_temi_S74.mp3
sdqNr-frog_temi	819.48	830.41	0	sdqNr-frog_temi_S75.mp3
sdqNr-frog_temi	830.41	844.51	0	sdqNr-frog_temi_S76.mp3
sdqNr-frog_temi	844.51	856.46	0	sdqNr-frog_temi_S77.mp3
sdqNr-frog_temi	856.46	868.53	0	sdqNr-frog_temi_S78.mp3
sdqNr-frog_temi	868.53	876.85	0	sdqNr-frog_temi_S79.mp3
sdqNr-frog_temi	876.85	883.72	0	sdqNr-frog_temi_S80.mp3
sdqNr-frog_temi	883.72	887.93	0	sdqNr-frog_temi_S81.mp3
sdqNr-frog_temi	887.93	895.64	0	sdqNr-frog_temi_S82.mp3
sdqNr-frog_temi	895.64	909.96	0	sdqNr-frog_temi_S83.mp3
sdqNr-frog_temi	909.96	916.05	0	sdqNr-frog_temi_S84.mp3
sdqNr-frog_temi	916.05	921.52	0	sdqNr-frog_temi_S85.mp3
sdqNr-frog_temi	921.52	927.44	0	sdqNr-frog_temi_S86.mp3
sdqNr-frog_temi	927.44	945.65	0	sdqNr-frog_temi_S87.mp3
sdqNr-frog_temi	945.65	959.24	0	sdqNr-frog_temi_S88.mp3
sdqNr-frog_temi	959.24	964.77	0	sdqNr-frog_temi_S89.mp3
sdqNr-frog_temi	964.77	969.35	0	sdqNr-frog_temi_S90.mp3
sdqNr-frog_temi	969.35	976.71	0	sdqNr-frog_temi_S91.mp3
sdqNr-frog_temi	976.71	984.54	0	sdqNr-frog_temi_S92.mp3
sdqNr-frog_temi	984.54	993.94	0	sdqNr-frog_temi_S93.mp3
sdqNr-frog_temi	993.94	1007.96	0	sdqNr-frog_temi_S94.mp3
sdqNr-frog_temi	1007.96	1010.53	0	sdqNr-frog_temi_S95.mp3
sdqNr-frog_temi	1010.53	1023.38	0	sdqNr-frog_temi_S96.mp3
sdqNr-frog_temi	1023.38	1032.73	0	sdqNr-frog_temi_S97.mp3
sdqNr-frog_temi	1032.73	1043.57	0	sdqNr-frog_temi_S98.mp3
sdqNr-frog_temi	1043.57	1049.39	0	sdqNr-frog_temi_S99.mp3
sdqNr-frog_temi	1049.39	1058.56	0	sdqNr-frog_temi_S100.mp3
sdqNr-frog_temi	1058.56	1063.08	0	sdqNr-frog_temi_S101.mp3
sdqNr-frog_temi	1063.08	1070.11	0	sdqNr-frog_temi_S102.mp3
sdqNr-frog_temi	1070.11	1078.21	0	sdqNr-frog_temi_S103.mp3
sdqNr-frog_temi	1078.21	1085.08	0	sdqNr-frog_temi_S104.mp3
sdqNr-frog_temi	1085.08	1092.19	0	sdqNr-frog_temi_S105.mp3
sdqNr-frog_temi	1092.19	1099.86	0	sdqNr-frog_temi_S106.mp3
sdqNr-frog_temi	1099.86	1106.7	0	sdqNr-frog_temi_S107.mp3
sdqNr-frog_temi	1106.7	1110.51	0	sdqNr-frog_temi_S108.mp3
sdqNr-frog_temi	1110.51	1120.09	0	sdqNr-frog_temi_S109.mp3
sdqNr-frog_temi	1120.09	1121.61	0	sdqNr-frog_temi_S110.mp3
sdqNr-medicine_robo pihu 2020s	0.0	2.83	0	sdqNr-medicine_robo pihu 2020s_S0.mp3
sdqNr-medicine_robo pihu 2020s	2.83	8.55	0	sdqNr-medicine_robo pihu 2020s_S1.mp3
sdqNr-medicine_robo pihu 2020s	8.55	12.39	0	sdqNr-medicine_robo pihu 2020s_S2.mp3
sdqNr-medicine_robo pihu 2020s	12.39	17.99	0	sdqNr-medicine_robo pihu 2020s_S3.mp3
sdqNr-medicine_robo pihu 2020s	17.99	20.55	0	sdqNr-medicine_robo pihu 2020s_S4.mp3
sdqNr-medicine_robo pihu 2020s	20.55	24.7	0	sdqNr-medicine_robo pihu 2020s_S5.mp3
sdqNr-medicine_robo pihu 2020s	24.7	29.02	0	sdqNr-medicine_robo pihu 2020s_S6.mp3
sdqNr-medicine_robo pihu 2020s	29.02	33.27	0	sdqNr-medicine_robo pihu 2020s_S7.mp3
sdqNr-medicine_robo pihu 2020s	33.27	46.05	0	sdqNr-medicine_robo pihu 2020s_S8.mp3
sdqNr-medicine_robo pihu 2020s	46.05	48.63	0	sdqNr-medicine_robo pihu 2020s_S9.mp3
sdqNr-medicine_robo pihu 2020s	48.63	50.92	0	sdqNr-medicine_robo pihu 2020s_S10.mp3
sdqNr-medicine_robo pihu 2020s	50.92	54.47	0	sdqNr-medicine_robo pihu 2020s_S11.mp3
sdqNr-medicine_robo pihu 2020s	54.47	61.5	0	sdqNr-medicine_robo pihu 2020s_S12.mp3
sdqNr-medicine_robo pihu 2020s	61.5	64.22	0	sdqNr-medicine_robo pihu 2020s_S13.mp3
sdqNr-medicine_robo pihu 2020s	64.22	66.55	0	sdqNr-medicine_robo pihu 2020s_S14.mp3
sdqNr-medicine_robo pihu 2020s	66.55	69.04	0	sdqNr-medicine_robo pihu 2020s_S15.mp3
sdqNr-medicine_robo pihu 2020s	69.04	79.96	0	sdqNr-medicine_robo pihu 2020s_S16.mp3
sdqNr-medicine_robo pihu 2020s	79.96	85.05	0	sdqNr-medicine_robo pihu 2020s_S17.mp3
sdqNr-medicine_robo pihu 2020s	85.05	88.7	0	sdqNr-medicine_robo pihu 2020s_S18.mp3
sdqNr-medicine_robo pihu 2020s	88.7	90.92	0	sdqNr-medicine_robo pihu 2020s_S19.mp3
sdqNr-medicine_robo pihu 2020s	90.92	95.94	0	sdqNr-medicine_robo pihu 2020s_S20.mp3
sdqNr-medicine_robo pihu 2020s	95.94	102.11	0	sdqNr-medicine_robo pihu 2020s_S21.mp3
sdqNr-medicine_robo pihu 2020s	102.11	108.54	0	sdqNr-medicine_robo pihu 2020s_S22.mp3
sdqNr-medicine_robo pihu 2020s	108.54	113.68	0	sdqNr-medicine_robo pihu 2020s_S23.mp3
sdqNr-medicine_robo pihu 2020s	113.68	120.2	0	sdqNr-medicine_robo pihu 2020s_S24.mp3
sdqNr-mother_iwan 2020s	0.0	10.53	0	sdqNr-mother_iwan 2020s_S0.mp3
sdqNr-mother_iwan 2020s	10.53	18.24	0	sdqNr-mother_iwan 2020s_S1.mp3
sdqNr-mother_iwan 2020s	18.24	28.51	0	sdqNr-mother_iwan 2020s_S2.mp3
sdqNr-mother_iwan 2020s	28.51	36.97	0	sdqNr-mother_iwan 2020s_S3.mp3
sdqNr-mother_iwan 2020s	36.97	43.54	0	sdqNr-mother_iwan 2020s_S4.mp3
sdqNr-mother_iwan 2020s	43.54	53.1	0	sdqNr-mother_iwan 2020s_S5.mp3
sdqNr-mother_iwan 2020s	43.54	53.1	1	sdqNr-mother_iwan 2020s_S6.mp3
sdqNr-mother_iwan 2020s	53.1	59.11	0	sdqNr-mother_iwan 2020s_S7.mp3
sdqNr-mother_iwan 2020s	59.11	62.63	0	sdqNr-mother_iwan 2020s_S8.mp3
sdqNr-mother_iwan 2020s	62.63	66.76	0	sdqNr-mother_iwan 2020s_S9.mp3
sdqNr-mother_iwan 2020s	66.76	74.81	0	sdqNr-mother_iwan 2020s_S10.mp3
sdqNr-mother_iwan 2020s	74.81	79.73	0	sdqNr-mother_iwan 2020s_S11.mp3
sdqNr-mother_iwan 2020s	79.73	83.49	0	sdqNr-mother_iwan 2020s_S12.mp3
sdqNr-mother_iwan 2020s	83.49	92.23	0	sdqNr-mother_iwan 2020s_S13.mp3
sdqNr-mother_iwan 2020s	92.23	98.04	0	sdqNr-mother_iwan 2020s_S14.mp3
sdqNr-mother_iwan 2020s	98.04	99.35	0	sdqNr-mother_iwan 2020s_S15.mp3
sdqNr-mother_iwan 2020s	99.35	110.76	0	sdqNr-mother_iwan 2020s_S16.mp3
sdqNr-mother_iwan 2020s	110.76	115.87	0	sdqNr-mother_iwan 2020s_S17.mp3
sdqNr-mother_iwan 2020s	115.87	120.29	0	sdqNr-mother_iwan 2020s_S18.mp3
sdqNr-mother_iwan 2020s	120.29	130.81	0	sdqNr-mother_iwan 2020s_S19.mp3
sdqNr-mother_iwan 2020s	130.81	139.11	0	sdqNr-mother_iwan 2020s_S20.mp3
sdqNr-mother_iwan 2020s	139.11	145.31	0	sdqNr-mother_iwan 2020s_S21.mp3
sdqNr-mother_iwan 2020s	145.31	147.65	0	sdqNr-mother_iwan 2020s_S22.mp3
sdqNr-mother_iwan 2020s	147.65	149.0	0	sdqNr-mother_iwan 2020s_S23.mp3
sdqNr-mother_iwan 2020s	149.0	156.97	0	sdqNr-mother_iwan 2020s_S24.mp3
sdqNr-mother_iwan 2020s	156.97	167.8	0	sdqNr-mother_iwan 2020s_S25.mp3
sdqNr-mother_iwan 2020s	167.8	175.64	0	sdqNr-mother_iwan 2020s_S26.mp3
sdqNr-mother_iwan 2020s	175.64	188.79	0	sdqNr-mother_iwan 2020s_S27.mp3
sdqNr-mother_iwan 2020s	188.79	197.66	0	sdqNr-mother_iwan 2020s_S28.mp3
sdqNr-mother_iwan 2020s	197.66	206.43	0	sdqNr-mother_iwan 2020s_S29.mp3
sdqNr-mother_iwan 2020s	206.43	213.48	0	sdqNr-mother_iwan 2020s_S30.mp3
sdqNr-mother_iwan 2020s	213.48	219.41	0	sdqNr-mother_iwan 2020s_S31.mp3
sdqNr-mother_iwan 2020s	219.41	236.69	0	sdqNr-mother_iwan 2020s_S32.mp3
sdqNr-mother_iwan 2020s	236.69	243.35	0	sdqNr-mother_iwan 2020s_S33.mp3
sdqNr-mother_iwan 2020s	243.35	257.14	0	sdqNr-mother_iwan 2020s_S34.mp3
sdqNr-mother_iwan 2020s	257.14	260.41	0	sdqNr-mother_iwan 2020s_S35.mp3
sdqNr-mother_iwan 2020s	260.41	272.2	0	sdqNr-mother_iwan 2020s_S36.mp3
sdqNr-mother_iwan 2020s	272.2	277.93	0	sdqNr-mother_iwan 2020s_S37.mp3
sdqNr-mother_iwan 2020s	277.93	283.02	0	sdqNr-mother_iwan 2020s_S38.mp3
sdqNr-mother_iwan 2020s	283.02	285.02	0	sdqNr-mother_iwan 2020s_S39.mp3
sdqNr-mother_iwan 2020s	285.02	293.02	0	sdqNr-mother_iwan 2020s_S40.mp3
sdqNr-mother_iwan 2020s	293.02	304.37	0	sdqNr-mother_iwan 2020s_S41.mp3
sdqNr-mother_iwan 2020s	304.37	310.99	0	sdqNr-mother_iwan 2020s_S42.mp3
sdqNr-mother_iwan 2020s	310.99	318.31	0	sdqNr-mother_iwan 2020s_S43.mp3
sdqNr-mother_iwan 2020s	318.31	328.44	0	sdqNr-mother_iwan 2020s_S44.mp3
sdqNr-mother_iwan 2020s	328.44	335.98	0	sdqNr-mother_iwan 2020s_S45.mp3
sdqNr-mother_iwan 2020s	335.98	339.59	0	sdqNr-mother_iwan 2020s_S46.mp3
sdqNr-mother_iwan 2020s	339.59	344.99	0	sdqNr-mother_iwan 2020s_S47.mp3
sdqNr-mother_iwan 2020s	344.99	349.73	0	sdqNr-mother_iwan 2020s_S48.mp3
sdqNr-mother_iwan 2020s	349.73	359.24	0	sdqNr-mother_iwan 2020s_S49.mp3
sdqNr-mother_iwan 2020s	359.24	372.5	0	sdqNr-mother_iwan 2020s_S50.mp3
sdqNr-mother_iwan 2020s	372.5	382.38	0	sdqNr-mother_iwan 2020s_S51.mp3
sdqNr-mother_iwan 2020s	382.38	387.34	0	sdqNr-mother_iwan 2020s_S52.mp3
sdqNr-mother_iwan 2020s	387.34	392.25	0	sdqNr-mother_iwan 2020s_S53.mp3
sdqNr-mother_iwan 2020s	392.25	399.17	0	sdqNr-mother_iwan 2020s_S54.mp3
sdqNr-mother_iwan 2020s	399.17	403.54	0	sdqNr-mother_iwan 2020s_S55.mp3
sdqNr-mother_iwan 2020s	403.54	412.99	0	sdqNr-mother_iwan 2020s_S56.mp3
sdqNr-mother_iwan 2020s	412.99	416.23	0	sdqNr-mother_iwan 2020s_S57.mp3
sdqNr-mother_iwan 2020s	416.23	426.91	0	sdqNr-mother_iwan 2020s_S58.mp3
sdqNr-mother_iwan 2020s	426.91	436.17	0	sdqNr-mother_iwan 2020s_S59.mp3
sdqNr-mother_iwan 2020s	436.17	444.21	0	sdqNr-mother_iwan 2020s_S60.mp3
sdqNr-mother_iwan 2020s	444.21	448.43	0	sdqNr-mother_iwan 2020s_S61.mp3
sdqNr-mother_iwan 2020s	448.43	455.05	0	sdqNr-mother_iwan 2020s_S62.mp3
sdqNr-mother_iwan 2020s	455.05	457.78	0	sdqNr-mother_iwan 2020s_S63.mp3
sdqNr-mother_iwan 2020s	457.78	467.65	0	sdqNr-mother_iwan 2020s_S64.mp3
sdqNr-mother_iwan 2020s	467.65	480.07	0	sdqNr-mother_iwan 2020s_S65.mp3
sdqNr-mother_iwan 2020s	480.07	494.38	0	sdqNr-mother_iwan 2020s_S66.mp3
sdqNr-mother_iwan 2020s	494.38	497.13	0	sdqNr-mother_iwan 2020s_S67.mp3
sdqNr-mother_iwan 2020s	497.13	510.26	0	sdqNr-mother_iwan 2020s_S68.mp3
sdqNr-mother_iwan 2020s	510.26	517.87	0	sdqNr-mother_iwan 2020s_S69.mp3
sdqNr-mother_iwan 2020s	517.87	530.19	0	sdqNr-mother_iwan 2020s_S70.mp3
sdqNr-mother_iwan 2020s	530.19	556.66	0	sdqNr-mother_iwan 2020s_S71.mp3
sdqNr-mother_iwan 2020s	556.66	564.45	0	sdqNr-mother_iwan 2020s_S72.mp3
sdqNr-mother_iwan 2020s	564.45	566.96	0	sdqNr-mother_iwan 2020s_S73.mp3
sdqNr-mother_iwan 2020s	566.96	571.21	0	sdqNr-mother_iwan 2020s_S74.mp3
sdqNr-mother_iwan 2020s	571.21	593.75	0	sdqNr-mother_iwan 2020s_S75.mp3
sdqNr-mother_iwan 2020s	593.75	602.54	0	sdqNr-mother_iwan 2020s_S76.mp3
sdqNr-mother_iwan 2020s	602.54	605.51	0	sdqNr-mother_iwan 2020s_S77.mp3
sdqNr-mother_iwan 2020s	605.51	609.58	0	sdqNr-mother_iwan 2020s_S78.mp3
sdqNr-mother_iwan 2020s	609.58	616.11	0	sdqNr-mother_iwan 2020s_S79.mp3
sdqNr-mother_iwan 2020s	616.11	620.23	0	sdqNr-mother_iwan 2020s_S80.mp3
sdqNr-mother_iwan 2020s	620.23	629.69	0	sdqNr-mother_iwan 2020s_S81.mp3
sdqNr-mother_iwan 2020s	629.69	637.46	0	sdqNr-mother_iwan 2020s_S82.mp3
sdqNr-mother_iwan 2020s	637.46	640.16	0	sdqNr-mother_iwan 2020s_S83.mp3
sdqNr-mother_iwan 2020s	640.16	656.52	0	sdqNr-mother_iwan 2020s_S84.mp3
sdqNr-mother_iwan 2020s	656.52	659.04	0	sdqNr-mother_iwan 2020s_S85.mp3
sdqNr-mother_iwan 2020s	659.04	664.64	0	sdqNr-mother_iwan 2020s_S86.mp3
sdqNr-mother_iwan 2020s	664.64	667.36	0	sdqNr-mother_iwan 2020s_S87.mp3
sdqNr-pear-dakis 2020s	0.0	3.05	0	sdqNr-pear-dakis 2020s_S0.mp3
sdqNr-pear-dakis 2020s	3.05	6.98	0	sdqNr-pear-dakis 2020s_S1.mp3
sdqNr-pear-dakis 2020s	6.98	14.64	0	sdqNr-pear-dakis 2020s_S2.mp3
sdqNr-pear-dakis 2020s	14.64	16.96	0	sdqNr-pear-dakis 2020s_S3.mp3
sdqNr-pear-dakis 2020s	16.96	19.1	0	sdqNr-pear-dakis 2020s_S4.mp3
sdqNr-pear-dakis 2020s	19.1	24.1	0	sdqNr-pear-dakis 2020s_S5.mp3
sdqNr-pear-dakis 2020s	24.1	26.05	0	sdqNr-pear-dakis 2020s_S6.mp3
sdqNr-pear-dakis 2020s	26.05	34.64	0	sdqNr-pear-dakis 2020s_S7.mp3
sdqNr-pear-dakis 2020s	34.64	41.31	0	sdqNr-pear-dakis 2020s_S8.mp3
sdqNr-pear-dakis 2020s	41.31	45.6	0	sdqNr-pear-dakis 2020s_S9.mp3
sdqNr-pear-dakis 2020s	45.6	50.5	0	sdqNr-pear-dakis 2020s_S10.mp3
sdqNr-pear-dakis 2020s	50.5	54.12	0	sdqNr-pear-dakis 2020s_S11.mp3
sdqNr-pear-dakis 2020s	54.12	57.47	0	sdqNr-pear-dakis 2020s_S12.mp3
sdqNr-pear-dakis 2020s	57.47	59.23	0	sdqNr-pear-dakis 2020s_S13.mp3
sdqNr-pear-dakis 2020s	59.23	66.08	0	sdqNr-pear-dakis 2020s_S14.mp3
sdqNr-pear-dakis 2020s	66.08	77.12	0	sdqNr-pear-dakis 2020s_S15.mp3
sdqNr-pear-dakis 2020s	77.12	80.12	0	sdqNr-pear-dakis 2020s_S16.mp3
sdqNr-pear-dakis 2020s	80.12	83.64	0	sdqNr-pear-dakis 2020s_S17.mp3
sdqNr-pear-dakis 2020s	83.64	85.13	0	sdqNr-pear-dakis 2020s_S18.mp3
sdqNr-pear-dakis 2020s	85.13	91.07	0	sdqNr-pear-dakis 2020s_S19.mp3
sdqNr-pear-dakis 2020s	91.07	103.06	0	sdqNr-pear-dakis 2020s_S20.mp3
sdqNr-pear-dakis 2020s	103.06	105.08	0	sdqNr-pear-dakis 2020s_S21.mp3
sdqNr-pear-dakis 2020s	105.08	108.38	0	sdqNr-pear-dakis 2020s_S22.mp3
sdqNr-pear-dakis 2020s	108.38	110.86	0	sdqNr-pear-dakis 2020s_S23.mp3
sdqNr-pear-dakis 2020s	110.86	113.01	0	sdqNr-pear-dakis 2020s_S24.mp3
sdqNr-pear-dakis 2020s	113.01	119.28	0	sdqNr-pear-dakis 2020s_S25.mp3
sdqNr-pear-dakis 2020s	119.28	122.18	0	sdqNr-pear-dakis 2020s_S26.mp3
sdqNr-pear-dakis 2020s	122.18	126.47	0	sdqNr-pear-dakis 2020s_S27.mp3
sdqNr-pear-dakis 2020s	126.47	128.48	0	sdqNr-pear-dakis 2020s_S28.mp3
sdqNr-pear-dakis 2020s	128.48	132.92	0	sdqNr-pear-dakis 2020s_S29.mp3
sdqNr-pear-dakis 2020s	132.92	136.52	0	sdqNr-pear-dakis 2020s_S30.mp3
sdqNr-pear-dakis 2020s	136.52	138.53	0	sdqNr-pear-dakis 2020s_S31.mp3
sdqNr-pear-dakis 2020s	138.53	141.05	0	sdqNr-pear-dakis 2020s_S32.mp3
sdqNr-pear-dakis 2020s	141.05	146.4	0	sdqNr-pear-dakis 2020s_S33.mp3
sdqNr-pear-dakis 2020s	146.4	149.87	0	sdqNr-pear-dakis 2020s_S34.mp3
sdqNr-pear-dakis 2020s	149.87	155.05	0	sdqNr-pear-dakis 2020s_S35.mp3
sdqNr-pear-dakis 2020s	155.05	158.08	0	sdqNr-pear-dakis 2020s_S36.mp3
sdqNr-pear-dakis 2020s	158.08	160.71	0	sdqNr-pear-dakis 2020s_S37.mp3
sdqNr-pear-dakis 2020s	160.71	169.21	0	sdqNr-pear-dakis 2020s_S38.mp3
sdqNr-pear-dakis 2020s	169.21	173.42	0	sdqNr-pear-dakis 2020s_S39.mp3
sdqNr-pear-dakis 2020s	173.42	179.67	0	sdqNr-pear-dakis 2020s_S40.mp3
sdqNr-pear-dakis 2020s	179.67	184.32	0	sdqNr-pear-dakis 2020s_S41.mp3
sdqNr-pear-dakis 2020s	184.32	189.8	0	sdqNr-pear-dakis 2020s_S42.mp3
sdqNr-pear-dakis 2020s	189.8	198.79	0	sdqNr-pear-dakis 2020s_S43.mp3
sdqNr-pear-dakis 2020s	198.79	204.19	0	sdqNr-pear-dakis 2020s_S44.mp3
sdqNr-pear-dakis 2020s	204.19	206.98	0	sdqNr-pear-dakis 2020s_S45.mp3
sdqNr-pear-dakis 2020s	206.98	209.2	0	sdqNr-pear-dakis 2020s_S46.mp3
sdqNr-pear-dakis 2020s	209.2	211.44	0	sdqNr-pear-dakis 2020s_S47.mp3
sdqNr-pear-dakis 2020s	211.44	214.48	0	sdqNr-pear-dakis 2020s_S48.mp3
sdqNr-pear-dakis 2020s	214.48	217.82	0	sdqNr-pear-dakis 2020s_S49.mp3
sdqNr-pear-dakis 2020s	217.82	226.84	0	sdqNr-pear-dakis 2020s_S50.mp3
sdqNr-pear-dakis 2020s	226.84	234.61	0	sdqNr-pear-dakis 2020s_S51.mp3
sdqNr-pear-dakis 2020s	234.61	238.04	0	sdqNr-pear-dakis 2020s_S52.mp3
sdqNr-pear-dakis 2020s	238.04	240.22	0	sdqNr-pear-dakis 2020s_S53.mp3
sdqNr-pear-dakis 2020s	240.22	246.43	0	sdqNr-pear-dakis 2020s_S54.mp3
sdqNr-pear-dakis 2020s	246.43	249.85	0	sdqNr-pear-dakis 2020s_S55.mp3
sdqNr-pear-dakis 2020s	249.85	253.76	0	sdqNr-pear-dakis 2020s_S56.mp3
sdqNr-pear-dakis 2020s	253.76	257.73	0	sdqNr-pear-dakis 2020s_S57.mp3
sdqNr-pear-dakis 2020s	257.73	260.0	0	sdqNr-pear-dakis 2020s_S58.mp3
sdqNr-pear-dakis 2020s	260.0	267.03	0	sdqNr-pear-dakis 2020s_S59.mp3
sdqNr-pear-dakis 2020s	267.03	274.21	0	sdqNr-pear-dakis 2020s_S60.mp3
sdqNr-pear-dakis 2020s	274.21	278.54	0	sdqNr-pear-dakis 2020s_S61.mp3
sdqNr-pear-dakis 2020s	278.54	283.02	0	sdqNr-pear-dakis 2020s_S62.mp3
sdqNr-pear-dakis 2020s	283.02	286.06	0	sdqNr-pear-dakis 2020s_S63.mp3
sdqNr-pear-dakis 2020s	286.06	294.5	0	sdqNr-pear-dakis 2020s_S64.mp3
sdqNr-pear-dakis 2020s	294.5	303.36	0	sdqNr-pear-dakis 2020s_S65.mp3
sdqNr-pear-dakis 2020s	303.36	314.37	0	sdqNr-pear-dakis 2020s_S66.mp3
sdqNr-pear-dakis 2020s	314.37	315.68	0	sdqNr-pear-dakis 2020s_S67.mp3
sdqNr-pear-dakis 2020s	315.68	326.76	0	sdqNr-pear-dakis 2020s_S68.mp3
sdqNr-pear-dakis 2020s	326.76	329.13	0	sdqNr-pear-dakis 2020s_S69.mp3
sdqNr-pear-dakis 2020s	329.13	335.46	0	sdqNr-pear-dakis 2020s_S70.mp3
sdqNr-pear-dakis 2020s	335.46	337.31	0	sdqNr-pear-dakis 2020s_S71.mp3
sdqNr-pear-dakis 2020s	337.31	338.71	0	sdqNr-pear-dakis 2020s_S72.mp3
sdqNr-pear-dakis 2020s	338.71	344.37	0	sdqNr-pear-dakis 2020s_S73.mp3
sdqNr-pear-dakis 2020s	344.37	349.78	0	sdqNr-pear-dakis 2020s_S74.mp3
sdqNr-pear-dakis 2020s	349.78	356.43	0	sdqNr-pear-dakis 2020s_S75.mp3
sdqNr-pear-dakis 2020s	356.43	358.82	0	sdqNr-pear-dakis 2020s_S76.mp3
sdqNr-pear-dakis 2020s	358.82	361.0	0	sdqNr-pear-dakis 2020s_S77.mp3
sdqNr-pear-dakis 2020s	361.0	365.74	0	sdqNr-pear-dakis 2020s_S78.mp3
sdqNr-pear-dakis 2020s	365.74	370.81	0	sdqNr-pear-dakis 2020s_S79.mp3
sdqNr-pear-dakis 2020s	370.81	373.7	0	sdqNr-pear-dakis 2020s_S80.mp3
sdqNr-pear-dakis 2020s	373.7	377.36	0	sdqNr-pear-dakis 2020s_S81.mp3
sdqNr-pear_aking 2020s	0.0	6.22	0	sdqNr-pear_aking 2020s_S0.mp3
sdqNr-pear_aking 2020s	6.22	11.95	0	sdqNr-pear_aking 2020s_S1.mp3
sdqNr-pear_aking 2020s	11.95	18.16	0	sdqNr-pear_aking 2020s_S2.mp3
sdqNr-pear_aking 2020s	18.16	31.03	0	sdqNr-pear_aking 2020s_S3.mp3
sdqNr-pear_aking 2020s	31.03	37.47	0	sdqNr-pear_aking 2020s_S4.mp3
sdqNr-pear_aking 2020s	37.47	45.39	0	sdqNr-pear_aking 2020s_S5.mp3
sdqNr-pear_aking 2020s	45.39	53.76	0	sdqNr-pear_aking 2020s_S6.mp3
sdqNr-pear_aking 2020s	53.76	60.74	0	sdqNr-pear_aking 2020s_S7.mp3
sdqNr-pear_aking 2020s	60.74	66.44	0	sdqNr-pear_aking 2020s_S8.mp3
sdqNr-pear_aking 2020s	66.44	75.23	0	sdqNr-pear_aking 2020s_S9.mp3
sdqNr-pear_aking 2020s	75.23	80.75	0	sdqNr-pear_aking 2020s_S10.mp3
sdqNr-pear_aking 2020s	80.75	90.07	0	sdqNr-pear_aking 2020s_S11.mp3
sdqNr-pear_aking 2020s	90.07	104.22	0	sdqNr-pear_aking 2020s_S12.mp3
sdqNr-pear_aking 2020s	104.22	109.82	0	sdqNr-pear_aking 2020s_S13.mp3
sdqNr-pear_aking 2020s	109.82	115.46	0	sdqNr-pear_aking 2020s_S14.mp3
sdqNr-pear_aking 2020s	115.46	124.23	0	sdqNr-pear_aking 2020s_S15.mp3
sdqNr-pear_aking 2020s	124.23	135.93	0	sdqNr-pear_aking 2020s_S16.mp3
sdqNr-pear_aking 2020s	135.93	145.09	0	sdqNr-pear_aking 2020s_S17.mp3
sdqNr-pear_aking 2020s	145.09	149.98	0	sdqNr-pear_aking 2020s_S18.mp3
sdqNr-pear_aking 2020s	149.98	163.86	0	sdqNr-pear_aking 2020s_S19.mp3
sdqNr-pear_aking 2020s	163.86	177.99	0	sdqNr-pear_aking 2020s_S20.mp3
sdqNr-pear_aking 2020s	177.99	200.61	0	sdqNr-pear_aking 2020s_S21.mp3
sdqNr-pear_aking 2020s	200.61	211.34	0	sdqNr-pear_aking 2020s_S22.mp3
sdqNr-pear_aking 2020s	211.34	225.4	0	sdqNr-pear_aking 2020s_S23.mp3
sdqNr-pear_aking 2020s	225.4	230.67	0	sdqNr-pear_aking 2020s_S24.mp3
sdqNr-pear_aking 2020s	230.67	242.49	0	sdqNr-pear_aking 2020s_S25.mp3
sdqNr-pear_lubi 2020s	0.0	9.88	0	sdqNr-pear_lubi 2020s_S0.mp3
sdqNr-pear_lubi 2020s	9.88	17.19	0	sdqNr-pear_lubi 2020s_S1.mp3
sdqNr-pear_lubi 2020s	17.19	32.65	0	sdqNr-pear_lubi 2020s_S2.mp3
sdqNr-pear_lubi 2020s	32.65	45.55	0	sdqNr-pear_lubi 2020s_S3.mp3
sdqNr-pear_lubi 2020s	45.55	52.68	0	sdqNr-pear_lubi 2020s_S4.mp3
sdqNr-pear_lubi 2020s	52.68	58.66	0	sdqNr-pear_lubi 2020s_S5.mp3
sdqNr-pear_lubi 2020s	58.66	71.54	0	sdqNr-pear_lubi 2020s_S6.mp3
sdqNr-pear_lubi 2020s	71.54	76.15	0	sdqNr-pear_lubi 2020s_S7.mp3
sdqNr-pear_lubi 2020s	76.15	87.45	0	sdqNr-pear_lubi 2020s_S8.mp3
sdqNr-pear_lubi 2020s	87.45	91.46	0	sdqNr-pear_lubi 2020s_S9.mp3
sdqNr-pear_lubi 2020s	91.46	104.35	0	sdqNr-pear_lubi 2020s_S10.mp3
sdqNr-pear_lubi 2020s	104.35	114.36	0	sdqNr-pear_lubi 2020s_S11.mp3
sdqNr-pear_lubi 2020s	114.36	129.43	0	sdqNr-pear_lubi 2020s_S12.mp3
sdqNr-pear_lubi 2020s	129.43	136.07	0	sdqNr-pear_lubi 2020s_S13.mp3
sdqNr-pear_lubi 2020s	136.07	138.58	0	sdqNr-pear_lubi 2020s_S14.mp3
sdqNr-pear_lubi 2020s	138.58	139.47	0	sdqNr-pear_lubi 2020s_S15.mp3
sdqNr-pear_pawan 2020s	0.0	6.2	0	sdqNr-pear_pawan 2020s_S0.mp3
sdqNr-pear_pawan 2020s	6.2	13.33	0	sdqNr-pear_pawan 2020s_S1.mp3
sdqNr-pear_pawan 2020s	13.33	22.91	0	sdqNr-pear_pawan 2020s_S2.mp3
sdqNr-pear_pawan 2020s	22.91	29.99	0	sdqNr-pear_pawan 2020s_S3.mp3
sdqNr-pear_pawan 2020s	29.99	34.24	0	sdqNr-pear_pawan 2020s_S4.mp3
sdqNr-pear_pawan 2020s	34.24	43.23	0	sdqNr-pear_pawan 2020s_S5.mp3
sdqNr-pear_pawan 2020s	43.23	52.61	0	sdqNr-pear_pawan 2020s_S6.mp3
sdqNr-pear_pawan 2020s	52.61	60.68	0	sdqNr-pear_pawan 2020s_S7.mp3
sdqNr-pear_pawan 2020s	60.68	72.02	0	sdqNr-pear_pawan 2020s_S8.mp3
sdqNr-pear_pawan 2020s	72.02	88.04	0	sdqNr-pear_pawan 2020s_S9.mp3
sdqNr-pear_pawan 2020s	88.04	91.62	0	sdqNr-pear_pawan 2020s_S10.mp3
sdqNr-pear_pawan 2020s	91.62	100.39	0	sdqNr-pear_pawan 2020s_S11.mp3
sdqNr-pear_pawan 2020s	100.39	112.06	0	sdqNr-pear_pawan 2020s_S12.mp3
sdqNr-pear_pawan 2020s	112.06	121.5	0	sdqNr-pear_pawan 2020s_S13.mp3
sdqNr-pear_pawan 2020s	121.5	125.24	0	sdqNr-pear_pawan 2020s_S14.mp3
sdqNr-pear_pawan 2020s	125.24	128.42	0	sdqNr-pear_pawan 2020s_S15.mp3
sdqNr-pear_pawan 2020s	128.42	130.53	0	sdqNr-pear_pawan 2020s_S16.mp3
sdqNr-pear_temi 2020s	0.0	6.55	0	sdqNr-pear_temi 2020s_S0.mp3
sdqNr-pear_temi 2020s	6.55	13.53	0	sdqNr-pear_temi 2020s_S1.mp3
sdqNr-pear_temi 2020s	13.53	18.47	0	sdqNr-pear_temi 2020s_S2.mp3
sdqNr-pear_temi 2020s	18.47	28.93	0	sdqNr-pear_temi 2020s_S3.mp3
sdqNr-pear_temi 2020s	28.93	38.77	0	sdqNr-pear_temi 2020s_S4.mp3
sdqNr-pear_temi 2020s	38.77	42.83	0	sdqNr-pear_temi 2020s_S5.mp3
sdqNr-pear_temi 2020s	42.83	47.03	0	sdqNr-pear_temi 2020s_S6.mp3
sdqNr-pear_temi 2020s	47.03	51.93	0	sdqNr-pear_temi 2020s_S7.mp3
sdqNr-pear_temi 2020s	51.93	55.94	0	sdqNr-pear_temi 2020s_S8.mp3
sdqNr-pear_temi 2020s	55.94	59.47	0	sdqNr-pear_temi 2020s_S9.mp3
sdqNr-pear_temi 2020s	59.47	64.69	0	sdqNr-pear_temi 2020s_S10.mp3
sdqNr-pear_temi 2020s	64.69	67.6	0	sdqNr-pear_temi 2020s_S11.mp3
sdqNr-pear_temi 2020s	67.6	73.02	0	sdqNr-pear_temi 2020s_S12.mp3
sdqNr-pear_temi 2020s	73.02	90.33	0	sdqNr-pear_temi 2020s_S13.mp3
sdqNr-pear_temi 2020s	90.33	99.3	0	sdqNr-pear_temi 2020s_S14.mp3
sdqNr-pear_temi 2020s	99.3	107.97	0	sdqNr-pear_temi 2020s_S15.mp3
sdqNr-pear_temi 2020s	107.97	114.14	0	sdqNr-pear_temi 2020s_S16.mp3
sdqNr-pear_temi 2020s	114.14	120.22	0	sdqNr-pear_temi 2020s_S17.mp3
sdqNr-pear_temi 2020s	120.22	127.75	0	sdqNr-pear_temi 2020s_S18.mp3
sdqNr-pear_temi 2020s	127.75	133.95	0	sdqNr-pear_temi 2020s_S19.mp3
sdqNr-pear_temi 2020s	133.95	138.0	0	sdqNr-pear_temi 2020s_S20.mp3
sdqNr-pear_temi 2020s	138.0	142.73	0	sdqNr-pear_temi 2020s_S21.mp3
sdqNr-pear_temi 2020s	142.73	147.53	0	sdqNr-pear_temi 2020s_S22.mp3
sdqNr-pear_temi 2020s	147.53	151.67	0	sdqNr-pear_temi 2020s_S23.mp3
sdqNr-pear_temi 2020s	151.67	159.09	0	sdqNr-pear_temi 2020s_S24.mp3
sdqNr-pear_temi 2020s	159.09	165.69	0	sdqNr-pear_temi 2020s_S25.mp3
sdqNr-pear_temi 2020s	165.69	170.41	0	sdqNr-pear_temi 2020s_S26.mp3
sdqNr-pear_temi 2020s	170.41	175.02	0	sdqNr-pear_temi 2020s_S27.mp3
sdqNr-pear_temi 2020s	175.02	179.26	0	sdqNr-pear_temi 2020s_S28.mp3
sdqNr-pear_temi 2020s	179.26	182.56	0	sdqNr-pear_temi 2020s_S29.mp3
sdqNr-pear_temi 2020s	182.56	184.89	0	sdqNr-pear_temi 2020s_S30.mp3
sdqNr-pear_temi 2020s	184.89	190.37	0	sdqNr-pear_temi 2020s_S31.mp3
sdqNr-pear_temi 2020s	190.37	195.05	0	sdqNr-pear_temi 2020s_S32.mp3
sdqNr-pear_temi 2020s	195.05	198.12	0	sdqNr-pear_temi 2020s_S33.mp3
sdqNr-pear_temi 2020s	198.12	203.64	0	sdqNr-pear_temi 2020s_S34.mp3
sdqNr-pear_temi 2020s	203.64	212.99	0	sdqNr-pear_temi 2020s_S35.mp3
sdqNr-pear_temi 2020s	212.99	215.77	0	sdqNr-pear_temi 2020s_S36.mp3
sdqNr-pear_temi 2020s	215.77	220.67	0	sdqNr-pear_temi 2020s_S37.mp3
sdqNr-pear_temi 2020s	220.67	222.84	0	sdqNr-pear_temi 2020s_S38.mp3
sdqNr-pear_temi 2020s	222.84	230.29	0	sdqNr-pear_temi 2020s_S39.mp3
sdqNr-pear_temi 2020s	230.29	245.45	0	sdqNr-pear_temi 2020s_S40.mp3
sdqNr-pear_temi 2020s	245.45	248.45	0	sdqNr-pear_temi 2020s_S41.mp3
sdqNr-pear_temi 2020s	248.45	257.24	0	sdqNr-pear_temi 2020s_S42.mp3
sdqNr-pear_temi 2020s	257.24	268.32	0	sdqNr-pear_temi 2020s_S43.mp3
sdqNr-pear_temi 2020s	268.32	272.44	0	sdqNr-pear_temi 2020s_S44.mp3
sdqNr-pear_temi 2020s	272.44	278.57	0	sdqNr-pear_temi 2020s_S45.mp3
sdqNr-pear_temi 2020s	278.57	282.54	0	sdqNr-pear_temi 2020s_S46.mp3
sdqNr-pear_temi 2020s	282.54	295.0	0	sdqNr-pear_temi 2020s_S47.mp3
sdqNr-pear_temi 2020s	295.0	305.82	0	sdqNr-pear_temi 2020s_S48.mp3
sdqNr-pear_temi 2020s	305.82	310.88	0	sdqNr-pear_temi 2020s_S49.mp3
sdqNr-pear_temi 2020s	310.88	312.54	0	sdqNr-pear_temi 2020s_S50.mp3
sdqNr-pear_temi 2020s	312.54	319.1	0	sdqNr-pear_temi 2020s_S51.mp3
sdqNr-pear_temi 2020s	319.1	322.72	0	sdqNr-pear_temi 2020s_S52.mp3
sdqNr-pear_temi 2020s	322.72	330.72	0	sdqNr-pear_temi 2020s_S53.mp3
sdqNr-pear_temi 2020s	330.72	339.54	0	sdqNr-pear_temi 2020s_S54.mp3
sdqNr-rain_pawan 2020s	0.0	8.28	0	sdqNr-rain_pawan 2020s_S0.mp3
sdqNr-rain_pawan 2020s	8.28	14.13	0	sdqNr-rain_pawan 2020s_S1.mp3
sdqNr-rain_pawan 2020s	14.13	16.82	0	sdqNr-rain_pawan 2020s_S2.mp3
sdqNr-rain_pawan 2020s	16.82	19.2	0	sdqNr-rain_pawan 2020s_S3.mp3
sdqNr-rain_pawan 2020s	19.2	21.21	0	sdqNr-rain_pawan 2020s_S4.mp3
sdqNr-rain_pawan 2020s	21.21	25.54	0	sdqNr-rain_pawan 2020s_S5.mp3
sdqNr-rain_pawan 2020s	25.54	30.75	0	sdqNr-rain_pawan 2020s_S6.mp3
sdqNr-rain_pawan 2020s	30.75	32.71	0	sdqNr-rain_pawan 2020s_S7.mp3
sdqNr-rain_pawan 2020s	32.71	35.78	0	sdqNr-rain_pawan 2020s_S8.mp3
sdqNr-rain_pawan 2020s	35.78	39.79	0	sdqNr-rain_pawan 2020s_S9.mp3
sdqNr-rain_pawan 2020s	39.79	45.51	0	sdqNr-rain_pawan 2020s_S10.mp3
sdqNr-rain_pawan 2020s	45.51	50.0	0	sdqNr-rain_pawan 2020s_S11.mp3
sdqNr-rain_pawan 2020s	50.0	53.84	0	sdqNr-rain_pawan 2020s_S12.mp3
sdqNr-rain_pawan 2020s	53.84	55.09	0	sdqNr-rain_pawan 2020s_S13.mp3
sdqNr-rain_pawan 2020s	55.09	61.3	0	sdqNr-rain_pawan 2020s_S14.mp3
sdqNr-rain_pawan 2020s	61.3	66.75	0	sdqNr-rain_pawan 2020s_S15.mp3
sdqNr-rain_pawan 2020s	66.75	70.81	0	sdqNr-rain_pawan 2020s_S16.mp3
sdqNr-rain_pawan 2020s	70.81	73.04	0	sdqNr-rain_pawan 2020s_S17.mp3
sdqNr-ricah_uma 2021s	0.0	2.2	0	sdqNr-ricah_uma 2021s_S0.mp3
sdqNr-ricah_uma 2021s	2.2	15.17	0	sdqNr-ricah_uma 2021s_S1.mp3
sdqNr-ricah_uma 2021s	15.17	19.33	0	sdqNr-ricah_uma 2021s_S2.mp3
sdqNr-ricah_uma 2021s	19.33	27.54	0	sdqNr-ricah_uma 2021s_S3.mp3
sdqNr-ricah_uma 2021s	27.54	32.45	0	sdqNr-ricah_uma 2021s_S4.mp3
sdqNr-ricah_uma 2021s	32.45	41.14	0	sdqNr-ricah_uma 2021s_S5.mp3
sdqNr-ricah_uma 2021s	41.14	45.06	0	sdqNr-ricah_uma 2021s_S6.mp3
sdqNr-ricah_uma 2021s	45.06	48.05	0	sdqNr-ricah_uma 2021s_S7.mp3
sdqNr-ricah_uma 2021s	48.05	51.79	0	sdqNr-ricah_uma 2021s_S8.mp3
sdqNr-ricah_uma 2021s	51.79	69.73	0	sdqNr-ricah_uma 2021s_S9.mp3
sdqNr-ricah_uma 2021s	69.73	84.8	0	sdqNr-ricah_uma 2021s_S10.mp3
sdqNr-ricah_uma 2021s	84.8	93.97	0	sdqNr-ricah_uma 2021s_S11.mp3
sdqNr-ricah_uma 2021s	93.97	97.23	0	sdqNr-ricah_uma 2021s_S12.mp3
sdqNr-seediq_dakis 2020s	0.0	7.94	0	sdqNr-seediq_dakis 2020s_S0.mp3
sdqNr-seediq_dakis 2020s	7.94	18.29	0	sdqNr-seediq_dakis 2020s_S1.mp3
sdqNr-seediq_dakis 2020s	18.29	24.76	0	sdqNr-seediq_dakis 2020s_S2.mp3
sdqNr-seediq_dakis 2020s	24.76	30.93	0	sdqNr-seediq_dakis 2020s_S3.mp3
sdqNr-seediq_dakis 2020s	30.93	32.44	0	sdqNr-seediq_dakis 2020s_S4.mp3
sdqNr-seediq_dakis 2020s	32.44	38.46	0	sdqNr-seediq_dakis 2020s_S5.mp3
sdqNr-seediq_dakis 2020s	38.46	41.18	0	sdqNr-seediq_dakis 2020s_S6.mp3
sdqNr-seediq_dakis 2020s	41.18	43.75	0	sdqNr-seediq_dakis 2020s_S7.mp3
sdqNr-seediq_dakis 2020s	43.75	49.1	0	sdqNr-seediq_dakis 2020s_S8.mp3
sdqNr-seediq_dakis 2020s	49.1	54.53	0	sdqNr-seediq_dakis 2020s_S9.mp3
sdqNr-seediq_dakis 2020s	54.53	59.5	0	sdqNr-seediq_dakis 2020s_S10.mp3
sdqNr-seediq_dakis 2020s	59.5	72.25	0	sdqNr-seediq_dakis 2020s_S11.mp3
sdqNr-seediq_dakis 2020s	72.25	78.46	0	sdqNr-seediq_dakis 2020s_S12.mp3
sdqNr-seediq_dakis 2020s	78.46	85.13	0	sdqNr-seediq_dakis 2020s_S13.mp3
sdqNr-seediq_dakis 2020s	85.13	95.05	0	sdqNr-seediq_dakis 2020s_S14.mp3
sdqNr-seediq_dakis 2020s	95.05	104.02	0	sdqNr-seediq_dakis 2020s_S15.mp3
sdqNr-seediq_dakis 2020s	104.02	110.7	0	sdqNr-seediq_dakis 2020s_S16.mp3
sdqNr-seediq_dakis 2020s	110.7	115.54	0	sdqNr-seediq_dakis 2020s_S17.mp3
sdqNr-seediq_dakis 2020s	115.54	119.36	0	sdqNr-seediq_dakis 2020s_S18.mp3
sdqNr-seediq_dakis 2020s	119.36	122.85	0	sdqNr-seediq_dakis 2020s_S19.mp3
sdqNr-seediq_dakis 2020s	122.85	132.77	0	sdqNr-seediq_dakis 2020s_S20.mp3
sdqNr-seediq_dakis 2020s	132.77	138.08	0	sdqNr-seediq_dakis 2020s_S21.mp3
sdqNr-seediq_dakis 2020s	138.08	142.13	0	sdqNr-seediq_dakis 2020s_S22.mp3
sdqNr-seediq_dakis 2020s	142.13	146.83	0	sdqNr-seediq_dakis 2020s_S23.mp3
sdqNr-seediq_dakis 2020s	146.83	150.74	0	sdqNr-seediq_dakis 2020s_S24.mp3
sdqNr-seediq_dakis 2020s	150.74	153.98	0	sdqNr-seediq_dakis 2020s_S25.mp3
sdqNr-seediq_dakis 2020s	153.98	159.21	0	sdqNr-seediq_dakis 2020s_S26.mp3
sdqNr-seediq_dakis 2020s	159.21	164.84	0	sdqNr-seediq_dakis 2020s_S27.mp3
sdqNr-seediq_dakis 2020s	164.84	166.62	0	sdqNr-seediq_dakis 2020s_S28.mp3
sdqNr-seediq_dakis 2020s	166.62	169.53	0	sdqNr-seediq_dakis 2020s_S29.mp3
sdqNr-seediq_dakis 2020s	169.53	172.56	0	sdqNr-seediq_dakis 2020s_S30.mp3
sdqNr-seediq_dakis 2020s	172.56	178.0	0	sdqNr-seediq_dakis 2020s_S31.mp3
sdqNr-seediq_dakis 2020s	178.0	186.11	0	sdqNr-seediq_dakis 2020s_S32.mp3
sdqNr-seediq_dakis 2020s	186.11	188.54	0	sdqNr-seediq_dakis 2020s_S33.mp3
sdqNr-seediq_dakis 2020s	188.54	194.06	0	sdqNr-seediq_dakis 2020s_S34.mp3
sdqNr-seediq_dakis 2020s	194.06	196.78	0	sdqNr-seediq_dakis 2020s_S35.mp3
sdqNr-seediq_dakis 2020s	196.78	199.19	0	sdqNr-seediq_dakis 2020s_S36.mp3
sdqNr-seediq_dakis 2020s	199.19	204.53	0	sdqNr-seediq_dakis 2020s_S37.mp3
sdqNr-seediq_dakis 2020s	204.53	209.79	0	sdqNr-seediq_dakis 2020s_S38.mp3
sdqNr-seediq_dakis 2020s	209.79	211.44	0	sdqNr-seediq_dakis 2020s_S39.mp3
sdqNr-seediq_dakis 2020s	211.44	213.09	0	sdqNr-seediq_dakis 2020s_S40.mp3
sdqNr-sinobale_uma 2021s	0.0	2.29	0	sdqNr-sinobale_uma 2021s_S0.mp3
sdqNr-sinobale_uma 2021s	2.29	7.1	0	sdqNr-sinobale_uma 2021s_S1.mp3
sdqNr-sinobale_uma 2021s	7.1	9.12	0	sdqNr-sinobale_uma 2021s_S2.mp3
sdqNr-sinobale_uma 2021s	9.12	12.0	0	sdqNr-sinobale_uma 2021s_S3.mp3
sdqNr-sinobale_uma 2021s	12.0	15.74	0	sdqNr-sinobale_uma 2021s_S4.mp3
sdqNr-sinobale_uma 2021s	15.74	17.49	0	sdqNr-sinobale_uma 2021s_S5.mp3
sdqNr-sinobale_uma 2021s	17.49	19.18	0	sdqNr-sinobale_uma 2021s_S6.mp3
sdqNr-sinobale_uma 2021s	19.18	20.8	0	sdqNr-sinobale_uma 2021s_S7.mp3
sdqNr-sinobale_uma 2021s	20.8	23.3	0	sdqNr-sinobale_uma 2021s_S8.mp3
sdqNr-sinobale_uma 2021s	23.3	24.9	0	sdqNr-sinobale_uma 2021s_S9.mp3
sdqNr-sinobale_uma 2021s	24.9	26.76	0	sdqNr-sinobale_uma 2021s_S10.mp3
sdqNr-sinobale_uma 2021s	26.76	29.92	0	sdqNr-sinobale_uma 2021s_S11.mp3
sdqNr-sinobale_uma 2021s	29.92	34.76	0	sdqNr-sinobale_uma 2021s_S12.mp3
sdqNr-sinobale_uma 2021s	34.76	36.95	0	sdqNr-sinobale_uma 2021s_S13.mp3
sdqNr-sinobale_uma 2021s	36.95	40.43	0	sdqNr-sinobale_uma 2021s_S14.mp3
sdqNr-sinobale_uma 2021s	40.43	45.81	0	sdqNr-sinobale_uma 2021s_S15.mp3
sdqNr-sinobale_uma 2021s	45.81	47.62	0	sdqNr-sinobale_uma 2021s_S16.mp3
sdqNr-sinobale_uma 2021s	47.62	52.49	0	sdqNr-sinobale_uma 2021s_S17.mp3
sdqNr-sinobale_uma 2021s	52.49	56.46	0	sdqNr-sinobale_uma 2021s_S18.mp3
sdqNr-sinobale_uma 2021s	56.46	57.83	0	sdqNr-sinobale_uma 2021s_S19.mp3
sdqNr-sinobale_uma 2021s	57.83	59.06	0	sdqNr-sinobale_uma 2021s_S20.mp3
sdqNr-sisin_dakis 2020s	0.0	3.77	0	sdqNr-sisin_dakis 2020s_S0.mp3
sdqNr-sisin_dakis 2020s	3.77	8.13	0	sdqNr-sisin_dakis 2020s_S1.mp3
sdqNr-sisin_dakis 2020s	8.13	15.31	0	sdqNr-sisin_dakis 2020s_S2.mp3
sdqNr-sisin_dakis 2020s	15.31	17.63	0	sdqNr-sisin_dakis 2020s_S3.mp3
sdqNr-sisin_dakis 2020s	17.63	39.47	0	sdqNr-sisin_dakis 2020s_S4.mp3
sdqNr-sisin_dakis 2020s	39.47	43.5	0	sdqNr-sisin_dakis 2020s_S5.mp3
sdqNr-sisin_dakis 2020s	43.5	47.16	0	sdqNr-sisin_dakis 2020s_S6.mp3
sdqNr-sisin_dakis 2020s	47.16	55.13	0	sdqNr-sisin_dakis 2020s_S7.mp3
sdqNr-sisin_dakis 2020s	55.13	59.95	0	sdqNr-sisin_dakis 2020s_S8.mp3
sdqNr-sisin_dakis 2020s	59.95	67.2	0	sdqNr-sisin_dakis 2020s_S9.mp3
sdqNr-sisin_dakis 2020s	67.2	77.02	0	sdqNr-sisin_dakis 2020s_S10.mp3
sdqNr-sisin_dakis 2020s	77.02	80.19	0	sdqNr-sisin_dakis 2020s_S11.mp3
sdqNr-sisin_dakis 2020s	80.19	87.67	0	sdqNr-sisin_dakis 2020s_S12.mp3
sdqNr-sisin_dakis 2020s	87.67	94.1	0	sdqNr-sisin_dakis 2020s_S13.mp3
sdqNr-sisin_dakis 2020s	94.1	101.86	0	sdqNr-sisin_dakis 2020s_S14.mp3
sdqNr-sisin_dakis 2020s	101.86	108.92	0	sdqNr-sisin_dakis 2020s_S15.mp3
sdqNr-sisin_dakis 2020s	108.92	111.08	0	sdqNr-sisin_dakis 2020s_S16.mp3
sdqNr-sisin_dakis 2020s	111.08	115.25	0	sdqNr-sisin_dakis 2020s_S17.mp3
sdqNr-sisin_dakis 2020s	115.25	118.1	0	sdqNr-sisin_dakis 2020s_S18.mp3
sdqNr-sisin_dakis 2020s	118.1	127.16	0	sdqNr-sisin_dakis 2020s_S19.mp3
sdqNr-sisin_dakis 2020s	127.16	129.14	0	sdqNr-sisin_dakis 2020s_S20.mp3
sdqNr-sisin_dakis 2020s	129.14	143.25	0	sdqNr-sisin_dakis 2020s_S21.mp3
sdqNr-sisin_dakis 2020s	143.25	153.58	0	sdqNr-sisin_dakis 2020s_S22.mp3
sdqNr-sisin_dakis 2020s	153.58	169.71	0	sdqNr-sisin_dakis 2020s_S23.mp3
sdqNr-sisin_dakis 2020s	169.71	173.46	0	sdqNr-sisin_dakis 2020s_S24.mp3
sdqNr-sisin_dakis 2020s	173.46	177.95	0	sdqNr-sisin_dakis 2020s_S25.mp3
sdqNr-sisin_dakis 2020s	177.95	182.25	0	sdqNr-sisin_dakis 2020s_S26.mp3
sdqNr-sisin_dakis 2020s	182.25	189.44	0	sdqNr-sisin_dakis 2020s_S27.mp3
sdqNr-sisin_dakis 2020s	189.44	193.81	0	sdqNr-sisin_dakis 2020s_S28.mp3
sdqNr-sisin_dakis 2020s	193.81	205.96	0	sdqNr-sisin_dakis 2020s_S29.mp3
sdqNr-sisin_dakis 2020s	205.96	208.49	0	sdqNr-sisin_dakis 2020s_S30.mp3
sdqNr-sisin_dakis 2020s	208.49	221.25	0	sdqNr-sisin_dakis 2020s_S31.mp3
sdqNr-sisin_dakis 2020s	221.25	228.09	0	sdqNr-sisin_dakis 2020s_S32.mp3
sdqNr-sisin_dakis 2020s	228.09	241.56	0	sdqNr-sisin_dakis 2020s_S33.mp3
sdqNr-sisin_dakis 2020s	241.56	243.89	0	sdqNr-sisin_dakis 2020s_S34.mp3
sdqNr-sisin_dakis 2020s	243.89	252.2	0	sdqNr-sisin_dakis 2020s_S35.mp3
sdqNr-sisin_dakis 2020s	252.2	257.16	0	sdqNr-sisin_dakis 2020s_S36.mp3
sdqNr-sisin_dakis 2020s	257.16	267.79	0	sdqNr-sisin_dakis 2020s_S37.mp3
sdqNr-sisin_dakis 2020s	267.79	276.99	0	sdqNr-sisin_dakis 2020s_S38.mp3
sdqNr-sisin_dakis 2020s	276.99	287.45	0	sdqNr-sisin_dakis 2020s_S39.mp3
sdqNr-sisin_dakis 2020s	287.45	293.92	0	sdqNr-sisin_dakis 2020s_S40.mp3
sdqNr-sisin_dakis 2020s	293.92	317.85	0	sdqNr-sisin_dakis 2020s_S41.mp3
sdqNr-sisin_dakis 2020s	317.85	342.25	0	sdqNr-sisin_dakis 2020s_S42.mp3
sdqNr-sisin_dakis 2020s	342.25	352.93	0	sdqNr-sisin_dakis 2020s_S43.mp3
sdqNr-sisin_dakis 2020s	352.93	358.68	0	sdqNr-sisin_dakis 2020s_S44.mp3
sdqNr-sisin_dakis 2020s	358.68	362.4	0	sdqNr-sisin_dakis 2020s_S45.mp3
sdqNr-sisin_dakis 2020s	362.4	371.5	0	sdqNr-sisin_dakis 2020s_S46.mp3
sdqNr-sisin_dakis 2020s	371.5	373.59	0	sdqNr-sisin_dakis 2020s_S47.mp3
sdqNr-sisin_dakis 2020s	373.59	385.19	0	sdqNr-sisin_dakis 2020s_S48.mp3
sdqNr-sisin_dakis 2020s	385.19	393.8	0	sdqNr-sisin_dakis 2020s_S49.mp3
sdqNr-sisin_dakis 2020s	393.8	404.24	0	sdqNr-sisin_dakis 2020s_S50.mp3
sdqNr-sisin_dakis 2020s	404.24	408.2	0	sdqNr-sisin_dakis 2020s_S51.mp3
sdqNr-sisin_dakis 2020s	408.2	410.71	0	sdqNr-sisin_dakis 2020s_S52.mp3
sdqNr-sisin_dakis 2020s	410.71	414.12	0	sdqNr-sisin_dakis 2020s_S53.mp3
sdqNr-sisin_dakis 2020s	414.12	419.7	0	sdqNr-sisin_dakis 2020s_S54.mp3
sdqNr-sisin_dakis 2020s	419.7	425.64	0	sdqNr-sisin_dakis 2020s_S55.mp3
sdqNr-sisin_dakis 2020s	425.64	426.68	0	sdqNr-sisin_dakis 2020s_S56.mp3
sdqNr-sisin_dakis 2020s	426.68	433.24	0	sdqNr-sisin_dakis 2020s_S57.mp3
sdqNr-sisin_dakis 2020s	433.24	436.38	0	sdqNr-sisin_dakis 2020s_S58.mp3
sdqNr-sisin_dakis 2020s	436.38	443.59	0	sdqNr-sisin_dakis 2020s_S59.mp3
sdqNr-sisin_dakis 2020s	443.59	451.33	0	sdqNr-sisin_dakis 2020s_S60.mp3
sdqNr-sisin_dakis 2020s	451.33	455.19	0	sdqNr-sisin_dakis 2020s_S61.mp3
sdqNr-sisin_dakis 2020s	455.19	461.8	0	sdqNr-sisin_dakis 2020s_S62.mp3
sdqNr-sisin_dakis 2020s	461.8	467.6	0	sdqNr-sisin_dakis 2020s_S63.mp3
sdqNr-sisin_dakis 2020s	467.6	472.4	0	sdqNr-sisin_dakis 2020s_S64.mp3
sdqNr-sisin_dakis 2020s	472.4	478.33	0	sdqNr-sisin_dakis 2020s_S65.mp3
sdqNr-sisin_dakis 2020s	478.33	483.77	0	sdqNr-sisin_dakis 2020s_S66.mp3
sdqNr-sisin_dakis 2020s	483.77	495.14	0	sdqNr-sisin_dakis 2020s_S67.mp3
sdqNr-sisin_dakis 2020s	495.14	504.93	0	sdqNr-sisin_dakis 2020s_S68.mp3
sdqNr-sisin_dakis 2020s	504.93	507.95	0	sdqNr-sisin_dakis 2020s_S69.mp3
sdqNr-sisin_dakis 2020s	507.95	512.62	0	sdqNr-sisin_dakis 2020s_S70.mp3
sdqNr-sisin_dakis 2020s	512.62	520.17	0	sdqNr-sisin_dakis 2020s_S71.mp3
sdqNr-sisin_dakis 2020s	520.17	525.29	0	sdqNr-sisin_dakis 2020s_S72.mp3
sdqNr-sisin_dakis 2020s	525.29	531.16	0	sdqNr-sisin_dakis 2020s_S73.mp3
sdqNr-sisin_dakis 2020s	531.16	532.75	0	sdqNr-sisin_dakis 2020s_S74.mp3
sdqNr-sisin_dakis 2020s	532.75	560.33	0	sdqNr-sisin_dakis 2020s_S75.mp3
sdqNr-sisin_dakis 2020s	560.33	570.93	0	sdqNr-sisin_dakis 2020s_S76.mp3
sdqNr-sisin_dakis 2020s	570.93	573.83	0	sdqNr-sisin_dakis 2020s_S77.mp3
sdqNr-sisin_dakis 2020s	573.83	580.34	0	sdqNr-sisin_dakis 2020s_S78.mp3
sdqNr-sisin_dakis 2020s	580.34	586.22	0	sdqNr-sisin_dakis 2020s_S79.mp3
sdqNr-sisin_dakis 2020s	586.22	602.66	0	sdqNr-sisin_dakis 2020s_S80.mp3
sdqNr-sisin_dakis 2020s	602.66	617.47	0	sdqNr-sisin_dakis 2020s_S81.mp3
sdqNr-sisin_dakis 2020s	617.47	622.45	0	sdqNr-sisin_dakis 2020s_S82.mp3
sdqNr-sisin_dakis 2020s	622.45	627.92	0	sdqNr-sisin_dakis 2020s_S83.mp3
sdqNr-sisin_dakis 2020s	627.92	631.04	0	sdqNr-sisin_dakis 2020s_S84.mp3
sdqNr-sisin_dakis 2020s	631.04	638.0	0	sdqNr-sisin_dakis 2020s_S85.mp3
sdqNr-sisin_dakis 2020s	638.0	640.14	0	sdqNr-sisin_dakis 2020s_S86.mp3
sdqNr-sisin_dakis 2020s	640.14	643.63	0	sdqNr-sisin_dakis 2020s_S87.mp3
sdqNr-sisin_dakis 2020s	643.63	650.25	0	sdqNr-sisin_dakis 2020s_S88.mp3
sdqNr-sisin_dakis 2020s	650.25	655.44	0	sdqNr-sisin_dakis 2020s_S89.mp3
sdqNr-sisin_dakis 2020s	655.44	666.76	0	sdqNr-sisin_dakis 2020s_S90.mp3
sdqNr-sisin_dakis 2020s	666.76	671.19	0	sdqNr-sisin_dakis 2020s_S91.mp3
sdqNr-sisin_dakis 2020s	671.19	674.7	0	sdqNr-sisin_dakis 2020s_S92.mp3
sdqNr-sisin_dakis 2020s	674.7	686.53	0	sdqNr-sisin_dakis 2020s_S93.mp3
sdqNr-sisin_dakis 2020s	686.53	691.03	0	sdqNr-sisin_dakis 2020s_S94.mp3
sdqNr-sisin_dakis 2020s	691.03	696.22	0	sdqNr-sisin_dakis 2020s_S95.mp3
sdqNr-sisin_dakis 2020s	696.22	703.72	0	sdqNr-sisin_dakis 2020s_S96.mp3
sdqNr-sisin_dakis 2020s	703.72	709.1	0	sdqNr-sisin_dakis 2020s_S97.mp3
sdqNr-sisin_dakis 2020s	709.1	713.51	0	sdqNr-sisin_dakis 2020s_S98.mp3
sdqNr-sisin_dakis 2020s	713.51	716.89	0	sdqNr-sisin_dakis 2020s_S99.mp3
sdqNr-sisin_dakis 2020s	716.89	724.65	0	sdqNr-sisin_dakis 2020s_S100.mp3
sdqNr-sisin_dakis 2020s	724.65	728.96	0	sdqNr-sisin_dakis 2020s_S101.mp3
sdqNr-sisin_dakis 2020s	728.96	738.94	0	sdqNr-sisin_dakis 2020s_S102.mp3
sdqNr-sisin_dakis 2020s	738.94	745.83	0	sdqNr-sisin_dakis 2020s_S103.mp3
sdqNr-sisin_dakis 2020s	745.83	753.69	0	sdqNr-sisin_dakis 2020s_S104.mp3
sdqNr-sisin_dakis 2020s	753.69	758.87	0	sdqNr-sisin_dakis 2020s_S105.mp3
sdqNr-sisin_dakis 2020s	758.87	768.89	0	sdqNr-sisin_dakis 2020s_S106.mp3
sdqNr-sisin_dakis 2020s	768.89	773.5	0	sdqNr-sisin_dakis 2020s_S107.mp3
sdqNr-sisin_dakis 2020s	773.5	777.24	0	sdqNr-sisin_dakis 2020s_S108.mp3
sdqNr-sisin_dakis 2020s	777.24	792.0	0	sdqNr-sisin_dakis 2020s_S109.mp3
sdqNr-sisin_dakis 2020s	792.0	797.64	0	sdqNr-sisin_dakis 2020s_S110.mp3
sdqNr-sisin_dakis 2020s	797.64	804.99	0	sdqNr-sisin_dakis 2020s_S111.mp3
sdqNr-sisin_dakis 2020s	804.99	813.87	0	sdqNr-sisin_dakis 2020s_S112.mp3
sdqNr-sisin_dakis 2020s	813.87	821.91	0	sdqNr-sisin_dakis 2020s_S113.mp3
sdqNr-sisin_dakis 2020s	821.91	828.22	0	sdqNr-sisin_dakis 2020s_S114.mp3
sdqNr-sisin_dakis 2020s	828.22	835.5	0	sdqNr-sisin_dakis 2020s_S115.mp3
sdqNr-sisin_dakis 2020s	835.5	837.8	0	sdqNr-sisin_dakis 2020s_S116.mp3
sdqNr-sisin_dakis 2020s	837.8	844.96	0	sdqNr-sisin_dakis 2020s_S117.mp3
sdqNr-sisin_dakis 2020s	844.96	857.1	0	sdqNr-sisin_dakis 2020s_S118.mp3
sdqNr-sisin_dakis 2020s	857.1	864.92	0	sdqNr-sisin_dakis 2020s_S119.mp3
sdqNr-sisin_dakis 2020s	864.92	866.09	0	sdqNr-sisin_dakis 2020s_S120.mp3
sdqNr-sisin_dakis 2020s	866.09	873.34	0	sdqNr-sisin_dakis 2020s_S121.mp3
sdqNr-sisin_dakis 2020s	873.34	884.67	0	sdqNr-sisin_dakis 2020s_S122.mp3
sdqNr-sisin_dakis 2020s	884.67	888.85	0	sdqNr-sisin_dakis 2020s_S123.mp3
sdqNr-sisin_dakis 2020s	888.85	894.65	0	sdqNr-sisin_dakis 2020s_S124.mp3
sdqNr-sisin_dakis 2020s	894.65	900.18	0	sdqNr-sisin_dakis 2020s_S125.mp3
sdqNr-sisin_dakis 2020s	900.18	912.12	0	sdqNr-sisin_dakis 2020s_S126.mp3
sdqNr-sisin_dakis 2020s	912.12	924.9	0	sdqNr-sisin_dakis 2020s_S127.mp3
sdqNr-sisin_dakis 2020s	924.9	933.73	0	sdqNr-sisin_dakis 2020s_S128.mp3
sdqNr-sisin_dakis 2020s	933.73	940.16	0	sdqNr-sisin_dakis 2020s_S129.mp3
sdqNr-sisin_dakis 2020s	940.7	946.71	0	sdqNr-sisin_dakis 2020s_S130.mp3
sdqNr-sisin_dakis 2020s	946.71	953.09	0	sdqNr-sisin_dakis 2020s_S131.mp3
sdqNr-sisin_dakis 2020s	953.09	953.99	0	sdqNr-sisin_dakis 2020s_S132.mp3
sdqNr-south_pawan 2021s	0.0	6.18	0	sdqNr-south_pawan 2021s_S0.mp3
sdqNr-south_pawan 2021s	6.18	11.64	0	sdqNr-south_pawan 2021s_S1.mp3
sdqNr-south_pawan 2021s	11.64	20.45	0	sdqNr-south_pawan 2021s_S2.mp3
sdqNr-south_pawan 2021s	20.45	24.77	0	sdqNr-south_pawan 2021s_S3.mp3
sdqNr-south_pawan 2021s	24.77	28.78	0	sdqNr-south_pawan 2021s_S4.mp3
sdqNr-south_pawan 2021s	28.78	36.28	0	sdqNr-south_pawan 2021s_S5.mp3
sdqNr-south_pawan 2021s	36.28	43.05	0	sdqNr-south_pawan 2021s_S6.mp3
sdqNr-south_pawan 2021s	43.05	48.69	0	sdqNr-south_pawan 2021s_S7.mp3
sdqNr-south_pawan 2021s	48.69	53.45	0	sdqNr-south_pawan 2021s_S8.mp3
sdqNr-south_pawan 2021s	53.45	58.83	0	sdqNr-south_pawan 2021s_S9.mp3
sdqNr-south_pawan 2021s	58.83	66.86	0	sdqNr-south_pawan 2021s_S10.mp3
sdqNr-south_pawan 2021s	66.86	73.12	0	sdqNr-south_pawan 2021s_S11.mp3
sdqNr-south_pawan 2021s	73.12	84.71	0	sdqNr-south_pawan 2021s_S12.mp3
sdqNr-south_pawan 2021s	84.71	87.79	0	sdqNr-south_pawan 2021s_S13.mp3
sdqNr-south_pawan 2021s	87.79	94.67	0	sdqNr-south_pawan 2021s_S14.mp3
sdqNr-south_pawan 2021s	94.67	99.35	0	sdqNr-south_pawan 2021s_S15.mp3
sdqNr-south_pawan 2021s	99.35	104.8	0	sdqNr-south_pawan 2021s_S16.mp3
sdqNr-south_pawan 2021s	104.8	112.12	0	sdqNr-south_pawan 2021s_S17.mp3
sdqNr-south_pawan 2021s	112.12	118.65	0	sdqNr-south_pawan 2021s_S18.mp3
sdqNr-south_pawan 2021s	118.65	122.69	0	sdqNr-south_pawan 2021s_S19.mp3
sdqNr-south_pawan 2021s	122.69	127.7	0	sdqNr-south_pawan 2021s_S20.mp3
sdqNr-south_pawan 2021s	127.7	135.76	0	sdqNr-south_pawan 2021s_S21.mp3
sdqNr-south_pawan 2021s	135.76	138.19	0	sdqNr-south_pawan 2021s_S22.mp3
sdqNr-south_pawan 2021s	138.19	145.12	0	sdqNr-south_pawan 2021s_S23.mp3
sdqNr-south_pawan 2021s	145.12	148.33	0	sdqNr-south_pawan 2021s_S24.mp3
sdqNr-south_pawan 2021s	148.33	150.12	0	sdqNr-south_pawan 2021s_S25.mp3
sdqNr-south_pawan 2021s	150.12	156.03	0	sdqNr-south_pawan 2021s_S26.mp3
sdqNr-south_pawan 2021s	156.03	162.06	0	sdqNr-south_pawan 2021s_S27.mp3
sdqNr-south_pawan 2021s	162.06	166.98	0	sdqNr-south_pawan 2021s_S28.mp3
sdqNr-south_pawan 2021s	166.98	169.2	0	sdqNr-south_pawan 2021s_S29.mp3
sdqNr-south_pawan 2021s	169.2	173.89	0	sdqNr-south_pawan 2021s_S30.mp3
sdqNr-south_pawan 2021s	173.89	176.7	0	sdqNr-south_pawan 2021s_S31.mp3
sdqNr-south_pawan 2021s	176.7	182.43	0	sdqNr-south_pawan 2021s_S32.mp3
sdqNr-tradition_dakis 2021s	0.0	6.99	0	sdqNr-tradition_dakis 2021s_S0.mp3
sdqNr-tradition_dakis 2021s	6.99	13.57	0	sdqNr-tradition_dakis 2021s_S1.mp3
sdqNr-tradition_dakis 2021s	13.57	15.49	0	sdqNr-tradition_dakis 2021s_S2.mp3
sdqNr-tradition_dakis 2021s	15.49	22.17	0	sdqNr-tradition_dakis 2021s_S3.mp3
sdqNr-tradition_dakis 2021s	22.17	27.31	0	sdqNr-tradition_dakis 2021s_S4.mp3
sdqNr-tradition_dakis 2021s	27.31	36.42	0	sdqNr-tradition_dakis 2021s_S5.mp3
sdqNr-tradition_dakis 2021s	36.42	39.13	0	sdqNr-tradition_dakis 2021s_S6.mp3
sdqNr-tradition_dakis 2021s	39.13	42.85	0	sdqNr-tradition_dakis 2021s_S7.mp3
sdqNr-tradition_dakis 2021s	42.85	47.22	0	sdqNr-tradition_dakis 2021s_S8.mp3
sdqNr-tradition_dakis 2021s	47.22	51.36	0	sdqNr-tradition_dakis 2021s_S9.mp3
sdqNr-tradition_dakis 2021s	51.36	54.61	0	sdqNr-tradition_dakis 2021s_S10.mp3
sdqNr-tradition_dakis 2021s	54.61	58.91	0	sdqNr-tradition_dakis 2021s_S11.mp3
sdqNr-tradition_dakis 2021s	58.91	62.11	0	sdqNr-tradition_dakis 2021s_S12.mp3
sdqNr-tradition_dakis 2021s	62.11	62.86	0	sdqNr-tradition_dakis 2021s_S13.mp3
sdqNr-tradition_dakis 2021s	62.86	66.15	0	sdqNr-tradition_dakis 2021s_S14.mp3
sdqNr-tradition_dakis 2021s	66.15	69.75	0	sdqNr-tradition_dakis 2021s_S15.mp3
sdqNr-tradition_dakis 2021s	69.75	73.29	0	sdqNr-tradition_dakis 2021s_S16.mp3
sdqNr-tradition_dakis 2021s	73.29	74.72	0	sdqNr-tradition_dakis 2021s_S17.mp3
sdqNr-tradition_dakis 2021s	74.72	83.32	0	sdqNr-tradition_dakis 2021s_S18.mp3
sdqNr-tradition_dakis 2021s	83.32	86.98	0	sdqNr-tradition_dakis 2021s_S19.mp3
sdqNr-tradition_dakis 2021s	86.98	91.58	0	sdqNr-tradition_dakis 2021s_S20.mp3
sdqNr-tradition_dakis 2021s	91.58	96.38	0	sdqNr-tradition_dakis 2021s_S21.mp3
sdqNr-tradition_dakis 2021s	96.38	102.12	0	sdqNr-tradition_dakis 2021s_S22.mp3
sdqNr-tradition_dakis 2021s	102.12	106.8	0	sdqNr-tradition_dakis 2021s_S23.mp3
sdqNr-tradition_dakis 2021s	106.8	109.5	0	sdqNr-tradition_dakis 2021s_S24.mp3
sdqNr-tradition_dakis 2021s	109.5	111.3	0	sdqNr-tradition_dakis 2021s_S25.mp3
sdqNr-tradition_dakis 2021s	111.3	119.89	0	sdqNr-tradition_dakis 2021s_S26.mp3
sdqNr-tradition_dakis 2021s	119.89	132.02	0	sdqNr-tradition_dakis 2021s_S27.mp3
sdqNr-tradition_dakis 2021s	132.02	137.07	0	sdqNr-tradition_dakis 2021s_S28.mp3
sdqNr-tradition_dakis 2021s	137.07	141.57	0	sdqNr-tradition_dakis 2021s_S29.mp3
sdqNr-tradition_dakis 2021s	141.57	145.75	0	sdqNr-tradition_dakis 2021s_S30.mp3
sdqNr-tradition_dakis 2021s	145.75	149.59	0	sdqNr-tradition_dakis 2021s_S31.mp3
sdqNr-tradition_dakis 2021s	149.59	152.91	0	sdqNr-tradition_dakis 2021s_S32.mp3
sdqNr-tradition_dakis 2021s	152.91	161.32	0	sdqNr-tradition_dakis 2021s_S33.mp3
sdqNr-tradition_dakis 2021s	161.32	166.18	0	sdqNr-tradition_dakis 2021s_S34.mp3
sdqNr-tradition_dakis 2021s	166.18	170.44	0	sdqNr-tradition_dakis 2021s_S35.mp3
sdqNr-tradition_dakis 2021s	170.44	182.62	0	sdqNr-tradition_dakis 2021s_S36.mp3
sdqNr-tradition_dakis 2021s	182.62	183.68	0	sdqNr-tradition_dakis 2021s_S37.mp3
sdqNr-tradition_dakis 2021s	183.68	186.06	0	sdqNr-tradition_dakis 2021s_S38.mp3
sdqNr-tradition_dakis 2021s	186.06	192.26	0	sdqNr-tradition_dakis 2021s_S39.mp3
sdqNr-tradition_dakis 2021s	192.26	198.46	0	sdqNr-tradition_dakis 2021s_S40.mp3
sdqNr-tradition_dakis 2021s	198.46	202.59	0	sdqNr-tradition_dakis 2021s_S41.mp3
sdqNr-tradition_dakis 2021s	202.59	207.57	0	sdqNr-tradition_dakis 2021s_S42.mp3
sdqNr-tradition_dakis 2021s	207.57	211.51	0	sdqNr-tradition_dakis 2021s_S43.mp3
sdqNr-tradition_dakis 2021s	211.51	213.87	0	sdqNr-tradition_dakis 2021s_S44.mp3
sdqNr-tradition_dakis 2021s	213.87	216.38	0	sdqNr-tradition_dakis 2021s_S45.mp3
sdqNr-tradition_dakis 2021s	216.38	218.89	0	sdqNr-tradition_dakis 2021s_S46.mp3
sdqNr-tradition_dakis 2021s	218.89	223.29	0	sdqNr-tradition_dakis 2021s_S47.mp3
sdqNr-tradition_dakis 2021s	223.29	225.91	0	sdqNr-tradition_dakis 2021s_S48.mp3
sdqNr-tradition_dakis 2021s	225.91	230.09	0	sdqNr-tradition_dakis 2021s_S49.mp3
sdqNr-tradition_dakis 2021s	230.09	246.75	0	sdqNr-tradition_dakis 2021s_S50.mp3
sdqNr-tradition_dakis 2021s	246.75	250.15	0	sdqNr-tradition_dakis 2021s_S51.mp3
sdqNr-tradition_dakis 2021s	250.15	263.13	0	sdqNr-tradition_dakis 2021s_S52.mp3
sdqNr-tradition_dakis 2021s	263.13	267.76	0	sdqNr-tradition_dakis 2021s_S53.mp3
sdqNr-tradition_dakis 2021s	267.76	271.26	0	sdqNr-tradition_dakis 2021s_S54.mp3
sdqNr-tradition_dakis 2021s	271.26	278.87	0	sdqNr-tradition_dakis 2021s_S55.mp3
sdqNr-tradition_dakis 2021s	278.87	281.71	0	sdqNr-tradition_dakis 2021s_S56.mp3
sdqNr-tradition_dakis 2021s	281.71	287.15	0	sdqNr-tradition_dakis 2021s_S57.mp3
sdqNr-tradition_dakis 2021s	287.15	289.51	0	sdqNr-tradition_dakis 2021s_S58.mp3
sdqNr-tradition_dakis 2021s	289.51	298.35	0	sdqNr-tradition_dakis 2021s_S59.mp3
sdqNr-tradition_dakis 2021s	298.35	302.65	0	sdqNr-tradition_dakis 2021s_S60.mp3
sdqNr-tradition_dakis 2021s	302.65	307.06	0	sdqNr-tradition_dakis 2021s_S61.mp3
sdqNr-tradition_dakis 2021s	307.06	311.05	0	sdqNr-tradition_dakis 2021s_S62.mp3
sdqNr-tradition_dakis 2021s	311.05	312.66	0	sdqNr-tradition_dakis 2021s_S63.mp3
sdqNr-tradition_dakis 2021s	312.66	318.82	0	sdqNr-tradition_dakis 2021s_S64.mp3
sdqNr-tradition_dakis 2021s	318.82	325.35	0	sdqNr-tradition_dakis 2021s_S65.mp3
sdqNr-tradition_dakis 2021s	325.35	329.37	0	sdqNr-tradition_dakis 2021s_S66.mp3
sdqNr-tradition_dakis 2021s	329.37	330.6	0	sdqNr-tradition_dakis 2021s_S67.mp3
Tsou-frog-story-wang-1	0.0	2.13	0	Tsou-frog-story-wang-1_S0.mp3
Tsou-frog-story-wang-1	5.11	9.89	0	Tsou-frog-story-wang-1_S1.mp3
Tsou-frog-story-wang-1	9.89	14.19	0	Tsou-frog-story-wang-1_S2.mp3
Tsou-frog-story-wang-1	14.19	21.14	0	Tsou-frog-story-wang-1_S3.mp3
Tsou-frog-story-wang-1	21.14	24.22	0	Tsou-frog-story-wang-1_S4.mp3
Tsou-frog-story-wang-1	24.22	28.13	0	Tsou-frog-story-wang-1_S5.mp3
Tsou-frog-story-wang-1	28.13	42.55	0	Tsou-frog-story-wang-1_S6.mp3
Tsou-frog-story-wang-1	42.55	44.57	0	Tsou-frog-story-wang-1_S7.mp3
Tsou-frog-story-wang-1	44.57	51.99	0	Tsou-frog-story-wang-1_S8.mp3
Tsou-frog-story-wang-1	51.99	55.36	0	Tsou-frog-story-wang-1_S9.mp3
Tsou-frog-story-wang-1	55.36	63.94	0	Tsou-frog-story-wang-1_S10.mp3
Tsou-frog-story-wang-1	63.94	73.23	0	Tsou-frog-story-wang-1_S11.mp3
Tsou-frog-story-wang-1	73.23	77.18	0	Tsou-frog-story-wang-1_S12.mp3
Tsou-frog-story-wang-1	77.18	84.23	0	Tsou-frog-story-wang-1_S13.mp3
Tsou-frog-story-wang-1	84.23	88.63	0	Tsou-frog-story-wang-1_S14.mp3
Tsou-frog-story-wang-1	88.63	92.35	0	Tsou-frog-story-wang-1_S15.mp3
Tsou-frog-story-wang-1	92.35	104.07	0	Tsou-frog-story-wang-1_S16.mp3
Tsou-frog-story-wang-1	104.07	110.21	0	Tsou-frog-story-wang-1_S17.mp3
Tsou-frog-story-wang-1	110.21	113.97	0	Tsou-frog-story-wang-1_S18.mp3
Tsou-frog-story-wang-1	113.97	122.55	0	Tsou-frog-story-wang-1_S19.mp3
Tsou-frog-story-wang-1	122.55	134.9	0	Tsou-frog-story-wang-1_S20.mp3
Tsou-frog-story-wang-1	134.9	143.54	0	Tsou-frog-story-wang-1_S21.mp3
Tsou-frog-story-wang-1	143.54	146.07	0	Tsou-frog-story-wang-1_S22.mp3
Tsou-frog-story-wang-1	146.07	152.77	0	Tsou-frog-story-wang-1_S23.mp3
Tsou-frog-story-wang-1	152.77	164.63	0	Tsou-frog-story-wang-1_S24.mp3
Tsou-frog-story-wang-1	164.63	169.31	0	Tsou-frog-story-wang-1_S25.mp3
Tsou-frog-story-wang-1	169.31	173.62	0	Tsou-frog-story-wang-1_S26.mp3
Tsou-frog-story-wang-1	173.62	179.81	0	Tsou-frog-story-wang-1_S27.mp3
Tsou-frog-story-wang-1	179.81	184.28	0	Tsou-frog-story-wang-1_S28.mp3
Tsou-frog-story-wang-1	184.28	193.08	0	Tsou-frog-story-wang-1_S29.mp3
Tsou-frog-story-wang-1	193.08	199.38	0	Tsou-frog-story-wang-1_S30.mp3
Tsou-frog-story-wang-1	199.38	204.82	0	Tsou-frog-story-wang-1_S31.mp3
Tsou-frog-story-wang-1	204.82	208.08	0	Tsou-frog-story-wang-1_S32.mp3
Tsou-frog-story-wang-1	208.08	213.72	0	Tsou-frog-story-wang-1_S33.mp3
Tsou-frog-story-wang-1	213.72	227.84	0	Tsou-frog-story-wang-1_S34.mp3
Tsou-frog-story-wang-1	227.84	234.55	0	Tsou-frog-story-wang-1_S35.mp3
Tsou-frog-story-wang-1	234.55	237.57	0	Tsou-frog-story-wang-1_S36.mp3
Tsou-frog-story-wang-1	237.57	254.95	0	Tsou-frog-story-wang-1_S37.mp3
Tsou-frog-story-wang-1	254.95	263.32	0	Tsou-frog-story-wang-1_S38.mp3
Tsou-frog-story-wang-1	263.32	268.32	0	Tsou-frog-story-wang-1_S39.mp3
Tsou-frog-story-wang-1	268.32	276.02	0	Tsou-frog-story-wang-1_S40.mp3
Tsou-frog-story-wang-1	276.02	283.75	0	Tsou-frog-story-wang-1_S41.mp3
Tsou-frog-story-wang-1	283.75	289.07	0	Tsou-frog-story-wang-1_S42.mp3
Tsou-frog-story-wang-1	289.07	301.95	0	Tsou-frog-story-wang-1_S43.mp3
TsouConv-informants	0.0	4.41	0	TsouConv-informants_S0.mp3
TsouConv-informants	5.39	15.27	0	TsouConv-informants_S1.mp3
TsouConv-informants	16.46	26.99	0	TsouConv-informants_S2.mp3
TsouConv-informants	27.08	39.73	0	TsouConv-informants_S3.mp3
TsouConv-informants	39.88	42.44	0	TsouConv-informants_S4.mp3
TsouConv-informants	43.74	47.49	0	TsouConv-informants_S5.mp3
TsouConv-informants	47.74	48.47	0	TsouConv-informants_S6.mp3
TsouConv-informants	49.68	54.28	0	TsouConv-informants_S7.mp3
TsouConv-informants	54.31	60.83	0	TsouConv-informants_S8.mp3
TsouConv-informants	61.09	68.04	0	TsouConv-informants_S9.mp3
TsouConv-informants	68.49	70.21	0	TsouConv-informants_S10.mp3
TsouConv-informants	71.07	74.34	0	TsouConv-informants_S11.mp3
TsouConv-informants	76.29	78.0	0	TsouConv-informants_S12.mp3
TsouConv-informants	78.75	88.88	0	TsouConv-informants_S13.mp3
TsouConv-informants	88.91	95.97	0	TsouConv-informants_S14.mp3
TsouConv-informants	96.64	103.79	0	TsouConv-informants_S15.mp3
TsouConv-informants	105.22	112.09	0	TsouConv-informants_S16.mp3
TsouConv-informants	112.63	123.25	0	TsouConv-informants_S17.mp3
TsouConv-informants	123.84	130.45	0	TsouConv-informants_S18.mp3
TsouConv-informants	130.37	133.94	0	TsouConv-informants_S19.mp3
TsouConv-informants	134.71	143.47	0	TsouConv-informants_S20.mp3
TsouConv-informants	144.54	151.75	0	TsouConv-informants_S21.mp3
TsouConv-informants	153.38	159.06	0	TsouConv-informants_S22.mp3
TsouConv-informants	159.9	163.79	0	TsouConv-informants_S23.mp3
TsouConv-informants	164.4	168.37	0	TsouConv-informants_S24.mp3
TsouConv-informants	169.1	181.57	0	TsouConv-informants_S25.mp3
TsouConv-informants	182.47	196.49	0	TsouConv-informants_S26.mp3
TsouConv-informants	196.99	212.39	0	TsouConv-informants_S27.mp3
TsouConv-informants	213.92	221.78	0	TsouConv-informants_S28.mp3
TsouConv-informants	222.74	232.21	0	TsouConv-informants_S29.mp3
TsouConv-informants	232.82	239.72	0	TsouConv-informants_S30.mp3
TsouConv-informants	240.28	250.37	0	TsouConv-informants_S31.mp3
TsouConv-informants	250.57	255.59	0	TsouConv-informants_S32.mp3
TsouConv-informants	255.71	266.12	0	TsouConv-informants_S33.mp3
TsouConv-informants	266.73	276.46	0	TsouConv-informants_S34.mp3
TsouConv-informants	277.38	290.43	0	TsouConv-informants_S35.mp3
TsouConv-informants	291.04	303.49	0	TsouConv-informants_S36.mp3
TsouConv-informants	304.07	313.16	0	TsouConv-informants_S37.mp3
TsouConv-informants	314.22	331.2	0	TsouConv-informants_S38.mp3
TsouConv-informants	332.79	337.0	0	TsouConv-informants_S39.mp3
TsouConv-informants	338.72	345.91	0	TsouConv-informants_S40.mp3
TsouConv-informants	346.74	357.18	0	TsouConv-informants_S41.mp3
TsouConv-informants	357.85	366.11	0	TsouConv-informants_S42.mp3
TsouConv-informants	368.95	381.22	0	TsouConv-informants_S43.mp3
TsouConv-informants	381.3	391.48	0	TsouConv-informants_S44.mp3
TsouConv-informants	393.11	406.22	0	TsouConv-informants_S45.mp3
TsouConv-informants	407.27	417.83	0	TsouConv-informants_S46.mp3
TsouConv-informants	418.91	431.4	0	TsouConv-informants_S47.mp3
TsouConv-informants	431.94	450.49	0	TsouConv-informants_S48.mp3
TsouConv-informants	450.48	457.78	0	TsouConv-informants_S49.mp3
TsouConv-informants	458.18	461.57	0	TsouConv-informants_S50.mp3
TsouConv-informants	462.22	471.65	0	TsouConv-informants_S51.mp3
TsouConv-informants	472.74	481.77	0	TsouConv-informants_S52.mp3
TsouConv-informants	482.8	490.84	0	TsouConv-informants_S53.mp3
TsouConv-informants	490.6	495.87	0	TsouConv-informants_S54.mp3
TsouConv-informants	495.6	507.53	0	TsouConv-informants_S55.mp3
TsouConv-informants	507.66	512.87	0	TsouConv-informants_S56.mp3
TsouConv-informants	513.23	526.39	0	TsouConv-informants_S57.mp3
TsouConv-informants	527.18	533.97	0	TsouConv-informants_S58.mp3
TsouConv-informants	534.12	544.83	0	TsouConv-informants_S59.mp3
TsouConv-informants	545.84	564.0	0	TsouConv-informants_S60.mp3
TsouConv-informants	564.77	566.07	0	TsouConv-informants_S61.mp3
TsouConv-informants	567.17	567.95	0	TsouConv-informants_S62.mp3
TsouConv-informants	569.24	580.42	0	TsouConv-informants_S63.mp3
TsouConv-informants	580.51	583.18	0	TsouConv-informants_S64.mp3
TsouConv-informants	582.95	589.94	0	TsouConv-informants_S65.mp3
TsouConv-informants	590.6	597.13	0	TsouConv-informants_S66.mp3
TsouConv-informants	597.67	606.6	0	TsouConv-informants_S67.mp3
TsouConv-informants	607.18	616.16	0	TsouConv-informants_S68.mp3
TsouConv-typhoon	0.0	3.88	0	TsouConv-typhoon_S0.mp3
TsouConv-typhoon	4.71	7.84	0	TsouConv-typhoon_S1.mp3
TsouConv-typhoon	8.45	11.32	0	TsouConv-typhoon_S2.mp3
TsouConv-typhoon	11.41	17.6	0	TsouConv-typhoon_S3.mp3
TsouConv-typhoon	17.84	22.66	0	TsouConv-typhoon_S4.mp3
TsouConv-typhoon	22.68	23.41	0	TsouConv-typhoon_S5.mp3
TsouConv-typhoon	24.2	29.29	0	TsouConv-typhoon_S6.mp3
TsouConv-typhoon	28.01	34.16	0	TsouConv-typhoon_S7.mp3
TsouConv-typhoon	35.26	41.48	0	TsouConv-typhoon_S8.mp3
TsouConv-typhoon	41.85	43.46	0	TsouConv-typhoon_S9.mp3
TsouConv-typhoon	43.5	45.25	0	TsouConv-typhoon_S10.mp3
TsouConv-typhoon	43.91	46.84	0	TsouConv-typhoon_S11.mp3
TsouConv-typhoon	46.29	46.89	0	TsouConv-typhoon_S12.mp3
TsouConv-typhoon	49.29	50.85	0	TsouConv-typhoon_S13.mp3
TsouConv-typhoon	50.43	53.32	0	TsouConv-typhoon_S14.mp3
TsouConv-typhoon	54.48	55.65	0	TsouConv-typhoon_S15.mp3
TsouConv-typhoon	55.98	60.33	0	TsouConv-typhoon_S16.mp3
TsouConv-typhoon	61.0	66.73	0	TsouConv-typhoon_S17.mp3
TsouConv-typhoon	67.88	68.73	0	TsouConv-typhoon_S18.mp3
TsouConv-typhoon	69.46	69.79	0	TsouConv-typhoon_S19.mp3
TsouConv-typhoon	69.9	70.12	0	TsouConv-typhoon_S20.mp3
TsouConv-typhoon	70.48	71.83	0	TsouConv-typhoon_S21.mp3
TsouConv-typhoon	72.0	75.43	0	TsouConv-typhoon_S22.mp3
TsouConv-typhoon	75.62	83.39	0	TsouConv-typhoon_S23.mp3
TsouConv-typhoon	84.54	86.1	0	TsouConv-typhoon_S24.mp3
TsouConv-typhoon	86.39	87.27	0	TsouConv-typhoon_S25.mp3
TsouConv-typhoon	87.51	91.11	0	TsouConv-typhoon_S26.mp3
TsouConv-typhoon	91.14	92.18	0	TsouConv-typhoon_S27.mp3
TsouConv-typhoon	91.79	92.86	0	TsouConv-typhoon_S28.mp3
TsouConv-typhoon	93.11	96.85	0	TsouConv-typhoon_S29.mp3
TsouConv-typhoon	97.51	100.32	0	TsouConv-typhoon_S30.mp3
TsouConv-typhoon	101.92	109.61	0	TsouConv-typhoon_S31.mp3
TsouConv-typhoon	110.69	115.81	0	TsouConv-typhoon_S32.mp3
TsouConv-typhoon	116.7	118.19	0	TsouConv-typhoon_S33.mp3
TsouConv-typhoon	123.05	127.76	0	TsouConv-typhoon_S34.mp3
TsouConv-typhoon	128.99	131.68	0	TsouConv-typhoon_S35.mp3
TsouConv-typhoon	132.19	132.78	0	TsouConv-typhoon_S36.mp3
TsouConv-typhoon	132.84	133.86	0	TsouConv-typhoon_S37.mp3
TsouConv-typhoon	134.05	137.3	0	TsouConv-typhoon_S38.mp3
TsouConv-typhoon	137.47	141.01	0	TsouConv-typhoon_S39.mp3
TsouConv-typhoon	141.04	145.71	0	TsouConv-typhoon_S40.mp3
TsouConv-typhoon	145.74	148.62	0	TsouConv-typhoon_S41.mp3
TsouConv-typhoon	147.76	148.62	0	TsouConv-typhoon_S42.mp3
TsouConv-typhoon	149.35	150.78	0	TsouConv-typhoon_S43.mp3
TsouConv-typhoon	151.5	156.8	0	TsouConv-typhoon_S44.mp3
TsouConv-typhoon	156.99	159.82	0	TsouConv-typhoon_S45.mp3
TsouConv-typhoon	159.89	163.57	0	TsouConv-typhoon_S46.mp3
TsouConv-typhoon	163.23	166.09	0	TsouConv-typhoon_S47.mp3
TsouConv-typhoon	165.21	171.29	0	TsouConv-typhoon_S48.mp3
TsouConv-typhoon	172.24	177.52	0	TsouConv-typhoon_S49.mp3
TsouConv-typhoon	178.7	182.55	0	TsouConv-typhoon_S50.mp3
TsouConv-typhoon	182.68	186.3	0	TsouConv-typhoon_S51.mp3
TsouConv-typhoon	186.81	187.95	0	TsouConv-typhoon_S52.mp3
TsouConv-typhoon	187.35	189.29	0	TsouConv-typhoon_S53.mp3
TsouConv-typhoon	188.2	190.72	0	TsouConv-typhoon_S54.mp3
TsouConv-typhoon	191.33	195.64	0	TsouConv-typhoon_S55.mp3
TsouConv-typhoon	195.83	205.2	0	TsouConv-typhoon_S56.mp3
TsouConv-typhoon	208.98	213.95	0	TsouConv-typhoon_S57.mp3
TsouConv-typhoon	214.77	216.11	0	TsouConv-typhoon_S58.mp3
TsouConv-typhoon	216.26	220.56	0	TsouConv-typhoon_S59.mp3
TsouConv-typhoon	220.62	222.25	0	TsouConv-typhoon_S60.mp3
TsouConv-typhoon	222.38	224.88	0	TsouConv-typhoon_S61.mp3
TsouConv-typhoon	224.47	231.23	0	TsouConv-typhoon_S62.mp3
TsouConv-typhoon	231.3	232.22	0	TsouConv-typhoon_S63.mp3
TsouConv-typhoon	232.76	234.92	0	TsouConv-typhoon_S64.mp3
TsouConv-typhoon	235.8	241.67	0	TsouConv-typhoon_S65.mp3
TsouConv-typhoon	242.56	245.1	0	TsouConv-typhoon_S66.mp3
TsouConv-typhoon	246.66	248.31	0	TsouConv-typhoon_S67.mp3
TsouConv-typhoon	253.16	259.5	0	TsouConv-typhoon_S68.mp3
TsouConv-typhoon	259.84	260.49	0	TsouConv-typhoon_S69.mp3
TsouConv-typhoon	260.62	264.56	0	TsouConv-typhoon_S70.mp3
TsouConv-typhoon	264.63	269.29	0	TsouConv-typhoon_S71.mp3
TsouConv-typhoon	269.43	276.13	0	TsouConv-typhoon_S72.mp3
TsouConv-typhoon	276.23	279.23	0	TsouConv-typhoon_S73.mp3
TsouConv-typhoon	278.77	281.21	0	TsouConv-typhoon_S74.mp3
TsouConv-typhoon	281.39	283.01	0	TsouConv-typhoon_S75.mp3
TsouConv-typhoon	283.04	285.2	0	TsouConv-typhoon_S76.mp3
TsouConv-typhoon	286.18	289.81	0	TsouConv-typhoon_S77.mp3
TsouConv-typhoon	294.3	304.98	0	TsouConv-typhoon_S78.mp3
TsouConv-typhoon	305.79	307.18	0	TsouConv-typhoon_S79.mp3
TsouConv-typhoon	307.35	308.29	0	TsouConv-typhoon_S80.mp3
TsouConv-typhoon	308.54	310.25	0	TsouConv-typhoon_S81.mp3
TsouConv-typhoon	309.43	313.61	0	TsouConv-typhoon_S82.mp3
TsouConv-typhoon	311.58	317.19	0	TsouConv-typhoon_S83.mp3
TsouConv-typhoon	317.75	320.67	0	TsouConv-typhoon_S84.mp3
TsouConv-typhoon	320.22	323.99	0	TsouConv-typhoon_S85.mp3
TsouConv-typhoon	325.45	326.82	0	TsouConv-typhoon_S86.mp3
TsouConv-typhoon	327.89	332.64	0	TsouConv-typhoon_S87.mp3
TsouConv-typhoon	333.05	334.14	0	TsouConv-typhoon_S88.mp3
TsouConv-typhoon	334.17	338.8	0	TsouConv-typhoon_S89.mp3
TsouConv-typhoon	339.4	342.93	0	TsouConv-typhoon_S90.mp3
TsouConv-typhoon	343.03	345.33	0	TsouConv-typhoon_S91.mp3
TsouConv-typhoon	346.14	348.23	0	TsouConv-typhoon_S92.mp3
TsouConv-typhoon	349.16	350.23	0	TsouConv-typhoon_S93.mp3
TsouConv-typhoon	349.16	353.83	0	TsouConv-typhoon_S94.mp3
TsouConv-typhoon	354.18	358.57	0	TsouConv-typhoon_S95.mp3
TsouConv-typhoon	358.89	364.47	0	TsouConv-typhoon_S96.mp3
TsouConv-typhoon	364.0	369.65	0	TsouConv-typhoon_S97.mp3
TsouConv-typhoon	370.5	373.03	0	TsouConv-typhoon_S98.mp3
TsouConv-typhoon	373.03	373.87	0	TsouConv-typhoon_S99.mp3
TsouConv-typhoon	373.98	374.96	0	TsouConv-typhoon_S100.mp3
TsouConv-typhoon	376.06	377.02	0	TsouConv-typhoon_S101.mp3
TsouConv-typhoon	377.69	383.11	0	TsouConv-typhoon_S102.mp3
TsouConv-typhoon	384.96	393.02	0	TsouConv-typhoon_S103.mp3
TsouConv-typhoon	393.35	396.5	0	TsouConv-typhoon_S104.mp3
TsouConv-typhoon	396.74	398.66	0	TsouConv-typhoon_S105.mp3
TsouConv-typhoon	399.78	404.94	0	TsouConv-typhoon_S106.mp3
TsouConv-typhoon	406.5	409.33	0	TsouConv-typhoon_S107.mp3
TsouConv-typhoon	410.27	414.31	0	TsouConv-typhoon_S108.mp3
TsouConv-typhoon	414.8	415.76	0	TsouConv-typhoon_S109.mp3
TsouConv-typhoon	415.85	425.08	0	TsouConv-typhoon_S110.mp3
TsouConv-typhoon	425.59	427.77	0	TsouConv-typhoon_S111.mp3
TsouConv-typhoon	428.17	429.29	0	TsouConv-typhoon_S112.mp3
TsouConv-typhoon	429.49	435.19	0	TsouConv-typhoon_S113.mp3
TsouConv-typhoon	435.25	437.76	0	TsouConv-typhoon_S114.mp3
TsouConv-typhoon	439.51	442.64	0	TsouConv-typhoon_S115.mp3
TsouConv-typhoon	442.9	443.47	0	TsouConv-typhoon_S116.mp3
TsouConv-typhoon	443.67	446.0	0	TsouConv-typhoon_S117.mp3
TsouConv-typhoon	446.24	451.35	0	TsouConv-typhoon_S118.mp3
TsouConv-typhoon	452.07	454.12	0	TsouConv-typhoon_S119.mp3
TsouConv-typhoon	454.86	457.03	0	TsouConv-typhoon_S120.mp3
TsouConv-typhoon	457.54	457.99	0	TsouConv-typhoon_S121.mp3
TsouConv-typhoon	458.11	460.11	0	TsouConv-typhoon_S122.mp3
TsouConv-typhoon	460.46	465.95	0	TsouConv-typhoon_S123.mp3
TsouConv-typhoon	466.07	469.53	0	TsouConv-typhoon_S124.mp3
TsouConv-typhoon	466.57	472.95	0	TsouConv-typhoon_S125.mp3
TsouConv-typhoon	471.33	473.28	0	TsouConv-typhoon_S126.mp3
TsouConv-typhoon	473.41	477.83	0	TsouConv-typhoon_S127.mp3
TsouConv-typhoon	478.71	483.54	0	TsouConv-typhoon_S128.mp3
TsouConv-typhoon	484.53	488.02	0	TsouConv-typhoon_S129.mp3
TsouConv-typhoon	488.24	491.7	0	TsouConv-typhoon_S130.mp3
TsouConv-typhoon	492.3	495.54	0	TsouConv-typhoon_S131.mp3
TsouConv-typhoon	492.33	500.06	0	TsouConv-typhoon_S132.mp3
TsouConv-typhoon	500.7	504.33	0	TsouConv-typhoon_S133.mp3
TsouConv-typhoon	505.33	509.63	0	TsouConv-typhoon_S134.mp3
TsouConv-typhoon	509.98	511.82	0	TsouConv-typhoon_S135.mp3
TsouConv-typhoon	512.99	517.14	0	TsouConv-typhoon_S136.mp3
TsouConv-typhoon	518.39	524.82	0	TsouConv-typhoon_S137.mp3
TsouConv-typhoon	534.38	535.33	0	TsouConv-typhoon_S138.mp3
TsouConv-typhoon	535.18	535.53	0	TsouConv-typhoon_S139.mp3
TsouConv-typhoon	536.9	537.62	0	TsouConv-typhoon_S140.mp3
TsouConv-typhoon	538.32	539.66	0	TsouConv-typhoon_S141.mp3
TsouConv-typhoon	540.41	542.52	0	TsouConv-typhoon_S142.mp3
TsouConv-typhoon	543.82	546.29	0	TsouConv-typhoon_S143.mp3
TsouConv-typhoon	546.49	547.59	0	TsouConv-typhoon_S144.mp3
TsouConv-typhoon	547.61	548.67	0	TsouConv-typhoon_S145.mp3
TsouConv-typhoon	548.68	552.2	0	TsouConv-typhoon_S146.mp3
TsouConv-typhoon	552.27	556.15	0	TsouConv-typhoon_S147.mp3
TsouConv-typhoon	556.99	559.69	0	TsouConv-typhoon_S148.mp3
TsouConv-typhoon	558.99	560.22	0	TsouConv-typhoon_S149.mp3
TsouConv-typhoon	560.28	562.5	0	TsouConv-typhoon_S150.mp3
TsouConv-typhoon	561.16	564.31	0	TsouConv-typhoon_S151.mp3
TsouConv-typhoon	564.69	567.49	0	TsouConv-typhoon_S152.mp3
TsouConv-typhoon	566.11	569.97	0	TsouConv-typhoon_S153.mp3
TsouConv-typhoon	570.11	572.74	0	TsouConv-typhoon_S154.mp3
TsouConv-typhoon	572.98	573.99	0	TsouConv-typhoon_S155.mp3
TsouConv-typhoon	574.58	579.71	0	TsouConv-typhoon_S156.mp3
TsouConv-typhoon	579.41	580.63	0	TsouConv-typhoon_S157.mp3
TsouConv-typhoon	580.37	582.78	0	TsouConv-typhoon_S158.mp3
TsouConv-typhoon	582.85	586.05	0	TsouConv-typhoon_S159.mp3
TsouConv-typhoon	584.69	587.05	0	TsouConv-typhoon_S160.mp3
TsouConv-typhoon	587.1	588.33	0	TsouConv-typhoon_S161.mp3
TsouConv-typhoon	589.53	595.5	0	TsouConv-typhoon_S162.mp3
TsouConv-typhoon	593.76	596.49	0	TsouConv-typhoon_S163.mp3
TsouConv-typhoon	596.91	597.85	0	TsouConv-typhoon_S164.mp3
TsouConv-typhoon	596.94	598.26	0	TsouConv-typhoon_S165.mp3
TsouConv-typhoon	598.43	603.27	0	TsouConv-typhoon_S166.mp3
TsouConv-typhoon	602.93	605.46	0	TsouConv-typhoon_S167.mp3
TsouConv-typhoon	606.01	606.87	0	TsouConv-typhoon_S168.mp3
TsouConv-typhoon	607.68	612.73	0	TsouConv-typhoon_S169.mp3
TsouConv-typhoon	612.8	613.57	0	TsouConv-typhoon_S170.mp3
TsouConv-typhoon	613.48	617.35	0	TsouConv-typhoon_S171.mp3
TsouConv-typhoon	617.63	619.45	0	TsouConv-typhoon_S172.mp3
TsouConv-typhoon	619.6	623.1	0	TsouConv-typhoon_S173.mp3
TsouConv-typhoon	623.95	625.75	0	TsouConv-typhoon_S174.mp3
TsouConv-typhoon	625.23	627.05	0	TsouConv-typhoon_S175.mp3
TsouConv-typhoon	627.0	628.92	0	TsouConv-typhoon_S176.mp3
TsouConv-typhoon	629.23	631.41	0	TsouConv-typhoon_S177.mp3
TsouConv-typhoon	632.87	635.03	0	TsouConv-typhoon_S178.mp3
TsouConv-typhoon	635.09	637.16	0	TsouConv-typhoon_S179.mp3
TsouConv-typhoon	637.22	638.62	0	TsouConv-typhoon_S180.mp3
TsouConv-typhoon	639.85	648.46	0	TsouConv-typhoon_S181.mp3
TsouConv-typhoon	648.85	653.24	0	TsouConv-typhoon_S182.mp3
TsouConv-typhoon	654.18	656.59	0	TsouConv-typhoon_S183.mp3
TsouConv-typhoon	657.29	661.68	0	TsouConv-typhoon_S184.mp3
TsouConv-typhoon	661.82	668.46	0	TsouConv-typhoon_S185.mp3
TsouConv-typhoon	668.64	672.42	0	TsouConv-typhoon_S186.mp3
TsouConv-typhoon	672.54	676.48	0	TsouConv-typhoon_S187.mp3
TsouConv-typhoon	677.32	685.77	0	TsouConv-typhoon_S188.mp3
TsouConv-typhoon	687.81	690.01	0	TsouConv-typhoon_S189.mp3
TsouConv-typhoon	690.07	693.1	0	TsouConv-typhoon_S190.mp3
TsouConv-typhoon	693.22	694.48	0	TsouConv-typhoon_S191.mp3
TsouConv-typhoon	694.54	702.02	0	TsouConv-typhoon_S192.mp3
TsouConv-typhoon	702.24	705.94	0	TsouConv-typhoon_S193.mp3
TsouConv-typhoon	706.25	708.95	0	TsouConv-typhoon_S194.mp3
TsouConv-typhoon	710.53	711.96	0	TsouConv-typhoon_S195.mp3
TsouConv-typhoon	712.77	717.01	0	TsouConv-typhoon_S196.mp3
TsouConv-typhoon	717.31	718.94	0	TsouConv-typhoon_S197.mp3
TsouConv-typhoon	717.75	723.53	0	TsouConv-typhoon_S198.mp3
TsouConv-typhoon	724.25	725.89	0	TsouConv-typhoon_S199.mp3
TsouConv-typhoon	726.13	727.45	0	TsouConv-typhoon_S200.mp3
TsouConv-typhoon	732.58	734.53	0	TsouConv-typhoon_S201.mp3
TsouConv-typhoon	735.53	736.36	0	TsouConv-typhoon_S202.mp3
TsouConv-typhoon	736.77	737.73	0	TsouConv-typhoon_S203.mp3
TsouConv-typhoon	738.91	742.04	0	TsouConv-typhoon_S204.mp3
TsouConv-typhoon	743.51	751.31	0	TsouConv-typhoon_S205.mp3
TsouConv-typhoon	754.43	760.44	0	TsouConv-typhoon_S206.mp3
TsouConv-typhoon	760.54	761.82	0	TsouConv-typhoon_S207.mp3
TsouConv-typhoon	761.91	763.53	0	TsouConv-typhoon_S208.mp3
TsouConv-typhoon	764.35	767.31	0	TsouConv-typhoon_S209.mp3
TsouConv-typhoon	767.41	768.61	0	TsouConv-typhoon_S210.mp3
TsouConv-typhoon	767.41	769.95	0	TsouConv-typhoon_S211.mp3
TsouConv-typhoon	770.13	773.25	0	TsouConv-typhoon_S212.mp3
TsouConv-typhoon	774.16	778.36	0	TsouConv-typhoon_S213.mp3
TsouConv-typhoon	777.86	778.39	0	TsouConv-typhoon_S214.mp3
TsouConv-typhoon	779.05	786.53	0	TsouConv-typhoon_S215.mp3
TsouConv-typhoon	785.3	788.02	0	TsouConv-typhoon_S216.mp3
TsouConv-typhoon	788.07	790.65	0	TsouConv-typhoon_S217.mp3
TsouConv-typhoon	790.32	792.98	0	TsouConv-typhoon_S218.mp3
TsouConv-typhoon	791.88	796.94	0	TsouConv-typhoon_S219.mp3
TsouConv-typhoon	797.44	798.5	0	TsouConv-typhoon_S220.mp3
TsouConv-typhoon	798.96	800.3	0	TsouConv-typhoon_S221.mp3
TsouConv-typhoon	800.5	806.38	0	TsouConv-typhoon_S222.mp3
TsouConv-typhoon	807.68	812.94	0	TsouConv-typhoon_S223.mp3
TsouConv-typhoon	813.17	814.88	0	TsouConv-typhoon_S224.mp3
TsouConv-typhoon	815.01	818.9	0	TsouConv-typhoon_S225.mp3
TsouConv-typhoon	819.56	824.57	0	TsouConv-typhoon_S226.mp3
TsouConv-typhoon	824.82	827.0	0	TsouConv-typhoon_S227.mp3
TsouConv-typhoon	828.38	830.76	0	TsouConv-typhoon_S228.mp3
TsouConv-typhoon	831.2	832.49	0	TsouConv-typhoon_S229.mp3
TsouConv-typhoon	832.83	833.63	0	TsouConv-typhoon_S230.mp3
TsouConv-typhoon	833.78	836.62	0	TsouConv-typhoon_S231.mp3
TsouConv-typhoon	837.21	844.17	0	TsouConv-typhoon_S232.mp3
TsouConv-typhoon	844.77	846.36	0	TsouConv-typhoon_S233.mp3
TsouConv-typhoon	846.84	848.61	0	TsouConv-typhoon_S234.mp3
TsouConv-typhoon	849.1	850.72	0	TsouConv-typhoon_S235.mp3
TsouConv-typhoon	851.35	853.12	0	TsouConv-typhoon_S236.mp3
TsouConv-typhoon	854.25	855.69	0	TsouConv-typhoon_S237.mp3
TsouConv-typhoon	856.49	859.26	0	TsouConv-typhoon_S238.mp3
TsouConv-typhoon	859.42	862.0	0	TsouConv-typhoon_S239.mp3
TsouConv-typhoon	862.13	864.18	0	TsouConv-typhoon_S240.mp3
TsouConv-typhoon	864.28	868.51	0	TsouConv-typhoon_S241.mp3
TsouConv-typhoon	868.79	871.53	0	TsouConv-typhoon_S242.mp3
TsouConv-typhoon	871.57	874.52	0	TsouConv-typhoon_S243.mp3
TsouConv-typhoon	874.59	878.19	0	TsouConv-typhoon_S244.mp3
TsouConv-typhoon	878.26	879.31	0	TsouConv-typhoon_S245.mp3
TsouConv-typhoon	879.37	880.7	0	TsouConv-typhoon_S246.mp3
TsouConv-typhoon	881.16	882.76	0	TsouConv-typhoon_S247.mp3
TsouConv-typhoon	883.36	885.25	0	TsouConv-typhoon_S248.mp3
TsouConv-typhoon	885.31	888.12	0	TsouConv-typhoon_S249.mp3
TsouConv-typhoon	888.43	895.75	0	TsouConv-typhoon_S250.mp3
TsouConv-typhoon	896.95	903.08	0	TsouConv-typhoon_S251.mp3
TsouConv-typhoon	904.02	904.85	0	TsouConv-typhoon_S252.mp3
TsouConv-typhoon	904.43	908.7	0	TsouConv-typhoon_S253.mp3
TsouConv-typhoon	908.26	912.04	0	TsouConv-typhoon_S254.mp3
TsouConv-typhoon	912.18	918.26	0	TsouConv-typhoon_S255.mp3
TsouConv-typhoon	918.31	920.55	0	TsouConv-typhoon_S256.mp3
TsouConv-typhoon	920.78	923.3	0	TsouConv-typhoon_S257.mp3
TsouConv-typhoon	924.83	925.59	0	TsouConv-typhoon_S258.mp3
TsouConv-typhoon	926.53	928.7	0	TsouConv-typhoon_S259.mp3
TsouConv-typhoon	929.13	929.94	0	TsouConv-typhoon_S260.mp3
TsouConv-typhoon	930.36	932.65	0	TsouConv-typhoon_S261.mp3
TsouConv-typhoon	933.23	935.46	0	TsouConv-typhoon_S262.mp3
TsouConv-typhoon	936.83	938.42	0	TsouConv-typhoon_S263.mp3
TsouConv-typhoon	938.61	941.08	0	TsouConv-typhoon_S264.mp3
TsouConv-typhoon	941.61	943.34	0	TsouConv-typhoon_S265.mp3
TsouConv-typhoon	943.53	946.84	0	TsouConv-typhoon_S266.mp3
TsouConv-typhoon	946.9	948.62	0	TsouConv-typhoon_S267.mp3
TsouConv-typhoon	948.67	953.69	0	TsouConv-typhoon_S268.mp3
TsouConv-typhoon	953.75	955.3	0	TsouConv-typhoon_S269.mp3
TsouConv-typhoon	956.22	957.63	0	TsouConv-typhoon_S270.mp3
TsouConv-typhoon	957.83	959.42	0	TsouConv-typhoon_S271.mp3
TsouConv-typhoon	960.78	963.31	0	TsouConv-typhoon_S272.mp3
TsouConv-typhoon	962.82	964.84	0	TsouConv-typhoon_S273.mp3
TsouConv-typhoon	965.46	965.86	0	TsouConv-typhoon_S274.mp3
TsouConv-typhoon	965.58	969.04	0	TsouConv-typhoon_S275.mp3
TsouConv-typhoon	969.68	977.49	0	TsouConv-typhoon_S276.mp3
TsouConv-typhoon	976.42	980.11	0	TsouConv-typhoon_S277.mp3
TsouConv-typhoon	979.38	983.46	0	TsouConv-typhoon_S278.mp3
TsouConv-typhoon	983.67	985.16	0	TsouConv-typhoon_S279.mp3
TsouConv-typhoon	985.87	987.43	0	TsouConv-typhoon_S280.mp3
TsouConv-typhoon	989.08	990.09	0	TsouConv-typhoon_S281.mp3
TsouConv-typhoon	990.25	994.89	0	TsouConv-typhoon_S282.mp3
TsouConv-typhoon	995.26	999.42	0	TsouConv-typhoon_S283.mp3
TsouConv-typhoon	999.09	1003.77	0	TsouConv-typhoon_S284.mp3
TsouConv-typhoon	1004.15	1007.42	0	TsouConv-typhoon_S285.mp3
TsouConv-typhoon	1007.48	1010.1	0	TsouConv-typhoon_S286.mp3
TsouConv-typhoon	1010.5	1013.56	0	TsouConv-typhoon_S287.mp3
TsouConv-typhoon	1014.29	1016.48	0	TsouConv-typhoon_S288.mp3
TsouConv-typhoon	1017.08	1020.37	0	TsouConv-typhoon_S289.mp3
TsouConv-typhoon	1020.83	1024.96	0	TsouConv-typhoon_S290.mp3
TsouConv-typhoon	1024.32	1025.55	0	TsouConv-typhoon_S291.mp3
TsouConv-typhoon	1025.55	1028.11	0	TsouConv-typhoon_S292.mp3
TsouConv-typhoon	1027.84	1029.59	0	TsouConv-typhoon_S293.mp3
TsouConv-typhoon	1031.99	1032.82	0	TsouConv-typhoon_S294.mp3
TsouNr-frog-story-shi	0.0	3.25	0	TsouNr-frog-story-shi_S0.mp3
TsouNr-frog-story-shi	3.25	5.95	0	TsouNr-frog-story-shi_S1.mp3
TsouNr-frog-story-shi	5.95	18.29	0	TsouNr-frog-story-shi_S2.mp3
TsouNr-frog-story-shi	18.29	24.46	0	TsouNr-frog-story-shi_S3.mp3
TsouNr-frog-story-shi	24.46	32.25	0	TsouNr-frog-story-shi_S4.mp3
TsouNr-frog-story-shi	32.25	38.19	0	TsouNr-frog-story-shi_S5.mp3
TsouNr-frog-story-shi	38.19	40.88	0	TsouNr-frog-story-shi_S6.mp3
TsouNr-frog-story-shi	40.88	43.83	0	TsouNr-frog-story-shi_S7.mp3
TsouNr-frog-story-shi	43.83	49.29	0	TsouNr-frog-story-shi_S8.mp3
TsouNr-frog-story-shi	49.29	51.07	0	TsouNr-frog-story-shi_S9.mp3
TsouNr-frog-story-shi	51.07	53.89	0	TsouNr-frog-story-shi_S10.mp3
TsouNr-frog-story-shi	53.89	65.17	0	TsouNr-frog-story-shi_S11.mp3
TsouNr-frog-story-shi	65.17	69.26	0	TsouNr-frog-story-shi_S12.mp3
TsouNr-frog-story-shi	69.26	75.17	0	TsouNr-frog-story-shi_S13.mp3
TsouNr-frog-story-shi	75.17	78.38	0	TsouNr-frog-story-shi_S14.mp3
TsouNr-frog-story-shi	78.38	83.66	0	TsouNr-frog-story-shi_S15.mp3
TsouNr-frog-story-shi	83.66	88.99	0	TsouNr-frog-story-shi_S16.mp3
TsouNr-frog-story-shi	88.99	91.57	0	TsouNr-frog-story-shi_S17.mp3
TsouNr-frog-story-shi	91.57	96.7	0	TsouNr-frog-story-shi_S18.mp3
TsouNr-frog-story-shi	96.7	103.98	0	TsouNr-frog-story-shi_S19.mp3
TsouNr-frog-story-shi	103.98	105.92	0	TsouNr-frog-story-shi_S20.mp3
TsouNr-frog-story-shi	105.92	111.35	0	TsouNr-frog-story-shi_S21.mp3
TsouNr-frog-story-shi	111.35	116.37	0	TsouNr-frog-story-shi_S22.mp3
TsouNr-frog-story-shi	116.37	124.39	0	TsouNr-frog-story-shi_S23.mp3
TsouNr-frog-story-shi	124.39	133.61	0	TsouNr-frog-story-shi_S24.mp3
TsouNr-frog-story-shi	133.61	135.69	0	TsouNr-frog-story-shi_S25.mp3
TsouNr-frog-story-shi	135.69	144.47	0	TsouNr-frog-story-shi_S26.mp3
TsouNr-frog-story-shi	144.47	148.42	0	TsouNr-frog-story-shi_S27.mp3
TsouNr-frog-story-shi	148.42	154.78	0	TsouNr-frog-story-shi_S28.mp3
TsouNr-frog-story-shi	154.78	164.64	0	TsouNr-frog-story-shi_S29.mp3
TsouNr-frog-story-shi	164.64	168.49	0	TsouNr-frog-story-shi_S30.mp3
TsouNr-frog-story-shi	168.49	173.97	0	TsouNr-frog-story-shi_S31.mp3
TsouNr-frog-story-shi	173.97	194.15	0	TsouNr-frog-story-shi_S32.mp3
TsouNr-frog-story-shi	194.15	201.26	0	TsouNr-frog-story-shi_S33.mp3
TsouNr-frog-story-shi	201.26	207.13	0	TsouNr-frog-story-shi_S34.mp3
TsouNr-frog-story-shi	207.13	216.04	0	TsouNr-frog-story-shi_S35.mp3
TsouNr-frog-story-shi	216.04	223.24	0	TsouNr-frog-story-shi_S36.mp3
TsouNr-frog-story-shi	223.24	228.59	0	TsouNr-frog-story-shi_S37.mp3
TsouNr-frog-story-shi	228.59	235.11	0	TsouNr-frog-story-shi_S38.mp3
TsouNr-frog-story-shi	235.11	237.21	0	TsouNr-frog-story-shi_S39.mp3
TsouNr-frog-story-shi	237.21	239.83	0	TsouNr-frog-story-shi_S40.mp3
TsouNr-frog-story-shi	239.83	252.62	0	TsouNr-frog-story-shi_S41.mp3
TsouNr-frog-story-shi	252.62	257.26	0	TsouNr-frog-story-shi_S42.mp3
TsouNr-frog-story-shi	257.26	263.5	0	TsouNr-frog-story-shi_S43.mp3
TsouNr-frog-story-shi	263.5	265.57	0	TsouNr-frog-story-shi_S44.mp3
TsouNr-frog-story-shi	265.57	267.92	0	TsouNr-frog-story-shi_S45.mp3
TsouNr-frog-story-shi	267.92	268.99	0	TsouNr-frog-story-shi_S46.mp3
TsouNr-frog-story-shi	268.99	271.51	0	TsouNr-frog-story-shi_S47.mp3
TsouNr-frog-story-shi	271.51	273.55	0	TsouNr-frog-story-shi_S48.mp3
TsouNr-frog-story-shi	273.55	278.33	0	TsouNr-frog-story-shi_S49.mp3
TsouNr-frog-story-shi	278.33	282.01	0	TsouNr-frog-story-shi_S50.mp3
TsouNr-frog-story-shi	282.01	285.58	0	TsouNr-frog-story-shi_S51.mp3
TsouNr-frog-story-shi	285.58	292.39	0	TsouNr-frog-story-shi_S52.mp3
TsouNr-frog-story-shi	292.39	297.91	0	TsouNr-frog-story-shi_S53.mp3
TsouNr-frog-story-shi	297.91	302.31	0	TsouNr-frog-story-shi_S54.mp3
TsouNr-frog-story-shi	302.31	306.68	0	TsouNr-frog-story-shi_S55.mp3
TsouNr-frog-story-shi	306.68	310.97	0	TsouNr-frog-story-shi_S56.mp3
TsouNr-frog-story-shi	310.97	315.57	0	TsouNr-frog-story-shi_S57.mp3
TsouNr-frog-story-shi	315.57	317.67	0	TsouNr-frog-story-shi_S58.mp3
TsouNr-frog-story-shi	317.67	321.42	0	TsouNr-frog-story-shi_S59.mp3
TsouNr-frog-story-shi	321.42	323.88	0	TsouNr-frog-story-shi_S60.mp3
TsouNr-frog-story-shi	323.88	329.07	0	TsouNr-frog-story-shi_S61.mp3
TsouNr-frog-story-shi	329.07	336.87	0	TsouNr-frog-story-shi_S62.mp3
TsouNr-frog-story-shi	336.87	341.21	0	TsouNr-frog-story-shi_S63.mp3
TsouNr-frog-story-shi	341.21	347.25	0	TsouNr-frog-story-shi_S64.mp3
TsouNr-frog-story-shi	347.25	349.77	0	TsouNr-frog-story-shi_S65.mp3
TsouNr-frog-story-shi	349.77	358.2	0	TsouNr-frog-story-shi_S66.mp3
TsouNr-frog-story-shi	358.2	364.51	0	TsouNr-frog-story-shi_S67.mp3
TsouNr-frog-story-shi	364.51	370.97	0	TsouNr-frog-story-shi_S68.mp3
TsouNr-frog-story-shi	370.97	379.88	0	TsouNr-frog-story-shi_S69.mp3
TsouNr-frog-story-shi	379.88	387.79	0	TsouNr-frog-story-shi_S70.mp3
TsouNr-frog-story-shi	387.79	391.99	0	TsouNr-frog-story-shi_S71.mp3
TsouNr-frog-story-shi	391.99	398.01	0	TsouNr-frog-story-shi_S72.mp3
TsouNr-frog-story-shi	398.01	400.02	0	TsouNr-frog-story-shi_S73.mp3
TsouNr-frog-story-shi	400.02	403.19	0	TsouNr-frog-story-shi_S74.mp3
TsouNr-frog-story-shi	403.19	405.39	0	TsouNr-frog-story-shi_S75.mp3
TsouNr-frog-story-shi	405.39	412.75	0	TsouNr-frog-story-shi_S76.mp3
TsouNr-frog-story-shi	412.75	414.78	0	TsouNr-frog-story-shi_S77.mp3
TsouNr-frog-story-shi	414.78	421.95	0	TsouNr-frog-story-shi_S78.mp3
TsouNr-frog-story-shi	421.95	426.9	0	TsouNr-frog-story-shi_S79.mp3
TsouNr-frog-story-shi	426.9	430.92	0	TsouNr-frog-story-shi_S80.mp3
TsouNr-frog-story-shi	430.92	439.61	0	TsouNr-frog-story-shi_S81.mp3
TsouNr-frog-story-shi	439.61	444.34	0	TsouNr-frog-story-shi_S82.mp3
TsouNr-frog-story-shi	444.34	455.64	0	TsouNr-frog-story-shi_S83.mp3
TsouNr-frog-story-shi	455.64	461.6	0	TsouNr-frog-story-shi_S84.mp3
TsouNr-frog-story-tu	0.0	2.86	0	TsouNr-frog-story-tu_S0.mp3
TsouNr-frog-story-tu	2.86	6.16	0	TsouNr-frog-story-tu_S1.mp3
TsouNr-frog-story-tu	6.16	11.07	0	TsouNr-frog-story-tu_S2.mp3
TsouNr-frog-story-tu	11.07	15.74	0	TsouNr-frog-story-tu_S3.mp3
TsouNr-frog-story-tu	15.74	19.93	0	TsouNr-frog-story-tu_S4.mp3
TsouNr-frog-story-tu	19.93	22.47	0	TsouNr-frog-story-tu_S5.mp3
TsouNr-frog-story-tu	22.47	28.28	0	TsouNr-frog-story-tu_S6.mp3
TsouNr-frog-story-tu	28.28	34.49	0	TsouNr-frog-story-tu_S7.mp3
TsouNr-frog-story-tu	34.49	46.14	0	TsouNr-frog-story-tu_S8.mp3
TsouNr-frog-story-tu	46.14	50.8	0	TsouNr-frog-story-tu_S9.mp3
TsouNr-frog-story-tu	50.8	55.82	0	TsouNr-frog-story-tu_S10.mp3
TsouNr-frog-story-tu	55.82	61.4	0	TsouNr-frog-story-tu_S11.mp3
TsouNr-frog-story-tu	61.4	66.87	0	TsouNr-frog-story-tu_S12.mp3
TsouNr-frog-story-tu	66.87	72.4	0	TsouNr-frog-story-tu_S13.mp3
TsouNr-frog-story-tu	72.4	84.74	0	TsouNr-frog-story-tu_S14.mp3
TsouNr-frog-story-tu	84.74	99.99	0	TsouNr-frog-story-tu_S15.mp3
TsouNr-frog-story-tu	99.99	104.95	0	TsouNr-frog-story-tu_S16.mp3
TsouNr-frog-story-tu	104.95	106.44	0	TsouNr-frog-story-tu_S17.mp3
TsouNr-frog-story-tu	106.44	108.22	0	TsouNr-frog-story-tu_S18.mp3
TsouNr-frog-story-tu	108.22	110.7	0	TsouNr-frog-story-tu_S19.mp3
TsouNr-frog-story-tu	110.7	114.4	0	TsouNr-frog-story-tu_S20.mp3
TsouNr-frog-story-tu	114.4	125.91	0	TsouNr-frog-story-tu_S21.mp3
TsouNr-frog-story-tu	125.91	133.87	0	TsouNr-frog-story-tu_S22.mp3
TsouNr-frog-story-tu	133.87	140.91	0	TsouNr-frog-story-tu_S23.mp3
TsouNr-frog-story-tu	140.91	147.73	0	TsouNr-frog-story-tu_S24.mp3
TsouNr-frog-story-tu	147.73	153.41	0	TsouNr-frog-story-tu_S25.mp3
TsouNr-frog-story-tu	153.41	161.48	0	TsouNr-frog-story-tu_S26.mp3
TsouNr-frog-story-tu	161.48	167.4	0	TsouNr-frog-story-tu_S27.mp3
TsouNr-frog-story-tu	167.4	182.82	0	TsouNr-frog-story-tu_S28.mp3
TsouNr-frog-story-tu	182.82	186.49	0	TsouNr-frog-story-tu_S29.mp3
TsouNr-frog-story-tu	186.49	194.15	0	TsouNr-frog-story-tu_S30.mp3
TsouNr-frog-story-tu	194.15	201.63	0	TsouNr-frog-story-tu_S31.mp3
TsouNr-frog-story-tu	201.63	208.46	0	TsouNr-frog-story-tu_S32.mp3
TsouNr-frog-story-tu	208.46	211.89	0	TsouNr-frog-story-tu_S33.mp3
TsouNr-frog-story-tu	211.89	215.16	0	TsouNr-frog-story-tu_S34.mp3
TsouNr-frog-story-tu	215.16	218.15	0	TsouNr-frog-story-tu_S35.mp3
TsouNr-frog-story-tu	218.15	220.07	0	TsouNr-frog-story-tu_S36.mp3
TsouNr-frog-story-tu	220.07	221.55	0	TsouNr-frog-story-tu_S37.mp3
TsouNr-frog-story-tu	221.55	226.17	0	TsouNr-frog-story-tu_S38.mp3
TsouNr-frog-story-tu	226.17	234.38	0	TsouNr-frog-story-tu_S39.mp3
TsouNr-love-story-zhuang	0.0	3.15	0	TsouNr-love-story-zhuang_S0.mp3
TsouNr-love-story-zhuang	3.15	15.41	0	TsouNr-love-story-zhuang_S1.mp3
TsouNr-love-story-zhuang	15.41	22.36	0	TsouNr-love-story-zhuang_S2.mp3
TsouNr-love-story-zhuang	22.36	32.91	0	TsouNr-love-story-zhuang_S3.mp3
TsouNr-love-story-zhuang	32.91	36.33	0	TsouNr-love-story-zhuang_S4.mp3
TsouNr-love-story-zhuang	36.33	41.43	0	TsouNr-love-story-zhuang_S5.mp3
TsouNr-love-story-zhuang	41.43	49.65	0	TsouNr-love-story-zhuang_S6.mp3
TsouNr-love-story-zhuang	49.65	55.4	0	TsouNr-love-story-zhuang_S7.mp3
TsouNr-love-story-zhuang	55.4	59.72	0	TsouNr-love-story-zhuang_S8.mp3
TsouNr-love-story-zhuang	59.72	66.06	0	TsouNr-love-story-zhuang_S9.mp3
TsouNr-love-story-zhuang	66.06	68.51	0	TsouNr-love-story-zhuang_S10.mp3
TsouNr-love-story-zhuang	68.51	70.91	0	TsouNr-love-story-zhuang_S11.mp3
TsouNr-love-story-zhuang	70.91	73.76	0	TsouNr-love-story-zhuang_S12.mp3
TsouNr-love-story-zhuang	73.76	75.88	0	TsouNr-love-story-zhuang_S13.mp3
TsouNr-love-story-zhuang	75.88	80.08	0	TsouNr-love-story-zhuang_S14.mp3
TsouNr-love-story-zhuang	80.08	85.32	0	TsouNr-love-story-zhuang_S15.mp3
TsouNr-love-story-zhuang	85.32	93.65	0	TsouNr-love-story-zhuang_S16.mp3
TsouNr-love-story-zhuang	93.65	96.88	0	TsouNr-love-story-zhuang_S17.mp3
TsouNr-love-story-zhuang	96.88	99.1	0	TsouNr-love-story-zhuang_S18.mp3
TsouNr-love-story-zhuang	99.1	102.83	0	TsouNr-love-story-zhuang_S19.mp3
TsouNr-love-story-zhuang	102.83	107.1	0	TsouNr-love-story-zhuang_S20.mp3
TsouNr-love-story-zhuang	107.1	116.22	0	TsouNr-love-story-zhuang_S21.mp3
TsouNr-love-story-zhuang	116.22	122.6	0	TsouNr-love-story-zhuang_S22.mp3
TsouNr-love-story-zhuang	122.6	128.35	0	TsouNr-love-story-zhuang_S23.mp3
TsouNr-love-story-zhuang	128.35	129.9	0	TsouNr-love-story-zhuang_S24.mp3
TsouNr-lovestory-zheng	0.0	2.28	0	TsouNr-lovestory-zheng_S0.mp3
TsouNr-lovestory-zheng	2.28	8.1	0	TsouNr-lovestory-zheng_S1.mp3
TsouNr-lovestory-zheng	8.1	28.32	0	TsouNr-lovestory-zheng_S2.mp3
TsouNr-lovestory-zheng	28.32	39.17	0	TsouNr-lovestory-zheng_S3.mp3
TsouNr-lovestory-zheng	39.17	52.28	0	TsouNr-lovestory-zheng_S4.mp3
TsouNr-lovestory-zheng	52.28	63.86	0	TsouNr-lovestory-zheng_S5.mp3
TsouNr-lovestory-zheng	63.86	70.3	0	TsouNr-lovestory-zheng_S6.mp3
TsouNr-lovestory-zheng	70.3	80.28	0	TsouNr-lovestory-zheng_S7.mp3
TsouNr-lovestory-zheng	80.28	94.43	0	TsouNr-lovestory-zheng_S8.mp3
TsouNr-lovestory-zheng	94.43	107.33	0	TsouNr-lovestory-zheng_S9.mp3
TsouNr-lovestory-zheng	107.33	116.02	0	TsouNr-lovestory-zheng_S10.mp3
TsouNr-lovestory-zheng	116.02	130.93	0	TsouNr-lovestory-zheng_S11.mp3
TsouNr-lovestory-zheng	130.93	135.84	0	TsouNr-lovestory-zheng_S12.mp3
TsouNr-lovestory-zheng	135.84	142.83	0	TsouNr-lovestory-zheng_S13.mp3
TsouNr-lovestory-zheng	142.83	148.37	0	TsouNr-lovestory-zheng_S14.mp3
TsouNr-lovestory-zheng	148.37	161.12	0	TsouNr-lovestory-zheng_S15.mp3
TsouNr-lovestory-zheng	161.12	170.38	0	TsouNr-lovestory-zheng_S16.mp3
TsouNr-lovestory-zheng	170.38	179.17	0	TsouNr-lovestory-zheng_S17.mp3
TsouNr-lovestory-zheng	179.17	184.66	0	TsouNr-lovestory-zheng_S18.mp3
TsouNr-lovestory-zheng	184.66	199.23	0	TsouNr-lovestory-zheng_S19.mp3
TsouNr-lovestory-zheng	199.23	203.01	0	TsouNr-lovestory-zheng_S20.mp3
TsouNr-lovestory-zheng	203.01	212.65	0	TsouNr-lovestory-zheng_S21.mp3
TsouNr-lovestory-zheng	212.65	214.61	0	TsouNr-lovestory-zheng_S22.mp3
TsouNr-pear-An	0.0	6.98	0	TsouNr-pear-An_S0.mp3
TsouNr-pear-An	6.98	15.56	0	TsouNr-pear-An_S1.mp3
TsouNr-pear-An	15.56	23.21	0	TsouNr-pear-An_S2.mp3
TsouNr-pear-An	23.21	30.46	0	TsouNr-pear-An_S3.mp3
TsouNr-pear-An	30.46	36.36	0	TsouNr-pear-An_S4.mp3
TsouNr-pear-An	36.36	42.85	0	TsouNr-pear-An_S5.mp3
TsouNr-pear-An	42.85	49.44	0	TsouNr-pear-An_S6.mp3
TsouNr-pear-An	49.44	52.28	0	TsouNr-pear-An_S7.mp3
TsouNr-pear-An	52.28	56.7	0	TsouNr-pear-An_S8.mp3
TsouNr-pear-An	56.7	62.03	0	TsouNr-pear-An_S9.mp3
TsouNr-pear-An	62.03	66.21	0	TsouNr-pear-An_S10.mp3
TsouNr-pear-An	66.21	76.69	0	TsouNr-pear-An_S11.mp3
TsouNr-pear-An	76.69	80.24	0	TsouNr-pear-An_S12.mp3
TsouNr-pear-An	80.24	86.09	0	TsouNr-pear-An_S13.mp3
TsouNr-pear-An	86.09	89.74	0	TsouNr-pear-An_S14.mp3
TsouNr-pear-An	89.74	92.76	0	TsouNr-pear-An_S15.mp3
TsouNr-pear-An	92.76	96.33	0	TsouNr-pear-An_S16.mp3
TsouNr-pear-An	96.33	100.63	0	TsouNr-pear-An_S17.mp3
TsouNr-pear-An	100.63	106.51	0	TsouNr-pear-An_S18.mp3
TsouNr-pear-An	106.51	109.79	0	TsouNr-pear-An_S19.mp3
TsouNr-pear-An	109.79	116.75	0	TsouNr-pear-An_S20.mp3
TsouNr-pear-An	116.75	124.75	0	TsouNr-pear-An_S21.mp3
TsouNr-pear-An	124.75	131.39	0	TsouNr-pear-An_S22.mp3
TsouNr-pear-An	131.39	134.63	0	TsouNr-pear-An_S23.mp3
TsouNr-pear-An	134.63	136.94	0	TsouNr-pear-An_S24.mp3
TsouNr-pear-An	136.94	143.01	0	TsouNr-pear-An_S25.mp3
TsouNr-pear-An	143.01	146.78	0	TsouNr-pear-An_S26.mp3
TsouNr-pear-An	146.78	157.86	0	TsouNr-pear-An_S27.mp3
TsouNr-pear-An	157.86	161.84	0	TsouNr-pear-An_S28.mp3
TsouNr-pear-wang-3	0.0	3.56	0	TsouNr-pear-wang-3_S0.mp3
TsouNr-pear-wang-3	3.56	10.88	0	TsouNr-pear-wang-3_S1.mp3
TsouNr-pear-wang-3	10.88	18.63	0	TsouNr-pear-wang-3_S2.mp3
TsouNr-pear-wang-3	18.63	25.49	0	TsouNr-pear-wang-3_S3.mp3
TsouNr-pear-wang-3	25.49	41.44	0	TsouNr-pear-wang-3_S4.mp3
TsouNr-pear-wang-3	41.44	45.11	0	TsouNr-pear-wang-3_S5.mp3
TsouNr-pear-wang-3	45.11	53.13	0	TsouNr-pear-wang-3_S6.mp3
TsouNr-pear-wang-3	53.13	60.97	0	TsouNr-pear-wang-3_S7.mp3
TsouNr-pear-wang-3	60.97	69.76	0	TsouNr-pear-wang-3_S8.mp3
TsouNr-pear-wang-3	69.76	76.84	0	TsouNr-pear-wang-3_S9.mp3
TsouNr-pear-wang-3	76.84	89.76	0	TsouNr-pear-wang-3_S10.mp3
TsouNr-pear-wang-3	89.76	92.62	0	TsouNr-pear-wang-3_S11.mp3
TsouNr-pear-wang-3	92.62	97.62	0	TsouNr-pear-wang-3_S12.mp3
TsouNr-pear-wang-3	97.62	109.24	0	TsouNr-pear-wang-3_S13.mp3
TsouNr-pear-wang-3	109.24	116.79	0	TsouNr-pear-wang-3_S14.mp3
TsouNr-pear-wang-3	116.79	121.2	0	TsouNr-pear-wang-3_S15.mp3
TsouNr-pear-wang-3	121.2	128.5	0	TsouNr-pear-wang-3_S16.mp3
TsouNr-pear-wang-3	128.5	140.52	0	TsouNr-pear-wang-3_S17.mp3
TsouNr-pear-wang-3	140.52	147.28	0	TsouNr-pear-wang-3_S18.mp3
TsouNr-pear-wang-3	147.28	150.49	0	TsouNr-pear-wang-3_S19.mp3
TsouNr-pear-wang-3	150.49	161.77	0	TsouNr-pear-wang-3_S20.mp3
TsouNr-pear-wang-3	161.77	168.97	0	TsouNr-pear-wang-3_S21.mp3
TsouNr-pear-wang-3	168.97	183.41	0	TsouNr-pear-wang-3_S22.mp3
TsouNr-pear-wang-3	183.41	187.24	0	TsouNr-pear-wang-3_S23.mp3
TsouNr-pear-wang-3	187.24	201.55	0	TsouNr-pear-wang-3_S24.mp3
TsouNr-pear-wang-3	201.55	212.89	0	TsouNr-pear-wang-3_S25.mp3
TsouNr-pear-wang-3	212.89	220.14	0	TsouNr-pear-wang-3_S26.mp3
TsouNr-pear-wang-3	220.14	223.42	0	TsouNr-pear-wang-3_S27.mp3
TsouNr-pear-wang-3	223.42	230.52	0	TsouNr-pear-wang-3_S28.mp3
TsouNr-pear-wang-3	230.52	233.68	0	TsouNr-pear-wang-3_S29.mp3
TsouNr-pear-wang-3	233.68	237.3	0	TsouNr-pear-wang-3_S30.mp3
TsouNr-pear-wang-3	237.3	241.49	0	TsouNr-pear-wang-3_S31.mp3
TsouNr-pear-wang-3	241.49	245.99	0	TsouNr-pear-wang-3_S32.mp3
TsouNr-pear-wang-3	245.99	251.31	0	TsouNr-pear-wang-3_S33.mp3
TsouNr-pear-wang-3	251.31	252.85	0	TsouNr-pear-wang-3_S34.mp3
TsouNr-pear-wang-3	252.85	260.77	0	TsouNr-pear-wang-3_S35.mp3
TsouNr-pear-wang-3	260.77	270.76	0	TsouNr-pear-wang-3_S36.mp3
TsouNr-pear-wang-3	270.76	273.82	0	TsouNr-pear-wang-3_S37.mp3
TsouNr-pear-wang-3	273.82	277.25	0	TsouNr-pear-wang-3_S38.mp3
TsouNr-pear-wang-3	277.25	285.08	0	TsouNr-pear-wang-3_S39.mp3
TsouNr-pear-wang-3	285.08	294.89	0	TsouNr-pear-wang-3_S40.mp3
TsouNr-pear-wang-3	294.89	297.58	0	TsouNr-pear-wang-3_S41.mp3
TsouNr-pear-wang-3	297.58	303.27	0	TsouNr-pear-wang-3_S42.mp3
TsouNr-pear-wang-3	303.27	307.45	0	TsouNr-pear-wang-3_S43.mp3
TsouNr_lovestry_wang-2	0.0	6.29	0	TsouNr_lovestry_wang-2_S0.mp3
TsouNr_lovestry_wang-2	6.29	11.2	0	TsouNr_lovestry_wang-2_S1.mp3
TsouNr_lovestry_wang-2	11.2	17.6	0	TsouNr_lovestry_wang-2_S2.mp3
TsouNr_lovestry_wang-2	17.6	27.68	0	TsouNr_lovestry_wang-2_S3.mp3
TsouNr_lovestry_wang-2	27.68	30.81	0	TsouNr_lovestry_wang-2_S4.mp3
TsouNr_lovestry_wang-2	30.81	37.46	0	TsouNr_lovestry_wang-2_S5.mp3
TsouNr_lovestry_wang-2	37.46	45.4	0	TsouNr_lovestry_wang-2_S6.mp3
TsouNr_lovestry_wang-2	45.4	51.12	0	TsouNr_lovestry_wang-2_S7.mp3
TsouNr_lovestry_wang-2	51.12	61.73	0	TsouNr_lovestry_wang-2_S8.mp3
TsouNr_lovestry_wang-2	61.73	65.94	0	TsouNr_lovestry_wang-2_S9.mp3
TsouNr_lovestry_wang-2	65.94	75.19	0	TsouNr_lovestry_wang-2_S10.mp3
TsouNr_lovestry_wang-2	75.19	80.66	0	TsouNr_lovestry_wang-2_S11.mp3
TsouNr_lovestry_wang-2	80.66	85.01	0	TsouNr_lovestry_wang-2_S12.mp3
TsouNr_lovestry_wang-2	85.01	88.49	0	TsouNr_lovestry_wang-2_S13.mp3
TsouNr_lovestry_wang-2	88.49	93.71	0	TsouNr_lovestry_wang-2_S14.mp3
TsouNr_lovestry_wang-2	93.71	102.47	0	TsouNr_lovestry_wang-2_S15.mp3
TsouNr_lovestry_wang-2	102.47	109.84	0	TsouNr_lovestry_wang-2_S16.mp3
TsouNr_lovestry_wang-2	109.84	121.46	0	TsouNr_lovestry_wang-2_S17.mp3
