record_id,source_sentence_clean,target_sentence_clean,origin,legacy_source_id,legacy_duplicate_rows,source_url,raw_path
GLOSBE_STATIC_8014485d93f3db592c1a,"Oniya lalakaw wa milengo, hano kaemangho patireng to noˈadingoan a patosokan, paisalakat i kaˈorip to mitosilay a demak.","本篇課文會談談,為什麼我們要在年輕時就設定屬靈目標,把傳道工作擺在生活的第一位。",current_scrape_reviewed_match,Amis_226,4,https://glosbe.com/ami/zh/a/fragment/tmem?page=1&mode=MUST&stem=true&includedAuthors=&excludedAuthors=,data/raw/html/static/ami_zh/a/fragment_page_1.html
GLOSBE_STATIC_1b1803bb4bd384a8348d,"Mahecaday kita ci Yihofaan, makalimay micada ko tamdaw to soˈlinay kimad a ‘maˈorip’.","我們像耶和華一樣,衷心盼望別人接受真理而“活下去”。(",current_scrape_reviewed_match,Amis_2,7,https://glosbe.com/ami/zh/a/fragment/tmem?page=1&mode=MUST&stem=true&includedAuthors=&excludedAuthors=,data/raw/html/static/ami_zh/a/fragment_page_1.html
GLOSBE_STATIC_5fb93f4f5aa4fe965798,"Patahekalay ci Solomon to taˈangayay timolo, itini sapadama ni Yihofa, pitoay ira ko kalitosa miheca milaheci a patireng to tadamaanay a fangcalay sefi.","所羅門表現很大的勇氣採取行動,他在耶和華的幫助下,用七年半的時間就建造了宏偉輝煌的聖殿。",current_scrape_reviewed_match,Amis_5,9,https://glosbe.com/ami/zh/a/fragment/tmem?page=1&mode=MUST&stem=true&includedAuthors=&excludedAuthors=,data/raw/html/static/ami_zh/a/fragment_page_1.html
GLOSBE_STATIC_04e0a41f9522c2a31e2a,"Ya matayal cingra i lomaˈ ni Potifar i, patahekalay cingra to pakaˈmetay to tireng a capeling.","約瑟在法老的侍衛長波提乏的家工作時,就曾顯出自制這種特質。",current_scrape_reviewed_match,Amis_229,6,https://glosbe.com/ami/zh/a/fragment/tmem?page=1&mode=MUST&stem=true&includedAuthors=&excludedAuthors=,data/raw/html/static/ami_zh/a/fragment_page_1.html
GLOSBE_STATIC_ff8854354dc77be4dc25,"Saˈayaway mananamay a soˈlinay kimad i, oya sapairasol i Satapangan 3:15.",我們最初學到的真理也包括創世記3:15的預言。,current_scrape_reviewed_match,Amis_230,2,https://glosbe.com/ami/zh/a/fragment/tmem?page=1&mode=MUST&stem=true&includedAuthors=&excludedAuthors=,data/raw/html/static/ami_zh/a/fragment_page_1.html
GLOSBE_STATIC_9fb888c7dd0c80ee4cc3,Samaan ngaˈ milifok to soˈlinay a lipahak?,怎樣才能享有真正的快樂?,current_scrape_reviewed_match,Amis_231,2,https://glosbe.com/ami/zh/a/fragment/tmem?page=1&mode=MUST&stem=true&includedAuthors=&excludedAuthors=,data/raw/html/static/ami_zh/a/fragment_page_1.html
GLOSBE_STATIC_4a860a43d9ed667c0894,"Oniya saparadiw o paparihaday to falocoˈ ita, misaday a mitengil to kamok no taykay.","這些管弦樂讓我們可以靜下心來,準備聆聽接下來的節目。",current_scrape_reviewed_match,Amis_31,6,https://glosbe.com/ami/zh/a/fragment/tmem?page=1&mode=MUST&stem=true&includedAuthors=&excludedAuthors=,data/raw/html/static/ami_zh/a/fragment_page_1.html
GLOSBE_STATIC_92d5126c2bf771b91dc6,Micerid a miˈosi to Fangcalay Cudad,經常閱讀聖經,current_scrape_reviewed_match,Amis_233,2,https://glosbe.com/ami/zh/a/fragment/tmem?page=1&mode=MUST&stem=true&includedAuthors=&excludedAuthors=,data/raw/html/static/ami_zh/a/fragment_page_1.html
GLOSBE_STATIC_09b2fae1e065d2319b48,"Somowalay ci Yis to cecay tinakoan, milengo to cecay sidaˈitay a Samariya tamdaw samanay paihkal to adayayay.","耶穌說了一個比喻,講述一個仁愛的撒馬利亞人怎樣表現慈悲。",current_scrape_reviewed_match,Amis_234,5,https://glosbe.com/ami/zh/a/fragment/tmem?page=1&mode=MUST&stem=true&includedAuthors=&excludedAuthors=,data/raw/html/static/ami_zh/a/fragment_page_1.html
GLOSBE_STATIC_bfb19eb5a892e4af5ce1,9 O sakatosa a tinakoan i samaanay ko pinengneng no Kawas to pakapolinay to tao.,9 第二個例子是上帝對於絆倒別人有什麼看法。,current_scrape_reviewed_match,Amis_10,8,https://glosbe.com/ami/zh/a/fragment/tmem?page=1&mode=MUST&stem=true&includedAuthors=&excludedAuthors=,data/raw/html/static/ami_zh/a/fragment_page_1.html
GLOSBE_STATIC_1ba1eac920589b2acdd9,"Palo kafanaˈan ita a sowal mahongyak ko Fangcalay Cudad, o mamisamaan patahekal ko niyah to misalimelaay to Fangcalay Cudad?","既然聖經被翻譯成我們能明白的語言,那麼我們可以怎樣表示自己珍視聖經?",current_scrape_reviewed_match,Amis_11,6,https://glosbe.com/ami/zh/a/fragment/tmem?page=1&mode=MUST&stem=true&includedAuthors=&excludedAuthors=,data/raw/html/static/ami_zh/a/fragment_page_1.html
GLOSBE_STATIC_b28f709cf054d203062e,"Tatodong no makeroay i cepiˈ i, “o wacay sanay a makeroay maroˈay i cepiˈ no lafang a miˈiwaˈiw to tireng.”",膝上舞是指“穿著暴露的舞者坐在客人的腿上扭動身體的舞蹈”。,current_scrape_reviewed_match,Amis_483,0,https://glosbe.com/ami/zh/a/fragment/tmem?page=1&mode=MUST&stem=true&includedAuthors=&excludedAuthors=,data/raw/html/static/ami_zh/a/fragment_page_1.html
GLOSBE_STATIC_3459aee58d9ab0d104a4,"Sowal no kaka: “ˈAcaan ako koniya cudad, limaay a tangloy.”","哥哥說:“我就買了這本冊子,因為才五分錢而已。”",current_scrape_reviewed_match,Amis_37,4,https://glosbe.com/ami/zh/a/fragment/tmem?page=1&mode=MUST&stem=true&includedAuthors=&excludedAuthors=,data/raw/html/static/ami_zh/a/fragment_page_1.html
GLOSBE_STATIC_bdf7c3f5d353d50ad538,"4 Itini i saka cecay hahekalan, o roma tamdaw na micadaay to milasilan ni Yis a kimad, kawra ikorto cowa pidoedo to soˈlinay kimad a midemak.","4 在1世紀,有些人原本接受耶穌傳講的道理,後來卻不再按真理而行。",current_scrape_reviewed_match,Amis_239,13,https://glosbe.com/ami/zh/a/fragment/tmem?page=1&mode=MUST&stem=true&includedAuthors=&excludedAuthors=,data/raw/html/static/ami_zh/a/fragment_page_1.html
GLOSBE_STATIC_6f56471e1cc8b6d934dd,"Ngaˈayay pafelien no Kawas ko cidal to taˈangayay a ˈicel, wa awa ko pakayraan Ningra pafeli kitanan to haˈicel a misaysay to pasangaray han?","上帝能讓太陽充滿巨大的能量,難道他無法賜我們足夠的力量去應付難題嗎?",current_scrape_reviewed_match,Amis_13,8,https://glosbe.com/ami/zh/a/fragment/tmem?page=1&mode=MUST&stem=true&includedAuthors=&excludedAuthors=,data/raw/html/static/ami_zh/a/fragment_page_1.html
GLOSBE_STATIC_75d9fb8d2b80a7133e43,Ngaˈayay saka dademaken ita ko Tengilen Mihakelong ko Kawas Tahadaˈoc a Maˈorip.,我們可以運用《聽從上帝得永生》這本冊子。,current_scrape_reviewed_match,Amis_14,5,https://glosbe.com/ami/zh/a/fragment/tmem?page=1&mode=MUST&stem=true&includedAuthors=&excludedAuthors=,data/raw/html/static/ami_zh/a/fragment_page_1.html
GLOSBE_STATIC_161f730563921ecb6fff,"Misamaanay hano pakasoˈlin kita, mafanaˈay ci Yihofa to misaaliay to sahinom ko mararomay a tamdaw?",為什麼我們能確信耶和華了解悲傷的人需要安慰?,current_scrape_reviewed_match,Amis_15,6,https://glosbe.com/ami/zh/a/fragment/tmem?page=1&mode=MUST&stem=true&includedAuthors=&excludedAuthors=,data/raw/html/static/ami_zh/a/fragment_page_1.html
GLOSBE_STATIC_935867aaee69c4d27e9e,Siniˈada Tano Sowal ato Waywayan Paihkal a Capeling,仁慈以言語和行動顯出的特質,current_scrape_reviewed_match,Amis_243,2,https://glosbe.com/ami/zh/a/fragment/tmem?page=1&mode=MUST&stem=true&includedAuthors=&excludedAuthors=,data/raw/html/static/ami_zh/a/fragment_page_1.html
GLOSBE_STATIC_4d47d68035a4efdd0f7a,"Mihaenay, ano tosilen ita ko hatiniay tamdaw i, sapitengilaw cangra to mitenakan ita a hatokel halatek.","因此,當我們跟這些人傳道時,他們可能會想听听我們傳講的希望。",current_scrape_reviewed_match,Amis_17,7,https://glosbe.com/ami/zh/a/fragment/tmem?page=1&mode=MUST&stem=true&includedAuthors=&excludedAuthors=,data/raw/html/static/ami_zh/a/fragment_page_1.html
GLOSBE_STATIC_4058c5a1b86fcccbb685,"Kako, wina ato safa ci Kerikori itiniay ngata no Tuluan a mitosil, wa misinanot kami.","我跟媽媽和弟弟格里戈雷在圖倫附近的村莊傳道,不過我們必須小心機警。",current_scrape_reviewed_match,Amis_41,7,https://glosbe.com/ami/zh/a/fragment/tmem?page=1&mode=MUST&stem=true&includedAuthors=&excludedAuthors=,data/raw/html/static/ami_zh/a/fragment_page_1.html
GLOSBE_STATIC_c676ce39b294149f2263,"Maharatengayho ako pafelian no fofo kako tono Takalok sowal a cudad, ato Fangcalay Cudad.","我記得外公給我看了一些他加祿語書刊,像是聖經還有幾本小冊子,分別是《保護》、《安全》、《揭露》。",current_scrape_reviewed_match,Amis_42,5,https://glosbe.com/ami/zh/a/fragment/tmem?page=1&mode=MUST&stem=true&includedAuthors=&excludedAuthors=,data/raw/html/static/ami_zh/a/fragment_page_1.html
GLOSBE_STATIC_6b39693e00dc78c65eba,"Anca ngaˈayay saka dademaken koniya kacingangan a toki, patenak to ngaˈayay lihaf sanay han?",或者認為可以利用知名度來推廣好消息嗎?,current_scrape_reviewed_match,Amis_247,5,https://glosbe.com/ami/zh/a/fragment/tmem?page=1&mode=MUST&stem=true&includedAuthors=&excludedAuthors=,data/raw/html/static/ami_zh/a/fragment_page_1.html
GLOSBE_STATIC_c8c1e3c604f588af9b86,"Ano micudaday kako itiya tono holic i, wa mahecad cangranan a mala pingkosi.","如果當初我讀法律的話,大概也會跟他們一樣當律師。",current_scrape_reviewed_match,Amis_248,5,https://glosbe.com/ami/zh/a/fragment/tmem?page=1&mode=MUST&stem=true&includedAuthors=&excludedAuthors=,data/raw/html/static/ami_zh/a/fragment_page_1.html
GLOSBE_STATIC_af927a1a7ab2bb76b1e8,O soˈlinay a kimad ko safaked to tatelecan (Nengnengen ko 3-5 fatac),真理的腰帶(見第3-5段),current_scrape_reviewed_match,Amis_5256,0,https://glosbe.com/ami/zh/a/fragment/tmem?page=1&mode=MUST&stem=true&includedAuthors=&excludedAuthors=,data/raw/html/static/ami_zh/a/fragment_page_1.html
GLOSBE_STATIC_cfcca38b2b7636ed3ee2,"(Yopu 7:16; 14:13) Ci Yona midemakay to sapatorod no Kawas a demak, kawra mafalicay ko pakayraan hato matoleday cingra, mihaenay ko sowal ni Yona: “[Yihofaaw], nanay patayen kako imatini.","約伯記7:16;14:13)約拿則是執行了上帝委派的工作,但後來情況的轉變令他失望,所以約拿說:“耶和華啊,現在求你取去我的性命,因為我死了比活著還好。”(",current_scrape_reviewed_match,Amis_23,12,https://glosbe.com/ami/zh/a/fragment/tmem?page=1&mode=MUST&stem=true&includedAuthors=&excludedAuthors=,data/raw/html/static/ami_zh/a/fragment_page_1.html
GLOSBE_REVIEWED_ZHO_975e783606906668,Mikitini pirikec no Kawas ci Sipnaan mamananam ita ko maanan?,我們可以從上帝管教舍伯那的經歷學到什麼?,joseph_reviewed_traditional,Amis_1,4,https://glosbe.com/ami/zh/ko,work/reference_glosbe/amis_glosbe_traditional.xml
GLOSBE_REVIEWED_ZHO_8ad27a26267a651e,"Ikor, padamaan no wama wina ato romaroma salikaka, matooray ningra ko no'adingoan palinian, malo miceriday misakafahay.","後來,這個姊妹在父母和其他弟兄姊妹的幫助下,達到了她的屬靈目標,成為正規先驅。",joseph_reviewed_traditional,Amis_3,2,https://glosbe.com/ami/zh/ko,work/reference_glosbe/amis_glosbe_traditional.xml
GLOSBE_REVIEWED_ZHO_0538cd3944509f27,"Mihaenay ano icowaay ci Yihofa ato fangcalay saocor Ningra, iraay itira ko pasalat.","這也說明瞭耶和華和他的靈在哪裡,哪裡就有自由。",joseph_reviewed_traditional,Amis_4,3,https://glosbe.com/ami/zh/ko,work/reference_glosbe/amis_glosbe_traditional.xml
GLOSBE_REVIEWED_ZHO_78dbf18cc643ceb1,Fana'en ko tamdaw.,願他們聽真理。,joseph_reviewed_traditional,Amis_6,1,https://glosbe.com/ami/zh/ko,work/reference_glosbe/amis_glosbe_traditional.xml
GLOSBE_REVIEWED_ZHO_0f6035f2bd4e6d97,"Mihaen ko harateng nangra halatek, ""Maanen ako ko demak ta mapa'orip kako saw?""",他們也許會想:“我要做什麼才能得救?”,joseph_reviewed_traditional,Amis_7,5,https://glosbe.com/ami/zh/ko,work/reference_glosbe/amis_glosbe_traditional.xml
GLOSBE_REVIEWED_ZHO_bd1851d0e911cf67,"Mafana'ay Kako tisowanan, mafana'ay to manan ko raraw iso, kawra mafana'ay Kako to faloco' iso—maolahay Kako tisowanan.'","我了解你,知道你做過哪些錯事,但我也知道你的心。 我很愛你。’",joseph_reviewed_traditional,Amis_8,5,https://glosbe.com/ami/zh/ko,work/reference_glosbe/amis_glosbe_traditional.xml
GLOSBE_REVIEWED_ZHO_f53e0d5e38527050,"Nengnengen ko ""Salicay no Mi'osiay Tamdaw"".",請看本期的“讀者來函”。,joseph_reviewed_traditional,Amis_9,2,https://glosbe.com/ami/zh/ko,work/reference_glosbe/amis_glosbe_traditional.xml
GLOSBE_REVIEWED_ZHO_9710aa16955877bb,"O pakayraan ni Hosiya micada to fafahi ci Komilan, mamananam ita ko maanan?",我們從何西阿對待妻子歌篾的方式學到什麼?,joseph_reviewed_traditional,Amis_12,7,https://glosbe.com/ami/zh/ko,work/reference_glosbe/amis_glosbe_traditional.xml
GLOSBE_REVIEWED_ZHO_ec43b952e9d6c318,"Isaka 1520 lalintadan, ci Lefifor mihongyakan ko Fangcalay Cudad malo sowal no Frans.","16世紀20年代,勒菲弗爾把聖經翻譯成大眾熟悉的法語。",joseph_reviewed_traditional,Amis_16,3,https://glosbe.com/ami/zh/ko,work/reference_glosbe/amis_glosbe_traditional.xml
GLOSBE_REVIEWED_ZHO_03bc7c74cfd11145,"Toni pina miheca, marariday kako masomad matoled ko faloco'.","過去這幾年,我經常感到悲傷和憂鬱。",joseph_reviewed_traditional,Amis_18,3,https://glosbe.com/ami/zh/ko,work/reference_glosbe/amis_glosbe_traditional.xml
GLOSBE_REVIEWED_ZHO_b71c63fb60c33016,Pakahemeken ko Kawas.,全心全意讚美上帝。,joseph_reviewed_traditional,Amis_19,1,https://glosbe.com/ami/zh/ko,work/reference_glosbe/amis_glosbe_traditional.xml
GLOSBE_REVIEWED_ZHO_743ecdac68c68f44,Misongila'an iso mi'osi ko ingataay liyad no Mikecolay han?,你仔細讀過最近幾期《守望臺》的內容嗎?,joseph_reviewed_traditional,Amis_20,3,https://glosbe.com/ami/zh/ko,work/reference_glosbe/amis_glosbe_traditional.xml
GLOSBE_REVIEWED_ZHO_5714eebd133d037c,O so'linay a kimad ko safaked to tatelecan (Nengnengen ko 3-5 fatac),真理的腰帶(見第3-5段),joseph_reviewed_traditional,Amis_21,5,https://glosbe.com/ami/zh/ko,work/reference_glosbe/amis_glosbe_traditional.xml
GLOSBE_REVIEWED_ZHO_e5954edf92f5897e,"Midotim to ta'arawan ni Yis, wa pakalalok kitanan ciharateng to tao (Nengnengen ko saka 10, 11 fatac)","沉思耶穌的榜樣會推動我們關心別人(見第10,11段)",joseph_reviewed_traditional,Amis_22,4,https://glosbe.com/ami/zh/ko,work/reference_glosbe/amis_glosbe_traditional.xml
GLOSBE_REVIEWED_ZHO_dc5c338648af711a,Tahatanamay ko'alomanay tamdaw to so'linay ko sowal i'Olic 64:10.,許多人親身體驗詩篇64:10的話真實可信。,joseph_reviewed_traditional,Amis_24,4,https://glosbe.com/ami/zh/ko,work/reference_glosbe/amis_glosbe_traditional.xml
GLOSBE_REVIEWED_ZHO_60ece95668ee7f59,"Kalimelaan i padamaan ningra ko'alomanay, cipinang to mala'osiay ko piliyaw ni Yis ma'orip to'Olic 16:10.","更重要的是,他幫助群眾明白耶穌的復活應驗了詩篇16:10。",joseph_reviewed_traditional,Amis_25,3,https://glosbe.com/ami/zh/ko,work/reference_glosbe/amis_glosbe_traditional.xml
GLOSBE_REVIEWED_ZHO_a7f1074adfc6ba1f,"Kasemeran no tamdamdaw,","全人類都當稱頌你,",joseph_reviewed_traditional,Amis_27,1,https://glosbe.com/ami/zh/no,work/reference_glosbe/amis_glosbe_traditional.xml
GLOSBE_REVIEWED_ZHO_cd61f8fc14f76d9a,Ci Yihofa O'Icel no Mita,耶和華是我們的力量,joseph_reviewed_traditional,Amis_29,3,https://glosbe.com/ami/zh/no,work/reference_glosbe/amis_glosbe_traditional.xml
GLOSBE_REVIEWED_ZHO_159693ba669870c4,8 Kaemangho ci Yis milifetayto to patay no salawina.,8 耶穌年輕時也曾痛失親友。,joseph_reviewed_traditional,Amis_30,4,https://glosbe.com/ami/zh/no,work/reference_glosbe/amis_glosbe_traditional.xml
GLOSBE_REVIEWED_ZHO_b6194234827d9b01,"Pakayni to noka'orip no kaemanganho ni Yis, o matiliday ni Matay aci Luka hano caka hahecad?","關於耶穌早年的生活,為什麼馬太的記載和路加的記載有所不同?",joseph_reviewed_traditional,Amis_32,5,https://glosbe.com/ami/zh/no,work/reference_glosbe/amis_glosbe_traditional.xml
GLOSBE_REVIEWED_ZHO_e6f5ede11c5b9137,O sapakokot noni maomahay matiliday i cecay pecih no koreng,陶片記載一個田裡的工人提出的申訴,joseph_reviewed_traditional,Amis_35,5,https://glosbe.com/ami/zh/no,work/reference_glosbe/amis_glosbe_traditional.xml
GLOSBE_REVIEWED_ZHO_730c6b8c6fb0235d,"Tatodong no makeroay i cepi' i, ""o wacay sanay a makeroay maro'ay i cepi' no lafang a mi'iwa'iw to tireng.""",膝上舞是指“穿著暴露的舞者坐在客人的腿上扭動身體的舞蹈”。,joseph_reviewed_traditional,Amis_36,7,https://glosbe.com/ami/zh/no,work/reference_glosbe/amis_glosbe_traditional.xml
GLOSBE_REVIEWED_ZHO_66e4d7da0b7032c4,"(Kasadakan 33:12-17) Anini, ano mafana' ci Yihofa to ngangan no mita, wa milifok kita to adihayay sapalemed.","出埃及記33:12-17)今天,如果耶和華認識我們,我們也會得到許多福分。",joseph_reviewed_traditional,Amis_40,9,https://glosbe.com/ami/zh/no,work/reference_glosbe/amis_glosbe_traditional.xml
GLOSBE_REVIEWED_ZHO_21a9d17af5d9d083,"Pafangcalen ngangan no Kawas,","我們要彰顯上帝聖名,",joseph_reviewed_traditional,Amis_43,2,https://glosbe.com/ami/zh/no,work/reference_glosbe/amis_glosbe_traditional.xml
GLOSBE_REVIEWED_ZHO_d08ba60effe105dc,O Cima ko Mihalamhaman no Mata Iso?,你的眼睛仰望誰?,joseph_reviewed_traditional,Amis_46,4,https://glosbe.com/ami/zh/no,work/reference_glosbe/amis_glosbe_traditional.xml
GLOSBE_REVIEWED_ZHO_bd0d15119555e106,"O saki'ok no Kawas ci Aprahaman, samaanay paihkal to wa ira ko Lakoing i sera no ikor?",上帝向亞伯拉罕提出的保證怎樣表明未來地上會有樂園?,joseph_reviewed_traditional,Amis_47,7,https://glosbe.com/ami/zh/no,work/reference_glosbe/amis_glosbe_traditional.xml
GLOSBE_REVIEWED_ZHO_253832fc344a72a0,Patenak ngangan no Kawas.,顯揚上帝偉大聖名。,joseph_reviewed_traditional,Amis_48,2,https://glosbe.com/ami/zh/no,work/reference_glosbe/amis_glosbe_traditional.xml
GLOSBE_REVIEWED_ZHO_404753895c1747d7,"Palidlid sato ko wina pakaso'lin to so'linay kimad ko sapasifana' no Misawacayay Tamdaw ni Yihofa, saka micadaay to ino' cingra isaka 1952 a miheca.","媽媽漸漸相信耶和華見證人所教的是真理,並在1952年受浸。",joseph_reviewed_traditional,Amis_49,7,https://glosbe.com/ami/zh/no,work/reference_glosbe/amis_glosbe_traditional.xml
GLOSBE_REVIEWED_ZHO_e9a3ac848b5788ae,"O mamida'oc ko'orip i sera a tamdaw, o rarihaked a milifok to maamaan a kinaira no sera.",有希望在地上享永生的人會充分享受地球最佳的出產。,joseph_reviewed_traditional,Amis_50,6,https://glosbe.com/ami/zh/no,work/reference_glosbe/amis_glosbe_traditional.xml
GLOSBE_REVIEWED_ZHO_50729c5e2d148637,"Sowal ni Yis: ""Ano caay ko nipafaloco'an no miocoray i takowanan a Wama ko tamdaw a papiraod i takowanan i, awaay ko mamaedeng a tayni i takowanan.""","耶穌說:“要不是差我來的父親吸引人,就沒有人能到我這裡來。”(",joseph_reviewed_traditional,Amis_51,8,https://glosbe.com/ami/zh/no/fragment/tmem?page=2&mode=MUST&stem=true,work/reference_glosbe/amis_glosbe_traditional.xml
GLOSBE_REVIEWED_ZHO_c818ee8054f7430e,Misapoener ko faloco'misalof to waywayan no niyah wa milifok to sapalemed no Kawas (Nengnengen ko saka 8-10 fatac),謙卑地調整自己的態度就會得到上帝所賜的福(見第8-10段),joseph_reviewed_traditional,Amis_52,3,https://glosbe.com/ami/zh/no/fragment/tmem?page=2&mode=MUST&stem=true,work/reference_glosbe/amis_glosbe_traditional.xml
GLOSBE_REVIEWED_ZHO_3cd43217197ed826,"Itini i mitepangan a cudad ita, o coka ni Pawlo, cowa ko mikitiniay i materekay a coka no likisi a micokaay.","在我們的出版物中,描繪保羅的圖片並不是根據已經證實的考古資料。",joseph_reviewed_traditional,Amis_53,6,https://glosbe.com/ami/zh/no/fragment/tmem?page=2&mode=MUST&stem=true,work/reference_glosbe/amis_glosbe_traditional.xml
GLOSBE_REVIEWED_ZHO_9454907346ce720d,Misamaanay hano kaliki a sawaden no Israil tamdaw ko sapatorod no Kawas a demak hani?,"既然如此,猶太人為什麼能那麼快就將上帝交託的工作放下不管呢?",joseph_reviewed_traditional,Amis_54,3,https://glosbe.com/ami/zh/no/fragment/tmem?page=2&mode=MUST&stem=true,work/reference_glosbe/amis_glosbe_traditional.xml
GLOSBE_REVIEWED_ZHO_0f5360fb55471d53,"Nga'ayay lihaf no Kitakit,","王國的信息多麼美好,",joseph_reviewed_traditional,Amis_55,1,https://glosbe.com/ami/zh/no/fragment/tmem?page=2&mode=MUST&stem=true,work/reference_glosbe/amis_glosbe_traditional.xml
GLOSBE_REVIEWED_ZHO_1e042dbe2ea788c0,"26 Nalifetan No Tamdaw —Yo Adihay ko Rawraw ato Rarom Ako i,Mihinom ci Yihofa Takowanan","26頁 人物生平——每當我多憂多慮,耶和華都安慰我",joseph_reviewed_traditional,Amis_56,7,https://glosbe.com/ami/zh/no/fragment/tmem?page=2&mode=MUST&stem=true,work/reference_glosbe/amis_glosbe_traditional.xml
GLOSBE_REVIEWED_ZHO_90cb489538fd834a,"Ci Yasen, o kaemangayho a malohemay malitengay, sanay cingra: ""Tiya manilnil kako i, maharateng ko'inorong no niyah tada ta'angayay ko saroero.""","賈森是位年輕的長老,他說:“我剛被任命的時候,一想到自己的職責就覺得壓力很大。”",joseph_reviewed_traditional,Amis_57,6,https://glosbe.com/ami/zh/no/fragment/tmem?page=2&mode=MUST&stem=true,work/reference_glosbe/amis_glosbe_traditional.xml
GLOSBE_REVIEWED_ZHO_35cb1778af6c3f2c,"Toya papacem, mifohat ci Yohani to paetang i makelitay ko tarodo' no kamay, tangongolay ko doka'.","不過約翰想要幫爸爸送信,所以他用布把流血的手指包紮起來,就去送信了。",joseph_reviewed_traditional,Amis_58,5,https://glosbe.com/ami/zh/no/fragment/tmem?page=2&mode=MUST&stem=true,work/reference_glosbe/amis_glosbe_traditional.xml
GLOSBE_REVIEWED_ZHO_9d5b0800c5b91d2f,"Malotayayto ci Taniayer, paca'of cingra: ""Ko'daway ko wadis no matefaday fo'is!""","達妮埃爾已經累壞了,她答道:“隕石的牙齒比較長!”",joseph_reviewed_traditional,Amis_59,2,https://glosbe.com/ami/zh/no/fragment/tmem?page=2&mode=MUST&stem=true,work/reference_glosbe/amis_glosbe_traditional.xml
GLOSBE_REVIEWED_ZHO_4a37de8ffddebd50,"Matira o sapali'ayaw no Fangcalay Cudad, ci Yihofa naitiniay i'kasakitakit, kasangasaw, kasafinacadan' palisopsop to'alomanay a tamdaw, o ""masasi romaromaay ko sowal nangra,"" mala o ""ci'icelay a kitakit"", mata'lifayto ko 800 a'ofad ko ka'aloman nangra.","正如聖經預告,耶和華從“所有國族、部族、民族、語言”中召集一大群人,他們組成了一個“強盛”的國,人數已經超過八百萬。",joseph_reviewed_traditional,Amis_60,6,https://glosbe.com/ami/zh/no/fragment/tmem?page=2&mode=MUST&stem=true,work/reference_glosbe/amis_glosbe_traditional.xml
GLOSBE_REVIEWED_ZHO_dda69606b4e321fa,O maanan a lalangian ko mihaian no Fangcalay Cudad a malalikong? O roma Krisciyang hano misa'osi caka malalikong?,聖經認可離婚的唯一理由是什麼? 為什麼有些基督徒沒有選擇離婚?,joseph_reviewed_traditional,Amis_61,2,https://glosbe.com/ami/zh/no/fragment/tmem?page=2&mode=MUST&stem=true,work/reference_glosbe/amis_glosbe_traditional.xml
GLOSBE_REVIEWED_ZHO_923bef51273547a7,"11 O roma sapicowat to kalacecay a pakayraan i, dotimen ko tatodong no tahapinangan a dafong i Piharatengan to Kapatay ni Yis a Sa'opo.","哥林多前書11:23-25)無酵餅象徵耶穌無罪的身體,紅葡萄酒則代表他流出的血。",joseph_reviewed_traditional,Amis_62,5,https://glosbe.com/ami/zh/no/fragment/tmem?page=2&mode=MUST&stem=true,work/reference_glosbe/amis_glosbe_traditional.xml
GLOSBE_REVIEWED_ZHO_fdc895132efca755,Ano ira ko pasalat a mipili' hano cowa ko aira ko fadangalan misa'osi to palinian no nga'ayay ato tatiihay hani?,"他們有這種想法是因為沒看出,有選擇的自由跟有權決定是非標準是兩回事。",joseph_reviewed_traditional,Amis_63,6,https://glosbe.com/ami/zh/no/fragment/tmem?page=2&mode=MUST&stem=true,work/reference_glosbe/amis_glosbe_traditional.xml
GLOSBE_REVIEWED_ZHO_7743fa14ced8abbd,Tano pakidemay spalak ko sapi'odis ni satan kitaana milalang ko mirikecay saroeor no cafay micudad misafelit no paro no loma' (Nenengen ko 14 fatac),撒但用政府的禁令、同學的壓力、家人的反對等強硬的手段來對付我們(見第14段),joseph_reviewed_traditional,Amis_64,2,https://glosbe.com/ami/zh/no/fragment/tmem?page=2&mode=MUST&stem=true,work/reference_glosbe/amis_glosbe_traditional.xml
GLOSBE_REVIEWED_ZHO_03b753787340d06f,"O pa'oripay ci Yis ato sakakaay a saysi, samaanay pa'icel to nika pakaso'lin ita to sida'it no Kawas?","耶穌是我們的救贖者也是大祭司,明白這點怎樣使我們更確信能得蒙上帝的慈悲?",joseph_reviewed_traditional,Amis_65,7,https://glosbe.com/ami/zh/no/fragment/tmem?page=2&mode=MUST&stem=true,work/reference_glosbe/amis_glosbe_traditional.xml
GLOSBE_REVIEWED_ZHO_3caf21705010bd07,"Wa ta'angay ko piako'id no miliyaway ma'orip a tamdaw, papaihkal cangra to sini'adaay i tao.","他們當中有些人可能是頭一次嘗到被人關心的滋味。 復活的人會充滿感激,也會以仁慈的方式對待別人。",joseph_reviewed_traditional,Amis_66,4,https://glosbe.com/ami/zh/no/fragment/tmem?page=2&mode=MUST&stem=true,work/reference_glosbe/amis_glosbe_traditional.xml
GLOSBE_REVIEWED_ZHO_647c908081b3877e,"1962 miheca 1 folad 23 romi'ad, ikor no kasapala taykay caka halafin, kako ato roma milakowitay to riyar a mitosilay ci Antero Tamike itiniay i Fenpo a marepet, o 1962 miheca 1 folad 8 romi'ad Katalipa'elal!","1962年1月23日,就在區域大會後不久,我和另一位特派傳道員安德魯·達米科在分部辦事處被逮捕,《警醒!》",joseph_reviewed_traditional,Amis_67,10,https://glosbe.com/ami/zh/no/fragment/tmem?page=2&mode=MUST&stem=true,work/reference_glosbe/amis_glosbe_traditional.xml
GLOSBE_REVIEWED_ZHO_473b666a57439f4d,"Aka mapawan, pakayniay saka ciepoc no mita ko miharatengan ni Yihofa.","我們要記得,耶和華總是為我們的益處著想。(",joseph_reviewed_traditional,Amis_68,4,https://glosbe.com/ami/zh/no/fragment/tmem?page=2&mode=MUST&stem=true,work/reference_glosbe/amis_glosbe_traditional.xml
GLOSBE_REVIEWED_ZHO_17424eee92de7c22,"Itini i WBBR Tingtay, misaday kako to kamok no lokoing",在WBBR電臺的錄音室準備廣播節目,joseph_reviewed_traditional,Amis_69,4,https://glosbe.com/ami/zh/no/fragment/tmem?page=2&mode=MUST&stem=true,work/reference_glosbe/amis_glosbe_traditional.xml
GLOSBE_REVIEWED_ZHO_f5883a7ae2dce0c6,"Limo'ot no Kawas,","聽從上帝命令,",joseph_reviewed_traditional,Amis_70,1,https://glosbe.com/ami/zh/no/fragment/tmem?page=2&mode=MUST&stem=true,work/reference_glosbe/amis_glosbe_traditional.xml
GLOSBE_REVIEWED_ZHO_30815e19fa5bddd7,"Itini'ayaw no 2,000 miheca, sanay ko sowal ni Yis: ""Adihay ko papanayen, nikawrira, caay ka'aloman ko matayalay.","大約2000年前,耶穌說:“莊稼實在很多,工人卻很少。",joseph_reviewed_traditional,Amis_71,9,https://glosbe.com/ami/zh/no/fragment/tmem?page=2&mode=MUST&stem=true,work/reference_glosbe/amis_glosbe_traditional.xml
GLOSBE_REVIEWED_ZHO_0877a7e7d0374c28,"9 O cecay Sri Lanka a salikaka, itiniay ko'aro i roma kitakit, pasadakan ningra ko iniyaro'ay a sera ato loma', malo kasa'opoan, pitaykayan ato pikiloma'an no mieminay to toki a sikawdan.","9 有一位斯里蘭卡的弟兄平時住在國外,他將自己在斯里蘭卡的土地和房子給弟兄使用,讓他們可以用來作為聚會、大會的場地和全時僕人的住所。",joseph_reviewed_traditional,Amis_72,8,https://glosbe.com/ami/zh/no/fragment/tmem?page=2&mode=MUST&stem=true,work/reference_glosbe/amis_glosbe_traditional.xml
GLOSBE_REVIEWED_ZHO_a39cd1d40c851a81,"Toha sapilowidaw to harateng, hapinangen ita o manan ko katalawan no sasinting, honga' madipot kiso caka mafiyor no sasinting","為了在思想的戰爭中獲勝,我們必須看出宣傳會造成什麼危險,才能保護自己免受影響",joseph_reviewed_traditional,Amis_73,4,https://glosbe.com/ami/zh/no/fragment/tmem?page=2&mode=MUST&stem=true,work/reference_glosbe/amis_glosbe_traditional.xml
GLOSBE_REVIEWED_ZHO_a856da281dd6693e,Pafeli to ha'icel no miso.,必定慷慨賜你所需力量。,joseph_reviewed_traditional,Amis_74,2,https://glosbe.com/ami/zh/no/fragment/tmem?page=2&mode=MUST&stem=true,work/reference_glosbe/amis_glosbe_traditional.xml
GLOSBE_REVIEWED_ZHO_e3e8c62c04be93d0,"Kalasaka dademaken ko safalod no Fangcalay Cudad, tolonen ko Kawas mingitangit to fangcalay saocor, papadama kitanan milifok to rihaday","運用聖經原則、向上帝祈求聖靈,可以幫助我們享有平安",joseph_reviewed_traditional,Amis_75,2,https://glosbe.com/ami/zh/no/fragment/tmem?page=2&mode=MUST&stem=true,work/reference_glosbe/amis_glosbe_traditional.xml
GLOSBE_REVIEWED_ZHO_a928eb25f537ea60,"Ano mafana' kita to nano demak ita nga' nga'ay pala'osi to araaw no Kawas, maedeng wa lipahak kita.","如果我們知道每天所做的事情可以為上帝的旨意盡一分力,我們一定會很開心。",joseph_reviewed_traditional,Amis_76,6,https://glosbe.com/ami/zh/no/fragment/tmem?page=3&mode=MUST&stem=true,work/reference_glosbe/amis_glosbe_traditional.xml
GLOSBE_REVIEWED_ZHO_acfd93b1e857a0ee,Samaanay ci Yihofa pasifana' kitaanan mafana' mirikec to harateng no niyah?,耶和華怎樣教導我們表現自律?,joseph_reviewed_traditional,Amis_77,2,https://glosbe.com/ami/zh/no/fragment/tmem?page=3&mode=MUST&stem=true,work/reference_glosbe/amis_glosbe_traditional.xml
GLOSBE_REVIEWED_ZHO_ec8cf8c2ccdb60c3,"Kawra, o cima ko saso'lin milifok to olah, ato sapalemed no Kawas hani?",但誰能夠真正得到上帝的喜愛和福分呢?,joseph_reviewed_traditional,Amis_78,5,https://glosbe.com/ami/zh/no/fragment/tmem?page=3&mode=MUST&stem=true,work/reference_glosbe/amis_glosbe_traditional.xml
GLOSBE_REVIEWED_ZHO_9ddfcc23de240d59,"18 ""Caay ko Mamalasawad ko Sowal no Kawas""",18頁 上帝的話必萬世長存,joseph_reviewed_traditional,Amis_79,1,https://glosbe.com/ami/zh/no/fragment/tmem?page=3&mode=MUST&stem=true,work/reference_glosbe/amis_glosbe_traditional.xml
GLOSBE_REVIEWED_ZHO_647de33b56ff6bc5,"Miekoan no mirikecay cangra, ""miowingay to tamdaw misafelit to sarikec, mana'ayay mala sofitay, misafelit to kitakit, padetengay misafelit to sarikec"", tada o ta'akayay a raraw, sanay ko mirikecay.","當局指控這些人“唆使人反抗命令,拒服兵役,背叛國家”,認為他們蓄意犯法實在罪大惡極。",joseph_reviewed_traditional,Amis_80,7,https://glosbe.com/ami/zh/no/fragment/tmem?page=3&mode=MUST&stem=true,work/reference_glosbe/amis_glosbe_traditional.xml
GLOSBE_REVIEWED_ZHO_6e14173bf08ab02b,Salikaka ci Fukusen na kalacafayay ci Yangkean i Fenpo no Pracil a matayal.,弗格森弟兄曾在巴西聖經研究者的分部辦事處和揚格弟兄一起工作。,joseph_reviewed_traditional,Amis_81,4,https://glosbe.com/ami/zh/no/fragment/tmem?page=3&mode=MUST&stem=true,work/reference_glosbe/amis_glosbe_traditional.xml
GLOSBE_REVIEWED_ZHO_387f6b1429ff08cd,"Sapaca'of toniya salicay, wa nengnengen ita, tahalifa to kafalic ko finawlan no Kawas i, samaanay ci Yihofa mikayat cangranan.",5. 約書亞在耶利哥附近時遇到什麼情況?( 見課文開頭的圖片),joseph_reviewed_traditional,Amis_82,7,https://glosbe.com/ami/zh/no/fragment/tmem?page=3&mode=MUST&stem=true,work/reference_glosbe/amis_glosbe_traditional.xml
GLOSBE_REVIEWED_ZHO_fb7eef6fdd46258f,Misamaan kita misa'icel midama to nika korac no likakawa no Kawas?,我們怎樣盡一分力維護上帝組織的潔淨呢?,joseph_reviewed_traditional,Amis_83,4,https://glosbe.com/ami/zh/no/fragment/tmem?page=3&mode=MUST&stem=true,work/reference_glosbe/amis_glosbe_traditional.xml
GLOSBE_REVIEWED_ZHO_f77bff994d0d9890,"O misowalan no'Olic 3:1, 2 sinael oyaan matiliday i saka 16 fedengan no saka 2 Samuil a demak.","詩篇3:1,2說的就是撒母耳記下16章記載的事件。",joseph_reviewed_traditional,Amis_84,4,https://glosbe.com/ami/zh/no/fragment/tmem?page=3&mode=MUST&stem=true,work/reference_glosbe/amis_glosbe_traditional.xml
GLOSBE_REVIEWED_ZHO_32b340de4a8cbed2,"O roma i, o kantok no fenpo itiya, tona misafelitay to palinian no Fangcalay Cudad a mafalah.","除此之外,當時的分部監督也因為行事違反聖經標準而被撤換。",joseph_reviewed_traditional,Amis_85,5,https://glosbe.com/ami/zh/no/fragment/tmem?page=3&mode=MUST&stem=true,work/reference_glosbe/amis_glosbe_traditional.xml
GLOSBE_REVIEWED_ZHO_01673e264212d0ce,"Cowa ko pihadidi aca ni Tayanna to kapatay no salawina, miremoayho to ekang no coco.","這段期間,黛安娜不但要忍受喪親之痛,還得跟乳癌搏鬥。",joseph_reviewed_traditional,Amis_86,5,https://glosbe.com/ami/zh/no/fragment/tmem?page=3&mode=MUST&stem=true,work/reference_glosbe/amis_glosbe_traditional.xml
GLOSBE_REVIEWED_ZHO_ca5f3ce450784fd9,"2 Haratengen hena, misamaan kita nga' matongal ko olah ato pisalimla to Hongti Kitakit no Kawas, mitosilay a demak ato so'linay kimad no Fangcalay Cudad.","2 本篇課文會談談,我們怎樣做就能更愛和更重視上帝的王國、傳道工作和聖經真理。",joseph_reviewed_traditional,Amis_87,7,https://glosbe.com/ami/zh/no/fragment/tmem?page=3&mode=MUST&stem=true,work/reference_glosbe/amis_glosbe_traditional.xml
GLOSBE_REVIEWED_ZHO_184cb0f845b397cb,Micoyakay to kimad no salikaka ci Alpet Srayto,為艾伯特·史勞德弟兄翻譯演講,joseph_reviewed_traditional,Amis_88,3,https://glosbe.com/ami/zh/no/fragment/tmem?page=3&mode=MUST&stem=true,work/reference_glosbe/amis_glosbe_traditional.xml
GLOSBE_REVIEWED_ZHO_4080c685af057c04,"Maharatengay ni Yihofa ko madimadiay a sikawdan Ningra, mafana' tonini pairaay to lipahak no mita.","耶和華喜愛和記得忠於他的人,知道這點讓我們非常喜樂。",joseph_reviewed_traditional,Amis_89,4,https://glosbe.com/ami/zh/no/fragment/tmem?page=3&mode=MUST&stem=true,work/reference_glosbe/amis_glosbe_traditional.xml
GLOSBE_REVIEWED_ZHO_c8bb3f8fe045c403,"Sapa'icel no Kawas ko hemek,","上帝所賜喜樂給我力量,",joseph_reviewed_traditional,Amis_90,0,https://glosbe.com/ami/zh/no/fragment/tmem?page=3&mode=MUST&stem=true,work/reference_glosbe/amis_glosbe_traditional.xml
GLOSBE_REVIEWED_ZHO_69ea6284b753fe47,"O'icel no miso Kako,","我是你的盾牌、力量,",joseph_reviewed_traditional,Amis_91,3,https://glosbe.com/ami/zh/no/fragment/tmem?page=3&mode=MUST&stem=true,work/reference_glosbe/amis_glosbe_traditional.xml
GLOSBE_REVIEWED_ZHO_5f5849a42e3b326c,"Sapahecadaw ko malohemay malitengay to Kawas a masadafdaf ko pisawkit, wa mitiyawca to iraay ko'intehay harateng no coko padetengay mipatay hokira.","長老要像上帝一樣公正地審判人,就必須查明誤殺者的行為是不是懷著仇恨或惡意。(",joseph_reviewed_traditional,Amis_92,1,https://glosbe.com/ami/zh/no/fragment/tmem?page=3&mode=MUST&stem=true,work/reference_glosbe/amis_glosbe_traditional.xml
GLOSBE_REVIEWED_ZHO_d365cdab99c2c4e0,Sapa'icel no Kawas ko hemek.,"上帝所賜喜樂給我力量,",joseph_reviewed_traditional,Amis_93,0,https://glosbe.com/ami/zh/no/fragment/tmem?page=3&mode=MUST&stem=true,work/reference_glosbe/amis_glosbe_traditional.xml
GLOSBE_REVIEWED_ZHO_ae3f8a64d6be97a4,"Mikangodoan no salikaka a mitadtad kora Tase, palahedaw to pisatatiih a misakakinih kitanan.","弟兄以尊敬的態度向大使解釋,消除了大使對我們的誤解和偏見。",joseph_reviewed_traditional,Amis_94,2,https://glosbe.com/ami/zh/no/fragment/tmem?page=3&mode=MUST&stem=true,work/reference_glosbe/amis_glosbe_traditional.xml
GLOSBE_REVIEWED_ZHO_a80ca4caab0544f8,"Samacayen ita miharateng ko iraayto a sapalemed no niyah, halo mihadidi a mitala to ka'ayaway a hatokel.","我們應該專注於自己擁有的福分,並且耐心地等待前頭的希望。",joseph_reviewed_traditional,Amis_95,3,https://glosbe.com/ami/zh/no/fragment/tmem?page=3&mode=MUST&stem=true,work/reference_glosbe/amis_glosbe_traditional.xml
GLOSBE_REVIEWED_ZHO_489d2e37f50e6fe4,Misamaan a pakaremo to nika patay no paro no loma'?,痛失親友的人能怎樣走出傷痛?(,joseph_reviewed_traditional,Amis_96,4,https://glosbe.com/ami/zh/no/fragment/tmem?page=3&mode=MUST&stem=true,work/reference_glosbe/amis_glosbe_traditional.xml
GLOSBE_REVIEWED_ZHO_3091ed723ea6204c,"Ikorto, patayraan kami i salawac no Pracil a mitosil.","後來,我們被委派到靠近巴西邊界的地區傳道。",joseph_reviewed_traditional,Amis_97,2,https://glosbe.com/ami/zh/no/fragment/tmem?page=3&mode=MUST&stem=true,work/reference_glosbe/amis_glosbe_traditional.xml
GLOSBE_REVIEWED_ZHO_b32f67b787ee0d46,Sasepat no niyaro' a tamdaw cecayay ko Misawacayay Tamdaw ni Yihofa!,"光是這3個小鎮就有50群會眾,5400多名傳道員,居民當中每4人就有1個是耶和華見證人!",joseph_reviewed_traditional,Amis_98,1,https://glosbe.com/ami/zh/no/fragment/tmem?page=3&mode=MUST&stem=true,work/reference_glosbe/amis_glosbe_traditional.xml
GLOSBE_REVIEWED_ZHO_6700effd5780ac08,"Ilaloma' noniya mitosilay, o akong ato fofo nangra itini 1925 miheca na pakatengilay to kimad no salikaka ci Rosofo.","在這些傳道員當中,有些人的祖父母曾在1925年聆聽盧述福弟兄所發表的演講。",joseph_reviewed_traditional,Amis_99,9,https://glosbe.com/ami/zh/no/fragment/tmem?page=3&mode=MUST&stem=true,work/reference_glosbe/amis_glosbe_traditional.xml
GLOSBE_REVIEWED_ZHO_af500cfa05b02f29,Losiyangen ita i polong no hekal.,盡力將他的名聲傳遍全地。,joseph_reviewed_traditional,Amis_100,2,https://glosbe.com/ami/zh/no/fragment/tmem?page=3&mode=MUST&stem=true,work/reference_glosbe/amis_glosbe_traditional.xml
GLOSBE_REVIEWED_ZHO_4d6c618ba8800889,"20 Patinakoan ni Pawlo ko sapafeli ni Yihofa a fonos, to o Kimad no Kawas.",20 保羅將上帝的話語比作耶和華給我們的劍。,joseph_reviewed_traditional,Amis_101,5,https://glosbe.com/ami/zh/no/fragment/tmem?page=4&mode=MUST&stem=true,work/reference_glosbe/amis_glosbe_traditional.xml
GLOSBE_REVIEWED_ZHO_4f5deb2718844511,"Oni lalakaw misadakay to sapalimo'ot no Fangcalay Cudad, padama tisowan misahalaka to fangcalay a noikoran.","本篇課文提出聖經的勸告,能幫助你好好定下計劃,有個美好的未來。",joseph_reviewed_traditional,Amis_102,1,https://glosbe.com/ami/zh/no/fragment/tmem?page=4&mode=MUST&stem=true,work/reference_glosbe/amis_glosbe_traditional.xml
GLOSBE_REVIEWED_ZHO_db9e51a61157de58,"Ano masamaanto mafalic ko kalosowal no tamdaw, o Kimad no Kawas o mamaterek.","10. 在約翰·威克里夫的時代,為什麼大部分的人很難從聖經得益?",joseph_reviewed_traditional,Amis_103,3,https://glosbe.com/ami/zh/no/fragment/tmem?page=4&mode=MUST&stem=true,work/reference_glosbe/amis_glosbe_traditional.xml
GLOSBE_REVIEWED_ZHO_f3e3e8bed175dc0f,Kitakit no Kawas,"期盼王國來臨,",joseph_reviewed_traditional,Amis_104,1,https://glosbe.com/ami/zh/no/fragment/tmem?page=4&mode=MUST&stem=true,work/reference_glosbe/amis_glosbe_traditional.xml
GLOSBE_REVIEWED_ZHO_304ce8f60e6a9318,(2) O mamicada to ino' a tamdaw hano papaca'of to salicay no mikimaday hani?,乙)為什麼準備要受浸的人需要回答講者所提出的問題?(,joseph_reviewed_traditional,Amis_105,2,https://glosbe.com/ami/zh/no/fragment/tmem?page=4&mode=MUST&stem=true,work/reference_glosbe/amis_glosbe_traditional.xml
GLOSBE_REVIEWED_ZHO_08ce58a098f2b863,"9 Itini paro no loma' no Pitil, iraay ko mato'asay ato malonayay ko tireng a salikaka.",9 伯特利家庭中也有年長和體弱的弟兄姐妹。,joseph_reviewed_traditional,Amis_106,4,https://glosbe.com/ami/zh/no/fragment/tmem?page=4&mode=MUST&stem=true,work/reference_glosbe/amis_glosbe_traditional.xml
GLOSBE_REVIEWED_ZHO_2f196b9dc7f3257a,"Kawra, ci Yis palimo'ot to nisawawaan: ""Pina'on to tamod no Farisay a tamdaw ato tamod ni Hiroti,"" sanay.","然而,耶穌囑咐門徒:“要謹慎,當心法利賽派的酵和希律的酵。”(",joseph_reviewed_traditional,Amis_107,5,https://glosbe.com/ami/zh/no/fragment/tmem?page=4&mode=MUST&stem=true,work/reference_glosbe/amis_glosbe_traditional.xml
GLOSBE_REVIEWED_ZHO_3c599ab9d37bab65,"O wama wina ako na itiniay Okeran malinah tayra i Kanata, itini i Rospon no Manitopa a mikiloma'.","我的父母從烏克蘭移民到加拿大,在馬尼托巴省的羅斯本定居。",joseph_reviewed_traditional,Amis_108,6,https://glosbe.com/ami/zh/no/fragment/tmem?page=4&mode=MUST&stem=true,work/reference_glosbe/amis_glosbe_traditional.xml
GLOSBE_REVIEWED_ZHO_6ff17904570b11a9,"Ikorto, irako'a'ideman no KGB, pasowalan no mitiyawcaay nga'ayay ko macadaay nangra.","後來,國安會的長官來時,這些調查員就告訴長官他們受到友善的對待。",joseph_reviewed_traditional,Amis_109,0,https://glosbe.com/ami/zh/no/fragment/tmem?page=4&mode=MUST&stem=true,work/reference_glosbe/amis_glosbe_traditional.xml
GLOSBE_REVIEWED_ZHO_b49f5774e17027f6,Nengnengen ita ko tinakoan no cecay wama.,讓我們來看看一個父親的例子。,joseph_reviewed_traditional,Amis_110,3,https://glosbe.com/ami/zh/no/fragment/tmem?page=4&mode=MUST&stem=true,work/reference_glosbe/amis_glosbe_traditional.xml
GLOSBE_REVIEWED_ZHO_6617351d9fc04bc7,"O matiliday kadadoedo no tato'asan ni Misiya, cowa ka saheto saan o fisac a wawa.",耶穌世系記錄中的人不一定都是長子。,joseph_reviewed_traditional,Amis_111,7,https://glosbe.com/ami/zh/no/fragment/tmem?page=4&mode=MUST&stem=true,work/reference_glosbe/amis_glosbe_traditional.xml
GLOSBE_REVIEWED_ZHO_73e4e7adec1fa04d,11 Itini Fangcalay Cudad matiliday ko tinakoan no caka paka'met to tireng a ma'odang ko waywayan.,"11 聖經記載了一些人因缺乏自制,而在性方面做出越軌的行為。",joseph_reviewed_traditional,Amis_112,3,https://glosbe.com/ami/zh/no/fragment/tmem?page=4&mode=MUST&stem=true,work/reference_glosbe/amis_glosbe_traditional.xml
GLOSBE_REVIEWED_ZHO_a9e100f5b5398618,"Itini pakaloma'ay a pidoko i, nga'ayay kiso milengo to malifokay no niyah a epoc, mikitini kafalic no sa'opo ato pitosil, wa mahapinang iso, mihaen to demak nga'ayay pakalalok to niyah, nga'ayho pakalalok to paro no loma'.","在家庭崇拜時,可以跟家人談談自己從聚會或傳道方面的改變獲得的益處,你會發現這樣做既能鼓勵自己,又能鼓勵家人。",joseph_reviewed_traditional,Amis_113,8,https://glosbe.com/ami/zh/no/fragment/tmem?page=4&mode=MUST&stem=true,work/reference_glosbe/amis_glosbe_traditional.xml
GLOSBE_REVIEWED_ZHO_224c5be0c48f88c5,(2) O lipahak ni Yis samaanay malo lipahak no mita hani?,乙)耶穌的喜樂怎樣成為我們的喜樂?(,joseph_reviewed_traditional,Amis_114,3,https://glosbe.com/ami/zh/no/fragment/tmem?page=4&mode=MUST&stem=true,work/reference_glosbe/amis_glosbe_traditional.xml
GLOSBE_REVIEWED_ZHO_9691cba8af3e80bf,"Pakayni toniya kafalican, iraay ko maanan a harateng no mato'asay a malohemay malitengay hani?",這些年長的長老對這項安排有什麼反應呢?,joseph_reviewed_traditional,Amis_115,0,https://glosbe.com/ami/zh/no/fragment/tmem?page=4&mode=MUST&stem=true,work/reference_glosbe/amis_glosbe_traditional.xml
GLOSBE_REVIEWED_ZHO_a1612cec1fb0d4b1,Sasamaan ko demak no malohemay malitengay wa masongila'a madimokos ko siri no Kawas?,"長老這麼做,就表明自己想要受上帝和耶穌引導。",joseph_reviewed_traditional,Amis_116,3,https://glosbe.com/ami/zh/no/fragment/tmem?page=4&mode=MUST&stem=true,work/reference_glosbe/amis_glosbe_traditional.xml
GLOSBE_REVIEWED_ZHO_24f75af96297a356,"Wa nga'ay miharateng kita: ""Hakowaay ko marorongay a hana no mita hani?""",我們可以想想:“我的真理花束有多大呢?”,joseph_reviewed_traditional,Amis_117,3,https://glosbe.com/ami/zh/no/fragment/tmem?page=4&mode=MUST&stem=true,work/reference_glosbe/amis_glosbe_traditional.xml
GLOSBE_REVIEWED_ZHO_b5d3c10d576036fc,13 Nalifetan No Tamdaw —Seteken ko Faloco' Aka a Matoled Makesem,13 人物生平——下定決心不灰心喪氣,joseph_reviewed_traditional,Amis_118,1,https://glosbe.com/ami/zh/no/fragment/tmem?page=4&mode=MUST&stem=true,work/reference_glosbe/amis_glosbe_traditional.xml
GLOSBE_REVIEWED_ZHO_e0ed50d4afbbff84,Hongti Kitakit no Kawas.,熱心宣揚上帝王國。,joseph_reviewed_traditional,Amis_119,1,https://glosbe.com/ami/zh/no/fragment/tmem?page=4&mode=MUST&stem=true,work/reference_glosbe/amis_glosbe_traditional.xml
GLOSBE_REVIEWED_ZHO_50cbff7189b8b863,"14 O so'linay Krisciyang wa midemak to maanan, ho mahapinang no tao to cowa ka lecad cangra to mihakelongay to mararaway pidoyongan hani?","14 真基督徒該做什麼,讓人看出他們和錯誤宗教的信徒不同呢?",joseph_reviewed_traditional,Amis_120,6,https://glosbe.com/ami/zh/no/fragment/tmem?page=4&mode=MUST&stem=true,work/reference_glosbe/amis_glosbe_traditional.xml
GLOSBE_REVIEWED_ZHO_e4b23c48959b07ac,"O sapilifokaw to pihayda no tao a harateng, hano wa pakidem a mararaw hani?",為什麼想要受人認可的想法會變得扭曲?(,joseph_reviewed_traditional,Amis_121,3,https://glosbe.com/ami/zh/no/fragment/tmem?page=4&mode=MUST&stem=true,work/reference_glosbe/amis_glosbe_traditional.xml
GLOSBE_REVIEWED_ZHO_ef62c78ea5e2ee6e,"Yihofa Kawas'icel no mita,","耶和華上帝,我們的力量,",joseph_reviewed_traditional,Amis_122,1,https://glosbe.com/ami/zh/no/fragment/tmem?page=4&mode=MUST&stem=true,work/reference_glosbe/amis_glosbe_traditional.xml
GLOSBE_REVIEWED_ZHO_9ccf7b4e252e18af,"Itiya, itiniay i Yirusalim cingra pasayra i ""kakerikeridan no finawlan ato mato'asay, ato pasifana'ay to rikec a tamdaw,"" no Yutaya a pasowal: 'Oya Nacali tamdaw ci Yis Kristo, na mipacekan namo i hecek, patikolanto no Kawas pa'orip cingra nai patay.'","當時,他在耶路撒冷對猶太人的“官長、長老、抄經士”說:“拿撒勒人耶穌基督......你們把他掛在柱上,上帝卻使他從死裡復活了。”",joseph_reviewed_traditional,Amis_123,9,https://glosbe.com/ami/zh/no/fragment/tmem?page=4&mode=MUST&stem=true,work/reference_glosbe/amis_glosbe_traditional.xml
GLOSBE_REVIEWED_ZHO_50a76fb96cae6ea0,"6, 7. (1) Hano ta'angayay ko raraw no'a'ideman no pihakelongan hani?","6,7. (甲)為什麼說宗教領袖罪責重大?(",joseph_reviewed_traditional,Amis_124,1,https://glosbe.com/ami/zh/no/fragment/tmem?page=4&mode=MUST&stem=true,work/reference_glosbe/amis_glosbe_traditional.xml
GLOSBE_REVIEWED_ZHO_76c67384dc12bc2d,"Masalofto mihongyak tora asier ikor, ora nisowalan a sapalemed i saka 12 tangasa 14 sinael, oyaanto moecelay tamdaw ko mitoro'an, cangra mingitangitay to pilidong no Kawas, mitokel to sapiliyasaw to pikari'ang no tatiihay tamdaw (saka 11 sinael).","12節阿謝的譯法修訂後,12-14節談到的福分是義人所享有的,這些人懇求上帝拯救,希望脫離惡人的毒手(11節)。",joseph_reviewed_traditional,Amis_125,5,https://glosbe.com/ami/zh/no/fragment/tmem?page=4&mode=MUST&stem=true,work/reference_glosbe/amis_glosbe_traditional.xml
GLOSBE_REVIEWED_ZHO_aef8da93f0388de1,"So'li'lin cowa ka hecahecad ko lalengawan no salikaka, kawra makedecay a midoko ci Yihofaan.","弟兄姐妹雖然來自不同背景,卻都團結地事奉耶和華。",joseph_reviewed_traditional,Amis_126,4,https://glosbe.com/ami/zh/no/fragment/tmem?page=5&mode=MUST&stem=true,work/reference_glosbe/amis_glosbe_traditional.xml
GLOSBE_REVIEWED_ZHO_a2428b06966f0f85,"Caho ka taengad lomowadayto kami (Mahecad o nano demak i Misoli Ciyawpolin), awaay ko adeses a pacomod to cowantan ato kihpicay cudad i ngala' no fawahan.","我們在天亮之前起床(就像我們在密蘇里州喬普林做的一樣),然後安安靜靜地將傳單或冊子塞在住戶的門縫底下。",joseph_reviewed_traditional,Amis_127,8,https://glosbe.com/ami/zh/no/fragment/tmem?page=5&mode=MUST&stem=true,work/reference_glosbe/amis_glosbe_traditional.xml
GLOSBE_REVIEWED_ZHO_9aef210f29b7f3ab,"Isaka 1964 miheca, macadaay ni Aser ko faelohay tayal, tayni i fenpo no Aielan mala sikawdan no fenpo.","1964年,亞瑟接獲新工作,在愛爾蘭共和國的分部辦事處擔任分部僕人。",joseph_reviewed_traditional,Amis_128,5,https://glosbe.com/ami/zh/no/fragment/tmem?page=5&mode=MUST&stem=true,work/reference_glosbe/amis_glosbe_traditional.xml
GLOSBE_REVIEWED_ZHO_aac2b371c5f88948,"Itini i Winnipe, malitemohay ako ko fa'inayan kaka ci Ciyak, mikitiniay cingra i ka'amis no Antali a tayni mirienang to taykay.","在溫尼伯,我遇到哥哥傑克,他從安大略北部來參加大會。",joseph_reviewed_traditional,Amis_129,7,https://glosbe.com/ami/zh/no/fragment/tmem?page=5&mode=MUST&stem=true,work/reference_glosbe/amis_glosbe_traditional.xml
GLOSBE_REVIEWED_ZHO_0fd390a0fb1f8229,"Pakayni sapitengilaw to kimad, o fahka'ay a tamdaw macokacokay i fati'iyan no saso'ot a fiher, o roma tamdaw mikalicay i sapionto a kikay.","為了聆聽演講,有些好奇的聽眾攀爬在館內側邊的繩梯上,有些人還爬到體育器材上。",joseph_reviewed_traditional,Amis_130,6,https://glosbe.com/ami/zh/no/fragment/tmem?page=5&mode=MUST&stem=true,work/reference_glosbe/amis_glosbe_traditional.xml
GLOSBE_REVIEWED_ZHO_5525fcc4f9e9646a,"Anini, itiraayho ci Riana i cisowalay to Tantelo a kilac, mitenak to lihaf no Hongti Kitakit, padama cangranan mafana' ci Yihofaan.","今天,裡阿納仍然向說坦德羅納語的人宣揚王國信息,幫助他們認識耶和華。",joseph_reviewed_traditional,Amis_131,5,https://glosbe.com/ami/zh/no/fragment/tmem?page=5&mode=MUST&stem=true,work/reference_glosbe/amis_glosbe_traditional.xml
GLOSBE_REVIEWED_ZHO_4380cb1f539e9f69,"Misatakalaw ko tamdaw to finacadan no niyah, wa mifekad ko pasangaray.","人對自己的種族感到驕傲,也會產生問題。",joseph_reviewed_traditional,Amis_132,1,https://glosbe.com/ami/zh/no/fragment/tmem?page=5&mode=MUST&stem=true,work/reference_glosbe/amis_glosbe_traditional.xml
GLOSBE_REVIEWED_ZHO_447ac291ea1c3616,"Laloma' no 40 miheca, itiniay adihayay pala tano milakowitay to riyar a mitosilay ko saaro'an ni Awlafo a matayal.","過去40年來,奧拉夫在不同的地方以特派傳道員的身份服務。",joseph_reviewed_traditional,Amis_133,7,https://glosbe.com/ami/zh/no/fragment/tmem?page=5&mode=MUST&stem=true,work/reference_glosbe/amis_glosbe_traditional.xml
GLOSBE_REVIEWED_ZHO_27922228144039ee,Padama to cowaho ko mihakelongay a ramod no salikaka,幫助弟兄姐妹未信主的配偶,joseph_reviewed_traditional,Amis_134,1,https://glosbe.com/ami/zh/no/fragment/tmem?page=5&mode=MUST&stem=true,work/reference_glosbe/amis_glosbe_traditional.xml
GLOSBE_REVIEWED_ZHO_9b4cc3c00af7462c,"O minaro'an no fangcalay saocor mahaopay ko paka'metay to tireng, oniya capeling milingatay to mafana'ay mirikec to harateng.",6. 我們怎樣做就會更喜愛學習上帝的話語?( 見課文開頭的圖片),joseph_reviewed_traditional,Amis_135,3,https://glosbe.com/ami/zh/no/fragment/tmem?page=5&mode=MUST&stem=true,work/reference_glosbe/amis_glosbe_traditional.xml
GLOSBE_REVIEWED_ZHO_1a5fa0b79c3984ca,"Tadtaden ko tatodong no sinael, halo sadaken ko tinakoan a somowal to sasamaanen a kalasaka dademak i noka'orip","好好解釋經文的意思,並舉例說明怎樣運用出來",joseph_reviewed_traditional,Amis_136,3,https://glosbe.com/ami/zh/no/fragment/tmem?page=5&mode=MUST&stem=true,work/reference_glosbe/amis_glosbe_traditional.xml
GLOSBE_REVIEWED_ZHO_af34dffb27c87fa3,"Misamaanay hano somowal ko Fangcalay Cudad, o so'linay kimad mahecaday o safaked to tatelecan no sofitay no Loma hani?",為什麼聖經說真理好像羅馬士兵的腰帶?,joseph_reviewed_traditional,Amis_137,6,https://glosbe.com/ami/zh/no/fragment/tmem?page=5&mode=MUST&stem=true,work/reference_glosbe/amis_glosbe_traditional.xml
GLOSBE_REVIEWED_ZHO_caf6e411d64e80e8,"Samaanen ita paihkal to iraay ko ni Yihofa a harateng no niyah, caka midemak to pakapolinay to tao a demak hani?","我們怎樣表明自己有耶和華的思想,不做絆倒人的事?",joseph_reviewed_traditional,Amis_138,5,https://glosbe.com/ami/zh/no/fragment/tmem?page=5&mode=MUST&stem=true,work/reference_glosbe/amis_glosbe_traditional.xml
GLOSBE_REVIEWED_ZHO_fef010bc7f89cd31,"Teloc to, mahererek ko lalood, o Saki'ok no Fersay misaka dademakan ko Moetop Ira ko Sepat Saka Dipayal a Safalod, mihadakan no congtong ci Wieson, o saka tomireng no Koksay Lianmong onini a 14 safalod ko mitooran.","結果,在大戰結束後,《凡爾賽和約》的談判就引用了威爾遜總統的《十四點和平原則》,而“國際聯盟”的成立也以這十四項原則為依據。",joseph_reviewed_traditional,Amis_139,6,https://glosbe.com/ami/zh/no/fragment/tmem?page=5&mode=MUST&stem=true,work/reference_glosbe/amis_glosbe_traditional.xml
GLOSBE_REVIEWED_ZHO_ac29d6b9b1f9ae5f,"""Aka pasowal toya, 'nawiro ikaka no aniniay ko nika nga'ay no iti:yaayho a romi'ad saw?'",“不要說:‘為什麼以前的日子比現在好?’,joseph_reviewed_traditional,Amis_140,4,https://glosbe.com/ami/zh/no/fragment/tmem?page=5&mode=MUST&stem=true,work/reference_glosbe/amis_glosbe_traditional.xml
GLOSBE_REVIEWED_ZHO_5f20679957f51631,"Herek no kimad i, palilamen niyam to cudad no Fangcalay Cudad i maolahay a tamdaw.","演講播放完畢後,我們會把聖經書刊分發給感興趣的人。",joseph_reviewed_traditional,Amis_141,4,https://glosbe.com/ami/zh/no/fragment/tmem?page=5&mode=MUST&stem=true,work/reference_glosbe/amis_glosbe_traditional.xml
GLOSBE_REVIEWED_ZHO_d090662a9e5387ea,"(2) Pakayni Loma 12:2, hano cowa ka nga'ay kita minanam to harateng no hekal hani?","乙)根據羅馬書12:2,為什麼我們不應該吸收世界的思想?",joseph_reviewed_traditional,Amis_142,4,https://glosbe.com/ami/zh/no/fragment/tmem?page=5&mode=MUST&stem=true,work/reference_glosbe/amis_glosbe_traditional.xml
GLOSBE_REVIEWED_ZHO_85a8b0d155b1dabc,"MISAKA DADEMAK kita to Kimad no Kawas, hano o sapalifet konini?",為什麼我們實踐上帝的話語是一種挑戰?,joseph_reviewed_traditional,Amis_143,3,https://glosbe.com/ami/zh/no/fragment/tmem?page=5&mode=MUST&stem=true,work/reference_glosbe/amis_glosbe_traditional.xml
GLOSBE_REVIEWED_ZHO_d0e839f9bc59ee73,"Pakayni to Hongti Kitakit no Kawas, ci Cakay tangsol sa mimaan to demak?","路加福音19:1-9)這個不義的人聽見耶穌傳講的王國真理,就馬上看出真理的價值、採取行動。",joseph_reviewed_traditional,Amis_144,5,https://glosbe.com/ami/zh/no/fragment/tmem?page=5&mode=MUST&stem=true,work/reference_glosbe/amis_glosbe_traditional.xml
GLOSBE_REVIEWED_ZHO_32e8eb7c0e0f13aa,"Miliyas to Hayti, manilnilay kako tayra satenokan no Afrika malo milakowitay to riyar a mitosilay.","離開海地後,我被派到中非共和國做特派傳道員。",joseph_reviewed_traditional,Amis_145,3,https://glosbe.com/ami/zh/no/fragment/tmem?page=5&mode=MUST&stem=true,work/reference_glosbe/amis_glosbe_traditional.xml
GLOSBE_REVIEWED_ZHO_ea43c1c1ef219aae,1918 Tikolen Ko'Ayaw No Semo'ot Miheca,1918年——回首百年前,joseph_reviewed_traditional,Amis_146,1,https://glosbe.com/ami/zh/no/fragment/tmem?page=5&mode=MUST&stem=true,work/reference_glosbe/amis_glosbe_traditional.xml
GLOSBE_REVIEWED_ZHO_77199fbef95ec571,"Maharatengay ako to cecay a pisakawasan a lisin nangra, ma'araway ako ko cecay fa'inayan i potal no loma', sano KKK mari'angay kapot ko ca'edong ningra, o kohecalay ko talopong, kohecalay ko kafafang, misaidahidahiay cingra.","我記得在一個萬聖節的晚上,看到一名男子坐在門廊,他的裝扮像個三K黨員,戴著白色頭套、身穿白袍,覺得自己很了不起。",joseph_reviewed_traditional,Amis_147,6,https://glosbe.com/ami/zh/no/fragment/tmem?page=5&mode=MUST&stem=true,work/reference_glosbe/amis_glosbe_traditional.xml
GLOSBE_REVIEWED_ZHO_4ddcebfc3add29a2,"Oniya kasasowal itiniay 1959 miheca a mifekad, itiniay i kapalitan no Irukuska i Rowasiya.","以上的這段對話發生在1959年,當時我在俄羅斯伊爾庫茨克的監獄裡。",joseph_reviewed_traditional,Amis_148,2,https://glosbe.com/ami/zh/no/fragment/tmem?page=5&mode=MUST&stem=true,work/reference_glosbe/amis_glosbe_traditional.xml
GLOSBE_REVIEWED_ZHO_bb319a5a2a9edcc0,22 Pafeselen ko Pinengneng to Nisahalakaan no'Ada,22頁 看穿敵人的伎倆,joseph_reviewed_traditional,Amis_149,0,https://glosbe.com/ami/zh/no/fragment/tmem?page=5&mode=MUST&stem=true,work/reference_glosbe/amis_glosbe_traditional.xml
GLOSBE_REVIEWED_ZHO_a2c6bc6b2da04bb4,"Itini noka pikowan no misatekeday tamdaw, maedeng 450 tamdaw ko miyoyakay tono Putawya sowal a Mikecolay.","在獨裁政權統治的第一年,有大約450人訂閱葡萄牙語的《守望臺》。",joseph_reviewed_traditional,Amis_150,2,https://glosbe.com/ami/zh/no/fragment/tmem?page=5&mode=MUST&stem=true,work/reference_glosbe/amis_glosbe_traditional.xml
GLOSBE_REVIEWED_ZHO_cc1e85764b2aa602,"Itini i lintad ni Yis, iraay ko misakakinihay harateng no Yutaya.","在耶穌的日子,許多猶太人對人有偏見。",joseph_reviewed_traditional,Amis_151,3,https://glosbe.com/ami/zh/no/fragment/tmem?page=6&mode=MUST&stem=true,work/reference_glosbe/amis_glosbe_traditional.xml
GLOSBE_REVIEWED_ZHO_befcc41b77f24461,Ci Yihofa O Piki'adingan no Mita,耶和華是我們的庇護所,joseph_reviewed_traditional,Amis_152,3,https://glosbe.com/ami/zh/no/fragment/tmem?page=6&mode=MUST&stem=true,work/reference_glosbe/amis_glosbe_traditional.xml
GLOSBE_REVIEWED_ZHO_aee37768c9af6961,"Cowa ko pihaen aca no mita to demak, micangacangho ci Yihofaan padama kitaanan, micowat to kalacecay i kalala'ed.","我們不但會這樣做,也會求耶和華幫助我們促進彼此間的團結。(",joseph_reviewed_traditional,Amis_153,6,https://glosbe.com/ami/zh/no/fragment/tmem?page=6&mode=MUST&stem=true,work/reference_glosbe/amis_glosbe_traditional.xml
GLOSBE_REVIEWED_ZHO_dce087267561b3c4,"Samanen mafana'ay kako to taypulayta, maedeng cecay folad maocoray tayra i Kapot no Casi matayal.","因為我會打字,所以大約一個月後又被派到雜誌部工作。",joseph_reviewed_traditional,Amis_154,7,https://glosbe.com/ami/zh/no/fragment/tmem?page=6&mode=MUST&stem=true,work/reference_glosbe/amis_glosbe_traditional.xml
GLOSBE_REVIEWED_ZHO_20823eca144b86d6,Samaan ko demak ita nga' eca ka fiyor no mararaway a coos?,我們怎麼做才能避免受錯誤的欲望影響?,joseph_reviewed_traditional,Amis_155,4,https://glosbe.com/ami/zh/no/fragment/tmem?page=6&mode=MUST&stem=true,work/reference_glosbe/amis_glosbe_traditional.xml
GLOSBE_REVIEWED_ZHO_45f04ef80ff60f48,"Kalimelaan ko sapihapinang a'icel no malohemay malitengay, o hatiniay a'icel nga'ay padama cangranan mihapinang to polong no demak.","最重要的是,他們需要有耶和華的聖靈幫助他們洞悉事理、表現慈悲和公正。(",joseph_reviewed_traditional,Amis_156,2,https://glosbe.com/ami/zh/no/fragment/tmem?page=6&mode=MUST&stem=true,work/reference_glosbe/amis_glosbe_traditional.xml
GLOSBE_REVIEWED_ZHO_2d1128e97aac1bc6,12 Ano matongangan no tao kita sasamaan hani?,12 要是我們受別人毀謗該怎麼辦?,joseph_reviewed_traditional,Amis_157,2,https://glosbe.com/ami/zh/no/fragment/tmem?page=6&mode=MUST&stem=true,work/reference_glosbe/amis_glosbe_traditional.xml
GLOSBE_REVIEWED_ZHO_4bcc444a50da9376,"2 'Arawhan, miki'okay ko Fangcalay Cudad, miti'eray ci Yihofaan a milimek a tamdaw, aka marawraw to mamapaekel no matoleday a faloco'.","2 然而,聖經向我們保證,尋求耶和華庇護的人不用擔心被愧疚的感覺壓倒。(",joseph_reviewed_traditional,Amis_158,2,https://glosbe.com/ami/zh/no/fragment/tmem?page=6&mode=MUST&stem=true,work/reference_glosbe/amis_glosbe_traditional.xml
GLOSBE_REVIEWED_ZHO_1128060a3e1e8172,"Tona cowa ka nga'ay ko kicay, manikaway ko'orip no tamdaw.","因為經濟不景氣,所以大家的生活都很簡單。",joseph_reviewed_traditional,Amis_159,2,https://glosbe.com/ami/zh/no/fragment/tmem?page=6&mode=MUST&stem=true,work/reference_glosbe/amis_glosbe_traditional.xml
GLOSBE_REVIEWED_ZHO_ab7ac0478a318140,"TOMIRENGAY ci Stifano i'a'ayaw no Lomaocay a tamdaw, mari'angay koniya tamdaw cingraanan.","司提反站在公議會成員的面前,這些人對他充滿了敵意。",joseph_reviewed_traditional,Amis_160,2,https://glosbe.com/ami/zh/no/fragment/tmem?page=6&mode=MUST&stem=true,work/reference_glosbe/amis_glosbe_traditional.xml
GLOSBE_REVIEWED_ZHO_593a6fea21ceb584,"'Olic saka 147 fedengan, pakalalokay to tamdaw no Kawas a pahemek ci Yihofaan.",詩篇147篇不斷鼓勵上帝的子民要讚美耶和華。,joseph_reviewed_traditional,Amis_161,2,https://glosbe.com/ami/zh/no/fragment/tmem?page=6&mode=MUST&stem=true,work/reference_glosbe/amis_glosbe_traditional.xml
GLOSBE_REVIEWED_ZHO_a080f77e309cca4d,Padamaay kiso to paro no loma' ato salikaka mikelec a mikotod to likakawa ni Yihofa han?,你正在幫助家人和弟兄姐妹緊緊跟隨耶和華的組織嗎?(,joseph_reviewed_traditional,Amis_162,5,https://glosbe.com/ami/zh/no/fragment/tmem?page=6&mode=MUST&stem=true,work/reference_glosbe/amis_glosbe_traditional.xml
GLOSBE_REVIEWED_ZHO_d2020df8b4fad333,"Itini'ayaw no kinafalah ci Yis to'orip a dadaya, malalengoay to nisawawaan to maanan kalimlaan a demak hani?",耶穌在犧牲生命前的晚上跟門徒談了什麼重要的事?,joseph_reviewed_traditional,Amis_163,4,https://glosbe.com/ami/zh/no/fragment/tmem?page=6&mode=MUST&stem=true,work/reference_glosbe/amis_glosbe_traditional.xml
GLOSBE_REVIEWED_ZHO_fb104e2578a763ad,Aawaay ko paka'osiay a tamdaw to fo'is no kakarayan.,沒有人能夠數完宇宙中所有的星星。,joseph_reviewed_traditional,Amis_164,1,https://glosbe.com/ami/zh/no/fragment/tmem?page=6&mode=MUST&stem=true,work/reference_glosbe/amis_glosbe_traditional.xml
GLOSBE_REVIEWED_ZHO_718f620f116bc5e8,"So'lin ano caka pasowal cangra, latek mamatira ci Tafitian ko harateng nangra: 'Nanay pahemeken no tamdaw kiso to nika citanengay kiso!'","即使別人沒有說出口,說不定他們很想對我們說:“願人贊賞你明白事理。”",joseph_reviewed_traditional,Amis_165,4,https://glosbe.com/ami/zh/no/fragment/tmem?page=6&mode=MUST&stem=true,work/reference_glosbe/amis_glosbe_traditional.xml
GLOSBE_REVIEWED_ZHO_08e2a4c01841704c,'Ayaw no somowal ci Yis to kilang no fadisoso'a sapatinako pasowalay to tarokos: 'Pafelien ako kamo to dipayal no mako.',耶穌在講葡萄樹的比喻前對使徒說:“我......把我的平安賜給你們。”,joseph_reviewed_traditional,Amis_166,6,https://glosbe.com/ami/zh/no/fragment/tmem?page=6&mode=MUST&stem=true,work/reference_glosbe/amis_glosbe_traditional.xml
GLOSBE_REVIEWED_ZHO_d5841d5b02bff344,"Iraay ko maanan a lalosidan ilaloma' no ""Lalosidan no Sapasifana'""?",“教導工具箱”裡有哪些工具?,joseph_reviewed_traditional,Amis_167,0,https://glosbe.com/ami/zh/no/fragment/tmem?page=6&mode=MUST&stem=true,work/reference_glosbe/amis_glosbe_traditional.xml
GLOSBE_REVIEWED_ZHO_f2c3c7ccf3af2c81,"Ano mafana' kita to midemakay ko salikaka to pakidemay misafelit to palinian no Fangcalay Cudad a demak, wa samaan ko hademak?","18. 我們如果知道弟兄姐妹做了嚴重違反聖經標準的事,就該怎麼做?",joseph_reviewed_traditional,Amis_168,3,https://glosbe.com/ami/zh/no/fragment/tmem?page=6&mode=MUST&stem=true,work/reference_glosbe/amis_glosbe_traditional.xml
GLOSBE_REVIEWED_ZHO_72fa63d3bdf5c90b,Mahapinangay no cecay fa'inayan salikaka to malawaay no niyah ko maanan? Ikor to samaanay ko demak ningra?,一個弟兄看出自己忽略了什麼? 後來他怎麼做?,joseph_reviewed_traditional,Amis_169,2,https://glosbe.com/ami/zh/no/fragment/tmem?page=6&mode=MUST&stem=true,work/reference_glosbe/amis_glosbe_traditional.xml
GLOSBE_REVIEWED_ZHO_9d503e6c85bb2df7,Micadaay to Ino' —O Tatooren no Krisciyang a Palinian,受浸是成為基督徒的必要條件,joseph_reviewed_traditional,Amis_170,0,https://glosbe.com/ami/zh/no/fragment/tmem?page=6&mode=MUST&stem=true,work/reference_glosbe/amis_glosbe_traditional.xml
GLOSBE_REVIEWED_ZHO_f9737ffce692e6bc,"Tada masomaday ko faloco' ako, mapatayay ci Walte tona ciadadaay to ekang no pono'.","令我心痛的是,沃爾特在2015年因腦癌過世。",joseph_reviewed_traditional,Amis_171,3,https://glosbe.com/ami/zh/no/fragment/tmem?page=6&mode=MUST&stem=true,work/reference_glosbe/amis_glosbe_traditional.xml
GLOSBE_REVIEWED_ZHO_c6a813706f4d29f0,"Itini saka cecay lalakaw, wa milengo kita to o manan ko tatodong no malo no'adingoan a tamdaw, ato mikitini i no'adingoan a tamdaw wa mananam ita ko maanan.","在第一篇課文中,我們會談談做屬靈的人是什麼意思,以及我們可以從屬靈的人身上學到什麼。",joseph_reviewed_traditional,Amis_172,8,https://glosbe.com/ami/zh/no/fragment/tmem?page=6&mode=MUST&stem=true,work/reference_glosbe/amis_glosbe_traditional.xml
GLOSBE_REVIEWED_ZHO_a9b23fbe11051aec,"Nengnengen ko sowal no Fangcalay Cudad itini i: TANIIL 2:44 ato TANENG 2:21, 22.","請看看聖經怎樣說:但以理書2:44;箴言2:21,22",joseph_reviewed_traditional,Amis_173,5,https://glosbe.com/ami/zh/no/fragment/tmem?page=6&mode=MUST&stem=true,work/reference_glosbe/amis_glosbe_traditional.xml
GLOSBE_REVIEWED_ZHO_ffc915b40e14dd04,(1) Milongocay ci Yihofa to sasamaan ko demak no wama wina hani?,乙)耶和華會怎樣幫助父母負起教養兒女的責任?,joseph_reviewed_traditional,Amis_174,2,https://glosbe.com/ami/zh/no/fragment/tmem?page=6&mode=MUST&stem=true,work/reference_glosbe/amis_glosbe_traditional.xml
GLOSBE_REVIEWED_ZHO_ec69ef4f7595e6b3,"Oni tosa lalakaw papadama kitanan cipinang to satadamaanay noka pikowan ni Yihofa, to hakowaay ko nika masaka limlaan, ato samaanen ita midopo ko satadamaanay noka pikowan no Kawas.","這兩篇課文會幫助我們明白耶和華的至高統治權有多重要,以及我們可以怎樣擁護上帝的至高統治權。",joseph_reviewed_traditional,Amis_175,5,https://glosbe.com/ami/zh/no/fragment/tmem?page=6&mode=MUST&stem=true,work/reference_glosbe/amis_glosbe_traditional.xml
GLOSBE_REVIEWED_ZHO_ca1f175cf8c4d262,15 Nalifetan No Tamdaw —Palemeday ci Yihofa Tamiyanan,15 人物生平——耶和華“厚待”我們,joseph_reviewed_traditional,Amis_176,2,https://glosbe.com/ami/zh/no/fragment/tmem?page=7&mode=MUST&stem=true,work/reference_glosbe/amis_glosbe_traditional.xml
GLOSBE_REVIEWED_ZHO_bffc214d3eef9d18,17 O kahacecay a tamdaw cowa ka hecad ko toki a maadah ko somad no faloco'.,17 每個痛失親友的人走出傷痛所需的時間都不同。,joseph_reviewed_traditional,Amis_177,3,https://glosbe.com/ami/zh/no/fragment/tmem?page=7&mode=MUST&stem=true,work/reference_glosbe/amis_glosbe_traditional.xml
GLOSBE_REVIEWED_ZHO_70528050af0207f4,"O sapafeli no Kawas a rihaday, samaan padama kitaanan misi'ayaw to kafalic no pakayraane?",上帝所賜的平安可以怎樣幫助我們應付情況的轉變?,joseph_reviewed_traditional,Amis_178,1,https://glosbe.com/ami/zh/no/fragment/tmem?page=7&mode=MUST&stem=true,work/reference_glosbe/amis_glosbe_traditional.xml
GLOSBE_REVIEWED_ZHO_c3b93075bea81e7d,"Saka 2, simsimen miharateng, samaanen mitodong ko ta'arawan no Kawas, ato mamisamaan to demak nga' ira ko nga'ayay minaro'an.","第二,仔細想想我們可以怎樣學習上帝的榜樣,以及這樣做會帶來什麼好結果。",joseph_reviewed_traditional,Amis_179,4,https://glosbe.com/ami/zh/no/fragment/tmem?page=7&mode=MUST&stem=true,work/reference_glosbe/amis_glosbe_traditional.xml
GLOSBE_REVIEWED_ZHO_6f92e6238bdb9749,10 Nengnengen ko roma nilifetan no cecay paro no loma' i Dipong.,10 請看看一個日本家庭的經歷。,joseph_reviewed_traditional,Amis_180,5,https://glosbe.com/ami/zh/no/fragment/tmem?page=7&mode=MUST&stem=true,work/reference_glosbe/amis_glosbe_traditional.xml
GLOSBE_REVIEWED_ZHO_11beb2d0714c1836,Micekiw to Fangcalay Cudad mamisamaan padama tisowanan ato paro no loma' palahad to paka'metay to tireng hani?,研讀聖經可以怎樣幫助你和家人培養自制力?,joseph_reviewed_traditional,Amis_181,4,https://glosbe.com/ami/zh/no/fragment/tmem?page=7&mode=MUST&stem=true,work/reference_glosbe/amis_glosbe_traditional.xml
GLOSBE_REVIEWED_ZHO_e70924620d9ad613,O sinael no Fangcalay Cudad ko sadama to kimad iso,將演講的重點集中在聖經之上,joseph_reviewed_traditional,Amis_182,3,https://glosbe.com/ami/zh/no/fragment/tmem?page=7&mode=MUST&stem=true,work/reference_glosbe/amis_glosbe_traditional.xml
GLOSBE_REVIEWED_ZHO_c40d7a0c8e4dc60b,"O kowangkaw no misasingdiay misaka dademakay to haiyo a pacakay to dafong, mifekaday ko kalim no tamdaw sapi'acaaw tora dafong, 'arawhan cowa ko kalimelaan.","精明的廣告商也利用一些名人推銷商品,讓人覺得自己非得擁有那些東西不可,但其實我們根本不需要。",joseph_reviewed_traditional,Amis_183,2,https://glosbe.com/ami/zh/no/fragment/tmem?page=7&mode=MUST&stem=true,work/reference_glosbe/amis_glosbe_traditional.xml
GLOSBE_REVIEWED_ZHO_4b32659b2912f233,paihkal no Hongti ci Tafiti to paka'metay to tireng tiya mapakangolaw ni Simi?,大衛被示每激怒時表現的自制?,joseph_reviewed_traditional,Amis_184,4,https://glosbe.com/ami/zh/no/fragment/tmem?page=7&mode=MUST&stem=true,work/reference_glosbe/amis_glosbe_traditional.xml
GLOSBE_REVIEWED_ZHO_64eceb7c475d9a47,O Papotal Aca no Tamdaw ko Minengnengan Iso Han?,你會以貌取人嗎?,joseph_reviewed_traditional,Amis_185,5,https://glosbe.com/ami/zh/no/fragment/tmem?page=7&mode=MUST&stem=true,work/reference_glosbe/amis_glosbe_traditional.xml
GLOSBE_REVIEWED_ZHO_c7307dabdd8e4722,17 Ci Yosif no Arimatiya Timoloay a Patahekal to Saaroan,17頁 亞利馬太的約瑟勇敢表明立場,joseph_reviewed_traditional,Amis_186,1,https://glosbe.com/ami/zh/no/fragment/tmem?page=7&mode=MUST&stem=true,work/reference_glosbe/amis_glosbe_traditional.xml
GLOSBE_REVIEWED_ZHO_7c28d4e7f369161d,"Mihadidi kita a mitosil to tamdaw, salikor wa ira ko nga'ayay harateng no tamdaw halatek","我們耐心地向人傳道,有些人最終可能會有良好反應",joseph_reviewed_traditional,Amis_187,2,https://glosbe.com/ami/zh/no/fragment/tmem?page=7&mode=MUST&stem=true,work/reference_glosbe/amis_glosbe_traditional.xml
GLOSBE_REVIEWED_ZHO_0098e433a4576f02,"Nohatini, malo finawlan no Kawas, o masakalikoan sanay ko harateng no salikaka.","現在,弟兄姐妹覺得身為上帝的子民更光榮了。”",joseph_reviewed_traditional,Amis_188,3,https://glosbe.com/ami/zh/no/fragment/tmem?page=7&mode=MUST&stem=true,work/reference_glosbe/amis_glosbe_traditional.xml
GLOSBE_REVIEWED_ZHO_93fa14897f05eb6f,"Nohatini 83 ko kasakopang ato 25 kapot, mahawpay ko Kowaping, Padaka, Kirekis, Rowasiya, maikaway sowal no Rowasiya, Tureky, Wikhur, Ucpik a sowal.","目前有83群會眾和25個小組,語言包括中文、英語、吉爾吉斯語、俄語、俄羅斯手語、土耳其語、維吾爾語、烏茲別克語。",joseph_reviewed_traditional,Amis_189,3,https://glosbe.com/ami/zh/no/fragment/tmem?page=7&mode=MUST&stem=true,work/reference_glosbe/amis_glosbe_traditional.xml
GLOSBE_REVIEWED_ZHO_c2fadd54089956e1,"Itini toniya pasangaray a lintad, sapa'icelaw to pakaso'linay faloco' no salikaka, milimasmasay ko likakawa to adihayay a taykay.","在這段艱難的時期,為了加強整個弟兄團體的信心,組織舉行了許多大會。《",joseph_reviewed_traditional,Amis_190,2,https://glosbe.com/ami/zh/no/fragment/tmem?page=7&mode=MUST&stem=true,work/reference_glosbe/amis_glosbe_traditional.xml
GLOSBE_REVIEWED_ZHO_603d75643042585f,"3 Iraay ko mitahidangay ci Pitiroan tayra i Kaysariya, o loma' no'alafang tamdaw ci Kornilius, alatek adihayay ko maharatengay ningra.","3 當有人請使徒彼得去凱撒裡亞一個非猶太人哥尼流的家時,彼得的腦海中可能閃過一些想法。(",joseph_reviewed_traditional,Amis_191,5,https://glosbe.com/ami/zh/no/fragment/tmem?page=7&mode=MUST&stem=true,work/reference_glosbe/amis_glosbe_traditional.xml
GLOSBE_REVIEWED_ZHO_12764cd0c007f3fd,"Mihaenay, ano mitosil paihkal to nga'ayay capeling no Krisciyang tada masakalimlaan.","由此可見,在傳道時有良好的基督徒特質很重要。",joseph_reviewed_traditional,Amis_192,2,https://glosbe.com/ami/zh/no/fragment/tmem?page=7&mode=MUST&stem=true,work/reference_glosbe/amis_glosbe_traditional.xml
GLOSBE_REVIEWED_ZHO_fbdbafe451da2b40,"Sinpong no Aielan palosiyangay to mikimaday a sa'opo, Saka 5 Folad, 1910","1910年5月20日,《愛爾蘭時報》刊登公眾演講的活動",joseph_reviewed_traditional,Amis_193,2,https://glosbe.com/ami/zh/no/fragment/tmem?page=7&mode=MUST&stem=true,work/reference_glosbe/amis_glosbe_traditional.xml
GLOSBE_REVIEWED_ZHO_0cbc62b716aff873,"Mihaenay, o palinian no Fangcalay Cudad ko sapilalat to salikaka, hamaan tano serangawan ato no niyah a harateng ko pisa'osi o masakalimlaan!","因此,用聖經的標準來評估弟兄,而不是依靠文化或自己的看法來判斷是多麼重要!",joseph_reviewed_traditional,Amis_194,2,https://glosbe.com/ami/zh/no/fragment/tmem?page=7&mode=MUST&stem=true,work/reference_glosbe/amis_glosbe_traditional.xml
GLOSBE_REVIEWED_ZHO_6a433c8bebb9e4a4,"O safalod no sinael samanay padama takowanan, ano kalacafay to kafahalan a tamdaw itini i wangcan a misalama, wa nga'ay han?""",經文的原則怎樣幫助我決定要不要與陌生人玩線上游戲?”,joseph_reviewed_traditional,Amis_195,8,https://glosbe.com/ami/zh/no/fragment/tmem?page=7&mode=MUST&stem=true,work/reference_glosbe/amis_glosbe_traditional.xml
GLOSBE_REVIEWED_ZHO_5390aa8cb93dc03c,Wa nga'ay kita misamaan misaka dademak to safalod no Filipi 2:1-4 hani?,我們可以怎樣將腓立比書2:1-4的原則運用出來?,joseph_reviewed_traditional,Amis_196,1,https://glosbe.com/ami/zh/no/fragment/tmem?page=7&mode=MUST&stem=true,work/reference_glosbe/amis_glosbe_traditional.xml
GLOSBE_REVIEWED_ZHO_e065e34607f45821,"Matayal itini i Pitil, mirienangay kako to pilokoing no WBBR.","剛到伯特利的頭幾年,我有機會參與WBBR電臺的廣播。",joseph_reviewed_traditional,Amis_197,3,https://glosbe.com/ami/zh/no/fragment/tmem?page=7&mode=MUST&stem=true,work/reference_glosbe/amis_glosbe_traditional.xml
GLOSBE_REVIEWED_ZHO_859943a394be09ac,"(Pa'arawan 7:9, 10) Mirienang kita to Sa'opo no Piharatengan to Kapatay ni Yis, paihekalay to kangodo' ita ci Yihofaan aci Yisan, mihaen to demak tada fangcalayto!","啟示錄7:9,10)我們參加耶穌受難紀念聚會,就表明我們尊榮耶和華和耶穌,這樣做多麼美好!",joseph_reviewed_traditional,Amis_198,6,https://glosbe.com/ami/zh/no/fragment/tmem?page=7&mode=MUST&stem=true,work/reference_glosbe/amis_glosbe_traditional.xml
GLOSBE_REVIEWED_ZHO_7f4f7525849821ef,"Ano samanayto, o nga'ayay a widang ita ano cowa ka pisaareteng to palinian ni Yihofa, o mamipalak to nga'ayay kalala'ed no mita ato Kawas alatek.","無論如何,只要我們的好朋友不重視耶和華的標準,就可能會破壞我們與上帝的寶貴關係。",joseph_reviewed_traditional,Amis_199,9,https://glosbe.com/ami/zh/no/fragment/tmem?page=7&mode=MUST&stem=true,work/reference_glosbe/amis_glosbe_traditional.xml
GLOSBE_REVIEWED_ZHO_690cae964a9bf60a,"Saka cecay i, ""Maherekayto kiso pakayni kinafalah ni Yis Kristo, pasasiyor to raraw no niyah a pafatang to tireng ci Yihofaan, midofdof to araaw Ningra han?""","第一個問題是:“你是不是已經根據耶穌基督所作的犧牲,為自己的罪悔改,並獻了身給耶和華,要遵行他的旨意呢?”",joseph_reviewed_traditional,Amis_200,9,https://glosbe.com/ami/zh/no/fragment/tmem?page=7&mode=MUST&stem=true,work/reference_glosbe/amis_glosbe_traditional.xml
GLOSBE_REVIEWED_ZHO_7c906fdc5d688638,Kalahokan no pieneman mirienang to ka'alomanay a pisawacayan.,"我們通常會在星期六下午做公眾場所見證,當時我們叫街頭見證。",joseph_reviewed_traditional,Amis_201,1,https://glosbe.com/ami/zh/no/fragment/tmem?page=8&mode=MUST&stem=true,work/reference_glosbe/amis_glosbe_traditional.xml
GLOSBE_REVIEWED_ZHO_c1ba6e274857f556,"O olah ni Yihofa i takowanan koni, sapadama no malohemay malitengay wa haen minengneng kiso han?",你會把長老的幫助看作耶和華愛你的表現嗎?,joseph_reviewed_traditional,Amis_202,9,https://glosbe.com/ami/zh/no/fragment/tmem?page=8&mode=MUST&stem=true,work/reference_glosbe/amis_glosbe_traditional.xml
GLOSBE_REVIEWED_ZHO_d02019ea113f6a3d,"Lalitengan a finawlan no Kawas, samaanay pakayni i patafang to dafong midama to so'linay a pidoyongan?",上帝古代的子民怎樣奉獻財物支持正確崇拜?,joseph_reviewed_traditional,Amis_203,2,https://glosbe.com/ami/zh/no/fragment/tmem?page=8&mode=MUST&stem=true,work/reference_glosbe/amis_glosbe_traditional.xml
GLOSBE_REVIEWED_ZHO_cc21dce7799eecf6,"Pakayni pitahidang no tao kitaanan a mitahka, wa samaan ko pinengneng hani?",我們對於別人邀請我們用餐該有什麼看法?,joseph_reviewed_traditional,Amis_204,2,https://glosbe.com/ami/zh/no/fragment/tmem?page=8&mode=MUST&stem=true,work/reference_glosbe/amis_glosbe_traditional.xml
GLOSBE_REVIEWED_ZHO_7ab60f13e5e054b6,"Awaay ko sasa, o papadamaen no Kawas koya mipadangay to wawa a wama wina.","毫無疑問,上帝一定會賜福給那些幫助兒女的父母。",joseph_reviewed_traditional,Amis_205,4,https://glosbe.com/ami/zh/no/fragment/tmem?page=8&mode=MUST&stem=true,work/reference_glosbe/amis_glosbe_traditional.xml
GLOSBE_REVIEWED_ZHO_66a083b37a101a16,"20 Kapah tamdaw, salimlaen ko sapafeli no Kawas kisowanan a pasalat.","20 年輕人,要珍惜上帝給你的自由。",joseph_reviewed_traditional,Amis_206,1,https://glosbe.com/ami/zh/no/fragment/tmem?page=8&mode=MUST&stem=true,work/reference_glosbe/amis_glosbe_traditional.xml
GLOSBE_REVIEWED_ZHO_9310fd371eaea391,"Papitatiwan ni Yihofa ci Mosi to cokor, miseti' to fakeloh no Horip a lotok, powal sanayto ko nanom nai fakeloh.","耶和華要摩西拿著杖去打何烈山區的石頭,水就會從石頭裡湧出。",joseph_reviewed_traditional,Amis_207,5,https://glosbe.com/ami/zh/no/fragment/tmem?page=8&mode=MUST&stem=true,work/reference_glosbe/amis_glosbe_traditional.xml
GLOSBE_REVIEWED_ZHO_2d06dd4efd48eb98,"Mihaenay haw i, o micokaan no mita pakayni i tatirengan ato pising ni Pawlo, matooray ko matiliday a likisi nolitengan a lalakaw.","因此,關於保羅的外貌,我們所繪製的圖片符合古代的文獻記錄。",joseph_reviewed_traditional,Amis_208,7,https://glosbe.com/ami/zh/no/fragment/tmem?page=8&mode=MUST&stem=true,work/reference_glosbe/amis_glosbe_traditional.xml
GLOSBE_REVIEWED_ZHO_060fc5d041a83658,"Araaw no Kawas dademaken,","我們樂意執行上帝旨意,",joseph_reviewed_traditional,Amis_209,0,https://glosbe.com/ami/zh/no/fragment/tmem?page=8&mode=MUST&stem=true,work/reference_glosbe/amis_glosbe_traditional.xml
GLOSBE_REVIEWED_ZHO_8fd4b8b2cb27e42d,Minokay tayra i Yirusalim cangra o saka siemelaw aca no'orip nangra han?,難道他們返回耶路撒冷只是為了過舒適的生活嗎?,joseph_reviewed_traditional,Amis_210,7,https://glosbe.com/ami/zh/no/fragment/tmem?page=8&mode=MUST&stem=true,work/reference_glosbe/amis_glosbe_traditional.xml
GLOSBE_REVIEWED_ZHO_f37d9e5d260876a5,"Itini pinokayan to Pitil a lalan, milicayay ko mikayatay tamiyanan: ""O maanan ko kasasiroma no maeferay ato matefaday a fo'is?""","回到伯特利後,導攬員問我們:“流星和隕石有什麼不同?”",joseph_reviewed_traditional,Amis_211,4,https://glosbe.com/ami/zh/no/fragment/tmem?page=8&mode=MUST&stem=true,work/reference_glosbe/amis_glosbe_traditional.xml
GLOSBE_REVIEWED_ZHO_6fc3d00b2cb0a841,"Mitosil kita to kahacecay loma' i kilac, wa ira ko toki nangra tahatengil to nga'ayay lihaf no Hongti Kitakit (Nengnengen ko saka 14 fatac)","我們向地區裡的每一家傳道,他們才有機會聽到王國信息(見第14段)",joseph_reviewed_traditional,Amis_212,5,https://glosbe.com/ami/zh/no/fragment/tmem?page=8&mode=MUST&stem=true,work/reference_glosbe/amis_glosbe_traditional.xml
GLOSBE_REVIEWED_ZHO_99049b9ac87a4543,"Oniya demak ato roma mahecaday demak sahto ""O Lala'is no Kwipik.""",這次的事件和其他類似的事都是“魁北克的斗爭”的一部分。,joseph_reviewed_traditional,Amis_213,3,https://glosbe.com/ami/zh/no/fragment/tmem?page=8&mode=MUST&stem=true,work/reference_glosbe/amis_glosbe_traditional.xml
GLOSBE_REVIEWED_ZHO_da8ca80db090cce5,"O sowal no iraay itiya a tamdaw, pakayniay to matiniay a toki minanam to so'linay kimad ko'alomanay tamdaw sanay.","根據一些在場的人指出,有許多人就是通過這樣的機會學到了真理。",joseph_reviewed_traditional,Amis_214,5,https://glosbe.com/ami/zh/no/fragment/tmem?page=8&mode=MUST&stem=true,work/reference_glosbe/amis_glosbe_traditional.xml
GLOSBE_REVIEWED_ZHO_767b57aaf3ed9853,"14 Palimo'otay ko Loma 12:2 kitaanan: 'Aka madenga nonini a hekal, safaelohen ko harateng a mifalic to niyah, ho cipinang to nga'ayay no Kawas, o malefotay kahemekan Ningra a araaw.'","14 羅馬書12:2勸勉我們:“不要被這個制度同化,倒要更新思想而改變自己,好察驗上帝那良善、完美而又蒙他悅納的旨意。”",joseph_reviewed_traditional,Amis_215,4,https://glosbe.com/ami/zh/no/fragment/tmem?page=8&mode=MUST&stem=true,work/reference_glosbe/amis_glosbe_traditional.xml
GLOSBE_REVIEWED_ZHO_ffd27048c6d69eab,"Milasilay ci Aser to O Tawcikel no Fangcalay Cudad no Mako, sano Kaelik a sowal isaka 1983 a miheca","1983年,亞瑟在大會裡宣布發行蓋爾語的《我的聖經故事書》",joseph_reviewed_traditional,Amis_216,5,https://glosbe.com/ami/zh/no/fragment/tmem?page=8&mode=MUST&stem=true,work/reference_glosbe/amis_glosbe_traditional.xml
GLOSBE_REVIEWED_ZHO_4ae1ad83be8b528f,Samaan palahad kita to pakarikecay to harateng no niyah?,我們可以怎樣培養自律呢?,joseph_reviewed_traditional,Amis_217,0,https://glosbe.com/ami/zh/no/fragment/tmem?page=8&mode=MUST&stem=true,work/reference_glosbe/amis_glosbe_traditional.xml
GLOSBE_REVIEWED_ZHO_0162d3ecc3ca988d,"O roma, o so'linay kimad no Fangcalay Cudad pakaynian i tancang ato kihpicay cudad a mapatenak i mikowanan no Putawya a pala, mahaopay ko—Ankola, Asores, Ferte, Sawali no Timor, Koa, Matera, ato Mosapike.","另外,聖經真理也借著傳單和冊子撒播到葡萄牙的各個殖民地,包括安哥拉、亞速爾群島(亞述群島)、佛得角(維德角)、東帝汶、果阿、馬德拉、莫桑比克(莫三比克)。",joseph_reviewed_traditional,Amis_218,6,https://glosbe.com/ami/zh/no/fragment/tmem?page=8&mode=MUST&stem=true,work/reference_glosbe/amis_glosbe_traditional.xml
GLOSBE_REVIEWED_ZHO_b10bbb7814d78c8e,"(1) Ano midama kita to demak no Hongti Kitakit, wa milifok to maanan a sapalemed?",乙)我們可以怎樣鼓勵孩子和會眾的新成員支持王國的工作?,joseph_reviewed_traditional,Amis_219,4,https://glosbe.com/ami/zh/no/fragment/tmem?page=8&mode=MUST&stem=true,work/reference_glosbe/amis_glosbe_traditional.xml
GLOSBE_REVIEWED_ZHO_87c755b1014262d5,Misanga'an no tamdaw.,"未來將發生何事,",joseph_reviewed_traditional,Amis_220,0,https://glosbe.com/ami/zh/no/fragment/tmem?page=8&mode=MUST&stem=true,work/reference_glosbe/amis_glosbe_traditional.xml
GLOSBE_REVIEWED_ZHO_bb5c2ae194c8ff62,"Ano pasalaten no Wawa kamo i, o so'linayto mapasalat kamo. —YOHANI 8:36.","要是兒子叫你們自由,你們就真的自由了。——約翰福音8:36",joseph_reviewed_traditional,Amis_221,5,https://glosbe.com/ami/zh/no/fragment/tmem?page=8&mode=MUST&stem=true,work/reference_glosbe/amis_glosbe_traditional.xml
GLOSBE_REVIEWED_ZHO_90d611971e192911,"Pairaen ko matatodongay a harateng, maolah to Kawas ato maolah to tao nga', kodait a midemak to patorodan no Kawas a demak.","我們必須有正確的動機,也就是愛上帝和愛別人,才能堅忍不拔地執行上帝交託的工作。",joseph_reviewed_traditional,Amis_222,4,https://glosbe.com/ami/zh/no/fragment/tmem?page=8&mode=MUST&stem=true,work/reference_glosbe/amis_glosbe_traditional.xml
GLOSBE_REVIEWED_ZHO_a2e063f00c9f7058,Misamaanay a matenak ko lihaf no Hongti Kitakit tayni i Kirekistan hani?,王國信息是怎麼傳入和傳遍吉爾吉斯斯坦的呢?,joseph_reviewed_traditional,Amis_223,3,https://glosbe.com/ami/zh/no/fragment/tmem?page=8&mode=MUST&stem=true,work/reference_glosbe/amis_glosbe_traditional.xml
GLOSBE_REVIEWED_ZHO_2132ba7741bc5d6b,"Hofochan ci Taniil ciadadaay to Tangsecen, sowal no ising caka halafin ko'orip ningra sanay.","丹尼爾天生就有嚴重的唐氏呲合症,醫生說他無法活得很久。",joseph_reviewed_traditional,Amis_224,4,https://glosbe.com/ami/zh/no/fragment/tmem?page=8&mode=MUST&stem=true,work/reference_glosbe/amis_glosbe_traditional.xml
GLOSBE_REVIEWED_ZHO_a4c0cefd4d19ef73,"Isaka 1995 miheca, ikor no 8 miheca tona katayra niyam, mapatirengayto ko kasakopang i Palikeci.","1995年,在我們去巴雷克奇傳道八年後,一群會眾成立了。",joseph_reviewed_traditional,Amis_225,3,https://glosbe.com/ami/zh/no/fragment/tmem?page=8&mode=MUST&stem=true,work/reference_glosbe/amis_glosbe_traditional.xml
GLOSBE_REVIEWED_ZHO_0a51c2ee2bd62f50,"Cowa ka fana' kami to faloco' iso, kawra o dadamaen ni Yihofa kiso.","雖然我們無法完全了解你的感受,耶和華卻很清楚你心裡有多悲傷而且會一直扶持你。",joseph_reviewed_traditional,Amis_255,8,https://glosbe.com/ami/zh/to,work/reference_glosbe/amis_glosbe_traditional.xml
GLOSBE_REVIEWED_ZHO_179eeeb491527392,12 Midemakay ci Yihofa to maanan parihaday to finawlan Ningra hani?,12 耶和華做了什麼讓他的子民放心呢?,joseph_reviewed_traditional,Amis_267,3,https://glosbe.com/ami/zh/to,work/reference_glosbe/amis_glosbe_traditional.xml
GLOSBE_REVIEWED_ZHO_b14d133fb87eec42,"Mihaenay, palahad kita to harateng ni Yis ato waywayan, tada o kalimelaan.","所以,我們培養耶穌的思想態度是非常重要的。",joseph_reviewed_traditional,Amis_268,6,https://glosbe.com/ami/zh/to,work/reference_glosbe/amis_glosbe_traditional.xml
GLOSBE_REVIEWED_ZHO_6614db9e1d82e7a2,Padamaen cangra tanektek i kimad.,"“幫助他們,在真理中堅定不移。”",joseph_reviewed_traditional,Amis_285,1,https://glosbe.com/ami/zh/i,work/reference_glosbe/amis_glosbe_traditional.xml
GLOSBE_REVIEWED_ZHO_524eb6beb237f4f6,"Satapang ko pakamihecaay sa'opo i, oya miliso'ay ko tayal a salikaka ci Licate Papo ko mitolonay.","年會開始時,由從事探訪工作的忠心弟兄理查德·巴伯禱告。",joseph_reviewed_traditional,Amis_288,2,https://glosbe.com/ami/zh/i,work/reference_glosbe/amis_glosbe_traditional.xml
GLOSBE_REVIEWED_ZHO_3351ccde6275830f,"Isatapang misakafah ci Taniayer itiraay i Pritani, maraayay ko nalacolan ningra.","達妮埃爾開始全時傳道工作時是在布列塔尼,那裡非常偏僻,又離她的家鄉很遠。",joseph_reviewed_traditional,Amis_289,1,https://glosbe.com/ami/zh/i,work/reference_glosbe/amis_glosbe_traditional.xml
GLOSBE_REVIEWED_ZHO_fcd4139ceae4b740,Mikimaday i taykay ato micoyak sano Sipuano a sowal,"在大會上演講,旁邊是宿務語翻譯員",joseph_reviewed_traditional,Amis_291,2,https://glosbe.com/ami/zh/i,work/reference_glosbe/amis_glosbe_traditional.xml
GLOSBE_REVIEWED_ZHO_498761440881a6f3,"2 Caho ka masanga' ci Atam aci Ifa i, patahekalayto ci Yihofa to olah i tamdamdaw.","2 耶和華在還沒有創造亞當和夏娃之前,就對人類表現愛心了。",joseph_reviewed_traditional,Amis_292,5,https://glosbe.com/ami/zh/i,work/reference_glosbe/amis_glosbe_traditional.xml
GLOSBE_REVIEWED_ZHO_0728178242e42dc4,"Mankora, ano matengil ko pasadakan a radiw i, itinito i kamaro'an a midohinga a mitengil.","所以,每當這些音樂節目開始播放時,我們都應該坐在座位上仔細聆聽。",joseph_reviewed_traditional,Amis_293,3,https://glosbe.com/ami/zh/i,work/reference_glosbe/amis_glosbe_traditional.xml
GLOSBE_REVIEWED_ZHO_d0064568b38054e7,"Maolahay kako miliso' to icowacowaay a fenpo, pakalalok to matayalay i Pitil ato milakowitay to riyar a mitosilay.","我也很喜歡探訪世界各地的分部辦事處,鼓勵伯特利成員和特派傳道員。",joseph_reviewed_traditional,Amis_294,5,https://glosbe.com/ami/zh/i,work/reference_glosbe/amis_glosbe_traditional.xml
GLOSBE_REVIEWED_ZHO_b71af133c55263ef,"Itiyato i, cilosa'ay ci Pitiro a milicay: ""O cecay nora malafelay a siri kako han?""","彼得讀完後,淚水在眼眶打轉,他問唐恩:“我也是其中一隻羊嗎?”",joseph_reviewed_traditional,Amis_295,6,https://glosbe.com/ami/zh/i,work/reference_glosbe/amis_glosbe_traditional.xml
GLOSBE_REVIEWED_ZHO_885e0f8e04f0a009,Materekay i kimad.,都行走真理之道。,joseph_reviewed_traditional,Amis_296,1,https://glosbe.com/ami/zh/i,work/reference_glosbe/amis_glosbe_traditional.xml
GLOSBE_REVIEWED_ZHO_734d0c97e4d997fa,MAKALIMAY CANGRA MIKINAFALAH —itiniay i Tureky,甘心捨己:土耳其,joseph_reviewed_traditional,Amis_297,0,https://glosbe.com/ami/zh/i,work/reference_glosbe/amis_glosbe_traditional.xml
GLOSBE_REVIEWED_ZHO_cb12648352c5b7d4,"Ano micekiw kita toni lalakaw i, simsimen a miharateng: Toha sakatangongolaw ko nika olah to no'adingoan a odo', wa misamaan kako hani?","我們在研讀本篇課文時,也要仔細想想:為了加深自己對屬靈財寶的愛,我可以做些什麼?",joseph_reviewed_traditional,Amis_298,5,https://glosbe.com/ami/zh/i,work/reference_glosbe/amis_glosbe_traditional.xml
GLOSBE_REVIEWED_ZHO_8ba98d36bc69f26d,"Ano padadotoc kita palahad tonini capeling i, o mamatanam ko adihayay a epoc, mita'lifay to niharatengan ita ko nika adihay.","我們繼續培養喜樂這個特質,就會體驗到更多益處,甚至比我們想象的還多。",joseph_reviewed_traditional,Amis_299,9,https://glosbe.com/ami/zh/i,work/reference_glosbe/amis_glosbe_traditional.xml
GLOSBE_REVIEWED_ZHO_4b58d9ab321e6c69,"Itiya, pasowal ci Mosi to Israil tamdaw: ""Pakayni han niyam tonini a'ongcoy ko pipasadak to nanom a pananom i tamowanan""?","當時,摩西對以色列人說:“難道非要我們從這塊岩石中引水給你們不成?”",joseph_reviewed_traditional,Amis_300,8,https://glosbe.com/ami/zh/i,work/reference_glosbe/amis_glosbe_traditional.xml
GLOSBE_REVIEWED_ZHO_89e2940197f6e515,"12 Ano micekiw kita to Fangcalay Cudad i, mamahapinang ita o madangaray ni Yihofa demak ikakaay to niharatengan ita.","12 我們研讀聖經時,不難發現耶和華成就的一些事是超乎人所想的。",joseph_reviewed_traditional,Amis_301,7,https://glosbe.com/ami/zh/i/fragment/tmem?page=2&mode=MUST&stem=true,work/reference_glosbe/amis_glosbe_traditional.xml
GLOSBE_REVIEWED_ZHO_940adbaf9c590715,"19 Anini, o finawlan ni Yihofa mahemekay pakayni i ngangan ni Yis mihadidi to sapalak anca sapalifet.","19 今天,耶和華的子民也喜樂地為耶穌的名忍受迫害或歷經考驗。(",joseph_reviewed_traditional,Amis_302,6,https://glosbe.com/ami/zh/i/fragment/tmem?page=2&mode=MUST&stem=true,work/reference_glosbe/amis_glosbe_traditional.xml
GLOSBE_REVIEWED_ZHO_814f0ca208db28c1,"Citatodongay kako padama to micudiyapay misinsi to kitakit a mingkiw, halo pilimasmas to pikalican, ho nga'ay tayra i minilnilan a kilac koniya fanekfekay a salikaka.","我負責幫畢業生取得簽證並安排交通,讓這些熱心的弟兄姐妹能順利到委派的地區。",joseph_reviewed_traditional,Amis_305,5,https://glosbe.com/ami/zh/i/fragment/tmem?page=2&mode=MUST&stem=true,work/reference_glosbe/amis_glosbe_traditional.xml
GLOSBE_REVIEWED_ZHO_4c540c7e8c5d2852,"Miliyaway ci Isaya pasowal to patikolay i nalacolan a Israil tamdaw, hamaan matalaw to'a'adopen ato mari'angay a tamdaw.",以賽亞再次強調返回故鄉的以色列人不用害怕猛獸或凶悍的人。,joseph_reviewed_traditional,Amis_307,5,https://glosbe.com/ami/zh/i/fragment/tmem?page=2&mode=MUST&stem=true,work/reference_glosbe/amis_glosbe_traditional.xml
GLOSBE_REVIEWED_ZHO_6c06ba1a2ee4982e,"2 Patikol koniya mararamoday mikilim ci Tonian i, masongila'ay a mafalic ko harateng ningra.","2 這對夫妻回來找托尼時,他的想法已經完全不同了。",joseph_reviewed_traditional,Amis_311,1,https://glosbe.com/ami/zh/i/fragment/tmem?page=2&mode=MUST&stem=true,work/reference_glosbe/amis_glosbe_traditional.xml
GLOSBE_REVIEWED_ZHO_154ff738ba26d4da,"13. (1) Itini i masamaanay pakayraan, papatahekal kita to mihadidiay?","13.( 甲)在什麼情況下,我們需要表現更多耐心?(",joseph_reviewed_traditional,Amis_314,3,https://glosbe.com/ami/zh/i/fragment/tmem?page=2&mode=MUST&stem=true,work/reference_glosbe/amis_glosbe_traditional.xml
GLOSBE_REVIEWED_ZHO_6d0942b50e0ab88d,mamilasil i tamdaw.,"向別人髮出宣告,",joseph_reviewed_traditional,Amis_316,1,https://glosbe.com/ami/zh/i/fragment/tmem?page=2&mode=MUST&stem=true,work/reference_glosbe/amis_glosbe_traditional.xml
GLOSBE_REVIEWED_ZHO_11527e8b2e7e7056,(2) Mikitini kita i tinakoan ato sapalimo'ot ni Pitiro wa mananam ko maanan?,乙)我們從彼得的例子和他的勸告學到什麼?(,joseph_reviewed_traditional,Amis_319,4,https://glosbe.com/ami/zh/i/fragment/tmem?page=2&mode=MUST&stem=true,work/reference_glosbe/amis_glosbe_traditional.xml
GLOSBE_REVIEWED_ZHO_1ba34fd425460cca,"Ikor padotocay kami mitaykay i Amostetan, itira mikalic to hikoki minokay i Niwyok.","之後,我們繼續開往阿姆斯特丹,在那裡搭機回紐約。",joseph_reviewed_traditional,Amis_320,4,https://glosbe.com/ami/zh/i/fragment/tmem?page=2&mode=MUST&stem=true,work/reference_glosbe/amis_glosbe_traditional.xml
GLOSBE_REVIEWED_ZHO_0fa804c41c9f4853,"O sowal i Yohani 19:38 sanay: ""O mitooray cingra ci Yisan.","約翰福音19:38說:“約瑟是耶穌的門徒,可是他怕猶太人,所以是暗中做門徒的。”",joseph_reviewed_traditional,Amis_321,3,https://glosbe.com/ami/zh/i/fragment/tmem?page=2&mode=MUST&stem=true,work/reference_glosbe/amis_glosbe_traditional.xml
GLOSBE_REVIEWED_ZHO_a6020b2dcd9ab2a5,Pakaynian ni Yihofa i masamaanay pakayraan mihinom kita?,耶和華會通過什麼方法安慰我們?,joseph_reviewed_traditional,Amis_323,2,https://glosbe.com/ami/zh/i/fragment/tmem?page=2&mode=MUST&stem=true,work/reference_glosbe/amis_glosbe_traditional.xml
GLOSBE_REVIEWED_ZHO_67edeae18bc649a9,"O roma, mikitini pi'osi to Fangcalay Cudad milifokay ci Enli to ta'angayay sapakalalok, mangalef mikitini i'Olic 46 fedengan; Cifaniya 3:17; ato Marko 10:29, 30.","另外,恩裡從閱讀聖經獲得很大的安慰,特別是詩篇46篇、西番雅書3:17、馬可福音10:29,30。",joseph_reviewed_traditional,Amis_324,5,https://glosbe.com/ami/zh/i/fragment/tmem?page=2&mode=MUST&stem=true,work/reference_glosbe/amis_glosbe_traditional.xml
GLOSBE_REVIEWED_ZHO_c934d4953a0dee48,Kako sai tayra i Towic mirienang to taykay i Hanpaw.,"我自己則是搭機去德國,參加了在漢堡的大會。",joseph_reviewed_traditional,Amis_325,3,https://glosbe.com/ami/zh/i/fragment/tmem?page=2&mode=MUST&stem=true,work/reference_glosbe/amis_glosbe_traditional.xml
GLOSBE_REVIEWED_ZHO_81a0ab645bdd7ab7,"Ano misi'ayaw kita to kafalic i noka'orip i, sasamaan a mitodong to ta'arawan ni Yosif?","我們面對生活的轉變時,可以怎樣效法約瑟?( 見第11-13段)",joseph_reviewed_traditional,Amis_327,4,https://glosbe.com/ami/zh/i/fragment/tmem?page=3&mode=MUST&stem=true,work/reference_glosbe/amis_glosbe_traditional.xml
GLOSBE_REVIEWED_ZHO_0facb876f63c86ab,"Pinaay miheca cangra, misahalaka to mamalinah tayra i misaaliay to mitosilay a pala, kawra cowa ka masa'osi ko harateng ni Perin.","有好幾年的時間,他們都在思考要不要搬到國外需要傳道員的地方,但佩賴因一直無法拿定主意。",joseph_reviewed_traditional,Amis_329,7,https://glosbe.com/ami/zh/i/fragment/tmem?page=3&mode=MUST&stem=true,work/reference_glosbe/amis_glosbe_traditional.xml
GLOSBE_REVIEWED_ZHO_78814255e3bc16aa,Pakani i satolon ni Hapakuk samaanay ko ca'of ni Yihofa?,耶和華對哈巴谷的禱告有什麼回應?,joseph_reviewed_traditional,Amis_332,1,https://glosbe.com/ami/zh/i/fragment/tmem?page=3&mode=MUST&stem=true,work/reference_glosbe/amis_glosbe_traditional.xml
GLOSBE_REVIEWED_ZHO_1ee8f3405596da83,"Matawaay ci Alinta a pasowal: ""Mikawihay ko palakatay to faso tamiyanan, o roma palakatay mikitira i faso miowaw tamiyanan: 'Tada kasemeranto kamo!'","奧琳達也笑著說:“公車司機向我們揮手,有些司機還從車裡對我們大喊:‘你們真了不起!’",joseph_reviewed_traditional,Amis_333,6,https://glosbe.com/ami/zh/i/fragment/tmem?page=3&mode=MUST&stem=true,work/reference_glosbe/amis_glosbe_traditional.xml
GLOSBE_REVIEWED_ZHO_85a6f31b368e7d79,"Kalikiay kami micada to kimad, ikor iraayto ko mimingay a kasakopang i Himoos.","我們很快就接受了真理。 不久後,在赫姆斯沃思就有了一群小小的會眾。",joseph_reviewed_traditional,Amis_334,3,https://glosbe.com/ami/zh/i/fragment/tmem?page=3&mode=MUST&stem=true,work/reference_glosbe/amis_glosbe_traditional.xml
GLOSBE_REVIEWED_ZHO_6d2c8d75b0549d86,"Tiya miliyaw kami tayra kakahaday potal i, milicayay ko mita'lifay tamiyanan: 'Nga'ayayho kamo han?","當我們再次回到廣場時,一些路過的人都問我們:‘你們還好嗎?",joseph_reviewed_traditional,Amis_335,7,https://glosbe.com/ami/zh/i/fragment/tmem?page=3&mode=MUST&stem=true,work/reference_glosbe/amis_glosbe_traditional.xml
GLOSBE_REVIEWED_ZHO_3c24ea1fb75b04e3,"4 Ano o potal aca ko minengnengan ni Pitiro a misa'osi, tahada'octo cowa ko mamicomod i loma' ni Kornilius.","4 如果彼得只是根據外在的因素來作決定,他就永遠不會進哥尼流的家,因為猶太人不會到非猶太人的家裡。",joseph_reviewed_traditional,Amis_336,6,https://glosbe.com/ami/zh/i/fragment/tmem?page=3&mode=MUST&stem=true,work/reference_glosbe/amis_glosbe_traditional.xml
GLOSBE_REVIEWED_ZHO_45017dc702b476a0,"Saka macakat kako i no'adingoan o nano'icel nangra.""",我能在屬靈方面進步可以說是他們的功勞。”,joseph_reviewed_traditional,Amis_337,3,https://glosbe.com/ami/zh/i/fragment/tmem?page=3&mode=MUST&stem=true,work/reference_glosbe/amis_glosbe_traditional.xml
GLOSBE_REVIEWED_ZHO_effed0b3a4c6d25c,"Ano misawkit ko malohemay malitengay tono iing a demak i, samaan mitodong to Kawas paihekal to masadafdafay?","長老在審理司法案件時,怎樣效法上帝表現公正?",joseph_reviewed_traditional,Amis_338,3,https://glosbe.com/ami/zh/i/fragment/tmem?page=3&mode=MUST&stem=true,work/reference_glosbe/amis_glosbe_traditional.xml
GLOSBE_REVIEWED_ZHO_9218bf6f27fb06dc,"Sanay pasowal ko cecay fa'inayan i cingranan: ""Mimaan tayni kiso saw?",一個男子對他說:“你為什麼來這裡?,joseph_reviewed_traditional,Amis_340,5,https://glosbe.com/ami/zh/i/fragment/tmem?page=3&mode=MUST&stem=true,work/reference_glosbe/amis_glosbe_traditional.xml
GLOSBE_REVIEWED_ZHO_470cd3b97251f0bc,"Mihaenay, wa mikitini kita i cowa ko kalimlaan a demak'mi'aca' to toki.","因此,我們需要從不重要的活動中“買”時間。(",joseph_reviewed_traditional,Amis_342,3,https://glosbe.com/ami/zh/i/fragment/tmem?page=3&mode=MUST&stem=true,work/reference_glosbe/amis_glosbe_traditional.xml
GLOSBE_REVIEWED_ZHO_6a1e4d509f106949,"Mihaenay haw i, so'li'lin caka nga'ay ko ngiha' ita, aka sawad saan romadiw pahemek ci Yihofaan.","所以,我們不應該讓不完美的歌聲阻止我們唱歌讚美耶和華。",joseph_reviewed_traditional,Amis_343,5,https://glosbe.com/ami/zh/i/fragment/tmem?page=3&mode=MUST&stem=true,work/reference_glosbe/amis_glosbe_traditional.xml
GLOSBE_REVIEWED_ZHO_ea045d3567206290,"Salikoray miliso'an niyam a Fenpo o Koriya, itiya iraay ko toki niyam minengneng to mapalitay a 50 salikaka i kapalitan.","我們最後一次探訪分部是到韓國,那時我們有機會去看被關在水原監獄的50位弟兄。",joseph_reviewed_traditional,Amis_345,5,https://glosbe.com/ami/zh/i/fragment/tmem?page=3&mode=MUST&stem=true,work/reference_glosbe/amis_glosbe_traditional.xml
GLOSBE_REVIEWED_ZHO_7c19b72de9454032,Misamaanay hano itiniay i mikiriwi'ay a lalintadan a ma'orip kita?,為什麼說我們生活在一個特別的時刻?,joseph_reviewed_traditional,Amis_347,0,https://glosbe.com/ami/zh/i/fragment/tmem?page=3&mode=MUST&stem=true,work/reference_glosbe/amis_glosbe_traditional.xml
GLOSBE_REVIEWED_ZHO_b1c98e1eb60e2c4b,"Ano eca i, o mamitalaho kami to roma a tamdaw haw?""",施浸者約翰曾派門徒去問耶穌:“你就是‘那位要來的’嗎?,joseph_reviewed_traditional,Amis_348,6,https://glosbe.com/ami/zh/i/fragment/tmem?page=3&mode=MUST&stem=true,work/reference_glosbe/amis_glosbe_traditional.xml
GLOSBE_REVIEWED_ZHO_2bc676f92b0014dd,"(Yopu 42:5) Wa nga'ayho kita misamocek i sapalifon ni Yihofa, miki'okay Cingra to papafelien Ningra ko padotocay makorac ato madimadiay a tamdaw.","約伯記42:5)我們還可以將目光集中在耶和華要給我們的獎賞之上,他承諾會賜福給那些保持純潔和忠貞的人。",joseph_reviewed_traditional,Amis_349,3,https://glosbe.com/ami/zh/i/fragment/tmem?page=3&mode=MUST&stem=true,work/reference_glosbe/amis_glosbe_traditional.xml
GLOSBE_REVIEWED_ZHO_5307cf0c49ba39dd,"I fafekangay lalakaw mananamay ita, cowa ka somowal ko Fangcalay Cudad hakowa ko mihecaan nga'nga'ay micada to ino'ko tamdaw.","我們在上一篇課文學到,聖經沒有說人要到某個年紀才能受浸。",joseph_reviewed_traditional,Amis_350,6,https://glosbe.com/ami/zh/i/fragment/tmem?page=3&mode=MUST&stem=true,work/reference_glosbe/amis_glosbe_traditional.xml
GLOSBE_REVIEWED_ZHO_2566551f0368308a,"15 Tahirato i masa'osiay a mihecaan nga' nga'ay micada to ino', cowa ka saan.","15,16.( 甲)一個人需要達到特定的年齡才能受浸嗎? 請解釋。(",joseph_reviewed_traditional,Amis_353,5,https://glosbe.com/ami/zh/i/fragment/tmem?page=4&mode=MUST&stem=true,work/reference_glosbe/amis_glosbe_traditional.xml
GLOSBE_REVIEWED_ZHO_53af614c175ec1ec,"Tangasa i da'oc,","耶穌基督腳蹤,",joseph_reviewed_traditional,Amis_355,1,https://glosbe.com/ami/zh/i/fragment/tmem?page=4&mode=MUST&stem=true,work/reference_glosbe/amis_glosbe_traditional.xml
GLOSBE_REVIEWED_ZHO_2cf8b5adf424254a,Micomod i Lakoing,他的寶血使我們,joseph_reviewed_traditional,Amis_360,0,https://glosbe.com/ami/zh/i/fragment/tmem?page=4&mode=MUST&stem=true,work/reference_glosbe/amis_glosbe_traditional.xml
GLOSBE_REVIEWED_ZHO_3929f272c43eb1df,"Licayen ko niyah to pina salicay, tinakoen: ""Misaka dademak to sapicawma' malawidang a wangcan i, patalipa'elalay koniya sinael takowanan to maanan hani?","不妨問問自己一些問題,例如:“在使用社交網站(社群網站)時,這節經文給我什麼提醒?",joseph_reviewed_traditional,Amis_361,3,https://glosbe.com/ami/zh/i/fragment/tmem?page=4&mode=MUST&stem=true,work/reference_glosbe/amis_glosbe_traditional.xml
GLOSBE_REVIEWED_ZHO_c85317c59f6b2684,Mida'oc i tatihi.,他們將長伴身邊。,joseph_reviewed_traditional,Amis_362,0,https://glosbe.com/ami/zh/i/fragment/tmem?page=4&mode=MUST&stem=true,work/reference_glosbe/amis_glosbe_traditional.xml
GLOSBE_REVIEWED_ZHO_0b6e4d9d3356cccf,Tahalifaay to manan ci Pawlo aci Silas i Filipi?,保羅和西拉在腓立比有什麼遭遇?(,joseph_reviewed_traditional,Amis_364,3,https://glosbe.com/ami/zh/i/fragment/tmem?page=4&mode=MUST&stem=true,work/reference_glosbe/amis_glosbe_traditional.xml
GLOSBE_REVIEWED_ZHO_c0bd4a180a4cfaae,"Misarocod mirienang to mitosilay mapakalalok kiso, kaleki mananam i faelohay kitiraan.","全力參與傳道工作能使你得到鼓勵,更快適應新環境。",joseph_reviewed_traditional,Amis_365,2,https://glosbe.com/ami/zh/i/fragment/tmem?page=4&mode=MUST&stem=true,work/reference_glosbe/amis_glosbe_traditional.xml
GLOSBE_REVIEWED_ZHO_0c07dbaea7a7173d,"16 Cowa ko kafana' aca to capeling ni Yihofa, ano sinanoten ita to samaanay ci Yihofa padama kitaanan i, wa ""ma'araw"" ita ko Kawas.","16 除了認識耶和華的特質,留心耶和華怎樣實際幫助我們,也能讓我們“看見”上帝。(",joseph_reviewed_traditional,Amis_366,7,https://glosbe.com/ami/zh/i/fragment/tmem?page=4&mode=MUST&stem=true,work/reference_glosbe/amis_glosbe_traditional.xml
GLOSBE_REVIEWED_ZHO_f15c46e2f8e0b1cb,"So'lin marorayay, kawra maherek mitosil i pakaenay ko wama to pingcilin tamiyanan a palifon.","有時這樣傳道有點累,但爸爸都會在傳道結束後帶我們去吃冰淇淋當作獎勵。",joseph_reviewed_traditional,Amis_367,3,https://glosbe.com/ami/zh/i/fragment/tmem?page=4&mode=MUST&stem=true,work/reference_glosbe/amis_glosbe_traditional.xml
GLOSBE_REVIEWED_ZHO_5c2f7ab48495264b,"8 O roma i, nolitengan a finawlan ni Yihofa, tano dafong ato payci midama to ci'inorongay i pidoyongan a tamdaw.","8 另外,耶和華古代的子民也會用財物支持在崇拜方面帶頭的人。",joseph_reviewed_traditional,Amis_368,6,https://glosbe.com/ami/zh/i/fragment/tmem?page=4&mode=MUST&stem=true,work/reference_glosbe/amis_glosbe_traditional.xml
GLOSBE_REVIEWED_ZHO_5d45d765822406fd,"(2) Itini i masamaanay a pakayraan, mami'met to tireng kita?",乙)我們在什麼情況下也需要克制自己?,joseph_reviewed_traditional,Amis_370,2,https://glosbe.com/ami/zh/i/fragment/tmem?page=4&mode=MUST&stem=true,work/reference_glosbe/amis_glosbe_traditional.xml
GLOSBE_REVIEWED_ZHO_229125fa13110766,Naitini i loma' ako sepatay ko tatokian a mikalic to kasoling tangasa i Palikeci.,從我家到巴雷克奇要坐四個小時的火車。,joseph_reviewed_traditional,Amis_373,2,https://glosbe.com/ami/zh/i/fragment/tmem?page=4&mode=MUST&stem=true,work/reference_glosbe/amis_glosbe_traditional.xml
GLOSBE_REVIEWED_ZHO_1260d55393c4bde8,"Ano caka pihakelong ko tamdaw to Kawas i, wa sao niyah saan misa'osi to maanan ko matatodongay maanan ko tatiihay.""","如果人類不服從上帝,就只能自行決定什麼是對、什麼是錯。",joseph_reviewed_traditional,Amis_375,4,https://glosbe.com/ami/zh/i/fragment/tmem?page=4&mode=MUST&stem=true,work/reference_glosbe/amis_glosbe_traditional.xml
GLOSBE_REVIEWED_ZHO_3560e13b00c234e4,Paratoh i liholihoc.,將好消息傳遍四境。,joseph_reviewed_traditional,Amis_378,0,https://glosbe.com/ami/zh/i/fragment/tmem?page=5&mode=MUST&stem=true,work/reference_glosbe/amis_glosbe_traditional.xml
GLOSBE_REVIEWED_ZHO_54289d1ec0a67bcd,"Tayrato i Kiliyat ci Aser i, patikoray kako tayra i Himoos mala mikiriwi'ay a misakafahay.","亞瑟去基列學校後,我被派回赫姆斯沃思做特別先驅。",joseph_reviewed_traditional,Amis_379,2,https://glosbe.com/ami/zh/i/fragment/tmem?page=5&mode=MUST&stem=true,work/reference_glosbe/amis_glosbe_traditional.xml
GLOSBE_REVIEWED_ZHO_e83fa4cad6be2610,"So'linay i, awaay ko pakayraan ita pa'ayaw a misaday to mamifekad a demak.","其實,我們無法為各種可能發生的情況做準備。",joseph_reviewed_traditional,Amis_380,3,https://glosbe.com/ami/zh/i/fragment/tmem?page=5&mode=MUST&stem=true,work/reference_glosbe/amis_glosbe_traditional.xml
GLOSBE_REVIEWED_ZHO_54cee63809ce727d,"Itiya, itiniay i Karaci ko kitiraan ako ato wina.","當時,我和媽媽住在卡拉奇(喀拉蚩)。",joseph_reviewed_traditional,Amis_382,3,https://glosbe.com/ami/zh/i/fragment/tmem?page=5&mode=MUST&stem=true,work/reference_glosbe/amis_glosbe_traditional.xml
GLOSBE_REVIEWED_ZHO_914b22904ee78026,"Tocila, awaayto ko kamaro'an i pitaykayan.""","隔天,會場就已經坐不下了。”",joseph_reviewed_traditional,Amis_383,0,https://glosbe.com/ami/zh/i/fragment/tmem?page=5&mode=MUST&stem=true,work/reference_glosbe/amis_glosbe_traditional.xml
GLOSBE_REVIEWED_ZHO_06a02b2954160005,3 'Itini i saikoray lintad o pasangaray a si'ayawen a'awaled' sanay ci Pawlo.,"3 保羅寫到,“最後的日子”會是個“難以應付的非常時期”。",joseph_reviewed_traditional,Amis_384,3,https://glosbe.com/ami/zh/i/fragment/tmem?page=5&mode=MUST&stem=true,work/reference_glosbe/amis_glosbe_traditional.xml
GLOSBE_REVIEWED_ZHO_ad9ecc8606e06ed5,"Tiya matoled ko cecay kaemangay fa'inayay salikaka i, milifokay to maanan a sahinom?","一位分區監督請恩裡喝咖啡,讓他說心裡的話。",joseph_reviewed_traditional,Amis_385,2,https://glosbe.com/ami/zh/i/fragment/tmem?page=5&mode=MUST&stem=true,work/reference_glosbe/amis_glosbe_traditional.xml
GLOSBE_REVIEWED_ZHO_9570127ee48ec97f,"Tikolen ni Cilisi miharateng koya romi'ad i, sanay ko sowal: ""Marariday kako pasowal ci Matiyasan, tada maolahay kami tisowanan, fanekfekay patado cingranan mitolon to Kawas, micangacang ci Yihofaan padama cingranan cipinang to so'linay kimad.""","吉利斯回想那段日子時,他說:“我時常告訴馬帝亞斯,我和媽媽都非常愛他,也經常熱切地向上帝禱告,求耶和華幫助兒子明白真理。”",joseph_reviewed_traditional,Amis_386,9,https://glosbe.com/ami/zh/i/fragment/tmem?page=5&mode=MUST&stem=true,work/reference_glosbe/amis_glosbe_traditional.xml
GLOSBE_REVIEWED_ZHO_2035327ba1d491aa,O pirikec ni Yihofa samaan padama kitanan ma'orip i lakoing?,耶和華的管教怎樣幫助我們在樂園裡生活?,joseph_reviewed_traditional,Amis_387,2,https://glosbe.com/ami/zh/i/fragment/tmem?page=5&mode=MUST&stem=true,work/reference_glosbe/amis_glosbe_traditional.xml
GLOSBE_REVIEWED_ZHO_ab50acff024a971c,"Kalimelaan i, minanam to samaan pa'dil to pafeliay to pasalat a Kawas ci Yihofa.","更重要的是,我們能學會怎樣尊榮賜我們自由的上帝耶和華。",joseph_reviewed_traditional,Amis_388,1,https://glosbe.com/ami/zh/i/fragment/tmem?page=5&mode=MUST&stem=true,work/reference_glosbe/amis_glosbe_traditional.xml
GLOSBE_REVIEWED_ZHO_a567b70f6ea24b3b,Samaanay ci Yihofa i lintad ni Yosuwa mikerid to finawlan Ningra?,耶和華怎樣在約書亞的日子帶領他的子民?,joseph_reviewed_traditional,Amis_391,3,https://glosbe.com/ami/zh/i/fragment/tmem?page=5&mode=MUST&stem=true,work/reference_glosbe/amis_glosbe_traditional.xml
GLOSBE_REVIEWED_ZHO_aff6f52a1aa719f2,"12 Misaka dademakayho ci Pitiro to sowal ni Tafiti i'Olic 110:1, padama to mitengilay a misa haraterateng.",12 彼得也引用了大衛在詩篇110:1說的話和聽眾推理。(,joseph_reviewed_traditional,Amis_392,3,https://glosbe.com/ami/zh/i/fragment/tmem?page=5&mode=MUST&stem=true,work/reference_glosbe/amis_glosbe_traditional.xml
GLOSBE_REVIEWED_ZHO_48383d262c0416a2,"Tahira i romi'ad ni Nowa, 'adihayay miedefay ko mari'angay a demak icowacowa.'","事實上,到了挪亞的日子,“暴行遍及全地”。",joseph_reviewed_traditional,Amis_393,2,https://glosbe.com/ami/zh/i/fragment/tmem?page=5&mode=MUST&stem=true,work/reference_glosbe/amis_glosbe_traditional.xml
GLOSBE_REVIEWED_ZHO_26e732477f833f25,"17 Kalo a tamdaw pasangaran a cipinang, hano nga'ay kita pakayni i kiyaho a milahecito adihayay demak.","當他知道我們的工作全是由志願人員完成,經費不靠販賣東西或募款活動,而是由自願捐款支持就非常驚訝,還說按照我們這種方式是不可能完成那麼多工作的。",joseph_reviewed_traditional,Amis_394,2,https://glosbe.com/ami/zh/i/fragment/tmem?page=5&mode=MUST&stem=true,work/reference_glosbe/amis_glosbe_traditional.xml
GLOSBE_REVIEWED_ZHO_3a88ca9edff4cd6c,"Patinakoen, milikakawaan ni Tafiti ko 4,000 a Lifi tamdaw matayal i fangcalay sefi, midatok a pahemek ci Yihofaan.","例如,大衛王安排了4000個利未人在聖殿供職,奏樂讚美耶和華。",joseph_reviewed_traditional,Amis_396,4,https://glosbe.com/ami/zh/i/fragment/tmem?page=5&mode=MUST&stem=true,work/reference_glosbe/amis_glosbe_traditional.xml
GLOSBE_REVIEWED_ZHO_b8b534fa0bde4a88,"Pakayni i Loma 10:1, 2, misamaanay hano padadotoc fanekfek a mitosil ci Pawlo to Yutaya tamdaw hani?","根據羅馬書10:1,2,為什麼保羅能堅持不懈地向猶太人傳道?",joseph_reviewed_traditional,Amis_397,2,https://glosbe.com/ami/zh/i/fragment/tmem?page=5&mode=MUST&stem=true,work/reference_glosbe/amis_glosbe_traditional.xml
GLOSBE_REVIEWED_ZHO_9838a0ebde3ba450,"Faheka'ay kako milomal ko salikaka ci Polayse toniya demak i, matawaay ko pising.","我很訝異看到休斯弟兄在回憶這件事的時候,臉上還帶著微笑。",joseph_reviewed_traditional,Amis_398,3,https://glosbe.com/ami/zh/i/fragment/tmem?page=5&mode=MUST&stem=true,work/reference_glosbe/amis_glosbe_traditional.xml
GLOSBE_REVIEWED_ZHO_ce2af7b43239d4a5,"Isaka 1961 miheca, oni madimadiay a salikaka malinahay tayni i Kante, oniya pala mingataay to niyaro' ako.","1961年,這位忠貞的弟兄搬到坎特,這個城鎮離我的家鄉非常近。",joseph_reviewed_traditional,Amis_402,4,https://glosbe.com/ami/zh/i/fragment/tmem?page=6&mode=MUST&stem=true,work/reference_glosbe/amis_glosbe_traditional.xml
GLOSBE_REVIEWED_ZHO_9f54afe6261b55bc,"Pakaynian i pairasolay,","上帝以往通過忠信先知,",joseph_reviewed_traditional,Amis_403,0,https://glosbe.com/ami/zh/i/fragment/tmem?page=6&mode=MUST&stem=true,work/reference_glosbe/amis_glosbe_traditional.xml
GLOSBE_REVIEWED_ZHO_befa09fb429fde01,"O faelohay kasakopang ni Loci 1,600 kongli ko raay to kitiraan i salakat, sanay, ""saka nanamaw to faelohay kasakopang, misa'icel mirienang to mitosilay demak.","羅傑的新會眾距離他以前住的地方有1600多公里,他說:“融入新會眾的最好方法就是,盡可能多參與傳道工作。",joseph_reviewed_traditional,Amis_404,4,https://glosbe.com/ami/zh/i/fragment/tmem?page=6&mode=MUST&stem=true,work/reference_glosbe/amis_glosbe_traditional.xml
GLOSBE_REVIEWED_ZHO_b565fc91b5ff9d65,"10 Sapa kahemekaw ko kapah ci Yihofaan, wa misa'icel mitosil i tamdaw.","10 年輕人想使耶和華歡喜,就會努力向人傳道。",joseph_reviewed_traditional,Amis_406,3,https://glosbe.com/ami/zh/i/fragment/tmem?page=6&mode=MUST&stem=true,work/reference_glosbe/amis_glosbe_traditional.xml
GLOSBE_REVIEWED_ZHO_2bb612520c169f15,"Pasifana' ko tarokos ci Pawlo to Krisciyang mapakalalok i, hano pasowal cangranan to'tongalen ko pihaen to demak' hani?","使徒保羅教導基督徒要彼此鼓勵時,為什麼對他們說“就更要這樣做”?",joseph_reviewed_traditional,Amis_409,2,https://glosbe.com/ami/zh/i/fragment/tmem?page=6&mode=MUST&stem=true,work/reference_glosbe/amis_glosbe_traditional.xml
GLOSBE_REVIEWED_ZHO_5b3fa00eddeea8a3,"Cecay romi'ad, patoroday ko wama ni Yohani cingranan, pafeli to tikami i cecay salikaka.","有一天,約翰的父親請他把一封信交給會眾的朋友,但那天早上,約翰在打開錫制的桶時割到手指,而且傷口很深。",joseph_reviewed_traditional,Amis_412,3,https://glosbe.com/ami/zh/i/fragment/tmem?page=6&mode=MUST&stem=true,work/reference_glosbe/amis_glosbe_traditional.xml
GLOSBE_REVIEWED_ZHO_91797d399b150f32,"Ano micoli ko salawina tisowanan midoko ci Yihofaan i, misamaan kiso mitafo to madimadi?","如果你的親人反對你崇拜耶和華,你可以怎樣保持忠貞?",joseph_reviewed_traditional,Amis_413,4,https://glosbe.com/ami/zh/i/fragment/tmem?page=6&mode=MUST&stem=true,work/reference_glosbe/amis_glosbe_traditional.xml
GLOSBE_REVIEWED_ZHO_2c380881ba4f238c,30 Wa Nga'ay Kiso Misamaan a Mananam i Faelohay a Kasakopang?,30頁 你可以怎樣適應新會眾?,joseph_reviewed_traditional,Amis_415,2,https://glosbe.com/ami/zh/i/fragment/tmem?page=6&mode=MUST&stem=true,work/reference_glosbe/amis_glosbe_traditional.xml
GLOSBE_REVIEWED_ZHO_cb12f005edb4ce35,"Mikitini i pipasifana'ni Pawlo to misimaway to kapalitan, mananamay ita ko maanan?",我們從保羅教導獄吏的記載學到什麼?,joseph_reviewed_traditional,Amis_416,1,https://glosbe.com/ami/zh/i/fragment/tmem?page=6&mode=MUST&stem=true,work/reference_glosbe/amis_glosbe_traditional.xml
GLOSBE_REVIEWED_ZHO_e3919351e6bfcaa2,"Tikolen a minengneng ko naikolan i, cowacowa ka patoled ci Yihfofa takowanan.","耶和華就像他承諾的一樣,用“正義的右手”扶持我,一直與我同在、使我堅強。(",joseph_reviewed_traditional,Amis_421,5,https://glosbe.com/ami/zh/i/fragment/tmem?page=6&mode=MUST&stem=true,work/reference_glosbe/amis_glosbe_traditional.xml
GLOSBE_REVIEWED_ZHO_e281dc6a4f29588a,"O masaka semeran a tawcikel koni, mikitiniay i niyaro' ako a misatapang, itiraay i kaka'amisan no Kirekistan a misatapang.","這是一段振奮人心的故事,一切都從我的家鄉,也就是吉爾吉斯斯坦北部一帶開始的。",joseph_reviewed_traditional,Amis_422,3,https://glosbe.com/ami/zh/i/fragment/tmem?page=6&mode=MUST&stem=true,work/reference_glosbe/amis_glosbe_traditional.xml
GLOSBE_REVIEWED_ZHO_04b1ce4720ffdb0f,"So'linay i, ano caka paratoh to tamdaw, o awaay ko ngodo ato olah.","事實上,不跟人打招呼會讓人覺得沒有禮貌也沒有愛心。",joseph_reviewed_traditional,Amis_423,4,https://glosbe.com/ami/zh/i/fragment/tmem?page=6&mode=MUST&stem=true,work/reference_glosbe/amis_glosbe_traditional.xml
GLOSBE_REVIEWED_ZHO_eebd8379afb7a720,"Masakalimlaan i, wa tahada'oc maharateng ni Yihofa kiso.","更重要的是,耶和華會永遠記得你。",joseph_reviewed_traditional,Amis_424,3,https://glosbe.com/ami/zh/i/fragment/tmem?page=6&mode=MUST&stem=true,work/reference_glosbe/amis_glosbe_traditional.xml
GLOSBE_REVIEWED_ZHO_042760309ae1859a,(3) O lipahak samaanay padama kitaanan i mitosilay demak?,丙)喜樂怎樣有助於我們傳道?,joseph_reviewed_traditional,Amis_425,2,https://glosbe.com/ami/zh/i/fragment/tmem?page=6&mode=MUST&stem=true,work/reference_glosbe/amis_glosbe_traditional.xml
GLOSBE_REVIEWED_ZHO_46c1309763d68c41,"Sowal ni Pawlo: ""Nawhani yo tadanca kako i, ci'icel kako."" O maanan ko tatodong noniya sowal ningra hani?","保羅說:“我什麼時候軟弱,什麼時候就大有力量。” 他的話是什麼意思?",joseph_reviewed_traditional,Amis_426,3,https://glosbe.com/ami/zh/i/fragment/tmem?page=7&mode=MUST&stem=true,work/reference_glosbe/amis_glosbe_traditional.xml
GLOSBE_REVIEWED_ZHO_6056c949cc94d906,Sasamaan kita nga' eca ka lefong i talakal hani?,我們怎樣才不會落入陷阱呢?,joseph_reviewed_traditional,Amis_427,2,https://glosbe.com/ami/zh/i/fragment/tmem?page=7&mode=MUST&stem=true,work/reference_glosbe/amis_glosbe_traditional.xml
GLOSBE_REVIEWED_ZHO_2d802d03695e2744,"Kawra, mapacakay tayra i Icip to ikor no 13 miheca, mafalicayto ko demak.","但約瑟在被賣到埃及13年後,事情突然有了很大的轉變。",joseph_reviewed_traditional,Amis_428,3,https://glosbe.com/ami/zh/i/fragment/tmem?page=7&mode=MUST&stem=true,work/reference_glosbe/amis_glosbe_traditional.xml
GLOSBE_REVIEWED_ZHO_b92fc487de80de59,"O naitiniay i roma kitakit tayra mirienang a tamdaw, lipahakay cangra mitosil i Tureky.",從國外來參與活動的弟兄姊妹都很享受在土耳其傳道的時光。,joseph_reviewed_traditional,Amis_429,4,https://glosbe.com/ami/zh/i/fragment/tmem?page=7&mode=MUST&stem=true,work/reference_glosbe/amis_glosbe_traditional.xml
GLOSBE_REVIEWED_ZHO_ab3025879e8ed732,"O roma, itiniay i Filiping fa'inayan salikaka mihaenay ko sowal: ""Malo no'adingoan a tamdaw pairaay to rihaday no faloco' ako, padamaay takowanan mala kanga'ay to cowa ka hecad ko kitiraan a salikaka.""","另外,住在菲律賓的一位弟兄也說:“做一個屬靈的人讓我享有內心的安寧,也幫助我跟不同背景的弟兄相處得更好。”",joseph_reviewed_traditional,Amis_430,5,https://glosbe.com/ami/zh/i/fragment/tmem?page=7&mode=MUST&stem=true,work/reference_glosbe/amis_glosbe_traditional.xml
GLOSBE_REVIEWED_ZHO_09a24d34d1aae5da,"1988 miheca, itini i Pali ""Masadafdafay ko Kawas"" Kasapala Taykay mikimaday ko salikaka ci Cilase, micoyakay kako","1988年,巴黎舉行了“上帝的公平”區域大會,我擔任西奧多·傑拉斯弟兄的口譯員",joseph_reviewed_traditional,Amis_431,3,https://glosbe.com/ami/zh/i/fragment/tmem?page=7&mode=MUST&stem=true,work/reference_glosbe/amis_glosbe_traditional.xml
GLOSBE_REVIEWED_ZHO_e87d51662fd43e04,"8 Masowal ni Yis ko Wama ningra i, sanay ko sowal: ""O caay ka ciheci a ca'ang ako a maemin i, ketonen no Wama a mifalah.""","8 耶穌談到他的父親時,他說:“我的枝子,凡不結果實的,他就除掉。”",joseph_reviewed_traditional,Amis_432,6,https://glosbe.com/ami/zh/i/fragment/tmem?page=7&mode=MUST&stem=true,work/reference_glosbe/amis_glosbe_traditional.xml
GLOSBE_REVIEWED_ZHO_4a59ef1e5d228ef2,"""Ano icowa ko dafong (anca odo') namo i, itira ko faloco' namo."" —LUKA 12:34.","你們的財寶在哪裡,你們的心也在哪裡。——路加福音12:34",joseph_reviewed_traditional,Amis_433,1,https://glosbe.com/ami/zh/i/fragment/tmem?page=7&mode=MUST&stem=true,work/reference_glosbe/amis_glosbe_traditional.xml
GLOSBE_REVIEWED_ZHO_58a8bae3eec02d45,"Kaemangho kako ato tatolo fafahiyan mipili'an to papafeli to hana ci Atawf Sitelean, ano mikimad cingra i, tayra pafeli to hana i cingranan.","我小時候和三個女孩被選中,在阿道夫·希特勒演講後獻花給他。",joseph_reviewed_traditional,Amis_434,6,https://glosbe.com/ami/zh/i/fragment/tmem?page=7&mode=MUST&stem=true,work/reference_glosbe/amis_glosbe_traditional.xml
GLOSBE_REVIEWED_ZHO_0dc160ff50e37b67,"Mikitini ma'oningay i Dmak 14:8-15, wa samaan kita mihapinang to misapoeneray a capeling ni Pawlo hani?","從使徒行傳14:8-15的記載中,我們可以怎樣看出保羅謙卑的特質?(",joseph_reviewed_traditional,Amis_435,2,https://glosbe.com/ami/zh/i/fragment/tmem?page=7&mode=MUST&stem=true,work/reference_glosbe/amis_glosbe_traditional.xml
GLOSBE_REVIEWED_ZHO_6886e202cb2c23ae,"Ano mitosil kita i, sasamaan mitodong to misapoeneray ni Pawlo hani?","首先,我們必須避免想要受人抬舉的念頭,因為我們是依靠耶和華的幫助才能完成他的工作。",joseph_reviewed_traditional,Amis_436,2,https://glosbe.com/ami/zh/i/fragment/tmem?page=7&mode=MUST&stem=true,work/reference_glosbe/amis_glosbe_traditional.xml
GLOSBE_REVIEWED_ZHO_81319c4bbdb69851,Itiniay i misaaliay to mitosilay a kilac a tamdaw tahalifetay to'icel no satolon.,一些在需要更多傳道員的地區傳道的人感受到禱告的力量。,joseph_reviewed_traditional,Amis_437,0,https://glosbe.com/ami/zh/i/fragment/tmem?page=7&mode=MUST&stem=true,work/reference_glosbe/amis_glosbe_traditional.xml
GLOSBE_REVIEWED_ZHO_4c03899d8e6c8c63,"19 Itini i Ikok, o cecay mararamoday mikitini tatosa malohemay malitengay milifok to sadama.","19 在英國,一對夫婦從兩位長老得到幫助。",joseph_reviewed_traditional,Amis_438,4,https://glosbe.com/ami/zh/i/fragment/tmem?page=7&mode=MUST&stem=true,work/reference_glosbe/amis_glosbe_traditional.xml
GLOSBE_REVIEWED_ZHO_0286aedda47e94f1,"Nolatekay, finawlan no Kawas pakayniay i mikiriwi'ay a araaw ko pipatafang.","有時,上帝的子民是為了某些特定目的而做出捐獻。",joseph_reviewed_traditional,Amis_439,1,https://glosbe.com/ami/zh/i/fragment/tmem?page=7&mode=MUST&stem=true,work/reference_glosbe/amis_glosbe_traditional.xml
GLOSBE_REVIEWED_ZHO_aeec9b1df2b95d99,"Tikoren a minengneng ko noka'orip ako, mahapinangay ako to samaanay palemed ci Yihofa to mitosilay demak i Aielan!","回顧過去,我看出愛爾蘭的傳道工作確實一直蒙耶和華指引和賜福!",joseph_reviewed_traditional,Amis_440,3,https://glosbe.com/ami/zh/i/fragment/tmem?page=7&mode=MUST&stem=true,work/reference_glosbe/amis_glosbe_traditional.xml
GLOSBE_REVIEWED_ZHO_fe1d886c877030bc,"Ihkal mahapinang ita ko pikerid ni Kristo i saka 1 hahekalan a kasakopang (Nengnengen ko saka 10, 11 fatac)","我們清楚看出基督在1世紀帶領會眾(見第10,11段)",joseph_reviewed_traditional,Amis_441,3,https://glosbe.com/ami/zh/i/fragment/tmem?page=7&mode=MUST&stem=true,work/reference_glosbe/amis_glosbe_traditional.xml
GLOSBE_REVIEWED_ZHO_0428c64a13dc3612,28 Lipahak —O Naitiniay i Kawas a Capeling,28 喜樂——從上帝而來的特質,joseph_reviewed_traditional,Amis_442,0,https://glosbe.com/ami/zh/i/fragment/tmem?page=7&mode=MUST&stem=true,work/reference_glosbe/amis_glosbe_traditional.xml
GLOSBE_REVIEWED_ZHO_63b8f390195ba430,"Pakayni i lakoing, iraay ko maanan cowa ka hecad a sowal no tamdaw hani?",人們對於“樂園”有什麼不同的說法?,joseph_reviewed_traditional,Amis_443,2,https://glosbe.com/ami/zh/i/fragment/tmem?page=7&mode=MUST&stem=true,work/reference_glosbe/amis_glosbe_traditional.xml
GLOSBE_REVIEWED_ZHO_cc1fa59881c8dbc5,"So'linay i, matengil koniya lihaf a papacem i, tolon sanayho kako ci Yihofaan, misaali to kaemangay a salikaka malo misatenokay no Iing no Fenpo.""","其實,聽到消息的那天早上,我才剛向耶和華禱告,希望可以找較年輕的弟兄擔任協調人。”",joseph_reviewed_traditional,Amis_444,1,https://glosbe.com/ami/zh/i/fragment/tmem?page=7&mode=MUST&stem=true,work/reference_glosbe/amis_glosbe_traditional.xml
GLOSBE_REVIEWED_ZHO_5bc3df9183cccb18,"Ano caka talipa'elal kita, wa marefong i talakal, mikasimaan misaka dademak to kalimelaan a pasalat.","我們如果不提高警覺,就很容易掉入這些陷阱,濫用了寶貴的自由。",joseph_reviewed_traditional,Amis_445,2,https://glosbe.com/ami/zh/i/fragment/tmem?page=7&mode=MUST&stem=true,work/reference_glosbe/amis_glosbe_traditional.xml
GLOSBE_REVIEWED_ZHO_e71575f4f6c7fcd5,"Pakayni to paka'metay to tireng, iraay ko manan ta'arawan ato tinakoan i Fangcalay Cudad?","在表現自制方面,聖經裡有哪些榜樣與鑒戒?",joseph_reviewed_traditional,Amis_446,2,https://glosbe.com/ami/zh/i/fragment/tmem?page=7&mode=MUST&stem=true,work/reference_glosbe/amis_glosbe_traditional.xml
GLOSBE_REVIEWED_ZHO_b083efd209d1407c,"2 O kasapaan a singsi ci Yihofa, pakayniay i Fangcalay Cudad a pasifana' kitaanan to adihayay a demak.",2 偉大導師耶和華通過他的話語聖經教導我們許多事。,joseph_reviewed_traditional,Amis_447,5,https://glosbe.com/ami/zh/i/fragment/tmem?page=7&mode=MUST&stem=true,work/reference_glosbe/amis_glosbe_traditional.xml
GLOSBE_REVIEWED_ZHO_1ee56b1a1fb09a0d,"Ikor, padadotocay kako materek i Angat a mitosilay, ci Nora tayraay i roma a niyaro' a misakafah.","之後,我繼續留在昂阿特傳道,諾拉則到另一個城鎮服務。",joseph_reviewed_traditional,Amis_448,3,https://glosbe.com/ami/zh/i/fragment/tmem?page=7&mode=MUST&stem=true,work/reference_glosbe/amis_glosbe_traditional.xml
GLOSBE_REVIEWED_ZHO_befcea9b3dd1017c,"Ikorto i, songila'en a misahalaka ko noka'orip iso, palipahak to faloco' no Kawas.","然後,好好計劃自己的人生,這樣就能讓上帝的心歡喜。",joseph_reviewed_traditional,Amis_449,1,https://glosbe.com/ami/zh/i/fragment/tmem?page=7&mode=MUST&stem=true,work/reference_glosbe/amis_glosbe_traditional.xml
GLOSBE_REVIEWED_ZHO_cca26c3b7b43a699,4. (1) Misamaanay hano nga'ay miemem to roray ci Yosif i kapalitan hani?,4. (甲)為什麼約瑟能在獄中忍受痛苦?(,joseph_reviewed_traditional,Amis_450,2,https://glosbe.com/ami/zh/i/fragment/tmem?page=7&mode=MUST&stem=true,work/reference_glosbe/amis_glosbe_traditional.xml
GLOSBE_REVIEWED_ZHO_7841f7cbe6ff65e9,"Ano caka olah ko matosilan i, wa samaan kita palahad to sini'adaay a faloco' hani?","傳道對象反應不佳時,我們要怎樣繼續培養憐恤之心呢?",joseph_reviewed_traditional,Amis_451,2,https://glosbe.com/ami/zh/i/fragment/tmem?page=8&mode=MUST&stem=true,work/reference_glosbe/amis_glosbe_traditional.xml
GLOSBE_REVIEWED_ZHO_4eb5a7b84eaae29d,"Kawra tangasa i 14 mihecaan mafekaday ko cecay a demak, itiyaay mahapinang ako to mangah no kiyokay.","不過,我快14歲那年發生的事,讓我看清教會的虛偽。",joseph_reviewed_traditional,Amis_452,4,https://glosbe.com/ami/zh/i/fragment/tmem?page=8&mode=MUST&stem=true,work/reference_glosbe/amis_glosbe_traditional.xml
GLOSBE_REVIEWED_ZHO_3590ad7687ec9033,"Ci Wiktoria halafinayto miasip to Fangcalay Cudad, kawra, caayho pakaso'lin to maolahay ko Kawas i cingranan.","維多利亞學習聖經多年後,還是很難相信上帝會愛她。",joseph_reviewed_traditional,Amis_453,1,https://glosbe.com/ami/zh/i/fragment/tmem?page=8&mode=MUST&stem=true,work/reference_glosbe/amis_glosbe_traditional.xml
GLOSBE_REVIEWED_ZHO_3422e9cbc27483b1,"Kawraan, 'ayaw no mamalinah ko salikaka tayra i Miyanmar samaanay ko demak hani?","不過,弟兄姐妹在搬去緬甸前怎麼做呢?",joseph_reviewed_traditional,Amis_454,2,https://glosbe.com/ami/zh/i/fragment/tmem?page=8&mode=MUST&stem=true,work/reference_glosbe/amis_glosbe_traditional.xml
GLOSBE_REVIEWED_ZHO_603a69e5fb6d6d3e,"Ano ira ko pasomaday kitanan i, tanamen mikalasaka dademak ko safalod no Kolosay 3:12-14 a misalof to kalala'ed ita.","當有人令我們感到傷心時,首先可以試著實踐歌羅西書3:12-14的原則來改善彼此的關係。",joseph_reviewed_traditional,Amis_455,3,https://glosbe.com/ami/zh/i/fragment/tmem?page=8&mode=MUST&stem=true,work/reference_glosbe/amis_glosbe_traditional.xml
GLOSBE_REVIEWED_ZHO_35706c7fc462976e,"Pasayra i pipatosokan,","往目標奮力邁開腳步,",joseph_reviewed_traditional,Amis_456,0,https://glosbe.com/ami/zh/i/fragment/tmem?page=8&mode=MUST&stem=true,work/reference_glosbe/amis_glosbe_traditional.xml
GLOSBE_REVIEWED_ZHO_4e382df349065bb3,"8 Sida'itay ci Yihofa, misaday to Mitosilay ato Nika'orip a Sa'opo, padama kitaanan macakat i mitosilay a demak.","8 仁愛的耶和華提供了傳道與生活聚會,讓我們可以在傳道工作上做得更好。",joseph_reviewed_traditional,Amis_457,3,https://glosbe.com/ami/zh/i/fragment/tmem?page=8&mode=MUST&stem=true,work/reference_glosbe/amis_glosbe_traditional.xml
GLOSBE_REVIEWED_ZHO_7491797535d70986,"O safana' no 1944 Miheca a Ninkang (no Padaka), sanay ko sowal: ""Mipalosiyangay to Misawacayay Tamdaw ni Yihofa itini i Mesiko koni taykay.""",《1944耶和華見證人年鑑》(英語)說:“這場大會使耶和華見證人在墨西哥變得家喻戶曉。”,joseph_reviewed_traditional,Amis_458,5,https://glosbe.com/ami/zh/i/fragment/tmem?page=8&mode=MUST&stem=true,work/reference_glosbe/amis_glosbe_traditional.xml
GLOSBE_REVIEWED_ZHO_b21a554e68234d1d,"Saka cipinangaw to adihayay lalakaw, tayra i jw.org a wangcan mi'osi to ""Salicay no Kapah—Pasadak to Kaackan Tikami—Wa Mafana' Kako to Maanan?""","想了解更多內容,請上jw.org網站閱讀〈青年人問:傳送色情短信——我該知道什麼?〉(",joseph_reviewed_traditional,Amis_459,4,https://glosbe.com/ami/zh/i/fragment/tmem?page=8&mode=MUST&stem=true,work/reference_glosbe/amis_glosbe_traditional.xml
GLOSBE_REVIEWED_ZHO_c1ffd108b22c251d,Miliso' to madimadiay salikaka i Afrika parahekeray tamiyanan,探訪非洲忠貞的弟兄姐妹讓我們滿心喜樂,joseph_reviewed_traditional,Amis_460,1,https://glosbe.com/ami/zh/i/fragment/tmem?page=8&mode=MUST&stem=true,work/reference_glosbe/amis_glosbe_traditional.xml
GLOSBE_REVIEWED_ZHO_0ba63e7011982231,3 Makalimay Cangra Mikinafalah —Itiniay i Miyanmar,3 甘心捨己 緬甸,joseph_reviewed_traditional,Amis_461,0,https://glosbe.com/ami/zh/i/fragment/tmem?page=8&mode=MUST&stem=true,work/reference_glosbe/amis_glosbe_traditional.xml
GLOSBE_REVIEWED_ZHO_57595e92e1bb9d65,"1956 miheca, miocoran kako tayra i Hayti.","1956年,我被派到海地。",joseph_reviewed_traditional,Amis_462,1,https://glosbe.com/ami/zh/i/fragment/tmem?page=8&mode=MUST&stem=true,work/reference_glosbe/amis_glosbe_traditional.xml
GLOSBE_REVIEWED_ZHO_9810d027af3d43ea,"2. (1) Naitini i'Olic 34:22, o sikawdan no Kawas hano caka marawraw to mamapaekel no matoleday a faloco'?","2.( 甲)從詩篇34:22,我們怎樣看出上帝的僕人不用擔心被愧疚的感覺壓倒?(",joseph_reviewed_traditional,Amis_463,1,https://glosbe.com/ami/zh/i/fragment/tmem?page=8&mode=MUST&stem=true,work/reference_glosbe/amis_glosbe_traditional.xml
GLOSBE_REVIEWED_ZHO_250ab0e69f8e2b66,Itini i Kiliyat ato cafacafay micudad,和基列學校的同學,joseph_reviewed_traditional,Amis_464,2,https://glosbe.com/ami/zh/i/fragment/tmem?page=8&mode=MUST&stem=true,work/reference_glosbe/amis_glosbe_traditional.xml
GLOSBE_REVIEWED_ZHO_3a72b3994363dae5,"Itiniho i fafekang no sera ci Yis mitosil i, pasifana'ay to nisawawaan to ta'enengan a kimad, padama cangranan cipinang to maanan a waywayan ato demakan, wa ira ko masamanay a minaro'an.","耶穌在地上傳道時,教導門徒一些基本的道理,讓他們了解某些態度或行為會造成什麼結果。",joseph_reviewed_traditional,Amis_465,6,https://glosbe.com/ami/zh/i/fragment/tmem?page=8&mode=MUST&stem=true,work/reference_glosbe/amis_glosbe_traditional.xml
GLOSBE_REVIEWED_ZHO_3a675d9e45ae9e31,Misamaanay hano makahi kita mipadang to naitiraay i roma kitakit a pacarcaray a tamdaw?,為什麼傳道員願意幫助國外來的移民?(,joseph_reviewed_traditional,Amis_466,1,https://glosbe.com/ami/zh/i/fragment/tmem?page=8&mode=MUST&stem=true,work/reference_glosbe/amis_glosbe_traditional.xml
GLOSBE_REVIEWED_ZHO_e9670493683aee83,"Itini lintad ni Yis, o tamdaw pakayni i mirikecay, kasasiroma no finacadan a maperar.","在耶穌的時代,人們因政治、社會、種族的差異而無法團結。",joseph_reviewed_traditional,Amis_467,3,https://glosbe.com/ami/zh/i/fragment/tmem?page=8&mode=MUST&stem=true,work/reference_glosbe/amis_glosbe_traditional.xml
GLOSBE_REVIEWED_ZHO_3159a843fed736ab,"Tiya pasowal ci Mosi to ""niyam"" i, o niyah aci Yihofa anca o niyah aci Aron ko mitoro'an ningra.","當摩西說“我們”時,他可能是指自己和亞倫。",joseph_reviewed_traditional,Amis_468,4,https://glosbe.com/ami/zh/i/fragment/tmem?page=8&mode=MUST&stem=true,work/reference_glosbe/amis_glosbe_traditional.xml
GLOSBE_REVIEWED_ZHO_378d5e75eea536b5,"18 'Ayaw no kinafalah ci Yis to'orip, na pasowalay to nisawawaan, o wawa no tamdaw ""tolo a romi'ad, tolo a dadaya i laloma' no sera.""","18 耶穌在犧牲生命前曾對門徒說,人子“會在地裡三日三夜”。",joseph_reviewed_traditional,Amis_469,6,https://glosbe.com/ami/zh/i/fragment/tmem?page=8&mode=MUST&stem=true,work/reference_glosbe/amis_glosbe_traditional.xml
GLOSBE_REVIEWED_ZHO_5712318bb819e9e2,"2007 miheca, 79 ko mihecaan ako miliyaway tayra i Afrika!","2007年,我79歲時又再次前往非洲!",joseph_reviewed_traditional,Amis_470,2,https://glosbe.com/ami/zh/i/fragment/tmem?page=8&mode=MUST&stem=true,work/reference_glosbe/amis_glosbe_traditional.xml
GLOSBE_REVIEWED_ZHO_1f7965d2241ca5eb,"Itiniay i 2015 miheca, saka 5 folad 20 romi'ad mapatay ci Aser, 66 miheca mararamod kami.","後來,陪伴我66年的亞瑟在2015年5月20日去世了。",joseph_reviewed_traditional,Amis_471,4,https://glosbe.com/ami/zh/i/fragment/tmem?page=8&mode=MUST&stem=true,work/reference_glosbe/amis_glosbe_traditional.xml
GLOSBE_REVIEWED_ZHO_5f4e3b2209b9d003,"Saka tengilaw no'alomanay to kimad ningra, tomirengay i cokowi ci Rosofo a mikimad.","為了讓聽眾清楚地聽到他的演講,盧述福弟兄還站在桌子上說話。",joseph_reviewed_traditional,Amis_472,3,https://glosbe.com/ami/zh/i/fragment/tmem?page=8&mode=MUST&stem=true,work/reference_glosbe/amis_glosbe_traditional.xml
GLOSBE_REVIEWED_ZHO_253b11989a4ae6c4,O'alomanay salikaka makalimay tayra i ra:ayay kilac a mitosil.,許多弟兄姐妹到需要更多傳道員的地區服務。,joseph_reviewed_traditional,Amis_473,3,https://glosbe.com/ami/zh/i/fragment/tmem?page=8&mode=MUST&stem=true,work/reference_glosbe/amis_glosbe_traditional.xml
GLOSBE_REVIEWED_ZHO_c231652ed44ba2cf,"Ano tahacada to sakayat no likakawa no Kawas ko kasakilac kantok ato malohemay malitengay i, mamisamaan to demak cangra?","當負有職責的弟兄,例如分區監督和會眾的長老收到上帝組織的指引時,應該怎麼做?",joseph_reviewed_traditional,Amis_474,3,https://glosbe.com/ami/zh/i/fragment/tmem?page=8&mode=MUST&stem=true,work/reference_glosbe/amis_glosbe_traditional.xml
GLOSBE_REVIEWED_ZHO_0a540e0a47fa8698,"Na matomesay ko paso'lin ni Marta a pasowal: ""Mafana' kako to nika o lalomowad (ko salikaka ako) a ma'orip nai patay i saikoray a romi'ad.""","馬大曾經滿懷信心地說:“我知道在最後的日子復活的時候,[我的兄弟]一定復活。”",joseph_reviewed_traditional,Amis_475,5,https://glosbe.com/ami/zh/i/fragment/tmem?page=8&mode=MUST&stem=true,work/reference_glosbe/amis_glosbe_traditional.xml
GLOSBE_REVIEWED_ZHO_1c700130ef019bb9,"Mihaen to demak o midoedoay ci Yisan, aka kao papotal aca ko nengnengen a misawkit to tamdaw.","我們要是服從耶穌,就不會憑外表判斷人了。",joseph_reviewed_traditional,Amis_489,8,https://glosbe.com/ami/zh/O,work/reference_glosbe/amis_glosbe_traditional.xml
GLOSBE_REVIEWED_ZHO_2a438f46f811b7d0,"Itiyato i, cilosa'ay ci Pitiro a milicay: "" O cecay nora malafelay a siri kako han?""","彼得讀完後,淚水在眼眶打轉,他問唐恩:“我也是其中一隻羊嗎?”",joseph_reviewed_traditional,Amis_491,0,https://glosbe.com/ami/zh/O,work/reference_glosbe/amis_glosbe_traditional.xml
GLOSBE_REVIEWED_ZHO_95edf914aa8f1c74,Aniniho minanam to harateng ni Yihofa hano o masaka limlaan.,請用例子說明為什麼現在就學習耶和華的觀點很重要。,joseph_reviewed_traditional,Amis_493,2,https://glosbe.com/ami/zh/O,work/reference_glosbe/amis_glosbe_traditional.xml
GLOSBE_REVIEWED_ZHO_b1a68226e16dcbbd,O piki'adingan sapatada.,我們的庇護所、堅強後盾。,joseph_reviewed_traditional,Amis_494,0,https://glosbe.com/ami/zh/O,work/reference_glosbe/amis_glosbe_traditional.xml
GLOSBE_REVIEWED_ZHO_e9bc4de9e151a545,"O kapah tamdaw wa misa'osi itini picudadan, katayalan ato romaroma pakayraan.",年輕人必須在教育、職業和其他方面作決定。,joseph_reviewed_traditional,Amis_495,6,https://glosbe.com/ami/zh/O,work/reference_glosbe/amis_glosbe_traditional.xml
GLOSBE_REVIEWED_ZHO_810c0ae22c669331,O'ifowaay mitosil a ta'arawan ningra nga'ayay ko pilingat takowanan.,"他熱心傳道,對當時還年輕的我有很好的影響。",joseph_reviewed_traditional,Amis_498,1,https://glosbe.com/ami/zh/O,work/reference_glosbe/amis_glosbe_traditional.xml
GLOSBE_REVIEWED_ZHO_0cf78b0f9bdd6fd4,"O tamdaw ni Yihofa, Ka tala'ayaw!","耶和華的見證人,勇敢向前進!",joseph_reviewed_traditional,Amis_499,4,https://glosbe.com/ami/zh/O,work/reference_glosbe/amis_glosbe_traditional.xml
GLOSBE_REVIEWED_ZHO_9ff569cad07b2d08,"Misamaanay o tarokos ci Pawlo hano palimo'ot to Hiprayay a Krisciyang, 'tongalen ko pisa'icel a pakalalolalok' saan hani?",為什麼使徒保羅勸希伯來裔的基督徒要更努力地彼此鼓勵?,joseph_reviewed_traditional,Amis_500,3,https://glosbe.com/ami/zh/O,work/reference_glosbe/amis_glosbe_traditional.xml
GLOSBE_REVIEWED_ZHO_7f22d70cb2af10ee,O no'adingoan a tamdaw iraay ko maanan a tahapinangan?,"屬靈的人非常關心自己與上帝的關係,跟順應肉體的人完全不同。",joseph_reviewed_traditional,Amis_501,1,https://glosbe.com/ami/zh/O/fragment/tmem?page=2&mode=MUST&stem=true,work/reference_glosbe/amis_glosbe_traditional.xml
GLOSBE_REVIEWED_ZHO_ce072239cec4dc4d,"O manan ko ""caay misamangah ko olah"" hananay?",“無偽的愛心”是什麼意思?,joseph_reviewed_traditional,Amis_504,1,https://glosbe.com/ami/zh/O/fragment/tmem?page=2&mode=MUST&stem=true,work/reference_glosbe/amis_glosbe_traditional.xml
GLOSBE_REVIEWED_ZHO_dd5e4fbb4b137ec2,"12, 13. (1) O manan ko papadama kitaanan misaka dademak to Loma 15:5 han?","12,13.( 甲)什麼能幫助我們將羅馬書15:5運用出來?(",joseph_reviewed_traditional,Amis_506,3,https://glosbe.com/ami/zh/O/fragment/tmem?page=2&mode=MUST&stem=true,work/reference_glosbe/amis_glosbe_traditional.xml
GLOSBE_REVIEWED_ZHO_131443dcd3f86553,Nanay o pakayraan ita ma'orip paihekalay to so'linay ko niyah mikapot to Kawas.,願我們的生活方式表明自己真的與上帝同行。,joseph_reviewed_traditional,Amis_507,4,https://glosbe.com/ami/zh/O/fragment/tmem?page=2&mode=MUST&stem=true,work/reference_glosbe/amis_glosbe_traditional.xml
GLOSBE_REVIEWED_ZHO_3ced043117581160,O manan ko padamaay to nolitengan madimadiay a sikawdan makahi a mitala ci Yihofaan?,為什麼古代的忠僕願意等候耶和華?,joseph_reviewed_traditional,Amis_511,3,https://glosbe.com/ami/zh/O/fragment/tmem?page=2&mode=MUST&stem=true,work/reference_glosbe/amis_glosbe_traditional.xml
GLOSBE_REVIEWED_ZHO_4143770986987186,15 O maanan ko padamaay toniya salikaka nga'ay ko pisaka dademak to pasalat hani?,15 什麼幫助這些弟兄姐妹善用自由呢?,joseph_reviewed_traditional,Amis_513,1,https://glosbe.com/ami/zh/O/fragment/tmem?page=2&mode=MUST&stem=true,work/reference_glosbe/amis_glosbe_traditional.xml
GLOSBE_REVIEWED_ZHO_ec31a6463360b366,Kita o cecacecay tamdaw wa nga'ay mapakalalok (Nengnengen ko saka 18 fatac),我們每個人都可以彼此鼓勵(見第18段),joseph_reviewed_traditional,Amis_515,4,https://glosbe.com/ami/zh/O/fragment/tmem?page=2&mode=MUST&stem=true,work/reference_glosbe/amis_glosbe_traditional.xml
GLOSBE_REVIEWED_ZHO_28c3f392dc60783f,"O sowal i Yohani 19:38 sanay: "" O mitooray cingra ci Yisan.","約翰福音19:38說:“約瑟是耶穌的門徒,可是他怕猶太人,所以是暗中做門徒的。”",joseph_reviewed_traditional,Amis_516,0,https://glosbe.com/ami/zh/O/fragment/tmem?page=2&mode=MUST&stem=true,work/reference_glosbe/amis_glosbe_traditional.xml
GLOSBE_REVIEWED_ZHO_937ed889900ff6d1,O tamdaw pa'oripan.,"他能夠賜人生命,",joseph_reviewed_traditional,Amis_519,0,https://glosbe.com/ami/zh/O/fragment/tmem?page=2&mode=MUST&stem=true,work/reference_glosbe/amis_glosbe_traditional.xml
GLOSBE_REVIEWED_ZHO_ccef6ac56ce10103,8 Hano o fodawan koni tokos hani?,8 為什麼這兩座山是由銅構成的呢?,joseph_reviewed_traditional,Amis_520,1,https://glosbe.com/ami/zh/O/fragment/tmem?page=2&mode=MUST&stem=true,work/reference_glosbe/amis_glosbe_traditional.xml
GLOSBE_REVIEWED_ZHO_eb79196e8f2c0a21,"Ikor, o salikaka ako maemin, mala Misawacayay Tamdaw ni Yihofa cangra.","後來,我的兄弟姐妹全都學習真理並成為耶和華見證人。",joseph_reviewed_traditional,Amis_521,3,https://glosbe.com/ami/zh/O/fragment/tmem?page=2&mode=MUST&stem=true,work/reference_glosbe/amis_glosbe_traditional.xml
GLOSBE_REVIEWED_ZHO_e56bda88cf5f95a3,"O ngiha' noka romadiw ato ngiha' noka caciyaw palecaden a ta'angay, latek ikaka ko nika ta'angay.","你唱歌的音量應該和說話的音量一樣大聲,或甚至更大聲。(",joseph_reviewed_traditional,Amis_523,2,https://glosbe.com/ami/zh/O/fragment/tmem?page=2&mode=MUST&stem=true,work/reference_glosbe/amis_glosbe_traditional.xml
GLOSBE_REVIEWED_ZHO_91b2edbce906db4e,O manan nga'ayay hapakayraan a milowan to cariraw?,減輕憂慮的好方法有哪些?,joseph_reviewed_traditional,Amis_524,1,https://glosbe.com/ami/zh/O/fragment/tmem?page=2&mode=MUST&stem=true,work/reference_glosbe/amis_glosbe_traditional.xml
GLOSBE_REVIEWED_ZHO_d96569448c72b3ec,Iraay ko timolo iso mihayi to o hongti iso ci Yis han?,你有勇氣承認耶穌是你的君王嗎?,joseph_reviewed_traditional,Amis_527,4,https://glosbe.com/ami/zh/O/fragment/tmem?page=3&mode=MUST&stem=true,work/reference_glosbe/amis_glosbe_traditional.xml
GLOSBE_REVIEWED_ZHO_a7c6bb01a0a72af8,"3 Mitosil kita o sakakaay lalangian, o papa'dil ci Yihofaan ato patahekal to ngangan Ningra.",3 我們向人傳道的最主要原因是為了榮耀耶和華和彰顯他的名。(,joseph_reviewed_traditional,Amis_535,4,https://glosbe.com/ami/zh/O/fragment/tmem?page=3&mode=MUST&stem=true,work/reference_glosbe/amis_glosbe_traditional.xml
GLOSBE_REVIEWED_ZHO_3f216c349da510fa,"8 O satadamaanay noka pikowan ni Yihofa tada o masaka limlaan, kawra awaay ko epoc ita itini noka pinengneng ni Yihofa, cowa pisakareteng to sapilidongaw kitanan cowa ka saan.","8 耶和華的至高統治權十分重要,但這並不代表我們在上帝眼中毫無價值,或他不重視拯救我們的安排。",joseph_reviewed_traditional,Amis_538,9,https://glosbe.com/ami/zh/O/fragment/tmem?page=3&mode=MUST&stem=true,work/reference_glosbe/amis_glosbe_traditional.xml
GLOSBE_REVIEWED_ZHO_564dd7238963b47b,"O'Olic 118, samanay paihekal to mamala'osi ko miliyaway ma'orip a demak?",詩篇118篇怎樣表明復活一定會應驗?,joseph_reviewed_traditional,Amis_539,2,https://glosbe.com/ami/zh/O/fragment/tmem?page=3&mode=MUST&stem=true,work/reference_glosbe/amis_glosbe_traditional.xml
GLOSBE_REVIEWED_ZHO_16fa1653a050e509,"Caka halafin, o wina ato safa ako malo Misawacayay Tamdaw ni Yihofa, tada kahemekanto.","不久,媽媽和妹妹也成為耶和華見證人,我真的非常開心。",joseph_reviewed_traditional,Amis_541,5,https://glosbe.com/ami/zh/O/fragment/tmem?page=3&mode=MUST&stem=true,work/reference_glosbe/amis_glosbe_traditional.xml
GLOSBE_REVIEWED_ZHO_03087f4024cd873e,"Itini roma kilac, o kaemangay ano pasadak to kaackan a lihaf, mahecaday o mararaway to ma'odangay.","在一些地區,未成年的人發送色情短信會以性罪犯的罪名被起訴。",joseph_reviewed_traditional,Amis_544,4,https://glosbe.com/ami/zh/O/fragment/tmem?page=3&mode=MUST&stem=true,work/reference_glosbe/amis_glosbe_traditional.xml
GLOSBE_REVIEWED_ZHO_0de94eb5537bf919,"O hekal tada to'manay,","全世界已深陷黑夜,",joseph_reviewed_traditional,Amis_547,1,https://glosbe.com/ami/zh/O/fragment/tmem?page=3&mode=MUST&stem=true,work/reference_glosbe/amis_glosbe_traditional.xml
GLOSBE_REVIEWED_ZHO_7b7b83f4089aed5f,"Ano paihekal kita to manono' faloco', o lalipahak a macacawma' kita.","其實,只要我們真摯地關心客人,就能讓彼此都感到快樂。",joseph_reviewed_traditional,Amis_548,2,https://glosbe.com/ami/zh/O/fragment/tmem?page=3&mode=MUST&stem=true,work/reference_glosbe/amis_glosbe_traditional.xml
GLOSBE_REVIEWED_ZHO_011c7d1738a64398,"Ci Satan o papaliten,","很快就會綑綁撒但,",joseph_reviewed_traditional,Amis_552,1,https://glosbe.com/ami/zh/O/fragment/tmem?page=4&mode=MUST&stem=true,work/reference_glosbe/amis_glosbe_traditional.xml
GLOSBE_REVIEWED_ZHO_90c911b731fe9014,15 O mitilidan ni Yohani a tolo tikami adihayay ko kalimelaan a kimad.,15 約翰寫的三封信裡也有許多寶貴的真理。,joseph_reviewed_traditional,Amis_553,5,https://glosbe.com/ami/zh/O/fragment/tmem?page=4&mode=MUST&stem=true,work/reference_glosbe/amis_glosbe_traditional.xml
GLOSBE_REVIEWED_ZHO_a6bb09c849d6ebdd,"Ci Rasier 40 a mihecaan miliso' to kasakopang, o malo papotalay a singsiho cingra.","有40年的時間,拉塞爾探訪會眾,也擔任駐外導師。",joseph_reviewed_traditional,Amis_556,3,https://glosbe.com/ami/zh/O/fragment/tmem?page=4&mode=MUST&stem=true,work/reference_glosbe/amis_glosbe_traditional.xml
GLOSBE_REVIEWED_ZHO_689eb54f7dda5841,Samaan kita o mikangodoay to raramod?,我們怎麼做就是尊重婚姻?,joseph_reviewed_traditional,Amis_557,1,https://glosbe.com/ami/zh/O/fragment/tmem?page=4&mode=MUST&stem=true,work/reference_glosbe/amis_glosbe_traditional.xml
GLOSBE_REVIEWED_ZHO_3c31525c75d1dfed,"Milicayay ci Matiyas: "" O cima ko Kawas?",馬帝亞斯會問:“誰是上帝?,joseph_reviewed_traditional,Amis_560,0,https://glosbe.com/ami/zh/O/fragment/tmem?page=4&mode=MUST&stem=true,work/reference_glosbe/amis_glosbe_traditional.xml
GLOSBE_REVIEWED_ZHO_ed870be37e16a90a,O kapah tamdaw wa samaan misaka dademak to Taneng 16:3 a milifok to haepoc?,年輕人可以怎樣運用箴言16:3而得到益處?,joseph_reviewed_traditional,Amis_564,2,https://glosbe.com/ami/zh/O/fragment/tmem?page=4&mode=MUST&stem=true,work/reference_glosbe/amis_glosbe_traditional.xml
GLOSBE_REVIEWED_ZHO_45580186a6283915,"O maanan a tolo pakayraan ko papa'icel to faloco' ita, midoedo to so'linay kimad a midemak?",哪三個方法可以使我們加強決心按真理而行?,joseph_reviewed_traditional,Amis_566,3,https://glosbe.com/ami/zh/O/fragment/tmem?page=4&mode=MUST&stem=true,work/reference_glosbe/amis_glosbe_traditional.xml
GLOSBE_REVIEWED_ZHO_05aa2ce8f12aae77,O olah ni Yis samaanay mifiyor kitaanan?,耶穌的愛對我們有什麼影響?,joseph_reviewed_traditional,Amis_567,1,https://glosbe.com/ami/zh/O/fragment/tmem?page=4&mode=MUST&stem=true,work/reference_glosbe/amis_glosbe_traditional.xml
GLOSBE_REVIEWED_ZHO_5c5c2e638500f8cc,"O tamdaw dipoten Ako,","我必保護忠貞子民,",joseph_reviewed_traditional,Amis_568,1,https://glosbe.com/ami/zh/O/fragment/tmem?page=4&mode=MUST&stem=true,work/reference_glosbe/amis_glosbe_traditional.xml
GLOSBE_REVIEWED_ZHO_48a4ae2b6032c13d,"Micekiw kita to Fangcalay Cudad, o mamikarkar to sano'odoay a kimad, ho nga'ay malo no'adingoan a tamdaw ko niyah.","我們研讀聖經,是要找出寶貴的真理,使自己成為屬靈的人。",joseph_reviewed_traditional,Amis_569,2,https://glosbe.com/ami/zh/O/fragment/tmem?page=4&mode=MUST&stem=true,work/reference_glosbe/amis_glosbe_traditional.xml
GLOSBE_REVIEWED_ZHO_e624a1cdf2ac8306,"So'linay mahapinangay ci Yis, kawra cowa ka haen o milongocan ni Mariya ko mifekaday a demak.","耶穌確實被認出來了,不過事情的發展可能跟馬利亞預期的不一樣。",joseph_reviewed_traditional,Amis_572,5,https://glosbe.com/ami/zh/O/fragment/tmem?page=4&mode=MUST&stem=true,work/reference_glosbe/amis_glosbe_traditional.xml
GLOSBE_REVIEWED_ZHO_1b51014af4d1b62b,"Ano patahekal kita to matiniay cowa pisateked a olah, o mamatomes to hemek ato epoc ko noka'orip ita.","我們表現這種無私的愛,生活就會充滿快樂和意義。",joseph_reviewed_traditional,Amis_573,3,https://glosbe.com/ami/zh/O/fragment/tmem?page=4&mode=MUST&stem=true,work/reference_glosbe/amis_glosbe_traditional.xml
GLOSBE_REVIEWED_ZHO_25301453b3e48daf,"Iraay ko pina folad, o Micekiway to Fangcalay Cudad a tamdaw, padadotocay palilam to Mala'osiay a Mahimeday a cudad.","有幾個月的時間,聖經研究者不斷向人分發《完成的奧祕》這本書。",joseph_reviewed_traditional,Amis_574,2,https://glosbe.com/ami/zh/O/fragment/tmem?page=4&mode=MUST&stem=true,work/reference_glosbe/amis_glosbe_traditional.xml
GLOSBE_REVIEWED_ZHO_ef0bc55774a486ad,"Polong a lekakawa ni Satan, mahawpay ko mirikecay, mararaway pidoyongan ato misasingdiay o mamapelal.",撒但的整個制度包括政治、錯誤宗教和商業都一定會瓦解。,joseph_reviewed_traditional,Amis_575,2,https://glosbe.com/ami/zh/O/fragment/tmem?page=4&mode=MUST&stem=true,work/reference_glosbe/amis_glosbe_traditional.xml
GLOSBE_REVIEWED_ZHO_55172e549569d87f,(1) O maanan ko pakidemay a midoka' to tamdaw hani? (2) O cima ko pasowalay to saka cecay a mangah hani?,(甲)對人類造成最嚴重傷害的是什麼?( 乙)誰說出第一個謊言?,joseph_reviewed_traditional,Amis_577,3,https://glosbe.com/ami/zh/O/fragment/tmem?page=5&mode=MUST&stem=true,work/reference_glosbe/amis_glosbe_traditional.xml
GLOSBE_REVIEWED_ZHO_9d870f44a7dfb2e5,O TAMDAMDAW misaaliay to sasayar.,人人都需要安慰。,joseph_reviewed_traditional,Amis_578,1,https://glosbe.com/ami/zh/O/fragment/tmem?page=5&mode=MUST&stem=true,work/reference_glosbe/amis_glosbe_traditional.xml
GLOSBE_REVIEWED_ZHO_64d814758dcbd973,Micadaay to Ino' — O Tatooren no Krisciyang a Palinian,受浸是成為基督徒的必要條件,joseph_reviewed_traditional,Amis_580,0,https://glosbe.com/ami/zh/O/fragment/tmem?page=5&mode=MUST&stem=true,work/reference_glosbe/amis_glosbe_traditional.xml
GLOSBE_REVIEWED_ZHO_1861f9592e6a4416,"O roma mihongyakan a Fangcalay Cudad, o'cango'otay' mihongyakan to ""awaay ko kapo"", ""awaay ko epoc,"" ""cowa ko kalimelaan.""",有些聖經譯本將“貧乏”翻譯為“無用”、“無意義”、“乏用”。,joseph_reviewed_traditional,Amis_582,1,https://glosbe.com/ami/zh/O/fragment/tmem?page=5&mode=MUST&stem=true,work/reference_glosbe/amis_glosbe_traditional.xml
GLOSBE_REVIEWED_ZHO_57fcae626f33182e,Malacafay to Madimadiay a Salikaka Matayal O Ta'angayay Sapalemed,跟忠貞的弟兄一起工作是很大的福分,joseph_reviewed_traditional,Amis_583,1,https://glosbe.com/ami/zh/O/fragment/tmem?page=5&mode=MUST&stem=true,work/reference_glosbe/amis_glosbe_traditional.xml
GLOSBE_REVIEWED_ZHO_3f455995190b3ff6,O manan ko araaw noni mitosilay demak hani?,這項活動的目的是什麼?,joseph_reviewed_traditional,Amis_585,2,https://glosbe.com/ami/zh/O/fragment/tmem?page=5&mode=MUST&stem=true,work/reference_glosbe/amis_glosbe_traditional.xml
GLOSBE_REVIEWED_ZHO_b2e653884c7489f8,9. (1) O manan a lalangian alatek matalaw kita misata'angay to ngiha' a romadiw pahemek ci Yihofaan hani?,9.( 甲)什麼因素可能會讓我們不敢在聚會和大會中大聲唱出詩歌?(,joseph_reviewed_traditional,Amis_590,2,https://glosbe.com/ami/zh/O/fragment/tmem?page=5&mode=MUST&stem=true,work/reference_glosbe/amis_glosbe_traditional.xml
GLOSBE_REVIEWED_ZHO_86067a1e8d78b8e4,"5 Wa nga'ay pakaso'linen ita ci Yihofa, o papadama Cingra kitanan.",5 我們可以堅信耶和華一定會幫助我們。,joseph_reviewed_traditional,Amis_595,3,https://glosbe.com/ami/zh/O/fragment/tmem?page=5&mode=MUST&stem=true,work/reference_glosbe/amis_glosbe_traditional.xml
GLOSBE_REVIEWED_ZHO_dff7e06804c551fb,"Kawra palalinien to malifokay a sapalemed, o misadakan ita a sapi'aca, cowato ka samaan.","但和得到的福分相比,我們付出的代價其實不算什麼。",joseph_reviewed_traditional,Amis_596,3,https://glosbe.com/ami/zh/O/fragment/tmem?page=5&mode=MUST&stem=true,work/reference_glosbe/amis_glosbe_traditional.xml
GLOSBE_REVIEWED_ZHO_6341a415fff109e6,MISAWACAYAY Tamdaw ni Yihofa o lipahakay a tamdaw.,耶和華見證人是一群快樂的人。,joseph_reviewed_traditional,Amis_598,1,https://glosbe.com/ami/zh/O/fragment/tmem?page=5&mode=MUST&stem=true,work/reference_glosbe/amis_glosbe_traditional.xml
GLOSBE_REVIEWED_ZHO_d8bb92e4d7d5864f,"10 Licayen ko niyah: "" O ka'orip ako paihekalay to so'linay kako mafana' ci Yihofa han?",10 我們可以問問自己:“我的生活方式表明我真的認識耶和華嗎?,joseph_reviewed_traditional,Amis_599,0,https://glosbe.com/ami/zh/O/fragment/tmem?page=5&mode=MUST&stem=true,work/reference_glosbe/amis_glosbe_traditional.xml
GLOSBE_REVIEWED_ZHO_c6f312d8d56f58e6,Tada o nga'ayay a toki koni a micowat to mitosilay a demak itira.,"對我們來說,這真的是擴展傳道工作的好機會。",joseph_reviewed_traditional,Amis_600,3,https://glosbe.com/ami/zh/O/fragment/tmem?page=5&mode=MUST&stem=true,work/reference_glosbe/amis_glosbe_traditional.xml
GLOSBE_REVIEWED_ZHO_55caf9681842f1a6,"19 Pakalalokay ko Fangcalay Cudad kitanan patahekal to mihamhamay, mihaen o nganga'ay a misalof to kalala'ed ato tao, ano o'adato o mamala nga'ay.","19 聖經鼓勵我們要表現好客的精神,這樣能改善與別人的關係,甚至是和敵人的關係。(",joseph_reviewed_traditional,Amis_602,3,https://glosbe.com/ami/zh/O/fragment/tmem?page=6&mode=MUST&stem=true,work/reference_glosbe/amis_glosbe_traditional.xml
GLOSBE_REVIEWED_ZHO_83d15e95532ec900,"Isaka 1992 miheca mapanilnilay kako malo malohemay malitengay, o saka cecay a Kirekis a tamdaw kako to malo malohemay malitengay.","我在1992年被委任做長老,這是吉爾吉斯斯坦第一次有吉爾吉斯人做長老。",joseph_reviewed_traditional,Amis_605,3,https://glosbe.com/ami/zh/O/fragment/tmem?page=6&mode=MUST&stem=true,work/reference_glosbe/amis_glosbe_traditional.xml
GLOSBE_REVIEWED_ZHO_5d6157264b4619c2,O manan ko demak noni misasingdiay tamdaw toha sapicakayaw tora matekesay ko'aca a cinco?,比喻中的商人為了得到價值非凡的珍珠願意做什麼?(,joseph_reviewed_traditional,Amis_606,3,https://glosbe.com/ami/zh/O/fragment/tmem?page=6&mode=MUST&stem=true,work/reference_glosbe/amis_glosbe_traditional.xml
GLOSBE_REVIEWED_ZHO_7c7e315810811a72,"Itini pinokayan to Pitil a lalan, milicayay ko mikayatay tamiyanan: "" O maanan ko kasasiroma no maeferay ato matefaday a fo'is?""","回到伯特利後,導攬員問我們:“流星和隕石有什麼不同?”",joseph_reviewed_traditional,Amis_609,0,https://glosbe.com/ami/zh/O/fragment/tmem?page=6&mode=MUST&stem=true,work/reference_glosbe/amis_glosbe_traditional.xml
GLOSBE_REVIEWED_ZHO_8bd7add544c26629,"Oniya demak ato roma mahecaday demak sahto "" O Lala'is no Kwipik.""",這次的事件和其他類似的事都是“魁北克的斗爭”的一部分。,joseph_reviewed_traditional,Amis_610,0,https://glosbe.com/ami/zh/O/fragment/tmem?page=6&mode=MUST&stem=true,work/reference_glosbe/amis_glosbe_traditional.xml
GLOSBE_REVIEWED_ZHO_553e4bc271ea68fb,"Ano o ci Pawloto, maedeng miako'iday to sida'it ni Parnapas.","另一方面,保羅一定很感激巴拿巴所表現的仁慈和體恤。",joseph_reviewed_traditional,Amis_615,3,https://glosbe.com/ami/zh/O/fragment/tmem?page=6&mode=MUST&stem=true,work/reference_glosbe/amis_glosbe_traditional.xml
GLOSBE_REVIEWED_ZHO_061c502b3b6e5321,"Talacowa o Misawacayay Tamdaw ni Yihofa!'""",到處都是耶和華見證人!’”,joseph_reviewed_traditional,Amis_617,1,https://glosbe.com/ami/zh/O/fragment/tmem?page=6&mode=MUST&stem=true,work/reference_glosbe/amis_glosbe_traditional.xml
GLOSBE_REVIEWED_ZHO_b1f77ca6e565f001,"O roma, wa miharateng kita to sasamaan pakalalok to cafay ita a mitosil.","此外,我們要想想怎樣鼓勵我們的傳道同伴。",joseph_reviewed_traditional,Amis_618,3,https://glosbe.com/ami/zh/O/fragment/tmem?page=6&mode=MUST&stem=true,work/reference_glosbe/amis_glosbe_traditional.xml
GLOSBE_REVIEWED_ZHO_b605a2e2e73c8578,O manan ko mamananam ita to nika pisaysay ni Yihofa to pisafelit ni Satan?,我們可以從耶和華處理撒但反叛的事上學到什麼?,joseph_reviewed_traditional,Amis_619,3,https://glosbe.com/ami/zh/O/fragment/tmem?page=6&mode=MUST&stem=true,work/reference_glosbe/amis_glosbe_traditional.xml
GLOSBE_REVIEWED_ZHO_ae43ed78bf241975,"13, 14. (1) O mirikecay ato pihakelongan, hano mamifekad ko mari'angay ato cowa ka sadafdaf a demak hani?","13,14.( 甲)為什麼說政治和宗教會導致暴力和不公的事?(",joseph_reviewed_traditional,Amis_621,4,https://glosbe.com/ami/zh/O/fragment/tmem?page=6&mode=MUST&stem=true,work/reference_glosbe/amis_glosbe_traditional.xml
GLOSBE_REVIEWED_ZHO_deb6954932431556,O nisawawaan ni Yis wa ciheci to maanan a heci hani?,耶穌的門徒需要結出什麼果實呢?,joseph_reviewed_traditional,Amis_623,3,https://glosbe.com/ami/zh/O/fragment/tmem?page=6&mode=MUST&stem=true,work/reference_glosbe/amis_glosbe_traditional.xml
GLOSBE_REVIEWED_ZHO_a04980eaad016156,O roma alatek cowa ko papakaremo kako milaheci to tayal saan a miharateng.,"有些弟兄則覺得自己能力不足,無法完成會眾的工作。",joseph_reviewed_traditional,Amis_626,3,https://glosbe.com/ami/zh/O/fragment/tmem?page=7&mode=MUST&stem=true,work/reference_glosbe/amis_glosbe_traditional.xml
GLOSBE_REVIEWED_ZHO_dfab11268dc2b7a8,"Mikitini Fangcalay Cudad mahapinangay ni Kolaham ko dangoc no niyah, mahecaday o dadingoan, ma'araw ko so'linay a pising no niyah!","格雷姆從聖經的觀點看出自己的問題, 好像照鏡子一樣,看到自己真實的面貌。",joseph_reviewed_traditional,Amis_628,2,https://glosbe.com/ami/zh/O/fragment/tmem?page=7&mode=MUST&stem=true,work/reference_glosbe/amis_glosbe_traditional.xml
GLOSBE_REVIEWED_ZHO_bdb2401c7e44671c,"(2) Ano malitemoh iso ko cecay Misawacayay Tamdaw ni Yihofa anca cowa pidoko to Kawas a tamdaw, o maanan ko kasasiromaan hani?",乙)初次見到一個耶和華見證人和見到不崇拜上帝的人有什麼不同?,joseph_reviewed_traditional,Amis_629,4,https://glosbe.com/ami/zh/O/fragment/tmem?page=7&mode=MUST&stem=true,work/reference_glosbe/amis_glosbe_traditional.xml
GLOSBE_REVIEWED_ZHO_89dfca7cbb1595ed,3. (1) O cima ko kalimlaan ni Yihofa a finawlan nohatini hani?,3.( 甲)今天哪些人是耶和華寶貴的子民?(,joseph_reviewed_traditional,Amis_630,3,https://glosbe.com/ami/zh/O/fragment/tmem?page=7&mode=MUST&stem=true,work/reference_glosbe/amis_glosbe_traditional.xml
GLOSBE_REVIEWED_ZHO_3d9b97a025c85267,"Mahapinangayho ako, ano o samaanayto ko fanges no salikaka, mahecaday kitaanan, kamayan o salikaka ita cangra, o nganga'ay mikinafalah kita to'orip saki cangraanan.","我也體會到,弟兄無論膚色是否跟我們一樣,他依舊是我們的弟兄,必要時也願意為我們犧牲生命。",joseph_reviewed_traditional,Amis_631,2,https://glosbe.com/ami/zh/O/fragment/tmem?page=7&mode=MUST&stem=true,work/reference_glosbe/amis_glosbe_traditional.xml
GLOSBE_REVIEWED_ZHO_45071bf4b9421c2f,"8 Masowal ni Yis ko Wama ningra i, sanay ko sowal: "" O caay ka ciheci a ca'ang ako a maemin i, ketonen no Wama a mifalah.""","8 耶穌談到他的父親時,他說:“我的枝子,凡不結果實的,他就除掉。”",joseph_reviewed_traditional,Amis_633,0,https://glosbe.com/ami/zh/O/fragment/tmem?page=7&mode=MUST&stem=true,work/reference_glosbe/amis_glosbe_traditional.xml
GLOSBE_REVIEWED_ZHO_9c93457293f69690,"O CECAY kawcong a kapah ci Toni, mimingho awaayto ko wama.","有個高中生叫托尼,從小就沒有爸爸。",joseph_reviewed_traditional,Amis_634,3,https://glosbe.com/ami/zh/O/fragment/tmem?page=7&mode=MUST&stem=true,work/reference_glosbe/amis_glosbe_traditional.xml
GLOSBE_REVIEWED_ZHO_1e625182e4bde268,O dotoc a lalakaw wa milengo toniya salicay.,下一篇課文會談談這個問題。,joseph_reviewed_traditional,Amis_635,1,https://glosbe.com/ami/zh/O/fragment/tmem?page=7&mode=MUST&stem=true,work/reference_glosbe/amis_glosbe_traditional.xml
GLOSBE_REVIEWED_ZHO_773e86d4c8a63fef,"Ikor no cecay liyad, o roma paro no loma' ningra mala Misawacayay Tamdaw.","一段時間後,他的一些家人也成為耶和華見證人。",joseph_reviewed_traditional,Amis_636,3,https://glosbe.com/ami/zh/O/fragment/tmem?page=7&mode=MUST&stem=true,work/reference_glosbe/amis_glosbe_traditional.xml
GLOSBE_REVIEWED_ZHO_84bfe1646a969503,"ADIHAYAY ko misanga'an no tamdaw a dafong madepocay ko ka'orip, tinakoen o tingwa, tinghoy, tosiya ato pinsiyang.","人類發明瞭許多東西使生活更便利,例如電話、電燈、汽車和冰箱。",joseph_reviewed_traditional,Amis_637,3,https://glosbe.com/ami/zh/O/fragment/tmem?page=7&mode=MUST&stem=true,work/reference_glosbe/amis_glosbe_traditional.xml
GLOSBE_REVIEWED_ZHO_e5613eebdc2b6f5d,"Itiya o mitatiliday no salikaka ci Mileton Hansuel kako, pinaay polo miheca cingra malacafay ci Noloan a matayal.","那時我是米爾頓·韓素爾弟兄的祕書,他與諾爾弟兄一起工作了幾十年。",joseph_reviewed_traditional,Amis_639,4,https://glosbe.com/ami/zh/O/fragment/tmem?page=7&mode=MUST&stem=true,work/reference_glosbe/amis_glosbe_traditional.xml
GLOSBE_REVIEWED_ZHO_1b21bf746e77bc5e,"10. (1) O mifolesakay a tinakoan, o sapaloma ato sera mitaypiyaway to maanan hani?","10.( 甲)撒種人的比喻中,種子和土壤代表什麼?(",joseph_reviewed_traditional,Amis_640,2,https://glosbe.com/ami/zh/O/fragment/tmem?page=7&mode=MUST&stem=true,work/reference_glosbe/amis_glosbe_traditional.xml
GLOSBE_REVIEWED_ZHO_22f02614fdb40857,28 Lipahak — O Naitiniay i Kawas a Capeling,28 喜樂——從上帝而來的特質,joseph_reviewed_traditional,Amis_641,0,https://glosbe.com/ami/zh/O/fragment/tmem?page=7&mode=MUST&stem=true,work/reference_glosbe/amis_glosbe_traditional.xml
GLOSBE_REVIEWED_ZHO_fd1303c916e14d43,"O mahaenay hormon a IUD misakihepicay to laloma' no sawawaan, nolatekay ta noninian a IUD miadah to pakinaliay ko lala' a fafahiyan.","由於荷爾蒙避孕器使子宮內膜變薄,有時這種避孕器也會用來治療月經流量大的女性。",joseph_reviewed_traditional,Amis_642,2,https://glosbe.com/ami/zh/O/fragment/tmem?page=7&mode=MUST&stem=true,work/reference_glosbe/amis_glosbe_traditional.xml
GLOSBE_REVIEWED_ZHO_107aa561239163dc,Mihalamhan ci Yihofaan o manan ko tatodong hani?,仰望耶和華是什麼意思?,joseph_reviewed_traditional,Amis_643,1,https://glosbe.com/ami/zh/O/fragment/tmem?page=7&mode=MUST&stem=true,work/reference_glosbe/amis_glosbe_traditional.xml
GLOSBE_REVIEWED_ZHO_1630a4fca2232633,O maanan ko mananamay ita to pikerid ni Kristo to saka 1 hahekalan a kasakopang?,我們從基督帶領1世紀會眾的方式學到什麼?,joseph_reviewed_traditional,Amis_644,3,https://glosbe.com/ami/zh/O/fragment/tmem?page=7&mode=MUST&stem=true,work/reference_glosbe/amis_glosbe_traditional.xml
GLOSBE_REVIEWED_ZHO_34a64bb00787a854,O Kawas ko pahemeken.,讚美歌聲響徹四方。,joseph_reviewed_traditional,Amis_645,0,https://glosbe.com/ami/zh/O/fragment/tmem?page=7&mode=MUST&stem=true,work/reference_glosbe/amis_glosbe_traditional.xml
GLOSBE_REVIEWED_ZHO_298421f76b21c4e2,O harateng ni Yihofa hano o saka ciepoc ita?,為什麼耶和華的思想對我們有益?,joseph_reviewed_traditional,Amis_646,3,https://glosbe.com/ami/zh/O/fragment/tmem?page=7&mode=MUST&stem=true,work/reference_glosbe/amis_glosbe_traditional.xml
GLOSBE_REVIEWED_ZHO_c37470e2c7a695d1,O wama wina papadama to wawa miliyas to tatiihay a lawla han?,父母有沒有幫助孩子避開有害的娛樂呢?(,joseph_reviewed_traditional,Amis_648,3,https://glosbe.com/ami/zh/O/fragment/tmem?page=7&mode=MUST&stem=true,work/reference_glosbe/amis_glosbe_traditional.xml
GLOSBE_REVIEWED_ZHO_40f6417ab41304f3,"8, 9. (1) O roma a lalangian ita a mitosil o maanan hani?","8,9.( 甲)我們傳道的另一個理由是什麼?(",joseph_reviewed_traditional,Amis_649,2,https://glosbe.com/ami/zh/O/fragment/tmem?page=7&mode=MUST&stem=true,work/reference_glosbe/amis_glosbe_traditional.xml
GLOSBE_REVIEWED_ZHO_1a70d1ae376e702d,O maanan ko tatodong no no'adingoan a tamdaw?,做屬靈的人是什麼意思?,joseph_reviewed_traditional,Amis_650,0,https://glosbe.com/ami/zh/O/fragment/tmem?page=8&mode=MUST&stem=true,work/reference_glosbe/amis_glosbe_traditional.xml
GLOSBE_REVIEWED_ZHO_574a2dd7c05e684d,O maamaan ko no'dingoan sapilood a riko'?,屬靈盔甲有哪些部分?,joseph_reviewed_traditional,Amis_651,1,https://glosbe.com/ami/zh/O/fragment/tmem?page=8&mode=MUST&stem=true,work/reference_glosbe/amis_glosbe_traditional.xml
GLOSBE_REVIEWED_ZHO_ab9e86fc244e18b9,"Itiya, o makowanay no Suwiay ko Talin.","那時,塔林仍屬於蘇聯的管轄範圍。",joseph_reviewed_traditional,Amis_652,1,https://glosbe.com/ami/zh/O/fragment/tmem?page=8&mode=MUST&stem=true,work/reference_glosbe/amis_glosbe_traditional.xml
GLOSBE_REVIEWED_ZHO_dbdd79757e5cf121,"10 Nengnengen haca ita ko cecay tinakoan, o fafahiyan wawa no kakitaan ci Yifta, o misaaliay to sapakalalok cingra.","10 讓我們再看一個例子,就是士師耶弗他的女兒,她也是一個需要受到鼓勵的人。",joseph_reviewed_traditional,Amis_653,6,https://glosbe.com/ami/zh/O/fragment/tmem?page=8&mode=MUST&stem=true,work/reference_glosbe/amis_glosbe_traditional.xml
GLOSBE_REVIEWED_ZHO_bedf968289b49b34,"1, 2. (1) O picada ni Yihofa to tamdaw samaanay caka lecad to cifadangalay a tamdaw?","1,2. (甲)耶和華對待人的方式跟有權有勢的人有什麼不同?(",joseph_reviewed_traditional,Amis_654,1,https://glosbe.com/ami/zh/O/fragment/tmem?page=8&mode=MUST&stem=true,work/reference_glosbe/amis_glosbe_traditional.xml
GLOSBE_REVIEWED_ZHO_14bf91273497fb17,"Anini, misa'icelay ko roma wama wina, ira ko adihayay a dafong no wawa, so'lin o pihaen to demak wa malingat ko kalala'ed no wawa aci Yihofa.","今天,有些父母無論如何都希望孩子能在物質方面得到最好的,即使這麼做會影響孩子與耶和華的關係。",joseph_reviewed_traditional,Amis_655,7,https://glosbe.com/ami/zh/O/fragment/tmem?page=8&mode=MUST&stem=true,work/reference_glosbe/amis_glosbe_traditional.xml
GLOSBE_REVIEWED_ZHO_2ac454109ca6fc85,O nafaloco'an no papina tamdaw kora ilaenoay:,以下是其中一些人的心聲:,joseph_reviewed_traditional,Amis_656,1,https://glosbe.com/ami/zh/O/fragment/tmem?page=8&mode=MUST&stem=true,work/reference_glosbe/amis_glosbe_traditional.xml
GLOSBE_REVIEWED_ZHO_a4c2e53f0e1bf833,"O roma Krisciyang miharateng to nano karetengay a raraw no niyah, cowa ko sasododen no Kawas cangra sanay.","有些基督徒可能覺得,自己曾犯下嚴重的過錯,上帝一定不會原諒他們。",joseph_reviewed_traditional,Amis_657,2,https://glosbe.com/ami/zh/O/fragment/tmem?page=8&mode=MUST&stem=true,work/reference_glosbe/amis_glosbe_traditional.xml
GLOSBE_REVIEWED_ZHO_2b6c4cf95e3945f5,O parihadayay a nga'ayay ratoh ko hacokap (Nengnengen ko 9-11 fatac),和平好消息的鞋子(見第9-11段),joseph_reviewed_traditional,Amis_659,0,https://glosbe.com/ami/zh/O/fragment/tmem?page=8&mode=MUST&stem=true,work/reference_glosbe/amis_glosbe_traditional.xml
GLOSBE_REVIEWED_ZHO_e9a4cb8338db06dd,O pakayraan iso a ma'orip mahapinangay no tao to Misawacayay Tamdaw ni Yihofa kiso han?,你的生活方式讓人看出你是個耶和華見證人嗎?(,joseph_reviewed_traditional,Amis_660,5,https://glosbe.com/ami/zh/O/fragment/tmem?page=8&mode=MUST&stem=true,work/reference_glosbe/amis_glosbe_traditional.xml
GLOSBE_REVIEWED_ZHO_73ed00ebc7d02e0c,"Oniya 550 a mirienangay salikaka itini tosa a lipay, o mapalilamay nangra 6 a'ofad a cacudadan!","這550個來參與特別活動的傳道員在兩個星期內,就分發了約六萬份刊物!",joseph_reviewed_traditional,Amis_661,2,https://glosbe.com/ami/zh/O/fragment/tmem?page=8&mode=MUST&stem=true,work/reference_glosbe/amis_glosbe_traditional.xml
GLOSBE_REVIEWED_ZHO_0a105644d1ff2437,"1918 miheca 6 folad 20 romi'ad, o kapot no misawkitay misa'osiay to ciraraway koya fafaloay salikaka.","1918年6月20日,陪審團裁定八位弟兄的所有罪名成立。",joseph_reviewed_traditional,Amis_663,3,https://glosbe.com/ami/zh/O/fragment/tmem?page=8&mode=MUST&stem=true,work/reference_glosbe/amis_glosbe_traditional.xml
GLOSBE_REVIEWED_ZHO_16ef9aad8d63f8c2,"8 O fangcalay saocor no Kawas cowa ko padama aca patikol to marihaday ko faloco' no mita, mikayatho kitaanan misinanot to roma a sinael, patalipa'elalay kitaanan padotoc misakareteng to no'adingoan a demak.","8 上帝的聖靈除了能使我們恢復平靜,也能引導我們留意一些經文,提醒我們要繼續重視屬靈的事。(",joseph_reviewed_traditional,Amis_664,3,https://glosbe.com/ami/zh/O/fragment/tmem?page=8&mode=MUST&stem=true,work/reference_glosbe/amis_glosbe_traditional.xml
GLOSBE_REVIEWED_ZHO_8f144e467c8fb8f9,"29 ' O Moecelay Tamdaw, Pakayniay ci Yihofaan a Lipahak'",29 “義人要因耶和華而歡喜”,joseph_reviewed_traditional,Amis_668,0,https://glosbe.com/ami/zh/O/fragment/tmem?page=8&mode=MUST&stem=true,work/reference_glosbe/amis_glosbe_traditional.xml
GLOSBE_REVIEWED_ZHO_cac2dff4d8c6d70f,"2 O mitiliday to'Olic 147 fedengan, makalimay pahemek ci Yihofaan.","2 詩篇147篇的執筆者渴望讚美耶和華,也鼓勵其他人與他一起讚美上帝。(",joseph_reviewed_traditional,Amis_669,1,https://glosbe.com/ami/zh/O/fragment/tmem?page=8&mode=MUST&stem=true,work/reference_glosbe/amis_glosbe_traditional.xml
GLOSBE_REVIEWED_ZHO_b08f568367a5f876,"""Wamaaw, nanay, matiya o nika lacecay ita ko nika lacecay nangra."" —YOHANI 17:20, 21.","我祈求使他們全都合一,正如父親你跟我聯合。——約翰福音17:20,21",joseph_reviewed_traditional,Amis_670,3,https://glosbe.com/ami/zh/O/fragment/tmem?page=8&mode=MUST&stem=true,work/reference_glosbe/amis_glosbe_traditional.xml
GLOSBE_REVIEWED_ZHO_1cd6554e1cc390cd,"Mihaen to demak kita, o nganga'ayto a pakaliyas to raraw ato patay, milifok to so'linay pasalat.","我們這樣做,就有機會擺脫罪和死亡,得到真正的自由。(",joseph_reviewed_traditional,Amis_672,4,https://glosbe.com/ami/zh/O/fragment/tmem?page=8&mode=MUST&stem=true,work/reference_glosbe/amis_glosbe_traditional.xml
GLOSBE_REVIEWED_ZHO_8a79d589192a7636,"Wa kilimen ita ko ca'of noniya salicay, wa milengoho to o maanan ko mamananam no mita.","我們會找出這些問題的答案,也會談談我們可以學到什麼。",joseph_reviewed_traditional,Amis_673,3,https://glosbe.com/ami/zh/O/fragment/tmem?page=8&mode=MUST&stem=true,work/reference_glosbe/amis_glosbe_traditional.xml
GLOSBE_REVIEWED_ZHO_bbc72daec52fbc02,Sanay ko ca'of ni Yis: 'Cowa ko noni hekal ko Hongti Kitakit ako.',耶穌回答說:“我的王國不屬於這個世界。”(,joseph_reviewed_traditional,Amis_680,4,https://glosbe.com/ami/zh/ako,work/reference_glosbe/amis_glosbe_traditional.xml
GLOSBE_REVIEWED_ZHO_ad7df68598df90c9,Palemedan ni Yihofa ko Misa'osian Ako,我的決定蒙耶和華賜福,joseph_reviewed_traditional,Amis_681,1,https://glosbe.com/ami/zh/ako,work/reference_glosbe/amis_glosbe_traditional.xml
GLOSBE_REVIEWED_ZHO_154948c20c4621d4,"Matinakoay ako ko olah ato sini'ada nangra.""",安慰別人的另一個好方法是什麼?,joseph_reviewed_traditional,Amis_682,1,https://glosbe.com/ami/zh/ako,work/reference_glosbe/amis_glosbe_traditional.xml
GLOSBE_REVIEWED_ZHO_7ba84fa83f2dc79a,"Malowiday ako a pasowal ko tao, kawra cowa ka tongal ko hemek ako.","雖然我常常講贏別人,但也沒有因此變得更快樂。",joseph_reviewed_traditional,Amis_683,4,https://glosbe.com/ami/zh/ako,work/reference_glosbe/amis_glosbe_traditional.xml
GLOSBE_REVIEWED_ZHO_bce80260702e483d,"Padotoc kamo a ciheci, paihekal to nisawawaan ako kamo, mihaen mapa'dil ko wama ako.' —YOHANI 15:8.","你們不斷多結果實,表明自己是我的門徒,我的父親就因此得榮耀了。——約翰福音15:8",joseph_reviewed_traditional,Amis_686,2,https://glosbe.com/ami/zh/ako,work/reference_glosbe/amis_glosbe_traditional.xml
GLOSBE_REVIEWED_ZHO_6ef96f7e247f5ec5,"Marariday kako mitengil to kasasowal nangra, nolatekay pacafayan ako ko wina mirienang to sa'opo.","我常聽媽媽跟傳道員談話,有時也陪媽媽去參加聚會。",joseph_reviewed_traditional,Amis_688,3,https://glosbe.com/ami/zh/ako,work/reference_glosbe/amis_glosbe_traditional.xml
GLOSBE_REVIEWED_ZHO_0fc5912f33e09559,"Midipot to tamdaw Ako,","我必守護忠心僕人,",joseph_reviewed_traditional,Amis_695,0,https://glosbe.com/ami/zh/ako,work/reference_glosbe/amis_glosbe_traditional.xml
GLOSBE_REVIEWED_ZHO_842abf013620adef,"10 Licayen ko niyah: ""O ka'orip ako paihekalay to so'linay kako mafana' ci Yihofa han?",10 我們可以問問自己:“我的生活方式表明我真的認識耶和華嗎?,joseph_reviewed_traditional,Amis_697,2,https://glosbe.com/ami/zh/ako,work/reference_glosbe/amis_glosbe_traditional.xml
GLOSBE_REVIEWED_ZHO_2e3bc017fcf12b67,Pasela' sanay ko no'adingoan a demak ako.,"我在那裡得不到屬靈食物,也無法跟弟兄姐妹來往,結果我的屬靈活動都停止了。",joseph_reviewed_traditional,Amis_699,2,https://glosbe.com/ami/zh/ako,work/reference_glosbe/amis_glosbe_traditional.xml
GLOSBE_REVIEWED_ZHO_d65da87e9fcd2888,"1962 Miheca, mapalitay kako","1962年,我在勞動營",joseph_reviewed_traditional,Amis_702,1,https://glosbe.com/ami/zh/kako,work/reference_glosbe/amis_glosbe_traditional.xml
GLOSBE_REVIEWED_ZHO_55b446671aa748ae,"Wa mi'imer kako to niyah ato wawa, aka pakidem a minengneng to milawlaay a kamok anca lalakaw han?","我會約束孩子和自己,不要接觸太多娛樂節目或瀏攬相關資訊嗎?",joseph_reviewed_traditional,Amis_710,6,https://glosbe.com/ami/zh/kako,work/reference_glosbe/amis_glosbe_traditional.xml
GLOSBE_REVIEWED_ZHO_08f58c2c107859f9,"Sasamaan kako misakadademak to minanaman a padama to tao?""",我怎樣運用所學的來幫助別人?”,joseph_reviewed_traditional,Amis_712,2,https://glosbe.com/ami/zh/kako,work/reference_glosbe/amis_glosbe_traditional.xml
GLOSBE_REVIEWED_ZHO_3ad892effbb2f2b6,Tada maolahay kako malacafay to wama ato kaka ci Cili tano hatiniay a pakayraan a mitosil.,我很喜歡跟爸爸和哥哥傑裡一起做這樣的傳道工作。,joseph_reviewed_traditional,Amis_717,5,https://glosbe.com/ami/zh/kako,work/reference_glosbe/amis_glosbe_traditional.xml
GLOSBE_REVIEWED_ZHO_22d7ad8daa43f772,"Tahanini, pasangaray kako mitadtad to malifetay niyam a roray itiya.","直到現在,我都很難跟別人解釋我們當時經歷的痛苦。",joseph_reviewed_traditional,Amis_718,4,https://glosbe.com/ami/zh/kako,work/reference_glosbe/amis_glosbe_traditional.xml
GLOSBE_REVIEWED_ZHO_4dceb8b3496ed3b7,Pafeliay to kalimlaan wawa.,他為全人類獻出寶貴兒子。,joseph_reviewed_traditional,Amis_727,1,https://glosbe.com/ami/zh/wawa,work/reference_glosbe/amis_glosbe_traditional.xml
GLOSBE_REVIEWED_ZHO_5d86b19625304d66,"8. (1) Pakayni to micoliay a micongangah ko wawa to wama wina, samaanay a minengneng ko tamdaw anini?",8.( 甲)今天一些人對忤逆父母有什麼看法?(,joseph_reviewed_traditional,Amis_728,3,https://glosbe.com/ami/zh/wawa,work/reference_glosbe/amis_glosbe_traditional.xml
GLOSBE_REVIEWED_ZHO_b6fd820d0cc533d2,Wama Wina —Padamaen ko Wawa Ira ko Taneng Nga'ay Malidong,父母要幫助兒女 “有智慧可以得救”,joseph_reviewed_traditional,Amis_729,1,https://glosbe.com/ami/zh/wawa,work/reference_glosbe/amis_glosbe_traditional.xml
GLOSBE_REVIEWED_ZHO_01c81211380f830d,"Ano cowa ko Krisciyang ko raramod iso, mamisamaan pasifana' to wawa mikangodo to wama wina?","身為基督徒,你會教導孩子聽從聖經的吩咐:“要孝敬父母。”(",joseph_reviewed_traditional,Amis_730,2,https://glosbe.com/ami/zh/wawa,work/reference_glosbe/amis_glosbe_traditional.xml
GLOSBE_REVIEWED_ZHO_23b503d590fc93f7,"Ikor tono 4,000 miheca nga', mapatayto ko edengan Wawa ni Yihofa saki tamdamdaw.","大約4000年後,耶和華為了拯救人類付出很大的代價,犧牲他的獨生子。(",joseph_reviewed_traditional,Amis_731,3,https://glosbe.com/ami/zh/wawa,work/reference_glosbe/amis_glosbe_traditional.xml
GLOSBE_REVIEWED_ZHO_28d5e39e4e81c8d9,"Hofoc han ko wawa, cowaho ka fana' to nga'ayay anca tatiihay, pasifana'en cangra (Nengnengen ko saka 8 fatac)","孩子不會天生懂得什麼是對什麼是錯,他們還需要受到訓練(見第8段)",joseph_reviewed_traditional,Amis_734,5,https://glosbe.com/ami/zh/wawa,work/reference_glosbe/amis_glosbe_traditional.xml
GLOSBE_REVIEWED_ZHO_310ec1cf576939cd,"Caho ka halafin, pacekiwan ako ko fafahiyan wawa ato kadafo ningra.","不久,我也跟弟兄的女兒和女婿討論聖經。",joseph_reviewed_traditional,Amis_735,4,https://glosbe.com/ami/zh/wawa,work/reference_glosbe/amis_glosbe_traditional.xml
GLOSBE_REVIEWED_ZHO_57b43041339ec133,"Pafeli to wawa Ningra,","你將寶座賜予基督,",joseph_reviewed_traditional,Amis_736,0,https://glosbe.com/ami/zh/wawa,work/reference_glosbe/amis_glosbe_traditional.xml
GLOSBE_REVIEWED_ZHO_dfebec21166d8fa6,Misamanay hano padotocen no wama wina pasifana'ko wawa hani?,為什麼父母要持續教導孩子?( 見第14-18段),joseph_reviewed_traditional,Amis_739,0,https://glosbe.com/ami/zh/wawa,work/reference_glosbe/amis_glosbe_traditional.xml
GLOSBE_REVIEWED_ZHO_ae1166b2fb747314,Hano caka nga'ay mahofoc to wawa matoled ko faloco'?,為什麼說生兒育女的願望無法實現會令人傷心絕望?,joseph_reviewed_traditional,Amis_741,0,https://glosbe.com/ami/zh/wawa,work/reference_glosbe/amis_glosbe_traditional.xml
GLOSBE_REVIEWED_ZHO_2e033a4efa50b22e,"'Ayaw no mamicada to ino'ko wawa, o Krisciyang a wama wina pakaso'linayto to maanan a demak hani?",基督徒父母在孩子受浸前要確定什麼事?,joseph_reviewed_traditional,Amis_743,1,https://glosbe.com/ami/zh/wawa,work/reference_glosbe/amis_glosbe_traditional.xml
GLOSBE_REVIEWED_ZHO_1ffe69331a4ee0fb,8 Mafana'ay ci Tomas pasifana'to wawa kalimelaan ko mahadidiay faloco'.,8 托馬斯知道教導女兒需要有耐心。,joseph_reviewed_traditional,Amis_744,0,https://glosbe.com/ami/zh/wawa,work/reference_glosbe/amis_glosbe_traditional.xml
GLOSBE_REVIEWED_ZHO_0a825c097f09f4d5,"Kawriraan, ora towa wama wina milicay tisowanan, hano caka papirienangen iso ko wawa wa saan.","在這種情況下,你會表現勇氣,機巧地說明原因嗎?",joseph_reviewed_traditional,Amis_745,4,https://glosbe.com/ami/zh/wawa,work/reference_glosbe/amis_glosbe_traditional.xml
GLOSBE_REVIEWED_ZHO_52f847e9ab26b18e,"O roma i, pasowalan ako ko wawa, misaaliay kako to pina romi'ad misimsim to sowal ningra.","另一些時候,我會告訴兒子,我也需要幾天思考他說的話。",joseph_reviewed_traditional,Amis_746,1,https://glosbe.com/ami/zh/wawa,work/reference_glosbe/amis_glosbe_traditional.xml
GLOSBE_REVIEWED_ZHO_0ee31381df5a9b66,"Ano micadaay to ino'ko wawa iso, ikor cisasa to so'linay kimad, wa samaan ko demak no wama wina hani?","例如,有些青少年可能會受這個世界的事物吸引,他們也可能開始懷疑按照聖經原則生活真的是最好的嗎?(",joseph_reviewed_traditional,Amis_747,5,https://glosbe.com/ami/zh/wawa,work/reference_glosbe/amis_glosbe_traditional.xml
GLOSBE_REVIEWED_ZHO_a49d7d82cb576043,Itini i saikoray lintad o mamicoli a micongangah ko wawa sanay cingra.,"他說在最後的日子,孩子會忤逆父母。",joseph_reviewed_traditional,Amis_748,2,https://glosbe.com/ami/zh/wawa,work/reference_glosbe/amis_glosbe_traditional.xml
GLOSBE_REVIEWED_ZHO_845b99a7339fcbbe,"Alatek, o romaroma wama wina pasalatay to wawa nangra, mirienang to manan a demak, kawra, cowa ko mamakahi kiso papirienang to wawa iso.",那些基督徒父母很可能會問你不讓孩子參與的原因。,joseph_reviewed_traditional,Amis_749,3,https://glosbe.com/ami/zh/wawa,work/reference_glosbe/amis_glosbe_traditional.xml
GLOSBE_REVIEWED_ZHO_9874b1d640bc0876,O'orip no mako makayat Iso.,"我已獻出自己天天敬奉你,",joseph_reviewed_traditional,Amis_752,1,https://glosbe.com/ami/zh/mako,work/reference_glosbe/amis_glosbe_traditional.xml
GLOSBE_REVIEWED_ZHO_9ddb69157b2eca1c,"Misaka dademakay cingra to safalod i Taneng 20:5, mitala to matatodongay a toki'pakapipatalahkal to harateng' no mako, kawrira cowa koyaan hahimeden a demak.""","她會運用箴言20:5的原則,等待適當的時機‘汲引’我的想法,當然前提是這件事是我不需要保密的。”",joseph_reviewed_traditional,Amis_753,2,https://glosbe.com/ami/zh/mako,work/reference_glosbe/amis_glosbe_traditional.xml
GLOSBE_REVIEWED_ZHO_e19eff47b31a7eac,"O sowal ni Riana: ""O tada nga'ayay a sa'osi no mako konini!""",裡阿納說:“這是我作過最棒的決定!”,joseph_reviewed_traditional,Amis_754,1,https://glosbe.com/ami/zh/mako,work/reference_glosbe/amis_glosbe_traditional.xml
GLOSBE_REVIEWED_ZHO_7ecd4fbe164bcab4,"Sa'osi no mako, maolah Tisowan.","我已下定決心一生屬於你,",joseph_reviewed_traditional,Amis_755,1,https://glosbe.com/ami/zh/mako,work/reference_glosbe/amis_glosbe_traditional.xml
GLOSBE_REVIEWED_ZHO_d376eb0593c63527,Sata'angay sa to ngiha ci Mosi a pasowal: 'Cima ko midopoay ci Yihofaan?,摩西大聲地說:“誰擁護耶和華?,joseph_reviewed_traditional,Amis_776,3,https://glosbe.com/ami/zh/ci,work/reference_glosbe/amis_glosbe_traditional.xml
GLOSBE_REVIEWED_ZHO_90498e93f2f953f6,"14 Miocoran ni Kayafas ko sofitay, misalafii milepel ci Yisan.",14 該亞法派士兵乘夜捉拿耶穌。,joseph_reviewed_traditional,Amis_778,2,https://glosbe.com/ami/zh/ci,work/reference_glosbe/amis_glosbe_traditional.xml
GLOSBE_REVIEWED_ZHO_30beea28f95c8aa8,18. (1) Somowalay ci Solomon to maanan milingatay to pakalalokay a sowal?,18.( 甲)所羅門王說了什麼和鼓勵有關的話?(,joseph_reviewed_traditional,Amis_780,2,https://glosbe.com/ami/zh/ci,work/reference_glosbe/amis_glosbe_traditional.xml
GLOSBE_REVIEWED_ZHO_34bbb0e0fb559bb3,"3 'Ayaw ni Yis to 520 miheca, ocoran ni Yihofa ci Cikariya papipadama to finawlan Ningra, patalipa'elal to misamaanay hano matedal cangra miliyas to Papilon.","3 在公元前520年,耶和華差遣先知撒迦利亞去幫助他的子民,提醒他們為什麼會獲得釋放,離開巴比倫。",joseph_reviewed_traditional,Amis_781,4,https://glosbe.com/ami/zh/ci/fragment/tmem?page=2&mode=MUST&stem=true,work/reference_glosbe/amis_glosbe_traditional.xml
GLOSBE_REVIEWED_ZHO_5623bde919727b10,"Ci Yihofa a Kawas,","不認識上帝的人,",joseph_reviewed_traditional,Amis_784,1,https://glosbe.com/ami/zh/ci/fragment/tmem?page=2&mode=MUST&stem=true,work/reference_glosbe/amis_glosbe_traditional.xml
GLOSBE_REVIEWED_ZHO_a789cbff975cd4e7,Samaan kita mi'aca ci Yihofaan to so'linay kimad?,我們怎樣向耶和華“買”真理?,joseph_reviewed_traditional,Amis_791,3,https://glosbe.com/ami/zh/ci/fragment/tmem?page=2&mode=MUST&stem=true,work/reference_glosbe/amis_glosbe_traditional.xml
GLOSBE_REVIEWED_ZHO_ea288e5d94643383,"Ano ci Tafiti kiso, wa samaan ko demak iso hani?","如果你是大衛,你會怎麼做呢?(",joseph_reviewed_traditional,Amis_794,5,https://glosbe.com/ami/zh/ci/fragment/tmem?page=2&mode=MUST&stem=true,work/reference_glosbe/amis_glosbe_traditional.xml
GLOSBE_REVIEWED_ZHO_9bde7964ca6739b5,"Hato pasayniay takowanan pasowal ci Yihofa: 'Wiktoria, masasaysay kita to kalala'ed ita.","我感覺耶和華好像在對我說:‘維多利亞,我們來解決彼此間的問題吧。",joseph_reviewed_traditional,Amis_797,5,https://glosbe.com/ami/zh/ci/fragment/tmem?page=2&mode=MUST&stem=true,work/reference_glosbe/amis_glosbe_traditional.xml
GLOSBE_REVIEWED_ZHO_667b3b0c7191cf88,16 Samaanay ci Yopu mafana' to Kawas?,16 約伯怎樣認識上帝?,joseph_reviewed_traditional,Amis_798,2,https://glosbe.com/ami/zh/ci/fragment/tmem?page=2&mode=MUST&stem=true,work/reference_glosbe/amis_glosbe_traditional.xml
GLOSBE_REVIEWED_ZHO_9a637a0df0360381,"Icowacowa pala a madimadiay malohemay malitengay, mahecaday ko harateng ci Keenan.",世界各地忠心的年長弟兄都跟肯恩有一樣的感受。,joseph_reviewed_traditional,Amis_799,1,https://glosbe.com/ami/zh/ci/fragment/tmem?page=2&mode=MUST&stem=true,work/reference_glosbe/amis_glosbe_traditional.xml
GLOSBE_REVIEWED_ZHO_fff84b410fdc3b05,"Ngitangiten ci Yihofa,",求耶和華顧念垂聽:,joseph_reviewed_traditional,Amis_801,0,https://glosbe.com/ami/zh/ci/fragment/tmem?page=2&mode=MUST&stem=true,work/reference_glosbe/amis_glosbe_traditional.xml
GLOSBE_REVIEWED_ZHO_bf3fdea55e989828,"Oniya tosa lalakaw wa padama kitaanan, so'lin misi'ayaw to kafahalan a kafalic kamayan mitafo to rihaday, padotoc a miti'er to'a'ideman ita ci Kristoan.","這兩篇課文能幫助我們,即使在麵對意想不到的轉變時仍保持平靜,繼續信賴我們的領袖基督。",joseph_reviewed_traditional,Amis_805,3,https://glosbe.com/ami/zh/ci/fragment/tmem?page=2&mode=MUST&stem=true,work/reference_glosbe/amis_glosbe_traditional.xml
GLOSBE_REVIEWED_ZHO_789627c1c147857e,"Ciharatengay ci satan mikayhid kitaana malafoay a waywayan misatakalaway a waywayan misakawasay a'icel (Nengnengen ko 12, 13 fatac)","撒但企圖用不道德的行為、驕傲的態度、超自然力量引誘我們(見第12,13段)",joseph_reviewed_traditional,Amis_807,0,https://glosbe.com/ami/zh/ci/fragment/tmem?page=3&mode=MUST&stem=true,work/reference_glosbe/amis_glosbe_traditional.xml
GLOSBE_REVIEWED_ZHO_6bd26b14a0a0483d,"Pairasolay ci Yihofa,","我們的上帝永遠不變,",joseph_reviewed_traditional,Amis_809,0,https://glosbe.com/ami/zh/ci/fragment/tmem?page=3&mode=MUST&stem=true,work/reference_glosbe/amis_glosbe_traditional.xml
GLOSBE_REVIEWED_ZHO_2e11baafeeafacd0,Mamisamaan ci Yihofa mihinom kitanan?,耶和華會怎樣安慰我們?,joseph_reviewed_traditional,Amis_811,0,https://glosbe.com/ami/zh/ci/fragment/tmem?page=3&mode=MUST&stem=true,work/reference_glosbe/amis_glosbe_traditional.xml
GLOSBE_REVIEWED_ZHO_f187374977933db3,"Isaka 1948 miheca, miliyaway haca mapalit ci Aser to 3 folad.","1948年,亞瑟再度被判刑入獄三個月。",joseph_reviewed_traditional,Amis_812,3,https://glosbe.com/ami/zh/ci/fragment/tmem?page=3&mode=MUST&stem=true,work/reference_glosbe/amis_glosbe_traditional.xml
GLOSBE_REVIEWED_ZHO_e81ed859011b1411,Hano nga'ay kita pasowal ci Yihofaan to na faloco'an a harateng hani?,為什麼我們可以放心地告訴耶和華我們的感受?,joseph_reviewed_traditional,Amis_813,3,https://glosbe.com/ami/zh/ci/fragment/tmem?page=3&mode=MUST&stem=true,work/reference_glosbe/amis_glosbe_traditional.xml
GLOSBE_REVIEWED_ZHO_7aabe8fb1015cedf,Karomadiw a Pahemek ci Yihofaan! —Misamaanay Hani?,為什麼要讚美耶和華?,joseph_reviewed_traditional,Amis_814,0,https://glosbe.com/ami/zh/ci/fragment/tmem?page=3&mode=MUST&stem=true,work/reference_glosbe/amis_glosbe_traditional.xml
GLOSBE_REVIEWED_ZHO_9ed6ddf1d21ecf40,Wa nga'ay kita tano maanan a pakayraan a malacafay ci Yihofaan a matayal hani?,我們可以通過哪些方式跟耶和華一起工作?,joseph_reviewed_traditional,Amis_816,3,https://glosbe.com/ami/zh/ci/fragment/tmem?page=3&mode=MUST&stem=true,work/reference_glosbe/amis_glosbe_traditional.xml
GLOSBE_REVIEWED_ZHO_154985dcc05a0a50,"Misamaanay hano sakahecadaw kiso ci Martaan, pakaso'lin to mamiliyaw a ma'orip ko mapatayay?","不過,你像馬大一樣,確信去世的親友會在未來復活過來嗎?",joseph_reviewed_traditional,Amis_818,2,https://glosbe.com/ami/zh/ci/fragment/tmem?page=3&mode=MUST&stem=true,work/reference_glosbe/amis_glosbe_traditional.xml
GLOSBE_REVIEWED_ZHO_031070051b14721d,Ti'eren ko'A'ideman Ita ci Kristo,信賴我們的領袖基督,joseph_reviewed_traditional,Amis_821,1,https://glosbe.com/ami/zh/ci/fragment/tmem?page=3&mode=MUST&stem=true,work/reference_glosbe/amis_glosbe_traditional.xml
GLOSBE_REVIEWED_ZHO_28fd17fab53959a8,22 Ti'eren ko'A'ideman Ita ci Kristo,22 信賴我們的領袖基督,joseph_reviewed_traditional,Amis_822,1,https://glosbe.com/ami/zh/ci/fragment/tmem?page=3&mode=MUST&stem=true,work/reference_glosbe/amis_glosbe_traditional.xml
GLOSBE_REVIEWED_ZHO_fe9441077ff04d8d,"Itini dotoc a lalakaw, wa mananam ita, oniya tatolo a tamdaw tanoktokay mitafo to madimadi, samanen so'li'linay mafana' cangra ci Yihofaan.","我們會在下篇課文學到,這三個人能堅守忠義是因為他們真正認識耶和華。",joseph_reviewed_traditional,Amis_823,3,https://glosbe.com/ami/zh/ci/fragment/tmem?page=3&mode=MUST&stem=true,work/reference_glosbe/amis_glosbe_traditional.xml
GLOSBE_REVIEWED_ZHO_6e51f8a3bd68c3a4,17 Ci Yis mihadidiay a mitala.,17 耶穌也一直耐心等候。,joseph_reviewed_traditional,Amis_824,1,https://glosbe.com/ami/zh/ci/fragment/tmem?page=3&mode=MUST&stem=true,work/reference_glosbe/amis_glosbe_traditional.xml
GLOSBE_REVIEWED_ZHO_35c04d554c59d5e3,"21 Pataengaden ko Likat Namo, Pa'dil ci Yihofaan","21頁 使你們的光照耀,榮耀耶和華",joseph_reviewed_traditional,Amis_825,1,https://glosbe.com/ami/zh/ci/fragment/tmem?page=3&mode=MUST&stem=true,work/reference_glosbe/amis_glosbe_traditional.xml
GLOSBE_REVIEWED_ZHO_a66eb50f26eeb49f,Samaan a malo'hafay' iso ci Yihofa?,怎樣讓耶和華成為你的“產業”?,joseph_reviewed_traditional,Amis_826,1,https://glosbe.com/ami/zh/ci/fragment/tmem?page=3&mode=MUST&stem=true,work/reference_glosbe/amis_glosbe_traditional.xml
GLOSBE_REVIEWED_ZHO_5274cc3615753956,"Toni tosa lalakaw, wa ma'araw ita to samaanay ci Yis, pasifana' to mikotoday cingranan a makelec, halo piremo to masakakinihay a harateng.","在這兩篇課文中,我們會看看基督如何教導門徒戰勝偏見而團結一致。",joseph_reviewed_traditional,Amis_830,3,https://glosbe.com/ami/zh/ci/fragment/tmem?page=4&mode=MUST&stem=true,work/reference_glosbe/amis_glosbe_traditional.xml
GLOSBE_REVIEWED_ZHO_20cefd03f2733616,Miocor ci Yihofa,"耶和華交託任務,",joseph_reviewed_traditional,Amis_833,0,https://glosbe.com/ami/zh/ci/fragment/tmem?page=4&mode=MUST&stem=true,work/reference_glosbe/amis_glosbe_traditional.xml
GLOSBE_REVIEWED_ZHO_1fe70aa92d7a48f2,Samaanay a padama ci Yihofa to matoleday a finawlan Ningra?,耶和華怎樣幫助灰心的子民?,joseph_reviewed_traditional,Amis_835,2,https://glosbe.com/ami/zh/ci/fragment/tmem?page=4&mode=MUST&stem=true,work/reference_glosbe/amis_glosbe_traditional.xml
GLOSBE_REVIEWED_ZHO_fedaed8fcc8f3f92,"Mikitini picada ni Yihofa ci Ataman aci Ifaan a pakayraan, wa mananam ita to sasamaan sini'ada to tamdaw.",我們可以從耶和華對待亞當和夏娃的方式學習如何仁慈待人。,joseph_reviewed_traditional,Amis_838,4,https://glosbe.com/ami/zh/ci/fragment/tmem?page=4&mode=MUST&stem=true,work/reference_glosbe/amis_glosbe_traditional.xml
GLOSBE_REVIEWED_ZHO_58d9f9b6b058f671,"Cowa pisawad ci Katalina to patosokan, misa'icel misawacay to cafay matayal, tada makapahay ko minaro'an!","卡塔琳娜沒有放棄目標,努力向同事作見證,結果多麼美好!",joseph_reviewed_traditional,Amis_839,5,https://glosbe.com/ami/zh/ci/fragment/tmem?page=4&mode=MUST&stem=true,work/reference_glosbe/amis_glosbe_traditional.xml
GLOSBE_REVIEWED_ZHO_2f485da6dda2bcab,"Milicayay ci Matiyas: ""O cima ko Kawas?",馬帝亞斯會問:“誰是上帝?,joseph_reviewed_traditional,Amis_840,1,https://glosbe.com/ami/zh/ci/fragment/tmem?page=4&mode=MUST&stem=true,work/reference_glosbe/amis_glosbe_traditional.xml
GLOSBE_REVIEWED_ZHO_73e6d11d2ac8400b,"Mapolong midoko ci Yihofaan,","一同崇拜偉大君王耶和華,",joseph_reviewed_traditional,Amis_843,1,https://glosbe.com/ami/zh/ci/fragment/tmem?page=4&mode=MUST&stem=true,work/reference_glosbe/amis_glosbe_traditional.xml
GLOSBE_REVIEWED_ZHO_81051b67f20a95f5,"5 Romadiway ci Pawlo aci Silas pahemek to Kawas, tatootoor sanay mafekad ko demak.","5 當保羅和西拉唱歌讚美上帝時,一連串意想不到的事情發生了。",joseph_reviewed_traditional,Amis_844,3,https://glosbe.com/ami/zh/ci/fragment/tmem?page=4&mode=MUST&stem=true,work/reference_glosbe/amis_glosbe_traditional.xml
GLOSBE_REVIEWED_ZHO_93ffa839b09b8d93,Mitala ci Yihofaan hano kalimlaan hani?,為什麼等候耶和華非常重要?,joseph_reviewed_traditional,Amis_845,1,https://glosbe.com/ami/zh/ci/fragment/tmem?page=4&mode=MUST&stem=true,work/reference_glosbe/amis_glosbe_traditional.xml
GLOSBE_REVIEWED_ZHO_d3b11cf784f88d71,Mikitiniay ci Mariyaan ko pinengneng ni Luka.,"不過,路加的記載則著重在馬利亞身上。",joseph_reviewed_traditional,Amis_849,1,https://glosbe.com/ami/zh/ci/fragment/tmem?page=4&mode=MUST&stem=true,work/reference_glosbe/amis_glosbe_traditional.xml
GLOSBE_REVIEWED_ZHO_cbf7b8dec719a5a2,Samaanay ci Yihofa pakalalok to tamdaw?,耶和華怎樣鼓勵人?,joseph_reviewed_traditional,Amis_850,0,https://glosbe.com/ami/zh/ci/fragment/tmem?page=4&mode=MUST&stem=true,work/reference_glosbe/amis_glosbe_traditional.xml
GLOSBE_REVIEWED_ZHO_4aca72efd62af854,"Maolahay ci Yihofaan tamdaw,","所有全心愛戴耶和華的人,",joseph_reviewed_traditional,Amis_851,0,https://glosbe.com/ami/zh/ci/fragment/tmem?page=4&mode=MUST&stem=true,work/reference_glosbe/amis_glosbe_traditional.xml
GLOSBE_REVIEWED_ZHO_e056f717e8d23fdd,Miocoran ci Yis,耶穌聽從天父吩咐,joseph_reviewed_traditional,Amis_857,0,https://glosbe.com/ami/zh/ci/fragment/tmem?page=5&mode=MUST&stem=true,work/reference_glosbe/amis_glosbe_traditional.xml
GLOSBE_REVIEWED_ZHO_7b544e6edc8b7a54,Pahemeken ita ci Yihofa!,一同熱心讚美偉大真神!,joseph_reviewed_traditional,Amis_861,1,https://glosbe.com/ami/zh/ci/fragment/tmem?page=5&mode=MUST&stem=true,work/reference_glosbe/amis_glosbe_traditional.xml
GLOSBE_REVIEWED_ZHO_bb5c9f0d8a4da7c5,23 Malacafay ci Yihofaan a Matayal to Romi'ami'ad,23 天天跟耶和華一起工作,joseph_reviewed_traditional,Amis_863,1,https://glosbe.com/ami/zh/ci/fragment/tmem?page=5&mode=MUST&stem=true,work/reference_glosbe/amis_glosbe_traditional.xml
GLOSBE_REVIEWED_ZHO_1f13a63d55bfb9b6,"19 Maharatengayho iso ko roma pakayraan alatek, oniya pakayraan fahar sa a palifet to madimadi ita ci Yihofaan alatek.","19 你可能還想到其他的情況,這些情況可能會突然考驗我們對耶和華的忠貞。",joseph_reviewed_traditional,Amis_868,5,https://glosbe.com/ami/zh/ci/fragment/tmem?page=5&mode=MUST&stem=true,work/reference_glosbe/amis_glosbe_traditional.xml
GLOSBE_REVIEWED_ZHO_19597b545d51a513,"(3) Ano ira ko fadangalan ita a mirikec, wa nga'ay kita misamaan mitodong ci Yihofaan aci Yisan?","3)假如我們有權施行管教,我們可以怎樣效法耶和華和耶穌?",joseph_reviewed_traditional,Amis_871,5,https://glosbe.com/ami/zh/ci/fragment/tmem?page=5&mode=MUST&stem=true,work/reference_glosbe/amis_glosbe_traditional.xml
GLOSBE_REVIEWED_ZHO_d3e75a07c8649ec5,8 Miti'eray Kiso ci Yihofaan a Milimek Han?,8頁 你向耶和華尋求庇護嗎?,joseph_reviewed_traditional,Amis_872,2,https://glosbe.com/ami/zh/ci/fragment/tmem?page=5&mode=MUST&stem=true,work/reference_glosbe/amis_glosbe_traditional.xml
GLOSBE_REVIEWED_ZHO_8974e08890707861,7 Samaanay ci Yihofa paca'of to satolon nangra hani?,7 耶和華怎樣回應他們的禱告呢?,joseph_reviewed_traditional,Amis_874,0,https://glosbe.com/ami/zh/ci/fragment/tmem?page=5&mode=MUST&stem=true,work/reference_glosbe/amis_glosbe_traditional.xml
GLOSBE_REVIEWED_ZHO_ea9fe57319ec0ee0,"Oniya tatoloay fa'inayan ato fafahiyan salikaka mifalicay to niyah, samaanen makalimay cangra mahecad ci Kristoan.","這三位弟兄姐妹改變了自己,因為他們很希望像基督一樣。",joseph_reviewed_traditional,Amis_876,2,https://glosbe.com/ami/zh/ci/fragment/tmem?page=5&mode=MUST&stem=true,work/reference_glosbe/amis_glosbe_traditional.xml
GLOSBE_REVIEWED_ZHO_6f8e976714d2ecdf,"So'lin pasangaran nanay ci Tifani a minanam, kawra rahekeray ko ka'orip ningra.","雖然學習外語對蒂法妮來說很不容易,但這使她的生活更充實。",joseph_reviewed_traditional,Amis_880,1,https://glosbe.com/ami/zh/ci/fragment/tmem?page=6&mode=MUST&stem=true,work/reference_glosbe/amis_glosbe_traditional.xml
GLOSBE_REVIEWED_ZHO_7068f04c01a5af00,"CI LOPOTE 15 ko mihecaan micada to ino', kawra cowa pisakareteng to so'linay kimad.","羅伯特在十幾歲時受浸,但他沒有很重視真理。",joseph_reviewed_traditional,Amis_883,2,https://glosbe.com/ami/zh/ci/fragment/tmem?page=6&mode=MUST&stem=true,work/reference_glosbe/amis_glosbe_traditional.xml
GLOSBE_REVIEWED_ZHO_fcf8482df1d81d34,"Onini tosa lalakaw papadama kitanan a misalimela to Fangcalay Cudad, halo mangalef ko kaolah toya papitiliday a Kawas ci Yihofa.","這兩篇課文會讓我們更珍視聖經,也更愛聖經的作者耶和華。",joseph_reviewed_traditional,Amis_887,2,https://glosbe.com/ami/zh/ci/fragment/tmem?page=6&mode=MUST&stem=true,work/reference_glosbe/amis_glosbe_traditional.xml
GLOSBE_REVIEWED_ZHO_1f6e80ea4193c687,"Ci Apraham pinaay miheca a mitala ikor nga' mahofocay ko fofo ci Isau aci Yakop (Nengnengen ko saka 9, 10 fatac)","亞伯拉罕等待了許多年, 他的孫子以掃和雅各才出生(見第9,10段 )",joseph_reviewed_traditional,Amis_890,4,https://glosbe.com/ami/zh/ci/fragment/tmem?page=6&mode=MUST&stem=true,work/reference_glosbe/amis_glosbe_traditional.xml
GLOSBE_REVIEWED_ZHO_14d66a6925affb20,Ci Taniil ato tatoloay widang ningra misi'ayaway to maanan sapalifet itini Papilon?,但以理和他的三個朋友在巴比倫面對什麼考驗?(,joseph_reviewed_traditional,Amis_894,3,https://glosbe.com/ami/zh/ci/fragment/tmem?page=6&mode=MUST&stem=true,work/reference_glosbe/amis_glosbe_traditional.xml
GLOSBE_REVIEWED_ZHO_19b8d4f1f5a7b02b,Samaanay pasifana' ci Yihofa to tamdaw Ningra sini'ada to tao?,耶和華怎樣教導他的子民要憐恤別人?,joseph_reviewed_traditional,Amis_897,1,https://glosbe.com/ami/zh/ci/fragment/tmem?page=6&mode=MUST&stem=true,work/reference_glosbe/amis_glosbe_traditional.xml
GLOSBE_REVIEWED_ZHO_e4de83d351f85059,"8 Mikitini pihofoc ci Yisan a ma'oningay, wa nga'ay mananam ita ko harateng ni Yihofa to dafong ato hafay.","8 從耶穌出生的記載中,我們可以學到耶和華對物質財富的觀點。",joseph_reviewed_traditional,Amis_898,4,https://glosbe.com/ami/zh/ci/fragment/tmem?page=6&mode=MUST&stem=true,work/reference_glosbe/amis_glosbe_traditional.xml
GLOSBE_REVIEWED_ZHO_a1c806c5d0dd34c4,"Saka 1, palaken ko toki misimsim to samaanay ci Yihofa ato romaroma madimadiay sikawdan sini'ada to tao.","第一,要花時間了解耶和華及其他忠僕怎樣憐恤別人。",joseph_reviewed_traditional,Amis_899,3,https://glosbe.com/ami/zh/ci/fragment/tmem?page=6&mode=MUST&stem=true,work/reference_glosbe/amis_glosbe_traditional.xml
GLOSBE_REVIEWED_ZHO_ad323be0a3afa4b6,Tano masamaanay pakayraan ci Iliyas. Hute padama to tamdaw minanam to Hipray a sowal hani?,埃利亞斯·胡特爾用什麼方法幫助人學習希伯來語?,joseph_reviewed_traditional,Amis_900,1,https://glosbe.com/ami/zh/ci/fragment/tmem?page=6&mode=MUST&stem=true,work/reference_glosbe/amis_glosbe_traditional.xml
GLOSBE_REVIEWED_ZHO_729fb3fcd25dc90d,"6. (1) Pafeli ci Yihofa kitaanan to pasalat, nga'ay midemak to maanan?",6. (甲)耶和華讓我們有自由做什麼?(,joseph_reviewed_traditional,Amis_901,0,https://glosbe.com/ami/zh/ci/fragment/tmem?page=6&mode=MUST&stem=true,work/reference_glosbe/amis_glosbe_traditional.xml
GLOSBE_REVIEWED_ZHO_0caae95da8283d62,Malaplap ci Satan.,撒但已被驅逐。,joseph_reviewed_traditional,Amis_903,0,https://glosbe.com/ami/zh/ci/fragment/tmem?page=6&mode=MUST&stem=true,work/reference_glosbe/amis_glosbe_traditional.xml
GLOSBE_REVIEWED_ZHO_1d2d34f744e59dda,Samanay ci Yis paihekal to caka olah ko niyah mikapot to mirikecay?,耶穌怎樣表明自己對於政治運動不感興趣?,joseph_reviewed_traditional,Amis_905,0,https://glosbe.com/ami/zh/ci/fragment/tmem?page=7&mode=MUST&stem=true,work/reference_glosbe/amis_glosbe_traditional.xml
GLOSBE_REVIEWED_ZHO_29114a5dff49d8c5,Pa'icelay koniya sowal ci Mariyaan.,這番話強化了瑪麗亞。,joseph_reviewed_traditional,Amis_906,0,https://glosbe.com/ami/zh/ci/fragment/tmem?page=7&mode=MUST&stem=true,work/reference_glosbe/amis_glosbe_traditional.xml
GLOSBE_REVIEWED_ZHO_6c765ff37090919f,"Mihaenay, ano todongen ita ci Yis, nganga'ay padadotoc patahekal to olah.","所以,如果我們效法耶穌,就可以繼續表現愛心。",joseph_reviewed_traditional,Amis_907,2,https://glosbe.com/ami/zh/ci/fragment/tmem?page=7&mode=MUST&stem=true,work/reference_glosbe/amis_glosbe_traditional.xml
GLOSBE_REVIEWED_ZHO_51deafe4d03732ec,"Cowa ka fana' ci Yopu, wa hacowa mifekad ko miliyaway ma'orip noikor.","雖然如此,他相信那賜人生命的上帝會記得他,也能夠在未來讓他復活過來。",joseph_reviewed_traditional,Amis_908,2,https://glosbe.com/ami/zh/ci/fragment/tmem?page=7&mode=MUST&stem=true,work/reference_glosbe/amis_glosbe_traditional.xml
GLOSBE_REVIEWED_ZHO_03ce202cfb2ddb94,32 Wa Nga'ay Kita Pafeli ci Yihofaan to Maanan a Sapatelong Hani?,32 我們能給耶和華什麼禮物呢?,joseph_reviewed_traditional,Amis_909,1,https://glosbe.com/ami/zh/ci/fragment/tmem?page=7&mode=MUST&stem=true,work/reference_glosbe/amis_glosbe_traditional.xml
GLOSBE_REVIEWED_ZHO_904240008702f03c,Ci Yis mala hongti.,讓他作王統治。,joseph_reviewed_traditional,Amis_910,0,https://glosbe.com/ami/zh/ci/fragment/tmem?page=7&mode=MUST&stem=true,work/reference_glosbe/amis_glosbe_traditional.xml
GLOSBE_REVIEWED_ZHO_ddad46c809fce6b9,"Mihaenay, saalien no wama wina ci Yihofa to sakayat, tada kalimelaan.","因此,父母向耶和華尋求指引是很重要的。",joseph_reviewed_traditional,Amis_911,1,https://glosbe.com/ami/zh/ci/fragment/tmem?page=7&mode=MUST&stem=true,work/reference_glosbe/amis_glosbe_traditional.xml
GLOSBE_REVIEWED_ZHO_5e895fe5c28c0017,Ci Coping aci Nao samaanay misaysay cangra to kacango'ot no payci hani?,純平和奈央怎樣應付經濟上的需要呢?,joseph_reviewed_traditional,Amis_914,1,https://glosbe.com/ami/zh/ci/fragment/tmem?page=7&mode=MUST&stem=true,work/reference_glosbe/amis_glosbe_traditional.xml
GLOSBE_REVIEWED_ZHO_db88d855e80ce27d,"Itiya, ci Yosif, ""makapahay, tanektekay ko tireng,"" maimahay ko fafahi ni Potifar, sapidi'iaw cingranan.","當時,波提乏的妻子看上了“身材挺秀,容貌俊美”的約瑟,並且再三勾引他。",joseph_reviewed_traditional,Amis_915,4,https://glosbe.com/ami/zh/ci/fragment/tmem?page=7&mode=MUST&stem=true,work/reference_glosbe/amis_glosbe_traditional.xml
GLOSBE_REVIEWED_ZHO_5d8601eb2d1d8b5b,"Ikor no 30 miheca, kamayan miemin to toki a mitosil ci Miriyana, malacafay to fa'inay a padama to tamdaw minanam to so'linay kimad.","30多年後,米裡亞娜仍全時傳道,並和丈夫一起幫助人學習真理。",joseph_reviewed_traditional,Amis_917,2,https://glosbe.com/ami/zh/ci/fragment/tmem?page=7&mode=MUST&stem=true,work/reference_glosbe/amis_glosbe_traditional.xml
GLOSBE_REVIEWED_ZHO_23c64e10632fc841,Samaan ko demak ita ho eca ka pawan pato'aya to dafong ci Yihofaan hani?,我們怎麼做才不會忘記將財物獻給耶和華呢?,joseph_reviewed_traditional,Amis_918,5,https://glosbe.com/ami/zh/ci/fragment/tmem?page=7&mode=MUST&stem=true,work/reference_glosbe/amis_glosbe_traditional.xml
GLOSBE_REVIEWED_ZHO_5bcfd91919d45616,Nohatini mahemekayto cangra mala cafay a midoko ci Yihofaan.,現在他們能一起喜樂地事奉耶和華。,joseph_reviewed_traditional,Amis_922,0,https://glosbe.com/ami/zh/ci/fragment/tmem?page=7&mode=MUST&stem=true,work/reference_glosbe/amis_glosbe_traditional.xml
GLOSBE_REVIEWED_ZHO_f9f382a203792490,(2) Pakalalokay ci Pawlo kitaanan misamaan ko hademak?,乙)保羅鼓勵我們怎麼做?,joseph_reviewed_traditional,Amis_923,0,https://glosbe.com/ami/zh/ci/fragment/tmem?page=7&mode=MUST&stem=true,work/reference_glosbe/amis_glosbe_traditional.xml
GLOSBE_REVIEWED_ZHO_6b3c9a1f86d619f4,"20 Ci Mari kamayan midipot to mato'asay a wama, padotocay a misakafah.","20 瑪麗仍然在照顧年老的父親,也繼續做先驅。",joseph_reviewed_traditional,Amis_925,1,https://glosbe.com/ami/zh/ci/fragment/tmem?page=7&mode=MUST&stem=true,work/reference_glosbe/amis_glosbe_traditional.xml
GLOSBE_REVIEWED_ZHO_797cae69390f1922,"Oniya lalakaw wa padama kitaanan mihapinang, so'lin matongalay ko cariraw, sapalifet, ato roray no mita, ano ti'eren ita ci Yihofa wa milifok to sapalifon ato salidong no Kawas.","本篇課文會幫助我們看出,即使我們的憂慮、考驗、痛苦越來越多,我們信賴上帝就必定會得到獎賞和拯救。",joseph_reviewed_traditional,Amis_926,6,https://glosbe.com/ami/zh/ci/fragment/tmem?page=7&mode=MUST&stem=true,work/reference_glosbe/amis_glosbe_traditional.xml
GLOSBE_REVIEWED_ZHO_8990b48bb097e8f1,Ci Silewiyana (kawili) aci Silewian (kawanan) itiniay picadaan to ino' ni Toratin,西爾維亞娜(左)和西爾維安(右)在杜拉廷受浸當天跟她合影,joseph_reviewed_traditional,Amis_927,2,https://glosbe.com/ami/zh/ci/fragment/tmem?page=7&mode=MUST&stem=true,work/reference_glosbe/amis_glosbe_traditional.xml
GLOSBE_REVIEWED_ZHO_7ccf46daf74b143b,"Misakafahay to 20 miheca a fafahiyan salikaka ci Matireta, sanay cingra: ""Mafana' to papalifonen ni Yihofa ko pisa'icel ako, tada pakahemekay takowanan konini.""","瑪蒂爾達姐妹做先驅20年,她說:“知道耶和華會因為我付出的努力而獎賞我,這讓我覺得很喜樂。”",joseph_reviewed_traditional,Amis_929,6,https://glosbe.com/ami/zh/ci/fragment/tmem?page=7&mode=MUST&stem=true,work/reference_glosbe/amis_glosbe_traditional.xml
GLOSBE_REVIEWED_ZHO_3c922c30ed4d8dde,('Olic 135:4) Pairasolay ci Hosiya wa ira ko'alafang a tamdaw malo finawlan ni Yihofa.,詩篇135:4)何西阿預告有些外族人會成為耶和華的子民。(,joseph_reviewed_traditional,Amis_933,4,https://glosbe.com/ami/zh/ci/fragment/tmem?page=8&mode=MUST&stem=true,work/reference_glosbe/amis_glosbe_traditional.xml
GLOSBE_REVIEWED_ZHO_b056ea802dcaa1d8,"Caka halafin, malo fanekfekay a mitosilay ci Satike.","不久之後,薩迪克也成為一位熱心的傳道員。",joseph_reviewed_traditional,Amis_934,0,https://glosbe.com/ami/zh/ci/fragment/tmem?page=8&mode=MUST&stem=true,work/reference_glosbe/amis_glosbe_traditional.xml
GLOSBE_REVIEWED_ZHO_84dfcd595aab9b0c,"Mihaenay, sapidofdofaw ko pacekiwan to polong a sapasifana' ni Yis, falahen kono tireng a harateng, haeminen a patafang ko niyah ci Yihofaan.","因此,聖經學生想要遵守所有耶穌教導的事,就必須不再擁有自己,毫無保留地將自己獻給耶和華。",joseph_reviewed_traditional,Amis_935,2,https://glosbe.com/ami/zh/ci/fragment/tmem?page=8&mode=MUST&stem=true,work/reference_glosbe/amis_glosbe_traditional.xml
GLOSBE_REVIEWED_ZHO_1b18fd42d4d6e268,Iraay ko nga'ayay a kasasowal iso ci Yihofaan han?,你和耶和華有良好的溝通嗎?( 見第8-11段),joseph_reviewed_traditional,Amis_936,2,https://glosbe.com/ami/zh/ci/fragment/tmem?page=8&mode=MUST&stem=true,work/reference_glosbe/amis_glosbe_traditional.xml
GLOSBE_REVIEWED_ZHO_d8b8f1f8bd0002ff,Samaanay cangra so'li'lin a mafana' ci Yihofaan a mitafo to madimadi hani?,他們怎樣真正認識耶和華並堅守忠義呢?,joseph_reviewed_traditional,Amis_937,0,https://glosbe.com/ami/zh/ci/fragment/tmem?page=8&mode=MUST&stem=true,work/reference_glosbe/amis_glosbe_traditional.xml
GLOSBE_REVIEWED_ZHO_8b38aeb9f2b69e60,Misamaanay hano pakalalok ci Pitiro to Krisciyang patahekal to mihamhamay hani?,為什麼彼得鼓勵基督徒表現好客?(,joseph_reviewed_traditional,Amis_939,0,https://glosbe.com/ami/zh/ci/fragment/tmem?page=8&mode=MUST&stem=true,work/reference_glosbe/amis_glosbe_traditional.xml
GLOSBE_REVIEWED_ZHO_662d95e43776fe06,Wa nga'ay kita pafeli ci Yihofaan to maanan a sapatelong hani?,我們能給耶和華什麼禮物呢?,joseph_reviewed_traditional,Amis_941,1,https://glosbe.com/ami/zh/ci/fragment/tmem?page=8&mode=MUST&stem=true,work/reference_glosbe/amis_glosbe_traditional.xml
GLOSBE_REVIEWED_ZHO_f006f186c601125b,"Ano mamirikec, wa samaan kita mitodong ci Yihofaan aci Yisan?","在施行管教方面,我們可以怎樣效法耶和華和耶穌?",joseph_reviewed_traditional,Amis_942,3,https://glosbe.com/ami/zh/ci/fragment/tmem?page=8&mode=MUST&stem=true,work/reference_glosbe/amis_glosbe_traditional.xml
GLOSBE_REVIEWED_ZHO_adce8f20fdc71348,"29 'O Moecelay Tamdaw, Pakayniay ci Yihofaan a Lipahak'",29 “義人要因耶和華而歡喜”,joseph_reviewed_traditional,Amis_946,0,https://glosbe.com/ami/zh/ci/fragment/tmem?page=8&mode=MUST&stem=true,work/reference_glosbe/amis_glosbe_traditional.xml
GLOSBE_REVIEWED_ZHO_d198a6e906a534ff,Samaan kita mahecad ci Nowaan palahad to tanoktokay a paso'lin no faloco'?,我們怎樣像挪亞一樣培養堅強的信心?,joseph_reviewed_traditional,Amis_950,0,https://glosbe.com/ami/zh/ci/fragment/tmem?page=8&mode=MUST&stem=true,work/reference_glosbe/amis_glosbe_traditional.xml
GLOSBE_REVIEWED_ZHO_34f2251e4c4ff0fb,"Laloma' no 55 miheca, o madimadiay a kapot ako ci Lila, kalacafay takowanan matayal to masakenaay a demak.","這55年來,莉拉一直是我忠貞的同伴,和我一起從事各種服務。",joseph_reviewed_traditional,Amis_951,4,https://glosbe.com/ami/zh/ci/fragment/tmem?page=8&mode=MUST&stem=true,work/reference_glosbe/amis_glosbe_traditional.xml
GLOSBE_REVIEWED_ZHO_8d2695715b5f5111,"Aka matalaw ci Satanan,","雖受撒但反對不驚慌,",joseph_reviewed_traditional,Amis_952,2,https://glosbe.com/ami/zh/ci/fragment/tmem?page=8&mode=MUST&stem=true,work/reference_glosbe/amis_glosbe_traditional.xml
GLOSBE_REVIEWED_ZHO_35eb7026c628210f,"Mihodop ci Yihofaan, Oya Pafeliay to Pasalat a Kawas",事奉賜人自由的上帝耶和華,joseph_reviewed_traditional,Amis_953,0,https://glosbe.com/ami/zh/ci/fragment/tmem?page=8&mode=MUST&stem=true,work/reference_glosbe/amis_glosbe_traditional.xml
GLOSBE_REVIEWED_ZHO_c0f4c9b26952f89a,"Oniya ma'oningay mahaopay ko kalimlaan a limo'ot, nga'ay padama kitanan padotoc a misarocod to faloco'a madimadi ci Yihofaan.","這些記載包含重要的教訓,能幫助我們繼續全心忠於耶和華。",joseph_reviewed_traditional,Amis_954,0,https://glosbe.com/ami/zh/ci/fragment/tmem?page=8&mode=MUST&stem=true,work/reference_glosbe/amis_glosbe_traditional.xml
GLOSBE_REVIEWED_ZHO_527d6c4f4752cfd3,"Misamaanay hano masawad ni Stifen ko keter, ato kaacekan a sowal hani?","來自澳大利亞的斯蒂芬是一個父親,他說:“我以前常罵臟話,或為了一點小事大發雷霆。",joseph_reviewed_traditional,Amis_974,2,https://glosbe.com/ami/zh/ni,work/reference_glosbe/amis_glosbe_traditional.xml
GLOSBE_REVIEWED_ZHO_45eafbccc6d9a2d1,Oniya lalakaw wa padama kitaanan tano harateng ni Yihofa a minengneng to pihayda a demak.,本篇課文會幫助我們以耶和華的觀點看待受人認可這件事。,joseph_reviewed_traditional,Amis_975,3,https://glosbe.com/ami/zh/ni,work/reference_glosbe/amis_glosbe_traditional.xml
GLOSBE_REVIEWED_ZHO_7aa4e7ee2f98ae2f,"'Olic 118:22, iraay ko maanan kalaliting to piliyaw ni Yis a ma'orip?",詩篇118:22跟耶穌的復活有什麼關係?,joseph_reviewed_traditional,Amis_981,1,https://glosbe.com/ami/zh/ni/fragment/tmem?page=2&mode=MUST&stem=true,work/reference_glosbe/amis_glosbe_traditional.xml
GLOSBE_REVIEWED_ZHO_e617b5624c563c43,(2) Misamaanay hano ira ko hatiniay a harateng ni Yis hani?,見課文開頭的圖片)(乙)為什麼耶穌會有這種反應?,joseph_reviewed_traditional,Amis_984,1,https://glosbe.com/ami/zh/ni/fragment/tmem?page=2&mode=MUST&stem=true,work/reference_glosbe/amis_glosbe_traditional.xml
GLOSBE_REVIEWED_ZHO_3bb87fb58df798e6,Misamaan kita patahekal to nika pidopo to satadamaanay noka pikowan ni Yihofa hani?,"我們從聖經看出,耶和華有權施行統治,而且他的統治方式是最佳的。",joseph_reviewed_traditional,Amis_986,3,https://glosbe.com/ami/zh/ni/fragment/tmem?page=2&mode=MUST&stem=true,work/reference_glosbe/amis_glosbe_traditional.xml
GLOSBE_REVIEWED_ZHO_7b1bd52932242b3c,Nohatini misamaan kita midopo to satadamaanay noka pikowan ni Yihofa?,我們現在可以怎樣擁護耶和華的至高統治權?,joseph_reviewed_traditional,Amis_987,2,https://glosbe.com/ami/zh/ni/fragment/tmem?page=2&mode=MUST&stem=true,work/reference_glosbe/amis_glosbe_traditional.xml
GLOSBE_REVIEWED_ZHO_86d09a0b7d165575,"Tiya ira ko Ta'angayay Lenlen ano ma'oripayho ko wina ato salikaka ni Nowa, cowa kalafadoc toni ta'angayay pades.","假如挪亞的母親及兄弟姐妹在大洪水來的時候還活著,看來他們沒有在這場災難中存活下來。",joseph_reviewed_traditional,Amis_988,5,https://glosbe.com/ami/zh/ni/fragment/tmem?page=2&mode=MUST&stem=true,work/reference_glosbe/amis_glosbe_traditional.xml
GLOSBE_REVIEWED_ZHO_a33c50e8800606b2,"Nikawrira, iraay ko no'adingoan a saali ni Alon.","然而,亞倫一直都有屬靈需要。",joseph_reviewed_traditional,Amis_998,0,https://glosbe.com/ami/zh/ni/fragment/tmem?page=2&mode=MUST&stem=true,work/reference_glosbe/amis_glosbe_traditional.xml
GLOSBE_REVIEWED_ZHO_3132c5c252f145b8,Malawidang ni Yihofa.,一起做上帝的朋友。,joseph_reviewed_traditional,Amis_1004,0,https://glosbe.com/ami/zh/ni/fragment/tmem?page=2&mode=MUST&stem=true,work/reference_glosbe/amis_glosbe_traditional.xml
GLOSBE_REVIEWED_ZHO_e297f1d5f59f9770,"(Dmak 14:19; 17:1, 4, 5, 13) Samaanay ko harateng ni Pawlo toniya Yutaya tamdaw hani?","使徒行傳14:19;17:1,4,5,13)保羅對這些猶太人的反應有什麼感覺呢?",joseph_reviewed_traditional,Amis_1006,0,https://glosbe.com/ami/zh/ni/fragment/tmem?page=3&mode=MUST&stem=true,work/reference_glosbe/amis_glosbe_traditional.xml
GLOSBE_REVIEWED_ZHO_b3c7f92b32495852,Samaanay ko pinengneng ni Yihofa to mitakaway?,耶和華對於偷竊有什麼看法?,joseph_reviewed_traditional,Amis_1009,1,https://glosbe.com/ami/zh/ni/fragment/tmem?page=3&mode=MUST&stem=true,work/reference_glosbe/amis_glosbe_traditional.xml
GLOSBE_REVIEWED_ZHO_46f1f51fd7b3bf0c,Misamaanay hano pa'icel ko tokel to paso'linay faloco' ni Nowa?,為什麼說希望加強了挪亞的信心?,joseph_reviewed_traditional,Amis_1010,1,https://glosbe.com/ami/zh/ni/fragment/tmem?page=3&mode=MUST&stem=true,work/reference_glosbe/amis_glosbe_traditional.xml
GLOSBE_REVIEWED_ZHO_6b143135771b106e,"Pafelian ni Yihofa ko Israil tamdaw to pasalat, kawra samaanay ko waywayan nangra hani?","耶和華拯救以色列人擺脫埃及的奴役,他們卻沒有感激上帝所賜的自由。",joseph_reviewed_traditional,Amis_1012,1,https://glosbe.com/ami/zh/ni/fragment/tmem?page=3&mode=MUST&stem=true,work/reference_glosbe/amis_glosbe_traditional.xml
GLOSBE_REVIEWED_ZHO_d2866f45e9a5bb37,"17. (1) Ano misaharateng kita to samaanan ni Yihofa miharateng ko finawlan Ningra, wa ira ko maanan a epoc hani?",17. (甲)我們想想耶和華怎樣關心他的子民會有什麼益處?(,joseph_reviewed_traditional,Amis_1013,4,https://glosbe.com/ami/zh/ni/fragment/tmem?page=3&mode=MUST&stem=true,work/reference_glosbe/amis_glosbe_traditional.xml
GLOSBE_REVIEWED_ZHO_7c6b805dca00ca50,"Nga'ayay pikayat ni Yis,","要遵守基督明確命令,",joseph_reviewed_traditional,Amis_1017,0,https://glosbe.com/ami/zh/ni/fragment/tmem?page=3&mode=MUST&stem=true,work/reference_glosbe/amis_glosbe_traditional.xml
GLOSBE_REVIEWED_ZHO_642bc2dff8c11d05,(2) Misamaanay hano saalien ni Yihofa ko finawlan pasasiyor pasayra Cingranan?,乙)為什麼耶和華要他的子民歸向他?,joseph_reviewed_traditional,Amis_1018,1,https://glosbe.com/ami/zh/ni/fragment/tmem?page=3&mode=MUST&stem=true,work/reference_glosbe/amis_glosbe_traditional.xml
GLOSBE_REVIEWED_ZHO_18c7f4c4eb11e8c8,"Pakaso'linay kita, cowa ko pisalimla aca ni Yihofa to mihodopay Cingranan a tamdaw, hanaca maolahay cangranan.","我們確信,耶和華不但珍視每一個事奉他的人,也非常愛他們。",joseph_reviewed_traditional,Amis_1027,1,https://glosbe.com/ami/zh/ni/fragment/tmem?page=3&mode=MUST&stem=true,work/reference_glosbe/amis_glosbe_traditional.xml
GLOSBE_REVIEWED_ZHO_2e64269b9d105fb6,"Ano tikolen miharateng ko mieminay to toki a katayal, mata'lifay ko maharatengay to sapafeli ni Yihofa a sakaraheker.","每當我回想過去全時服務的時光,我從心底感受到耶和華賜給我倆的福分實在超乎想象。",joseph_reviewed_traditional,Amis_1028,1,https://glosbe.com/ami/zh/ni/fragment/tmem?page=3&mode=MUST&stem=true,work/reference_glosbe/amis_glosbe_traditional.xml
GLOSBE_REVIEWED_ZHO_dd93acb14a6aa399,Dipotan ni Yihofa ko so'linay pidoyongan caka manahol (Nengnengen ko saka 16-18 fatac),耶和華確保正確的崇拜不受腐化(見第16-18段),joseph_reviewed_traditional,Amis_1035,1,https://glosbe.com/ami/zh/ni/fragment/tmem?page=4&mode=MUST&stem=true,work/reference_glosbe/amis_glosbe_traditional.xml
GLOSBE_REVIEWED_ZHO_3c8fe95db2d8b6ee,Mapolosi ni Cikariya Milingatay Tisowanan,撒迦利亞的異象與你息息相關,joseph_reviewed_traditional,Amis_1041,1,https://glosbe.com/ami/zh/ni/fragment/tmem?page=4&mode=MUST&stem=true,work/reference_glosbe/amis_glosbe_traditional.xml
GLOSBE_REVIEWED_ZHO_0f480aa393a98cce,3. (1) Mikitini milifetan ni Lopote mananamay ita ko maanan?,3.( 甲)我們從羅伯特的經歷學到什麼?(,joseph_reviewed_traditional,Amis_1045,1,https://glosbe.com/ami/zh/ni/fragment/tmem?page=4&mode=MUST&stem=true,work/reference_glosbe/amis_glosbe_traditional.xml
GLOSBE_REVIEWED_ZHO_be8018e6a24a7461,"Micada to ino'palifokay to sapalemed ni Yihofa tisowanan, kawra oha mamitamorong kiso to'inorong.","受浸讓你得到耶和華賜的福分,但這也意味著你需要負起責任。",joseph_reviewed_traditional,Amis_1046,2,https://glosbe.com/ami/zh/ni/fragment/tmem?page=4&mode=MUST&stem=true,work/reference_glosbe/amis_glosbe_traditional.xml
GLOSBE_REVIEWED_ZHO_f2bcf911476f2183,To ngangan ni Yihofa.,"全力為他作見證,",joseph_reviewed_traditional,Amis_1048,1,https://glosbe.com/ami/zh/ni/fragment/tmem?page=4&mode=MUST&stem=true,work/reference_glosbe/amis_glosbe_traditional.xml
GLOSBE_REVIEWED_ZHO_c757bcc01d6a6af4,Sapafeli ni Yihofa a Hemek,耶和華所賜的喜樂,joseph_reviewed_traditional,Amis_1050,0,https://glosbe.com/ami/zh/ni/fragment/tmem?page=4&mode=MUST&stem=true,work/reference_glosbe/amis_glosbe_traditional.xml
GLOSBE_REVIEWED_ZHO_fa65074803b7c3e7,"Cowa, caay ka haen ko harateng ni Yopu.","其實不會,約伯也不這麼認為。",joseph_reviewed_traditional,Amis_1051,3,https://glosbe.com/ami/zh/ni/fragment/tmem?page=4&mode=MUST&stem=true,work/reference_glosbe/amis_glosbe_traditional.xml
GLOSBE_REVIEWED_ZHO_c86e30398b341d63,"11 Itini salikoray romi'ad, adihayay ko mala'osiay ni Yihofa a demak, wa nga'ay kita midama toniya demak.","11 耶和華在最後的日子成就許多事,我們每一個人都可以支持這些工作。",joseph_reviewed_traditional,Amis_1053,4,https://glosbe.com/ami/zh/ni/fragment/tmem?page=4&mode=MUST&stem=true,work/reference_glosbe/amis_glosbe_traditional.xml
GLOSBE_REVIEWED_ZHO_29391c7370b3e8fb,"Lalomiheca, mata'lifay ko 1,000 'ofad ko pacekiwan no Misawacayay Tamdaw ni Yihofa.","去年,耶和華見證人主持超過1000萬個聖經課程。",joseph_reviewed_traditional,Amis_1058,0,https://glosbe.com/ami/zh/ni/fragment/tmem?page=5&mode=MUST&stem=true,work/reference_glosbe/amis_glosbe_traditional.xml
GLOSBE_REVIEWED_ZHO_c6072c6ba7ae3474,"Mihaenay paifaloco'en ita ko saki'ok ni Yihofa, hamaan papi'afasen ko kalo demak to halifon iso!","因此,我們要將耶和華的應許謹記在心,不要讓任何事奪去我們的獎賞!",joseph_reviewed_traditional,Amis_1059,3,https://glosbe.com/ami/zh/ni/fragment/tmem?page=5&mode=MUST&stem=true,work/reference_glosbe/amis_glosbe_traditional.xml
GLOSBE_REVIEWED_ZHO_1fbc79800d8d5f11,(2) Hano ira ko hatiniay a harateng ni Pawlo hani?,乙)為什麼保羅有這樣的感覺?,joseph_reviewed_traditional,Amis_1060,1,https://glosbe.com/ami/zh/ni/fragment/tmem?page=5&mode=MUST&stem=true,work/reference_glosbe/amis_glosbe_traditional.xml
GLOSBE_REVIEWED_ZHO_6ae44bab812998c6,21 Mapolosi ni Cikariya Milingatay Tisowanan,21頁 撒迦利亞的異象與你息息相關,joseph_reviewed_traditional,Amis_1063,1,https://glosbe.com/ami/zh/ni/fragment/tmem?page=5&mode=MUST&stem=true,work/reference_glosbe/amis_glosbe_traditional.xml
GLOSBE_REVIEWED_ZHO_327efe10c027038f,Nengnengen ita samanen ni Yihofa palahedaw toniya pades.,讓我們來看看耶和華會怎樣解決這些問題。,joseph_reviewed_traditional,Amis_1068,2,https://glosbe.com/ami/zh/ni/fragment/tmem?page=5&mode=MUST&stem=true,work/reference_glosbe/amis_glosbe_traditional.xml
GLOSBE_REVIEWED_ZHO_02e61176ff81c882,"Saka tosa lalakaw patalipa'elalay kitanan samaan miliyas to mararaway waywayan, ho eca ka lahedaw ko miki'okan ni Yihofa a sapalifon.","第二篇課文會提醒我們怎樣避開錯誤的態度,以免失去耶和華所應許的獎賞。",joseph_reviewed_traditional,Amis_1069,5,https://glosbe.com/ami/zh/ni/fragment/tmem?page=5&mode=MUST&stem=true,work/reference_glosbe/amis_glosbe_traditional.xml
GLOSBE_REVIEWED_ZHO_36bbdb8418641fce,Samaanay ko demak ni Yihofa paihkal to misinanotay Cingra to harateng ni Mosi?,耶和華怎麼做表示他考慮摩西的感受?,joseph_reviewed_traditional,Amis_1074,1,https://glosbe.com/ami/zh/ni/fragment/tmem?page=5&mode=MUST&stem=true,work/reference_glosbe/amis_glosbe_traditional.xml
GLOSBE_REVIEWED_ZHO_93ad26b4fec590ad,"Isaka 1950 a miheca, mitosilan no cecay Misawacayay Tamdaw ni Yihofa ko wina ako.","1950年,媽媽有機會聽見耶和華見證人傳講聖經真理。",joseph_reviewed_traditional,Amis_1076,1,https://glosbe.com/ami/zh/ni/fragment/tmem?page=5&mode=MUST&stem=true,work/reference_glosbe/amis_glosbe_traditional.xml
GLOSBE_REVIEWED_ZHO_93f1e4d89ccced13,"17 Sanay ko sowal ni Saresiaw: ""Cecay liyad, adadaay kami hato cowa ka tayra kakahaday potal mitosil.","17 塞爾希奧說:“有一段時間,我們因為生病所以沒有去廣場傳道。",joseph_reviewed_traditional,Amis_1077,8,https://glosbe.com/ami/zh/ni/fragment/tmem?page=5&mode=MUST&stem=true,work/reference_glosbe/amis_glosbe_traditional.xml
GLOSBE_REVIEWED_ZHO_5324b0b9eb805c53,"Sanay cingra: ""Paso'linay kako to dadipoten ni Yihofa kako!""",她說:“我深信耶和華一定會照顧我!”,joseph_reviewed_traditional,Amis_1082,1,https://glosbe.com/ami/zh/ni/fragment/tmem?page=6&mode=MUST&stem=true,work/reference_glosbe/amis_glosbe_traditional.xml
GLOSBE_REVIEWED_ZHO_173e5f74c92d8c59,To ngangan ni Yihofa.,"尊崇他偉大聖名,",joseph_reviewed_traditional,Amis_1086,1,https://glosbe.com/ami/zh/ni/fragment/tmem?page=6&mode=MUST&stem=true,work/reference_glosbe/amis_glosbe_traditional.xml
GLOSBE_REVIEWED_ZHO_2d6659f53a9d84cb,(2) Samanay a mahapinang ita to paca'ofan ni Yihofa ko satolon ni Yis?,乙)我們怎麼看出耶和華回應了耶穌的禱告?,joseph_reviewed_traditional,Amis_1088,1,https://glosbe.com/ami/zh/ni/fragment/tmem?page=6&mode=MUST&stem=true,work/reference_glosbe/amis_glosbe_traditional.xml
GLOSBE_REVIEWED_ZHO_4b2159b429bbeb00,Hano mamisa'icel kita milifok to pihayda ni Yihofa hani?,為什麼我們應該努力贏得耶和華的認可?,joseph_reviewed_traditional,Amis_1090,0,https://glosbe.com/ami/zh/ni/fragment/tmem?page=6&mode=MUST&stem=true,work/reference_glosbe/amis_glosbe_traditional.xml
GLOSBE_REVIEWED_ZHO_fb034a94cb7e1731,"Ma'araw ni Yihofa misarocod ko faloco'ato harateng no mita'padotoc a ciheci,' tada o mamahemek Cingra!","耶和華看到我們全心全意地“不斷多結果實”,一定會非常高興!",joseph_reviewed_traditional,Amis_1093,2,https://glosbe.com/ami/zh/ni/fragment/tmem?page=6&mode=MUST&stem=true,work/reference_glosbe/amis_glosbe_traditional.xml
GLOSBE_REVIEWED_ZHO_2ee55b9d3d096719,"Anini, pinaayto patek ko Misawacayay Tamdaw ni Yihofa itira, palemedan ni Yihofa ko mitosilay demak niyam!","今天愛爾蘭已有好幾千個耶和華見證人,那裡的傳道工作確實蒙耶和華賜福!",joseph_reviewed_traditional,Amis_1094,3,https://glosbe.com/ami/zh/ni/fragment/tmem?page=6&mode=MUST&stem=true,work/reference_glosbe/amis_glosbe_traditional.xml
GLOSBE_REVIEWED_ZHO_7841cdde96403121,17 Itini kamoto'ay a toki ta'angayay ko kafalic no ka'orip ni Yopu.,17 約伯的生活在短時間內有了極大的轉變。,joseph_reviewed_traditional,Amis_1095,1,https://glosbe.com/ami/zh/ni/fragment/tmem?page=6&mode=MUST&stem=true,work/reference_glosbe/amis_glosbe_traditional.xml
GLOSBE_REVIEWED_ZHO_3c9d25f7a681975f,"17 Nikawrira, cowa ko lawla aca ko kaciharatengan ni Yis.","17 不過,耶穌並沒有只顧著享樂。",joseph_reviewed_traditional,Amis_1096,1,https://glosbe.com/ami/zh/ni/fragment/tmem?page=6&mode=MUST&stem=true,work/reference_glosbe/amis_glosbe_traditional.xml
GLOSBE_REVIEWED_ZHO_a996eedcda778b37,"4. (1) 'Alomanay Yutaya tamdaw cowa ka olah to so'linay kimad, samaanay ko harateng ni Pawlo hani?","4.( 甲)許多猶太人對真理的反應冷淡,保羅有什麼感覺?(",joseph_reviewed_traditional,Amis_1097,3,https://glosbe.com/ami/zh/ni/fragment/tmem?page=6&mode=MUST&stem=true,work/reference_glosbe/amis_glosbe_traditional.xml
GLOSBE_REVIEWED_ZHO_d7bf91f7f661c2b9,"Sanay ko sowal ningra: ""Tada miako'iday kako to sini'ada ni Yihofa, makahi a misodod to raraw ako.""","他說:“我很感激耶和華這麼仁慈,願意寬恕我的罪。”",joseph_reviewed_traditional,Amis_1098,2,https://glosbe.com/ami/zh/ni/fragment/tmem?page=6&mode=MUST&stem=true,work/reference_glosbe/amis_glosbe_traditional.xml
GLOSBE_REVIEWED_ZHO_1c378274b8bd0850,"Pasowalan ako cingra: ""Sowal ni Yis o nga'ayay lihaf no Hongti Kitakit wa mapaedef i polong no hekal, awaay ko papakaconged a tamdaw.""","我告訴他:“耶穌說王國的好消息一定會傳遍世界各地,沒有任何人可以阻止。”",joseph_reviewed_traditional,Amis_1099,3,https://glosbe.com/ami/zh/ni/fragment/tmem?page=6&mode=MUST&stem=true,work/reference_glosbe/amis_glosbe_traditional.xml
GLOSBE_REVIEWED_ZHO_652f731f05a61056,"""Nanay damaen ni Yihofa kiso, pa'icelen Ningra kiso.""","“失去摯愛對你來說一定是很大的打擊,願耶和華幫助你走出哀傷的陰霾。”",joseph_reviewed_traditional,Amis_1100,1,https://glosbe.com/ami/zh/ni/fragment/tmem?page=6&mode=MUST&stem=true,work/reference_glosbe/amis_glosbe_traditional.xml
GLOSBE_REVIEWED_ZHO_fe5b1cca80ea3533,"(2) O sowal no'Olic 15:1, 2, o cima ko nganga'ay malo widang ni Yihofa hani?","乙)根據詩篇15:1,2,誰才能成為耶和華的朋友?",joseph_reviewed_traditional,Amis_1101,2,https://glosbe.com/ami/zh/ni/fragment/tmem?page=6&mode=MUST&stem=true,work/reference_glosbe/amis_glosbe_traditional.xml
GLOSBE_REVIEWED_ZHO_48f2b3390fffc8cb,"Sanay ko sowal noni salikaka: ""O hekal ni Satan miowingay to tamdaw'akawang ko picudadan, saka cinganganaw ato adihay ko payci.",這個姊妹說:“撒但的世界鼓吹人追求高等教育、名利以及許多物質的東西。,joseph_reviewed_traditional,Amis_1102,5,https://glosbe.com/ami/zh/ni/fragment/tmem?page=6&mode=MUST&stem=true,work/reference_glosbe/amis_glosbe_traditional.xml
GLOSBE_REVIEWED_ZHO_a7e4cec8921362a3,"Mala'osi ko saki'ok ni Yihofa,","告訴所有人美好希望將實現,",joseph_reviewed_traditional,Amis_1103,0,https://glosbe.com/ami/zh/ni/fragment/tmem?page=6&mode=MUST&stem=true,work/reference_glosbe/amis_glosbe_traditional.xml
GLOSBE_REVIEWED_ZHO_bd13ae1c5e5b6512,Sowal ni Tafiti: 'Pakiyadi han cingra a mapo'i.',大衛說:“容他咒罵吧。”,joseph_reviewed_traditional,Amis_1104,1,https://glosbe.com/ami/zh/ni/fragment/tmem?page=7&mode=MUST&stem=true,work/reference_glosbe/amis_glosbe_traditional.xml
GLOSBE_REVIEWED_ZHO_ace33a76173630de,"Sowal ni Yihofa,","耶和華的話語,",joseph_reviewed_traditional,Amis_1105,0,https://glosbe.com/ami/zh/ni/fragment/tmem?page=7&mode=MUST&stem=true,work/reference_glosbe/amis_glosbe_traditional.xml
GLOSBE_REVIEWED_ZHO_bf5590e026c3153f,Kalasaka dademakanho ni Yihofa ko coyoh midipot ato pa'icel to tamdaw Ningra,耶和華依舊任用天使去保護和強化他的子民,joseph_reviewed_traditional,Amis_1106,1,https://glosbe.com/ami/zh/ni/fragment/tmem?page=7&mode=MUST&stem=true,work/reference_glosbe/amis_glosbe_traditional.xml
GLOSBE_REVIEWED_ZHO_2d764fd3fcd3f566,"Sanay ko sowal ni Yis cangraanan: ""O cacilafo kamo o misamangahay ko demak a pasifana'ay to Rikec ato Farisay a tamdaw.","耶穌對他們說:“抄經士和法利賽派啊,你們這些虛偽的人有禍了!",joseph_reviewed_traditional,Amis_1107,4,https://glosbe.com/ami/zh/ni/fragment/tmem?page=7&mode=MUST&stem=true,work/reference_glosbe/amis_glosbe_traditional.xml
GLOSBE_REVIEWED_ZHO_4afa804231115319,"Awa ko toki ni Satan,","魔鬼撒但餘日無多,",joseph_reviewed_traditional,Amis_1108,1,https://glosbe.com/ami/zh/ni/fragment/tmem?page=7&mode=MUST&stem=true,work/reference_glosbe/amis_glosbe_traditional.xml
GLOSBE_REVIEWED_ZHO_0acdad528c952a46,7 Mikitini tinakoan ni Solomon wa adihayay ko mananamay ita.,"可惜的是,所羅門後來不再是耶和華的朋友。(",joseph_reviewed_traditional,Amis_1109,3,https://glosbe.com/ami/zh/ni/fragment/tmem?page=7&mode=MUST&stem=true,work/reference_glosbe/amis_glosbe_traditional.xml
GLOSBE_REVIEWED_ZHO_0b861c990c951bc6,"Matatodongay ko katayni ni Fukusen, samanen macadaay ni Yangke ko sanilnil, wa tayra i faelohay kilac a mitosil, mahaopay ko kilac no Suwiay.","弗格森弟兄來得正是時候,因為揚格弟兄後來收到委派,要前往新的地區服務,包括蘇聯境內的地區。",joseph_reviewed_traditional,Amis_1110,2,https://glosbe.com/ami/zh/ni/fragment/tmem?page=7&mode=MUST&stem=true,work/reference_glosbe/amis_glosbe_traditional.xml
GLOSBE_REVIEWED_ZHO_b620dd7c4fff9a94,"Tiya tahidangen no tarokos ci Pawlo ci Timoti malacafay mitosil i, maedeng 20 ko mihecaan ni Timoti.","使徒保羅邀請提摩太一起去傳道旅行時,提摩太才20歲左右。",joseph_reviewed_traditional,Amis_1111,2,https://glosbe.com/ami/zh/ni/fragment/tmem?page=7&mode=MUST&stem=true,work/reference_glosbe/amis_glosbe_traditional.xml
GLOSBE_REVIEWED_ZHO_1beca549c6c76696,"16 Cowa ko pisinanot aca ni Kristo to saali ita, i no'adingoan, padamaayho kitaanan misamacayto kalimlaan a demak i fafekang no sera.","16 基督不但留意我們的屬靈需要,還幫助我們專注於地上最重要的工作。(",joseph_reviewed_traditional,Amis_1112,4,https://glosbe.com/ami/zh/ni/fragment/tmem?page=7&mode=MUST&stem=true,work/reference_glosbe/amis_glosbe_traditional.xml
GLOSBE_REVIEWED_ZHO_669f6d3ca90d573e,"Ikorto, misatapangay ko sofitay no Dipong milood to Intiya, matongalay ko saroero no mirikecay no Ikok to Misawacayay Tamdaw ni Yihofa. 1943 miheca 7 folad, malingatay noniya saroero kako.","後來,日本軍隊開始入侵印度,英國政府對耶和華見證人施加的壓力越來越大。",joseph_reviewed_traditional,Amis_1113,2,https://glosbe.com/ami/zh/ni/fragment/tmem?page=7&mode=MUST&stem=true,work/reference_glosbe/amis_glosbe_traditional.xml
GLOSBE_REVIEWED_ZHO_304cfffc3f0aaf1c,"Kawra, mikitini kita i sapatinako ni Yis, mahapinangay to mitokelay ci Yihofa kitaanan mihaen to demak.","不過,我們可以從耶穌的比喻看出耶和華希望我們怎麼做。(",joseph_reviewed_traditional,Amis_1114,1,https://glosbe.com/ami/zh/ni/fragment/tmem?page=7&mode=MUST&stem=true,work/reference_glosbe/amis_glosbe_traditional.xml
GLOSBE_REVIEWED_ZHO_66024968fef169b2,"Romakatay kami to 8 kongli, tayra i loma' ni Kerus a masa'opo.","我們幾個人走了八公里,到了克魯斯弟兄家裡聚會。",joseph_reviewed_traditional,Amis_1115,1,https://glosbe.com/ami/zh/ni/fragment/tmem?page=7&mode=MUST&stem=true,work/reference_glosbe/amis_glosbe_traditional.xml
GLOSBE_REVIEWED_ZHO_2d5f263f7045a151,"Sapinanamaw kita tano pinengneng ni Yihofa a minengneng to tao, sasamaan ko hademak?","我們想學會用耶和華的觀點看別人,就該怎麼做?",joseph_reviewed_traditional,Amis_1116,2,https://glosbe.com/ami/zh/ni/fragment/tmem?page=7&mode=MUST&stem=true,work/reference_glosbe/amis_glosbe_traditional.xml
GLOSBE_REVIEWED_ZHO_2f8dc4227ae2bd9e,(1) Misamaanay hano ocoren ni Yihofa ko coyoh tayra i Sotom?,乙)我們從耶和華對待羅得一家的方式看出什麼?,joseph_reviewed_traditional,Amis_1117,1,https://glosbe.com/ami/zh/ni/fragment/tmem?page=7&mode=MUST&stem=true,work/reference_glosbe/amis_glosbe_traditional.xml
GLOSBE_REVIEWED_ZHO_2c1beead277587c9,"9 O mihadakan ni Pitiro a limo'ot nga'ayay saka dademaken i roma kalimelaan a demak i noka'orip, tinakoen o picudadan ato katayalan.","9 彼得提出的勸告也適用於生活中其他重要的事,例如選擇教育和職業。",joseph_reviewed_traditional,Amis_1118,4,https://glosbe.com/ami/zh/ni/fragment/tmem?page=7&mode=MUST&stem=true,work/reference_glosbe/amis_glosbe_traditional.xml
GLOSBE_REVIEWED_ZHO_4541286fc2cf6db1,(2) O masamaanay a demak ko saali ni Yihofa kitaanan hani?,乙)耶和華要我們做的事都是怎樣的?,joseph_reviewed_traditional,Amis_1119,1,https://glosbe.com/ami/zh/ni/fragment/tmem?page=7&mode=MUST&stem=true,work/reference_glosbe/amis_glosbe_traditional.xml
GLOSBE_REVIEWED_ZHO_94a372f4a8a709f4,3 Nalifetan no Tamdaw —Tooren ko Sapalimo'ot ni Yihofa Palemeday Takowanan,3頁 人物生平——聽從耶和華的吩咐使我得福,joseph_reviewed_traditional,Amis_1120,1,https://glosbe.com/ami/zh/ni/fragment/tmem?page=7&mode=MUST&stem=true,work/reference_glosbe/amis_glosbe_traditional.xml
GLOSBE_REVIEWED_ZHO_848842015c7421f6,"Mihaenay, oniya sowal ni Pitiro wa mitadtad to maanan a kalimelaan hani?","那麼,彼得的話是要說明什麼要點呢?",joseph_reviewed_traditional,Amis_1121,1,https://glosbe.com/ami/zh/ni/fragment/tmem?page=7&mode=MUST&stem=true,work/reference_glosbe/amis_glosbe_traditional.xml
GLOSBE_REVIEWED_ZHO_837086420a15ccb5,"Itini Loma 15:5 somowalay to pairaen ko'harateng ni Kristo Yis,' sanay.",羅馬書15:5也提到要有“基督耶穌的思想態度”。,joseph_reviewed_traditional,Amis_1122,3,https://glosbe.com/ami/zh/ni/fragment/tmem?page=7&mode=MUST&stem=true,work/reference_glosbe/amis_glosbe_traditional.xml
GLOSBE_REVIEWED_ZHO_23272ebd015ac3e8,"15 Ano palalinien to nolitengan a Israil, iraay ko wacay ita to mamilifok to sida'it ni Yihofa.","15 比起古代的以色列人,我們更加確信自己能得蒙耶和華的慈悲。",joseph_reviewed_traditional,Amis_1123,2,https://glosbe.com/ami/zh/ni/fragment/tmem?page=7&mode=MUST&stem=true,work/reference_glosbe/amis_glosbe_traditional.xml
GLOSBE_REVIEWED_ZHO_e606dd2cad40b9cd,"Misamaanay palahad to harateng ni Yihofa, cowa ko pakidemay a mipalit kitaanan hani?",為什麼培養耶和華的觀點不會過度約束我們?,joseph_reviewed_traditional,Amis_1124,0,https://glosbe.com/ami/zh/ni/fragment/tmem?page=7&mode=MUST&stem=true,work/reference_glosbe/amis_glosbe_traditional.xml
GLOSBE_REVIEWED_ZHO_7023e392cb93c07b,"(Hipray 6:10) Maharatengay ni Yihofa ko nano demak ita isalakat, miki'okay to cowa ko mamapawan to nano demak ita anini.","希伯來書6:10)耶和華記得我們過去的付出,也承諾不會忘記我們現在的努力。",joseph_reviewed_traditional,Amis_1125,3,https://glosbe.com/ami/zh/ni/fragment/tmem?page=7&mode=MUST&stem=true,work/reference_glosbe/amis_glosbe_traditional.xml
GLOSBE_REVIEWED_ZHO_a9ec89752edcb6c2,"O fafahi ningra cowa ko Misawacayay Tamdaw ni Yihofa, saka pacekiwan ni Koloriya cingra.","弟兄的妻子不是耶和華見證人,所以格洛麗亞就跟她討論聖經。",joseph_reviewed_traditional,Amis_1126,2,https://glosbe.com/ami/zh/ni/fragment/tmem?page=7&mode=MUST&stem=true,work/reference_glosbe/amis_glosbe_traditional.xml
GLOSBE_REVIEWED_ZHO_25093d82645380e1,Wa misamaan kita patahekal to midopoay to satadamaanay noka pikowan ni Yihofa?,"我們可以怎樣做,表明自己支持耶和華的至高統治權?",joseph_reviewed_traditional,Amis_1127,1,https://glosbe.com/ami/zh/ni/fragment/tmem?page=7&mode=MUST&stem=true,work/reference_glosbe/amis_glosbe_traditional.xml
GLOSBE_REVIEWED_ZHO_2e06da56183b9274,"Cowa ko pitadtad aca ni Lika to pihakelongan i cafay micudad, pa'arawayho cangranan to jw.org a wangcan.","呂卡不只向全班同學解釋信仰,還給他們看jw.org網站,結果老師要所有學生回家看《不用拳頭也可以打敗惡霸!》",joseph_reviewed_traditional,Amis_1128,1,https://glosbe.com/ami/zh/ni/fragment/tmem?page=7&mode=MUST&stem=true,work/reference_glosbe/amis_glosbe_traditional.xml
GLOSBE_REVIEWED_ZHO_53d9698384e0dd90,"(Loma 8:35, 38, 39) O olah ni Yis patanektekay kitaanan.","羅馬書8:35,38,39)耶穌的愛使我們堅定剛強。",joseph_reviewed_traditional,Amis_1129,0,https://glosbe.com/ami/zh/ni/fragment/tmem?page=8&mode=MUST&stem=true,work/reference_glosbe/amis_glosbe_traditional.xml
GLOSBE_REVIEWED_ZHO_55dd33beff867366,O nidemakan ni Lefifor Taples hano tada masaka limlaan?,為什麼勒菲弗爾·戴塔普爾所做的事非常重要?,joseph_reviewed_traditional,Amis_1130,0,https://glosbe.com/ami/zh/ni/fragment/tmem?page=8&mode=MUST&stem=true,work/reference_glosbe/amis_glosbe_traditional.xml
GLOSBE_REVIEWED_ZHO_4a25936cb9192794,"10 O roma pakayraan ni Yihofa pa'icel kitaanan, pakaynian i kasakopang a pakalalok kitaanan.","10 耶和華強化我們的另一個方法,就是通過會眾給我們鼓勵。",joseph_reviewed_traditional,Amis_1131,0,https://glosbe.com/ami/zh/ni/fragment/tmem?page=8&mode=MUST&stem=true,work/reference_glosbe/amis_glosbe_traditional.xml
GLOSBE_REVIEWED_ZHO_b85000fb2d00cab5,"Sowal no Fangcalay Cudad: ""Doedo han ni Mosi konini a demak a pa'araw i kakrikridan no finawlan.""",聖經說:“摩西就在以色列的長老眼前這樣做了。”,joseph_reviewed_traditional,Amis_1132,4,https://glosbe.com/ami/zh/ni/fragment/tmem?page=8&mode=MUST&stem=true,work/reference_glosbe/amis_glosbe_traditional.xml
GLOSBE_REVIEWED_ZHO_f36bd8f5378fe8bf,"Pakayni to satadamaanay noka pikowan ni Yihofa, pakaso'linay kita to manan?","關於耶和華的至高統治權,我們每個人都該確信什麼?(",joseph_reviewed_traditional,Amis_1133,0,https://glosbe.com/ami/zh/ni/fragment/tmem?page=8&mode=MUST&stem=true,work/reference_glosbe/amis_glosbe_traditional.xml
GLOSBE_REVIEWED_ZHO_2bdafd1e04fb267c,"MA'ARAWTO ni Cikariya ko saka 7 a mapolosi ikor, misimsimay to adihayay demak cingra.","撒迦利亞看到了第七個異象後,開始思考許多事。",joseph_reviewed_traditional,Amis_1134,3,https://glosbe.com/ami/zh/ni/fragment/tmem?page=8&mode=MUST&stem=true,work/reference_glosbe/amis_glosbe_traditional.xml
GLOSBE_REVIEWED_ZHO_cca365899d4d1bb5,"15 Ano makalimay kita ira ko mahecaday ni Yihofa a harateng, 'aka madenga nonini a hekal.'","15 我們想跟耶和華有一樣的看法,就不可以讓自己“被這個制度同化”。",joseph_reviewed_traditional,Amis_1135,3,https://glosbe.com/ami/zh/ni/fragment/tmem?page=8&mode=MUST&stem=true,work/reference_glosbe/amis_glosbe_traditional.xml
GLOSBE_REVIEWED_ZHO_3c9ec042e6a1327d,"So'linay haw i, awaay ko pinang ita to samaanay ko tatirengan ato pising ni Pawlo.","坦白說,現今沒有任何人能肯定保羅的外貌。",joseph_reviewed_traditional,Amis_1136,5,https://glosbe.com/ami/zh/ni/fragment/tmem?page=8&mode=MUST&stem=true,work/reference_glosbe/amis_glosbe_traditional.xml
GLOSBE_REVIEWED_ZHO_851059722b168e5f,"So'lin macada ni Kimmi ko mari'angay, sini'adaayho cingra to mitosilan a tamdaw, samaanay ko piremo ningra to pidemak hani?","即使金美受到惡待,她還是能憐恤傳道的對象,她是怎麼做到的呢?",joseph_reviewed_traditional,Amis_1137,0,https://glosbe.com/ami/zh/ni/fragment/tmem?page=8&mode=MUST&stem=true,work/reference_glosbe/amis_glosbe_traditional.xml
GLOSBE_REVIEWED_ZHO_bdc902c35d753808,"Itini Yohani 15:4-10 toni pina sinael, kinapinaay masowal ni Yis ko'mararid' sanay a tilid, paihekal to kalimelaan ko mihadidiay.","在約翰福音15:4-10這短短的幾節經文中,耶穌多次用“時刻”一詞來強調忍耐的必要性。",joseph_reviewed_traditional,Amis_1138,3,https://glosbe.com/ami/zh/ni/fragment/tmem?page=8&mode=MUST&stem=true,work/reference_glosbe/amis_glosbe_traditional.xml
GLOSBE_REVIEWED_ZHO_95da22d839ccb6cd,(2) Hano mafana' kita wa miliyawho a mala'osi ko sapairasol ni Isaya 35:5-10 hani?,乙)我們怎麼知道以賽亞書35:5-10的預言會再次應驗?,joseph_reviewed_traditional,Amis_1139,1,https://glosbe.com/ami/zh/ni/fragment/tmem?page=8&mode=MUST&stem=true,work/reference_glosbe/amis_glosbe_traditional.xml
GLOSBE_REVIEWED_ZHO_307294dd4bd2eb91,"13 O roma tinakoan i, o wawa ni Yakop ci Yosif.",13 另一個例子是雅各的兒子約瑟。,joseph_reviewed_traditional,Amis_1140,0,https://glosbe.com/ami/zh/ni/fragment/tmem?page=8&mode=MUST&stem=true,work/reference_glosbe/amis_glosbe_traditional.xml
GLOSBE_REVIEWED_ZHO_01d15acf6b2f486c,"O misowalan ni Yis a Lakoing toya mararaway, sasamaan mala'osi hani?",耶穌向罪犯提到的樂園會怎樣應驗?(,joseph_reviewed_traditional,Amis_1141,1,https://glosbe.com/ami/zh/ni/fragment/tmem?page=8&mode=MUST&stem=true,work/reference_glosbe/amis_glosbe_traditional.xml
GLOSBE_REVIEWED_ZHO_2bac62b7aae714fa,Hano misa'icel kita a palahad to'harateng ni Kristo'?,為什麼我們要努力培養“基督的思想”?,joseph_reviewed_traditional,Amis_1142,0,https://glosbe.com/ami/zh/ni/fragment/tmem?page=8&mode=MUST&stem=true,work/reference_glosbe/amis_glosbe_traditional.xml
GLOSBE_REVIEWED_ZHO_f6c79273f43ec1fb,"Sinanoten miharateng, o nidemakan ni Yihofa nohatini, oha mamisamaan kiso misa'icel a mipadang.",想想耶和華正在成就的事以及你可以怎樣盡一分力。,joseph_reviewed_traditional,Amis_1143,1,https://glosbe.com/ami/zh/ni/fragment/tmem?page=8&mode=MUST&stem=true,work/reference_glosbe/amis_glosbe_traditional.xml
GLOSBE_REVIEWED_ZHO_e417f878c7b80d37,"Kawrira, kalimelaan ko kafana' ita to ca'of no tolo a salicay: Hakowaay ko'icel ni Satan a mifiyor?","不過,我們需要知道以下三個問題的答案:撒但的影響力有多大?",joseph_reviewed_traditional,Amis_1144,2,https://glosbe.com/ami/zh/ni/fragment/tmem?page=8&mode=MUST&stem=true,work/reference_glosbe/amis_glosbe_traditional.xml
GLOSBE_REVIEWED_ZHO_999cf28fe0b09c2c,"Saliyaliyawsa ci Komil ma'a'odang to tao, kawra misododan ni Hosiya cingra a miliyaw madadi'i.","假如基督徒夫妻其中一方淫亂,清白的一方可以選擇原諒。",joseph_reviewed_traditional,Amis_1145,1,https://glosbe.com/ami/zh/ni/fragment/tmem?page=8&mode=MUST&stem=true,work/reference_glosbe/amis_glosbe_traditional.xml
GLOSBE_REVIEWED_ZHO_48652ba2b50a4067,Hano malahdaw ko sapicomodaw ni Mosi i Miki'okan Pala a sapalemed hani?,為什麼摩西失去了進入應許之地的福分?,joseph_reviewed_traditional,Amis_1146,1,https://glosbe.com/ami/zh/ni/fragment/tmem?page=8&mode=MUST&stem=true,work/reference_glosbe/amis_glosbe_traditional.xml
GLOSBE_REVIEWED_ZHO_7338bcbdc856473d,"8 Ano makalimay kita matilid ko ngangan no niyah i powa ni Yihofa, wa mitoor to pina palinian.","8 我們要是希望自己的名字能記錄在耶和華的冊上,就必須符合一些條件。",joseph_reviewed_traditional,Amis_1147,4,https://glosbe.com/ami/zh/ni/fragment/tmem?page=8&mode=MUST&stem=true,work/reference_glosbe/amis_glosbe_traditional.xml
GLOSBE_REVIEWED_ZHO_79a6f93e86552e8c,Samanay ko pinengneng ni Yis to pasataay?,耶穌在納稅的議題上有什麼看法?,joseph_reviewed_traditional,Amis_1148,0,https://glosbe.com/ami/zh/ni/fragment/tmem?page=8&mode=MUST&stem=true,work/reference_glosbe/amis_glosbe_traditional.xml
GLOSBE_REVIEWED_ZHO_4c71c3ba269b226f,Hano malahedaw ko sapicomodaw ni Mosi i Miki'okan a Pala a sapalemed.,"研讀本篇課文時,我們會分析為什麼忠心的摩西失去了進入應許之地的福分。",joseph_reviewed_traditional,Amis_1149,1,https://glosbe.com/ami/zh/ni/fragment/tmem?page=8&mode=MUST&stem=true,work/reference_glosbe/amis_glosbe_traditional.xml
GLOSBE_REVIEWED_ZHO_f00ed219cb489bab,"Alatek mihaen ko harateng no mita: ""Tokel ni Yihofa, o masamaanay a tamdaw kita hani?""",我們可能會想:“耶和華希望我們是怎樣的人呢?”,joseph_reviewed_traditional,Amis_1150,1,https://glosbe.com/ami/zh/ni/fragment/tmem?page=8&mode=MUST&stem=true,work/reference_glosbe/amis_glosbe_traditional.xml
GLOSBE_REVIEWED_ZHO_8c6c62797fc61621,"Telocto, marawraway ko kalala'ed ni Alon to paro no loma'.","結果,亞倫跟家人的關係變得很緊張。",joseph_reviewed_traditional,Amis_1151,1,https://glosbe.com/ami/zh/ni/fragment/tmem?page=8&mode=MUST&stem=true,work/reference_glosbe/amis_glosbe_traditional.xml
GLOSBE_REVIEWED_ZHO_9bbdcaf28615b711,"Sanay ko sowal ni Wili: ""Tayraayto i cikok ko wama iso!""",威利說:“你的爸爸下到地獄了!”,joseph_reviewed_traditional,Amis_1152,2,https://glosbe.com/ami/zh/ni/fragment/tmem?page=8&mode=MUST&stem=true,work/reference_glosbe/amis_glosbe_traditional.xml
GLOSBE_REVIEWED_ZHO_728d9841118f2db4,"LALOMIHECA, laloma' no Misawacayay Tamdaw ni Yihofa adihayay ko manilnilay fa'inayan salikaka malo malohemay malitengay ato padamaay sikawdan.","去年,耶和華見證人中有很多弟兄被任命為長老和助理僕人。",joseph_reviewed_traditional,Amis_1153,2,https://glosbe.com/ami/zh/ni/fragment/tmem?page=8&mode=MUST&stem=true,work/reference_glosbe/amis_glosbe_traditional.xml
GLOSBE_REVIEWED_ZHO_86bc5e27b2f78f24,(2) Palilam kiso toniya casi iraay ko maanan nga'ayay milifetan han?,乙)最近你分發這份雜誌有什麼美好的經歷?,joseph_reviewed_traditional,Amis_1157,1,https://glosbe.com/ami/zh/han,work/reference_glosbe/amis_glosbe_traditional.xml
GLOSBE_REVIEWED_ZHO_0c5cdb64958040e6,Maolahay kiso toni demak han?,這也是你的心願嗎?,joseph_reviewed_traditional,Amis_1162,2,https://glosbe.com/ami/zh/han,work/reference_glosbe/amis_glosbe_traditional.xml
GLOSBE_REVIEWED_ZHO_b0ff48dbf6916416,So'linay a cipinang cingra to kalimelaan a sa'osi ko micadaay to ino' han?,她真的明白受浸是一項嚴肅的決定嗎?,joseph_reviewed_traditional,Amis_1165,1,https://glosbe.com/ami/zh/han,work/reference_glosbe/amis_glosbe_traditional.xml
GLOSBE_REVIEWED_ZHO_1d05b40a1262c084,Mikangodoay kiso to kaemangay a fa'inayan salikaka han?,你尊重年輕的弟兄嗎?( 見第15段),joseph_reviewed_traditional,Amis_1166,2,https://glosbe.com/ami/zh/han,work/reference_glosbe/amis_glosbe_traditional.xml
GLOSBE_REVIEWED_ZHO_7b9776fba9563385,16 Mamisa'icel Kiso Misaysay to Lacongis Micowat to Rihaday Han?,16頁 你會盡力化解紛爭、促進和睦嗎?,joseph_reviewed_traditional,Amis_1167,2,https://glosbe.com/ami/zh/han,work/reference_glosbe/amis_glosbe_traditional.xml
GLOSBE_REVIEWED_ZHO_ef4ab9bf73ecf81f,3 Mihadidiay a Mitala Kiso Han?,3 你會耐心等候嗎?,joseph_reviewed_traditional,Amis_1168,2,https://glosbe.com/ami/zh/han,work/reference_glosbe/amis_glosbe_traditional.xml
GLOSBE_REVIEWED_ZHO_68ae326af2e56a7d,Iraay ko manan demakan to ikakaay ko nika masaka limelaan to kalala'ed iso aci Yihofa han?,有什麼事比你和耶和華的關係更重要?,joseph_reviewed_traditional,Amis_1169,4,https://glosbe.com/ami/zh/han,work/reference_glosbe/amis_glosbe_traditional.xml
GLOSBE_REVIEWED_ZHO_accfa1ac865d675a,"So'linay kako makahi a misodod to pakararaway takowanan a tamdaw han?""",我真的願意原諒得罪我的人嗎?”,joseph_reviewed_traditional,Amis_1178,1,https://glosbe.com/ami/zh/han,work/reference_glosbe/amis_glosbe_traditional.xml
GLOSBE_REVIEWED_ZHO_adead12c4f6b7afc,"Nga'ayay licayen ita ko niyah: ""Mitodongay kako toya sida'itay a Samariya tamdaw han?",我們應該問問自己:“我有沒有效法仁愛的撒馬利亞人?,joseph_reviewed_traditional,Amis_1180,2,https://glosbe.com/ami/zh/han/fragment/tmem?page=2&mode=MUST&stem=true,work/reference_glosbe/amis_glosbe_traditional.xml
GLOSBE_REVIEWED_ZHO_14172f39b3486f57,32 Maharatengayho Iso Han?,32頁 你還記得嗎?,joseph_reviewed_traditional,Amis_1181,1,https://glosbe.com/ami/zh/han/fragment/tmem?page=2&mode=MUST&stem=true,work/reference_glosbe/amis_glosbe_traditional.xml
GLOSBE_REVIEWED_ZHO_f4974acc1f6d969c,Makahirahiraay ko no'adingoan a sapilood iso a riko' han?,你的屬靈盔甲齊全嗎?,joseph_reviewed_traditional,Amis_1182,1,https://glosbe.com/ami/zh/han/fragment/tmem?page=2&mode=MUST&stem=true,work/reference_glosbe/amis_glosbe_traditional.xml
GLOSBE_REVIEWED_ZHO_69fedad5e0dba28a,Mamisa'icel Kiso Misaysay to Lacongis Micowat to Rihaday Han?,你會盡力化解紛爭、促進和睦嗎?,joseph_reviewed_traditional,Amis_1186,1,https://glosbe.com/ami/zh/han/fragment/tmem?page=2&mode=MUST&stem=true,work/reference_glosbe/amis_glosbe_traditional.xml
GLOSBE_REVIEWED_ZHO_6e91e024eaf79ea4,"So'lin malotay ko roma tamdaw, kamayan mirienang to'ayaw no mitosilay a sa'opo, mahererek cangra mitosil —patikolay fanekfek ko harateng, na iraay ko mahaenay malifetay iso han?","有些人雖然很疲倦,還是去參加傳道前聚會,他們在傳道結束後,都覺得精神恢復過來了,你是不是也有這樣的經歷呢?",joseph_reviewed_traditional,Amis_1187,2,https://glosbe.com/ami/zh/han/fragment/tmem?page=2&mode=MUST&stem=true,work/reference_glosbe/amis_glosbe_traditional.xml
GLOSBE_REVIEWED_ZHO_6f2d662d46d29227,Iraay ko misimaway tisowanan a coyoh han?,你有個守護天使嗎?,joseph_reviewed_traditional,Amis_1188,1,https://glosbe.com/ami/zh/han/fragment/tmem?page=2&mode=MUST&stem=true,work/reference_glosbe/amis_glosbe_traditional.xml
GLOSBE_REVIEWED_ZHO_fc052867e23a4d01,Mihadidiay a Mitala Kiso Han?,你會耐心等候嗎?,joseph_reviewed_traditional,Amis_1189,2,https://glosbe.com/ami/zh/han/fragment/tmem?page=2&mode=MUST&stem=true,work/reference_glosbe/amis_glosbe_traditional.xml
GLOSBE_REVIEWED_ZHO_25c1266cd5900faa,Mafana'ay Kiso Samaanay ko So'linay Demak Han?,你知道事情的真相嗎?,joseph_reviewed_traditional,Amis_1190,2,https://glosbe.com/ami/zh/han/fragment/tmem?page=2&mode=MUST&stem=true,work/reference_glosbe/amis_glosbe_traditional.xml
GLOSBE_REVIEWED_ZHO_7e0899e420049e16,"Wa fana'en iso ko ""kihcod"" a demak han?",你需要告訴他們所有的事嗎?,joseph_reviewed_traditional,Amis_1191,3,https://glosbe.com/ami/zh/han/fragment/tmem?page=2&mode=MUST&stem=true,work/reference_glosbe/amis_glosbe_traditional.xml
GLOSBE_REVIEWED_ZHO_d2af55b94d1153af,"MISI'AYAWAY kiso to adada, cango'ot no saka'orip anca saroero han?","你正面對問題,像是生病、經濟難題或迫害嗎?",joseph_reviewed_traditional,Amis_1192,2,https://glosbe.com/ami/zh/han/fragment/tmem?page=2&mode=MUST&stem=true,work/reference_glosbe/amis_glosbe_traditional.xml
GLOSBE_REVIEWED_ZHO_e872bc0d22c36fb2,"Mihadidiay kako micada to salikaka, a cipinangto pakayraan nangra han?","我耐心地對待弟兄姐妹,也理解他們的情況嗎?",joseph_reviewed_traditional,Amis_1194,0,https://glosbe.com/ami/zh/han/fragment/tmem?page=2&mode=MUST&stem=true,work/reference_glosbe/amis_glosbe_traditional.xml
GLOSBE_REVIEWED_ZHO_05cd6c0d7f62f042,"17 Kapah tamdaw sa harateratengen, ano caay pirikec ko wama wina tisowanan, ano mihaen so'linay a maolah ko wama wina tisowanan han?","17 年輕人請想想,假如父母從不糾正你,你認為父母真的關心你嗎?(",joseph_reviewed_traditional,Amis_1195,7,https://glosbe.com/ami/zh/han/fragment/tmem?page=2&mode=MUST&stem=true,work/reference_glosbe/amis_glosbe_traditional.xml
GLOSBE_REVIEWED_ZHO_8c4bcd878c1df1d2,"Han ako paca'of: ""Hay, miharatengay kako.","我說:“是,我想。”",joseph_reviewed_traditional,Amis_1196,0,https://glosbe.com/ami/zh/han/fragment/tmem?page=2&mode=MUST&stem=true,work/reference_glosbe/amis_glosbe_traditional.xml
GLOSBE_REVIEWED_ZHO_4a7482a36ee7a196,"Ano caka miako'id ko tamdaw to hinapalada' no mita, wa padotoc kita makahi a palada' han? Tadtaden hena.","一般來說,人對於慷慨施與的行為會有良好的反應。",joseph_reviewed_traditional,Amis_1197,3,https://glosbe.com/ami/zh/han/fragment/tmem?page=2&mode=MUST&stem=true,work/reference_glosbe/amis_glosbe_traditional.xml
GLOSBE_REVIEWED_ZHO_005f82f329a5ef42,8 Padamaay Kiso to Wawa Tahira i Picadaan to Ino' Han?,8 你正幫助孩子進步到受浸嗎?,joseph_reviewed_traditional,Amis_1198,1,https://glosbe.com/ami/zh/han/fragment/tmem?page=2&mode=MUST&stem=true,work/reference_glosbe/amis_glosbe_traditional.xml
GLOSBE_REVIEWED_ZHO_8c93fe0bfdb839c6,"O itiniay tamdaw tayraay i niyaro' iso mikilim to katayalan, coka fana' kiso han?""","難道你不知道為了找工作,這裡的人都到你老家那邊去了!”",joseph_reviewed_traditional,Amis_1200,3,https://glosbe.com/ami/zh/han/fragment/tmem?page=2&mode=MUST&stem=true,work/reference_glosbe/amis_glosbe_traditional.xml
GLOSBE_REVIEWED_ZHO_d3c702e03c486ee5,"Itini tora pakayraan, papatahekal kiso to timolo a matatodong ko pitadtad tora lalangian han?",15. 詩篇37:25和希伯來書13:5的經文怎樣幫助父母表現勇氣?,joseph_reviewed_traditional,Amis_1201,3,https://glosbe.com/ami/zh/han/fragment/tmem?page=2&mode=MUST&stem=true,work/reference_glosbe/amis_glosbe_traditional.xml
GLOSBE_REVIEWED_ZHO_e872dec29e1914a1,"(2) O hatiniay a pasalat, awaay ko tolas han?",乙)這種自由是沒有限度的嗎?,joseph_reviewed_traditional,Amis_1202,1,https://glosbe.com/ami/zh/han/fragment/tmem?page=2&mode=MUST&stem=true,work/reference_glosbe/amis_glosbe_traditional.xml
GLOSBE_REVIEWED_ZHO_0853c1ed8674aa44,"To nika awa no nilifetan, cato pakafilo toni'inorong cingra han?",還是會因為年輕又缺乏經驗而無法負起這個責任呢?,joseph_reviewed_traditional,Amis_1203,2,https://glosbe.com/ami/zh/han/fragment/tmem?page=2&mode=MUST&stem=true,work/reference_glosbe/amis_glosbe_traditional.xml
GLOSBE_REVIEWED_ZHO_2b1860acacd543d5,"Anca tona caay ka lecad ko pinangan niyam han?""",還是他只是跟我個性不同而已?”,joseph_reviewed_traditional,Amis_1204,5,https://glosbe.com/ami/zh/han/fragment/tmem?page=3&mode=MUST&stem=true,work/reference_glosbe/amis_glosbe_traditional.xml
GLOSBE_REVIEWED_ZHO_753146ca2ee2afa8,"25 Kapah Tamdaw, Micangacang to No'adingoan a Patosokan Han?","25頁 年輕人,你一心追求屬靈目標嗎?",joseph_reviewed_traditional,Amis_1205,1,https://glosbe.com/ami/zh/han/fragment/tmem?page=3&mode=MUST&stem=true,work/reference_glosbe/amis_glosbe_traditional.xml
GLOSBE_REVIEWED_ZHO_55133d6605701e57,"Mihadidiay ca Lowis aci Perin, palemedan ni Yihofa cangra han?","路易斯和佩賴因表現忍耐,耶和華給他們什麼豐厚的獎賞呢?",joseph_reviewed_traditional,Amis_1206,2,https://glosbe.com/ami/zh/han/fragment/tmem?page=3&mode=MUST&stem=true,work/reference_glosbe/amis_glosbe_traditional.xml
GLOSBE_REVIEWED_ZHO_be77fd3d1f0fd8be,"a cowantan, nga'ayay pa'arawen iso to potal no cowantan a salicay, licayen ko ciloma'ay: ""Na miharatengay kiso to sasamaan ko hano ikor han?","這份傳單,你可以讓對方看傳單封面的問題,問問他:“你曾想過未來會怎樣嗎?",joseph_reviewed_traditional,Amis_1207,3,https://glosbe.com/ami/zh/han/fragment/tmem?page=3&mode=MUST&stem=true,work/reference_glosbe/amis_glosbe_traditional.xml
GLOSBE_REVIEWED_ZHO_c18d0521a14e2d14,O lipahakayto a Krisciyang o nganga'ayho a mitongal to lipahak han?,一個已經很喜樂的基督徒可以感到更喜樂嗎?,joseph_reviewed_traditional,Amis_1208,0,https://glosbe.com/ami/zh/han/fragment/tmem?page=3&mode=MUST&stem=true,work/reference_glosbe/amis_glosbe_traditional.xml
GLOSBE_REVIEWED_ZHO_b4a103231e65a58d,32 Mafana'ay Kiso Han?,32頁 你知不知道?,joseph_reviewed_traditional,Amis_1209,1,https://glosbe.com/ami/zh/han/fragment/tmem?page=3&mode=MUST&stem=true,work/reference_glosbe/amis_glosbe_traditional.xml
GLOSBE_REVIEWED_ZHO_247ea1652105fbe3,Wa Ira ko Tolas no Roray Han?,人間苦難會終止嗎?,joseph_reviewed_traditional,Amis_1210,3,https://glosbe.com/ami/zh/han/fragment/tmem?page=3&mode=MUST&stem=true,work/reference_glosbe/amis_glosbe_traditional.xml
GLOSBE_REVIEWED_ZHO_126d9024b5ae3d08,"Ano maolahay kita ci Yihofaan ato salikaka i, o mamikiemel a eca pakihater han mirepat ko rihaday no tamdaw no Kawas.","如果我們愛耶和華也愛弟兄姊妹,就會努力不讓個性上的差異破壞上帝子民的和平。",joseph_reviewed_traditional,Amis_1211,2,https://glosbe.com/ami/zh/han/fragment/tmem?page=3&mode=MUST&stem=true,work/reference_glosbe/amis_glosbe_traditional.xml
GLOSBE_REVIEWED_ZHO_3b543c9820bb6bba,"Kawra, o kalimelaan a kimad ko mamiliyaw ma'orip, wa saan kiso a minengneng, halo patenak i tamdaw han?","不過,你會將復活看作是很重要的真理,並跟人分享嗎?",joseph_reviewed_traditional,Amis_1212,5,https://glosbe.com/ami/zh/han/fragment/tmem?page=3&mode=MUST&stem=true,work/reference_glosbe/amis_glosbe_traditional.xml
GLOSBE_REVIEWED_ZHO_a617b10a76548fc1,"Ano malacafay kiso to tao i, mitodongay ci Yihofaan han?",你在與別人相處時效法耶和華嗎?(,joseph_reviewed_traditional,Amis_1213,3,https://glosbe.com/ami/zh/han/fragment/tmem?page=3&mode=MUST&stem=true,work/reference_glosbe/amis_glosbe_traditional.xml
GLOSBE_REVIEWED_ZHO_90ee5c996761f10b,"To cecay a romi'ad, licay han ni Pitiro ci Tafong: ""Hano tatayni sa kiso a micara takowanan saw?","有一天,彼得問唐恩:“你為什麼常常來打擾我?",joseph_reviewed_traditional,Amis_1214,6,https://glosbe.com/ami/zh/han/fragment/tmem?page=3&mode=MUST&stem=true,work/reference_glosbe/amis_glosbe_traditional.xml
GLOSBE_REVIEWED_ZHO_bde19a8aa4b4be51,"Maocoray no paso'linay faloco' kako, cowa ko pidoedo aca to moecelay palinian no Kawas a ma'orip, o mamilasilayho to palinian no Kawas i tamdaw han?""","我受信心推動不只按照上帝的正義標準生活,還會向人宣揚上帝的標準嗎?”",joseph_reviewed_traditional,Amis_1215,1,https://glosbe.com/ami/zh/han/fragment/tmem?page=3&mode=MUST&stem=true,work/reference_glosbe/amis_glosbe_traditional.xml
GLOSBE_REVIEWED_ZHO_6b5d2ad1559b266d,Misa'icelay kita tano pinengneng ni Yihofa cangranan han?',我是不是努力以耶和華的觀點看他們?”,joseph_reviewed_traditional,Amis_1216,0,https://glosbe.com/ami/zh/han/fragment/tmem?page=3&mode=MUST&stem=true,work/reference_glosbe/amis_glosbe_traditional.xml
GLOSBE_REVIEWED_ZHO_164baf1af4f789d2,"9 Ihekalay ci Yis mitadtad, itini kalala'ed no mita o malikakaay han ko pinengneng, dotoc misa'icelay cingra to kalimelaan ko misapoeneray faloco'.","9 耶穌清楚說明我們該將彼此視為弟兄姐妹,接著他強調謙卑的重要性。(",joseph_reviewed_traditional,Amis_1217,1,https://glosbe.com/ami/zh/han/fragment/tmem?page=3&mode=MUST&stem=true,work/reference_glosbe/amis_glosbe_traditional.xml
GLOSBE_REVIEWED_ZHO_09fc3ebec8a9ca9b,"O kadadoedo no tato'asan ni Misiya, sahetoay o cinganganay to fisac a wawa han?",彌賽亞世系記錄中的人都擁有長子權嗎?,joseph_reviewed_traditional,Amis_1218,0,https://glosbe.com/ami/zh/han/fragment/tmem?page=3&mode=MUST&stem=true,work/reference_glosbe/amis_glosbe_traditional.xml
GLOSBE_REVIEWED_ZHO_05d3c3283af380ce,"Ano so'lin mimimiming ko loma', wa makahi kiso misaday to pilafinan nangra han?","就算家裡不大,你也可以提供住宿嗎?",joseph_reviewed_traditional,Amis_1219,3,https://glosbe.com/ami/zh/han/fragment/tmem?page=3&mode=MUST&stem=true,work/reference_glosbe/amis_glosbe_traditional.xml
GLOSBE_REVIEWED_ZHO_b4e3bd6f9cdab0df,"MIDOKO KITA ci Yihofaan, mitokelay to sapilifokaw to olah Ningra, cowa ka hatira han?","我們崇拜耶和華,一定希望得到他的喜愛,不是嗎?",joseph_reviewed_traditional,Amis_1220,2,https://glosbe.com/ami/zh/han/fragment/tmem?page=3&mode=MUST&stem=true,work/reference_glosbe/amis_glosbe_traditional.xml
GLOSBE_REVIEWED_ZHO_885acf6a3bebcecb,"Ikor nora isaka 1979 miheca a Mikecolay, o ising ato kakakosiya iraay ko nika cakat itini toni a demak han?","自《守望臺》1979年那篇文章刊登以來,醫學界和科學界在這方面有沒有重大的進展呢?",joseph_reviewed_traditional,Amis_1221,6,https://glosbe.com/ami/zh/han/fragment/tmem?page=3&mode=MUST&stem=true,work/reference_glosbe/amis_glosbe_traditional.xml
GLOSBE_REVIEWED_ZHO_90a08b174856738c,Padamaay Kiso to Wawa Tahira i Picadaan to Ino' Han?,你正幫助孩子進步到受浸嗎?,joseph_reviewed_traditional,Amis_1222,1,https://glosbe.com/ami/zh/han/fragment/tmem?page=3&mode=MUST&stem=true,work/reference_glosbe/amis_glosbe_traditional.xml
GLOSBE_REVIEWED_ZHO_baf05fd5a9cf6ebe,"Misaodo'an iso ko mitosilay demak, misa'icel mipalak to toki to lipalipay a mitosil han?","你將傳道工作視為珍寶,並且努力每周撥出時間傳道嗎?(",joseph_reviewed_traditional,Amis_1223,2,https://glosbe.com/ami/zh/han/fragment/tmem?page=3&mode=MUST&stem=true,work/reference_glosbe/amis_glosbe_traditional.xml
GLOSBE_REVIEWED_ZHO_a78eafa7b0770f65,"Wa cadaen ako koniya tayal han?""",我應該做這份工作嗎?”,joseph_reviewed_traditional,Amis_1224,2,https://glosbe.com/ami/zh/han/fragment/tmem?page=3&mode=MUST&stem=true,work/reference_glosbe/amis_glosbe_traditional.xml
GLOSBE_REVIEWED_ZHO_ecc2a99fec427e43,"Ano maharekto misa'osi ikor, nga'ayay falicen han?","基督徒作了決定後,還能再改變嗎?",joseph_reviewed_traditional,Amis_1225,1,https://glosbe.com/ami/zh/han/fragment/tmem?page=3&mode=MUST&stem=true,work/reference_glosbe/amis_glosbe_traditional.xml
GLOSBE_REVIEWED_ZHO_bd22d8a3cd373fda,"17 Ano sakacakataw i pihodop ci Yihofaan, makahi kiso micada to adihayay a sapahatatanam han?","17 為了在事奉上帝方面做得更好,你願意接受更多訓練嗎?",joseph_reviewed_traditional,Amis_1226,3,https://glosbe.com/ami/zh/han/fragment/tmem?page=4&mode=MUST&stem=true,work/reference_glosbe/amis_glosbe_traditional.xml
GLOSBE_REVIEWED_ZHO_65c9f906bb5f54c1,"(2) Pa'araw kiso to ika a mitosil, iraay ko maanan nga'ayay a milifetan han?",乙)最近你播放這些影片有什麼美好的經歷?,joseph_reviewed_traditional,Amis_1227,1,https://glosbe.com/ami/zh/han/fragment/tmem?page=4&mode=MUST&stem=true,work/reference_glosbe/amis_glosbe_traditional.xml
GLOSBE_REVIEWED_ZHO_2b55091442c6a985,"Tangsolay ci Pawlo aci Parnapas paihkal to cowa pihai cangra to harateng no'alomanay, micicih han nangra ko riko', tayra ilaloma'no tamdamdaw, ta'angay ko piowaw: ""Nawiro matini ko demak namo saw?","保羅和巴拿巴立刻表明自己並不認同群眾的看法,他們撕裂外衣,跳入群眾中,大喊:“為什麼這樣做呢?",joseph_reviewed_traditional,Amis_1228,6,https://glosbe.com/ami/zh/han/fragment/tmem?page=4&mode=MUST&stem=true,work/reference_glosbe/amis_glosbe_traditional.xml
GLOSBE_REVIEWED_ZHO_ccb1af97c5d7aece,13 Maharatengayho Iso Han?,13頁 你還記得嗎?,joseph_reviewed_traditional,Amis_1229,1,https://glosbe.com/ami/zh/han/fragment/tmem?page=4&mode=MUST&stem=true,work/reference_glosbe/amis_glosbe_traditional.xml
GLOSBE_REVIEWED_ZHO_72e26e7685594883,"Wa padama to wawa ako, tano harateng ni Yihofa a minengneng to demak, ho eca ka mafiyor no harateng no hekal han?","我會幫助孩子以耶和華的觀點看事情,不受世界的看法影響嗎?”",joseph_reviewed_traditional,Amis_1230,4,https://glosbe.com/ami/zh/han/fragment/tmem?page=4&mode=MUST&stem=true,work/reference_glosbe/amis_glosbe_traditional.xml
GLOSBE_REVIEWED_ZHO_b3a1e0a569af92a7,3 Mafana'ay Kiso Samaanay ko So'linay Demak Han?,3 你知道事情的真相嗎?,joseph_reviewed_traditional,Amis_1231,1,https://glosbe.com/ami/zh/han/fragment/tmem?page=4&mode=MUST&stem=true,work/reference_glosbe/amis_glosbe_traditional.xml
GLOSBE_REVIEWED_ZHO_45c099d5d4b8daa6,Miti'eray Kiso ci Yihofaan a Milimek Han?,你向耶和華尋求庇護嗎?,joseph_reviewed_traditional,Amis_1232,1,https://glosbe.com/ami/zh/han/fragment/tmem?page=4&mode=MUST&stem=true,work/reference_glosbe/amis_glosbe_traditional.xml
GLOSBE_REVIEWED_ZHO_6c31b7e6bb879c07,Pakalalokay ci Fitiriko to salikaka tayra i ta'angayay ko saali a kilac mitosil han?,"那麼,費德里科會鼓勵其他弟兄姊妹去需求更大的地區傳道嗎?",joseph_reviewed_traditional,Amis_1233,1,https://glosbe.com/ami/zh/han/fragment/tmem?page=4&mode=MUST&stem=true,work/reference_glosbe/amis_glosbe_traditional.xml
GLOSBE_REVIEWED_ZHO_6efb09c7eec7fa27,Hano pasowalen ni Apraham ko fafahi to safa ako kiso han a pasowal cangra hani?,亞伯拉罕對妻子說:“請告訴人你是我的妹妹。”,joseph_reviewed_traditional,Amis_1234,3,https://glosbe.com/ami/zh/han/fragment/tmem?page=4&mode=MUST&stem=true,work/reference_glosbe/amis_glosbe_traditional.xml
GLOSBE_REVIEWED_ZHO_14b7a6ad46c1610c,"Caka halafin a mararaw ci Atam aci Ifa, ""dapic han nangra a misolsol ko papah no sokon a kilang a misatalip to satahpo nangra to tireng.""","亞當和夏娃犯罪後,他們“用無花果樹的葉子編成裙子,遮蔽身體”。",joseph_reviewed_traditional,Amis_1235,4,https://glosbe.com/ami/zh/han/fragment/tmem?page=4&mode=MUST&stem=true,work/reference_glosbe/amis_glosbe_traditional.xml
GLOSBE_REVIEWED_ZHO_58cd2b28b391829e,Tano Harateng ni Yihofa ko Pinengneng Iso to Demak Han?,你用耶和華的觀點看事情嗎?,joseph_reviewed_traditional,Amis_1236,1,https://glosbe.com/ami/zh/han/fragment/tmem?page=4&mode=MUST&stem=true,work/reference_glosbe/amis_glosbe_traditional.xml
GLOSBE_REVIEWED_ZHO_db36e6ca9cb58449,Misa'osian ako wa papadama takowanan micangacang to patosokan no'adingoan han?,我作的決定會幫助我追求屬靈目標嗎?(,joseph_reviewed_traditional,Amis_1237,1,https://glosbe.com/ami/zh/han/fragment/tmem?page=4&mode=MUST&stem=true,work/reference_glosbe/amis_glosbe_traditional.xml
GLOSBE_REVIEWED_ZHO_e44219b7b1bf808a,Misa'osian ako wa papadama takowanan macakat i no'adingoan han?,我作的決定會幫助我在屬靈方面進步嗎?(,joseph_reviewed_traditional,Amis_1238,1,https://glosbe.com/ami/zh/han/fragment/tmem?page=4&mode=MUST&stem=true,work/reference_glosbe/amis_glosbe_traditional.xml
GLOSBE_REVIEWED_ZHO_e07d45bc83efec03,23 Tano Harateng ni Yihofa ko Pinengneng Iso to Demak Han?,23 你用耶和華的觀點看事情嗎?,joseph_reviewed_traditional,Amis_1239,1,https://glosbe.com/ami/zh/han/fragment/tmem?page=4&mode=MUST&stem=true,work/reference_glosbe/amis_glosbe_traditional.xml
GLOSBE_REVIEWED_ZHO_ea7638e918f038a1,"Itini i Matay 10:11-13, sanay ko sowal ni Yis: ""Ano icowaay a loma' ko nicomodan namo a miliso' i, nga'ayho han koya loma'.","在馬太福音10:11-13,耶穌說:“你們進那一家的時候,要向家裡的人問好。",joseph_reviewed_traditional,Amis_1240,4,https://glosbe.com/ami/zh/han/fragment/tmem?page=4&mode=MUST&stem=true,work/reference_glosbe/amis_glosbe_traditional.xml
GLOSBE_REVIEWED_ZHO_a965d42a6b0112ae,Misa'icelay kiso milaheci to no'adingoan a patosokan han?,你正在努力達到屬靈目標嗎?,joseph_reviewed_traditional,Amis_1241,1,https://glosbe.com/ami/zh/han/fragment/tmem?page=4&mode=MUST&stem=true,work/reference_glosbe/amis_glosbe_traditional.xml
GLOSBE_REVIEWED_ZHO_97cf21dceb030d5f,14 O Papotal Aca no Tamdaw ko Minengnengan Iso Han?,14頁 你會以貌取人嗎?,joseph_reviewed_traditional,Amis_1242,3,https://glosbe.com/ami/zh/han/fragment/tmem?page=4&mode=MUST&stem=true,work/reference_glosbe/amis_glosbe_traditional.xml
GLOSBE_REVIEWED_ZHO_45d5f903b8f36edb,"Kapah Tamdaw, Micangacang to No'adingoan a Patosokan Han?","年輕人,你一心追求屬靈目標嗎?",joseph_reviewed_traditional,Amis_1243,1,https://glosbe.com/ami/zh/han/fragment/tmem?page=4&mode=MUST&stem=true,work/reference_glosbe/amis_glosbe_traditional.xml
GLOSBE_REVIEWED_ZHO_e7c5b8768ba87ca9,"To kina pinapina ako mirienang to sa'opo, milicayay ko salikaka takowanan ato romaroma tamdaw: ""Micada kamo to ino' han?""","參加聚會幾次後,弟兄們問我跟其他的人:“你們想要受浸嗎?”",joseph_reviewed_traditional,Amis_1244,3,https://glosbe.com/ami/zh/han/fragment/tmem?page=4&mode=MUST&stem=true,work/reference_glosbe/amis_glosbe_traditional.xml
GLOSBE_REVIEWED_ZHO_808003cf2822d8e0,10 Mahecaday ko harateng ita ci Yihofaan aci Yisan han?,10 我們跟耶和華和耶穌的想法一致嗎?,joseph_reviewed_traditional,Amis_1245,1,https://glosbe.com/ami/zh/han/fragment/tmem?page=4&mode=MUST&stem=true,work/reference_glosbe/amis_glosbe_traditional.xml
GLOSBE_REVIEWED_ZHO_09b21abd7cdc223d,Pafelian noniya mararamoday cingra to tosa kihpicay a cudad—Pipowalan no'Orip—Sasimsimen a Lima Salicay ato Namisanga'an ko'orip han?,這對夫妻給他兩本冊子《生命的起源——值得思考的五個問題》和《生命來自創造嗎?》。,joseph_reviewed_traditional,Amis_1246,0,https://glosbe.com/ami/zh/han/fragment/tmem?page=4&mode=MUST&stem=true,work/reference_glosbe/amis_glosbe_traditional.xml
GLOSBE_REVIEWED_ZHO_6a7e10ca86441b5c,"12 Harek saho misemsem ci Yopu, patodicek han ni Yihofa mirikec cingra, tada pakinaliay kora han?","12 耶和華在約伯忍受了嚴峻的考驗後,直接向他提出勸告,會不會太苛刻呢?",joseph_reviewed_traditional,Amis_1247,2,https://glosbe.com/ami/zh/han/fragment/tmem?page=4&mode=MUST&stem=true,work/reference_glosbe/amis_glosbe_traditional.xml
GLOSBE_REVIEWED_ZHO_d24cc7d8190f38ed,Wa makahi kiso tayra i misaaliay to sadama a pala matayal han?,(甲)以賽亞有怎樣的精神?( 乙)今天的基督徒可以怎樣效法以賽亞?,joseph_reviewed_traditional,Amis_1248,4,https://glosbe.com/ami/zh/han/fragment/tmem?page=4&mode=MUST&stem=true,work/reference_glosbe/amis_glosbe_traditional.xml
GLOSBE_REVIEWED_ZHO_35e9db13392dea3b,"Maharatengayho iso koya tapang no sofitay no Assiriya, misamaanay a patalaw to finawlan no Kawas han?",你記得亞述的御前總長怎樣恐嚇上帝的子民嗎?,joseph_reviewed_traditional,Amis_1249,4,https://glosbe.com/ami/zh/han/fragment/tmem?page=4&mode=MUST&stem=true,work/reference_glosbe/amis_glosbe_traditional.xml
GLOSBE_REVIEWED_ZHO_bfcbbdb1f6670ba6,"Ano mafana' ko pacekiwan anca miliso'an a tamdaw to mipili'an ita a salama, o misaka dademakay kako to sapasifana' no Fangcalay Cudad wa saan cangra miharateng han?","假如聖經學生或續訪的對象知道我選擇的娛樂內容,他們會認為我實踐聖經的教導嗎?”",joseph_reviewed_traditional,Amis_1250,2,https://glosbe.com/ami/zh/han/fragment/tmem?page=5&mode=MUST&stem=true,work/reference_glosbe/amis_glosbe_traditional.xml
GLOSBE_REVIEWED_ZHO_29734fbcec7e6586,Misa'osian ako wa papadama takowanan mala rihaday to tao han?,我作的決定會幫助我與人和睦相處嗎?(,joseph_reviewed_traditional,Amis_1251,2,https://glosbe.com/ami/zh/han/fragment/tmem?page=5&mode=MUST&stem=true,work/reference_glosbe/amis_glosbe_traditional.xml
GLOSBE_REVIEWED_ZHO_9a895058a29514c4,"15 Kaemangay tamdaw, sapirienangaw kiso to kapot no widang han?","15 年輕人,你想融入朋友的圈子嗎?",joseph_reviewed_traditional,Amis_1252,3,https://glosbe.com/ami/zh/han/fragment/tmem?page=5&mode=MUST&stem=true,work/reference_glosbe/amis_glosbe_traditional.xml
GLOSBE_REVIEWED_ZHO_12eb0acc578cdba3,"""Cowa ka fana' to manan ko hasowal niyam, kawra maolahay kami tisowanan.","“我們想告訴你,我們很愛你。",joseph_reviewed_traditional,Amis_1254,4,https://glosbe.com/ami/zh/niyam,work/reference_glosbe/amis_glosbe_traditional.xml
GLOSBE_REVIEWED_ZHO_ee41c9ea12a06900,pasalat to'orip niyam.,得享自由美好福分。,joseph_reviewed_traditional,Amis_1255,1,https://glosbe.com/ami/zh/niyam,work/reference_glosbe/amis_glosbe_traditional.xml
GLOSBE_REVIEWED_ZHO_7e9e0f17e5f2f6ef,"Harateng niyam nohatini matongalayto ko pakaso'linay faloco'.""",我們覺得自己現在更有信心了。”,joseph_reviewed_traditional,Amis_1256,0,https://glosbe.com/ami/zh/niyam,work/reference_glosbe/amis_glosbe_traditional.xml
GLOSBE_REVIEWED_ZHO_5cb359552d0f95b2,Miako'id ko faloco' niyam,感激稱頌耶和華的救恩,joseph_reviewed_traditional,Amis_1258,0,https://glosbe.com/ami/zh/niyam,work/reference_glosbe/amis_glosbe_traditional.xml
GLOSBE_REVIEWED_ZHO_5be7b56b411187f7,'Orongan niyam cangra mitosil ato masa'opo.,我們會帶孩子去傳道和參加聚會。,joseph_reviewed_traditional,Amis_1262,1,https://glosbe.com/ami/zh/niyam,work/reference_glosbe/amis_glosbe_traditional.xml
GLOSBE_REVIEWED_ZHO_f1117bcae0787965,"Tiya pasowal ci Mosi to "" niyam "" i, o niyah aci Yihofa anca o niyah aci Aron ko mitoro'an ningra.","當摩西說“我們”時,他可能是指自己和亞倫。",joseph_reviewed_traditional,Amis_1263,0,https://glosbe.com/ami/zh/niyam,work/reference_glosbe/amis_glosbe_traditional.xml
GLOSBE_REVIEWED_ZHO_61d329c6fad2f532,"Naitini isaka 1990 a mamihecaan misatapang, iraayto ko pasalat niyam a mitenak to nga'ayay lihaf, hanaca nga'ayayto malisopsop a masa'opo.","像是從20世紀90年代開始,我們能更自由地宣揚好消息,也可以一大群人一起聚會。",joseph_reviewed_traditional,Amis_1265,0,https://glosbe.com/ami/zh/niyam,work/reference_glosbe/amis_glosbe_traditional.xml
GLOSBE_REVIEWED_ZHO_f2670cb67e5edcee,"Maedeng 1.6 kongli ko mirakatan nangra, saikor tayraay i loma' niyam.","他們在鎮上走了大約1.6公里,最後到我們家。",joseph_reviewed_traditional,Amis_1266,0,https://glosbe.com/ami/zh/niyam,work/reference_glosbe/amis_glosbe_traditional.xml
GLOSBE_REVIEWED_ZHO_ebcf522026721704,"Cowa ka harateng niyam ikor no pina miheca, wa malo kitiraan niyam ko Posinafaso.","我們當時沒想到幾年後,我們會住在布基納法索一段時間。",joseph_reviewed_traditional,Amis_1267,3,https://glosbe.com/ami/zh/niyam,work/reference_glosbe/amis_glosbe_traditional.xml
GLOSBE_REVIEWED_ZHO_876dec9f1ed7297d,"Ikor, itini i 1973 miheca, saka 10 folad 27 romi'ad, mararamoday kako aci Lifiya, mahemekay kako ci Nolo ko misikayay to raramod a kimad niyam.","後來,我跟莉維亞在1973年10月27日結婚,而且有榮幸請諾爾弟兄發表婚禮演講。",joseph_reviewed_traditional,Amis_1269,5,https://glosbe.com/ami/zh/niyam,work/reference_glosbe/amis_glosbe_traditional.xml
GLOSBE_REVIEWED_ZHO_866b7c7aa100b321,"Mansa mahererekto ko lalood i, matoleday ko faloco' niyam to mikowanay no kitakit ato kiyokay.","戰爭結束後,我和家人對於教會和政府都感到非常失望。",joseph_reviewed_traditional,Amis_1270,2,https://glosbe.com/ami/zh/niyam,work/reference_glosbe/amis_glosbe_traditional.xml
GLOSBE_REVIEWED_ZHO_2be7a4efbc55051b,"So'lin kararamod niyam to 57 miheca, midimokosay cingra to saali ako.","老實說,我們結婚的這57年,她一直照料我的生活起居。",joseph_reviewed_traditional,Amis_1271,0,https://glosbe.com/ami/zh/niyam,work/reference_glosbe/amis_glosbe_traditional.xml
GLOSBE_REVIEWED_ZHO_8786d40aa554c05c,"To sapidimokosaw to paro no loma', tada matayalay kako ato fafahi, samanen'alomanay ko wawa niyam.","在照顧家庭方面,我和妻子也很忙碌,因為我們的孩子越來越多。",joseph_reviewed_traditional,Amis_1272,4,https://glosbe.com/ami/zh/niyam,work/reference_glosbe/amis_glosbe_traditional.xml
GLOSBE_REVIEWED_ZHO_6580e2f054634acc,"Naitiniay i Frans a Stifani, sanay ko sowal: ""Mikitini toni mikiriwi'ay demak mananamay niyam, cowa ko serangawan anca sasowalen ko palacecayay tamiyanan, ao nika olah niyam ci Yihofaan.""","來自法國的斯特凡娜說:“我們從這個特別活動學到,使我們團結合一的不是文化或語言,而是因為我們都愛耶和華。”",joseph_reviewed_traditional,Amis_1273,4,https://glosbe.com/ami/zh/niyam,work/reference_glosbe/amis_glosbe_traditional.xml
GLOSBE_REVIEWED_ZHO_2a444a71e49174d6,"Nohatini ci Koloriya ko papasowal to ka'orip niyam i Payen Pelaf. ""Tada maolahay kako tora pitosilan a kilac!",現在讓格洛麗亞說說我們在派恩布拉夫的生活吧。“ 我真的好愛那個傳道地區!,joseph_reviewed_traditional,Amis_1274,1,https://glosbe.com/ami/zh/niyam,work/reference_glosbe/amis_glosbe_traditional.xml
GLOSBE_REVIEWED_ZHO_b26d3070b62dfba3,"Toya mihecaan ka 12 a folad, iraay ko Misawacayay Tamdaw ni Yihofa tayra i niyaro' niyam a mitosil, naitiniay i Angat cangra.","同一年的12月,有一群耶和華見證人從昂阿特鎮來到我們的村莊傳道。",joseph_reviewed_traditional,Amis_1275,6,https://glosbe.com/ami/zh/niyam,work/reference_glosbe/amis_glosbe_traditional.xml
GLOSBE_REVIEWED_ZHO_7873465ece179425,"So'lin marariday makinsa ko loma' niyam, padotocayho kami i Aromafir a mitosil.","雖然我們家經常遭到搜索,我們還是繼續在阿爾馬維爾傳道。",joseph_reviewed_traditional,Amis_1276,0,https://glosbe.com/ami/zh/niyam,work/reference_glosbe/amis_glosbe_traditional.xml
GLOSBE_REVIEWED_ZHO_6b5d945e5d5eff88,"Itiya, cowa ka hakowa ko payci niyam, samaanan niyam misalof kora demak hani?","當時我們的錢不多,我們是怎樣應付過來的呢?",joseph_reviewed_traditional,Amis_1277,5,https://glosbe.com/ami/zh/niyam,work/reference_glosbe/amis_glosbe_traditional.xml
GLOSBE_REVIEWED_ZHO_1a60fb5b9a588931,Iraay ko faelohay a widang niyam.,我們也交了一些新朋友。,joseph_reviewed_traditional,Amis_1278,1,https://glosbe.com/ami/zh/niyam/fragment/tmem?page=2&mode=MUST&stem=true,work/reference_glosbe/amis_glosbe_traditional.xml
GLOSBE_REVIEWED_ZHO_99d10b724e681fe2,"Nohatini matongalay ko Misawacayay Tamdaw ni Yihofa itira, mahemekay ko faloco' niyam.","現在那裡的耶和華見證人增加了很多,這讓我感到非常開心。",joseph_reviewed_traditional,Amis_1279,0,https://glosbe.com/ami/zh/niyam/fragment/tmem?page=2&mode=MUST&stem=true,work/reference_glosbe/amis_glosbe_traditional.xml
GLOSBE_REVIEWED_ZHO_b1b7a49717bb8c2b,"Dademak kami to miliso'ay a tayal i, o loma' niyam ko tolako","我們從事探訪工作時,小貨車就是我們的家",joseph_reviewed_traditional,Amis_1280,1,https://glosbe.com/ami/zh/niyam/fragment/tmem?page=2&mode=MUST&stem=true,work/reference_glosbe/amis_glosbe_traditional.xml
GLOSBE_REVIEWED_ZHO_1495f0797e0b2470,"Teloc i, tahira i Yortan a hikociw, ma'araw niyam ko salikaka itini i tingloh no loma', iraay ko tatafing, matiliday to ""Mahemekay a Militemoh to Misawacayay Tamdaw ni Yihofa!""","結果,我們一抵達約旦就看見有一群人站在航廈頂樓,手裡的布條上寫著“歡迎耶和華見證人”,這令我們喜出望外。",joseph_reviewed_traditional,Amis_1281,1,https://glosbe.com/ami/zh/niyam/fragment/tmem?page=2&mode=MUST&stem=true,work/reference_glosbe/amis_glosbe_traditional.xml
GLOSBE_REVIEWED_ZHO_e5cc92282bda43bd,Iraay ko toki niyam pakalalok to itiniay i Koekaniske a salikaka.,我們也有機會鼓勵在庫爾加寧斯克附近的一小群傳道員。,joseph_reviewed_traditional,Amis_1282,0,https://glosbe.com/ami/zh/niyam/fragment/tmem?page=2&mode=MUST&stem=true,work/reference_glosbe/amis_glosbe_traditional.xml
GLOSBE_REVIEWED_ZHO_dce3955d34c4b235,"Kawra, o sowal ni Aspen: ""Mikilim to katayalan cowa ka haen o maharatengay niyam a madolo.""","但是,奧斯本說:“找工作的事情並非像我們期望的那樣順利。”",joseph_reviewed_traditional,Amis_1283,3,https://glosbe.com/ami/zh/niyam/fragment/tmem?page=2&mode=MUST&stem=true,work/reference_glosbe/amis_glosbe_traditional.xml
GLOSBE_REVIEWED_ZHO_4412c53378efdd02,"Malitemohay niyam ko roma salikaka, isalakat pakayni pihakelongan na halafinay cangra a mapalit i Suwiay.","我們遇到一些弟兄姐妹,他們先前因為信仰的緣故被蘇聯監禁多年。",joseph_reviewed_traditional,Amis_1284,1,https://glosbe.com/ami/zh/niyam/fragment/tmem?page=2&mode=MUST&stem=true,work/reference_glosbe/amis_glosbe_traditional.xml
GLOSBE_REVIEWED_ZHO_b8143ddd3727b602,"Pakayni sapilasilaw to Hongti Kitakit, pakafitan niyam i tireng ko mitilidan a paya, masalayalay romakat i niyaro'.","為了宣揚王國,我們會在身上掛標語牌,並在城里列隊遊行。",joseph_reviewed_traditional,Amis_1285,3,https://glosbe.com/ami/zh/niyam/fragment/tmem?page=2&mode=MUST&stem=true,work/reference_glosbe/amis_glosbe_traditional.xml
GLOSBE_REVIEWED_ZHO_c57d116957c1929a,O paro no loma' niyam miceriday mirienang to sa'opo ato mitosil.,"我們全家經常參加聚會,也常常向人傳講聖經真理。",joseph_reviewed_traditional,Amis_1286,1,https://glosbe.com/ami/zh/niyam/fragment/tmem?page=2&mode=MUST&stem=true,work/reference_glosbe/amis_glosbe_traditional.xml
GLOSBE_REVIEWED_ZHO_a04751504d122341,"Pohayan no wama wina ko salikaka ci Atkinsen malafi to romi'ami'ad, paca'of to salicay niyam to Fangcalay Cudad.","於是爸媽邀請阿特金森弟兄每天都來跟我們一起吃晚餐,順便回答我們提出的許多聖經問題。",joseph_reviewed_traditional,Amis_1287,1,https://glosbe.com/ami/zh/niyam/fragment/tmem?page=2&mode=MUST&stem=true,work/reference_glosbe/amis_glosbe_traditional.xml
GLOSBE_REVIEWED_ZHO_d0407c3331d1c919,"O'a'ideman no KGB tangsolay mikilim tamiyanan, miniknik to loma' niyam, sapikilimaw to cudad no Fangcalay Cudad.","國安會的調查員很快就找上門,搜索我們的家,想要找到聖經書刊。",joseph_reviewed_traditional,Amis_1288,1,https://glosbe.com/ami/zh/niyam/fragment/tmem?page=2&mode=MUST&stem=true,work/reference_glosbe/amis_glosbe_traditional.xml
GLOSBE_REVIEWED_ZHO_0c85f97e49ef42a6,Wama wina ato kako tomirengay i'a'ayaw no palosiyangay a tosiya niyam,跟爸爸和媽媽在我們的播音車前,joseph_reviewed_traditional,Amis_1289,1,https://glosbe.com/ami/zh/niyam/fragment/tmem?page=2&mode=MUST&stem=true,work/reference_glosbe/amis_glosbe_traditional.xml
GLOSBE_REVIEWED_ZHO_d1f9ee7f982c6fda,"Cowa ka padik ko sofitay no Loma i piloodan, samaanen mihatatanamay to romi'am'ad cangra to inaneng a misaka dademak to fonos.","羅馬士兵能在戰場上所向無敵,關鍵在於每天努力練習用劍的技巧。",joseph_reviewed_traditional,Amis_1295,4,https://glosbe.com/ami/zh/loma,work/reference_glosbe/amis_glosbe_traditional.xml
GLOSBE_REVIEWED_ZHO_4a8a53217b34a7f5,"( Loma 8:35, 38, 39) O olah ni Yis patanektekay kitaanan.","羅馬書8:35,38,39)耶穌的愛使我們堅定剛強。",joseph_reviewed_traditional,Amis_1297,0,https://glosbe.com/ami/zh/loma,work/reference_glosbe/amis_glosbe_traditional.xml
GLOSBE_REVIEWED_ZHO_69cb3fec19436441,"O kafong no sofitay no Loma, matafoay ko fongoh, li'el ato laway nangra.",羅馬軍隊的頭盔可以保護士兵的頭部、頸部和臉部。,joseph_reviewed_traditional,Amis_1298,3,https://glosbe.com/ami/zh/loma,work/reference_glosbe/amis_glosbe_traditional.xml
GLOSBE_REVIEWED_ZHO_6ed09829dedd5928,"O makowanay no Loma a tamdaw, papasata to cecay ""sapasata a payci"" itiya.",當時受羅馬統治的人民需要繳納一銀元的“人頭稅”。(,joseph_reviewed_traditional,Amis_1299,2,https://glosbe.com/ami/zh/loma,work/reference_glosbe/amis_glosbe_traditional.xml
GLOSBE_REVIEWED_ZHO_bb123e342307f9f7,"Malingad ko sofitay no Loma a milood i, salakatayho a cicokap.","羅馬士兵上戰場前,一定會先穿上軍鞋。",joseph_reviewed_traditional,Amis_1300,1,https://glosbe.com/ami/zh/loma,work/reference_glosbe/amis_glosbe_traditional.xml
GLOSBE_REVIEWED_ZHO_f52d9765f79cecfc,"19 Pitilidan ni Pawlo to Ifiso cudad a lintad, misaka dademakan no sofitay no Loma a fonos, maedeng 50 kongfen ko ko'edaw, o sapilood to mangangataay a'ada.","19 在保羅寫以弗所書的時代,羅馬士兵用的劍大約50釐米(公分)長,專為近距離打鬥時使用。",joseph_reviewed_traditional,Amis_1301,2,https://glosbe.com/ami/zh/loma,work/reference_glosbe/amis_glosbe_traditional.xml
GLOSBE_REVIEWED_ZHO_bcff039786800a44,"Itini romi'ad ni Yis, misaka dademakan no Yutaya tamdaw ko pakayraan no Krisiya ato Loma, kalisepatan pafafida' ko dadaya a toki.","到了耶穌的日子,猶太人已採用希臘人和羅馬人劃分時間的方法,把夜晚分為四更。",joseph_reviewed_traditional,Amis_1302,2,https://glosbe.com/ami/zh/loma,work/reference_glosbe/amis_glosbe_traditional.xml
GLOSBE_REVIEWED_ZHO_d0843d4d58a076cf,Ci Silas o Loma tamdaw ko kika ningra. —Dmak 16:37.,"顯然,西拉也是羅馬公民。( 使徒行傳16:37)",joseph_reviewed_traditional,Amis_1303,0,https://glosbe.com/ami/zh/loma,work/reference_glosbe/amis_glosbe_traditional.xml
GLOSBE_REVIEWED_ZHO_ffc9fb1dd1044a79,Sanay ko ca'of no Fangcalay Cudad itini i: LOMA 5:12 ato 2 PITIRO 3:9.,請看看聖經怎樣說:羅馬書5:12;彼得後書3:9,joseph_reviewed_traditional,Amis_1304,2,https://glosbe.com/ami/zh/loma,work/reference_glosbe/amis_glosbe_traditional.xml
GLOSBE_REVIEWED_ZHO_003ff367fdba1f97,"Loma 8:6 somowalay to iraay ko manan a epoc no iraay ko no'adingoan harateng a tamdaw, sanay ko sinael: 'Midoedoay to tireng ko harateng, o mamapatay.","羅馬書8:6也說明具有屬靈思想會有什麼益處,經文說:“思想只顧順應肉體,就必死亡;思想總是順應聖靈,就必得生命平安。”",joseph_reviewed_traditional,Amis_1305,2,https://glosbe.com/ami/zh/loma,work/reference_glosbe/amis_glosbe_traditional.xml
GLOSBE_REVIEWED_ZHO_39e151984247532d,"(Limo'ot 21:22, 23) Kawra, o pakayraan no Loma to mapatayay tireng, kasimaan sanay ko demak, pakihater hananay mitating i tektek, anca saolatekay hananay a mitadem.","申命記21:22,23)但對於罪犯的屍體,羅馬人通常隨意處置,要不是任憑屍體一直掛在柱上,就是丟在亂葬崗裡。",joseph_reviewed_traditional,Amis_1306,3,https://glosbe.com/ami/zh/loma,work/reference_glosbe/amis_glosbe_traditional.xml
GLOSBE_REVIEWED_ZHO_1ae21b2cfbe2883d,"( Loma 5:12) Misahalaka ci Atam aci Ifa to pasalat misa'osi to nga'ayay ato tatiihay, 'arawhan mihaenay a malahedaw ko so'linay a pasalat.","羅馬書5:12)亞當夏娃想要有決定善惡標準的自由,卻因此失去了真正的自由。",joseph_reviewed_traditional,Amis_1307,0,https://glosbe.com/ami/zh/loma,work/reference_glosbe/amis_glosbe_traditional.xml
GLOSBE_REVIEWED_ZHO_c9999eb55ecfbb1b,Cowa pasowal ci Yis to mala'osiay kora sapakokot hokira.,耶穌沒有說管家是否真的做了被指控的事。,joseph_reviewed_traditional,Amis_1310,0,https://glosbe.com/ami/zh/kora,work/reference_glosbe/amis_glosbe_traditional.xml
GLOSBE_REVIEWED_ZHO_20a7ed33319008e8,"Ora kalimlaan tora sapatinako itiniay tora noka kaliki ningra mitatoy to demak, ao cowa kora noka falah ningra.","然而,耶穌的比喻不是將重點放在管家被解僱的理由,而是著重於管家所採取的行動。",joseph_reviewed_traditional,Amis_1311,2,https://glosbe.com/ami/zh/kora,work/reference_glosbe/amis_glosbe_traditional.xml
GLOSBE_REVIEWED_ZHO_0d13ad96014fc1f3,"Pakayni ka'inap Ci Kora, Tatan aci Apiram micoliay ci Mosian.",可拉、大坦和亞比蘭嫉妒摩西而反抗他。,joseph_reviewed_traditional,Amis_1313,1,https://glosbe.com/ami/zh/kora,work/reference_glosbe/amis_glosbe_traditional.xml
GLOSBE_REVIEWED_ZHO_3927a9bdfb4ded16,"O sapidipotaw to nika korac no finawlan, halo mapadama kora coko padetengay a mipatayay tamdaw tahacada to sida'it ni Yihofa.","長老這樣做是為了確保以色列會眾保持潔淨,也為了幫助誤殺者得蒙耶和華的慈悲。",joseph_reviewed_traditional,Amis_1314,2,https://glosbe.com/ami/zh/kora,work/reference_glosbe/amis_glosbe_traditional.xml
GLOSBE_REVIEWED_ZHO_be10aad0803a293c,Cima kora ci Yosif no Arimatiya hani?,亞利馬太的約瑟是誰?,joseph_reviewed_traditional,Amis_1315,1,https://glosbe.com/ami/zh/kora,work/reference_glosbe/amis_glosbe_traditional.xml
GLOSBE_REVIEWED_ZHO_6b1e585da2a62e2a,"Sakaliki sa kako mitoro' to roma salikaka papiliyaw a paca'of —nanay matatodongayto kora ca'of ningra.""","我趕快請另一個弟兄再回答一次,嗯......希望他的答案是正確的。”",joseph_reviewed_traditional,Amis_1316,2,https://glosbe.com/ami/zh/kora,work/reference_glosbe/amis_glosbe_traditional.xml
GLOSBE_REVIEWED_ZHO_a98906a6f9d66e40,"Onini miako'iday a Misawacayay Tamdaw, lipahak a mala cafay to salikaka mitaykay, cowa ko manan kora noka caka depoc no demak sanay.","對這些充滿感恩之心的耶和華見證人來說,能喜樂地和弟兄姊妹齊聚一堂,肯定讓他們覺得一切犧牲都是值得的。",joseph_reviewed_traditional,Amis_1317,1,https://glosbe.com/ami/zh/kora,work/reference_glosbe/amis_glosbe_traditional.xml
GLOSBE_REVIEWED_ZHO_ade5a8fa27a3f68c,"Mafana'ay ci Yosif to tatatiih cingra, ano lalangen ningra kora fafahiyan.","雖然如此,約瑟還是沒有妥協,勇敢地採取行動。(",joseph_reviewed_traditional,Amis_1319,1,https://glosbe.com/ami/zh/kora,work/reference_glosbe/amis_glosbe_traditional.xml
GLOSBE_REVIEWED_ZHO_e7325d483c9a900b,Tanamen a misalalicay cangra tono miso a misahalakaan mamaan?,何不試試跟這些弟兄姊妹談談你的計劃呢?,joseph_reviewed_traditional,Amis_1322,0,https://glosbe.com/ami/zh/miso,work/reference_glosbe/amis_glosbe_traditional.xml
GLOSBE_REVIEWED_ZHO_d9df67c6b87417a5,Milowid to Harateng no Miso,在思想的戰爭中獲勝,joseph_reviewed_traditional,Amis_1323,0,https://glosbe.com/ami/zh/miso,work/reference_glosbe/amis_glosbe_traditional.xml
GLOSBE_REVIEWED_ZHO_fb9db094d6425492,27 Milowid to Harateng no Miso,27頁 在思想的戰爭中獲勝,joseph_reviewed_traditional,Amis_1324,0,https://glosbe.com/ami/zh/miso,work/reference_glosbe/amis_glosbe_traditional.xml
GLOSBE_REVIEWED_ZHO_2f8544139867a96f,Misawidang to mato'asay salikaka wa patanektek to pakaso'linay faloco' no miso (Nengnengen saka 11 fatac),跟年長的人做朋友會讓你信心堅定(見第11段),joseph_reviewed_traditional,Amis_1325,1,https://glosbe.com/ami/zh/miso,work/reference_glosbe/amis_glosbe_traditional.xml
GLOSBE_REVIEWED_ZHO_60cff17ec1de2862,"Malo tamdaw no Miso,","成為你名下子民,",joseph_reviewed_traditional,Amis_1326,0,https://glosbe.com/ami/zh/miso,work/reference_glosbe/amis_glosbe_traditional.xml
GLOSBE_REVIEWED_ZHO_64844caee03e3b85,6 Kao So'linay ko Hasowal no Mita,6 我們要說實話,joseph_reviewed_traditional,Amis_1342,0,https://glosbe.com/ami/zh/mita,work/reference_glosbe/amis_glosbe_traditional.xml
GLOSBE_REVIEWED_ZHO_3bdbedccc75bd575,"Mamilengoho kita to samanay ci Yihofa paihekal to pihayda Ningra, nolatekay tano kafahka'an no mita a pakayraan.","本篇課文會討論為什麼我們應該努力尋求耶和華的認可,還會說明耶和華怎樣認可他的忠僕,有時他甚至會用意想不到的方式這樣做。",joseph_reviewed_traditional,Amis_1344,0,https://glosbe.com/ami/zh/mita,work/reference_glosbe/amis_glosbe_traditional.xml
GLOSBE_REVIEWED_ZHO_1023bd5c8d9ed1a3,"Mihaenay, mafana'ay kita to ciharatengay ko Kawas ci Yihofa aci Yis sapadamaaw kitaanan, pakahemek to ka'orip no mita noikor! —'Olic 72:12-14; 145:16; 2 Pitiro 3:9.","因此,我們可以肯定,耶和華上帝和耶穌都很想幫助我們,讓我們將來過幸福的生活!( 詩篇72:12-14;145:16;彼得後書3:9)",joseph_reviewed_traditional,Amis_1346,1,https://glosbe.com/ami/zh/mita,work/reference_glosbe/amis_glosbe_traditional.xml
GLOSBE_REVIEWED_ZHO_b3ce07d922ae5e3f,"Misatapang ano caka olah ko tamdaw, hamaan matoled ko faloco' no mita","如果對方一開始沒興趣,我們不要灰心",joseph_reviewed_traditional,Amis_1347,1,https://glosbe.com/ami/zh/mita,work/reference_glosbe/amis_glosbe_traditional.xml
GLOSBE_REVIEWED_ZHO_eb338d4c3b5b34b4,"12 Ano mahecad kita ci Yihofaan a'inter to tatiihay a demak, so'lin cowa ka ihkal ko Fangcalay Cudad misa'osi to o maanan ko tatiihay waywayan, wa nga'ay a mahapinang no mita.","12 如果我們像耶和華一樣恨惡不義的事,這樣即使聖經沒有明文規定某些行為是不對的,我們也能看得出來。",joseph_reviewed_traditional,Amis_1348,5,https://glosbe.com/ami/zh/mita,work/reference_glosbe/amis_glosbe_traditional.xml
GLOSBE_REVIEWED_ZHO_c1935bd7633faa6b,Kao So'linay ko Hasowal no Mita,我們要說實話,joseph_reviewed_traditional,Amis_1349,0,https://glosbe.com/ami/zh/mita,work/reference_glosbe/amis_glosbe_traditional.xml
GLOSBE_REVIEWED_ZHO_3146b4f6c2986899,"Ano cowaho ka pihakelong ko salawina no mita, miconged kitaanan, wa mamararom kita.","對耶和華的子民來說,未信主的親人反對我們的信仰,可能會令我們感到難過。",joseph_reviewed_traditional,Amis_1350,3,https://glosbe.com/ami/zh/mita,work/reference_glosbe/amis_glosbe_traditional.xml
GLOSBE_REVIEWED_ZHO_e3c0a564752bccd7,"(2) Pakayni i pipadang ni Yihofa ci Hicikiyaan, o manan ko mamananam no mita?",乙)我們從耶和華拯救希西家的方式學到什麼?,joseph_reviewed_traditional,Amis_1351,0,https://glosbe.com/ami/zh/mita,work/reference_glosbe/amis_glosbe_traditional.xml
GLOSBE_REVIEWED_ZHO_dd8482d6b85b2f34,"Nengnengen ko ""Salicay no Mi'osiay Tamdaw "".",請看本期的“讀者來函”。,joseph_reviewed_traditional,Amis_1355,0,https://glosbe.com/ami/zh/tamdaw,work/reference_glosbe/amis_glosbe_traditional.xml
GLOSBE_REVIEWED_ZHO_25d1cc7fcfe80f86,"Cingra ato fafahi nohatini 15 ko pacekiwan, padamaayho to papina tomerepayto mitosil a tamdaw miliyaw a mirienang to sa'opo.","他和妻子現在主持15個聖經課程,還幫助了一些停止傳道的人重新參加聚會。",joseph_reviewed_traditional,Amis_1363,3,https://glosbe.com/ami/zh/tamdaw,work/reference_glosbe/amis_glosbe_traditional.xml
GLOSBE_REVIEWED_ZHO_285bc714ea0289b4,"Tano matatodongay pakayraan a pa'araw to sinael, padama to tamdaw a misakareteng to Fangcalay Cudad","用適當的方式介紹經文,幫助別人尊重聖經",joseph_reviewed_traditional,Amis_1372,1,https://glosbe.com/ami/zh/tamdaw,work/reference_glosbe/amis_glosbe_traditional.xml
GLOSBE_REVIEWED_ZHO_dd91562191c34270,"Nikawrira, pakatengil to lihaf no Hongti Kitakit ko tamdaw, cowa ka saheto saan manga'ay ko kapicada.","但是,並不是所有人一聽到王國的信息,就會有良好的反應。(",joseph_reviewed_traditional,Amis_1384,3,https://glosbe.com/ami/zh/saan,work/reference_glosbe/amis_glosbe_traditional.xml
GLOSBE_REVIEWED_ZHO_0bcafb1a600f655b,"Kawraan, ano pakayniay katoled iso a sawad saan mihodop ci Yihofaan, wa kahenay mahapinang iso, edengan o salikaka i kasakopang ato Krisciyang a wama wina iso ko so'linay a maolah tisowanan.","不過,如果你因為灰心就放棄事奉耶和華,那麼你很快就會發現,這個世界的人對你的關心,絕對比不上基督徒父母和會眾裡的弟兄姊妹對你的愛。",joseph_reviewed_traditional,Amis_1385,6,https://glosbe.com/ami/zh/saan,work/reference_glosbe/amis_glosbe_traditional.xml
GLOSBE_REVIEWED_ZHO_66722e1bbff77b0f,"Mihaenay, wa saan kiso a miharateng: ""Samaan kako nga' malo no'adingoan a tamdaw a milifok to adihayay epoc hani?""","那麼,你可能會心想:“我怎樣才能成為屬靈的人並且得到許多益處呢?”",joseph_reviewed_traditional,Amis_1386,3,https://glosbe.com/ami/zh/saan,work/reference_glosbe/amis_glosbe_traditional.xml
GLOSBE_REVIEWED_ZHO_40f7a1c93f9d37cf,"7 Oya awaay ko'icel a sofitay no Israil wa saan a miharateng, ""Ano fahal sa ko ada' mi'odis i, wa samaan kami midipot to paro no loma' hani?""","7 那些毫無防禦能力的以色列士兵也許會想:“如果敵軍來突襲營地,我們要怎麼保護家人呢?”",joseph_reviewed_traditional,Amis_1388,5,https://glosbe.com/ami/zh/saan,work/reference_glosbe/amis_glosbe_traditional.xml
GLOSBE_REVIEWED_ZHO_03602568e137cd57,"O laenoay tinakoan no Fangcalay Cudad, papadama kitaanan cipinang, ano paratoh o mahemekay militemoh saan ko piharateng no tamdaw, adihayay ko epoc.","以下的聖經例子會讓我們了解,問候不僅能讓人感覺受到歡迎,還能發揮更多作用。",joseph_reviewed_traditional,Amis_1390,2,https://glosbe.com/ami/zh/saan,work/reference_glosbe/amis_glosbe_traditional.xml
GLOSBE_REVIEWED_ZHO_ef26227d29967b22,Rengreng saan i faloco'.,像烈火在心裡燃燒。,joseph_reviewed_traditional,Amis_1391,0,https://glosbe.com/ami/zh/saan,work/reference_glosbe/amis_glosbe_traditional.xml
GLOSBE_REVIEWED_ZHO_c5ef94239fca8451,"Saka cecay lalakaw mitadtaday, hato matatodongay ko harateng no hekal tamdaw ano saan kita, wa samanen ko demak no mita.","第一篇課文會說明,假如我們覺得世人的觀點聽起來很有道理也很吸引人,我們該怎麼做。",joseph_reviewed_traditional,Amis_1392,4,https://glosbe.com/ami/zh/saan,work/reference_glosbe/amis_glosbe_traditional.xml
GLOSBE_REVIEWED_ZHO_f998109e39bc40f9,Anini miedefay ko misamangahay a demak.,"今天,說謊是很普遍的事。",joseph_reviewed_traditional,Amis_1398,1,https://glosbe.com/ami/zh/anini,work/reference_glosbe/amis_glosbe_traditional.xml
GLOSBE_REVIEWED_ZHO_52f21f414b60f664,"ANINI, pakayni to'alomanay a tamdaw, o payci ko masaka limlaan nangra.","今天對許多人來說,金錢非常重要。",joseph_reviewed_traditional,Amis_1400,0,https://glosbe.com/ami/zh/anini,work/reference_glosbe/amis_glosbe_traditional.xml
GLOSBE_REVIEWED_ZHO_346b177b0b3b4146,Dotoc somowalay to 19 a tatiihay pinangan no tamdaw anini.,"接著,他提到了這個時期的人會表現出的19種不良特徵。",joseph_reviewed_traditional,Amis_1402,2,https://glosbe.com/ami/zh/anini,work/reference_glosbe/amis_glosbe_traditional.xml
GLOSBE_REVIEWED_ZHO_584f6641468c46cb,"Wa padama ko lalakaw kitanan, hano mitongal to'icel anini a mapakalalolalok.","課文會幫助我們看出,為什麼現在要更努力地彼此鼓勵。",joseph_reviewed_traditional,Amis_1403,1,https://glosbe.com/ami/zh/anini,work/reference_glosbe/amis_glosbe_traditional.xml
GLOSBE_REVIEWED_ZHO_63e55e6e7833645f,Anini sikawdan no Kawas misi'ayaway to manan a pasangaray a pakayraan?,今天上帝的子民面對哪些困難的情況?(,joseph_reviewed_traditional,Amis_1405,0,https://glosbe.com/ami/zh/anini,work/reference_glosbe/amis_glosbe_traditional.xml
GLOSBE_REVIEWED_ZHO_2dceebe2a91d62af,"Anini iraay ko cecay kasa'opoan i Tuluan, mata'lifay ko 100 mitosilay itira.","今天,圖倫有一群會眾,當地有超過100位傳道員。",joseph_reviewed_traditional,Amis_1406,1,https://glosbe.com/ami/zh/anini,work/reference_glosbe/amis_glosbe_traditional.xml
GLOSBE_REVIEWED_ZHO_99c8bda0564dd491,"Anini, itini i Putawya ato somowalay tono Putawya a potipot, mahaopay ko Yasoe ato Matela, o milasilay to nga'ayay lihaf no Kitakit no Kawas mata'lifay ko 5 ca'ol a tamdaw.","今天,在葡萄牙和一些說葡萄牙語的海島,包括亞速爾群島和馬德拉,宣揚上帝王國好消息的傳道員已超過5萬人。",joseph_reviewed_traditional,Amis_1407,3,https://glosbe.com/ami/zh/anini,work/reference_glosbe/amis_glosbe_traditional.xml
GLOSBE_REVIEWED_ZHO_02d591951ea48942,O likakawa no Kawas samaanay kalasaka dademaken to sapakiyaho anini?,今天上帝的組織怎樣運用捐款?,joseph_reviewed_traditional,Amis_1408,0,https://glosbe.com/ami/zh/anini,work/reference_glosbe/amis_glosbe_traditional.xml
GLOSBE_REVIEWED_ZHO_f9e9e0303add679d,"Anini, malinahay tayra i Miyanmar a salikakak sanay mitahidangay: ""Katayni i Miyanmar padama tamiyanan haw!""","今天,搬到緬甸傳道的弟兄姐妹正在呼籲:“請到緬甸來幫助我們吧!”",joseph_reviewed_traditional,Amis_1409,4,https://glosbe.com/ami/zh/anini,work/reference_glosbe/amis_glosbe_traditional.xml
GLOSBE_REVIEWED_ZHO_9908b46fa92b387a,"Anini ora mitosilan no mita cowa ka olah tora nga'ayay lihaf, misa'icel kita cipinang hano mapili' cangra.","今天,如果我們傳道的對象對好消息反應不佳,我們要努力了解他們為什麼有這種反應。",joseph_reviewed_traditional,Amis_1410,3,https://glosbe.com/ami/zh/anini,work/reference_glosbe/amis_glosbe_traditional.xml
GLOSBE_REVIEWED_ZHO_8028416b4417e12e,"19 Mihaenay, oya sowal ni Yis toya mararaway hahaenen a mihongyak: ""So'linen ako pasowal kiso anini.""","19 因此,耶穌一開始對罪犯說的話應該翻譯為:“我今天實在告訴你。”",joseph_reviewed_traditional,Amis_1411,2,https://glosbe.com/ami/zh/anini,work/reference_glosbe/amis_glosbe_traditional.xml
GLOSBE_REVIEWED_ZHO_1319e7facfc22dcf,"8 Anini, o Krisciyang ano kareteng ko raraw, o tatayra i malohemay malitengay no kasakopang mikilim to sapadama, ho patikor ko nika lala'ed ato Kawas.","8 今天,假如基督徒犯下嚴重的罪,他需要向會眾的長老尋求幫助,才能恢復和上帝良好的關係。",joseph_reviewed_traditional,Amis_1412,5,https://glosbe.com/ami/zh/anini,work/reference_glosbe/amis_glosbe_traditional.xml
GLOSBE_REVIEWED_ZHO_82d9afa052e3cfc6,"O tikami no tarokos pakalalokay to saka cecay hahekalan a kasakopang, kita anini wa nga'ay mikitira milifok to sapakalalok (Nengnengen ko saka 12-17 fatac)","使徒的書信鼓勵了1世紀的會眾,今天我們也能從中得到鼓勵(見第12-17段)",joseph_reviewed_traditional,Amis_1413,3,https://glosbe.com/ami/zh/anini,work/reference_glosbe/amis_glosbe_traditional.xml
GLOSBE_REVIEWED_ZHO_5009d5241880741b,"Anini, mitodongan no Krisciyang ci Hana aci Samuil, hakelong no'orip dademak saki misanga'ay a Tatapangan.","今天,基督徒效法哈拿和撒母耳,運用一生為創造主服務。",joseph_reviewed_traditional,Amis_1414,2,https://glosbe.com/ami/zh/anini,work/reference_glosbe/amis_glosbe_traditional.xml
GLOSBE_REVIEWED_ZHO_5cbb6b31a9795a00,"Pakaynien i wawa anini,","今天上帝通過愛子呼籲,",joseph_reviewed_traditional,Amis_1415,0,https://glosbe.com/ami/zh/anini,work/reference_glosbe/amis_glosbe_traditional.xml
GLOSBE_REVIEWED_ZHO_46eca501ae8e2413,Anini awaay.,如今黯淡無光。,joseph_reviewed_traditional,Amis_1416,1,https://glosbe.com/ami/zh/anini,work/reference_glosbe/amis_glosbe_traditional.xml
GLOSBE_REVIEWED_ZHO_4ac675beb9f95440,Anini hano nganga'ay ti'eren ita ko pikerid ni Kristo?,"今天,為什麼我們能信賴基督的領導?",joseph_reviewed_traditional,Amis_1417,0,https://glosbe.com/ami/zh/anini,work/reference_glosbe/amis_glosbe_traditional.xml
GLOSBE_REVIEWED_ZHO_8c30fe4caa95d897,"9 Anini, milasil kita to lihaf no Hongti Kitakit, pairaay to hatoki no tamdaw cipinang to araaw no Kawas i tamdaw.","9 今天,我們宣揚王國信息,讓人有機會了解上帝對人類的旨意。",joseph_reviewed_traditional,Amis_1418,1,https://glosbe.com/ami/zh/anini,work/reference_glosbe/amis_glosbe_traditional.xml
GLOSBE_REVIEWED_ZHO_0f42fcf0e995b5b7,"Mafana'ay Kako tisowanan, mafana'ay to manan ko raraw iso, kawra mafana'ay Kako to faloco' iso —maolahay Kako tisowanan.'","我了解你,知道你做過哪些錯事,但我也知道你的心。 我很愛你。’",joseph_reviewed_traditional,Amis_1420,0,https://glosbe.com/ami/zh/iso,work/reference_glosbe/amis_glosbe_traditional.xml
GLOSBE_REVIEWED_ZHO_6c29b03936c93ceb,"Palosiyang ngangan Iso,","為你的名作見證,",joseph_reviewed_traditional,Amis_1426,1,https://glosbe.com/ami/zh/iso,work/reference_glosbe/amis_glosbe_traditional.xml
GLOSBE_REVIEWED_ZHO_993d7cbbe8ba976e,Samaanen iso pisaday hani?,你可以怎樣做好準備呢?,joseph_reviewed_traditional,Amis_1428,0,https://glosbe.com/ami/zh/iso,work/reference_glosbe/amis_glosbe_traditional.xml
GLOSBE_REVIEWED_ZHO_e7201f405665046b,"Kapah Tamdaw, Wa Nga'ay Raheker ko Ka'orip Iso","年輕人,你能過得心滿意足",joseph_reviewed_traditional,Amis_1429,2,https://glosbe.com/ami/zh/iso,work/reference_glosbe/amis_glosbe_traditional.xml
GLOSBE_REVIEWED_ZHO_3e99e696b0a72bd8,Papikayaten ko fangcalay saocor to harateng ato waywayan iso,讓聖靈引導你的思想態度,joseph_reviewed_traditional,Amis_1432,1,https://glosbe.com/ami/zh/iso,work/reference_glosbe/amis_glosbe_traditional.xml
GLOSBE_REVIEWED_ZHO_28b07655de7e22bb,"Milosiyang ngangan Iso,","向人宣揚你聖名,",joseph_reviewed_traditional,Amis_1433,1,https://glosbe.com/ami/zh/iso,work/reference_glosbe/amis_glosbe_traditional.xml
GLOSBE_REVIEWED_ZHO_79ddc79cd2d48134,Mararid a mirienang to no'adingoan a demak papadama tisowanan mi'imer to harateng ato faloco' iso.,經常參與各種屬靈活動能幫助你控制自己的想法和感受。,joseph_reviewed_traditional,Amis_1435,3,https://glosbe.com/ami/zh/iso,work/reference_glosbe/amis_glosbe_traditional.xml
GLOSBE_REVIEWED_ZHO_06e623631d9315ec,Milasil to ngangan Iso.,勇敢宣揚你的聖名。,joseph_reviewed_traditional,Amis_1438,1,https://glosbe.com/ami/zh/iso,work/reference_glosbe/amis_glosbe_traditional.xml
GLOSBE_REVIEWED_ZHO_7c67ce381c6c9323,Hamaan Papi'afasen ko Kalo Demak to Halifon Iso,不要讓任何事奪去你的獎賞,joseph_reviewed_traditional,Amis_1439,1,https://glosbe.com/ami/zh/iso,work/reference_glosbe/amis_glosbe_traditional.xml
GLOSBE_REVIEWED_ZHO_b1404c3bdbef1f78,"Kasapaan demak Iso,","天地之間你是唯一,",joseph_reviewed_traditional,Amis_1443,1,https://glosbe.com/ami/zh/iso,work/reference_glosbe/amis_glosbe_traditional.xml
GLOSBE_REVIEWED_ZHO_2207fa712a77adda,6. (1) Patireng to no'adingoan a patosokan wa samaan milingat to kalala'ed iso aci Yihofa hani?,6.( 甲)設定屬靈目標會怎樣影響你與耶和華的關係?(,joseph_reviewed_traditional,Amis_1444,2,https://glosbe.com/ami/zh/iso/fragment/tmem?page=2&mode=MUST&stem=true,work/reference_glosbe/amis_glosbe_traditional.xml
GLOSBE_REVIEWED_ZHO_1fc4fd9b25f47194,Misakafahay demak misamaanay mifiyor to noka'orip iso?,先驅工作對你的人生有什麼影響?,joseph_reviewed_traditional,Amis_1447,1,https://glosbe.com/ami/zh/iso/fragment/tmem?page=2&mode=MUST&stem=true,work/reference_glosbe/amis_glosbe_traditional.xml
GLOSBE_REVIEWED_ZHO_9ac97231bcae82bb,Romi'ami'ad mi'osi kimad Iso.,"我願天天細讀聖經,省察自己。",joseph_reviewed_traditional,Amis_1451,1,https://glosbe.com/ami/zh/iso/fragment/tmem?page=2&mode=MUST&stem=true,work/reference_glosbe/amis_glosbe_traditional.xml
GLOSBE_REVIEWED_ZHO_4c4f9a70eaeec5a3,"Mihaenay, adihayay ko lalangian iso padotoc misa'icel, milaheci to sakalidong no niyah a tayal.","因此,你有許多理由要不斷努力,完成使自己得救的工作。",joseph_reviewed_traditional,Amis_1454,2,https://glosbe.com/ami/zh/iso/fragment/tmem?page=2&mode=MUST&stem=true,work/reference_glosbe/amis_glosbe_traditional.xml
GLOSBE_REVIEWED_ZHO_3859ca09ae73a2a3,Milasil to ngangan Iso,"我們傳揚王國信息,",joseph_reviewed_traditional,Amis_1459,1,https://glosbe.com/ami/zh/iso/fragment/tmem?page=2&mode=MUST&stem=true,work/reference_glosbe/amis_glosbe_traditional.xml
GLOSBE_REVIEWED_ZHO_74a5e2e8d12ed579,"Caka pawan to kaolah iso,","你顯信心、愛心他永不忘,",joseph_reviewed_traditional,Amis_1460,0,https://glosbe.com/ami/zh/iso/fragment/tmem?page=2&mode=MUST&stem=true,work/reference_glosbe/amis_glosbe_traditional.xml
GLOSBE_REVIEWED_ZHO_541d70f794f0fca9,Nanay pahemek faloco' Iso.,但願我一生都使你歡喜。,joseph_reviewed_traditional,Amis_1462,1,https://glosbe.com/ami/zh/iso/fragment/tmem?page=2&mode=MUST&stem=true,work/reference_glosbe/amis_glosbe_traditional.xml
GLOSBE_REVIEWED_ZHO_52a005cfed53ba46,"Ano samaanto, samacayen i nga'ayay nangra ko harateng, mahaen tisowanan mitokel to tao minengneng to nga'ayay iso.","無論如何,要把注意力放在他們的優點上,就像你也希望別人多留意你的優點一樣。",joseph_reviewed_traditional,Amis_1463,4,https://glosbe.com/ami/zh/iso/fragment/tmem?page=2&mode=MUST&stem=true,work/reference_glosbe/amis_glosbe_traditional.xml
GLOSBE_REVIEWED_ZHO_c4c20335ab6429d7,"Mihaenay haw i, sinanoten iso to mamisamaan kiso kalasaka dademak to hakelong no'orip iso.","因此,你需要思考一下自己打算怎樣運用一生。",joseph_reviewed_traditional,Amis_1465,2,https://glosbe.com/ami/zh/iso/fragment/tmem?page=2&mode=MUST&stem=true,work/reference_glosbe/amis_glosbe_traditional.xml
GLOSBE_REVIEWED_ZHO_e65ebfeddaa7a7f5,Wa Midoedo Kako to So'linay Kimad Iso a Midemak,“我要按你的真理而行”,joseph_reviewed_traditional,Amis_1467,2,https://glosbe.com/ami/zh/iso/fragment/tmem?page=2&mode=MUST&stem=true,work/reference_glosbe/amis_glosbe_traditional.xml
GLOSBE_REVIEWED_ZHO_92dafa4db99ebf35,"9 Alatek cowa ka nanam kiso a romadiw, tona pakayniay kalomahadan iso, serangawan iso alatek.","9 也許你不習慣唱歌,是因為家庭背景、文化、環境的因素。",joseph_reviewed_traditional,Amis_1468,3,https://glosbe.com/ami/zh/iso/fragment/tmem?page=3&mode=MUST&stem=true,work/reference_glosbe/amis_glosbe_traditional.xml
GLOSBE_REVIEWED_ZHO_597035b7e25edf50,18 O Harateng Iso Mafiyoray no Nima?,18 你的想法受誰影響?,joseph_reviewed_traditional,Amis_1469,1,https://glosbe.com/ami/zh/iso/fragment/tmem?page=3&mode=MUST&stem=true,work/reference_glosbe/amis_glosbe_traditional.xml
GLOSBE_REVIEWED_ZHO_08a3cab9a38f577c,Mato'asay a Krisciyang —Kalimlaan ni Yihofa ko Madimadi Iso,耶和華珍視 忠貞的年長弟兄,joseph_reviewed_traditional,Amis_1470,0,https://glosbe.com/ami/zh/iso/fragment/tmem?page=3&mode=MUST&stem=true,work/reference_glosbe/amis_glosbe_traditional.xml
GLOSBE_REVIEWED_ZHO_27e6d4311f7d9ff9,Samaanay ko harateng iso to nga'ayay a waywayan no kapah a Krisciyang?,"對於年輕基督徒的好行為,你覺得怎樣?",joseph_reviewed_traditional,Amis_1471,1,https://glosbe.com/ami/zh/iso/fragment/tmem?page=3&mode=MUST&stem=true,work/reference_glosbe/amis_glosbe_traditional.xml
GLOSBE_REVIEWED_ZHO_b3815a37abbd4ce3,"Tikoren miharateng 1952 mihecaan, 'a'ideman no KGB pasowal ci Mariyaan: ""Sawaden ko pihakelongan iso, anoca i mapalit to 10 miheca.","回想1952年時,國安會的官員告訴瑪麗亞:“放棄你的信仰,不然你就要被關十年。",joseph_reviewed_traditional,Amis_1472,1,https://glosbe.com/ami/zh/iso/fragment/tmem?page=3&mode=MUST&stem=true,work/reference_glosbe/amis_glosbe_traditional.xml
GLOSBE_REVIEWED_ZHO_3858be51b063db0d,Nanay kaolahan Iso tahada'oc.,"願我是你喜愛的人,直到永恆。",joseph_reviewed_traditional,Amis_1473,2,https://glosbe.com/ami/zh/iso/fragment/tmem?page=3&mode=MUST&stem=true,work/reference_glosbe/amis_glosbe_traditional.xml
GLOSBE_REVIEWED_ZHO_7fba6d8244859ed2,"Micadato ino' o kalimelaan a demak, hano cowa ko hakatarawan iso?","雖然受浸是嚴肅的事,但為什麼你不該感到害怕?",joseph_reviewed_traditional,Amis_1474,1,https://glosbe.com/ami/zh/iso/fragment/tmem?page=3&mode=MUST&stem=true,work/reference_glosbe/amis_glosbe_traditional.xml
GLOSBE_REVIEWED_ZHO_6d940b97650040c4,(2) O manan ko tada kaolahan no tekedan iso a sinael?,乙)你最喜歡《希伯來語經卷》中的哪節經文?,joseph_reviewed_traditional,Amis_1475,1,https://glosbe.com/ami/zh/iso/fragment/tmem?page=3&mode=MUST&stem=true,work/reference_glosbe/amis_glosbe_traditional.xml
GLOSBE_REVIEWED_ZHO_cc5552829d6e0c69,"Pihayda ato sapalifon ni Yihofa ci Yisan, mamananam iso ko maanan?","耶和華認可並獎賞耶穌,這讓你學到什麼?(",joseph_reviewed_traditional,Amis_1476,1,https://glosbe.com/ami/zh/iso/fragment/tmem?page=3&mode=MUST&stem=true,work/reference_glosbe/amis_glosbe_traditional.xml
GLOSBE_REVIEWED_ZHO_927b0ddcc02a7ec7,Wa nengnengen no malohemay malitengay to sakayat no sapaising a kato iso to misafaelohan hokira.,長老可能會確認你的醫療指示卡的內容是否已經更新。,joseph_reviewed_traditional,Amis_1477,2,https://glosbe.com/ami/zh/iso/fragment/tmem?page=3&mode=MUST&stem=true,work/reference_glosbe/amis_glosbe_traditional.xml
GLOSBE_REVIEWED_ZHO_b779618e6b080a74,"wawa Iso,","甘願作出重大犧牲,",joseph_reviewed_traditional,Amis_1478,0,https://glosbe.com/ami/zh/iso/fragment/tmem?page=3&mode=MUST&stem=true,work/reference_glosbe/amis_glosbe_traditional.xml
GLOSBE_REVIEWED_ZHO_600e1fab21f841c5,"24 Kapah Tamdaw, Wa Nga'ay Raheker ko Ka'orip Iso","24 年輕人,你能過得心滿意足",joseph_reviewed_traditional,Amis_1480,2,https://glosbe.com/ami/zh/iso/fragment/tmem?page=3&mode=MUST&stem=true,work/reference_glosbe/amis_glosbe_traditional.xml
GLOSBE_REVIEWED_ZHO_265c0a061a79b4b1,"Samaanen iso misaday ko niyah, ho pakaco'ay to sakayhid?","其中一點就是,要避開會誘使我們違反上帝律法的情況。",joseph_reviewed_traditional,Amis_1481,1,https://glosbe.com/ami/zh/iso/fragment/tmem?page=3&mode=MUST&stem=true,work/reference_glosbe/amis_glosbe_traditional.xml
GLOSBE_REVIEWED_ZHO_3ecd62bc587ebe6e,"Harateng iso, sapadotocaw mahemek a mihodop ci Yihofaan, cowa ko madoloay hokira?","你有時是不是覺得,要一直喜樂地事奉耶和華很不容易呢?",joseph_reviewed_traditional,Amis_1482,0,https://glosbe.com/ami/zh/iso/fragment/tmem?page=3&mode=MUST&stem=true,work/reference_glosbe/amis_glosbe_traditional.xml
GLOSBE_REVIEWED_ZHO_5a2d69c0dc3e34e3,8 Mato'asay a Krisciyang —Kalimlaan ni Yihofa ko Madimadi Iso,8 耶和華珍視忠貞的年長弟兄,joseph_reviewed_traditional,Amis_1483,0,https://glosbe.com/ami/zh/iso/fragment/tmem?page=3&mode=MUST&stem=true,work/reference_glosbe/amis_glosbe_traditional.xml
GLOSBE_REVIEWED_ZHO_55301c7794e3a1a2,Samaanto ko sa'osi no faloco' iso?,願我們永遠不要因為別人的行為而破壞自己與耶和華的關係。,joseph_reviewed_traditional,Amis_1484,0,https://glosbe.com/ami/zh/iso/fragment/tmem?page=3&mode=MUST&stem=true,work/reference_glosbe/amis_glosbe_traditional.xml
GLOSBE_REVIEWED_ZHO_04229fd96cb6b6a6,(2) O maanan a pinangan ni Taniil ko kaolahan iso a minanam?,乙)你想學習但以理的哪種特質?,joseph_reviewed_traditional,Amis_1485,2,https://glosbe.com/ami/zh/iso/fragment/tmem?page=3&mode=MUST&stem=true,work/reference_glosbe/amis_glosbe_traditional.xml
GLOSBE_REVIEWED_ZHO_6c8c54068b3c0dca,O waywayan iso paihkalay to maanan hani?—'Osien ko Hipray 13:5.,請讀希伯來書13:5),joseph_reviewed_traditional,Amis_1486,0,https://glosbe.com/ami/zh/iso/fragment/tmem?page=3&mode=MUST&stem=true,work/reference_glosbe/amis_glosbe_traditional.xml
GLOSBE_REVIEWED_ZHO_860c09c295483544,Pakayni ci Akomaan o manan ko kafana'an iso?,"關於魔鬼,你學到什麼?",joseph_reviewed_traditional,Amis_1487,0,https://glosbe.com/ami/zh/iso/fragment/tmem?page=3&mode=MUST&stem=true,work/reference_glosbe/amis_glosbe_traditional.xml
GLOSBE_REVIEWED_ZHO_4a6d1d3717f2b857,O manan ko mamananam iso nai nalifetan ningra hani?,我們可以從他的故事學到什麼?,joseph_reviewed_traditional,Amis_1488,0,https://glosbe.com/ami/zh/iso/fragment/tmem?page=3&mode=MUST&stem=true,work/reference_glosbe/amis_glosbe_traditional.xml
GLOSBE_REVIEWED_ZHO_aac6208b8078d624,"O kimad Iso, hapinang to faloco',","你神聖話語幫助我看清內心,",joseph_reviewed_traditional,Amis_1489,1,https://glosbe.com/ami/zh/iso/fragment/tmem?page=3&mode=MUST&stem=true,work/reference_glosbe/amis_glosbe_traditional.xml
GLOSBE_REVIEWED_ZHO_d13e0a181b5aaaba,Mahapinang ko olah iso to kimad,"他看出你內心熱切渴慕真理,",joseph_reviewed_traditional,Amis_1490,1,https://glosbe.com/ami/zh/iso/fragment/tmem?page=3&mode=MUST&stem=true,work/reference_glosbe/amis_glosbe_traditional.xml
GLOSBE_REVIEWED_ZHO_d3b95b1e25c57f3d,"Pakayni i sowal ni Yihofa ato fangcalay saocor, ato misadakan iso a'icel, wa nga'ay padama to wawa iso, 'ira ko taneng nga'ay malidong.'","通過耶和華的話語和聖靈,以及你付出的努力,能幫助你的孩子“有智慧可以得救”。",joseph_reviewed_traditional,Amis_1491,1,https://glosbe.com/ami/zh/iso/fragment/tmem?page=4&mode=MUST&stem=true,work/reference_glosbe/amis_glosbe_traditional.xml
GLOSBE_REVIEWED_ZHO_6b38df7333fd0d72,Oniya tosa lalakaw padama tisowanan pa'icel to paso'lin iso to miliyaway ma'orip.,這兩篇課文會幫助你加強對復活的信心。,joseph_reviewed_traditional,Amis_1492,2,https://glosbe.com/ami/zh/iso/fragment/tmem?page=4&mode=MUST&stem=true,work/reference_glosbe/amis_glosbe_traditional.xml
GLOSBE_REVIEWED_ZHO_3d694dbfd7f3ba38,"18 Ano mafana' kiso to midemakay ko salikaka to pakidemay misafelit to palinian no Fangcalay Cudad a demak, sasamaan ko demak iso hani?","18 要是你知道弟兄姐妹做了嚴重違反聖經標準的事,你該怎麼做?",joseph_reviewed_traditional,Amis_1493,2,https://glosbe.com/ami/zh/iso/fragment/tmem?page=4&mode=MUST&stem=true,work/reference_glosbe/amis_glosbe_traditional.xml
GLOSBE_REVIEWED_ZHO_23245f45f1caca15,"Paisalakaten iso miteli ko no'adingoan a demak i ka'orip, paihekalay to miako'iday kiso to kihecod a sapafeli no Kawas, mihaen to demak matongalayho ko piingid iso to Kawas.","你把屬靈的事擺在生活的第一位,就表示你感激上帝賜給你的一切,這樣做還能使你更親近上帝。",joseph_reviewed_traditional,Amis_1495,1,https://glosbe.com/ami/zh/iso/fragment/tmem?page=4&mode=MUST&stem=true,work/reference_glosbe/amis_glosbe_traditional.xml
GLOSBE_REVIEWED_ZHO_eb9a55f858998697,"Madimadiay, madimadien Iso.","對忠貞的人,你以忠貞待他們,",joseph_reviewed_traditional,Amis_1496,0,https://glosbe.com/ami/zh/iso/fragment/tmem?page=4&mode=MUST&stem=true,work/reference_glosbe/amis_glosbe_traditional.xml
GLOSBE_REVIEWED_ZHO_131bae472d3f639e,"(2) Mikitini i Filipi 4:11-13, mananam iso ko manan hani?",乙)你從腓立比書4:11-13學到什麼?,joseph_reviewed_traditional,Amis_1497,0,https://glosbe.com/ami/zh/iso/fragment/tmem?page=4&mode=MUST&stem=true,work/reference_glosbe/amis_glosbe_traditional.xml
GLOSBE_REVIEWED_ZHO_29269bd71381bae2,"i ka'ayaw Iso,","耶和華寶座前,",joseph_reviewed_traditional,Amis_1498,0,https://glosbe.com/ami/zh/iso/fragment/tmem?page=4&mode=MUST&stem=true,work/reference_glosbe/amis_glosbe_traditional.xml
GLOSBE_REVIEWED_ZHO_0eabc186854b3849,"Sawaden ko pihakelongan iso, minokayto!""","放棄你的信仰,回家去吧!”",joseph_reviewed_traditional,Amis_1499,0,https://glosbe.com/ami/zh/iso/fragment/tmem?page=4&mode=MUST&stem=true,work/reference_glosbe/amis_glosbe_traditional.xml
GLOSBE_REVIEWED_ZHO_c2bb5cd19cac399a,"Oniya ma'oningay ato paihekalan no madimadiay sikawdan a paso'linay harateng, wa samaan milingat to pinengneng iso to miliyaw ma'orip a hatokel?","這些記載以及古代忠僕表現的信念,會怎樣影響你對復活希望的看法?",joseph_reviewed_traditional,Amis_1500,0,https://glosbe.com/ami/zh/iso/fragment/tmem?page=4&mode=MUST&stem=true,work/reference_glosbe/amis_glosbe_traditional.xml
GLOSBE_REVIEWED_ZHO_f74d58c7069f664c,"11 Ano midoko kiso ci Yihofaan wa ira ko'alomanay nga'ayay a widang, naitiniay icowacowa pala cangra, o roma cowaho ka so'araw iso!","11 可以肯定的是,你崇拜耶和華就會擁有許多良朋益友,他們來自世界各地,有些你甚至還沒見過呢!",joseph_reviewed_traditional,Amis_1501,7,https://glosbe.com/ami/zh/iso/fragment/tmem?page=4&mode=MUST&stem=true,work/reference_glosbe/amis_glosbe_traditional.xml
GLOSBE_REVIEWED_ZHO_b00e2321a5ecd354,O manan a nisahalakaan iso papalipahak to hanoikoran iso?,怎樣計劃未來就能為你帶來快樂?,joseph_reviewed_traditional,Amis_1502,0,https://glosbe.com/ami/zh/iso/fragment/tmem?page=4&mode=MUST&stem=true,work/reference_glosbe/amis_glosbe_traditional.xml
GLOSBE_REVIEWED_ZHO_6f979f9a3660116a,Samaan ko demak iso nga' malaheci ko sakalidong no niyah a tayal?,你怎樣做就能完成使自己得救的工作?,joseph_reviewed_traditional,Amis_1503,1,https://glosbe.com/ami/zh/iso/fragment/tmem?page=4&mode=MUST&stem=true,work/reference_glosbe/amis_glosbe_traditional.xml
GLOSBE_REVIEWED_ZHO_b56649e38cd3b6a8,O Harateng Iso Mafiyoray no Nima?,你的想法受誰影響?,joseph_reviewed_traditional,Amis_1505,1,https://glosbe.com/ami/zh/iso/fragment/tmem?page=4&mode=MUST&stem=true,work/reference_glosbe/amis_glosbe_traditional.xml
GLOSBE_REVIEWED_ZHO_72ea1eef5e1b2ac3,"4 Itini cowa ka olah to so'linay kimad a kilac mitosil, ano matoled ko faloco' iso, wa nga'ay haratengen ko milifetan ni Pawlo.","4 假如你在反應冷淡的地區傳道而感到灰心,你可以想想使徒保羅的經歷。",joseph_reviewed_traditional,Amis_1506,5,https://glosbe.com/ami/zh/iso/fragment/tmem?page=4&mode=MUST&stem=true,work/reference_glosbe/amis_glosbe_traditional.xml
GLOSBE_REVIEWED_ZHO_9299940f2488e026,"""Nanay Palahecien Ningra ko Nisahalakaan Iso Maemin""",願他實現你的所有計劃,joseph_reviewed_traditional,Amis_1507,0,https://glosbe.com/ami/zh/iso/fragment/tmem?page=4&mode=MUST&stem=true,work/reference_glosbe/amis_glosbe_traditional.xml
GLOSBE_REVIEWED_ZHO_48d7dad0320f7fd6,"Alatek awaay ko hatiniay a nalifetan iso, kawra wa nga'ayho kiso nai mi'oningan i saka 2 Samuil a mafana' to harateng no mato'asay a salikaka.","雖然你可能沒有親身經歷過以上這些事,但你還是可以從撒母耳記下的記載了解年長弟兄的感受。",joseph_reviewed_traditional,Amis_1509,3,https://glosbe.com/ami/zh/iso/fragment/tmem?page=4&mode=MUST&stem=true,work/reference_glosbe/amis_glosbe_traditional.xml
GLOSBE_REVIEWED_ZHO_120cb9ef40aa0b0f,"Samaanen iso miremo ko talaw, mikifaloco' a romadiw pahemek ci Yihofaan?","你可以怎樣克服恐懼,向耶和華唱出內心的感受?",joseph_reviewed_traditional,Amis_1510,0,https://glosbe.com/ami/zh/iso/fragment/tmem?page=4&mode=MUST&stem=true,work/reference_glosbe/amis_glosbe_traditional.xml
GLOSBE_REVIEWED_ZHO_4d064e85dc07f0dc,"Mihaen ko harateng iso alatek: ""Paratoh to tamdaw ira ko maanan a epoc hani?",你可能會想:“問候別人有什麼好處呢?,joseph_reviewed_traditional,Amis_1511,1,https://glosbe.com/ami/zh/iso/fragment/tmem?page=4&mode=MUST&stem=true,work/reference_glosbe/amis_glosbe_traditional.xml
GLOSBE_REVIEWED_ZHO_2e7b83e7d68620a8,25 Hamaan Papi'afasen ko Kalo Demak to Halifon Iso,25頁 不要讓任何事奪去你的獎賞,joseph_reviewed_traditional,Amis_1512,0,https://glosbe.com/ami/zh/iso/fragment/tmem?page=4&mode=MUST&stem=true,work/reference_glosbe/amis_glosbe_traditional.xml
GLOSBE_REVIEWED_ZHO_6f02b3421923aa3f,Malacafay i tatihi iso.,他會時刻陪伴在你身旁。,joseph_reviewed_traditional,Amis_1513,0,https://glosbe.com/ami/zh/iso/fragment/tmem?page=4&mode=MUST&stem=true,work/reference_glosbe/amis_glosbe_traditional.xml
GLOSBE_REVIEWED_ZHO_944ea88275ced98c,"Aka pasalaten ci Satan a patalaw a milonay to faloco' iso, cato ka madimadi to Kawas.","不要讓撒但利用恐懼的心理使我們失去鬥志,不再忠於上帝。",joseph_reviewed_traditional,Amis_1515,3,https://glosbe.com/ami/zh/iso/fragment/tmem?page=4&mode=MUST&stem=true,work/reference_glosbe/amis_glosbe_traditional.xml
GLOSBE_REVIEWED_ZHO_d10b242efddf8ca1,olah Iso.,無與倫比的愛。,joseph_reviewed_traditional,Amis_1516,0,https://glosbe.com/ami/zh/iso/fragment/tmem?page=5&mode=MUST&stem=true,work/reference_glosbe/amis_glosbe_traditional.xml
GLOSBE_REVIEWED_ZHO_e31bd79f5a9ef546,"Taneng 3:9 sanay: ""Alaen ko safangcalay a kinaira no omah iso a pacakat to sapahemek (ci Yihofaan).""",箴言3:9說:“要用你寶貴的資產......尊崇耶和華。”,joseph_reviewed_traditional,Amis_1517,2,https://glosbe.com/ami/zh/iso/fragment/tmem?page=5&mode=MUST&stem=true,work/reference_glosbe/amis_glosbe_traditional.xml
GLOSBE_REVIEWED_ZHO_daad76c37d50489e,"O nano tayal iso isalakat nga'ay padama to'alomanay, tangongolay ko pifiyor cangranan, nohatini kamayan nga'ay kiso padotoc a padama to tamdaw.","你過去的服務幫助了很多人,對他們影響深遠,現在你依然可以繼續為別人服務。",joseph_reviewed_traditional,Amis_1518,2,https://glosbe.com/ami/zh/iso/fragment/tmem?page=5&mode=MUST&stem=true,work/reference_glosbe/amis_glosbe_traditional.xml
GLOSBE_REVIEWED_ZHO_817aeaa8d297ee61,8 Wa Midoedo Kako to So'linay Kimad Iso a Midemak,8 “我要按你的真理而行”,joseph_reviewed_traditional,Amis_1520,1,https://glosbe.com/ami/zh/iso/fragment/tmem?page=5&mode=MUST&stem=true,work/reference_glosbe/amis_glosbe_traditional.xml
GLOSBE_REVIEWED_ZHO_d7f55144455a9e19,"Ano iraay ko hatiraay harateng iso, paso'linen ci Yihofa to papadama tisowanan ira ko timolo.","假如這正是你的感受,要相信耶和華能夠幫助你鼓起勇氣。(",joseph_reviewed_traditional,Amis_1521,3,https://glosbe.com/ami/zh/iso/fragment/tmem?page=5&mode=MUST&stem=true,work/reference_glosbe/amis_glosbe_traditional.xml
GLOSBE_REVIEWED_ZHO_52a77336e3e29874,Misamaanay hano sasinanoten iso ko saali no niyah i no'adingoan hani?,為什麼你應該留意自己的屬靈需要?,joseph_reviewed_traditional,Amis_1522,0,https://glosbe.com/ami/zh/iso/fragment/tmem?page=5&mode=MUST&stem=true,work/reference_glosbe/amis_glosbe_traditional.xml
GLOSBE_REVIEWED_ZHO_9a73c8719ef77466,Saseteken iso ko faloco' misamaan paihekal to nika olah to mitosilay a demak?,"你決心怎麼做,表明自己熱愛傳講救生信息的工作?",joseph_reviewed_traditional,Amis_1523,1,https://glosbe.com/ami/zh/iso/fragment/tmem?page=5&mode=MUST&stem=true,work/reference_glosbe/amis_glosbe_traditional.xml
GLOSBE_REVIEWED_ZHO_076bf661d9a04e94,"Sanay ko sowal ningra: ""Ano mikilim i litengan a mito'to'an to Midipotay Tapang a ngangan, wa kaliki mahela iso ko mata'lifay ko semo'ot a misaka dademakay toniya ngangan a tinakoan.""",他指出:“你可以在古代的銘刻中找到一百多個[使用這個稱號]的例子。”,joseph_reviewed_traditional,Amis_1524,2,https://glosbe.com/ami/zh/iso/fragment/tmem?page=5&mode=MUST&stem=true,work/reference_glosbe/amis_glosbe_traditional.xml
GLOSBE_REVIEWED_ZHO_5a69f17060bc8d76,12 O Cima ko Mihalamhaman no Mata Iso?,12 你的眼睛仰望誰?,joseph_reviewed_traditional,Amis_1525,2,https://glosbe.com/ami/zh/iso/fragment/tmem?page=5&mode=MUST&stem=true,work/reference_glosbe/amis_glosbe_traditional.xml
GLOSBE_REVIEWED_ZHO_6cff64dce97d2347,Misamaanay hano sasakaretengen iso a minengneng ko miketonan a patafang to tireng ci Yihofaan?,為什麼你應該重視獻身給耶和華的承諾?,joseph_reviewed_traditional,Amis_1526,2,https://glosbe.com/ami/zh/iso/fragment/tmem?page=5&mode=MUST&stem=true,work/reference_glosbe/amis_glosbe_traditional.xml
GLOSBE_REVIEWED_ZHO_ca4eb1bea3530269,12 Nga'ayay kalasaka dademaken iso ko toki misiwkay to cafay micudad to jw.org a wangcan.,12 你可以把握機會向同學介紹jw.org網站。,joseph_reviewed_traditional,Amis_1527,0,https://glosbe.com/ami/zh/iso/fragment/tmem?page=5&mode=MUST&stem=true,work/reference_glosbe/amis_glosbe_traditional.xml
GLOSBE_REVIEWED_ZHO_708e0c85871ddfe3,"Tada mahemekay kami mihamham cangranan!""",我們真的很高興可以款待他們!”,joseph_reviewed_traditional,Amis_1530,1,https://glosbe.com/ami/zh/kami,work/reference_glosbe/amis_glosbe_traditional.xml
GLOSBE_REVIEWED_ZHO_e609249e8af4ccc3,"Mikitiya misatapang, makaka nga'ayayto kami.""","從那時起,我們再也沒有相處上的問題了。”",joseph_reviewed_traditional,Amis_1533,0,https://glosbe.com/ami/zh/kami,work/reference_glosbe/amis_glosbe_traditional.xml
GLOSBE_REVIEWED_ZHO_411046ac035f9195,"Cowa ka talaw kami,","但我們無所畏懼,",joseph_reviewed_traditional,Amis_1538,3,https://glosbe.com/ami/zh/kami,work/reference_glosbe/amis_glosbe_traditional.xml
GLOSBE_REVIEWED_ZHO_7b42218d379b278c,"To dafak pakaloma loma'ay kami mitosil, ikor pasifana'ay pacekiw to tamdaw, nolatekay tangasaay 11 ko toki to dadaya nga' malaheci ko demak.","我們早上先逐戶傳道,之後就去教人聖經,有時到晚上11點才結束。",joseph_reviewed_traditional,Amis_1540,4,https://glosbe.com/ami/zh/kami,work/reference_glosbe/amis_glosbe_traditional.xml
GLOSBE_REVIEWED_ZHO_5f6eb2a2cf23125c,Misahatiraay a misatapang kami isaka 1947 miheca 11 folad ka cecayan romi'ad a misakafah.,"因此,我們兩個在1947年11月1日開始做先驅。",joseph_reviewed_traditional,Amis_1541,4,https://glosbe.com/ami/zh/kami,work/reference_glosbe/amis_glosbe_traditional.xml
GLOSBE_REVIEWED_ZHO_cc485f158a8b92eb,Tada mahemekay kami malacafay mirieneng to Kiliyat Picudadan,我倆非常開心能夠一起參加基列學校!,joseph_reviewed_traditional,Amis_1543,1,https://glosbe.com/ami/zh/kami,work/reference_glosbe/amis_glosbe_traditional.xml
GLOSBE_REVIEWED_ZHO_c1afd14edf53dc7e,"Malikoay kami,","我們多麼榮幸,",joseph_reviewed_traditional,Amis_1544,0,https://glosbe.com/ami/zh/kami,work/reference_glosbe/amis_glosbe_traditional.xml
GLOSBE_REVIEWED_ZHO_40b756546206a1c4,Miataan ningra kami mirienang to sa'opo.,"後來,阿特金森弟兄邀請我們去幾公裡外的一個弟兄家裡參加聚會。",joseph_reviewed_traditional,Amis_1545,0,https://glosbe.com/ami/zh/kami,work/reference_glosbe/amis_glosbe_traditional.xml
GLOSBE_REVIEWED_ZHO_bc321ceb13c4c449,"Damaen kami padadotoc,","請幫助我們更加堅定,",joseph_reviewed_traditional,Amis_1546,0,https://glosbe.com/ami/zh/kami,work/reference_glosbe/amis_glosbe_traditional.xml
GLOSBE_REVIEWED_ZHO_3086cb83ac45e390,"""Mala cafayay kako to cecay salikaka matayal, kawra cowa ka malanga'ay kami.","“我跟一個弟兄一起工作,但我跟他處不來。",joseph_reviewed_traditional,Amis_1547,4,https://glosbe.com/ami/zh/kami,work/reference_glosbe/amis_glosbe_traditional.xml
GLOSBE_REVIEWED_ZHO_76a27db63b81b85a,"Ikor no cecay lipay a pakaetim kami, misatapangto miliso' to Rapu Rapu a Potipot.","婚後的第一個星期,我們就開始探訪拉普拉普島的會眾。",joseph_reviewed_traditional,Amis_1550,1,https://glosbe.com/ami/zh/kami,work/reference_glosbe/amis_glosbe_traditional.xml
GLOSBE_REVIEWED_ZHO_1af6930720304f1f,"Itira milakowitay a macokacok to tokotokosan, maraayay ko rarakaten, kawra, mahemekay kami tatosa padama to itiraay a salikaka.","在那裡,我們需要翻山越嶺、長途跋涉,不過,可以協助偏遠地區的弟兄姊妹,我們夫妻倆都很開心。",joseph_reviewed_traditional,Amis_1551,3,https://glosbe.com/ami/zh/kami,work/reference_glosbe/amis_glosbe_traditional.xml
GLOSBE_REVIEWED_ZHO_25528191caf52c62,"O sowal no salikaka ci Hiws: ""Misaaliay kami to papina mararamoday mirienang to mikiriwi'ay a mitosilay demak, parakat to paliding tayra i polong no kitakit a palilam to kihepicay cudad.""","休斯弟兄說:“我們需要一些夫妻參與特別傳道運動,開車去全國各地分發小冊子。”",joseph_reviewed_traditional,Amis_1552,4,https://glosbe.com/ami/zh/kami,work/reference_glosbe/amis_glosbe_traditional.xml
GLOSBE_REVIEWED_ZHO_eb317f923f77c401,"Cecay laliyadan, ci Tafiti ato matayalay mato o'adipel a midipot to pakaenay ni Napal ato siri ningra.","有段時間,大衛和他的隨從“像圍牆般”保護拿八的牧人和羊群。",joseph_reviewed_traditional,Amis_1553,4,https://glosbe.com/ami/zh/mato'asay,work/reference_glosbe/amis_glosbe_traditional.xml
GLOSBE_REVIEWED_ZHO_a33c3d85cd2a995b,"Toniya matiliday, patinakoan ni Yihofa ko kimad Ningra to nanom, hacol, epah.","在這段記載中,耶和華將他的話語比作水、奶、酒。",joseph_reviewed_traditional,Amis_1556,2,https://glosbe.com/ami/zh/nanom,work/reference_glosbe/amis_glosbe_traditional.xml
GLOSBE_REVIEWED_ZHO_c9ea20fd5ab80329,Ngaliwngiway ko Israil tamdaw to kaawa no nanom.,以色列人開始埋怨沒水喝。,joseph_reviewed_traditional,Amis_1557,0,https://glosbe.com/ami/zh/nanom,work/reference_glosbe/amis_glosbe_traditional.xml
GLOSBE_REVIEWED_ZHO_bd85bfd22f9e631f,"O Kimad no Kawas hato tingalaway makoracay a nanom, pa'icelay ato pasinoway to tireng.","上帝話語的真理像清涼純淨的水一樣,讓人恢復精神、感到舒暢。",joseph_reviewed_traditional,Amis_1558,3,https://glosbe.com/ami/zh/nanom,work/reference_glosbe/amis_glosbe_traditional.xml
GLOSBE_REVIEWED_ZHO_bd0dc743fe67d557,Nengnengen ita ko mihadakan ni Yis i pasifana'an i lotok a hapakayraan.,讓我們看看耶穌在“登山寶訓”中提到的其他方法。,joseph_reviewed_traditional,Amis_1560,2,https://glosbe.com/ami/zh/lotok,work/reference_glosbe/amis_glosbe_traditional.xml
GLOSBE_REVIEWED_ZHO_abe5c0d93a34efa5,"Ilaloma' no ""pasifana'an i lotok "", mihadakay ci Yis to sapaini padama kitanan padotoc a lipahak.","在“登山寶訓”中,耶穌提出的建議能幫助我們保持喜樂。",joseph_reviewed_traditional,Amis_1561,0,https://glosbe.com/ami/zh/lotok,work/reference_glosbe/amis_glosbe_traditional.xml
GLOSBE_REVIEWED_ZHO_577c0ba846b18872,"Ora pilokoingan itini i Kelonpiya Lotok lalan saka 124, 2 tingloh.",錄音室位於哥倫比亞山道124號的二樓。,joseph_reviewed_traditional,Amis_1562,3,https://glosbe.com/ami/zh/lotok,work/reference_glosbe/amis_glosbe_traditional.xml
GLOSBE_REVIEWED_ZHO_f7693b6a4edd8fbb,13 Mikitini toniya ma'oningay wa mananam ita ko maanan hani?,13 我們可以從這個記載學到什麼呢?,joseph_reviewed_traditional,Amis_1572,1,https://glosbe.com/ami/zh/ita,work/reference_glosbe/amis_glosbe_traditional.xml
GLOSBE_REVIEWED_ZHO_bc8b684b965fec4a,Mikitini toni sapalimo'ot mamananam ita ko manan hani?,我們可以從耶穌的勸告學到什麼呢?,joseph_reviewed_traditional,Amis_1573,0,https://glosbe.com/ami/zh/ita,work/reference_glosbe/amis_glosbe_traditional.xml
GLOSBE_REVIEWED_ZHO_c63baab3847c8ad4,"Yihofa a Kawas, 'Icel ita,","耶和華上帝我們的力量,",joseph_reviewed_traditional,Amis_1578,1,https://glosbe.com/ami/zh/ita,work/reference_glosbe/amis_glosbe_traditional.xml
GLOSBE_REVIEWED_ZHO_127b240d751f6d66,"Mirenecay ko sapatefoc to tokel ita to saka tahada'ocaw a ma'orip, padamaay kitaanan miliyas to raraw ato patay.","贖價滿足我們想永遠活著的願望,也使我們擺脫罪和死亡。",joseph_reviewed_traditional,Amis_1580,5,https://glosbe.com/ami/zh/ita,work/reference_glosbe/amis_glosbe_traditional.xml
GLOSBE_REVIEWED_ZHO_72b4d8bb3219f5cc,Misamanay hano ira ko nga'ayay minaro'an ita a mitosil?,為什麼我們都可以在傳道工作上有豐碩的成果?,joseph_reviewed_traditional,Amis_1583,1,https://glosbe.com/ami/zh/ita,work/reference_glosbe/amis_glosbe_traditional.xml
GLOSBE_REVIEWED_ZHO_083b5ff8db6ef633,(2) Songila'en ita a misimsim koniya lalangian hano masakalimelaan hani?,見課文開頭的圖片)(乙)我們謹記必須傳道的理由為什麼很重要?(,joseph_reviewed_traditional,Amis_1588,0,https://glosbe.com/ami/zh/ita/fragment/tmem?page=2&mode=MUST&stem=true,work/reference_glosbe/amis_glosbe_traditional.xml
GLOSBE_REVIEWED_ZHO_f75be45758c2382f,Samaanen ita patado ciharateng ko mato'asay ato malonayay a tamdaw hani?,我們怎樣體跕年長和體弱的弟兄姐妹?,joseph_reviewed_traditional,Amis_1603,1,https://glosbe.com/ami/zh/ita/fragment/tmem?page=2&mode=MUST&stem=true,work/reference_glosbe/amis_glosbe_traditional.xml
GLOSBE_REVIEWED_ZHO_19ddcd8acdd2ba3e,"Ti'eren ita ko sadama nangra, wa nga'ay miconged to'ada.","我們倚靠他們的幫助,就能抵抗仇敵。",joseph_reviewed_traditional,Amis_1608,1,https://glosbe.com/ami/zh/ita/fragment/tmem?page=2&mode=MUST&stem=true,work/reference_glosbe/amis_glosbe_traditional.xml
GLOSBE_REVIEWED_ZHO_a0a059e69c0bd877,Kalasaka dademaken ita ko maanan toki patahekal to mihamhamay?,我們可以把握哪些機會表現好客的精神?,joseph_reviewed_traditional,Amis_1609,0,https://glosbe.com/ami/zh/ita/fragment/tmem?page=2&mode=MUST&stem=true,work/reference_glosbe/amis_glosbe_traditional.xml
GLOSBE_REVIEWED_ZHO_7da2eb3f42097400,"Tikolen ita milomal ko iti:yaayho, saharatengen koya pakayraan itiya.","讓我們回到過去,想象一下當時的情況。",joseph_reviewed_traditional,Amis_1614,2,https://glosbe.com/ami/zh/ita/fragment/tmem?page=3&mode=MUST&stem=true,work/reference_glosbe/amis_glosbe_traditional.xml
GLOSBE_REVIEWED_ZHO_f0144d84b6c2528d,"Mafana' toninian, papa'icel to nika paso'lin ita to Kawas, mihadidi a mitala Cingranan mifohat to kasadakan lalan.","知道這點能加強我們對上帝的信心,讓我們能耐心等候他為我們打開出路。",joseph_reviewed_traditional,Amis_1620,3,https://glosbe.com/ami/zh/ita/fragment/tmem?page=3&mode=MUST&stem=true,work/reference_glosbe/amis_glosbe_traditional.xml
GLOSBE_REVIEWED_ZHO_060b5e7998f71888,12 Mikitini fadisoso' a kilang ato mifolesakay a tinakoan mananamay ita ko maanan hani?,12 我們可以從葡萄樹和撒種人的比喻學到什麼呢?,joseph_reviewed_traditional,Amis_1625,2,https://glosbe.com/ami/zh/ita/fragment/tmem?page=3&mode=MUST&stem=true,work/reference_glosbe/amis_glosbe_traditional.xml
GLOSBE_REVIEWED_ZHO_581c78f0e8bd2dfe,Samaanen ita malo so'li'linay a tamdaw?,我們怎樣做個誠實的人?,joseph_reviewed_traditional,Amis_1629,0,https://glosbe.com/ami/zh/ita/fragment/tmem?page=3&mode=MUST&stem=true,work/reference_glosbe/amis_glosbe_traditional.xml
GLOSBE_REVIEWED_ZHO_486942c41d551bc8,"Sasamaan ko demak ita nga', eca ka lahedaw ko epoc no makapahay faloco' hani?","聖經的律法和原則“對於教導、責備、糾正、按正義施行管教,盡都有益”。(",joseph_reviewed_traditional,Amis_1635,4,https://glosbe.com/ami/zh/ita/fragment/tmem?page=3&mode=MUST&stem=true,work/reference_glosbe/amis_glosbe_traditional.xml
GLOSBE_REVIEWED_ZHO_9929a24ba6938327,Tenaken ita.,王國的希望。,joseph_reviewed_traditional,Amis_1638,0,https://glosbe.com/ami/zh/ita/fragment/tmem?page=4&mode=MUST&stem=true,work/reference_glosbe/amis_glosbe_traditional.xml
GLOSBE_REVIEWED_ZHO_5ac209d8d0fb345f,Kapalal ko faloco' ita!,"保持警醒,意志要堅定!",joseph_reviewed_traditional,Amis_1639,0,https://glosbe.com/ami/zh/ita/fragment/tmem?page=4&mode=MUST&stem=true,work/reference_glosbe/amis_glosbe_traditional.xml
GLOSBE_REVIEWED_ZHO_247dcdf2a92cb966,"Ano mipili'to cacawma'en a tamdaw i, haharatengen ita ko maanan hani?","許多不是基督徒的人看來品行端正,也沒做過什麼犯法的事。",joseph_reviewed_traditional,Amis_1642,1,https://glosbe.com/ami/zh/ita/fragment/tmem?page=4&mode=MUST&stem=true,work/reference_glosbe/amis_glosbe_traditional.xml
GLOSBE_REVIEWED_ZHO_3482dc15279b97e1,"Ako'iden ita, Kawas Yihofa,","該怎麼感謝你,耶和華上帝,",joseph_reviewed_traditional,Amis_1643,0,https://glosbe.com/ami/zh/ita/fragment/tmem?page=4&mode=MUST&stem=true,work/reference_glosbe/amis_glosbe_traditional.xml
GLOSBE_REVIEWED_ZHO_8a3eec47865ac64d,"Mafana'ay ko Kawas to roray ita, masayalayto ko faloco'. —Cikariya 2:8.","上帝完全明白我們的痛苦,我們可以得到安慰。( 撒迦利亞書2:8)",joseph_reviewed_traditional,Amis_1644,1,https://glosbe.com/ami/zh/ita/fragment/tmem?page=4&mode=MUST&stem=true,work/reference_glosbe/amis_glosbe_traditional.xml
GLOSBE_REVIEWED_ZHO_0867cde58866bba5,O sasongila'en ita misaka dademak ko casi padama to tamdaw misinanot to kalimlaan a demak i noka'orip.,我們應該善用雜誌來幫助人留意今天生活中重要的事。,joseph_reviewed_traditional,Amis_1645,1,https://glosbe.com/ami/zh/ita/fragment/tmem?page=4&mode=MUST&stem=true,work/reference_glosbe/amis_glosbe_traditional.xml
GLOSBE_REVIEWED_ZHO_3e4564cd05f35050,"9 Mikitini toniya ma'oningay, mananamay ita ko maanan hani?",10. 是誰指引在耶路撒冷的中央長老團舉行會議?,joseph_reviewed_traditional,Amis_1646,0,https://glosbe.com/ami/zh/ita/fragment/tmem?page=4&mode=MUST&stem=true,work/reference_glosbe/amis_glosbe_traditional.xml
GLOSBE_REVIEWED_ZHO_e0755f5844d938a5,Ti'eren ita ko'icel no Kawas.,我們要倚靠上帝賜予力量。,joseph_reviewed_traditional,Amis_1649,0,https://glosbe.com/ami/zh/ita/fragment/tmem?page=4&mode=MUST&stem=true,work/reference_glosbe/amis_glosbe_traditional.xml
GLOSBE_REVIEWED_ZHO_3ceeb8ce092e4ac2,"4. (1) Ano papifiyoren ita koniya hekal to harateng no niyah, wa samaan ko teloc hani?",4. (甲)如果我們讓世界影響自己的想法會有什麼結果?(,joseph_reviewed_traditional,Amis_1651,2,https://glosbe.com/ami/zh/ita/fragment/tmem?page=4&mode=MUST&stem=true,work/reference_glosbe/amis_glosbe_traditional.xml
GLOSBE_REVIEWED_ZHO_d8d87812ce8c32a0,(2) O manan ko mamananam ita nai'Olic 147 fedengan?,乙)我們可以從詩篇147篇學到什麼?,joseph_reviewed_traditional,Amis_1653,0,https://glosbe.com/ami/zh/ita/fragment/tmem?page=4&mode=MUST&stem=true,work/reference_glosbe/amis_glosbe_traditional.xml
GLOSBE_REVIEWED_ZHO_8aefee7f6ea465e0,"Tengilen ita ko sapalimo'ot no Fangcalay Cudad, laliyasen koya nisowlan no 2 Timoti 3:2-5 a tamdaw.","我們想要聽從聖經的勸告,避開提摩太后書3:2-5提到的人。",joseph_reviewed_traditional,Amis_1654,2,https://glosbe.com/ami/zh/ita/fragment/tmem?page=4&mode=MUST&stem=true,work/reference_glosbe/amis_glosbe_traditional.xml
GLOSBE_REVIEWED_ZHO_7682cef19b339c8c,"O toki ita, o inaneng, dafong sahtoay o ""safangcalay a kinaira"".",我們的時間、才能、體力、財物都算是“寶貴的資產”。,joseph_reviewed_traditional,Amis_1655,0,https://glosbe.com/ami/zh/ita/fragment/tmem?page=4&mode=MUST&stem=true,work/reference_glosbe/amis_glosbe_traditional.xml
GLOSBE_REVIEWED_ZHO_2903a202527dd721,Nga'ayay haratengen ita mikitini faelohay limasmas malifokay no niyah ko maanan a epoc.,我們可以想想自己從新安排得到什麼益處。,joseph_reviewed_traditional,Amis_1656,0,https://glosbe.com/ami/zh/ita/fragment/tmem?page=4&mode=MUST&stem=true,work/reference_glosbe/amis_glosbe_traditional.xml
GLOSBE_REVIEWED_ZHO_838f55ded53de747,(2) Sasamaanen ita midama ko malonayay tamdaw?,乙)我們可以做哪些事支持軟弱的人?,joseph_reviewed_traditional,Amis_1657,0,https://glosbe.com/ami/zh/ita/fragment/tmem?page=4&mode=MUST&stem=true,work/reference_glosbe/amis_glosbe_traditional.xml
GLOSBE_REVIEWED_ZHO_16c41954f2879363,16 Samaan ko demak ita nga' matoor konini hani?,16 我們怎樣才能做到這點呢?,joseph_reviewed_traditional,Amis_1658,2,https://glosbe.com/ami/zh/ita/fragment/tmem?page=4&mode=MUST&stem=true,work/reference_glosbe/amis_glosbe_traditional.xml
GLOSBE_REVIEWED_ZHO_da4d7a3cf5da118e,Laliyasen ita ko masamaanay a waywayan?,我們必須棄絕哪些行為?,joseph_reviewed_traditional,Amis_1660,0,https://glosbe.com/ami/zh/ita/fragment/tmem?page=4&mode=MUST&stem=true,work/reference_glosbe/amis_glosbe_traditional.xml
GLOSBE_REVIEWED_ZHO_2e560ba52073496f,Hano pahapinangen ita ko tao to misacecayay kita maolah ci Yihofaan hani?,為什麼我們應該讓人看出我們專一愛戴耶和華?,joseph_reviewed_traditional,Amis_1661,2,https://glosbe.com/ami/zh/ita/fragment/tmem?page=4&mode=MUST&stem=true,work/reference_glosbe/amis_glosbe_traditional.xml
GLOSBE_REVIEWED_ZHO_f2ce9c658c5bf4ca,"Sanay yaca, nengnengen ita ko ma'oningay i Fangcalay Cudad, misamaan a pakaso'lin kita, ci Yihofa nganga'ay tano kafahekaan a pakayraan a mipadama kitanan.","讓我們看看一些聖經記載怎樣使我們更確信,耶和華能夠以出乎意料的方式幫助我們。",joseph_reviewed_traditional,Amis_1663,2,https://glosbe.com/ami/zh/ita/fragment/tmem?page=5&mode=MUST&stem=true,work/reference_glosbe/amis_glosbe_traditional.xml
GLOSBE_REVIEWED_ZHO_1870637ac37cdabd,"Palamiten ita ko kimad,","要努力在真理中扎根,",joseph_reviewed_traditional,Amis_1664,1,https://glosbe.com/ami/zh/ita/fragment/tmem?page=5&mode=MUST&stem=true,work/reference_glosbe/amis_glosbe_traditional.xml
GLOSBE_REVIEWED_ZHO_dfafce4082e44366,"Ano patenaken no tao ko pakayniay kitaanan mararaway a lihaf i, samaan ko demak ita o mitodongay ci Yisan?","當別人散播有關我們的錯誤消息時,我們怎麼做就是效法耶穌?",joseph_reviewed_traditional,Amis_1665,3,https://glosbe.com/ami/zh/ita/fragment/tmem?page=5&mode=MUST&stem=true,work/reference_glosbe/amis_glosbe_traditional.xml
GLOSBE_REVIEWED_ZHO_2c1803efd8a032d4,Pahemeken ita ko pidipot.,"施行拯救,我們歡呼頌揚。",joseph_reviewed_traditional,Amis_1666,0,https://glosbe.com/ami/zh/ita/fragment/tmem?page=5&mode=MUST&stem=true,work/reference_glosbe/amis_glosbe_traditional.xml
GLOSBE_REVIEWED_ZHO_fb58fc220546436c,"Ira ko harateng ni Kristo i, wa ira ko maanan a epoc i ka'orip ita?",具有基督的思想對我們的生活有什麼影響?,joseph_reviewed_traditional,Amis_1667,2,https://glosbe.com/ami/zh/ita/fragment/tmem?page=5&mode=MUST&stem=true,work/reference_glosbe/amis_glosbe_traditional.xml
GLOSBE_REVIEWED_ZHO_9930b2692fac28f1,"Ma'araw no salikaka ko kinafalahay a harateng ita, wa makalim misawidang kitanan.","弟兄姊妹看到我們有自我犧牲的精神,就會很想跟我們做朋友。”",joseph_reviewed_traditional,Amis_1668,1,https://glosbe.com/ami/zh/ita/fragment/tmem?page=5&mode=MUST&stem=true,work/reference_glosbe/amis_glosbe_traditional.xml
GLOSBE_REVIEWED_ZHO_e6598985f1355084,"Saka tosa lalakaw mamilengo to pina capeling no faelohay pinangan, mitadtad samaanen ita patahekal i noka'orip ato i mitosilay demak koni fangcalay capeling.","第二篇課文會討論新品格中的幾種特質,說明我們可以怎樣在生活中和傳道時表現這些美好的特質。",joseph_reviewed_traditional,Amis_1669,7,https://glosbe.com/ami/zh/ita/fragment/tmem?page=5&mode=MUST&stem=true,work/reference_glosbe/amis_glosbe_traditional.xml
GLOSBE_REVIEWED_ZHO_926a2e8e90c67fbe,Misamaan paso'linen ita to iraay ko sapafeli no Kawas a rihaday?,我們可以怎樣確信自己保有上帝所賜的平安?,joseph_reviewed_traditional,Amis_1670,0,https://glosbe.com/ami/zh/ita/fragment/tmem?page=5&mode=MUST&stem=true,work/reference_glosbe/amis_glosbe_traditional.xml
GLOSBE_REVIEWED_ZHO_dc0868fab1a2093b,"Kawra, masowalay ni Pawlo, sasinanoten ita a'misafaeloh to harateng'.","不過,保羅也說我們必須“更新思想”。",joseph_reviewed_traditional,Amis_1671,0,https://glosbe.com/ami/zh/ita/fragment/tmem?page=5&mode=MUST&stem=true,work/reference_glosbe/amis_glosbe_traditional.xml
GLOSBE_REVIEWED_ZHO_fb2e64c3041da09f,"17 Mikitini toni lalakaw mananamay ita ko tolo micowatay to saka kelecaw no Krisciyang a pakayraan: (1) Paso'linay kita o Hongti Kitakit no Kawas wa misalof to cowa ka sadafdaf a demak, (2) itini no mirikecay a demak cowa ko mamidama kita to cecacecay, ato (3) cowa ko tatano mari'angay a pakayraan ko sapisaysay ita to pasangaray.",17 我們從本篇課文學到三個促進基督徒團結的方法:(1)我們相信上帝的王國會糾正所有不公的事;(2)我們不會在政治議題上支持任何一方;(3)我們不會用暴力來解決問題。,joseph_reviewed_traditional,Amis_1672,8,https://glosbe.com/ami/zh/ita/fragment/tmem?page=5&mode=MUST&stem=true,work/reference_glosbe/amis_glosbe_traditional.xml
GLOSBE_REVIEWED_ZHO_975a314b97cf7916,1-3. (1) Wa samaan ko pinengneng ita to so'linay kimad no Fangcalay Cudad?,1-3. (甲)我們應該怎樣看待聖經真理?,joseph_reviewed_traditional,Amis_1673,2,https://glosbe.com/ami/zh/ita/fragment/tmem?page=5&mode=MUST&stem=true,work/reference_glosbe/amis_glosbe_traditional.xml
GLOSBE_REVIEWED_ZHO_b322e7c274498159,"17 Pafeselen ita ko pinengneng to nisahalakaan ni Satan, kawra cowa ko mamatalaw cingranan.","17 我們必須看穿撒但的伎倆,卻不必害怕他。",joseph_reviewed_traditional,Amis_1674,0,https://glosbe.com/ami/zh/ita/fragment/tmem?page=5&mode=MUST&stem=true,work/reference_glosbe/amis_glosbe_traditional.xml
GLOSBE_REVIEWED_ZHO_1614b5b8db316948,"Palimo'otay ko Fangcalay Cudad to milikongay anca malicinowas, samaan ko demak ita o pahecaday ko niyah to harateng no Kawas?","聖經對夫妻離婚和分居提出勸告,我們怎麼做表明自己與上帝的觀點一致呢?",joseph_reviewed_traditional,Amis_1675,1,https://glosbe.com/ami/zh/ita/fragment/tmem?page=5&mode=MUST&stem=true,work/reference_glosbe/amis_glosbe_traditional.xml
GLOSBE_REVIEWED_ZHO_bc38b25172df3498,"Dotoc, nengnengen ita misamaan a mitafo to lipahak, honga' matongal ko hemek.","接著,我們會看看可以怎樣保持喜樂並讓自己更快樂。",joseph_reviewed_traditional,Amis_1676,1,https://glosbe.com/ami/zh/ita/fragment/tmem?page=5&mode=MUST&stem=true,work/reference_glosbe/amis_glosbe_traditional.xml
GLOSBE_REVIEWED_ZHO_24ec72a27eaf01b8,"Nolatekay, o pakayraan Ningra a mipadang kitanan, cowa ka hatira o mitalaan ita.","有時,他幫助我們的方式跟我們所期望的不同。",joseph_reviewed_traditional,Amis_1677,2,https://glosbe.com/ami/zh/ita/fragment/tmem?page=5&mode=MUST&stem=true,work/reference_glosbe/amis_glosbe_traditional.xml
GLOSBE_REVIEWED_ZHO_8463a02c41f18cf7,Mikitini i milifetan noya mihakelongay a Iciyopiya tamdaw ato tarokos ci Pawlo mananamay ita ko manan?,我們從埃塞俄比亞的歸信者和使徒保羅的經歷學到什麼?,joseph_reviewed_traditional,Amis_1679,2,https://glosbe.com/ami/zh/ita/fragment/tmem?page=5&mode=MUST&stem=true,work/reference_glosbe/amis_glosbe_traditional.xml
GLOSBE_REVIEWED_ZHO_1a6e6c5cd402f192,O mitadtadan no sapatinako samaanay milingat to mitosilay a demak ita hani?,比喻中的描述跟我們的傳道工作有什麼關聯呢?,joseph_reviewed_traditional,Amis_1680,1,https://glosbe.com/ami/zh/ita/fragment/tmem?page=5&mode=MUST&stem=true,work/reference_glosbe/amis_glosbe_traditional.xml
GLOSBE_REVIEWED_ZHO_1e6239a0d80081ee,9 Ca'edongen ita ko olah ato sini'adaay wa nga'ay masasodod.,9 我們穿上愛和仁慈的特質就能彼此寬恕。,joseph_reviewed_traditional,Amis_1681,2,https://glosbe.com/ami/zh/ita/fragment/tmem?page=5&mode=MUST&stem=true,work/reference_glosbe/amis_glosbe_traditional.xml
GLOSBE_REVIEWED_ZHO_137ed93c185b9836,"Kawrira, o hafay no cecay a tamdaw sasamaan milingat to kapinengneng ita cingranan hani?",9. 所羅門記下了什麼可悲的事實? 我們從中學到什麼?,joseph_reviewed_traditional,Amis_1682,1,https://glosbe.com/ami/zh/ita/fragment/tmem?page=5&mode=MUST&stem=true,work/reference_glosbe/amis_glosbe_traditional.xml
GLOSBE_REVIEWED_ZHO_bc3f018fe0a3beb5,Wa samaan ko demak ita nga' misamacay ko minengnengan ci Yihofaan hani?,我們怎麼做才能將目光集中在耶和華之上?,joseph_reviewed_traditional,Amis_1683,2,https://glosbe.com/ami/zh/ita/fragment/tmem?page=5&mode=MUST&stem=true,work/reference_glosbe/amis_glosbe_traditional.xml
GLOSBE_REVIEWED_ZHO_bb8d597757db3f5d,"Haratengen ita, o madangaray ni Yihofa demak, cowa ko misaalian aca, misahalakaan anca mitokelan ita a demak.","我們該記得,耶和華能達成的事不僅限於我們請求、計劃或期望的。",joseph_reviewed_traditional,Amis_1684,2,https://glosbe.com/ami/zh/ita/fragment/tmem?page=5&mode=MUST&stem=true,work/reference_glosbe/amis_glosbe_traditional.xml
GLOSBE_REVIEWED_ZHO_fcdd2db02fad2588,Sasamaan ko pinengneng ita to so'linay kimad?,我們應該怎樣看待真理?,joseph_reviewed_traditional,Amis_1685,1,https://glosbe.com/ami/zh/ita/fragment/tmem?page=5&mode=MUST&stem=true,work/reference_glosbe/amis_glosbe_traditional.xml
GLOSBE_REVIEWED_ZHO_0afbb91b70a970ef,Nanamen ita pa'dil ci Yihofa.,"要向他學習,天天榮耀上帝。",joseph_reviewed_traditional,Amis_1686,0,https://glosbe.com/ami/zh/ita/fragment/tmem?page=5&mode=MUST&stem=true,work/reference_glosbe/amis_glosbe_traditional.xml
GLOSBE_REVIEWED_ZHO_83ffd76c975ef26f,Halamhamen ita ko Lakoing.,滿心盼望未來地上樂園。,joseph_reviewed_traditional,Amis_1687,0,https://glosbe.com/ami/zh/ita/fragment/tmem?page=6&mode=MUST&stem=true,work/reference_glosbe/amis_glosbe_traditional.xml
GLOSBE_REVIEWED_ZHO_d08bd1206e08bbe3,Samaan ko demak ita nga' caka mafiyor no hekal?,我們怎樣做就不會被世界影響?,joseph_reviewed_traditional,Amis_1688,1,https://glosbe.com/ami/zh/ita/fragment/tmem?page=6&mode=MUST&stem=true,work/reference_glosbe/amis_glosbe_traditional.xml
GLOSBE_REVIEWED_ZHO_92dce6f22c9198d3,"15 Ano mahapinang ita to mikayatay ci Kristo kitaanan, wa mafana'to ciharatengay cingra to kacakat ita i no'adingoan.","15 如果我們看出基督在領導我們,就會感受到他很關心我們在屬靈方面的進步。",joseph_reviewed_traditional,Amis_1689,2,https://glosbe.com/ami/zh/ita/fragment/tmem?page=6&mode=MUST&stem=true,work/reference_glosbe/amis_glosbe_traditional.xml
GLOSBE_REVIEWED_ZHO_eaa9aa2b484f9bf7,"Milengo toniya cecacecay a pakayraan i, wa nengnengen ita ko maanan a sapaini, nga'ay padama kitaanan mitoor to limo'ot ni Yis a midemak.","討論每個因素時,我們會看看有哪些建議能幫助我們按照耶穌的吩咐去做。",joseph_reviewed_traditional,Amis_1690,2,https://glosbe.com/ami/zh/ita/fragment/tmem?page=6&mode=MUST&stem=true,work/reference_glosbe/amis_glosbe_traditional.xml
GLOSBE_REVIEWED_ZHO_3aea1f31bdf0063d,Paso'lin kita papaca'of ci Yihofa to satolon ita (Nengnengen ko saka 18 fatac),我們可以確信耶和華會回應我們的禱告(見第18段),joseph_reviewed_traditional,Amis_1691,1,https://glosbe.com/ami/zh/ita/fragment/tmem?page=6&mode=MUST&stem=true,work/reference_glosbe/amis_glosbe_traditional.xml
GLOSBE_REVIEWED_ZHO_fb481c4592ed1f5a,"Sinanoten ita,",我們仔細留意,joseph_reviewed_traditional,Amis_1692,0,https://glosbe.com/ami/zh/ita/fragment/tmem?page=6&mode=MUST&stem=true,work/reference_glosbe/amis_glosbe_traditional.xml
GLOSBE_REVIEWED_ZHO_edf526f9b81ca288,"Dotoc lengoen ita ko Filipi 4:6, 7.","接下來,我們會先討論保羅在腓立比書4:6,7(請讀)所寫的內容。",joseph_reviewed_traditional,Amis_1693,0,https://glosbe.com/ami/zh/ita/fragment/tmem?page=6&mode=MUST&stem=true,work/reference_glosbe/amis_glosbe_traditional.xml
GLOSBE_REVIEWED_ZHO_a74c13dbecb37af1,"Mikitini i sakayat no'madimadiay inanengay a koli', wa samaan mahapinang ita to ciharatengay ci Yis to no'adingoan a pakayraan ita hani?",我們怎樣從“忠信睿智的奴隸”的指示看出耶穌關心我們的屬靈情況?,joseph_reviewed_traditional,Amis_1694,1,https://glosbe.com/ami/zh/ita/fragment/tmem?page=6&mode=MUST&stem=true,work/reference_glosbe/amis_glosbe_traditional.xml
GLOSBE_REVIEWED_ZHO_6c7cae2e387bfdc8,"So'linay, 'alomanay salikaka misaaliay to patado ita cangranan a mitolon, wa mikitini cangra i hatiniay satolon milifok to haepoc.","其實,有很多弟兄姐妹都需要我們為他們禱告,而他們也會從這樣的禱告得到益處。",joseph_reviewed_traditional,Amis_1695,1,https://glosbe.com/ami/zh/ita/fragment/tmem?page=6&mode=MUST&stem=true,work/reference_glosbe/amis_glosbe_traditional.xml
GLOSBE_REVIEWED_ZHO_9028580215a7cdd9,"Mikitini toni lalakaw mamananam ita (1) ci Nowa, Taniil aci Yopu samanay a mafana' to Kawas, ato (2) mafana' to Kawas iraay ko maanan a epoc nangra, (3) samaan kita mahecad cangranan palahad to tanoktokay paso'lin no faloco'.",我們會從本篇課文學到:(1)挪亞、但以理和約伯怎樣認識上帝;(2)認識上帝對他們有什麼益處;(3)我們怎樣像他們一樣培養堅強的信心。,joseph_reviewed_traditional,Amis_1696,2,https://glosbe.com/ami/zh/ita/fragment/tmem?page=6&mode=MUST&stem=true,work/reference_glosbe/amis_glosbe_traditional.xml
GLOSBE_REVIEWED_ZHO_7fe194e80e773f1a,"9 Ano hatiraay i, ora heci ita o masamanay a heci hani?","9 那麼,我們必須結出什麼果實呢?",joseph_reviewed_traditional,Amis_1697,2,https://glosbe.com/ami/zh/ita/fragment/tmem?page=6&mode=MUST&stem=true,work/reference_glosbe/amis_glosbe_traditional.xml
GLOSBE_REVIEWED_ZHO_878df2888539ccf9,Pa'esolen ko radiw ita!,讚美歌聲響徹四方。,joseph_reviewed_traditional,Amis_1698,1,https://glosbe.com/ami/zh/ita/fragment/tmem?page=6&mode=MUST&stem=true,work/reference_glosbe/amis_glosbe_traditional.xml
GLOSBE_REVIEWED_ZHO_38b6b4e4c784e470,"Mihaenay, ano ecato ka semer ko tamdaw to mihadakan ita, wa padotoc kita makahi a palada'.",16. 我們不該基於什麼理由才對人慷慨?,joseph_reviewed_traditional,Amis_1699,3,https://glosbe.com/ami/zh/ita/fragment/tmem?page=6&mode=MUST&stem=true,work/reference_glosbe/amis_glosbe_traditional.xml
GLOSBE_REVIEWED_ZHO_40b31b8b4e11740a,3 Hano sinanoten ita konini sini'adaay a capeling hani?,3 為什麼我們應該留意憐恤這項特質呢?,joseph_reviewed_traditional,Amis_1700,1,https://glosbe.com/ami/zh/ita/fragment/tmem?page=6&mode=MUST&stem=true,work/reference_glosbe/amis_glosbe_traditional.xml
GLOSBE_REVIEWED_ZHO_b985976c05e39bd3,"Itini sida'itay a Samariya tamdaw a tinakoan, wa mananam ita ko maanan?",我們可以從仁愛的撒馬利亞人的比喻學到什麼?,joseph_reviewed_traditional,Amis_1701,2,https://glosbe.com/ami/zh/ita/fragment/tmem?page=6&mode=MUST&stem=true,work/reference_glosbe/amis_glosbe_traditional.xml
GLOSBE_REVIEWED_ZHO_71792d7ed69515a8,Samaanen ita misi'ayaw ko pakayniay pihakelongan a pasangar hani?,我們可以怎樣成功應付信仰帶來的難題呢?,joseph_reviewed_traditional,Amis_1702,0,https://glosbe.com/ami/zh/ita/fragment/tmem?page=6&mode=MUST&stem=true,work/reference_glosbe/amis_glosbe_traditional.xml
GLOSBE_REVIEWED_ZHO_8e1391ead12c7748,Samaan ko demak ita cato ka piliyas to so'linay kimad anca'mapawpaway a ma'alol?,我們怎樣做就不會離棄真理或“隨流漂去”?,joseph_reviewed_traditional,Amis_1703,4,https://glosbe.com/ami/zh/ita/fragment/tmem?page=6&mode=MUST&stem=true,work/reference_glosbe/amis_glosbe_traditional.xml
GLOSBE_REVIEWED_ZHO_0b984dbd7d02b54a,"Calohen ita misa'icel,","願加緊腳步、盡心竭力,",joseph_reviewed_traditional,Amis_1704,0,https://glosbe.com/ami/zh/ita/fragment/tmem?page=6&mode=MUST&stem=true,work/reference_glosbe/amis_glosbe_traditional.xml
GLOSBE_REVIEWED_ZHO_f6f6837d27484c53,"Wa ma'araw ita ta'arawan nangra, wa samaan miocor kitaanan midemak to mahecaday a demak toniya malaklakay a hekal.","我們也會學習門徒的榜樣,在這個分裂的世界里克服偏見,與弟兄姐妹團結一致。",joseph_reviewed_traditional,Amis_1705,2,https://glosbe.com/ami/zh/ita/fragment/tmem?page=6&mode=MUST&stem=true,work/reference_glosbe/amis_glosbe_traditional.xml
GLOSBE_REVIEWED_ZHO_97486f9f43589867,"Ano pasangaren kita micada to saroero no ka'orip i, nganga'ay misamaan ko demak ita?","當我們覺得生活壓力大到難以承受時,我們可以怎麼做?",joseph_reviewed_traditional,Amis_1706,2,https://glosbe.com/ami/zh/ita/fragment/tmem?page=6&mode=MUST&stem=true,work/reference_glosbe/amis_glosbe_traditional.xml
GLOSBE_REVIEWED_ZHO_dd1f56c7af126e0a,Mikitini milifetan ni Mosi o mananam ita ko manan?,我們從摩西的經歷學到什麼?,joseph_reviewed_traditional,Amis_1707,0,https://glosbe.com/ami/zh/ita/fragment/tmem?page=6&mode=MUST&stem=true,work/reference_glosbe/amis_glosbe_traditional.xml
GLOSBE_REVIEWED_ZHO_6e41ab8b56b81e33,O maanan a waywayan mamipalak to nga'ayay kalala'ed ita ato Kawas hani?,跟不明白或不尊重耶和華標準的人密切來往會危害我們的屬靈健康。,joseph_reviewed_traditional,Amis_1708,1,https://glosbe.com/ami/zh/ita/fragment/tmem?page=6&mode=MUST&stem=true,work/reference_glosbe/amis_glosbe_traditional.xml
GLOSBE_REVIEWED_ZHO_74b313b797d5bde2,"Mamananam ita ko manan naitini nolitengan a madimadiay sikawdan, patahekal to timolo?","關於表現勇氣,我們可以從古代忠僕身上學到什麼?",joseph_reviewed_traditional,Amis_1709,0,https://glosbe.com/ami/zh/ita/fragment/tmem?page=6&mode=MUST&stem=true,work/reference_glosbe/amis_glosbe_traditional.xml
GLOSBE_REVIEWED_ZHO_c983c8f4adf78bae,"Mihaenay haw i, masalofto a mihongyak ko'Olic saka 144 fedengan i, cowa ka falic ko kacipinang ita to so'linay kimad no Fangcalay Cudad.","因此,詩篇144篇修訂後的譯法並沒有改變我們對於聖經真理的理解。",joseph_reviewed_traditional,Amis_1710,5,https://glosbe.com/ami/zh/ita/fragment/tmem?page=6&mode=MUST&stem=true,work/reference_glosbe/amis_glosbe_traditional.xml
GLOSBE_REVIEWED_ZHO_3261115ce80ba6e8,"Mikitini pilowid no Israil tamdaw to Miki'okan a Pala ato kalalood ni Tafiti aci Koliyat, o mananam ita ko maanan?",我們從以色列人征服應許之地和大衛對決歌利亞的例子學到什麼?(,joseph_reviewed_traditional,Amis_1711,3,https://glosbe.com/ami/zh/ita/fragment/tmem?page=6&mode=MUST&stem=true,work/reference_glosbe/amis_glosbe_traditional.xml
GLOSBE_REVIEWED_ZHO_398983bed4ef6fd9,"(Yohani 3:19) Kawra, pakayni i sapadama no fangcalay saocor, nga'ayay rihadayen kangodoen ita a mitenak to nga'ayay lihaf, ano mihaen kiso o mitooray to sapalimo'ot ni Yis.","約翰福音3:19)不過,借著上帝聖靈的幫助,我們可以用溫和、尊敬的態度向人傳講好消息,這樣做就是聽從耶穌的吩咐了。",joseph_reviewed_traditional,Amis_1712,2,https://glosbe.com/ami/zh/ita/fragment/tmem?page=7&mode=MUST&stem=true,work/reference_glosbe/amis_glosbe_traditional.xml
GLOSBE_REVIEWED_ZHO_d2d6c316cc8fdb66,"""Mafoti'ay ko idang ita, tayra kako a mipalal i cingraan."" —YOHANI 11:11.","我們的朋友睡了,現在我要去叫醒他。——約翰福音11:11",joseph_reviewed_traditional,Amis_1713,1,https://glosbe.com/ami/zh/ita/fragment/tmem?page=7&mode=MUST&stem=true,work/reference_glosbe/amis_glosbe_traditional.xml
GLOSBE_REVIEWED_ZHO_9e5132b78745e846,Misamaan ko demak ita nga' nga'ay padama to paro no loma' milifok to halifon?,我們怎麼做就能幫助全家人一起贏得獎賞?,joseph_reviewed_traditional,Amis_1714,1,https://glosbe.com/ami/zh/ita/fragment/tmem?page=7&mode=MUST&stem=true,work/reference_glosbe/amis_glosbe_traditional.xml
GLOSBE_REVIEWED_ZHO_4fa12ebed196e9e7,"Samaan ko demak ita, nga'ay milifok to sida'it ato sasodod ni Yihofa?","我們怎樣做,就能得到耶和華的慈悲和寬恕?",joseph_reviewed_traditional,Amis_1715,1,https://glosbe.com/ami/zh/ita/fragment/tmem?page=7&mode=MUST&stem=true,work/reference_glosbe/amis_glosbe_traditional.xml
GLOSBE_REVIEWED_ZHO_874dd7ae73038ea4,"Samaan patahekal ""to romi'ami'ad"" to mitooran ita ko niketonan sowal a patafang to tireng i Kawas?",我們怎樣表明自己“天天實踐”獻身給上帝的誓言?,joseph_reviewed_traditional,Amis_1716,1,https://glosbe.com/ami/zh/ita/fragment/tmem?page=7&mode=MUST&stem=true,work/reference_glosbe/amis_glosbe_traditional.xml
GLOSBE_REVIEWED_ZHO_44fe6a7411b28777,"Ikor to cowa ka halafin, oniya Afrika a kitakit, cowa ito piconged to mipatirengay a demak ita.","不久之後,這個非洲國家就不再阻礙我們的建築工程。",joseph_reviewed_traditional,Amis_1717,3,https://glosbe.com/ami/zh/ita/fragment/tmem?page=7&mode=MUST&stem=true,work/reference_glosbe/amis_glosbe_traditional.xml
GLOSBE_REVIEWED_ZHO_df5b929d29be93bb,"Ora mi'osian ita o pakaynian i mitolican cudad ha, anca pakaynian i soci anca pingpan, o patosokan ita i, nanay mapadama no Sowal no Kawas kita a mifalic to harateng ato waywayan.","不論我們閱讀的是印刷版還是電子版聖經,目標都是讓上帝的話語幫助我們改變思想和行為。",joseph_reviewed_traditional,Amis_1718,2,https://glosbe.com/ami/zh/ita/fragment/tmem?page=7&mode=MUST&stem=true,work/reference_glosbe/amis_glosbe_traditional.xml
GLOSBE_REVIEWED_ZHO_bbdbbf2a48aefe98,"'Orip ita cowa tahacerem,","生命脆弱,無奈走到盡頭,",joseph_reviewed_traditional,Amis_1719,0,https://glosbe.com/ami/zh/ita/fragment/tmem?page=7&mode=MUST&stem=true,work/reference_glosbe/amis_glosbe_traditional.xml
GLOSBE_REVIEWED_ZHO_fca20ba663195227,"3 Itini toni lalakaw, nengnengen ita i masamaanay a pakayraan materek ko Kimad no Kawas: (1) O nika falic no sowal; (2) o lingad no mirikecay mifiyoray to matenakayto kalosowal; (3) macongeday ko pihongyak to Fangcalay Cudad.","3 在本篇課文,我們會看看上帝的話語怎樣在這些情況下保存下來:(1)語言的演變;(2)政治局勢對通用語的影響;(3)聖經翻譯工作受到阻撓。",joseph_reviewed_traditional,Amis_1720,4,https://glosbe.com/ami/zh/ita/fragment/tmem?page=7&mode=MUST&stem=true,work/reference_glosbe/amis_glosbe_traditional.xml
GLOSBE_REVIEWED_ZHO_4e86194ae4b5e4f8,3. (1) Samaan ko demak ita nga' caka pahecad to harateng ni Satan a malonay i no'adingoan hani?,"3.( 甲)我們怎麼做就不會如撒但所願,在屬靈方面軟弱下來?(",joseph_reviewed_traditional,Amis_1721,0,https://glosbe.com/ami/zh/ita/fragment/tmem?page=7&mode=MUST&stem=true,work/reference_glosbe/amis_glosbe_traditional.xml
GLOSBE_REVIEWED_ZHO_8ee51421a713f9a7,"Itini pitengil to sakayat, haharatengen ita ko maanan hani?",我們有沒有聽從耶和華給我們的最新指示呢?,joseph_reviewed_traditional,Amis_1722,2,https://glosbe.com/ami/zh/ita/fragment/tmem?page=7&mode=MUST&stem=true,work/reference_glosbe/amis_glosbe_traditional.xml
GLOSBE_REVIEWED_ZHO_1004f292d2da6d27,"Pakayni picada ni Yis to tao a pakayraan, mananamay ita ko maanan hani?",13. 我們可以從耶穌對待人的方式學到什麼?,joseph_reviewed_traditional,Amis_1723,1,https://glosbe.com/ami/zh/ita/fragment/tmem?page=7&mode=MUST&stem=true,work/reference_glosbe/amis_glosbe_traditional.xml
GLOSBE_REVIEWED_ZHO_faf09b6c83ec3a31,"Itini ka'orip ita awaawa sa misi'ayaway to ka calemceman, ka toledan, ka rorayan a demak.",我們的生活中或多或少面對一些令我們擔憂、失望、痛苦的事。,joseph_reviewed_traditional,Amis_1724,4,https://glosbe.com/ami/zh/ita/fragment/tmem?page=7&mode=MUST&stem=true,work/reference_glosbe/amis_glosbe_traditional.xml
GLOSBE_REVIEWED_ZHO_5cdc1020419240ba,"Ano tooren ita ko hafay no tamdaw a misawkit i, wa ira ko maanan a pasangar hani?","根據經濟情況來判斷人,為什麼會造成難題呢?",joseph_reviewed_traditional,Amis_1725,2,https://glosbe.com/ami/zh/ita/fragment/tmem?page=7&mode=MUST&stem=true,work/reference_glosbe/amis_glosbe_traditional.xml
GLOSBE_REVIEWED_ZHO_fe20651d054c00a7,Samaan ko demak ita wa nga'ay matongal a matenes i no'adingoan hani?,我們怎樣做就能在屬靈方面更成熟?,joseph_reviewed_traditional,Amis_1726,0,https://glosbe.com/ami/zh/ita/fragment/tmem?page=7&mode=MUST&stem=true,work/reference_glosbe/amis_glosbe_traditional.xml
GLOSBE_REVIEWED_ZHO_ecdbd3bd28e9377b,"(3) Ira ko no'adingoan harateng i, wa ira ko maanan a epoc i ka'orip ita?",3)具有屬靈思想對我們的生活有什麼幫助?,joseph_reviewed_traditional,Amis_1727,1,https://glosbe.com/ami/zh/ita/fragment/tmem?page=7&mode=MUST&stem=true,work/reference_glosbe/amis_glosbe_traditional.xml
GLOSBE_REVIEWED_ZHO_4aefd30a19ff27be,Samaanen ita mitodong Cingra patahekal tonini capeling?,我們可以怎樣效法他表現這種特質?,joseph_reviewed_traditional,Amis_1728,1,https://glosbe.com/ami/zh/ita/fragment/tmem?page=7&mode=MUST&stem=true,work/reference_glosbe/amis_glosbe_traditional.xml
GLOSBE_REVIEWED_ZHO_68dc35a60cd23b2e,O tahada'ocay a sapalifon sasa'icelen ita micangacang.,永生的獎賞確實值得我們努力去追求。,joseph_reviewed_traditional,Amis_1729,0,https://glosbe.com/ami/zh/ita/fragment/tmem?page=7&mode=MUST&stem=true,work/reference_glosbe/amis_glosbe_traditional.xml
GLOSBE_REVIEWED_ZHO_f14e9cf8d323a9aa,Nengnengen ita ko tosa milifetan no tamdaw.,5. 撒該為了上帝的王國決心怎樣做?,joseph_reviewed_traditional,Amis_1730,2,https://glosbe.com/ami/zh/ita/fragment/tmem?page=7&mode=MUST&stem=true,work/reference_glosbe/amis_glosbe_traditional.xml
GLOSBE_REVIEWED_ZHO_ca8f65dc0c992fb3,"Haharatengen ita, ci Yis itini 30 ira ko pina ko mihecaan a malaheci ko'inorong i cikiw.","我們也可以想想,耶穌完成地上的任務時也只有30出頭。",joseph_reviewed_traditional,Amis_1731,4,https://glosbe.com/ami/zh/ita/fragment/tmem?page=7&mode=MUST&stem=true,work/reference_glosbe/amis_glosbe_traditional.xml
GLOSBE_REVIEWED_ZHO_f5246236a8f25787,"Nga'ayay patirengen ita ko patosokan, i'ayaw ato hererek no sa'opo masasowal to kaemangay, kifaloco'a ciharateng cangranan.","只要我們這樣做,年輕人就會覺得自己也是“大群會眾中”的一分子。(",joseph_reviewed_traditional,Amis_1732,0,https://glosbe.com/ami/zh/ita/fragment/tmem?page=7&mode=MUST&stem=true,work/reference_glosbe/amis_glosbe_traditional.xml
GLOSBE_REVIEWED_ZHO_e04a2c3f664a44ec,O manan ko mamananam ita nai ci Pawloan to nalifetan ningra i Filipi?,我們可以從使徒保羅在腓立比的經歷學到什麼?,joseph_reviewed_traditional,Amis_1733,0,https://glosbe.com/ami/zh/ita/fragment/tmem?page=7&mode=MUST&stem=true,work/reference_glosbe/amis_glosbe_traditional.xml
GLOSBE_REVIEWED_ZHO_2abd5ec972f4004a,"6 O kihcod oni Yihofa maemin, o maanan ko sapafeli ita Cingranan hani?","6 既然耶和華擁有一切,我們還能給他什麼呢?",joseph_reviewed_traditional,Amis_1734,1,https://glosbe.com/ami/zh/ita/fragment/tmem?page=7&mode=MUST&stem=true,work/reference_glosbe/amis_glosbe_traditional.xml
GLOSBE_REVIEWED_ZHO_43ff2b96e677392c,"So'lin wa awa ko tolas no toki ita noikor, pakayniay ci Yihofaan a sifana' cowa ko mamaemin ita a minanam.","即使未來我們有無窮的時間,關於耶和華的知識也是學不完的。",joseph_reviewed_traditional,Amis_1735,1,https://glosbe.com/ami/zh/ita/fragment/tmem?page=7&mode=MUST&stem=true,work/reference_glosbe/amis_glosbe_traditional.xml
GLOSBE_REVIEWED_ZHO_a9bb3c00dfc81333,"Ano paka'met kita to keter i, o mamisamaan mifiyor to mitosilay demak ita (Nengnengen ko saka 14 a fatac)","我們保持冷靜還是沖動易怒,可能會直接或間接地影響到傳道工作(見第14段)",joseph_reviewed_traditional,Amis_1736,2,https://glosbe.com/ami/zh/ita/fragment/tmem?page=8&mode=MUST&stem=true,work/reference_glosbe/amis_glosbe_traditional.xml
GLOSBE_REVIEWED_ZHO_3cfacaccc33fea99,Mikitini no'adingoan tamdaw wa mananam ita ko maanan?,我們可以從屬靈的人身上學到什麼?,joseph_reviewed_traditional,Amis_1737,0,https://glosbe.com/ami/zh/ita/fragment/tmem?page=8&mode=MUST&stem=true,work/reference_glosbe/amis_glosbe_traditional.xml
GLOSBE_REVIEWED_ZHO_9c55242b26358c04,Samaanen ita misakareteng ko pirikec a limasmas ni Yihofa?,"耶和華的管教安排可以為所有人帶來益處,包括犯過者在內。",joseph_reviewed_traditional,Amis_1738,0,https://glosbe.com/ami/zh/ita/fragment/tmem?page=8&mode=MUST&stem=true,work/reference_glosbe/amis_glosbe_traditional.xml
GLOSBE_REVIEWED_ZHO_5f45062dabdc85bc,"Mikitini ta'arawan no paratohay a Filip, wa mananam ita ko maanan?",我們可以從傳福音者腓力的榜樣學到什麼?,joseph_reviewed_traditional,Amis_1739,0,https://glosbe.com/ami/zh/ita/fragment/tmem?page=8&mode=MUST&stem=true,work/reference_glosbe/amis_glosbe_traditional.xml
GLOSBE_REVIEWED_ZHO_8ed0b2ffad2f8684,"""Kao so'linay ko sowal"" ita.",就是要“說真實的話”。(,joseph_reviewed_traditional,Amis_1740,0,https://glosbe.com/ami/zh/ita/fragment/tmem?page=8&mode=MUST&stem=true,work/reference_glosbe/amis_glosbe_traditional.xml
GLOSBE_REVIEWED_ZHO_112bb10a1e93491f,"17 Na somowalay ci Yis, papadama ko fangcalay saocor kitanan pakaharateng to mananamayto ita a so'linay kimad.","17 耶穌說過,上帝的聖靈能讓我們想起曾經學過的真理。(",joseph_reviewed_traditional,Amis_1741,2,https://glosbe.com/ami/zh/ita/fragment/tmem?page=8&mode=MUST&stem=true,work/reference_glosbe/amis_glosbe_traditional.xml
GLOSBE_REVIEWED_ZHO_166be82f6dfeebc8,"6 Nengnengen ita nohatini ko cecay pakayniay miliyaw ma'orip a sapairasol, oniya ma'oningay no Fangcalay Cudad, itiniay i'Olic 118 fedengan, ci Tafiti ko mitiliday halatek.","6 現在,我們會來看看一個關於復活的預言,這個聖經記載是在詩篇118篇,執筆者很可能是大衛。",joseph_reviewed_traditional,Amis_1742,2,https://glosbe.com/ami/zh/ita/fragment/tmem?page=8&mode=MUST&stem=true,work/reference_glosbe/amis_glosbe_traditional.xml
GLOSBE_REVIEWED_ZHO_c5e3a0c7a0d2d520,"3. (1) Pakayni i Yohani 15:8, o maanan ko lalangian ita a mitosil?","3.( 甲)根據約翰福音15:8,我們傳道的原因是什麼?(",joseph_reviewed_traditional,Amis_1743,0,https://glosbe.com/ami/zh/ita/fragment/tmem?page=8&mode=MUST&stem=true,work/reference_glosbe/amis_glosbe_traditional.xml
GLOSBE_REVIEWED_ZHO_162d890232cd4f49,"Samaanen ita pahecad toya tatoloay Hipray tamdaw, madimadi ci Yihofaan, eca ka mapadik no saroero hani?","他們決心不崇拜尼布甲尼撒王所立的金像,從他們對王說的話可以看出,他們已經沉思過怎樣表明自己忠於耶和華。(",joseph_reviewed_traditional,Amis_1744,3,https://glosbe.com/ami/zh/ita/fragment/tmem?page=8&mode=MUST&stem=true,work/reference_glosbe/amis_glosbe_traditional.xml
GLOSBE_REVIEWED_ZHO_430163972712fac3,12 Wa misamaan kita patahekal to mitooray to mihaydaan ita a sowal tiya patafang to tireng hani?,12 我們怎樣表明自己實踐獻身的承諾呢?,joseph_reviewed_traditional,Amis_1745,2,https://glosbe.com/ami/zh/ita/fragment/tmem?page=8&mode=MUST&stem=true,work/reference_glosbe/amis_glosbe_traditional.xml
GLOSBE_REVIEWED_ZHO_e30f68236eff78a8,Samaanen ita patahekal to misalimelaay kita to Fangcalay Cudad?,"仁愛的耶和華不只讓人能讀到他的話語,還實現承諾將他的話語保存下來。(",joseph_reviewed_traditional,Amis_1746,0,https://glosbe.com/ami/zh/ita/fragment/tmem?page=8&mode=MUST&stem=true,work/reference_glosbe/amis_glosbe_traditional.xml
GLOSBE_REVIEWED_ZHO_5b506b5fcf621154,"Pakayni piparatoh, mikitini Kimad no Kawas, wa mananam ita ko maanan hani?""","關於問候,我可以從上帝的話語學到什麼?”",joseph_reviewed_traditional,Amis_1747,1,https://glosbe.com/ami/zh/ita/fragment/tmem?page=8&mode=MUST&stem=true,work/reference_glosbe/amis_glosbe_traditional.xml
GLOSBE_REVIEWED_ZHO_58cabab3f2e885c5,"17 Ano sapisaloaw ko ka'orip ita i, mitengil a mihakelong to sifana' ni Yis.","17 我們想要過得心滿意足,就要聽從耶穌的教導。",joseph_reviewed_traditional,Amis_1748,2,https://glosbe.com/ami/zh/ita/fragment/tmem?page=8&mode=MUST&stem=true,work/reference_glosbe/amis_glosbe_traditional.xml
GLOSBE_REVIEWED_ZHO_321f3ed6f5e75a7e,"Kawra, itini no ka'orip adihayay ko mami'afas to lipahak ita a demak, sasamaan kita nga' padadotoc a lipahak hani?","不過,生活中有很多事會奪去我們的喜樂,我們怎樣才能繼續保持喜樂呢?",joseph_reviewed_traditional,Amis_1749,2,https://glosbe.com/ami/zh/ita/fragment/tmem?page=8&mode=MUST&stem=true,work/reference_glosbe/amis_glosbe_traditional.xml
GLOSBE_REVIEWED_ZHO_1b74f4176441aeee,"Samaanen ita kalasaka dademak ko hafay ita, patanoktok to nika lala'ed ato Kawas?",我們可以怎樣善用物質財富來加深自己與上帝的友誼?,joseph_reviewed_traditional,Amis_1750,1,https://glosbe.com/ami/zh/ita/fragment/tmem?page=8&mode=MUST&stem=true,work/reference_glosbe/amis_glosbe_traditional.xml
GLOSBE_REVIEWED_ZHO_d2d40214f0ec0cf1,"Samaanay mahapinang ita, mikiharay ko Kawas to cecacecay a tamdaw hani?","例如在古代,有大約三百年的時間,耶和華挑選並授權一些士師去拯救以色列國族脫離敵人的壓迫。",joseph_reviewed_traditional,Amis_1751,0,https://glosbe.com/ami/zh/ita/fragment/tmem?page=8&mode=MUST&stem=true,work/reference_glosbe/amis_glosbe_traditional.xml
GLOSBE_REVIEWED_ZHO_27778d681bd5f3ba,"(2) Malo ""kapot no Kawas"", samaanen ita midemak nga' macakat ko pasifana'ay a tayal hani?","乙)身為“上帝的同工”,我們怎樣才能做好教導人的工作?",joseph_reviewed_traditional,Amis_1752,1,https://glosbe.com/ami/zh/ita/fragment/tmem?page=8&mode=MUST&stem=true,work/reference_glosbe/amis_glosbe_traditional.xml
GLOSBE_REVIEWED_ZHO_bc8def448d7d2aa5,11 Ma'araway ita ci Timoti (1) mafana'ay to Fangcalay Cudad ato (2) paso'lin to pidoyongan noniyah.,11 我們看到提摩太(1)認識聖經;(2)確信自己的信仰。,joseph_reviewed_traditional,Amis_1753,0,https://glosbe.com/ami/zh/ita/fragment/tmem?page=8&mode=MUST&stem=true,work/reference_glosbe/amis_glosbe_traditional.xml
GLOSBE_REVIEWED_ZHO_ae35aff842f8e05d,"'Faelohto' ko harateng ita, palahadho to faelohay a pakayraan miharatengan.","我們的思想“更新”了,也培養新的思考方式。",joseph_reviewed_traditional,Amis_1754,0,https://glosbe.com/ami/zh/ita/fragment/tmem?page=8&mode=MUST&stem=true,work/reference_glosbe/amis_glosbe_traditional.xml
GLOSBE_REVIEWED_ZHO_4a6cef7f5cca17e0,"Mafana' to cipinangay to faloco' no mita ci Yihofa, hanaca o papadama kitanan, tada rihadayay ko faloco' ita!","知道耶和華完全明白我們的感受而且會給我們所需的幫助,實在令人深感安慰!",joseph_reviewed_traditional,Amis_1755,0,https://glosbe.com/ami/zh/ita/fragment/tmem?page=8&mode=MUST&stem=true,work/reference_glosbe/amis_glosbe_traditional.xml
GLOSBE_REVIEWED_ZHO_eebb8db91c0d0746,"17. (1) Ano sapisaloaw ko ka'orip ita, misamaan to demak nga'?",17.( 甲)我們想要過得心滿意足就要怎麼做?(,joseph_reviewed_traditional,Amis_1756,1,https://glosbe.com/ami/zh/ita/fragment/tmem?page=8&mode=MUST&stem=true,work/reference_glosbe/amis_glosbe_traditional.xml
GLOSBE_REVIEWED_ZHO_3f4b0635ab2882e5,Samaan ko demak ita o paihekalay to nga'ayay ko pisaka dademak to pasalat?,我們怎麼做表明自己善用自由?,joseph_reviewed_traditional,Amis_1757,0,https://glosbe.com/ami/zh/ita/fragment/tmem?page=8&mode=MUST&stem=true,work/reference_glosbe/amis_glosbe_traditional.xml
GLOSBE_REVIEWED_ZHO_f41a63052fa6c00a,Sasamaan ko hademak ita ho mafana' ci Yihofa kitaanan hani?,我們要怎麼做讓耶和華認識我們呢?,joseph_reviewed_traditional,Amis_1758,1,https://glosbe.com/ami/zh/ita/fragment/tmem?page=8&mode=MUST&stem=true,work/reference_glosbe/amis_glosbe_traditional.xml
GLOSBE_REVIEWED_ZHO_ffcc4249d691eccf,"Misamaan to demak kita, ho ecaka mala misatekeday a maolah to niyahan hani?",我們可以怎樣避免成為一個專愛自己的人?,joseph_reviewed_traditional,Amis_1761,2,https://glosbe.com/ami/zh/ho,work/reference_glosbe/amis_glosbe_traditional.xml
GLOSBE_REVIEWED_ZHO_24e4b096ca3fd726,"Halo milengo to maanan a safalod no Fangcalay Cudad mamipadama kitanan, ho nga'ay pafafida' to lihaf o so'linay ha, anca o makaniway.","第一篇課文會討論,我們在找出事情的真相時會面對什麼挑戰,也會看看哪些聖經原則能幫助我們更正確地分辨訊息的真假。",joseph_reviewed_traditional,Amis_1769,0,https://glosbe.com/ami/zh/ho,work/reference_glosbe/amis_glosbe_traditional.xml
GLOSBE_REVIEWED_ZHO_3c39511284c8b796,Pa'icelen Ningra Ho Tanoktok Kiso,他必使你堅定剛強,joseph_reviewed_traditional,Amis_1771,1,https://glosbe.com/ami/zh/ho,work/reference_glosbe/amis_glosbe_traditional.xml
GLOSBE_REVIEWED_ZHO_c2211393d5916077,"Mihaiyay ko kaka, tiya 21 ko mihecaan miliyasay to loma' a mala misakafahay.","哥哥同意這麼做,並且在21歲那年離家開始做先驅。",joseph_reviewed_traditional,Amis_1773,3,https://glosbe.com/ami/zh/kaka,work/reference_glosbe/amis_glosbe_traditional.xml
GLOSBE_REVIEWED_ZHO_8004f1c37b01d903,"12. (1) Tiya cato paka' met ci Yosif to'iwil no faloco' ika'ayaw no kaka i, misamaanay cingra?",12.( 甲)約瑟怎樣在哥哥面前控制自己的情緒?(,joseph_reviewed_traditional,Amis_1776,1,https://glosbe.com/ami/zh/kaka,work/reference_glosbe/amis_glosbe_traditional.xml
GLOSBE_REVIEWED_ZHO_7ec1d85795599f91,"Kaka ci Stifen pasowalay takowanan, iraay ko tatosaay pacakayay to cudad a fa'inayan tayniay i loma'.","哥哥史蒂夫告訴我,有兩個賣書的男人來過我們家。",joseph_reviewed_traditional,Amis_1777,1,https://glosbe.com/ami/zh/kaka,work/reference_glosbe/amis_glosbe_traditional.xml
GLOSBE_REVIEWED_ZHO_e4597f967a0fd1e2,"1969 miheca, kako ato kaka ci Cili ato fafahi ningra ci Paterisiya mirienang to ""O Dipayal i Fafekang no Sera"" a taykay","1969年,跟哥哥傑裡和嫂嫂帕特裡夏一起前往“地上的和平”大會",joseph_reviewed_traditional,Amis_1778,1,https://glosbe.com/ami/zh/kaka,work/reference_glosbe/amis_glosbe_traditional.xml
GLOSBE_REVIEWED_ZHO_4862ed93c0ce971f,Nga'ay kiso misa'icel patatodong to palinian mirienang to SKE.,你可以努力符合資格參加王國傳福音者訓練班。,joseph_reviewed_traditional,Amis_1786,1,https://glosbe.com/ami/zh/kiso,work/reference_glosbe/amis_glosbe_traditional.xml
GLOSBE_REVIEWED_ZHO_3d5c6832485b5846,Misamaan kiso a mico'ay hani?,"面對這些攻勢,我們該怎樣防禦呢?",joseph_reviewed_traditional,Amis_1788,0,https://glosbe.com/ami/zh/kiso,work/reference_glosbe/amis_glosbe_traditional.xml
GLOSBE_REVIEWED_ZHO_5ca466ca130ddbba,"Ano sapitongalaw kiso to tayal saki Yihofaan, iraay ko maanan a hatayal hani?","如果你想要為耶和華做更多,有哪些服務機會?",joseph_reviewed_traditional,Amis_1796,2,https://glosbe.com/ami/zh/kiso,work/reference_glosbe/amis_glosbe_traditional.xml
GLOSBE_REVIEWED_ZHO_a7f4fbdd763ae4f6,Wa samaan kiso a padama to faelohay malinah a salikaka hani?,你可以怎樣幫助新搬來的弟兄姊妹呢?,joseph_reviewed_traditional,Amis_1797,1,https://glosbe.com/ami/zh/kiso,work/reference_glosbe/amis_glosbe_traditional.xml
GLOSBE_REVIEWED_ZHO_326577a031a03bee,Hano manayar kiso hani?,你為什麼遲延呢?,joseph_reviewed_traditional,Amis_1798,0,https://glosbe.com/ami/zh/kiso,work/reference_glosbe/amis_glosbe_traditional.xml
GLOSBE_REVIEWED_ZHO_70b471128e392e11,"""Safa'ina'inayan Sa'icelen ko Faloco', Pisatapangto Kiso Imatini a Matayal""","“你要勇敢堅強,只管去做”",joseph_reviewed_traditional,Amis_1803,1,https://glosbe.com/ami/zh/kiso,work/reference_glosbe/amis_glosbe_traditional.xml
GLOSBE_REVIEWED_ZHO_dfa7827da8eb8018,"28 ""Safa'ina'inayan Sa'icelen ko Faloco', Pisatapangto Kiso Imatini a Matayal""","28頁 “你要勇敢堅強,只管去做”",joseph_reviewed_traditional,Amis_1805,1,https://glosbe.com/ami/zh/kiso/fragment/tmem?page=2&mode=MUST&stem=true,work/reference_glosbe/amis_glosbe_traditional.xml
GLOSBE_REVIEWED_ZHO_85008c41518b9a6f,10 Ano misaka dademak kiso to Wa Samaan ko Ka'orip Noikor Hani?,10 假如你用《你覺得未來會怎樣?》,joseph_reviewed_traditional,Amis_1806,2,https://glosbe.com/ami/zh/kiso/fragment/tmem?page=2&mode=MUST&stem=true,work/reference_glosbe/amis_glosbe_traditional.xml
GLOSBE_REVIEWED_ZHO_70ef87f90ef6103e,"6, 7. (1) Sowalen samaanay kiso misaka dademak to kato no JW.","6,7.( 甲)請說說你怎樣使用JW網站名片。(",joseph_reviewed_traditional,Amis_1808,0,https://glosbe.com/ami/zh/kiso/fragment/tmem?page=2&mode=MUST&stem=true,work/reference_glosbe/amis_glosbe_traditional.xml
GLOSBE_REVIEWED_ZHO_e489a95ba46a9b20,Misamaan kiso misahalaka a miemin to toki dademak tono Krisciyang hani?,"為了全心事奉耶和華,培養屬靈的特質很重要。",joseph_reviewed_traditional,Amis_1809,0,https://glosbe.com/ami/zh/kiso/fragment/tmem?page=2&mode=MUST&stem=true,work/reference_glosbe/amis_glosbe_traditional.xml
GLOSBE_REVIEWED_ZHO_41d3d4b996c958ce,"Pafeli to'orip, paco'ayen Kiso.","是你賜我生命,願一生報答你。",joseph_reviewed_traditional,Amis_1812,0,https://glosbe.com/ami/zh/kiso/fragment/tmem?page=2&mode=MUST&stem=true,work/reference_glosbe/amis_glosbe_traditional.xml
GLOSBE_REVIEWED_ZHO_5bb0591bba3a907f,Pasowalen ako kiso to misamaanay hano hatira aki!,讓我告訴你原因吧!,joseph_reviewed_traditional,Amis_1813,0,https://glosbe.com/ami/zh/kiso/fragment/tmem?page=2&mode=MUST&stem=true,work/reference_glosbe/amis_glosbe_traditional.xml
GLOSBE_REVIEWED_ZHO_9fa1bbccffa94685,"Nanay rahekeren Kiso,","上帝,我願守護內心,",joseph_reviewed_traditional,Amis_1814,1,https://glosbe.com/ami/zh/kiso/fragment/tmem?page=2&mode=MUST&stem=true,work/reference_glosbe/amis_glosbe_traditional.xml
GLOSBE_REVIEWED_ZHO_4ee75ecf9515c909,"Ano cowaho patafang to tireng a micada to ino' kiso, haratengen hano kalimlaan mihaen to demak.","假如你還沒有獻身受浸,請想想為什麼這麼做很重要。",joseph_reviewed_traditional,Amis_1815,3,https://glosbe.com/ami/zh/kiso/fragment/tmem?page=2&mode=MUST&stem=true,work/reference_glosbe/amis_glosbe_traditional.xml
GLOSBE_REVIEWED_ZHO_1b04a5b7dd3e267d,Mafana'to kiso ano sawmi.,待會你就知道了。,joseph_reviewed_traditional,Amis_1816,1,https://glosbe.com/ami/zh/kiso/fragment/tmem?page=2&mode=MUST&stem=true,work/reference_glosbe/amis_glosbe_traditional.xml
GLOSBE_REVIEWED_ZHO_4e7e161b33a77570,Tada Kawas Kiso.,沒有別神像你。,joseph_reviewed_traditional,Amis_1817,1,https://glosbe.com/ami/zh/kiso/fragment/tmem?page=2&mode=MUST&stem=true,work/reference_glosbe/amis_glosbe_traditional.xml
GLOSBE_REVIEWED_ZHO_aefe8ba06c434eff,Maharateng Kiso.,"求你使我想起,",joseph_reviewed_traditional,Amis_1819,0,https://glosbe.com/ami/zh/kiso/fragment/tmem?page=2&mode=MUST&stem=true,work/reference_glosbe/amis_glosbe_traditional.xml
GLOSBE_REVIEWED_ZHO_4e77a547d739c29e,Samaan kiso misaka dademak toniya safalod itini i pipili' to raramod hani?,你可以怎樣將這項原則應用在擇偶之上呢?,joseph_reviewed_traditional,Amis_1823,1,https://glosbe.com/ami/zh/kiso/fragment/tmem?page=2&mode=MUST&stem=true,work/reference_glosbe/amis_glosbe_traditional.xml
GLOSBE_REVIEWED_ZHO_ad0225e33b86bf1a,"Mihaenay, wa samaan kiso misaka dademak to cowantan a masasowal to tao hani?","那麼,你可以怎樣運用傳單跟人展開交談呢?",joseph_reviewed_traditional,Amis_1825,2,https://glosbe.com/ami/zh/kiso/fragment/tmem?page=2&mode=MUST&stem=true,work/reference_glosbe/amis_glosbe_traditional.xml
GLOSBE_REVIEWED_ZHO_28e43da15a97e3a6,21 'Nanay Pahemeken no Tamdaw Kiso to Nika Citanengay Kiso!',21頁 “願人贊賞你明白事理”,joseph_reviewed_traditional,Amis_1826,1,https://glosbe.com/ami/zh/kiso/fragment/tmem?page=2&mode=MUST&stem=true,work/reference_glosbe/amis_glosbe_traditional.xml
GLOSBE_REVIEWED_ZHO_1a1d2c318a42ba08,(2) Samaan kiso mitodong ci Yihofaan?,乙)你可以怎樣效法上帝?,joseph_reviewed_traditional,Amis_1827,0,https://glosbe.com/ami/zh/kiso/fragment/tmem?page=2&mode=MUST&stem=true,work/reference_glosbe/amis_glosbe_traditional.xml
GLOSBE_REVIEWED_ZHO_047cef58b3159dce,Mamafana' kiso to ca'of nora ilaenoay salicay:,看看能不能回答以下問題:,joseph_reviewed_traditional,Amis_1829,1,https://glosbe.com/ami/zh/kiso/fragment/tmem?page=3&mode=MUST&stem=true,work/reference_glosbe/amis_glosbe_traditional.xml
GLOSBE_REVIEWED_ZHO_9de2616889c7b737,"Cowa konini aca, wa nga'ayho kiso misamaan padama to faelohay salikaka hani?","除了這些方面,你還可以怎樣幫助新來的弟兄姊妹呢?",joseph_reviewed_traditional,Amis_1830,3,https://glosbe.com/ami/zh/kiso/fragment/tmem?page=3&mode=MUST&stem=true,work/reference_glosbe/amis_glosbe_traditional.xml
GLOSBE_REVIEWED_ZHO_e5aa48d1b8fdf833,"18 O roma, pasowalan no coyoh ci Taniil: ""I paherekan a romi'ad i, o lalomowad kiso a ma'orip.","18 另外,天使告訴但以理:“那段日子終結的時候,你就要起來,得你的福分。”",joseph_reviewed_traditional,Amis_1832,0,https://glosbe.com/ami/zh/kiso/fragment/tmem?page=3&mode=MUST&stem=true,work/reference_glosbe/amis_glosbe_traditional.xml
GLOSBE_REVIEWED_ZHO_4d7d768d64c49997,22 Mafana'ay Kiso Hakowaay ko Toki Nohatini?,22 你知道現在幾點嗎?,joseph_reviewed_traditional,Amis_1836,0,https://glosbe.com/ami/zh/kiso/fragment/tmem?page=3&mode=MUST&stem=true,work/reference_glosbe/amis_glosbe_traditional.xml
GLOSBE_REVIEWED_ZHO_8899c73bf1c5e1a0,"Ano ciharatengay kiso to sapicowataw to rihaday a misaysay to lacongis, latek wa ira ko nga'ayay a minaroan.","我們如果懷著促進和睦的目標去化解紛爭或不和,也許會有意想不到的好結果。",joseph_reviewed_traditional,Amis_1837,3,https://glosbe.com/ami/zh/kiso/fragment/tmem?page=3&mode=MUST&stem=true,work/reference_glosbe/amis_glosbe_traditional.xml
GLOSBE_REVIEWED_ZHO_07cbbf57ce5d690b,9 Rihaday —Misamaan Milifok Kiso Hani?,9頁 怎樣享有和平,joseph_reviewed_traditional,Amis_1838,0,https://glosbe.com/ami/zh/kiso/fragment/tmem?page=3&mode=MUST&stem=true,work/reference_glosbe/amis_glosbe_traditional.xml
GLOSBE_REVIEWED_ZHO_d2168e6d14a43536,Wa Nga'ay Kiso Misamaan A Mananam I Faelohay Kasakopang?,你可以怎樣適應新會眾?,joseph_reviewed_traditional,Amis_1839,1,https://glosbe.com/ami/zh/kiso/fragment/tmem?page=3&mode=MUST&stem=true,work/reference_glosbe/amis_glosbe_traditional.xml
GLOSBE_REVIEWED_ZHO_9ea717d88cf35392,Mamafana' kiso paca'of to laenoay a salicay:,看看能不能回答以下問題:,joseph_reviewed_traditional,Amis_1840,0,https://glosbe.com/ami/zh/kiso/fragment/tmem?page=3&mode=MUST&stem=true,work/reference_glosbe/amis_glosbe_traditional.xml
GLOSBE_REVIEWED_ZHO_cfe919e6688e9c56,"Pakayni pasangar no paro no loma', samaan kiso miliyas to sakalahedaw no halifon?",我們怎樣避免因家庭的難題而失去獎賞?(,joseph_reviewed_traditional,Amis_1841,1,https://glosbe.com/ami/zh/kiso/fragment/tmem?page=3&mode=MUST&stem=true,work/reference_glosbe/amis_glosbe_traditional.xml
GLOSBE_REVIEWED_ZHO_5a9679621d7ad462,Wa nga'ay kiso patireng to samaanay a patosokan i no'adingoan?,你想定下什麼屬靈目標?,joseph_reviewed_traditional,Amis_1844,1,https://glosbe.com/ami/zh/kiso/fragment/tmem?page=3&mode=MUST&stem=true,work/reference_glosbe/amis_glosbe_traditional.xml
GLOSBE_REVIEWED_ZHO_532bb3519f5db297,Sapilifokaw Kiso to Pihayda no Nima Hani?,你希望得到誰的認可?,joseph_reviewed_traditional,Amis_1851,1,https://glosbe.com/ami/zh/kiso/fragment/tmem?page=3&mode=MUST&stem=true,work/reference_glosbe/amis_glosbe_traditional.xml
GLOSBE_REVIEWED_ZHO_cc75b086c1763f92,Hano ciharateng kiso to sapasayraaw ci Yihofaan a mikilim to sadipot hani?,"通過這個安排,上帝讓人知道生命是神聖的。",joseph_reviewed_traditional,Amis_1852,0,https://glosbe.com/ami/zh/kiso/fragment/tmem?page=4&mode=MUST&stem=true,work/reference_glosbe/amis_glosbe_traditional.xml
GLOSBE_REVIEWED_ZHO_bd0fec9a35ab7c3a,Pakaso'lin to papa'oripen no Kawas kiso?,相信上帝會拯救你?,joseph_reviewed_traditional,Amis_1853,0,https://glosbe.com/ami/zh/kiso/fragment/tmem?page=4&mode=MUST&stem=true,work/reference_glosbe/amis_glosbe_traditional.xml
GLOSBE_REVIEWED_ZHO_72a15baa98b27905,"Padotocay ko coyoh pasowal: ""Mariyaaw, aka ka talaw, nawhani tada o kaolahan no Kawas kiso.""","天使繼續說:“馬利亞,不要怕,你蒙上帝眷顧了。”",joseph_reviewed_traditional,Amis_1854,4,https://glosbe.com/ami/zh/kiso/fragment/tmem?page=4&mode=MUST&stem=true,work/reference_glosbe/amis_glosbe_traditional.xml
GLOSBE_REVIEWED_ZHO_965c6d9f45248c8f,"Ano misatapang kiso to faelohay a tayal i, pairaen ko tala'ayaway a waywayan.","假如你開始新的工作崗位,要保持積極的態度。",joseph_reviewed_traditional,Amis_1856,2,https://glosbe.com/ami/zh/kiso/fragment/tmem?page=4&mode=MUST&stem=true,work/reference_glosbe/amis_glosbe_traditional.xml
GLOSBE_REVIEWED_ZHO_0c17f1a474dff435,Wa nga'ay kiso misamaan miconged to harateng no hekal?,想一想:為什麼這些觀點聽起來很吸引人?,joseph_reviewed_traditional,Amis_1857,1,https://glosbe.com/ami/zh/kiso/fragment/tmem?page=4&mode=MUST&stem=true,work/reference_glosbe/amis_glosbe_traditional.xml
GLOSBE_REVIEWED_ZHO_8ffb6bf5b30d09bb,Hano misetek to faloco' kiso a micangacang to no'adingoan a hafay?,為什麼你決心追求屬靈的財富?,joseph_reviewed_traditional,Amis_1858,0,https://glosbe.com/ami/zh/kiso/fragment/tmem?page=4&mode=MUST&stem=true,work/reference_glosbe/amis_glosbe_traditional.xml
GLOSBE_REVIEWED_ZHO_ee4d97fbcb0c8331,Samaan kiso mihapinang to no'adingoan no niyah?,怎樣評估自己的屬靈狀況?,joseph_reviewed_traditional,Amis_1859,0,https://glosbe.com/ami/zh/kiso/fragment/tmem?page=4&mode=MUST&stem=true,work/reference_glosbe/amis_glosbe_traditional.xml
GLOSBE_REVIEWED_ZHO_c58aed2ef5af87f9,"ANO O KAPAH kiso, maedeng'alomanay ko painiay kisowanan to pakayniay i hanoikor a demak.","如果你是年輕人,許多人可能給了你不少跟未來有關的意見。",joseph_reviewed_traditional,Amis_1860,3,https://glosbe.com/ami/zh/kiso/fragment/tmem?page=4&mode=MUST&stem=true,work/reference_glosbe/amis_glosbe_traditional.xml
GLOSBE_REVIEWED_ZHO_0db23ca06f5e0266,"O micadaayto kiso to ino'a kaemangay, anca sapicadaaw to ino'a tamdaw, ano sapitongalaw to kalawidang ci Yihofaan, wa misamaan kiso to demak hani?","不論你是已經受浸的年輕人或打算受浸的人,如果想增進與耶和華的友誼,你可以怎麼做呢?",joseph_reviewed_traditional,Amis_1862,2,https://glosbe.com/ami/zh/kiso/fragment/tmem?page=4&mode=MUST&stem=true,work/reference_glosbe/amis_glosbe_traditional.xml
GLOSBE_REVIEWED_ZHO_262d44284b5b9ebe,"Ano tahalifaay kiso to matiniay a demak, wa nga'ay kiso misamaan miliyaw a lipahaken ko faloco' hani?","如果你正面對這樣的情況,你可以怎樣重拾喜樂的心呢?",joseph_reviewed_traditional,Amis_1865,2,https://glosbe.com/ami/zh/kiso/fragment/tmem?page=4&mode=MUST&stem=true,work/reference_glosbe/amis_glosbe_traditional.xml
GLOSBE_REVIEWED_ZHO_860dd811520946cc,Mafana'ay Kiso Hakowaay ko Toki Nohatini?,你知道現在幾點嗎?,joseph_reviewed_traditional,Amis_1866,0,https://glosbe.com/ami/zh/kiso/fragment/tmem?page=4&mode=MUST&stem=true,work/reference_glosbe/amis_glosbe_traditional.xml
GLOSBE_REVIEWED_ZHO_9c7d2ef107ba068b,Mitokelay mala'osi kiso.,他多麼希望你一生成功。,joseph_reviewed_traditional,Amis_1869,0,https://glosbe.com/ami/zh/kiso/fragment/tmem?page=4&mode=MUST&stem=true,work/reference_glosbe/amis_glosbe_traditional.xml
GLOSBE_REVIEWED_ZHO_d60c4e943f014e1f,"Ano miliyaw kiso miliso' cingranan i, nga'ayay saka dademaken ko Naitiraay i Kawas a Nga'ayay Ratoh!, saka 7 fedengan misatapang malalengo to Fangcalay Cudad.","當你下次拜訪對方時,可以運用《來自上帝的好消息》冊子第7課和對方開始聖經課程。",joseph_reviewed_traditional,Amis_1870,2,https://glosbe.com/ami/zh/kiso/fragment/tmem?page=4&mode=MUST&stem=true,work/reference_glosbe/amis_glosbe_traditional.xml
GLOSBE_REVIEWED_ZHO_925e90a31325969b,"Na milicayan ni Pontius Pilato ci Yis: ""O Hongti no Yutaya a tamdaw kiso saw?""",本丟·彼拉多問耶穌:“你是猶太人的王嗎?”(,joseph_reviewed_traditional,Amis_1871,2,https://glosbe.com/ami/zh/kiso/fragment/tmem?page=4&mode=MUST&stem=true,work/reference_glosbe/amis_glosbe_traditional.xml
GLOSBE_REVIEWED_ZHO_f80323d9c8c4d23b,"Kawra, calemcemay kiso halatek.","不過,你或許會有點擔心。",joseph_reviewed_traditional,Amis_1876,0,https://glosbe.com/ami/zh/kiso/fragment/tmem?page=5&mode=MUST&stem=true,work/reference_glosbe/amis_glosbe_traditional.xml
GLOSBE_REVIEWED_ZHO_f0fdab00da32c21f,"Nanay lipahak kiso malo Misawacayay Tamdaw Ako.""",我希望你做個快樂的耶和華見證人!”,joseph_reviewed_traditional,Amis_1878,1,https://glosbe.com/ami/zh/kiso/fragment/tmem?page=5&mode=MUST&stem=true,work/reference_glosbe/amis_glosbe_traditional.xml
GLOSBE_REVIEWED_ZHO_09689b2398b5678e,Sakaenepaw kiso to maanan a lalosidan?,你想要更熟悉使用哪一個工具?,joseph_reviewed_traditional,Amis_1879,0,https://glosbe.com/ami/zh/kiso/fragment/tmem?page=5&mode=MUST&stem=true,work/reference_glosbe/amis_glosbe_traditional.xml
GLOSBE_REVIEWED_ZHO_fad1c6d670c78d75,"Cowa pakahadidi koya simpo, mangolaway tano Fangcalay Cudad a mitekol cingranan, celi' sanay cingranan: ""Ci Satan kiso!","教士很快就失去耐性,非常生氣地把聖經扔向他,並向他大吼:“你根本就是撒但!",joseph_reviewed_traditional,Amis_1880,2,https://glosbe.com/ami/zh/kiso/fragment/tmem?page=5&mode=MUST&stem=true,work/reference_glosbe/amis_glosbe_traditional.xml
GLOSBE_REVIEWED_ZHO_16a9dca3313c4f8e,Misamaan kiso mihinom to tao?,你怎麼做就能為別人帶來安慰?,joseph_reviewed_traditional,Amis_1881,1,https://glosbe.com/ami/zh/kiso/fragment/tmem?page=5&mode=MUST&stem=true,work/reference_glosbe/amis_glosbe_traditional.xml
GLOSBE_REVIEWED_ZHO_916cc20eff1c39fe,"Ikor, pasowalay ko salikaka i fenpo: ""Misatapang kiso to miliso'ay a demak,"" sanay.","後來,分部的弟兄告訴我:“現在你會開始做探訪的工作。”",joseph_reviewed_traditional,Amis_1883,1,https://glosbe.com/ami/zh/kiso/fragment/tmem?page=5&mode=MUST&stem=true,work/reference_glosbe/amis_glosbe_traditional.xml
GLOSBE_REVIEWED_ZHO_fedd65cdd0592853,(2) Tahatengilay kiso to maanan mararaway a sasowalen hani?,乙)你聽過哪些錯誤的道理?,joseph_reviewed_traditional,Amis_1884,0,https://glosbe.com/ami/zh/kiso/fragment/tmem?page=5&mode=MUST&stem=true,work/reference_glosbe/amis_glosbe_traditional.xml
GLOSBE_REVIEWED_ZHO_17e20037c1f1a0a1,"6. (1) Miketon kiso to faloco' wa midofdof to saali ni Yihofa, o manan ko tatodong hani?",6.( 甲)你承諾會無條件地服從耶和華是什麼意思?(,joseph_reviewed_traditional,Amis_1885,0,https://glosbe.com/ami/zh/kiso/fragment/tmem?page=5&mode=MUST&stem=true,work/reference_glosbe/amis_glosbe_traditional.xml
GLOSBE_REVIEWED_ZHO_5c54d3ee231c5c73,"Salicay i, wa pasicowa kiso a romakat hani?","問題是,你應該往哪裡走呢?",joseph_reviewed_traditional,Amis_1886,1,https://glosbe.com/ami/zh/kiso/fragment/tmem?page=5&mode=MUST&stem=true,work/reference_glosbe/amis_glosbe_traditional.xml
GLOSBE_REVIEWED_ZHO_387b8082a084f02a,"Halatek cowa kananam kiso to pakayraan no salikaka a somowal nohatini, tinakoen cowa ka hecad to telangay a kasakopang a samadah anca samoecel sanay a somowal.","你也許不習慣新會眾弟兄姊妹的說話方式,例如他們可能比以前會眾的弟兄姊妹說話更婉轉或更直接。",joseph_reviewed_traditional,Amis_1888,4,https://glosbe.com/ami/zh/kiso/fragment/tmem?page=5&mode=MUST&stem=true,work/reference_glosbe/amis_glosbe_traditional.xml
GLOSBE_REVIEWED_ZHO_cda95e924bad0455,"Samaan kiso pakaso'lin to, o Kawas ko micorcoray kitaanan midemak tonini anca midemak toraan hani?""",你怎麼能確定上帝要我們做這個做那個?”,joseph_reviewed_traditional,Amis_1889,1,https://glosbe.com/ami/zh/kiso/fragment/tmem?page=5&mode=MUST&stem=true,work/reference_glosbe/amis_glosbe_traditional.xml
GLOSBE_REVIEWED_ZHO_2caf3d65072a497d,"Ano ciwawaay kiso, ngitangiten ko Kawas to fangcalay saocor, padama tisowanan maolah a mirikec to wawa, ao cowa ka maketer a miseti' to wawa.","如果你有孩子,可以懇求上帝賜下聖靈,幫助你懷著愛心管教子女,而不是在盛怒下這麼做。",joseph_reviewed_traditional,Amis_1890,5,https://glosbe.com/ami/zh/kiso/fragment/tmem?page=5&mode=MUST&stem=true,work/reference_glosbe/amis_glosbe_traditional.xml
GLOSBE_REVIEWED_ZHO_6c618a5b55ad5cda,O so'linay a malalokay a koli kiso.,你在不多的事上忠信。,joseph_reviewed_traditional,Amis_1891,0,https://glosbe.com/ami/zh/kiso/fragment/tmem?page=5&mode=MUST&stem=true,work/reference_glosbe/amis_glosbe_traditional.xml
GLOSBE_REVIEWED_ZHO_fa935a66c2283200,14 Misamaan kiso misahalaka a miemin to toki dademak tono Krisciyang hani?,"你需要認真地研讀聖經,深入地思考經文的意思,並且盡力在聚會時表達自己的信念。",joseph_reviewed_traditional,Amis_1892,0,https://glosbe.com/ami/zh/kiso/fragment/tmem?page=5&mode=MUST&stem=true,work/reference_glosbe/amis_glosbe_traditional.xml
GLOSBE_REVIEWED_ZHO_fdfe9f8201bfa9bd,"Malecad ci Martaan, mitalaay kiso wa mifekad ko manan a demak noikor?","就像馬大一樣,你期望未來有什麼事發生?",joseph_reviewed_traditional,Amis_1893,0,https://glosbe.com/ami/zh/kiso/fragment/tmem?page=5&mode=MUST&stem=true,work/reference_glosbe/amis_glosbe_traditional.xml
GLOSBE_REVIEWED_ZHO_166cc6d541ed7251,O piki'adingan Kiso.,幫助我們剛強堅毅。,joseph_reviewed_traditional,Amis_1894,0,https://glosbe.com/ami/zh/kiso/fragment/tmem?page=5&mode=MUST&stem=true,work/reference_glosbe/amis_glosbe_traditional.xml
GLOSBE_REVIEWED_ZHO_554331f90f842b7f,7 Sapilifokaw Kiso to Pihayda no Nima Hani?,7 你希望得到誰的認可?,joseph_reviewed_traditional,Amis_1897,1,https://glosbe.com/ami/zh/kiso/fragment/tmem?page=5&mode=MUST&stem=true,work/reference_glosbe/amis_glosbe_traditional.xml
GLOSBE_REVIEWED_ZHO_c9d22d9b757d36ae,16 Tano Sarikec ato Safalod no Kawas Pahatatanam to Makapahay Faloco,16頁 用上帝的律法和原則鍛煉良心,joseph_reviewed_traditional,Amis_1900,1,https://glosbe.com/ami/zh/faloco,work/reference_glosbe/amis_glosbe_traditional.xml
GLOSBE_REVIEWED_ZHO_66fbcd707888fbf8,"Ikor, malikoay kako dademak to miliso'ay a tayal, dotoc tano kantok no Fenpo ko saaro'an a matayal.","後來,我很榮幸能在當地從事探訪的工作,之後也以分部監督的身份服務。",joseph_reviewed_traditional,Amis_1905,1,https://glosbe.com/ami/zh/tayal,work/reference_glosbe/amis_glosbe_traditional.xml
GLOSBE_REVIEWED_ZHO_919802f9c4729881,"(Dmak 6:1-4) Fa'inayan salikaka mapolong, mitahidangay ko malohemay malitengay kisowanan malo militemohay, anca mipadama a misolimet to tilid, milimasmas to kilac, misanga' to maamaan a tayal hokira?","使徒行傳6:1-4)各位弟兄,會眾的長老是否曾請你做招待員,或請你處理跟書刊、地區、維修有關的工作呢?",joseph_reviewed_traditional,Amis_1906,2,https://glosbe.com/ami/zh/tayal,work/reference_glosbe/amis_glosbe_traditional.xml
GLOSBE_REVIEWED_ZHO_ecc6a4b872051495,"Oya tahalifaay to kafalic a tamdaw, ma'ilolay cangra to lipahak no i'ayaway a tayal.","許多經歷這些改變的人表示,他們十分懷念過去的工作所帶來的滿足感。",joseph_reviewed_traditional,Amis_1907,0,https://glosbe.com/ami/zh/tayal,work/reference_glosbe/amis_glosbe_traditional.xml
GLOSBE_REVIEWED_ZHO_efb72f22b8c2b309,Mirienangay to masakenaay a mitosilay a tayal,參與不同形式的傳道工作,joseph_reviewed_traditional,Amis_1909,0,https://glosbe.com/ami/zh/tayal,work/reference_glosbe/amis_glosbe_traditional.xml
GLOSBE_REVIEWED_ZHO_bb935d4d41631e58,"Isatapang mararomay cingra ato fafahi ningra, o sowal ningra: ""Tada misalimlaay kami toniya tayal, hanaca iraayho ko'icel no niyah padotoc a mitayal.""","他跟妻子一開始有些難過,並說:“我們非常珍惜這些服務機會,也覺得自己有體力可以服務下去。”",joseph_reviewed_traditional,Amis_1910,2,https://glosbe.com/ami/zh/tayal,work/reference_glosbe/amis_glosbe_traditional.xml
GLOSBE_REVIEWED_ZHO_d31b93c95594fae7,"Mahecaday, o roma a finawlan no Kawas alatek tatiihay ko tireng, 'inorong no paro no loma', anca mafalic ko tayal i likakawa no Kawas.","類似地,上帝的子民中有些人可能因健康惡化,家庭責任,或組織安排有所調整而必須停止某項服務。",joseph_reviewed_traditional,Amis_1911,4,https://glosbe.com/ami/zh/tayal,work/reference_glosbe/amis_glosbe_traditional.xml
GLOSBE_REVIEWED_ZHO_11f02efb876df60c,"JW Library® kenien ko ""Midama to Tayal i Polong no Hekal""",在JW Library ®的首頁點擊“捐款”的鍊接(連結),joseph_reviewed_traditional,Amis_1912,0,https://glosbe.com/ami/zh/tayal,work/reference_glosbe/amis_glosbe_traditional.xml
GLOSBE_REVIEWED_ZHO_94abf7c9053811f7,"Maherek ko tayal, malalitemohay ko'alomanay i potal no niyaro', minengneng to iraay ko macepetay no dimeng a tamdaw hokira.","工作結束後,大家會在城外的一個地點碰面,看看有沒有人被警察逮捕。",joseph_reviewed_traditional,Amis_1913,3,https://glosbe.com/ami/zh/tayal,work/reference_glosbe/amis_glosbe_traditional.xml
GLOSBE_REVIEWED_ZHO_6946aeb2917c6df5,"15 Masowal ni Yis ko mitosilay ato palo nisawawaan to tamdaw a tayal i, sanay ko sowal: ""Adihay ko papanayen, nikawrira, caay ka'aloman ko matayalay.","15 耶穌談到傳道和使人做門徒的工作時說:“莊稼的確很多,工人實在太少。",joseph_reviewed_traditional,Amis_1915,6,https://glosbe.com/ami/zh/tayal,work/reference_glosbe/amis_glosbe_traditional.xml
GLOSBE_REVIEWED_ZHO_0d3e971735c164f4,"23 Kaemangay Tamdaw —Ka'Padotoc Misa'icel, Milahecito Sakalidong Namo a Tayal'","23頁 年輕人要“不斷努力,完成使你們得救的工作”",joseph_reviewed_traditional,Amis_1917,2,https://glosbe.com/ami/zh/tayal,work/reference_glosbe/amis_glosbe_traditional.xml
GLOSBE_REVIEWED_ZHO_3a297b4b8852d195,Kao nano ngodo no faloco' namo ko sakapisa'icel namo a milaheci to tayal no Kawas a pa'orip tamowanan. —FILIPI 2:12.,"所以,你們應該恐懼戰兢,不斷努力,完成使你們得救的工作。——腓立比書2:12",joseph_reviewed_traditional,Amis_1918,1,https://glosbe.com/ami/zh/tayal,work/reference_glosbe/amis_glosbe_traditional.xml
GLOSBE_REVIEWED_ZHO_cc6da56c154d2c11,"Kantangay ko ka'orip itini, adihayay ko toki midemak to tayal ni Yihofa.","這裡的生活比較簡單,讓我有更多時間為耶和華工作。",joseph_reviewed_traditional,Amis_1920,2,https://glosbe.com/ami/zh/tayal,work/reference_glosbe/amis_glosbe_traditional.xml
GLOSBE_REVIEWED_ZHO_6fc73085e4c6f49c,"""O nipidoedo to (araaw) no miocoray i takowanan ato nipilaheci to tayal Ningra ko malo kakaenen ako."" —YOHANI 4:34.","我的食物就是遵行那位差我來者的旨意,完成他的工作。——約翰福音4:34",joseph_reviewed_traditional,Amis_1922,2,https://glosbe.com/ami/zh/tayal,work/reference_glosbe/amis_glosbe_traditional.xml
GLOSBE_REVIEWED_ZHO_c6aa2476c0f6ed39,"Kalikoan tayal no Kawas,","為上帝服務多麼榮幸,",joseph_reviewed_traditional,Amis_1923,0,https://glosbe.com/ami/zh/tayal,work/reference_glosbe/amis_glosbe_traditional.xml
GLOSBE_REVIEWED_ZHO_b1202b1a95982791,"Samanen 1961 miheca iraay ko koksay taykay, mansa itini 1960 miheca, matongalay ko tayal ako milimasmas to nai Padaka tangasa i Iwropa a hikoki.","由於1961年舉行國際大會,所以在1960年,我除了原本的工作之外,也需要負責安排從美國到歐洲的包機。",joseph_reviewed_traditional,Amis_1924,3,https://glosbe.com/ami/zh/tayal,work/reference_glosbe/amis_glosbe_traditional.xml
GLOSBE_REVIEWED_ZHO_e0d67d973746d488,Kawra'alomanay a pingkosi cowa ka olah to tayal no niyah.,"她說:“我在銀行工作,常和律師接觸,但很多律師都不喜歡自己的工作。",joseph_reviewed_traditional,Amis_1925,2,https://glosbe.com/ami/zh/tayal,work/reference_glosbe/amis_glosbe_traditional.xml
GLOSBE_REVIEWED_ZHO_d9e0a812a57a3434,"Hatiraay, misamaan ko demak ita nga' malaheci ko sakalidong no niyah a tayal hani?","那麼,我們可以做什麼來完成使自己得救的工作呢?",joseph_reviewed_traditional,Amis_1927,0,https://glosbe.com/ami/zh/tayal/fragment/tmem?page=2&mode=MUST&stem=true,work/reference_glosbe/amis_glosbe_traditional.xml
GLOSBE_REVIEWED_ZHO_afbcdd4870a25bca,"1958 miheca, mafalicay ko tayal ako, oniya tayal milingatay to Kiliyat a picudadan.","1958年,我換了新的崗位,工作內容跟基列學校有關。",joseph_reviewed_traditional,Amis_1929,0,https://glosbe.com/ami/zh/tayal/fragment/tmem?page=2&mode=MUST&stem=true,work/reference_glosbe/amis_glosbe_traditional.xml
GLOSBE_REVIEWED_ZHO_cc3ea30aa6de947b,"Kaemangay Tamdaw —ka'Padotoc Misa'icel, Milahecito Sakalidong Namo a Tayal'","年輕人要“不斷努力,完成使你們得救的工作”",joseph_reviewed_traditional,Amis_1930,2,https://glosbe.com/ami/zh/tayal/fragment/tmem?page=2&mode=MUST&stem=true,work/reference_glosbe/amis_glosbe_traditional.xml
GLOSBE_REVIEWED_ZHO_64dd6a3b98845944,"O mitafoay to taneng a tamdaw, o kilang no'orip nangra.","人持守智慧,智慧就是他們的生命樹;緊守智慧的,必稱為有福的人。”(",joseph_reviewed_traditional,Amis_1933,0,https://glosbe.com/ami/zh/kilang,work/reference_glosbe/amis_glosbe_traditional.xml
GLOSBE_REVIEWED_ZHO_7c628a4503549c56,"Sowal ni Yis, ""o so'linay fadisoso' a kilang kako,"" ci Yihofa o ""maomahay (palahaday) a tamdaw"", o ""ca'ang"" ko nisawawaan.","耶穌說自己是“真葡萄樹”,耶和華是“培植的人”,而門徒是“枝子”。",joseph_reviewed_traditional,Amis_1934,0,https://glosbe.com/ami/zh/kilang,work/reference_glosbe/amis_glosbe_traditional.xml
GLOSBE_REVIEWED_ZHO_3ae36a3e2512956a,"Ano mihaen to demak kita patahekalay to misalimelaay toni sapakaolah, halo patahekalay to maolahay kita to papitiliday to Fangcalay Cudad a Yihofaan.","我們這樣做不僅表示我們很珍視這份寶貴的禮物,更表示我們很愛聖經的作者耶和華。",joseph_reviewed_traditional,Amis_1943,3,https://glosbe.com/ami/zh/ano,work/reference_glosbe/amis_glosbe_traditional.xml
GLOSBE_REVIEWED_ZHO_3a99534d1b2c0057,"Sowal ni Yis: "" Ano caay ko nipafaloco'an no miocoray i takowanan a Wama ko tamdaw a papiraod i takowanan i, awaay ko mamaedeng a tayni i takowanan.""","耶穌說:“要不是差我來的父親吸引人,就沒有人能到我這裡來。”(",joseph_reviewed_traditional,Amis_1945,0,https://glosbe.com/ami/zh/ano,work/reference_glosbe/amis_glosbe_traditional.xml
GLOSBE_REVIEWED_ZHO_5e15d8a243d3ae13,17. (1) Ano sapi'acaw kita to so'linay kimad wa misadak to maanan sapi'aca aki?,17. (甲)我們為了買真理可能需要付出什麼代價?(,joseph_reviewed_traditional,Amis_1972,2,https://glosbe.com/ami/zh/ano/fragment/tmem?page=2&mode=MUST&stem=true,work/reference_glosbe/amis_glosbe_traditional.xml
GLOSBE_REVIEWED_ZHO_4d6d98cb04953967,"Ano misodod kita to tao, wa makahi kita mili'ay to tamdaw, aka'inteh ko faloco'.","這樣,即使冒犯我們的人沒有留意到他得罪我們,我們也能甘心寬恕他。(",joseph_reviewed_traditional,Amis_1974,3,https://glosbe.com/ami/zh/ano/fragment/tmem?page=2&mode=MUST&stem=true,work/reference_glosbe/amis_glosbe_traditional.xml
GLOSBE_REVIEWED_ZHO_0fb8228987113b76,""" Ano icowa ko dafong (anca odo') namo i, itira ko faloco' namo."" —LUKA 12:34.","你們的財寶在哪裡,你們的心也在哪裡。——路加福音12:34",joseph_reviewed_traditional,Amis_1983,0,https://glosbe.com/ami/zh/ano/fragment/tmem?page=2&mode=MUST&stem=true,work/reference_glosbe/amis_glosbe_traditional.xml
GLOSBE_REVIEWED_ZHO_9803af3384666d7f,"1, 2. (1) Ano caka paka'met to tireng, iraay ko maanan a teloc?","1,2.( 甲)缺乏自制力可能會導致什麼結果?(",joseph_reviewed_traditional,Amis_1986,1,https://glosbe.com/ami/zh/ano/fragment/tmem?page=3&mode=MUST&stem=true,work/reference_glosbe/amis_glosbe_traditional.xml
GLOSBE_REVIEWED_ZHO_02b8f25e1663f3fb,"Itiya, miceriday kako mitolon ato romadiw to radiw no Hongti Kitakita, miharateng ano pasalat wa misamaan a mitosil, rihadayay ko faloco' ako mihaen to demak.","那時,我經常禱告也唱王國詩歌,並想象重獲自由後我會怎樣傳道,這樣做讓我保持內心安寧。",joseph_reviewed_traditional,Amis_1987,5,https://glosbe.com/ami/zh/ano/fragment/tmem?page=3&mode=MUST&stem=true,work/reference_glosbe/amis_glosbe_traditional.xml
GLOSBE_REVIEWED_ZHO_fca4dd77e8c3dbeb,17 Ano miliso' hahakowa ko halafin?,17 我們拜訪時該停留多久?,joseph_reviewed_traditional,Amis_1993,0,https://glosbe.com/ami/zh/ano/fragment/tmem?page=3&mode=MUST&stem=true,work/reference_glosbe/amis_glosbe_traditional.xml
GLOSBE_REVIEWED_ZHO_115fd4c88c2fef7d,"Ano miming ko fodawan nora IUD i, cowa ka ci'icel sanay.""",避孕器含銅量越低效果就越差。”,joseph_reviewed_traditional,Amis_1998,4,https://glosbe.com/ami/zh/ano/fragment/tmem?page=3&mode=MUST&stem=true,work/reference_glosbe/amis_glosbe_traditional.xml
GLOSBE_REVIEWED_ZHO_fa13f33c30fe98cb,"Ano palahad to olah, iraay ko manan a epoc hani?","那麼,培養愛心還有哪些益處呢?",joseph_reviewed_traditional,Amis_2001,0,https://glosbe.com/ami/zh/ano/fragment/tmem?page=3&mode=MUST&stem=true,work/reference_glosbe/amis_glosbe_traditional.xml
GLOSBE_REVIEWED_ZHO_5d1f83a8cdf30cd1,"Ano pakalowid kako to sakayhid i, tada mahemekay ko harateng!""","每次我戰勝引誘,就覺得很高興!”",joseph_reviewed_traditional,Amis_2005,0,https://glosbe.com/ami/zh/ano/fragment/tmem?page=3&mode=MUST&stem=true,work/reference_glosbe/amis_glosbe_traditional.xml
GLOSBE_REVIEWED_ZHO_e2a6ba84ad5b5f69,"15 Ano sapicadaaw ko wawa to ino', papadamaen no wama wina cangra misongila'a miharateng—o maanan ko'inorong no Krisciyang, samanay ko pinengneng no wawa toniya'inorong.","15 如果孩子錶達自己想要受浸,父母應該要幫助他們仔細想想基督徒的責任是什麼,孩子對這些責任有什麼看法。",joseph_reviewed_traditional,Amis_2006,0,https://glosbe.com/ami/zh/ano/fragment/tmem?page=3&mode=MUST&stem=true,work/reference_glosbe/amis_glosbe_traditional.xml
GLOSBE_REVIEWED_ZHO_a0090850858b3e78,"Ano cecay ko hana maedengto, nimaan adihay ko hana hani.","假如一朵就夠,就不會有這麼多花瞭。",joseph_reviewed_traditional,Amis_2007,3,https://glosbe.com/ami/zh/ano/fragment/tmem?page=3&mode=MUST&stem=true,work/reference_glosbe/amis_glosbe_traditional.xml
GLOSBE_REVIEWED_ZHO_c68cd0481bce6edb,"Ano hasapi laheciaw ci Solomon toni'inorong i, timolo a misafa'ina'inayan cingra nga', misatapang a midemak.","所羅門要完成這項任務,就必須勇敢堅強,採取行動。",joseph_reviewed_traditional,Amis_2008,0,https://glosbe.com/ami/zh/ano/fragment/tmem?page=3&mode=MUST&stem=true,work/reference_glosbe/amis_glosbe_traditional.xml
GLOSBE_REVIEWED_ZHO_58019b201df8cb0f,"Ano caka lecad ko pihakelongan no mararamoday, sasamaan pasifana' to wawa, nengnengen ko ""Salicay No Mi'osiay Tamdaw"" i Mikecolay 2002/8/15. (no Kowaping)","關於夫妻信仰不同時該如何教養孩子,請看《守望臺》2002年8月15日刊的“讀者來函”。",joseph_reviewed_traditional,Amis_2009,1,https://glosbe.com/ami/zh/ano/fragment/tmem?page=3&mode=MUST&stem=true,work/reference_glosbe/amis_glosbe_traditional.xml
GLOSBE_REVIEWED_ZHO_d37a1364f8f9eda9,"Ano caka tayra cingra milaliw i pilimekan a niyaro' i, wa ira ko fadangalan no malininaay nora mapatayay a mipatay cingranan.","假如誤殺者沒有逃到耶和華設立的其中一座庇護城,死者最親的親屬就有權將誤殺者處死。",joseph_reviewed_traditional,Amis_2012,4,https://glosbe.com/ami/zh/ano/fragment/tmem?page=4&mode=MUST&stem=true,work/reference_glosbe/amis_glosbe_traditional.xml
GLOSBE_REVIEWED_ZHO_fc540cb4bdded57b,"7 Oya awaay ko'icel a sofitay no Israil wa saan a miharateng, "" Ano fahal sa ko ada' mi'odis i, wa samaan kami midipot to paro no loma' hani?""","7 那些毫無防禦能力的以色列士兵也許會想:“如果敵軍來突襲營地,我們要怎麼保護家人呢?”",joseph_reviewed_traditional,Amis_2017,0,https://glosbe.com/ami/zh/ano/fragment/tmem?page=4&mode=MUST&stem=true,work/reference_glosbe/amis_glosbe_traditional.xml
GLOSBE_REVIEWED_ZHO_454fbe55958e52ce,"1, 2. (1) Ano mafana' ko Krisciyang a wama wina to sapicadaaw to ino' ko wawa i, wa maharateng ko maanan alatek?","1,2.( 甲)基督徒父母知道孩子想要受浸時,可能會想到什麼?(",joseph_reviewed_traditional,Amis_2018,1,https://glosbe.com/ami/zh/ano/fragment/tmem?page=4&mode=MUST&stem=true,work/reference_glosbe/amis_glosbe_traditional.xml
GLOSBE_REVIEWED_ZHO_800309a34161291c,"O nolitengan a Israil tamdaw ano madimadi a midofdof to araaw ni Yihofa i, o romadiway itini i noka pidoko nangra, iraay ko masaka limelaan a saaro'an.","值得留意的是,古代的以色列人忠心地事奉耶和華時,歌唱在他們的崇拜活動中占有重要地位。",joseph_reviewed_traditional,Amis_2019,1,https://glosbe.com/ami/zh/ano/fragment/tmem?page=4&mode=MUST&stem=true,work/reference_glosbe/amis_glosbe_traditional.xml
GLOSBE_REVIEWED_ZHO_69a1d60917ce821c,"Ano misapoener kita, mikiemel a micowat to rihaday, iraay ko nga'ayay a teloc","我們表現謙卑,盡力促進和睦,通常都會有好結果",joseph_reviewed_traditional,Amis_2020,0,https://glosbe.com/ami/zh/ano/fragment/tmem?page=4&mode=MUST&stem=true,work/reference_glosbe/amis_glosbe_traditional.xml
GLOSBE_REVIEWED_ZHO_637ded30caeaadac,"17 Ano irato ko Hongti Kitakit no Kawas i, cowato ko papateli tono loma', taykowan, sapaising a payci, cowato ko mamicakay to kakaenen anca calemcem to cacango'ot ko kakaenen.","17 當上帝王國來臨時,沒有人需要付房租、繳貸款、支付醫療開銷,也不需要花錢買食物或擔心食物不夠。",joseph_reviewed_traditional,Amis_2023,2,https://glosbe.com/ami/zh/ano/fragment/tmem?page=4&mode=MUST&stem=true,work/reference_glosbe/amis_glosbe_traditional.xml
GLOSBE_REVIEWED_ZHO_3c522934bd2ecbfb,"Ano miliyas ko paro no loma' ci Yihofaan i, o manan ko papadama tisowanan miremo to somad?","如果家人離棄了耶和華,什麼能幫助你克服傷痛?",joseph_reviewed_traditional,Amis_2026,2,https://glosbe.com/ami/zh/ano/fragment/tmem?page=4&mode=MUST&stem=true,work/reference_glosbe/amis_glosbe_traditional.xml
GLOSBE_REVIEWED_ZHO_ad3f3db6815bd432,"Ano mitadi'ec ato midoedo to Kawas ko kapah, wa milifok to maanan a saka raheker hani?",年輕人信賴和服從上帝會得到什麼福分?,joseph_reviewed_traditional,Amis_2027,4,https://glosbe.com/ami/zh/ano/fragment/tmem?page=4&mode=MUST&stem=true,work/reference_glosbe/amis_glosbe_traditional.xml
GLOSBE_REVIEWED_ZHO_79f13acf11df1225,Ano masamaanto,"不管人反應如何,",joseph_reviewed_traditional,Amis_2028,0,https://glosbe.com/ami/zh/ano/fragment/tmem?page=4&mode=MUST&stem=true,work/reference_glosbe/amis_glosbe_traditional.xml
GLOSBE_REVIEWED_ZHO_27814d55ecf06b2b,"14, 15. (1) Ano makalimay kita ira ko mahecaday ni Yihofa a harateng, nga'ayay misimsim to maanan?","14,15. (甲)我們想跟耶和華有一樣的看法,就應該思考什麼?(",joseph_reviewed_traditional,Amis_2030,1,https://glosbe.com/ami/zh/ano/fragment/tmem?page=4&mode=MUST&stem=true,work/reference_glosbe/amis_glosbe_traditional.xml
GLOSBE_REVIEWED_ZHO_56e975897f53f3a6,"Ano micada ato pakayni i tingnaw ato soci patikami i, sasamaan kita a misinanot hani?","為什麼在接收或轉發電郵和短信時,我們應該小心謹慎?",joseph_reviewed_traditional,Amis_2031,1,https://glosbe.com/ami/zh/ano/fragment/tmem?page=4&mode=MUST&stem=true,work/reference_glosbe/amis_glosbe_traditional.xml
GLOSBE_REVIEWED_ZHO_b3f4cfc9a447e49a,"Ano sapicadaaw to so'linay kimad a midoedo to palinian no Fangcalay Cudad a ma'orip i, wa makahi a misalof to harateng ato waywayan nga'.","關於這點,彼得說:“你們既然是順從的孩子,就不要再受以往無知的時候所懷的欲望所支配,仿照當時的樣式處世為人;倒要......在一切行為上聖潔。”(",joseph_reviewed_traditional,Amis_2032,3,https://glosbe.com/ami/zh/ano/fragment/tmem?page=4&mode=MUST&stem=true,work/reference_glosbe/amis_glosbe_traditional.xml
GLOSBE_REVIEWED_ZHO_a778eb0307ba6751,"13 Ano makelec ko kalaliting no pihakelongan ato mirikecay i, wa mifekad ko mari'angay a demak.","13 當宗教和政治關係緊密時,很容易引發暴力行動。",joseph_reviewed_traditional,Amis_2033,3,https://glosbe.com/ami/zh/ano/fragment/tmem?page=4&mode=MUST&stem=true,work/reference_glosbe/amis_glosbe_traditional.xml
GLOSBE_REVIEWED_ZHO_df6bfd0ac93f6970,Ano cowa ko Kimad no Kawas ko Fangcalay Cudad wa samaan hani?,如果聖經不是上帝的話語怎麼辦?,joseph_reviewed_traditional,Amis_2034,2,https://glosbe.com/ami/zh/ano/fragment/tmem?page=4&mode=MUST&stem=true,work/reference_glosbe/amis_glosbe_traditional.xml
GLOSBE_REVIEWED_ZHO_4b6be2155183a59f,"Ano mamisa'osi kita to patosokan no ikor i, hano mitengil to sapaini ni Yihofa hani?",為什麼我們在決定人生目標時應該聽從創造主的建議?(,joseph_reviewed_traditional,Amis_2035,1,https://glosbe.com/ami/zh/ano/fragment/tmem?page=4&mode=MUST&stem=true,work/reference_glosbe/amis_glosbe_traditional.xml
GLOSBE_REVIEWED_ZHO_da08617141e24bd7,"13 Ano ma'odang ko raramod no Krisciyang, o madimadiay i raramod a tamdaw wa misa'osi to sasamaan ko demak.","13 假如基督徒夫妻其中一方淫亂,清白的一方就要做一個決定。",joseph_reviewed_traditional,Amis_2037,2,https://glosbe.com/ami/zh/ano/fragment/tmem?page=5&mode=MUST&stem=true,work/reference_glosbe/amis_glosbe_traditional.xml
GLOSBE_REVIEWED_ZHO_6f6bc3f15c67f6ef,"Pasowalan ni Yis ko nisawawan: "" Ano masasiolaholah kamo i, pakayni tonini ko sakafana' no tamdamdaw to nika o nisawawaan ako kamo,"" sanay.","耶穌告訴門徒:“你們要是彼此相愛,所有人就因此知道你們是我的門徒了。”(",joseph_reviewed_traditional,Amis_2039,0,https://glosbe.com/ami/zh/ano/fragment/tmem?page=5&mode=MUST&stem=true,work/reference_glosbe/amis_glosbe_traditional.xml
GLOSBE_REVIEWED_ZHO_7eb96908d9f0edd1,"Ano midotim kita to harateng no Kawas i, sasamaan padama kitaanan misongila' a misaday, misi'ayaw to aira a sapalifet hani?",沉思上帝的觀點可以怎樣幫助我們為可能面對的考驗做好準備?,joseph_reviewed_traditional,Amis_2040,0,https://glosbe.com/ami/zh/ano/fragment/tmem?page=5&mode=MUST&stem=true,work/reference_glosbe/amis_glosbe_traditional.xml
GLOSBE_REVIEWED_ZHO_5e0bd2a09129f3f5,"Ano cato pakafilo,","有時感到害怕退縮,",joseph_reviewed_traditional,Amis_2041,0,https://glosbe.com/ami/zh/ano/fragment/tmem?page=5&mode=MUST&stem=true,work/reference_glosbe/amis_glosbe_traditional.xml
GLOSBE_REVIEWED_ZHO_b1d470479f5b6420,"O sofitay ano caka madimadi to tapang ningra i, awato ko salo'ingan ningra misa'icel a milood.","一個士兵若不忠於長官,就無法在戰場上全力以赴。",joseph_reviewed_traditional,Amis_2042,1,https://glosbe.com/ami/zh/ano/fragment/tmem?page=5&mode=MUST&stem=true,work/reference_glosbe/amis_glosbe_traditional.xml
GLOSBE_REVIEWED_ZHO_e1161014503a8912,"Ikor no pina miheca, misa'icelay ko tarokos ci Pawlo toniya so'linay kimad, ano palada' kitinien i matatodongay a araaw ko pidemak.","若干年後,使徒保羅也強調這項真理,並指出施與應該出於正確的動機。",joseph_reviewed_traditional,Amis_2045,2,https://glosbe.com/ami/zh/ano/fragment/tmem?page=5&mode=MUST&stem=true,work/reference_glosbe/amis_glosbe_traditional.xml
GLOSBE_REVIEWED_ZHO_206d943adae25c47,"Ano mafana' kita to ca'of noniya salicay, wa mahecad ci Martaan mitala to piliyaw no mapatayay a ma'orip.","如果我們知道這個問題的答案,就能像馬大一樣更盼望未來復活的時候。",joseph_reviewed_traditional,Amis_2047,2,https://glosbe.com/ami/zh/ano/fragment/tmem?page=5&mode=MUST&stem=true,work/reference_glosbe/amis_glosbe_traditional.xml
GLOSBE_REVIEWED_ZHO_e5f9cfef2187673c,"O masowalay i fafekang ci Taniil, sanay ko sowal: "" Ano mi'osi kako to Fangcalay Cudad i, mipili'an ko nga'ayay padama to i kilacay tamdaw a sinael.","本文前面提到的丹尼爾說:“我讀聖經時,會選出對傳道地區的人有幫助的經文。",joseph_reviewed_traditional,Amis_2048,0,https://glosbe.com/ami/zh/ano/fragment/tmem?page=5&mode=MUST&stem=true,work/reference_glosbe/amis_glosbe_traditional.xml
GLOSBE_REVIEWED_ZHO_c41fef2c9e33b971,"Ano hatiraay i, wa nga'ay salakat i lalan misawacay, ka'alomanay misawacay anca miliso' to lomowadayto a tamdaw.","如果是的話,我們也許可以先做街頭見證、公眾場所見證或續訪已經起床的人。",joseph_reviewed_traditional,Amis_2049,2,https://glosbe.com/ami/zh/ano/fragment/tmem?page=5&mode=MUST&stem=true,work/reference_glosbe/amis_glosbe_traditional.xml
GLOSBE_REVIEWED_ZHO_9e9ffbc2dbbd5458,"Ano dotimen ko tatodong no tahapinangan a dafong, wa samaan micowat to kalacecay hani?","在受難紀念日之前,我們要深入思考無酵餅和紅葡萄酒的含意,尤其是當天晚上,我們更要這樣做。(",joseph_reviewed_traditional,Amis_2050,1,https://glosbe.com/ami/zh/ano/fragment/tmem?page=5&mode=MUST&stem=true,work/reference_glosbe/amis_glosbe_traditional.xml
GLOSBE_REVIEWED_ZHO_2360f463d9f64920,"Cowa ko malefotay a tamdaw kita, ano tahalifa to kafalic no ka'orip ato katayalan i, ta'angayay ko saroero alatek.","我們都是不完美的人,在經歷生活和服務崗位的改變時,難免會覺得壓力很大。",joseph_reviewed_traditional,Amis_2051,2,https://glosbe.com/ami/zh/ano/fragment/tmem?page=5&mode=MUST&stem=true,work/reference_glosbe/amis_glosbe_traditional.xml
GLOSBE_REVIEWED_ZHO_95ab7577f3600476,"Ano tahapades kita madimadi to Kawas, papala'osi to manan a patosokan hani?",我們受考驗絕不是因為耶和華不悅納我們。,joseph_reviewed_traditional,Amis_2052,0,https://glosbe.com/ami/zh/ano/fragment/tmem?page=5&mode=MUST&stem=true,work/reference_glosbe/amis_glosbe_traditional.xml
GLOSBE_REVIEWED_ZHO_3272fa0b38cd9ed9,"(1) Ano tahalifa ko raramod to sapalifet i, wa misa'icel cangra misamaan to demak?","乙)如果夫妻只有一方是崇拜上帝的人,婚姻遭遇考驗時該怎麼做?",joseph_reviewed_traditional,Amis_2053,2,https://glosbe.com/ami/zh/ano/fragment/tmem?page=5&mode=MUST&stem=true,work/reference_glosbe/amis_glosbe_traditional.xml
GLOSBE_REVIEWED_ZHO_d212f1105af1f687,"17 'Alomanay ko mieminay to toki a mitosilay misawacayay cangra, ano mafalic ko pakayraan i, misarocod a mitosil wa padama cangraanan padadotoc mahemak ato tawlikay a harateng.","17 許多全時服務的傳道員都能證明,即使情況轉變,專注於傳道工作幫助他們保持快樂和積極的態度。",joseph_reviewed_traditional,Amis_2055,2,https://glosbe.com/ami/zh/ano/fragment/tmem?page=5&mode=MUST&stem=true,work/reference_glosbe/amis_glosbe_traditional.xml
GLOSBE_REVIEWED_ZHO_7a875a32a6eb2a19,18 O ciraramoday Krisciyang ano maolahay ci Yihofaan tatodongen Cingra.,18 已婚的基督徒愛耶和華就會效法他。,joseph_reviewed_traditional,Amis_2059,0,https://glosbe.com/ami/zh/ano/fragment/tmem?page=5&mode=MUST&stem=true,work/reference_glosbe/amis_glosbe_traditional.xml
GLOSBE_REVIEWED_ZHO_f3103005932f0539,"Ano misi'ayaw kita to pasangaray a sapalifet i noka'orip i, sasamaan misamacay ko minengnengan ci Yihofaan hani?","我們面對生活中難以應付的挑戰時,怎樣才能讓我們的目光集中在耶和華之上呢?",joseph_reviewed_traditional,Amis_2061,0,https://glosbe.com/ami/zh/ano/fragment/tmem?page=6&mode=MUST&stem=true,work/reference_glosbe/amis_glosbe_traditional.xml
GLOSBE_REVIEWED_ZHO_d520395a670bdf72,"Kawra ano mapiras sato i, wa samaanto koya mapasoloyay a piras hani?","但是,如果女子排卵而卵子受精會有什麼結果呢?",joseph_reviewed_traditional,Amis_2062,2,https://glosbe.com/ami/zh/ano/fragment/tmem?page=6&mode=MUST&stem=true,work/reference_glosbe/amis_glosbe_traditional.xml
GLOSBE_REVIEWED_ZHO_1bd1491170b61532,"Ano pasifana' to wawa no tao to Fangcalay Cudad i, sasinanoten ko manan?","有些父母雖然對真理不感興趣,但容許基督徒教導他們的孩子。",joseph_reviewed_traditional,Amis_2066,1,https://glosbe.com/ami/zh/ano/fragment/tmem?page=6&mode=MUST&stem=true,work/reference_glosbe/amis_glosbe_traditional.xml
GLOSBE_REVIEWED_ZHO_3e3ed27b89787ae6,"Wa nga'ay haratengen no mita: "" Ano mahecaday ko pakayraan ako tora mitosilan a tamdaw, wa samaan ko harateng ako to lihaf no Hongti Kitakit hani?""","我們可以想想:“如果我跟傳道的對象有一樣的處境,我會對王國信息有什麼反應呢?”",joseph_reviewed_traditional,Amis_2067,0,https://glosbe.com/ami/zh/ano/fragment/tmem?page=6&mode=MUST&stem=true,work/reference_glosbe/amis_glosbe_traditional.xml
GLOSBE_REVIEWED_ZHO_76e1d2f1318e3624,"Nikawrira, ano ma'araw no salikaka ci Tayanna i kasa'opoan ato pitosilan i, kamayan a lipahak cingra.","然而,當會眾的弟兄姐妹在王國聚會所或傳道地點見到黛安娜時,她總是非常喜樂。",joseph_reviewed_traditional,Amis_2069,1,https://glosbe.com/ami/zh/ano/fragment/tmem?page=6&mode=MUST&stem=true,work/reference_glosbe/amis_glosbe_traditional.xml
GLOSBE_REVIEWED_ZHO_b794a58675758919,"18 Ano misawidang to ikakarayanay widang, o mamilayapho to romaroma hafay.",18 結交天上朋友的人還會承受其他寶貴的產業。,joseph_reviewed_traditional,Amis_2071,1,https://glosbe.com/ami/zh/ano/fragment/tmem?page=6&mode=MUST&stem=true,work/reference_glosbe/amis_glosbe_traditional.xml
GLOSBE_REVIEWED_ZHO_f50b71241c8afe1b,"To sapaca'ofaw toni salicay, salakat mafana' kita to maanan ko lipahak hananay, ato misamaanay hano kamayan a lipahak ko romaroma tamdaw ano mapalifet cangra.","要找到問題的答案,我們需要先了解真正的快樂是什麼,還有為什麼一些人在考驗下能保持喜樂。",joseph_reviewed_traditional,Amis_2072,2,https://glosbe.com/ami/zh/ano/fragment/tmem?page=6&mode=MUST&stem=true,work/reference_glosbe/amis_glosbe_traditional.xml
GLOSBE_REVIEWED_ZHO_d03e74ca35781a65,"'Ayaw no pina patek miheca, cecay mitiliday to'Olic mihayay, ano tahalifa ko tamdaw to pasangaray i, o hahalamham ci Yihofa.","很久以前,一位詩篇執筆者承認,人類在遭遇難題時需要仰望耶和華。(",joseph_reviewed_traditional,Amis_2073,2,https://glosbe.com/ami/zh/ano/fragment/tmem?page=6&mode=MUST&stem=true,work/reference_glosbe/amis_glosbe_traditional.xml
GLOSBE_REVIEWED_ZHO_7eabf177f319fb70,"Ano makalimay kita matilid ko ngangan no niyah i powa ni Yihofa, wa mitoor to maanan a palinian hani?","我們希望自己的名字能記錄在耶和華的冊上,就必須符合什麼條件?",joseph_reviewed_traditional,Amis_2075,1,https://glosbe.com/ami/zh/ano/fragment/tmem?page=6&mode=MUST&stem=true,work/reference_glosbe/amis_glosbe_traditional.xml
GLOSBE_REVIEWED_ZHO_840324177aaa2d14,"Ano maolahay kita to Hongti Kitakit no Kawas, o mamisamaan to demak kita?","如果我們愛上帝的王國,就會想要怎麼做?",joseph_reviewed_traditional,Amis_2076,1,https://glosbe.com/ami/zh/ano/fragment/tmem?page=6&mode=MUST&stem=true,work/reference_glosbe/amis_glosbe_traditional.xml
GLOSBE_REVIEWED_ZHO_1f4bf0aecd84fb46,"Ano tahalifa to pasangaray ko raramod i, sasamaanen ko hademak hani?",婚姻遭遇考驗時可以怎麼做?( 見第15段),joseph_reviewed_traditional,Amis_2078,0,https://glosbe.com/ami/zh/ano/fragment/tmem?page=6&mode=MUST&stem=true,work/reference_glosbe/amis_glosbe_traditional.xml
GLOSBE_REVIEWED_ZHO_1a6ff016a3bf1090,"9 Ano sida'it ko wama wina a mirikec to wawa, wa ira ko dipayar no wawa.",9 父母仁愛地管教孩子會讓孩子有安全感。,joseph_reviewed_traditional,Amis_2079,1,https://glosbe.com/ami/zh/ano/fragment/tmem?page=6&mode=MUST&stem=true,work/reference_glosbe/amis_glosbe_traditional.xml
GLOSBE_REVIEWED_ZHO_40a0e3a9b3a2c62a,"Ano maharek a mihapinang ko kihcod a wacay i, wa misa'osi ko kasacefang no malohemay malitengay to papatireng to miiingay a demak.","查明事情的相關證據後,長老團就會決定是否成立司法委員會。",joseph_reviewed_traditional,Amis_2080,0,https://glosbe.com/ami/zh/ano/fragment/tmem?page=6&mode=MUST&stem=true,work/reference_glosbe/amis_glosbe_traditional.xml
GLOSBE_REVIEWED_ZHO_fac3f0675bf8ea77,"Ano mafalic ko pakayraan i, misarocod to mitosilay a demak hano tata'angay ko sapadama kitaanan hani?","為什麼情況轉變時,專注於傳道工作能給我們很大的幫助?",joseph_reviewed_traditional,Amis_2082,0,https://glosbe.com/ami/zh/ano/fragment/tmem?page=6&mode=MUST&stem=true,work/reference_glosbe/amis_glosbe_traditional.xml
GLOSBE_REVIEWED_ZHO_622a025876631adb,"O malinahay tayra i roma kitakit a wama wina, ano papadama to no'adingoan no wawa i, hano mamisinanot to pakayniay sasowalan a demak?","身為父母的移民在屬靈方面幫助兒女時,為什麼要考慮和語言有關的事?",joseph_reviewed_traditional,Amis_2083,2,https://glosbe.com/ami/zh/ano/fragment/tmem?page=6&mode=MUST&stem=true,work/reference_glosbe/amis_glosbe_traditional.xml
GLOSBE_REVIEWED_ZHO_91a6295e479aa19e,"Ano minokay kako miliso' to wama wina i, mifanaway to kaysing kako aci Aser.","我回家探望爸媽時,會和亞瑟在用餐後幫忙洗碗。",joseph_reviewed_traditional,Amis_2084,2,https://glosbe.com/ami/zh/ano/fragment/tmem?page=6&mode=MUST&stem=true,work/reference_glosbe/amis_glosbe_traditional.xml
GLOSBE_REVIEWED_ZHO_6d6bb80d39a6c765,"19 Pasowalan ni Yis ko nisawawaan: ' Ano micerid kamo midofdof to sowal ako, o so'linayto a nisawawaan ako. Wa mafana' kamo to so'linay kimad, wa pasalaten no so'linay kimad kamo.'","19 耶穌對門徒說:“你們時刻遵守我的話語,就真是我的門徒了。 你們會認識真理,真理會叫你們自由。”(",joseph_reviewed_traditional,Amis_2085,0,https://glosbe.com/ami/zh/ano/fragment/tmem?page=6&mode=MUST&stem=true,work/reference_glosbe/amis_glosbe_traditional.xml
GLOSBE_REVIEWED_ZHO_2a8ea5f85516477d,"Mimingayho kako itiya caka fana' misakadademak tora kikay, kawra ano miliso' ato pacekiw cangra i, maolahay kako padama cangranan pahoni to kimad no salikaka ci Rosofo.","我當時太小無法操作,但我很喜歡在他們續訪或主持聖經課程時,協助他們播放盧述福弟兄的演講。",joseph_reviewed_traditional,Amis_2086,4,https://glosbe.com/ami/zh/ano/fragment/tmem?page=7&mode=MUST&stem=true,work/reference_glosbe/amis_glosbe_traditional.xml
GLOSBE_REVIEWED_ZHO_12a6006c0774998f,"Ano samanayto ko tatodong ni Mosi, ora sowal ningra paihkalay to cowa ka ngodo ko niyah ci Yihofaan, samanen cowa panokayen ningra ci Yihofaan koniya sapidemak to kafahka'an a'icel.","摩西的話顯示自己毫不尊重耶和華,因為他沒有把施行奇蹟的能力歸功於耶和華。",joseph_reviewed_traditional,Amis_2087,2,https://glosbe.com/ami/zh/ano/fragment/tmem?page=7&mode=MUST&stem=true,work/reference_glosbe/amis_glosbe_traditional.xml
GLOSBE_REVIEWED_ZHO_1bbd6d2702eab00a,""" Ano Hacowa Miliyaw a Mitaykay Kita?""",“什麼時候會舉行下一個大會”,joseph_reviewed_traditional,Amis_2088,0,https://glosbe.com/ami/zh/ano/fragment/tmem?page=7&mode=MUST&stem=true,work/reference_glosbe/amis_glosbe_traditional.xml
GLOSBE_REVIEWED_ZHO_6579a60ac0d9be9b,"19 Mahaen o masowalay i fafekang a tinakoan, ano misa'icel kita a midemak, ira ko pakaso'lin no faloco' mitala ci Yihofaan, wa nga'ayto kita mitafo to rihadayay faloco'.","19 如同上述提到的一些例子,只要我們盡力而為,懷著信心等候耶和華,我們就能保持內心平靜。(",joseph_reviewed_traditional,Amis_2091,2,https://glosbe.com/ami/zh/ano/fragment/tmem?page=7&mode=MUST&stem=true,work/reference_glosbe/amis_glosbe_traditional.xml
GLOSBE_REVIEWED_ZHO_f6425d2778d479ce,"Ano mifekad ko noka falic i, wa samaan kita mitafo to rihadayay a faloco', padotoc a misarocod miti'er ci Yihofaan hani?","當改變發生時,我們可以怎樣保有一顆平靜的心,繼續全心信賴耶和華呢?",joseph_reviewed_traditional,Amis_2092,0,https://glosbe.com/ami/zh/ano/fragment/tmem?page=7&mode=MUST&stem=true,work/reference_glosbe/amis_glosbe_traditional.xml
GLOSBE_REVIEWED_ZHO_4e1f6a46710a28d0,"Itini i Matay 10:11-13, sanay ko sowal ni Yis: "" Ano icowaay a loma' ko nicomodan namo a miliso' i, nga'ayho han koya loma'.","在馬太福音10:11-13,耶穌說:“你們進那一家的時候,要向家裡的人問好。",joseph_reviewed_traditional,Amis_2093,0,https://glosbe.com/ami/zh/ano/fragment/tmem?page=7&mode=MUST&stem=true,work/reference_glosbe/amis_glosbe_traditional.xml
GLOSBE_REVIEWED_ZHO_d3be9611b239eac2,"Oniya tosa lalakaw mitadtaday to pipakalalok ni Yihofa to madimadiay sikawdan Ningra, mitadtadayho to madimadiay sikawdan Ningra, ano hacowato mitodongay Cingranan a pakalalok to tao.","這兩篇課文說明耶和華總是鼓勵他的忠僕,也說明他的忠僕不論在什麼時代都效法他鼓勵別人。",joseph_reviewed_traditional,Amis_2094,2,https://glosbe.com/ami/zh/ano/fragment/tmem?page=7&mode=MUST&stem=true,work/reference_glosbe/amis_glosbe_traditional.xml
GLOSBE_REVIEWED_ZHO_c4453218579be005,"O ta'arawan no mita a mitodong ci Yihofa, ano caka hatira o niharatengan no niyah ko demak i, aka pakinali a cariraw.","我們可以效法耶和華,不會因為事情不如自己的期望,而過度憂慮。",joseph_reviewed_traditional,Amis_2095,1,https://glosbe.com/ami/zh/ano/fragment/tmem?page=7&mode=MUST&stem=true,work/reference_glosbe/amis_glosbe_traditional.xml
GLOSBE_REVIEWED_ZHO_b2e8b8f1f43dd2b5,"Ano mafalic ko ka'orip i, paratohay a Filip misamaanay padadotoc misarocod to mitosilay a demak hani?","即使環境改變,傳福音者腓力怎樣繼續專注於傳道工作?",joseph_reviewed_traditional,Amis_2098,0,https://glosbe.com/ami/zh/ano/fragment/tmem?page=7&mode=MUST&stem=true,work/reference_glosbe/amis_glosbe_traditional.xml
GLOSBE_REVIEWED_ZHO_a95943d6c22c90f4,Ano ikor wa milifok ci Taniil to maanan sapalemed?,但以理在未來會得到什麼福分?,joseph_reviewed_traditional,Amis_2099,0,https://glosbe.com/ami/zh/ano/fragment/tmem?page=7&mode=MUST&stem=true,work/reference_glosbe/amis_glosbe_traditional.xml
GLOSBE_REVIEWED_ZHO_9b16abb5048aca84,"Ano patahekal kita to olah, wa samaan misolot to tao sakafana'aw ci Yihafaan hani?","例如在泰國,一位男子參加區域大會時看到弟兄姐妹表現真摯的愛心,他非常感動。",joseph_reviewed_traditional,Amis_2100,1,https://glosbe.com/ami/zh/ano/fragment/tmem?page=7&mode=MUST&stem=true,work/reference_glosbe/amis_glosbe_traditional.xml
GLOSBE_REVIEWED_ZHO_163ab5770072a7dd,"O cecay pakayraan a patahekal to olah ato hinapalada'ay i, ano ira ko saali no salikaka padangen cangra (Nengnengen ko saka 12 fatac)","我們表現愛心和慷慨的方法之一,就是在弟兄姊妹有需要時幫助他們(見第12段)",joseph_reviewed_traditional,Amis_2101,3,https://glosbe.com/ami/zh/ano/fragment/tmem?page=7&mode=MUST&stem=true,work/reference_glosbe/amis_glosbe_traditional.xml
GLOSBE_REVIEWED_ZHO_8bc668182ea9f187,"Ano caka makakadep ko soloy ato piras i, cowa ito ko caciwawa.","如果卵子無法受精,就不會產生新的生命。",joseph_reviewed_traditional,Amis_2102,0,https://glosbe.com/ami/zh/ano/fragment/tmem?page=7&mode=MUST&stem=true,work/reference_glosbe/amis_glosbe_traditional.xml
GLOSBE_REVIEWED_ZHO_d92a571d3c9ddec5,"(1) Ano miharatengay a mikalasaka dademak to Sowal no Kawas i kalo noka'orip i, misamaan to demak kita?",乙)請說說你怎樣撥出時間來閱讀聖經。,joseph_reviewed_traditional,Amis_2104,0,https://glosbe.com/ami/zh/ano/fragment/tmem?page=7&mode=MUST&stem=true,work/reference_glosbe/amis_glosbe_traditional.xml
GLOSBE_REVIEWED_ZHO_3b5f4becdebbea80,Ano mitosil kami tahalifaay to saconged.,我們傳道時也碰到不少挑戰。,joseph_reviewed_traditional,Amis_2105,0,https://glosbe.com/ami/zh/ano/fragment/tmem?page=7&mode=MUST&stem=true,work/reference_glosbe/amis_glosbe_traditional.xml
GLOSBE_REVIEWED_ZHO_798209a833014ade,"O Hapakuk mifana'ay kitaanan, ano tahalifa to pades i, samaan padadotoc miti'er ci Yihofaan.","哈巴谷書告訴我們,在遭遇苦難時怎樣繼續信賴耶和華。",joseph_reviewed_traditional,Amis_2106,0,https://glosbe.com/ami/zh/ano/fragment/tmem?page=7&mode=MUST&stem=true,work/reference_glosbe/amis_glosbe_traditional.xml
GLOSBE_REVIEWED_ZHO_f80f2b3588eae8a6,"11. (1) Ano mamalo no'adingoan a tamdaw i, wa samaan ko hademak ita?","11.( 甲)要成為屬靈的人,我們需要怎樣做?(",joseph_reviewed_traditional,Amis_2108,0,https://glosbe.com/ami/zh/ano/fragment/tmem?page=7&mode=MUST&stem=true,work/reference_glosbe/amis_glosbe_traditional.xml
GLOSBE_REVIEWED_ZHO_f05221e4183a0e4f,"Ano kalasaka dademaken ita ko safalod no Fangcalay Cudad, mingitangit to fangcalay saocor no Kawas a padama kitanan, mamalifok ko rihaday, matira ci Tafongan aci Miciyangan.","我們把聖經的原則用出來,求上帝賜聖靈幫助我們,就會得到平安,戴維和瑞秋就是兩個很好的例子。",joseph_reviewed_traditional,Amis_2109,1,https://glosbe.com/ami/zh/ano/fragment/tmem?page=7&mode=MUST&stem=true,work/reference_glosbe/amis_glosbe_traditional.xml
GLOSBE_REVIEWED_ZHO_ffc254d43906626a,"Ano pasifana' ko Krisciyang to wawa anca pacekiwan a tamdaw i, hano haharatengen ko kalimelaan no picada to ino'?","為什麼基督徒在教導兒女或聖經學生時,需要謹記浸禮的重要性?",joseph_reviewed_traditional,Amis_2110,0,https://glosbe.com/ami/zh/ano/fragment/tmem?page=7&mode=MUST&stem=true,work/reference_glosbe/amis_glosbe_traditional.xml
GLOSBE_REVIEWED_ZHO_877b79b6938a0347,"Ano mafalic ko pakayraan no tamdaw, wa ira ko coka hecad a pinengneng to so'linay kimad alatek","人的情況改變,也許會對真理有不同看法",joseph_reviewed_traditional,Amis_2111,2,https://glosbe.com/ami/zh/ano/fragment/tmem?page=8&mode=MUST&stem=true,work/reference_glosbe/amis_glosbe_traditional.xml
GLOSBE_REVIEWED_ZHO_9fac6c52ed69c6a0,"Ano malalengo ko cafacafay i, cowa pirienang ci Kimy cangranan.","當同學們在談論這方面的話題時,金美不會參與。",joseph_reviewed_traditional,Amis_2112,0,https://glosbe.com/ami/zh/ano/fragment/tmem?page=8&mode=MUST&stem=true,work/reference_glosbe/amis_glosbe_traditional.xml
GLOSBE_REVIEWED_ZHO_5c42c7e872f4d001,"Ano sapatafangaw to tireng mamicada to ino'ko wawa i, wa calemcem ko wama wina to manan hani?","如果孩子打算獻身受浸,父母可能會擔心什麼?",joseph_reviewed_traditional,Amis_2113,1,https://glosbe.com/ami/zh/ano/fragment/tmem?page=8&mode=MUST&stem=true,work/reference_glosbe/amis_glosbe_traditional.xml
GLOSBE_REVIEWED_ZHO_d75cfe3679de47d7,18 Ano pasifana'ato mirikec ko tawki no loma'to wawa mamitodong ci Kristoan.,18 一家之主在教導和管教兒女方面也該效法基督。,joseph_reviewed_traditional,Amis_2114,1,https://glosbe.com/ami/zh/ano/fragment/tmem?page=8&mode=MUST&stem=true,work/reference_glosbe/amis_glosbe_traditional.xml
GLOSBE_REVIEWED_ZHO_f86342d73a385286,"Ano mifalic ko likakawa no Kawas to pitadtad to so'linay kimad i, sasamaan ko demak ita?","因此,我們應該花時間認真研究和深入思考這些新的理解。(",joseph_reviewed_traditional,Amis_2115,1,https://glosbe.com/ami/zh/ano/fragment/tmem?page=8&mode=MUST&stem=true,work/reference_glosbe/amis_glosbe_traditional.xml
GLOSBE_REVIEWED_ZHO_0f42eab06d788765,"O milakowitay to riyar a mitosilay ano saka ciepocaw ko pipadama to salikaka, wa minanam tono itiraay a sowal.","如果我們特派傳道員要更有效地幫助弟兄,就需要學習當地的語言。",joseph_reviewed_traditional,Amis_2116,2,https://glosbe.com/ami/zh/ano/fragment/tmem?page=8&mode=MUST&stem=true,work/reference_glosbe/amis_glosbe_traditional.xml
GLOSBE_REVIEWED_ZHO_34ffa4a16b1241ee,"9 Cipinangay ci Pawlo, ano awa ko sadama no Kawas to niyah, citolasay ko mamademak.","9 保羅明白自己沒有上帝的幫助,能做的事就很有限。",joseph_reviewed_traditional,Amis_2118,1,https://glosbe.com/ami/zh/ano/fragment/tmem?page=8&mode=MUST&stem=true,work/reference_glosbe/amis_glosbe_traditional.xml
GLOSBE_REVIEWED_ZHO_9104bb5dd633ffb3,"Ano mapakararaw no tao i, sasamaan ko hademak ita hani?","如果被人冒犯,我們應該採取什麼行動?",joseph_reviewed_traditional,Amis_2119,1,https://glosbe.com/ami/zh/ano/fragment/tmem?page=8&mode=MUST&stem=true,work/reference_glosbe/amis_glosbe_traditional.xml
GLOSBE_REVIEWED_ZHO_b1f085d25fbb4ff1,Ano romadiw kita wa nga'ay a misamaan?,"在崇拜耶和華方面,歌唱可以讓我們達到什麼目的?",joseph_reviewed_traditional,Amis_2121,0,https://glosbe.com/ami/zh/ano/fragment/tmem?page=8&mode=MUST&stem=true,work/reference_glosbe/amis_glosbe_traditional.xml
GLOSBE_REVIEWED_ZHO_d4167b6bea9f603c,"Sanay ko sowal ningra: "" Ano mikilim i litengan a mito'to'an to Midipotay Tapang a ngangan, wa kaliki mahela iso ko mata'lifay ko semo'ot a misaka dademakay toniya ngangan a tinakoan.""",他指出:“你可以在古代的銘刻中找到一百多個[使用這個稱號]的例子。”,joseph_reviewed_traditional,Amis_2122,0,https://glosbe.com/ami/zh/ano/fragment/tmem?page=8&mode=MUST&stem=true,work/reference_glosbe/amis_glosbe_traditional.xml
GLOSBE_REVIEWED_ZHO_04b081e91c1f1632,"Ano mahapinang ita ko kasasiroma no harateng no Kawas ato harateng no hekal, cato ka'madenga nonini a hekal.'","我們看出上帝的思想與世界的思想在哪些方面不同,就不會“被這個制度同化”。",joseph_reviewed_traditional,Amis_2123,3,https://glosbe.com/ami/zh/ano/fragment/tmem?page=8&mode=MUST&stem=true,work/reference_glosbe/amis_glosbe_traditional.xml
GLOSBE_REVIEWED_ZHO_7a7d6b56631cf768,"Edeng ano maliyas ita ko nika pifalod no raraw nga', nga'ay a malifok ko salakatay a milifokan ni Atam aci Ifa a so'linay pasalat.",16. 我們怎麼做就能享有真正的自由?,joseph_reviewed_traditional,Amis_2124,3,https://glosbe.com/ami/zh/ano/fragment/tmem?page=8&mode=MUST&stem=true,work/reference_glosbe/amis_glosbe_traditional.xml
GLOSBE_REVIEWED_ZHO_a02a3d8197de30a1,"16 Ano pasayra ci Yihofaan kita mikilim to sadipot, pakaso'lin to sapatefoc ni Yis nga'.","16 我們要向耶和華尋求庇護,就要對耶穌的贖價有信心。",joseph_reviewed_traditional,Amis_2125,0,https://glosbe.com/ami/zh/ano/fragment/tmem?page=8&mode=MUST&stem=true,work/reference_glosbe/amis_glosbe_traditional.xml
GLOSBE_REVIEWED_ZHO_a3cf9bbcc869836a,"Pasowalan ni Yis ko nisawawaan: "" Ano adihay ko heci namo i, mapahemek ko Wama ako. Onini ko sapahapinang namo to nika o nisawawaan ako kamo.""","耶穌告訴門徒:“你們不斷多結果實,表明自己是我的門徒,我的父親就因此得榮耀了。”",joseph_reviewed_traditional,Amis_2127,0,https://glosbe.com/ami/zh/ano/fragment/tmem?page=8&mode=MUST&stem=true,work/reference_glosbe/amis_glosbe_traditional.xml
GLOSBE_REVIEWED_ZHO_1eae256850ff4f29,"Maacekay cingra to niyahan, kina toloayto pasadak to poyapoy.","櫻子很羞愧,承認自己曾墮胎三次。",joseph_reviewed_traditional,Amis_2128,0,https://glosbe.com/ami/zh/kina,work/reference_glosbe/amis_glosbe_traditional.xml
GLOSBE_REVIEWED_ZHO_8b1f2f21442d4db6,"Saka pito romi'ad, kina pito a mitaliyok to niyaro'.","以色列人按照指示去做,結果不只增強信心,也免於和耶利哥的勇猛之士正面交鋒。(",joseph_reviewed_traditional,Amis_2129,1,https://glosbe.com/ami/zh/kina,work/reference_glosbe/amis_glosbe_traditional.xml
GLOSBE_REVIEWED_ZHO_3d156c4fdbca8694,"Itini Hipray Sowal a Fangcalay Cudad, o Satan a ngangan kina 18 a masadak, kawra itiniay no Kirisiya Sowal a Fangcay Cudad mata'lifay ko 30 a masadak.","在《希伯來語經卷》中,撒但這個名稱只出現18次,但是在《希臘語經卷》中卻出現超過30次。",joseph_reviewed_traditional,Amis_2130,3,https://glosbe.com/ami/zh/kina,work/reference_glosbe/amis_glosbe_traditional.xml
GLOSBE_REVIEWED_ZHO_90a13234d6c7191f,"Kina cecayay, matengilay ako ko kimad i kasa'opoan... somowalay ko mikimaday to Yakop 1:23, 24, patatinakoan no sinael ko Fangcalay Cudad to dadingoan.","有一次,我在......王國聚會所聆聽演講,講者引用雅各書1:23,24,指出經文把聖經比作一面鏡子,我們閱讀聖經,就能以上帝的觀點去看自己。",joseph_reviewed_traditional,Amis_2131,1,https://glosbe.com/ami/zh/kina,work/reference_glosbe/amis_glosbe_traditional.xml
GLOSBE_REVIEWED_ZHO_b1f7728f282ebba6,"So'lin tatiihay ko tireng ako, kawra cecay lipay kina tosaay anca kina toloay kako a tayra.""","即使我的健康狀況越來越差,我還是每星期去那裡兩三次。”",joseph_reviewed_traditional,Amis_2132,4,https://glosbe.com/ami/zh/kina,work/reference_glosbe/amis_glosbe_traditional.xml
GLOSBE_REVIEWED_ZHO_ac4c0ad37246b595,"Caka halafin miliyas cangra i Pitil i, mahelaay ko roma sapinanamaw to Fangcalay Cudad a tamdaw, oniya pacekiwan maolahay to cecay lipay minanam to kina pinapina to Fangcalay Cudad.","他們離開伯特利不久後,找到了一些很想學習聖經的人,這些學生還願意一週不只一次學習聖經。",joseph_reviewed_traditional,Amis_2133,1,https://glosbe.com/ami/zh/kina,work/reference_glosbe/amis_glosbe_traditional.xml
GLOSBE_REVIEWED_ZHO_bb115ca6074b0aac,"Kina cecayay, o salikaka i Tokmok mipohayay tamiyanan mirienang to pakaetimay.","有一次,托克馬克的弟兄邀請我們參加一場婚禮。",joseph_reviewed_traditional,Amis_2135,1,https://glosbe.com/ami/zh/kina,work/reference_glosbe/amis_glosbe_traditional.xml
GLOSBE_REVIEWED_ZHO_07db711af0d5adf6,"To mihecahecaan pinaay polo''ofad ko micadaay to'ino a tamdaw, ilaloma'nangra'alomanay kapah ato kaemangay.","每年有多達幾十萬人受浸,他們當中的許多人是青少年和兒童。",joseph_reviewed_traditional,Amis_2137,2,https://glosbe.com/ami/zh/kapah,work/reference_glosbe/amis_glosbe_traditional.xml
GLOSBE_REVIEWED_ZHO_68a9803674518a87,Tano nalifetan no cecay kapah a mitadtad to hakowaay ko ta'angay noka falic no tamdaw.,請用一個高中生的例子說明人的轉變能有多大。,joseph_reviewed_traditional,Amis_2143,1,https://glosbe.com/ami/zh/kapah,work/reference_glosbe/amis_glosbe_traditional.xml
GLOSBE_REVIEWED_ZHO_3bfc98a87f27eb10,"Saka cipinangaw to adihayay lalakaw, tayra i jw.org a wangcan mi'osi to ""Salicay no Kapah —Pasadak to Kaackan Tikami—Wa Mafana' Kako to Maanan?""","想了解更多內容,請上jw.org網站閱讀〈青年人問:傳送色情短信——我該知道什麼?〉(",joseph_reviewed_traditional,Amis_2144,0,https://glosbe.com/ami/zh/kapah,work/reference_glosbe/amis_glosbe_traditional.xml
GLOSBE_REVIEWED_ZHO_e16fe453583e665a,Kapah Tamdaw—Ka Tanektek a Micoged ci Akomaan,年輕人要站穩抵抗魔鬼,joseph_reviewed_traditional,Amis_2145,1,https://glosbe.com/ami/zh/kapah,work/reference_glosbe/amis_glosbe_traditional.xml
GLOSBE_REVIEWED_ZHO_e95405485757390a,O kapah tamdaw wa nga'ay micangacang to maanan a patosokan?,年輕人可以追求哪些目標?,joseph_reviewed_traditional,Amis_2150,1,https://glosbe.com/ami/zh/kapah,work/reference_glosbe/amis_glosbe_traditional.xml
GLOSBE_REVIEWED_ZHO_a8c1e0040b21cde5,Sasamaan ko kapah tamdaw hoeca ka makalisanga ko faloco'?,年輕人怎樣才能專注目標不分心?,joseph_reviewed_traditional,Amis_2151,2,https://glosbe.com/ami/zh/kapah,work/reference_glosbe/amis_glosbe_traditional.xml
GLOSBE_REVIEWED_ZHO_a3273e1706f07dd9,(2) Kapah tamdaw nga'ay patirengen to maanan a patosokan hani?,乙)年輕人可以設定哪些目標?,joseph_reviewed_traditional,Amis_2154,0,https://glosbe.com/ami/zh/kapah,work/reference_glosbe/amis_glosbe_traditional.xml
GLOSBE_REVIEWED_ZHO_707a90be4ee67b78,27 Kapah Tamdaw —Ka Tanektek a Micoged ci Akomaan,27頁 年輕人要站穩抵抗魔鬼,joseph_reviewed_traditional,Amis_2155,1,https://glosbe.com/ami/zh/kapah,work/reference_glosbe/amis_glosbe_traditional.xml
GLOSBE_REVIEWED_ZHO_0884e7bad0602f07,"O kapah no kasakopang misa'icel pakahemek ci Yihofaan, wa nga'ay milifok to haepoc no niyah.","會眾的年輕人努力使耶和華歡喜,就能使自己得到益處。",joseph_reviewed_traditional,Amis_2156,0,https://glosbe.com/ami/zh/kapah,work/reference_glosbe/amis_glosbe_traditional.xml
GLOSBE_REVIEWED_ZHO_7f3d4ddf89812a3a,"Kapah tamdaw misamacay micangacang to no'adingoan a patosokan, wa ira ko maanan a epoc hani?","他們努力追求屬靈目標,將傳道工作放在生活的第一位,決心不受世界的精神影響。",joseph_reviewed_traditional,Amis_2157,1,https://glosbe.com/ami/zh/kapah,work/reference_glosbe/amis_glosbe_traditional.xml
GLOSBE_REVIEWED_ZHO_af690ea0b5ca11ab,"Nikawrira, palimo'otay ci Yihofa to kapah, isa'ayaw a miharateng to misanga'ay a Tatapangan.","不過,耶和華勸年輕人要將創造主謹記在心。",joseph_reviewed_traditional,Amis_2159,0,https://glosbe.com/ami/zh/kapah,work/reference_glosbe/amis_glosbe_traditional.xml
GLOSBE_REVIEWED_ZHO_e034f37ac28920db,(Nengnengen ko FANGCALAY CUDAD ato KA'ORIP > KAPAH.),請點選:“聖經與生活”>“青少年”)或參看《警醒!》,joseph_reviewed_traditional,Amis_2160,0,https://glosbe.com/ami/zh/kapah,work/reference_glosbe/amis_glosbe_traditional.xml
GLOSBE_REVIEWED_ZHO_704041a3eb8a5484,Oniya sowal mitooray to cecay romi'ad 24 tatokian ko pinengneng.,"在一些使用24小時制的地方,有些人會說:“現在是13點30分。”",joseph_reviewed_traditional,Amis_2171,2,https://glosbe.com/ami/zh/sowal,work/reference_glosbe/amis_glosbe_traditional.xml
GLOSBE_REVIEWED_ZHO_eaed9c83f14ef39e,17 Misamanay Hano'Papadotoc a Ciheci' Kita Hani?,17頁 為什麼我們要“不斷多結果實”?,joseph_reviewed_traditional,Amis_2194,0,https://glosbe.com/ami/zh/kita,work/reference_glosbe/amis_glosbe_traditional.xml
GLOSBE_REVIEWED_ZHO_ee6b61655218693f,Misamaan kita patahekal to so'linay olah?,我們怎麼做就表示自己有真摯的愛?,joseph_reviewed_traditional,Amis_2206,1,https://glosbe.com/ami/zh/kita,work/reference_glosbe/amis_glosbe_traditional.xml
GLOSBE_REVIEWED_ZHO_6837a8f39509c447,Misamaan kita mihamham to tayniay mikimad a salikaka?,我們可以怎樣款待來演講的弟兄?,joseph_reviewed_traditional,Amis_2209,1,https://glosbe.com/ami/zh/kita,work/reference_glosbe/amis_glosbe_traditional.xml
GLOSBE_REVIEWED_ZHO_31afa435752612b0,4 Saka 5 fedengan mitiliday to cecay mikiriwi'ay a mapolosi.,4 撒迦利亞書5章的開頭記載了一個特別的異象。(,joseph_reviewed_traditional,Amis_2222,2,https://glosbe.com/ami/zh/saka,work/reference_glosbe/amis_glosbe_traditional.xml
GLOSBE_REVIEWED_ZHO_c77dab891e8a8285,"Masalofto mihongyak tora asier ikor, ora nisowalan a sapalemed i saka 12 tangasa 14 sinael, oyaanto moecelay tamdaw ko mitoro'an, cangra mingitangitay to pilidong no Kawas, mitokel to sapiliyasaw to pikari'ang no tatiihay tamdaw ( saka 11 sinael).","12節阿謝的譯法修訂後,12-14節談到的福分是義人所享有的,這些人懇求上帝拯救,希望脫離惡人的毒手(11節)。",joseph_reviewed_traditional,Amis_2223,0,https://glosbe.com/ami/zh/saka,work/reference_glosbe/amis_glosbe_traditional.xml
GLOSBE_REVIEWED_ZHO_c36c7ec96fd372a7,"O faelohay kasakopang ni Loci 1,600 kongli ko raay to kitiraan i salakat, sanay, "" saka nanamaw to faelohay kasakopang, misa'icel mirienang to mitosilay demak.","羅傑的新會眾距離他以前住的地方有1600多公里,他說:“融入新會眾的最好方法就是,盡可能多參與傳道工作。",joseph_reviewed_traditional,Amis_2231,0,https://glosbe.com/ami/zh/saka,work/reference_glosbe/amis_glosbe_traditional.xml
GLOSBE_REVIEWED_ZHO_284494ea3e6e814d,"Ilalikor no saka 19 hahekalan, Mikecolay 1895/9/1 (no Padaka) milengoay to tatodong no pilimekan niyaro'.","在19世紀後期,《守望臺》1895年9月1日刊(英語)談到庇護城的預表意義。",joseph_reviewed_traditional,Amis_2244,0,https://glosbe.com/ami/zh/saka/fragment/tmem?page=2&mode=MUST&stem=true,work/reference_glosbe/amis_glosbe_traditional.xml
GLOSBE_REVIEWED_ZHO_b70190edf806ca6b,"Caka halafin, masaso'arawayto kako aci Walte Polayte, o saka 30 liyad no Kiliyat a milakowitay to riyar cingra.","不久後,我認識了沃爾特·布賴特,他是基列學校第30屆畢業的特派傳道員。",joseph_reviewed_traditional,Amis_2249,2,https://glosbe.com/ami/zh/saka/fragment/tmem?page=2&mode=MUST&stem=true,work/reference_glosbe/amis_glosbe_traditional.xml
GLOSBE_REVIEWED_ZHO_3743de7ceff09048,"Saka cecay lalakaw mitadtaday to manan ko tatodong no mihelong to katelangay a pinangan hananay, ato hano tada macalohay a demak.","第一篇課文會解釋脫去舊品格是什麼意思,以及這樣做為什麼是當務之急。",joseph_reviewed_traditional,Amis_2250,6,https://glosbe.com/ami/zh/saka/fragment/tmem?page=2&mode=MUST&stem=true,work/reference_glosbe/amis_glosbe_traditional.xml
GLOSBE_REVIEWED_ZHO_9c666f939c8fae60,"Oni masarayrayay lalakaw, o mamilengo to kahacecay a heci no fangcalay saocor, siwaay, toni lalakaw sasomowal to saka cecay a heci.","本系列文章共有九篇,每篇會探討聖靈果實的一種特質,本篇是第一篇。",joseph_reviewed_traditional,Amis_2251,2,https://glosbe.com/ami/zh/saka/fragment/tmem?page=2&mode=MUST&stem=true,work/reference_glosbe/amis_glosbe_traditional.xml
GLOSBE_REVIEWED_ZHO_6253261692e6f3c7,4 O mahecaday a safalod nga'ayay saka dademaken i mato'asay tamdaw.,4 同樣的概念也可以應用在成年人身上。,joseph_reviewed_traditional,Amis_2252,0,https://glosbe.com/ami/zh/saka/fragment/tmem?page=2&mode=MUST&stem=true,work/reference_glosbe/amis_glosbe_traditional.xml
GLOSBE_REVIEWED_ZHO_9dc65a0c39ef5c4a,"Oni masarayrayay lalakaw iraay ko sasiwaay, mamilengo to kahacecay a minaro'an no fangcalay saocor, o olah malengoay itini i saka cecay a lalakaw.","本系列文章共有九篇,每篇會探討聖靈果實的一種特質,愛心已在第一篇討論過。",joseph_reviewed_traditional,Amis_2255,2,https://glosbe.com/ami/zh/saka/fragment/tmem?page=2&mode=MUST&stem=true,work/reference_glosbe/amis_glosbe_traditional.xml
GLOSBE_REVIEWED_ZHO_9fea5bc61c7234d1,(Nengnengen ko saka 15 fatac),"15. 關於怎樣看待年輕的弟兄,我們從保羅的話學到什麼?",joseph_reviewed_traditional,Amis_2256,0,https://glosbe.com/ami/zh/saka/fragment/tmem?page=2&mode=MUST&stem=true,work/reference_glosbe/amis_glosbe_traditional.xml
GLOSBE_REVIEWED_ZHO_0328890e8fcbce38,"Saka 2017 miheca ka toloan folad, itiniay i Padaka Niwyok a Worwik a congpo, mapatirengay ko patelian to katelangay Fangcalay Cudad a kitiraan.","2017年4月3日,美國紐約沃威克世界總部的聖經博物館開放參觀了。",joseph_reviewed_traditional,Amis_2258,3,https://glosbe.com/ami/zh/saka/fragment/tmem?page=2&mode=MUST&stem=true,work/reference_glosbe/amis_glosbe_traditional.xml
GLOSBE_REVIEWED_ZHO_55e9a66525a009b7,Itini paro no loma' a picekiw mihatatanam a romadiw (Nengnengen ko saka 18 fatac),在家庭崇拜的時間練習唱詩歌(見第18段),joseph_reviewed_traditional,Amis_2259,2,https://glosbe.com/ami/zh/saka/fragment/tmem?page=2&mode=MUST&stem=true,work/reference_glosbe/amis_glosbe_traditional.xml
GLOSBE_REVIEWED_ZHO_c1d0160f6eb3dc47,Wa nga'ay kita mikitini masanga'ay a maamaan mafana' to capeling no Kawas a mapa'icel ko paso'linay a faloco' (Nengnengen ko saka 17 fatac),我們可以從受造萬物認識上帝的特質而強化信心(見第17段),joseph_reviewed_traditional,Amis_2263,2,https://glosbe.com/ami/zh/saka/fragment/tmem?page=3&mode=MUST&stem=true,work/reference_glosbe/amis_glosbe_traditional.xml
GLOSBE_REVIEWED_ZHO_ad1225cc25dfe836,"O mahaenay a masafelaw romakat i lalan a noka pitosil, maketeran nanay ko Tingsokiw, saka mikidatay a micoli to Misawacayay Tamdaw ni Yihofa.","這些遊行造成的影響使天主教會非常不悅,所以他們發起了一項運動來對付耶和華見證人。",joseph_reviewed_traditional,Amis_2264,3,https://glosbe.com/ami/zh/saka/fragment/tmem?page=3&mode=MUST&stem=true,work/reference_glosbe/amis_glosbe_traditional.xml
GLOSBE_REVIEWED_ZHO_6805dc3d16e05b30,"Saka tosa lalakaw wa milengo, itini i pisodod to tamdaw, mikangodo to'orip ato paihekal to masadafdafay, patirengay ci Yihofa to manan ta'arawan.","第二篇課文會談談,耶和華怎樣在寬恕人、尊重生命以及表現公正方面立下榜樣。",joseph_reviewed_traditional,Amis_2265,4,https://glosbe.com/ami/zh/saka/fragment/tmem?page=3&mode=MUST&stem=true,work/reference_glosbe/amis_glosbe_traditional.xml
GLOSBE_REVIEWED_ZHO_cbfcb19d579192ea,"Patahekalen ko sini'adaay to tao, padamaen i kalo romi'ad cangra (Nengnengen ko saka 12 fatac)","你在日常生活中幫助別人,就是向人表現憐恤之心(見第12段)",joseph_reviewed_traditional,Amis_2266,1,https://glosbe.com/ami/zh/saka/fragment/tmem?page=3&mode=MUST&stem=true,work/reference_glosbe/amis_glosbe_traditional.xml
GLOSBE_REVIEWED_ZHO_5b73574aa03f0ef4,"O wama wina nganga'ay patireng to patosokan padama to wawa malo Krisciyang (Nengnengen ko saka 16, 17 fatac)","父母應該要有目標幫助孩子成為基督徒(見第16,17段)",joseph_reviewed_traditional,Amis_2268,0,https://glosbe.com/ami/zh/saka/fragment/tmem?page=3&mode=MUST&stem=true,work/reference_glosbe/amis_glosbe_traditional.xml
GLOSBE_REVIEWED_ZHO_562d4088c8080b5c,"2 Pakayni to finawlan ni Yihofa, 'ayaw ni Yis to saka 537 a miheca, o kalipahakan a mihecaan.","2 對耶和華的子民來說,公元前537年是個歡樂的時期。",joseph_reviewed_traditional,Amis_2269,2,https://glosbe.com/ami/zh/saka/fragment/tmem?page=3&mode=MUST&stem=true,work/reference_glosbe/amis_glosbe_traditional.xml
GLOSBE_REVIEWED_ZHO_2dcb6f38fdd030e6,"Saka tosa romi'ad, O Sikolo a singpon no Potawya masadakay ko kimad ni Rosofo.","第二天,葡萄牙的《世紀報》(O Século)還刊登了一篇盧述福弟兄演講的報道。",joseph_reviewed_traditional,Amis_2270,2,https://glosbe.com/ami/zh/saka/fragment/tmem?page=3&mode=MUST&stem=true,work/reference_glosbe/amis_glosbe_traditional.xml
GLOSBE_REVIEWED_ZHO_3eb6e20abe8b63e6,O saka tosa lalakaw wa milengo toniya salicay.,下一篇課文會談談這個問題。,joseph_reviewed_traditional,Amis_2271,2,https://glosbe.com/ami/zh/saka/fragment/tmem?page=3&mode=MUST&stem=true,work/reference_glosbe/amis_glosbe_traditional.xml
GLOSBE_REVIEWED_ZHO_3b39bddfd3a21ced,"Itini saka tosa lalakaw, mamilengo kita to samaan matongal ko kacakat i no'adingoan, hanaca malo no'adingoan a tamdaw.","在第二篇課文中,我們會談談怎樣在屬靈方面更進步並在生活中做個屬靈的人。",joseph_reviewed_traditional,Amis_2273,2,https://glosbe.com/ami/zh/saka/fragment/tmem?page=3&mode=MUST&stem=true,work/reference_glosbe/amis_glosbe_traditional.xml
GLOSBE_REVIEWED_ZHO_ba64208c498faa4a,"Saka 2 Korinto 12:4, mitadtad ci Pawlo to ma'araway a ""Lakoing"", mahawpay ko toloay a tatodong.","保羅在哥林多後書12:4描述自己看到的“樂園”,可能包含以上這三個意思。",joseph_reviewed_traditional,Amis_2274,0,https://glosbe.com/ami/zh/saka/fragment/tmem?page=3&mode=MUST&stem=true,work/reference_glosbe/amis_glosbe_traditional.xml
GLOSBE_REVIEWED_ZHO_706e554f4a2360e1,"Cowa ko pilengo aca no Taneng 23:23 to mi'aca to so'linay kimad, pasowalayho to mami'aca kita to'taneng, sapirikec, saka cipinang.'","箴言23:23除了提到買真理, 還說我們應該買“智慧、管教、悟性”。",joseph_reviewed_traditional,Amis_2275,2,https://glosbe.com/ami/zh/saka/fragment/tmem?page=3&mode=MUST&stem=true,work/reference_glosbe/amis_glosbe_traditional.xml
GLOSBE_REVIEWED_ZHO_de2a310536f8a67c,"Isaka 1965 miheca, saka cecay a koksay taykay i Aielan, itiniay i Tuplin a misikay.","1965年,愛爾蘭的第一個國際大會在都柏林舉行。",joseph_reviewed_traditional,Amis_2276,1,https://glosbe.com/ami/zh/saka/fragment/tmem?page=3&mode=MUST&stem=true,work/reference_glosbe/amis_glosbe_traditional.xml
GLOSBE_REVIEWED_ZHO_c51ed14514624e6f,"O lalakaw no'Olic saka 118 fedengan, iraay ko maanan kalaliting ci Yisan?",詩篇118篇的內容與耶穌有什麼關係?,joseph_reviewed_traditional,Amis_2277,0,https://glosbe.com/ami/zh/saka/fragment/tmem?page=3&mode=MUST&stem=true,work/reference_glosbe/amis_glosbe_traditional.xml
GLOSBE_REVIEWED_ZHO_9036f758cb9fe79c,6. (1) Oya saka 8 mapolosi isatapang ma'araway ni Cikariya ko manan?,6.( 甲)撒迦利亞在第八個異象的起頭看到什麼?(,joseph_reviewed_traditional,Amis_2278,0,https://glosbe.com/ami/zh/saka/fragment/tmem?page=3&mode=MUST&stem=true,work/reference_glosbe/amis_glosbe_traditional.xml
GLOSBE_REVIEWED_ZHO_4e9ec1552ec1c340,"Saka 2 Korinto 3:17, sanay ko sowal, 'icowaay ko fangcalay saocor ni Yihofa, iraay ko pasalat itira.'","6 以耶和華的觀點看事情不表示我們不能有任何想法或意見,正如哥林多後書3:17說的:“耶和華的靈在哪裡,哪裡就有自由。”",joseph_reviewed_traditional,Amis_2279,1,https://glosbe.com/ami/zh/saka/fragment/tmem?page=3&mode=MUST&stem=true,work/reference_glosbe/amis_glosbe_traditional.xml
GLOSBE_REVIEWED_ZHO_f0c94fcf0076a2d4,"Saka 1943 miheca, Misawacayay Tamdaw ni Yihofa paca'elayay to paya i tireng a romakat i lalan, misinting to ""Pasalatay a Kitakit"" a taykay i 12 naniyaro'an.","1943年,墨西哥的耶和華見證人掛著三明治牌上街,為將在12個不同城市舉行的“自由的國家”神治大會作宣傳。",joseph_reviewed_traditional,Amis_2280,3,https://glosbe.com/ami/zh/saka/fragment/tmem?page=3&mode=MUST&stem=true,work/reference_glosbe/amis_glosbe_traditional.xml
GLOSBE_REVIEWED_ZHO_06a709bd593a8c05,(Nengnengen ko saka 8-11 fatac),9. 什麼工具幫助你更有效地研讀?,joseph_reviewed_traditional,Amis_2281,0,https://glosbe.com/ami/zh/saka/fragment/tmem?page=3&mode=MUST&stem=true,work/reference_glosbe/amis_glosbe_traditional.xml
GLOSBE_REVIEWED_ZHO_d4e5620a4371a2be,"Mitokelay ci Yihofa kitaanan ira ko nga'ayay a widang, patireng to no'adingoan a patosokan (Nengnengen ko saka 9-12 fatac)","耶和華希望我們擁有良朋益友,並定下屬靈目標(見第9-12段)",joseph_reviewed_traditional,Amis_2282,2,https://glosbe.com/ami/zh/saka/fragment/tmem?page=3&mode=MUST&stem=true,work/reference_glosbe/amis_glosbe_traditional.xml
GLOSBE_REVIEWED_ZHO_b9df45026eb40977,"Saka cecay lalakaw wa milengo, o mararaway tamdaw wa nga'ay misamaan micangcang to sadipot ni Yihofa.","第一篇課文會談談,今天犯過者可以怎樣向耶和華尋求庇護。",joseph_reviewed_traditional,Amis_2283,2,https://glosbe.com/ami/zh/saka/fragment/tmem?page=3&mode=MUST&stem=true,work/reference_glosbe/amis_glosbe_traditional.xml
GLOSBE_REVIEWED_ZHO_c870c12c0b4b1557,"8 Saka cecay hahekalan a Krisciyang patirengay to ta'arawan, mapolong a romadiw pahemek ci Yihofaan.","8 1世紀的基督徒也立下了榜樣,一起唱歌讚美耶和華。",joseph_reviewed_traditional,Amis_2285,2,https://glosbe.com/ami/zh/saka/fragment/tmem?page=3&mode=MUST&stem=true,work/reference_glosbe/amis_glosbe_traditional.xml
GLOSBE_REVIEWED_ZHO_ecf02c02f5a18e2b,"O sikawdan ni Yihofa micangacangay to ""mikitiniay fafekang a taneng"", hato makelecay a malacecay (Nengnengen ko saka 19 fatac)","耶和華的僕人尋求“從上頭來的智慧”,因愛而團結一致(見第19段)",joseph_reviewed_traditional,Amis_2287,1,https://glosbe.com/ami/zh/saka/fragment/tmem?page=4&mode=MUST&stem=true,work/reference_glosbe/amis_glosbe_traditional.xml
GLOSBE_REVIEWED_ZHO_4568151a4557ec9b,Ora misalofan a pihongyak maroyaroyay to romaroma sinael i'Olic saka 144 fedengan.,修訂後的譯法與詩篇144篇的其他經文更和諧一致。,joseph_reviewed_traditional,Amis_2291,0,https://glosbe.com/ami/zh/saka/fragment/tmem?page=4&mode=MUST&stem=true,work/reference_glosbe/amis_glosbe_traditional.xml
GLOSBE_REVIEWED_ZHO_2b6c37d5934488c2,"Mangalayay kako pasowal cangranan to sifana' ni Yihofa, saka, sapihatatanamaw to sowal no Finam.","我很想告訴他們有關耶和華的知識,所以一段時間後我決定學習越南語。",joseph_reviewed_traditional,Amis_2292,0,https://glosbe.com/ami/zh/saka/fragment/tmem?page=4&mode=MUST&stem=true,work/reference_glosbe/amis_glosbe_traditional.xml
GLOSBE_REVIEWED_ZHO_198575fb719f08f6,"So'lin o Tingsokiw kami, kawra cowa ka pisakakinih ko fofo to pidoyongan, saka naitiraay i widang ningra ira kono pidoyongan a cudad.","雖然我們是天主教徒,但是外公對宗教很開明,所以他從朋友那裡拿了一些宗教書刊。",joseph_reviewed_traditional,Amis_2293,4,https://glosbe.com/ami/zh/saka/fragment/tmem?page=4&mode=MUST&stem=true,work/reference_glosbe/amis_glosbe_traditional.xml
GLOSBE_REVIEWED_ZHO_5e31c31fb7b6473d,"Tada mahemekay kako a midama cingranan, tahira kalahecian ningra romakat to ka'orip i fafekang no sera i 1992 miheca saka 12 folad.","我真的很高興可以協助他,直到他在1992年12月走完地上的人生旅程。",joseph_reviewed_traditional,Amis_2294,3,https://glosbe.com/ami/zh/saka/fragment/tmem?page=4&mode=MUST&stem=true,work/reference_glosbe/amis_glosbe_traditional.xml
GLOSBE_REVIEWED_ZHO_7b1b124ca1e1ddec,"Toya mihecaan, saka 9 folad 19 romi'ad, matahidangay kako tayra i Prokelin a Pitil matayal, 17 ko mihecaan ako itiya.","同一年的9月19日,我受邀到布魯克林伯特利工作,當時我17歲。",joseph_reviewed_traditional,Amis_2295,6,https://glosbe.com/ami/zh/saka/fragment/tmem?page=4&mode=MUST&stem=true,work/reference_glosbe/amis_glosbe_traditional.xml
GLOSBE_REVIEWED_ZHO_6141beb7f9eb0192,"Ma'arawto ni Cikariya ko saka 7 mapolosi ikor, samaanayho ko pakayraan no Yirusalim?","撒迦利亞看到了第七個異象,不過當時耶路撒冷的情況怎樣?",joseph_reviewed_traditional,Amis_2296,0,https://glosbe.com/ami/zh/saka/fragment/tmem?page=4&mode=MUST&stem=true,work/reference_glosbe/amis_glosbe_traditional.xml
GLOSBE_REVIEWED_ZHO_5e2eb91fdfd43e8e,7 Saka tolo a lalangian milingatay to sasa'osien.,7 第三個原因與作決定有關。,joseph_reviewed_traditional,Amis_2297,1,https://glosbe.com/ami/zh/saka/fragment/tmem?page=4&mode=MUST&stem=true,work/reference_glosbe/amis_glosbe_traditional.xml
GLOSBE_REVIEWED_ZHO_fe55da94c7feed25,"Saka Tosa Lalood no Hekal, malowiday no Towic ko Frans.","第二次世界大戰期間,法國被德國占領。",joseph_reviewed_traditional,Amis_2299,1,https://glosbe.com/ami/zh/saka/fragment/tmem?page=4&mode=MUST&stem=true,work/reference_glosbe/amis_glosbe_traditional.xml
GLOSBE_REVIEWED_ZHO_2c28171a46b6d058,"Saka tosa romi'ad i Pitil, tayraayto pitepangan to cudad a matayal to misaporoday a demak.","到伯特利的第二天,我就到亞當士街117號做與裝訂相關的工作。",joseph_reviewed_traditional,Amis_2300,2,https://glosbe.com/ami/zh/saka/fragment/tmem?page=4&mode=MUST&stem=true,work/reference_glosbe/amis_glosbe_traditional.xml
GLOSBE_REVIEWED_ZHO_a4faffb04f095049,Nengnengen ko Miingid ci Yihofaan saka 24 fedengan.,請看《親近耶和華》第24章。,joseph_reviewed_traditional,Amis_2302,1,https://glosbe.com/ami/zh/saka/fragment/tmem?page=4&mode=MUST&stem=true,work/reference_glosbe/amis_glosbe_traditional.xml
GLOSBE_REVIEWED_ZHO_7133062e945a07b2,"Saka cecay hahekalan iraay ko maanan tinakoan misawacayay, wa nga'ay maremo no tamdaw ko misakakinihay harateng a makelec malacecay?","1世紀有什麼例子證明,人可以克服偏見而團結一致?",joseph_reviewed_traditional,Amis_2303,1,https://glosbe.com/ami/zh/saka/fragment/tmem?page=4&mode=MUST&stem=true,work/reference_glosbe/amis_glosbe_traditional.xml
GLOSBE_REVIEWED_ZHO_ab53cd7edd80d9d7,"8 Itini saka 33 miheca, patikolayto ma'orip a Yisan pa'araway to 500 a tamdaw, laloma' nangra iraay ko fa'inayan fafahiyan, halatek mahaopay ko kaemangay.","8 公元33年,復活的耶穌曾出現在500多人面前,這些人當中有男有女,甚至可能包括一些孩子。",joseph_reviewed_traditional,Amis_2304,2,https://glosbe.com/ami/zh/saka/fragment/tmem?page=4&mode=MUST&stem=true,work/reference_glosbe/amis_glosbe_traditional.xml
GLOSBE_REVIEWED_ZHO_e6499bf7ffadea3a,"6 Oya ma'araway ni Cikariya a saka 8 mapolosi, patanektekay to faloco' no tamdaw.",6 撒迦利亞看到的第八個異象使人信心大增。(,joseph_reviewed_traditional,Amis_2305,0,https://glosbe.com/ami/zh/saka/fragment/tmem?page=4&mode=MUST&stem=true,work/reference_glosbe/amis_glosbe_traditional.xml
GLOSBE_REVIEWED_ZHO_98d356394e0e2e06,"Nga'ayay a lalosidan konini, nga'ayay saka dademaken a pakalalok to tamdaw minanam to Fangcalay Cudad ato mirienang to sa'opo.",15. 請舉例說明觀看母語的影片能對人產生多大的影響。,joseph_reviewed_traditional,Amis_2308,1,https://glosbe.com/ami/zh/saka/fragment/tmem?page=4&mode=MUST&stem=true,work/reference_glosbe/amis_glosbe_traditional.xml
GLOSBE_REVIEWED_ZHO_88cf87c3578ad453,"Misalimelaan ni Yihofa ko madimadiay tamdaw (Nengnengen ko saka 14, 15 fatac)","耶和華珍視堅守忠義的人(見第14,15段)",joseph_reviewed_traditional,Amis_2309,0,https://glosbe.com/ami/zh/saka/fragment/tmem?page=4&mode=MUST&stem=true,work/reference_glosbe/amis_glosbe_traditional.xml
GLOSBE_REVIEWED_ZHO_ce2041f591d305ba,(Nengnengen ko saka 11 fatac),11. 威克里夫聖經帶來什麼影響?,joseph_reviewed_traditional,Amis_2310,0,https://glosbe.com/ami/zh/saka/fragment/tmem?page=4&mode=MUST&stem=true,work/reference_glosbe/amis_glosbe_traditional.xml
GLOSBE_REVIEWED_ZHO_781331207401b848,"Cowa ka falahen ni Yihofa ci Yosif, cowa ko mamifalah tisowanan (Nengnengen ko saka 13 fatac)","耶和華沒有舍棄約瑟,他也不會舍棄你(見第13段)",joseph_reviewed_traditional,Amis_2311,3,https://glosbe.com/ami/zh/saka/fragment/tmem?page=5&mode=MUST&stem=true,work/reference_glosbe/amis_glosbe_traditional.xml
GLOSBE_REVIEWED_ZHO_ab08a8b5f9c75471,O maanan a lalangian ko saka hemek no mita hani?,我們為了什麼特別的理由而高興?,joseph_reviewed_traditional,Amis_2312,0,https://glosbe.com/ami/zh/saka/fragment/tmem?page=5&mode=MUST&stem=true,work/reference_glosbe/amis_glosbe_traditional.xml
GLOSBE_REVIEWED_ZHO_0055c3a70920ad59,"Itiniay i saka cecay hahekalan, o roma tamdaw hano'pa'aca' to so'linay kimad hani?","在1世紀,為什麼有些人“賣”掉真理?",joseph_reviewed_traditional,Amis_2314,2,https://glosbe.com/ami/zh/saka/fragment/tmem?page=5&mode=MUST&stem=true,work/reference_glosbe/amis_glosbe_traditional.xml
GLOSBE_REVIEWED_ZHO_58f0921b2ac06a9c,"O maanan ko ma'araway ni Pawlo a "" saka tolo tingloh a kakarayan""?",保羅看見的“三重天”是什麼?,joseph_reviewed_traditional,Amis_2315,0,https://glosbe.com/ami/zh/saka/fragment/tmem?page=5&mode=MUST&stem=true,work/reference_glosbe/amis_glosbe_traditional.xml
GLOSBE_REVIEWED_ZHO_172689d6ded74c94,"Icikil 8:1–19:14 milengoay to kaholiw "" saka enem a mihecaan"", o'ayaw ni Yis 612 mihecaan.","以西結書8:1-19:14提到被擄的“第六年”,就是公元前612年。",joseph_reviewed_traditional,Amis_2316,0,https://glosbe.com/ami/zh/saka/fragment/tmem?page=5&mode=MUST&stem=true,work/reference_glosbe/amis_glosbe_traditional.xml
GLOSBE_REVIEWED_ZHO_4dbbbe9b59255cbf,Hano pakihater sa ko Kawas to roray i hekal hani?,為什麼上帝容許世上有苦難?,joseph_reviewed_traditional,Amis_2321,2,https://glosbe.com/ami/zh/sa,work/reference_glosbe/amis_glosbe_traditional.xml
GLOSBE_REVIEWED_ZHO_24c886d7a32771cd,8. (1) Hano o tadamaanay a dafong mitelian i sera a koreng sa ci Pawlo to mitosilay demak?,8.( 甲)使徒保羅為什麼把傳道工作形容為瓦器裡的珍寶?(,joseph_reviewed_traditional,Amis_2322,3,https://glosbe.com/ami/zh/sa,work/reference_glosbe/amis_glosbe_traditional.xml
GLOSBE_REVIEWED_ZHO_527ecef0b2f78068,"Hano rarid sa kamo tayni mitosil?'""",為什麼你們最近這麼經常傳道?’”,joseph_reviewed_traditional,Amis_2323,3,https://glosbe.com/ami/zh/sa,work/reference_glosbe/amis_glosbe_traditional.xml
GLOSBE_REVIEWED_ZHO_9f9d8a0402ce5994,Cowa ko mamaolah ci Yihofa takowanan sa kako.,我仍然覺得自己不配得到耶和華的愛。,joseph_reviewed_traditional,Amis_2324,2,https://glosbe.com/ami/zh/sa,work/reference_glosbe/amis_glosbe_traditional.xml
GLOSBE_REVIEWED_ZHO_e222c60d588827ab,"O tapang no Kapot no Hoing no Padaka ko miekoay to salikaka, misafelitay to Sarikec no Spay, sowal sa oniya sarikec, ""o sapiconged to salasil a ciepocay lalosidan,"" sanay.","美國司法部長以觸犯間諜法將這些人起訴,並且稱間諜法是“抵制宣傳的有效武器”。",joseph_reviewed_traditional,Amis_2327,3,https://glosbe.com/ami/zh/sa,work/reference_glosbe/amis_glosbe_traditional.xml
GLOSBE_REVIEWED_ZHO_3dfa90d72e421008,"Marko 15:43 sanay ko sowal: ""Sakiemel sa to faloco'... tayra i ci Pilatoan a mingitangit to sapialaaw to tireng ni Yis.""","馬可福音15:43說:“他鼓起勇氣進去見彼拉多,請求領取耶穌的遺體。”",joseph_reviewed_traditional,Amis_2328,4,https://glosbe.com/ami/zh/sa,work/reference_glosbe/amis_glosbe_traditional.xml
GLOSBE_REVIEWED_ZHO_5b9d66e30d55d5c8,"Malacafayay ci Yis cangranan a mitolon, sowal sa nanay malacecay ko nisawawaan, matiya o nika lacecay ningra ato Wama.","耶穌與他們一起禱告,說他希望門徒都合一,就像他跟父親合一。(",joseph_reviewed_traditional,Amis_2329,4,https://glosbe.com/ami/zh/sa,work/reference_glosbe/amis_glosbe_traditional.xml
GLOSBE_REVIEWED_ZHO_ac9011b1c2235b7e,"4, 5. (1) Itini i sapatinako ni Yis, masi'ayaway nora matayalay ko manan pakayraan?","4,5.( 甲)在耶穌的比喻中,管家面對什麼情況?(",joseph_reviewed_traditional,Amis_2338,2,https://glosbe.com/ami/zh/nora,work/reference_glosbe/amis_glosbe_traditional.xml
GLOSBE_REVIEWED_ZHO_df0ade1db5db4fce,"Pakayni to matiliday likisi no Yutaya tamdaw, o paro no loma' nora coko padetengay a mipatayay tamdaw o mamihakelong tayra i pilimekan a niyaro' sanay.","根據猶太人的文獻記載,誤殺者的家屬也能跟他一起逃到庇護城。",joseph_reviewed_traditional,Amis_2339,3,https://glosbe.com/ami/zh/nora,work/reference_glosbe/amis_glosbe_traditional.xml
GLOSBE_REVIEWED_ZHO_0d1b9d8d4ed1db9e,Maolah ko Kawas kitaanan.,"效法他榜樣,上帝必贊賞。",joseph_reviewed_traditional,Amis_2341,0,https://glosbe.com/ami/zh/Maolah,work/reference_glosbe/amis_glosbe_traditional.xml
GLOSBE_REVIEWED_ZHO_6c62d0e63949de09,Samaan palahad to maolah to nga'ayay ato'inteh to tatiihay a faloco'?,怎樣培養喜愛良善和憎恨邪惡的心?,joseph_reviewed_traditional,Amis_2342,2,https://glosbe.com/ami/zh/Maolah,work/reference_glosbe/amis_glosbe_traditional.xml
GLOSBE_REVIEWED_ZHO_6ff191b59802f1cb,Maolah to payso hano cowa pilifok to so'linay a lipahak hani?,為什麼貪愛錢財的人無法得到真正的快樂?,joseph_reviewed_traditional,Amis_2344,1,https://glosbe.com/ami/zh/Maolah,work/reference_glosbe/amis_glosbe_traditional.xml
GLOSBE_REVIEWED_ZHO_55727418671210ea,"So'lin mato'asayto kako, kamayan a maolah kako a mitosil.","儘管我的體力有限,傳道工作仍然是我的最愛。",joseph_reviewed_traditional,Amis_2345,0,https://glosbe.com/ami/zh/Maolah,work/reference_glosbe/amis_glosbe_traditional.xml
GLOSBE_REVIEWED_ZHO_5ea68d77e3b585c4,"Misamaan kita miliyas to misatekeday a maolah to niyah, maolah to payso, maolah to lawla?",我們可以怎樣避免成為愛享樂的人?(,joseph_reviewed_traditional,Amis_2347,1,https://glosbe.com/ami/zh/Maolah,work/reference_glosbe/amis_glosbe_traditional.xml
GLOSBE_REVIEWED_ZHO_0feb2d5c0d884d8e,"Misamaan kita miliyas to misatekeday a maolah to niyah, maolah to payso, maolah to lawla?",我們可以怎樣避免成為貪愛錢財的人?(,joseph_reviewed_traditional,Amis_2349,1,https://glosbe.com/ami/zh/Maolah,work/reference_glosbe/amis_glosbe_traditional.xml
GLOSBE_REVIEWED_ZHO_8ad7c61beb31b9bd,Misatapangay maolah ko wina to so'linay kimad.,"她想,如果地獄是個烈火熊熊、折磨惡人的地方,耶穌怎麼可能會去那裡呢?",joseph_reviewed_traditional,Amis_2351,1,https://glosbe.com/ami/zh/Maolah,work/reference_glosbe/amis_glosbe_traditional.xml
GLOSBE_REVIEWED_ZHO_0c1ae4f2e78e1126,Maolah to niyah hano coko mararaway hani?,為什麼說愛護自己並非不合理?,joseph_reviewed_traditional,Amis_2352,0,https://glosbe.com/ami/zh/Maolah,work/reference_glosbe/amis_glosbe_traditional.xml
GLOSBE_REVIEWED_ZHO_b1cd9714c5abd7d1,"Maolahay ko salikaka kisowanan, hanaca wa padotoc a maolah tisowanan.","弟兄姐妹都很愛你,而且會一直愛你。",joseph_reviewed_traditional,Amis_2353,1,https://glosbe.com/ami/zh/Maolah,work/reference_glosbe/amis_glosbe_traditional.xml
GLOSBE_REVIEWED_ZHO_f90201e12834aff8,"Kamayanho a maolah to fa'inay a makahi a misodod cingraanan, hanaca malacafay a misalof to kalala'ed no raramod.","妻子也許仍然愛著丈夫也願意原諒他,並且想要一起改善婚姻關係。",joseph_reviewed_traditional,Amis_2355,0,https://glosbe.com/ami/zh/Maolah,work/reference_glosbe/amis_glosbe_traditional.xml
GLOSBE_REVIEWED_ZHO_addf2bf5f3b19eb8,"11. (1) Maolah to Kawas koya kaemangay a Taniil, samanen micadaay to masamanay a sapasifana'?","11.( 甲)年輕的但以理愛戴上帝,是因為受到怎樣的教導?(",joseph_reviewed_traditional,Amis_2357,1,https://glosbe.com/ami/zh/Maolah,work/reference_glosbe/amis_glosbe_traditional.xml
GLOSBE_REVIEWED_ZHO_d1ea245a4c3a30b6,"O misatekeday maolah to niyah a tamdaw, paihekalay to manan a waywayan?",請說說專愛自己的人有什麼特徵。,joseph_reviewed_traditional,Amis_2358,0,https://glosbe.com/ami/zh/Maolah,work/reference_glosbe/amis_glosbe_traditional.xml
GLOSBE_REVIEWED_ZHO_82e9a4da86e0b698,"Sa'icelay kami pasifana' to wawa maolah ci Yihofaan, padama cangranan palahad makalim mihodop to Kawas a faloco'.","我們努力教導兒女愛耶和華,幫助他們培養渴望事奉上帝的心。",joseph_reviewed_traditional,Amis_2359,0,https://glosbe.com/ami/zh/Maolah,work/reference_glosbe/amis_glosbe_traditional.xml
GLOSBE_REVIEWED_ZHO_76d1e3076c6d68d9,Misamaan a mafana' kita to pakinaliay a maolah to lawla ko niyah hani?,我們怎麼知道自己太過注重享樂?,joseph_reviewed_traditional,Amis_2360,0,https://glosbe.com/ami/zh/Maolah,work/reference_glosbe/amis_glosbe_traditional.xml
GLOSBE_REVIEWED_ZHO_f4882afc7116f3b9,Tahasi'ayaway to masamaanay a pasangar koya minokayay tayra i Yirusalim a Israil tamdaw?,返回耶路撒冷的猶太人面對什麼困難?,joseph_reviewed_traditional,Amis_2366,1,https://glosbe.com/ami/zh/koya,work/reference_glosbe/amis_glosbe_traditional.xml
GLOSBE_REVIEWED_ZHO_f5a1d5aebe6cf157,"Ma'araw ko nika pisa'icel ni Keris, mafalicay koya roma salikaka.","弟兄看出克里斯付出很大的努力,所以也作出調整。",joseph_reviewed_traditional,Amis_2367,1,https://glosbe.com/ami/zh/koya,work/reference_glosbe/amis_glosbe_traditional.xml
GLOSBE_REVIEWED_ZHO_a6104f7c5d25be38,"Mangataayto koya romi'ad, tongalen ko pihaen to demak. —HIPRAY 10:24, 25.","你們既然看見那日子臨近,就更要這樣做。——希伯來書10:24,25",joseph_reviewed_traditional,Amis_2368,1,https://glosbe.com/ami/zh/koya,work/reference_glosbe/amis_glosbe_traditional.xml
GLOSBE_REVIEWED_ZHO_23ed23b054e69aff,Patedi to lalan.,照亮未來方向。,joseph_reviewed_traditional,Amis_2374,1,https://glosbe.com/ami/zh/lalan,work/reference_glosbe/amis_glosbe_traditional.xml
GLOSBE_REVIEWED_ZHO_44a7100765d1684b,Miapohay to lalan.,誘使人迷失方向。,joseph_reviewed_traditional,Amis_2375,0,https://glosbe.com/ami/zh/lalan,work/reference_glosbe/amis_glosbe_traditional.xml
GLOSBE_REVIEWED_ZHO_f49a619bb724287d,"Isaka 1944 a sinpon, pakayniay to nika pica'elay to paya a romaka i lalan","一份1944年的雜誌剪報,內容跟墨西哥城的三明治牌遊行有關",joseph_reviewed_traditional,Amis_2378,1,https://glosbe.com/ami/zh/lalan,work/reference_glosbe/amis_glosbe_traditional.xml
GLOSBE_REVIEWED_ZHO_df5b928530b67abc,Itini i Koronpiya'Apilis Lalan a matayal to pina polo' miheca,我在哥倫比亞山道124號工作了幾十年,joseph_reviewed_traditional,Amis_2383,3,https://glosbe.com/ami/zh/lalan,work/reference_glosbe/amis_glosbe_traditional.xml
GLOSBE_REVIEWED_ZHO_1388960cdd776c68,"Mahemekay kako malacafay to milakowitay to riyar a mitosilay a matayal, hanaca padama cangranan masongila' ko katayra i minilnilan a pala.","我很高興能夠跟特派傳道員一起工作,並且幫助他們順利到達委派的地方。",joseph_reviewed_traditional,Amis_2391,2,https://glosbe.com/ami/zh/pala,work/reference_glosbe/amis_glosbe_traditional.xml
GLOSBE_REVIEWED_ZHO_7ceebcf32715794c,"Kawra, haratengen no wama wina, pala nisawawaan to tamdaw hananay o maanan ko tatodong, o papadama to wama wina koninian.","不過,父母可以思考一下使人做門徒是什麼意思,這會對做父母的有幫助。",joseph_reviewed_traditional,Amis_2393,1,https://glosbe.com/ami/zh/pala,work/reference_glosbe/amis_glosbe_traditional.xml
GLOSBE_REVIEWED_ZHO_dff92f750d29e1b9,"O roma pala a tamdaw, pasowal to mata'lif ko kali tosa tatokian wa tosato ko toki.","在另一些地方,人們也許會說下午一時兩刻。",joseph_reviewed_traditional,Amis_2394,1,https://glosbe.com/ami/zh/pala,work/reference_glosbe/amis_glosbe_traditional.xml
GLOSBE_REVIEWED_ZHO_8c5d2163cb995322,"Ikor no pina folad, malinahay cingra tayra i Masaycuse a pala dademak, samanen misaaliay to adihayay mitosilay itira.","幾個月後,她搬到馬薩諸塞州(麻塞諸塞州)服務,那邊需要更多傳道員。",joseph_reviewed_traditional,Amis_2395,4,https://glosbe.com/ami/zh/pala,work/reference_glosbe/amis_glosbe_traditional.xml
GLOSBE_REVIEWED_ZHO_d2c7867ea7df50ce,"Cowa ko pirienang aca to taykay, oniya taypiyaw tayraay i Lipanon ato Yortan mirienang to mikiriwi'ay piliwko, tayra i masowalay no Fangcalay Cudad a pala.","我們的工作除了要安排班機和旅館,也要為代表取得不同國家的簽證。",joseph_reviewed_traditional,Amis_2398,2,https://glosbe.com/ami/zh/pala,work/reference_glosbe/amis_glosbe_traditional.xml
GLOSBE_REVIEWED_ZHO_d77d579474a6b384,"Itini'ayaw no 2,000 miheca, sanay ko sowal ni Yis: "" Adihay ko papanayen, nikawrira, caay ka'aloman ko matayalay.","大約2000年前,耶穌說:“莊稼實在很多,工人卻很少。",joseph_reviewed_traditional,Amis_2401,0,https://glosbe.com/ami/zh/Adihay,work/reference_glosbe/amis_glosbe_traditional.xml
GLOSBE_REVIEWED_ZHO_8d6517df83135e06,"15 Masowal ni Yis ko mitosilay ato palo nisawawaan to tamdaw a tayal i, sanay ko sowal: "" Adihay ko papanayen, nikawrira, caay ka'aloman ko matayalay.","15 耶穌談到傳道和使人做門徒的工作時說:“莊稼的確很多,工人實在太少。",joseph_reviewed_traditional,Amis_2404,0,https://glosbe.com/ami/zh/Adihay,work/reference_glosbe/amis_glosbe_traditional.xml
GLOSBE_REVIEWED_ZHO_772d1d36ea32c5d6,"Misamaanay'ayaw no ira ci Misiya, i Fangcalay Cudad hano cowa ka adihay ko milengoay ci Satanan?","為什麼在彌賽亞來到前,聖經的記載很少提到撒但?",joseph_reviewed_traditional,Amis_2405,3,https://glosbe.com/ami/zh/Adihay,work/reference_glosbe/amis_glosbe_traditional.xml
GLOSBE_REVIEWED_ZHO_0ed3c7005cfd1128,30 Micekiw to Fangcalay Cudad Matongal ko Epoc Adihay ko Raheker,30 讓研讀聖經更有成效、樂趣無窮,joseph_reviewed_traditional,Amis_2406,0,https://glosbe.com/ami/zh/Adihay,work/reference_glosbe/amis_glosbe_traditional.xml
GLOSBE_REVIEWED_ZHO_e2d53c3c1966fab7,Micekiw to Fangcalay Cudad Matongal ko Epoc Adihay ko Raheker,讓研讀聖經更有成效樂趣無窮,joseph_reviewed_traditional,Amis_2407,0,https://glosbe.com/ami/zh/Adihay,work/reference_glosbe/amis_glosbe_traditional.xml
GLOSBE_REVIEWED_ZHO_705202bc21b85a05,"Pasowalan ni Yis ko nisawawaan: ""Ano adihay ko heci namo i, mapahemek ko Wama ako. Onini ko sapahapinang namo to nika o nisawawaan ako kamo.""","耶穌告訴門徒:“你們不斷多結果實,表明自己是我的門徒,我的父親就因此得榮耀了。”",joseph_reviewed_traditional,Amis_2408,4,https://glosbe.com/ami/zh/Adihay,work/reference_glosbe/amis_glosbe_traditional.xml
GLOSBE_REVIEWED_ZHO_c826992ea9a335b4,"'Ayaw no cecay folad ta mifekad ko mitakaway i, satapangay cingra pacekiw to tatosa Antantelo a tamdaw.","在竊案發生前一個月,裡阿納開始和兩位安坦德羅人討論聖經。",joseph_reviewed_traditional,Amis_2411,3,https://glosbe.com/ami/zh/ta,work/reference_glosbe/amis_glosbe_traditional.xml
GLOSBE_REVIEWED_ZHO_3c696d1585aaaeab,"O aitira i loma' nangra konini a sapi'kak, ta matekop cangra a maemin,"" sanay.","耶和華的子民當中,如果有人想要隱藏自己的過錯,一定逃不過耶和華的判決。",joseph_reviewed_traditional,Amis_2412,3,https://glosbe.com/ami/zh/ta,work/reference_glosbe/amis_glosbe_traditional.xml
GLOSBE_REVIEWED_ZHO_8d03a8fe007682ea,hemeken aka rarima.,樂意付出不怕辛苦。,joseph_reviewed_traditional,Amis_2416,0,https://glosbe.com/ami/zh/Aka,work/reference_glosbe/amis_glosbe_traditional.xml
GLOSBE_REVIEWED_ZHO_55cbc0b115748f88,Aka ka talaw.,不退縮害怕。,joseph_reviewed_traditional,Amis_2420,2,https://glosbe.com/ami/zh/Aka,work/reference_glosbe/amis_glosbe_traditional.xml
GLOSBE_REVIEWED_ZHO_5bb300939fa11288,"Aka matalaw to'ada,","不要害怕敵人恐嚇,",joseph_reviewed_traditional,Amis_2423,2,https://glosbe.com/ami/zh/Aka,work/reference_glosbe/amis_glosbe_traditional.xml
GLOSBE_REVIEWED_ZHO_809e116845f16dea,""" Aka pasowal toya, 'nawiro ikaka no aniniay ko nika nga'ay no iti:yaayho a romi'ad saw?'",“不要說:‘為什麼以前的日子比現在好?’,joseph_reviewed_traditional,Amis_2424,0,https://glosbe.com/ami/zh/Aka,work/reference_glosbe/amis_glosbe_traditional.xml
GLOSBE_REVIEWED_ZHO_151832a1bf521faa,"Aka matalaw to'ada,","不要害怕敵人攻擊,",joseph_reviewed_traditional,Amis_2426,1,https://glosbe.com/ami/zh/Aka,work/reference_glosbe/amis_glosbe_traditional.xml
GLOSBE_REVIEWED_ZHO_8442f27b3750563e,Aka talaw to'ada.,"面對仇敵別驚慌,",joseph_reviewed_traditional,Amis_2427,0,https://glosbe.com/ami/zh/Aka,work/reference_glosbe/amis_glosbe_traditional.xml
GLOSBE_REVIEWED_ZHO_4bf7ca20de9dec22,"14 Palimo'otay ko Loma 12:2 kitaanan: ' Aka madenga nonini a hekal, safaelohen ko harateng a mifalic to niyah, ho cipinang to nga'ayay no Kawas, o malefotay kahemekan Ningra a araaw.'","14 羅馬書12:2勸勉我們:“不要被這個制度同化,倒要更新思想而改變自己,好察驗上帝那良善、完美而又蒙他悅納的旨意。”",joseph_reviewed_traditional,Amis_2429,0,https://glosbe.com/ami/zh/Aka,work/reference_glosbe/amis_glosbe_traditional.xml
GLOSBE_REVIEWED_ZHO_94bc7fea6f9573e1,Seteken ko Faloco' Aka a Matoled Makesem,下定決心不灰心喪氣,joseph_reviewed_traditional,Amis_2430,0,https://glosbe.com/ami/zh/Aka,work/reference_glosbe/amis_glosbe_traditional.xml
GLOSBE_REVIEWED_ZHO_f33870c8de188126,Aka a sawaden.,我們緊握不放。,joseph_reviewed_traditional,Amis_2432,0,https://glosbe.com/ami/zh/Aka,work/reference_glosbe/amis_glosbe_traditional.xml
GLOSBE_REVIEWED_ZHO_9bf437bcda2c90a5,"15 Ano makalimay kita ira ko mahecaday ni Yihofa a harateng, ' aka madenga nonini a hekal.'","15 我們想跟耶和華有一樣的看法,就不可以讓自己“被這個制度同化”。",joseph_reviewed_traditional,Amis_2433,0,https://glosbe.com/ami/zh/Aka,work/reference_glosbe/amis_glosbe_traditional.xml
GLOSBE_REVIEWED_ZHO_94358e7e343859d3,Aka a pisawad!,千萬不要放棄!,joseph_reviewed_traditional,Amis_2434,0,https://glosbe.com/ami/zh/Aka,work/reference_glosbe/amis_glosbe_traditional.xml
GLOSBE_REVIEWED_ZHO_e809d3f58e5eb79c,"Polong a lalakaw no jw.org a wangcan madipotay no holic, mihaenay i, aka pasadaken i romaroma wangcan","jw.org網站上的出版物皆受法律保護,因此不該將其內容張跕在網站上",joseph_reviewed_traditional,Amis_2435,0,https://glosbe.com/ami/zh/Aka,work/reference_glosbe/amis_glosbe_traditional.xml
GLOSBE_REVIEWED_ZHO_f8c187d40f8126f0,"Taneng 3:11, 12 sanay: 'Wawaaw ako, aka mana'ay to sarikec ni Yihofa... samanen o kaolahan ni Yihofa a tamdaw mirikecan Ningra.'","箴言3:11,12說:“我兒啊,耶和華的管教你不可拒絕......因為耶和華責備他所愛的人。”",joseph_reviewed_traditional,Amis_2437,2,https://glosbe.com/ami/zh/Aka,work/reference_glosbe/amis_glosbe_traditional.xml
GLOSBE_REVIEWED_ZHO_7477fb8f1fde1252,"O roma tamdaw cowa ka tanektek a midopo ci Yihofaan, aka a mafiyor nangra kita","有些人沒有堅決擁護耶和華,我們不要受他們影響",joseph_reviewed_traditional,Amis_2438,2,https://glosbe.com/ami/zh/Aka,work/reference_glosbe/amis_glosbe_traditional.xml
GLOSBE_REVIEWED_ZHO_0ccfb4d93afc4fb0,17 Aka malefot ko saali to salikaka.,"嚴苛地要求弟兄姐妹做到完美是不切實際的,這只會讓自己失望。",joseph_reviewed_traditional,Amis_2439,0,https://glosbe.com/ami/zh/Aka/fragment/tmem?page=2&mode=MUST&stem=true,work/reference_glosbe/amis_glosbe_traditional.xml
GLOSBE_REVIEWED_ZHO_92a22a15ebee41b4,Aka a Matalaw!,不要害怕他們!,joseph_reviewed_traditional,Amis_2440,1,https://glosbe.com/ami/zh/Aka/fragment/tmem?page=2&mode=MUST&stem=true,work/reference_glosbe/amis_glosbe_traditional.xml
GLOSBE_REVIEWED_ZHO_4ddcaa67919d8185,Aka pahemek to tamdaw aci Satan.,絕不取悅人也不受撒但奴役。,joseph_reviewed_traditional,Amis_2441,1,https://glosbe.com/ami/zh/Aka/fragment/tmem?page=2&mode=MUST&stem=true,work/reference_glosbe/amis_glosbe_traditional.xml
GLOSBE_REVIEWED_ZHO_8704ea2cbf0b76fd,8 Aka Kao Papotal Aca ko Nengnengen a Misawkit to Tamdaw,8 不要憑外表判斷人,joseph_reviewed_traditional,Amis_2444,3,https://glosbe.com/ami/zh/Aka/fragment/tmem?page=2&mode=MUST&stem=true,work/reference_glosbe/amis_glosbe_traditional.xml
GLOSBE_REVIEWED_ZHO_7b3ac10b9834dce3,"Ci Napal cowa piako'iko'id to nano demak no tao i cingranan, aka matira kita cingranan.","不過,我們可以學習亞比該,如果發現某些事可能會造成難題,就要馬上採取行動、化解危機。",joseph_reviewed_traditional,Amis_2445,1,https://glosbe.com/ami/zh/Aka/fragment/tmem?page=2&mode=MUST&stem=true,work/reference_glosbe/amis_glosbe_traditional.xml
GLOSBE_REVIEWED_ZHO_e74500bfb7b5ee1a,"O maan ko raraw ako?""",我做錯了什麼?”,joseph_reviewed_traditional,Amis_2446,1,https://glosbe.com/ami/zh/maan,work/reference_glosbe/amis_glosbe_traditional.xml
GLOSBE_REVIEWED_ZHO_06f7987563476240,Katayni takowanan!',誰就到我這裡來!”,joseph_reviewed_traditional,Amis_2447,0,https://glosbe.com/ami/zh/takowanan,work/reference_glosbe/amis_glosbe_traditional.xml
GLOSBE_REVIEWED_ZHO_0272b76115eedd45,"Kawrira malo misakafahay kako i, padama takowanan miliyas to cariraw i katayalan.","不過我決定做先驅,結果避開了很多職場上的煩惱。",joseph_reviewed_traditional,Amis_2460,1,https://glosbe.com/ami/zh/takowanan,work/reference_glosbe/amis_glosbe_traditional.xml
GLOSBE_REVIEWED_ZHO_2e497ec2e90ec9f6,"Itiya cowa pihowaliyaw a tosa folad, tatawa sanay ci Taniayer pasowal takowanan: ""O adada ako hato awaayto!""","在達妮埃爾沒有接受化療的那兩個月,她笑著對我說:“你知道嗎?",joseph_reviewed_traditional,Amis_2461,6,https://glosbe.com/ami/zh/takowanan,work/reference_glosbe/amis_glosbe_traditional.xml
GLOSBE_REVIEWED_ZHO_3fd83d203bfc31eb,"Ikorto cowato ka nga'ay ci Taniayer padotoc a miemin to toki a matayal, kamayan cingra a midama takowanan.","當達妮埃爾無法繼續全時工作時,她轉而以別的方式支持我和照顧我,使我沒有後顧之憂,能夠以分部委員會協調人的身份服務了37年。",joseph_reviewed_traditional,Amis_2462,3,https://glosbe.com/ami/zh/takowanan,work/reference_glosbe/amis_glosbe_traditional.xml
GLOSBE_REVIEWED_ZHO_8e675a9130c1c64b,"Ci Taniil 21 ko mihecaan sanay cingra: ""Pakayni pidofdof ako to palinian no Fangcalay Cudad, malikafay ko singsi ato cafay micudad takowanan.",21歲的丹尼爾說:“老師和同學因為我遵守聖經的標準而嘲笑我。,joseph_reviewed_traditional,Amis_2463,4,https://glosbe.com/ami/zh/takowanan,work/reference_glosbe/amis_glosbe_traditional.xml
GLOSBE_REVIEWED_ZHO_f0e7fd7c7c947da9,"Maolahay cangra midipot takowanan, mahecad o wawa nangra, tada dihkoay ko faloco' ako.","他們非常照顧我,待我像兒子一樣,讓我感到很溫暖。",joseph_reviewed_traditional,Amis_2465,0,https://glosbe.com/ami/zh/takowanan,work/reference_glosbe/amis_glosbe_traditional.xml
GLOSBE_REVIEWED_ZHO_a3a2617801f487e2,"Itini kapalitan, misawkitay ko cecay'a'ideman takowanan, celi' sanay takowanan: ""Wa kahenay kami pala'afo tamowanan, mahecad o pipesi' to'edo a madolo!""","在獄中,一個官員審問我時,對我大喊:“我們很快就會消滅你們,就像踩死老鼠一樣容易!”",joseph_reviewed_traditional,Amis_2467,4,https://glosbe.com/ami/zh/takowanan,work/reference_glosbe/amis_glosbe_traditional.xml
GLOSBE_REVIEWED_ZHO_eb055cc26c871226,"Halafinay mihadidi ci Yihofa, pakaynian i fangcalay saocor padama takowanan, mica'edong to faelohay pinangan.""","多年來,耶和華耐心地通過他的聖靈幫助我,使我能穿上新品格。”",joseph_reviewed_traditional,Amis_2469,1,https://glosbe.com/ami/zh/takowanan,work/reference_glosbe/amis_glosbe_traditional.xml
GLOSBE_REVIEWED_ZHO_2337ff884bbc6c18,Ci Yihofa Cowa Patoled i Takowanan!,耶和華從不令我失望!,joseph_reviewed_traditional,Amis_2470,0,https://glosbe.com/ami/zh/takowanan,work/reference_glosbe/amis_glosbe_traditional.xml
GLOSBE_REVIEWED_ZHO_936f1ee2ada314a5,"Mihaen to demak padamaay takowanan hamaan misamacay to harateng no niyah, sasamacayen ko harateng i papadamaen a tamdaw.""","這麼做讓我不再專注於自己的感受,而是將注意力放在如何幫助對方之上。”",joseph_reviewed_traditional,Amis_2472,1,https://glosbe.com/ami/zh/takowanan/fragment/tmem?page=2&mode=MUST&stem=true,work/reference_glosbe/amis_glosbe_traditional.xml
GLOSBE_REVIEWED_ZHO_310ffafda18d80a5,"Macekokay ko wina, micongeday takowanan padotoc a micawma' to Misawacayay Tamdaw ni Yihofa.","校長告訴媽媽,由於我跟耶和華見證人來往,我的行為對其他學生造成不良影響。",joseph_reviewed_traditional,Amis_2473,0,https://glosbe.com/ami/zh/takowanan/fragment/tmem?page=2&mode=MUST&stem=true,work/reference_glosbe/amis_glosbe_traditional.xml
GLOSBE_REVIEWED_ZHO_a1ad83c0da051655,"Satapangay kako patikami cingranan, pasowal to mifekaday a demak i kasakopang, patikamiay cingra takowanan, mifana' to nga'ayay milifetan ningra mitosil i Poseton.","後來我開始寫信給她,告訴她會眾裡發生的事,而她也會回信給我,告訴我她在波士頓傳道的一些美好經歷。",joseph_reviewed_traditional,Amis_2474,1,https://glosbe.com/ami/zh/takowanan/fragment/tmem?page=2&mode=MUST&stem=true,work/reference_glosbe/amis_glosbe_traditional.xml
GLOSBE_REVIEWED_ZHO_115785da926a30ca,"Caka halafin, mitahidangay ci Atak takowanan, malacafay cingranan mitosil.","不久之後,哈達克弟兄邀請我跟他一起傳道。",joseph_reviewed_traditional,Amis_2475,0,https://glosbe.com/ami/zh/takowanan/fragment/tmem?page=2&mode=MUST&stem=true,work/reference_glosbe/amis_glosbe_traditional.xml
GLOSBE_REVIEWED_ZHO_ca5ac1b00e4a1664,"Miharateng kako, hato papasowal ci Yihofa takowanan to maanan!",我覺得這好像是耶和華在告訴我什麼!,joseph_reviewed_traditional,Amis_2476,1,https://glosbe.com/ami/zh/takowanan/fragment/tmem?page=2&mode=MUST&stem=true,work/reference_glosbe/amis_glosbe_traditional.xml
GLOSBE_REVIEWED_ZHO_93a67faad7a7b3da,19 NALIFETAN NO TAMDAW —Ci Yihofa Cowa Patoled i Takowanan!,19 人物生平——耶和華從不令我失望!,joseph_reviewed_traditional,Amis_2477,0,https://glosbe.com/ami/zh/takowanan/fragment/tmem?page=2&mode=MUST&stem=true,work/reference_glosbe/amis_glosbe_traditional.xml
GLOSBE_REVIEWED_ZHO_7c2c45dfa5a4774b,"O malohemay malitengay sasamaan padama takowanan, mitafo to patalipa'elalay ato fanekfekay hani?",長老如何幫助我們保持警醒和熱心?,joseph_reviewed_traditional,Amis_2479,0,https://glosbe.com/ami/zh/takowanan/fragment/tmem?page=2&mode=MUST&stem=true,work/reference_glosbe/amis_glosbe_traditional.xml
GLOSBE_REVIEWED_ZHO_94788b845d5057b0,"Nohatini kamayan i Pitil a matayal kako, to romi'ami'ad ta'angayay ko sadama ni Lila takowanan.","現在,我仍然在伯特利服務,而莉拉每天都給我很大的幫助。",joseph_reviewed_traditional,Amis_2482,1,https://glosbe.com/ami/zh/takowanan/fragment/tmem?page=2&mode=MUST&stem=true,work/reference_glosbe/amis_glosbe_traditional.xml
GLOSBE_REVIEWED_ZHO_66ca43ce1a5bfe00,"Sanay pasowal ko fafahi takowanan: ""Matengilay ako ko mikiriwi'ay a demak!",妻子告訴我說:“我聽到很棒的事!,joseph_reviewed_traditional,Amis_2483,2,https://glosbe.com/ami/zh/takowanan/fragment/tmem?page=2&mode=MUST&stem=true,work/reference_glosbe/amis_glosbe_traditional.xml
GLOSBE_REVIEWED_ZHO_98055659e4d238ea,"'Alomanay a madimadiay salikaka mipadamaay takowanan, miako'iday kako cangranan","許多忠心又成熟的弟兄幫助過我,我很感激他們",joseph_reviewed_traditional,Amis_2484,0,https://glosbe.com/ami/zh/takowanan/fragment/tmem?page=2&mode=MUST&stem=true,work/reference_glosbe/amis_glosbe_traditional.xml
GLOSBE_REVIEWED_ZHO_b49b9ae28fca7b86,"Oraanto, o cecay kohecalay a salikaka mitooray micomod i kamaisi'an, ikakaay ko nika takaraw ningra i takowanan atoya mari'angay fa'inayan.","這時,一位白人弟兄也跟著走進洗手間,他的塊頭比我和那個男子還高大。",joseph_reviewed_traditional,Amis_2485,3,https://glosbe.com/ami/zh/takowanan/fragment/tmem?page=2&mode=MUST&stem=true,work/reference_glosbe/amis_glosbe_traditional.xml
GLOSBE_REVIEWED_ZHO_1be4a46591f4f86b,Tooren ko Sapalimo'ot ni Yihofa Palemeday Takowanan,聽從耶和華的吩咐使我得福,joseph_reviewed_traditional,Amis_2487,0,https://glosbe.com/ami/zh/takowanan/fragment/tmem?page=2&mode=MUST&stem=true,work/reference_glosbe/amis_glosbe_traditional.xml
GLOSBE_REVIEWED_ZHO_f9513e1d79a66bd4,"Padamaay ci Satike takowanan aci Ciwcian mihongyak to Fangcalay Cudad, malo Uertu a sowal no Pakistan.","其中一個聖經學生曾是軍官,名叫薩迪克·馬西。 薩迪克協助我和喬治把聖經書刊翻譯成巴基斯坦的官方語言烏爾都語。",joseph_reviewed_traditional,Amis_2488,1,https://glosbe.com/ami/zh/takowanan/fragment/tmem?page=2&mode=MUST&stem=true,work/reference_glosbe/amis_glosbe_traditional.xml
GLOSBE_REVIEWED_ZHO_406a6891b5655b0e,"So'linay, o padek a safa ni Apraham ci Sara.",撒拉確實是亞伯拉罕同父異母的妹妹。,joseph_reviewed_traditional,Amis_2492,0,https://glosbe.com/ami/zh/safa,work/reference_glosbe/amis_glosbe_traditional.xml
GLOSBE_REVIEWED_ZHO_0e5b038e0215ffc6,"2 Cowa ko sayho kita alatek, kawra o mitenakay to nga'ayay lihaf a singsi kita.","2 我們不一定是木匠,但我們都是傳講好消息的老師。",joseph_reviewed_traditional,Amis_2496,0,https://glosbe.com/ami/zh/singsi,work/reference_glosbe/amis_glosbe_traditional.xml
GLOSBE_REVIEWED_ZHO_b6e81778d09bf430,"Sanay ci Rian: ""Ikor no mitolon kami, o cariraw, o tatiihay a harateng, malahdaway maemin.","瑞安說:“禱告後,我們起初的憂慮和負面的情緒都消失了。",joseph_reviewed_traditional,Amis_2499,2,https://glosbe.com/ami/zh/maemin,work/reference_glosbe/amis_glosbe_traditional.xml
GLOSBE_REVIEWED_ZHO_cbfae73753112c6d,Ilaloma'ay lalakaw maemin i wangcan no Misawacayay Tamdaw ni Yihofa madipotay no holic no kitakit.,耶和華見證人官方網站上的所有內容皆受法律保護。,joseph_reviewed_traditional,Amis_2500,1,https://glosbe.com/ami/zh/maemin,work/reference_glosbe/amis_glosbe_traditional.xml
GLOSBE_REVIEWED_ZHO_b79a8a43ac5c7721,"""Nanay Palahecien Ningra ko Nisahalakaan Iso Maemin """,願他實現你的所有計劃,joseph_reviewed_traditional,Amis_2503,0,https://glosbe.com/ami/zh/maemin,work/reference_glosbe/amis_glosbe_traditional.xml
GLOSBE_REVIEWED_ZHO_c4eea1024ee71615,3 Palahad to Paka'metay to Tireng a Capeling,3頁 培養自制的特質,joseph_reviewed_traditional,Amis_2507,1,https://glosbe.com/ami/zh/tireng,work/reference_glosbe/amis_glosbe_traditional.xml
GLOSBE_REVIEWED_ZHO_d93b6e11a7c0ec05,"15 Misongila' a micekiw to Fangcalay Cudad, papadama kitanan palahad to paka'metay to tireng.",15 認真研讀聖經可以幫助我們培養自制力。,joseph_reviewed_traditional,Amis_2519,0,https://glosbe.com/ami/zh/tireng,work/reference_glosbe/amis_glosbe_traditional.xml
GLOSBE_REVIEWED_ZHO_e62c435ef354bc8f,"Itini manan a demakan, patahekalay to paka'metay to tireng ci Yihofa hani?",耶和華在什麼事上表現自制?,joseph_reviewed_traditional,Amis_2520,1,https://glosbe.com/ami/zh/tireng,work/reference_glosbe/amis_glosbe_traditional.xml
GLOSBE_REVIEWED_ZHO_4c6308d3d1ea1567,"Hano mafana' kita o mamicada to ino' a tamdaw, maherekayto a miemin patafang to tireng ci Yihofaan hani?","我們怎麼知道,準備要受浸的人已經毫無保留地獻身給耶和華了呢?",joseph_reviewed_traditional,Amis_2521,0,https://glosbe.com/ami/zh/tireng,work/reference_glosbe/amis_glosbe_traditional.xml
GLOSBE_REVIEWED_ZHO_6961237c4e3301bb,Misamaanay hano papalahad ko Krisciyang to paka'metay to tireng a capeling hani?,3. 為什麼基督徒都應該培養自制這種特質?,joseph_reviewed_traditional,Amis_2523,0,https://glosbe.com/ami/zh/tireng,work/reference_glosbe/amis_glosbe_traditional.xml
GLOSBE_REVIEWED_ZHO_6ff25ad9a3592a93,Iraay ko manan nga'ayay kalasaka dademaken a sapadama pa'icel kitanan a paka'met to tireng?,有哪些實用的建議能幫助我們加強自制力?,joseph_reviewed_traditional,Amis_2524,0,https://glosbe.com/ami/zh/tireng,work/reference_glosbe/amis_glosbe_traditional.xml
GLOSBE_REVIEWED_ZHO_6bd98e2ab386cfcc,"Patafang kita to tireng ci Yihofaan micada to ino', paihkalay to maanan?","我們獻身給耶和華並且受浸,就能表明什麼?",joseph_reviewed_traditional,Amis_2525,0,https://glosbe.com/ami/zh/tireng,work/reference_glosbe/amis_glosbe_traditional.xml
GLOSBE_REVIEWED_ZHO_0b9745f4332fe3f0,"Maharatengay ako kinacecayay romakatay ko salikaka i niyaro', o pakafitan i tireng a paya sanay ko mitilidan, ""O Talakal Ato Salipalaw ko Pidoyongan.""","我記得有一次弟兄姐妹在我們鎮裡遊行,大家掛的牌子上寫著“宗教是個網羅和騙局”。",joseph_reviewed_traditional,Amis_2527,2,https://glosbe.com/ami/zh/tireng,work/reference_glosbe/amis_glosbe_traditional.xml
GLOSBE_REVIEWED_ZHO_c7f073fb4e0e6d37,"O wama wina samaan padama to wawa, mala'osi ko patosokan a patafang to tireng micada to ino'?",父母可以怎樣幫助兒女達到獻身受浸的目標?,joseph_reviewed_traditional,Amis_2529,0,https://glosbe.com/ami/zh/tireng/fragment/tmem?page=2&mode=MUST&stem=true,work/reference_glosbe/amis_glosbe_traditional.xml
GLOSBE_REVIEWED_ZHO_474b98f570cfb84a,Ci Yihofa o paka'metay to tireng a sanga'ayay ta'arawan.,耶和華在表現自制方面是最佳的典範。,joseph_reviewed_traditional,Amis_2531,0,https://glosbe.com/ami/zh/tireng/fragment/tmem?page=2&mode=MUST&stem=true,work/reference_glosbe/amis_glosbe_traditional.xml
GLOSBE_REVIEWED_ZHO_07501ef9aac52b80,"Malacecayto ko tireng noya tatosaay.""—Ifiso 5:31, 33.","以弗所書5:31,33)我們多麼高興看見許多夫妻實踐上帝的話語!",joseph_reviewed_traditional,Amis_2532,1,https://glosbe.com/ami/zh/tireng/fragment/tmem?page=2&mode=MUST&stem=true,work/reference_glosbe/amis_glosbe_traditional.xml
GLOSBE_REVIEWED_ZHO_beb66400b475def8,"Nai 1936 miheca misatapang ko Misawacayay Tamdaw ni Yihofa, mihaenay a paca'elay to paya ika'ayaw ato lalikor no tireng.","耶和華見證人從1936年就開始這樣做,讓每個參加宣傳的人都在身上掛兩片標語牌,一片在胸前、一片在背後。",joseph_reviewed_traditional,Amis_2534,1,https://glosbe.com/ami/zh/tireng/fragment/tmem?page=2&mode=MUST&stem=true,work/reference_glosbe/amis_glosbe_traditional.xml
GLOSBE_REVIEWED_ZHO_a4fb8d4d56686e1e,"Sowal no Fangcalay Cudad, 'no'adingoan a tamdaw' ato'midoedoay to tireng a tamdaw,' o maanan ko kasasiromaan?",3. 聖經說“屬靈的人”和“順應肉體的人”有什麼分別?,joseph_reviewed_traditional,Amis_2535,0,https://glosbe.com/ami/zh/tireng/fragment/tmem?page=2&mode=MUST&stem=true,work/reference_glosbe/amis_glosbe_traditional.xml
GLOSBE_REVIEWED_ZHO_e53b930fe893d774,Oniya hekal matomesay ko mirenecay to coos no tireng a pinangan.,這個世界充斥著滿足肉體欲望的風氣。,joseph_reviewed_traditional,Amis_2537,1,https://glosbe.com/ami/zh/tireng/fragment/tmem?page=2&mode=MUST&stem=true,work/reference_glosbe/amis_glosbe_traditional.xml
GLOSBE_REVIEWED_ZHO_6073c2d78b8de0cb,"Milomal to'ayaway a demak, misi'ayaw to kato'as, ato adada no tireng, mananamay ko masakalimlaan a demak.","回顧以往,面對衰老和健康難題讓我學到很多事。",joseph_reviewed_traditional,Amis_2538,1,https://glosbe.com/ami/zh/tireng/fragment/tmem?page=2&mode=MUST&stem=true,work/reference_glosbe/amis_glosbe_traditional.xml
GLOSBE_REVIEWED_ZHO_65f5db1515559477,"Itiyaay tatiih ko tireng ni Aser, ciadadaay cingra to Pakinson adada.","那時,我很擔心亞瑟的健康狀況,因為他被診斷出罹患了帕金森氏病。",joseph_reviewed_traditional,Amis_2539,1,https://glosbe.com/ami/zh/tireng/fragment/tmem?page=2&mode=MUST&stem=true,work/reference_glosbe/amis_glosbe_traditional.xml
GLOSBE_REVIEWED_ZHO_fc7e1e445b66d696,"Cowa konini aca, no'adingoan a tamdaw ato midoedoay to tireng a tamdaw, iraayho ko manan a kasasiromaan hani?","除此之外,屬靈的人和順應肉體的人還有什麼差別呢?",joseph_reviewed_traditional,Amis_2540,2,https://glosbe.com/ami/zh/tireng/fragment/tmem?page=2&mode=MUST&stem=true,work/reference_glosbe/amis_glosbe_traditional.xml
GLOSBE_REVIEWED_ZHO_15652c93676d1234,O midoedoay to tireng a tamdaw iraay ko maanan a tahapinangan?,順應肉體的人有什麼特徵?,joseph_reviewed_traditional,Amis_2542,0,https://glosbe.com/ami/zh/tireng/fragment/tmem?page=2&mode=MUST&stem=true,work/reference_glosbe/amis_glosbe_traditional.xml
GLOSBE_REVIEWED_ZHO_768271e41cbb0b49,"4 O midoedoay to tireng a tamdaw, samanay ko harateng ato waywayan hani?",4 順應肉體的人有怎樣的思想態度呢?,joseph_reviewed_traditional,Amis_2543,0,https://glosbe.com/ami/zh/tireng/fragment/tmem?page=2&mode=MUST&stem=true,work/reference_glosbe/amis_glosbe_traditional.xml
GLOSBE_REVIEWED_ZHO_40c94736d5b88ff0,"Pasowalan ningra ci Yihofa, misa'osi ko fafahiyan wawa ningra patafang to tireng, tada mahemekay cingra.""","他告訴耶和華,他為小女兒決定獻身感到十分高興。”",joseph_reviewed_traditional,Amis_2545,1,https://glosbe.com/ami/zh/tireng/fragment/tmem?page=2&mode=MUST&stem=true,work/reference_glosbe/amis_glosbe_traditional.xml
GLOSBE_REVIEWED_ZHO_b03e51288ea27443,11. (1) Misamaanay hano sapatafangaw to tireng a micada to ino' ko pacekiwan hani?,11.( 甲)聖經學生為什麼會想要獻身受浸?(,joseph_reviewed_traditional,Amis_2546,0,https://glosbe.com/ami/zh/tireng/fragment/tmem?page=2&mode=MUST&stem=true,work/reference_glosbe/amis_glosbe_traditional.xml
GLOSBE_REVIEWED_ZHO_cd3b744d6624c641,"Kawra, mihayay cingra: ""O tireng ako tatiih tatiihayto, misaaliay to toki a midimokos.""","但他也承認:“我的身體越來越差,需要花時間照顧。”",joseph_reviewed_traditional,Amis_2547,0,https://glosbe.com/ami/zh/tireng/fragment/tmem?page=2&mode=MUST&stem=true,work/reference_glosbe/amis_glosbe_traditional.xml
GLOSBE_REVIEWED_ZHO_6b6acff7f217addb,"Ma'araw no wama wina ko wawa patafang to tireng micada to ino', malo mihodopay ci Yihofaan a tamdaw, oha mamarenec a mahemek ko faloco'.","父母看到孩子獻身受浸,成為事奉耶和華的人,一定會感受到滿足和喜樂。",joseph_reviewed_traditional,Amis_2548,0,https://glosbe.com/ami/zh/tireng/fragment/tmem?page=2&mode=MUST&stem=true,work/reference_glosbe/amis_glosbe_traditional.xml
GLOSBE_REVIEWED_ZHO_ea4ce80d8b7371a6,O micekiway to Fangcalay Cudad mamisamaan padama kitanan palahad to paka'metay to tireng a capeling hani?,研讀聖經可以怎樣幫助我們培養自制這種特質?,joseph_reviewed_traditional,Amis_2551,0,https://glosbe.com/ami/zh/tireng/fragment/tmem?page=2&mode=MUST&stem=true,work/reference_glosbe/amis_glosbe_traditional.xml
GLOSBE_REVIEWED_ZHO_751a92c25f8e4be6,"3 Mitadtaday ci Pawlo to kasasiroma'no'adingoan a tamdaw' ato'midoedoay to tireng a tamdaw,' padamaay konini kitanan cipinang to o maanan ko tatodong no no'adingoan a tamdaw.","3 使徒保羅說明瞭“屬靈的人”和“順應肉體的人”有什麼分別,這幫助我們明白做屬靈的人是什麼意思。(",joseph_reviewed_traditional,Amis_2553,1,https://glosbe.com/ami/zh/tireng/fragment/tmem?page=2&mode=MUST&stem=true,work/reference_glosbe/amis_glosbe_traditional.xml
GLOSBE_REVIEWED_ZHO_5c0d25843709be03,"O manan ko "" caay misamangah ko olah"" hananay?",“無偽的愛心”是什麼意思?,joseph_reviewed_traditional,Amis_2557,0,https://glosbe.com/ami/zh/Caay,work/reference_glosbe/amis_glosbe_traditional.xml
GLOSBE_REVIEWED_ZHO_9861cd627cc67290,"18 "" Caay ko Mamalasawad ko Sowal no Kawas""",18頁 上帝的話必萬世長存,joseph_reviewed_traditional,Amis_2559,0,https://glosbe.com/ami/zh/Caay,work/reference_glosbe/amis_glosbe_traditional.xml
GLOSBE_REVIEWED_ZHO_58724c38264ebffa,"O So'linay Kimad, "" Caay ko Pararihadayay, O Pafangafangay""","真理“不是要帶來和平,而是要帶來刀劍”",joseph_reviewed_traditional,Amis_2562,0,https://glosbe.com/ami/zh/Caay,work/reference_glosbe/amis_glosbe_traditional.xml
GLOSBE_REVIEWED_ZHO_12b684452c5ec536,""" Caay ko Mamalasawad ko Sowal no Kawas""",上帝的話必萬世長存,joseph_reviewed_traditional,Amis_2563,0,https://glosbe.com/ami/zh/Caay,work/reference_glosbe/amis_glosbe_traditional.xml
GLOSBE_REVIEWED_ZHO_260eba566276bc0a,"O manan a matiliday i Fangcalay Cudad, miwacayay to tatano caay ka harateng a pakayraan a padama ci Yihofa to sikawdan?",哪些聖經記載證明耶和華能夠以令人出乎意料的方式幫助人?,joseph_reviewed_traditional,Amis_2565,2,https://glosbe.com/ami/zh/Caay,work/reference_glosbe/amis_glosbe_traditional.xml
GLOSBE_REVIEWED_ZHO_3b1b6d601a5d3e69,"12 O So'linay Kimad, "" Caay ko Pararihadayay, O Pafangafangay""","12頁 真理“不是要帶來和平,而是要帶來刀劍”",joseph_reviewed_traditional,Amis_2568,0,https://glosbe.com/ami/zh/Caay,work/reference_glosbe/amis_glosbe_traditional.xml
GLOSBE_REVIEWED_ZHO_3ad1bd4048182645,"Hano pasowal ci Yis to nisawawaan: "" Caay ko hahaenen kono namo?""",那麼耶穌為什麼對門徒說“可是你們不要這樣”呢?,joseph_reviewed_traditional,Amis_2569,0,https://glosbe.com/ami/zh/Caay,work/reference_glosbe/amis_glosbe_traditional.xml
GLOSBE_REVIEWED_ZHO_4d89f38c06c30274,Caay ka harateng to mamifalic to ka'orip ako ci Yihofa ato kimad Ningra.,我從沒想過關於耶和華上帝和他旨意的真理會對我的生活造成這麼大的轉變。,joseph_reviewed_traditional,Amis_2570,3,https://glosbe.com/ami/zh/Caay,work/reference_glosbe/amis_glosbe_traditional.xml
GLOSBE_REVIEWED_ZHO_9fdcc31bdd18b17f,"Nengnengen ko sapatongal lalakaw ""O Olah' Caay Pakangodo to Tamdaw'"" itini Mikecolay 2016/1, 27 fiedac.(no Kowaping)",請看《守望臺》2016年1月刊27頁附欄“愛是不罔顧規矩”。,joseph_reviewed_traditional,Amis_2571,0,https://glosbe.com/ami/zh/Caay,work/reference_glosbe/amis_glosbe_traditional.xml
GLOSBE_REVIEWED_ZHO_69ba6a46be4684d5,"Caay pakaala to tosa a miheca, matekengayto ko Titanik Tamina.",不到兩年泰坦尼克號就沉船了。,joseph_reviewed_traditional,Amis_2572,2,https://glosbe.com/ami/zh/Caay,work/reference_glosbe/amis_glosbe_traditional.xml
GLOSBE_REVIEWED_ZHO_6a0833726a7a28fc,"Matengil ni Yis sanay ko sowal: ""O tanoktokay a tamdaw i, caay ko papaisingen.","耶穌聽見了之後就說:“健康的人不需要醫生,生病的人才需要。‘",joseph_reviewed_traditional,Amis_2573,1,https://glosbe.com/ami/zh/Caay,work/reference_glosbe/amis_glosbe_traditional.xml
GLOSBE_REVIEWED_ZHO_6b306e0afb86d8f5,"""Kao dafong no hekal ( caay ka moecel a hafay) ko sapisawidang namo."" —LUKA 16:9.",用不義的錢財結交朋友。——路加福音16:9,joseph_reviewed_traditional,Amis_2574,0,https://glosbe.com/ami/zh/Caay,work/reference_glosbe/amis_glosbe_traditional.xml
GLOSBE_REVIEWED_ZHO_15baaaf8918b807c,"Manaokaniw, cowa ka dolo, kawra adihayay ko malayapay nangra a sakaraheker.","雖然還是有一些挑戰,但大致上來說,在需要更多傳道員的地區服務讓他們得到很多福分。",joseph_reviewed_traditional,Amis_2583,3,https://glosbe.com/ami/zh/ka,work/reference_glosbe/amis_glosbe_traditional.xml
GLOSBE_REVIEWED_ZHO_46592f5a5a177a59,"Cowa ka ngodo ko tamdaw to Kawas,","世人普遍對上帝毫不尊重,",joseph_reviewed_traditional,Amis_2613,1,https://glosbe.com/ami/zh/ka/fragment/tmem?page=2&mode=MUST&stem=true,work/reference_glosbe/amis_glosbe_traditional.xml
GLOSBE_REVIEWED_ZHO_c3b91ceaa7e76172,"Isaka 1915 miheca ka limaan folad, ya Lusitania Tamina makowangay no fakotang a matekeng ingata no kakatimolan no Aielan.","1915年5月,盧西塔尼亞號在愛爾蘭南方的海岸附近被魚雷擊沉。",joseph_reviewed_traditional,Amis_2615,3,https://glosbe.com/ami/zh/ka/fragment/tmem?page=2&mode=MUST&stem=true,work/reference_glosbe/amis_glosbe_traditional.xml
GLOSBE_REVIEWED_ZHO_66f91be79a3ddb19,"'Arawen ko sapatongal lalakaw: "" Ka Tayni a Minengneng!""",請看附欄“何不親自來看看!”。,joseph_reviewed_traditional,Amis_2616,0,https://glosbe.com/ami/zh/ka/fragment/tmem?page=2&mode=MUST&stem=true,work/reference_glosbe/amis_glosbe_traditional.xml
GLOSBE_REVIEWED_ZHO_cc65460139d8dd06,Itini cowa ka olah to so'linay kimad a kilac mitosil hano matoled ko faloco' nolatekay?,為什麼在反應冷淡的地區傳道有時會感到灰心?,joseph_reviewed_traditional,Amis_2618,3,https://glosbe.com/ami/zh/ka/fragment/tmem?page=2&mode=MUST&stem=true,work/reference_glosbe/amis_glosbe_traditional.xml
GLOSBE_REVIEWED_ZHO_f378ba01d69b961f,"Mansa isaka 1953 miheca ka pitoan a folad, mirienangay kako to Faelohay Hekal a Taykay i Niwyok.","因此在1953年7月,我參加了當地的“新世界社會”大會。",joseph_reviewed_traditional,Amis_2621,2,https://glosbe.com/ami/zh/ka/fragment/tmem?page=2&mode=MUST&stem=true,work/reference_glosbe/amis_glosbe_traditional.xml
GLOSBE_REVIEWED_ZHO_e6457608385c6ebc,"O cowa ko mamapatay a'orip, o kafahka'an a sapalemed, samanen itini Hipray Sowal Fangcalay Cudad cowacowaho ka sadak.","不死的生命看來是出乎意料的福分,因為在《希伯來語經卷》中不曾提過。",joseph_reviewed_traditional,Amis_2623,2,https://glosbe.com/ami/zh/ka/fragment/tmem?page=2&mode=MUST&stem=true,work/reference_glosbe/amis_glosbe_traditional.xml
GLOSBE_REVIEWED_ZHO_ef30227f163de2bd,Kapah Tamdaw— Ka Tanektek a Micoged ci Akomaan,年輕人要站穩抵抗魔鬼,joseph_reviewed_traditional,Amis_2624,0,https://glosbe.com/ami/zh/ka/fragment/tmem?page=3&mode=MUST&stem=true,work/reference_glosbe/amis_glosbe_traditional.xml
GLOSBE_REVIEWED_ZHO_1474247ceb85b045,"Ka padotoc a mipitin, mikilim.""","要不斷採摘,不斷尋找。”",joseph_reviewed_traditional,Amis_2625,1,https://glosbe.com/ami/zh/ka/fragment/tmem?page=3&mode=MUST&stem=true,work/reference_glosbe/amis_glosbe_traditional.xml
GLOSBE_REVIEWED_ZHO_e530a1e9a21dcefc,2 Cowa ka pifana' ci Yihofa kitanan to manan ko ngangan noniya mitowakangay a coyoh.,2 耶和華沒有告訴我們這個反叛的天使叫什麼名字。,joseph_reviewed_traditional,Amis_2627,2,https://glosbe.com/ami/zh/ka/fragment/tmem?page=3&mode=MUST&stem=true,work/reference_glosbe/amis_glosbe_traditional.xml
GLOSBE_REVIEWED_ZHO_44e7f6b986554b0c,"11 Palahad kita to olah sini'adaay a capeling, cato ka hali'inap to tao.","11 我們培養愛心和仁慈的特質,就不會輕易地嫉妒別人。",joseph_reviewed_traditional,Amis_2629,2,https://glosbe.com/ami/zh/ka/fragment/tmem?page=3&mode=MUST&stem=true,work/reference_glosbe/amis_glosbe_traditional.xml
GLOSBE_REVIEWED_ZHO_1c389e6cd528686b,"Matatodongay ko limo'ot no Taneng 18:13 sanay ko sowal: ""Caho ka harek a mitengil halo paca'ofay a tamdaw i, o apa ningra ato sakangodo ningra konini.""","箴言18:13的勸告很跕切,經文說:“未聽先答,就是愚蠢羞辱。”",joseph_reviewed_traditional,Amis_2630,5,https://glosbe.com/ami/zh/ka/fragment/tmem?page=3&mode=MUST&stem=true,work/reference_glosbe/amis_glosbe_traditional.xml
GLOSBE_REVIEWED_ZHO_50233ce980b7a15c,"Sikawdan cowa ka talaw,","上帝忠僕不畏艱辛,",joseph_reviewed_traditional,Amis_2632,1,https://glosbe.com/ami/zh/ka/fragment/tmem?page=3&mode=MUST&stem=true,work/reference_glosbe/amis_glosbe_traditional.xml
GLOSBE_REVIEWED_ZHO_5c86fff320e30a3d,"Ka tanektek kita toni a lintad,","我們在末期必須堅定不移,",joseph_reviewed_traditional,Amis_2633,1,https://glosbe.com/ami/zh/ka/fragment/tmem?page=3&mode=MUST&stem=true,work/reference_glosbe/amis_glosbe_traditional.xml
GLOSBE_REVIEWED_ZHO_4d0f87b338a38ada,Hemek cowa ka malowan.,喜樂的心不會消沉。,joseph_reviewed_traditional,Amis_2634,1,https://glosbe.com/ami/zh/ka/fragment/tmem?page=3&mode=MUST&stem=true,work/reference_glosbe/amis_glosbe_traditional.xml
GLOSBE_REVIEWED_ZHO_830d7e8156ddb2aa,Ka Romadiw Kita a Pahemek!,讓我們高聲歡唱!,joseph_reviewed_traditional,Amis_2635,1,https://glosbe.com/ami/zh/ka/fragment/tmem?page=3&mode=MUST&stem=true,work/reference_glosbe/amis_glosbe_traditional.xml
GLOSBE_REVIEWED_ZHO_8f016f4e136365fb,(Nengnengen ko satapangan coka.) (2) Misamaanay hano cowa ka lecad ko cengel no efa?,見課文開頭的圖片)(乙)為什麼馬匹的顏色各有不同?,joseph_reviewed_traditional,Amis_2637,2,https://glosbe.com/ami/zh/ka/fragment/tmem?page=3&mode=MUST&stem=true,work/reference_glosbe/amis_glosbe_traditional.xml
GLOSBE_REVIEWED_ZHO_5bd9a9f62d964140,So'linay cowato ka tayra ci Yohani.,約翰真的沒有再去那裡了。,joseph_reviewed_traditional,Amis_2638,2,https://glosbe.com/ami/zh/ka/fragment/tmem?page=3&mode=MUST&stem=true,work/reference_glosbe/amis_glosbe_traditional.xml
GLOSBE_REVIEWED_ZHO_1f9bb3bd16e8384a,"(1 Yohani 3:10, 11) So'lin mikitiniay cangra cowa ka hecad a kitakit, finacadan, sasowalen ato serangawan, kawra mitodongay cangra ci Yisan masasiolah.","約翰一書3:10,11)雖然他們來自不同國家、種族、語言和文化背景,但他們都效法耶穌,彼此相愛。",joseph_reviewed_traditional,Amis_2640,3,https://glosbe.com/ami/zh/ka/fragment/tmem?page=3&mode=MUST&stem=true,work/reference_glosbe/amis_glosbe_traditional.xml
GLOSBE_REVIEWED_ZHO_a938094f3f86c580,"O roma mihongyakan a Fangcalay Cudad, iraay ko sinael no Yohani 7:53–8:11, kawra, cowa ka fana' ko'alomanay to patongalan koniya sinael, cowa ko so'linay.","有些聖經譯本收錄了約翰福音7:53-8:11的經文,然而,很多人並不知道這些經文是後來加添的,並非原作的一部分。",joseph_reviewed_traditional,Amis_2642,1,https://glosbe.com/ami/zh/ka/fragment/tmem?page=3&mode=MUST&stem=true,work/reference_glosbe/amis_glosbe_traditional.xml
GLOSBE_REVIEWED_ZHO_823d3512dd6d9c52,Sasamaan kita eca ka pikasimaan misaka dademak to sapafeli no Kawas a pasalat?,我們怎樣避免濫用上帝所賜的自由?,joseph_reviewed_traditional,Amis_2643,1,https://glosbe.com/ami/zh/ka/fragment/tmem?page=3&mode=MUST&stem=true,work/reference_glosbe/amis_glosbe_traditional.xml
GLOSBE_REVIEWED_ZHO_5eea478d7ffa53b7,"Cowa ka ihekel ci Yis mitadtad to o maanan ko mitoro'an noniya heci, kawra mikitini nano sowal ni Yis, wa padama kitaanan mikilim to ca'of.","耶穌在比喻中並沒有直接說明果實是指什麼,不過耶穌談到的一些線索能幫助我們找到答案。",joseph_reviewed_traditional,Amis_2644,2,https://glosbe.com/ami/zh/ka/fragment/tmem?page=3&mode=MUST&stem=true,work/reference_glosbe/amis_glosbe_traditional.xml
GLOSBE_REVIEWED_ZHO_7372bf73e0cf0a68,"14 Itini i Filiping fafahiyan salikaka ci Alin, cowa ka hecad ko malifetay.",14 菲律賓的姐妹蕾琳有不同的挑戰。,joseph_reviewed_traditional,Amis_2646,3,https://glosbe.com/ami/zh/ka/fragment/tmem?page=3&mode=MUST&stem=true,work/reference_glosbe/amis_glosbe_traditional.xml
GLOSBE_REVIEWED_ZHO_fb8b03bd0032ed81,pakayraay toya cowa ka nanam anca cowa ka fana' to Fangcalay Cudad a tamdaw ko pitilid.,是為了那些不太熟悉聖經或完全不認識聖經的讀者所編寫的。,joseph_reviewed_traditional,Amis_2648,2,https://glosbe.com/ami/zh/ka/fragment/tmem?page=3&mode=MUST&stem=true,work/reference_glosbe/amis_glosbe_traditional.xml
GLOSBE_REVIEWED_ZHO_a1aef2ba3cadcd7f,"O Tamdaw ni Yihofa, Ka Tala'ayaw!","耶和華見證人,向前邁進!",joseph_reviewed_traditional,Amis_2650,1,https://glosbe.com/ami/zh/ka/fragment/tmem?page=4&mode=MUST&stem=true,work/reference_glosbe/amis_glosbe_traditional.xml
GLOSBE_REVIEWED_ZHO_89c8216051b83578,"Ka timolo a tala'ayaw,","勇往向前,在世界各地",joseph_reviewed_traditional,Amis_2653,1,https://glosbe.com/ami/zh/ka/fragment/tmem?page=4&mode=MUST&stem=true,work/reference_glosbe/amis_glosbe_traditional.xml
GLOSBE_REVIEWED_ZHO_936fdb82372076d9,"So'lin hatiraay ko lalengawan ako, cowa ka pirienang kako to Naci, cowa ka mala siwni kako.","雖然我有這樣的家庭背景,卻沒有成為一名納粹黨員或修女。",joseph_reviewed_traditional,Amis_2654,1,https://glosbe.com/ami/zh/ka/fragment/tmem?page=4&mode=MUST&stem=true,work/reference_glosbe/amis_glosbe_traditional.xml
GLOSBE_REVIEWED_ZHO_d83617def0d2be61,Cowa ka nga'ay ko pikimad.,演講過程並不順利。,joseph_reviewed_traditional,Amis_2655,1,https://glosbe.com/ami/zh/ka/fragment/tmem?page=4&mode=MUST&stem=true,work/reference_glosbe/amis_glosbe_traditional.xml
GLOSBE_REVIEWED_ZHO_d8b25d78430afb3c,"(Matay 26:52, 53) Tada kalimelaan ko sapatalipa'elal ni Yis, oniya sapatalipa'elal mahecaday o satolon ni Yis isalakat, cowa ka nga'ay mikapot ko nisawawaan toni hekal.","馬太福音26:52,53)耶穌的話是多麼重要的提醒,這個提醒也跟耶穌先前禱告的內容一致,就是門徒必須不屬於世界。(",joseph_reviewed_traditional,Amis_2656,1,https://glosbe.com/ami/zh/ka/fragment/tmem?page=4&mode=MUST&stem=true,work/reference_glosbe/amis_glosbe_traditional.xml
GLOSBE_REVIEWED_ZHO_8797ae0e78c0f955,"Macowatay ko demak toniya pina a mamihecaan, cowato ka edeng ko Pitil.","隨著時間過去,工作不斷擴展,伯特利的設施也不夠大了。",joseph_reviewed_traditional,Amis_2658,3,https://glosbe.com/ami/zh/ka/fragment/tmem?page=4&mode=MUST&stem=true,work/reference_glosbe/amis_glosbe_traditional.xml
GLOSBE_REVIEWED_ZHO_3cab4c89b7173c85,"13 Kawrira, ci Yakop aci Yohani cowaho ka fana' masadafdaf ko picada to tamdaw.","13 不過,雅各和約翰卻還沒有學會公正待人。",joseph_reviewed_traditional,Amis_2660,2,https://glosbe.com/ami/zh/ka/fragment/tmem?page=4&mode=MUST&stem=true,work/reference_glosbe/amis_glosbe_traditional.xml
GLOSBE_REVIEWED_ZHO_a82d1f2567a18b46,"Saikor, cowa ka lakisaw ko mitokelan ni Hapakuk.","最終,哈巴谷的期望沒有落空。",joseph_reviewed_traditional,Amis_2662,1,https://glosbe.com/ami/zh/ka/fragment/tmem?page=4&mode=MUST&stem=true,work/reference_glosbe/amis_glosbe_traditional.xml
GLOSBE_REVIEWED_ZHO_ab719477ab5ac9d8,3 Ka Romadiw Kita a Pahemek!,3頁 讓我們高聲歡唱!,joseph_reviewed_traditional,Amis_2663,1,https://glosbe.com/ami/zh/ka/fragment/tmem?page=4&mode=MUST&stem=true,work/reference_glosbe/amis_glosbe_traditional.xml
GLOSBE_REVIEWED_ZHO_8615ad9c0d801c9e,"Nano 15 ko mihecaan, 'alomanayto ko midi'iyan a fa'inayan, toha sakacaaw ka to'ol.","她自15歲起就與不同的人發生性關係,想借此消除寂寞感。",joseph_reviewed_traditional,Amis_2665,2,https://glosbe.com/ami/zh/ka/fragment/tmem?page=4&mode=MUST&stem=true,work/reference_glosbe/amis_glosbe_traditional.xml
GLOSBE_REVIEWED_ZHO_368aab72826e95d9,"Iraay ko sadama ni Yihofa, so'lin o cowa ka lefot a tamdaw wa nga'ay pakalowid ci Satanan.","有耶和華的幫助,即使是不完美的人也能戰勝撒但。(",joseph_reviewed_traditional,Amis_2669,1,https://glosbe.com/ami/zh/ka/fragment/tmem?page=4&mode=MUST&stem=true,work/reference_glosbe/amis_glosbe_traditional.xml
GLOSBE_REVIEWED_ZHO_b25f7831d0500173,"Isaka 1950 mamihecaan a misatapangay to mitosilay demak a salikaka, cowa ka harateng nangra to mamahaen ko nika cowat.","在崇拜活動方面,有些發展是20世紀50年代開始傳道的弟兄姐妹沒有想過的。",joseph_reviewed_traditional,Amis_2671,3,https://glosbe.com/ami/zh/ka/fragment/tmem?page=4&mode=MUST&stem=true,work/reference_glosbe/amis_glosbe_traditional.xml
GLOSBE_REVIEWED_ZHO_dd4997f328084d19,O Yutaya tamdaw cowa ka tayra i loma' no'alafang a tamdaw.,"什麼改變了彼得,使他放下根深蒂固的偏見,願意進哥尼流的家呢?",joseph_reviewed_traditional,Amis_2672,2,https://glosbe.com/ami/zh/ka/fragment/tmem?page=4&mode=MUST&stem=true,work/reference_glosbe/amis_glosbe_traditional.xml
GLOSBE_REVIEWED_ZHO_b200004452e11c3d,"23 Kaemangay Tamdaw — Ka'Padotoc Misa'icel, Milahecito Sakalidong Namo a Tayal'","23頁 年輕人要“不斷努力,完成使你們得救的工作”",joseph_reviewed_traditional,Amis_2676,0,https://glosbe.com/ami/zh/ka/fragment/tmem?page=5&mode=MUST&stem=true,work/reference_glosbe/amis_glosbe_traditional.xml
GLOSBE_REVIEWED_ZHO_86c0c330fe6e8ea8,Ka picadato to ino' —DMAK 22:16.,起來受浸吧!——使徒行傳22:16,joseph_reviewed_traditional,Amis_2677,1,https://glosbe.com/ami/zh/ka/fragment/tmem?page=5&mode=MUST&stem=true,work/reference_glosbe/amis_glosbe_traditional.xml
GLOSBE_REVIEWED_ZHO_81412ad095b85258,"Kawraan, o lipahakay a romi'ad cowa ka halafin.","不過,歡樂的氣氛很快就終止了。",joseph_reviewed_traditional,Amis_2678,1,https://glosbe.com/ami/zh/ka/fragment/tmem?page=5&mode=MUST&stem=true,work/reference_glosbe/amis_glosbe_traditional.xml
GLOSBE_REVIEWED_ZHO_1c44e233f5a66810,"15 Mafiyoray no waywayan no tao ci Mosi, telocto cowa ka padotoc mihalamham ci Yihofaan.","15 摩西被別人的行為影響,結果沒有繼續仰望耶和華。",joseph_reviewed_traditional,Amis_2681,2,https://glosbe.com/ami/zh/ka/fragment/tmem?page=5&mode=MUST&stem=true,work/reference_glosbe/amis_glosbe_traditional.xml
GLOSBE_REVIEWED_ZHO_46735901528d706f,"Cowa ka talaw a mafaliyos,",因信心如船錨堅定。,joseph_reviewed_traditional,Amis_2682,1,https://glosbe.com/ami/zh/ka/fragment/tmem?page=5&mode=MUST&stem=true,work/reference_glosbe/amis_glosbe_traditional.xml
GLOSBE_REVIEWED_ZHO_d51ce63982c7ca1f,27 Kapah Tamdaw — Ka Tanektek a Micoged ci Akomaan,27頁 年輕人要站穩抵抗魔鬼,joseph_reviewed_traditional,Amis_2683,0,https://glosbe.com/ami/zh/ka/fragment/tmem?page=5&mode=MUST&stem=true,work/reference_glosbe/amis_glosbe_traditional.xml
GLOSBE_REVIEWED_ZHO_a1a9557ce393ac57,18 O maanan ko padamaay toniya mararamoday pakafilo to hatiniay ka calemceman a pakayraan hani?,18 什麼幫助這對夫妻應付這樣令人擔心的情況呢?,joseph_reviewed_traditional,Amis_2685,1,https://glosbe.com/ami/zh/ka/fragment/tmem?page=5&mode=MUST&stem=true,work/reference_glosbe/amis_glosbe_traditional.xml
GLOSBE_REVIEWED_ZHO_9f6af5359ed1fd16,"Ci Rihopoam cowa ka hecad ci Tafitian, cowa ka palahad cingra to nga'ayay kalala'ed ato Kawas","羅波安跟大衛不一樣,他沒有和上帝培養緊密的關係",joseph_reviewed_traditional,Amis_2689,1,https://glosbe.com/ami/zh/ka/fragment/tmem?page=5&mode=MUST&stem=true,work/reference_glosbe/amis_glosbe_traditional.xml
GLOSBE_REVIEWED_ZHO_f821870a72533127,"Itini ta'angayay kaemingay a demak no ka'orip, o so'linay Krisciyang wa' ka sasiso'lin ko sowal'.","在生活的大小事上,真基督徒會“彼此說真實的話”。",joseph_reviewed_traditional,Amis_2690,0,https://glosbe.com/ami/zh/ka/fragment/tmem?page=5&mode=MUST&stem=true,work/reference_glosbe/amis_glosbe_traditional.xml
GLOSBE_REVIEWED_ZHO_5f6f5894a099a3a5,"Misatapang miharateng kako, cowa ka lecad ko nika pinengneng ako ato Kawas.","於是我開始想,我對自己的看法也許跟上帝對我的看法不同。",joseph_reviewed_traditional,Amis_2691,2,https://glosbe.com/ami/zh/ka/fragment/tmem?page=5&mode=MUST&stem=true,work/reference_glosbe/amis_glosbe_traditional.xml
GLOSBE_REVIEWED_ZHO_fbd3fb06a0b6b0b8,"Cowa ka harateng noya salikaka, o piratoh ta'angayay ko epoc.",那位弟兄沒想到小小的問候可以發揮那麼大的效力。,joseph_reviewed_traditional,Amis_2692,2,https://glosbe.com/ami/zh/ka/fragment/tmem?page=5&mode=MUST&stem=true,work/reference_glosbe/amis_glosbe_traditional.xml
GLOSBE_REVIEWED_ZHO_55d13ac57ad6cb76,"(2) Tano mari'angay a pakayraan, hano cowa ka nga'ay a misaysay to cowa ka sadafdaf a demak?",乙)為什麼暴力手段不能解決不公的事?(,joseph_reviewed_traditional,Amis_2693,1,https://glosbe.com/ami/zh/ka/fragment/tmem?page=5&mode=MUST&stem=true,work/reference_glosbe/amis_glosbe_traditional.xml
GLOSBE_REVIEWED_ZHO_ab1ece3dac5d2534,Papaira to pasangar cato ka ma'emet ko demak.,"有害的閒話可能會把事情鬧大,讓事情變得一髮不可收拾。",joseph_reviewed_traditional,Amis_2697,1,https://glosbe.com/ami/zh/ka/fragment/tmem?page=5&mode=MUST&stem=true,work/reference_glosbe/amis_glosbe_traditional.xml
GLOSBE_REVIEWED_ZHO_e7cd9a45ad8ba1f2,"Kawraan, patikolto ma'orip ci Yis, o picada to ino' no makalimay malo Krisciyang a tamdaw, cowato ka hecad ko tatodong.","不過,耶穌復活後,浸禮對那些想成為基督徒的人來說,就有了不同的意義。",joseph_reviewed_traditional,Amis_2699,1,https://glosbe.com/ami/zh/ka/fragment/tmem?page=6&mode=MUST&stem=true,work/reference_glosbe/amis_glosbe_traditional.xml
GLOSBE_REVIEWED_ZHO_89fcf612df82c53b,Cowa ka lecalecad ko pinengneng no mikingkiway.,"關於這點,學者們有不同的看法。",joseph_reviewed_traditional,Amis_2704,1,https://glosbe.com/ami/zh/ka/fragment/tmem?page=6&mode=MUST&stem=true,work/reference_glosbe/amis_glosbe_traditional.xml
GLOSBE_REVIEWED_ZHO_62526eea7a9c1a6d,"Cowa ka halafin, tangsolay cangra mitoor tora patosokan.","大會之後不久,他們就採取行動,逐步達到目標。",joseph_reviewed_traditional,Amis_2707,2,https://glosbe.com/ami/zh/ka/fragment/tmem?page=6&mode=MUST&stem=true,work/reference_glosbe/amis_glosbe_traditional.xml
GLOSBE_REVIEWED_ZHO_4dce9bbe3b279a7c,Samaanan ni Yihofa tano cowa ka harateng ni Yis a pakayraan mihayda cingra hani?,耶和華怎樣以耶穌意想不到的方式認可他?,joseph_reviewed_traditional,Amis_2708,1,https://glosbe.com/ami/zh/ka/fragment/tmem?page=6&mode=MUST&stem=true,work/reference_glosbe/amis_glosbe_traditional.xml
GLOSBE_REVIEWED_ZHO_a7ee0f8a2d50309c,Cowa ka dolo a minanam to sowal no Matakaska.,"對迪迪埃和娜丁來說,學習馬達加斯加語很不容易。",joseph_reviewed_traditional,Amis_2709,1,https://glosbe.com/ami/zh/ka/fragment/tmem?page=6&mode=MUST&stem=true,work/reference_glosbe/amis_glosbe_traditional.xml
GLOSBE_REVIEWED_ZHO_f2a46a6d7bde905e,"Cowa ka fana' kako to manan ko raraw ako."" —CINAH.",我不知道自己哪裡做錯了。”——珍妮特,joseph_reviewed_traditional,Amis_2710,2,https://glosbe.com/ami/zh/ka/fragment/tmem?page=6&mode=MUST&stem=true,work/reference_glosbe/amis_glosbe_traditional.xml
GLOSBE_REVIEWED_ZHO_b7c10e9c9f5f2832,"O roma Misawacayay Tamdaw ni Yihofa, hano cowa ka hapinang no tao to mihodopay to Kawas a tamdaw cangra hani?",為什麼有些耶和華見證人讓人很難看出他們是事奉上帝的人?,joseph_reviewed_traditional,Amis_2711,2,https://glosbe.com/ami/zh/ka/fragment/tmem?page=6&mode=MUST&stem=true,work/reference_glosbe/amis_glosbe_traditional.xml
GLOSBE_REVIEWED_ZHO_7277312b2833ca41,Cowa ka cecay aca ko pakayraan.,顯然他們用不同的方式描述一天當中的時間。《,joseph_reviewed_traditional,Amis_2712,3,https://glosbe.com/ami/zh/ka/fragment/tmem?page=6&mode=MUST&stem=true,work/reference_glosbe/amis_glosbe_traditional.xml
GLOSBE_REVIEWED_ZHO_552a86459e30be5c,"""Kao dafong no hekal (caay ka moecel a hafay) ko sapisawidang namo."" —LUKA 16:9.",用不義的錢財結交朋友。——路加福音16:9,joseph_reviewed_traditional,Amis_2713,2,https://glosbe.com/ami/zh/ka/fragment/tmem?page=6&mode=MUST&stem=true,work/reference_glosbe/amis_glosbe_traditional.xml
GLOSBE_REVIEWED_ZHO_1f2379bc2c738e6f,Ka timoloen mitosil.,繼續勇敢向人傳道。,joseph_reviewed_traditional,Amis_2714,1,https://glosbe.com/ami/zh/ka/fragment/tmem?page=6&mode=MUST&stem=true,work/reference_glosbe/amis_glosbe_traditional.xml
GLOSBE_REVIEWED_ZHO_d747eb9cf0f05ca4,Ka Timolo Patenak to Nga'ayay Lihaf!,勇往向前傳王國好消息,joseph_reviewed_traditional,Amis_2716,1,https://glosbe.com/ami/zh/ka/fragment/tmem?page=6&mode=MUST&stem=true,work/reference_glosbe/amis_glosbe_traditional.xml
GLOSBE_REVIEWED_ZHO_a79bd9499360944d,"Latekay, cowa ka sadafdaf ko sowal no tao kitaanan, mangalef milikafay kitaanan.","有時,別人對我們的評論可能不公正,甚至批評我們。",joseph_reviewed_traditional,Amis_2717,2,https://glosbe.com/ami/zh/ka/fragment/tmem?page=6&mode=MUST&stem=true,work/reference_glosbe/amis_glosbe_traditional.xml
GLOSBE_REVIEWED_ZHO_e034fe915f951c5f,"O sowal ningra: ""O saaro'an, fadangalan, hafay sahetoay cowa ka halafin, cowa ko kalimelaan.","她說:“名譽、權力、財富都很短暫,並不那麼重要。",joseph_reviewed_traditional,Amis_2718,1,https://glosbe.com/ami/zh/ka/fragment/tmem?page=6&mode=MUST&stem=true,work/reference_glosbe/amis_glosbe_traditional.xml
GLOSBE_REVIEWED_ZHO_ef2b577b1f3d0263,"Cowa ka talaw a mafaliyos,","即使風暴來襲也不恐懼,",joseph_reviewed_traditional,Amis_2719,1,https://glosbe.com/ami/zh/ka/fragment/tmem?page=6&mode=MUST&stem=true,work/reference_glosbe/amis_glosbe_traditional.xml
GLOSBE_REVIEWED_ZHO_73228acf44609229,"Kinacecayay, maharek no 70 nisawawaan ko mitosilay'inorong tayraay ci Yisan, pakayni ka nga'ay nangra midemak to kafahka'an, milaplap to palafoay, tada lipahakay.","有一次,70個門徒結束傳道工作後回到耶穌那裡,他們因為能施行奇蹟、驅逐邪靈而感到非常高興。",joseph_reviewed_traditional,Amis_2720,1,https://glosbe.com/ami/zh/ka/fragment/tmem?page=6&mode=MUST&stem=true,work/reference_glosbe/amis_glosbe_traditional.xml
GLOSBE_REVIEWED_ZHO_4fff23b540b1dc63,"Kaemangay Tamdaw — ka'Padotoc Misa'icel, Milahecito Sakalidong Namo a Tayal'","年輕人要“不斷努力,完成使你們得救的工作”",joseph_reviewed_traditional,Amis_2721,0,https://glosbe.com/ami/zh/ka/fragment/tmem?page=6&mode=MUST&stem=true,work/reference_glosbe/amis_glosbe_traditional.xml
GLOSBE_REVIEWED_ZHO_3cf7a9fa244d7b2c,"O roma mihongyakan a Fangcalay Cudad, o'cango'otay' mihongyakan to "" awaay ko kapo"", "" awaay ko epoc,"" ""cowa ko kalimelaan.""",有些聖經譯本將“貧乏”翻譯為“無用”、“無意義”、“乏用”。,joseph_reviewed_traditional,Amis_2727,0,https://glosbe.com/ami/zh/Awaay,work/reference_glosbe/amis_glosbe_traditional.xml
GLOSBE_REVIEWED_ZHO_726bedd61783cf00,"Hano awaay ko cecacecay a mirikecay to nganga'ay mifalic to pakayraan, a mirenec to saali no tamdamdaw hani?","為什麼世上沒有任何政府能夠徹底改變現況,滿足人類的需要?",joseph_reviewed_traditional,Amis_2733,1,https://glosbe.com/ami/zh/Awaay,work/reference_glosbe/amis_glosbe_traditional.xml
GLOSBE_REVIEWED_ZHO_f80ab1824a28357d,Awaay ko tolas no hemek.,"我們享有無窮的喜樂,",joseph_reviewed_traditional,Amis_2735,0,https://glosbe.com/ami/zh/Awaay,work/reference_glosbe/amis_glosbe_traditional.xml
GLOSBE_REVIEWED_ZHO_8e5226792173426e,"Kawrira, awaay ko pakayraan nangra, palahedaw to lalood, tatiihay demak, adada, ato nikaw, edeng o Hongti Kitakit no Kawas ko nganga'ay palahedaw to pades.","不過,這些權貴沒辦法消除戰爭、罪行、疾病、貧窮,只有上帝的王國纔可以解決這些難題。",joseph_reviewed_traditional,Amis_2736,5,https://glosbe.com/ami/zh/Awaay,work/reference_glosbe/amis_glosbe_traditional.xml
GLOSBE_REVIEWED_ZHO_3c188f667d737a5d,"4 Sowal ni Yis ci Akoma Satan'miliyangay to so'linay kimad, samanen awaay ko so'linay kimad ilaloma' ningra.'","4 耶穌說魔鬼撒但“沒有在真理中站穩,因為真理不在他裡面”。",joseph_reviewed_traditional,Amis_2737,1,https://glosbe.com/ami/zh/Awaay,work/reference_glosbe/amis_glosbe_traditional.xml
GLOSBE_REVIEWED_ZHO_61775b56413078b2,"Misamanay hano'o misa'adaay ci Yihofaan, awaay ko taneng' hani?","為什麼“跟耶和華對立,就毫無智慧”?",joseph_reviewed_traditional,Amis_2738,0,https://glosbe.com/ami/zh/Awaay,work/reference_glosbe/amis_glosbe_traditional.xml
GLOSBE_REVIEWED_ZHO_e583fe5efcb74bf3,"3 Awaay ko sasa, o cisida'itay a Wama Yihofa o mamihinom kitanan.","3 毫無疑問,滿懷慈悲的天父耶和華最能安慰我們。(",joseph_reviewed_traditional,Amis_2739,0,https://glosbe.com/ami/zh/Awaay,work/reference_glosbe/amis_glosbe_traditional.xml
GLOSBE_REVIEWED_ZHO_93b5e53577079e3b,"Awaay ko sasa, tooren ko sapalimo'ot ni Yihofa, pairaay to sakalemed no mita.","毫無疑問,聽從耶和華的吩咐為我們帶來了滿滿的福分。",joseph_reviewed_traditional,Amis_2740,0,https://glosbe.com/ami/zh/Awaay,work/reference_glosbe/amis_glosbe_traditional.xml
GLOSBE_REVIEWED_ZHO_9216aa6ea2468c09,"Kawra, adihayayho a kilac awaay ko mitosilay tamdaw tayra miliso'.","不過,還是有廣大的地區是傳道員沒拜訪過的。",joseph_reviewed_traditional,Amis_2741,1,https://glosbe.com/ami/zh/Awaay,work/reference_glosbe/amis_glosbe_traditional.xml
GLOSBE_REVIEWED_ZHO_8c8b2f3599be82af,"Awaayto ko no'adingoan a kakaenen itira, awaay ko pakayraan a micawma' to salikaka.","不久之後,媽媽把我送到爸爸那裡,而爸爸住在卡拉奇以北1370公裡外的白沙瓦鎮。",joseph_reviewed_traditional,Amis_2742,1,https://glosbe.com/ami/zh/Awaay,work/reference_glosbe/amis_glosbe_traditional.xml
GLOSBE_REVIEWED_ZHO_d05afc25ef349ef7,Tada awaay ko olah nangra!,他們真是一群冷酷無情的人!,joseph_reviewed_traditional,Amis_2743,0,https://glosbe.com/ami/zh/Awaay,work/reference_glosbe/amis_glosbe_traditional.xml
GLOSBE_REVIEWED_ZHO_39f5f1bdd6b46da2,"Safaelohento koni hekal,","上帝將帶來新天新地,",joseph_reviewed_traditional,Amis_2747,0,https://glosbe.com/ami/zh/koni,work/reference_glosbe/amis_glosbe_traditional.xml
GLOSBE_REVIEWED_ZHO_fbc1b78c72d14956,"Hinacalemcemay kako to adihayay a demak, oha raremoen ako koni.""","老實說,我最大的問題就是為許多事情操心,這是我必須克服的。”",joseph_reviewed_traditional,Amis_2751,2,https://glosbe.com/ami/zh/koni,work/reference_glosbe/amis_glosbe_traditional.xml
GLOSBE_REVIEWED_ZHO_e3e11940094218a0,"Kawra tangsolan no coyoh micokeroh pacomod i cinaw koni fafahiyan, tahaf hanto ningra toya'oteng a satahaf.","但是天使馬上把婦人推回量籃裡,並且蓋上沉重的鉛蓋封住量籃。",joseph_reviewed_traditional,Amis_2753,3,https://glosbe.com/ami/zh/koni,work/reference_glosbe/amis_glosbe_traditional.xml
GLOSBE_REVIEWED_ZHO_7af4641002f7eb54,Hano masaka limelaan koni hani?,為什麼採取這個行動很重要呢?,joseph_reviewed_traditional,Amis_2754,0,https://glosbe.com/ami/zh/koni,work/reference_glosbe/amis_glosbe_traditional.xml
GLOSBE_REVIEWED_ZHO_cf66c1e09ff01fd3,"9 Matepangto koni 70 Tamdaw a Mihongyakan i, o sano Krisiyaay ko sowal a Yutaya tamdaw ato romaroma, cipinangayto mi'osi to Hipray Fangcalay Cudad.","9 《七十子譯本》的出版,讓說希臘語的猶太人和其他人能夠明白《希伯來語經卷》。",joseph_reviewed_traditional,Amis_2755,1,https://glosbe.com/ami/zh/koni,work/reference_glosbe/amis_glosbe_traditional.xml
GLOSBE_REVIEWED_ZHO_cdd850ca1a26187f,"TAMDAW ni Yihofa patahekalay to fangcalay pinangan, o kafana'an no'alomanay koni.",耶和華的子民表現的美好特質一向為人所知。,joseph_reviewed_traditional,Amis_2757,1,https://glosbe.com/ami/zh/koni,work/reference_glosbe/amis_glosbe_traditional.xml
GLOSBE_REVIEWED_ZHO_18c6b1aeaa7cad87,Sanay. Mikowaday tamiyanan koni sowal.,這些話鼓勵我們採取行動。,joseph_reviewed_traditional,Amis_2758,2,https://glosbe.com/ami/zh/koni,work/reference_glosbe/amis_glosbe_traditional.xml
GLOSBE_REVIEWED_ZHO_09232726a20c2bb9,"Haratengen hena, ma'araw ni Cikariya koni fafahiyan sakasadakaw nai cinaw, tada kakoki'an!","想象一下,撒迦利亞看到這個婦人想要從籃子裡爬出來,會有多恐懼啊!",joseph_reviewed_traditional,Amis_2759,1,https://glosbe.com/ami/zh/koni,work/reference_glosbe/amis_glosbe_traditional.xml
GLOSBE_REVIEWED_ZHO_6eab811229e1c8d6,Miliyasto cangra matawaay pasayni tamiyanan miwatawat to kamay!,"他們離開時,這個長官還微笑著對我們揮手呢!",joseph_reviewed_traditional,Amis_2761,1,https://glosbe.com/ami/zh/kamay,work/reference_glosbe/amis_glosbe_traditional.xml
GLOSBE_REVIEWED_ZHO_b7f12b6945440832,"7 ""Kao So'linay a Faloco' ato Nga'ayay a Demak ko Piolah""",7頁 愛要有真誠的行動,joseph_reviewed_traditional,Amis_2768,1,https://glosbe.com/ami/zh/demak,work/reference_glosbe/amis_glosbe_traditional.xml
GLOSBE_REVIEWED_ZHO_fc126036bca9d637,Dotoc a lalakaw wa milengo to maanan a kalimlaan demak hani?,"下一篇課文會談談,我們怎樣做就能培養耶和華的思想。",joseph_reviewed_traditional,Amis_2769,1,https://glosbe.com/ami/zh/demak,work/reference_glosbe/amis_glosbe_traditional.xml
GLOSBE_REVIEWED_ZHO_4f778b1c25e78865,Pa'ayaway ko'Olic 118:22 to manan a kalimelaan a demak hani?,詩篇118:22預告什麼重要的事?,joseph_reviewed_traditional,Amis_2773,1,https://glosbe.com/ami/zh/demak,work/reference_glosbe/amis_glosbe_traditional.xml
GLOSBE_REVIEWED_ZHO_78a2daa4abe76c30,Wa misamaan to demak hani?,我們該怎麼做呢?,joseph_reviewed_traditional,Amis_2774,1,https://glosbe.com/ami/zh/demak,work/reference_glosbe/amis_glosbe_traditional.xml
GLOSBE_REVIEWED_ZHO_bd75c1fc35b6e50f,'Ifowaay ko'alomanay kaemangay tamdaw mirienang to mieminay to toki a demak.,很多年輕的弟兄姊妹非常熱心地參與全時服務。,joseph_reviewed_traditional,Amis_2786,1,https://glosbe.com/ami/zh/demak,work/reference_glosbe/amis_glosbe_traditional.xml
GLOSBE_REVIEWED_ZHO_b7c0f67f3ff7cc1f,Samaanay ko demak noniya Iciyopiya tamdaw hani?,這個埃塞俄比亞人有什麼回應呢?,joseph_reviewed_traditional,Amis_2788,0,https://glosbe.com/ami/zh/demak/fragment/tmem?page=2&mode=MUST&stem=true,work/reference_glosbe/amis_glosbe_traditional.xml
GLOSBE_REVIEWED_ZHO_e0caceb40c188c28,"Itiya 150 a tamdaw ko mirienangay tora taykay, hano falawfaw ko'alomanay tamdaw a minengneng toni demak hani?","但為什麼這個只有大約150人出席的大會,會這麼備受矚目呢?",joseph_reviewed_traditional,Amis_2793,3,https://glosbe.com/ami/zh/demak/fragment/tmem?page=2&mode=MUST&stem=true,work/reference_glosbe/amis_glosbe_traditional.xml
GLOSBE_REVIEWED_ZHO_b97b2901d92e6186,22 Sarocoden ko Faloco' to Masaka Limlaan a Demak,22頁 專注於更重要的事,joseph_reviewed_traditional,Amis_2794,0,https://glosbe.com/ami/zh/demak/fragment/tmem?page=2&mode=MUST&stem=true,work/reference_glosbe/amis_glosbe_traditional.xml
GLOSBE_REVIEWED_ZHO_ff91aea7ca5da5bd,Micangacang to hafay hano mamikayhid to tamdaw misilikor to no'adingoan a demak?,為什麼追求財富會使人把屬靈的事擺在一旁?,joseph_reviewed_traditional,Amis_2808,0,https://glosbe.com/ami/zh/demak/fragment/tmem?page=2&mode=MUST&stem=true,work/reference_glosbe/amis_glosbe_traditional.xml
GLOSBE_REVIEWED_ZHO_dcaf41dd7091feea,Matongal matongal mafana' tano harateng Ningra a minengneng to demak.,"漸漸地,我們懂得用耶和華的觀點看事情。",joseph_reviewed_traditional,Amis_2810,1,https://glosbe.com/ami/zh/demak/fragment/tmem?page=2&mode=MUST&stem=true,work/reference_glosbe/amis_glosbe_traditional.xml
GLOSBE_REVIEWED_ZHO_159abff34d3d0e8d,"Wa milengo kita to pina tinakoan, minengneng to sasamaan kita itini kihcod a demak misaso'li'lin ko waywayan.","我們會討論一些例子,看看我們怎樣在各方面都誠實。",joseph_reviewed_traditional,Amis_2815,4,https://glosbe.com/ami/zh/demak/fragment/tmem?page=3&mode=MUST&stem=true,work/reference_glosbe/amis_glosbe_traditional.xml
GLOSBE_REVIEWED_ZHO_7884814d8f4aba05,"Kao so'linay a faloco' ato nga'ayay a demak ko nipiolah namo."" —1 YOHANI 3:18.","我們的愛,不要空口說白話,要有真誠的行動。——約翰一書3:18",joseph_reviewed_traditional,Amis_2826,2,https://glosbe.com/ami/zh/demak/fragment/tmem?page=3&mode=MUST&stem=true,work/reference_glosbe/amis_glosbe_traditional.xml
GLOSBE_REVIEWED_ZHO_c1ef8492ef6ebe3b,Micalepay mihapinang to demak,"他充滿智慧、知識,明辨事理。",joseph_reviewed_traditional,Amis_2832,0,https://glosbe.com/ami/zh/demak/fragment/tmem?page=3&mode=MUST&stem=true,work/reference_glosbe/amis_glosbe_traditional.xml
GLOSBE_REVIEWED_ZHO_a4e2b67cdb5454b1,"Wa hapinangen no malohemay malitengay ko mifekaday a demak, wa milimasmas to miiingay alatek.","長老根據實際的情況,可能會採取司法行動。",joseph_reviewed_traditional,Amis_2836,1,https://glosbe.com/ami/zh/demak/fragment/tmem?page=3&mode=MUST&stem=true,work/reference_glosbe/amis_glosbe_traditional.xml
GLOSBE_REVIEWED_ZHO_65ad48ef24b2ddd7,"Nikawrira, oniya pakahemekay a demak alatek cecay aca a liyad.","雖然如此,這些事所帶來的快樂有時是短暫的。",joseph_reviewed_traditional,Amis_2837,2,https://glosbe.com/ami/zh/demak/fragment/tmem?page=4&mode=MUST&stem=true,work/reference_glosbe/amis_glosbe_traditional.xml
GLOSBE_REVIEWED_ZHO_a66240fa01b75a57,"Kaemangay tamdaw, wama wina, mato'asay fafahiyan salikaka ato micadaayto to ino' a fa'inayan salikaka, wa misamaan cangra patahekal to timolo midemak to masakenakenaay a fangcalay demak?","年輕人、父母、年長的姊妹和受了浸的弟兄可以怎樣表現勇氣,做各種善工?",joseph_reviewed_traditional,Amis_2846,3,https://glosbe.com/ami/zh/demak/fragment/tmem?page=4&mode=MUST&stem=true,work/reference_glosbe/amis_glosbe_traditional.xml
GLOSBE_REVIEWED_ZHO_d106978142a571e7,"Mapakalalokay ko'alomanay a salikaka, 'ifowa a mirienang to patirengay ato mitomadaway to kasa'opoan a demak.","很多弟兄因此受到鼓勵,更積極參與建築和保養王國聚會所的工作。",joseph_reviewed_traditional,Amis_2847,1,https://glosbe.com/ami/zh/demak/fragment/tmem?page=4&mode=MUST&stem=true,work/reference_glosbe/amis_glosbe_traditional.xml
GLOSBE_REVIEWED_ZHO_2afd4c62ed94d966,"Toniya pina miheca, o misakafahay demak malifetay ako ko lipahak a dademak ci Yihofaan.""","這些年來,先驅工作讓我體驗到為耶和華服務的喜樂。”",joseph_reviewed_traditional,Amis_2854,1,https://glosbe.com/ami/zh/demak/fragment/tmem?page=4&mode=MUST&stem=true,work/reference_glosbe/amis_glosbe_traditional.xml
GLOSBE_REVIEWED_ZHO_981433361416f731,"Pito ko mihecaan ako i, patayraan i picudadan, mihatatanam tono Kiyokay a demak.","七歲時,我被送到一間學校,受宗教方面的訓練。",joseph_reviewed_traditional,Amis_2855,1,https://glosbe.com/ami/zh/demak/fragment/tmem?page=4&mode=MUST&stem=true,work/reference_glosbe/amis_glosbe_traditional.xml
GLOSBE_REVIEWED_ZHO_6a6aa647c2f0a5a4,Miemin to toki ko kaemangay tamdaw to demak no Kawas mamananam ko manan?,年輕人參與全時服務能學到什麼?,joseph_reviewed_traditional,Amis_2858,0,https://glosbe.com/ami/zh/demak/fragment/tmem?page=4&mode=MUST&stem=true,work/reference_glosbe/amis_glosbe_traditional.xml
GLOSBE_REVIEWED_ZHO_aecf9274872e3fe7,"Pakayni toni mikiriwi'ay a mitosilay demak, tahatengilay ko'alomanay a Tureky a tamdaw to nga'ayay ratoh.","很多土耳其人通過這次的特別傳道活動,得以聽見好消息。",joseph_reviewed_traditional,Amis_2863,0,https://glosbe.com/ami/zh/demak/fragment/tmem?page=5&mode=MUST&stem=true,work/reference_glosbe/amis_glosbe_traditional.xml
GLOSBE_REVIEWED_ZHO_62505fb28c0785fe,"Itiya tora lalintadan, o'alomanay minanamay to Fangcalay Cudad a tamdaw, tangsolay mitatoy to matatodongay a demak.","那段時期,大部分的人學了基本的真理後,就會馬上採取正確的行動。",joseph_reviewed_traditional,Amis_2866,2,https://glosbe.com/ami/zh/demak/fragment/tmem?page=5&mode=MUST&stem=true,work/reference_glosbe/amis_glosbe_traditional.xml
GLOSBE_REVIEWED_ZHO_90382a37b1060364,"Isaka 1994 miheca, sakina cecay a masadak kono Kirekis sowal a cudad no Fangcalay Cudad, pisatapangan noka cowat no'adingoan a demak.","1994年,聖經書刊首次以吉爾吉斯語發行,這是屬靈擴展的里程碑。",joseph_reviewed_traditional,Amis_2873,2,https://glosbe.com/ami/zh/demak/fragment/tmem?page=5&mode=MUST&stem=true,work/reference_glosbe/amis_glosbe_traditional.xml
GLOSBE_REVIEWED_ZHO_c27c32b6fe152d1a,12 Wa nga'ay kita mikitini mifekaday a demak tiya miliyas ko Israil tamdaw to Icip caka halafin a minanam to kalimlaan a kimad.,12 我們也可以從以色列人離開埃及不久後發生的事學到寶貴的道理。,joseph_reviewed_traditional,Amis_2874,3,https://glosbe.com/ami/zh/demak/fragment/tmem?page=5&mode=MUST&stem=true,work/reference_glosbe/amis_glosbe_traditional.xml
GLOSBE_REVIEWED_ZHO_e31ada1e143e9376,"Kawra, o kafaheka'an noniya mato'asay mararamoday i, o cecay fa'inayan tayraay i sapisawacay a paliding nangra, pafeliay to hana, miako'id to mitosilay a demak nangra.","不過,讓這對老夫婦最驚訝的是,一名男子來到他們的公眾見證手拉車前,送他們一束花,謝謝他們做的傳道工作。",joseph_reviewed_traditional,Amis_2875,3,https://glosbe.com/ami/zh/demak/fragment/tmem?page=5&mode=MUST&stem=true,work/reference_glosbe/amis_glosbe_traditional.xml
GLOSBE_REVIEWED_ZHO_a4105628cc84303e,"""Kao So'linay a Faloco' ato Nga'ayay a Demak ko Piolah""",愛要有真誠的行動,joseph_reviewed_traditional,Amis_2880,1,https://glosbe.com/ami/zh/demak/fragment/tmem?page=5&mode=MUST&stem=true,work/reference_glosbe/amis_glosbe_traditional.xml
GLOSBE_REVIEWED_ZHO_c75046f493716533,Sapihaenaw to demak so'li'lin a mafana' ci Yihofaan nga'.,方法就是要真正認識耶和華。,joseph_reviewed_traditional,Amis_2882,0,https://glosbe.com/ami/zh/demak/fragment/tmem?page=5&mode=MUST&stem=true,work/reference_glosbe/amis_glosbe_traditional.xml
GLOSBE_REVIEWED_ZHO_9f29fff4ddf96bcb,"Sapifalicaw to niyah cowa ko madoloay, misa'icelay kako mihaen to demak matongalay ko lipahak, mahelaayto ko epoc a ma'orip.""","要改變自己一點也不容易,但我努力這麼做讓我更快樂,也找到了人生的意義。”",joseph_reviewed_traditional,Amis_2883,0,https://glosbe.com/ami/zh/demak/fragment/tmem?page=5&mode=MUST&stem=true,work/reference_glosbe/amis_glosbe_traditional.xml
GLOSBE_REVIEWED_ZHO_810f1858e307c974,"Ikor no cecay miheca minokayto ci Aser, misatapangayto kami to miliso'ay a demak, mahawpay ko Sukolan, kaka'amisan no Ingkelan ato Ka'amis a Aielan.","一年後亞瑟畢業回來,我們就開始區域探訪的工作,範圍包括蘇格蘭、英格蘭北部和北愛爾蘭。",joseph_reviewed_traditional,Amis_2884,2,https://glosbe.com/ami/zh/demak/fragment/tmem?page=5&mode=MUST&stem=true,work/reference_glosbe/amis_glosbe_traditional.xml
GLOSBE_REVIEWED_ZHO_f5863eb7f6e80731,"2 'Arawhan, o masaka limlaan a demak i, o sapisawacayaw to satadamaanay noka pikowan ni Yihofa.","2 其實,對所有人來說,更重要的應該是證明耶和華的至高統治權是正當的。",joseph_reviewed_traditional,Amis_2887,0,https://glosbe.com/ami/zh/demak/fragment/tmem?page=6&mode=MUST&stem=true,work/reference_glosbe/amis_glosbe_traditional.xml
GLOSBE_REVIEWED_ZHO_fbd717710e57ed6a,O mitosilay a demak sasaaretengen ko maanan?,我們的傳道工作應該著重於哪方面?,joseph_reviewed_traditional,Amis_2889,0,https://glosbe.com/ami/zh/demak/fragment/tmem?page=6&mode=MUST&stem=true,work/reference_glosbe/amis_glosbe_traditional.xml
GLOSBE_REVIEWED_ZHO_5d2bc67f0f567d13,"Sapitongalaw cingra to demak ci Yihofaan, misingsiay tayra i Pitil matayal, hanaca itini 1971 miheca matahidang tayra Pitil a matayal.","後來她想為耶和華做更多,就申請到伯特利服務,並在1971年受邀至伯特利工作。",joseph_reviewed_traditional,Amis_2890,3,https://glosbe.com/ami/zh/demak/fragment/tmem?page=6&mode=MUST&stem=true,work/reference_glosbe/amis_glosbe_traditional.xml
GLOSBE_REVIEWED_ZHO_5b61761e2c955da7,7 Mifekaday i Miripa a demak samanay ko piharateng ni Yihofa hani?,7 耶和華對於在米利巴發生的事有什麼感覺呢?,joseph_reviewed_traditional,Amis_2891,0,https://glosbe.com/ami/zh/demak/fragment/tmem?page=6&mode=MUST&stem=true,work/reference_glosbe/amis_glosbe_traditional.xml
GLOSBE_REVIEWED_ZHO_28fe3d344a4fd19e,"Dotoc wa milengo to sepat pakayniay i sarikec a demak: (1) mafana' mirikec to harateng no niyah, (2) micada to sarikec no wama wina, (3) micada to sarikec no kasakopang, ato (4) teloc no mana'ayay to sarikec a demak.",接下來會談談關於管教的四個方面:(1)自律;(2)受父母管教;(3)受會眾管教;(4)比受管教更痛苦的事。,joseph_reviewed_traditional,Amis_2893,2,https://glosbe.com/ami/zh/demak/fragment/tmem?page=6&mode=MUST&stem=true,work/reference_glosbe/amis_glosbe_traditional.xml
GLOSBE_REVIEWED_ZHO_a8ef84610741c434,(2) Misamaanay paihekal ci Pawlo to nika olah to mitosilay demak?,乙)保羅怎麼做表示他熱愛傳道工作?,joseph_reviewed_traditional,Amis_2894,1,https://glosbe.com/ami/zh/demak/fragment/tmem?page=6&mode=MUST&stem=true,work/reference_glosbe/amis_glosbe_traditional.xml
GLOSBE_REVIEWED_ZHO_f57ba04c8c3f4a42,"9, 10. (1) Pakayni i mirikecay a demak, o'ada ni Yis samanay a sapipalafoaw ci Yisan?","9,10.( 甲)耶穌的敵人怎樣利用政治議題來陷害耶穌?(",joseph_reviewed_traditional,Amis_2895,0,https://glosbe.com/ami/zh/demak/fragment/tmem?page=6&mode=MUST&stem=true,work/reference_glosbe/amis_glosbe_traditional.xml
GLOSBE_REVIEWED_ZHO_2dcc4c8d36811731,"2 Nikawrira, to sapisaloaw to nisahalakan no tamdaw, cowa ko madoloay a demak.","2 不過,要滿足人們的期望不是那麼簡單的事。",joseph_reviewed_traditional,Amis_2899,0,https://glosbe.com/ami/zh/demak/fragment/tmem?page=6&mode=MUST&stem=true,work/reference_glosbe/amis_glosbe_traditional.xml
GLOSBE_REVIEWED_ZHO_475d83ac0bb7ba29,"Salikoray no kalafel no Israil i kohkoh i, mafekaday ko maanan a demak hani?","以色列人在曠野流浪到了尾聲時,發生了什麼事?",joseph_reviewed_traditional,Amis_2900,0,https://glosbe.com/ami/zh/demak/fragment/tmem?page=6&mode=MUST&stem=true,work/reference_glosbe/amis_glosbe_traditional.xml
GLOSBE_REVIEWED_ZHO_b498b33c53441581,"2 Cowa ko pasowal aca ni Yis to nisawawaan mamidemak to maanan, pasowalayho to misamaanay hano mihaen to demak.","2 耶穌不只告訴門徒他們必須做什麼,還告訴他們為什麼要這樣做。",joseph_reviewed_traditional,Amis_2902,1,https://glosbe.com/ami/zh/demak/fragment/tmem?page=6&mode=MUST&stem=true,work/reference_glosbe/amis_glosbe_traditional.xml
GLOSBE_REVIEWED_ZHO_bd1b7dc6383c3f0c,"9 'Ayaw no miliyaw ma'orip ci Yis to pina hahekalan, pa'ayawayto ko'Olic 118:22 to mamifekad koniya demak.","9 在耶穌復活前的幾個世紀,詩篇118:22就已經預告這件事會發生。",joseph_reviewed_traditional,Amis_2903,1,https://glosbe.com/ami/zh/demak/fragment/tmem?page=6&mode=MUST&stem=true,work/reference_glosbe/amis_glosbe_traditional.xml
GLOSBE_REVIEWED_ZHO_1a421f199a927324,Kasapaan ko Demak no Kawas,上帝的奇妙作為,joseph_reviewed_traditional,Amis_2904,0,https://glosbe.com/ami/zh/demak/fragment/tmem?page=6&mode=MUST&stem=true,work/reference_glosbe/amis_glosbe_traditional.xml
GLOSBE_REVIEWED_ZHO_939a1e55aa74ecf2,18 Mararid a mirienang to no'adingoan a demak.,18 繼續經常參與屬靈活動。,joseph_reviewed_traditional,Amis_2907,0,https://glosbe.com/ami/zh/demak/fragment/tmem?page=6&mode=MUST&stem=true,work/reference_glosbe/amis_glosbe_traditional.xml
GLOSBE_REVIEWED_ZHO_3d565b4be58880ab,"Sowal ni Aspen: ""Malacafay to kasakopang a salikaka mitosil i, padamaay tamiyanan misamacay to no'adingoan a demak, tawlikay ko harateng.","奧斯本說:“跟會眾的弟兄姐妹傳道幫助我們專注於屬靈的事,也保持思想積極。",joseph_reviewed_traditional,Amis_2908,1,https://glosbe.com/ami/zh/demak/fragment/tmem?page=6&mode=MUST&stem=true,work/reference_glosbe/amis_glosbe_traditional.xml
GLOSBE_REVIEWED_ZHO_9a716593a74e882c,"9 Pakayni i ngangan ni Yihofa miketon to sowal, tada o karetengay a demak.",9 奉耶和華的名發誓是一件非常慎重的事。,joseph_reviewed_traditional,Amis_2911,1,https://glosbe.com/ami/zh/demak/fragment/tmem?page=7&mode=MUST&stem=true,work/reference_glosbe/amis_glosbe_traditional.xml
GLOSBE_REVIEWED_ZHO_9918f7175fcfcdc8,(1) Pakayni Yohani 6:44 sinael wa misamaan ko demak ni Yihofa hani?,"9. (甲)根據約翰福音6:44,耶和華怎麼做?(",joseph_reviewed_traditional,Amis_2917,1,https://glosbe.com/ami/zh/demak/fragment/tmem?page=7&mode=MUST&stem=true,work/reference_glosbe/amis_glosbe_traditional.xml
GLOSBE_REVIEWED_ZHO_4a4719b85dcdd67d,itini i mitosilay demak?,參與傳道工作時,joseph_reviewed_traditional,Amis_2918,1,https://glosbe.com/ami/zh/demak/fragment/tmem?page=7&mode=MUST&stem=true,work/reference_glosbe/amis_glosbe_traditional.xml
GLOSBE_REVIEWED_ZHO_35eb716d27e6530e,O Mihamhamay a Demak —Masaka Limelaan Kahemekan!,表現好客既重要又令人快樂,joseph_reviewed_traditional,Amis_2919,0,https://glosbe.com/ami/zh/demak/fragment/tmem?page=7&mode=MUST&stem=true,work/reference_glosbe/amis_glosbe_traditional.xml
GLOSBE_REVIEWED_ZHO_2a9227af139776bf,"Ta'angayay ko pipadama to mitosilay demak, samanen nga'ayay kami mihatosa itini i Parakoy ato Pracil a misikay to sa'opo.","在那裡居住對傳道工作很有幫助,因為我們在巴拉圭和巴西都可以舉行聚會。",joseph_reviewed_traditional,Amis_2920,2,https://glosbe.com/ami/zh/demak/fragment/tmem?page=7&mode=MUST&stem=true,work/reference_glosbe/amis_glosbe_traditional.xml
GLOSBE_REVIEWED_ZHO_56260df2460b1881,Hano ira ko hatiniay a kalingad no demak?,為什麼事情會有這樣的發展?,joseph_reviewed_traditional,Amis_2921,1,https://glosbe.com/ami/zh/demak/fragment/tmem?page=7&mode=MUST&stem=true,work/reference_glosbe/amis_glosbe_traditional.xml
GLOSBE_REVIEWED_ZHO_7210f1b1dee9ff6e,"3 Doedoen Koniya Demak, Wa Ira ko Lemed",3 遵行這些事就有福了,joseph_reviewed_traditional,Amis_2922,2,https://glosbe.com/ami/zh/demak/fragment/tmem?page=7&mode=MUST&stem=true,work/reference_glosbe/amis_glosbe_traditional.xml
GLOSBE_REVIEWED_ZHO_ade1cd42d367e13d,Mahemekay kako ira ko fadangalan ako pasadak to'icel itini toniya demak.,我很高興自己有榮幸能在這方面盡一分力。,joseph_reviewed_traditional,Amis_2923,2,https://glosbe.com/ami/zh/demak/fragment/tmem?page=7&mode=MUST&stem=true,work/reference_glosbe/amis_glosbe_traditional.xml
GLOSBE_REVIEWED_ZHO_a739d2e027d12992,"Ikor no mitowakang ci Atam aci Ifa, paihekalay ci Yihofa to maanan a demak pakayni toniya'ada hani?","亞當和夏娃反叛後,耶和華透露關於仇敵的什麼事?",joseph_reviewed_traditional,Amis_2924,1,https://glosbe.com/ami/zh/demak/fragment/tmem?page=7&mode=MUST&stem=true,work/reference_glosbe/amis_glosbe_traditional.xml
GLOSBE_REVIEWED_ZHO_3d3eb8a1d52cdcbd,"Itiya, o KKK a mari'angay a kasakapot tada matenakay, miowingay cangra to misafinacaday a harateng, marariday ira ko mikari'angay a demak nangra.","那時候,三K黨非常猖獗,他們鼓吹種族主義,常常有暴力行為。",joseph_reviewed_traditional,Amis_2925,2,https://glosbe.com/ami/zh/demak/fragment/tmem?page=7&mode=MUST&stem=true,work/reference_glosbe/amis_glosbe_traditional.xml
GLOSBE_REVIEWED_ZHO_82952078c8d6debe,"Malasawadto ko i'ayaway a demak."" —Pa'arawan 21:3, 4, Fangcalay Cudad no Amis.","從前的事已經過去了。”——啟示錄21:4,《新世界譯本》",joseph_reviewed_traditional,Amis_2927,0,https://glosbe.com/ami/zh/demak/fragment/tmem?page=7&mode=MUST&stem=true,work/reference_glosbe/amis_glosbe_traditional.xml
GLOSBE_REVIEWED_ZHO_5d9f856607ea4b39,"(Pa'arawan 2:10) Ikor, mikotayan ni Frans ko mikayatay a demak.","啟示錄2:10)後來,法蘭茲弟兄接替了督導的工作。",joseph_reviewed_traditional,Amis_2928,0,https://glosbe.com/ami/zh/demak/fragment/tmem?page=7&mode=MUST&stem=true,work/reference_glosbe/amis_glosbe_traditional.xml
GLOSBE_REVIEWED_ZHO_9b64a85a04a5c3e5,Misamaanay ci Yis misakareteng to masaka limelaan ko saaro'an no romadiway demak?,"在人類歷史上最重要的一個晚上,耶穌設立了主的晚餐,同樣也以唱歌來結束聚會。(",joseph_reviewed_traditional,Amis_2929,0,https://glosbe.com/ami/zh/demak/fragment/tmem?page=7&mode=MUST&stem=true,work/reference_glosbe/amis_glosbe_traditional.xml
GLOSBE_REVIEWED_ZHO_c7a354a179f31120,Makahi mitongal to demak,自願做更多服務,joseph_reviewed_traditional,Amis_2930,0,https://glosbe.com/ami/zh/demak/fragment/tmem?page=7&mode=MUST&stem=true,work/reference_glosbe/amis_glosbe_traditional.xml
GLOSBE_REVIEWED_ZHO_22b64a6feda1bc5a,"7 Pakaso'linay to Kawas ko no'adingoan a tamdaw, hanaca tano harateng no Kawas a minengneng to demak.","7 屬靈的人對上帝有信心,並且會用上帝的觀點看事情。",joseph_reviewed_traditional,Amis_2931,1,https://glosbe.com/ami/zh/demak/fragment/tmem?page=7&mode=MUST&stem=true,work/reference_glosbe/amis_glosbe_traditional.xml
GLOSBE_REVIEWED_ZHO_f6d59908872014f8,"Pakaso'linay kako, o ci Yihofa ko pala'osiay tonini a demak.",我深信是耶和華促成這些成果的。,joseph_reviewed_traditional,Amis_2932,1,https://glosbe.com/ami/zh/demak/fragment/tmem?page=7&mode=MUST&stem=true,work/reference_glosbe/amis_glosbe_traditional.xml
GLOSBE_REVIEWED_ZHO_1ba98d3eb869f575,"Hatini ko nika cowat no demak, edengan ci Yihofa ko papakafilo a midemak.","能有這麼多驚人的擴展,只有耶和華才辦得到。",joseph_reviewed_traditional,Amis_2933,1,https://glosbe.com/ami/zh/demak/fragment/tmem?page=7&mode=MUST&stem=true,work/reference_glosbe/amis_glosbe_traditional.xml
GLOSBE_REVIEWED_ZHO_fb59ff86cb7d7e23,"Sida'it ko demak,","樂意施恩行善,",joseph_reviewed_traditional,Amis_2934,0,https://glosbe.com/ami/zh/demak/fragment/tmem?page=7&mode=MUST&stem=true,work/reference_glosbe/amis_glosbe_traditional.xml
GLOSBE_REVIEWED_ZHO_9e83d4a239882f5c,"2 Oniya lalakaw wa milengo to tinakoen no tamdaw itini Fangcalay Cudad, midopoay ci Yihofaan sanay cangra, kawra midemakayho to ka'intehan no Kawas a demak.","2 本篇課文會討論一些聖經人物的例子,他們聲稱擁護耶和華,卻又同時做出上帝恨惡的事。",joseph_reviewed_traditional,Amis_2935,3,https://glosbe.com/ami/zh/demak/fragment/tmem?page=7&mode=MUST&stem=true,work/reference_glosbe/amis_glosbe_traditional.xml
GLOSBE_REVIEWED_ZHO_1942bce3cdf88b81,"Mahemekay kami ma'araw ko wawa pakatoor to no'adingoan palinian nangra, kala cafay cangranan mihaen to demak tada kalipahakan.""","我們很高興看見兒女能達到屬靈目標,也很開心能陪伴他們這樣做。”",joseph_reviewed_traditional,Amis_2937,0,https://glosbe.com/ami/zh/demak/fragment/tmem?page=8&mode=MUST&stem=true,work/reference_glosbe/amis_glosbe_traditional.xml
GLOSBE_REVIEWED_ZHO_620184b401f79956,"Misamaanay hano mamisetek ko demak no mararaway tamdaw, honga' milifok to sida'it no Kawas?",為什麼犯過者要採取果斷的行動才能得蒙慈悲?,joseph_reviewed_traditional,Amis_2938,0,https://glosbe.com/ami/zh/demak/fragment/tmem?page=8&mode=MUST&stem=true,work/reference_glosbe/amis_glosbe_traditional.xml
GLOSBE_REVIEWED_ZHO_8ee8161c89496db3,"Wa hapinangen no malohemay malitengay ko mifekaday a demak, o mirienangay to hatiniay a demak a tamdaw, mararaway to madadi'iay a waywayan hokira, misaaliay to aiingen.","長老會根據實際的情況決定,參與這種活動的人是否犯下不道德的性行為,需要採取司法行動。",joseph_reviewed_traditional,Amis_2944,1,https://glosbe.com/ami/zh/demak/fragment/tmem?page=8&mode=MUST&stem=true,work/reference_glosbe/amis_glosbe_traditional.xml
GLOSBE_REVIEWED_ZHO_d7e3c2f1cf41130d,"Ikorto miekoan koniya demak i hoing, kako ko mihadakay to saeko.","有一天,我們一群人在瓦勒多附近的瓦爾賽訥維爾傳道,那裡的教士威脅我們,如果不馬上離開就要打我們。",joseph_reviewed_traditional,Amis_2947,0,https://glosbe.com/ami/zh/demak/fragment/tmem?page=8&mode=MUST&stem=true,work/reference_glosbe/amis_glosbe_traditional.xml
GLOSBE_REVIEWED_ZHO_18493e84b9cff807,"(Ifiso 3:8) Paitinien toni demak ko pinengneng, wa ikakaho ko kaciepoc to pinengneng to tatirengan ato pising ni Pawlo.","以弗所書3:8)我們把注意力放在這些事上,肯定比關注保羅的外貌更有意義。",joseph_reviewed_traditional,Amis_2948,2,https://glosbe.com/ami/zh/demak/fragment/tmem?page=8&mode=MUST&stem=true,work/reference_glosbe/amis_glosbe_traditional.xml
GLOSBE_REVIEWED_ZHO_28ca6f49c970f1f3,"Tiya tahirato i Yirusalim ko pilood ni Sisak i, katalawanto ko demak.","示撒進攻到耶路撒冷的時候,情況變得十分危急。",joseph_reviewed_traditional,Amis_2949,1,https://glosbe.com/ami/zh/demak/fragment/tmem?page=8&mode=MUST&stem=true,work/reference_glosbe/amis_glosbe_traditional.xml
GLOSBE_REVIEWED_ZHO_c45ac66715e802c5,"8 Nikawrira, mata'lif ko 40 miheca, tahirato salikoray no kalafel no Israil i kohkoh i, mifekaday aca ko maanan a demak hani?","8 然而,過了大約40年,以色列人在曠野流浪到了尾聲時,又發生了什麼事呢?",joseph_reviewed_traditional,Amis_2950,1,https://glosbe.com/ami/zh/demak/fragment/tmem?page=8&mode=MUST&stem=true,work/reference_glosbe/amis_glosbe_traditional.xml
GLOSBE_REVIEWED_ZHO_ba96018db084deb9,La'osi ko demak.,達成偉大旨意。,joseph_reviewed_traditional,Amis_2951,0,https://glosbe.com/ami/zh/demak/fragment/tmem?page=8&mode=MUST&stem=true,work/reference_glosbe/amis_glosbe_traditional.xml
GLOSBE_REVIEWED_ZHO_227a061854de8ce8,"11 O kaemangay mamisa'osi to karetengay demak, mahawpay to papatireng to patosokan noka'orip.",11 年輕人需要作的重大決定也包括立下人生目標。,joseph_reviewed_traditional,Amis_2952,0,https://glosbe.com/ami/zh/demak/fragment/tmem?page=8&mode=MUST&stem=true,work/reference_glosbe/amis_glosbe_traditional.xml
GLOSBE_REVIEWED_ZHO_1c5ef741a3ca77a9,Misa'osiay ko faloco' ni Hapakuk misamaan ko demak?,哈巴谷決心怎麼做?,joseph_reviewed_traditional,Amis_2953,0,https://glosbe.com/ami/zh/demak/fragment/tmem?page=8&mode=MUST&stem=true,work/reference_glosbe/amis_glosbe_traditional.xml
GLOSBE_REVIEWED_ZHO_695aab7c60098570,"Samanen tawlikay ko wama mirienang to demak no yofayof no Naci, o miongtingay cingra to paliding no cecay kakeridan no yofayof.","因為我的父親積極參與納粹黨的活動,他是納粹黨一個分支首領的司機。",joseph_reviewed_traditional,Amis_2955,2,https://glosbe.com/ami/zh/demak/fragment/tmem?page=8&mode=MUST&stem=true,work/reference_glosbe/amis_glosbe_traditional.xml
GLOSBE_REVIEWED_ZHO_80f97b97445541ab,"Kawra, mamisinanot cangra to maanan a demak hani?","但是,他們應該考慮哪些事呢?",joseph_reviewed_traditional,Amis_2956,0,https://glosbe.com/ami/zh/demak/fragment/tmem?page=8&mode=MUST&stem=true,work/reference_glosbe/amis_glosbe_traditional.xml
GLOSBE_REVIEWED_ZHO_af5a91335b295195,"2 Kawrira, o pasifana'ay to Rikec ato Farisay miraraway to sarikec no Kawas, ma'araw ni Yis koniya demak, adadaay ko faloco'!","2 然而,抄經士和法利賽派曲解上帝的律法,耶穌看到這樣的情形,一定十分痛心!",joseph_reviewed_traditional,Amis_2957,2,https://glosbe.com/ami/zh/demak/fragment/tmem?page=8&mode=MUST&stem=true,work/reference_glosbe/amis_glosbe_traditional.xml
GLOSBE_REVIEWED_ZHO_cc93509a351e362c,"Isaka 2006 miheca, tayraayto i Matakaska cangra, maolahay to mitosilay demak itira.","他們在2006年抵達馬達加斯加,很快就愛上了當地的傳道工作。",joseph_reviewed_traditional,Amis_2960,0,https://glosbe.com/ami/zh/demak/fragment/tmem?page=8&mode=MUST&stem=true,work/reference_glosbe/amis_glosbe_traditional.xml
GLOSBE_REVIEWED_ZHO_d809c3c4cc7ab004,"Misamacayay mitengil toya kohecalay ko ngisngis ato fokes, ciriko'ay to kohetingay kafafang a mikimaday.","他非常專心地聆聽臺上留著白鬍子和一頭白髮,身穿黑色大衣的講者所說的話。",joseph_reviewed_traditional,Amis_2992,4,https://glosbe.com/ami/zh/ato/fragment/tmem?page=2&mode=MUST&stem=true,work/reference_glosbe/amis_glosbe_traditional.xml
GLOSBE_REVIEWED_ZHO_8d9243a103452f7a,"12 Makahi kita misadak to toki ato'icel mitosil pasifana' to tamdaw, wa ta'angay ko hemek.","12 我們樂意付出時間和精力傳道教人,一定會很快樂。",joseph_reviewed_traditional,Amis_3001,1,https://glosbe.com/ami/zh/ato/fragment/tmem?page=2&mode=MUST&stem=true,work/reference_glosbe/amis_glosbe_traditional.xml
GLOSBE_REVIEWED_ZHO_7e0ba0748da1fc32,"9. (1) Oya 70 Tamdaw Mihongyakan ato romaroma a mihongyakan, misamaanay mifiyor to mi'osiay to Fangcalay Cudad a tamdaw?",9.( 甲)《七十子譯本》和其他譯本對於閱讀聖經的人有什麼影響?(,joseph_reviewed_traditional,Amis_3007,0,https://glosbe.com/ami/zh/ato/fragment/tmem?page=2&mode=MUST&stem=true,work/reference_glosbe/amis_glosbe_traditional.xml
GLOSBE_REVIEWED_ZHO_327a70bafd4b1a22,"(Yohani 13:34, 35; Dmak 11:27-30) Wa nga'ay kita padama cangranan milosimet ato miliyaw patireng to loma'.","約翰福音13:34,35;使徒行傳11:27-30)我們也可以協助他們清理和重建家園。",joseph_reviewed_traditional,Amis_3019,1,https://glosbe.com/ami/zh/ato/fragment/tmem?page=3&mode=MUST&stem=true,work/reference_glosbe/amis_glosbe_traditional.xml
GLOSBE_REVIEWED_ZHO_a577820a9ef9fdd2,"Haharatengen ningra ko pinangan, harateng, ato tolas no'icel ningra.",他需要考慮犯過者的背景、動機、能力限度。,joseph_reviewed_traditional,Amis_3036,1,https://glosbe.com/ami/zh/ato/fragment/tmem?page=4&mode=MUST&stem=true,work/reference_glosbe/amis_glosbe_traditional.xml
GLOSBE_REVIEWED_ZHO_f442e9ab3c11bfe7,"Itiya, kako ato tatolo salikaka itiniay Lahae a kitiraan no milakowitay to riyar a mikiloma'.","當時,我和另外三位弟兄住在拉合爾的特派傳道員之家。",joseph_reviewed_traditional,Amis_3041,2,https://glosbe.com/ami/zh/ato/fragment/tmem?page=4&mode=MUST&stem=true,work/reference_glosbe/amis_glosbe_traditional.xml
GLOSBE_REVIEWED_ZHO_fdd22a5b7a915c2a,ato timoloay.,你會賜我勇氣。,joseph_reviewed_traditional,Amis_3049,0,https://glosbe.com/ami/zh/ato/fragment/tmem?page=4&mode=MUST&stem=true,work/reference_glosbe/amis_glosbe_traditional.xml
GLOSBE_REVIEWED_ZHO_974907dad12b3303,26 Paliding no Efa ato Tamohong Mamidipot to Finawlan no Kawas,26頁 馬車與王冠能保護上帝的子民,joseph_reviewed_traditional,Amis_3050,2,https://glosbe.com/ami/zh/ato/fragment/tmem?page=4&mode=MUST&stem=true,work/reference_glosbe/amis_glosbe_traditional.xml
GLOSBE_REVIEWED_ZHO_7e858a53b5f84a81,Mica'edong to olah ato sini'ada hano papadama kitanan milifok to halifon?,為什麼穿上愛和仁慈能讓我們贏得獎賞?,joseph_reviewed_traditional,Amis_3053,0,https://glosbe.com/ami/zh/ato/fragment/tmem?page=4&mode=MUST&stem=true,work/reference_glosbe/amis_glosbe_traditional.xml
GLOSBE_REVIEWED_ZHO_4649c32562804290,Pahatatanamen cangra mitoor to sakayat no Kimad no Kawas ato kasakopang a matayal.,訓練 幫助年輕弟兄按照上帝的話語及會眾的指示去做。,joseph_reviewed_traditional,Amis_3054,2,https://glosbe.com/ami/zh/ato/fragment/tmem?page=4&mode=MUST&stem=true,work/reference_glosbe/amis_glosbe_traditional.xml
GLOSBE_REVIEWED_ZHO_3d88fc8356f9e756,"Itini toniya pasangaray si'ayawen a'awaled, madoloay ko tamdaw mapaekel no saroero ato pasangaray no ka'orip.","在這個難以應付的非常時期,人很容易被生活的壓力和難題壓得喘不過氣。",joseph_reviewed_traditional,Amis_3056,1,https://glosbe.com/ami/zh/ato/fragment/tmem?page=4&mode=MUST&stem=true,work/reference_glosbe/amis_glosbe_traditional.xml
GLOSBE_REVIEWED_ZHO_1b361cdb09f8bc77,"Kalekiay kami mafana'to salikaka i faelohay kasakopang, misakafahay ato pitosilan a kilac.""",我們很快就熟悉新會眾的弟兄姊妹、先驅和傳道地區。”,joseph_reviewed_traditional,Amis_3058,0,https://glosbe.com/ami/zh/ato/fragment/tmem?page=4&mode=MUST&stem=true,work/reference_glosbe/amis_glosbe_traditional.xml
GLOSBE_REVIEWED_ZHO_688c8ec9dc9d75d2,"Cowa ko pisadak aca to no'adingoan a sadama, o roma Krisciyang wa midimokos to halafinay adada a paro no loma' anca salawina, misaaliay to olah ato mihadidiay.","除了提供屬靈的幫助,有些基督徒也需要照顧長期患病的家人或親友,這也需要愛心和耐心。",joseph_reviewed_traditional,Amis_3060,4,https://glosbe.com/ami/zh/ato/fragment/tmem?page=4&mode=MUST&stem=true,work/reference_glosbe/amis_glosbe_traditional.xml
GLOSBE_REVIEWED_ZHO_0f80427f6fdc47f6,"Nikawrira, ma'kakto ko potalay no Itin a sera, ""papalengawen no sera ko ceka a semot ato talod,"" ma'orip ci Atam aci Ifa i potal no Itin, misaaliay to matatodongay a riko'.","然而,伊甸園外的大地受到咒詛,長滿“荊棘和蒺藜”,亞當和夏娃要在伊甸園外生活,就需要更合適的衣服。",joseph_reviewed_traditional,Amis_3063,5,https://glosbe.com/ami/zh/ato/fragment/tmem?page=5&mode=MUST&stem=true,work/reference_glosbe/amis_glosbe_traditional.xml
GLOSBE_REVIEWED_ZHO_1866a6a46158a9d2,ato Hongti Kitakit.,"稱頌耶和華的名,",joseph_reviewed_traditional,Amis_3064,1,https://glosbe.com/ami/zh/ato/fragment/tmem?page=5&mode=MUST&stem=true,work/reference_glosbe/amis_glosbe_traditional.xml
GLOSBE_REVIEWED_ZHO_dfe08c286791bd43,"9, 10. (1) Wa nga'ay kita misamaan mitodong ci Nowaan, paihekal to paso'linay faloco' ato midoedoay?","9,10.( 甲)我們可以怎樣效法挪亞,表現信心和服從?(",joseph_reviewed_traditional,Amis_3068,1,https://glosbe.com/ami/zh/ato/fragment/tmem?page=5&mode=MUST&stem=true,work/reference_glosbe/amis_glosbe_traditional.xml
GLOSBE_REVIEWED_ZHO_db74e28e62183911,"Mirienangay cingra to ""pararamoday,"" ato ""tadamaanay a sapataheka.""",他也參加“婚宴”和“盛宴”。(,joseph_reviewed_traditional,Amis_3069,0,https://glosbe.com/ami/zh/ato/fragment/tmem?page=5&mode=MUST&stem=true,work/reference_glosbe/amis_glosbe_traditional.xml
GLOSBE_REVIEWED_ZHO_db39eb7f02b213c9,O cima ko mamihinom ato pakalalok to matoleday a salikaka hani?,誰應該安慰和鼓勵灰心的弟兄姐妹?,joseph_reviewed_traditional,Amis_3070,1,https://glosbe.com/ami/zh/ato/fragment/tmem?page=5&mode=MUST&stem=true,work/reference_glosbe/amis_glosbe_traditional.xml
GLOSBE_REVIEWED_ZHO_2ec9616fa720f803,"(2) Itini Icikil 3:18, 19 ato 18:23 samaanay padama kitaanan fanekfek a mitosil i tamdaw?","乙)以西結書3:18,19和18:23怎樣幫助我們堅持向人傳道?",joseph_reviewed_traditional,Amis_3071,1,https://glosbe.com/ami/zh/ato/fragment/tmem?page=5&mode=MUST&stem=true,work/reference_glosbe/amis_glosbe_traditional.xml
GLOSBE_REVIEWED_ZHO_5bad261be7511d7b,Tano Sarikec ato Safalod no Kawas Pahatatanam to Makapahay Faloco',用上帝的律法和原則鍛煉良心,joseph_reviewed_traditional,Amis_3074,1,https://glosbe.com/ami/zh/ato/fragment/tmem?page=5&mode=MUST&stem=true,work/reference_glosbe/amis_glosbe_traditional.xml
GLOSBE_REVIEWED_ZHO_e7fafc1fa0150897,ko tao ato niyah.,也拯救別人生命。,joseph_reviewed_traditional,Amis_3075,1,https://glosbe.com/ami/zh/ato/fragment/tmem?page=5&mode=MUST&stem=true,work/reference_glosbe/amis_glosbe_traditional.xml
GLOSBE_REVIEWED_ZHO_75fa5ab1a17b3509,Samaan a micawma' to nga'ayay widang ato patireng to ciepocay patosokan?,怎樣結交良朋益友和設定有意義的目標?,joseph_reviewed_traditional,Amis_3076,1,https://glosbe.com/ami/zh/ato/fragment/tmem?page=5&mode=MUST&stem=true,work/reference_glosbe/amis_glosbe_traditional.xml
GLOSBE_REVIEWED_ZHO_c130964b5c704472,"Halitosaan minengneng kono Finam ato Padaka a Mikecolay, palalini a mihatatanam tono Finam a sowal.","我會同時看英語和越南語的《守望臺》,對照兩個版本來學習越南語。",joseph_reviewed_traditional,Amis_3077,1,https://glosbe.com/ami/zh/ato/fragment/tmem?page=5&mode=MUST&stem=true,work/reference_glosbe/amis_glosbe_traditional.xml
GLOSBE_REVIEWED_ZHO_1f7b1e1fb0cb5599,"Nohatini ci Rasier ato fafahi ningra misaka dademakan nangra ko mihatatanaman ato nalifetan itiya, padama to kasakopang a salikaka, mahemakay ko salikaka cangraanan.","現在,拉塞爾和妻子善用過去受到的訓練和經歷幫助會眾裡的人,讓弟兄姐妹都很開心。",joseph_reviewed_traditional,Amis_3082,2,https://glosbe.com/ami/zh/ato/fragment/tmem?page=5&mode=MUST&stem=true,work/reference_glosbe/amis_glosbe_traditional.xml
GLOSBE_REVIEWED_ZHO_1d58df0580baa1b0,"7 Adihayay ko ma'oningay i Fangcalay Cudad to'alomanay finawlan no Kawas, patafangay to dafong ato payci no niyah.",7 聖經記載了許多上帝子民奉獻自己財物的事蹟。,joseph_reviewed_traditional,Amis_3083,2,https://glosbe.com/ami/zh/ato/fragment/tmem?page=5&mode=MUST&stem=true,work/reference_glosbe/amis_glosbe_traditional.xml
GLOSBE_REVIEWED_ZHO_d6c4ccc2ae396aa9,6 Wa mi'osi ato midotim kita to milingatay to Piharatengan a Sa'opo a lalakaw.,6 我們也要閱讀和沉思跟受難紀念聚會相關的文章。(,joseph_reviewed_traditional,Amis_3084,1,https://glosbe.com/ami/zh/ato/fragment/tmem?page=5&mode=MUST&stem=true,work/reference_glosbe/amis_glosbe_traditional.xml
GLOSBE_REVIEWED_ZHO_b000f7318c5fba9a,"1965 Miheca, Mariya ato fafahiyan wawa ci Oleka aci Irina","1965年,瑪麗亞跟女兒奧爾加和伊里娜",joseph_reviewed_traditional,Amis_3085,2,https://glosbe.com/ami/zh/ato/fragment/tmem?page=5&mode=MUST&stem=true,work/reference_glosbe/amis_glosbe_traditional.xml
GLOSBE_REVIEWED_ZHO_7db7cda3a84761c1,"Caka halafin, cingra ato fafahi ci Lici tayniay i Putawya, miliyaw malacafay ci Yangkean.","不久,他和妻子莉齊來到葡萄牙,再次和揚格弟兄一起工作。",joseph_reviewed_traditional,Amis_3086,1,https://glosbe.com/ami/zh/ato/fragment/tmem?page=6&mode=MUST&stem=true,work/reference_glosbe/amis_glosbe_traditional.xml
GLOSBE_REVIEWED_ZHO_18b66133af0987a7,"Misafelitay to kimad tamdaw ato micoliay a tamdaw mialaay to mitepangan no mita a lalakaw pasadak i wangcan nangra, mihaen o sapisolotaw to Misawacayay Tamdaw ni Yihofa ato romaroma tamdaw tayra misolap i wangcan nangra.","叛道者和反對者會把我們出版的資料張跕在他們的網頁上,借此吸引耶和華見證人和其他人瀏攬。",joseph_reviewed_traditional,Amis_3095,2,https://glosbe.com/ami/zh/ato/fragment/tmem?page=6&mode=MUST&stem=true,work/reference_glosbe/amis_glosbe_traditional.xml
GLOSBE_REVIEWED_ZHO_7fb0c9c7d6304ac6,Malohemay Malitengay Ato Padamaay Sikawdan Pasayra Ci Timotian Minanam,長老和助理僕人 要向提摩太學習,joseph_reviewed_traditional,Amis_3098,0,https://glosbe.com/ami/zh/ato/fragment/tmem?page=6&mode=MUST&stem=true,work/reference_glosbe/amis_glosbe_traditional.xml
GLOSBE_REVIEWED_ZHO_287242b855917df4,"Misanga' ci Yihofa to tamdaw, nanay mahemek ato ciepoc ko ka'orip no mita.","耶和華創造人類,希望我們過得既快樂又有意義。",joseph_reviewed_traditional,Amis_3102,1,https://glosbe.com/ami/zh/ato/fragment/tmem?page=6&mode=MUST&stem=true,work/reference_glosbe/amis_glosbe_traditional.xml
GLOSBE_REVIEWED_ZHO_2e1021367f5c7332,O manan ko padamaay cangranan paihekal to paso'linay faloco' ato midofdofay?,什麼幫助他們表現信心和服從?,joseph_reviewed_traditional,Amis_3105,0,https://glosbe.com/ami/zh/ato/fragment/tmem?page=6&mode=MUST&stem=true,work/reference_glosbe/amis_glosbe_traditional.xml
GLOSBE_REVIEWED_ZHO_a136290edaa7312d,Wa miliso'tisowanan ato paro no loma'iso.,他也可能會安排時間牧養探訪你和你的家人。,joseph_reviewed_traditional,Amis_3108,2,https://glosbe.com/ami/zh/ato/fragment/tmem?page=6&mode=MUST&stem=true,work/reference_glosbe/amis_glosbe_traditional.xml
GLOSBE_REVIEWED_ZHO_67fcb90fb20cf36e,"O noka'orip itini i Payen Pelaf no Arkansa adihayay ko pasangar, kawra nga'ayay ko nika cacawma' ato salikaka, maolahay kami itini a mitosil.","雖然在派恩布拉夫的生活遇到不少困難,跟弟兄姐妹相處的時光卻十分美好,我們也很喜歡在當地傳道。",joseph_reviewed_traditional,Amis_3109,3,https://glosbe.com/ami/zh/ato/fragment/tmem?page=6&mode=MUST&stem=true,work/reference_glosbe/amis_glosbe_traditional.xml
GLOSBE_REVIEWED_ZHO_9ee0e76808b36b77,Iraay ko manan wacayan paihekalay to mikayatan no Kawas ko aniniay ato isaka cecayay hahekalan a Kasacefang no Mikayatay a Malohemay Malitengay?,"有什麼證據顯示今天的中央長老團跟1世紀的中央長老團一樣,都受上帝引導?",joseph_reviewed_traditional,Amis_3110,1,https://glosbe.com/ami/zh/ato/fragment/tmem?page=6&mode=MUST&stem=true,work/reference_glosbe/amis_glosbe_traditional.xml
GLOSBE_REVIEWED_ZHO_14ce2f8aa9dc220d,"(2) Filipi 2:13 ato 2 Korinto 4:7, samaanay padama to fa'inayan salikaka patahekal to timolo?",乙)腓立比書2:13和4:13的經文怎樣幫助弟兄鼓起勇氣?,joseph_reviewed_traditional,Amis_3111,0,https://glosbe.com/ami/zh/ato/fragment/tmem?page=7&mode=MUST&stem=true,work/reference_glosbe/amis_glosbe_traditional.xml
GLOSBE_REVIEWED_ZHO_85b91012af9cc874,Sasamaan cingra mirenec to nodafongan ato midi'iay a saali no niyah hani?,她怎樣滿足自己在物質和性方面的需要呢?,joseph_reviewed_traditional,Amis_3112,0,https://glosbe.com/ami/zh/ato/fragment/tmem?page=7&mode=MUST&stem=true,work/reference_glosbe/amis_glosbe_traditional.xml
GLOSBE_REVIEWED_ZHO_adc359d837c6c5b7,Misamaanay hano misa'icel kita nga' palahad ato mitafo to no'adingoan a harateng?,為什麼我們必須很努力才能培養並保持屬靈的思想?,joseph_reviewed_traditional,Amis_3114,0,https://glosbe.com/ami/zh/ato/fragment/tmem?page=7&mode=MUST&stem=true,work/reference_glosbe/amis_glosbe_traditional.xml
GLOSBE_REVIEWED_ZHO_60a4aabeffad25ae,Folfolen ato tadtaden ko tatodong no sinael,分析和解釋經文的意思,joseph_reviewed_traditional,Amis_3115,0,https://glosbe.com/ami/zh/ato/fragment/tmem?page=7&mode=MUST&stem=true,work/reference_glosbe/amis_glosbe_traditional.xml
GLOSBE_REVIEWED_ZHO_b8bd973f95b4b382,Paihkalay cangra to madimadi ci Yihofaan ato likakawa Ningra.,他們都忠於耶和華和他的組織。,joseph_reviewed_traditional,Amis_3118,0,https://glosbe.com/ami/zh/ato/fragment/tmem?page=7&mode=MUST&stem=true,work/reference_glosbe/amis_glosbe_traditional.xml
GLOSBE_REVIEWED_ZHO_b35f3d521ccad579,"O sapalimo'ot no Kawas i Satapangan 2:17, hano o masadafdafay ato matatodongay hani?",為什麼上帝在創世記2:17的吩咐是公正、必要又合理的?,joseph_reviewed_traditional,Amis_3119,0,https://glosbe.com/ami/zh/ato/fragment/tmem?page=7&mode=MUST&stem=true,work/reference_glosbe/amis_glosbe_traditional.xml
GLOSBE_REVIEWED_ZHO_4b552fb6e3a9c1ae,"16 Nohatini, polong no hekal madeng 2,500 ko patirengan ato mitomadawan a Hongti Kitakit kasa'opoan.","16 目前,全球有將近2500間王國聚會所正在興建或整修。",joseph_reviewed_traditional,Amis_3122,1,https://glosbe.com/ami/zh/ato/fragment/tmem?page=7&mode=MUST&stem=true,work/reference_glosbe/amis_glosbe_traditional.xml
GLOSBE_REVIEWED_ZHO_5501770ecf69a260,O sini'adaay a capeling pakaynian i sasowalen ato waywayan a paihkal.,仁慈的特質是借著言語和行動顯示出來的。,joseph_reviewed_traditional,Amis_3124,0,https://glosbe.com/ami/zh/ato/fragment/tmem?page=7&mode=MUST&stem=true,work/reference_glosbe/amis_glosbe_traditional.xml
GLOSBE_REVIEWED_ZHO_e7d662c7b0c587c2,Wa misamaan kita patahekal to sini'adaay ato sida'itay?,我們可以怎樣表現憐恤之情和仁慈?,joseph_reviewed_traditional,Amis_3126,1,https://glosbe.com/ami/zh/ato/fragment/tmem?page=7&mode=MUST&stem=true,work/reference_glosbe/amis_glosbe_traditional.xml
GLOSBE_REVIEWED_ZHO_ff597575e862bf8c,"Toya mapatay ci Yis ato tihiay a mararaway a romi'ad, cowa ko tangsolay a tayra i Lakoing, hano mafana' kita?",我們怎麼知道耶穌和身旁的罪犯沒有在被處死的那天去樂園?,joseph_reviewed_traditional,Amis_3127,2,https://glosbe.com/ami/zh/ato/fragment/tmem?page=7&mode=MUST&stem=true,work/reference_glosbe/amis_glosbe_traditional.xml
GLOSBE_REVIEWED_ZHO_f72739ad61854f5a,"Ikor, misatapangto mihongyak to sano Siriya, Kotik ato Latin a kalosowal no tamdaw.","後來,聖經的某些經卷也被翻譯成當時的通用語言,例如古敘利亞語、哥特語和拉丁語。",joseph_reviewed_traditional,Amis_3130,0,https://glosbe.com/ami/zh/ato/fragment/tmem?page=7&mode=MUST&stem=true,work/reference_glosbe/amis_glosbe_traditional.xml
GLOSBE_REVIEWED_ZHO_6f4d93191432c404,"Itiniay i Australia, ci Roteni ato fafahi ci Cen 50 ko mihecaan, tatosaay ko wawa ci Ciotan aci Tanika, itini 2010 miheca malinah tayra i Miyanmar a mitosil.","住在澳大利亞(澳洲) 的羅德尼和妻子珍50多歲,有一對兒女喬丹和達妮卡,整家人在2010年搬去緬甸支持傳道活動。",joseph_reviewed_traditional,Amis_3131,5,https://glosbe.com/ami/zh/ato/fragment/tmem?page=7&mode=MUST&stem=true,work/reference_glosbe/amis_glosbe_traditional.xml
GLOSBE_REVIEWED_ZHO_d12abb0767dca141,"O kaemangay tamdaw ato wama wina nangra, mamisamaan patahekal to timolo?",年輕人和他們的父母可以怎樣表現勇氣?,joseph_reviewed_traditional,Amis_3132,0,https://glosbe.com/ami/zh/ato/fragment/tmem?page=7&mode=MUST&stem=true,work/reference_glosbe/amis_glosbe_traditional.xml
GLOSBE_REVIEWED_ZHO_5245f60d59aefab5,"'Alomanay a mikilimay to so'linay kimad ato so'linay ko faloco' a tamdaw, maolahay to so'linay kimad ilaloma' no Fangcalay Cudad.","許多尋求真理,內心誠懇的人都很喜歡書中的聖經真理。",joseph_reviewed_traditional,Amis_3134,1,https://glosbe.com/ami/zh/ato/fragment/tmem?page=7&mode=MUST&stem=true,work/reference_glosbe/amis_glosbe_traditional.xml
GLOSBE_REVIEWED_ZHO_900083b72e655239,Mato'asay ato kaemangay,基督徒不分男女老少,joseph_reviewed_traditional,Amis_3135,0,https://glosbe.com/ami/zh/ato/fragment/tmem?page=7&mode=MUST&stem=true,work/reference_glosbe/amis_glosbe_traditional.xml
GLOSBE_REVIEWED_ZHO_6f3632eb076bd1c3,Wa misamaan kita patahekal to misapoeneray ato damsayay?,我們可以怎樣表現謙卑與溫和?,joseph_reviewed_traditional,Amis_3137,0,https://glosbe.com/ami/zh/ato/fragment/tmem?page=8&mode=MUST&stem=true,work/reference_glosbe/amis_glosbe_traditional.xml
GLOSBE_REVIEWED_ZHO_f3b7122417dfc023,"Makahi kita misodod to salikaka, hinapalada' ato sida'it cangranan hano masakalimlaan?","為什麼我們樂意寬恕弟兄姐妹,對他們慷慨大方又仁慈非常重要?",joseph_reviewed_traditional,Amis_3138,0,https://glosbe.com/ami/zh/ato/fragment/tmem?page=8&mode=MUST&stem=true,work/reference_glosbe/amis_glosbe_traditional.xml
GLOSBE_REVIEWED_ZHO_0e244a4793578953,"O ma'oningay ato tikami no tarokos ci Yohani, samaanay pakalalok to i'ayaway ato aniniay a Krisciyang hani?",使徒約翰的記載和書信怎樣鼓勵從古至今的基督徒?,joseph_reviewed_traditional,Amis_3141,2,https://glosbe.com/ami/zh/ato/fragment/tmem?page=8&mode=MUST&stem=true,work/reference_glosbe/amis_glosbe_traditional.xml
GLOSBE_REVIEWED_ZHO_ed300c4853f715ea,"Sanay cingra: ""Satapangan, mihaen madadi'i to tao, hato fanekfekan nanay ko faloco', miharateng hato misakaretengan ato mikaolahan no tao.","她說:“一開始,發生性關係讓我很有安全感,覺得自己受人重視和疼愛。",joseph_reviewed_traditional,Amis_3142,4,https://glosbe.com/ami/zh/ato/fragment/tmem?page=8&mode=MUST&stem=true,work/reference_glosbe/amis_glosbe_traditional.xml
GLOSBE_REVIEWED_ZHO_84ad18ca4ede44d9,"3 Todongen ci Nowa, Taniil aci Yopu, Paihekal to Paso'linay Faloco' ato Midoedoay","3 效法挪亞、但以理和約伯,表現信心和服從",joseph_reviewed_traditional,Amis_3143,1,https://glosbe.com/ami/zh/ato/fragment/tmem?page=8&mode=MUST&stem=true,work/reference_glosbe/amis_glosbe_traditional.xml
GLOSBE_REVIEWED_ZHO_38a25f4f10627ca8,"So'lin mapaci'ci malaliyas to fafahi ato wawa, kawra maharateng to padotocay madimadiay kako aci Mariya ci Yihofaan, masayaray ko faloco' ako.","雖然我被迫跟妻子和兩個女兒分開,但是想到我和瑪麗亞都繼續忠於耶和華,就令我感到十分安慰。",joseph_reviewed_traditional,Amis_3144,2,https://glosbe.com/ami/zh/ato/fragment/tmem?page=8&mode=MUST&stem=true,work/reference_glosbe/amis_glosbe_traditional.xml
GLOSBE_REVIEWED_ZHO_c71dbc293e2cac45,"So'li'lin mararaay kami ato wawa, kawra marariday mirinnakay kami ato wawa.""","雖然我們和孩子相隔很遠,但我們很高興還是能經常跟他們聊天。”",joseph_reviewed_traditional,Amis_3147,0,https://glosbe.com/ami/zh/ato/fragment/tmem?page=8&mode=MUST&stem=true,work/reference_glosbe/amis_glosbe_traditional.xml
GLOSBE_REVIEWED_ZHO_802f7ad124052bd3,Micekiw ato midotim to Fangcalay Cudad hano papadama kitaanan tano harateng ni Yihofa a minengneng to demak?,為什麼研讀聖經和沉思能使我們用耶和華的觀點看事情?,joseph_reviewed_traditional,Amis_3149,1,https://glosbe.com/ami/zh/ato/fragment/tmem?page=8&mode=MUST&stem=true,work/reference_glosbe/amis_glosbe_traditional.xml
GLOSBE_REVIEWED_ZHO_8a4ac3e17b176687,"Samanen mitodongay kita to pakayraan ni Yihofa a miharateng, tano harateng ni Yihofa mikayat to waywayan ato sa'osi no mita, telocto i, nga'ay kita tano harateng ni Yihofa a minengneng to demak.","由於我們效法耶和華的思考方式,讓耶和華的思想引導我們的行動和決定,結果我們能用耶和華的觀點看事情。",joseph_reviewed_traditional,Amis_3152,1,https://glosbe.com/ami/zh/ato/fragment/tmem?page=8&mode=MUST&stem=true,work/reference_glosbe/amis_glosbe_traditional.xml
GLOSBE_REVIEWED_ZHO_1485924e805898a0,Samanen oni demak milingatay to coyoh ato tamdamdaw.,因為這件事與天使和人類息息相關。(,joseph_reviewed_traditional,Amis_3155,1,https://glosbe.com/ami/zh/ato/fragment/tmem?page=8&mode=MUST&stem=true,work/reference_glosbe/amis_glosbe_traditional.xml
GLOSBE_REVIEWED_ZHO_392b6f545b1ba43f,"Nengneng ko kamok no JW Tilifi, pili'en ko MALICAYAY ATO NALIFETAN > MIFALICAY TO KA'ORIP KO SO'LINAY KIMAD.","請上JW電視網,點選“訪談和經歷”>“真理改變人生”。",joseph_reviewed_traditional,Amis_3156,1,https://glosbe.com/ami/zh/ato/fragment/tmem?page=8&mode=MUST&stem=true,work/reference_glosbe/amis_glosbe_traditional.xml
GLOSBE_REVIEWED_ZHO_e9e13780435a52a3,"3 Mikitini kita i Fangcalay Cudad, mitepangan cudad, wangcan no Misawacayay Tamdaw ni Yihofa, kamok no JW Tilifi, sa'opo, taykay malifokay ko adihayay a limo'ot ato sapasifana'.",3 我們從聖經、聖經刊物、耶和華見證人的網站、JW電視網、聚會、大會得到許多良好的勸告與教導。,joseph_reviewed_traditional,Amis_3157,1,https://glosbe.com/ami/zh/ato/fragment/tmem?page=8&mode=MUST&stem=true,work/reference_glosbe/amis_glosbe_traditional.xml
GLOSBE_REVIEWED_ZHO_b2c0b3e113d080ff,O mararamoday ato noka'orip no paro no loma' hano tataha cada to roray?,為什麼說婚姻和家庭生活中免不了會有難題?,joseph_reviewed_traditional,Amis_3158,2,https://glosbe.com/ami/zh/ato/fragment/tmem?page=8&mode=MUST&stem=true,work/reference_glosbe/amis_glosbe_traditional.xml
GLOSBE_REVIEWED_ZHO_28d93ee4824abc73,"Mankora, mitokelay ci Yihofa to ""kasakitakit itini i hekal, i kasafinacadan, i kasangasaw, i kasasi romaroma no sowal ato kasafinawlan"" a tamdaw, cipinang to Fangcalay Cudad a milifok to epoc.","可見,耶和華希望“每個國族、部族、語言”的人都能有機會明白聖經而獲得益處。(",joseph_reviewed_traditional,Amis_3159,1,https://glosbe.com/ami/zh/ato/fragment/tmem?page=8&mode=MUST&stem=true,work/reference_glosbe/amis_glosbe_traditional.xml
GLOSBE_REVIEWED_ZHO_c89a50c1ae943bff,"Tada maketeray cangra, ngaliwngiwayho ci Mosian, mansa pasayra ci Mosi ci Yihofaan a micangacang: ""Samaanen ako konini a finawlan?","他們非常生氣,也埋怨摩西,所以摩西向耶和華呼求:“我該怎樣應付這群人呢?",joseph_reviewed_traditional,Amis_3179,1,https://glosbe.com/ami/zh/finawlan,work/reference_glosbe/amis_glosbe_traditional.xml
GLOSBE_REVIEWED_ZHO_277b1045a8deab18,MAHEMEKAY kita paka'araw to katongal no finawlan ni Yihofa.,我們非常高興看到耶和華的子民不斷增加。,joseph_reviewed_traditional,Amis_3180,0,https://glosbe.com/ami/zh/finawlan,work/reference_glosbe/amis_glosbe_traditional.xml
GLOSBE_REVIEWED_ZHO_35b35a5d1b687209,"Pakaynien finawlan ni Yihofa ko sowal, kalimelaan ko romadiway i matatodongay a pidoko to Kawas.","對耶和華的子民來說,歌唱一向在正確崇拜上扮演重要角色。",joseph_reviewed_traditional,Amis_3181,0,https://glosbe.com/ami/zh/finawlan,work/reference_glosbe/amis_glosbe_traditional.xml
GLOSBE_REVIEWED_ZHO_e243351b3f7c6382,"Oniya Piharatengan a Sa'opo, wa samaan a palacecay to finawlan no Kawas?",這個紀念聚會可以怎樣使上帝的子民團結起來?,joseph_reviewed_traditional,Amis_3182,1,https://glosbe.com/ami/zh/finawlan,work/reference_glosbe/amis_glosbe_traditional.xml
GLOSBE_REVIEWED_ZHO_51091d616d031a69,Misamaan kita micowat to kakelec no finawlan no Kawas?,我們可以怎樣促進上帝子民的團結?,joseph_reviewed_traditional,Amis_3184,0,https://glosbe.com/ami/zh/finawlan,work/reference_glosbe/amis_glosbe_traditional.xml
GLOSBE_REVIEWED_ZHO_d164d89840ad38be,(2) Oniya Piharatengan a Sa'opo wa samaan palacecay to finawlan no Kawas?,2)這個紀念聚會怎樣使上帝的子民團結起來?(,joseph_reviewed_traditional,Amis_3185,1,https://glosbe.com/ami/zh/finawlan/fragment/tmem?page=2&mode=MUST&stem=true,work/reference_glosbe/amis_glosbe_traditional.xml
GLOSBE_REVIEWED_ZHO_3b2a5dd481903831,Samaanay masasiolah ko finawlan no Kawas hani?,上帝的子民怎樣彼此相愛?,joseph_reviewed_traditional,Amis_3186,0,https://glosbe.com/ami/zh/finawlan/fragment/tmem?page=2&mode=MUST&stem=true,work/reference_glosbe/amis_glosbe_traditional.xml
GLOSBE_REVIEWED_ZHO_ea9b3f3a224940f4,"6 Sini'adaay ci Yihofa to finawlan Ningra, so'lin mararararaw cangra, kamayanay ciharateng ci Yihofa i cangranan.","聖經說:“耶和華他們祖先的上帝因為憐恤他的子民和他的住處,就一次又一次打發使者去警戒他們。”(",joseph_reviewed_traditional,Amis_3188,0,https://glosbe.com/ami/zh/finawlan/fragment/tmem?page=2&mode=MUST&stem=true,work/reference_glosbe/amis_glosbe_traditional.xml
GLOSBE_REVIEWED_ZHO_9999c3c15252d0ee,(3) Samaan kita pakayni sakalacecayaw no finawlan no Kawas a misadak to'icel?,3)我們可以怎樣為上帝子民的團結盡一分力?(,joseph_reviewed_traditional,Amis_3189,0,https://glosbe.com/ami/zh/finawlan/fragment/tmem?page=2&mode=MUST&stem=true,work/reference_glosbe/amis_glosbe_traditional.xml
GLOSBE_REVIEWED_ZHO_22b2b0ebef214b16,"2 Anini, o finawlan no Kawas tano cowa pisateked a olah ato kalacecay ko kafana'an no tamdaw.","2 今天,上帝的子民以真摯無私的愛和團結為人所知。(",joseph_reviewed_traditional,Amis_3191,0,https://glosbe.com/ami/zh/finawlan/fragment/tmem?page=2&mode=MUST&stem=true,work/reference_glosbe/amis_glosbe_traditional.xml
GLOSBE_REVIEWED_ZHO_72928099f70264a9,"Polong no taypiyaw 583 tamdaw, wa mirienang to ""Tahada'oc Nga'ayay a Lihaf"" a taykay, o madadoedoay a taykay icowacowa no kitakit konini.","他們會參加歐洲、亞洲、南太平洋地區的大會,然後到夏威夷州的火奴魯魯(檀香山),最後在加利福尼亞州的帕薩迪納結束。",joseph_reviewed_traditional,Amis_3194,2,https://glosbe.com/ami/zh/konini,work/reference_glosbe/amis_glosbe_traditional.xml
GLOSBE_REVIEWED_ZHO_0256a16a60b35817,"Miliyas to salawina, kasakopang, loma', miliyas to kananaman a kitiraan, mifalic to kananaman noka'orip, maharatengho konini calemcemayto kako.","要離開家人、會眾、我們的家、熟悉的地方,還要改變生活習慣,想到這裡我就很焦慮。",joseph_reviewed_traditional,Amis_3200,0,https://glosbe.com/ami/zh/konini,work/reference_glosbe/amis_glosbe_traditional.xml
GLOSBE_REVIEWED_ZHO_4d238aee10b2034c,"Mi'osi ci Yohani toniya cudad i, o so'linay kimad konini sanay.","約翰在讀這本冊子時,看出自己讀的就是真理。",joseph_reviewed_traditional,Amis_3201,2,https://glosbe.com/ami/zh/konini,work/reference_glosbe/amis_glosbe_traditional.xml
GLOSBE_REVIEWED_ZHO_8ba75c46791d70f2,"Kawra, ono litengan aca a sowal no Yutaya tamdaw konini.","不過,這只是猶太人流傳的說法。",joseph_reviewed_traditional,Amis_3204,1,https://glosbe.com/ami/zh/konini,work/reference_glosbe/amis_glosbe_traditional.xml
GLOSBE_REVIEWED_ZHO_c3d3e5629af6484d,"Mifana'ayho kitaanan, milimasmasay Cingra to sapatefoc, kinafalah to wawa no Niyah ci Yisan, paihkalay konini tada maolahay Cingra kitaanan.","他也告訴我們,他安排贖價,犧牲了自己的兒子耶穌,這顯示他非常愛我們。",joseph_reviewed_traditional,Amis_3206,0,https://glosbe.com/ami/zh/konini,work/reference_glosbe/amis_glosbe_traditional.xml
GLOSBE_REVIEWED_ZHO_bca2a14e468fc7ff,"O ""tatiihay a raraw konini a fafahiyan"" sanay ko coyoh a mitadatad.",天使解釋這個婦人的名字叫“邪惡”。,joseph_reviewed_traditional,Amis_3209,2,https://glosbe.com/ami/zh/konini,work/reference_glosbe/amis_glosbe_traditional.xml
GLOSBE_REVIEWED_ZHO_3e21b3e6cc30b0d1,(2) Hano sinanoten ita konini sini'adaay a capeling hani?,本篇課文會深入探討憐恤這項特質。,joseph_reviewed_traditional,Amis_3210,0,https://glosbe.com/ami/zh/konini,work/reference_glosbe/amis_glosbe_traditional.xml
GLOSBE_REVIEWED_ZHO_87670346d77eb5e7,"Palimo'otay ci Pawlo kitaanan, 'misafaeloh to harateng', samaan ko demak ita nga' matoor konini?","保羅勸勉我們要“更新思想”,我們怎樣才能做到這一點?",joseph_reviewed_traditional,Amis_3211,0,https://glosbe.com/ami/zh/konini,work/reference_glosbe/amis_glosbe_traditional.xml
GLOSBE_REVIEWED_ZHO_c98ce7889fc47b58,"'Ayaw no mapatay ci Yis a dadaya, palimo'otay to tarokos hamaan micangacang to saaro'an ilaloma' no salikaka.","耶穌去世前的晚上,勸勉使徒不要爭誰為大。",joseph_reviewed_traditional,Amis_3216,0,https://glosbe.com/ami/zh/dadaya,work/reference_glosbe/amis_glosbe_traditional.xml
GLOSBE_REVIEWED_ZHO_e4e70f7455ae60b2,"Micada to ino'mata'lifayto ko 60 miheca, sanay ko sowal ni Polosom: ""Cowa ko mamapawan kako toya dadaya!""","受浸後60多年過去了,布洛蒨姆說:“我永不會忘記那個晚上!”",joseph_reviewed_traditional,Amis_3217,2,https://glosbe.com/ami/zh/dadaya,work/reference_glosbe/amis_glosbe_traditional.xml
GLOSBE_REVIEWED_ZHO_993d30e6a44b0797,"Salikaka namo.""",你們的弟兄。”,joseph_reviewed_traditional,Amis_3223,0,https://glosbe.com/ami/zh/namo,work/reference_glosbe/amis_glosbe_traditional.xml
GLOSBE_REVIEWED_ZHO_e67059d57b7d979a,"Pataengaden ko Likat Namo, Pa'dil ci Yihofaan","使你們的光照耀,榮耀耶和華",joseph_reviewed_traditional,Amis_3224,0,https://glosbe.com/ami/zh/namo,work/reference_glosbe/amis_glosbe_traditional.xml
GLOSBE_REVIEWED_ZHO_99ad7a857b87fc5a,O maanho ko katalawan namo saw?,我必定幫助你。”(,joseph_reviewed_traditional,Amis_3225,1,https://glosbe.com/ami/zh/namo,work/reference_glosbe/amis_glosbe_traditional.xml
GLOSBE_REVIEWED_ZHO_006ccc0424b78717,"Kao moecelay ko sapisawkit namo to finacadan.""","那麼,一個人的經濟情況會怎樣影響我們對他的看法呢?",joseph_reviewed_traditional,Amis_3226,0,https://glosbe.com/ami/zh/namo,work/reference_glosbe/amis_glosbe_traditional.xml
GLOSBE_REVIEWED_ZHO_59ee3108ce17d719,"Hano pasowal ci Yis to nisawawaan: ""Caay ko hahaenen kono namo?""",那麼耶穌為什麼對門徒說“可是你們不要這樣”呢?,joseph_reviewed_traditional,Amis_3228,0,https://glosbe.com/ami/zh/namo,work/reference_glosbe/amis_glosbe_traditional.xml
GLOSBE_REVIEWED_ZHO_a72c9a8a297d3f30,"Caka tolo folad, misawadayto ci Tewien aci Ciyasmin a komaen to epah, ikor mitingkiay to raramod nangra.","不到三個月,德維恩和賈絲明決定戒酒,後來也登記結婚。",joseph_reviewed_traditional,Amis_3243,4,https://glosbe.com/ami/zh/komaen,work/reference_glosbe/amis_glosbe_traditional.xml
GLOSBE_REVIEWED_ZHO_cfb36ab51d580574,"TIYA malacafay ci Yis to tarokos a komaen to saikoray a lafi i, ciharatengayto wa nga'ay cangra mitafo to makelecay hakiya.","耶穌在和使徒吃最後的晚餐時,很關心他們能不能保持團結。",joseph_reviewed_traditional,Amis_3244,2,https://glosbe.com/ami/zh/komaen,work/reference_glosbe/amis_glosbe_traditional.xml
GLOSBE_REVIEWED_ZHO_578e935425e8988c,Pala'osi to araaw.,實現天父偉大旨意。,joseph_reviewed_traditional,Amis_3283,0,https://glosbe.com/ami/zh/to'as/fragment/tmem?page=2&mode=MUST&stem=true,work/reference_glosbe/amis_glosbe_traditional.xml
GLOSBE_REVIEWED_ZHO_74d22dacf243eb84,Pa'orip to mitengilay,"幫助別人聽從上帝,",joseph_reviewed_traditional,Amis_3301,0,https://glosbe.com/ami/zh/to'as/fragment/tmem?page=3&mode=MUST&stem=true,work/reference_glosbe/amis_glosbe_traditional.xml
GLOSBE_REVIEWED_ZHO_e51b7fffeab1cc1e,"Malacafay to salikaka,","我們能與萬國的珍寶,",joseph_reviewed_traditional,Amis_3324,0,https://glosbe.com/ami/zh/to'as/fragment/tmem?page=4&mode=MUST&stem=true,work/reference_glosbe/amis_glosbe_traditional.xml
GLOSBE_REVIEWED_ZHO_df71f4fb8d0382ea,Micadaay to tamdaw,"上帝接納一群人,",joseph_reviewed_traditional,Amis_3348,0,https://glosbe.com/ami/zh/to'as/fragment/tmem?page=5&mode=MUST&stem=true,work/reference_glosbe/amis_glosbe_traditional.xml
GLOSBE_REVIEWED_ZHO_934b3c5205e1fec7,Tahalifa to padepades.,"雖然歷盡考驗和艱辛,",joseph_reviewed_traditional,Amis_3354,0,https://glosbe.com/ami/zh/to'as/fragment/tmem?page=5&mode=MUST&stem=true,work/reference_glosbe/amis_glosbe_traditional.xml
GLOSBE_REVIEWED_ZHO_958fc5b6afc1b619,"Sini'adaay cingra to tahalifaay to kokong a tamdaw, orato padamaay tora tamdaw.","他很同情那個遇劫的人,於是向對方伸出援手。",joseph_reviewed_traditional,Amis_3357,1,https://glosbe.com/ami/zh/to'as/fragment/tmem?page=5&mode=MUST&stem=true,work/reference_glosbe/amis_glosbe_traditional.xml
GLOSBE_REVIEWED_ZHO_797f95c9a9adb3c5,Malacafay to fafahi a mitosil,和妻子一起傳道,joseph_reviewed_traditional,Amis_3369,1,https://glosbe.com/ami/zh/to'as/fragment/tmem?page=5&mode=MUST&stem=true,work/reference_glosbe/amis_glosbe_traditional.xml
GLOSBE_REVIEWED_ZHO_65c01bf35af406a4,(2) patireng to patosokan no'adingoan?,乙)定下屬靈目標?(,joseph_reviewed_traditional,Amis_3383,0,https://glosbe.com/ami/zh/to'as/fragment/tmem?page=6&mode=MUST&stem=true,work/reference_glosbe/amis_glosbe_traditional.xml
GLOSBE_REVIEWED_ZHO_ee16fc7b8d1f5185,Parakat to kaemingay a paliding miliso' to kasakopang,開著我們的小車探訪會眾,joseph_reviewed_traditional,Amis_3386,1,https://glosbe.com/ami/zh/to'as/fragment/tmem?page=6&mode=MUST&stem=true,work/reference_glosbe/amis_glosbe_traditional.xml
GLOSBE_REVIEWED_ZHO_97f1b51a6e75f27b,Mamikowan to tamdamdaw.,即將管理地上萬民。,joseph_reviewed_traditional,Amis_3393,1,https://glosbe.com/ami/zh/to'as/fragment/tmem?page=6&mode=MUST&stem=true,work/reference_glosbe/amis_glosbe_traditional.xml
GLOSBE_REVIEWED_ZHO_bfd1f516985d5a13,"Cowa koninian aca, ya somowalay to ""cowa paliwal to sera ko Kowaping,"" sanay a tamdaw makahiyayto paliwal to sera ningra.","不僅如此,當初說“中國人只買不賣”的那個地主也願意賣了。",joseph_reviewed_traditional,Amis_3405,3,https://glosbe.com/ami/zh/to'as/fragment/tmem?page=7&mode=MUST&stem=true,work/reference_glosbe/amis_glosbe_traditional.xml
GLOSBE_REVIEWED_ZHO_a6a0db7fd978b7b9,"Kawra, cima ko cifadangalay to mamisa'osi to malalenay citatodongay a sa'osi hani?","問題是,誰有權決定怎樣的規範是公正、必要又合理的呢?",joseph_reviewed_traditional,Amis_3441,1,https://glosbe.com/ami/zh/to'as/fragment/tmem?page=8&mode=MUST&stem=true,work/reference_glosbe/amis_glosbe_traditional.xml
GLOSBE_REVIEWED_ZHO_3bf63944bc923b75,"Hato kimad no Kawas,","真理如燦爛太陽,",joseph_reviewed_traditional,Amis_3448,1,https://glosbe.com/ami/zh/hato,work/reference_glosbe/amis_glosbe_traditional.xml
GLOSBE_REVIEWED_ZHO_cab4fe45fb0a6f2a,"Hato misamacayay ci Mosi to harateng no niyah, mapawanto a pa'dil ci Yihofaan hokira?","摩西可能因此變得專注於自己的感受,而忘了榮耀耶和華嗎?",joseph_reviewed_traditional,Amis_3450,0,https://glosbe.com/ami/zh/hato,work/reference_glosbe/amis_glosbe_traditional.xml
GLOSBE_REVIEWED_ZHO_340c9b6f0941b5fd,"Itiya, miharateng kako hato o sa'opo no mato'asay fafahiyan.",我那時覺得當地的會眾像是老太太俱樂部。,joseph_reviewed_traditional,Amis_3453,2,https://glosbe.com/ami/zh/hato,work/reference_glosbe/amis_glosbe_traditional.xml
GLOSBE_REVIEWED_ZHO_eaacf3079ab50d57,Salikaka ci Ciyoci Yangke milakowitay to riyar a mitosil,喬治·揚格前往海外地區從事傳道工作,joseph_reviewed_traditional,Amis_3463,0,https://glosbe.com/ami/zh/riyar,work/reference_glosbe/amis_glosbe_traditional.xml
GLOSBE_REVIEWED_ZHO_cccc018d3bd79831,"O cecay milakowitay to riyar a mitosilay ci Stanli Pokus sanay ko sowal: ""Fahka'ay kami makahiay ko itiraay tamdaw padama tamiyanan paihkal to harateng no niyah.""",一位特派傳道員斯坦利·博古斯說:“我們很驚訝當地人都很願意幫助我們表達自己的感覺。”,joseph_reviewed_traditional,Amis_3465,3,https://glosbe.com/ami/zh/riyar,work/reference_glosbe/amis_glosbe_traditional.xml
GLOSBE_REVIEWED_ZHO_799ab1bc4ee640ba,"Itini i Kahngangay a Riyar, samaanay patado ci Yihofa to Israil tamdaw a miharateng to saali nangra?","以色列人在紅海時,耶和華怎樣考慮他們的需要?( 見第13段)",joseph_reviewed_traditional,Amis_3466,1,https://glosbe.com/ami/zh/riyar,work/reference_glosbe/amis_glosbe_traditional.xml
GLOSBE_REVIEWED_ZHO_b1933fad8b55135f,"Ikor no pina lipay, milaplapan ko milakowitay to riyar a mitosilay.","幾個星期後,特派傳道員都被驅逐出境。",joseph_reviewed_traditional,Amis_3467,1,https://glosbe.com/ami/zh/riyar,work/reference_glosbe/amis_glosbe_traditional.xml
GLOSBE_REVIEWED_ZHO_3ef547cf94653685,"O faelohay tayra a milakowitay to riyar a mitosilay, minanam to no Frans a sowal cowa ko madoloay, kawra makahiay mitengil to nga'ayay lihaf ko itiraay a tamdaw.","對大部分剛到那裡的特派傳道員來說,學習法語很不容易,但是當地人都很願意聽好消息。",joseph_reviewed_traditional,Amis_3468,2,https://glosbe.com/ami/zh/riyar,work/reference_glosbe/amis_glosbe_traditional.xml
GLOSBE_REVIEWED_ZHO_4577c36af7fbf44c,"Tinakoen, ikor no midemak ci Yis to kafahka'an a pafecol to'alomanay tamdaw i, mitooray cangra ci Yisan tayra i lawac no Kalili a riyar.","例如,耶穌行奇蹟餵飽一大群人後,這些人就跟著耶穌到加利利海的另一邊。",joseph_reviewed_traditional,Amis_3469,2,https://glosbe.com/ami/zh/riyar,work/reference_glosbe/amis_glosbe_traditional.xml
GLOSBE_REVIEWED_ZHO_b11c4dfaacd99199,Mikerid to Israil tamdaw miliyas to Icip mita'lif to Kahngangay a Riyar.,帶領以色列人離開埃及和過紅海,joseph_reviewed_traditional,Amis_3470,0,https://glosbe.com/ami/zh/riyar,work/reference_glosbe/amis_glosbe_traditional.xml
GLOSBE_REVIEWED_ZHO_5e5fba1c92775f22,"Kako ato fa'inay ci Walte, itiniay i Asenson no Parakoy, mala milakowitay to riyar a mitosilay",與丈夫沃爾特在巴拉圭的亞松森做特派傳道員,joseph_reviewed_traditional,Amis_3471,0,https://glosbe.com/ami/zh/riyar,work/reference_glosbe/amis_glosbe_traditional.xml
GLOSBE_REVIEWED_ZHO_2f81f069a1cc203e,"O cidal, Fo'is ato riyar,","日月繁星和大地海洋,",joseph_reviewed_traditional,Amis_3472,1,https://glosbe.com/ami/zh/riyar,work/reference_glosbe/amis_glosbe_traditional.xml
GLOSBE_REVIEWED_ZHO_087e891ba9e15445,Oya mapolosi no tosa fodawan a tokos ato efa a paliding hano mamikowad kitanan?,為什麼異象中的兩座銅山和馬車能鼓勵我們?,joseph_reviewed_traditional,Amis_3479,0,https://glosbe.com/ami/zh/paliding,work/reference_glosbe/amis_glosbe_traditional.xml
GLOSBE_REVIEWED_ZHO_1d79f606bbd0a27c,13 Na Nganga'ay Cingra Milifok to Olah no Kawas,13頁 他本來可以得到上帝的喜愛,joseph_reviewed_traditional,Amis_3488,0,https://glosbe.com/ami/zh/na,work/reference_glosbe/amis_glosbe_traditional.xml
GLOSBE_REVIEWED_ZHO_49520d9d971af377,"11 Haratengen hena, na misanga'ay ci Satan to talakal, mala'osi ko pikayhid to'alomanay a coyoh.","11 請想想,撒但曾設下陷阱,成功地引誘許多天使。",joseph_reviewed_traditional,Amis_3492,0,https://glosbe.com/ami/zh/na,work/reference_glosbe/amis_glosbe_traditional.xml
GLOSBE_REVIEWED_ZHO_851b206102055707,"10 O cecay fa'inayan salikaka i Koriya, na palafinay to mirienangay to pahatatanamay picudadan, sanay ko sowal ningra: ""Isalakat samisimisiay kako to papalafin cangranan hokira, samanen raramod sanayho kako, mimingay ko loma'.","10 韓國的一位弟兄曾接待培訓計劃的學員,他說:“一開始我很猶豫要不要接待這些學員,因為我當時新婚,房子又不大。",joseph_reviewed_traditional,Amis_3493,2,https://glosbe.com/ami/zh/na,work/reference_glosbe/amis_glosbe_traditional.xml
GLOSBE_REVIEWED_ZHO_da031f52bf3d612d,"a cowantan, nga'ayay pa'arawen iso to potal no cowantan a salicay, licayen ko ciloma'ay: "" Na miharatengay kiso to sasamaan ko hano ikor han?","這份傳單,你可以讓對方看傳單封面的問題,問問他:“你曾想過未來會怎樣嗎?",joseph_reviewed_traditional,Amis_3494,0,https://glosbe.com/ami/zh/na,work/reference_glosbe/amis_glosbe_traditional.xml
GLOSBE_REVIEWED_ZHO_5df85633f97525ac,Pakayni waywayan nangra na mihadakay ko malohemay malitengay to sapirikec hokira?,長老是否曾經因為他們之間的行為提出勸告?,joseph_reviewed_traditional,Amis_3495,0,https://glosbe.com/ami/zh/na,work/reference_glosbe/amis_glosbe_traditional.xml
GLOSBE_REVIEWED_ZHO_d7bf5f058357238f,Na Nganga'ay Cingra Milifok to Olah no Kawas,他本來可以得到上帝的喜愛,joseph_reviewed_traditional,Amis_3496,0,https://glosbe.com/ami/zh/na,work/reference_glosbe/amis_glosbe_traditional.xml
GLOSBE_REVIEWED_ZHO_77cc1360199ffda2,"Ikorto mafana' kako, 'ayaw no mapatay ko wama, na kalacafayay to Misawcayay Tamdaw ni Yihofa a minanam to Fangcalay Cudad.","後來我才知道,爸爸過世前也曾和耶和華見證人學習聖經。",joseph_reviewed_traditional,Amis_3497,0,https://glosbe.com/ami/zh/na,work/reference_glosbe/amis_glosbe_traditional.xml
GLOSBE_REVIEWED_ZHO_d4fe7c84628e5fdd,"17 Itiniho ci Yis i hekal na pasowalay, ciharatengay cingra itini tatihi no kakarayan Wama milifok to sa'ayaway a'dil.","17 耶穌在地上時說過,自己想要在天父身旁得到從前享有的榮耀。(",joseph_reviewed_traditional,Amis_3498,2,https://glosbe.com/ami/zh/na,work/reference_glosbe/amis_glosbe_traditional.xml
GLOSBE_REVIEWED_ZHO_cbafdbef5eb2fcdd,18 Na milifokay ci Atam aci Ifa to hatiniay a pasalat.,18 亞當夏娃曾享有這種自由。,joseph_reviewed_traditional,Amis_3500,1,https://glosbe.com/ami/zh/na,work/reference_glosbe/amis_glosbe_traditional.xml
GLOSBE_REVIEWED_ZHO_902fc44b5bc44a0f,"Salakat, nga'ayay kako somowal to no Frans a sowal, samanen na minanamay kako i Kwipik.","起初,我在說法語方面占了一些優勢,因為我在魁北克已經學過。",joseph_reviewed_traditional,Amis_3503,1,https://glosbe.com/ami/zh/na,work/reference_glosbe/amis_glosbe_traditional.xml
GLOSBE_REVIEWED_ZHO_9a87c3d3046c0bb5,Cecayay aca liyad.,也只是短暫別離。,joseph_reviewed_traditional,Amis_3507,0,https://glosbe.com/ami/zh/aca,work/reference_glosbe/amis_glosbe_traditional.xml
GLOSBE_REVIEWED_ZHO_ebd3e19da6698f60,"Cowa koninian aca, mitonganganay to tamdaw cangra, tano mari'angay a mangah mipalak to ngangan no tao.","不但如此,他們也毀謗人,以惡意的謊言來破壞別人的名聲。",joseph_reviewed_traditional,Amis_3514,2,https://glosbe.com/ami/zh/aca,work/reference_glosbe/amis_glosbe_traditional.xml
GLOSBE_REVIEWED_ZHO_dfef99421b36701f,"Kawrira, maolahay cangra padama to salikaka, tiya misatapang aca, mararomay ko faloco' nangra.","不過,因為他們很喜歡為弟兄姐妹服務,所以一開始會有點難過。",joseph_reviewed_traditional,Amis_3522,1,https://glosbe.com/ami/zh/aca,work/reference_glosbe/amis_glosbe_traditional.xml
GLOSBE_REVIEWED_ZHO_34bbeee1355bdd06,"Isaka 1993 miheca, mirienangay to sano Rowasiyaay sowal a kapot i Niwyok, itiya 20 aca ko mitosilay.","1993年,她加入了紐約市的俄語小組,當時小組裡只有大約20個傳道員。",joseph_reviewed_traditional,Amis_3524,2,https://glosbe.com/ami/zh/aca,work/reference_glosbe/amis_glosbe_traditional.xml
GLOSBE_REVIEWED_ZHO_de80e7d75fa180a8,"Cowa ko mitosilay aca, wa nga'ayho kita misamaan pataengad to likat no niyah hani?","除了參與傳道工作,我們還可以怎樣使自己的光照耀?",joseph_reviewed_traditional,Amis_3528,1,https://glosbe.com/ami/zh/aca,work/reference_glosbe/amis_glosbe_traditional.xml
GLOSBE_REVIEWED_ZHO_85db6866ca8bd983,"Itiya tosaay aca kasakopang itira, o cecay o kohecalay tamdaw a kasakopang, ora roma o ""kohetingay tamdaw"" a kasakopang.","當時,那裡只有兩群會眾,一群是白人會眾,另一群是“有色人種”會眾,也就是黑人會眾。",joseph_reviewed_traditional,Amis_3529,2,https://glosbe.com/ami/zh/aca/fragment/tmem?page=2&mode=MUST&stem=true,work/reference_glosbe/amis_glosbe_traditional.xml
GLOSBE_REVIEWED_ZHO_9bd5d7f9e041a663,"19 Nikawrira, cowa ko aitini aca i mikiriwi'ay a romi'ad, nga' misaaliay to sahinom ko tamdaw.","19 不過,痛失親友的人不是只有在特殊的日子或場合才需要鼓勵。",joseph_reviewed_traditional,Amis_3531,0,https://glosbe.com/ami/zh/aca/fragment/tmem?page=2&mode=MUST&stem=true,work/reference_glosbe/amis_glosbe_traditional.xml
GLOSBE_REVIEWED_ZHO_2b879b50dd55961e,"(Matay 3:17) Coko ci Yis aca, pakatengilay ko paino'ay a Yohani toniya sowal.","馬太福音3:17)看來除了耶穌,當時只有施浸者約翰聽到這些話。",joseph_reviewed_traditional,Amis_3533,0,https://glosbe.com/ami/zh/aca/fragment/tmem?page=2&mode=MUST&stem=true,work/reference_glosbe/amis_glosbe_traditional.xml
GLOSBE_REVIEWED_ZHO_43d4a7c332996bf0,"O malohemay malitengay cowa ko tano sowal aca a pakalalok to tamdaw, wa nga'ayayho misamaan to demak?","長老除了說話鼓勵人,還可以怎麼做?",joseph_reviewed_traditional,Amis_3535,0,https://glosbe.com/ami/zh/aca/fragment/tmem?page=2&mode=MUST&stem=true,work/reference_glosbe/amis_glosbe_traditional.xml
GLOSBE_REVIEWED_ZHO_8d5443203ed98c22,"4 Cowa ko nika patireng aca to fangcalay sefi, oha papatirengho to niyaro'.","4 猶太人除了要重建聖殿,還要重建自己的城。",joseph_reviewed_traditional,Amis_3537,2,https://glosbe.com/ami/zh/aca/fragment/tmem?page=2&mode=MUST&stem=true,work/reference_glosbe/amis_glosbe_traditional.xml
GLOSBE_REVIEWED_ZHO_6ba2e01b72cda92d,"Tinakoen, o cecay a kasakopang, 134 ko mitosilay a salikaka, 'arawhan i kilac nangra 50 aca ko laloma'an.","例如,一群會眾有134個傳道員,他們的傳道地區卻只有50戶人家。",joseph_reviewed_traditional,Amis_3541,1,https://glosbe.com/ami/zh/aca/fragment/tmem?page=2&mode=MUST&stem=true,work/reference_glosbe/amis_glosbe_traditional.xml
GLOSBE_REVIEWED_ZHO_3447c00d2d62dff5,"6 ""Awa ko pihakelongan, wa nga'ay ko ka'orip.""","而且,許多宗教鼓吹地獄永火的主張、收取什一奉獻、高談政治,讓人對上帝感到失望。",joseph_reviewed_traditional,Amis_3550,0,https://glosbe.com/ami/zh/wa'ay/fragment/tmem?page=2&mode=MUST&stem=true,work/reference_glosbe/amis_glosbe_traditional.xml
GLOSBE_REVIEWED_ZHO_f478c0f56c35d4bd,(2) Dotoc lalakaw wa milengo to maanan?,乙)下篇課文會談談什麼?,joseph_reviewed_traditional,Amis_3559,0,https://glosbe.com/ami/zh/wa'ay/fragment/tmem?page=2&mode=MUST&stem=true,work/reference_glosbe/amis_glosbe_traditional.xml
GLOSBE_REVIEWED_ZHO_31d4fea4437df24e,(2) Oniya lalakaw wa milengo to maanan?,乙)本篇課文會談談什麼?,joseph_reviewed_traditional,Amis_3561,0,https://glosbe.com/ami/zh/wa'ay/fragment/tmem?page=2&mode=MUST&stem=true,work/reference_glosbe/amis_glosbe_traditional.xml
GLOSBE_REVIEWED_ZHO_a65da51a349cb059,"Pakayni sapi'acaaw to so'linay kimad, wa pasadak kita to maanan a lima sapi'aca?","為了“買”真理,我們需要付出哪五種代價?",joseph_reviewed_traditional,Amis_3581,1,https://glosbe.com/ami/zh/wa'ay/fragment/tmem?page=3&mode=MUST&stem=true,work/reference_glosbe/amis_glosbe_traditional.xml
GLOSBE_REVIEWED_ZHO_8ef02f22759d1040,(2) Oniya lalakaw wa milengo to maanan hani?,乙)本篇課文會討論什麼?,joseph_reviewed_traditional,Amis_3589,0,https://glosbe.com/ami/zh/wa'ay/fragment/tmem?page=3&mode=MUST&stem=true,work/reference_glosbe/amis_glosbe_traditional.xml
GLOSBE_REVIEWED_ZHO_cc6e86cef5dfac8d,"Mihaenay, 'ayaw no mamicada to ino' ko tamdaw wa isalakatho midemak to maanan hani?","那麼,一個人在受浸前需要先採取哪些步驟呢?",joseph_reviewed_traditional,Amis_3598,0,https://glosbe.com/ami/zh/wa'ay/fragment/tmem?page=4&mode=MUST&stem=true,work/reference_glosbe/amis_glosbe_traditional.xml
GLOSBE_REVIEWED_ZHO_0ea3e71f9ddb7644,"(1) O mamicada to ino'a kaemangay tamdaw, wa miharateng to maanan a salicay?",乙)你可以怎樣幫助孩子看出服從上帝的律法帶來的福分?,joseph_reviewed_traditional,Amis_3606,0,https://glosbe.com/ami/zh/wa'ay/fragment/tmem?page=4&mode=MUST&stem=true,work/reference_glosbe/amis_glosbe_traditional.xml
GLOSBE_REVIEWED_ZHO_e1796a55ec21e91a,2 Micekiw kita to Hapakuk wa mahela ko sapaca'of.,2 我們研讀哈巴谷書就能找到答案了。,joseph_reviewed_traditional,Amis_3609,0,https://glosbe.com/ami/zh/wa'ay/fragment/tmem?page=4&mode=MUST&stem=true,work/reference_glosbe/amis_glosbe_traditional.xml
GLOSBE_REVIEWED_ZHO_4fec424f4809251c,(3) Oniya lalakaw wa milengo to maanan?,丙)本篇課文會討論什麼?,joseph_reviewed_traditional,Amis_3615,0,https://glosbe.com/ami/zh/wa'ay/fragment/tmem?page=5&mode=MUST&stem=true,work/reference_glosbe/amis_glosbe_traditional.xml
GLOSBE_REVIEWED_ZHO_5e3704efaad3b56f,O Iing no Kasakopang wa kaleki misilsil tisowanan i kasakapot no mitosilay.,會眾的常務委員會應該儘快分派你到一個傳道小組。,joseph_reviewed_traditional,Amis_3616,1,https://glosbe.com/ami/zh/wa'ay/fragment/tmem?page=5&mode=MUST&stem=true,work/reference_glosbe/amis_glosbe_traditional.xml
GLOSBE_REVIEWED_ZHO_d26022c316d507c7,Oniya lalakaw wa mitadtad to samaanay ko pinengneng no Fangcalay Cudad to raramod.,本篇課文會說明聖經對於婚姻有什麼看法。,joseph_reviewed_traditional,Amis_3619,0,https://glosbe.com/ami/zh/wa'ay/fragment/tmem?page=5&mode=MUST&stem=true,work/reference_glosbe/amis_glosbe_traditional.xml
GLOSBE_REVIEWED_ZHO_d58957e9c6fb3b7b,(2) Dotoc a lalakaw wa milengo to maanan hani?,乙)下一篇課文會談談什麼?,joseph_reviewed_traditional,Amis_3620,0,https://glosbe.com/ami/zh/wa'ay/fragment/tmem?page=5&mode=MUST&stem=true,work/reference_glosbe/amis_glosbe_traditional.xml
GLOSBE_REVIEWED_ZHO_58b336e29432c86d,Wa padotoc kita a mikilim to'citatodongay milifok to tahada'ocay'orip a tamdaw',我們會繼續尋找“秉性適宜得永生的人”,joseph_reviewed_traditional,Amis_3636,0,https://glosbe.com/ami/zh/wa'ay/fragment/tmem?page=5&mode=MUST&stem=true,work/reference_glosbe/amis_glosbe_traditional.xml
GLOSBE_REVIEWED_ZHO_4f85bcbbb15c50ba,"11 O kaemangay tamdaw wa nga'ay misamaan micowat to makelecay no kasakopang, halo pakalalok to roma tamdaw pasadak to likat hani?","11 年輕人可以怎樣在會眾裡促進團結,並因此鼓勵其他人髮出光來呢?",joseph_reviewed_traditional,Amis_3642,0,https://glosbe.com/ami/zh/wa'ay/fragment/tmem?page=6&mode=MUST&stem=true,work/reference_glosbe/amis_glosbe_traditional.xml
GLOSBE_REVIEWED_ZHO_2bf54de41755eaed,O maanan tolo safalod no Fangcalay Cudad wa nga'ay padama kitaanan matatodong ko pitadtad to lihaf?,哪三個聖經原則可以幫助我們正確地分析資訊?,joseph_reviewed_traditional,Amis_3644,1,https://glosbe.com/ami/zh/wa'ay/fragment/tmem?page=6&mode=MUST&stem=true,work/reference_glosbe/amis_glosbe_traditional.xml
GLOSBE_REVIEWED_ZHO_c1a098c28105fa9f,"So'lin mahaen, micerid a paratoh wa ira ko nga'ayay a minaro'an alatek.","儘管如此,一個小小的問候卻可能有意想不到的好結果。",joseph_reviewed_traditional,Amis_3648,1,https://glosbe.com/ami/zh/wa'ay/fragment/tmem?page=6&mode=MUST&stem=true,work/reference_glosbe/amis_glosbe_traditional.xml
GLOSBE_REVIEWED_ZHO_8d570e60479a4676,(2) Wa samaan ko picada no Kawas to midofdofay to palinian Ningra a tamdaw hani?,乙)上帝會怎樣對待遵守他標準的人?,joseph_reviewed_traditional,Amis_3653,0,https://glosbe.com/ami/zh/wa'ay/fragment/tmem?page=6&mode=MUST&stem=true,work/reference_glosbe/amis_glosbe_traditional.xml
GLOSBE_REVIEWED_ZHO_a0ad84435936c2e3,"'Ayaw no patireng to miiingay ko kasacefang no malohemay malitengay, wa misongila'miharateng to cecaceay pakayraan.","長老團在決定是否成立司法委員會之前,會仔細地衡量每種情況。",joseph_reviewed_traditional,Amis_3655,0,https://glosbe.com/ami/zh/wa'ay/fragment/tmem?page=6&mode=MUST&stem=true,work/reference_glosbe/amis_glosbe_traditional.xml
GLOSBE_REVIEWED_ZHO_1586b5c85157cb89,"Harateng ako o kahacecay loma', wa nga'ay miharateng tayra i Miyanmar a matayal.""",我覺得每個家庭都可以考慮到像緬甸這樣的地方服務。”,joseph_reviewed_traditional,Amis_3657,2,https://glosbe.com/ami/zh/wa'ay/fragment/tmem?page=6&mode=MUST&stem=true,work/reference_glosbe/amis_glosbe_traditional.xml
GLOSBE_REVIEWED_ZHO_e1493b54b0403d84,"Mahecaday ira ko tingki nga' malikatay ko dawdaw, helipen ko matatodong ko kaadihay no fali, caciyaw anca romadiw i, wa ira ko'icel.","這就像燈泡需要電力才能發光,吸進足夠的空氣可以讓你說話和唱歌時聲音更有力。",joseph_reviewed_traditional,Amis_3659,2,https://glosbe.com/ami/zh/wa'ay/fragment/tmem?page=6&mode=MUST&stem=true,work/reference_glosbe/amis_glosbe_traditional.xml
GLOSBE_REVIEWED_ZHO_8bc6e78621a30625,Wa minanamho kita to sasamaan kita miliyas to mahecaday ni Mosi a pakidemay a raraw.,我們也會學到怎樣避免像摩西一樣犯下大錯。,joseph_reviewed_traditional,Amis_3668,1,https://glosbe.com/ami/zh/wa'ay/fragment/tmem?page=7&mode=MUST&stem=true,work/reference_glosbe/amis_glosbe_traditional.xml
GLOSBE_REVIEWED_ZHO_297b06ba0bed15f6,(3) Wa milengo kita to maanan a salicay?,丙)我們會談談哪些問題?,joseph_reviewed_traditional,Amis_3674,0,https://glosbe.com/ami/zh/wa'ay/fragment/tmem?page=7&mode=MUST&stem=true,work/reference_glosbe/amis_glosbe_traditional.xml
GLOSBE_REVIEWED_ZHO_15301ee7175a4480,"O tinakoan no hongti no Yutaya ci Rihopoam, wa nga'ay padama kitaanan mikilim to haca'of.",猶大王羅波安的例子可以幫助我們找到答案。,joseph_reviewed_traditional,Amis_3676,0,https://glosbe.com/ami/zh/wa'ay/fragment/tmem?page=7&mode=MUST&stem=true,work/reference_glosbe/amis_glosbe_traditional.xml
GLOSBE_REVIEWED_ZHO_db7615cf807e62e8,(2) O laenoay lalakaw wa milengo to maanan salicay?,乙)下篇課文會討論什麼問題?,joseph_reviewed_traditional,Amis_3681,0,https://glosbe.com/ami/zh/wa'ay/fragment/tmem?page=7&mode=MUST&stem=true,work/reference_glosbe/amis_glosbe_traditional.xml
GLOSBE_REVIEWED_ZHO_52523435d9e1a521,Wa Samaan ko Ka'orip Noikor Hani?,你覺得未來會怎樣?,joseph_reviewed_traditional,Amis_3684,0,https://glosbe.com/ami/zh/wa'ay/fragment/tmem?page=7&mode=MUST&stem=true,work/reference_glosbe/amis_glosbe_traditional.xml
GLOSBE_REVIEWED_ZHO_828e4462637db81e,(2) Oniya lalakaw wa milengo to maanan?,乙)本篇課文會討論什麼?,joseph_reviewed_traditional,Amis_3685,0,https://glosbe.com/ami/zh/wa'ay/fragment/tmem?page=7&mode=MUST&stem=true,work/reference_glosbe/amis_glosbe_traditional.xml
GLOSBE_REVIEWED_ZHO_d61364edc229462c,"Saikor, wa milifok kita to miki'okan ni Yihofa kitaanan a''odingaray a pasalat'.","最終,我們會享有耶和華承諾要給我們的“榮耀的自由”。",joseph_reviewed_traditional,Amis_3686,0,https://glosbe.com/ami/zh/wa'ay/fragment/tmem?page=7&mode=MUST&stem=true,work/reference_glosbe/amis_glosbe_traditional.xml
GLOSBE_REVIEWED_ZHO_4db60d49799d0ac8,"Misi'ayaw to kafahalan a kafalic i, wa nga'ay kita misamaan mitodong ci Yosifan?","我們面對意想不到的轉變時,可以怎樣效法約瑟?",joseph_reviewed_traditional,Amis_3687,0,https://glosbe.com/ami/zh/wa'ay/fragment/tmem?page=7&mode=MUST&stem=true,work/reference_glosbe/amis_glosbe_traditional.xml
GLOSBE_REVIEWED_ZHO_65dbab8c481beda3,"Minanam to ta'arawan no madimadiay sikawdan no Kawas, wa samaan ko pilingat kitaanan hani?","想想這個忠僕怎樣成為上帝的朋友,怎樣受上帝喜愛,怎樣得到幫助遵行上帝的旨意。",joseph_reviewed_traditional,Amis_3690,0,https://glosbe.com/ami/zh/wa'ay/fragment/tmem?page=8&mode=MUST&stem=true,work/reference_glosbe/amis_glosbe_traditional.xml
GLOSBE_REVIEWED_ZHO_3027eef11a67ac5b,"Mafana'ay kita wa ira ko cecay romi'ad, wa mirienang kita to salikorayto a Piharatengan a Sa'opo.","因此,願我們盡力參加這個重要的聚會,並珍惜在受難紀念聚會裡享有的團結。",joseph_reviewed_traditional,Amis_3694,2,https://glosbe.com/ami/zh/wa'ay/fragment/tmem?page=8&mode=MUST&stem=true,work/reference_glosbe/amis_glosbe_traditional.xml
GLOSBE_REVIEWED_ZHO_69921898734f5a1a,Wa hacowa a mala'osi koniya sapairasol hani?,預言會在什麼時候應驗呢?,joseph_reviewed_traditional,Amis_3697,0,https://glosbe.com/ami/zh/wa'ay/fragment/tmem?page=8&mode=MUST&stem=true,work/reference_glosbe/amis_glosbe_traditional.xml
GLOSBE_REVIEWED_ZHO_32ea2d0986e3fc76,"3 Misarocod kita a mitosil, micowat to kakelec, padotoc a mikecol, wa nga'ay pa'dil ci Yihofaan.","3 我們努力傳道、促進團結、不斷守望,就能榮耀耶和華。",joseph_reviewed_traditional,Amis_3701,0,https://glosbe.com/ami/zh/wa'ay/fragment/tmem?page=8&mode=MUST&stem=true,work/reference_glosbe/amis_glosbe_traditional.xml
GLOSBE_REVIEWED_ZHO_76edab171da6188e,"Oni lalakaw wa milengo to sasamaan kita tano ciepocay a pakayraan, misaka dademak to safalod no Fangcalay Cudad.",本篇課文會討論怎樣在生活中實踐聖經原則。,joseph_reviewed_traditional,Amis_3702,0,https://glosbe.com/ami/zh/wa'ay/fragment/tmem?page=8&mode=MUST&stem=true,work/reference_glosbe/amis_glosbe_traditional.xml
GLOSBE_REVIEWED_ZHO_23cf076d2208801f,(2) Wa samaan ko tarokos padotoc malawidang ci Yisan hani?,乙)使徒要怎樣與耶穌維持友誼?,joseph_reviewed_traditional,Amis_3705,0,https://glosbe.com/ami/zh/wa'ay/fragment/tmem?page=8&mode=MUST&stem=true,work/reference_glosbe/amis_glosbe_traditional.xml
GLOSBE_REVIEWED_ZHO_4863e3f7b15799f3,"Tangasato 18 ko mihecaan, misakafahay kako.","到了18歲時我開始做先驅,後來還參加獨身弟兄聖經研習班。",joseph_reviewed_traditional,Amis_3719,0,https://glosbe.com/ami/zh/mihecaan,work/reference_glosbe/amis_glosbe_traditional.xml
GLOSBE_REVIEWED_ZHO_b0b68a73e745899e,"O cecay a romi'ad, pakalomaloma'an mitosil cingra i, malitemohay ko cecay cingisngisay a fa'inayan, maedeng 50 ko mihecaan.","有一天,他挨家挨戶傳道時遇見了一位留著鬍子的中年男子。",joseph_reviewed_traditional,Amis_3725,1,https://glosbe.com/ami/zh/mihecaan,work/reference_glosbe/amis_glosbe_traditional.xml
GLOSBE_REVIEWED_ZHO_003915cc7beb9ffc,"O cecay ci Katalina a fafahiyan salikaka, itini 17 ko mihecaan ningra patirengay to patosokan, pasayra i cecacecay cafay matayal a mitosil.","一個姐妹叫卡塔琳娜,她在17歲時立下目標,要向每個同事傳道。",joseph_reviewed_traditional,Amis_3726,4,https://glosbe.com/ami/zh/mihecaan,work/reference_glosbe/amis_glosbe_traditional.xml
GLOSBE_REVIEWED_ZHO_3be71bdc25ac19ef,"Ci Kolas 10 ko mihecaan, misa'osiay to mamicerid mi'osi to nalifetan no madimadiay a salikaka.","克麗斯丁在10歲時,決定要經常閱讀忠心弟兄姐妹的生平故事。",joseph_reviewed_traditional,Amis_3727,1,https://glosbe.com/ami/zh/mihecaan,work/reference_glosbe/amis_glosbe_traditional.xml
GLOSBE_REVIEWED_ZHO_c5399b1e5ab06c8a,"Micekiway to likisi no Yutaya ci Yosifos, maedeng 12 ko mihecaan ni Samuil itiya sanay.","猶太歷史學家約瑟夫斯指出,撒母耳當時12歲。",joseph_reviewed_traditional,Amis_3729,2,https://glosbe.com/ami/zh/mihecaan,work/reference_glosbe/amis_glosbe_traditional.xml
GLOSBE_REVIEWED_ZHO_7912b0a33ccbd8af,17 ko mihecaan itini i Pitil no Prokelin,17歲開始在布魯克林伯特利服務,joseph_reviewed_traditional,Amis_3730,1,https://glosbe.com/ami/zh/mihecaan,work/reference_glosbe/amis_glosbe_traditional.xml
GLOSBE_REVIEWED_ZHO_487b852ae467476d,"Itini Kuwita malitemohay ako ci Ciwci, o 25 ko mihecaan a mikiriwi'ay a misakafahay cingra.","我在奎達認識了喬治·辛格,他是一位年約25歲的特別先驅。",joseph_reviewed_traditional,Amis_3732,1,https://glosbe.com/ami/zh/mihecaan,work/reference_glosbe/amis_glosbe_traditional.xml
GLOSBE_REVIEWED_ZHO_c2c2eca7e38720a2,"4 ko mihecaan ni Taniil i, ciadadaay to macalohay a kohecalay'irang.","丹尼爾四歲時,患上急性白血病。",joseph_reviewed_traditional,Amis_3733,0,https://glosbe.com/ami/zh/mihecaan,work/reference_glosbe/amis_glosbe_traditional.xml
GLOSBE_REVIEWED_ZHO_f82f0abd2f81ac27,"Salikoray a masowal no Fangcalay Cudad ci Yosif i, 12 ko mihecaan ni Yis itiya.","聖經最後一次談到約瑟時,耶穌才12歲。",joseph_reviewed_traditional,Amis_3737,1,https://glosbe.com/ami/zh/mihecaan,work/reference_glosbe/amis_glosbe_traditional.xml
GLOSBE_REVIEWED_ZHO_65ece9e12301418d,"Tora pina a mihecaan, mikalic to kasoling naitini i Tokmok tahira i Palikeci adihayay ko mapalakay a payci.","那幾年來,我們往返托克馬克和巴雷克奇花了不少錢。",joseph_reviewed_traditional,Amis_3738,3,https://glosbe.com/ami/zh/mihecaan,work/reference_glosbe/amis_glosbe_traditional.xml
GLOSBE_REVIEWED_ZHO_781791017f527a43,"Isaka 1978 mihecaan, mapoyapoyay haca ci Mariya i 45 ko mihecaan.","1978年,瑪麗亞45歲時又再次懷孕了。",joseph_reviewed_traditional,Amis_3739,0,https://glosbe.com/ami/zh/mihecaan/fragment/tmem?page=2&mode=MUST&stem=true,work/reference_glosbe/amis_glosbe_traditional.xml
GLOSBE_REVIEWED_ZHO_982c7ab528373269,"Ikor to tosa miheca, tiya 16 ko mihecaan ako, misatapangay kako misakafah.","兩年後我也開始做先驅,那時我16歲。",joseph_reviewed_traditional,Amis_3742,2,https://glosbe.com/ami/zh/mihecaan/fragment/tmem?page=2&mode=MUST&stem=true,work/reference_glosbe/amis_glosbe_traditional.xml
GLOSBE_REVIEWED_ZHO_7e6359e0be508a0b,"Itiya 80 ko mihecaan ni Mari, kawra mahemekay cingra mihayda.","雖然當時瑪麗馬德萊娜已經80歲了,她還是很開心地答應了。",joseph_reviewed_traditional,Amis_3743,2,https://glosbe.com/ami/zh/mihecaan/fragment/tmem?page=2&mode=MUST&stem=true,work/reference_glosbe/amis_glosbe_traditional.xml
GLOSBE_REVIEWED_ZHO_b89b1c6a72764532,"1952—17 ko mihecaan ako, 'ayaw no mamala sofitay","1952年我入伍前的照片,當時17歲",joseph_reviewed_traditional,Amis_3744,1,https://glosbe.com/ami/zh/mihecaan/fragment/tmem?page=2&mode=MUST&stem=true,work/reference_glosbe/amis_glosbe_traditional.xml
GLOSBE_REVIEWED_ZHO_1d29ca67b0968382,Toya mihecaan mihadakay kako to sakina cecay mihatatanamay a kimad.,我在同一年發表了第一次的學生演講。,joseph_reviewed_traditional,Amis_3745,3,https://glosbe.com/ami/zh/mihecaan/fragment/tmem?page=2&mode=MUST&stem=true,work/reference_glosbe/amis_glosbe_traditional.xml
GLOSBE_REVIEWED_ZHO_b25e3e69d0de9bbf,"Ci Tomas 12 ko mihecaan patirengay to patosokan, i'ayaw no micada to ino' eminen mi'osi ko Fangcalay Cudad.","托比在12歲時設定目標,要在受浸前讀完整本聖經。",joseph_reviewed_traditional,Amis_3746,0,https://glosbe.com/ami/zh/mihecaan/fragment/tmem?page=2&mode=MUST&stem=true,work/reference_glosbe/amis_glosbe_traditional.xml
GLOSBE_REVIEWED_ZHO_1bf3fae0f483b921,"Maharatengayho ako tiya 12 ko mihecaan ni Kolsayra i, maolahayto cingra mitosil to ilalanay a tamdaw.","我記得女兒古爾賽拉才12歲,就很喜歡在街上向人傳講聖經真理。",joseph_reviewed_traditional,Amis_3747,1,https://glosbe.com/ami/zh/mihecaan/fragment/tmem?page=2&mode=MUST&stem=true,work/reference_glosbe/amis_glosbe_traditional.xml
GLOSBE_REVIEWED_ZHO_2f237b36603d41ef,Mahaen ci Sakura tangasaay i 23 ko mihecaan ningra.,櫻子過著這種墮落的生活直到23歲。,joseph_reviewed_traditional,Amis_3748,0,https://glosbe.com/ami/zh/mihecaan/fragment/tmem?page=2&mode=MUST&stem=true,work/reference_glosbe/amis_glosbe_traditional.xml
GLOSBE_REVIEWED_ZHO_eeee1f5e50854d08,"Icikil 8:1–19:14 milengoay to kaholiw ""saka enem a mihecaan "", o'ayaw ni Yis 612 mihecaan.","以西結書8:1-19:14提到被擄的“第六年”,就是公元前612年。",joseph_reviewed_traditional,Amis_3749,0,https://glosbe.com/ami/zh/mihecaan/fragment/tmem?page=2&mode=MUST&stem=true,work/reference_glosbe/amis_glosbe_traditional.xml
GLOSBE_REVIEWED_ZHO_7609a2cd468f27f7,"16 Dotoc masadakay ko tatosa fafahiyan, iraay ko matiraay sapikpik no'alilis a ci'icel.","16 接下來有兩個婦人出現,她們有像鸛鳥一樣強而有力的翅膀。(",joseph_reviewed_traditional,Amis_3752,1,https://glosbe.com/ami/zh/fafahiyan,work/reference_glosbe/amis_glosbe_traditional.xml
GLOSBE_REVIEWED_ZHO_a0ca1bf831102c01,"13 O cecay fafahiyan salikaka i Australia, tona matengilay ko mikimaday kalasaka dademak to cecay sinael, ta'angayay ko nika falic.","13 有一個澳大利亞的姊妹曾經因為在聚會時聽到講者引用一段經文,而作出很大的改變。",joseph_reviewed_traditional,Amis_3759,2,https://glosbe.com/ami/zh/fafahiyan,work/reference_glosbe/amis_glosbe_traditional.xml
GLOSBE_REVIEWED_ZHO_5e56bac478d58e0d,"8 Itini i loma' noya fafahiyan ci Ilisa, tayra i tatihi noya mapatayay wawa, mitolon to Kawas.","8 以利沙在婦人的家中,來到死去的男孩身旁向上帝禱告。",joseph_reviewed_traditional,Amis_3761,3,https://glosbe.com/ami/zh/fafahiyan,work/reference_glosbe/amis_glosbe_traditional.xml
GLOSBE_REVIEWED_ZHO_5562b8ffb8ee58b3,"(1) O cecay wama ci Tomas, samanay paihekal to mihadidiay i fafahiyan wawa no niyah?","乙)請說說你在教育孩子時,哪些方面比較需要繼續表現耐心。",joseph_reviewed_traditional,Amis_3763,1,https://glosbe.com/ami/zh/fafahiyan,work/reference_glosbe/amis_glosbe_traditional.xml
GLOSBE_REVIEWED_ZHO_c15edc983cf88a70,"O mato'asay fafahiyan salikaka, mamisamaan patahekal to timolo?","有些年長的姊妹雖然無法為上帝做很多服務,她們仍然可以表現勇氣,為會眾盡一分力。(",joseph_reviewed_traditional,Amis_3765,0,https://glosbe.com/ami/zh/fafahiyan,work/reference_glosbe/amis_glosbe_traditional.xml
GLOSBE_REVIEWED_ZHO_3677beed52f2fd96,"O CECAY kaemangay fafahiyan ci Maliya, nengnengen no wama wina cingra malacafay to mamicada to ino' a tomireng.","一個年輕女孩叫瑪麗亞,她的父母看著她和其他準備要受浸的人一起站起來。",joseph_reviewed_traditional,Amis_3766,3,https://glosbe.com/ami/zh/fafahiyan,work/reference_glosbe/amis_glosbe_traditional.xml
GLOSBE_REVIEWED_ZHO_e405c37a23aa2893,"Ci Sakiko, fafahiyan wawa, sanay ko sowal: ""Itini isaka 1990 a mamihecaan, marariday malitemoh ko naitiniay i Pracil a tamdaw.","女兒佐規子說:“20世紀90年代,我們傳道時常常遇見從巴西來的移民。",joseph_reviewed_traditional,Amis_3768,1,https://glosbe.com/ami/zh/fafahiyan,work/reference_glosbe/amis_glosbe_traditional.xml
GLOSBE_REVIEWED_ZHO_ac87d2e3b150535d,"Tinakoen, oniya fa'inayan fafahiyan makakaolahay hokira?","例如,這對男女是否正在談戀愛?",joseph_reviewed_traditional,Amis_3772,0,https://glosbe.com/ami/zh/fafahiyan,work/reference_glosbe/amis_glosbe_traditional.xml
GLOSBE_REVIEWED_ZHO_446919221447e3a8,"'Ayaw no Ta'angayay Lenlen, mikayhidan ni Satan ko roma coyoh madadi'i to fafahiyan no tamdaw.","在大洪水來到前,撒但引誘了一些天使和人間的女子發生性關係。",joseph_reviewed_traditional,Amis_3773,0,https://glosbe.com/ami/zh/fafahiyan,work/reference_glosbe/amis_glosbe_traditional.xml
GLOSBE_REVIEWED_ZHO_93c8679ff93949fe,"O ""tatiihay a raraw konini a fafahiyan "" sanay ko coyoh a mitadatad.",天使解釋這個婦人的名字叫“邪惡”。,joseph_reviewed_traditional,Amis_3774,0,https://glosbe.com/ami/zh/fafahiyan,work/reference_glosbe/amis_glosbe_traditional.xml
GLOSBE_REVIEWED_ZHO_d0f76588bfc7c26a,"So'li'lin hatira, timoloayho ko salikaka a romakat a misingtin.","儘管如此,弟兄姊妹仍然勇敢無畏地上街參加遊行。《",joseph_reviewed_traditional,Amis_3777,0,https://glosbe.com/ami/zh/romakat,work/reference_glosbe/amis_glosbe_traditional.xml
GLOSBE_REVIEWED_ZHO_9d8cf83dfa741075,"Pinaay a romi'ad mikalic to lofa anca romakat tayra i sangataay a ciyataw, mikitira a midakaw to kasoling tayra i pitaykayan.","他們需要先花好幾天的時間騎騾子或走路到最近的火車站,再從那裡搭火車才能到舉行大會的城市。",joseph_reviewed_traditional,Amis_3778,1,https://glosbe.com/ami/zh/romakat,work/reference_glosbe/amis_glosbe_traditional.xml
GLOSBE_REVIEWED_ZHO_6ad504b11997310c,"Sapidipotaw ci Mariya to itiyaday a wawa, milaliway toya paisingan.","瑪麗亞為了保護腹中的孩子,就逃離那間醫院。",joseph_reviewed_traditional,Amis_3795,0,https://glosbe.com/ami/zh/toya,work/reference_glosbe/amis_glosbe_traditional.xml
GLOSBE_REVIEWED_ZHO_7f2ca5e27344df05,"Malecaday toya mitiliday to'Olic a tamdaw kita, adihayay ko lalangian milekal ""pahemek ci Yihofaan"" halo pakalalok to romaroma tamdaw pakahemek i Cingranan!","跟詩篇147篇的執筆者一樣,我們確實有許多理由要高聲“讚美耶和華”,並鼓勵其他人也讚美他!",joseph_reviewed_traditional,Amis_3800,1,https://glosbe.com/ami/zh/toya,work/reference_glosbe/amis_glosbe_traditional.xml
GLOSBE_REVIEWED_ZHO_0328f398af72ccfd,"13 Mikecolay, saki'alomanay misamacayay milengo to no'adingoan a demak, pakayraay toya mangodoay to Kawas ato Fangcalay Cudad a mi'osiay ko pitilid.","13 《守望臺》公眾版集中討論屬靈的事,是為那些尊重上帝和聖經的讀者編寫的。",joseph_reviewed_traditional,Amis_3804,0,https://glosbe.com/ami/zh/toya,work/reference_glosbe/amis_glosbe_traditional.xml
GLOSBE_REVIEWED_ZHO_1dcea56edcee4e88,Toya taykay kako ato roma tamdaw itiniay i kietecay a lako i ngata no nociyo micada to ino'.,"那次大會對我來說也很重要,因為我和其他人在附近農場冰冷的池塘中受了浸。",joseph_reviewed_traditional,Amis_3805,0,https://glosbe.com/ami/zh/toya,work/reference_glosbe/amis_glosbe_traditional.xml
GLOSBE_REVIEWED_ZHO_bd48198cc80aabaa,"Pa'icel tamiyanan,","賜我們所需能力,",joseph_reviewed_traditional,Amis_3806,0,https://glosbe.com/ami/zh/tamiyanan,work/reference_glosbe/amis_glosbe_traditional.xml
GLOSBE_REVIEWED_ZHO_04be6e40528a278f,"So'li'lin ma'ifowaay ko misafinacaday a pakayraan, kawra sida'itay ko salikaka tamiyanan.","雖然種族主義情緒高漲,弟兄姐妹還是對我們很仁慈。",joseph_reviewed_traditional,Amis_3814,0,https://glosbe.com/ami/zh/tamiyanan,work/reference_glosbe/amis_glosbe_traditional.xml
GLOSBE_REVIEWED_ZHO_ccb1d4b12d990e6c,"Mahemekay militemoh ko itiniay salikaka tamiyanan!""",這裡的弟兄姐妹非常歡迎我們!”,joseph_reviewed_traditional,Amis_3815,0,https://glosbe.com/ami/zh/tamiyanan,work/reference_glosbe/amis_glosbe_traditional.xml
GLOSBE_REVIEWED_ZHO_842b266a95c032f8,Tada miako'iday kami ci Yihofaan aci Yisan padotoc pafeli to dipayal tamiyanan!,我們多麼感謝耶和華和耶穌讓我們一直享有平安!,joseph_reviewed_traditional,Amis_3817,1,https://glosbe.com/ami/zh/tamiyanan,work/reference_glosbe/amis_glosbe_traditional.xml
GLOSBE_REVIEWED_ZHO_c1cde39a2c125891,Palemeday ci Yihofa Tamiyanan,耶和華“厚待”我們,joseph_reviewed_traditional,Amis_3822,0,https://glosbe.com/ami/zh/tamiyanan,work/reference_glosbe/amis_glosbe_traditional.xml
GLOSBE_REVIEWED_ZHO_e4706b0c7bddd549,saki tamiyanan,使人得永生。,joseph_reviewed_traditional,Amis_3823,0,https://glosbe.com/ami/zh/tamiyanan,work/reference_glosbe/amis_glosbe_traditional.xml
GLOSBE_REVIEWED_ZHO_df8fffec780f0e3a,"Misaaliayho cangra to casi tamiyanan!""",他們甚至向我們要雜誌呢!”,joseph_reviewed_traditional,Amis_3824,0,https://glosbe.com/ami/zh/tamiyanan,work/reference_glosbe/amis_glosbe_traditional.xml
GLOSBE_REVIEWED_ZHO_9e6824efdaaa72f2,"Iraay ko cecay mangangahay fa'inayan salikaka, micada tamiyanan atoya sikawdan no fenpo no Ingkelan ci Polays Hiws.",有個弟兄慷慨地接待我們和當時英國分部的分部僕人普賴斯·休斯。,joseph_reviewed_traditional,Amis_3825,1,https://glosbe.com/ami/zh/tamiyanan,work/reference_glosbe/amis_glosbe_traditional.xml
GLOSBE_REVIEWED_ZHO_a3cf7bdcc8199960,Sata'angay sa to ngiha ci Mosi a pasowal: ' Cima ko midopoay ci Yihofaan?,摩西大聲地說:“誰擁護耶和華?,joseph_reviewed_traditional,Amis_3829,0,https://glosbe.com/ami/zh/Cima,work/reference_glosbe/amis_glosbe_traditional.xml
GLOSBE_REVIEWED_ZHO_190a4fff2c19a16c,Cima ko mirienangay?,誰參與了這項活動?,joseph_reviewed_traditional,Amis_3833,0,https://glosbe.com/ami/zh/Cima,work/reference_glosbe/amis_glosbe_traditional.xml
GLOSBE_REVIEWED_ZHO_11d7dc93f74c5d75,Cima pakafilo?,誰能與你相比?,joseph_reviewed_traditional,Amis_3838,0,https://glosbe.com/ami/zh/Cima,work/reference_glosbe/amis_glosbe_traditional.xml
GLOSBE_REVIEWED_ZHO_10a8aafa4ae9f10b,"O cima ko mamitengil a midofdof to Ifiso 4:23, 24 a limo'ot hani?","誰應該聽從以弗所書4:23,24的勸告?",joseph_reviewed_traditional,Amis_3839,0,https://glosbe.com/ami/zh/Cima,work/reference_glosbe/amis_glosbe_traditional.xml
GLOSBE_REVIEWED_ZHO_39eb08310b91dd3b,17 Cima ko Midopo ci Yihofaan?,17 誰擁護耶和華?,joseph_reviewed_traditional,Amis_3841,0,https://glosbe.com/ami/zh/Cima,work/reference_glosbe/amis_glosbe_traditional.xml
GLOSBE_REVIEWED_ZHO_ae8e3c81c3bdefc9,Cima ko Midopo ci Yihofaan?,誰擁護耶和華?,joseph_reviewed_traditional,Amis_3842,0,https://glosbe.com/ami/zh/Cima,work/reference_glosbe/amis_glosbe_traditional.xml
GLOSBE_REVIEWED_ZHO_01624010cd8d188d,"Mahemek ko kakarayan,","天上一片歡欣鼓舞,",joseph_reviewed_traditional,Amis_3845,0,https://glosbe.com/ami/zh/kakarayan,work/reference_glosbe/amis_glosbe_traditional.xml
GLOSBE_REVIEWED_ZHO_e81ea623dea8b55c,"O maanan ko ma'araway ni Pawlo a ""saka tolo tingloh a kakarayan ""?",保羅看見的“三重天”是什麼?,joseph_reviewed_traditional,Amis_3847,0,https://glosbe.com/ami/zh/kakarayan,work/reference_glosbe/amis_glosbe_traditional.xml
GLOSBE_REVIEWED_ZHO_52d42b3a25a61e2d,"O roma, masowalay ni Yihofa i Fangcalay Cudad ko Hongti Kitakit ni Misiya, somowalayho Cingra o mapasimalay Krisciyang iraay ko hatokel, tayra i kakarayan tahada'oc a ma'orip, o'roma lopay'ay siri' wa itini i sera a Lakoing tahada'oc a ma'orip.","此外,耶和華在聖經提到了彌賽亞王國,也談到受膏基督徒有希望在天上享永生,而“另外的綿羊”則是有希望永遠生活在地上的樂園裡。(",joseph_reviewed_traditional,Amis_3848,5,https://glosbe.com/ami/zh/kakarayan,work/reference_glosbe/amis_glosbe_traditional.xml
GLOSBE_REVIEWED_ZHO_ae35a7004c1c74a7,Misamaanay hano tada cifadangalay ci Yihofa a mikowan to paro no kakarayan?,為什麼耶和華絕對有權統治宇宙眾生?,joseph_reviewed_traditional,Amis_3849,1,https://glosbe.com/ami/zh/kakarayan,work/reference_glosbe/amis_glosbe_traditional.xml
GLOSBE_REVIEWED_ZHO_e7f33294f87d6945,18 Hinapalada' Pakahemekay Tisowanan,18 慷慨令你快樂,joseph_reviewed_traditional,Amis_3855,0,https://glosbe.com/ami/zh/tisowanan,work/reference_glosbe/amis_glosbe_traditional.xml
GLOSBE_REVIEWED_ZHO_b881928a85f84a26,Hinapalada' Pakahemekay Tisowanan,慷慨令你快樂,joseph_reviewed_traditional,Amis_3865,0,https://glosbe.com/ami/zh/tisowanan,work/reference_glosbe/amis_glosbe_traditional.xml
GLOSBE_REVIEWED_ZHO_131129c8415eb3f7,Miako'id to nika ciharateng ni Yihofa i tisowanan?,知道耶和華關心你?,joseph_reviewed_traditional,Amis_3868,1,https://glosbe.com/ami/zh/tisowanan,work/reference_glosbe/amis_glosbe_traditional.xml
GLOSBE_REVIEWED_ZHO_7dc6bfc2f8d81ea7,O kantok no kasakapot mitosil wa kalacafay tisowanan a mitosil.,你所屬的傳道小組監督會儘量在你搬來後不久跟你一起傳道。,joseph_reviewed_traditional,Amis_3871,0,https://glosbe.com/ami/zh/tisowanan,work/reference_glosbe/amis_glosbe_traditional.xml
GLOSBE_REVIEWED_ZHO_e983dc9d0be7d3d7,"Oniya milifetan no salikaka nga'ay pakalalok tisowanan, miharateng to nganga'ay tayra i misaaliay a kilac mitosil hokira, padama to so'linay ko faloco'a tamdaw mafana'to Kawas.","希望以上弟兄姐妹的心聲能讓你想想,自己能不能到還沒有人傳道的地區服務,幫助當地真誠的人認識上帝。",joseph_reviewed_traditional,Amis_3872,1,https://glosbe.com/ami/zh/tisowanan,work/reference_glosbe/amis_glosbe_traditional.xml
GLOSBE_REVIEWED_ZHO_60944da95822909f,"Patalaw tisowanan,","對你威脅且辱罵,",joseph_reviewed_traditional,Amis_3876,0,https://glosbe.com/ami/zh/tisowanan/fragment/tmem?page=2&mode=MUST&stem=true,work/reference_glosbe/amis_glosbe_traditional.xml
GLOSBE_REVIEWED_ZHO_782240a5dfc71b56,"O manan ko papadama to mapatayay ko salawina, miadah to adada no faloco' hani?","那麼,什麼可以幫助痛失親友的人撫平內心的傷痛呢?",joseph_reviewed_traditional,Amis_3880,0,https://glosbe.com/ami/zh/adada,work/reference_glosbe/amis_glosbe_traditional.xml
GLOSBE_REVIEWED_ZHO_c1fd5fa1bc7ba157,"""Safa'ina'inayan Sa'icelen ko Faloco', Pisatapangto Kiso Imatini a Matayal ""","“你要勇敢堅強,只管去做”",joseph_reviewed_traditional,Amis_3894,0,https://glosbe.com/ami/zh/matayal,work/reference_glosbe/amis_glosbe_traditional.xml
GLOSBE_REVIEWED_ZHO_fa24cc01455ee576,"28 ""Safa'ina'inayan Sa'icelen ko Faloco', Pisatapangto Kiso Imatini a Matayal ""","28頁 “你要勇敢堅強,只管去做”",joseph_reviewed_traditional,Amis_3895,0,https://glosbe.com/ami/zh/matayal,work/reference_glosbe/amis_glosbe_traditional.xml
GLOSBE_REVIEWED_ZHO_0eabe3822e5e0f11,"Mankora, ""safa'ina'inayan sa'icelen ko faloco'... a matayal.""","因此,我們要“勇敢堅強,只管去做”。",joseph_reviewed_traditional,Amis_3903,0,https://glosbe.com/ami/zh/matayal,work/reference_glosbe/amis_glosbe_traditional.xml
GLOSBE_REVIEWED_ZHO_60c71fb650c727de,"Ikorto patikolay kako tayni i Karaci, itira malacafayay to tatosa salikaka micudiyapay i Kiliyat Picudadan a matayal, ci Henri aci Hali.","後來我回到卡拉奇,在那裡和兩位剛從基列學校畢業的弟兄一起工作,他們是亨利·芬奇和哈利·福里斯特。",joseph_reviewed_traditional,Amis_3907,3,https://glosbe.com/ami/zh/matayal,work/reference_glosbe/amis_glosbe_traditional.xml
GLOSBE_REVIEWED_ZHO_3f1f04c9d153659a,Malacafay ci Yihofaan a Matayal to Romi'ami'ad,天天跟耶和華一起工作,joseph_reviewed_traditional,Amis_3908,0,https://glosbe.com/ami/zh/matayal,work/reference_glosbe/amis_glosbe_traditional.xml
GLOSBE_REVIEWED_ZHO_135a03da631fabf8,13 Nalifetan no Tamdaw —Malacafay to Madimadiay a Salikaka Matayal O Ta'angayay Sapalemed,13頁 人物生平——跟忠貞的弟兄一起工作是很大的福分,joseph_reviewed_traditional,Amis_3909,0,https://glosbe.com/ami/zh/matayal/fragment/tmem?page=2&mode=MUST&stem=true,work/reference_glosbe/amis_glosbe_traditional.xml
GLOSBE_REVIEWED_ZHO_7b49503b5b086bab,"Micudiyapto ikor, malo mikiriwi'ay a misakafahay kako matayal i Polangkes no Niwyok to cecay a liyad.","畢業後,我暫時以特別先驅的身份在紐約市的布朗克斯服務。",joseph_reviewed_traditional,Amis_3910,1,https://glosbe.com/ami/zh/matayal/fragment/tmem?page=2&mode=MUST&stem=true,work/reference_glosbe/amis_glosbe_traditional.xml
GLOSBE_REVIEWED_ZHO_8ebbf4bc220d352a,"Ci Maeke, 19 miheca matayal to miliso'ay, sanay ko sowal: ""O fa'inay no roma salikaka i kasakopang cowaho ko salikaka, wa nga'ayto kako a padama cangranan.""","馬爾科過去從事探訪工作19年,他說:“會眾裡有些姐妹的丈夫不是弟兄,現在我能幫助他們了。”",joseph_reviewed_traditional,Amis_3911,1,https://glosbe.com/ami/zh/matayal/fragment/tmem?page=2&mode=MUST&stem=true,work/reference_glosbe/amis_glosbe_traditional.xml
GLOSBE_REVIEWED_ZHO_ec3c26c0bed757f0,Itiniay kako aci Hapi i Fenpo no Pining a matayal,我和海碧在貝寧分部服務時,joseph_reviewed_traditional,Amis_3912,1,https://glosbe.com/ami/zh/matayal/fragment/tmem?page=2&mode=MUST&stem=true,work/reference_glosbe/amis_glosbe_traditional.xml
GLOSBE_REVIEWED_ZHO_d158e288ffc6eeca,Kalikoan matayal ci Yihofaan!,能為耶和華服務是無上光榮!,joseph_reviewed_traditional,Amis_3913,0,https://glosbe.com/ami/zh/matayal/fragment/tmem?page=2&mode=MUST&stem=true,work/reference_glosbe/amis_glosbe_traditional.xml
GLOSBE_REVIEWED_ZHO_5432bb5060c808ed,"1986 miheca, tayraay kami i Ketetiwa matayal to miliso'ay a demak.","1986年,我們前往科特迪瓦(象牙海岸)從事探訪的工作。",joseph_reviewed_traditional,Amis_3918,0,https://glosbe.com/ami/zh/matayal/fragment/tmem?page=2&mode=MUST&stem=true,work/reference_glosbe/amis_glosbe_traditional.xml
GLOSBE_REVIEWED_ZHO_f3b89937918238a1,"Naitini isaka 1999 miheca, matayal i Mikayatay Malohemay Malitengay i Congpo mahemekay kako","從1999年起,我很榮幸能夠以中央長老團成員的身份服務",joseph_reviewed_traditional,Amis_3920,0,https://glosbe.com/ami/zh/matayal/fragment/tmem?page=2&mode=MUST&stem=true,work/reference_glosbe/amis_glosbe_traditional.xml
GLOSBE_REVIEWED_ZHO_891378c084daeecc,(Yohani 16:2) Mahaenay ko harateng noya mipatayay ci Stifanoan.,約翰福音16:2)殺害司提反的人就有這種想法。(,joseph_reviewed_traditional,Amis_3925,0,https://glosbe.com/ami/zh/noya,work/reference_glosbe/amis_glosbe_traditional.xml
GLOSBE_REVIEWED_ZHO_a909177178078e68,"Ikor, o fafahi noya salikaka ato wawa ningra misa'osiay to faloco' a midoko ci Yihofaan.","後來,弟兄的妻子和女兒都決定事奉耶和華。",joseph_reviewed_traditional,Amis_3926,1,https://glosbe.com/ami/zh/noya,work/reference_glosbe/amis_glosbe_traditional.xml
GLOSBE_REVIEWED_ZHO_486b4354893f8fd0,"Isarakat, maliyangayho kako tora harateng.","起初,我抗拒這種想法。",joseph_reviewed_traditional,Amis_3932,0,https://glosbe.com/ami/zh/tora,work/reference_glosbe/amis_glosbe_traditional.xml
GLOSBE_REVIEWED_ZHO_00444865569b738e,"Iraay ko cecay mahemekay to Fangcalay Cudad a fa'inayan, ma'araw ningra ko Sinpong no Aielan palosiyang tora kimad i, tayraay mirienang.","有一名對聖經感興趣的男子看到《愛爾蘭時報》刊登公眾演講的活動,就決定去參加。",joseph_reviewed_traditional,Amis_3934,2,https://glosbe.com/ami/zh/tora,work/reference_glosbe/amis_glosbe_traditional.xml
GLOSBE_REVIEWED_ZHO_7c4dc481d93a0f03,Hano makahi kami micada tora satahidang hani?,為什麼我們願意接受邀請呢? 耶和華怎樣賜福給我們?,joseph_reviewed_traditional,Amis_3936,0,https://glosbe.com/ami/zh/tora,work/reference_glosbe/amis_glosbe_traditional.xml
GLOSBE_REVIEWED_ZHO_b7f9cac73031621a,"Matira tora fa'inayan i fafekang, to mihecahecaan'alomanay a tamdaw, itiniay i kasakopang no Krisciyang a mahela ko rihaday.","每年有千千萬萬的人跟上述的男子一樣,在基督徒會眾裡找到渴望已久的和平。",joseph_reviewed_traditional,Amis_3937,0,https://glosbe.com/ami/zh/tora,work/reference_glosbe/amis_glosbe_traditional.xml
GLOSBE_REVIEWED_ZHO_4e7291d7a337aef5,"Wa nga'ay haratengen no mita: ""Ano mahecaday ko pakayraan ako tora mitosilan a tamdaw, wa samaan ko harateng ako to lihaf no Hongti Kitakit hani?""","我們可以想想:“如果我跟傳道的對象有一樣的處境,我會對王國信息有什麼反應呢?”",joseph_reviewed_traditional,Amis_3941,1,https://glosbe.com/ami/zh/tora,work/reference_glosbe/amis_glosbe_traditional.xml
GLOSBE_REVIEWED_ZHO_aa39d7ad979c436c,"Mankora caka pakaala to cecay miheca, papiliyasan no wina kako tora picudadan.","所以不到一年,媽媽就讓我離開那間學校。",joseph_reviewed_traditional,Amis_3944,1,https://glosbe.com/ami/zh/tora,work/reference_glosbe/amis_glosbe_traditional.xml
GLOSBE_REVIEWED_ZHO_c49fd92c36ba594c,7 Hano o mato'asay ko mamisaysay tora demak hani?,7 為什麼案件需要由長老處理呢?,joseph_reviewed_traditional,Amis_3946,0,https://glosbe.com/ami/zh/tora,work/reference_glosbe/amis_glosbe_traditional.xml
GLOSBE_REVIEWED_ZHO_c08337f8ed446867,"2 Mafana'ay ci Cikariya tora minokayay tayra i Yirusalim a Israil tamdaw, 'ifowaay a pakaso'lin to Kawas.",2 撒迦利亞知道這些返回耶路撒冷的猶太人對上帝充滿信心。,joseph_reviewed_traditional,Amis_3947,1,https://glosbe.com/ami/zh/tora,work/reference_glosbe/amis_glosbe_traditional.xml
GLOSBE_REVIEWED_ZHO_00ced2ea53ee13db,"11 O maolahay to payso a tamdaw, cowa pakahemek to Kawas.","他不是討厭這個,喜愛那個,就是忠於這個,輕看那個。",joseph_reviewed_traditional,Amis_3951,0,https://glosbe.com/ami/zh/payso,work/reference_glosbe/amis_glosbe_traditional.xml
GLOSBE_REVIEWED_ZHO_1f0957d055baeb89,Pakayni payso patalipa'elalay ci Yis to manan?,耶穌說:“一個人不能做兩個主人的奴隸。,joseph_reviewed_traditional,Amis_3952,0,https://glosbe.com/ami/zh/payso,work/reference_glosbe/amis_glosbe_traditional.xml
GLOSBE_REVIEWED_ZHO_f0c59427dc1768e4,"Ikor no taykay, panokayan kako tayra i Filiping.","大會之後,我又被派回到菲律賓服務。",joseph_reviewed_traditional,Amis_3973,0,https://glosbe.com/ami/zh/tayra,work/reference_glosbe/amis_glosbe_traditional.xml
GLOSBE_REVIEWED_ZHO_a73521189d9dfafd,"Kawra, mikala cafayto ci Noma to kohecalay salikaka mitosil, halo tayra i loma' nangra ikor, lipahak pasowal cingra: ""Mahecaday kitanan cangra, o kalo tamdaw cangra!""","不過,努瑪跟白人弟兄姊妹一起傳道而且去過他們的家之後,興奮地說:“他們像我們一樣,都是普通人!”",joseph_reviewed_traditional,Amis_3977,0,https://glosbe.com/ami/zh/tayra,work/reference_glosbe/amis_glosbe_traditional.xml
GLOSBE_REVIEWED_ZHO_b5e5db3ba04e0d96,Ikor mapanilnilay kami tayra i kakatimolan no Lonton.,"一段時間後,我們被委派到倫敦南部。",joseph_reviewed_traditional,Amis_3978,0,https://glosbe.com/ami/zh/tayra/fragment/tmem?page=2&mode=MUST&stem=true,work/reference_glosbe/amis_glosbe_traditional.xml
GLOSBE_REVIEWED_ZHO_ff8cdd24ac246f88,"Iraay ko 550 a mafana'ay tono Tureky sowal a salikaka, naitiraay i roma kitakit tayra i Tureky, pacafay to itiraay a mitosilay mitenak to nga'ayay ratoh.","另外,有大約550個說土耳其語的弟兄姊妹也從其他國家來到土耳其,跟當地的傳道員一起傳揚好消息。",joseph_reviewed_traditional,Amis_3982,1,https://glosbe.com/ami/zh/tayra/fragment/tmem?page=2&mode=MUST&stem=true,work/reference_glosbe/amis_glosbe_traditional.xml
GLOSBE_REVIEWED_ZHO_0c60aa645001e71b,Tocerid malacafay kako to paro no loma' tayra i Tekesas mirienang to taykay.,我和家人通常會去德克薩斯州參加大會。,joseph_reviewed_traditional,Amis_3983,1,https://glosbe.com/ami/zh/tayra/fragment/tmem?page=2&mode=MUST&stem=true,work/reference_glosbe/amis_glosbe_traditional.xml
GLOSBE_REVIEWED_ZHO_89c23686e683a70a,"Mirienang cangra i Iwropa, Asiya, Katimolay no Asiya a taykay, ikor tatayra i Hawaii Honololo, saikor tayra Karefoniya a Pasatina a mahererek.","除了參加大會,這些代表也有機會到黎巴嫩和約旦參加特別的行程,親自遊訪聖經提到的地方。",joseph_reviewed_traditional,Amis_3984,0,https://glosbe.com/ami/zh/tayra/fragment/tmem?page=2&mode=MUST&stem=true,work/reference_glosbe/amis_glosbe_traditional.xml
GLOSBE_REVIEWED_ZHO_fb050817bee5b16c,"Ikor, malalengo to ising cangra, licayan ko wina, makahi cingra malinah tayra i Matakaska hokira.","後來,蒂埃裡和納迪亞咨詢過醫生,就問母親要不要從法國搬到馬達加斯加跟他們一起住。",joseph_reviewed_traditional,Amis_3987,1,https://glosbe.com/ami/zh/tayra/fragment/tmem?page=2&mode=MUST&stem=true,work/reference_glosbe/amis_glosbe_traditional.xml
GLOSBE_REVIEWED_ZHO_568f2a0a56dadca4,"Maharatengay nangra itini 1977 miheca a Sapahatatanam to Misakafahay, pakalalokay to minanamay malinah tayra misaaliay to mitosilay a kilac.","他們想到在1977年開辦的先驅訓練班,鼓勵受培訓的學員搬到需要更多傳道員的地區服務。",joseph_reviewed_traditional,Amis_3989,1,https://glosbe.com/ami/zh/tayra/fragment/tmem?page=2&mode=MUST&stem=true,work/reference_glosbe/amis_glosbe_traditional.xml
GLOSBE_REVIEWED_ZHO_0651005ce9942625,Hano tayra malinah ci Riana hani?,裡阿納為什麼選擇搬到那裡呢?,joseph_reviewed_traditional,Amis_3990,0,https://glosbe.com/ami/zh/tayra/fragment/tmem?page=2&mode=MUST&stem=true,work/reference_glosbe/amis_glosbe_traditional.xml
GLOSBE_REVIEWED_ZHO_ec2620f6738ec360,"O malinahay tayra i Tureky a roma kitakit a salikaka, to romi'ami'ad malitemohay ko cowaho pakatengil ci Yihofaan a tamdaw.",從國外搬去土耳其服務的弟兄姊妹每天都會遇見一些完全沒聽過耶和華的人。,joseph_reviewed_traditional,Amis_3997,1,https://glosbe.com/ami/zh/tayra/fragment/tmem?page=2&mode=MUST&stem=true,work/reference_glosbe/amis_glosbe_traditional.xml
GLOSBE_REVIEWED_ZHO_4f8be8433ffdf969,"Ikor no pina folad, miocoran kami tayra i ka'amis no Solis 240 kongli ko raay a Kilpeter Playens.","幾個月後,我們被派到蘇里斯北方大約240公裡的吉爾伯特普萊恩斯。",joseph_reviewed_traditional,Amis_4002,2,https://glosbe.com/ami/zh/tayra/fragment/tmem?page=2&mode=MUST&stem=true,work/reference_glosbe/amis_glosbe_traditional.xml
GLOSBE_REVIEWED_ZHO_df662bf38ab7b568,Tayra i donate.jw.org wangcan,在瀏攬器上輸入donate.jw.org,joseph_reviewed_traditional,Amis_4003,0,https://glosbe.com/ami/zh/tayra/fragment/tmem?page=3&mode=MUST&stem=true,work/reference_glosbe/amis_glosbe_traditional.xml
GLOSBE_REVIEWED_ZHO_9a7c45fbef6e0062,"Maedeng toniya toki, o cecay Micekiway to Fangcalay Cudad ci Wiercilio Fukusen mihalakaay malinah tayra i Putawya, midama to mitosilay a demak.","大約這個時候,一位巴西的聖經研究者維爾吉利奧·弗格森計劃搬到葡萄牙,協助傳道工作。",joseph_reviewed_traditional,Amis_4007,1,https://glosbe.com/ami/zh/tayra/fragment/tmem?page=3&mode=MUST&stem=true,work/reference_glosbe/amis_glosbe_traditional.xml
GLOSBE_REVIEWED_ZHO_6af0105b6246c688,"""Makalimay kami tayra!""",“我們願意去!”,joseph_reviewed_traditional,Amis_4008,0,https://glosbe.com/ami/zh/tayra/fragment/tmem?page=3&mode=MUST&stem=true,work/reference_glosbe/amis_glosbe_traditional.xml
GLOSBE_REVIEWED_ZHO_803e8d1431f4f515,Itiniay i'ayaw ni Yis 617 miheca maholiw ci Icikil tayra i Papilon.,以西結在公元前617年被擄到巴比倫。,joseph_reviewed_traditional,Amis_4011,0,https://glosbe.com/ami/zh/tayra/fragment/tmem?page=3&mode=MUST&stem=true,work/reference_glosbe/amis_glosbe_traditional.xml
GLOSBE_REVIEWED_ZHO_b8bebcc0dd04585a,"Kinacecayay, kako aci Henri malacafayay tayra i ka'amis a Pakistan mitosil.","有一次,我和芬奇弟兄一起去北巴基斯坦傳道。",joseph_reviewed_traditional,Amis_4014,1,https://glosbe.com/ami/zh/tayra/fragment/tmem?page=3&mode=MUST&stem=true,work/reference_glosbe/amis_glosbe_traditional.xml
GLOSBE_REVIEWED_ZHO_fc6a2f7cf984868d,"Samanen iraay ko pilimekan niyaro' a limasmas, cowa ko mapacieci cangra milaliw tayra roma kitakit, makayhidto midoko to makaniway kawas.","因為有庇護城的安排,這些人不會被迫逃到外地去,而受引誘崇拜假神。",joseph_reviewed_traditional,Amis_4015,1,https://glosbe.com/ami/zh/tayra/fragment/tmem?page=3&mode=MUST&stem=true,work/reference_glosbe/amis_glosbe_traditional.xml
GLOSBE_REVIEWED_ZHO_857b86d24c9f7003,"Mahaen ya nisowalan ci Titiay: "" Tayra i misaaliay a kilac mitosil, wa pahatatanamay kitanan misaday to noikoran.""","就像先前提到的迪迪埃說的:“到需求大的地方傳道,能訓練我們為未來做好準備。”",joseph_reviewed_traditional,Amis_4019,0,https://glosbe.com/ami/zh/tayra/fragment/tmem?page=3&mode=MUST&stem=true,work/reference_glosbe/amis_glosbe_traditional.xml
GLOSBE_REVIEWED_ZHO_5ddd602bca5a093e,"""O TAPANG no pipanayan"" ci Yihofa pakalalokay to adihayay salikaka nai romaroma kitakit malinah tayra i Miyanmar, tayni i Asia kitakit padama to mipanayay to no'adingoan a demak.","“莊稼的主人”耶和華激勵了許多弟兄姐妹搬去緬甸,到這個東南亞國家協助屬靈的收割工作。",joseph_reviewed_traditional,Amis_4020,3,https://glosbe.com/ami/zh/tayra/fragment/tmem?page=3&mode=MUST&stem=true,work/reference_glosbe/amis_glosbe_traditional.xml
GLOSBE_REVIEWED_ZHO_d087e7f25628ec2b,"Ikor i, mikitini Estonia malinahay kami tayra i katimol no Rowasiya a Neciloponaya.","之後,我們又從愛沙尼亞搬到俄羅斯南部的涅茲洛布納亞。",joseph_reviewed_traditional,Amis_4021,0,https://glosbe.com/ami/zh/tayra/fragment/tmem?page=3&mode=MUST&stem=true,work/reference_glosbe/amis_glosbe_traditional.xml
GLOSBE_REVIEWED_ZHO_2b7414980b007d21,Nengnengen ko cecay tinakoan.,請看看一個例子。,joseph_reviewed_traditional,Amis_4035,1,https://glosbe.com/ami/zh/cecay,work/reference_glosbe/amis_glosbe_traditional.xml
GLOSBE_REVIEWED_ZHO_12a45ae2b1a1e79a,"17 Sanay ko sowal ni Saresiaw: "" Cecay liyad, adadaay kami hato cowa ka tayra kakahaday potal mitosil.","17 塞爾希奧說:“有一段時間,我們因為生病所以沒有去廣場傳道。",joseph_reviewed_traditional,Amis_4053,0,https://glosbe.com/ami/zh/cecay/fragment/tmem?page=2&mode=MUST&stem=true,work/reference_glosbe/amis_glosbe_traditional.xml
GLOSBE_REVIEWED_ZHO_8c71dcc8d871bff5,"Halafinayto miheca, sakina cecay ma'araw ako ko kahemek ningra.","喪禮後,彼得的姐姐烏米說:“大約在兩年前,彼得跟我聯繫。",joseph_reviewed_traditional,Amis_4068,0,https://glosbe.com/ami/zh/cecay/fragment/tmem?page=2&mode=MUST&stem=true,work/reference_glosbe/amis_glosbe_traditional.xml
GLOSBE_REVIEWED_ZHO_13738c49a7cef2ac,O cecay mato'asay mararamoday samaanay malalok a mitosil hani?,"他們住在學校附近,所以在家長去接孩子回家的時候,他們會將一些能吸引家長的聖經書刊放在桌上。",joseph_reviewed_traditional,Amis_4069,0,https://glosbe.com/ami/zh/cecay/fragment/tmem?page=2&mode=MUST&stem=true,work/reference_glosbe/amis_glosbe_traditional.xml
GLOSBE_REVIEWED_ZHO_a5de8f7890193327,"Iraay ko cecay nao tapang no sofitay, ci Satike Masi.","通常我都是一個人傳道,而在短短六個月內,我就建立了17個聖經課程,有些學生後來也受浸了。",joseph_reviewed_traditional,Amis_4080,1,https://glosbe.com/ami/zh/cecay/fragment/tmem?page=3&mode=MUST&stem=true,work/reference_glosbe/amis_glosbe_traditional.xml
GLOSBE_REVIEWED_ZHO_55be29f5e286b63b,"O cecay safana': ""Wa malingad ko kanga'ay no hekal, samanen misa'icelay ko tamdaw misakapah toni hekal.""","一個報告指出:“世界會更好,因為人努力讓這個世界更美好。”",joseph_reviewed_traditional,Amis_4089,0,https://glosbe.com/ami/zh/cecay/fragment/tmem?page=3&mode=MUST&stem=true,work/reference_glosbe/amis_glosbe_traditional.xml
GLOSBE_REVIEWED_ZHO_56920d2aa4c00242,"Tiya tangasa saho kami tayni i, itiniay i loma' no cecay salikaka milafin, o padamaay sikawdan no kasakopang cingra.","我們剛到派恩布拉夫時,住在一個弟兄的家,他在會眾裡擔任組務僕人。",joseph_reviewed_traditional,Amis_4091,4,https://glosbe.com/ami/zh/cecay/fragment/tmem?page=3&mode=MUST&stem=true,work/reference_glosbe/amis_glosbe_traditional.xml
GLOSBE_REVIEWED_ZHO_eb1d986d46424705,"8 O cecay kaying ci Mariko, tayraay cingra i Niwyok micudad.","8 一位年輕的日本女子叫真理子,她到美國的紐約市讀書。",joseph_reviewed_traditional,Amis_4097,1,https://glosbe.com/ami/zh/cecay/fragment/tmem?page=3&mode=MUST&stem=true,work/reference_glosbe/amis_glosbe_traditional.xml
GLOSBE_REVIEWED_ZHO_e2b38d404d597cda,"Isaka 1987 miheca, papiliso'ay ko salikaka to cecay mahemekay to so'linay kimad a tamdaw i Palikeci.","1987年,弟兄請我去巴雷克奇拜訪一位對真理感興趣的人。",joseph_reviewed_traditional,Amis_4100,1,https://glosbe.com/ami/zh/cecay/fragment/tmem?page=3&mode=MUST&stem=true,work/reference_glosbe/amis_glosbe_traditional.xml
GLOSBE_REVIEWED_ZHO_2a60fdc2673752dc,(2) O cecay emi wa ciheci to maanan hani?,乙)一株小麥會結出什麼?,joseph_reviewed_traditional,Amis_4107,0,https://glosbe.com/ami/zh/cecay/fragment/tmem?page=4&mode=MUST&stem=true,work/reference_glosbe/amis_glosbe_traditional.xml
GLOSBE_REVIEWED_ZHO_9d61f5ac78a0f8be,"O cecay fa'inayan salikaka ci Stifen, sanay ko sowal: ""Misa'icelay kako mili'ay to patosokan, ikor miharateng to hakowaay ko kacakat no niyah, tada masaloay ko harateng.""","一個叫史蒂文的弟兄說:“我努力達成目標,然後想想自己進步了多少,就覺得很滿足。”",joseph_reviewed_traditional,Amis_4111,1,https://glosbe.com/ami/zh/cecay/fragment/tmem?page=4&mode=MUST&stem=true,work/reference_glosbe/amis_glosbe_traditional.xml
GLOSBE_REVIEWED_ZHO_834d45553b2a7ed1,"Cecay romi'ad, o cecay mato'asay ising ci Frete Atak, tayniay i loma' ako mitosil.","有一天,一位年長的醫生弗雷德·哈達克來我的家傳道。",joseph_reviewed_traditional,Amis_4112,1,https://glosbe.com/ami/zh/cecay/fragment/tmem?page=4&mode=MUST&stem=true,work/reference_glosbe/amis_glosbe_traditional.xml
GLOSBE_REVIEWED_ZHO_12494b8e34f2ef13,"Mananamay pacelem lomowad kami to dafak, mansa kalikiay mananam to ka'orip i Pitil.","我們習慣早起,所以很快能適應伯特利的作息。",joseph_reviewed_traditional,Amis_4115,1,https://glosbe.com/ami/zh/dafak,work/reference_glosbe/amis_glosbe_traditional.xml
GLOSBE_REVIEWED_ZHO_cee977f24d923938,O kapot no Kawas,"身為上帝代表,",joseph_reviewed_traditional,Amis_4124,0,https://glosbe.com/ami/zh/kapot,work/reference_glosbe/amis_glosbe_traditional.xml
GLOSBE_REVIEWED_ZHO_b4f7fc29592433f2,"Oniya kapot no patirengay malecaday o paro no loma', marariday kami mala cafay a dademak, micekiw to Fangcalay Cudad.","建築小組的弟兄姊妹就像家人一樣,我們一起生活,一起工作,一起研讀聖經。",joseph_reviewed_traditional,Amis_4126,1,https://glosbe.com/ami/zh/kapot,work/reference_glosbe/amis_glosbe_traditional.xml
GLOSBE_REVIEWED_ZHO_1053969553034d52,"(2) Malo "" kapot no Kawas"", samaanen ita midemak nga' macakat ko pasifana'ay a tayal hani?","乙)身為“上帝的同工”,我們怎樣才能做好教導人的工作?",joseph_reviewed_traditional,Amis_4127,0,https://glosbe.com/ami/zh/kapot,work/reference_glosbe/amis_glosbe_traditional.xml
GLOSBE_REVIEWED_ZHO_770f08ed9ece8aaf,"O rihaday hananay, o masaka limlaan to cecacecay a tamdaw.",和平是每個人都迫切需要的。,joseph_reviewed_traditional,Amis_4131,0,https://glosbe.com/ami/zh/hananay,work/reference_glosbe/amis_glosbe_traditional.xml
GLOSBE_REVIEWED_ZHO_776f48d19d956a6c,O manan ko sakakaay a olah hananay?,哪一種愛是最高形式的愛?,joseph_reviewed_traditional,Amis_4135,0,https://glosbe.com/ami/zh/hananay,work/reference_glosbe/amis_glosbe_traditional.xml
GLOSBE_REVIEWED_ZHO_bc0c04f78cb45bbb,"Maharek mitengil tomangicay kako, rarawto ako hananay ako cingra a pasowal.","我聽完後也哭了,我向她道歉。",joseph_reviewed_traditional,Amis_4136,1,https://glosbe.com/ami/zh/hananay,work/reference_glosbe/amis_glosbe_traditional.xml
GLOSBE_REVIEWED_ZHO_7ca688e844ee0fc4,O manan ko tatodong noni mapolosi hani?,這個異象有什麼意思呢?,joseph_reviewed_traditional,Amis_4143,0,https://glosbe.com/ami/zh/noni,work/reference_glosbe/amis_glosbe_traditional.xml
GLOSBE_REVIEWED_ZHO_b813df677da5c6b1,Cowa ko Noni Hekal ko Hongti Kitakit Ako,我的王國不屬於這個世界,joseph_reviewed_traditional,Amis_4144,1,https://glosbe.com/ami/zh/noni,work/reference_glosbe/amis_glosbe_traditional.xml
GLOSBE_REVIEWED_ZHO_877c0a738314e413,"2 Mafana'ay ci Yis, irato ko Hongti Kitakit no Kawas nga', mafalic ko lekakawa no kicay noni hekal.","2 耶穌清楚知道,這個世界的經濟制度在上帝的王國來到前不會變得更好。",joseph_reviewed_traditional,Amis_4145,1,https://glosbe.com/ami/zh/noni,work/reference_glosbe/amis_glosbe_traditional.xml
GLOSBE_REVIEWED_ZHO_9cdb05eb239c1e5f,"Itini toni lekakawa noni hekal, hano iraay:to ko manikaway tamdaw?","在現今這個制度,為什麼一定會有窮人?",joseph_reviewed_traditional,Amis_4146,1,https://glosbe.com/ami/zh/noni,work/reference_glosbe/amis_glosbe_traditional.xml
GLOSBE_REVIEWED_ZHO_f5a0b3cb92dbae73,"Ci Napal tatodong noni ngangan o ""mafolaay"" sanay.","拿八這個名字有“愚妄”或“愚昧”的意思,他確實人如其名。",joseph_reviewed_traditional,Amis_4147,2,https://glosbe.com/ami/zh/noni,work/reference_glosbe/amis_glosbe_traditional.xml
GLOSBE_REVIEWED_ZHO_c82bcd94ffc069fb,3 Cowa ko Noni Hekal ko Hongti Kitakit Ako,3頁 我的王國不屬於這個世界,joseph_reviewed_traditional,Amis_4148,1,https://glosbe.com/ami/zh/noni,work/reference_glosbe/amis_glosbe_traditional.xml
GLOSBE_REVIEWED_ZHO_57d17e4d65ea01da,Misamaan kita caka mala koli no lekakawa no misasingdiay noni hekal?,我們怎樣才不會成為商業制度的奴隸?,joseph_reviewed_traditional,Amis_4149,0,https://glosbe.com/ami/zh/noni,work/reference_glosbe/amis_glosbe_traditional.xml
GLOSBE_REVIEWED_ZHO_d086fece70445cc7,"Sadaken ko tinakoan, misamaanay kalasaka dademak ko roma salikaka to dafong no hekal, paihekal to madimadi no niyah to Kawas.",請舉例說明有些人怎樣運用不義的錢財表明自己忠於上帝。,joseph_reviewed_traditional,Amis_4174,0,https://glosbe.com/ami/zh/roma,work/reference_glosbe/amis_glosbe_traditional.xml
GLOSBE_REVIEWED_ZHO_cad81188964d704e,"O so'linay ciepocay a patosokan i, tahada'ocay mihodop to Kawas, misa'icel a padama to tamdaw macakat i no'adingoan,"" sanay.","真正有意義的目標是永遠事奉上帝,盡力幫助人在屬靈方面進步。”",joseph_reviewed_traditional,Amis_4215,0,https://glosbe.com/ami/zh/sanay/fragment/tmem?page=2&mode=MUST&stem=true,work/reference_glosbe/amis_glosbe_traditional.xml
GLOSBE_REVIEWED_ZHO_4539e73d332707db,"15 Itini i Timoti 3:4 somowalay, orira maolahay to lawla a tamdaw cowa pikihakihar to Kawas sanay.",15 提摩太后書3:4說這些愛享樂的人完全忽視上帝。,joseph_reviewed_traditional,Amis_4217,1,https://glosbe.com/ami/zh/sanay/fragment/tmem?page=2&mode=MUST&stem=true,work/reference_glosbe/amis_glosbe_traditional.xml
GLOSBE_REVIEWED_ZHO_9b76a7a62b228e65,"Palimo'otay ci Yis to nisawawaan padama to tamdaw'malo Krisciyang..., mipaino' cangranan,' sanay.","耶穌吩咐門徒要幫助人做基督徒,“給他們施浸”。(",joseph_reviewed_traditional,Amis_4218,0,https://glosbe.com/ami/zh/sanay/fragment/tmem?page=2&mode=MUST&stem=true,work/reference_glosbe/amis_glosbe_traditional.xml
GLOSBE_REVIEWED_ZHO_99cca470f318198d,Sanay padotoc ci Monika mitadtad to lalangian.,莫妮克接著說明原因。,joseph_reviewed_traditional,Amis_4220,0,https://glosbe.com/ami/zh/sanay/fragment/tmem?page=2&mode=MUST&stem=true,work/reference_glosbe/amis_glosbe_traditional.xml
GLOSBE_REVIEWED_ZHO_039f3796c6245e69,"Sanay ko sowal ningra: ""Marariday kako mitolon, mingitangit to sapadama no Kawas.""","她說:“就是經常禱告,求上帝幫助我。”",joseph_reviewed_traditional,Amis_4221,0,https://glosbe.com/ami/zh/sanay/fragment/tmem?page=2&mode=MUST&stem=true,work/reference_glosbe/amis_glosbe_traditional.xml
GLOSBE_REVIEWED_ZHO_f4d2fae1847d8a47,"Pasowalan ni Yis ko nisawawan: ""Ano masasiolaholah kamo i, pakayni tonini ko sakafana' no tamdamdaw to nika o nisawawaan ako kamo,"" sanay.","耶穌告訴門徒:“你們要是彼此相愛,所有人就因此知道你們是我的門徒了。”(",joseph_reviewed_traditional,Amis_4223,4,https://glosbe.com/ami/zh/sanay/fragment/tmem?page=2&mode=MUST&stem=true,work/reference_glosbe/amis_glosbe_traditional.xml
GLOSBE_REVIEWED_ZHO_ca449a70b73fd91e,"O masowalay i fafekang ci Taniil, sanay ko sowal: ""Ano mi'osi kako to Fangcalay Cudad i, mipili'an ko nga'ayay padama to i kilacay tamdaw a sinael.","本文前面提到的丹尼爾說:“我讀聖經時,會選出對傳道地區的人有幫助的經文。",joseph_reviewed_traditional,Amis_4228,0,https://glosbe.com/ami/zh/sanay/fragment/tmem?page=3&mode=MUST&stem=true,work/reference_glosbe/amis_glosbe_traditional.xml
GLOSBE_REVIEWED_ZHO_6bcd8e55a64cbb87,"Pasowalan no siyawcang ko wina, micawma'ay kako to Misawacayay Tamdaw ni Yihofa, tatiihay ko pifiyor no waywayan ako to roma roma micudaday sanay.","學校的校長是聖公會的教士,他以“行為偏差”為理由將我退學。",joseph_reviewed_traditional,Amis_4230,1,https://glosbe.com/ami/zh/sanay/fragment/tmem?page=3&mode=MUST&stem=true,work/reference_glosbe/amis_glosbe_traditional.xml
GLOSBE_REVIEWED_ZHO_77f2b42dc53af5fa,"Sanay ko sowal ni Pawlo: ""O nano nipa'arawan no Tapang ko sakatayra ako.""",保羅說:“我是由於得了啟示才上去的。”,joseph_reviewed_traditional,Amis_4235,0,https://glosbe.com/ami/zh/sanay/fragment/tmem?page=3&mode=MUST&stem=true,work/reference_glosbe/amis_glosbe_traditional.xml
GLOSBE_REVIEWED_ZHO_d2ca6c2b95d2f60f,"Sano Ekimay Lalintadan a ca'si, sanay mifana': ""Itini toni kalimelaan a taykay, o nika cakat no Kimad i Mesiko.""","《黃金時代》(英語)說:“毫無疑問,這個大會非常重要,是墨西哥傳道工作歷史上的轉折點。”",joseph_reviewed_traditional,Amis_4238,2,https://glosbe.com/ami/zh/sanay/fragment/tmem?page=3&mode=MUST&stem=true,work/reference_glosbe/amis_glosbe_traditional.xml
GLOSBE_REVIEWED_ZHO_50425f83117a4ff3,"Oniya madadoedoay lalakaw milengoay to minaro'an no fangcalay saocor a capeling, ikor wa milengo to nga'ayay sanay a capeling.","本系列文章討論聖靈果實的每一種特質,以後會討論“良善”這種特質。",joseph_reviewed_traditional,Amis_4239,0,https://glosbe.com/ami/zh/sanay/fragment/tmem?page=3&mode=MUST&stem=true,work/reference_glosbe/amis_glosbe_traditional.xml
GLOSBE_REVIEWED_ZHO_20fc1574d90c6992,"21 Masowalay i'ayaw ci Liyote aci Alisantera sanay milengo, mafalic ko pakayraan micadaay ko pakaso'lin no faloco' to sapalifet.","21 先前提到的勞埃德和亞歷珊德拉談到,情況的改變使他們的信心受到意想不到的考驗。",joseph_reviewed_traditional,Amis_4244,1,https://glosbe.com/ami/zh/sanay/fragment/tmem?page=3&mode=MUST&stem=true,work/reference_glosbe/amis_glosbe_traditional.xml
GLOSBE_REVIEWED_ZHO_ea3ca82af60e6c8b,"Macekiday ci Yohani to demak no simpo, sanay pasowal cingranan: ""Cowato ko mamiliyaw kako micomod i Tingsokiw!""","約翰對於教士的舉動感到十分震驚,他對教士說:“我絕對不會再踏進天主教會一步!”",joseph_reviewed_traditional,Amis_4245,0,https://glosbe.com/ami/zh/sanay/fragment/tmem?page=3&mode=MUST&stem=true,work/reference_glosbe/amis_glosbe_traditional.xml
GLOSBE_REVIEWED_ZHO_0ff5a83ca2076ba3,"Matongalay ko kanga'ay no kalala'ed no niyah aci Yihofa sanay cingra, masaloay ko faloco'.","現在,埃瑪不再花太多時間騎馬了,反而用更多時間做屬靈工作,也很享受跟崇拜上帝的親朋好友在一起的時光。",joseph_reviewed_traditional,Amis_4252,1,https://glosbe.com/ami/zh/sanay/fragment/tmem?page=4&mode=MUST&stem=true,work/reference_glosbe/amis_glosbe_traditional.xml
GLOSBE_REVIEWED_ZHO_60b49729b14a035c,"Sanay ko roma tamdaw, o cidal ""kinacecay miyaw misadakan a'icel, maedengay sakadademaken no tamdaw to 20 'ofad a miheca!""",另一位學者談到太陽“每秒發出的能量足以供應人類使用20萬年”!,joseph_reviewed_traditional,Amis_4253,1,https://glosbe.com/ami/zh/sanay/fragment/tmem?page=4&mode=MUST&stem=true,work/reference_glosbe/amis_glosbe_traditional.xml
GLOSBE_REVIEWED_ZHO_5d654b522615840b,"So'lin o Kanata a tamdaw kako, kawra ono Afrika ko niyah sanay a miharateng.","雖然我們是加拿大公民,卻覺得自己屬於非洲。",joseph_reviewed_traditional,Amis_4254,0,https://glosbe.com/ami/zh/sanay/fragment/tmem?page=4&mode=MUST&stem=true,work/reference_glosbe/amis_glosbe_traditional.xml
GLOSBE_REVIEWED_ZHO_fc2c100c0fd6482c,"Mahecaday ko miharatengan ako, sanay cingra.""",她說她也在想這個問題。”,joseph_reviewed_traditional,Amis_4257,0,https://glosbe.com/ami/zh/sanay/fragment/tmem?page=4&mode=MUST&stem=true,work/reference_glosbe/amis_glosbe_traditional.xml
GLOSBE_REVIEWED_ZHO_c4581de72940ce1d,"Micacekiway to Fangcalay Cudad no Towic ci Atawf Tasman paihkalay, Midipotay Tapang sanay a ngangan matenakay itiya.","德國聖經學者阿道夫·戴斯曼表示,“恩主”這個稱號在當時非常普遍。",joseph_reviewed_traditional,Amis_4265,2,https://glosbe.com/ami/zh/sanay/fragment/tmem?page=4&mode=MUST&stem=true,work/reference_glosbe/amis_glosbe_traditional.xml
GLOSBE_REVIEWED_ZHO_11b8690eba10213c,"19 Pasowalan ni Yis ko nisawawaan: 'Ano micerid kamo midofdof to sowal ako, o so'linayto a nisawawaan ako. Wa mafana' kamo to so'linay kimad, wa pasalaten no so'linay kimad kamo.'","19 耶穌對門徒說:“你們時刻遵守我的話語,就真是我的門徒了。 你們會認識真理,真理會叫你們自由。”(",joseph_reviewed_traditional,Amis_4275,1,https://glosbe.com/ami/zh/kamo,work/reference_glosbe/amis_glosbe_traditional.xml
GLOSBE_REVIEWED_ZHO_5ad4403ff0b186ac,"Macacamolay kamo to masasi romaay a finacadan, rihaday a makakapot kamo.""",3. 為什麼我們的弟兄團體與眾不同?,joseph_reviewed_traditional,Amis_4276,0,https://glosbe.com/ami/zh/kamo,work/reference_glosbe/amis_glosbe_traditional.xml
GLOSBE_REVIEWED_ZHO_04f8e82fdf1a36db,19 Hamaan pakayni i raraw no tao a mapalak ko kalala'ed no niyah aci Yihofa.,"如果我們像摩西一樣,在上帝組織裡擔負重要的職責,就更要留意這點。",joseph_reviewed_traditional,Amis_4299,2,https://glosbe.com/ami/zh/tao,work/reference_glosbe/amis_glosbe_traditional.xml
GLOSBE_REVIEWED_ZHO_d2a11ce6514d1a08,Todongen ci Yihofa Pakalalok to Tao,效法耶和華鼓勵別人,joseph_reviewed_traditional,Amis_4303,0,https://glosbe.com/ami/zh/tao,work/reference_glosbe/amis_glosbe_traditional.xml
GLOSBE_REVIEWED_ZHO_b39287c81647047d,15 Todongen ci Yihofa—Pakalalok to Tao,15頁 效法耶和華鼓勵別人,joseph_reviewed_traditional,Amis_4306,0,https://glosbe.com/ami/zh/tao/fragment/tmem?page=2&mode=MUST&stem=true,work/reference_glosbe/amis_glosbe_traditional.xml
GLOSBE_REVIEWED_ZHO_fd2a89b86a6db908,"O roma tamdaw sapihamhamaw to tao, kawra calemcemay to maanan?","有些人生性害羞,怕客人覺得聊得不盡興。",joseph_reviewed_traditional,Amis_4309,0,https://glosbe.com/ami/zh/tao/fragment/tmem?page=2&mode=MUST&stem=true,work/reference_glosbe/amis_glosbe_traditional.xml
GLOSBE_REVIEWED_ZHO_116b7158645fc278,"Sasamaan kita micowat to kakelec no kasakopang, halo padama to tao nga' nga'ay pasadak to likat hani?",我們怎樣促進會眾的團結並幫助別人髮出光來?,joseph_reviewed_traditional,Amis_4310,0,https://glosbe.com/ami/zh/tao/fragment/tmem?page=2&mode=MUST&stem=true,work/reference_glosbe/amis_glosbe_traditional.xml
GLOSBE_REVIEWED_ZHO_d623c03842bb7fbc,Samaan kita miliyas to pakayni i raraw no tao a mapalak ko kalala'ed ci Yihofaan hani?,"假如我們繼續仰望耶和華,就不會因為別人的行為而氣憤或破壞自己與上帝的關係。",joseph_reviewed_traditional,Amis_4314,1,https://glosbe.com/ami/zh/tao/fragment/tmem?page=2&mode=MUST&stem=true,work/reference_glosbe/amis_glosbe_traditional.xml
GLOSBE_REVIEWED_ZHO_cd0191f2af7a65f1,O manan nga'ayay pakayraan mamihinom to tao?,我們可以為痛失親友的人禱告或跟他們一起禱告。,joseph_reviewed_traditional,Amis_4316,0,https://glosbe.com/ami/zh/tao/fragment/tmem?page=2&mode=MUST&stem=true,work/reference_glosbe/amis_glosbe_traditional.xml
GLOSBE_REVIEWED_ZHO_2bec604262693981,Pairaen ko miako'iday faloco' a micada to sadama no tao,懷著感激之心接受別人的幫助,joseph_reviewed_traditional,Amis_4317,0,https://glosbe.com/ami/zh/tao/fragment/tmem?page=2&mode=MUST&stem=true,work/reference_glosbe/amis_glosbe_traditional.xml
GLOSBE_REVIEWED_ZHO_844b9b51a097e5e9,"Wa nga'ay kita misamaan mitodong ci Yihofaan paihekal to sida'it, misodod to tao?","我們可以怎樣效法耶和華表現慈悲,寬恕別人?",joseph_reviewed_traditional,Amis_4318,0,https://glosbe.com/ami/zh/tao/fragment/tmem?page=2&mode=MUST&stem=true,work/reference_glosbe/amis_glosbe_traditional.xml
GLOSBE_REVIEWED_ZHO_c3aba92305a41daa,Misamaan padama to tao milifok to so'linay a rihaday hani?,"那麼,怎樣享有真正而且恆久的和平呢?",joseph_reviewed_traditional,Amis_4320,0,https://glosbe.com/ami/zh/tao/fragment/tmem?page=2&mode=MUST&stem=true,work/reference_glosbe/amis_glosbe_traditional.xml
GLOSBE_REVIEWED_ZHO_5b3f61347bd9586d,Sasamaan kita micada to tao hani?,我們應該怎樣對待別人?,joseph_reviewed_traditional,Amis_4323,0,https://glosbe.com/ami/zh/tao/fragment/tmem?page=2&mode=MUST&stem=true,work/reference_glosbe/amis_glosbe_traditional.xml
GLOSBE_REVIEWED_ZHO_b87c8d89d5c8be00,O mato'asay a salikaka nga'ayay tano maanan pakayraan padama to tao hani?,年長的弟兄可以在哪些方面提供幫助?,joseph_reviewed_traditional,Amis_4324,0,https://glosbe.com/ami/zh/tao/fragment/tmem?page=2&mode=MUST&stem=true,work/reference_glosbe/amis_glosbe_traditional.xml
GLOSBE_REVIEWED_ZHO_50bc03e4a9e2e25f,"10 Patalipa'elalay ko sapalimo'ot no Fangcalay Cudad kitanan, ma'inap kita to tao wa malahedaw ko halifon.","10 聖經裡的鑒戒也提醒我們,嫉妒別人會使我們失去獎賞。",joseph_reviewed_traditional,Amis_4325,0,https://glosbe.com/ami/zh/tao/fragment/tmem?page=2&mode=MUST&stem=true,work/reference_glosbe/amis_glosbe_traditional.xml
GLOSBE_REVIEWED_ZHO_0fc1fd487d44a327,Sasamaanen ita mikifaloco' a misodod ko tao?,"我們寬恕別人,就會原諒冒犯我們的人,不再對他懷恨在心。",joseph_reviewed_traditional,Amis_4326,0,https://glosbe.com/ami/zh/tao/fragment/tmem?page=2&mode=MUST&stem=true,work/reference_glosbe/amis_glosbe_traditional.xml
GLOSBE_REVIEWED_ZHO_79b342af9b2f3ee9,"18 O aniniay a mararaway pidoyongan pakiyadiay to malafoay madadi'iay a waywayan, mahawpay ko tongsinlien.","18 今天的錯誤宗教也寬容不道德的性行為,包括同性戀。",joseph_reviewed_traditional,Amis_4335,0,https://glosbe.com/ami/zh/aniniay,work/reference_glosbe/amis_glosbe_traditional.xml
GLOSBE_REVIEWED_ZHO_a2a5671c227fc1e2,"10 Harateng no romaroma wama wina, maherek ko wawa micudad to kawcong padotocho to'akawangay picudadan, honga'ira ko nga'ayay a katayalan, ikorto nga'micada to ino'.","10 有些父母認為,孩子讀完基本教育後應該繼續升學,並擁有一份穩定的工作,然後才受浸。",joseph_reviewed_traditional,Amis_4341,1,https://glosbe.com/ami/zh/katayalan,work/reference_glosbe/amis_glosbe_traditional.xml
GLOSBE_REVIEWED_ZHO_776014cde4087b09,"So'lin mafalic ko katayalan no mato'asay, kamayan misalimla ci Yihofa cangraanan.","年長的弟兄雖然改變了服務崗位,耶和華仍然珍視他們。",joseph_reviewed_traditional,Amis_4343,0,https://glosbe.com/ami/zh/katayalan,work/reference_glosbe/amis_glosbe_traditional.xml
GLOSBE_REVIEWED_ZHO_5d200e54e0596314,"Pakaynien toniya wama i, masakalimlaan ko sapafeli no wawa a hana mikikakaay to i omahay a hana.","耶和華也像這個爸爸一樣,他很高興我們願意將一生獻給他。(",joseph_reviewed_traditional,Amis_4349,0,https://glosbe.com/ami/zh/hana,work/reference_glosbe/amis_glosbe_traditional.xml
GLOSBE_REVIEWED_ZHO_e25dcfbe09567f79,Oniya kihpicay cudad naicowaay ira hani?,這本冊子是怎麼來的呢?,joseph_reviewed_traditional,Amis_4355,0,https://glosbe.com/ami/zh/Ira,work/reference_glosbe/amis_glosbe_traditional.xml
GLOSBE_REVIEWED_ZHO_9f34fc0a2d59de35,ira ko hatokel.,"給人光明希望,",joseph_reviewed_traditional,Amis_4361,0,https://glosbe.com/ami/zh/Ira,work/reference_glosbe/amis_glosbe_traditional.xml
GLOSBE_REVIEWED_ZHO_276122a062635435,Ira tahanini.,從過去到未來。,joseph_reviewed_traditional,Amis_4368,0,https://glosbe.com/ami/zh/Ira,work/reference_glosbe/amis_glosbe_traditional.xml
GLOSBE_REVIEWED_ZHO_dcf54983001fb2bd,"'Ayaw no ira ci Misiya, hano caka rarid ko Fangcalay Cudad milengo ci Satanan hani?","為什麼在彌賽亞來到之前,聖經的記載中很少提到撒但呢?",joseph_reviewed_traditional,Amis_4373,0,https://glosbe.com/ami/zh/Ira,work/reference_glosbe/amis_glosbe_traditional.xml
GLOSBE_REVIEWED_ZHO_5ded0b9a6c04bb18,Misamaanay hano ira ko hatiniay a sarikec hani?,為什麼要有這樣的規定呢?,joseph_reviewed_traditional,Amis_4380,0,https://glosbe.com/ami/zh/Ira/fragment/tmem?page=2&mode=MUST&stem=true,work/reference_glosbe/amis_glosbe_traditional.xml
GLOSBE_REVIEWED_ZHO_b88aed3b4155c1eb,"Ira ko fadangalan,","擁有這獨特身份,",joseph_reviewed_traditional,Amis_4386,0,https://glosbe.com/ami/zh/Ira/fragment/tmem?page=2&mode=MUST&stem=true,work/reference_glosbe/amis_glosbe_traditional.xml
GLOSBE_REVIEWED_ZHO_21a35b076fcb64c4,18 Wama Wina —Padamaen ko Wawa Ira ko Taneng Nga'ay Malidong,18頁 父母要幫助兒女“有智慧可以得救”,joseph_reviewed_traditional,Amis_4391,0,https://glosbe.com/ami/zh/Ira/fragment/tmem?page=2&mode=MUST&stem=true,work/reference_glosbe/amis_glosbe_traditional.xml
GLOSBE_REVIEWED_ZHO_b802806182dc55ca,"Pakayni i sowal ni Yihofa ato fangcalay saocor, ato misadakan iso a'icel, wa nga'ay padama to wawa iso, ' ira ko taneng nga'ay malidong.'","通過耶和華的話語和聖靈,以及你付出的努力,能幫助你的孩子“有智慧可以得救”。",joseph_reviewed_traditional,Amis_4392,0,https://glosbe.com/ami/zh/Ira/fragment/tmem?page=2&mode=MUST&stem=true,work/reference_glosbe/amis_glosbe_traditional.xml
GLOSBE_REVIEWED_ZHO_c93db022fdbe956c,Ira ko no'adingoan a harateng wa samaan padama kitanan i (1) miliyas to mamipalak to tanoktok no'adingoan a demak?,有屬靈的觀點怎樣幫助我們(甲)避開危害屬靈健康的活動?(,joseph_reviewed_traditional,Amis_4393,0,https://glosbe.com/ami/zh/Ira/fragment/tmem?page=2&mode=MUST&stem=true,work/reference_glosbe/amis_glosbe_traditional.xml
GLOSBE_REVIEWED_ZHO_a43b8300078e59db,"Doedoen Koniya Demak, Wa Ira ko Lemed",遵行這些事就有福了,joseph_reviewed_traditional,Amis_4394,0,https://glosbe.com/ami/zh/Ira/fragment/tmem?page=2&mode=MUST&stem=true,work/reference_glosbe/amis_glosbe_traditional.xml
GLOSBE_REVIEWED_ZHO_861961e28ea11cf1,"17 Minanam to harateng ni Kristo, wa ira ko maanan a haepoc no mita hani?","同樣地,我們經常吸收基督的思想,就能在屬靈方面受到強化。",joseph_reviewed_traditional,Amis_4403,0,https://glosbe.com/ami/zh/Ira/fragment/tmem?page=3&mode=MUST&stem=true,work/reference_glosbe/amis_glosbe_traditional.xml
GLOSBE_REVIEWED_ZHO_d1e82837aca93648,"Oniya tosa lalakaw, wa milengo to caka hecad a pakayraan paihkal to hinapalada'ay, wa ira ko maanan a haepoc.","這兩篇課文會討論,在不同方面表現慷慨的精神會帶來什麼益處。",joseph_reviewed_traditional,Amis_4404,1,https://glosbe.com/ami/zh/Ira/fragment/tmem?page=3&mode=MUST&stem=true,work/reference_glosbe/amis_glosbe_traditional.xml
GLOSBE_REVIEWED_ZHO_7c97b1b1c367c1d5,"Mifana'ay ko Fangcalay Cudad kitaanan, ira ko nga'ayay kalala'ed no tamdaw aci Yihofa nga' so'li'lin ko lipahak.","聖經告訴我們,人跟耶和華有良好的關係才會真正快樂。",joseph_reviewed_traditional,Amis_4406,1,https://glosbe.com/ami/zh/Ira/fragment/tmem?page=3&mode=MUST&stem=true,work/reference_glosbe/amis_glosbe_traditional.xml
GLOSBE_REVIEWED_ZHO_c7a8865fd13c7a28,"16 Ira ko matatodongay a noka pinengneng to lawla, pakayni tonini, patirengay ci Yis to nga'ayay a ta'arawan.","16 在合理看待娛樂方面,耶穌為我們立下了良好的榜樣。",joseph_reviewed_traditional,Amis_4408,1,https://glosbe.com/ami/zh/Ira/fragment/tmem?page=3&mode=MUST&stem=true,work/reference_glosbe/amis_glosbe_traditional.xml
GLOSBE_REVIEWED_ZHO_deb3ac9e279d1cff,"Miniwingay to tosa ira ko kalitosa a lipay, 80 ko toki a misawacay cingra.","有一次勒妮姊妹在醫院住了兩個半星期,就用了80個小時向人作見證。",joseph_reviewed_traditional,Amis_4409,0,https://glosbe.com/ami/zh/Ira/fragment/tmem?page=3&mode=MUST&stem=true,work/reference_glosbe/amis_glosbe_traditional.xml
GLOSBE_REVIEWED_ZHO_976373015838bb30,"Kawraan, cacipinang kita toni tosa casi pakayniay cimaanan ko pitilid, mihaen nga' ira ko epoc palilam i matatodongay a tamdaw toniya casi.","不過,我們需要了解這兩份雜誌是為誰編寫的,才能更有效地將雜誌給適當的人。",joseph_reviewed_traditional,Amis_4410,0,https://glosbe.com/ami/zh/Ira/fragment/tmem?page=3&mode=MUST&stem=true,work/reference_glosbe/amis_glosbe_traditional.xml
GLOSBE_REVIEWED_ZHO_2ed994657a313d2f,O widang no Kawas wa ira ko manan a sapalemed noikor?,上帝會賜給他的朋友什麼福分?,joseph_reviewed_traditional,Amis_4412,1,https://glosbe.com/ami/zh/Ira/fragment/tmem?page=3&mode=MUST&stem=true,work/reference_glosbe/amis_glosbe_traditional.xml
GLOSBE_REVIEWED_ZHO_160f6b8fcd159a12,"Kawra sapilifokaw to olah ato sapalemed ni Yihofa, tatano kahemekan ni Yihofa a pakayraan ko sapidoko ita Cingranan, hanaca ira ko nga'ayay kalala'ed to Kawas.","但想要得到耶和華的喜愛和賜福,我們就一定要以耶和華悅納的方式崇拜他,並且跟上帝有良好的關係。",joseph_reviewed_traditional,Amis_4413,0,https://glosbe.com/ami/zh/Ira/fragment/tmem?page=3&mode=MUST&stem=true,work/reference_glosbe/amis_glosbe_traditional.xml
GLOSBE_REVIEWED_ZHO_a5c694f3e636c2c2,Wa ira ko tolas no roray. —'Olic 37:9-11.,"一切苦難必定終止,人生是有希望的。( 詩篇37:9-11)",joseph_reviewed_traditional,Amis_4415,1,https://glosbe.com/ami/zh/Ira/fragment/tmem?page=3&mode=MUST&stem=true,work/reference_glosbe/amis_glosbe_traditional.xml
GLOSBE_REVIEWED_ZHO_f6557b0464ffb162,"Minanam to harateng ni Kristo, wa ira ko manan a haepoc no mita?","請想想,我們吃營養的食物能讓自己的身體健康強壯。",joseph_reviewed_traditional,Amis_4416,0,https://glosbe.com/ami/zh/Ira/fragment/tmem?page=3&mode=MUST&stem=true,work/reference_glosbe/amis_glosbe_traditional.xml
GLOSBE_REVIEWED_ZHO_6b5f6a379918ce30,"Anini, mata'lifayto ko 20 a'ofad ko mitosilay i Filiping, pinaayto a so'ot ko matayalay i Pitil a tamdaw mipadang to mitosilay demak.","今天,菲律賓傳道員人數已經超過20萬了,也有幾百位伯特利成員全力協助傳道工作。",joseph_reviewed_traditional,Amis_4423,0,https://glosbe.com/ami/zh/matayalay,work/reference_glosbe/amis_glosbe_traditional.xml
GLOSBE_REVIEWED_ZHO_44d3326c0cbf127d,"Itini i apoto'ay a toki, mata'lifayto ko tolo a kofo ko nika tongal no sera no fenpo.","因此在短時間之內,我們分部的土地擴增到原本的三倍多。",joseph_reviewed_traditional,Amis_4435,3,https://glosbe.com/ami/zh/sera,work/reference_glosbe/amis_glosbe_traditional.xml
GLOSBE_REVIEWED_ZHO_18012b0ca04429a8,"Ci Yihofa ""maharateng Ningra ko nika o nano sera kita.""","耶和華“記得我們不過是塵土”,所以不會要求我們做超過我們能力限度的事。(",joseph_reviewed_traditional,Amis_4436,1,https://glosbe.com/ami/zh/sera,work/reference_glosbe/amis_glosbe_traditional.xml
GLOSBE_REVIEWED_ZHO_6e56131e00a2dc4f,10 Hakowaay ko malayapay ni Apraham a sera hani?,"10 那麼,亞伯拉罕得到多少土地作為產業呢?",joseph_reviewed_traditional,Amis_4437,0,https://glosbe.com/ami/zh/sera,work/reference_glosbe/amis_glosbe_traditional.xml
GLOSBE_REVIEWED_ZHO_00eb45f72a59edb2,"1969 miheca, kako ato kaka ci Cili ato fafahi ningra ci Paterisiya mirienang to ""O Dipayal i Fafekang no Sera "" a taykay","1969年,跟哥哥傑裡和嫂嫂帕特裡夏一起前往“地上的和平”大會",joseph_reviewed_traditional,Amis_4439,0,https://glosbe.com/ami/zh/sera,work/reference_glosbe/amis_glosbe_traditional.xml
GLOSBE_REVIEWED_ZHO_75884b057aab25f6,"Matefaday i nga'ayay sera i, mihadidiay ko tamdaw a ciheci. —LUKA 8:15.","落在好土上的,就是人忍耐著結出果實。——路加福音8:15",joseph_reviewed_traditional,Amis_4440,0,https://glosbe.com/ami/zh/sera,work/reference_glosbe/amis_glosbe_traditional.xml
GLOSBE_REVIEWED_ZHO_06579b34e9e61632,9 O damsayay tamdaw hano mamilifok to sera hani?,9 為什麼說性情溫和的人會“承受大地作為產業”呢?,joseph_reviewed_traditional,Amis_4441,0,https://glosbe.com/ami/zh/sera,work/reference_glosbe/amis_glosbe_traditional.xml
GLOSBE_REVIEWED_ZHO_58d393958c7bdda6,Samaanay ci Tafiti mikilim to ciepocay a widang?,大衛怎樣找到真朋友?,joseph_reviewed_traditional,Amis_4461,0,https://glosbe.com/ami/zh/widang,work/reference_glosbe/amis_glosbe_traditional.xml
GLOSBE_REVIEWED_ZHO_e02f94d685eb874e,Hano cowato ko widang ni Yihofa ci Solomon hani?,"他年輕時尋求耶和華指引,所以耶和華讓他非常有智慧,並委任他在耶路撒冷建造宏偉的聖殿。",joseph_reviewed_traditional,Amis_4463,0,https://glosbe.com/ami/zh/widang,work/reference_glosbe/amis_glosbe_traditional.xml
GLOSBE_REVIEWED_ZHO_63e128ed75eb601e,Pa'orip kaolahan.,復活他所造所愛。,joseph_reviewed_traditional,Amis_4473,0,https://glosbe.com/ami/zh/kaolahan,work/reference_glosbe/amis_glosbe_traditional.xml
GLOSBE_REVIEWED_ZHO_8d43b199f769609e,(Marko 14:7) Misamaanay hano mahaen ko nika masakakinih hani?,馬可福音14:7)為什麼會有這樣不公平的情況呢?,joseph_reviewed_traditional,Amis_4489,0,https://glosbe.com/ami/zh/nika,work/reference_glosbe/amis_glosbe_traditional.xml
GLOSBE_REVIEWED_ZHO_dbc8553e675d058a,"Ci Asiperatio padotocay madimadi ci Yihofaan, ta'angayay ko nika padama to kasakopang.","埃斯佩蘭迪奧繼續忠貞地事奉耶和華,對會眾有很大的貢獻。",joseph_reviewed_traditional,Amis_4501,0,https://glosbe.com/ami/zh/nika,work/reference_glosbe/amis_glosbe_traditional.xml
GLOSBE_REVIEWED_ZHO_28ba1149bf71f7df,"O nika olah to Kawas, papaira to manan a sapalemed kisowanan hani?","這顯示上帝的王國已經統治了,而且很快就會為地球帶來無窮的福分。",joseph_reviewed_traditional,Amis_4508,0,https://glosbe.com/ami/zh/nika/fragment/tmem?page=2&mode=MUST&stem=true,work/reference_glosbe/amis_glosbe_traditional.xml
GLOSBE_REVIEWED_ZHO_b1dd2c03476e2ae5,Hakowaay ko nika masaka talawan hani?,宣傳到底有多危險呢?,joseph_reviewed_traditional,Amis_4516,0,https://glosbe.com/ami/zh/nika/fragment/tmem?page=2&mode=MUST&stem=true,work/reference_glosbe/amis_glosbe_traditional.xml
GLOSBE_REVIEWED_ZHO_115d44f307fb8bb7,O romadiway samaanay ko nika masaka limelaan i so'linay pidoyongan?,歌唱在正確崇拜上扮演什麼角色?,joseph_reviewed_traditional,Amis_4519,0,https://glosbe.com/ami/zh/nika/fragment/tmem?page=2&mode=MUST&stem=true,work/reference_glosbe/amis_glosbe_traditional.xml
GLOSBE_REVIEWED_ZHO_e2ad0b991b966d25,"Itini midokoay a demak nolitengan a Israil tamdaw, hakowaay ko nika masaka limelaan no romadiway hani?","在古代以色列人的崇拜活動中,歌唱扮演什麼角色?",joseph_reviewed_traditional,Amis_4521,1,https://glosbe.com/ami/zh/nika/fragment/tmem?page=2&mode=MUST&stem=true,work/reference_glosbe/amis_glosbe_traditional.xml
GLOSBE_REVIEWED_ZHO_460283d3c2a1e1f2,"22 Ca'edongen ko Faelohay Pinangan, Padadotocen Patahekal ko Fangcalay Capeling","22 穿上新品格,繼續表現美好的特質",joseph_reviewed_traditional,Amis_4527,0,https://glosbe.com/ami/zh/pinangan,work/reference_glosbe/amis_glosbe_traditional.xml
GLOSBE_REVIEWED_ZHO_16fdf03acc221f20,"Helongen ko Katelangay a Pinangan, Ca'edongen ko Faelohay Pinangan","脫去舊品格,避免重蹈覆轍",joseph_reviewed_traditional,Amis_4529,0,https://glosbe.com/ami/zh/pinangan,work/reference_glosbe/amis_glosbe_traditional.xml
GLOSBE_REVIEWED_ZHO_bea3fd4ec5a12b2a,"17 Helongen ko Katelangay a Pinangan, Ca'edongen ko Faelohay Pinangan","17 脫去舊品格,避免重蹈覆轍",joseph_reviewed_traditional,Amis_4532,0,https://glosbe.com/ami/zh/pinangan,work/reference_glosbe/amis_glosbe_traditional.xml
GLOSBE_REVIEWED_ZHO_d14ed081a9433a8a,(1) O cango'otay to maolahay faloco' a tamdaw patahekalay to manan tatiihay a pinangan?,乙)真基督徒會怎樣表現愛人如己的精神?,joseph_reviewed_traditional,Amis_4533,1,https://glosbe.com/ami/zh/pinangan,work/reference_glosbe/amis_glosbe_traditional.xml
GLOSBE_REVIEWED_ZHO_304e3ffff4423e48,"6, 7. (1) O sowal ni Pawlo samaanay pahapinang kitanan, misa'icel wanga' mahelong ko katelangay pinangan?","6,7.( 甲)保羅的話怎樣使我們看出,人必須竭力奮鬥,才能脫去舊品格?(",joseph_reviewed_traditional,Amis_4535,0,https://glosbe.com/ami/zh/pinangan,work/reference_glosbe/amis_glosbe_traditional.xml
GLOSBE_REVIEWED_ZHO_bf9666f661278934,12. (1) Paihekalay ci Taniil to maanan fangcalay a pinangan hani?,12.( 甲)但以理表現哪些美好的特質?(,joseph_reviewed_traditional,Amis_4538,0,https://glosbe.com/ami/zh/pinangan,work/reference_glosbe/amis_glosbe_traditional.xml
GLOSBE_REVIEWED_ZHO_0c17bb9dc4209b84,"O cisida'itay a tamdaw cingra, mamenacay ko pinangan ningra mansa macacawma' cingranan tada kahemekanto.","舅舅對人仁慈、性格開朗,跟他來往很愉快。",joseph_reviewed_traditional,Amis_4540,0,https://glosbe.com/ami/zh/pinangan,work/reference_glosbe/amis_glosbe_traditional.xml
GLOSBE_REVIEWED_ZHO_4cd02f6b16a6424a,Sasamaan kita mifalic to pinangan no niyah hani?,我們可以怎樣改變自己的性情?,joseph_reviewed_traditional,Amis_4541,0,https://glosbe.com/ami/zh/pinangan,work/reference_glosbe/amis_glosbe_traditional.xml
GLOSBE_REVIEWED_ZHO_8635f3b7fa69a07e,"Ca'edongen ko Faelohay Pinangan, Padadotocen Patahekal ko Fangcalay Capeling","穿上新品格,繼續表現美好的特質",joseph_reviewed_traditional,Amis_4543,0,https://glosbe.com/ami/zh/pinangan,work/reference_glosbe/amis_glosbe_traditional.xml
GLOSBE_REVIEWED_ZHO_832ec2e193ead79e,"15 'Alomanay tamdaw'ayaw no pinanam to Fangcalay Cudad, mahaenay o'a'adopen a mari'ang ko pinangan, kawra ikor mafalicay cangra.","15 許多人在還沒學習聖經之前,曾像野獸般凶悍,但後來性格卻完全改變了。",joseph_reviewed_traditional,Amis_4544,0,https://glosbe.com/ami/zh/pinangan,work/reference_glosbe/amis_glosbe_traditional.xml
GLOSBE_REVIEWED_ZHO_87498d78b53aea74,"10 Mihadakay to romaroma tatiihay pinangan ci Pawlo, somowal to cango'otay to maolahay faloco' ko tamdaw.","10 保羅也舉出其他的不良特徵,說明人會缺乏愛心。",joseph_reviewed_traditional,Amis_4545,2,https://glosbe.com/ami/zh/pinangan,work/reference_glosbe/amis_glosbe_traditional.xml
GLOSBE_REVIEWED_ZHO_da300444c0db9800,"14 Itini i saikoray lintad, iraayho ko romaroma tatiihay a pinangan, o laliyasen no Krisciyang ko matiniay a tamdaw.","14 在最後的日子,人也會表現出其他不良的特徵,因此基督徒需要避開這樣的人。",joseph_reviewed_traditional,Amis_4546,2,https://glosbe.com/ami/zh/pinangan,work/reference_glosbe/amis_glosbe_traditional.xml
GLOSBE_REVIEWED_ZHO_bfcc38b951c54c84,"Misamaan to demak kita, nga' mahelong ko katelangay a pinangan?","我們怎樣做,就能脫去舊品格?(",joseph_reviewed_traditional,Amis_4548,0,https://glosbe.com/ami/zh/pinangan,work/reference_glosbe/amis_glosbe_traditional.xml
GLOSBE_REVIEWED_ZHO_79ae5a0d7f2cf006,"O manan a capelingan no faelohay pinangan, o mamicowat to kalacecay no Krisciyang?",新品格中的什麼特質有助於促進基督徒的團結?,joseph_reviewed_traditional,Amis_4549,0,https://glosbe.com/ami/zh/pinangan,work/reference_glosbe/amis_glosbe_traditional.xml
GLOSBE_REVIEWED_ZHO_93ec1630e40065ec,"'Arawen ko sapatongal lalakaw: ""Ka Tayni a Minengneng!""",請看附欄“何不親自來看看!”。,joseph_reviewed_traditional,Amis_4559,2,https://glosbe.com/ami/zh/tayni,work/reference_glosbe/amis_glosbe_traditional.xml
GLOSBE_REVIEWED_ZHO_11f3792f7a1cc042,"Sa'ayaw tayni i Pitil kako i, o kaemangayho cowaho cifafahi, itiya cecayay'ofad ko ka'aloman no mitosilay i polong no kitakit.","我剛到伯特利時還是個年輕小夥子,也還沒結婚,那時整個國家大約有1萬個傳道員。",joseph_reviewed_traditional,Amis_4562,2,https://glosbe.com/ami/zh/tayni,work/reference_glosbe/amis_glosbe_traditional.xml
GLOSBE_REVIEWED_ZHO_fb922c1dcfef2a63,"Pakayni piliyawan ni Kristo tayni a patikolay ma'orip, samanay ko sowal no Fangcalay Cudad?","關於基督臨在期間的復活,聖經怎麼說?",joseph_reviewed_traditional,Amis_4564,0,https://glosbe.com/ami/zh/tayni,work/reference_glosbe/amis_glosbe_traditional.xml
GLOSBE_REVIEWED_ZHO_34fccfc6f690de61,"Matedi ko cidal,","黑暗裡現光芒,",joseph_reviewed_traditional,Amis_4567,0,https://glosbe.com/ami/zh/cidal,work/reference_glosbe/amis_glosbe_traditional.xml
GLOSBE_REVIEWED_ZHO_3285e65d11438893,"Ci Yasen, o kaemangayho a malohemay malitengay, sanay cingra: "" Tiya manilnil kako i, maharateng ko'inorong no niyah tada ta'angayay ko saroero.""","賈森是位年輕的長老,他說:“我剛被任命的時候,一想到自己的職責就覺得壓力很大。”",joseph_reviewed_traditional,Amis_4572,0,https://glosbe.com/ami/zh/tiya,work/reference_glosbe/amis_glosbe_traditional.xml
GLOSBE_REVIEWED_ZHO_c4ae6b10cc00516b,"7. (1) Tiya patireng ci Yis to Lafi no Tapang i, micangacangay cingra to manan i Wama hani?","7.( 甲)耶穌在設立主的晚餐時,向父親祈求什麼?(",joseph_reviewed_traditional,Amis_4585,0,https://glosbe.com/ami/zh/tiya,work/reference_glosbe/amis_glosbe_traditional.xml
GLOSBE_REVIEWED_ZHO_e0c6d04b43f3a77b,"Mamalahdaw ko tatiihay,","還有片刻邪惡快絕跡,",joseph_reviewed_traditional,Amis_4604,0,https://glosbe.com/ami/zh/tatiihay,work/reference_glosbe/amis_glosbe_traditional.xml
GLOSBE_REVIEWED_ZHO_87aeae92923c8076,"Mahapinang no wawa iraay ko tolas no pasalat, hanaca o misa'osian ato waywayan nangra papaira to—nga'ayay anca tatiihay a teloc.","孩子會看出自由是有限度的,而且所作的決定和行動會帶來好的影響或是嚴重的後果。",joseph_reviewed_traditional,Amis_4607,0,https://glosbe.com/ami/zh/tatiihay,work/reference_glosbe/amis_glosbe_traditional.xml
GLOSBE_REVIEWED_ZHO_3849dbf4d881a2c9,"O "" tatiihay a raraw konini a fafahiyan"" sanay ko coyoh a mitadatad.",天使解釋這個婦人的名字叫“邪惡”。,joseph_reviewed_traditional,Amis_4608,0,https://glosbe.com/ami/zh/tatiihay,work/reference_glosbe/amis_glosbe_traditional.xml
GLOSBE_REVIEWED_ZHO_1f8e057658525f2d,"Salikor, matatakecay kami, cisowal to tatawalen ko itiyaay a tatiihay demak.","最後我們互相擁抱,說好要忘掉以前的不愉快。",joseph_reviewed_traditional,Amis_4609,0,https://glosbe.com/ami/zh/tatiihay,work/reference_glosbe/amis_glosbe_traditional.xml
GLOSBE_REVIEWED_ZHO_63240aeeffea8b63,"(Loma 5:12) Misahalaka ci Atam aci Ifa to pasalat misa'osi to nga'ayay ato tatiihay, 'arawhan mihaenay a malahedaw ko so'linay a pasalat.","羅馬書5:12)亞當夏娃想要有決定善惡標準的自由,卻因此失去了真正的自由。",joseph_reviewed_traditional,Amis_4610,1,https://glosbe.com/ami/zh/tatiihay,work/reference_glosbe/amis_glosbe_traditional.xml
GLOSBE_REVIEWED_ZHO_fe90edab3764ca3d,"Toha sapadamaaw kitanan misaday to faloco' a romadiw to fangcalay radiw, 'ayaw no mamisatapang ko taykay, paradiway to 10 a ehon.","為了幫助我們在心裡準備好唱詩歌,每次大會在節目開始時,都會播放10分鐘的音樂。",joseph_reviewed_traditional,Amis_4616,0,https://glosbe.com/ami/zh/radiw,work/reference_glosbe/amis_glosbe_traditional.xml
GLOSBE_REVIEWED_ZHO_f3aaa9c582609730,4 O madimadiay sikawdan ni Yihofa halafinayto tano radiw a pahemek Cingranan.,"4 長久以來,耶和華的忠貞僕人都以音樂來讚美他。",joseph_reviewed_traditional,Amis_4617,0,https://glosbe.com/ami/zh/radiw,work/reference_glosbe/amis_glosbe_traditional.xml
GLOSBE_REVIEWED_ZHO_4c1f9dd8ccb198c5,"O manan a sepat sapaini nga'ay padama kitanan, misalof to ngiha no radiw?",有哪四個建議可以幫助我們改善歌聲?,joseph_reviewed_traditional,Amis_4619,1,https://glosbe.com/ami/zh/radiw,work/reference_glosbe/amis_glosbe_traditional.xml
GLOSBE_REVIEWED_ZHO_5c6336f3dd259a01,"Coyoh ta'akay ko radiw,","天使大軍齊聲歡唱,",joseph_reviewed_traditional,Amis_4620,0,https://glosbe.com/ami/zh/radiw,work/reference_glosbe/amis_glosbe_traditional.xml
GLOSBE_REVIEWED_ZHO_8647adf66b7e55ae,"6 "" Awa ko pihakelongan, wa nga'ay ko ka'orip.""","而且,許多宗教鼓吹地獄永火的主張、收取什一奉獻、高談政治,讓人對上帝感到失望。",joseph_reviewed_traditional,Amis_4622,0,https://glosbe.com/ami/zh/awa,work/reference_glosbe/amis_glosbe_traditional.xml
GLOSBE_REVIEWED_ZHO_1bab10d524f27c8a,"Awa ko taneng ato'icel,","不能證明自己是真神,",joseph_reviewed_traditional,Amis_4626,0,https://glosbe.com/ami/zh/awa,work/reference_glosbe/amis_glosbe_traditional.xml
GLOSBE_REVIEWED_ZHO_ce4f8347681dfbd5,"Makaniway a kawas,",其他神不能預知,joseph_reviewed_traditional,Amis_4637,0,https://glosbe.com/ami/zh/Kawas,work/reference_glosbe/amis_glosbe_traditional.xml
GLOSBE_REVIEWED_ZHO_7d809a3c6a8ff4fe,"18 ""Caay ko Mamalasawad ko Sowal no Kawas """,18頁 上帝的話必萬世長存,joseph_reviewed_traditional,Amis_4649,0,https://glosbe.com/ami/zh/Kawas,work/reference_glosbe/amis_glosbe_traditional.xml
GLOSBE_REVIEWED_ZHO_f6fec363a65c2daf,"15 'Alomanay tamdaw mikitini sapaini no likakawa a no'adingoan kakaenen, milifokay to ta'angayay sadama, tada miako'iday.","15 有許多人從上帝組織供應的靈糧得到很大幫助,也為此深表感激。",joseph_reviewed_traditional,Amis_4655,0,https://glosbe.com/ami/zh/kakaenen,work/reference_glosbe/amis_glosbe_traditional.xml
GLOSBE_REVIEWED_ZHO_87115e401c9d2e51,Kalala'ed aci Yihofa 28-40,與耶和華的關係28-40,joseph_reviewed_traditional,Amis_4698,0,https://glosbe.com/ami/zh/aci,work/reference_glosbe/amis_glosbe_traditional.xml
GLOSBE_REVIEWED_ZHO_713a00f3cfb9e768,Malecad ci Yihofaan aci Yisan Makelec a Malacecay,像耶和華與耶穌那樣團結合一,joseph_reviewed_traditional,Amis_4702,0,https://glosbe.com/ami/zh/aci,work/reference_glosbe/amis_glosbe_traditional.xml
GLOSBE_REVIEWED_ZHO_a5ebfbcc9b981fe6,"1979 miheca, o sakalima a wawa ako aci Rayna ci Taniil mahofocayto.","1979年,我和萊娜的第五個孩子丹尼爾出生。",joseph_reviewed_traditional,Amis_4703,0,https://glosbe.com/ami/zh/aci,work/reference_glosbe/amis_glosbe_traditional.xml
GLOSBE_REVIEWED_ZHO_4f15fb268c01ab52,Samanay ci Yihofa paihkal to pihayda ci Mariyaan aci Yisan hani?,耶和華怎樣表達對馬利亞和耶穌的認可?,joseph_reviewed_traditional,Amis_4710,0,https://glosbe.com/ami/zh/aci/fragment/tmem?page=2&mode=MUST&stem=true,work/reference_glosbe/amis_glosbe_traditional.xml
GLOSBE_REVIEWED_ZHO_44b602b613386139,Ci Yihofa aci Yis misamaanay mihadidi a mitala?,耶和華和耶穌怎樣耐心等候?,joseph_reviewed_traditional,Amis_4711,1,https://glosbe.com/ami/zh/aci/fragment/tmem?page=2&mode=MUST&stem=true,work/reference_glosbe/amis_glosbe_traditional.xml
GLOSBE_REVIEWED_ZHO_ded0b8ca89b2a1b1,"Matira ci Aprahaman, tarokos ci Pawlo aci Silas samacayan ko faloco' i saki'ok ni Yihofa.","就像亞伯拉罕一樣,使徒保羅和他的同伴西拉專注的是耶和華的應許。",joseph_reviewed_traditional,Amis_4712,0,https://glosbe.com/ami/zh/aci/fragment/tmem?page=2&mode=MUST&stem=true,work/reference_glosbe/amis_glosbe_traditional.xml
GLOSBE_REVIEWED_ZHO_07fb02337f90c099,"3 Pakayni ci Hapakukan, nga'ayay kita mikitini kasasowal noniya masomaday a pairasolay aci Yihofa a mafana' cingraanan.","3 關於哈巴谷,我們只能從這位內心憂愁的先知與耶和華之間的對話來認識他。",joseph_reviewed_traditional,Amis_4716,0,https://glosbe.com/ami/zh/aci/fragment/tmem?page=2&mode=MUST&stem=true,work/reference_glosbe/amis_glosbe_traditional.xml
GLOSBE_REVIEWED_ZHO_c9c2b2a1cf3c7d1e,Samaanay ko pinengneng ni Yihofa aci Yis to raramod?,耶和華和耶穌怎樣看待婚姻?,joseph_reviewed_traditional,Amis_4717,0,https://glosbe.com/ami/zh/aci/fragment/tmem?page=2&mode=MUST&stem=true,work/reference_glosbe/amis_glosbe_traditional.xml
GLOSBE_REVIEWED_ZHO_9f091e6ac64cd7a4,"1, 2. (1) O ta'arawan ni Nowa, Taniil aci Yopu Misamanay hano pafeli kitaanan to timoloay hani?","1,2.( 甲)為什麼挪亞、但以理和約伯的榜樣能給我們勇氣?(",joseph_reviewed_traditional,Amis_4720,0,https://glosbe.com/ami/zh/aci/fragment/tmem?page=2&mode=MUST&stem=true,work/reference_glosbe/amis_glosbe_traditional.xml
GLOSBE_REVIEWED_ZHO_92b0e96f40c094bb,"Ci Nowa, Taniil aci Yopu misi'ayaway to mahecaday no mita a pasangaray.",挪亞、但以理和約伯面對許多跟我們一樣的難題。,joseph_reviewed_traditional,Amis_4721,0,https://glosbe.com/ami/zh/aci/fragment/tmem?page=2&mode=MUST&stem=true,work/reference_glosbe/amis_glosbe_traditional.xml
GLOSBE_REVIEWED_ZHO_bcdb03d1c764c4ce,"Mafana'ayto kita to lalangian, hano padotoc mahemek ci Tayanna aci Yohani!",現在我們知道為什麼黛安娜和約翰能在逆境下保持喜樂了!,joseph_reviewed_traditional,Amis_4724,0,https://glosbe.com/ami/zh/aci/fragment/tmem?page=2&mode=MUST&stem=true,work/reference_glosbe/amis_glosbe_traditional.xml
GLOSBE_REVIEWED_ZHO_591bf32381d65f58,"17 Ci Yihofa aci Yis ihekalay mafana' to nai faloco'ay a harateng no tamdaw, kawra cowa kafana' ko malohemay malitengay.","17 耶和華和耶穌清楚知道人心中的想法,但長老無法看透人心。",joseph_reviewed_traditional,Amis_4726,0,https://glosbe.com/ami/zh/aci/fragment/tmem?page=2&mode=MUST&stem=true,work/reference_glosbe/amis_glosbe_traditional.xml
GLOSBE_REVIEWED_ZHO_a652d87bd69d7163,"10 Ci Filip aci Mari padotoc a misamacay mihodop ci Yihofaan, malifokay nangra ko sapafeli ni Yihofa a sapalemed.","10 菲利普和瑪麗繼續專注於事奉耶和華,而他們也確實在許多方面得到耶和華的賜福。",joseph_reviewed_traditional,Amis_4727,1,https://glosbe.com/ami/zh/aci/fragment/tmem?page=2&mode=MUST&stem=true,work/reference_glosbe/amis_glosbe_traditional.xml
GLOSBE_REVIEWED_ZHO_1ae5053e8f21233f,Ci Mosi aci Aron samaanay paihkal to midopoay ko niyah ci Yihofaan?,摩西和亞倫怎樣表明自己擁護耶和華?,joseph_reviewed_traditional,Amis_4729,0,https://glosbe.com/ami/zh/aci/fragment/tmem?page=2&mode=MUST&stem=true,work/reference_glosbe/amis_glosbe_traditional.xml
GLOSBE_REVIEWED_ZHO_3361a4c1d2b82903,(2) Tadtaden to samaanay ci Pawlo aci Silas i Filipi a padama to milaocay to kapalitan a tamdaw.,乙)請說明保羅和西拉在腓立比時如何幫助獄吏。,joseph_reviewed_traditional,Amis_4732,0,https://glosbe.com/ami/zh/aci/fragment/tmem?page=3&mode=MUST&stem=true,work/reference_glosbe/amis_glosbe_traditional.xml
GLOSBE_REVIEWED_ZHO_d3365be171c727d2,11 Wa samaan kita a mitodong to misapoeneray a ta'arawan ni Pawlo aci Parnapas hani?,我們也應該想想自己怎樣看待傳道對象。,joseph_reviewed_traditional,Amis_4733,0,https://glosbe.com/ami/zh/aci/fragment/tmem?page=3&mode=MUST&stem=true,work/reference_glosbe/amis_glosbe_traditional.xml
GLOSBE_REVIEWED_ZHO_d94c17fcfb702485,14 Ci Tewien aci Ciyasmin halafinay ko haliepahay a nanaman.,"14 請看看德維恩和賈絲明的例子,他們長期以來有酗酒的問題。",joseph_reviewed_traditional,Amis_4739,0,https://glosbe.com/ami/zh/aci/fragment/tmem?page=3&mode=MUST&stem=true,work/reference_glosbe/amis_glosbe_traditional.xml
GLOSBE_REVIEWED_ZHO_3cd4a4487edc742c,"Ikor no misafelit ci Atam aci Ifa, pafelian ni Yihofa ko tamdaw to maanan a hatokel?","亞當和夏娃反叛後,耶和華給人什麼希望?",joseph_reviewed_traditional,Amis_4740,0,https://glosbe.com/ami/zh/aci/fragment/tmem?page=3&mode=MUST&stem=true,work/reference_glosbe/amis_glosbe_traditional.xml
GLOSBE_REVIEWED_ZHO_f084576b0efaa4d1,Hano kamayanay ci Tayanna aci Yohani a mahemek hani?,黛安娜和約翰為什麼能保持喜樂呢?,joseph_reviewed_traditional,Amis_4742,0,https://glosbe.com/ami/zh/aci/fragment/tmem?page=3&mode=MUST&stem=true,work/reference_glosbe/amis_glosbe_traditional.xml
GLOSBE_REVIEWED_ZHO_ee15f9bff8d384fa,Samaanay ko kalala'ed ningra aci Yis hani?,他跟耶穌的關係是什麼?,joseph_reviewed_traditional,Amis_4744,0,https://glosbe.com/ami/zh/aci/fragment/tmem?page=3&mode=MUST&stem=true,work/reference_glosbe/amis_glosbe_traditional.xml
GLOSBE_REVIEWED_ZHO_87929fc9d0bba079,Ci Yihofa aci Yis samaanay tano olah a pa'icel kitaanan?,耶和華和耶穌怎樣用愛心強化我們?,joseph_reviewed_traditional,Amis_4746,0,https://glosbe.com/ami/zh/aci/fragment/tmem?page=3&mode=MUST&stem=true,work/reference_glosbe/amis_glosbe_traditional.xml
GLOSBE_REVIEWED_ZHO_03af9920daa68c87,"11 Matira ci Pawloan aci Silasan, alatek fahekaay kita to pakayraan noka pipadama ni Yihofa kitanan.","11 如同保羅和西拉,我們也許曾對耶和華幫助我們的方式感到驚奇。",joseph_reviewed_traditional,Amis_4747,0,https://glosbe.com/ami/zh/aci/fragment/tmem?page=3&mode=MUST&stem=true,work/reference_glosbe/amis_glosbe_traditional.xml
GLOSBE_REVIEWED_ZHO_62592ae5227b7efc,"Ti:yaay madimadiay sikawdan, ci Iliya, ci Yis aci Pitiro, paka'araway to midemakan ni Yihofa kafaheka'an miliyaw pa'orip to mapatayay.","古代的忠僕,例如以利亞、耶穌和彼得都曾親眼看見耶和華施行復活的奇蹟。",joseph_reviewed_traditional,Amis_4748,0,https://glosbe.com/ami/zh/aci/fragment/tmem?page=3&mode=MUST&stem=true,work/reference_glosbe/amis_glosbe_traditional.xml
GLOSBE_REVIEWED_ZHO_e2784d7ad602e490,8 Malecad ci Yihofaan aci Yisan Makelec a Malacecay,8頁 像耶和華與耶穌那樣團結合一,joseph_reviewed_traditional,Amis_4751,0,https://glosbe.com/ami/zh/aci/fragment/tmem?page=3&mode=MUST&stem=true,work/reference_glosbe/amis_glosbe_traditional.xml
GLOSBE_REVIEWED_ZHO_99a9f326ac663e92,"Ikorto, ci Coping aci Nao mirienangay to SKE.","最近,純平和奈央參加了王國傳福音者訓練班。",joseph_reviewed_traditional,Amis_4752,0,https://glosbe.com/ami/zh/aci/fragment/tmem?page=3&mode=MUST&stem=true,work/reference_glosbe/amis_glosbe_traditional.xml
GLOSBE_REVIEWED_ZHO_493c97888c0cc5d2,"O ciolahay ci Yihofa, pakaynian Ningra sapalimo'ot pasifana' ci Atam aci Ifa, misamaan kalasaka dademak to iraay a pasalat nangra.","耶和華很有愛心,通過他的吩咐來教導亞當夏娃如何運用他們擁有的自由。",joseph_reviewed_traditional,Amis_4753,0,https://glosbe.com/ami/zh/aci/fragment/tmem?page=3&mode=MUST&stem=true,work/reference_glosbe/amis_glosbe_traditional.xml
GLOSBE_REVIEWED_ZHO_f09d0318c0113022,"Nikawrira, samaanay ko harateng ni Atam aci Ifa hani?","不過,亞當和夏娃有什麼反應呢?",joseph_reviewed_traditional,Amis_4754,0,https://glosbe.com/ami/zh/aci/fragment/tmem?page=3&mode=MUST&stem=true,work/reference_glosbe/amis_glosbe_traditional.xml
GLOSBE_REVIEWED_ZHO_94d82e0b0bc6e8c4,"26 Nalifetan No Tamdaw — Yo Adihay ko Rawraw ato Rarom Ako i,Mihinom ci Yihofa Takowanan","26頁 人物生平——每當我多憂多慮,耶和華都安慰我",joseph_reviewed_traditional,Amis_4758,0,https://glosbe.com/ami/zh/yo,work/reference_glosbe/amis_glosbe_traditional.xml
GLOSBE_REVIEWED_ZHO_2350df14e26693ac,"O maanan a safalod no Fangcalay Cudad, milingatay to sifana' no ising?",聖經中有哪些原則跟醫學有關?,joseph_reviewed_traditional,Amis_4761,0,https://glosbe.com/ami/zh/ising,work/reference_glosbe/amis_glosbe_traditional.xml
GLOSBE_REVIEWED_ZHO_0cdcc1621ea1a0fe,"Nga'ayay ko kahofoc ni Mariya ci Fitalian, tanoktokay cingra, cowa kahecad to nano sowal no ising.","瑪麗亞在那裡順利生下了兒子維塔利,他很健康,跟醫生先前所預告的完全不同。",joseph_reviewed_traditional,Amis_4764,0,https://glosbe.com/ami/zh/ising,work/reference_glosbe/amis_glosbe_traditional.xml
GLOSBE_REVIEWED_ZHO_68e18e15519721ee,"Misanga' ci Nowa to tamina i, misi'ayaway to manan a pasangaray hani?",挪亞在建造方舟時面對什麼難題?,joseph_reviewed_traditional,Amis_4771,0,https://glosbe.com/ami/zh/tamina,work/reference_glosbe/amis_glosbe_traditional.xml
GLOSBE_REVIEWED_ZHO_d90d8ea79aab4f2e,"Misamaanay hano pakaso'lin ko paro no loma' ni Milan, to sini'adaay ci Yihofa cangranan?",為什麼米蘭一家深信耶和華憐恤他們?,joseph_reviewed_traditional,Amis_4811,0,https://glosbe.com/ami/zh/paro,work/reference_glosbe/amis_glosbe_traditional.xml
GLOSBE_REVIEWED_ZHO_ce79b42d51c59f0e,Mipohayay ko paro no loma' ni Kerus miteko cangranan i loma' nangra.,"克魯斯家庭邀請我跟他們一起住在昂阿特,他們鼓勵我和他們最小的女兒諾拉加入先驅的行列。",joseph_reviewed_traditional,Amis_4816,0,https://glosbe.com/ami/zh/paro,work/reference_glosbe/amis_glosbe_traditional.xml
GLOSBE_REVIEWED_ZHO_88c89cf1f1c54451,Paro no loma' ato wama ciriko'ay tono sofitay a riko',爸爸穿軍裝與全家人合照,joseph_reviewed_traditional,Amis_4820,1,https://glosbe.com/ami/zh/paro/fragment/tmem?page=2&mode=MUST&stem=true,work/reference_glosbe/amis_glosbe_traditional.xml
GLOSBE_REVIEWED_ZHO_9290b4efbb911ab9,Samaanen ita minengneng ko picoli no paro no loma' ato salawina hani?,"那麼,我們該怎樣看待家人的反對呢?",joseph_reviewed_traditional,Amis_4821,1,https://glosbe.com/ami/zh/paro/fragment/tmem?page=2&mode=MUST&stem=true,work/reference_glosbe/amis_glosbe_traditional.xml
GLOSBE_REVIEWED_ZHO_59ef8187bf22790d,Padama to paro no loma' ato salikaka,幫助家人和弟兄姐妹,joseph_reviewed_traditional,Amis_4822,0,https://glosbe.com/ami/zh/paro/fragment/tmem?page=2&mode=MUST&stem=true,work/reference_glosbe/amis_glosbe_traditional.xml
GLOSBE_REVIEWED_ZHO_94143b7234b69696,Soni malahdawayto.,如霧氣消散空中。,joseph_reviewed_traditional,Amis_4824,0,https://glosbe.com/ami/zh/soni,work/reference_glosbe/amis_glosbe_traditional.xml
GLOSBE_REVIEWED_ZHO_d1c617304be080b7,"Samaamanen no fafahi ni Potifar, mikayhid ci Yosif, hano caka masolot cingra hani?","為什麼無論波提乏的妻子怎樣引誘約瑟,約瑟都不為所動呢?",joseph_reviewed_traditional,Amis_4834,0,https://glosbe.com/ami/zh/fafahi,work/reference_glosbe/amis_glosbe_traditional.xml
GLOSBE_REVIEWED_ZHO_dea463e736eb4785,"O fafahi ako o miceriday a misakafahay, marariday a lipahak cingra.","我的太太是個正規先驅,她總是很開心。",joseph_reviewed_traditional,Amis_4840,0,https://glosbe.com/ami/zh/fafahi,work/reference_glosbe/amis_glosbe_traditional.xml
GLOSBE_REVIEWED_ZHO_2fec4cbad3369b97,"Nohatini, ci Olifer ato fafahi ci Anna padotocay a mitosil i no Kowaping a kilac.","現在,奧利弗和妻子安娜在中文地區熱心傳道。",joseph_reviewed_traditional,Amis_4843,0,https://glosbe.com/ami/zh/fafahi,work/reference_glosbe/amis_glosbe_traditional.xml
GLOSBE_REVIEWED_ZHO_ca3ec5cd8797e2cf,"O sowal no wama ni Matiyas ci Cilisi: ""Kako ato fafahi so'linay misaali to ta'angayay a mihadidiay.""",馬帝亞斯的父親吉利斯說:“我和妻子真的需要很大的耐心。”,joseph_reviewed_traditional,Amis_4844,0,https://glosbe.com/ami/zh/fafahi,work/reference_glosbe/amis_glosbe_traditional.xml
GLOSBE_REVIEWED_ZHO_95c28bf8a9522bf7,"Mihaenay, ""sanga'en (ni Yihofa ko) rafir no'a'adopen ko riko' a pafeli ci Ataman ato fafahi ningra a paca'dong.""","因此,耶和華仁慈地“用獸皮做衣服給亞當和他的妻子穿”。(",joseph_reviewed_traditional,Amis_4845,0,https://glosbe.com/ami/zh/fafahi,work/reference_glosbe/amis_glosbe_traditional.xml
GLOSBE_REVIEWED_ZHO_7647e603e2d79ede,2011 Miheca sasing ato fafahi,2011年與妻子合影,joseph_reviewed_traditional,Amis_4846,0,https://glosbe.com/ami/zh/fafahi,work/reference_glosbe/amis_glosbe_traditional.xml
GLOSBE_REVIEWED_ZHO_e21148ba524cee54,"Ci Cilisi ato fafahi miti'eray to sadama ni Yihofa, mihadidiay a pasifana' to wawa.","吉利斯和妻子依靠耶和華的幫助,耐心地教導兒子。",joseph_reviewed_traditional,Amis_4847,0,https://glosbe.com/ami/zh/fafahi,work/reference_glosbe/amis_glosbe_traditional.xml
GLOSBE_REVIEWED_ZHO_86ae10cab6f3a59d,"Ikor, mararamoday kami, malacafayto tatosa a misi'ayaw to kihecod a pasangar.","後來,我們結婚了,決定攜手共渡一切難關。",joseph_reviewed_traditional,Amis_4856,0,https://glosbe.com/ami/zh/tatosa,work/reference_glosbe/amis_glosbe_traditional.xml
GLOSBE_REVIEWED_ZHO_9a5b3370ed668a85,Padama takowan pahemek Tisowan.,"助我察驗自己,使我合你心意。",joseph_reviewed_traditional,Amis_4858,0,https://glosbe.com/ami/zh/takowan,work/reference_glosbe/amis_glosbe_traditional.xml
GLOSBE_REVIEWED_ZHO_29e6301717b36924,O no'adingoan ko adadaay.,我是屬靈方面生病了。,joseph_reviewed_traditional,Amis_4860,0,https://glosbe.com/ami/zh/adadaay,work/reference_glosbe/amis_glosbe_traditional.xml
GLOSBE_REVIEWED_ZHO_a01eca7529d2f1f4,Itini Hapakuk 2:3 nga'ayay pakaso'lin kita to maanan hani?,哈巴谷書2:3讓我們確信什麼?,joseph_reviewed_traditional,Amis_4879,0,https://glosbe.com/ami/zh/itini,work/reference_glosbe/amis_glosbe_traditional.xml
GLOSBE_REVIEWED_ZHO_31976222dc4a23b7,3 ' Itini i saikoray lintad o pasangaray a si'ayawen a'awaled' sanay ci Pawlo.,"3 保羅寫到,“最後的日子”會是個“難以應付的非常時期”。",joseph_reviewed_traditional,Amis_4883,0,https://glosbe.com/ami/zh/itini,work/reference_glosbe/amis_glosbe_traditional.xml
GLOSBE_REVIEWED_ZHO_eb051ba9ade64933,Itini i masamaanay pakayraan patahekal to sini'adaay faloco'?,你可以在哪些方面向人表現憐恤之心?,joseph_reviewed_traditional,Amis_4900,0,https://glosbe.com/ami/zh/itini/fragment/tmem?page=2&mode=MUST&stem=true,work/reference_glosbe/amis_glosbe_traditional.xml
GLOSBE_REVIEWED_ZHO_e3eae1776d322606,Cafay ako (ikawanan) itini i Mistepah no Austria malacafay a mala mikiriwi'ay a misakafahay,與同伴(右)在奧地利的米斯特爾巴赫一起做特別先驅,joseph_reviewed_traditional,Amis_4911,0,https://glosbe.com/ami/zh/itini/fragment/tmem?page=2&mode=MUST&stem=true,work/reference_glosbe/amis_glosbe_traditional.xml
GLOSBE_REVIEWED_ZHO_53c8a111474ab20f,"Kalikiay mahererek ko hemek malacafay to wawa, samanen itini 1959 miheca pakayni piinsacu to cudad no Fangcalay Cudad malepelay kako.","但是陪伴女兒的喜樂很快就結束,因為我在1959年時因印製聖經書刊被逮捕。",joseph_reviewed_traditional,Amis_4916,0,https://glosbe.com/ami/zh/itini/fragment/tmem?page=3&mode=MUST&stem=true,work/reference_glosbe/amis_glosbe_traditional.xml
GLOSBE_REVIEWED_ZHO_62d02e58a014a356,Itini satolon nga'ayay kita somowal to maanan?,我們可以在禱告中提到什麼?,joseph_reviewed_traditional,Amis_4920,1,https://glosbe.com/ami/zh/itini/fragment/tmem?page=3&mode=MUST&stem=true,work/reference_glosbe/amis_glosbe_traditional.xml
GLOSBE_REVIEWED_ZHO_67da12f4894d4531,Itini ino Krisiya Fangcalay Cudad 70 somowal ci Aprahaman.,"此外,《希臘語經卷》提到亞伯拉罕的名字超過70次。",joseph_reviewed_traditional,Amis_4928,1,https://glosbe.com/ami/zh/itini/fragment/tmem?page=3&mode=MUST&stem=true,work/reference_glosbe/amis_glosbe_traditional.xml
GLOSBE_REVIEWED_ZHO_98c0ffe3f4f781a4,"Itini i'alomanay ko Misawacayay Tamdaw, mitosil i kilac maedeng iraay ko pasangar.","弟兄姐妹在傳道員比率非常高的地區傳道,肯定會有一些挑戰。",joseph_reviewed_traditional,Amis_4931,0,https://glosbe.com/ami/zh/itini/fragment/tmem?page=3&mode=MUST&stem=true,work/reference_glosbe/amis_glosbe_traditional.xml
GLOSBE_REVIEWED_ZHO_1e4f0a920bc98d18,"16 Itini pikowanan to 1,000 a miheca, ci Yis atoya 144,000 a dama a hongti, papadama to madimadiay tamdaw patikor malefot ko'orip.","16 在千年統治期間,耶穌和14萬4000位助理君王會幫助忠心的人恢復完美。",joseph_reviewed_traditional,Amis_4936,0,https://glosbe.com/ami/zh/itini/fragment/tmem?page=3&mode=MUST&stem=true,work/reference_glosbe/amis_glosbe_traditional.xml
GLOSBE_REVIEWED_ZHO_19ec12fe1a80ffe0,Itini i Putawya Mikosam to Sapaloma no Hongti Kitakit,在葡萄牙撒播王國的種子,joseph_reviewed_traditional,Amis_4943,1,https://glosbe.com/ami/zh/itini/fragment/tmem?page=4&mode=MUST&stem=true,work/reference_glosbe/amis_glosbe_traditional.xml
GLOSBE_REVIEWED_ZHO_15fd23e72489c050,"(Yohani 10:16) Itini Fangcalay Cudad pasifana'ay ci Yihofa kitaanan, sasamaan ko waywayan a ma'orip.",約翰福音10:16)耶和華也在聖經中教導我們該做個怎樣的人。,joseph_reviewed_traditional,Amis_4945,0,https://glosbe.com/ami/zh/itini/fragment/tmem?page=4&mode=MUST&stem=true,work/reference_glosbe/amis_glosbe_traditional.xml
GLOSBE_REVIEWED_ZHO_5cd093c09561a2df,"Itini i Suwiay, misatenokay ko saaro'an no Misawacayay Tamdaw ni Yihofa.","在蘇聯,耶和華見證人都在政治上保持中立。(",joseph_reviewed_traditional,Amis_4946,0,https://glosbe.com/ami/zh/itini/fragment/tmem?page=4&mode=MUST&stem=true,work/reference_glosbe/amis_glosbe_traditional.xml
GLOSBE_REVIEWED_ZHO_291f81283ad33f5f,15 Itini i no'adingoan mipadang to tamdaw.,"另外,我們也可以幫助他們看出,按照上帝的標準生活對人有益。(",joseph_reviewed_traditional,Amis_4947,0,https://glosbe.com/ami/zh/itini/fragment/tmem?page=4&mode=MUST&stem=true,work/reference_glosbe/amis_glosbe_traditional.xml
GLOSBE_REVIEWED_ZHO_1f72222a09fba815,Itini Posinafaso pacekiway to Fangcalay Cudad,在布基納法索主持聖經課程,joseph_reviewed_traditional,Amis_4949,0,https://glosbe.com/ami/zh/itini/fragment/tmem?page=4&mode=MUST&stem=true,work/reference_glosbe/amis_glosbe_traditional.xml
GLOSBE_REVIEWED_ZHO_0dc5ab3c601abd7a,"Pakayni i madimadiay a Yutaya, ma'orip itini i mararaway pidoyongan a Papilon o ta'angayay sapalifet.","對忠心的猶太人來說,在異教的巴比倫生活是一大考驗。",joseph_reviewed_traditional,Amis_4950,0,https://glosbe.com/ami/zh/itini/fragment/tmem?page=4&mode=MUST&stem=true,work/reference_glosbe/amis_glosbe_traditional.xml
GLOSBE_REVIEWED_ZHO_1706f98dbb7fade7,Itini toni lalakaw mamilengo to manan?,本篇課文會談談什麼?(,joseph_reviewed_traditional,Amis_4952,0,https://glosbe.com/ami/zh/itini/fragment/tmem?page=4&mode=MUST&stem=true,work/reference_glosbe/amis_glosbe_traditional.xml
GLOSBE_REVIEWED_ZHO_c548fc6f3ab77d2a,"Haratengen no wama wina ko sapalimo'ot no Matay 28:19, 20, misamaanay hano padama to wama wina itini pipasifana'to wawa hani?","父母思考馬太福音28:19,20的吩咐,為什麼有助於教導孩子?",joseph_reviewed_traditional,Amis_4953,0,https://glosbe.com/ami/zh/itini/fragment/tmem?page=4&mode=MUST&stem=true,work/reference_glosbe/amis_glosbe_traditional.xml
GLOSBE_REVIEWED_ZHO_982fb4d09475af45,"Sano Ekimay Lalintadan a ca'si, sanay mifana': "" Itini toni kalimelaan a taykay, o nika cakat no Kimad i Mesiko.""","《黃金時代》(英語)說:“毫無疑問,這個大會非常重要,是墨西哥傳道工作歷史上的轉折點。”",joseph_reviewed_traditional,Amis_4954,0,https://glosbe.com/ami/zh/itini/fragment/tmem?page=4&mode=MUST&stem=true,work/reference_glosbe/amis_glosbe_traditional.xml
GLOSBE_REVIEWED_ZHO_94e97ee094ba4b79,"Ci Sakiko, fafahiyan wawa, sanay ko sowal: "" Itini isaka 1990 a mamihecaan, marariday malitemoh ko naitiniay i Pracil a tamdaw.","女兒佐規子說:“20世紀90年代,我們傳道時常常遇見從巴西來的移民。",joseph_reviewed_traditional,Amis_4955,0,https://glosbe.com/ami/zh/itini/fragment/tmem?page=4&mode=MUST&stem=true,work/reference_glosbe/amis_glosbe_traditional.xml
GLOSBE_REVIEWED_ZHO_901983e0164fb6db,"Maolahay kako to Pitil a demak, samanen o nidemakan itini sahetoay o sapipadamaaw to tamdaw miingid ci Yihofaan.""","我愛伯特利的服務,因為我在這裡所做的事都是為了幫助別人親近耶和華。”",joseph_reviewed_traditional,Amis_4958,0,https://glosbe.com/ami/zh/itini/fragment/tmem?page=4&mode=MUST&stem=true,work/reference_glosbe/amis_glosbe_traditional.xml
GLOSBE_REVIEWED_ZHO_de8a4e07eb8a654d,4 Nga'ayay itini i Fangcalay Cudad paka'araw to sini'adaay a tinakoan ni Yihofa.,4 我們可以從聖經中看到不少耶和華憐恤人的事例。,joseph_reviewed_traditional,Amis_4961,0,https://glosbe.com/ami/zh/itini/fragment/tmem?page=4&mode=MUST&stem=true,work/reference_glosbe/amis_glosbe_traditional.xml
GLOSBE_REVIEWED_ZHO_e4626e56966b7202,itini i kasakopang a mipasifana'?,在會眾中施行教導時,joseph_reviewed_traditional,Amis_4963,0,https://glosbe.com/ami/zh/itini/fragment/tmem?page=5&mode=MUST&stem=true,work/reference_glosbe/amis_glosbe_traditional.xml
GLOSBE_REVIEWED_ZHO_6a536d1b93824531,"8. (1) Misamaanay itini fadisoso' a tinako, o heci cowa ko faelohay a nisawawaan ko mitoro'an?","8.( 甲)為什麼在葡萄樹的比喻中,果實不是指新的門徒?(",joseph_reviewed_traditional,Amis_4964,1,https://glosbe.com/ami/zh/itini/fragment/tmem?page=5&mode=MUST&stem=true,work/reference_glosbe/amis_glosbe_traditional.xml
GLOSBE_REVIEWED_ZHO_9b0a91efa6548956,"Itini ta'angayay kaemingay a demak no ka'orip, o so'linay Krisciyang wa'ka sasiso'lin ko sowal'.","在生活的大小事上,真基督徒會“彼此說真實的話”。",joseph_reviewed_traditional,Amis_4968,1,https://glosbe.com/ami/zh/itini/fragment/tmem?page=5&mode=MUST&stem=true,work/reference_glosbe/amis_glosbe_traditional.xml
GLOSBE_REVIEWED_ZHO_a6ba973ce629761c,"3 Itini romi'ad ni Yis, o'a'ideman no pihakelongan pakayni pihayda no tamdaw, mararaway ko pinengneng.","3 在耶穌的日子,有些宗教領袖對於受人認同有錯誤的看法。",joseph_reviewed_traditional,Amis_4969,0,https://glosbe.com/ami/zh/itini/fragment/tmem?page=5&mode=MUST&stem=true,work/reference_glosbe/amis_glosbe_traditional.xml
GLOSBE_REVIEWED_ZHO_7392e14e553baa21,ITINI KITA salikoray romi'ad ma'orip adihayay ko kacarirawan.,我們生活在最後的日子絕不是無憂無慮的。,joseph_reviewed_traditional,Amis_4970,1,https://glosbe.com/ami/zh/itini/fragment/tmem?page=5&mode=MUST&stem=true,work/reference_glosbe/amis_glosbe_traditional.xml
GLOSBE_REVIEWED_ZHO_470373050dd3d0ea,"Patinakoen itini i Australia, ci Tifani minanamay to sowal no Swahili toha sapadamaaw to itiniay i Prispan a kasakopang.","例如在澳大利亞,有個先驅姊妹名叫蒂法妮,她為了協助布里斯班的斯瓦希裡語會眾而開始學習這種語言。",joseph_reviewed_traditional,Amis_4974,0,https://glosbe.com/ami/zh/itini/fragment/tmem?page=5&mode=MUST&stem=true,work/reference_glosbe/amis_glosbe_traditional.xml
GLOSBE_REVIEWED_ZHO_e1dc68ee6539791a,"Itini pitosilan samaan kita misaka dademak to ""Lalosidan no Sapasifana'"" pasifana' to tamdaw to so'linay kimad?",我們在傳道時怎樣運用“教導工具箱”教導人真理?,joseph_reviewed_traditional,Amis_4978,1,https://glosbe.com/ami/zh/itini/fragment/tmem?page=5&mode=MUST&stem=true,work/reference_glosbe/amis_glosbe_traditional.xml
GLOSBE_REVIEWED_ZHO_65d6fa7289fbcd40,"Nengnengen ko sapatongal lalakaw ""O Olah'Caay Pakangodo to Tamdaw'"" itini Mikecolay 2016/1, 27 fiedac.(no Kowaping)",請看《守望臺》2016年1月刊27頁附欄“愛是不罔顧規矩”。,joseph_reviewed_traditional,Amis_4979,1,https://glosbe.com/ami/zh/itini/fragment/tmem?page=5&mode=MUST&stem=true,work/reference_glosbe/amis_glosbe_traditional.xml
GLOSBE_REVIEWED_ZHO_b9ef3ddca121cdbc,"4, 5. (1) Itini noka'pica'edong to faelohay capeling,' mafana' a mirikec to harateng, hano o masaka limelaan hani?","甲)為什麼在“穿上新品格”的過程中,學習自律很重要?(",joseph_reviewed_traditional,Amis_4984,0,https://glosbe.com/ami/zh/itini/fragment/tmem?page=5&mode=MUST&stem=true,work/reference_glosbe/amis_glosbe_traditional.xml
GLOSBE_REVIEWED_ZHO_fbac6d9988cb7547,"Wama ni Nowa ci Lamik mangodoay to Kawas, itini'ayaw no Ta'angayay Lenlen to 5 miheca mapatay.","挪亞的父親拉麥敬畏上帝,在大洪水發生前約五年過世。",joseph_reviewed_traditional,Amis_4985,0,https://glosbe.com/ami/zh/itini/fragment/tmem?page=5&mode=MUST&stem=true,work/reference_glosbe/amis_glosbe_traditional.xml
GLOSBE_REVIEWED_ZHO_40d4d35a7ea87753,"(2) Itini i Fangcalay Cudad, pakafana'ay to manan to wawa?",乙)聖經教導孩子應該怎麼做?,joseph_reviewed_traditional,Amis_4988,0,https://glosbe.com/ami/zh/itini/fragment/tmem?page=6&mode=MUST&stem=true,work/reference_glosbe/amis_glosbe_traditional.xml
GLOSBE_REVIEWED_ZHO_5dbbbaf5ec0bb2b8,"O nalifetan ni Lusiya Mawsanity, matiliday itini i Katalipa'elal!","關於露西婭·穆薩內特的生平故事,請看《警醒!》(",joseph_reviewed_traditional,Amis_4989,0,https://glosbe.com/ami/zh/itini/fragment/tmem?page=6&mode=MUST&stem=true,work/reference_glosbe/amis_glosbe_traditional.xml
GLOSBE_REVIEWED_ZHO_57cf8005a660d364,itini i kalo noka'orip?,在日常生活上,joseph_reviewed_traditional,Amis_4990,0,https://glosbe.com/ami/zh/itini/fragment/tmem?page=6&mode=MUST&stem=true,work/reference_glosbe/amis_glosbe_traditional.xml
GLOSBE_REVIEWED_ZHO_2509db8f16eaef91,"1970 miheca, sakinacecay mitaypiyaw to congpo miliso', itini i Winilowila","1970年第一次帶務探訪,地點是委內瑞拉",joseph_reviewed_traditional,Amis_4993,0,https://glosbe.com/ami/zh/itini/fragment/tmem?page=6&mode=MUST&stem=true,work/reference_glosbe/amis_glosbe_traditional.xml
GLOSBE_REVIEWED_ZHO_d45dc16c73257cd2,"Itini 1951 miheca micudiyap kako i kawcong, wa misa'osi to hanoikor no niyah itiya.","我在1951年高中畢業,那時需要為自己的未來作個決定。",joseph_reviewed_traditional,Amis_4994,1,https://glosbe.com/ami/zh/itini/fragment/tmem?page=6&mode=MUST&stem=true,work/reference_glosbe/amis_glosbe_traditional.xml
GLOSBE_REVIEWED_ZHO_92ce83a0ef66fdd1,"8 Somowalay ci Pawlo, itini i saikoray lintad, samaanay ko pakayraan no kalo tamdaw.","8 保羅也談到在最後的日子,人會怎樣彼此對待。",joseph_reviewed_traditional,Amis_4995,0,https://glosbe.com/ami/zh/itini/fragment/tmem?page=6&mode=MUST&stem=true,work/reference_glosbe/amis_glosbe_traditional.xml
GLOSBE_REVIEWED_ZHO_6cd9b98eec8c77f6,"Tamdamdaw padamaen,",努力幫助人學習,joseph_reviewed_traditional,Amis_4997,0,https://glosbe.com/ami/zh/tamdamdaw,work/reference_glosbe/amis_glosbe_traditional.xml
GLOSBE_REVIEWED_ZHO_b269193abf12f691,Losiyangen ko tamdamdaw.,向人宣告這好消息。,joseph_reviewed_traditional,Amis_5003,0,https://glosbe.com/ami/zh/tamdamdaw,work/reference_glosbe/amis_glosbe_traditional.xml
GLOSBE_REVIEWED_ZHO_3422a6a384e65f74,Patengilen ko tamdamdaw.,所有人都需要聽到。,joseph_reviewed_traditional,Amis_5005,0,https://glosbe.com/ami/zh/tamdamdaw,work/reference_glosbe/amis_glosbe_traditional.xml
GLOSBE_REVIEWED_ZHO_695ce7702b7c39f9,27 Olah — Tada Kalimelaan a Capeling,27 愛心——十分可貴的特質,joseph_reviewed_traditional,Amis_5015,0,https://glosbe.com/ami/zh/Tada,work/reference_glosbe/amis_glosbe_traditional.xml
GLOSBE_REVIEWED_ZHO_fd50f9de0b0aad9d,"Matawaay ci Alinta a pasowal: ""Mikawihay ko palakatay to faso tamiyanan, o roma palakatay mikitira i faso miowaw tamiyanan: ' Tada kasemeranto kamo!'","奧琳達也笑著說:“公車司機向我們揮手,有些司機還從車裡對我們大喊:‘你們真了不起!’",joseph_reviewed_traditional,Amis_5016,0,https://glosbe.com/ami/zh/Tada,work/reference_glosbe/amis_glosbe_traditional.xml
GLOSBE_REVIEWED_ZHO_4c3509b524c7cf5f,Tada mahemekay kako mafana' to itiraay a salikaka!,我真的很高興能夠認識那些弟兄!,joseph_reviewed_traditional,Amis_5029,0,https://glosbe.com/ami/zh/Tada,work/reference_glosbe/amis_glosbe_traditional.xml
GLOSBE_REVIEWED_ZHO_644546d4400c5e82,"Sanay ko sowal ningra: "" Tada miako'iday kako to sini'ada ni Yihofa, makahi a misodod to raraw ako.""","他說:“我很感激耶和華這麼仁慈,願意寬恕我的罪。”",joseph_reviewed_traditional,Amis_5032,0,https://glosbe.com/ami/zh/Tada,work/reference_glosbe/amis_glosbe_traditional.xml
GLOSBE_REVIEWED_ZHO_83526304e758141f,Tada cecayay a Kawas.,你永遠是獨一上帝。,joseph_reviewed_traditional,Amis_5034,0,https://glosbe.com/ami/zh/Tada,work/reference_glosbe/amis_glosbe_traditional.xml
GLOSBE_REVIEWED_ZHO_7dfdb0134240eadd,Ma'e-solay ko ngiha.,歌聲雄壯嘹亮。,joseph_reviewed_traditional,Amis_5036,0,https://glosbe.com/ami/zh/ngiha,work/reference_glosbe/amis_glosbe_traditional.xml
GLOSBE_REVIEWED_ZHO_581f39be7ea8591b,"Hamaan a matalaw,","面對迫害別恐慌,",joseph_reviewed_traditional,Amis_5043,0,https://glosbe.com/ami/zh/Matalaw,work/reference_glosbe/amis_glosbe_traditional.xml
GLOSBE_REVIEWED_ZHO_4b3079dd0c6ab0e3,Losiyangen ko ngangan Ningra.,願將你聖名晝夜宣揚。,joseph_reviewed_traditional,Amis_5053,0,https://glosbe.com/ami/zh/ngangan,work/reference_glosbe/amis_glosbe_traditional.xml
GLOSBE_REVIEWED_ZHO_0378c6c10127de12,"Caka falic ko ngangan,","你的名從不更改,",joseph_reviewed_traditional,Amis_5064,0,https://glosbe.com/ami/zh/ngangan,work/reference_glosbe/amis_glosbe_traditional.xml
GLOSBE_REVIEWED_ZHO_4bbfea0163835483,Ngangan mapatenak.,將你聖名傳講。,joseph_reviewed_traditional,Amis_5067,0,https://glosbe.com/ami/zh/ngangan,work/reference_glosbe/amis_glosbe_traditional.xml
GLOSBE_REVIEWED_ZHO_277f4069252eb469,"Ihekalay ci Malaki a mifana', oha'mamangodo kita ci Yihofaan' ato'miharateng' to ngangan Ningra.","瑪拉基明確地指出,我們必須“敬畏耶和華”和“思量”他的名字。",joseph_reviewed_traditional,Amis_5068,0,https://glosbe.com/ami/zh/ngangan,work/reference_glosbe/amis_glosbe_traditional.xml
GLOSBE_REVIEWED_ZHO_6e665277e4f7293d,"Tinakoen, paihkalay ci Yihofa kitaanan to o maanan ko tatodong no ngangan Ningra, ato makapahay a capeling Ningra.","例如,耶和華向我們透露他的名字有什麼含意,以及他有哪些美好的特質。",joseph_reviewed_traditional,Amis_5070,1,https://glosbe.com/ami/zh/ngangan/fragment/tmem?page=2&mode=MUST&stem=true,work/reference_glosbe/amis_glosbe_traditional.xml
GLOSBE_REVIEWED_ZHO_77eaf4d520cd600a,"Pahemek to ngangan no Kawas,","一起讚美上帝的聖名,",joseph_reviewed_traditional,Amis_5071,0,https://glosbe.com/ami/zh/ngangan/fragment/tmem?page=2&mode=MUST&stem=true,work/reference_glosbe/amis_glosbe_traditional.xml
GLOSBE_REVIEWED_ZHO_0dc5bb724047e4b2,"Onini masarayrayay lalakaw pakayni i "" heci no fangcalay saocor,"" mamilengo i ikor to ""sini'ada"" a capeling.","本系列文章討論聖靈果實的每一種特質,以後會討論“仁慈”這種特質。",joseph_reviewed_traditional,Amis_5084,0,https://glosbe.com/ami/zh/heci,work/reference_glosbe/amis_glosbe_traditional.xml
GLOSBE_REVIEWED_ZHO_58bfaf2c8077fcd2,"Onini masarayrayay lalakaw pakayni i "" heci no fangcalay saocor,"" mamilengo i ikor to kodait a capeling.",本系列文章“聖靈的果實”日後會探討堅忍這個特質。,joseph_reviewed_traditional,Amis_5088,0,https://glosbe.com/ami/zh/heci,work/reference_glosbe/amis_glosbe_traditional.xml
GLOSBE_REVIEWED_ZHO_44d162d833020a93,""" Cowa ka fana' to manan ko hasowal niyam, kawra maolahay kami tisowanan.","“我們想告訴你,我們很愛你。",joseph_reviewed_traditional,Amis_5097,0,https://glosbe.com/ami/zh/cowa,work/reference_glosbe/amis_glosbe_traditional.xml
GLOSBE_REVIEWED_ZHO_91bea88ed07685ef,Sanay ko ca'of ni Yis: ' Cowa ko noni hekal ko Hongti Kitakit ako.',耶穌回答說:“我的王國不屬於這個世界。”(,joseph_reviewed_traditional,Amis_5099,0,https://glosbe.com/ami/zh/cowa,work/reference_glosbe/amis_glosbe_traditional.xml
GLOSBE_REVIEWED_ZHO_862dba98267a4744,"Cowa koninian aca, ya somowalay to "" cowa paliwal to sera ko Kowaping,"" sanay a tamdaw makahiyayto paliwal to sera ningra.","不僅如此,當初說“中國人只買不賣”的那個地主也願意賣了。",joseph_reviewed_traditional,Amis_5112,0,https://glosbe.com/ami/zh/cowa,work/reference_glosbe/amis_glosbe_traditional.xml
GLOSBE_REVIEWED_ZHO_04c1c43d5b82abd2,"Saka cipinangaw to adihayay lalakaw, tayra i jw.org a wangcan mi'osi to ""Salicay no Kapah—Pasadak to Kaackan Tikami —Wa Mafana' Kako to Maanan?""","想了解更多內容,請上jw.org網站閱讀〈青年人問:傳送色情短信——我該知道什麼?〉(",joseph_reviewed_traditional,Amis_5121,0,https://glosbe.com/ami/zh/tikami,work/reference_glosbe/amis_glosbe_traditional.xml
GLOSBE_REVIEWED_ZHO_f7f213a8e2f1ffef,"Pakayni pipalilam to Mala'osiay a Mahimeday a cudad, ci Fiker malepelay no mirikecay, mikinsaan ko tikami ningra.","由於分發《完成的奧祕》,費克爾弟兄遭當局逮捕,他的私人信件也被人檢查。",joseph_reviewed_traditional,Amis_5122,0,https://glosbe.com/ami/zh/tikami,work/reference_glosbe/amis_glosbe_traditional.xml
GLOSBE_REVIEWED_ZHO_fab00d29c13ad315,"Pasadak to kaackan a tikami, o pakayniay i soci pasadak to kaackan a lihaf, sasing anca o ika.",發送色情短信就是通過手機傳送色情信息、照片或影片。,joseph_reviewed_traditional,Amis_5123,0,https://glosbe.com/ami/zh/tikami,work/reference_glosbe/amis_glosbe_traditional.xml
GLOSBE_REVIEWED_ZHO_a9b89281271113f7,"O kantok no Pitil ciolahay ko faloco', patado miharateng toni madimadiay sikawdan, milimasmasay cangranan tano tikami ato patingwa a misawacay.","伯特利的監督很有愛心,體跕這些忠僕,所以安排他們做書信和電話見證。",joseph_reviewed_traditional,Amis_5126,0,https://glosbe.com/ami/zh/tikami,work/reference_glosbe/amis_glosbe_traditional.xml
GLOSBE_REVIEWED_ZHO_1e93db2ec5de2e63,2 O mitilidan ni Pawlo a tikami kinapinaay somowal to pasalat.,2 保羅寫的書信也多次提到自由。,joseph_reviewed_traditional,Amis_5127,1,https://glosbe.com/ami/zh/tikami,work/reference_glosbe/amis_glosbe_traditional.xml
GLOSBE_REVIEWED_ZHO_a488e71f67d9d253,Oniya tosa lalakaw milengoay to tikami ni Pawlo to Kolosay kasakopang a limo'ot.,這兩篇課文討論保羅寫給歌羅西會眾的勸告。,joseph_reviewed_traditional,Amis_5128,0,https://glosbe.com/ami/zh/tikami,work/reference_glosbe/amis_glosbe_traditional.xml
GLOSBE_REVIEWED_ZHO_e59a2f0b7865a743,"Ma'araw no mita'lifay a tamdaw misa'icel kami tano mananamay a inaneng a misanga' to fadahong, masemeray cangra.","一些路過的人看到我很努力用這項剛學到的技術蓋屋頂,都覺得很有趣。",joseph_reviewed_traditional,Amis_5129,0,https://glosbe.com/ami/zh/fadahong,work/reference_glosbe/amis_glosbe_traditional.xml
GLOSBE_REVIEWED_ZHO_90367c34a957de81,Hacowaay somowal ci Pitiro to'Olic 16:10 hani?,彼得在什麼時候提到詩篇16:10?,joseph_reviewed_traditional,Amis_5136,0,https://glosbe.com/ami/zh/somowal,work/reference_glosbe/amis_glosbe_traditional.xml
GLOSBE_REVIEWED_ZHO_7f61af8d98920d64,"Tona mirocokay to raraw ko tamdaw, o sikawdan no Kawas iraay ko samaanay harateng?","由於人都遺傳了罪,許多上帝的僕人有什麼感覺?",joseph_reviewed_traditional,Amis_5150,0,https://glosbe.com/ami/zh/raraw,work/reference_glosbe/amis_glosbe_traditional.xml
GLOSBE_REVIEWED_ZHO_ce6521116111356e,"(Yohani 3:22; 4:1, 2) Mahecad o pipaino' ni Yohani, o pipaino' no nisawawaan mitaypiyaway to mihaiyay to misafelitay ko niyah to Sarikec ni Mosi, pasasiyor to raraw no niyah.","約翰福音3:22;4:1,2)就像約翰施行的浸禮,門徒施行的浸禮象徵一個人承認自己違反摩西律法,為自己的罪悔改。",joseph_reviewed_traditional,Amis_5154,0,https://glosbe.com/ami/zh/raraw,work/reference_glosbe/amis_glosbe_traditional.xml
GLOSBE_REVIEWED_ZHO_04acabb681b2d026,"Mahecad o malifetay ako, o fanekfekay a kaemangay salikaka mahecaday ko raraw, telocto matoleday ko niyah.","就像我的經歷一樣,熱心的年輕弟兄容易犯下類似的錯,結果對自己失望。",joseph_reviewed_traditional,Amis_5156,0,https://glosbe.com/ami/zh/raraw,work/reference_glosbe/amis_glosbe_traditional.xml
GLOSBE_REVIEWED_ZHO_3603d24fcd3bc710,"Tahira i romi'ad ni Nowa, ' adihayay miedefay ko mari'angay a demak icowacowa.'","事實上,到了挪亞的日子,“暴行遍及全地”。",joseph_reviewed_traditional,Amis_5165,0,https://glosbe.com/ami/zh/adihayay,work/reference_glosbe/amis_glosbe_traditional.xml
GLOSBE_REVIEWED_ZHO_3276a2517463aa55,5 Adihayay ko coyoh kalacafayay ci Satanan a mitowakang to Kawas.,5 有相當多天使跟撒但一樣反叛上帝。,joseph_reviewed_traditional,Amis_5182,0,https://glosbe.com/ami/zh/adihayay,work/reference_glosbe/amis_glosbe_traditional.xml
GLOSBE_REVIEWED_ZHO_79bc704f45d963e6,Cipinang kita to limasmas no pilimekan niyaro'wa milifok to adihayay epoc.,我們明白古代庇護城的安排可以得到許多益處。,joseph_reviewed_traditional,Amis_5189,0,https://glosbe.com/ami/zh/adihayay/fragment/tmem?page=2&mode=MUST&stem=true,work/reference_glosbe/amis_glosbe_traditional.xml
GLOSBE_REVIEWED_ZHO_7053eb914b10f173,"Papitoay kami malikaka, kaemangho kako, minanamayto to adihayay inaneng a maomah","我有六個兄弟姐妹,我年輕時就學會許多農耕技巧",joseph_reviewed_traditional,Amis_5192,1,https://glosbe.com/ami/zh/adihayay/fragment/tmem?page=2&mode=MUST&stem=true,work/reference_glosbe/amis_glosbe_traditional.xml
GLOSBE_REVIEWED_ZHO_5b5e2d439b64e6ed,Adihayay pasangaray,"難免經歷反對、艱辛,",joseph_reviewed_traditional,Amis_5194,0,https://glosbe.com/ami/zh/adihayay/fragment/tmem?page=2&mode=MUST&stem=true,work/reference_glosbe/amis_glosbe_traditional.xml
GLOSBE_REVIEWED_ZHO_9124a65b9fc9deb9,"7 Itiya mitosil ci Yis i, paino'ay ko nisawawaan to tamdaw.","7 耶穌在地上傳道的那段時期,門徒也替人施浸。(",joseph_reviewed_traditional,Amis_5228,0,https://glosbe.com/ami/zh/itiya,work/reference_glosbe/amis_glosbe_traditional.xml
GLOSBE_REVIEWED_ZHO_a4e722000461428d,"Itiya, 'ifowaay a matenak ko misafinacaday a harateng.","那時,種族主義盛行。",joseph_reviewed_traditional,Amis_5238,0,https://glosbe.com/ami/zh/itiya/fragment/tmem?page=2&mode=MUST&stem=true,work/reference_glosbe/amis_glosbe_traditional.xml
GLOSBE_REVIEWED_ZHO_31ee4eec34c9806c,"Wa falahen wa patayen ci Misiya, kawra wa miliyaw ma'orip cingra, malo'ta'enengan a fakeloh no loma'.","彌賽亞會被棄絕和殺害,但接著他會復活,成為“屋頂的房角石”。",joseph_reviewed_traditional,Amis_5245,0,https://glosbe.com/ami/zh/fakeloh,work/reference_glosbe/amis_glosbe_traditional.xml
GLOSBE_REVIEWED_ZHO_46de1aa3dbc2f1f1,"Hongti Kitakit tomireng,","天上王國已經建立,",joseph_reviewed_traditional,Amis_5248,1,https://glosbe.com/ami/zh/tomireng,work/reference_glosbe/amis_glosbe_traditional.xml
GLOSBE_REVIEWED_ZHO_5b5df36ee80818d8,"Tanoktok a tomireng,","我的子民要站穩,",joseph_reviewed_traditional,Amis_5249,0,https://glosbe.com/ami/zh/tomireng,work/reference_glosbe/amis_glosbe_traditional.xml
GLOSBE_REVIEWED_ZHO_7f6f82171f3ece7a,"Padotoc timolo tomireng,","能勇敢繼續堅守立場,",joseph_reviewed_traditional,Amis_5251,0,https://glosbe.com/ami/zh/tomireng,work/reference_glosbe/amis_glosbe_traditional.xml
GLOSBE_REVIEWED_ZHO_5ea299632e226809,"Sowal ni Yis, ""o so'linay fadisoso' a kilang kako,"" ci Yihofa o "" maomahay (palahaday) a tamdaw"", o ""ca'ang"" ko nisawawaan.","耶穌說自己是“真葡萄樹”,耶和華是“培植的人”,而門徒是“枝子”。",joseph_reviewed_traditional,Amis_5254,0,https://glosbe.com/ami/zh/maomahay,work/reference_glosbe/amis_glosbe_traditional.xml
GLOSBE_REVIEWED_ZHO_37d8326b064baf60,"Midotim to ta'arawan ni Yis, wa pakalalok kitanan ciharateng to tao ( Nengnengen ko saka 10, 11 fatac)","沉思耶穌的榜樣會推動我們關心別人(見第10,11段)",joseph_reviewed_traditional,Amis_5257,0,https://glosbe.com/ami/zh/nengnengen,work/reference_glosbe/amis_glosbe_traditional.xml
GLOSBE_REVIEWED_ZHO_be2f024f111b54a9,Misapoener ko faloco'misalof to waywayan no niyah wa milifok to sapalemed no Kawas ( Nengnengen ko saka 8-10 fatac),謙卑地調整自己的態度就會得到上帝所賜的福(見第8-10段),joseph_reviewed_traditional,Amis_5259,0,https://glosbe.com/ami/zh/nengnengen,work/reference_glosbe/amis_glosbe_traditional.xml
GLOSBE_REVIEWED_ZHO_2787ee828bcefeb9,Kita o cecacecay tamdaw wa nga'ay mapakalalok ( Nengnengen ko saka 18 fatac),我們每個人都可以彼此鼓勵(見第18段),joseph_reviewed_traditional,Amis_5260,0,https://glosbe.com/ami/zh/nengnengen,work/reference_glosbe/amis_glosbe_traditional.xml
GLOSBE_REVIEWED_ZHO_ade6b796c0293820,"Ciharatengay ci satan mikayhid kitaana malafoay a waywayan misatakalaway a waywayan misakawasay a'icel ( Nengnengen ko 12, 13 fatac)","撒但企圖用不道德的行為、驕傲的態度、超自然力量引誘我們(見第12,13段)",joseph_reviewed_traditional,Amis_5262,0,https://glosbe.com/ami/zh/nengnengen,work/reference_glosbe/amis_glosbe_traditional.xml
GLOSBE_REVIEWED_ZHO_5acfd3e5b0b67908,Dipotan ni Yihofa ko so'linay pidoyongan caka manahol ( Nengnengen ko saka 16-18 fatac),耶和華確保正確的崇拜不受腐化(見第16-18段),joseph_reviewed_traditional,Amis_5266,0,https://glosbe.com/ami/zh/nengnengen,work/reference_glosbe/amis_glosbe_traditional.xml
GLOSBE_REVIEWED_ZHO_cc171385af3ad67c,"Ci Apraham pinaay miheca a mitala ikor nga' mahofocay ko fofo ci Isau aci Yakop ( Nengnengen ko saka 9, 10 fatac)","亞伯拉罕等待了許多年, 他的孫子以掃和雅各才出生(見第9,10段 )",joseph_reviewed_traditional,Amis_5268,0,https://glosbe.com/ami/zh/nengnengen,work/reference_glosbe/amis_glosbe_traditional.xml
GLOSBE_REVIEWED_ZHO_90273a44513cd804,"Mitosil kita to kahacecay loma' i kilac, wa ira ko toki nangra tahatengil to nga'ayay lihaf no Hongti Kitakit ( Nengnengen ko saka 14 fatac)","我們向地區裡的每一家傳道,他們才有機會聽到王國信息(見第14段)",joseph_reviewed_traditional,Amis_5269,0,https://glosbe.com/ami/zh/nengnengen,work/reference_glosbe/amis_glosbe_traditional.xml
GLOSBE_REVIEWED_ZHO_610c11ade4d9fcfe,"Hofoc han ko wawa, cowaho ka fana' to nga'ayay anca tatiihay, pasifana'en cangra ( Nengnengen ko saka 8 fatac)","孩子不會天生懂得什麼是對什麼是錯,他們還需要受到訓練(見第8段)",joseph_reviewed_traditional,Amis_5270,0,https://glosbe.com/ami/zh/nengnengen,work/reference_glosbe/amis_glosbe_traditional.xml
GLOSBE_REVIEWED_ZHO_664af43e5fcb35ee,"Ihkal mahapinang ita ko pikerid ni Kristo i saka 1 hahekalan a kasakopang ( Nengnengen ko saka 10, 11 fatac)","我們清楚看出基督在1世紀帶領會眾(見第10,11段)",joseph_reviewed_traditional,Amis_5272,0,https://glosbe.com/ami/zh/nengnengen,work/reference_glosbe/amis_glosbe_traditional.xml
GLOSBE_REVIEWED_ZHO_022bf499c5576dc9,O parihadayay a nga'ayay ratoh ko hacokap ( Nengnengen ko 9-11 fatac),和平好消息的鞋子(見第9-11段),joseph_reviewed_traditional,Amis_5274,0,https://glosbe.com/ami/zh/nengnengen,work/reference_glosbe/amis_glosbe_traditional.xml
GLOSBE_REVIEWED_ZHO_e39295d4745974d9,( Nengnengen ko saka 15 fatac),"15. 關於怎樣看待年輕的弟兄,我們從保羅的話學到什麼?",joseph_reviewed_traditional,Amis_5276,0,https://glosbe.com/ami/zh/nengnengen,work/reference_glosbe/amis_glosbe_traditional.xml
GLOSBE_REVIEWED_ZHO_d396641d9912b360,Itini paro no loma' a picekiw mihatatanam a romadiw ( Nengnengen ko saka 18 fatac),在家庭崇拜的時間練習唱詩歌(見第18段),joseph_reviewed_traditional,Amis_5277,0,https://glosbe.com/ami/zh/nengnengen,work/reference_glosbe/amis_glosbe_traditional.xml
GLOSBE_REVIEWED_ZHO_b29a90630c6d194d,( Nengnengen ko satapangan coka.) (2) Misamaanay hano cowa ka lecad ko cengel no efa?,見課文開頭的圖片)(乙)為什麼馬匹的顏色各有不同?,joseph_reviewed_traditional,Amis_5278,0,https://glosbe.com/ami/zh/nengnengen,work/reference_glosbe/amis_glosbe_traditional.xml
GLOSBE_REVIEWED_ZHO_edb6979cc3226113,"O piliso' no malohemay malitengay padamaay kitaanan minanam to taneng no Kimad no Kawas ( Nengnengen ko 18, 19 fatac)","長老的牧養探訪使我們學到上帝話語的智慧(見第18,19段)",joseph_reviewed_traditional,Amis_5279,0,https://glosbe.com/ami/zh/nengnengen,work/reference_glosbe/amis_glosbe_traditional.xml
GLOSBE_REVIEWED_ZHO_f7d25a261b216631,Wa nga'ay kita mikitini masanga'ay a maamaan mafana' to capeling no Kawas a mapa'icel ko paso'linay a faloco' ( Nengnengen ko saka 17 fatac),我們可以從受造萬物認識上帝的特質而強化信心(見第17段),joseph_reviewed_traditional,Amis_5281,0,https://glosbe.com/ami/zh/nengnengen/fragment/tmem?page=2&mode=MUST&stem=true,work/reference_glosbe/amis_glosbe_traditional.xml
GLOSBE_REVIEWED_ZHO_584fb36a8d689594,"Patahekalen ko sini'adaay to tao, padamaen i kalo romi'ad cangra ( Nengnengen ko saka 12 fatac)","你在日常生活中幫助別人,就是向人表現憐恤之心(見第12段)",joseph_reviewed_traditional,Amis_5283,0,https://glosbe.com/ami/zh/nengnengen/fragment/tmem?page=2&mode=MUST&stem=true,work/reference_glosbe/amis_glosbe_traditional.xml
GLOSBE_REVIEWED_ZHO_8da02f28280210a3,Nengnengen no mita samanay ko harateng ni Yihofa to Ninifi a tamdaw.,讓我們看看耶和華對古代尼尼微人有什麼看法。,joseph_reviewed_traditional,Amis_5285,0,https://glosbe.com/ami/zh/nengnengen/fragment/tmem?page=2&mode=MUST&stem=true,work/reference_glosbe/amis_glosbe_traditional.xml
GLOSBE_REVIEWED_ZHO_4b40370e04498f28,"O wama wina nganga'ay patireng to patosokan padama to wawa malo Krisciyang ( Nengnengen ko saka 16, 17 fatac)","父母應該要有目標幫助孩子成為基督徒(見第16,17段)",joseph_reviewed_traditional,Amis_5286,0,https://glosbe.com/ami/zh/nengnengen/fragment/tmem?page=2&mode=MUST&stem=true,work/reference_glosbe/amis_glosbe_traditional.xml
GLOSBE_REVIEWED_ZHO_364a90ee95f89b9c,Nengnengen ko tinakoan ni Alon itiniay i Skantinawiya ko kitiraan ningra.,"請看看艾倫的例子,她也住在斯堪的納維亞。",joseph_reviewed_traditional,Amis_5288,0,https://glosbe.com/ami/zh/nengnengen/fragment/tmem?page=2&mode=MUST&stem=true,work/reference_glosbe/amis_glosbe_traditional.xml
GLOSBE_REVIEWED_ZHO_a7b844d48642e8c0,Paso'lin kita papaca'of ci Yihofa to satolon ita ( Nengnengen ko saka 18 fatac),我們可以確信耶和華會回應我們的禱告(見第18段),joseph_reviewed_traditional,Amis_5289,0,https://glosbe.com/ami/zh/nengnengen/fragment/tmem?page=2&mode=MUST&stem=true,work/reference_glosbe/amis_glosbe_traditional.xml
GLOSBE_REVIEWED_ZHO_4815a77fdd5146f2,( Nengnengen ko saka 8-11 fatac),9. 什麼工具幫助你更有效地研讀?,joseph_reviewed_traditional,Amis_5291,0,https://glosbe.com/ami/zh/nengnengen/fragment/tmem?page=2&mode=MUST&stem=true,work/reference_glosbe/amis_glosbe_traditional.xml
GLOSBE_REVIEWED_ZHO_c687cbbb6caf4eae,O moecelay a satada to falohang ( Nengnengen ko 6-8 fatac),正義的胸甲(見第6-8段),joseph_reviewed_traditional,Amis_5293,0,https://glosbe.com/ami/zh/nengnengen/fragment/tmem?page=2&mode=MUST&stem=true,work/reference_glosbe/amis_glosbe_traditional.xml
GLOSBE_REVIEWED_ZHO_6af87e921ce48032,"Mitokelay ci Yihofa kitaanan ira ko nga'ayay a widang, patireng to no'adingoan a patosokan ( Nengnengen ko saka 9-12 fatac)","耶和華希望我們擁有良朋益友,並定下屬靈目標(見第9-12段)",joseph_reviewed_traditional,Amis_5294,0,https://glosbe.com/ami/zh/nengnengen/fragment/tmem?page=2&mode=MUST&stem=true,work/reference_glosbe/amis_glosbe_traditional.xml
GLOSBE_REVIEWED_ZHO_198019c2c4f9a844,Sakalidong a kafong ( Nengnengen ko 15-18 fatac),救恩的頭盔(見第15-18段),joseph_reviewed_traditional,Amis_5295,0,https://glosbe.com/ami/zh/nengnengen/fragment/tmem?page=2&mode=MUST&stem=true,work/reference_glosbe/amis_glosbe_traditional.xml
GLOSBE_REVIEWED_ZHO_72dac9b1cc2358e2,Misawidang to mato'asay salikaka wa patanektek to pakaso'linay faloco' no miso ( Nengnengen saka 11 fatac),跟年長的人做朋友會讓你信心堅定(見第11段),joseph_reviewed_traditional,Amis_5296,0,https://glosbe.com/ami/zh/nengnengen/fragment/tmem?page=2&mode=MUST&stem=true,work/reference_glosbe/amis_glosbe_traditional.xml
GLOSBE_REVIEWED_ZHO_9acdf015fbc0c858,"Micerid kita misimsim to safalodo no Fangcalay Cudad, wa nga'ayto tadi'ecen ko makapahay faloco' ( Nengnengen ko 16 fatac)","我們經常思考聖經原則,良心會變得更加可靠(見第16段)",joseph_reviewed_traditional,Amis_5297,0,https://glosbe.com/ami/zh/nengnengen/fragment/tmem?page=2&mode=MUST&stem=true,work/reference_glosbe/amis_glosbe_traditional.xml
GLOSBE_REVIEWED_ZHO_94546689c487f244,"O sikawdan ni Yihofa micangacangay to ""mikitiniay fafekang a taneng"", hato makelecay a malacecay ( Nengnengen ko saka 19 fatac)","耶和華的僕人尋求“從上頭來的智慧”,因愛而團結一致(見第19段)",joseph_reviewed_traditional,Amis_5298,0,https://glosbe.com/ami/zh/nengnengen/fragment/tmem?page=2&mode=MUST&stem=true,work/reference_glosbe/amis_glosbe_traditional.xml
GLOSBE_REVIEWED_ZHO_05a3549bf787e222,"O tikami no tarokos pakalalokay to saka cecay hahekalan a kasakopang, kita anini wa nga'ay mikitira milifok to sapakalalok ( Nengnengen ko saka 12-17 fatac)","使徒的書信鼓勵了1世紀的會眾,今天我們也能從中得到鼓勵(見第12-17段)",joseph_reviewed_traditional,Amis_5299,0,https://glosbe.com/ami/zh/nengnengen/fragment/tmem?page=2&mode=MUST&stem=true,work/reference_glosbe/amis_glosbe_traditional.xml
GLOSBE_REVIEWED_ZHO_3feb4a0091b845ee,"Nengnengen ko Mikecolay, 1988/11/1, ""Salicay no Mi'osiay Tamdaw.""",請看《守望臺》1988年11月1日刊“讀者來函”。,joseph_reviewed_traditional,Amis_5300,0,https://glosbe.com/ami/zh/nengnengen/fragment/tmem?page=2&mode=MUST&stem=true,work/reference_glosbe/amis_glosbe_traditional.xml
GLOSBE_REVIEWED_ZHO_555fb98a5339e1af,"( Nengnengen ko sapatongal lalakaw ""O Sakacakat i No'adingoan a Pakayraan"")",見附欄“在屬靈方面進步的方法”),joseph_reviewed_traditional,Amis_5302,0,https://glosbe.com/ami/zh/nengnengen/fragment/tmem?page=2&mode=MUST&stem=true,work/reference_glosbe/amis_glosbe_traditional.xml
GLOSBE_REVIEWED_ZHO_4238ac8212c39667,"Nengnengen ko Mikecolay 2010/11/1, ""Todongen ci Yis Mihinom to Mapatayay ko Salawina a Tamdaw."" (no Kowaping)","另見《守望臺》2010年11月1日刊《效法耶穌,安慰喪親的人》一文。",joseph_reviewed_traditional,Amis_5303,0,https://glosbe.com/ami/zh/nengnengen/fragment/tmem?page=2&mode=MUST&stem=true,work/reference_glosbe/amis_glosbe_traditional.xml
GLOSBE_REVIEWED_ZHO_2519a8b0bfc70c9d,( Nengnengen ko satapangan coka.) (2) Oniya lalakaw wa milengo to maanan?,見課文開頭的圖片)(乙)本篇課文會討論什麼?,joseph_reviewed_traditional,Amis_5304,0,https://glosbe.com/ami/zh/nengnengen/fragment/tmem?page=2&mode=MUST&stem=true,work/reference_glosbe/amis_glosbe_traditional.xml
GLOSBE_REVIEWED_ZHO_49fc0bc45584819e,O paso'lin no faloco' a ta'angayay sapatada ( Nengnengen ko 12-14 fatac),信心的大盾牌(見第12-14段),joseph_reviewed_traditional,Amis_5306,0,https://glosbe.com/ami/zh/nengnengen/fragment/tmem?page=3&mode=MUST&stem=true,work/reference_glosbe/amis_glosbe_traditional.xml
GLOSBE_REVIEWED_ZHO_010a1c17c270f9cc,"Ano paka'met kita to keter i, o mamisamaan mifiyor to mitosilay demak ita ( Nengnengen ko saka 14 a fatac)","我們保持冷靜還是沖動易怒,可能會直接或間接地影響到傳道工作(見第14段)",joseph_reviewed_traditional,Amis_5307,0,https://glosbe.com/ami/zh/nengnengen/fragment/tmem?page=3&mode=MUST&stem=true,work/reference_glosbe/amis_glosbe_traditional.xml
GLOSBE_REVIEWED_ZHO_217084ed071be81c,"O cecay pakayraan a patahekal to olah ato hinapalada'ay i, ano ira ko saali no salikaka padangen cangra ( Nengnengen ko saka 12 fatac)","我們表現愛心和慷慨的方法之一,就是在弟兄姊妹有需要時幫助他們(見第12段)",joseph_reviewed_traditional,Amis_5311,0,https://glosbe.com/ami/zh/nengnengen/fragment/tmem?page=3&mode=MUST&stem=true,work/reference_glosbe/amis_glosbe_traditional.xml
GLOSBE_REVIEWED_ZHO_74ab24f1e993cc16,"Misalimelaan ni Yihofa ko madimadiay tamdaw ( Nengnengen ko saka 14, 15 fatac)","耶和華珍視堅守忠義的人(見第14,15段)",joseph_reviewed_traditional,Amis_5312,0,https://glosbe.com/ami/zh/nengnengen/fragment/tmem?page=3&mode=MUST&stem=true,work/reference_glosbe/amis_glosbe_traditional.xml
GLOSBE_REVIEWED_ZHO_7965cf629a7196ab,( Nengnengen ko saka 11 fatac),11. 威克里夫聖經帶來什麼影響?,joseph_reviewed_traditional,Amis_5313,0,https://glosbe.com/ami/zh/nengnengen/fragment/tmem?page=3&mode=MUST&stem=true,work/reference_glosbe/amis_glosbe_traditional.xml
GLOSBE_REVIEWED_ZHO_030a45fc6504e779,"Cowa ka falahen ni Yihofa ci Yosif, cowa ko mamifalah tisowanan ( Nengnengen ko saka 13 fatac)","耶和華沒有舍棄約瑟,他也不會舍棄你(見第13段)",joseph_reviewed_traditional,Amis_5314,0,https://glosbe.com/ami/zh/nengnengen/fragment/tmem?page=3&mode=MUST&stem=true,work/reference_glosbe/amis_glosbe_traditional.xml
GLOSBE_REVIEWED_ZHO_d879588c750aef6a,Nengnengen ko laenoay lalakaw wa mafana' to ca'of.,看看下篇課文就會知道答案了。,joseph_reviewed_traditional,Amis_5315,0,https://glosbe.com/ami/zh/nengnengen/fragment/tmem?page=3&mode=MUST&stem=true,work/reference_glosbe/amis_glosbe_traditional.xml
GLOSBE_REVIEWED_ZHO_facf85570659eff0,( Nengnengen ko FANGCALAY CUDAD ato KA'ORIP > KAPAH.),請點選:“聖經與生活”>“青少年”)或參看《警醒!》,joseph_reviewed_traditional,Amis_5317,0,https://glosbe.com/ami/zh/nengnengen/fragment/tmem?page=3&mode=MUST&stem=true,work/reference_glosbe/amis_glosbe_traditional.xml
GLOSBE_REVIEWED_ZHO_88193f90fd3b583c,Fonos no fangcalay saocor ( Nengnengen ko 19-20 fatac),"聖靈的劍(見第19,20段)",joseph_reviewed_traditional,Amis_5318,0,https://glosbe.com/ami/zh/nengnengen/fragment/tmem?page=3&mode=MUST&stem=true,work/reference_glosbe/amis_glosbe_traditional.xml
GLOSBE_REVIEWED_ZHO_4fcb2c686bf87b7a,Faelohay a mararamoday tataha si'ayaw to manan a roray?,"結婚後,夫妻倆可能會在哪些方面身受患難?",joseph_reviewed_traditional,Amis_5323,0,https://glosbe.com/ami/zh/roray,work/reference_glosbe/amis_glosbe_traditional.xml
GLOSBE_REVIEWED_ZHO_6198e1491f2d522a,"Mankora, pakaynien i pitolon a mifowah to somad ato roray no faloco'.","所以,要通過禱告向他傾訴心裡的悲痛。",joseph_reviewed_traditional,Amis_5327,0,https://glosbe.com/ami/zh/roray,work/reference_glosbe/amis_glosbe_traditional.xml
GLOSBE_REVIEWED_ZHO_04ee5d26d5700c4b,"6 Mahecaday toni, pafeliay ko misanga'ay Tatapangan to sarikec Ningra, padama kitaanan miliyas to sakararawaw a macada ko roray, halo pisalof to ka'orip no mita.","6 類似地,創造主賜下他的律法,幫助我們避免犯罪而嘗到苦果,也幫助我們改善生活。",joseph_reviewed_traditional,Amis_5328,0,https://glosbe.com/ami/zh/roray,work/reference_glosbe/amis_glosbe_traditional.xml
GLOSBE_REVIEWED_ZHO_72d21ca014035485,Nanay maherekto.,幽暗何時終結?,joseph_reviewed_traditional,Amis_5332,0,https://glosbe.com/ami/zh/Nanay,work/reference_glosbe/amis_glosbe_traditional.xml
GLOSBE_REVIEWED_ZHO_f05abc66ec528e1a,"So'lin ano caka pasowal cangra, latek mamatira ci Tafitian ko harateng nangra: ' Nanay pahemeken no tamdaw kiso to nika citanengay kiso!'","即使別人沒有說出口,說不定他們很想對我們說:“願人贊賞你明白事理。”",joseph_reviewed_traditional,Amis_5333,0,https://glosbe.com/ami/zh/Nanay,work/reference_glosbe/amis_glosbe_traditional.xml
GLOSBE_REVIEWED_ZHO_a80169563dd3c116,"Nanay masawacay a palihaf,","願為你作見證傳好消息,",joseph_reviewed_traditional,Amis_5337,0,https://glosbe.com/ami/zh/Nanay,work/reference_glosbe/amis_glosbe_traditional.xml
GLOSBE_REVIEWED_ZHO_0c0025b56346d316,""" Nanay damaen ni Yihofa kiso, pa'icelen Ningra kiso.""","“失去摯愛對你來說一定是很大的打擊,願耶和華幫助你走出哀傷的陰霾。”",joseph_reviewed_traditional,Amis_5338,0,https://glosbe.com/ami/zh/Nanay,work/reference_glosbe/amis_glosbe_traditional.xml
GLOSBE_REVIEWED_ZHO_c0e2648e42799990,21 ' Nanay Pahemeken no Tamdaw Kiso to Nika Citanengay Kiso!',21頁 “願人贊賞你明白事理”,joseph_reviewed_traditional,Amis_5339,0,https://glosbe.com/ami/zh/Nanay,work/reference_glosbe/amis_glosbe_traditional.xml
GLOSBE_REVIEWED_ZHO_ded7f57812d7e1eb,Nanay Patimoloen Kami,求你賜我們勇氣,joseph_reviewed_traditional,Amis_5348,0,https://glosbe.com/ami/zh/Nanay,work/reference_glosbe/amis_glosbe_traditional.xml
GLOSBE_REVIEWED_ZHO_f09b3d88cc6c0ae3,""" Nanay Palahecien Ningra ko Nisahalakaan Iso Maemin""",願他實現你的所有計劃,joseph_reviewed_traditional,Amis_5349,0,https://glosbe.com/ami/zh/Nanay,work/reference_glosbe/amis_glosbe_traditional.xml
GLOSBE_REVIEWED_ZHO_b154afba3030d383,"Sakaliki sa kako mitoro' to roma salikaka papiliyaw a paca'of — nanay matatodongayto kora ca'of ningra.""","我趕快請另一個弟兄再回答一次,嗯......希望他的答案是正確的。”",joseph_reviewed_traditional,Amis_5350,0,https://glosbe.com/ami/zh/Nanay,work/reference_glosbe/amis_glosbe_traditional.xml
GLOSBE_REVIEWED_ZHO_9a9230c04ab88fe2,Nanay misa'icel kita minanam misaka dademak toniya lalosidan.,傳道員可以決定在什麼時候、使用工具箱裡的哪一個工具教導人真理。,joseph_reviewed_traditional,Amis_5351,0,https://glosbe.com/ami/zh/Nanay,work/reference_glosbe/amis_glosbe_traditional.xml
GLOSBE_REVIEWED_ZHO_6d9e782b4627e7b4,"Nanay miliyaw Manengneng cangra,",是否有一天能夠再重逢?,joseph_reviewed_traditional,Amis_5352,0,https://glosbe.com/ami/zh/Nanay,work/reference_glosbe/amis_glosbe_traditional.xml
GLOSBE_REVIEWED_ZHO_b8f8c29dfc0f271d,"18 So'lin cowa ko malefotay kita, kawrira papihodopan ni Yihofa kita i Cingraan, mafana' tonini ta'angayay ko pakalalok kitaanan.","18 我們雖然不完美,耶和華卻讓我們事奉他,知道這點真的很鼓勵我們。",joseph_reviewed_traditional,Amis_5361,0,https://glosbe.com/ami/zh/tonini,work/reference_glosbe/amis_glosbe_traditional.xml
GLOSBE_REVIEWED_ZHO_f545f6edecf841e9,"18 'Ayaw no kinafalah ci Yis to'orip, na pasowalay to nisawawaan, o wawa no tamdaw "" tolo a romi'ad, tolo a dadaya i laloma' no sera.""","18 耶穌在犧牲生命前曾對門徒說,人子“會在地裡三日三夜”。",joseph_reviewed_traditional,Amis_5364,0,https://glosbe.com/ami/zh/Tolo,work/reference_glosbe/amis_glosbe_traditional.xml
GLOSBE_REVIEWED_ZHO_efa166b1517849db,(2) Oniya lalakaw wa milengo to manan a tolo a salicay?,乙)本篇課文會談談哪三個問題?,joseph_reviewed_traditional,Amis_5370,0,https://glosbe.com/ami/zh/Tolo,work/reference_glosbe/amis_glosbe_traditional.xml
GLOSBE_REVIEWED_ZHO_2995d80dce05b672,(2) Wa milengo kita to maanan a tolo salicay?,乙)我們會討論哪三個問題?,joseph_reviewed_traditional,Amis_5372,0,https://glosbe.com/ami/zh/Tolo,work/reference_glosbe/amis_glosbe_traditional.xml
GLOSBE_REVIEWED_ZHO_dc1bf28d0edff785,Oniya lalakaw wa milengo to tolo a salicay: Hano mana'ay ci Yis mirienang to misatekeday a demak hani?,這篇課文會討論三個問題:為什麼耶穌拒絕參與任何獨立運動?,joseph_reviewed_traditional,Amis_5373,0,https://glosbe.com/ami/zh/Tolo,work/reference_glosbe/amis_glosbe_traditional.xml
GLOSBE_REVIEWED_ZHO_7638c7b0b143f4fb,Oniya lalakaw wa milengo to tolo a salicay: Samaanay ci Satan milipalaw to tamdaw?,本篇課文會討論以下三個問題:撒但怎樣欺騙人?,joseph_reviewed_traditional,Amis_5374,0,https://glosbe.com/ami/zh/Tolo,work/reference_glosbe/amis_glosbe_traditional.xml
GLOSBE_REVIEWED_ZHO_a9171d0606a652a1,"O maanan ko ma'araway ni Pawlo a ""saka tolo tingloh a kakarayan""?",保羅看見的“三重天”是什麼?,joseph_reviewed_traditional,Amis_5375,0,https://glosbe.com/ami/zh/Tolo,work/reference_glosbe/amis_glosbe_traditional.xml
GLOSBE_REVIEWED_ZHO_32df16131a0465ae,"12 ""Kihatiyaen a Tomangic ko Tomangicay a Tamdaw""",12頁 和哭泣的人一同哭泣,joseph_reviewed_traditional,Amis_5376,0,https://glosbe.com/ami/zh/tomangic,work/reference_glosbe/amis_glosbe_traditional.xml
GLOSBE_REVIEWED_ZHO_cfc629f817b6083d,"""Kihatiyaen a Tomangic ko Tomangicay a Tamdaw""",和哭泣的人一同哭泣,joseph_reviewed_traditional,Amis_5377,0,https://glosbe.com/ami/zh/tomangic,work/reference_glosbe/amis_glosbe_traditional.xml
GLOSBE_REVIEWED_ZHO_971f75da1797a8a5,Tengilen ci Yihofa.,要衷心服從上帝。,joseph_reviewed_traditional,Amis_5380,0,https://glosbe.com/ami/zh/tengilen,work/reference_glosbe/amis_glosbe_traditional.xml
GLOSBE_REVIEWED_ZHO_91897bc907b9fd38,Tengilen ko limo'ot nangra.,他們勸告要用心聆聽。,joseph_reviewed_traditional,Amis_5381,0,https://glosbe.com/ami/zh/tengilen,work/reference_glosbe/amis_glosbe_traditional.xml
GLOSBE_REVIEWED_ZHO_c48a6730207508bc,Mahemekay mitengil,多開心能夠看到,joseph_reviewed_traditional,Amis_5388,0,https://glosbe.com/ami/zh/mitengil,work/reference_glosbe/amis_glosbe_traditional.xml
GLOSBE_REVIEWED_ZHO_f70aee9b9e20b015,"Matira o sapali'ayaw no Fangcalay Cudad, ci Yihofa naitiniay i'kasakitakit, kasangasaw, kasafinacadan' palisopsop to'alomanay a tamdaw, o ""masasi romaromaay ko sowal nangra,"" mala o ""ci'icelay a kitakit "", mata'lifayto ko 800 a'ofad ko ka'aloman nangra.","正如聖經預告,耶和華從“所有國族、部族、民族、語言”中召集一大群人,他們組成了一個“強盛”的國,人數已經超過八百萬。",joseph_reviewed_traditional,Amis_5396,0,https://glosbe.com/ami/zh/kitakit,work/reference_glosbe/amis_glosbe_traditional.xml
GLOSBE_REVIEWED_ZHO_e61b3b2ab39c71a6,Malikaf mana'ay to Hongti Kitakit.,"嘲笑耶和華,不接受他的王國。",joseph_reviewed_traditional,Amis_5405,0,https://glosbe.com/ami/zh/kitakit,work/reference_glosbe/amis_glosbe_traditional.xml
GLOSBE_REVIEWED_ZHO_4abf85294f73d69a,Kitakit no Kawas,"王國已經誕生,",joseph_reviewed_traditional,Amis_5412,0,https://glosbe.com/ami/zh/kitakit,work/reference_glosbe/amis_glosbe_traditional.xml
GLOSBE_REVIEWED_ZHO_bc78e809907ee0b4,"Tomirengto ko Hongti a Kitakit,","末世徵象表明王國已建立,",joseph_reviewed_traditional,Amis_5417,0,https://glosbe.com/ami/zh/kitakit,work/reference_glosbe/amis_glosbe_traditional.xml
GLOSBE_REVIEWED_ZHO_e873bc8f1f7e66cb,"Kitakit no Kawas,",一同歡樂宣告:,joseph_reviewed_traditional,Amis_5426,0,https://glosbe.com/ami/zh/kitakit/fragment/tmem?page=2&mode=MUST&stem=true,work/reference_glosbe/amis_glosbe_traditional.xml
GLOSBE_REVIEWED_ZHO_5d71f42ee7d239d5,"Saka 1943 miheca, Misawacayay Tamdaw ni Yihofa paca'elayay to paya i tireng a romakat i lalan, misinting to ""Pasalatay a Kitakit "" a taykay i 12 naniyaro'an.","1943年,墨西哥的耶和華見證人掛著三明治牌上街,為將在12個不同城市舉行的“自由的國家”神治大會作宣傳。",joseph_reviewed_traditional,Amis_5429,0,https://glosbe.com/ami/zh/kitakit/fragment/tmem?page=2&mode=MUST&stem=true,work/reference_glosbe/amis_glosbe_traditional.xml
GLOSBE_REVIEWED_ZHO_b829e5deabfc2a98,"Ikorto, padotocay ci Rihopoam a mikowan to katimolay a Yutaya Kitakit.","後來,羅波安繼續統治南方的猶大國。",joseph_reviewed_traditional,Amis_5431,0,https://glosbe.com/ami/zh/kitakit/fragment/tmem?page=2&mode=MUST&stem=true,work/reference_glosbe/amis_glosbe_traditional.xml
GLOSBE_REVIEWED_ZHO_b3bb5dd5356a9113,"Palosiyang to Hongti Kitakit,","王國的信息要勇敢宣揚,",joseph_reviewed_traditional,Amis_5437,0,https://glosbe.com/ami/zh/kitakit/fragment/tmem?page=2&mode=MUST&stem=true,work/reference_glosbe/amis_glosbe_traditional.xml
GLOSBE_REVIEWED_ZHO_baadeb845c3111cb,"Kitakit no Kawas,",勇敢向人傳揚,joseph_reviewed_traditional,Amis_5438,0,https://glosbe.com/ami/zh/kitakit/fragment/tmem?page=2&mode=MUST&stem=true,work/reference_glosbe/amis_glosbe_traditional.xml
GLOSBE_REVIEWED_ZHO_803513c793ba1b3f,"Isaka 1937 miheca, itiniay i kitakit no Kirekistan a Tokmok, pipolongan a nociyo a hofocen kako.","1937年,我在吉爾吉斯斯坦(吉爾吉斯)托克馬克附近的集體農場出生。",joseph_reviewed_traditional,Amis_5444,0,https://glosbe.com/ami/zh/kitakit/fragment/tmem?page=3&mode=MUST&stem=true,work/reference_glosbe/amis_glosbe_traditional.xml
GLOSBE_REVIEWED_ZHO_c105734b92de46ac,"O Hongti a Kitakit,","王國信息要宣揚,",joseph_reviewed_traditional,Amis_5445,0,https://glosbe.com/ami/zh/kitakit/fragment/tmem?page=3&mode=MUST&stem=true,work/reference_glosbe/amis_glosbe_traditional.xml
GLOSBE_REVIEWED_ZHO_87169cf521f20d90,Mitenak to Kitakit.,"宣揚王國好消息,",joseph_reviewed_traditional,Amis_5446,0,https://glosbe.com/ami/zh/kitakit/fragment/tmem?page=3&mode=MUST&stem=true,work/reference_glosbe/amis_glosbe_traditional.xml
GLOSBE_REVIEWED_ZHO_873f6e161b4d88a9,to Hongti Kitakit.,要將王國好消息傳遍四境。,joseph_reviewed_traditional,Amis_5450,0,https://glosbe.com/ami/zh/kitakit/fragment/tmem?page=3&mode=MUST&stem=true,work/reference_glosbe/amis_glosbe_traditional.xml
GLOSBE_REVIEWED_ZHO_1059ef85d1382975,Dopoen ko Hongti a Kitakit.,"決心擁護王國,堅定不移。",joseph_reviewed_traditional,Amis_5451,0,https://glosbe.com/ami/zh/kitakit/fragment/tmem?page=3&mode=MUST&stem=true,work/reference_glosbe/amis_glosbe_traditional.xml
GLOSBE_REVIEWED_ZHO_ce439f28ac776557,"1-3. (1) Mala pairasoray ci Cikariya i, samaanay ko pakayraan no kitakit no Israil tamdaw?","1-3.( 甲)撒迦利亞奉差做先知時,以色列人的情況如何?(",joseph_reviewed_traditional,Amis_5452,0,https://glosbe.com/ami/zh/kitakit/fragment/tmem?page=3&mode=MUST&stem=true,work/reference_glosbe/amis_glosbe_traditional.xml
GLOSBE_REVIEWED_ZHO_0ac305f9c63be4ef,Fonos no fangcalay saocor (Nengnengen ko 19-20 fatac),"聖靈的劍(見第19,20段)",joseph_reviewed_traditional,Amis_5457,0,https://glosbe.com/ami/zh/fonos,work/reference_glosbe/amis_glosbe_traditional.xml
GLOSBE_REVIEWED_ZHO_8680a5059589abd2,O sakalidong a tokel hano mahecad to kafong hani?,為什麼得救的希望像頭盔?,joseph_reviewed_traditional,Amis_5476,0,https://glosbe.com/ami/zh/kafong,work/reference_glosbe/amis_glosbe_traditional.xml
GLOSBE_REVIEWED_ZHO_4d4dd1e5cb4da5c5,Sakalidong a kafong (Nengnengen ko 15-18 fatac),救恩的頭盔(見第15-18段),joseph_reviewed_traditional,Amis_5477,0,https://glosbe.com/ami/zh/kafong,work/reference_glosbe/amis_glosbe_traditional.xml
GLOSBE_REVIEWED_ZHO_e373b3b5cafa958b,"Itiya, ci Yosif, "" makapahay, tanektekay ko tireng,"" maimahay ko fafahi ni Potifar, sapidi'iaw cingranan.","當時,波提乏的妻子看上了“身材挺秀,容貌俊美”的約瑟,並且再三勾引他。",joseph_reviewed_traditional,Amis_5482,0,https://glosbe.com/ami/zh/Makapahay,work/reference_glosbe/amis_glosbe_traditional.xml
GLOSBE_REVIEWED_ZHO_a40be7d508ad63be,O makapahay faloco' hano mahecad to lasingfang hani?,為什麼說良心就像指南針?,joseph_reviewed_traditional,Amis_5485,0,https://glosbe.com/ami/zh/Makapahay,work/reference_glosbe/amis_glosbe_traditional.xml
GLOSBE_REVIEWED_ZHO_e7dabc23f1290c52,"Micerid kita misimsim to safalodo no Fangcalay Cudad, wa nga'ayto tadi'ecen ko makapahay faloco' (Nengnengen ko 16 fatac)","我們經常思考聖經原則,良心會變得更加可靠(見第16段)",joseph_reviewed_traditional,Amis_5486,0,https://glosbe.com/ami/zh/Makapahay,work/reference_glosbe/amis_glosbe_traditional.xml
GLOSBE_REVIEWED_ZHO_e155f71efcf4870f,"Sida'itay ci Yihofa misaday to sarikec ato safalod, padama kitaanan misalof to makapahay faloco' ato mitoor to pakayraan Ningra minengneng to demak.","耶和華很有愛心,賜下律法和原則幫助我們引導自己的良心,並學會用他的觀點看事情。",joseph_reviewed_traditional,Amis_5489,1,https://glosbe.com/ami/zh/Makapahay,work/reference_glosbe/amis_glosbe_traditional.xml
GLOSBE_REVIEWED_ZHO_f65f2dae1a7a34b4,"Latekay, maherek mangolaw ko tamdaw i, wa halafinayto a matoled ko faloco'.","有時,人大發脾氣後可能會長期感到沮喪。",joseph_reviewed_traditional,Amis_5496,0,https://glosbe.com/ami/zh/Maherek,work/reference_glosbe/amis_glosbe_traditional.xml
GLOSBE_REVIEWED_ZHO_6bc4b90be4bfab0c,Oniya tosa lalakaw papadama kitaanan mihapinang to pirikec ni Yihofa paihekalay to maolahay Cingra kitaanan.,"這兩篇課文會幫助我們更明白,耶和華施行管教表明他深愛我們。",joseph_reviewed_traditional,Amis_5509,0,https://glosbe.com/ami/zh/Tosa,work/reference_glosbe/amis_glosbe_traditional.xml
GLOSBE_REVIEWED_ZHO_9f3c59c9bd1d048c,"Kinapinaay ci Toni a mi'osi toniya tosa cudad, lotlot sanayto koniya cudad.","托尼讀了那兩本冊子很多遍,把冊子都翻到皺了。",joseph_reviewed_traditional,Amis_5510,0,https://glosbe.com/ami/zh/Tosa,work/reference_glosbe/amis_glosbe_traditional.xml
GLOSBE_REVIEWED_ZHO_023e46a3ec112d90,"(2) Pakayni toniya tosa casi, cacipinang kita to maanan hani?","(甲)我們的雜誌是為了什麼目的而設計的?( 乙)關於這兩份雜誌,我們需要了解什麼?",joseph_reviewed_traditional,Amis_5511,0,https://glosbe.com/ami/zh/Tosa,work/reference_glosbe/amis_glosbe_traditional.xml
GLOSBE_REVIEWED_ZHO_81647e5b29ef657f,"Oniya tosa lalakaw wa mitadtad to, midofdof to Kawas hano o citanengay a demak.","這兩篇課文會說明,為什麼聽從上帝是明智之舉。",joseph_reviewed_traditional,Amis_5520,0,https://glosbe.com/ami/zh/Tosa,work/reference_glosbe/amis_glosbe_traditional.xml
GLOSBE_REVIEWED_ZHO_195f0b6ffaca3855,15 Misamaanay hano makahi mihadidi a mitala ci Tafiti hani?,15 為什麼大衛願意耐心等候呢?,joseph_reviewed_traditional,Amis_5530,0,https://glosbe.com/ami/zh/mitala,work/reference_glosbe/amis_glosbe_traditional.xml
GLOSBE_REVIEWED_ZHO_f03bd48fd6a51c0b,"18 Kita kahacecay tamdaw, o mamihadidi a mitala.",18 我們每一個人都需要耐心等候。,joseph_reviewed_traditional,Amis_5532,0,https://glosbe.com/ami/zh/mitala,work/reference_glosbe/amis_glosbe_traditional.xml
GLOSBE_REVIEWED_ZHO_9e13ba5a367d02ed,"Fanekfeken mitala ci Yihofa,","熱切期盼耶和華採取行動,",joseph_reviewed_traditional,Amis_5535,0,https://glosbe.com/ami/zh/mitala,work/reference_glosbe/amis_glosbe_traditional.xml
GLOSBE_REVIEWED_ZHO_97a85b414d7b898c,Misamaan kita mihadidi a mitala hani?,我們可以怎樣幫助自己耐心等候?,joseph_reviewed_traditional,Amis_5537,0,https://glosbe.com/ami/zh/mitala,work/reference_glosbe/amis_glosbe_traditional.xml
GLOSBE_REVIEWED_ZHO_d0bdf61b4b9a4f14,"Pakayni sapi'acaaw to so'linay kimad, wa pasadak kita to maanan a lima sapi'aca?","為了“買”真理,我們需要付出哪 五 種代價?",joseph_reviewed_traditional,Amis_5539,0,https://glosbe.com/ami/zh/Lima,work/reference_glosbe/amis_glosbe_traditional.xml
GLOSBE_REVIEWED_ZHO_c4c11864aec2682f,Pafelian noniya mararamoday cingra to tosa kihpicay a cudad—Pipowalan no'Orip—Sasimsimen a Lima Salicay ato Namisanga'an ko'orip han?,這對夫妻給他兩本冊子《生命的起源——值得思考的 五 個問題》和《生命來自創造嗎?》。,joseph_reviewed_traditional,Amis_5540,0,https://glosbe.com/ami/zh/Lima,work/reference_glosbe/amis_glosbe_traditional.xml
GLOSBE_REVIEWED_ZHO_2b7e2eb9db4c5a47,"'Acaen ko So'linay Kimad, Hamaan Pa'acaen","“要買真理,不可賣出”",joseph_reviewed_traditional,Amis_5549,0,https://glosbe.com/ami/zh/kimad,work/reference_glosbe/amis_glosbe_traditional.xml
GLOSBE_REVIEWED_ZHO_7aa6ac613eb28478,11 Pasifana' Kita to So'linay Kimad,11 我們要教導人真理,joseph_reviewed_traditional,Amis_5565,0,https://glosbe.com/ami/zh/kimad,work/reference_glosbe/amis_glosbe_traditional.xml
GLOSBE_REVIEWED_ZHO_2528947434c588d5,"3 'Acaen ko So'linay Kimad, Hamaan Pa'acaen","3 “要買真理,不可賣出”",joseph_reviewed_traditional,Amis_5566,0,https://glosbe.com/ami/zh/kimad/fragment/tmem?page=2&mode=MUST&stem=true,work/reference_glosbe/amis_glosbe_traditional.xml
GLOSBE_REVIEWED_ZHO_2d77b1b709ef0ea4,Pasifana' Kita to So'linay Kimad,我們要教導人真理,joseph_reviewed_traditional,Amis_5571,0,https://glosbe.com/ami/zh/kimad/fragment/tmem?page=2&mode=MUST&stem=true,work/reference_glosbe/amis_glosbe_traditional.xml
GLOSBE_REVIEWED_ZHO_ee825729375fbaa0,"Nano kaemangho pasifana'anto no wama to kimad, pakarongayho micadaayto to ino'.","他們兄弟倆從小受爸爸教導、學習真理,青少年時期就受了浸。",joseph_reviewed_traditional,Amis_5573,0,https://glosbe.com/ami/zh/kimad/fragment/tmem?page=2&mode=MUST&stem=true,work/reference_glosbe/amis_glosbe_traditional.xml
GLOSBE_REVIEWED_ZHO_fc813e7429f63e81,"Misa'icel a micekiw to kimad no Kawas, misimsim to ma'osiay a lalakaw","認真研讀上帝的話語,仔細想想所讀的內容",joseph_reviewed_traditional,Amis_5575,0,https://glosbe.com/ami/zh/kimad/fragment/tmem?page=2&mode=MUST&stem=true,work/reference_glosbe/amis_glosbe_traditional.xml
GLOSBE_REVIEWED_ZHO_4a77d04a9c91492c,"O So'linay Kimad, ""Caay ko Pararihadayay, O Pafangafangay""","真理“不是要帶來和平,而是要帶來刀劍”",joseph_reviewed_traditional,Amis_5583,0,https://glosbe.com/ami/zh/kimad/fragment/tmem?page=2&mode=MUST&stem=true,work/reference_glosbe/amis_glosbe_traditional.xml
GLOSBE_REVIEWED_ZHO_f4734a0407c72174,Palahaden ko olah to kimad no Kawas hano o masakalimelaan aki?,為什麼培養對上帝話語的愛很重要?,joseph_reviewed_traditional,Amis_5584,0,https://glosbe.com/ami/zh/kimad/fragment/tmem?page=2&mode=MUST&stem=true,work/reference_glosbe/amis_glosbe_traditional.xml
GLOSBE_REVIEWED_ZHO_b1d995158ade9001,Pakapapotalay Kimad Mitenakay to Nga'ayay a Lihaf i Aielan,好消息通過公眾演講傳遍愛爾蘭,joseph_reviewed_traditional,Amis_5585,0,https://glosbe.com/ami/zh/kimad/fragment/tmem?page=2&mode=MUST&stem=true,work/reference_glosbe/amis_glosbe_traditional.xml
GLOSBE_REVIEWED_ZHO_a9dda6d63de46409,"O piliso' no malohemay malitengay padamaay kitaanan minanam to taneng no Kimad no Kawas (Nengnengen ko 18, 19 fatac)","長老的牧養探訪使我們學到上帝話語的智慧(見第18,19段)",joseph_reviewed_traditional,Amis_5589,0,https://glosbe.com/ami/zh/kimad/fragment/tmem?page=2&mode=MUST&stem=true,work/reference_glosbe/amis_glosbe_traditional.xml
GLOSBE_REVIEWED_ZHO_29dcfa48464db681,"Tedian no kimad,","看見真理之光,",joseph_reviewed_traditional,Amis_5592,0,https://glosbe.com/ami/zh/kimad/fragment/tmem?page=3&mode=MUST&stem=true,work/reference_glosbe/amis_glosbe_traditional.xml
GLOSBE_REVIEWED_ZHO_010c1bdc8b827a13,Cicengo'ay ko kimad.,"讓真理髮芽心田,",joseph_reviewed_traditional,Amis_5594,0,https://glosbe.com/ami/zh/kimad/fragment/tmem?page=3&mode=MUST&stem=true,work/reference_glosbe/amis_glosbe_traditional.xml
GLOSBE_REVIEWED_ZHO_f094aef962ec43f8,"Midopo to so'linay kimad,","幫助謙卑人擁護真理,",joseph_reviewed_traditional,Amis_5595,0,https://glosbe.com/ami/zh/kimad/fragment/tmem?page=3&mode=MUST&stem=true,work/reference_glosbe/amis_glosbe_traditional.xml
GLOSBE_REVIEWED_ZHO_1ab1a39c4f4a11cb,O roma Krisciyang hano pa'aca to so'linay kimad?,為什麼有些基督徒會“賣”真理?,joseph_reviewed_traditional,Amis_5607,0,https://glosbe.com/ami/zh/kimad/fragment/tmem?page=3&mode=MUST&stem=true,work/reference_glosbe/amis_glosbe_traditional.xml
GLOSBE_REVIEWED_ZHO_d46699422758601c,"Cekiwen ko kimad a midofdof,","查考你的話語,聽從命令,",joseph_reviewed_traditional,Amis_5609,0,https://glosbe.com/ami/zh/kimad/fragment/tmem?page=3&mode=MUST&stem=true,work/reference_glosbe/amis_glosbe_traditional.xml
GLOSBE_REVIEWED_ZHO_7b2b99603b63882b,"O Misawacayay Tamdaw ni Yihofa ci Wili, tano kacekidan a pakayraan ko sapasifana' ningra to wina to so'linay kimad.","威利是個耶和華見證人,而他以這種驚人的方式讓媽媽認識真理。",joseph_reviewed_traditional,Amis_5612,0,https://glosbe.com/ami/zh/kimad/fragment/tmem?page=3&mode=MUST&stem=true,work/reference_glosbe/amis_glosbe_traditional.xml
GLOSBE_REVIEWED_ZHO_e69894e1c2061419,"O sapasifana' ni Yis a kimad, samaanay padama to tamdaw pakafilo to misakakinihay harateng?",耶穌教的道理怎樣幫助人戰勝偏見?,joseph_reviewed_traditional,Amis_5613,0,https://glosbe.com/ami/zh/kimad/fragment/tmem?page=3&mode=MUST&stem=true,work/reference_glosbe/amis_glosbe_traditional.xml
GLOSBE_REVIEWED_ZHO_29f92e19fc0245e2,"12 O So'linay Kimad, ""Caay ko Pararihadayay, O Pafangafangay""","12頁 真理“不是要帶來和平,而是要帶來刀劍”",joseph_reviewed_traditional,Amis_5615,0,https://glosbe.com/ami/zh/kimad/fragment/tmem?page=4&mode=MUST&stem=true,work/reference_glosbe/amis_glosbe_traditional.xml
GLOSBE_REVIEWED_ZHO_521a3c5875b422c7,Dopoen kimad.,仍擁護真理。,joseph_reviewed_traditional,Amis_5621,0,https://glosbe.com/ami/zh/kimad/fragment/tmem?page=4&mode=MUST&stem=true,work/reference_glosbe/amis_glosbe_traditional.xml
GLOSBE_REVIEWED_ZHO_c8057652904b5310,mitooray to kimad.,不偏離上帝話語。,joseph_reviewed_traditional,Amis_5623,0,https://glosbe.com/ami/zh/kimad/fragment/tmem?page=4&mode=MUST&stem=true,work/reference_glosbe/amis_glosbe_traditional.xml
GLOSBE_REVIEWED_ZHO_daf273a26b732319,Padamaen Cangra Tanektek i Kimad,幫助他們堅定不移,joseph_reviewed_traditional,Amis_5624,0,https://glosbe.com/ami/zh/kimad/fragment/tmem?page=4&mode=MUST&stem=true,work/reference_glosbe/amis_glosbe_traditional.xml
GLOSBE_REVIEWED_ZHO_1a9de1b66daf22e2,Mihapinang to pakaynian ni Yihofa i Kimad midama ko tamdaw Ningra?,看出耶和華通過他的話語扶持他的子民?,joseph_reviewed_traditional,Amis_5626,0,https://glosbe.com/ami/zh/kimad/fragment/tmem?page=4&mode=MUST&stem=true,work/reference_glosbe/amis_glosbe_traditional.xml
GLOSBE_REVIEWED_ZHO_5215fa738b3ccb70,"Nga'ay cangra tano nowina sowal a mi'osi to Kimad no Kawas, tada kalipahakan a demak!","對他們來說,能夠用希臘語閱讀上帝的話語一定是很高興的事!",joseph_reviewed_traditional,Amis_5627,0,https://glosbe.com/ami/zh/kimad/fragment/tmem?page=4&mode=MUST&stem=true,work/reference_glosbe/amis_glosbe_traditional.xml
GLOSBE_REVIEWED_ZHO_4cf6bc70c669d74f,"'Wa misawacay kako to so'linay a kimad, onini ko sakatayni ako i hekal.' —YOHANI 18:37.","我要給真理作見證,我是為這件事來到世上的。——約翰福音18:37",joseph_reviewed_traditional,Amis_5628,0,https://glosbe.com/ami/zh/kimad/fragment/tmem?page=4&mode=MUST&stem=true,work/reference_glosbe/amis_glosbe_traditional.xml
GLOSBE_REVIEWED_ZHO_22ae84c758f3317e,O sapasifana' ni Yis a kimad samaanay mikelec kitanan a malacecay hani?,耶穌教的道理怎樣使我們團結一致?,joseph_reviewed_traditional,Amis_5631,0,https://glosbe.com/ami/zh/kimad/fragment/tmem?page=4&mode=MUST&stem=true,work/reference_glosbe/amis_glosbe_traditional.xml
GLOSBE_REVIEWED_ZHO_0cbb47ae35949a5a,"Mihaenay a micerid ""tano so'linay kimad misafaked to tatelecan"" tada o ciepocay!","可見,時刻“用真理束腰”是絕對值得的!",joseph_reviewed_traditional,Amis_5633,0,https://glosbe.com/ami/zh/kimad/fragment/tmem?page=4&mode=MUST&stem=true,work/reference_glosbe/amis_glosbe_traditional.xml
GLOSBE_REVIEWED_ZHO_98f7a09bec9f13a8,"Mahapinangay ako ora minanaman ako o so'linay kimad, mansa kalikiay a macakat kako.","我知道自己學到的是真理,所以進步得很快。",joseph_reviewed_traditional,Amis_5638,0,https://glosbe.com/ami/zh/kimad/fragment/tmem?page=4&mode=MUST&stem=true,work/reference_glosbe/amis_glosbe_traditional.xml
GLOSBE_REVIEWED_ZHO_38e8b6fd135c5229,"Mihaenay, songila'en misaka dademak ko toki, mi'aca to so'linay kimad.","因此,現在最重要的是善用時間,在自己的情況許可下儘量買真理。",joseph_reviewed_traditional,Amis_5640,0,https://glosbe.com/ami/zh/kimad/fragment/tmem?page=5&mode=MUST&stem=true,work/reference_glosbe/amis_glosbe_traditional.xml
GLOSBE_REVIEWED_ZHO_195187893b4e60a7,"Mitosil ci Pawlo i, tahalitemohay to tangongol ko pakaso'lin to mararaway a kimad a tamdaw.","保羅傳道時,曾遇到深信錯誤道理的人。",joseph_reviewed_traditional,Amis_5641,0,https://glosbe.com/ami/zh/kimad/fragment/tmem?page=5&mode=MUST&stem=true,work/reference_glosbe/amis_glosbe_traditional.xml
GLOSBE_REVIEWED_ZHO_c3f586b8d9e0bac8,Tada ci'icelayto ko kimad no Kawas!,上帝的話語真的發揮了作用!,joseph_reviewed_traditional,Amis_5642,0,https://glosbe.com/ami/zh/kimad/fragment/tmem?page=5&mode=MUST&stem=true,work/reference_glosbe/amis_glosbe_traditional.xml
GLOSBE_REVIEWED_ZHO_a5a2549517d4dbcf,"Mahemekay Kawas pafeli to kimad,","上帝樂意讓你認識他的話語,",joseph_reviewed_traditional,Amis_5644,0,https://glosbe.com/ami/zh/kimad/fragment/tmem?page=5&mode=MUST&stem=true,work/reference_glosbe/amis_glosbe_traditional.xml
GLOSBE_REVIEWED_ZHO_16956ff82b4c17e2,"Patafang to niyah, mitoor to kimad.","願全心愛戴你,盡力實踐真理。",joseph_reviewed_traditional,Amis_5647,0,https://glosbe.com/ami/zh/kimad/fragment/tmem?page=5&mode=MUST&stem=true,work/reference_glosbe/amis_glosbe_traditional.xml
GLOSBE_REVIEWED_ZHO_15bcc78c271a4d35,O sinael no Isaya padamaay kitaanan matongal ko kacipinang to o maanan ko tatodong no mi'aca to so'linay kimad.,以賽亞書的經文讓我們更了解買真理是什麼意思。,joseph_reviewed_traditional,Amis_5648,0,https://glosbe.com/ami/zh/kimad/fragment/tmem?page=5&mode=MUST&stem=true,work/reference_glosbe/amis_glosbe_traditional.xml
GLOSBE_REVIEWED_ZHO_ad4c61605cb51818,Micalep a cipinang to kimad.,得以明辨是非、洞悉真理。,joseph_reviewed_traditional,Amis_5652,0,https://glosbe.com/ami/zh/kimad/fragment/tmem?page=5&mode=MUST&stem=true,work/reference_glosbe/amis_glosbe_traditional.xml
GLOSBE_REVIEWED_ZHO_48f7268c40e6b635,Tocerid misaday midopo to kimad.,"時刻準備好,擁護真理不遲疑。",joseph_reviewed_traditional,Amis_5653,0,https://glosbe.com/ami/zh/kimad/fragment/tmem?page=5&mode=MUST&stem=true,work/reference_glosbe/amis_glosbe_traditional.xml
GLOSBE_REVIEWED_ZHO_3defcc1acdebc54f,minanam to kimad.,受耶和華教導!,joseph_reviewed_traditional,Amis_5654,0,https://glosbe.com/ami/zh/kimad/fragment/tmem?page=5&mode=MUST&stem=true,work/reference_glosbe/amis_glosbe_traditional.xml
GLOSBE_REVIEWED_ZHO_4b7909810ae68bab,17 Mikitini ci Yopu i masanga'ay a maamaan a mafana' to capeling no Kawas.,17 約伯也從受造萬物認識上帝的特質。(,joseph_reviewed_traditional,Amis_5659,0,https://glosbe.com/ami/zh/maamaan,work/reference_glosbe/amis_glosbe_traditional.xml
GLOSBE_REVIEWED_ZHO_51e91ca98bbbbbaa,(3) O maamaan a sapatelong pa'icelay kitaanan hani?,丙)哪些禮物給我們力量?,joseph_reviewed_traditional,Amis_5661,0,https://glosbe.com/ami/zh/maamaan,work/reference_glosbe/amis_glosbe_traditional.xml
GLOSBE_REVIEWED_ZHO_353de4abbb1c5e31,O maamaan ko harateng no tamdaw? Sasamaan kita miconged to hatiniay a harateng?,世人的觀點有哪些? 我們可以怎樣抗拒這些思想?,joseph_reviewed_traditional,Amis_5662,0,https://glosbe.com/ami/zh/maamaan,work/reference_glosbe/amis_glosbe_traditional.xml
GLOSBE_REVIEWED_ZHO_85ad860cb100179a,"Oniya lalakaw wa milengo to maamaan a sinael, padama kitanan pakaso'lin to mamala'osi koniya tokel, ato sasamaan kita matatodong ko kacipinang to miki'okan ni Yis to mararaway tamdaw.","本篇課文會談談有哪些經文使我們確信這個希望會實現,以及該怎樣正確理解耶穌對罪犯提出的保證。",joseph_reviewed_traditional,Amis_5663,0,https://glosbe.com/ami/zh/maamaan,work/reference_glosbe/amis_glosbe_traditional.xml
GLOSBE_REVIEWED_ZHO_8b0f96c90b75fe7a,"Ikor no pina miheca, manilnilay ci Lifiya malo mikiriwi'ay misakafahay.","幾年後,莉維亞被任命為特別先驅。",joseph_reviewed_traditional,Amis_5682,0,https://glosbe.com/ami/zh/Pina,work/reference_glosbe/amis_glosbe_traditional.xml
GLOSBE_REVIEWED_ZHO_4b81e90a9d7b223f,Kako ato wina; ikor no pina miheca kako ato wama,我和媽媽;幾年後我和爸爸,joseph_reviewed_traditional,Amis_5689,0,https://glosbe.com/ami/zh/Pina,work/reference_glosbe/amis_glosbe_traditional.xml
GLOSBE_REVIEWED_ZHO_65ebdf9c7b160f7d,Samaan kita tano harateng ni Yihofa minengneng to'orip?,我們怎樣以耶和華的觀點看待生命?,joseph_reviewed_traditional,Amis_5834,0,https://glosbe.com/ami/zh/minengneng,work/reference_glosbe/amis_glosbe_traditional.xml
GLOSBE_REVIEWED_ZHO_25a84a57f7515c38,Sasamaan kita minengneng to niyahan hani?,我們應該怎樣看自己?,joseph_reviewed_traditional,Amis_5839,0,https://glosbe.com/ami/zh/minengneng,work/reference_glosbe/amis_glosbe_traditional.xml
GLOSBE_REVIEWED_ZHO_5ddb5fc19b80b84d,"Tahiraay i patay ko kamadimadi no wama wina ako a mihodop ci Yihofaan, mitokelay kako militemoh cangranan i faelohay hekal.","我的父母都忠貞地事奉耶和華直到去世,我非常期待在將來的新世界裡歡迎他們回來。(",joseph_reviewed_traditional,Amis_5853,0,https://glosbe.com/ami/zh/patay,work/reference_glosbe/amis_glosbe_traditional.xml
GLOSBE_REVIEWED_ZHO_f08c323af690b241,10 Ci Mariya cowaho picudad mafana'ayto mimali to kawefo.,10 瑪麗亞還沒到上學的年紀就很喜歡打高爾夫球。,joseph_reviewed_traditional,Amis_5854,0,https://glosbe.com/ami/zh/mimali,work/reference_glosbe/amis_glosbe_traditional.xml
GLOSBE_REVIEWED_ZHO_44bd803368f7d578,"Midipotay to siri cangra,","牧人盡全力保護羊群,",joseph_reviewed_traditional,Amis_5857,0,https://glosbe.com/ami/zh/siri,work/reference_glosbe/amis_glosbe_traditional.xml
GLOSBE_REVIEWED_ZHO_75d10e9bc2258dda,Misa'opo to siri,"召集另外的綿羊,",joseph_reviewed_traditional,Amis_5859,0,https://glosbe.com/ami/zh/siri,work/reference_glosbe/amis_glosbe_traditional.xml
