record_id,pair,source_phrase_clean,target_phrase_clean,action,reference_status,reason,ildrf_source_found,ildrf_reference_files,ildrf_chinese_glosses,glosbe_targets_for_source,mapping_evidence,xml_record_id,xml_target_text,xml_translation_ver,source_url,raw_path
GLOSBE_DICT_470257051e168578,"ami,en",Cudad,book,keep_in_xml,source_not_attested,source_not_attested_in_ildrf_reference,no,,,book,,GLOSBE_DICT_GROUP_8b532e8629ba0386,book,primary,https://glosbe.com/ami/en/Cudad,data/raw/html/static/ami_en/Cudad.html
GLOSBE_DICT_156f8d75580aa495,"ami,en",Itini,here,keep_in_xml,target_supported_by_mapping,ildrf_source_attested_target_supported_by_mapping,yes,Final_XML/Amis/Dictionary_Amis_ami.xml,這裡,here,這裡,GLOSBE_DICT_GROUP_3d13f139060962bd,here,primary,https://glosbe.com/ami/en/Itini,data/raw/html/static/ami_en/Itini.html
GLOSBE_DICT_b4f8f8631cec039f,"ami,en",Kawas,God,keep_in_xml,target_supported_by_mapping,ildrf_source_attested_target_supported_by_mapping,yes,Final_XML/Amis/Dictionary_Amis_ami.xml,上帝、神、鬼,God; ghost; heaven,上帝; 神; 鬼,GLOSBE_DICT_GROUP_3df19d0f6a73bc75,God,primary,https://glosbe.com/ami/en/Kawas,data/raw/html/static/ami_en/Kawas.html
GLOSBE_DICT_9b67fbb26fd725fb,"ami,en",Kawas,ghost,keep_in_xml,target_supported_by_mapping,ildrf_source_attested_target_supported_by_mapping,yes,Final_XML/Amis/Dictionary_Amis_ami.xml,上帝、神、鬼,God; ghost; heaven,上帝; 神; 鬼,GLOSBE_DICT_GROUP_3df19d0f6a73bc75,ghost,alt,https://glosbe.com/ami/en/Kawas,data/raw/html/static/ami_en/Kawas.html
GLOSBE_DICT_4ee61c8535e11b0f,"ami,en",Kawas,heaven,keep_in_xml,different_from_mapping,ildrf_source_attested_target_differs_from_mapping,yes,Final_XML/Amis/Dictionary_Amis_ami.xml,上帝、神、鬼,God; ghost; heaven,上帝; 神; 鬼,GLOSBE_DICT_GROUP_3df19d0f6a73bc75,heaven,alt,https://glosbe.com/ami/en/Kawas,data/raw/html/static/ami_en/Kawas.html
GLOSBE_DICT_f01fc254874c9a7c,"ami,en",Yihofa,Jehovah,keep_in_xml,source_not_attested,source_not_attested_in_ildrf_reference,no,,,Jehovah,,GLOSBE_DICT_GROUP_eaddb03f1f4d0a38,Jehovah,primary,https://glosbe.com/ami/en/Yihofa,data/raw/html/static/ami_en/Yihofa.html
GLOSBE_DICT_d30dbac6c1180628,"ami,en",a,and,keep_in_xml,target_supported_by_mapping,ildrf_source_attested_target_supported_by_mapping,yes,Final_XML/Amis/Dictionary_Amis_ami.xml,1.連接詞; 2.依附詞,and,連接詞,GLOSBE_DICT_GROUP_e89849dad973b703,and,primary,https://glosbe.com/ami/en/a,data/raw/html/static/ami_en/a.html
GLOSBE_DICT_f183525cf99fa1d9,"ami,en",ako,I,keep_in_xml,target_supported_by_mapping,ildrf_source_attested_target_supported_by_mapping,yes,Final_XML/Amis/Dictionary_Amis_ami.xml,我（屬格）,I,我（屬格）; 我; 屬格,GLOSBE_DICT_GROUP_2459041479a7a6d7,I,primary,https://glosbe.com/ami/en/ako,data/raw/html/static/ami_en/ako.html
GLOSBE_DICT_06cfd412d0e2aae0,"ami,en",ato,and,keep_in_xml,target_supported_by_mapping,ildrf_source_attested_target_supported_by_mapping,yes,Final_XML/Amis/Dictionary_Amis_ami.xml,和（並列結構標記）,and,和,GLOSBE_DICT_GROUP_16ddff9694c6cfbf,and,primary,https://glosbe.com/ami/en/ato,data/raw/html/static/ami_en/ato.html
GLOSBE_DICT_d461f57b5a555472,"ami,en",cecay,one,keep_in_xml,target_supported_by_mapping,ildrf_source_attested_target_supported_by_mapping,yes,Final_XML/Amis/Dictionary_Amis_ami.xml,一,one,一,GLOSBE_DICT_GROUP_fae4d19944853869,one,primary,https://glosbe.com/ami/en/cecay,data/raw/html/static/ami_en/cecay.html
GLOSBE_DICT_5a36caa80372c024,"ami,en",ciira,he,keep_in_xml,target_supported_by_mapping,ildrf_source_attested_target_supported_by_mapping,yes,Final_XML/Amis/Dictionary_Amis_ami.xml,他,he; him; she,他,GLOSBE_DICT_GROUP_a0a6fa01ff7a922b,he,primary,https://glosbe.com/ami/en/ciira,data/raw/html/static/ami_en/ciira.html
GLOSBE_DICT_c529b98d01079c3e,"ami,en",ciira,him,keep_in_xml,target_supported_by_mapping,ildrf_source_attested_target_supported_by_mapping,yes,Final_XML/Amis/Dictionary_Amis_ami.xml,他,he; him; she,他,GLOSBE_DICT_GROUP_a0a6fa01ff7a922b,him,alt,https://glosbe.com/ami/en/ciira,data/raw/html/static/ami_en/ciira.html
GLOSBE_DICT_54e08ea8ed9374f6,"ami,en",ciira,she,keep_in_xml,different_from_mapping,ildrf_source_attested_target_differs_from_mapping,yes,Final_XML/Amis/Dictionary_Amis_ami.xml,他,he; him; she,他,GLOSBE_DICT_GROUP_a0a6fa01ff7a922b,she,alt,https://glosbe.com/ami/en/ciira,data/raw/html/static/ami_en/ciira.html
GLOSBE_DICT_4a1516893eb42743,"ami,en",cingra,create,keep_in_xml,source_not_attested,source_not_attested_in_ildrf_reference,no,,,create; he,,GLOSBE_DICT_GROUP_e4f206f6a273c1a6,create,primary,https://glosbe.com/ami/en/cingra,data/raw/html/static/ami_en/cingra.html
GLOSBE_DICT_b863654b6ef55464,"ami,en",cingra,he,keep_in_xml,source_not_attested,source_not_attested_in_ildrf_reference,no,,,create; he,,GLOSBE_DICT_GROUP_e4f206f6a273c1a6,he,alt,https://glosbe.com/ami/en/cingra,data/raw/html/static/ami_en/cingra.html
GLOSBE_DICT_69751e4d46ff3bcb,"ami,en",cowa,little,keep_in_xml,different_from_mapping,ildrf_source_attested_target_differs_from_mapping,yes,Final_XML/Amis/Dictionary_Amis_ami.xml,哪裡,little,哪裡,GLOSBE_DICT_GROUP_2fc09f8d14bfaaa3,little,primary,https://glosbe.com/ami/en/cowa,data/raw/html/static/ami_en/cowa.html
GLOSBE_DICT_b9615f0f6a572fb1,"ami,en",futing,fish,keep_in_xml,source_not_attested,source_not_attested_in_ildrf_reference,no,,,fish,,GLOSBE_DICT_GROUP_4d6fcbaa9a4b123e,fish,primary,https://glosbe.com/ami/en/futing,data/raw/html/static/ami_en/futing.html
GLOSBE_DICT_6311a8e45731b9be,"ami,en",ina,mom,keep_in_xml,target_supported_by_mapping,ildrf_source_attested_target_supported_by_mapping,yes,Final_XML/Amis/Dictionary_Amis_ami.xml,媽媽,mom; mother; mum,媽媽,GLOSBE_DICT_GROUP_059cf0b178227512,mom,primary,https://glosbe.com/ami/en/ina,data/raw/html/static/ami_en/ina.html
GLOSBE_DICT_e0a40a76b920eefa,"ami,en",ina,mother,keep_in_xml,target_supported_by_mapping,ildrf_source_attested_target_supported_by_mapping,yes,Final_XML/Amis/Dictionary_Amis_ami.xml,媽媽,mom; mother; mum,媽媽,GLOSBE_DICT_GROUP_059cf0b178227512,mother,alt,https://glosbe.com/ami/en/ina,data/raw/html/static/ami_en/ina.html
GLOSBE_DICT_817d2bade5a829dc,"ami,en",ina,mum,keep_in_xml,target_supported_by_mapping,ildrf_source_attested_target_supported_by_mapping,yes,Final_XML/Amis/Dictionary_Amis_ami.xml,媽媽,mom; mother; mum,媽媽,GLOSBE_DICT_GROUP_059cf0b178227512,mum,alt,https://glosbe.com/ami/en/ina,data/raw/html/static/ami_en/ina.html
GLOSBE_DICT_a4d7e1ac4b6049cd,"ami,en",kaka,brother,keep_in_xml,target_supported_by_mapping,ildrf_source_attested_target_supported_by_mapping,yes,Final_XML/Amis/Dictionary_Amis_ami.xml,哥,brother; older brother; older sibling; older sister,哥,GLOSBE_DICT_GROUP_27776bf04f93be18,brother,primary,https://glosbe.com/ami/en/kaka,data/raw/html/static/ami_en/kaka.html
GLOSBE_DICT_d5effd936680de93,"ami,en",kaka,older brother,keep_in_xml,target_supported_by_mapping,ildrf_source_attested_target_supported_by_mapping,yes,Final_XML/Amis/Dictionary_Amis_ami.xml,哥,brother; older brother; older sibling; older sister,哥,GLOSBE_DICT_GROUP_27776bf04f93be18,older brother,alt,https://glosbe.com/ami/en/kaka,data/raw/html/static/ami_en/kaka.html
GLOSBE_DICT_5f4848b801e5d657,"ami,en",kaka,older sibling,keep_in_xml,different_from_mapping,ildrf_source_attested_target_differs_from_mapping,yes,Final_XML/Amis/Dictionary_Amis_ami.xml,哥,brother; older brother; older sibling; older sister,哥,GLOSBE_DICT_GROUP_27776bf04f93be18,older sibling,alt,https://glosbe.com/ami/en/kaka,data/raw/html/static/ami_en/kaka.html
GLOSBE_DICT_f6af877e7d9b948d,"ami,en",kaka,older sister,keep_in_xml,different_from_mapping,ildrf_source_attested_target_differs_from_mapping,yes,Final_XML/Amis/Dictionary_Amis_ami.xml,哥,brother; older brother; older sibling; older sister,哥,GLOSBE_DICT_GROUP_27776bf04f93be18,older sister,alt,https://glosbe.com/ami/en/kaka,data/raw/html/static/ami_en/kaka.html
GLOSBE_DICT_7a51518b5a673cce,"ami,en",kako,I,keep_in_xml,target_supported_by_mapping,ildrf_source_attested_target_supported_by_mapping,yes,Final_XML/Amis/Dictionary_Amis_ami.xml,我,I; me,我,GLOSBE_DICT_GROUP_006a0c69194ac714,I,primary,https://glosbe.com/ami/en/kako,data/raw/html/static/ami_en/kako.html
GLOSBE_DICT_62f9b69f64c36cf8,"ami,en",kako,me,keep_in_xml,target_supported_by_mapping,ildrf_source_attested_target_supported_by_mapping,yes,Final_XML/Amis/Dictionary_Amis_ami.xml,我,I; me,我,GLOSBE_DICT_GROUP_006a0c69194ac714,me,alt,https://glosbe.com/ami/en/kako,data/raw/html/static/ami_en/kako.html
GLOSBE_DICT_8d3f1385d99dcdfa,"ami,en",kami,go,keep_in_xml,different_from_mapping,ildrf_source_attested_target_differs_from_mapping,yes,Final_XML/Amis/Dictionary_Amis_ami.xml,我們(排除式; 手紙,go; we,我; 我們; 手,GLOSBE_DICT_GROUP_5473d65552dfd449,go,primary,https://glosbe.com/ami/en/kami,data/raw/html/static/ami_en/kami.html
GLOSBE_DICT_d3f5b6d3915c4654,"ami,en",kami,we,keep_in_xml,target_supported_by_mapping,ildrf_source_attested_target_supported_by_mapping,yes,Final_XML/Amis/Dictionary_Amis_ami.xml,我們(排除式; 手紙,go; we,我; 我們; 手,GLOSBE_DICT_GROUP_5473d65552dfd449,we,alt,https://glosbe.com/ami/en/kami,data/raw/html/static/ami_en/kami.html
GLOSBE_DICT_81266d5550f31e28,"ami,en",kawra,but,keep_in_xml,source_not_attested,source_not_attested_in_ildrf_reference,no,,,but,,GLOSBE_DICT_GROUP_11e7d9dfe2c5a204,but,primary,https://glosbe.com/ami/en/kawra,data/raw/html/static/ami_en/kawra.html
GLOSBE_DICT_c24012aaeca459b4,"ami,en",kiso,you,keep_in_xml,target_supported_by_mapping,ildrf_source_attested_target_supported_by_mapping,yes,Final_XML/Amis/Dictionary_Amis_ami.xml,你（主格）,you,你; 主格,GLOSBE_DICT_GROUP_501f67394eb00260,you,primary,https://glosbe.com/ami/en/kiso,data/raw/html/static/ami_en/kiso.html
GLOSBE_DICT_94209ad42eace5da,"ami,en",kita,we,keep_in_xml,target_supported_by_mapping,ildrf_source_attested_target_supported_by_mapping,yes,Final_XML/Amis/Dictionary_Amis_ami.xml,我們（包含式,we,我; 我們,GLOSBE_DICT_GROUP_47f2573704659333,we,primary,https://glosbe.com/ami/en/kita,data/raw/html/static/ami_en/kita.html
GLOSBE_DICT_05b23288aff070b0,"ami,en",ko,do,keep_in_xml,different_from_mapping,ildrf_source_attested_target_differs_from_mapping,yes,Final_XML/Amis/Dictionary_Amis_ami.xml,格位標記（主格）,do; from,格位標記; 主格,GLOSBE_DICT_GROUP_626c055a194c1106,do,primary,https://glosbe.com/ami/en/ko,data/raw/html/static/ami_en/ko.html
GLOSBE_DICT_962c7ab6ed2778b2,"ami,en",ko,from,keep_in_xml,different_from_mapping,ildrf_source_attested_target_differs_from_mapping,yes,Final_XML/Amis/Dictionary_Amis_ami.xml,格位標記（主格）,do; from,格位標記; 主格,GLOSBE_DICT_GROUP_626c055a194c1106,from,alt,https://glosbe.com/ami/en/ko,data/raw/html/static/ami_en/ko.html
GLOSBE_DICT_485c162440d7057d,"ami,en",loma',house,keep_in_xml,target_supported_by_mapping,ildrf_source_attested_target_supported_by_mapping,yes,Final_XML/Amis/Dictionary_Amis_ami.xml,家,house,家,GLOSBE_DICT_GROUP_5eb239008c40317f,house,primary,https://glosbe.com/ami/en/loma%27,data/raw/html/static/ami_en/loma%27.html
GLOSBE_DICT_10eb604fa97149dd,"ami,en",maanan,what,keep_in_xml,gloss_unmapped,ildrf_source_attested_gloss_unmapped,yes,Final_XML/Amis/Dictionary_Amis_ami.xml,任何,what,,GLOSBE_DICT_GROUP_9ccfcb2111bc9ec5,what,primary,https://glosbe.com/ami/en/maanan,data/raw/html/static/ami_en/maanan.html
GLOSBE_DICT_7ac4a1459d7e591f,"ami,en",mama,father,keep_in_xml,target_supported_by_mapping,ildrf_source_attested_target_supported_by_mapping,yes,Final_XML/Amis/Dictionary_Amis_ami.xml,爸爸,father,爸爸,GLOSBE_DICT_GROUP_e838f0aa0ac73794,father,primary,https://glosbe.com/ami/en/mama,data/raw/html/static/ami_en/mama.html
GLOSBE_DICT_d0cf1cf2ba23e073,"ami,en",miheca,age,keep_in_xml,target_supported_by_mapping,ildrf_source_attested_target_supported_by_mapping,yes,Final_XML/Amis/Dictionary_Amis_ami.xml,年,age; since; year,年,GLOSBE_DICT_GROUP_8e593f86bd1306a2,age,primary,https://glosbe.com/ami/en/miheca,data/raw/html/static/ami_en/miheca.html
GLOSBE_DICT_0e35d8f9fe34f4c5,"ami,en",miheca,since,keep_in_xml,different_from_mapping,ildrf_source_attested_target_differs_from_mapping,yes,Final_XML/Amis/Dictionary_Amis_ami.xml,年,age; since; year,年,GLOSBE_DICT_GROUP_8e593f86bd1306a2,since,alt,https://glosbe.com/ami/en/miheca,data/raw/html/static/ami_en/miheca.html
GLOSBE_DICT_9c49ac0a8cd3b66b,"ami,en",miheca,year,keep_in_xml,target_supported_by_mapping,ildrf_source_attested_target_supported_by_mapping,yes,Final_XML/Amis/Dictionary_Amis_ami.xml,年,age; since; year,年,GLOSBE_DICT_GROUP_8e593f86bd1306a2,year,alt,https://glosbe.com/ami/en/miheca,data/raw/html/static/ami_en/miheca.html
GLOSBE_DICT_b55198380a2b46d2,"ami,en",nanom,water,keep_in_xml,gloss_unmapped,ildrf_source_attested_gloss_unmapped,yes,Final_XML/Amis/Dictionary_Amis_ami.xml,水,water,,GLOSBE_DICT_GROUP_692b00970b6c5afc,water,primary,https://glosbe.com/ami/en/nanom,data/raw/html/static/ami_en/nanom.html
GLOSBE_DICT_e728ba3ab032e6f0,"ami,en",ngaˈay,if,keep_in_xml,different_from_mapping,ildrf_source_attested_target_differs_from_mapping,yes,Final_XML/Amis/Dictionary_Amis_ami.xml,好,if,好,GLOSBE_DICT_GROUP_ada25d4faeec702d,if,primary,https://glosbe.com/ami/en/nga%CB%88ay,data/raw/html/static/ami_en/nga%CB%88ay.html
GLOSBE_DICT_8c390e8ba7923948,"ami,en",ngaˈayay,respect,keep_in_xml,different_from_mapping,ildrf_source_attested_target_differs_from_mapping,yes,Final_XML/Amis/Dictionary_Amis_ami.xml,好的,respect,好的; 好,GLOSBE_DICT_GROUP_30af694bc64ac0ca,respect,primary,https://glosbe.com/ami/en/nga%CB%88ayay,data/raw/html/static/ami_en/nga%CB%88ayay.html
GLOSBE_DICT_6f8a241c3aabb9ed,"ami,en",nira,her,keep_in_xml,different_from_mapping,ildrf_source_attested_target_differs_from_mapping,yes,Final_XML/Amis/Dictionary_Amis_ami.xml,他的,her; his,他; 他的,GLOSBE_DICT_GROUP_c22a508eb9dbc736,her,primary,https://glosbe.com/ami/en/nira,data/raw/html/static/ami_en/nira.html
GLOSBE_DICT_e7d693fa682eb41b,"ami,en",nira,his,keep_in_xml,target_supported_by_mapping,ildrf_source_attested_target_supported_by_mapping,yes,Final_XML/Amis/Dictionary_Amis_ami.xml,他的,her; his,他; 他的,GLOSBE_DICT_GROUP_c22a508eb9dbc736,his,alt,https://glosbe.com/ami/en/nira,data/raw/html/static/ami_en/nira.html
GLOSBE_DICT_4c4edebbb8e0d389,"ami,en",no,of,keep_in_xml,target_supported_by_mapping,ildrf_source_attested_target_supported_by_mapping,yes,Final_XML/Amis/Dictionary_Amis_ami.xml,格位標記（屬格）,of,格位標記; 屬格,GLOSBE_DICT_GROUP_3d68837a9e357bc3,of,primary,https://glosbe.com/ami/en/no,data/raw/html/static/ami_en/no.html
GLOSBE_DICT_a8972cd8f7d69b85,"ami,en",roma,another,keep_in_xml,target_supported_by_mapping,ildrf_source_attested_target_supported_by_mapping,yes,Final_XML/Amis/Dictionary_Amis_ami.xml,另外,another; different; other,另外,GLOSBE_DICT_GROUP_7d534cdaea9ceb56,another,primary,https://glosbe.com/ami/en/roma,data/raw/html/static/ami_en/roma.html
GLOSBE_DICT_c4cb32d677b1809f,"ami,en",roma,different,keep_in_xml,target_supported_by_mapping,ildrf_source_attested_target_supported_by_mapping,yes,Final_XML/Amis/Dictionary_Amis_ami.xml,另外,another; different; other,另外,GLOSBE_DICT_GROUP_7d534cdaea9ceb56,different,alt,https://glosbe.com/ami/en/roma,data/raw/html/static/ami_en/roma.html
GLOSBE_DICT_e8d267ffb1871c7c,"ami,en",roma,other,keep_in_xml,target_supported_by_mapping,ildrf_source_attested_target_supported_by_mapping,yes,Final_XML/Amis/Dictionary_Amis_ami.xml,另外,another; different; other,另外,GLOSBE_DICT_GROUP_7d534cdaea9ceb56,other,alt,https://glosbe.com/ami/en/roma,data/raw/html/static/ami_en/roma.html
GLOSBE_DICT_d71275e961b5e6fc,"ami,en",salikaka,siblings,keep_in_xml,target_supported_by_mapping,ildrf_source_attested_target_supported_by_mapping,yes,Final_XML/Amis/Dictionary_Amis_ami.xml,兄弟姐妹,siblings; sister,兄弟姐妹,GLOSBE_DICT_GROUP_279da0d7d909e456,siblings,primary,https://glosbe.com/ami/en/salikaka,data/raw/html/static/ami_en/salikaka.html
GLOSBE_DICT_c37ecdbf7eb720f2,"ami,en",salikaka,sister,keep_in_xml,target_supported_by_mapping,ildrf_source_attested_target_supported_by_mapping,yes,Final_XML/Amis/Dictionary_Amis_ami.xml,兄弟姐妹,siblings; sister,兄弟姐妹,GLOSBE_DICT_GROUP_279da0d7d909e456,sister,alt,https://glosbe.com/ami/en/salikaka,data/raw/html/static/ami_en/salikaka.html
GLOSBE_DICT_9a478a95902d0fbe,"ami,en",sowal,language,keep_in_xml,target_supported_by_mapping,ildrf_source_attested_target_supported_by_mapping,yes,Final_XML/Amis/Dictionary_Amis_ami.xml,話語,language; say; state,話語; 話,GLOSBE_DICT_GROUP_7850fe02f622e706,language,primary,https://glosbe.com/ami/en/sowal,data/raw/html/static/ami_en/sowal.html
GLOSBE_DICT_6b5678cf4349ca9d,"ami,en",sowal,say,keep_in_xml,target_supported_by_mapping,ildrf_source_attested_target_supported_by_mapping,yes,Final_XML/Amis/Dictionary_Amis_ami.xml,話語,language; say; state,話語; 話,GLOSBE_DICT_GROUP_7850fe02f622e706,say,alt,https://glosbe.com/ami/en/sowal,data/raw/html/static/ami_en/sowal.html
GLOSBE_DICT_7f44175b96ecd713,"ami,en",sowal,state,keep_in_xml,target_supported_by_mapping,ildrf_source_attested_target_supported_by_mapping,yes,Final_XML/Amis/Dictionary_Amis_ami.xml,話語,language; say; state,話語; 話,GLOSBE_DICT_GROUP_7850fe02f622e706,state,alt,https://glosbe.com/ami/en/sowal,data/raw/html/static/ami_en/sowal.html
GLOSBE_DICT_286493621068eb8d,"ami,en",tamdaw,man,keep_in_xml,target_supported_by_mapping,ildrf_source_attested_target_supported_by_mapping,yes,Final_XML/Amis/Dictionary_Amis_ami.xml,人,man; perfect; root,人,GLOSBE_DICT_GROUP_1e7c8e883ce09c63,man,primary,https://glosbe.com/ami/en/tamdaw,data/raw/html/static/ami_en/tamdaw.html
GLOSBE_DICT_e1a69b6b3077ead2,"ami,en",tamdaw,perfect,keep_in_xml,different_from_mapping,ildrf_source_attested_target_differs_from_mapping,yes,Final_XML/Amis/Dictionary_Amis_ami.xml,人,man; perfect; root,人,GLOSBE_DICT_GROUP_1e7c8e883ce09c63,perfect,alt,https://glosbe.com/ami/en/tamdaw,data/raw/html/static/ami_en/tamdaw.html
GLOSBE_DICT_cf0cbeda861f8642,"ami,en",tamdaw,root,keep_in_xml,different_from_mapping,ildrf_source_attested_target_differs_from_mapping,yes,Final_XML/Amis/Dictionary_Amis_ami.xml,人,man; perfect; root,人,GLOSBE_DICT_GROUP_1e7c8e883ce09c63,root,alt,https://glosbe.com/ami/en/tamdaw,data/raw/html/static/ami_en/tamdaw.html
GLOSBE_DICT_d358b553ab5806b3,"ami,en",tayra,go,keep_in_xml,gloss_unmapped,ildrf_source_attested_gloss_unmapped,yes,Final_XML/Amis/Dictionary_Amis_ami.xml,去,go,,GLOSBE_DICT_GROUP_0955e3a5661ede55,go,primary,https://glosbe.com/ami/en/tayra,data/raw/html/static/ami_en/tayra.html
GLOSBE_DICT_666e7b9cd4c29542,"ami,en",tireng,body,keep_in_xml,gloss_unmapped,ildrf_source_attested_gloss_unmapped,yes,Final_XML/Amis/Dictionary_Amis_ami.xml,身體,body,,GLOSBE_DICT_GROUP_dd01febdd435cf63,body,primary,https://glosbe.com/ami/en/tireng,data/raw/html/static/ami_en/tireng.html
GLOSBE_DICT_706e6ce65f33ec10,"ami,en",to,when,keep_in_xml,different_from_mapping,ildrf_source_attested_target_differs_from_mapping,yes,Final_XML/Amis/Dictionary_Amis_ami.xml,格位標記(受格或斜格),when,或; 格位標記,GLOSBE_DICT_GROUP_ba4a9a925f8963a0,when,primary,https://glosbe.com/ami/en/to,data/raw/html/static/ami_en/to.html
GLOSBE_DICT_8e0e3ae909a8bca6,"ami,en",wawa,child,keep_in_xml,target_supported_by_mapping,ildrf_source_attested_target_supported_by_mapping,yes,Final_XML/Amis/Dictionary_Amis_ami.xml,孩子,child; children; kids; offspring,孩子,GLOSBE_DICT_GROUP_797af79a7da300ab,child,primary,https://glosbe.com/ami/en/wawa,data/raw/html/static/ami_en/wawa.html
GLOSBE_DICT_14f0bb5218961ba5,"ami,en",wawa,children,keep_in_xml,target_supported_by_mapping,ildrf_source_attested_target_supported_by_mapping,yes,Final_XML/Amis/Dictionary_Amis_ami.xml,孩子,child; children; kids; offspring,孩子,GLOSBE_DICT_GROUP_797af79a7da300ab,children,alt,https://glosbe.com/ami/en/wawa,data/raw/html/static/ami_en/wawa.html
GLOSBE_DICT_889d70e600f0d138,"ami,en",wawa,kids,keep_in_xml,target_supported_by_mapping,ildrf_source_attested_target_supported_by_mapping,yes,Final_XML/Amis/Dictionary_Amis_ami.xml,孩子,child; children; kids; offspring,孩子,GLOSBE_DICT_GROUP_797af79a7da300ab,kids,alt,https://glosbe.com/ami/en/wawa,data/raw/html/static/ami_en/wawa.html
GLOSBE_DICT_2c14fe01e2114da9,"ami,en",wawa,offspring,keep_in_xml,target_supported_by_mapping,ildrf_source_attested_target_supported_by_mapping,yes,Final_XML/Amis/Dictionary_Amis_ami.xml,孩子,child; children; kids; offspring,孩子,GLOSBE_DICT_GROUP_797af79a7da300ab,offspring,alt,https://glosbe.com/ami/en/wawa,data/raw/html/static/ami_en/wawa.html
GLOSBE_DICT_dd95834dfc191fc6,"ami,en",wina,mother,keep_in_xml,source_not_attested,source_not_attested_in_ildrf_reference,no,,,mother,,GLOSBE_DICT_GROUP_53b092f037a42fa6,mother,primary,https://glosbe.com/ami/en/wina,data/raw/html/static/ami_en/wina.html
GLOSBE_DICT_432e47459a016f57,"tay,en",'bli,bury,keep_in_xml,source_not_attested,source_not_attested_in_ildrf_reference,no,,,bury,,GLOSBE_DICT_GROUP_b182b28d8232feca,bury,primary,https://glosbe.com/tay/en/%27bli,data/raw/html/static/tay_en/%27bli.html
GLOSBE_DICT_38246bfee5cd3bfc,"tay,en",'law,righthanded,keep_in_xml,source_not_attested,source_not_attested_in_ildrf_reference,no,,,righthanded,,GLOSBE_DICT_GROUP_8739ae0f9211519f,righthanded,primary,https://glosbe.com/tay/en/%27law,data/raw/html/static/tay_en/%27law.html
GLOSBE_DICT_10e941b2bd18c89a,"tay,en",'tuxan,spirit realm,keep_in_xml,target_supported_by_mapping,ildrf_source_attested_target_supported_by_mapping,yes,Final_XML/Atayal/Dictionary_Atayal_tay.xml,靈界,spirit realm,靈界; 靈,GLOSBE_DICT_GROUP_8788ba94af3bbbff,spirit realm,primary,https://glosbe.com/tay/en/%27tuxan,data/raw/html/static/tay_en/%27tuxan.html
GLOSBE_DICT_861abebec266c4c1,"tay,en",'txan utux,land of the spirits,keep_in_xml,source_not_attested,source_not_attested_in_ildrf_reference,no,,,land of the spirits,,GLOSBE_DICT_GROUP_8b3852e7fcbf7fac,land of the spirits,primary,https://glosbe.com/tay/en/%27txan%20utux,data/raw/html/static/tay_en/%27txan%20utux.html
GLOSBE_DICT_0223684b70fd1b2a,"tay,en",Gipun,Japan,keep_in_xml,gloss_unmapped,ildrf_source_attested_gloss_unmapped,yes,Final_XML/Atayal/Dictionary_Atayal_tay.xml,日本,Japan,,GLOSBE_DICT_GROUP_30cfe1f24959eca6,Japan,primary,https://glosbe.com/tay/en/Gipun,data/raw/html/static/tay_en/Gipun.html
GLOSBE_DICT_81d63ba81d1a9bf0,"tay,en",Mrhuw Wagiq,God,keep_in_xml,source_not_attested,source_not_attested_in_ildrf_reference,no,,,God,,GLOSBE_DICT_GROUP_2b9432fdcae96e54,God,primary,https://glosbe.com/tay/en/Mrhuw%20Wagiq,data/raw/html/static/tay_en/Mrhuw%20Wagiq.html
GLOSBE_DICT_fe06cf602d7e2663,"tay,en",aba,father,keep_in_xml,source_not_attested,source_not_attested_in_ildrf_reference,no,,,father,,GLOSBE_DICT_GROUP_07b97cfe2a70109f,father,primary,https://glosbe.com/tay/en/aba,data/raw/html/static/tay_en/aba.html
GLOSBE_DICT_39d2a88cf5aeae06,"tay,en",abau,leaf,keep_in_xml,source_not_attested,source_not_attested_in_ildrf_reference,no,,,leaf,,GLOSBE_DICT_GROUP_05f10d9015611776,leaf,primary,https://glosbe.com/tay/en/abau,data/raw/html/static/tay_en/abau.html
GLOSBE_DICT_5a0faba0b32fe66e,"tay,en",amuy,flour,keep_in_xml,different_from_mapping,ildrf_source_attested_target_differs_from_mapping,yes,Final_XML/Atayal/Dictionary_Atayal_tay.xml,女子名,flour; powder,女子名,GLOSBE_DICT_GROUP_358c7be7384c591c,flour,primary,https://glosbe.com/tay/en/amuy,data/raw/html/static/tay_en/amuy.html
GLOSBE_DICT_cc74ce9a61513ab2,"tay,en",amuy,powder,keep_in_xml,different_from_mapping,ildrf_source_attested_target_differs_from_mapping,yes,Final_XML/Atayal/Dictionary_Atayal_tay.xml,女子名,flour; powder,女子名,GLOSBE_DICT_GROUP_358c7be7384c591c,powder,alt,https://glosbe.com/tay/en/amuy,data/raw/html/static/tay_en/amuy.html
GLOSBE_DICT_57d551d84ac7f006,"tay,en",ayang,oil,keep_in_xml,gloss_unmapped,ildrf_source_attested_gloss_unmapped,yes,Final_XML/Atayal/Dictionary_Atayal_tay.xml,湯; 煤油,oil,,GLOSBE_DICT_GROUP_44ed794e942db095,oil,primary,https://glosbe.com/tay/en/ayang,data/raw/html/static/tay_en/ayang.html
GLOSBE_DICT_40dd1ea561ee063f,"tay,en",babaw knryax,afternoon,keep_in_xml,source_not_attested,source_not_attested_in_ildrf_reference,no,,,afternoon,,GLOSBE_DICT_GROUP_8d38970f683a97dc,afternoon,primary,https://glosbe.com/tay/en/babaw%20knryax,data/raw/html/static/tay_en/babaw%20knryax.html
GLOSBE_DICT_9a9cdb3cebd03fdc,"tay,en",babaw,on,keep_in_xml,gloss_unmapped,ildrf_source_attested_gloss_unmapped,yes,Final_XML/Atayal/Dictionary_Atayal_tay.xml,上面,on,,GLOSBE_DICT_GROUP_d1fb28a8c6000851,on,primary,https://glosbe.com/tay/en/babaw,data/raw/html/static/tay_en/babaw.html
GLOSBE_DICT_0289714b2fc4447c,"tay,en",baq ske' 'tayal su ka?,Do you speak Atayal?,keep_in_xml,source_not_attested,source_not_attested_in_ildrf_reference,no,,,Do you speak Atayal?,,GLOSBE_DICT_GROUP_297f845c8c157f0a,Do you speak Atayal?,primary,https://glosbe.com/tay/en/baq%20ske%27%20%27tayal%20su%20ka%3F,data/raw/html/static/tay_en/baq%20ske%27%20%27tayal%20su%20ka%3F.html
GLOSBE_DICT_7f64d1ddfdd847aa,"tay,en",bazing,egg,keep_in_xml,gloss_unmapped,ildrf_source_attested_gloss_unmapped,yes,Final_XML/Atayal/Dictionary_Atayal_tay.xml,蛋,egg,,GLOSBE_DICT_GROUP_fcac0999eaac80c6,egg,primary,https://glosbe.com/tay/en/bazing,data/raw/html/static/tay_en/bazing.html
GLOSBE_DICT_29f61ed930c06d11,"tay,en",behuy,wind,keep_in_xml,gloss_unmapped,ildrf_source_attested_gloss_unmapped,yes,Final_XML/Atayal/Dictionary_Atayal_tay.xml,風,wind,,GLOSBE_DICT_GROUP_b77e1cdac73e169a,wind,primary,https://glosbe.com/tay/en/behuy,data/raw/html/static/tay_en/behuy.html
GLOSBE_DICT_50312c67dd144487,"tay,en",biacing,month,keep_in_xml,source_not_attested,source_not_attested_in_ildrf_reference,no,,,month; moon,,GLOSBE_DICT_GROUP_419c827846db079e,month,primary,https://glosbe.com/tay/en/biacing,data/raw/html/static/tay_en/biacing.html
GLOSBE_DICT_0ca81d69c98bd149,"tay,en",biacing,moon,keep_in_xml,source_not_attested,source_not_attested_in_ildrf_reference,no,,,month; moon,,GLOSBE_DICT_GROUP_419c827846db079e,moon,alt,https://glosbe.com/tay/en/biacing,data/raw/html/static/tay_en/biacing.html
GLOSBE_DICT_8c57629996295866,"tay,en",bilak,little,keep_in_xml,source_not_attested,source_not_attested_in_ildrf_reference,no,,,little; small,,GLOSBE_DICT_GROUP_c78decbc81ac4511,little,primary,https://glosbe.com/tay/en/bilak,data/raw/html/static/tay_en/bilak.html
GLOSBE_DICT_b413ef713d6e56ee,"tay,en",bilak,small,keep_in_xml,source_not_attested,source_not_attested_in_ildrf_reference,no,,,little; small,,GLOSBE_DICT_GROUP_c78decbc81ac4511,small,alt,https://glosbe.com/tay/en/bilak,data/raw/html/static/tay_en/bilak.html
GLOSBE_DICT_cbf644dab2259fe9,"tay,en",bingi',day,keep_in_xml,target_supported_by_mapping,ildrf_source_attested_target_supported_by_mapping,yes,Final_XML/Atayal/Dictionary_Atayal_tay.xml,一天、一宿兒; 一宿兒,day,一天; 一宿兒; 一,GLOSBE_DICT_GROUP_47cba2352110738b,day,primary,https://glosbe.com/tay/en/bingi%27,data/raw/html/static/tay_en/bingi%27.html
GLOSBE_DICT_4618220dd1ece87d,"tay,en",blaq,good,keep_in_xml,target_supported_by_mapping,ildrf_source_attested_target_supported_by_mapping,yes,Final_XML/Atayal/Dictionary_Atayal_tay.xml,好,good; well,好,GLOSBE_DICT_GROUP_9ebb89924211c895,good,primary,https://glosbe.com/tay/en/blaq,data/raw/html/static/tay_en/blaq.html
GLOSBE_DICT_e7ce16e62f82bd51,"tay,en",blaq,well,keep_in_xml,target_supported_by_mapping,ildrf_source_attested_target_supported_by_mapping,yes,Final_XML/Atayal/Dictionary_Atayal_tay.xml,好,good; well,好,GLOSBE_DICT_GROUP_9ebb89924211c895,well,alt,https://glosbe.com/tay/en/blaq,data/raw/html/static/tay_en/blaq.html
GLOSBE_DICT_d3a87172f816d093,"tay,en",bling,orifice,keep_in_xml,target_supported_by_mapping,ildrf_source_attested_target_supported_by_mapping,yes,Final_XML/Atayal/Dictionary_Atayal_tay.xml,山洞; 洞; 洞穴,orifice,山洞; 洞穴; 洞; 山,GLOSBE_DICT_GROUP_fda56da65495f1ef,orifice,primary,https://glosbe.com/tay/en/bling,data/raw/html/static/tay_en/bling.html
GLOSBE_DICT_ed0a51af4ba5ab36,"tay,en",blung,seed,keep_in_xml,gloss_unmapped,ildrf_source_attested_gloss_unmapped,yes,Final_XML/Atayal/Dictionary_Atayal_tay.xml,裝置陷阱,seed,,GLOSBE_DICT_GROUP_f5336770d7ecb764,seed,primary,https://glosbe.com/tay/en/blung,data/raw/html/static/tay_en/blung.html
GLOSBE_DICT_affc0930e8f0d99e,"tay,en",bnaqii,gravel,keep_in_xml,source_not_attested,source_not_attested_in_ildrf_reference,no,,,gravel; grit; sand,,GLOSBE_DICT_GROUP_74a58ee6224e9704,gravel,primary,https://glosbe.com/tay/en/bnaqii,data/raw/html/static/tay_en/bnaqii.html
GLOSBE_DICT_ddb3469a6507d608,"tay,en",bnaqii,grit,keep_in_xml,source_not_attested,source_not_attested_in_ildrf_reference,no,,,gravel; grit; sand,,GLOSBE_DICT_GROUP_74a58ee6224e9704,grit,alt,https://glosbe.com/tay/en/bnaqii,data/raw/html/static/tay_en/bnaqii.html
GLOSBE_DICT_0cadcb00bc96037d,"tay,en",bnaqii,sand,keep_in_xml,source_not_attested,source_not_attested_in_ildrf_reference,no,,,gravel; grit; sand,,GLOSBE_DICT_GROUP_74a58ee6224e9704,sand,alt,https://glosbe.com/tay/en/bnaqii,data/raw/html/static/tay_en/bnaqii.html
GLOSBE_DICT_87d7bb4a94860287,"tay,en",bnkis,"ancestor, oldster",keep_in_xml,source_not_attested,source_not_attested_in_ildrf_reference,no,,,"ancestor, oldster",,GLOSBE_DICT_GROUP_49dff88cb9c1c1e8,"ancestor, oldster",primary,https://glosbe.com/tay/en/bnkis,data/raw/html/static/tay_en/bnkis.html
GLOSBE_DICT_a56693bad231c90b,"tay,en",boluw,long bean,keep_in_xml,source_not_attested,source_not_attested_in_ildrf_reference,no,,,long bean,,GLOSBE_DICT_GROUP_c66e4376d9d4672e,long bean,primary,https://glosbe.com/tay/en/boluw,data/raw/html/static/tay_en/boluw.html
GLOSBE_DICT_89ce1dad07c41541,"tay,en",bonaw,peanut,keep_in_xml,gloss_unmapped,ildrf_source_attested_gloss_unmapped,yes,Final_XML/Atayal/Dictionary_Atayal_tay.xml,花生,peanut,,GLOSBE_DICT_GROUP_d3a68b91815bed92,peanut,primary,https://glosbe.com/tay/en/bonaw,data/raw/html/static/tay_en/bonaw.html
GLOSBE_DICT_627bbc0f27f657cd,"tay,en",bruy,"space, empty",keep_in_xml,source_not_attested,source_not_attested_in_ildrf_reference,no,,,"space, empty",,GLOSBE_DICT_GROUP_e5e518f044e0285a,"space, empty",primary,https://glosbe.com/tay/en/bruy,data/raw/html/static/tay_en/bruy.html
GLOSBE_DICT_c1a25ad255a6705d,"tay,en",bsiaq,short time,keep_in_xml,source_not_attested,source_not_attested_in_ildrf_reference,no,,,short time,,GLOSBE_DICT_GROUP_68e2f5c36bd058cc,short time,primary,https://glosbe.com/tay/en/bsiaq,data/raw/html/static/tay_en/bsiaq.html
GLOSBE_DICT_4cf774a001558766,"tay,en",bskan,place of origin,keep_in_xml,source_not_attested,source_not_attested_in_ildrf_reference,no,,,place of origin,,GLOSBE_DICT_GROUP_78dfb38900e258f5,place of origin,primary,https://glosbe.com/tay/en/bskan,data/raw/html/static/tay_en/bskan.html
GLOSBE_DICT_2161f94dedfac0e1,"tay,en",btúnux,stone,keep_in_xml,source_not_attested,source_not_attested_in_ildrf_reference,no,,,stone,,GLOSBE_DICT_GROUP_2842c9912c71da54,stone,primary,https://glosbe.com/tay/en/bt%C3%BAnux,data/raw/html/static/tay_en/bt%C3%BAnux.html
GLOSBE_DICT_f57165b241121faa,"tay,en",btunux,stone,keep_in_xml,gloss_unmapped,ildrf_source_attested_gloss_unmapped,yes,Final_XML/Atayal/Dictionary_Atayal_tay.xml,岩石; 石頭,stone,,GLOSBE_DICT_GROUP_73036783009a4192,stone,primary,https://glosbe.com/tay/en/btunux,data/raw/html/static/tay_en/btunux.html
GLOSBE_DICT_4f57d847b4375a2d,"tay,en",buax,rice,keep_in_xml,source_not_attested,source_not_attested_in_ildrf_reference,no,,,rice,,GLOSBE_DICT_GROUP_83246b58e7f6d052,rice,primary,https://glosbe.com/tay/en/buax,data/raw/html/static/tay_en/buax.html
GLOSBE_DICT_7aa5e4828873667d,"tay,en",bukil loziq,eyebrow,keep_in_xml,source_not_attested,source_not_attested_in_ildrf_reference,no,,,eyebrow,,GLOSBE_DICT_GROUP_951b2fd19d85dffb,eyebrow,primary,https://glosbe.com/tay/en/bukil%20loziq,data/raw/html/static/tay_en/bukil%20loziq.html
GLOSBE_DICT_ca2bbe58b37862a4,"tay,en",bukil,"body hair, peach",keep_in_xml,gloss_unmapped,ildrf_source_attested_gloss_unmapped,yes,Final_XML/Atayal/Dictionary_Atayal_tay.xml,毛; 體毛,"body hair, peach",,GLOSBE_DICT_GROUP_02aa6d232f0cf06e,"body hair, peach",primary,https://glosbe.com/tay/en/bukil,data/raw/html/static/tay_en/bukil.html
GLOSBE_DICT_743427a510714086,"tay,en",buqul,tomb,keep_in_xml,gloss_unmapped,ildrf_source_attested_gloss_unmapped,yes,Final_XML/Atayal/Dictionary_Atayal_tay.xml,墳墓,tomb,,GLOSBE_DICT_GROUP_0a115076ad2aded5,tomb,primary,https://glosbe.com/tay/en/buqul,data/raw/html/static/tay_en/buqul.html
GLOSBE_DICT_ef6e24aac9ca3d41,"tay,en",buway,fruit,keep_in_xml,source_not_attested,source_not_attested_in_ildrf_reference,no,,,fruit,,GLOSBE_DICT_GROUP_4c649929e595e126,fruit,primary,https://glosbe.com/tay/en/buway,data/raw/html/static/tay_en/buway.html
GLOSBE_DICT_cd3907476e7163c6,"tay,en",bwah,rice (uncooked),keep_in_xml,source_not_attested,source_not_attested_in_ildrf_reference,no,,,rice (uncooked),,GLOSBE_DICT_GROUP_9c38a0ec39174852,rice (uncooked),primary,https://glosbe.com/tay/en/bwah,data/raw/html/static/tay_en/bwah.html
GLOSBE_DICT_e6005415ecc275e0,"tay,en",bziku',man's earring,keep_in_xml,gloss_unmapped,ildrf_source_attested_gloss_unmapped,yes,Final_XML/Atayal/Dictionary_Atayal_tay.xml,耳飾,man's earring,,GLOSBE_DICT_GROUP_463fc7f179b7c1f6,man's earring,primary,https://glosbe.com/tay/en/bziku%27,data/raw/html/static/tay_en/bziku%27.html
GLOSBE_DICT_ffe49184a9e2eccc,"tay,en",bziok nhiun,wild boar,keep_in_xml,source_not_attested,source_not_attested_in_ildrf_reference,no,,,wild boar,,GLOSBE_DICT_GROUP_0ef03b497fd663c9,wild boar,primary,https://glosbe.com/tay/en/bziok%20nhiun,data/raw/html/static/tay_en/bziok%20nhiun.html
GLOSBE_DICT_e4cc7d73579b7168,"tay,en",bziok,pig,keep_in_xml,source_not_attested,source_not_attested_in_ildrf_reference,no,,,pig,,GLOSBE_DICT_GROUP_2f4c7277b0ecc740,pig,primary,https://glosbe.com/tay/en/bziok,data/raw/html/static/tay_en/bziok.html
GLOSBE_DICT_f3e29f0fa006af51,"tay,en",cbeng qba',hand in hand,keep_in_xml,source_not_attested,source_not_attested_in_ildrf_reference,no,,,hand in hand,,GLOSBE_DICT_GROUP_2be2ab409d21cf2d,hand in hand,primary,https://glosbe.com/tay/en/cbeng%20qba%27,data/raw/html/static/tay_en/cbeng%20qba%27.html
GLOSBE_DICT_dad8daced253a23a,"tay,en",ciabux,hat,keep_in_xml,source_not_attested,source_not_attested_in_ildrf_reference,no,,,hat,,GLOSBE_DICT_GROUP_5709a779d07a82bd,hat,primary,https://glosbe.com/tay/en/ciabux,data/raw/html/static/tay_en/ciabux.html
GLOSBE_DICT_808deb18a6fe2b37,"tay,en",cikui,a small amount,keep_in_xml,source_not_attested,source_not_attested_in_ildrf_reference,no,,,a small amount; little; small,,GLOSBE_DICT_GROUP_7d82d0f44bd69dff,a small amount,primary,https://glosbe.com/tay/en/cikui,data/raw/html/static/tay_en/cikui.html
GLOSBE_DICT_a26a87406808d93b,"tay,en",cikui,little,keep_in_xml,source_not_attested,source_not_attested_in_ildrf_reference,no,,,a small amount; little; small,,GLOSBE_DICT_GROUP_7d82d0f44bd69dff,little,alt,https://glosbe.com/tay/en/cikui,data/raw/html/static/tay_en/cikui.html
GLOSBE_DICT_a4fc56ef018083bc,"tay,en",cikui,small,keep_in_xml,source_not_attested,source_not_attested_in_ildrf_reference,no,,,a small amount; little; small,,GLOSBE_DICT_GROUP_7d82d0f44bd69dff,small,alt,https://glosbe.com/tay/en/cikui,data/raw/html/static/tay_en/cikui.html
GLOSBE_DICT_60bcf58dff6565a7,"tay,en",cimmyan,salt meat,keep_in_xml,source_not_attested,source_not_attested_in_ildrf_reference,no,,,salt meat,,GLOSBE_DICT_GROUP_6694fe0c3edff110,salt meat,primary,https://glosbe.com/tay/en/cimmyan,data/raw/html/static/tay_en/cimmyan.html
GLOSBE_DICT_24571d544e8ff7f1,"tay,en",cimu',salt,keep_in_xml,gloss_unmapped,ildrf_source_attested_gloss_unmapped,yes,Final_XML/Atayal/Dictionary_Atayal_tay.xml,鹽; 鹽巴,salt,,GLOSBE_DICT_GROUP_cc3a66546dee096f,salt,primary,https://glosbe.com/tay/en/cimu%27,data/raw/html/static/tay_en/cimu%27.html
GLOSBE_DICT_58924313383abd3b,"tay,en",cinbuanan,nation,keep_in_xml,source_not_attested,source_not_attested_in_ildrf_reference,no,,,nation,,GLOSBE_DICT_GROUP_c51c03c0c0ef34e0,nation,primary,https://glosbe.com/tay/en/cinbuanan,data/raw/html/static/tay_en/cinbuanan.html
GLOSBE_DICT_413e8ee682e1a9a9,"tay,en",cinun,weaving,keep_in_xml,source_not_attested,source_not_attested_in_ildrf_reference,no,,,weaving,,GLOSBE_DICT_GROUP_6d980393ebfb1c65,weaving,primary,https://glosbe.com/tay/en/cinun,data/raw/html/static/tay_en/cinun.html
GLOSBE_DICT_f2ee8dc63fd6f7c6,"tay,en",cipoq,little,keep_in_xml,target_supported_by_mapping,ildrf_source_attested_target_supported_by_mapping,yes,Final_XML/Atayal/Dictionary_Atayal_tay.xml,一點點,"little; little, small; small",一點點; 一,GLOSBE_DICT_GROUP_bab0dadfd772a762,little,primary,https://glosbe.com/tay/en/cipoq,data/raw/html/static/tay_en/cipoq.html
GLOSBE_DICT_195cc1d1fa66e4c8,"tay,en",cipoq,"little, small",keep_in_xml,target_supported_by_mapping,ildrf_source_attested_target_supported_by_mapping,yes,Final_XML/Atayal/Dictionary_Atayal_tay.xml,一點點,"little; little, small; small",一點點; 一,GLOSBE_DICT_GROUP_bab0dadfd772a762,"little, small",alt,https://glosbe.com/tay/en/cipoq,data/raw/html/static/tay_en/cipoq.html
GLOSBE_DICT_e4d1bfca47c74a8c,"tay,en",cipoq,small,keep_in_xml,target_supported_by_mapping,ildrf_source_attested_target_supported_by_mapping,yes,Final_XML/Atayal/Dictionary_Atayal_tay.xml,一點點,"little; little, small; small",一點點; 一,GLOSBE_DICT_GROUP_bab0dadfd772a762,small,alt,https://glosbe.com/tay/en/cipoq,data/raw/html/static/tay_en/cipoq.html
GLOSBE_DICT_05860dea50ae7f58,"tay,en",cmyan,pass the new year,keep_in_xml,target_supported_by_mapping,ildrf_source_attested_target_supported_by_mapping,yes,Final_XML/Atayal/Dictionary_Atayal_tay.xml,新年; 春節(農曆新年),pass the new year,年; 新年; 春節,GLOSBE_DICT_GROUP_18e3a173d063d3bd,pass the new year,primary,https://glosbe.com/tay/en/cmyan,data/raw/html/static/tay_en/cmyan.html
GLOSBE_DICT_b1902e5df6e6d4eb,"tay,en",cqun,together,keep_in_xml,source_not_attested,source_not_attested_in_ildrf_reference,no,,,together,,GLOSBE_DICT_GROUP_bf5da670a88a7849,together,primary,https://glosbe.com/tay/en/cqun,data/raw/html/static/tay_en/cqun.html
GLOSBE_DICT_6744e2a6f6b2289d,"tay,en",dalah tunux,American,keep_in_xml,source_not_attested,source_not_attested_in_ildrf_reference,no,,,American,,GLOSBE_DICT_GROUP_7f1dbc441c6342ae,American,primary,https://glosbe.com/tay/en/dalah%20tunux,data/raw/html/static/tay_en/dalah%20tunux.html
GLOSBE_DICT_4207198bcdfe06a1,"tay,en",gaga,custom,keep_in_xml,source_not_attested,source_not_attested_in_ildrf_reference,no,,,custom,,GLOSBE_DICT_GROUP_ef622f30e292c77f,custom,primary,https://glosbe.com/tay/en/gaga,data/raw/html/static/tay_en/gaga.html
GLOSBE_DICT_1e3c73e66709cf1a,"tay,en",gasil,rope,keep_in_xml,gloss_unmapped,ildrf_source_attested_gloss_unmapped,yes,Final_XML/Atayal/Dictionary_Atayal_tay.xml,線、繩子; 繩索,rope,,GLOSBE_DICT_GROUP_011803e712595be9,rope,primary,https://glosbe.com/tay/en/gasil,data/raw/html/static/tay_en/gasil.html
GLOSBE_DICT_ea9e563031663cbf,"tay,en",gaya',thighs,keep_in_xml,gloss_unmapped,ildrf_source_attested_gloss_unmapped,yes,Final_XML/Atayal/Dictionary_Atayal_tay.xml,大腿,thighs,,GLOSBE_DICT_GROUP_3ea2d25759cb8bd5,thighs,primary,https://glosbe.com/tay/en/gaya%27,data/raw/html/static/tay_en/gaya%27.html
GLOSBE_DICT_4b47d77a2f592757,"tay,en",ghci,wide,keep_in_xml,source_not_attested,source_not_attested_in_ildrf_reference,no,,,wide,,GLOSBE_DICT_GROUP_838fbdc83ad558ed,wide,primary,https://glosbe.com/tay/en/ghci,data/raw/html/static/tay_en/ghci.html
GLOSBE_DICT_f53ff8039fb9d343,"tay,en",gitu,loquat,keep_in_xml,source_not_attested,source_not_attested_in_ildrf_reference,no,,,loquat,,GLOSBE_DICT_GROUP_fec7f6a1ccd2ab6e,loquat,primary,https://glosbe.com/tay/en/gitu,data/raw/html/static/tay_en/gitu.html
GLOSBE_DICT_6e8163536b61c1a6,"tay,en",glgan basu,bus stop,keep_in_xml,source_not_attested,source_not_attested_in_ildrf_reference,no,,,bus stop,,GLOSBE_DICT_GROUP_a9df77f0b1d80a3a,bus stop,primary,https://glosbe.com/tay/en/glgan%20basu,data/raw/html/static/tay_en/glgan%20basu.html
GLOSBE_DICT_6f05601c7c145784,"tay,en",gong,stream,keep_in_xml,gloss_unmapped,ildrf_source_attested_gloss_unmapped,yes,Final_XML/Atayal/Dictionary_Atayal_tay.xml,小溪,stream,,GLOSBE_DICT_GROUP_fc4ecf53b4dbc574,stream,primary,https://glosbe.com/tay/en/gong,data/raw/html/static/tay_en/gong.html
GLOSBE_DICT_42b2d87054d455db,"tay,en",gqcyo,goose,keep_in_xml,source_not_attested,source_not_attested_in_ildrf_reference,no,,,goose,,GLOSBE_DICT_GROUP_8da78312dc3b2899,goose,primary,https://glosbe.com/tay/en/gqcyo,data/raw/html/static/tay_en/gqcyo.html
GLOSBE_DICT_3de729c632674b04,"tay,en",gryung,"nape, neck",keep_in_xml,source_not_attested,source_not_attested_in_ildrf_reference,no,,,"nape, neck",,GLOSBE_DICT_GROUP_cdf756d61c686a45,"nape, neck",primary,https://glosbe.com/tay/en/gryung,data/raw/html/static/tay_en/gryung.html
GLOSBE_DICT_20e53fcfbccfc7c5,"tay,en",guqoh,banana,keep_in_xml,source_not_attested,source_not_attested_in_ildrf_reference,no,,,banana,,GLOSBE_DICT_GROUP_68d780719864451e,banana,primary,https://glosbe.com/tay/en/guqoh,data/raw/html/static/tay_en/guqoh.html
GLOSBE_DICT_3251cd857f87cc72,"tay,en",hakut,bring,keep_in_xml,target_supported_by_mapping,ildrf_source_attested_target_supported_by_mapping,yes,Final_XML/Atayal/Dictionary_Atayal_tay.xml,搬運,bring; carry,搬運,GLOSBE_DICT_GROUP_e6e4d39ec353b73e,bring,primary,https://glosbe.com/tay/en/hakut,data/raw/html/static/tay_en/hakut.html
GLOSBE_DICT_d7bd0321aa7ccefc,"tay,en",hakut,carry,keep_in_xml,target_supported_by_mapping,ildrf_source_attested_target_supported_by_mapping,yes,Final_XML/Atayal/Dictionary_Atayal_tay.xml,搬運,bring; carry,搬運,GLOSBE_DICT_GROUP_e6e4d39ec353b73e,carry,alt,https://glosbe.com/tay/en/hakut,data/raw/html/static/tay_en/hakut.html
GLOSBE_DICT_c2dbb5971201ac5a,"tay,en",hapui,cook,keep_in_xml,source_not_attested,source_not_attested_in_ildrf_reference,no,,,cook,,GLOSBE_DICT_GROUP_43c8dd6eb07bdeff,cook,primary,https://glosbe.com/tay/en/hapui,data/raw/html/static/tay_en/hapui.html
GLOSBE_DICT_ea4b1b17774eaf01,"tay,en",hi,body,keep_in_xml,source_not_attested,source_not_attested_in_ildrf_reference,no,,,body,,GLOSBE_DICT_GROUP_f64fcd9355f0f7d1,body,primary,https://glosbe.com/tay/en/hi,data/raw/html/static/tay_en/hi.html
GLOSBE_DICT_194295366d7bb8a4,"tay,en",hial,earth,keep_in_xml,source_not_attested,source_not_attested_in_ildrf_reference,no,,,earth; world,,GLOSBE_DICT_GROUP_81c0bf99cd99b076,earth,primary,https://glosbe.com/tay/en/hial,data/raw/html/static/tay_en/hial.html
GLOSBE_DICT_ddfa6e7aafa8992b,"tay,en",hial,world,keep_in_xml,source_not_attested,source_not_attested_in_ildrf_reference,no,,,earth; world,,GLOSBE_DICT_GROUP_81c0bf99cd99b076,world,alt,https://glosbe.com/tay/en/hial,data/raw/html/static/tay_en/hial.html
GLOSBE_DICT_88d5e043ed23de8e,"tay,en",hkuy,music,keep_in_xml,gloss_unmapped,ildrf_source_attested_gloss_unmapped,yes,Final_XML/Atayal/Dictionary_Atayal_tay.xml,彎角; 轉彎、弄彎,music,,GLOSBE_DICT_GROUP_eb565241092bc23a,music,primary,https://glosbe.com/tay/en/hkuy,data/raw/html/static/tay_en/hkuy.html
GLOSBE_DICT_d3127c05c1ea2838,"tay,en",hmop,pierce,keep_in_xml,source_not_attested,source_not_attested_in_ildrf_reference,no,,,pierce; stab; stick; sting,,GLOSBE_DICT_GROUP_57d274d16ba6c587,pierce,primary,https://glosbe.com/tay/en/hmop,data/raw/html/static/tay_en/hmop.html
GLOSBE_DICT_3045555e280c81c1,"tay,en",hmop,stab,keep_in_xml,source_not_attested,source_not_attested_in_ildrf_reference,no,,,pierce; stab; stick; sting,,GLOSBE_DICT_GROUP_57d274d16ba6c587,stab,alt,https://glosbe.com/tay/en/hmop,data/raw/html/static/tay_en/hmop.html
GLOSBE_DICT_a710d8a38cc8e4fa,"tay,en",hmop,stick,keep_in_xml,source_not_attested,source_not_attested_in_ildrf_reference,no,,,pierce; stab; stick; sting,,GLOSBE_DICT_GROUP_57d274d16ba6c587,stick,alt,https://glosbe.com/tay/en/hmop,data/raw/html/static/tay_en/hmop.html
GLOSBE_DICT_5b79169863d40c28,"tay,en",hmop,sting,keep_in_xml,source_not_attested,source_not_attested_in_ildrf_reference,no,,,pierce; stab; stick; sting,,GLOSBE_DICT_GROUP_57d274d16ba6c587,sting,alt,https://glosbe.com/tay/en/hmop,data/raw/html/static/tay_en/hmop.html
GLOSBE_DICT_ed2a4efa126856d6,"tay,en",hmyapas,joke (with someone),keep_in_xml,target_supported_by_mapping,ildrf_source_attested_target_supported_by_mapping,yes,Final_XML/Atayal/Dictionary_Atayal_tay.xml,嬉戲、好玩,joke (with someone),好; 嬉戲; 好玩,GLOSBE_DICT_GROUP_01cb197650400e08,joke (with someone),primary,https://glosbe.com/tay/en/hmyapas,data/raw/html/static/tay_en/hmyapas.html
GLOSBE_DICT_8f61e90d3dfb5bc0,"tay,en",hmyaw,chase,keep_in_xml,source_not_attested,source_not_attested_in_ildrf_reference,no,,,chase,,GLOSBE_DICT_GROUP_a0a16279724141c8,chase,primary,https://glosbe.com/tay/en/hmyaw,data/raw/html/static/tay_en/hmyaw.html
GLOSBE_DICT_52fb9731437e4c4d,"tay,en",hoku',stick,keep_in_xml,gloss_unmapped,ildrf_source_attested_gloss_unmapped,yes,Final_XML/Atayal/Dictionary_Atayal_tay.xml,柺杖,stick,,GLOSBE_DICT_GROUP_46d35f7e25a8cff4,stick,primary,https://glosbe.com/tay/en/hoku%27,data/raw/html/static/tay_en/hoku%27.html
GLOSBE_DICT_a8cd40c61db65437,"tay,en",hongu na utux,rainbow,keep_in_xml,source_not_attested,source_not_attested_in_ildrf_reference,no,,,rainbow,,GLOSBE_DICT_GROUP_8b9ef8b9c58ec77d,rainbow,primary,https://glosbe.com/tay/en/hongu%20na%20utux,data/raw/html/static/tay_en/hongu%20na%20utux.html
GLOSBE_DICT_6baf3e286efe8b8d,"tay,en",hongu' utux,rainbow,keep_in_xml,gloss_unmapped,ildrf_source_attested_gloss_unmapped,yes,Final_XML/Atayal/Dictionary_Atayal_tay.xml,彩虹,rainbow,,GLOSBE_DICT_GROUP_54a66b269243854b,rainbow,primary,https://glosbe.com/tay/en/hongu%27%20utux,data/raw/html/static/tay_en/hongu%27%20utux.html
GLOSBE_DICT_51c70e1964a63ba8,"tay,en",hongu',bridge,keep_in_xml,gloss_unmapped,ildrf_source_attested_gloss_unmapped,yes,Final_XML/Atayal/Dictionary_Atayal_tay.xml,橋; 橋樑,bridge,,GLOSBE_DICT_GROUP_2da1736d1cb639cc,bridge,primary,https://glosbe.com/tay/en/hongu%27,data/raw/html/static/tay_en/hongu%27.html
GLOSBE_DICT_bda0403b0a857def,"tay,en",hongu,bridge,keep_in_xml,source_not_attested,source_not_attested_in_ildrf_reference,no,,,bridge,,GLOSBE_DICT_GROUP_855de7573a962d95,bridge,primary,https://glosbe.com/tay/en/hongu,data/raw/html/static/tay_en/hongu.html
GLOSBE_DICT_931c97d6dd909693,"tay,en",hoqil,death,keep_in_xml,source_not_attested,source_not_attested_in_ildrf_reference,no,,,death,,GLOSBE_DICT_GROUP_b3971b79f30f874e,death,primary,https://glosbe.com/tay/en/hoqil,data/raw/html/static/tay_en/hoqil.html
GLOSBE_DICT_0b86c3a069ea899d,"tay,en",hoyel,dog,keep_in_xml,source_not_attested,source_not_attested_in_ildrf_reference,no,,,dog,,GLOSBE_DICT_GROUP_fa7ab961ed53ee91,dog,primary,https://glosbe.com/tay/en/hoyel,data/raw/html/static/tay_en/hoyel.html
GLOSBE_DICT_ebd6a5b72baff418,"tay,en",hpah,flower,keep_in_xml,source_not_attested,source_not_attested_in_ildrf_reference,no,,,flower,,GLOSBE_DICT_GROUP_39038b8d0e96176a,flower,primary,https://glosbe.com/tay/en/hpah,data/raw/html/static/tay_en/hpah.html
GLOSBE_DICT_1c80cd1ecb990ff3,"tay,en",hpurun,cook,keep_in_xml,source_not_attested,source_not_attested_in_ildrf_reference,no,,,cook,,GLOSBE_DICT_GROUP_0e02489e59e4eb65,cook,primary,https://glosbe.com/tay/en/hpurun,data/raw/html/static/tay_en/hpurun.html
GLOSBE_DICT_6908aef92f6e8d6e,"tay,en",htuw,emerge,keep_in_xml,gloss_unmapped,ildrf_source_attested_gloss_unmapped,yes,Final_XML/Atayal/Dictionary_Atayal_tay.xml,出現,emerge,,GLOSBE_DICT_GROUP_19591884566fa149,emerge,primary,https://glosbe.com/tay/en/htuw,data/raw/html/static/tay_en/htuw.html
GLOSBE_DICT_50b6e96d802bb10a,"tay,en",hu-il,dog,keep_in_xml,source_not_attested,source_not_attested_in_ildrf_reference,no,,,dog,,GLOSBE_DICT_GROUP_618f66568eade9ce,dog,primary,https://glosbe.com/tay/en/hu-il,data/raw/html/static/tay_en/hu-il.html
GLOSBE_DICT_89374c479e03f1da,"tay,en",huzil,dog,keep_in_xml,target_supported_by_mapping,ildrf_source_attested_target_supported_by_mapping,yes,Final_XML/Atayal/Dictionary_Atayal_tay.xml,狗,dog; doggy; hound,狗,GLOSBE_DICT_GROUP_000b8a16537bef06,dog,primary,https://glosbe.com/tay/en/huzil,data/raw/html/static/tay_en/huzil.html
GLOSBE_DICT_98c86f0d2097a673,"tay,en",huzil,doggy,keep_in_xml,target_supported_by_mapping,ildrf_source_attested_target_supported_by_mapping,yes,Final_XML/Atayal/Dictionary_Atayal_tay.xml,狗,dog; doggy; hound,狗,GLOSBE_DICT_GROUP_000b8a16537bef06,doggy,alt,https://glosbe.com/tay/en/huzil,data/raw/html/static/tay_en/huzil.html
GLOSBE_DICT_f3b9ba378310938b,"tay,en",huzil,hound,keep_in_xml,target_supported_by_mapping,ildrf_source_attested_target_supported_by_mapping,yes,Final_XML/Atayal/Dictionary_Atayal_tay.xml,狗,dog; doggy; hound,狗,GLOSBE_DICT_GROUP_000b8a16537bef06,hound,alt,https://glosbe.com/tay/en/huzil,data/raw/html/static/tay_en/huzil.html
GLOSBE_DICT_6ef2a956a253631d,"tay,en",ima,who,keep_in_xml,source_not_attested,source_not_attested_in_ildrf_reference,no,,,who,,GLOSBE_DICT_GROUP_fa2cc908c3acf071,who,primary,https://glosbe.com/tay/en/ima,data/raw/html/static/tay_en/ima.html
GLOSBE_DICT_64a76b209ec5ac68,"tay,en",inbu',patient,keep_in_xml,source_not_attested,source_not_attested_in_ildrf_reference,no,,,patient,,GLOSBE_DICT_GROUP_05714ea01bca0fdd,patient,primary,https://glosbe.com/tay/en/inbu%27,data/raw/html/static/tay_en/inbu%27.html
GLOSBE_DICT_0e5bd4a52469d633,"tay,en",ini,not,keep_in_xml,source_not_attested,source_not_attested_in_ildrf_reference,no,,,not,,GLOSBE_DICT_GROUP_2b171058d77c97f0,not,primary,https://glosbe.com/tay/en/ini,data/raw/html/static/tay_en/ini.html
GLOSBE_DICT_369b69ed032d174c,"tay,en",inlungan,mind,keep_in_xml,gloss_unmapped,ildrf_source_attested_gloss_unmapped,yes,Final_XML/Atayal/Dictionary_Atayal_tay.xml,心腸、心思、想法,mind,,GLOSBE_DICT_GROUP_5f7386ae945f8bad,mind,primary,https://glosbe.com/tay/en/inlungan,data/raw/html/static/tay_en/inlungan.html
GLOSBE_DICT_03e743c7e3d505e3,"tay,en",inu,where,keep_in_xml,source_not_attested,source_not_attested_in_ildrf_reference,no,,,where,,GLOSBE_DICT_GROUP_5b24c239b080d0d1,where,primary,https://glosbe.com/tay/en/inu,data/raw/html/static/tay_en/inu.html
GLOSBE_DICT_031a2149454dc6ce,"tay,en",inungan,heart,keep_in_xml,source_not_attested,source_not_attested_in_ildrf_reference,no,,,heart,,GLOSBE_DICT_GROUP_922525eb630f6c25,heart,primary,https://glosbe.com/tay/en/inungan,data/raw/html/static/tay_en/inungan.html
GLOSBE_DICT_c21caaeea0da5bda,"tay,en",ispuqing,original place,keep_in_xml,source_not_attested,source_not_attested_in_ildrf_reference,no,,,original place,,GLOSBE_DICT_GROUP_6e286d58b2dcca16,original place,primary,https://glosbe.com/tay/en/ispuqing,data/raw/html/static/tay_en/ispuqing.html
GLOSBE_DICT_b5ce2b8e007fe3c1,"tay,en",isu,you,keep_in_xml,source_not_attested,source_not_attested_in_ildrf_reference,no,,,you,,GLOSBE_DICT_GROUP_26c0f000064705cb,you,primary,https://glosbe.com/tay/en/isu,data/raw/html/static/tay_en/isu.html
GLOSBE_DICT_2a4972deed830a95,"tay,en",ita,we,keep_in_xml,source_not_attested,source_not_attested_in_ildrf_reference,no,,,we,,GLOSBE_DICT_GROUP_85fc3016dc617a1b,we,primary,https://glosbe.com/tay/en/ita,data/raw/html/static/tay_en/ita.html
GLOSBE_DICT_d206d638e0f943eb,"tay,en",itunux,severed head,keep_in_xml,source_not_attested,source_not_attested_in_ildrf_reference,no,,,severed head,,GLOSBE_DICT_GROUP_38b280f60fee591c,severed head,primary,https://glosbe.com/tay/en/itunux,data/raw/html/static/tay_en/itunux.html
GLOSBE_DICT_604328e294cafb47,"tay,en",iungay,monkey,keep_in_xml,source_not_attested,source_not_attested_in_ildrf_reference,no,,,monkey,,GLOSBE_DICT_GROUP_c8cb54f2dcad4321,monkey,primary,https://glosbe.com/tay/en/iungay,data/raw/html/static/tay_en/iungay.html
GLOSBE_DICT_752bdcfa2c3aee00,"tay,en",k'man,grass unattended,keep_in_xml,gloss_unmapped,ildrf_source_attested_gloss_unmapped,yes,Final_XML/Atayal/Dictionary_Atayal_tay.xml,草; 雜草,grass unattended,,GLOSBE_DICT_GROUP_e254ed9897d98c90,grass unattended,primary,https://glosbe.com/tay/en/k%27man,data/raw/html/static/tay_en/k%27man.html
GLOSBE_DICT_8adc330caa94e3ca,"tay,en",kāyal,sky,keep_in_xml,source_not_attested,source_not_attested_in_ildrf_reference,no,,,sky,,GLOSBE_DICT_GROUP_e120ad7070466620,sky,primary,https://glosbe.com/tay/en/k%C4%81yal,data/raw/html/static/tay_en/k%C4%81yal.html
GLOSBE_DICT_6b134c12a21b2b76,"tay,en",kacing,"buffalo, cow",keep_in_xml,gloss_unmapped,ildrf_source_attested_gloss_unmapped,yes,Final_XML/Atayal/Dictionary_Atayal_tay.xml,牛,"buffalo, cow",,GLOSBE_DICT_GROUP_1a0fef6cd417cc01,"buffalo, cow",primary,https://glosbe.com/tay/en/kacing,data/raw/html/static/tay_en/kacing.html
GLOSBE_DICT_2770248c10b90555,"tay,en",kaial,sky,keep_in_xml,source_not_attested,source_not_attested_in_ildrf_reference,no,,,sky,,GLOSBE_DICT_GROUP_ec98ff1e51c7f5da,sky,primary,https://glosbe.com/tay/en/kaial,data/raw/html/static/tay_en/kaial.html
GLOSBE_DICT_be5728fdfcfc8db0,"tay,en",kakay,foot,keep_in_xml,gloss_unmapped,ildrf_source_attested_gloss_unmapped,yes,Final_XML/Atayal/Dictionary_Atayal_tay.xml,腳,foot,,GLOSBE_DICT_GROUP_2efcf823b036fbdc,foot,primary,https://glosbe.com/tay/en/kakay,data/raw/html/static/tay_en/kakay.html
GLOSBE_DICT_035b2c4e5a870ddf,"tay,en",kaman,grass,keep_in_xml,source_not_attested,source_not_attested_in_ildrf_reference,no,,,grass,,GLOSBE_DICT_GROUP_626e530d9887d481,grass,primary,https://glosbe.com/tay/en/kaman,data/raw/html/static/tay_en/kaman.html
GLOSBE_DICT_c8b45255d007f1f3,"tay,en",kamit,fingernail,keep_in_xml,gloss_unmapped,ildrf_source_attested_gloss_unmapped,yes,Final_XML/Atayal/Dictionary_Atayal_tay.xml,指甲,fingernail,,GLOSBE_DICT_GROUP_6b63c3fd3ce4c00f,fingernail,primary,https://glosbe.com/tay/en/kamit,data/raw/html/static/tay_en/kamit.html
GLOSBE_DICT_2f28d1c235dac3e8,"tay,en",kapin,scar,keep_in_xml,source_not_attested,source_not_attested_in_ildrf_reference,no,,,scar,,GLOSBE_DICT_GROUP_5b2fc67dfeabf2ed,scar,primary,https://glosbe.com/tay/en/kapin,data/raw/html/static/tay_en/kapin.html
GLOSBE_DICT_866f11cd1e42041e,"tay,en",karoh,hoe,keep_in_xml,source_not_attested,source_not_attested_in_ildrf_reference,no,,,hoe,,GLOSBE_DICT_GROUP_36e63ea6d173d6a2,hoe,primary,https://glosbe.com/tay/en/karoh,data/raw/html/static/tay_en/karoh.html
GLOSBE_DICT_6943ef4ed03bd75e,"tay,en",kawas,year,keep_in_xml,source_not_attested,source_not_attested_in_ildrf_reference,no,,,year,,GLOSBE_DICT_GROUP_ffbfa198fa1357b2,year,primary,https://glosbe.com/tay/en/kawas,data/raw/html/static/tay_en/kawas.html
GLOSBE_DICT_e4721c817918d785,"tay,en",kaway meriy,red-flesh plum,keep_in_xml,source_not_attested,source_not_attested_in_ildrf_reference,no,,,red-flesh plum,,GLOSBE_DICT_GROUP_934731ddc322cf64,red-flesh plum,primary,https://glosbe.com/tay/en/kaway%20meriy,data/raw/html/static/tay_en/kaway%20meriy.html
GLOSBE_DICT_5b71120c6bb21d79,"tay,en",kaway,plum,keep_in_xml,gloss_unmapped,ildrf_source_attested_gloss_unmapped,yes,Final_XML/Atayal/Dictionary_Atayal_tay.xml,李子,plum,,GLOSBE_DICT_GROUP_6feed4938cd4dcf6,plum,primary,https://glosbe.com/tay/en/kaway,data/raw/html/static/tay_en/kaway.html
GLOSBE_DICT_d7e02d8066a8dfb3,"tay,en",kayal,sky,keep_in_xml,gloss_unmapped,ildrf_source_attested_gloss_unmapped,yes,Final_XML/Atayal/Dictionary_Atayal_tay.xml,天空,sky,,GLOSBE_DICT_GROUP_5e4ba7f14507cbe0,sky,primary,https://glosbe.com/tay/en/kayal,data/raw/html/static/tay_en/kayal.html
GLOSBE_DICT_c1af17d2c87f26df,"tay,en",kayu',pot,keep_in_xml,gloss_unmapped,ildrf_source_attested_gloss_unmapped,yes,Final_XML/Atayal/Dictionary_Atayal_tay.xml,小甕,pot,,GLOSBE_DICT_GROUP_95a620d15ca33240,pot,primary,https://glosbe.com/tay/en/kayu%27,data/raw/html/static/tay_en/kayu%27.html
GLOSBE_DICT_a0c0d9e73992410d,"tay,en",kbrus,cheat,keep_in_xml,gloss_unmapped,ildrf_source_attested_gloss_unmapped,yes,Final_XML/Atayal/Dictionary_Atayal_tay.xml,說謊,cheat,,GLOSBE_DICT_GROUP_b9324422aa604dd1,cheat,primary,https://glosbe.com/tay/en/kbrus,data/raw/html/static/tay_en/kbrus.html
GLOSBE_DICT_0b14caffe5326ec4,"tay,en",ke',"speech, language",keep_in_xml,target_supported_by_mapping,ildrf_source_attested_target_supported_by_mapping,yes,Final_XML/Atayal/Dictionary_Atayal_tay.xml,話; 語言,"speech, language; story",話; 語言,GLOSBE_DICT_GROUP_d220275ca3bfe0dd,"speech, language",primary,https://glosbe.com/tay/en/ke%27,data/raw/html/static/tay_en/ke%27.html
GLOSBE_DICT_37757bc5e9447b74,"tay,en",ke',story,keep_in_xml,target_supported_by_mapping,ildrf_source_attested_target_supported_by_mapping,yes,Final_XML/Atayal/Dictionary_Atayal_tay.xml,話; 語言,"speech, language; story",話; 語言,GLOSBE_DICT_GROUP_d220275ca3bfe0dd,story,alt,https://glosbe.com/tay/en/ke%27,data/raw/html/static/tay_en/ke%27.html
GLOSBE_DICT_13e10ff1c0dc5030,"tay,en",kgiy,hemp,keep_in_xml,gloss_unmapped,ildrf_source_attested_gloss_unmapped,yes,Final_XML/Atayal/Dictionary_Atayal_tay.xml,苧麻,hemp,,GLOSBE_DICT_GROUP_094421865eb52396,hemp,primary,https://glosbe.com/tay/en/kgiy,data/raw/html/static/tay_en/kgiy.html
GLOSBE_DICT_920dd7551622cc39,"tay,en",khahunikh,stick,keep_in_xml,source_not_attested,source_not_attested_in_ildrf_reference,no,,,stick; wood,,GLOSBE_DICT_GROUP_8828b4079dcc64e2,stick,primary,https://glosbe.com/tay/en/khahunikh,data/raw/html/static/tay_en/khahunikh.html
GLOSBE_DICT_29d717276f07a076,"tay,en",khahunikh,wood,keep_in_xml,source_not_attested,source_not_attested_in_ildrf_reference,no,,,stick; wood,,GLOSBE_DICT_GROUP_8828b4079dcc64e2,wood,alt,https://glosbe.com/tay/en/khahunikh,data/raw/html/static/tay_en/khahunikh.html
GLOSBE_DICT_f2e719a4be8599ea,"tay,en",khangi',walk,keep_in_xml,source_not_attested,source_not_attested_in_ildrf_reference,no,,,walk,,GLOSBE_DICT_GROUP_244d6735b4f9ed63,walk,primary,https://glosbe.com/tay/en/khangi%27,data/raw/html/static/tay_en/khangi%27.html
GLOSBE_DICT_c4f29fda31439c15,"tay,en",khoni,stick,keep_in_xml,source_not_attested,source_not_attested_in_ildrf_reference,no,,,stick; wood,,GLOSBE_DICT_GROUP_795f623f8da71eea,stick,primary,https://glosbe.com/tay/en/khoni,data/raw/html/static/tay_en/khoni.html
GLOSBE_DICT_7bf0a81605393c04,"tay,en",khoni,wood,keep_in_xml,source_not_attested,source_not_attested_in_ildrf_reference,no,,,stick; wood,,GLOSBE_DICT_GROUP_795f623f8da71eea,wood,alt,https://glosbe.com/tay/en/khoni,data/raw/html/static/tay_en/khoni.html
GLOSBE_DICT_7248bde3c2f59b61,"tay,en",khoniq,stick,keep_in_xml,source_not_attested,source_not_attested_in_ildrf_reference,no,,,stick; wood,,GLOSBE_DICT_GROUP_be4d834c29f99c29,stick,primary,https://glosbe.com/tay/en/khoniq,data/raw/html/static/tay_en/khoniq.html
GLOSBE_DICT_08bdda01cfcaf25b,"tay,en",khoniq,wood,keep_in_xml,source_not_attested,source_not_attested_in_ildrf_reference,no,,,stick; wood,,GLOSBE_DICT_GROUP_be4d834c29f99c29,wood,alt,https://glosbe.com/tay/en/khoniq,data/raw/html/static/tay_en/khoniq.html
GLOSBE_DICT_1e63fad9bdcdd9f9,"tay,en",kira',today,keep_in_xml,source_not_attested,source_not_attested_in_ildrf_reference,no,,,today,,GLOSBE_DICT_GROUP_9bed1b6a0f492214,today,primary,https://glosbe.com/tay/en/kira%27,data/raw/html/static/tay_en/kira%27.html
GLOSBE_DICT_ffc9e4678f0c3b05,"tay,en",kmaial,say,keep_in_xml,source_not_attested,source_not_attested_in_ildrf_reference,no,,,say,,GLOSBE_DICT_GROUP_2a4c7118a4e845b8,say,primary,https://glosbe.com/tay/en/kmaial,data/raw/html/static/tay_en/kmaial.html
GLOSBE_DICT_5e9fa918533ff97c,"tay,en",kmkah mari,kick a ball,keep_in_xml,source_not_attested,source_not_attested_in_ildrf_reference,no,,,kick a ball,,GLOSBE_DICT_GROUP_82ee195e28d74821,kick a ball,primary,https://glosbe.com/tay/en/kmkah%20mari,data/raw/html/static/tay_en/kmkah%20mari.html
GLOSBE_DICT_d39acdffda079303,"tay,en",kneril,woman,keep_in_xml,target_supported_by_mapping,ildrf_source_attested_target_supported_by_mapping,yes,Final_XML/Atayal/Dictionary_Atayal_tay.xml,女生、女人、妻子,woman,女生; 女人; 妻子; 人,GLOSBE_DICT_GROUP_dcefbba9731d2d18,woman,primary,https://glosbe.com/tay/en/kneril,data/raw/html/static/tay_en/kneril.html
GLOSBE_DICT_8a3f225b30efd958,"tay,en",koto,one,keep_in_xml,source_not_attested,source_not_attested_in_ildrf_reference,no,,,one,,GLOSBE_DICT_GROUP_edaa2772de3b00b6,one,primary,https://glosbe.com/tay/en/koto,data/raw/html/static/tay_en/koto.html
GLOSBE_DICT_f1d3afc983e3e1d8,"tay,en",kulikh,fish,keep_in_xml,source_not_attested,source_not_attested_in_ildrf_reference,no,,,fish,,GLOSBE_DICT_GROUP_58c7b22730f74eec,fish,primary,https://glosbe.com/tay/en/kulikh,data/raw/html/static/tay_en/kulikh.html
GLOSBE_DICT_3cca0acbe3d93648,"tay,en",kulu' syan biru,bookshelf,keep_in_xml,source_not_attested,source_not_attested_in_ildrf_reference,no,,,bookshelf,,GLOSBE_DICT_GROUP_bbd8cb854da9a092,bookshelf,primary,https://glosbe.com/tay/en/kulu%27%20syan%20biru,data/raw/html/static/tay_en/kulu%27%20syan%20biru.html
GLOSBE_DICT_5e14f410a0216bae,"tay,en",kulu,fence,keep_in_xml,source_not_attested,source_not_attested_in_ildrf_reference,no,,,fence,,GLOSBE_DICT_GROUP_f278fbe1886c232a,fence,primary,https://glosbe.com/tay/en/kulu,data/raw/html/static/tay_en/kulu.html
GLOSBE_DICT_f64b97a405a5be46,"tay,en",kuzing,I,keep_in_xml,source_not_attested,source_not_attested_in_ildrf_reference,no,,,I,,GLOSBE_DICT_GROUP_661c1d190acceb81,I,primary,https://glosbe.com/tay/en/kuzing,data/raw/html/static/tay_en/kuzing.html
GLOSBE_DICT_a41f8cf54fc0d64c,"tay,en",kwārahu,rain,keep_in_xml,source_not_attested,source_not_attested_in_ildrf_reference,no,,,rain,,GLOSBE_DICT_GROUP_8a8a48baeb0386b7,rain,primary,https://glosbe.com/tay/en/kw%C4%81rahu,data/raw/html/static/tay_en/kw%C4%81rahu.html
GLOSBE_DICT_92ca85c26aa0735d,"tay,en",lalan,desk,keep_in_xml,source_not_attested,source_not_attested_in_ildrf_reference,no,,,desk,,GLOSBE_DICT_GROUP_0adb6c5285512c14,desk,primary,https://glosbe.com/tay/en/lalan,data/raw/html/static/tay_en/lalan.html
GLOSBE_DICT_a2f694b8396ba81f,"tay,en",lalaw,knife,keep_in_xml,gloss_unmapped,ildrf_source_attested_gloss_unmapped,yes,Final_XML/Atayal/Dictionary_Atayal_tay.xml,獵刀; 直形獵刀,knife,,GLOSBE_DICT_GROUP_db6f9ae8052fceaf,knife,primary,https://glosbe.com/tay/en/lalaw,data/raw/html/static/tay_en/lalaw.html
GLOSBE_DICT_753268ddab1dd522,"tay,en",lapaw,cherry blossom,keep_in_xml,target_supported_by_mapping,ildrf_source_attested_target_supported_by_mapping,yes,Final_XML/Atayal/Dictionary_Atayal_tay.xml,山櫻花,cherry blossom,山櫻花; 山,GLOSBE_DICT_GROUP_e003224ba6776673,cherry blossom,primary,https://glosbe.com/tay/en/lapaw,data/raw/html/static/tay_en/lapaw.html
GLOSBE_DICT_8688177497582efe,"tay,en",laqi,child,keep_in_xml,source_not_attested,source_not_attested_in_ildrf_reference,no,,,child,,GLOSBE_DICT_GROUP_a05943b8dc702492,child,primary,https://glosbe.com/tay/en/laqi,data/raw/html/static/tay_en/laqi.html
GLOSBE_DICT_4907c067e5a181ba,"tay,en",lazia,stalks,keep_in_xml,source_not_attested,source_not_attested_in_ildrf_reference,no,,,stalks,,GLOSBE_DICT_GROUP_5dea72b8c09e7bc1,stalks,primary,https://glosbe.com/tay/en/lazia,data/raw/html/static/tay_en/lazia.html
GLOSBE_DICT_7e5e80239f9ad63a,"tay,en",lbak,refire,keep_in_xml,gloss_unmapped,ildrf_source_attested_gloss_unmapped,yes,Final_XML/Atayal/Dictionary_Atayal_tay.xml,葉子,refire,,GLOSBE_DICT_GROUP_345b42dd9a1c9433,refire,primary,https://glosbe.com/tay/en/lbak,data/raw/html/static/tay_en/lbak.html
GLOSBE_DICT_8a978b114e6d0d18,"tay,en",lepuw,"dregs, lees",keep_in_xml,source_not_attested,source_not_attested_in_ildrf_reference,no,,,"dregs, lees",,GLOSBE_DICT_GROUP_5f193fa4b464012c,"dregs, lees",primary,https://glosbe.com/tay/en/lepuw,data/raw/html/static/tay_en/lepuw.html
GLOSBE_DICT_845a2541c38441f5,"tay,en",lhlahuy,dense forest,keep_in_xml,source_not_attested,source_not_attested_in_ildrf_reference,no,,,dense forest,,GLOSBE_DICT_GROUP_e1d19bbabbd5b36d,dense forest,primary,https://glosbe.com/tay/en/lhlahuy,data/raw/html/static/tay_en/lhlahuy.html
GLOSBE_DICT_55f15fe828ec2b45,"tay,en",lingay,alongside,keep_in_xml,gloss_unmapped,ildrf_source_attested_gloss_unmapped,yes,Final_XML/Atayal/Dictionary_Atayal_tay.xml,周圍、邊緣,alongside,,GLOSBE_DICT_GROUP_1b909f7773d9178d,alongside,primary,https://glosbe.com/tay/en/lingay,data/raw/html/static/tay_en/lingay.html
GLOSBE_DICT_e480d312c53ec39d,"tay,en",liung,river,keep_in_xml,source_not_attested,source_not_attested_in_ildrf_reference,no,,,river,,GLOSBE_DICT_GROUP_f0ba9ddd337d9189,river,primary,https://glosbe.com/tay/en/liung,data/raw/html/static/tay_en/liung.html
GLOSBE_DICT_ce5dfc4fb78bac18,"tay,en",lkotas,ancestors,keep_in_xml,gloss_unmapped,ildrf_source_attested_gloss_unmapped,yes,Final_XML/Atayal/Dictionary_Atayal_tay.xml,祖先,ancestors,,GLOSBE_DICT_GROUP_f34b4b8dc8ac0a2c,ancestors,primary,https://glosbe.com/tay/en/lkotas,data/raw/html/static/tay_en/lkotas.html
GLOSBE_DICT_71334734c6d643d7,"tay,en",llaw,easy,keep_in_xml,source_not_attested,source_not_attested_in_ildrf_reference,no,,,easy,,GLOSBE_DICT_GROUP_ba8c29149502e319,easy,primary,https://glosbe.com/tay/en/llaw,data/raw/html/static/tay_en/llaw.html
GLOSBE_DICT_25e2dec6f5d16d2b,"tay,en",lmngyaq,swim,keep_in_xml,gloss_unmapped,ildrf_source_attested_gloss_unmapped,yes,Final_XML/Atayal/Dictionary_Atayal_tay.xml,游泳,swim,,GLOSBE_DICT_GROUP_1e576cae8faab85f,swim,primary,https://glosbe.com/tay/en/lmngyaq,data/raw/html/static/tay_en/lmngyaq.html
GLOSBE_DICT_88f3eee1664c1259,"tay,en",lmom,burn,keep_in_xml,target_supported_by_mapping,ildrf_source_attested_target_supported_by_mapping,yes,Final_XML/Atayal/Dictionary_Atayal_tay.xml,(放火)燒; 燒(如燒稻草),burn; refire,燒,GLOSBE_DICT_GROUP_0e65cfd543b131d4,burn,primary,https://glosbe.com/tay/en/lmom,data/raw/html/static/tay_en/lmom.html
GLOSBE_DICT_b6014c60c30f5053,"tay,en",lmom,refire,keep_in_xml,different_from_mapping,ildrf_source_attested_target_differs_from_mapping,yes,Final_XML/Atayal/Dictionary_Atayal_tay.xml,(放火)燒; 燒(如燒稻草),burn; refire,燒,GLOSBE_DICT_GROUP_0e65cfd543b131d4,refire,alt,https://glosbe.com/tay/en/lmom,data/raw/html/static/tay_en/lmom.html
GLOSBE_DICT_79d9faba7840547e,"tay,en",lmpuw,read,keep_in_xml,gloss_unmapped,ildrf_source_attested_gloss_unmapped,yes,Final_XML/Atayal/Dictionary_Atayal_tay.xml,數(計算); 讀,read,,GLOSBE_DICT_GROUP_720c135a8f837b2d,read,primary,https://glosbe.com/tay/en/lmpuw,data/raw/html/static/tay_en/lmpuw.html
GLOSBE_DICT_6d1316a13e1bc255,"tay,en",lokah su pi?,How are you?,keep_in_xml,source_not_attested,source_not_attested_in_ildrf_reference,no,,,How are you?,,GLOSBE_DICT_GROUP_c94445c1eeecbc3c,How are you?,primary,https://glosbe.com/tay/en/lokah%20su%20pi%3F,data/raw/html/static/tay_en/lokah%20su%20pi%3F.html
GLOSBE_DICT_b37c644d3b6955bf,"tay,en",lokah,strength,keep_in_xml,target_supported_by_mapping,ildrf_source_attested_target_supported_by_mapping,yes,Final_XML/Atayal/Dictionary_Atayal_tay.xml,健康、勤奮、好(問候語); 好的,strength; strong,好的; 好; 健康; 勤奮,GLOSBE_DICT_GROUP_603e8066c864b91d,strength,primary,https://glosbe.com/tay/en/lokah,data/raw/html/static/tay_en/lokah.html
GLOSBE_DICT_0f513ccd6fb19331,"tay,en",lokah,strong,keep_in_xml,target_supported_by_mapping,ildrf_source_attested_target_supported_by_mapping,yes,Final_XML/Atayal/Dictionary_Atayal_tay.xml,健康、勤奮、好(問候語); 好的,strength; strong,好的; 好; 健康; 勤奮,GLOSBE_DICT_GROUP_603e8066c864b91d,strong,alt,https://glosbe.com/tay/en/lokah,data/raw/html/static/tay_en/lokah.html
GLOSBE_DICT_0c16146f5d0bfb5e,"tay,en",loziq,eye,keep_in_xml,source_not_attested,source_not_attested_in_ildrf_reference,no,,,eye,,GLOSBE_DICT_GROUP_5063345968bd57a9,eye,primary,https://glosbe.com/tay/en/loziq,data/raw/html/static/tay_en/loziq.html
GLOSBE_DICT_7df5cc219182b4cd,"tay,en",lpyung,relatives,keep_in_xml,gloss_unmapped,ildrf_source_attested_gloss_unmapped,yes,Final_XML/Atayal/Dictionary_Atayal_tay.xml,姻親; 親戚,relatives,,GLOSBE_DICT_GROUP_e2b3ec8cbf96d78f,relatives,primary,https://glosbe.com/tay/en/lpyung,data/raw/html/static/tay_en/lpyung.html
GLOSBE_DICT_aa4baa4a1e76dcd8,"tay,en",lubuw,mouth organ,keep_in_xml,gloss_unmapped,ildrf_source_attested_gloss_unmapped,yes,Final_XML/Atayal/Dictionary_Atayal_tay.xml,琴,mouth organ,,GLOSBE_DICT_GROUP_ded256c6b9936c0b,mouth organ,primary,https://glosbe.com/tay/en/lubuw,data/raw/html/static/tay_en/lubuw.html
GLOSBE_DICT_e1a9db27eb6204aa,"tay,en",lukus,clothing,keep_in_xml,gloss_unmapped,ildrf_source_attested_gloss_unmapped,yes,Final_XML/Atayal/Dictionary_Atayal_tay.xml,上衣; 衣服,clothing,,GLOSBE_DICT_GROUP_2c258ee9d8c429d4,clothing,primary,https://glosbe.com/tay/en/lukus,data/raw/html/static/tay_en/lukus.html
GLOSBE_DICT_143ea379c2d304c7,"tay,en",lungan,opinion,keep_in_xml,source_not_attested,source_not_attested_in_ildrf_reference,no,,,opinion,,GLOSBE_DICT_GROUP_74d31ee543a25647,opinion,primary,https://glosbe.com/tay/en/lungan,data/raw/html/static/tay_en/lungan.html
GLOSBE_DICT_56d6cb97bfccd01d,"tay,en",m'abi,asleep,keep_in_xml,source_not_attested,source_not_attested_in_ildrf_reference,no,,,asleep,,GLOSBE_DICT_GROUP_548d3fe8588efd98,asleep,primary,https://glosbe.com/tay/en/m%27abi,data/raw/html/static/tay_en/m%27abi.html
GLOSBE_DICT_ec97fe9363b22ce6,"tay,en",m’iyu,to barter/ barter,keep_in_xml,source_not_attested,source_not_attested_in_ildrf_reference,no,,,to barter/ barter,,GLOSBE_DICT_GROUP_2d4606a8c06819d5,to barter/ barter,primary,https://glosbe.com/tay/en/m%E2%80%99iyu,data/raw/html/static/tay_en/m%E2%80%99iyu.html
GLOSBE_DICT_5d1b06660e56b87e,"tay,en",mabel,asleep,keep_in_xml,source_not_attested,source_not_attested_in_ildrf_reference,no,,,asleep; lie down; sleep,,GLOSBE_DICT_GROUP_c5d647355ede265a,asleep,primary,https://glosbe.com/tay/en/mabel,data/raw/html/static/tay_en/mabel.html
GLOSBE_DICT_1a3a1c04dd2b7d90,"tay,en",mabel,lie down,keep_in_xml,source_not_attested,source_not_attested_in_ildrf_reference,no,,,asleep; lie down; sleep,,GLOSBE_DICT_GROUP_c5d647355ede265a,lie down,alt,https://glosbe.com/tay/en/mabel,data/raw/html/static/tay_en/mabel.html
GLOSBE_DICT_00d7a8d070c6044e,"tay,en",mabel,sleep,keep_in_xml,source_not_attested,source_not_attested_in_ildrf_reference,no,,,asleep; lie down; sleep,,GLOSBE_DICT_GROUP_c5d647355ede265a,sleep,alt,https://glosbe.com/tay/en/mabel,data/raw/html/static/tay_en/mabel.html
GLOSBE_DICT_8b296973bae3091d,"tay,en",malax,let go of,keep_in_xml,source_not_attested,source_not_attested_in_ildrf_reference,no,,,let go of,,GLOSBE_DICT_GROUP_959eba911c2128ae,let go of,primary,https://glosbe.com/tay/en/malax,data/raw/html/static/tay_en/malax.html
GLOSBE_DICT_1cb2e480dd0a4998,"tay,en",mama,uncle,keep_in_xml,gloss_unmapped,ildrf_source_attested_gloss_unmapped,yes,Final_XML/Atayal/Dictionary_Atayal_tay.xml,繼父,uncle,,GLOSBE_DICT_GROUP_11c90dd1151b679f,uncle,primary,https://glosbe.com/tay/en/mama,data/raw/html/static/tay_en/mama.html
GLOSBE_DICT_99a8038208cd1a62,"tay,en",maniq,eat,keep_in_xml,gloss_unmapped,ildrf_source_attested_gloss_unmapped,yes,Final_XML/Atayal/Dictionary_Atayal_tay.xml,吃; 吃(東西),eat,,GLOSBE_DICT_GROUP_48c4baecf9e71a4c,eat,primary,https://glosbe.com/tay/en/maniq,data/raw/html/static/tay_en/maniq.html
GLOSBE_DICT_83e362b02dd30470,"tay,en",mari,ball,keep_in_xml,source_not_attested,source_not_attested_in_ildrf_reference,no,,,ball,,GLOSBE_DICT_GROUP_0a40365025e22c81,ball,primary,https://glosbe.com/tay/en/mari,data/raw/html/static/tay_en/mari.html
GLOSBE_DICT_7b2cba9f558401e6,"tay,en",matanah,red,keep_in_xml,source_not_attested,source_not_attested_in_ildrf_reference,no,,,red,,GLOSBE_DICT_GROUP_161e7de2fd8d7f2d,red,primary,https://glosbe.com/tay/en/matanah,data/raw/html/static/tay_en/matanah.html
GLOSBE_DICT_a22e01f5ae2e494b,"tay,en",mavi,asleep,keep_in_xml,source_not_attested,source_not_attested_in_ildrf_reference,no,,,asleep; sleep,,GLOSBE_DICT_GROUP_3155cc2b07685821,asleep,primary,https://glosbe.com/tay/en/mavi,data/raw/html/static/tay_en/mavi.html
GLOSBE_DICT_b2cacb46d3b43794,"tay,en",mavi,sleep,keep_in_xml,source_not_attested,source_not_attested_in_ildrf_reference,no,,,asleep; sleep,,GLOSBE_DICT_GROUP_3155cc2b07685821,sleep,alt,https://glosbe.com/tay/en/mavi,data/raw/html/static/tay_en/mavi.html
GLOSBE_DICT_23832a9a57b9de54,"tay,en",mgiyay,flee,keep_in_xml,source_not_attested,source_not_attested_in_ildrf_reference,no,,,flee,,GLOSBE_DICT_GROUP_1e6a72158af15c1a,flee,primary,https://glosbe.com/tay/en/mgiyay,data/raw/html/static/tay_en/mgiyay.html
GLOSBE_DICT_be11123b45671699,"tay,en",mhoqil,die,keep_in_xml,source_not_attested,source_not_attested_in_ildrf_reference,no,,,die,,GLOSBE_DICT_GROUP_00baed72c2682314,die,primary,https://glosbe.com/tay/en/mhoqil,data/raw/html/static/tay_en/mhoqil.html
GLOSBE_DICT_2a5765e74d85cd21,"tay,en",mhuay su balay,thank you,keep_in_xml,source_not_attested,source_not_attested_in_ildrf_reference,no,,,thank you,,GLOSBE_DICT_GROUP_6083263df4298dc0,thank you,primary,https://glosbe.com/tay/en/mhuay%20su%20balay,data/raw/html/static/tay_en/mhuay%20su%20balay.html
GLOSBE_DICT_0f49a8b444bd26c6,"tay,en",minraomul,lie down,keep_in_xml,source_not_attested,source_not_attested_in_ildrf_reference,no,,,lie down,,GLOSBE_DICT_GROUP_594286b35137b21b,lie down,primary,https://glosbe.com/tay/en/minraomul,data/raw/html/static/tay_en/minraomul.html
GLOSBE_DICT_91c5e04b3afd689f,"tay,en",miquy,weeds,keep_in_xml,different_from_mapping,ildrf_source_attested_target_differs_from_mapping,yes,Final_XML/Atayal/Dictionary_Atayal_tay.xml,男子名,weeds,男子名,GLOSBE_DICT_GROUP_2beaaf54747ca0e4,weeds,primary,https://glosbe.com/tay/en/miquy,data/raw/html/static/tay_en/miquy.html
GLOSBE_DICT_b42bc4465bd0ad16,"tay,en",miru,write,keep_in_xml,source_not_attested,source_not_attested_in_ildrf_reference,no,,,write,,GLOSBE_DICT_GROUP_c40fb07b8dc60bfa,write,primary,https://glosbe.com/tay/en/miru,data/raw/html/static/tay_en/miru.html
GLOSBE_DICT_3691ac07ad85a0d4,"tay,en",misim,machine,keep_in_xml,source_not_attested,source_not_attested_in_ildrf_reference,no,,,machine,,GLOSBE_DICT_GROUP_fb7c1767b17a51b6,machine,primary,https://glosbe.com/tay/en/misim,data/raw/html/static/tay_en/misim.html
GLOSBE_DICT_cb70f7750e8d8586,"tay,en",mit,sheep,keep_in_xml,gloss_unmapped,ildrf_source_attested_gloss_unmapped,yes,Final_XML/Atayal/Dictionary_Atayal_tay.xml,羊,sheep,,GLOSBE_DICT_GROUP_eaf1fdef015de2bb,sheep,primary,https://glosbe.com/tay/en/mit,data/raw/html/static/tay_en/mit.html
GLOSBE_DICT_abad9a7daf947772,"tay,en",mkbrus kmayal,bullshit,keep_in_xml,source_not_attested,source_not_attested_in_ildrf_reference,no,,,bullshit,,GLOSBE_DICT_GROUP_a57d8e1addc659a8,bullshit,primary,https://glosbe.com/tay/en/mkbrus%20kmayal,data/raw/html/static/tay_en/mkbrus%20kmayal.html
GLOSBE_DICT_ef6ac8e04874cf99,"tay,en",mlúh,pepper,keep_in_xml,source_not_attested,source_not_attested_in_ildrf_reference,no,,,pepper,,GLOSBE_DICT_GROUP_ab4b128ecd633fe9,pepper,primary,https://glosbe.com/tay/en/ml%C3%BAh,data/raw/html/static/tay_en/ml%C3%BAh.html
GLOSBE_DICT_af8a3fe681e04b67,"tay,en",mlahang gluw,relatives,keep_in_xml,source_not_attested,source_not_attested_in_ildrf_reference,no,,,relatives,,GLOSBE_DICT_GROUP_77979be733bab4cb,relatives,primary,https://glosbe.com/tay/en/mlahang%20gluw,data/raw/html/static/tay_en/mlahang%20gluw.html
GLOSBE_DICT_ef3eb4e8b4e17f00,"tay,en",mlahang,care for (look after),keep_in_xml,gloss_unmapped,ildrf_source_attested_gloss_unmapped,yes,Final_XML/Atayal/Dictionary_Atayal_tay.xml,照顧,care for (look after),,GLOSBE_DICT_GROUP_5224645ef0c8d992,care for (look after),primary,https://glosbe.com/tay/en/mlahang,data/raw/html/static/tay_en/mlahang.html
GLOSBE_DICT_8371abbc1d853b6e,"tay,en",mlikuy,boy,keep_in_xml,target_supported_by_mapping,ildrf_source_attested_target_supported_by_mapping,yes,Final_XML/Atayal/Dictionary_Atayal_tay.xml,丈夫; 男人、丈夫; 男孩; 男性,boy,男孩; 人,GLOSBE_DICT_GROUP_c252db27990915c3,boy,primary,https://glosbe.com/tay/en/mlikuy,data/raw/html/static/tay_en/mlikuy.html
GLOSBE_DICT_763e93554b486563,"tay,en",mluw basu,ride a bus,keep_in_xml,source_not_attested,source_not_attested_in_ildrf_reference,no,,,ride a bus,,GLOSBE_DICT_GROUP_8586421bd27a3dc6,ride a bus,primary,https://glosbe.com/tay/en/mluw%20basu,data/raw/html/static/tay_en/mluw%20basu.html
GLOSBE_DICT_44757cc0c5593ef7,"tay,en",mnbuu,drink,keep_in_xml,source_not_attested,source_not_attested_in_ildrf_reference,no,,,drink,,GLOSBE_DICT_GROUP_e0bc94c51db9374e,drink,primary,https://glosbe.com/tay/en/mnbuu,data/raw/html/static/tay_en/mnbuu.html
GLOSBE_DICT_c9ac08b83fb3a1ea,"tay,en",mngilis,weep,keep_in_xml,gloss_unmapped,ildrf_source_attested_gloss_unmapped,yes,Final_XML/Atayal/Dictionary_Atayal_tay.xml,哭,weep,,GLOSBE_DICT_GROUP_4073063311b34e0d,weep,primary,https://glosbe.com/tay/en/mngilis,data/raw/html/static/tay_en/mngilis.html
GLOSBE_DICT_b2bbfcc35128eb1c,"tay,en",mnkis,old man,keep_in_xml,source_not_attested,source_not_attested_in_ildrf_reference,no,,,old man,,GLOSBE_DICT_GROUP_d5695807b5de49b3,old man,primary,https://glosbe.com/tay/en/mnkis,data/raw/html/static/tay_en/mnkis.html
GLOSBE_DICT_1edec4250883b96c,"tay,en",mnuka,rub (hemp),keep_in_xml,source_not_attested,source_not_attested_in_ildrf_reference,no,,,rub (hemp),,GLOSBE_DICT_GROUP_f452d40ffef1e804,rub (hemp),primary,https://glosbe.com/tay/en/mnuka,data/raw/html/static/tay_en/mnuka.html
GLOSBE_DICT_aacc584fa6161c2c,"tay,en",moráu,house,keep_in_xml,source_not_attested,source_not_attested_in_ildrf_reference,no,,,house,,GLOSBE_DICT_GROUP_41affb222d97a6bb,house,primary,https://glosbe.com/tay/en/mor%C3%A1u,data/raw/html/static/tay_en/mor%C3%A1u.html
GLOSBE_DICT_9c4025aeae7e928c,"tay,en",motux,fierce,keep_in_xml,source_not_attested,source_not_attested_in_ildrf_reference,no,,,fierce,,GLOSBE_DICT_GROUP_75d62ee93ee109a7,fierce,primary,https://glosbe.com/tay/en/motux,data/raw/html/static/tay_en/motux.html
GLOSBE_DICT_816d2e1c468b22fb,"tay,en",mpbay,to share,keep_in_xml,source_not_attested,source_not_attested_in_ildrf_reference,no,,,to share,,GLOSBE_DICT_GROUP_1ff55e8fd66f3718,to share,primary,https://glosbe.com/tay/en/mpbay,data/raw/html/static/tay_en/mpbay.html
GLOSBE_DICT_8273826747520296,"tay,en",mqaraw,climb,keep_in_xml,source_not_attested,source_not_attested_in_ildrf_reference,no,,,climb,,GLOSBE_DICT_GROUP_926d7e83d678214e,climb,primary,https://glosbe.com/tay/en/mqaraw,data/raw/html/static/tay_en/mqaraw.html
GLOSBE_DICT_9ef3a3406cc14a70,"tay,en",mqu',snake,keep_in_xml,gloss_unmapped,ildrf_source_attested_gloss_unmapped,yes,Final_XML/Atayal/Dictionary_Atayal_tay.xml,蛇,snake,,GLOSBE_DICT_GROUP_9555a63124194798,snake,primary,https://glosbe.com/tay/en/mqu%27,data/raw/html/static/tay_en/mqu%27.html
GLOSBE_DICT_f90d27cb0dae0b52,"tay,en",mqu,snake,keep_in_xml,source_not_attested,source_not_attested_in_ildrf_reference,no,,,snake,,GLOSBE_DICT_GROUP_b8988be80599f40d,snake,primary,https://glosbe.com/tay/en/mqu,data/raw/html/static/tay_en/mqu.html
GLOSBE_DICT_0fdc58db13fec8a8,"tay,en",mquas,sing,keep_in_xml,source_not_attested,source_not_attested_in_ildrf_reference,no,,,sing,,GLOSBE_DICT_GROUP_d9e3ac733018578b,sing,primary,https://glosbe.com/tay/en/mquas,data/raw/html/static/tay_en/mquas.html
GLOSBE_DICT_83289b1f5d9038fd,"tay,en",mqzinah,"hike, go hiking",keep_in_xml,gloss_unmapped,ildrf_source_attested_gloss_unmapped,yes,Final_XML/Atayal/Dictionary_Atayal_tay.xml,跑,"hike, go hiking",,GLOSBE_DICT_GROUP_d3972261c803f366,"hike, go hiking",primary,https://glosbe.com/tay/en/mqzinah,data/raw/html/static/tay_en/mqzinah.html
GLOSBE_DICT_164abef49ee4e380,"tay,en",mrhuw,ancestors,keep_in_xml,different_from_mapping,ildrf_source_attested_target_differs_from_mapping,yes,Final_XML/Atayal/Dictionary_Atayal_tay.xml,智者; 長官,"ancestors; chief, leader",智者; 長官,GLOSBE_DICT_GROUP_ab05cd663cbc90c7,ancestors,primary,https://glosbe.com/tay/en/mrhuw,data/raw/html/static/tay_en/mrhuw.html
GLOSBE_DICT_870db61833b8dabc,"tay,en",mrhuw,"chief, leader",keep_in_xml,target_supported_by_mapping,ildrf_source_attested_target_supported_by_mapping,yes,Final_XML/Atayal/Dictionary_Atayal_tay.xml,智者; 長官,"ancestors; chief, leader",智者; 長官,GLOSBE_DICT_GROUP_ab05cd663cbc90c7,"chief, leader",alt,https://glosbe.com/tay/en/mrhuw,data/raw/html/static/tay_en/mrhuw.html
GLOSBE_DICT_04b07b2fc0fb3ef0,"tay,en",msiaq,laugh,keep_in_xml,source_not_attested,source_not_attested_in_ildrf_reference,no,,,laugh,,GLOSBE_DICT_GROUP_26623ad512302664,laugh,primary,https://glosbe.com/tay/en/msiaq,data/raw/html/static/tay_en/msiaq.html
GLOSBE_DICT_aaeffc9da9151641,"tay,en",mslubay,swing,keep_in_xml,source_not_attested,source_not_attested_in_ildrf_reference,no,,,swing,,GLOSBE_DICT_GROUP_e6263892cfa76317,swing,primary,https://glosbe.com/tay/en/mslubay,data/raw/html/static/tay_en/mslubay.html
GLOSBE_DICT_262e25d2c5a8e0bf,"tay,en",msqun,act together,keep_in_xml,gloss_unmapped,ildrf_source_attested_gloss_unmapped,yes,Final_XML/Atayal/Dictionary_Atayal_tay.xml,婚姻; 結婚,act together,,GLOSBE_DICT_GROUP_d32ce761887cd21f,act together,primary,https://glosbe.com/tay/en/msqun,data/raw/html/static/tay_en/msqun.html
GLOSBE_DICT_156ee505ab5edd3c,"tay,en",mstoput,jump a long way,keep_in_xml,source_not_attested,source_not_attested_in_ildrf_reference,no,,,jump a long way,,GLOSBE_DICT_GROUP_ecc593ff1de12d85,jump a long way,primary,https://glosbe.com/tay/en/mstoput,data/raw/html/static/tay_en/mstoput.html
GLOSBE_DICT_b8463790cbf68964,"tay,en",msyam,rich,keep_in_xml,gloss_unmapped,ildrf_source_attested_gloss_unmapped,yes,Final_XML/Atayal/Dictionary_Atayal_tay.xml,肥胖多肉的,rich,,GLOSBE_DICT_GROUP_98a0e29f79773f87,rich,primary,https://glosbe.com/tay/en/msyam,data/raw/html/static/tay_en/msyam.html
GLOSBE_DICT_b3dc827f0ca9e6f9,"tay,en",mtbazi,buying and selling / business / business transactions,keep_in_xml,source_not_attested,source_not_attested_in_ildrf_reference,no,,,buying and selling / business / business transactions,,GLOSBE_DICT_GROUP_42f232f7577e0b5b,buying and selling / business / business transactions,primary,https://glosbe.com/tay/en/mtbazi,data/raw/html/static/tay_en/mtbazi.html
GLOSBE_DICT_69de46ee9e026a63,"tay,en",mtswe',siblings,keep_in_xml,gloss_unmapped,ildrf_source_attested_gloss_unmapped,yes,Final_XML/Atayal/Dictionary_Atayal_tay.xml,兄弟姊妹,siblings,,GLOSBE_DICT_GROUP_25192dde53d38712,siblings,primary,https://glosbe.com/tay/en/mtswe%27,data/raw/html/static/tay_en/mtswe%27.html
GLOSBE_DICT_50c481776a2490fa,"tay,en",mumarah,work,keep_in_xml,source_not_attested,source_not_attested_in_ildrf_reference,no,,,work,,GLOSBE_DICT_GROUP_b954c0fbecb26d4c,work,primary,https://glosbe.com/tay/en/mumarah,data/raw/html/static/tay_en/mumarah.html
GLOSBE_DICT_35f8b66fc9379d1b,"tay,en",mumuk yaya yayut qasa,yayut,keep_in_xml,source_not_attested,source_not_attested_in_ildrf_reference,no,,,yayut,,GLOSBE_DICT_GROUP_1dc6d8cfa5eb4e58,yayut,primary,https://glosbe.com/tay/en/mumuk%20yaya%20yayut%20qasa,data/raw/html/static/tay_en/mumuk%20yaya%20yayut%20qasa.html
GLOSBE_DICT_271b2827e25d8f45,"tay,en",mumuk,cover (a pot),keep_in_xml,gloss_unmapped,ildrf_source_attested_gloss_unmapped,yes,Final_XML/Atayal/Dictionary_Atayal_tay.xml,蓋、遮,cover (a pot),,GLOSBE_DICT_GROUP_9f45ba0ec624c0ea,cover (a pot),primary,https://glosbe.com/tay/en/mumuk,data/raw/html/static/tay_en/mumuk.html
GLOSBE_DICT_d7654155d4058905,"tay,en",muzi,thigh,keep_in_xml,source_not_attested,source_not_attested_in_ildrf_reference,no,,,thigh,,GLOSBE_DICT_GROUP_c942478e99e6deef,thigh,primary,https://glosbe.com/tay/en/muzi,data/raw/html/static/tay_en/muzi.html
GLOSBE_DICT_5fcfeb77090b3f09,"tay,en",mwalukh,rain,keep_in_xml,source_not_attested,source_not_attested_in_ildrf_reference,no,,,rain,,GLOSBE_DICT_GROUP_a7e794689b2e2ba4,rain,primary,https://glosbe.com/tay/en/mwalukh,data/raw/html/static/tay_en/mwalukh.html
GLOSBE_DICT_9d87a4039762f147,"tay,en",mziau,work,keep_in_xml,source_not_attested,source_not_attested_in_ildrf_reference,no,,,work,,GLOSBE_DICT_GROUP_6d8ec63d4d92105a,work,primary,https://glosbe.com/tay/en/mziau,data/raw/html/static/tay_en/mziau.html
GLOSBE_DICT_9620d1d586b1ae49,"tay,en",mzibuq,early,keep_in_xml,source_not_attested,source_not_attested_in_ildrf_reference,no,,,early,,GLOSBE_DICT_GROUP_6dd3767cca8d892d,early,primary,https://glosbe.com/tay/en/mzibuq,data/raw/html/static/tay_en/mzibuq.html
GLOSBE_DICT_066f679b7babd8f0,"tay,en",mzyuy,play (game),keep_in_xml,source_not_attested,source_not_attested_in_ildrf_reference,no,,,play (game),,GLOSBE_DICT_GROUP_fd7192057ee9e19f,play (game),primary,https://glosbe.com/tay/en/mzyuy,data/raw/html/static/tay_en/mzyuy.html
GLOSBE_DICT_1ef44b11364fb5f7,"tay,en",n'inu',everywhere,keep_in_xml,source_not_attested,source_not_attested_in_ildrf_reference,no,,,everywhere,,GLOSBE_DICT_GROUP_d46ace1c0bb1e0dc,everywhere,primary,https://glosbe.com/tay/en/n%27inu%27,data/raw/html/static/tay_en/n%27inu%27.html
GLOSBE_DICT_19603fec47ff04eb,"tay,en",n-gon,await,keep_in_xml,source_not_attested,source_not_attested_in_ildrf_reference,no,,,await,,GLOSBE_DICT_GROUP_cc99906088434e46,await,primary,https://glosbe.com/tay/en/n-gon,data/raw/html/static/tay_en/n-gon.html
GLOSBE_DICT_2035d3357f4405a5,"tay,en",nagu',"fiancé, fiancee",keep_in_xml,source_not_attested,source_not_attested_in_ildrf_reference,no,,,"fiancé, fiancee",,GLOSBE_DICT_GROUP_73ac2582bcb8357d,"fiancé, fiancee",primary,https://glosbe.com/tay/en/nagu%27,data/raw/html/static/tay_en/nagu%27.html
GLOSBE_DICT_311dd48571d16d1b,"tay,en",nana',husband's older brother,keep_in_xml,target_supported_by_mapping,ildrf_source_attested_target_supported_by_mapping,yes,Final_XML/Atayal/Dictionary_Atayal_tay.xml,夫之兄,husband's older brother; woman's older sister's husband,夫之兄,GLOSBE_DICT_GROUP_078f0bc7d90e7dbc,husband's older brother,primary,https://glosbe.com/tay/en/nana%27,data/raw/html/static/tay_en/nana%27.html
GLOSBE_DICT_5873eb7121a41b2a,"tay,en",nana',woman's older sister's husband,keep_in_xml,different_from_mapping,ildrf_source_attested_target_differs_from_mapping,yes,Final_XML/Atayal/Dictionary_Atayal_tay.xml,夫之兄,husband's older brother; woman's older sister's husband,夫之兄,GLOSBE_DICT_GROUP_078f0bc7d90e7dbc,woman's older sister's husband,alt,https://glosbe.com/tay/en/nana%27,data/raw/html/static/tay_en/nana%27.html
GLOSBE_DICT_3c8336550466cd74,"tay,en",nanak,alone,keep_in_xml,target_supported_by_mapping,ildrf_source_attested_target_supported_by_mapping,yes,Final_XML/Atayal/Dictionary_Atayal_tay.xml,僅僅; 只有; 獨自一人,alone,人; 一; 僅僅; 只有; 獨自一人,GLOSBE_DICT_GROUP_ee84589d8f576fd3,alone,primary,https://glosbe.com/tay/en/nanak,data/raw/html/static/tay_en/nanak.html
GLOSBE_DICT_a819bc4f58f10933,"tay,en",nasubi,eggplant,keep_in_xml,source_not_attested,source_not_attested_in_ildrf_reference,no,,,eggplant,,GLOSBE_DICT_GROUP_4bec44145afbe2f4,eggplant,primary,https://glosbe.com/tay/en/nasubi,data/raw/html/static/tay_en/nasubi.html
GLOSBE_DICT_8187871ddab044f8,"tay,en",nbu',illness,keep_in_xml,source_not_attested,source_not_attested_in_ildrf_reference,no,,,illness,,GLOSBE_DICT_GROUP_2fcbad44892cc8d3,illness,primary,https://glosbe.com/tay/en/nbu%27,data/raw/html/static/tay_en/nbu%27.html
GLOSBE_DICT_201167e8c304554a,"tay,en",nbuan,cup,keep_in_xml,source_not_attested,source_not_attested_in_ildrf_reference,no,,,cup,,GLOSBE_DICT_GROUP_9c2ed65249a90b36,cup,primary,https://glosbe.com/tay/en/nbuan,data/raw/html/static/tay_en/nbuan.html
GLOSBE_DICT_a43470a163178390,"tay,en",nbuas,"stomach, belly",keep_in_xml,source_not_attested,source_not_attested_in_ildrf_reference,no,,,"stomach, belly",,GLOSBE_DICT_GROUP_f8cdd86175cebcbb,"stomach, belly",primary,https://glosbe.com/tay/en/nbuas,data/raw/html/static/tay_en/nbuas.html
GLOSBE_DICT_c5de9c7597e5a6ca,"tay,en",nbun,flat place,keep_in_xml,gloss_unmapped,ildrf_source_attested_gloss_unmapped,yes,Final_XML/Atayal/Dictionary_Atayal_tay.xml,喝,flat place,,GLOSBE_DICT_GROUP_6e37570937691d10,flat place,primary,https://glosbe.com/tay/en/nbun,data/raw/html/static/tay_en/nbun.html
GLOSBE_DICT_c860635d0eb812b3,"tay,en",ngahi',sweet potato,keep_in_xml,gloss_unmapped,ildrf_source_attested_gloss_unmapped,yes,Final_XML/Atayal/Dictionary_Atayal_tay.xml,地瓜; 甘薯; 甘藷,sweet potato,,GLOSBE_DICT_GROUP_698e47eef2311a95,sweet potato,primary,https://glosbe.com/tay/en/ngahi%27,data/raw/html/static/tay_en/ngahi%27.html
GLOSBE_DICT_f879a74a7e27b876,"tay,en",ngahoq,pus,keep_in_xml,source_not_attested,source_not_attested_in_ildrf_reference,no,,,pus,,GLOSBE_DICT_GROUP_2f80a7403da94795,pus,primary,https://glosbe.com/tay/en/ngahoq,data/raw/html/static/tay_en/ngahoq.html
GLOSBE_DICT_290b46150d1860ae,"tay,en",ngaqa',open one's mouth,keep_in_xml,gloss_unmapped,ildrf_source_attested_gloss_unmapped,yes,Final_XML/Atayal/Dictionary_Atayal_tay.xml,張開,open one's mouth,,GLOSBE_DICT_GROUP_eccd5593124c0399,open one's mouth,primary,https://glosbe.com/tay/en/ngaqa%27,data/raw/html/static/tay_en/ngaqa%27.html
GLOSBE_DICT_bea0d4afde106cb0,"tay,en",ngarux,bear,keep_in_xml,gloss_unmapped,ildrf_source_attested_gloss_unmapped,yes,Final_XML/Atayal/Dictionary_Atayal_tay.xml,熊,bear,,GLOSBE_DICT_GROUP_9309052c664e36d5,bear,primary,https://glosbe.com/tay/en/ngarux,data/raw/html/static/tay_en/ngarux.html
GLOSBE_DICT_8bbecfa30cc9e325,"tay,en",ngasal,house,keep_in_xml,target_supported_by_mapping,ildrf_source_attested_target_supported_by_mapping,yes,Final_XML/Atayal/Dictionary_Atayal_tay.xml,家,"house; house, family",家,GLOSBE_DICT_GROUP_606566c45e3fd622,house,primary,https://glosbe.com/tay/en/ngasal,data/raw/html/static/tay_en/ngasal.html
GLOSBE_DICT_d2fc9047b0f9d567,"tay,en",ngasal,"house, family",keep_in_xml,target_supported_by_mapping,ildrf_source_attested_target_supported_by_mapping,yes,Final_XML/Atayal/Dictionary_Atayal_tay.xml,家,"house; house, family",家,GLOSBE_DICT_GROUP_606566c45e3fd622,"house, family",alt,https://glosbe.com/tay/en/ngasal,data/raw/html/static/tay_en/ngasal.html
GLOSBE_DICT_70a100caae14c7b6,"tay,en",ngat,without,keep_in_xml,source_not_attested,source_not_attested_in_ildrf_reference,no,,,without,,GLOSBE_DICT_GROUP_e4c592c46d171b8b,without,primary,https://glosbe.com/tay/en/ngat,data/raw/html/static/tay_en/ngat.html
GLOSBE_DICT_2d9f782bad4ca89a,"tay,en",ngatoq,button,keep_in_xml,source_not_attested,source_not_attested_in_ildrf_reference,no,,,button,,GLOSBE_DICT_GROUP_015299549d7a2917,button,primary,https://glosbe.com/tay/en/ngatoq,data/raw/html/static/tay_en/ngatoq.html
GLOSBE_DICT_56d54b92d8b67d78,"tay,en",ngayoq,groan,keep_in_xml,source_not_attested,source_not_attested_in_ildrf_reference,no,,,groan,,GLOSBE_DICT_GROUP_0065703b5a406560,groan,primary,https://glosbe.com/tay/en/ngayoq,data/raw/html/static/tay_en/ngayoq.html
GLOSBE_DICT_c446afdf26e42bc0,"tay,en",ngbang,cave,keep_in_xml,source_not_attested,source_not_attested_in_ildrf_reference,no,,,cave,,GLOSBE_DICT_GROUP_04fed14d262aab62,cave,primary,https://glosbe.com/tay/en/ngbang,data/raw/html/static/tay_en/ngbang.html
GLOSBE_DICT_d1a816095df631e9,"tay,en",ngbung,wasp,keep_in_xml,gloss_unmapped,ildrf_source_attested_gloss_unmapped,yes,Final_XML/Atayal/Dictionary_Atayal_tay.xml,黃蜂,wasp,,GLOSBE_DICT_GROUP_cf6b538a71d00df5,wasp,primary,https://glosbe.com/tay/en/ngbung,data/raw/html/static/tay_en/ngbung.html
GLOSBE_DICT_7b582832b97813e2,"tay,en",ngiaw,cat,keep_in_xml,source_not_attested,source_not_attested_in_ildrf_reference,no,,,cat,,GLOSBE_DICT_GROUP_03e14277b86f57f9,cat,primary,https://glosbe.com/tay/en/ngiaw,data/raw/html/static/tay_en/ngiaw.html
GLOSBE_DICT_e9d5e6553aced7cd,"tay,en",ngli',fly,keep_in_xml,target_supported_by_mapping,ildrf_source_attested_target_supported_by_mapping,yes,Final_XML/Atayal/Dictionary_Atayal_tay.xml,蒼蠅,fly; housefly,蒼蠅,GLOSBE_DICT_GROUP_693edffe9130c3b7,fly,primary,https://glosbe.com/tay/en/ngli%27,data/raw/html/static/tay_en/ngli%27.html
GLOSBE_DICT_e9268091c113aae5,"tay,en",ngli',housefly,keep_in_xml,target_supported_by_mapping,ildrf_source_attested_target_supported_by_mapping,yes,Final_XML/Atayal/Dictionary_Atayal_tay.xml,蒼蠅,fly; housefly,蒼蠅,GLOSBE_DICT_GROUP_693edffe9130c3b7,housefly,alt,https://glosbe.com/tay/en/ngli%27,data/raw/html/static/tay_en/ngli%27.html
GLOSBE_DICT_df7c5c7dd05d5394,"tay,en",ngrasal,house,keep_in_xml,source_not_attested,source_not_attested_in_ildrf_reference,no,,,house,,GLOSBE_DICT_GROUP_44e45be9909e83ce,house,primary,https://glosbe.com/tay/en/ngrasal,data/raw/html/static/tay_en/ngrasal.html
GLOSBE_DICT_6a730b10a82f2265,"tay,en",ngta',chicken,keep_in_xml,gloss_unmapped,ildrf_source_attested_gloss_unmapped,yes,Final_XML/Atayal/Dictionary_Atayal_tay.xml,雞,chicken,,GLOSBE_DICT_GROUP_18f748078d422aee,chicken,primary,https://glosbe.com/tay/en/ngta%27,data/raw/html/static/tay_en/ngta%27.html
GLOSBE_DICT_81bb7d7139ce263c,"tay,en",nguciq,dullwitted,keep_in_xml,source_not_attested,source_not_attested_in_ildrf_reference,no,,,dullwitted,,GLOSBE_DICT_GROUP_f2103c716c2af90f,dullwitted,primary,https://glosbe.com/tay/en/nguciq,data/raw/html/static/tay_en/nguciq.html
GLOSBE_DICT_52cc51d2440a646b,"tay,en",nguhuw,nose,keep_in_xml,gloss_unmapped,ildrf_source_attested_gloss_unmapped,yes,Final_XML/Atayal/Dictionary_Atayal_tay.xml,鼻子,nose,,GLOSBE_DICT_GROUP_a7f87e0a3de4214f,nose,primary,https://glosbe.com/tay/en/nguhuw,data/raw/html/static/tay_en/nguhuw.html
GLOSBE_DICT_01ea1d22c6e35aa4,"tay,en",ngungu',fear,keep_in_xml,source_not_attested,source_not_attested_in_ildrf_reference,no,,,fear,,GLOSBE_DICT_GROUP_17f88df905817da7,fear,primary,https://glosbe.com/tay/en/ngungu%27,data/raw/html/static/tay_en/ngungu%27.html
GLOSBE_DICT_0e18226ca3ddaebb,"tay,en",ngungu,tail,keep_in_xml,source_not_attested,source_not_attested_in_ildrf_reference,no,,,tail,,GLOSBE_DICT_GROUP_f9b34f99e58b853b,tail,primary,https://glosbe.com/tay/en/ngungu,data/raw/html/static/tay_en/ngungu.html
GLOSBE_DICT_f8f60e1353e47e01,"tay,en",nguqiy,antler,keep_in_xml,source_not_attested,source_not_attested_in_ildrf_reference,no,,,antler,,GLOSBE_DICT_GROUP_18e8366f8beb908a,antler,primary,https://glosbe.com/tay/en/nguqiy,data/raw/html/static/tay_en/nguqiy.html
GLOSBE_DICT_3ef94be688a153dc,"tay,en",ngurus,beard,keep_in_xml,gloss_unmapped,ildrf_source_attested_gloss_unmapped,yes,Final_XML/Atayal/Dictionary_Atayal_tay.xml,鬍鬚,beard,,GLOSBE_DICT_GROUP_c824114e69fdf174,beard,primary,https://glosbe.com/tay/en/ngurus,data/raw/html/static/tay_en/ngurus.html
GLOSBE_DICT_821530fe78e99b4e,"tay,en",nguziq,owl,keep_in_xml,gloss_unmapped,ildrf_source_attested_gloss_unmapped,yes,Final_XML/Atayal/Dictionary_Atayal_tay.xml,貓頭鷹,owl,,GLOSBE_DICT_GROUP_cad0050e96b8ef3c,owl,primary,https://glosbe.com/tay/en/nguziq,data/raw/html/static/tay_en/nguziq.html
GLOSBE_DICT_90365cff0e5bf2d6,"tay,en",nha,they,keep_in_xml,source_not_attested,source_not_attested_in_ildrf_reference,no,,,they,,GLOSBE_DICT_GROUP_289b8ecef93afaf3,they,primary,https://glosbe.com/tay/en/nha,data/raw/html/static/tay_en/nha.html
GLOSBE_DICT_3748ec1b28924f72,"tay,en",nhaban,alliance,keep_in_xml,source_not_attested,source_not_attested_in_ildrf_reference,no,,,"alliance; sting; wound, injury",,GLOSBE_DICT_GROUP_928d0a467285f933,alliance,primary,https://glosbe.com/tay/en/nhaban,data/raw/html/static/tay_en/nhaban.html
GLOSBE_DICT_e4ba04d8bbd821e5,"tay,en",nhaban,sting,keep_in_xml,source_not_attested,source_not_attested_in_ildrf_reference,no,,,"alliance; sting; wound, injury",,GLOSBE_DICT_GROUP_928d0a467285f933,sting,alt,https://glosbe.com/tay/en/nhaban,data/raw/html/static/tay_en/nhaban.html
GLOSBE_DICT_15b7ddf9b33c2b61,"tay,en",nhaban,"wound, injury",keep_in_xml,source_not_attested,source_not_attested_in_ildrf_reference,no,,,"alliance; sting; wound, injury",,GLOSBE_DICT_GROUP_928d0a467285f933,"wound, injury",alt,https://glosbe.com/tay/en/nhaban,data/raw/html/static/tay_en/nhaban.html
GLOSBE_DICT_eab8711145534340,"tay,en",nhay,quickly,keep_in_xml,gloss_unmapped,ildrf_source_attested_gloss_unmapped,yes,Final_XML/Atayal/Dictionary_Atayal_tay.xml,快點,quickly,,GLOSBE_DICT_GROUP_b64ba0799f312538,quickly,primary,https://glosbe.com/tay/en/nhay,data/raw/html/static/tay_en/nhay.html
GLOSBE_DICT_8141e4cb1e46d5c9,"tay,en",niban,"slice, section",keep_in_xml,source_not_attested,source_not_attested_in_ildrf_reference,no,,,"slice, section",,GLOSBE_DICT_GROUP_72f2a6c0bdd51e2d,"slice, section",primary,https://glosbe.com/tay/en/niban,data/raw/html/static/tay_en/niban.html
GLOSBE_DICT_dd2734f4674032cd,"tay,en",niqan,social group,keep_in_xml,source_not_attested,source_not_attested_in_ildrf_reference,no,,,social group,,GLOSBE_DICT_GROUP_ec3e5f2153ac9a6b,social group,primary,https://glosbe.com/tay/en/niqan,data/raw/html/static/tay_en/niqan.html
GLOSBE_DICT_3ce2d0d9d51f4449,"tay,en",nniqan,table,keep_in_xml,gloss_unmapped,ildrf_source_attested_gloss_unmapped,yes,Final_XML/Atayal/Dictionary_Atayal_tay.xml,吃飯的地方、餐廳、小吃店; 宗族,table,,GLOSBE_DICT_GROUP_a348fd2b5fa2c345,table,primary,https://glosbe.com/tay/en/nniqan,data/raw/html/static/tay_en/nniqan.html
GLOSBE_DICT_46a31db8929fd0bb,"tay,en",nquak,mouth,keep_in_xml,source_not_attested,source_not_attested_in_ildrf_reference,no,,,mouth,,GLOSBE_DICT_GROUP_32a4dde40941ce1d,mouth,primary,https://glosbe.com/tay/en/nquak,data/raw/html/static/tay_en/nquak.html
GLOSBE_DICT_ee852f8c174bde40,"tay,en",nqumi',fallow land,keep_in_xml,target_supported_by_mapping,ildrf_source_attested_target_supported_by_mapping,yes,Final_XML/Atayal/Dictionary_Atayal_tay.xml,第二年耕地,fallow land,年; 第二年耕地,GLOSBE_DICT_GROUP_f57faf99466c88cb,fallow land,primary,https://glosbe.com/tay/en/nqumi%27,data/raw/html/static/tay_en/nqumi%27.html
GLOSBE_DICT_5315decbffa7e127,"tay,en",nuga',"whorl, flywheel on spindle",keep_in_xml,source_not_attested,source_not_attested_in_ildrf_reference,no,,,"whorl, flywheel on spindle",,GLOSBE_DICT_GROUP_8ebb0669877f112c,"whorl, flywheel on spindle",primary,https://glosbe.com/tay/en/nuga%27,data/raw/html/static/tay_en/nuga%27.html
GLOSBE_DICT_9787edc28a4427f6,"tay,en",nuka',hemp,keep_in_xml,gloss_unmapped,ildrf_source_attested_gloss_unmapped,yes,Final_XML/Atayal/Dictionary_Atayal_tay.xml,織布用的素麻線; 麻線,hemp,,GLOSBE_DICT_GROUP_b0bd9615a123d007,hemp,primary,https://glosbe.com/tay/en/nuka%27,data/raw/html/static/tay_en/nuka%27.html
GLOSBE_DICT_fc64a1715792bae3,"tay,en",nwaring,"bundle, package",keep_in_xml,gloss_unmapped,ildrf_source_attested_gloss_unmapped,yes,Final_XML/Atayal/Dictionary_Atayal_tay.xml,裝載,"bundle, package",,GLOSBE_DICT_GROUP_e460bc5a3165ec77,"bundle, package",primary,https://glosbe.com/tay/en/nwaring,data/raw/html/static/tay_en/nwaring.html
GLOSBE_DICT_038026423e8d261a,"tay,en",nya,he,keep_in_xml,source_not_attested,source_not_attested_in_ildrf_reference,no,,,he,,GLOSBE_DICT_GROUP_428a46f16335fe07,he,primary,https://glosbe.com/tay/en/nya,data/raw/html/static/tay_en/nya.html
GLOSBE_DICT_55fc423ea783fa56,"tay,en",nzihuan,necklace,keep_in_xml,source_not_attested,source_not_attested_in_ildrf_reference,no,,,necklace,,GLOSBE_DICT_GROUP_435e062f25130ad1,necklace,primary,https://glosbe.com/tay/en/nzihuan,data/raw/html/static/tay_en/nzihuan.html
GLOSBE_DICT_3082414564ebee8b,"tay,en",paga',stand for heads,keep_in_xml,gloss_unmapped,ildrf_source_attested_gloss_unmapped,yes,Final_XML/Atayal/Dictionary_Atayal_tay.xml,屋內置物架; 背薪架,stand for heads,,GLOSBE_DICT_GROUP_36d03f83787cb4f7,stand for heads,primary,https://glosbe.com/tay/en/paga%27,data/raw/html/static/tay_en/paga%27.html
GLOSBE_DICT_fad68e39536d393e,"tay,en",pagay,rice,keep_in_xml,gloss_unmapped,ildrf_source_attested_gloss_unmapped,yes,Final_XML/Atayal/Dictionary_Atayal_tay.xml,稻穀; 稻米,rice,,GLOSBE_DICT_GROUP_32840275d302f97c,rice,primary,https://glosbe.com/tay/en/pagay,data/raw/html/static/tay_en/pagay.html
GLOSBE_DICT_224b42f250c3a53f,"tay,en",paiat,four,keep_in_xml,source_not_attested,source_not_attested_in_ildrf_reference,no,,,four,,GLOSBE_DICT_GROUP_089cf49782d4b97e,four,primary,https://glosbe.com/tay/en/paiat,data/raw/html/static/tay_en/paiat.html
GLOSBE_DICT_70d4061f9d22bb91,"tay,en",paiyat,four,keep_in_xml,source_not_attested,source_not_attested_in_ildrf_reference,no,,,four,,GLOSBE_DICT_GROUP_8c8b6a141e9fa0bd,four,primary,https://glosbe.com/tay/en/paiyat,data/raw/html/static/tay_en/paiyat.html
GLOSBE_DICT_a9cdb838e433f0ad,"tay,en",pala',hemp cloth,keep_in_xml,gloss_unmapped,ildrf_source_attested_gloss_unmapped,yes,Final_XML/Atayal/Dictionary_Atayal_tay.xml,布匹; 揹小孩的背帶; 方布,hemp cloth,,GLOSBE_DICT_GROUP_d80fac0a6e70a98f,hemp cloth,primary,https://glosbe.com/tay/en/pala%27,data/raw/html/static/tay_en/pala%27.html
GLOSBE_DICT_d4fda59d4aeceeec,"tay,en",pali',feather,keep_in_xml,different_from_mapping,ildrf_source_attested_target_differs_from_mapping,yes,Final_XML/Atayal/Dictionary_Atayal_tay.xml,翅膀,feather; wing,翅膀,GLOSBE_DICT_GROUP_352dbd701e6ae50f,feather,primary,https://glosbe.com/tay/en/pali%27,data/raw/html/static/tay_en/pali%27.html
GLOSBE_DICT_4182e520e99e02e0,"tay,en",pali',wing,keep_in_xml,target_supported_by_mapping,ildrf_source_attested_target_supported_by_mapping,yes,Final_XML/Atayal/Dictionary_Atayal_tay.xml,翅膀,feather; wing,翅膀,GLOSBE_DICT_GROUP_352dbd701e6ae50f,wing,alt,https://glosbe.com/tay/en/pali%27,data/raw/html/static/tay_en/pali%27.html
GLOSBE_DICT_0a90a01bb687de94,"tay,en",pangeh,"rash, boil, abscess, pimples",keep_in_xml,source_not_attested,source_not_attested_in_ildrf_reference,no,,,"rash, boil, abscess, pimples",,GLOSBE_DICT_GROUP_0930608f38fe8d2d,"rash, boil, abscess, pimples",primary,https://glosbe.com/tay/en/pangeh,data/raw/html/static/tay_en/pangeh.html
GLOSBE_DICT_64ddfb8b09e0b1ff,"tay,en",papak,ear,keep_in_xml,gloss_unmapped,ildrf_source_attested_gloss_unmapped,yes,Final_XML/Atayal/Dictionary_Atayal_tay.xml,耳朵,ear,,GLOSBE_DICT_GROUP_82cfef47cbd73c75,ear,primary,https://glosbe.com/tay/en/papak,data/raw/html/static/tay_en/papak.html
GLOSBE_DICT_be07d08bfd2e284e,"tay,en",paqi',"rice husk, rice bran",keep_in_xml,gloss_unmapped,ildrf_source_attested_gloss_unmapped,yes,Final_XML/Atayal/Dictionary_Atayal_tay.xml,米糠,"rice husk, rice bran",,GLOSBE_DICT_GROUP_0121f38be4c70428,"rice husk, rice bran",primary,https://glosbe.com/tay/en/paqi%27,data/raw/html/static/tay_en/paqi%27.html
GLOSBE_DICT_256564e8ec35aac4,"tay,en",para',deer,keep_in_xml,source_not_attested,source_not_attested_in_ildrf_reference,no,,,deer,,GLOSBE_DICT_GROUP_129e10d3db278471,deer,primary,https://glosbe.com/tay/en/para%27,data/raw/html/static/tay_en/para%27.html
GLOSBE_DICT_4a7d8de4a99077c0,"tay,en",para,mountain deer,keep_in_xml,source_not_attested,source_not_attested_in_ildrf_reference,no,,,mountain deer,,GLOSBE_DICT_GROUP_81087bf29f6a8931,mountain deer,primary,https://glosbe.com/tay/en/para,data/raw/html/static/tay_en/para.html
GLOSBE_DICT_f14fe2c72f9efaad,"tay,en",paris,enemy,keep_in_xml,target_supported_by_mapping,ildrf_source_attested_target_supported_by_mapping,yes,Final_XML/Atayal/Dictionary_Atayal_tay.xml,敵人,enemy,人; 敵人,GLOSBE_DICT_GROUP_b1f8f23c23add48e,enemy,primary,https://glosbe.com/tay/en/paris,data/raw/html/static/tay_en/paris.html
GLOSBE_DICT_794c99cf11ff5c6a,"tay,en",parung,pine tree,keep_in_xml,source_not_attested,source_not_attested_in_ildrf_reference,no,,,pine tree,,GLOSBE_DICT_GROUP_1d0a902792316787,pine tree,primary,https://glosbe.com/tay/en/parung,data/raw/html/static/tay_en/parung.html
GLOSBE_DICT_491368397e8a8bed,"tay,en",patas,tattoo,keep_in_xml,gloss_unmapped,ildrf_source_attested_gloss_unmapped,yes,Final_XML/Atayal/Dictionary_Atayal_tay.xml,畫、紋面; 色調、色彩、,tattoo,,GLOSBE_DICT_GROUP_6c4e67573b1c3683,tattoo,primary,https://glosbe.com/tay/en/patas,data/raw/html/static/tay_en/patas.html
GLOSBE_DICT_0b9ad9f8703218f0,"tay,en",patus,gun,keep_in_xml,gloss_unmapped,ildrf_source_attested_gloss_unmapped,yes,Final_XML/Atayal/Dictionary_Atayal_tay.xml,槍; 開槍,gun,,GLOSBE_DICT_GROUP_68fee504b4770efb,gun,primary,https://glosbe.com/tay/en/patus,data/raw/html/static/tay_en/patus.html
GLOSBE_DICT_686572810bdbf851,"tay,en",patut,axe,keep_in_xml,gloss_unmapped,ildrf_source_attested_gloss_unmapped,yes,Final_XML/Atayal/Dictionary_Atayal_tay.xml,斧頭,axe,,GLOSBE_DICT_GROUP_c02249f7131a6f2d,axe,primary,https://glosbe.com/tay/en/patut,data/raw/html/static/tay_en/patut.html
GLOSBE_DICT_3cf82d601e9f9122,"tay,en",pcyuwagun,"work, job, occupation",keep_in_xml,source_not_attested,source_not_attested_in_ildrf_reference,no,,,"work, job, occupation",,GLOSBE_DICT_GROUP_3c7829caeedf7afc,"work, job, occupation",primary,https://glosbe.com/tay/en/pcyuwagun,data/raw/html/static/tay_en/pcyuwagun.html
GLOSBE_DICT_f2e9f785b35efeb0,"tay,en",pcywagun ngasal,homework,keep_in_xml,source_not_attested,source_not_attested_in_ildrf_reference,no,,,homework,,GLOSBE_DICT_GROUP_12cb850a5a0fdb73,homework,primary,https://glosbe.com/tay/en/pcywagun%20ngasal,data/raw/html/static/tay_en/pcywagun%20ngasal.html
GLOSBE_DICT_973c553ff005a536,"tay,en",pgey,scram,keep_in_xml,source_not_attested,source_not_attested_in_ildrf_reference,no,,,scram,,GLOSBE_DICT_GROUP_ad05c4c3e86899e9,scram,primary,https://glosbe.com/tay/en/pgey,data/raw/html/static/tay_en/pgey.html
GLOSBE_DICT_bdab39516f6b2c03,"tay,en",pgo',flute,keep_in_xml,source_not_attested,source_not_attested_in_ildrf_reference,no,,,flute,,GLOSBE_DICT_GROUP_8c0ec3e1b5d562bf,flute,primary,https://glosbe.com/tay/en/pgo%27,data/raw/html/static/tay_en/pgo%27.html
GLOSBE_DICT_d6a45ce0173419f6,"tay,en",ph'gup,shaman,keep_in_xml,source_not_attested,source_not_attested_in_ildrf_reference,no,,,shaman,,GLOSBE_DICT_GROUP_c5ae4411a48d12c9,shaman,primary,https://glosbe.com/tay/en/ph%27gup,data/raw/html/static/tay_en/ph%27gup.html
GLOSBE_DICT_1eecb88bbf41b017,"tay,en",phogung,fines,keep_in_xml,source_not_attested,source_not_attested_in_ildrf_reference,no,,,fines,,GLOSBE_DICT_GROUP_0152a96027188b22,fines,primary,https://glosbe.com/tay/en/phogung,data/raw/html/static/tay_en/phogung.html
GLOSBE_DICT_d051fe9f41413690,"tay,en",piah,candy,keep_in_xml,source_not_attested,source_not_attested_in_ildrf_reference,no,,,candy,,GLOSBE_DICT_GROUP_bae190dcec44308d,candy,primary,https://glosbe.com/tay/en/piah,data/raw/html/static/tay_en/piah.html
GLOSBE_DICT_651cf060a929ed1d,"tay,en",piatu',bowl,keep_in_xml,source_not_attested,source_not_attested_in_ildrf_reference,no,,,bowl,,GLOSBE_DICT_GROUP_c6ec71b42c7356f6,bowl,primary,https://glosbe.com/tay/en/piatu%27,data/raw/html/static/tay_en/piatu%27.html
GLOSBE_DICT_b4efaa27c44b86bc,"tay,en",piit,tweet,keep_in_xml,source_not_attested,source_not_attested_in_ildrf_reference,no,,,tweet,,GLOSBE_DICT_GROUP_2ba76343a745895c,tweet,primary,https://glosbe.com/tay/en/piit,data/raw/html/static/tay_en/piit.html
GLOSBE_DICT_f6bf7f5923acddad,"tay,en",piku',squirrel,keep_in_xml,source_not_attested,source_not_attested_in_ildrf_reference,no,,,squirrel,,GLOSBE_DICT_GROUP_b4d799d971b27fe5,squirrel,primary,https://glosbe.com/tay/en/piku%27,data/raw/html/static/tay_en/piku%27.html
GLOSBE_DICT_cb0d12d1b9de9773,"tay,en",pila',money,keep_in_xml,target_supported_by_mapping,ildrf_source_attested_target_supported_by_mapping,yes,Final_XML/Atayal/Dictionary_Atayal_tay.xml,錢,money; silver,錢,GLOSBE_DICT_GROUP_f296bf03a95865f0,money,primary,https://glosbe.com/tay/en/pila%27,data/raw/html/static/tay_en/pila%27.html
GLOSBE_DICT_9f87d458baa75b18,"tay,en",pila',silver,keep_in_xml,target_supported_by_mapping,ildrf_source_attested_target_supported_by_mapping,yes,Final_XML/Atayal/Dictionary_Atayal_tay.xml,錢,money; silver,錢,GLOSBE_DICT_GROUP_f296bf03a95865f0,silver,alt,https://glosbe.com/tay/en/pila%27,data/raw/html/static/tay_en/pila%27.html
GLOSBE_DICT_9ea26da0fe7f4570,"tay,en",pilaw,lamp,keep_in_xml,target_supported_by_mapping,ildrf_source_attested_target_supported_by_mapping,yes,Final_XML/Atayal/Dictionary_Atayal_tay.xml,照亮、照明,lamp,照亮; 照明,GLOSBE_DICT_GROUP_d8622dd15896aa78,lamp,primary,https://glosbe.com/tay/en/pilaw,data/raw/html/static/tay_en/pilaw.html
GLOSBE_DICT_ae2aca83d9f6e1e2,"tay,en",pima,towel,keep_in_xml,source_not_attested,source_not_attested_in_ildrf_reference,no,,,towel,,GLOSBE_DICT_GROUP_7442a237b949dff1,towel,primary,https://glosbe.com/tay/en/pima,data/raw/html/static/tay_en/pima.html
GLOSBE_DICT_8c6e409b794a80c0,"tay,en",pincbaqan,learning place,keep_in_xml,source_not_attested,source_not_attested_in_ildrf_reference,no,,,learning place,,GLOSBE_DICT_GROUP_9d6279d97de59dda,learning place,primary,https://glosbe.com/tay/en/pincbaqan,data/raw/html/static/tay_en/pincbaqan.html
GLOSBE_DICT_53785a8d3b170110,"tay,en",pinsku',woman's earring,keep_in_xml,gloss_unmapped,ildrf_source_attested_gloss_unmapped,yes,Final_XML/Atayal/Dictionary_Atayal_tay.xml,使...儲藏、安置,woman's earring,,GLOSBE_DICT_GROUP_a58fddcc8da86f4b,woman's earring,primary,https://glosbe.com/tay/en/pinsku%27,data/raw/html/static/tay_en/pinsku%27.html
GLOSBE_DICT_6ecf138babfa6488,"tay,en",pinyangan,clearing,keep_in_xml,gloss_unmapped,ildrf_source_attested_gloss_unmapped,yes,Final_XML/Atayal/Dictionary_Atayal_tay.xml,耕種,clearing,,GLOSBE_DICT_GROUP_1f03442971e96d46,clearing,primary,https://glosbe.com/tay/en/pinyangan,data/raw/html/static/tay_en/pinyangan.html
GLOSBE_DICT_84864d5997f43544,"tay,en",pira' qawas su?,How old are you?,keep_in_xml,source_not_attested,source_not_attested_in_ildrf_reference,no,,,How old are you?,,GLOSBE_DICT_GROUP_3cbbaf7b3d9983e4,How old are you?,primary,https://glosbe.com/tay/en/pira%27%20qawas%20su%3F,data/raw/html/static/tay_en/pira%27%20qawas%20su%3F.html
GLOSBE_DICT_02cdf6189f1d940c,"tay,en",pitay,bedbug,keep_in_xml,different_from_mapping,ildrf_source_attested_target_differs_from_mapping,yes,Final_XML/Atayal/Dictionary_Atayal_tay.xml,女子名,bedbug,女子名,GLOSBE_DICT_GROUP_0ba575dbb5fd2863,bedbug,primary,https://glosbe.com/tay/en/pitay,data/raw/html/static/tay_en/pitay.html
GLOSBE_DICT_ecb7357c8ef0ff28,"tay,en",pkaroh,hoe,keep_in_xml,source_not_attested,source_not_attested_in_ildrf_reference,no,,,hoe,,GLOSBE_DICT_GROUP_b024c7598e851ad9,hoe,primary,https://glosbe.com/tay/en/pkaroh,data/raw/html/static/tay_en/pkaroh.html
GLOSBE_DICT_2841ba932478d95c,"tay,en",plos,reel,keep_in_xml,source_not_attested,source_not_attested_in_ildrf_reference,no,,,reel,,GLOSBE_DICT_GROUP_d9734bf4145e1fca,reel,primary,https://glosbe.com/tay/en/plos,data/raw/html/static/tay_en/plos.html
GLOSBE_DICT_37947e695181c2fd,"tay,en",pman hi,washing,keep_in_xml,source_not_attested,source_not_attested_in_ildrf_reference,no,,,washing,,GLOSBE_DICT_GROUP_cbace99545e9a8e6,washing,primary,https://glosbe.com/tay/en/pman%20hi,data/raw/html/static/tay_en/pman%20hi.html
GLOSBE_DICT_4673f6007ca0ea8a,"tay,en",pngran,pineapple,keep_in_xml,gloss_unmapped,ildrf_source_attested_gloss_unmapped,yes,Final_XML/Atayal/Dictionary_Atayal_tay.xml,鳳梨,pineapple,,GLOSBE_DICT_GROUP_b61a17ea0913e1c5,pineapple,primary,https://glosbe.com/tay/en/pngran,data/raw/html/static/tay_en/pngran.html
GLOSBE_DICT_50b285fa7b389cd2,"tay,en",ppatas,chalk,keep_in_xml,source_not_attested,source_not_attested_in_ildrf_reference,no,,,chalk,,GLOSBE_DICT_GROUP_dfee5358679e98cb,chalk,primary,https://glosbe.com/tay/en/ppatas,data/raw/html/static/tay_en/ppatas.html
GLOSBE_DICT_f1e9a8e34c498e20,"tay,en",pqzi',"thorn, prickle",keep_in_xml,source_not_attested,source_not_attested_in_ildrf_reference,no,,,"thorn, prickle",,GLOSBE_DICT_GROUP_9961046c630ca704,"thorn, prickle",primary,https://glosbe.com/tay/en/pqzi%27,data/raw/html/static/tay_en/pqzi%27.html
GLOSBE_DICT_af88b28966e332a6,"tay,en",prahom,lip,keep_in_xml,source_not_attested,source_not_attested_in_ildrf_reference,no,,,lip,,GLOSBE_DICT_GROUP_c17eccfb891444ba,lip,primary,https://glosbe.com/tay/en/prahom,data/raw/html/static/tay_en/prahom.html
GLOSBE_DICT_fc951dcc98371c64,"tay,en",prbwan qlcing,blackboard,keep_in_xml,source_not_attested,source_not_attested_in_ildrf_reference,no,,,blackboard,,GLOSBE_DICT_GROUP_a6dfc5777f4f0a1d,blackboard,primary,https://glosbe.com/tay/en/prbwan%20qlcing,data/raw/html/static/tay_en/prbwan%20qlcing.html
GLOSBE_DICT_08b51508f421df23,"tay,en",prraw,horizontal beam,keep_in_xml,source_not_attested,source_not_attested_in_ildrf_reference,no,,,horizontal beam,,GLOSBE_DICT_GROUP_45b9c7ec8c8082e1,horizontal beam,primary,https://glosbe.com/tay/en/prraw,data/raw/html/static/tay_en/prraw.html
GLOSBE_DICT_35e2b0af32f4e593,"tay,en",psaniq,"bad luck, taboo",keep_in_xml,target_supported_by_mapping,ildrf_source_attested_target_supported_by_mapping,yes,Final_XML/Atayal/Dictionary_Atayal_tay.xml,禁忌,"bad luck, taboo; taboo",禁忌,GLOSBE_DICT_GROUP_944921d7d538b863,"bad luck, taboo",primary,https://glosbe.com/tay/en/psaniq,data/raw/html/static/tay_en/psaniq.html
GLOSBE_DICT_852b4eec1d9cce00,"tay,en",psaniq,taboo,keep_in_xml,target_supported_by_mapping,ildrf_source_attested_target_supported_by_mapping,yes,Final_XML/Atayal/Dictionary_Atayal_tay.xml,禁忌,"bad luck, taboo; taboo",禁忌,GLOSBE_DICT_GROUP_944921d7d538b863,taboo,alt,https://glosbe.com/tay/en/psaniq,data/raw/html/static/tay_en/psaniq.html
GLOSBE_DICT_27a9ab27a160e9bc,"tay,en",pshut,pull (upward),keep_in_xml,source_not_attested,source_not_attested_in_ildrf_reference,no,,,pull (upward),,GLOSBE_DICT_GROUP_ba53ea7eb2f56845,pull (upward),primary,https://glosbe.com/tay/en/pshut,data/raw/html/static/tay_en/pshut.html
GLOSBE_DICT_ec23da7d29d83584,"tay,en",psxu,grind,keep_in_xml,source_not_attested,source_not_attested_in_ildrf_reference,no,,,grind,,GLOSBE_DICT_GROUP_37aca57c8ca414cb,grind,primary,https://glosbe.com/tay/en/psxu,data/raw/html/static/tay_en/psxu.html
GLOSBE_DICT_baebd3e7a3c2d0aa,"tay,en",ptrang,"ornament, decoration",keep_in_xml,gloss_unmapped,ildrf_source_attested_gloss_unmapped,yes,Final_XML/Atayal/Dictionary_Atayal_tay.xml,妝扮飾物,"ornament, decoration",,GLOSBE_DICT_GROUP_58e031f009ec4919,"ornament, decoration",primary,https://glosbe.com/tay/en/ptrang,data/raw/html/static/tay_en/ptrang.html
GLOSBE_DICT_3b53c7d4bd0aae97,"tay,en",ptsue',younger siblings,keep_in_xml,source_not_attested,source_not_attested_in_ildrf_reference,no,,,younger siblings,,GLOSBE_DICT_GROUP_cd4bb2f4d15b4934,younger siblings,primary,https://glosbe.com/tay/en/ptsue%27,data/raw/html/static/tay_en/ptsue%27.html
GLOSBE_DICT_0348dc20cca31bc9,"tay,en",ptwan,money cloth,keep_in_xml,source_not_attested,source_not_attested_in_ildrf_reference,no,,,money cloth,,GLOSBE_DICT_GROUP_4412b6abfd28e10d,money cloth,primary,https://glosbe.com/tay/en/ptwan,data/raw/html/static/tay_en/ptwan.html
GLOSBE_DICT_310a9d8b127e7f7d,"tay,en",pucing,end point,keep_in_xml,gloss_unmapped,ildrf_source_attested_gloss_unmapped,yes,Final_XML/Atayal/Dictionary_Atayal_tay.xml,獵刀,end point,,GLOSBE_DICT_GROUP_43c049520860695e,end point,primary,https://glosbe.com/tay/en/pucing,data/raw/html/static/tay_en/pucing.html
GLOSBE_DICT_72069cc1c4c62dca,"tay,en",puga',navel,keep_in_xml,gloss_unmapped,ildrf_source_attested_gloss_unmapped,yes,Final_XML/Atayal/Dictionary_Atayal_tay.xml,肚臍,navel,,GLOSBE_DICT_GROUP_592873e2a5b10dd2,navel,primary,https://glosbe.com/tay/en/puga%27,data/raw/html/static/tay_en/puga%27.html
GLOSBE_DICT_22ac7ec5454f7194,"tay,en",pugu',top of the head,keep_in_xml,source_not_attested,source_not_attested_in_ildrf_reference,no,,,top of the head,,GLOSBE_DICT_GROUP_34b7d72b0840d2b6,top of the head,primary,https://glosbe.com/tay/en/pugu%27,data/raw/html/static/tay_en/pugu%27.html
GLOSBE_DICT_fa69b41e4255aa1e,"tay,en",pulut,clitoris,keep_in_xml,source_not_attested,source_not_attested_in_ildrf_reference,no,,,clitoris,,GLOSBE_DICT_GROUP_96f5dfda3d4cc230,clitoris,primary,https://glosbe.com/tay/en/pulut,data/raw/html/static/tay_en/pulut.html
GLOSBE_DICT_54a62e27c7191dab,"tay,en",punu',cholera,keep_in_xml,gloss_unmapped,ildrf_source_attested_gloss_unmapped,yes,Final_XML/Atayal/Dictionary_Atayal_tay.xml,得瘟疫; 病毒; 瘟疫、,cholera,,GLOSBE_DICT_GROUP_b4b9a25af457840d,cholera,primary,https://glosbe.com/tay/en/punu%27,data/raw/html/static/tay_en/punu%27.html
GLOSBE_DICT_f763bc31ee7dc5ec,"tay,en",puqing,"origin, originator",keep_in_xml,target_supported_by_mapping,ildrf_source_attested_target_supported_by_mapping,yes,Final_XML/Atayal/Dictionary_Atayal_tay.xml,根部、源頭; 樹頭,"origin, originator; yam sprouts",根部; 源頭; 樹頭; 樹,GLOSBE_DICT_GROUP_2236f246a54f717a,"origin, originator",primary,https://glosbe.com/tay/en/puqing,data/raw/html/static/tay_en/puqing.html
GLOSBE_DICT_0a2b54a6b98a34c6,"tay,en",puqing,yam sprouts,keep_in_xml,different_from_mapping,ildrf_source_attested_target_differs_from_mapping,yes,Final_XML/Atayal/Dictionary_Atayal_tay.xml,根部、源頭; 樹頭,"origin, originator; yam sprouts",根部; 源頭; 樹頭; 樹,GLOSBE_DICT_GROUP_2236f246a54f717a,yam sprouts,alt,https://glosbe.com/tay/en/puqing,data/raw/html/static/tay_en/puqing.html
GLOSBE_DICT_e11e968565b862a0,"tay,en",pusal,twenty,keep_in_xml,source_not_attested,source_not_attested_in_ildrf_reference,no,,,twenty,,GLOSBE_DICT_GROUP_8aa85945f4ecf675,twenty,primary,https://glosbe.com/tay/en/pusal,data/raw/html/static/tay_en/pusal.html
GLOSBE_DICT_4b553527e85eddf3,"tay,en",pusun,magic for curing rashes,keep_in_xml,source_not_attested,source_not_attested_in_ildrf_reference,no,,,magic for curing rashes,,GLOSBE_DICT_GROUP_e9a5cefa859a9044,magic for curing rashes,primary,https://glosbe.com/tay/en/pusun,data/raw/html/static/tay_en/pusun.html
GLOSBE_DICT_1be58717ae4ed3a2,"tay,en",putung,tinder,keep_in_xml,gloss_unmapped,ildrf_source_attested_gloss_unmapped,yes,Final_XML/Atayal/Dictionary_Atayal_tay.xml,點火、火柴,tinder,,GLOSBE_DICT_GROUP_7f40ae8926a5a799,tinder,primary,https://glosbe.com/tay/en/putung,data/raw/html/static/tay_en/putung.html
GLOSBE_DICT_afac5368363229d7,"tay,en",pzi'an laqi,playground,keep_in_xml,source_not_attested,source_not_attested_in_ildrf_reference,no,,,playground,,GLOSBE_DICT_GROUP_8b02baa32e1cb942,playground,primary,https://glosbe.com/tay/en/pzi%27an%20laqi,data/raw/html/static/tay_en/pzi%27an%20laqi.html
GLOSBE_DICT_147688a82d97a7cd,"tay,en",pzit,sparrow,keep_in_xml,gloss_unmapped,ildrf_source_attested_gloss_unmapped,yes,Final_XML/Atayal/Dictionary_Atayal_tay.xml,白腰文鳥; 麻雀,sparrow,,GLOSBE_DICT_GROUP_8764b63ea05bc72a,sparrow,primary,https://glosbe.com/tay/en/pzit,data/raw/html/static/tay_en/pzit.html
GLOSBE_DICT_3d5a2f892bc60bcb,"tay,en",qabay,jaw,keep_in_xml,gloss_unmapped,ildrf_source_attested_gloss_unmapped,yes,Final_XML/Atayal/Dictionary_Atayal_tay.xml,下巴,jaw,,GLOSBE_DICT_GROUP_00048915ed7c73ea,jaw,primary,https://glosbe.com/tay/en/qabay,data/raw/html/static/tay_en/qabay.html
GLOSBE_DICT_f5d881b82cf751b1,"tay,en",qahal,a hand of bananas,keep_in_xml,source_not_attested,source_not_attested_in_ildrf_reference,no,,,a hand of bananas,,GLOSBE_DICT_GROUP_7fa7d7482fb8251d,a hand of bananas,primary,https://glosbe.com/tay/en/qahal,data/raw/html/static/tay_en/qahal.html
GLOSBE_DICT_2d21aff4a1378f82,"tay,en",qalang hogal,town in front of the mountain,keep_in_xml,source_not_attested,source_not_attested_in_ildrf_reference,no,,,town in front of the mountain,,GLOSBE_DICT_GROUP_e66ab6d609298ed3,town in front of the mountain,primary,https://glosbe.com/tay/en/qalang%20hogal,data/raw/html/static/tay_en/qalang%20hogal.html
GLOSBE_DICT_a7766ebdcabb367c,"tay,en",qalang yatux,town behind the mountain,keep_in_xml,source_not_attested,source_not_attested_in_ildrf_reference,no,,,town behind the mountain,,GLOSBE_DICT_GROUP_3cb37c975008edf3,town behind the mountain,primary,https://glosbe.com/tay/en/qalang%20yatux,data/raw/html/static/tay_en/qalang%20yatux.html
GLOSBE_DICT_ba2a942ea6632de5,"tay,en",qalang,village,keep_in_xml,target_supported_by_mapping,ildrf_source_attested_target_supported_by_mapping,yes,Final_XML/Atayal/Dictionary_Atayal_tay.xml,圍起來; 用圍牆圍起來; 部落; 部落、家鄉、國家,village,家; 部落; 家鄉; 國家,GLOSBE_DICT_GROUP_0417848b5b948474,village,primary,https://glosbe.com/tay/en/qalang,data/raw/html/static/tay_en/qalang.html
GLOSBE_DICT_601db41597dc2bf4,"tay,en",qaniy,this,keep_in_xml,source_not_attested,source_not_attested_in_ildrf_reference,no,,,this,,GLOSBE_DICT_GROUP_28f9dd1ddb8b2b95,this,primary,https://glosbe.com/tay/en/qaniy,data/raw/html/static/tay_en/qaniy.html
GLOSBE_DICT_3d8d0ce09cc1ce3e,"tay,en",qano,fat,keep_in_xml,source_not_attested,source_not_attested_in_ildrf_reference,no,,,fat; grease; oil,,GLOSBE_DICT_GROUP_6ec7ed1830320370,fat,primary,https://glosbe.com/tay/en/qano,data/raw/html/static/tay_en/qano.html
GLOSBE_DICT_4eae0f9f8c3f8ba5,"tay,en",qano,grease,keep_in_xml,source_not_attested,source_not_attested_in_ildrf_reference,no,,,fat; grease; oil,,GLOSBE_DICT_GROUP_6ec7ed1830320370,grease,alt,https://glosbe.com/tay/en/qano,data/raw/html/static/tay_en/qano.html
GLOSBE_DICT_d67a95c372431a40,"tay,en",qano,oil,keep_in_xml,source_not_attested,source_not_attested_in_ildrf_reference,no,,,fat; grease; oil,,GLOSBE_DICT_GROUP_6ec7ed1830320370,oil,alt,https://glosbe.com/tay/en/qano,data/raw/html/static/tay_en/qano.html
GLOSBE_DICT_abe9cdb4fb089913,"tay,en",qanux,deer,keep_in_xml,source_not_attested,source_not_attested_in_ildrf_reference,no,,,deer,,GLOSBE_DICT_GROUP_36b2a43f67133572,deer,primary,https://glosbe.com/tay/en/qanux,data/raw/html/static/tay_en/qanux.html
GLOSBE_DICT_1654f1c979e1ff67,"tay,en",qapi,millet field,keep_in_xml,gloss_unmapped,ildrf_source_attested_gloss_unmapped,yes,Final_XML/Atayal/Dictionary_Atayal_tay.xml,摘斷,millet field,,GLOSBE_DICT_GROUP_8ad4b11243f47e38,millet field,primary,https://glosbe.com/tay/en/qapi,data/raw/html/static/tay_en/qapi.html
GLOSBE_DICT_798991d8838838cb,"tay,en",qapu',scarred taro,keep_in_xml,gloss_unmapped,ildrf_source_attested_gloss_unmapped,yes,Final_XML/Atayal/Dictionary_Atayal_tay.xml,柿子,scarred taro,,GLOSBE_DICT_GROUP_4dcac321f1659f3a,scarred taro,primary,https://glosbe.com/tay/en/qapu%27,data/raw/html/static/tay_en/qapu%27.html
GLOSBE_DICT_8ee63426712aeccc,"tay,en",qara',branch,keep_in_xml,target_supported_by_mapping,ildrf_source_attested_target_supported_by_mapping,yes,Final_XML/Atayal/Dictionary_Atayal_tay.xml,枝條; 樹枝,branch,枝條; 樹枝; 樹,GLOSBE_DICT_GROUP_fa3fee845b9be125,branch,primary,https://glosbe.com/tay/en/qara%27,data/raw/html/static/tay_en/qara%27.html
GLOSBE_DICT_0649220a63d7d8f9,"tay,en",qaraw,rib,keep_in_xml,target_supported_by_mapping,ildrf_source_attested_target_supported_by_mapping,yes,Final_XML/Atayal/Dictionary_Atayal_tay.xml,竹支條; 肋骨,rib; twig,肋骨; 竹支條,GLOSBE_DICT_GROUP_22f87cd2268f2de6,rib,primary,https://glosbe.com/tay/en/qaraw,data/raw/html/static/tay_en/qaraw.html
GLOSBE_DICT_eacacde1201a49ed,"tay,en",qaraw,twig,keep_in_xml,target_supported_by_mapping,ildrf_source_attested_target_supported_by_mapping,yes,Final_XML/Atayal/Dictionary_Atayal_tay.xml,竹支條; 肋骨,rib; twig,肋骨; 竹支條,GLOSBE_DICT_GROUP_22f87cd2268f2de6,twig,alt,https://glosbe.com/tay/en/qaraw,data/raw/html/static/tay_en/qaraw.html
GLOSBE_DICT_2ac28008debb4c84,"tay,en",qasa,that,keep_in_xml,gloss_unmapped,ildrf_source_attested_gloss_unmapped,yes,Final_XML/Atayal/Dictionary_Atayal_tay.xml,那個,that,,GLOSBE_DICT_GROUP_d304c3cb3287884b,that,primary,https://glosbe.com/tay/en/qasa,data/raw/html/static/tay_en/qasa.html
GLOSBE_DICT_df7fdec15b04eac8,"tay,en",qasu' laka',airplane,keep_in_xml,source_not_attested,source_not_attested_in_ildrf_reference,no,,,airplane,,GLOSBE_DICT_GROUP_5e05222bdfe6ff4e,airplane,primary,https://glosbe.com/tay/en/qasu%27%20laka%27,data/raw/html/static/tay_en/qasu%27%20laka%27.html
GLOSBE_DICT_73ffb177d00a292c,"tay,en",qasu' ruma',strips of bamboo,keep_in_xml,source_not_attested,source_not_attested_in_ildrf_reference,no,,,strips of bamboo,,GLOSBE_DICT_GROUP_61ddb239d897dee5,strips of bamboo,primary,https://glosbe.com/tay/en/qasu%27%20ruma%27,data/raw/html/static/tay_en/qasu%27%20ruma%27.html
GLOSBE_DICT_b7e569951e64d76e,"tay,en",qasu',boat,keep_in_xml,gloss_unmapped,ildrf_source_attested_gloss_unmapped,yes,Final_XML/Atayal/Dictionary_Atayal_tay.xml,船; 船隻,boat,,GLOSBE_DICT_GROUP_0697507ff057fe60,boat,primary,https://glosbe.com/tay/en/qasu%27,data/raw/html/static/tay_en/qasu%27.html
GLOSBE_DICT_ba483fc786cd48a8,"tay,en",qawas,year,keep_in_xml,source_not_attested,source_not_attested_in_ildrf_reference,no,,,year,,GLOSBE_DICT_GROUP_7373e4549b8625ba,year,primary,https://glosbe.com/tay/en/qawas,data/raw/html/static/tay_en/qawas.html
GLOSBE_DICT_1046cf3cefa52d2a,"tay,en",qaya,thing,keep_in_xml,source_not_attested,source_not_attested_in_ildrf_reference,no,,,thing,,GLOSBE_DICT_GROUP_e59130e996b134db,thing,primary,https://glosbe.com/tay/en/qaya,data/raw/html/static/tay_en/qaya.html
GLOSBE_DICT_e120ee4df82b8e19,"tay,en",qba',forearm,keep_in_xml,target_supported_by_mapping,ildrf_source_attested_target_supported_by_mapping,yes,Final_XML/Atayal/Dictionary_Atayal_tay.xml,手,forearm; foreleg,手,GLOSBE_DICT_GROUP_260a7d21332f10df,forearm,primary,https://glosbe.com/tay/en/qba%27,data/raw/html/static/tay_en/qba%27.html
GLOSBE_DICT_bd9d652b674f534d,"tay,en",qba',foreleg,keep_in_xml,different_from_mapping,ildrf_source_attested_target_differs_from_mapping,yes,Final_XML/Atayal/Dictionary_Atayal_tay.xml,手,forearm; foreleg,手,GLOSBE_DICT_GROUP_260a7d21332f10df,foreleg,alt,https://glosbe.com/tay/en/qba%27,data/raw/html/static/tay_en/qba%27.html
GLOSBE_DICT_ff97a71e9b21c8d0,"tay,en",qbaqa',jar,keep_in_xml,source_not_attested,source_not_attested_in_ildrf_reference,no,,,jar,,GLOSBE_DICT_GROUP_9f3b86a88f161923,jar,primary,https://glosbe.com/tay/en/qbaqa%27,data/raw/html/static/tay_en/qbaqa%27.html
GLOSBE_DICT_6d25a4485a80b75e,"tay,en",qbubu,hat,keep_in_xml,source_not_attested,source_not_attested_in_ildrf_reference,no,,,hat,,GLOSBE_DICT_GROUP_5916c7bf00ec97e5,hat,primary,https://glosbe.com/tay/en/qbubu,data/raw/html/static/tay_en/qbubu.html
GLOSBE_DICT_7202cb6113279f9e,"tay,en",qbuli',ashes,keep_in_xml,gloss_unmapped,ildrf_source_attested_gloss_unmapped,yes,Final_XML/Atayal/Dictionary_Atayal_tay.xml,灰燼; 炭灰,ashes,,GLOSBE_DICT_GROUP_0451d873b322ece6,ashes,primary,https://glosbe.com/tay/en/qbuli%27,data/raw/html/static/tay_en/qbuli%27.html
GLOSBE_DICT_7c645512130ea0af,"tay,en",qbux,fox,keep_in_xml,gloss_unmapped,ildrf_source_attested_gloss_unmapped,yes,Final_XML/Atayal/Dictionary_Atayal_tay.xml,狐狸,fox,,GLOSBE_DICT_GROUP_780d7670de89c1cf,fox,primary,https://glosbe.com/tay/en/qbux,data/raw/html/static/tay_en/qbux.html
GLOSBE_DICT_2d69503630ef01d9,"tay,en",qcian,anus,keep_in_xml,source_not_attested,source_not_attested_in_ildrf_reference,no,,,anus,,GLOSBE_DICT_GROUP_651aa8cc36008a27,anus,primary,https://glosbe.com/tay/en/qcian,data/raw/html/static/tay_en/qcian.html
GLOSBE_DICT_9e105ca4e35f4a32,"tay,en",qengay,ear decoration,keep_in_xml,source_not_attested,source_not_attested_in_ildrf_reference,no,,,ear decoration,,GLOSBE_DICT_GROUP_2ff131b96684a189,ear decoration,primary,https://glosbe.com/tay/en/qengay,data/raw/html/static/tay_en/qengay.html
GLOSBE_DICT_b4e513c5906b4c4c,"tay,en",qeran,stick for pushing weaving into place,keep_in_xml,source_not_attested,source_not_attested_in_ildrf_reference,no,,,stick for pushing weaving into place,,GLOSBE_DICT_GROUP_84e5db9ec3d4d1b0,stick for pushing weaving into place,primary,https://glosbe.com/tay/en/qeran,data/raw/html/static/tay_en/qeran.html
GLOSBE_DICT_831aa4675773e9e0,"tay,en",qeru' pgan,ninety,keep_in_xml,source_not_attested,source_not_attested_in_ildrf_reference,no,,,ninety,,GLOSBE_DICT_GROUP_6469f265a09e84bb,ninety,primary,https://glosbe.com/tay/en/qeru%27%20pgan,data/raw/html/static/tay_en/qeru%27%20pgan.html
GLOSBE_DICT_9ffa2a7d15610d60,"tay,en",qeru',nine,keep_in_xml,source_not_attested,source_not_attested_in_ildrf_reference,no,,,nine,,GLOSBE_DICT_GROUP_d4bbd3999c5a1e40,nine,primary,https://glosbe.com/tay/en/qeru%27,data/raw/html/static/tay_en/qeru%27.html
GLOSBE_DICT_03fbabaeacda2b45,"tay,en",qes,"boundary, limit",keep_in_xml,gloss_unmapped,ildrf_source_attested_gloss_unmapped,yes,Final_XML/Atayal/Dictionary_Atayal_tay.xml,界限,"boundary, limit",,GLOSBE_DICT_GROUP_c1baec4cc77f22b3,"boundary, limit",primary,https://glosbe.com/tay/en/qes,data/raw/html/static/tay_en/qes.html
GLOSBE_DICT_a91b485b26c59e0f,"tay,en",qesa',catalpa wood,keep_in_xml,source_not_attested,source_not_attested_in_ildrf_reference,no,,,catalpa wood,,GLOSBE_DICT_GROUP_90cf3221c34d5dba,catalpa wood,primary,https://glosbe.com/tay/en/qesa%27,data/raw/html/static/tay_en/qesa%27.html
GLOSBE_DICT_64e88d8f70efd162,"tay,en",qetun,corn,keep_in_xml,gloss_unmapped,ildrf_source_attested_gloss_unmapped,yes,Final_XML/Atayal/Dictionary_Atayal_tay.xml,玉米,corn,,GLOSBE_DICT_GROUP_93662220974c4fc1,corn,primary,https://glosbe.com/tay/en/qetun,data/raw/html/static/tay_en/qetun.html
GLOSBE_DICT_dd771a0771aa7a78,"tay,en",qhiang,shoulder,keep_in_xml,source_not_attested,source_not_attested_in_ildrf_reference,no,,,shoulder,,GLOSBE_DICT_GROUP_2fb0207b836ef989,shoulder,primary,https://glosbe.com/tay/en/qhiang,data/raw/html/static/tay_en/qhiang.html
GLOSBE_DICT_6ca9d2900a46f026,"tay,en",qhniq,bird,keep_in_xml,source_not_attested,source_not_attested_in_ildrf_reference,no,,,bird; fowl,,GLOSBE_DICT_GROUP_c6b993a374307de9,bird,primary,https://glosbe.com/tay/en/qhniq,data/raw/html/static/tay_en/qhniq.html
GLOSBE_DICT_b15e328f1a2e8bdb,"tay,en",qhniq,fowl,keep_in_xml,source_not_attested,source_not_attested_in_ildrf_reference,no,,,bird; fowl,,GLOSBE_DICT_GROUP_c6b993a374307de9,fowl,alt,https://glosbe.com/tay/en/qhniq,data/raw/html/static/tay_en/qhniq.html
GLOSBE_DICT_6588105b11430a95,"tay,en",qhoniq,"tree, wood",keep_in_xml,source_not_attested,source_not_attested_in_ildrf_reference,no,,,"tree, wood",,GLOSBE_DICT_GROUP_f7f763e69f3c295d,"tree, wood",primary,https://glosbe.com/tay/en/qhoniq,data/raw/html/static/tay_en/qhoniq.html
GLOSBE_DICT_f4ccca0506d82921,"tay,en",qhotul,"embers, live coals, firebrand",keep_in_xml,source_not_attested,source_not_attested_in_ildrf_reference,no,,,"embers, live coals, firebrand",,GLOSBE_DICT_GROUP_1a88ba86cdf2e8a5,"embers, live coals, firebrand",primary,https://glosbe.com/tay/en/qhotul,data/raw/html/static/tay_en/qhotul.html
GLOSBE_DICT_ac28ff25f1d9dfdb,"tay,en",qibuw,"scoop, small",keep_in_xml,gloss_unmapped,ildrf_source_attested_gloss_unmapped,yes,Final_XML/Atayal/Dictionary_Atayal_tay.xml,犁; 翻土、犁田; 鍋鏟; 飯匙,"scoop, small",,GLOSBE_DICT_GROUP_a8bcca067a3bbbc6,"scoop, small",primary,https://glosbe.com/tay/en/qibuw,data/raw/html/static/tay_en/qibuw.html
GLOSBE_DICT_1b7891293cc2ce52,"tay,en",qilis,"wound, injury",keep_in_xml,gloss_unmapped,ildrf_source_attested_gloss_unmapped,yes,Final_XML/Atayal/Dictionary_Atayal_tay.xml,傷; 傷口,"wound, injury",,GLOSBE_DICT_GROUP_1514c5572351caf8,"wound, injury",primary,https://glosbe.com/tay/en/qilis,data/raw/html/static/tay_en/qilis.html
GLOSBE_DICT_56d5bfe7483cb4b0,"tay,en",qiway,window curtain,keep_in_xml,gloss_unmapped,ildrf_source_attested_gloss_unmapped,yes,Final_XML/Atayal/Dictionary_Atayal_tay.xml,遮蓋,window curtain,,GLOSBE_DICT_GROUP_340566bcffcfbc10,window curtain,primary,https://glosbe.com/tay/en/qiway,data/raw/html/static/tay_en/qiway.html
GLOSBE_DICT_8c0e47b9fb3b9880,"tay,en",qlcing,"plank, board",keep_in_xml,source_not_attested,source_not_attested_in_ildrf_reference,no,,,"plank, board",,GLOSBE_DICT_GROUP_1595eb4aab1e3eda,"plank, board",primary,https://glosbe.com/tay/en/qlcing,data/raw/html/static/tay_en/qlcing.html
GLOSBE_DICT_9ebcac90fc49c1cd,"tay,en",qloyux,long,keep_in_xml,source_not_attested,source_not_attested_in_ildrf_reference,no,,,long,,GLOSBE_DICT_GROUP_ad412af73415f4da,long,primary,https://glosbe.com/tay/en/qloyux,data/raw/html/static/tay_en/qloyux.html
GLOSBE_DICT_3e1499a412dba079,"tay,en",qlyan,noon,keep_in_xml,gloss_unmapped,ildrf_source_attested_gloss_unmapped,yes,Final_XML/Atayal/Dictionary_Atayal_tay.xml,白晝、中午,noon,,GLOSBE_DICT_GROUP_bb94f00b2c7e8e86,noon,primary,https://glosbe.com/tay/en/qlyan,data/raw/html/static/tay_en/qlyan.html
GLOSBE_DICT_931e11f559f4b1ec,"tay,en",qmahan,field,keep_in_xml,gloss_unmapped,ildrf_source_attested_gloss_unmapped,yes,Final_XML/Atayal/Dictionary_Atayal_tay.xml,鋤草、整理園地,field,,GLOSBE_DICT_GROUP_db30a0dd93372f6b,field,primary,https://glosbe.com/tay/en/qmahan,data/raw/html/static/tay_en/qmahan.html
GLOSBE_DICT_fa37fb5666463f47,"tay,en",qmalup,hunt,keep_in_xml,gloss_unmapped,ildrf_source_attested_gloss_unmapped,yes,Final_XML/Atayal/Dictionary_Atayal_tay.xml,打獵、狩獵,hunt,,GLOSBE_DICT_GROUP_12c1872a1dc31f49,hunt,primary,https://glosbe.com/tay/en/qmalup,data/raw/html/static/tay_en/qmalup.html
GLOSBE_DICT_943bfcc42257c368,"tay,en",qmayah,field,keep_in_xml,source_not_attested,source_not_attested_in_ildrf_reference,no,,,field,,GLOSBE_DICT_GROUP_73a60115da3985b2,field,primary,https://glosbe.com/tay/en/qmayah,data/raw/html/static/tay_en/qmayah.html
GLOSBE_DICT_ca0c64942ffd82ec,"tay,en",qmayat qngtan,chicken farming,keep_in_xml,source_not_attested,source_not_attested_in_ildrf_reference,no,,,chicken farming,,GLOSBE_DICT_GROUP_cf142712f7876459,chicken farming,primary,https://glosbe.com/tay/en/qmayat%20qngtan,data/raw/html/static/tay_en/qmayat%20qngtan.html
GLOSBE_DICT_643963a1ace6191a,"tay,en",qmazyah,"field, plot of land",keep_in_xml,source_not_attested,source_not_attested_in_ildrf_reference,no,,,"field, plot of land",,GLOSBE_DICT_GROUP_4f9b82de849a0e60,"field, plot of land",primary,https://glosbe.com/tay/en/qmazyah,data/raw/html/static/tay_en/qmazyah.html
GLOSBE_DICT_7809fbaec1fff76f,"tay,en",qmes,fence,keep_in_xml,target_supported_by_mapping,ildrf_source_attested_target_supported_by_mapping,yes,Final_XML/Atayal/Dictionary_Atayal_tay.xml,劃清界線,fence; magic,劃清界線,GLOSBE_DICT_GROUP_97d1ba487af08054,fence,primary,https://glosbe.com/tay/en/qmes,data/raw/html/static/tay_en/qmes.html
GLOSBE_DICT_3362be627944a7c0,"tay,en",qmes,magic,keep_in_xml,different_from_mapping,ildrf_source_attested_target_differs_from_mapping,yes,Final_XML/Atayal/Dictionary_Atayal_tay.xml,劃清界線,fence; magic,劃清界線,GLOSBE_DICT_GROUP_97d1ba487af08054,magic,alt,https://glosbe.com/tay/en/qmes,data/raw/html/static/tay_en/qmes.html
GLOSBE_DICT_2122b5a2bd12d3fc,"tay,en",qmici',flea,keep_in_xml,gloss_unmapped,ildrf_source_attested_gloss_unmapped,yes,Final_XML/Atayal/Dictionary_Atayal_tay.xml,跳蚤,flea,,GLOSBE_DICT_GROUP_095eceeb2c6d97ae,flea,primary,https://glosbe.com/tay/en/qmici%27,data/raw/html/static/tay_en/qmici%27.html
GLOSBE_DICT_da39ee920af57d98,"tay,en",qmisan,winter,keep_in_xml,gloss_unmapped,ildrf_source_attested_gloss_unmapped,yes,Final_XML/Atayal/Dictionary_Atayal_tay.xml,冬天,winter,,GLOSBE_DICT_GROUP_d6477aa420751d03,winter,primary,https://glosbe.com/tay/en/qmisan,data/raw/html/static/tay_en/qmisan.html
GLOSBE_DICT_869ef8c2e0dadf58,"tay,en",qmsya',granulated sugar,keep_in_xml,source_not_attested,source_not_attested_in_ildrf_reference,no,,,granulated sugar,,GLOSBE_DICT_GROUP_d5f5c4105b1756d1,granulated sugar,primary,https://glosbe.com/tay/en/qmsya%27,data/raw/html/static/tay_en/qmsya%27.html
GLOSBE_DICT_be0857fb226c48c9,"tay,en",qmuli',lime,keep_in_xml,source_not_attested,source_not_attested_in_ildrf_reference,no,,,lime,,GLOSBE_DICT_GROUP_1223069a81af9b12,lime,primary,https://glosbe.com/tay/en/qmuli%27,data/raw/html/static/tay_en/qmuli%27.html
GLOSBE_DICT_b50c8dcfbdfa63cd,"tay,en",qnahi,jungle,keep_in_xml,source_not_attested,source_not_attested_in_ildrf_reference,no,,,jungle,,GLOSBE_DICT_GROUP_df188ba6e3d0a1dc,jungle,primary,https://glosbe.com/tay/en/qnahi,data/raw/html/static/tay_en/qnahi.html
GLOSBE_DICT_dcb78df02465674e,"tay,en",qnaniq,foodstuffs,keep_in_xml,source_not_attested,source_not_attested_in_ildrf_reference,no,,,foodstuffs,,GLOSBE_DICT_GROUP_275c9b63f2cd8c6f,foodstuffs,primary,https://glosbe.com/tay/en/qnaniq,data/raw/html/static/tay_en/qnaniq.html
GLOSBE_DICT_bb17e6ea50b99133,"tay,en",qni' na kgiy,unused part of hemp when spinning,keep_in_xml,source_not_attested,source_not_attested_in_ildrf_reference,no,,,unused part of hemp when spinning,,GLOSBE_DICT_GROUP_a82fd9c15c634188,unused part of hemp when spinning,primary,https://glosbe.com/tay/en/qni%27%20na%20kgiy,data/raw/html/static/tay_en/qni%27%20na%20kgiy.html
GLOSBE_DICT_6f3c908c0fc083a2,"tay,en",qni',bone,keep_in_xml,source_not_attested,source_not_attested_in_ildrf_reference,no,,,bone,,GLOSBE_DICT_GROUP_122948ce340ce8f9,bone,primary,https://glosbe.com/tay/en/qni%27,data/raw/html/static/tay_en/qni%27.html
GLOSBE_DICT_3029fe045206c6ed,"tay,en",qniwal,thin wire,keep_in_xml,source_not_attested,source_not_attested_in_ildrf_reference,no,,,thin wire,,GLOSBE_DICT_GROUP_02d341d06300a8a9,thin wire,primary,https://glosbe.com/tay/en/qniwal,data/raw/html/static/tay_en/qniwal.html
GLOSBE_DICT_164e8904312922f2,"tay,en",qnriang,wall,keep_in_xml,source_not_attested,source_not_attested_in_ildrf_reference,no,,,wall,,GLOSBE_DICT_GROUP_fb26f9bf7ca648c5,wall,primary,https://glosbe.com/tay/en/qnriang,data/raw/html/static/tay_en/qnriang.html
GLOSBE_DICT_6670755328957d37,"tay,en",qnxan,life,keep_in_xml,gloss_unmapped,ildrf_source_attested_gloss_unmapped,yes,Final_XML/Atayal/Dictionary_Atayal_tay.xml,生活,life,,GLOSBE_DICT_GROUP_aac2f05c785327c2,life,primary,https://glosbe.com/tay/en/qnxan,data/raw/html/static/tay_en/qnxan.html
GLOSBE_DICT_fb6a9f168fc9ae6d,"tay,en",qoli papak,rabbit,keep_in_xml,source_not_attested,source_not_attested_in_ildrf_reference,no,,,rabbit,,GLOSBE_DICT_GROUP_70196057eda2c6f4,rabbit,primary,https://glosbe.com/tay/en/qoli%20papak,data/raw/html/static/tay_en/qoli%20papak.html
GLOSBE_DICT_4277363972a89bdf,"tay,en",qoli',mouse,keep_in_xml,target_supported_by_mapping,ildrf_source_attested_target_supported_by_mapping,yes,Final_XML/Atayal/Dictionary_Atayal_tay.xml,老鼠; 老鼠(統稱),mouse,老鼠,GLOSBE_DICT_GROUP_b1cc39e43572c856,mouse,primary,https://glosbe.com/tay/en/qoli%27,data/raw/html/static/tay_en/qoli%27.html
GLOSBE_DICT_311062cd2cbf7127,"tay,en",qoli,rat,keep_in_xml,source_not_attested,source_not_attested_in_ildrf_reference,no,,,rat,,GLOSBE_DICT_GROUP_0f76d424686320f9,rat,primary,https://glosbe.com/tay/en/qoli,data/raw/html/static/tay_en/qoli.html
GLOSBE_DICT_8ca1e7c362d60a9b,"tay,en",qolu',throat,keep_in_xml,gloss_unmapped,ildrf_source_attested_gloss_unmapped,yes,Final_XML/Atayal/Dictionary_Atayal_tay.xml,喉嚨; 脖子,throat,,GLOSBE_DICT_GROUP_a79310f1d94b2b55,throat,primary,https://glosbe.com/tay/en/qolu%27,data/raw/html/static/tay_en/qolu%27.html
GLOSBE_DICT_6c987d57a4aeb65c,"tay,en",qom,"anteater, pangolin",keep_in_xml,target_supported_by_mapping,ildrf_source_attested_target_supported_by_mapping,yes,Final_XML/Atayal/Dictionary_Atayal_tay.xml,穿山甲,"anteater, pangolin",穿山甲; 山,GLOSBE_DICT_GROUP_4bfa962da6a74850,"anteater, pangolin",primary,https://glosbe.com/tay/en/qom,data/raw/html/static/tay_en/qom.html
GLOSBE_DICT_9aa36a814a6ab25a,"tay,en",qongu',loom case,keep_in_xml,gloss_unmapped,ildrf_source_attested_gloss_unmapped,yes,Final_XML/Atayal/Dictionary_Atayal_tay.xml,織布用迴線桶,loom case,,GLOSBE_DICT_GROUP_c86b8ce1d9ff2805,loom case,primary,https://glosbe.com/tay/en/qongu%27,data/raw/html/static/tay_en/qongu%27.html
GLOSBE_DICT_7af56ee9ea3606fc,"tay,en",qoyaw,bamboo,keep_in_xml,gloss_unmapped,ildrf_source_attested_gloss_unmapped,yes,Final_XML/Atayal/Dictionary_Atayal_tay.xml,長枝竹,bamboo,,GLOSBE_DICT_GROUP_aed422ed2f4b390f,bamboo,primary,https://glosbe.com/tay/en/qoyaw,data/raw/html/static/tay_en/qoyaw.html
GLOSBE_DICT_f8cf79455e44f18e,"tay,en",qpatung,frog,keep_in_xml,gloss_unmapped,ildrf_source_attested_gloss_unmapped,yes,Final_XML/Atayal/Dictionary_Atayal_tay.xml,青蛙,frog,,GLOSBE_DICT_GROUP_6e25eaa868bf4b98,frog,primary,https://glosbe.com/tay/en/qpatung,data/raw/html/static/tay_en/qpatung.html
GLOSBE_DICT_ef88a2d7973b62b7,"tay,en",qqlu',door,keep_in_xml,source_not_attested,source_not_attested_in_ildrf_reference,no,,,door,,GLOSBE_DICT_GROUP_a86d687ffaba34c9,door,primary,https://glosbe.com/tay/en/qqlu%27,data/raw/html/static/tay_en/qqlu%27.html
GLOSBE_DICT_61d93585ad840425,"tay,en",qrgup,Bidens pilosa,keep_in_xml,target_supported_by_mapping,ildrf_source_attested_target_supported_by_mapping,yes,Final_XML/Atayal/Dictionary_Atayal_tay.xml,鬼針草,Bidens pilosa,鬼; 鬼針草,GLOSBE_DICT_GROUP_ec634c976808815b,Bidens pilosa,primary,https://glosbe.com/tay/en/qrgup,data/raw/html/static/tay_en/qrgup.html
GLOSBE_DICT_f066e96cfb8333ab,"tay,en",qsap,hatchel,keep_in_xml,gloss_unmapped,ildrf_source_attested_gloss_unmapped,yes,Final_XML/Atayal/Dictionary_Atayal_tay.xml,(竹製的)刮麻具; 刮麻具(竹製),hatchel,,GLOSBE_DICT_GROUP_0e5714cd66514199,hatchel,primary,https://glosbe.com/tay/en/qsap,data/raw/html/static/tay_en/qsap.html
GLOSBE_DICT_d2044190f0ef9356,"tay,en",qsia',water,keep_in_xml,source_not_attested,source_not_attested_in_ildrf_reference,no,,,water,,GLOSBE_DICT_GROUP_d512e2aab1a6aed0,water,primary,https://glosbe.com/tay/en/qsia%27,data/raw/html/static/tay_en/qsia%27.html
GLOSBE_DICT_2a48999ef48bfdd2,"tay,en",qsinuw,beasts,keep_in_xml,target_supported_by_mapping,ildrf_source_attested_target_supported_by_mapping,yes,Final_XML/Atayal/Dictionary_Atayal_tay.xml,獵物(統稱),beasts; game animal; prey,獵物,GLOSBE_DICT_GROUP_e4b965c584496573,beasts,primary,https://glosbe.com/tay/en/qsinuw,data/raw/html/static/tay_en/qsinuw.html
GLOSBE_DICT_7e646b7122e04a34,"tay,en",qsinuw,game animal,keep_in_xml,target_supported_by_mapping,ildrf_source_attested_target_supported_by_mapping,yes,Final_XML/Atayal/Dictionary_Atayal_tay.xml,獵物(統稱),beasts; game animal; prey,獵物,GLOSBE_DICT_GROUP_e4b965c584496573,game animal,alt,https://glosbe.com/tay/en/qsinuw,data/raw/html/static/tay_en/qsinuw.html
GLOSBE_DICT_b7bdc4e98b56028a,"tay,en",qsinuw,prey,keep_in_xml,target_supported_by_mapping,ildrf_source_attested_target_supported_by_mapping,yes,Final_XML/Atayal/Dictionary_Atayal_tay.xml,獵物(統稱),beasts; game animal; prey,獵物,GLOSBE_DICT_GROUP_e4b965c584496573,prey,alt,https://glosbe.com/tay/en/qsinuw,data/raw/html/static/tay_en/qsinuw.html
GLOSBE_DICT_73613be8d49f958e,"tay,en",qsuyan,older sibling,keep_in_xml,gloss_unmapped,ildrf_source_attested_gloss_unmapped,yes,Final_XML/Atayal/Dictionary_Atayal_tay.xml,兄姊,older sibling,,GLOSBE_DICT_GROUP_d5c937a633919ebe,older sibling,primary,https://glosbe.com/tay/en/qsuyan,data/raw/html/static/tay_en/qsuyan.html
GLOSBE_DICT_b6d2fa75c5760ca2,"tay,en",qtahi',ant,keep_in_xml,gloss_unmapped,ildrf_source_attested_gloss_unmapped,yes,Final_XML/Atayal/Dictionary_Atayal_tay.xml,螞蟻,ant,,GLOSBE_DICT_GROUP_3e50b4fff3505ff4,ant,primary,https://glosbe.com/tay/en/qtahi%27,data/raw/html/static/tay_en/qtahi%27.html
GLOSBE_DICT_38aa698a85804b4d,"tay,en",qualux,rain,keep_in_xml,source_not_attested,source_not_attested_in_ildrf_reference,no,,,rain,,GLOSBE_DICT_GROUP_253d923e8a8288ca,rain,primary,https://glosbe.com/tay/en/qualux,data/raw/html/static/tay_en/qualux.html
GLOSBE_DICT_368e3a077407955d,"tay,en",quci,"feces, excrement",keep_in_xml,source_not_attested,source_not_attested_in_ildrf_reference,no,,,"feces, excrement",,GLOSBE_DICT_GROUP_4d27be9b3fd3c648,"feces, excrement",primary,https://glosbe.com/tay/en/quci,data/raw/html/static/tay_en/quci.html
GLOSBE_DICT_5475bc4bf297fdbe,"tay,en",quleh,fish,keep_in_xml,source_not_attested,source_not_attested_in_ildrf_reference,no,,,fish,,GLOSBE_DICT_GROUP_eb079fed943cfc16,fish,primary,https://glosbe.com/tay/en/quleh,data/raw/html/static/tay_en/quleh.html
GLOSBE_DICT_752fd7234b1f2410,"tay,en",qulih,fish,keep_in_xml,gloss_unmapped,ildrf_source_attested_gloss_unmapped,yes,Final_XML/Atayal/Dictionary_Atayal_tay.xml,魚,fish,,GLOSBE_DICT_GROUP_0e313d34d0f62cba,fish,primary,https://glosbe.com/tay/en/qulih,data/raw/html/static/tay_en/qulih.html
GLOSBE_DICT_6cc678c771e9ac2f,"tay,en",qumah,cultivate,keep_in_xml,source_not_attested,source_not_attested_in_ildrf_reference,no,,,cultivate; work,,GLOSBE_DICT_GROUP_dfbc06c7b8620236,cultivate,primary,https://glosbe.com/tay/en/qumah,data/raw/html/static/tay_en/qumah.html
GLOSBE_DICT_4936d77f20fe81f0,"tay,en",qumah,work,keep_in_xml,source_not_attested,source_not_attested_in_ildrf_reference,no,,,cultivate; work,,GLOSBE_DICT_GROUP_dfbc06c7b8620236,work,alt,https://glosbe.com/tay/en/qumah,data/raw/html/static/tay_en/qumah.html
GLOSBE_DICT_3f45a7fd4cbcf7d4,"tay,en",quri',plateau,keep_in_xml,gloss_unmapped,ildrf_source_attested_gloss_unmapped,yes,Final_XML/Atayal/Dictionary_Atayal_tay.xml,白髮,plateau,,GLOSBE_DICT_GROUP_2881b161113ba58b,plateau,primary,https://glosbe.com/tay/en/quri%27,data/raw/html/static/tay_en/quri%27.html
GLOSBE_DICT_5383253f96b146a9,"tay,en",qutux,one,keep_in_xml,target_supported_by_mapping,ildrf_source_attested_target_supported_by_mapping,yes,Final_XML/Atayal/Dictionary_Atayal_tay.xml,一,one,一,GLOSBE_DICT_GROUP_ca201b07d71ebb63,one,primary,https://glosbe.com/tay/en/qutux,data/raw/html/static/tay_en/qutux.html
GLOSBE_DICT_bc93b508195c2aae,"tay,en",qwalax,rain,keep_in_xml,gloss_unmapped,ildrf_source_attested_gloss_unmapped,yes,Final_XML/Atayal/Dictionary_Atayal_tay.xml,下雨; 雨,rain,,GLOSBE_DICT_GROUP_3522c95b2eb16d96,rain,primary,https://glosbe.com/tay/en/qwalax,data/raw/html/static/tay_en/qwalax.html
GLOSBE_DICT_428d230d58f638de,"tay,en",qwang gong,"gorge, deep river bed",keep_in_xml,source_not_attested,source_not_attested_in_ildrf_reference,no,,,"gorge, deep river bed",,GLOSBE_DICT_GROUP_50a65bb4e76e139b,"gorge, deep river bed",primary,https://glosbe.com/tay/en/qwang%20gong,data/raw/html/static/tay_en/qwang%20gong.html
GLOSBE_DICT_2432ac72818a6c2b,"tay,en",qwang kneril,vulva,keep_in_xml,source_not_attested,source_not_attested_in_ildrf_reference,no,,,vulva,,GLOSBE_DICT_GROUP_ad4f1d60cb8632f6,vulva,primary,https://glosbe.com/tay/en/qwang%20kneril,data/raw/html/static/tay_en/qwang%20kneril.html
GLOSBE_DICT_5c916e35b0978237,"tay,en",qwang qcian,anus,keep_in_xml,source_not_attested,source_not_attested_in_ildrf_reference,no,,,anus,,GLOSBE_DICT_GROUP_b2a8bf3286c6aa48,anus,primary,https://glosbe.com/tay/en/qwang%20qcian,data/raw/html/static/tay_en/qwang%20qcian.html
GLOSBE_DICT_5f617a145eb2f450,"tay,en",qwang,"crack, crevice, fissure, gorge",keep_in_xml,source_not_attested,source_not_attested_in_ildrf_reference,no,,,"crack, crevice, fissure, gorge",,GLOSBE_DICT_GROUP_ddb10bafc05253ab,"crack, crevice, fissure, gorge",primary,https://glosbe.com/tay/en/qwang,data/raw/html/static/tay_en/qwang.html
GLOSBE_DICT_78c68ca217e59de1,"tay,en",qwas na s'num,folksong,keep_in_xml,source_not_attested,source_not_attested_in_ildrf_reference,no,,,folksong,,GLOSBE_DICT_GROUP_b8cb872f9e43f731,folksong,primary,https://glosbe.com/tay/en/qwas%20na%20s%27num,data/raw/html/static/tay_en/qwas%20na%20s%27num.html
GLOSBE_DICT_ff5e3e97ff76f64e,"tay,en",qwas,song,keep_in_xml,gloss_unmapped,ildrf_source_attested_gloss_unmapped,yes,Final_XML/Atayal/Dictionary_Atayal_tay.xml,歌,song,,GLOSBE_DICT_GROUP_9d4098befc2d4016,song,primary,https://glosbe.com/tay/en/qwas,data/raw/html/static/tay_en/qwas.html
GLOSBE_DICT_8d908d2372e61da1,"tay,en",qwaw,wine,keep_in_xml,gloss_unmapped,ildrf_source_attested_gloss_unmapped,yes,Final_XML/Atayal/Dictionary_Atayal_tay.xml,酒,wine,,GLOSBE_DICT_GROUP_8855d4afeccc48d4,wine,primary,https://glosbe.com/tay/en/qwaw,data/raw/html/static/tay_en/qwaw.html
GLOSBE_DICT_12a43d882b4f9a60,"tay,en",qwayux,rattan,keep_in_xml,gloss_unmapped,ildrf_source_attested_gloss_unmapped,yes,Final_XML/Atayal/Dictionary_Atayal_tay.xml,藤類; 黃藤,rattan,,GLOSBE_DICT_GROUP_f35e3b1dbef7e468,rattan,primary,https://glosbe.com/tay/en/qwayux,data/raw/html/static/tay_en/qwayux.html
GLOSBE_DICT_e086037a86bb2c8e,"tay,en",qwirux,peach tree,keep_in_xml,gloss_unmapped,ildrf_source_attested_gloss_unmapped,yes,Final_XML/Atayal/Dictionary_Atayal_tay.xml,桃子; 水蜜桃,peach tree,,GLOSBE_DICT_GROUP_f499e07579516541,peach tree,primary,https://glosbe.com/tay/en/qwirux,data/raw/html/static/tay_en/qwirux.html
GLOSBE_DICT_3876a348c837f8b4,"tay,en",qyan,leash rod of a loom,keep_in_xml,source_not_attested,source_not_attested_in_ildrf_reference,no,,,leash rod of a loom,,GLOSBE_DICT_GROUP_6ab68ee2b59bfb6f,leash rod of a loom,primary,https://glosbe.com/tay/en/qyan,data/raw/html/static/tay_en/qyan.html
GLOSBE_DICT_7f5351d4095402a7,"tay,en",qzimux,peach,keep_in_xml,gloss_unmapped,ildrf_source_attested_gloss_unmapped,yes,Final_XML/Atayal/Dictionary_Atayal_tay.xml,桃子,peach,,GLOSBE_DICT_GROUP_bc18c8b4a3c285cb,peach,primary,https://glosbe.com/tay/en/qzimux,data/raw/html/static/tay_en/qzimux.html
GLOSBE_DICT_f495019d93b7fa4a,"tay,en",rahom,internal bleeding,keep_in_xml,source_not_attested,source_not_attested_in_ildrf_reference,no,,,internal bleeding,,GLOSBE_DICT_GROUP_fdd4c0fd5c525a88,internal bleeding,primary,https://glosbe.com/tay/en/rahom,data/raw/html/static/tay_en/rahom.html
GLOSBE_DICT_7cf82811c45ef20c,"tay,en",rakei,child,keep_in_xml,source_not_attested,source_not_attested_in_ildrf_reference,no,,,child,,GLOSBE_DICT_GROUP_7fa37c4fcf784f6e,child,primary,https://glosbe.com/tay/en/rakei,data/raw/html/static/tay_en/rakei.html
GLOSBE_DICT_21f80216aec925bf,"tay,en",rakura,camel,keep_in_xml,source_not_attested,source_not_attested_in_ildrf_reference,no,,,camel,,GLOSBE_DICT_GROUP_1ab5a8d9dcfbe7ae,camel,primary,https://glosbe.com/tay/en/rakura,data/raw/html/static/tay_en/rakura.html
GLOSBE_DICT_cde823299fd56532,"tay,en",ramás,good,keep_in_xml,source_not_attested,source_not_attested_in_ildrf_reference,no,,,good; well,,GLOSBE_DICT_GROUP_0717440aef8783af,good,primary,https://glosbe.com/tay/en/ram%C3%A1s,data/raw/html/static/tay_en/ram%C3%A1s.html
GLOSBE_DICT_0ca792b7ffaa3efb,"tay,en",ramás,well,keep_in_xml,source_not_attested,source_not_attested_in_ildrf_reference,no,,,good; well,,GLOSBE_DICT_GROUP_0717440aef8783af,well,alt,https://glosbe.com/tay/en/ram%C3%A1s,data/raw/html/static/tay_en/ram%C3%A1s.html
GLOSBE_DICT_32ddca00937de4dc,"tay,en",ramu',blood,keep_in_xml,gloss_unmapped,ildrf_source_attested_gloss_unmapped,yes,Final_XML/Atayal/Dictionary_Atayal_tay.xml,血,blood,,GLOSBE_DICT_GROUP_0c9bb6fe3057ab48,blood,primary,https://glosbe.com/tay/en/ramu%27,data/raw/html/static/tay_en/ramu%27.html
GLOSBE_DICT_ba4cb3db10dbc4cf,"tay,en",rao-i,eye,keep_in_xml,source_not_attested,source_not_attested_in_ildrf_reference,no,,,eye,,GLOSBE_DICT_GROUP_8f540d92fe4e2286,eye,primary,https://glosbe.com/tay/en/rao-i,data/raw/html/static/tay_en/rao-i.html
GLOSBE_DICT_6964a4f5c5cede2e,"tay,en",raoyăk,eye,keep_in_xml,source_not_attested,source_not_attested_in_ildrf_reference,no,,,eye,,GLOSBE_DICT_GROUP_3fd2ae50fa116dbe,eye,primary,https://glosbe.com/tay/en/raoy%C4%83k,data/raw/html/static/tay_en/raoy%C4%83k.html
GLOSBE_DICT_61fbf95134337338,"tay,en",rapa',palm,keep_in_xml,gloss_unmapped,ildrf_source_attested_gloss_unmapped,yes,Final_XML/Atayal/Dictionary_Atayal_tay.xml,水牛,palm,,GLOSBE_DICT_GROUP_6ba8db1f06531a1f,palm,primary,https://glosbe.com/tay/en/rapa%27,data/raw/html/static/tay_en/rapa%27.html
GLOSBE_DICT_1367742c6ffca224,"tay,en",rapak,flower,keep_in_xml,source_not_attested,source_not_attested_in_ildrf_reference,no,,,flower,,GLOSBE_DICT_GROUP_a89b00d38f369832,flower,primary,https://glosbe.com/tay/en/rapak,data/raw/html/static/tay_en/rapak.html
GLOSBE_DICT_f6a73ce930469300,"tay,en",raral,ago,keep_in_xml,target_supported_by_mapping,ildrf_source_attested_target_supported_by_mapping,yes,Final_XML/Atayal/Dictionary_Atayal_tay.xml,以前,ago; time past,以前,GLOSBE_DICT_GROUP_0c280f7f8da6a33b,ago,primary,https://glosbe.com/tay/en/raral,data/raw/html/static/tay_en/raral.html
GLOSBE_DICT_98ac9ed94bb508ae,"tay,en",raral,time past,keep_in_xml,target_supported_by_mapping,ildrf_source_attested_target_supported_by_mapping,yes,Final_XML/Atayal/Dictionary_Atayal_tay.xml,以前,ago; time past,以前,GLOSBE_DICT_GROUP_0c280f7f8da6a33b,time past,alt,https://glosbe.com/tay/en/raral,data/raw/html/static/tay_en/raral.html
GLOSBE_DICT_7e1736ce1cb61106,"tay,en",rarar,past,keep_in_xml,source_not_attested,source_not_attested_in_ildrf_reference,no,,,past,,GLOSBE_DICT_GROUP_d067f11a7743a16e,past,primary,https://glosbe.com/tay/en/rarar,data/raw/html/static/tay_en/rarar.html
GLOSBE_DICT_b16aa75b44fa829f,"tay,en",rawin,cousin,keep_in_xml,target_supported_by_mapping,ildrf_source_attested_target_supported_by_mapping,yes,Final_XML/Atayal/Dictionary_Atayal_tay.xml,堂(表)兄弟、朋友; 堂、表兄弟姐妹,cousin,兄弟姐妹; 堂(表)兄弟; 朋友,GLOSBE_DICT_GROUP_f8d3070d99f8ff2d,cousin,primary,https://glosbe.com/tay/en/rawin,data/raw/html/static/tay_en/rawin.html
GLOSBE_DICT_db8ed077a0e85967,"tay,en",rgi-ui,grass,keep_in_xml,source_not_attested,source_not_attested_in_ildrf_reference,no,,,grass,,GLOSBE_DICT_GROUP_089c10873e3a3d50,grass,primary,https://glosbe.com/tay/en/rgi-ui,data/raw/html/static/tay_en/rgi-ui.html
GLOSBE_DICT_4cde15ac4ebf1d0d,"tay,en",rgiax,mountain,keep_in_xml,source_not_attested,source_not_attested_in_ildrf_reference,no,,,mountain,,GLOSBE_DICT_GROUP_d1123262f982b55a,mountain,primary,https://glosbe.com/tay/en/rgiax,data/raw/html/static/tay_en/rgiax.html
GLOSBE_DICT_f9137b72f106bb20,"tay,en",rgrgyax,"range of mountains, group of mountains",keep_in_xml,target_supported_by_mapping,ildrf_source_attested_target_supported_by_mapping,yes,Final_XML/Atayal/Dictionary_Atayal_tay.xml,崇山峻嶺; 群山,"range of mountains, group of mountains",群山; 崇山峻嶺; 山,GLOSBE_DICT_GROUP_499f5d6ea56abdd4,"range of mountains, group of mountains",primary,https://glosbe.com/tay/en/rgrgyax,data/raw/html/static/tay_en/rgrgyax.html
GLOSBE_DICT_d12d5dff0103880e,"tay,en",rgyax,forest,keep_in_xml,different_from_mapping,ildrf_source_attested_target_differs_from_mapping,yes,Final_XML/Atayal/Dictionary_Atayal_tay.xml,山、山脊,forest; mountain,山、山脊; 山脊; 山,GLOSBE_DICT_GROUP_23c8d41dc430e100,forest,primary,https://glosbe.com/tay/en/rgyax,data/raw/html/static/tay_en/rgyax.html
GLOSBE_DICT_8202fc6346154954,"tay,en",rgyax,mountain,keep_in_xml,target_supported_by_mapping,ildrf_source_attested_target_supported_by_mapping,yes,Final_XML/Atayal/Dictionary_Atayal_tay.xml,山、山脊,forest; mountain,山、山脊; 山脊; 山,GLOSBE_DICT_GROUP_23c8d41dc430e100,mountain,alt,https://glosbe.com/tay/en/rgyax,data/raw/html/static/tay_en/rgyax.html
GLOSBE_DICT_98510ca2f743cc68,"tay,en",rhyal,"soil, earth, land",keep_in_xml,source_not_attested,source_not_attested_in_ildrf_reference,no,,,"soil, earth, land",,GLOSBE_DICT_GROUP_0da3e6f712ec1b08,"soil, earth, land",primary,https://glosbe.com/tay/en/rhyal,data/raw/html/static/tay_en/rhyal.html
GLOSBE_DICT_9783d9b0dbcc8a04,"tay,en",ringgo,apple,keep_in_xml,source_not_attested,source_not_attested_in_ildrf_reference,no,,,apple,,GLOSBE_DICT_GROUP_81793f3ee21e6c31,apple,primary,https://glosbe.com/tay/en/ringgo,data/raw/html/static/tay_en/ringgo.html
GLOSBE_DICT_12c27621cc588ac4,"tay,en",rmaw,help,keep_in_xml,source_not_attested,source_not_attested_in_ildrf_reference,no,,,help,,GLOSBE_DICT_GROUP_b8f2c4fc4dae0f2d,help,primary,https://glosbe.com/tay/en/rmaw,data/raw/html/static/tay_en/rmaw.html
GLOSBE_DICT_52c7fe4b74c59aae,"tay,en",ro-i,eye,keep_in_xml,source_not_attested,source_not_attested_in_ildrf_reference,no,,,eye,,GLOSBE_DICT_GROUP_817b7987ae7d671f,eye,primary,https://glosbe.com/tay/en/ro-i,data/raw/html/static/tay_en/ro-i.html
GLOSBE_DICT_7464e70df9d4b1e8,"tay,en",s'angun,scolded,keep_in_xml,gloss_unmapped,ildrf_source_attested_gloss_unmapped,yes,Final_XML/Atayal/Dictionary_Atayal_tay.xml,罵,scolded,,GLOSBE_DICT_GROUP_7e9e6f41f500751d,scolded,primary,https://glosbe.com/tay/en/s%27angun,data/raw/html/static/tay_en/s%27angun.html
GLOSBE_DICT_702fc0764b886621,"tay,en",s'nun,reminisce,keep_in_xml,gloss_unmapped,ildrf_source_attested_gloss_unmapped,yes,Final_XML/Atayal/Dictionary_Atayal_tay.xml,緬懷、想念,reminisce,,GLOSBE_DICT_GROUP_c24f437207557b60,reminisce,primary,https://glosbe.com/tay/en/s%27nun,data/raw/html/static/tay_en/s%27nun.html
GLOSBE_DICT_0f29d7fb78c7cc64,"tay,en",s'utun papak,cover one's ears,keep_in_xml,source_not_attested,source_not_attested_in_ildrf_reference,no,,,cover one's ears,,GLOSBE_DICT_GROUP_b23a8f1c9f1bf37d,cover one's ears,primary,https://glosbe.com/tay/en/s%27utun%20papak,data/raw/html/static/tay_en/s%27utun%20papak.html
GLOSBE_DICT_ae5932107b964419,"tay,en",sílung,sea,keep_in_xml,source_not_attested,source_not_attested_in_ildrf_reference,no,,,sea,,GLOSBE_DICT_GROUP_4633872b1c8a5621,sea,primary,https://glosbe.com/tay/en/s%C3%ADlung,data/raw/html/static/tay_en/s%C3%ADlung.html
GLOSBE_DICT_76b15f378ba2a4fd,"tay,en",saoni,today,keep_in_xml,source_not_attested,source_not_attested_in_ildrf_reference,no,,,today,,GLOSBE_DICT_GROUP_0b868f8a51aaf16c,today,primary,https://glosbe.com/tay/en/saoni,data/raw/html/static/tay_en/saoni.html
GLOSBE_DICT_c3b353031cf4a5c4,"tay,en",sbalay,reconcile,keep_in_xml,target_supported_by_mapping,ildrf_source_attested_target_supported_by_mapping,yes,Final_XML/Atayal/Dictionary_Atayal_tay.xml,和解,reconcile,和解; 和,GLOSBE_DICT_GROUP_468bbf362a893f60,reconcile,primary,https://glosbe.com/tay/en/sbalay,data/raw/html/static/tay_en/sbalay.html
GLOSBE_DICT_77fbef6379f85421,"tay,en",sbehuy,blow,keep_in_xml,gloss_unmapped,ildrf_source_attested_gloss_unmapped,yes,Final_XML/Atayal/Dictionary_Atayal_tay.xml,颳風、颱風,blow,,GLOSBE_DICT_GROUP_75579d71a7097b5b,blow,primary,https://glosbe.com/tay/en/sbehuy,data/raw/html/static/tay_en/sbehuy.html
GLOSBE_DICT_2ce6bd5c739c9a53,"tay,en",sehuy,taro,keep_in_xml,gloss_unmapped,ildrf_source_attested_gloss_unmapped,yes,Final_XML/Atayal/Dictionary_Atayal_tay.xml,芋頭,taro,,GLOSBE_DICT_GROUP_91e60b32b1c0039e,taro,primary,https://glosbe.com/tay/en/sehuy,data/raw/html/static/tay_en/sehuy.html
GLOSBE_DICT_558604d0223c0ec0,"tay,en",sgagay ita la,good-bye,keep_in_xml,source_not_attested,source_not_attested_in_ildrf_reference,no,,,good-bye,,GLOSBE_DICT_GROUP_5f0919746a9fb1b2,good-bye,primary,https://glosbe.com/tay/en/sgagay%20ita%20la,data/raw/html/static/tay_en/sgagay%20ita%20la.html
GLOSBE_DICT_a03a43e1012784bf,"tay,en",sgatu',noisy,keep_in_xml,source_not_attested,source_not_attested_in_ildrf_reference,no,,,noisy,,GLOSBE_DICT_GROUP_dcbeb1b11ebac09d,noisy,primary,https://glosbe.com/tay/en/sgatu%27,data/raw/html/static/tay_en/sgatu%27.html
GLOSBE_DICT_0ffa67d0b89b38d7,"tay,en",sgnaw,grape,keep_in_xml,source_not_attested,source_not_attested_in_ildrf_reference,no,,,grape,,GLOSBE_DICT_GROUP_9871a432ba38a667,grape,primary,https://glosbe.com/tay/en/sgnaw,data/raw/html/static/tay_en/sgnaw.html
GLOSBE_DICT_052bf864b7d935db,"tay,en",siam,fat,keep_in_xml,source_not_attested,source_not_attested_in_ildrf_reference,no,,,fat; grease; oil,,GLOSBE_DICT_GROUP_9dd4e982bc3adad7,fat,primary,https://glosbe.com/tay/en/siam,data/raw/html/static/tay_en/siam.html
GLOSBE_DICT_d6e45e10e12a68ef,"tay,en",siam,grease,keep_in_xml,source_not_attested,source_not_attested_in_ildrf_reference,no,,,fat; grease; oil,,GLOSBE_DICT_GROUP_9dd4e982bc3adad7,grease,alt,https://glosbe.com/tay/en/siam,data/raw/html/static/tay_en/siam.html
GLOSBE_DICT_e3d9067abc96e87a,"tay,en",siam,oil,keep_in_xml,source_not_attested,source_not_attested_in_ildrf_reference,no,,,fat; grease; oil,,GLOSBE_DICT_GROUP_9dd4e982bc3adad7,oil,alt,https://glosbe.com/tay/en/siam,data/raw/html/static/tay_en/siam.html
GLOSBE_DICT_aa75f3ea4966a6c1,"tay,en",siliq,bird,keep_in_xml,target_supported_by_mapping,ildrf_source_attested_target_supported_by_mapping,yes,Final_XML/Atayal/Dictionary_Atayal_tay.xml,繡眼畫眉,bird; rice bird,繡眼畫眉,GLOSBE_DICT_GROUP_38f828f5ff52ab5c,bird,primary,https://glosbe.com/tay/en/siliq,data/raw/html/static/tay_en/siliq.html
GLOSBE_DICT_cc679be414d0efb4,"tay,en",siliq,rice bird,keep_in_xml,target_supported_by_mapping,ildrf_source_attested_target_supported_by_mapping,yes,Final_XML/Atayal/Dictionary_Atayal_tay.xml,繡眼畫眉,bird; rice bird,繡眼畫眉,GLOSBE_DICT_GROUP_38f828f5ff52ab5c,rice bird,alt,https://glosbe.com/tay/en/siliq,data/raw/html/static/tay_en/siliq.html
GLOSBE_DICT_a92fa320875559b9,"tay,en",silung,ocean,keep_in_xml,source_not_attested,source_not_attested_in_ildrf_reference,no,,,ocean,,GLOSBE_DICT_GROUP_55733287aca8966f,ocean,primary,https://glosbe.com/tay/en/silung,data/raw/html/static/tay_en/silung.html
GLOSBE_DICT_0fdb74b82a793a98,"tay,en",simu,you all,keep_in_xml,target_supported_by_mapping,ildrf_source_attested_target_supported_by_mapping,yes,Final_XML/Atayal/Dictionary_Atayal_tay.xml,你們,you all,你; 你們,GLOSBE_DICT_GROUP_f8aabf1037ad770b,you all,primary,https://glosbe.com/tay/en/simu,data/raw/html/static/tay_en/simu.html
GLOSBE_DICT_aaaf38e03e4b0aff,"tay,en",singxu',priest,keep_in_xml,source_not_attested,source_not_attested_in_ildrf_reference,no,,,priest,,GLOSBE_DICT_GROUP_679ee850b54651a3,priest,primary,https://glosbe.com/tay/en/singxu%27,data/raw/html/static/tay_en/singxu%27.html
GLOSBE_DICT_97080be5626428c2,"tay,en",siukh,fish,keep_in_xml,source_not_attested,source_not_attested_in_ildrf_reference,no,,,fish,,GLOSBE_DICT_GROUP_23c2fc62b5734ae1,fish,primary,https://glosbe.com/tay/en/siukh,data/raw/html/static/tay_en/siukh.html
GLOSBE_DICT_41a53ab34703c684,"tay,en",siyam,fat,keep_in_xml,source_not_attested,source_not_attested_in_ildrf_reference,no,,,fat; grease; oil,,GLOSBE_DICT_GROUP_0db02deb2fffc456,fat,primary,https://glosbe.com/tay/en/siyam,data/raw/html/static/tay_en/siyam.html
GLOSBE_DICT_24aa8324a46ffe2d,"tay,en",siyam,grease,keep_in_xml,source_not_attested,source_not_attested_in_ildrf_reference,no,,,fat; grease; oil,,GLOSBE_DICT_GROUP_0db02deb2fffc456,grease,alt,https://glosbe.com/tay/en/siyam,data/raw/html/static/tay_en/siyam.html
GLOSBE_DICT_3867205166777693,"tay,en",siyam,oil,keep_in_xml,source_not_attested,source_not_attested_in_ildrf_reference,no,,,fat; grease; oil,,GLOSBE_DICT_GROUP_0db02deb2fffc456,oil,alt,https://glosbe.com/tay/en/siyam,data/raw/html/static/tay_en/siyam.html
GLOSBE_DICT_81be172aa0e127de,"tay,en",ska',split,keep_in_xml,gloss_unmapped,ildrf_source_attested_gloss_unmapped,yes,Final_XML/Atayal/Dictionary_Atayal_tay.xml,中間,split,,GLOSBE_DICT_GROUP_7853c81150793c7f,split,primary,https://glosbe.com/tay/en/ska%27,data/raw/html/static/tay_en/ska%27.html
GLOSBE_DICT_899ad0c77e5126d9,"tay,en",sknux,stink,keep_in_xml,gloss_unmapped,ildrf_source_attested_gloss_unmapped,yes,Final_XML/Atayal/Dictionary_Atayal_tay.xml,臭,stink,,GLOSBE_DICT_GROUP_c0d9ebadefd5f829,stink,primary,https://glosbe.com/tay/en/sknux,data/raw/html/static/tay_en/sknux.html
GLOSBE_DICT_190023c0a3b37b3b,"tay,en",sku,put away,keep_in_xml,source_not_attested,source_not_attested_in_ildrf_reference,no,,,put away,,GLOSBE_DICT_GROUP_b8b46498134bf264,put away,primary,https://glosbe.com/tay/en/sku,data/raw/html/static/tay_en/sku.html
GLOSBE_DICT_f64563b51eb3fc99,"tay,en",skutaw,chest,keep_in_xml,gloss_unmapped,ildrf_source_attested_gloss_unmapped,yes,Final_XML/Atayal/Dictionary_Atayal_tay.xml,胸脯; 胸腔,chest,,GLOSBE_DICT_GROUP_2a5167cf137a5fdb,chest,primary,https://glosbe.com/tay/en/skutaw,data/raw/html/static/tay_en/skutaw.html
GLOSBE_DICT_de7478695103bde2,"tay,en",slaq,"field, plot",keep_in_xml,target_supported_by_mapping,ildrf_source_attested_target_supported_by_mapping,yes,Final_XML/Atayal/Dictionary_Atayal_tay.xml,水田、爛泥巴,"field, plot; rice paddy",水田; 爛泥巴,GLOSBE_DICT_GROUP_cbe05ba2cb203af8,"field, plot",primary,https://glosbe.com/tay/en/slaq,data/raw/html/static/tay_en/slaq.html
GLOSBE_DICT_4ed0df1e0a9b095a,"tay,en",slaq,rice paddy,keep_in_xml,target_supported_by_mapping,ildrf_source_attested_target_supported_by_mapping,yes,Final_XML/Atayal/Dictionary_Atayal_tay.xml,水田、爛泥巴,"field, plot; rice paddy",水田; 爛泥巴,GLOSBE_DICT_GROUP_cbe05ba2cb203af8,rice paddy,alt,https://glosbe.com/tay/en/slaq,data/raw/html/static/tay_en/slaq.html
GLOSBE_DICT_4610ae72556e20d7,"tay,en",smalit,cut (tree),keep_in_xml,gloss_unmapped,ildrf_source_attested_gloss_unmapped,yes,Final_XML/Atayal/Dictionary_Atayal_tay.xml,砍; 砍草; 砍除,cut (tree),,GLOSBE_DICT_GROUP_0094abb1a9cf4968,cut (tree),primary,https://glosbe.com/tay/en/smalit,data/raw/html/static/tay_en/smalit.html
GLOSBE_DICT_29b661a74af7dbbf,"tay,en",smapoh,sweep,keep_in_xml,source_not_attested,source_not_attested_in_ildrf_reference,no,,,sweep,,GLOSBE_DICT_GROUP_bceb7ecdf3a8d821,sweep,primary,https://glosbe.com/tay/en/smapoh,data/raw/html/static/tay_en/smapoh.html
GLOSBE_DICT_90cc8952b5bfab44,"tay,en",smayuk,braise,keep_in_xml,target_supported_by_mapping,ildrf_source_attested_target_supported_by_mapping,yes,Final_XML/Atayal/Dictionary_Atayal_tay.xml,燒(如燒獵物的毛); 燒烤去毛,braise,燒; 燒烤; 獵物,GLOSBE_DICT_GROUP_67fa03d59ebc4407,braise,primary,https://glosbe.com/tay/en/smayuk,data/raw/html/static/tay_en/smayuk.html
GLOSBE_DICT_9c16a70e5092c21b,"tay,en",smka,half,keep_in_xml,source_not_attested,source_not_attested_in_ildrf_reference,no,,,half,,GLOSBE_DICT_GROUP_d2543338ac82ead1,half,primary,https://glosbe.com/tay/en/smka,data/raw/html/static/tay_en/smka.html
GLOSBE_DICT_c73eec90813cc930,"tay,en",smyax,bright,keep_in_xml,target_supported_by_mapping,ildrf_source_attested_target_supported_by_mapping,yes,Final_XML/Atayal/Dictionary_Atayal_tay.xml,明亮; 照亮、光亮,bright; clean,明亮; 照亮; 光亮,GLOSBE_DICT_GROUP_e5abaf7b9ec24ef1,bright,primary,https://glosbe.com/tay/en/smyax,data/raw/html/static/tay_en/smyax.html
GLOSBE_DICT_55f7f36196232c13,"tay,en",smyax,clean,keep_in_xml,different_from_mapping,ildrf_source_attested_target_differs_from_mapping,yes,Final_XML/Atayal/Dictionary_Atayal_tay.xml,明亮; 照亮、光亮,bright; clean,明亮; 照亮; 光亮,GLOSBE_DICT_GROUP_e5abaf7b9ec24ef1,clean,alt,https://glosbe.com/tay/en/smyax,data/raw/html/static/tay_en/smyax.html
GLOSBE_DICT_1794445029457714,"tay,en",snpung,"design, intention",keep_in_xml,gloss_unmapped,ildrf_source_attested_gloss_unmapped,yes,Final_XML/Atayal/Dictionary_Atayal_tay.xml,裁決、丈量,"design, intention",,GLOSBE_DICT_GROUP_8453608b276c5db4,"design, intention",primary,https://glosbe.com/tay/en/snpung,data/raw/html/static/tay_en/snpung.html
GLOSBE_DICT_3ab16fd58ed23d74,"tay,en",sokan,flavor,keep_in_xml,gloss_unmapped,ildrf_source_attested_gloss_unmapped,yes,Final_XML/Atayal/Dictionary_Atayal_tay.xml,味道; 聞、嗅,flavor,,GLOSBE_DICT_GROUP_94e0237f4a234c7a,flavor,primary,https://glosbe.com/tay/en/sokan,data/raw/html/static/tay_en/sokan.html
GLOSBE_DICT_533fbbe06d575daa,"tay,en",soki',hatchet,keep_in_xml,gloss_unmapped,ildrf_source_attested_gloss_unmapped,yes,Final_XML/Atayal/Dictionary_Atayal_tay.xml,鐮刀,hatchet,,GLOSBE_DICT_GROUP_b127bdafaa081af2,hatchet,primary,https://glosbe.com/tay/en/soki%27,data/raw/html/static/tay_en/soki%27.html
GLOSBE_DICT_e5e556d93caf9aad,"tay,en",spi',dream,keep_in_xml,gloss_unmapped,ildrf_source_attested_gloss_unmapped,yes,Final_XML/Atayal/Dictionary_Atayal_tay.xml,夢,dream,,GLOSBE_DICT_GROUP_0718c5089089a309,dream,primary,https://glosbe.com/tay/en/spi%27,data/raw/html/static/tay_en/spi%27.html
GLOSBE_DICT_b92d43435d1f02c0,"tay,en",sqruw,"trap, weir",keep_in_xml,gloss_unmapped,ildrf_source_attested_gloss_unmapped,yes,Final_XML/Atayal/Dictionary_Atayal_tay.xml,用...欺騙,"trap, weir",,GLOSBE_DICT_GROUP_83a191ff5a63a853,"trap, weir",primary,https://glosbe.com/tay/en/sqruw,data/raw/html/static/tay_en/sqruw.html
GLOSBE_DICT_ccf5d2d47f974568,"tay,en",squliq,person,keep_in_xml,target_supported_by_mapping,ildrf_source_attested_target_supported_by_mapping,yes,Final_XML/Atayal/Dictionary_Atayal_tay.xml,人; 別人、外人,person,人,GLOSBE_DICT_GROUP_2077ae49a11a65d0,person,primary,https://glosbe.com/tay/en/squliq,data/raw/html/static/tay_en/squliq.html
GLOSBE_DICT_6844b333923e5cd9,"tay,en",ssom bnrwan,eraser,keep_in_xml,source_not_attested,source_not_attested_in_ildrf_reference,no,,,eraser,,GLOSBE_DICT_GROUP_466f8874e4962f3f,eraser,primary,https://glosbe.com/tay/en/ssom%20bnrwan,data/raw/html/static/tay_en/ssom%20bnrwan.html
GLOSBE_DICT_063452cef4785ad9,"tay,en",st'uqu,angry,keep_in_xml,source_not_attested,source_not_attested_in_ildrf_reference,no,,,angry,,GLOSBE_DICT_GROUP_5699c17fc158390c,angry,primary,https://glosbe.com/tay/en/st%27uqu,data/raw/html/static/tay_en/st%27uqu.html
GLOSBE_DICT_8e59a7a0c13e7ab0,"tay,en",suagi',wife's younger sister,keep_in_xml,source_not_attested,source_not_attested_in_ildrf_reference,no,,,wife's younger sister,,GLOSBE_DICT_GROUP_d3e405600521668d,wife's younger sister,primary,https://glosbe.com/tay/en/suagi%27,data/raw/html/static/tay_en/suagi%27.html
GLOSBE_DICT_d69474ad0166d7a2,"tay,en",sumiq,louse,keep_in_xml,gloss_unmapped,ildrf_source_attested_gloss_unmapped,yes,Final_XML/Atayal/Dictionary_Atayal_tay.xml,衣虱,louse,,GLOSBE_DICT_GROUP_107393b7458dee89,louse,primary,https://glosbe.com/tay/en/sumiq,data/raw/html/static/tay_en/sumiq.html
GLOSBE_DICT_b4537677db80dc74,"tay,en",suruw,behind,keep_in_xml,source_not_attested,source_not_attested_in_ildrf_reference,no,,,behind,,GLOSBE_DICT_GROUP_a4ac47c442def767,behind,primary,https://glosbe.com/tay/en/suruw,data/raw/html/static/tay_en/suruw.html
GLOSBE_DICT_4bc360757fc9760d,"tay,en",syon,likes to do,keep_in_xml,source_not_attested,source_not_attested_in_ildrf_reference,no,,,likes to do,,GLOSBE_DICT_GROUP_931a57633e108aa4,likes to do,primary,https://glosbe.com/tay/en/syon,data/raw/html/static/tay_en/syon.html
GLOSBE_DICT_9078227b81a5a83b,"tay,en",szuy,rock sth.,keep_in_xml,source_not_attested,source_not_attested_in_ildrf_reference,no,,,rock sth.,,GLOSBE_DICT_GROUP_80e3ae27e03bd099,rock sth.,primary,https://glosbe.com/tay/en/szuy,data/raw/html/static/tay_en/szuy.html
GLOSBE_DICT_9b5aa80976363674,"tay,en",t'aring,begin,keep_in_xml,gloss_unmapped,ildrf_source_attested_gloss_unmapped,yes,Final_XML/Atayal/Dictionary_Atayal_tay.xml,開始; 開始、啟動,begin,,GLOSBE_DICT_GROUP_4c7d8bc478f84814,begin,primary,https://glosbe.com/tay/en/t%27aring,data/raw/html/static/tay_en/t%27aring.html
GLOSBE_DICT_85ab22c08c3839f8,"tay,en",takaliwak,lightning,keep_in_xml,source_not_attested,source_not_attested_in_ildrf_reference,no,,,lightning,,GLOSBE_DICT_GROUP_5771630eae526909,lightning,primary,https://glosbe.com/tay/en/takaliwak,data/raw/html/static/tay_en/takaliwak.html
GLOSBE_DICT_911551e90f21c9ef,"tay,en",talah,red,keep_in_xml,source_not_attested,source_not_attested_in_ildrf_reference,no,,,red,,GLOSBE_DICT_GROUP_1dec6d46112719a5,red,primary,https://glosbe.com/tay/en/talah,data/raw/html/static/tay_en/talah.html
GLOSBE_DICT_66f1da82501d7cfd,"tay,en",talap,eaves,keep_in_xml,gloss_unmapped,ildrf_source_attested_gloss_unmapped,yes,Final_XML/Atayal/Dictionary_Atayal_tay.xml,屋簷,eaves,,GLOSBE_DICT_GROUP_abede75c73008ff1,eaves,primary,https://glosbe.com/tay/en/talap,data/raw/html/static/tay_en/talap.html
GLOSBE_DICT_af07ce5b6177a045,"tay,en",tamana,broccoli,keep_in_xml,source_not_attested,source_not_attested_in_ildrf_reference,no,,,broccoli,,GLOSBE_DICT_GROUP_e41cd2c9c16d3f58,broccoli,primary,https://glosbe.com/tay/en/tamana,data/raw/html/static/tay_en/tamana.html
GLOSBE_DICT_d752288bdb08d2cb,"tay,en",tanux,outdoors,keep_in_xml,target_supported_by_mapping,ildrf_source_attested_target_supported_by_mapping,yes,Final_XML/Atayal/Dictionary_Atayal_tay.xml,外面; 庭院; 戶外、外面; 戶外、外面、廣場,"outdoors; surroundings; yard,patio, outside",外面; 戶外; 庭院; 廣場,GLOSBE_DICT_GROUP_d855fce9ddf5f280,outdoors,primary,https://glosbe.com/tay/en/tanux,data/raw/html/static/tay_en/tanux.html
GLOSBE_DICT_9f025bca2c8b587f,"tay,en",tanux,surroundings,keep_in_xml,target_supported_by_mapping,ildrf_source_attested_target_supported_by_mapping,yes,Final_XML/Atayal/Dictionary_Atayal_tay.xml,外面; 庭院; 戶外、外面; 戶外、外面、廣場,"outdoors; surroundings; yard,patio, outside",外面; 戶外; 庭院; 廣場,GLOSBE_DICT_GROUP_d855fce9ddf5f280,surroundings,alt,https://glosbe.com/tay/en/tanux,data/raw/html/static/tay_en/tanux.html
GLOSBE_DICT_510348634e139d28,"tay,en",tanux,"yard,patio, outside",keep_in_xml,target_supported_by_mapping,ildrf_source_attested_target_supported_by_mapping,yes,Final_XML/Atayal/Dictionary_Atayal_tay.xml,外面; 庭院; 戶外、外面; 戶外、外面、廣場,"outdoors; surroundings; yard,patio, outside",外面; 戶外; 庭院; 廣場,GLOSBE_DICT_GROUP_d855fce9ddf5f280,"yard,patio, outside",alt,https://glosbe.com/tay/en/tanux,data/raw/html/static/tay_en/tanux.html
GLOSBE_DICT_c2ec0600723fd129,"tay,en",tapang,quilt,keep_in_xml,source_not_attested,source_not_attested_in_ildrf_reference,no,,,quilt,,GLOSBE_DICT_GROUP_12e1b0af0429675c,quilt,primary,https://glosbe.com/tay/en/tapang,data/raw/html/static/tay_en/tapang.html
GLOSBE_DICT_c07db69f091a9469,"tay,en",tbihi,cabbage,keep_in_xml,source_not_attested,source_not_attested_in_ildrf_reference,no,,,cabbage,,GLOSBE_DICT_GROUP_04b712aae4aba869,cabbage,primary,https://glosbe.com/tay/en/tbihi,data/raw/html/static/tay_en/tbihi.html
GLOSBE_DICT_fd3bbd74df763212,"tay,en",thbu',gourd,keep_in_xml,gloss_unmapped,ildrf_source_attested_gloss_unmapped,yes,Final_XML/Atayal/Dictionary_Atayal_tay.xml,胡瓜; 蒲瓜,gourd,,GLOSBE_DICT_GROUP_9c53062081475669,gourd,primary,https://glosbe.com/tay/en/thbu%27,data/raw/html/static/tay_en/thbu%27.html
GLOSBE_DICT_7fa240603c257838,"tay,en",thekan brwan,study desk,keep_in_xml,source_not_attested,source_not_attested_in_ildrf_reference,no,,,study desk,,GLOSBE_DICT_GROUP_163e23d0dc2d9296,study desk,primary,https://glosbe.com/tay/en/thekan%20brwan,data/raw/html/static/tay_en/thekan%20brwan.html
GLOSBE_DICT_a6b61d5176f017b8,"tay,en",thekan tman,chair,keep_in_xml,source_not_attested,source_not_attested_in_ildrf_reference,no,,,chair,,GLOSBE_DICT_GROUP_67fe650c8777d896,chair,primary,https://glosbe.com/tay/en/thekan%20tman,data/raw/html/static/tay_en/thekan%20tman.html
GLOSBE_DICT_99022174f90b2a80,"tay,en",thoyay,can,keep_in_xml,source_not_attested,source_not_attested_in_ildrf_reference,no,,,can,,GLOSBE_DICT_GROUP_33dfacc0d15a6bd4,can,primary,https://glosbe.com/tay/en/thoyay,data/raw/html/static/tay_en/thoyay.html
GLOSBE_DICT_1cdf63aaa6efe1a4,"tay,en",tikai,little,keep_in_xml,source_not_attested,source_not_attested_in_ildrf_reference,no,,,little; small,,GLOSBE_DICT_GROUP_8c45f34ecb267977,little,primary,https://glosbe.com/tay/en/tikai,data/raw/html/static/tay_en/tikai.html
GLOSBE_DICT_68b2bf68fc434865,"tay,en",tikai,small,keep_in_xml,source_not_attested,source_not_attested_in_ildrf_reference,no,,,little; small,,GLOSBE_DICT_GROUP_8c45f34ecb267977,small,alt,https://glosbe.com/tay/en/tikai,data/raw/html/static/tay_en/tikai.html
GLOSBE_DICT_17eef35c98242845,"tay,en",tlahi,pomelo,keep_in_xml,source_not_attested,source_not_attested_in_ildrf_reference,no,,,pomelo,,GLOSBE_DICT_GROUP_bfb54cdb68f5ec8a,pomelo,primary,https://glosbe.com/tay/en/tlahi,data/raw/html/static/tay_en/tlahi.html
GLOSBE_DICT_8bb31b0fae00f774,"tay,en",tmahuk,boil (meat),keep_in_xml,gloss_unmapped,ildrf_source_attested_gloss_unmapped,yes,Final_XML/Atayal/Dictionary_Atayal_tay.xml,煮; 煮(菜),boil (meat),,GLOSBE_DICT_GROUP_9d86df0ee26fe9dd,boil (meat),primary,https://glosbe.com/tay/en/tmahuk,data/raw/html/static/tay_en/tmahuk.html
GLOSBE_DICT_13196ddb23487c80,"tay,en",tmasoq,end,keep_in_xml,gloss_unmapped,ildrf_source_attested_gloss_unmapped,yes,Final_XML/Atayal/Dictionary_Atayal_tay.xml,接續,end,,GLOSBE_DICT_GROUP_9ddeb1706abb32a6,end,primary,https://glosbe.com/tay/en/tmasoq,data/raw/html/static/tay_en/tmasoq.html
GLOSBE_DICT_9a29efe5e6d9d8bd,"tay,en",tminun,weave,keep_in_xml,gloss_unmapped,ildrf_source_attested_gloss_unmapped,yes,Final_XML/Atayal/Dictionary_Atayal_tay.xml,編織,weave,,GLOSBE_DICT_GROUP_03284e6d0c3af2e2,weave,primary,https://glosbe.com/tay/en/tminun,data/raw/html/static/tay_en/tminun.html
GLOSBE_DICT_48e77ea5a0e36b98,"tay,en",tmwang,move to a new dwelling,keep_in_xml,gloss_unmapped,ildrf_source_attested_gloss_unmapped,yes,Final_XML/Atayal/Dictionary_Atayal_tay.xml,增加、加上,move to a new dwelling,,GLOSBE_DICT_GROUP_6b039342f3f6239d,move to a new dwelling,primary,https://glosbe.com/tay/en/tmwang,data/raw/html/static/tay_en/tmwang.html
GLOSBE_DICT_51cc0c120d6d28ba,"tay,en",tokan,net bag,keep_in_xml,target_supported_by_mapping,ildrf_source_attested_target_supported_by_mapping,yes,Final_XML/Atayal/Dictionary_Atayal_tay.xml,男用背負網袋; 背袋,net bag; rucksack,背負網袋; 背袋,GLOSBE_DICT_GROUP_9f2b3c24e534d4f0,net bag,primary,https://glosbe.com/tay/en/tokan,data/raw/html/static/tay_en/tokan.html
GLOSBE_DICT_12b47c1ce013ad02,"tay,en",tokan,rucksack,keep_in_xml,target_supported_by_mapping,ildrf_source_attested_target_supported_by_mapping,yes,Final_XML/Atayal/Dictionary_Atayal_tay.xml,男用背負網袋; 背袋,net bag; rucksack,背負網袋; 背袋,GLOSBE_DICT_GROUP_9f2b3c24e534d4f0,rucksack,alt,https://glosbe.com/tay/en/tokan,data/raw/html/static/tay_en/tokan.html
GLOSBE_DICT_5246dac7e0be27a3,"tay,en",topu',turnip,keep_in_xml,gloss_unmapped,ildrf_source_attested_gloss_unmapped,yes,Final_XML/Atayal/Dictionary_Atayal_tay.xml,白蘿蔔; 蘿蔔,turnip,,GLOSBE_DICT_GROUP_538eb9d979d4ea9e,turnip,primary,https://glosbe.com/tay/en/topu%27,data/raw/html/static/tay_en/topu%27.html
GLOSBE_DICT_d8916368afff1c2d,"tay,en",tqenuw,mushroom,keep_in_xml,source_not_attested,source_not_attested_in_ildrf_reference,no,,,mushroom,,GLOSBE_DICT_GROUP_9be2f0e503ccf23e,mushroom,primary,https://glosbe.com/tay/en/tqenuw,data/raw/html/static/tay_en/tqenuw.html
GLOSBE_DICT_e17bdfc1cbed8183,"tay,en",tquci kngun,fart,keep_in_xml,source_not_attested,source_not_attested_in_ildrf_reference,no,,,fart,,GLOSBE_DICT_GROUP_2240cbc323a153d9,fart,primary,https://glosbe.com/tay/en/tquci%20kngun,data/raw/html/static/tay_en/tquci%20kngun.html
GLOSBE_DICT_688b231f1af68845,"tay,en",trakis,millet,keep_in_xml,gloss_unmapped,ildrf_source_attested_gloss_unmapped,yes,Final_XML/Atayal/Dictionary_Atayal_tay.xml,小米; 小米、黍,millet,,GLOSBE_DICT_GROUP_fe46513a2fef2277,millet,primary,https://glosbe.com/tay/en/trakis,data/raw/html/static/tay_en/trakis.html
GLOSBE_DICT_500dd4745399d8b0,"tay,en",tuba',poison,keep_in_xml,gloss_unmapped,ildrf_source_attested_gloss_unmapped,yes,Final_XML/Atayal/Dictionary_Atayal_tay.xml,毒; 毒死; 毒藤,poison,,GLOSBE_DICT_GROUP_90fa919361d1287f,poison,primary,https://glosbe.com/tay/en/tuba%27,data/raw/html/static/tay_en/tuba%27.html
GLOSBE_DICT_b1ba6281b5e3e5a3,"tay,en",tubung,window,keep_in_xml,gloss_unmapped,ildrf_source_attested_gloss_unmapped,yes,Final_XML/Atayal/Dictionary_Atayal_tay.xml,窗戶,window,,GLOSBE_DICT_GROUP_0d948ece7a589f9e,window,primary,https://glosbe.com/tay/en/tubung,data/raw/html/static/tay_en/tubung.html
GLOSBE_DICT_75451aad4528803a,"tay,en",tugal,three,keep_in_xml,source_not_attested,source_not_attested_in_ildrf_reference,no,,,three,,GLOSBE_DICT_GROUP_b60d6e46da4469fc,three,primary,https://glosbe.com/tay/en/tugal,data/raw/html/static/tay_en/tugal.html
GLOSBE_DICT_c6084e896289eec7,"tay,en",tunux,head,keep_in_xml,gloss_unmapped,ildrf_source_attested_gloss_unmapped,yes,Final_XML/Atayal/Dictionary_Atayal_tay.xml,頭; 頭、頭腦,head,,GLOSBE_DICT_GROUP_1a0c8889b2df8e62,head,primary,https://glosbe.com/tay/en/tunux,data/raw/html/static/tay_en/tunux.html
GLOSBE_DICT_4bf65fca2b7efc1b,"tay,en",tuqii,road,keep_in_xml,source_not_attested,source_not_attested_in_ildrf_reference,no,,,road,,GLOSBE_DICT_GROUP_320fd235fcafb72c,road,primary,https://glosbe.com/tay/en/tuqii,data/raw/html/static/tay_en/tuqii.html
GLOSBE_DICT_3625723d8cee1c41,"tay,en",turu',back,keep_in_xml,target_supported_by_mapping,ildrf_source_attested_target_supported_by_mapping,yes,Final_XML/Atayal/Dictionary_Atayal_tay.xml,背部,back; stalk side,背部,GLOSBE_DICT_GROUP_224e32616c976dbb,back,primary,https://glosbe.com/tay/en/turu%27,data/raw/html/static/tay_en/turu%27.html
GLOSBE_DICT_11afcf1ac978cd5f,"tay,en",turu',stalk side,keep_in_xml,different_from_mapping,ildrf_source_attested_target_differs_from_mapping,yes,Final_XML/Atayal/Dictionary_Atayal_tay.xml,背部,back; stalk side,背部,GLOSBE_DICT_GROUP_224e32616c976dbb,stalk side,alt,https://glosbe.com/tay/en/turu%27,data/raw/html/static/tay_en/turu%27.html
GLOSBE_DICT_d9d5993e1995d88b,"tay,en",turuy,car,keep_in_xml,gloss_unmapped,ildrf_source_attested_gloss_unmapped,yes,Final_XML/Atayal/Dictionary_Atayal_tay.xml,輪胎,car,,GLOSBE_DICT_GROUP_8e5445d98cd05096,car,primary,https://glosbe.com/tay/en/turuy,data/raw/html/static/tay_en/turuy.html
GLOSBE_DICT_81956458a228fbeb,"tay,en",twahiq,far away,keep_in_xml,gloss_unmapped,ildrf_source_attested_gloss_unmapped,yes,Final_XML/Atayal/Dictionary_Atayal_tay.xml,遠,far away,,GLOSBE_DICT_GROUP_4befa922a35023e9,far away,primary,https://glosbe.com/tay/en/twahiq,data/raw/html/static/tay_en/twahiq.html
GLOSBE_DICT_0345828c8b4dc710,"tay,en",twin,cucumber,keep_in_xml,source_not_attested,source_not_attested_in_ildrf_reference,no,,,cucumber,,GLOSBE_DICT_GROUP_2ca4f3075d28d23c,cucumber,primary,https://glosbe.com/tay/en/twin,data/raw/html/static/tay_en/twin.html
GLOSBE_DICT_7d6838f9241ac34a,"tay,en",uaiai,thread,keep_in_xml,source_not_attested,source_not_attested_in_ildrf_reference,no,,,thread,,GLOSBE_DICT_GROUP_a74836f6f12b9990,thread,primary,https://glosbe.com/tay/en/uaiai,data/raw/html/static/tay_en/uaiai.html
GLOSBE_DICT_7c5ff8c6a5051d36,"tay,en",ulai,child,keep_in_xml,source_not_attested,source_not_attested_in_ildrf_reference,no,,,child; hot spring,,GLOSBE_DICT_GROUP_6ce3f46f11a8f700,child,primary,https://glosbe.com/tay/en/ulai,data/raw/html/static/tay_en/ulai.html
GLOSBE_DICT_8d508eccfe30f734,"tay,en",ulai,hot spring,keep_in_xml,source_not_attested,source_not_attested_in_ildrf_reference,no,,,child; hot spring,,GLOSBE_DICT_GROUP_6ce3f46f11a8f700,hot spring,alt,https://glosbe.com/tay/en/ulai,data/raw/html/static/tay_en/ulai.html
GLOSBE_DICT_475587bed85e112e,"tay,en",ulakhi,child,keep_in_xml,source_not_attested,source_not_attested_in_ildrf_reference,no,,,child,,GLOSBE_DICT_GROUP_a5788675bf8a8766,child,primary,https://glosbe.com/tay/en/ulakhi,data/raw/html/static/tay_en/ulakhi.html
GLOSBE_DICT_2fd85650d6b2f891,"tay,en",umuk,lid,keep_in_xml,gloss_unmapped,ildrf_source_attested_gloss_unmapped,yes,Final_XML/Atayal/Dictionary_Atayal_tay.xml,蓋子; 蓋子、蓋起來、遮,lid,,GLOSBE_DICT_GROUP_1256d0bfb88067ea,lid,primary,https://glosbe.com/tay/en/umuk,data/raw/html/static/tay_en/umuk.html
GLOSBE_DICT_11af966503fb3eb8,"tay,en",ungat,not,keep_in_xml,gloss_unmapped,ildrf_source_attested_gloss_unmapped,yes,Final_XML/Atayal/Dictionary_Atayal_tay.xml,沒有; 沒有(表擁有的否定詞),not,,GLOSBE_DICT_GROUP_474fa831bb184d6e,not,primary,https://glosbe.com/tay/en/ungat,data/raw/html/static/tay_en/ungat.html
GLOSBE_DICT_cc0fe63bd6c682d6,"tay,en",uruw,valley,keep_in_xml,source_not_attested,source_not_attested_in_ildrf_reference,no,,,valley,,GLOSBE_DICT_GROUP_63131756640510f8,valley,primary,https://glosbe.com/tay/en/uruw,data/raw/html/static/tay_en/uruw.html
GLOSBE_DICT_93cc4b588f1dce58,"tay,en",usiak,water,keep_in_xml,source_not_attested,source_not_attested_in_ildrf_reference,no,,,water,,GLOSBE_DICT_GROUP_3fe63b54c75634fc,water,primary,https://glosbe.com/tay/en/usiak,data/raw/html/static/tay_en/usiak.html
GLOSBE_DICT_05d3feec239e51ec,"tay,en",utux kayal,Heavenly Father,keep_in_xml,source_not_attested,source_not_attested_in_ildrf_reference,no,,,Heavenly Father,,GLOSBE_DICT_GROUP_b280006cd6e15dc2,Heavenly Father,primary,https://glosbe.com/tay/en/utux%20kayal,data/raw/html/static/tay_en/utux%20kayal.html
GLOSBE_DICT_9c58f541aba5cf4e,"tay,en",utux kayan,God,keep_in_xml,source_not_attested,source_not_attested_in_ildrf_reference,no,,,God,,GLOSBE_DICT_GROUP_7135c5c9afc2e56d,God,primary,https://glosbe.com/tay/en/utux%20kayan,data/raw/html/static/tay_en/utux%20kayan.html
GLOSBE_DICT_ea1c66900625581e,"tay,en",utux,one,keep_in_xml,different_from_mapping,ildrf_source_attested_target_differs_from_mapping,yes,Final_XML/Atayal/Dictionary_Atayal_tay.xml,神、靈、鬼、魂; 鬼魂,one; spirit,神; 靈; 鬼魂; 鬼,GLOSBE_DICT_GROUP_26faffd853233d1c,one,primary,https://glosbe.com/tay/en/utux,data/raw/html/static/tay_en/utux.html
GLOSBE_DICT_fa83d1ea2f2963aa,"tay,en",utux,spirit,keep_in_xml,target_supported_by_mapping,ildrf_source_attested_target_supported_by_mapping,yes,Final_XML/Atayal/Dictionary_Atayal_tay.xml,神、靈、鬼、魂; 鬼魂,one; spirit,神; 靈; 鬼魂; 鬼,GLOSBE_DICT_GROUP_26faffd853233d1c,spirit,alt,https://glosbe.com/tay/en/utux,data/raw/html/static/tay_en/utux.html
GLOSBE_DICT_9573fc4d1d8ee7e6,"tay,en",vatúnukh,stone,keep_in_xml,source_not_attested,source_not_attested_in_ildrf_reference,no,,,stone,,GLOSBE_DICT_GROUP_c49959bb0a4bfd4e,stone,primary,https://glosbe.com/tay/en/vat%C3%BAnukh,data/raw/html/static/tay_en/vat%C3%BAnukh.html
GLOSBE_DICT_f83af0a3c2df46b8,"tay,en",viating,moon,keep_in_xml,source_not_attested,source_not_attested_in_ildrf_reference,no,,,moon,,GLOSBE_DICT_GROUP_7d7375f13696af6a,moon,primary,https://glosbe.com/tay/en/viating,data/raw/html/static/tay_en/viating.html
GLOSBE_DICT_6e11fe3caf76c512,"tay,en",vuyatsin,moon,keep_in_xml,source_not_attested,source_not_attested_in_ildrf_reference,no,,,moon,,GLOSBE_DICT_GROUP_6784bbb18f54a11b,moon,primary,https://glosbe.com/tay/en/vuyatsin,data/raw/html/static/tay_en/vuyatsin.html
GLOSBE_DICT_9764b306d3a5e1dc,"tay,en",wagi,sun,keep_in_xml,source_not_attested,source_not_attested_in_ildrf_reference,no,,,sun,,GLOSBE_DICT_GROUP_07aacf067c43ec18,sun,primary,https://glosbe.com/tay/en/wagi,data/raw/html/static/tay_en/wagi.html
GLOSBE_DICT_2e6b54896ba8bb69,"tay,en",wahan,"place, site",keep_in_xml,gloss_unmapped,ildrf_source_attested_gloss_unmapped,yes,Final_XML/Atayal/Dictionary_Atayal_tay.xml,來 (去),"place, site",,GLOSBE_DICT_GROUP_d8c6d547edc54e4e,"place, site",primary,https://glosbe.com/tay/en/wahan,data/raw/html/static/tay_en/wahan.html
GLOSBE_DICT_bc2778cace61e9da,"tay,en",warang,tomato,keep_in_xml,gloss_unmapped,ildrf_source_attested_gloss_unmapped,yes,Final_XML/Atayal/Dictionary_Atayal_tay.xml,蕃茄,tomato,,GLOSBE_DICT_GROUP_03a2b0cc79293944,tomato,primary,https://glosbe.com/tay/en/warang,data/raw/html/static/tay_en/warang.html
GLOSBE_DICT_38ff4680dc640453,"tay,en",wayay,thread,keep_in_xml,gloss_unmapped,ildrf_source_attested_gloss_unmapped,yes,Final_XML/Atayal/Dictionary_Atayal_tay.xml,毛線; 紡線; 細線; 麵,thread,,GLOSBE_DICT_GROUP_7f8a2cede8fc1385,thread,primary,https://glosbe.com/tay/en/wayay,data/raw/html/static/tay_en/wayay.html
GLOSBE_DICT_538aad14c4c7c4bf,"tay,en",wuṣéʔ,water,keep_in_xml,source_not_attested,source_not_attested_in_ildrf_reference,no,,,water,,GLOSBE_DICT_GROUP_f898e45b4656ae70,water,primary,https://glosbe.com/tay/en/wu%E1%B9%A3%C3%A9%CA%94,data/raw/html/static/tay_en/wu%E1%B9%A3%C3%A9%CA%94.html
GLOSBE_DICT_23362924b2c819b1,"tay,en",yaba,father,keep_in_xml,source_not_attested,source_not_attested_in_ildrf_reference,no,,,father,,GLOSBE_DICT_GROUP_b6131859b822317c,father,primary,https://glosbe.com/tay/en/yaba,data/raw/html/static/tay_en/yaba.html
GLOSBE_DICT_012211ad6ee782ef,"tay,en",yahuw,weed,keep_in_xml,source_not_attested,source_not_attested_in_ildrf_reference,no,,,weed,,GLOSBE_DICT_GROUP_05241c466842965a,weed,primary,https://glosbe.com/tay/en/yahuw,data/raw/html/static/tay_en/yahuw.html
GLOSBE_DICT_5de1cce891b4265a,"tay,en",yaki,grandmother,keep_in_xml,source_not_attested,source_not_attested_in_ildrf_reference,no,,,grandmother,,GLOSBE_DICT_GROUP_3d209f9d9ee8110b,grandmother,primary,https://glosbe.com/tay/en/yaki,data/raw/html/static/tay_en/yaki.html
GLOSBE_DICT_11e97fa58c808b44,"tay,en",yan,like,keep_in_xml,source_not_attested,source_not_attested_in_ildrf_reference,no,,,like,,GLOSBE_DICT_GROUP_77f429d6210a6d03,like,primary,https://glosbe.com/tay/en/yan,data/raw/html/static/tay_en/yan.html
GLOSBE_DICT_a624f2ec50130513,"tay,en",yanay,brother-in-law,keep_in_xml,gloss_unmapped,ildrf_source_attested_gloss_unmapped,yes,Final_XML/Atayal/Dictionary_Atayal_tay.xml,姊夫、妹夫、妻之兄、妻之弟; 舅子,brother-in-law,,GLOSBE_DICT_GROUP_64cd78bac8832e04,brother-in-law,primary,https://glosbe.com/tay/en/yanay,data/raw/html/static/tay_en/yanay.html
GLOSBE_DICT_a05a4bd29fb41989,"tay,en",yasal,enough,keep_in_xml,source_not_attested,source_not_attested_in_ildrf_reference,no,,,enough,,GLOSBE_DICT_GROUP_3bd871def4c859e3,enough,primary,https://glosbe.com/tay/en/yasal,data/raw/html/static/tay_en/yasal.html
GLOSBE_DICT_1fd6bceb31c82746,"tay,en",yava,father,keep_in_xml,source_not_attested,source_not_attested_in_ildrf_reference,no,,,father,,GLOSBE_DICT_GROUP_a67a6d4d2187f12a,father,primary,https://glosbe.com/tay/en/yava,data/raw/html/static/tay_en/yava.html
GLOSBE_DICT_0147b65f72b95371,"tay,en",yaya,mother,keep_in_xml,source_not_attested,source_not_attested_in_ildrf_reference,no,,,mother,,GLOSBE_DICT_GROUP_5e5ce57f6468e0bc,mother,primary,https://glosbe.com/tay/en/yaya,data/raw/html/static/tay_en/yaya.html
GLOSBE_DICT_0d5aabc16f8a241b,"tay,en",yogian,dance stage,keep_in_xml,source_not_attested,source_not_attested_in_ildrf_reference,no,,,dance stage,,GLOSBE_DICT_GROUP_73c8bbb312debcb0,dance stage,primary,https://glosbe.com/tay/en/yogian,data/raw/html/static/tay_en/yogian.html
GLOSBE_DICT_6bf7bbcbe333de5a,"tay,en",yubing,bag,keep_in_xml,gloss_unmapped,ildrf_source_attested_gloss_unmapped,yes,Final_XML/Atayal/Dictionary_Atayal_tay.xml,口袋、袋子; 袋子,bag,,GLOSBE_DICT_GROUP_663c9e97222e4ed9,bag,primary,https://glosbe.com/tay/en/yubing,data/raw/html/static/tay_en/yubing.html
GLOSBE_DICT_03359eaa46662e38,"tay,en",yuhom,bad mood,keep_in_xml,source_not_attested,source_not_attested_in_ildrf_reference,no,,,bad mood,,GLOSBE_DICT_GROUP_052fde20ce6ffe1f,bad mood,primary,https://glosbe.com/tay/en/yuhom,data/raw/html/static/tay_en/yuhom.html
GLOSBE_DICT_0f3529d058c64eee,"tay,en",yungay,monkey,keep_in_xml,gloss_unmapped,ildrf_source_attested_gloss_unmapped,yes,Final_XML/Atayal/Dictionary_Atayal_tay.xml,猴子,monkey,,GLOSBE_DICT_GROUP_c950eee2ba227f81,monkey,primary,https://glosbe.com/tay/en/yungay,data/raw/html/static/tay_en/yungay.html
GLOSBE_DICT_4160052b79053f0f,"tay,en",yurum,cloud,keep_in_xml,source_not_attested,source_not_attested_in_ildrf_reference,no,,,cloud,,GLOSBE_DICT_GROUP_881896fc67e1ca9b,cloud,primary,https://glosbe.com/tay/en/yurum,data/raw/html/static/tay_en/yurum.html
GLOSBE_DICT_993c79bb62e1c7f5,"tay,en",yutak,orange,keep_in_xml,gloss_unmapped,ildrf_source_attested_gloss_unmapped,yes,Final_XML/Atayal/Dictionary_Atayal_tay.xml,柑橘,orange,,GLOSBE_DICT_GROUP_c9bb38c6d0a4dbd7,orange,primary,https://glosbe.com/tay/en/yutak,data/raw/html/static/tay_en/yutak.html
GLOSBE_DICT_a88f5ff241097e30,"tay,en",yutas,grandfather,keep_in_xml,target_supported_by_mapping,ildrf_source_attested_target_supported_by_mapping,yes,Final_XML/Atayal/Dictionary_Atayal_tay.xml,爺爺、岳父、外公、親家公; 男性長輩(祖父,grandfather,爺爺; 外公; 祖父; 男性長輩; 家,GLOSBE_DICT_GROUP_57b5176d10955538,grandfather,primary,https://glosbe.com/tay/en/yutas,data/raw/html/static/tay_en/yutas.html
GLOSBE_DICT_cfa5964d47892c1a,"tay,en",ziaw,affair,keep_in_xml,source_not_attested,source_not_attested_in_ildrf_reference,no,,,affair; matter,,GLOSBE_DICT_GROUP_fc0ec0500cf3120f,affair,primary,https://glosbe.com/tay/en/ziaw,data/raw/html/static/tay_en/ziaw.html
GLOSBE_DICT_ee40479b7c281a27,"tay,en",ziaw,matter,keep_in_xml,source_not_attested,source_not_attested_in_ildrf_reference,no,,,affair; matter,,GLOSBE_DICT_GROUP_fc0ec0500cf3120f,matter,alt,https://glosbe.com/tay/en/ziaw,data/raw/html/static/tay_en/ziaw.html
GLOSBE_DICT_95938a52489df85a,"tay,en",zihung,difficult,keep_in_xml,gloss_unmapped,ildrf_source_attested_gloss_unmapped,yes,Final_XML/Atayal/Dictionary_Atayal_tay.xml,困難,difficult,,GLOSBE_DICT_GROUP_a885cb572b6fadab,difficult,primary,https://glosbe.com/tay/en/zihung,data/raw/html/static/tay_en/zihung.html
GLOSBE_DICT_2d9661af9aafc695,"tay,en",zingqziaq,gruel,keep_in_xml,source_not_attested,source_not_attested_in_ildrf_reference,no,,,gruel,,GLOSBE_DICT_GROUP_b2f4e70bdcfb71ba,gruel,primary,https://glosbe.com/tay/en/zingqziaq,data/raw/html/static/tay_en/zingqziaq.html
GLOSBE_DICT_49619305f5ce715b,"tay,en",zzik,deep,keep_in_xml,source_not_attested,source_not_attested_in_ildrf_reference,no,,,deep,,GLOSBE_DICT_GROUP_49384bab1b8822a2,deep,primary,https://glosbe.com/tay/en/zzik,data/raw/html/static/tay_en/zzik.html
GLOSBE_DICT_13b5b5d5e8872d11,"xsy,en",'ælaw,fish,keep_in_xml,source_not_attested,source_not_attested_in_ildrf_reference,no,,,fish,,GLOSBE_DICT_GROUP_77bc6cc4fc953380,fish,primary,https://glosbe.com/xsy/en/%27%C3%A6law,data/raw/html/static/xsy_en/%27%C3%A6law.html
GLOSBE_DICT_ee91761a38a51283,"xsy,en",'a:imaboehoe:,Japanese plum,keep_in_xml,gloss_unmapped,ildrf_source_attested_gloss_unmapped,yes,Final_XML/Saisiyat/Dictionary_Saisiyat_xsy.xml,梅子,Japanese plum,,GLOSBE_DICT_GROUP_5a4918fa76c79733,Japanese plum,primary,https://glosbe.com/xsy/en/%27a%3Aimaboehoe%3A,data/raw/html/static/xsy_en/%27a%3Aimaboehoe%3A.html
GLOSBE_DICT_f9cc34fba1b06c91,"xsy,en",'ae'aeiw,dry,keep_in_xml,source_not_attested,source_not_attested_in_ildrf_reference,no,,,dry,,GLOSBE_DICT_GROUP_e6ccbab56e11a357,dry,primary,https://glosbe.com/xsy/en/%27ae%27aeiw,data/raw/html/static/xsy_en/%27ae%27aeiw.html
GLOSBE_DICT_cf30b16e07326e68,"xsy,en",'ae'aetaS,kumquat,keep_in_xml,gloss_unmapped,ildrf_source_attested_gloss_unmapped,yes,Final_XML/Saisiyat/Dictionary_Saisiyat_xsy.xml,金桔,kumquat,,GLOSBE_DICT_GROUP_d040940445898ffa,kumquat,primary,https://glosbe.com/xsy/en/%27ae%27aetaS,data/raw/html/static/xsy_en/%27ae%27aetaS.html
GLOSBE_DICT_e40c0b0c677cdc9e,"xsy,en",'ae'aewzaeh,ant,keep_in_xml,gloss_unmapped,ildrf_source_attested_gloss_unmapped,yes,Final_XML/Saisiyat/Dictionary_Saisiyat_xsy.xml,螞蟻,ant,,GLOSBE_DICT_GROUP_ae83622a6631db7a,ant,primary,https://glosbe.com/xsy/en/%27ae%27aewzaeh,data/raw/html/static/xsy_en/%27ae%27aewzaeh.html
GLOSBE_DICT_bcfe684ac9cd67d5,"xsy,en",'ae:imapizos,peach,keep_in_xml,gloss_unmapped,ildrf_source_attested_gloss_unmapped,yes,Final_XML/Saisiyat/Dictionary_Saisiyat_xsy.xml,桃子,peach,,GLOSBE_DICT_GROUP_f3ef3e7f496cfb51,peach,primary,https://glosbe.com/xsy/en/%27ae%3Aimapizos,data/raw/html/static/xsy_en/%27ae%3Aimapizos.html
GLOSBE_DICT_ec11d6591956eb56,"xsy,en",'aehae' 'ilaS,January,keep_in_xml,source_not_attested,source_not_attested_in_ildrf_reference,no,,,January,,GLOSBE_DICT_GROUP_f62fab8a2feb2632,January,primary,https://glosbe.com/xsy/en/%27aehae%27%20%27ilaS,data/raw/html/static/xsy_en/%27aehae%27%20%27ilaS.html
GLOSBE_DICT_441f17dd708ae849,"xsy,en",'aehis,gone bad,keep_in_xml,target_supported_by_mapping,ildrf_source_attested_target_supported_by_mapping,yes,Final_XML/Saisiyat/Dictionary_Saisiyat_xsy.xml,酸,gone bad; sour,酸,GLOSBE_DICT_GROUP_2c38a57717815b0e,gone bad,primary,https://glosbe.com/xsy/en/%27aehis,data/raw/html/static/xsy_en/%27aehis.html
GLOSBE_DICT_c29e3b9440e91b5e,"xsy,en",'aehis,sour,keep_in_xml,target_supported_by_mapping,ildrf_source_attested_target_supported_by_mapping,yes,Final_XML/Saisiyat/Dictionary_Saisiyat_xsy.xml,酸,gone bad; sour,酸,GLOSBE_DICT_GROUP_2c38a57717815b0e,sour,alt,https://glosbe.com/xsy/en/%27aehis,data/raw/html/static/xsy_en/%27aehis.html
GLOSBE_DICT_f8573862886c160b,"xsy,en",'aela,enemy,keep_in_xml,source_not_attested,source_not_attested_in_ildrf_reference,no,,,enemy,,GLOSBE_DICT_GROUP_6cefc14dd1ba7b84,enemy,primary,https://glosbe.com/xsy/en/%27aela,data/raw/html/static/xsy_en/%27aela.html
GLOSBE_DICT_a00401fbb4636905,"xsy,en",'aerish,hawk,keep_in_xml,source_not_attested,source_not_attested_in_ildrf_reference,no,,,hawk,,GLOSBE_DICT_GROUP_17f7b35eee7f33a1,hawk,primary,https://glosbe.com/xsy/en/%27aerish,data/raw/html/static/xsy_en/%27aerish.html
GLOSBE_DICT_489ca48f97b3bf89,"xsy,en",'aewhaeS,mice,keep_in_xml,target_supported_by_mapping,ildrf_source_attested_target_supported_by_mapping,yes,Final_XML/Saisiyat/Dictionary_Saisiyat_xsy.xml,老鼠; 老鼠(統稱),mice; mouse,老鼠,GLOSBE_DICT_GROUP_f0117fd08273ec6f,mice,primary,https://glosbe.com/xsy/en/%27aewhaeS,data/raw/html/static/xsy_en/%27aewhaeS.html
GLOSBE_DICT_e0940ed452c4cad6,"xsy,en",'aewhaeS,mouse,keep_in_xml,target_supported_by_mapping,ildrf_source_attested_target_supported_by_mapping,yes,Final_XML/Saisiyat/Dictionary_Saisiyat_xsy.xml,老鼠; 老鼠(統稱),mice; mouse,老鼠,GLOSBE_DICT_GROUP_f0117fd08273ec6f,mouse,alt,https://glosbe.com/xsy/en/%27aewhaeS,data/raw/html/static/xsy_en/%27aewhaeS.html
GLOSBE_DICT_34dade0a2e3a6282,"xsy,en",'aewpir,sweet potato,keep_in_xml,gloss_unmapped,ildrf_source_attested_gloss_unmapped,yes,Final_XML/Saisiyat/Dictionary_Saisiyat_xsy.xml,地瓜; 甘藷/地瓜,sweet potato,,GLOSBE_DICT_GROUP_ed66069f4f05c9a6,sweet potato,primary,https://glosbe.com/xsy/en/%27aewpir,data/raw/html/static/xsy_en/%27aewpir.html
GLOSBE_DICT_d2111bf0bfc21e5d,"xsy,en",'ames,root,keep_in_xml,source_not_attested,source_not_attested_in_ildrf_reference,no,,,root,,GLOSBE_DICT_GROUP_351d119a8a328369,root,primary,https://glosbe.com/xsy/en/%27ames,data/raw/html/static/xsy_en/%27ames.html
GLOSBE_DICT_f39d61d061fab1fc,"xsy,en",'anhil,sweet,keep_in_xml,gloss_unmapped,ildrf_source_attested_gloss_unmapped,yes,Final_XML/Saisiyat/Dictionary_Saisiyat_xsy.xml,甘甜; 甜,sweet,,GLOSBE_DICT_GROUP_88be37c3daad577c,sweet,primary,https://glosbe.com/xsy/en/%27anhil,data/raw/html/static/xsy_en/%27anhil.html
GLOSBE_DICT_e671b0cf556e04af,"xsy,en",'apis,squirrel,keep_in_xml,gloss_unmapped,ildrf_source_attested_gloss_unmapped,yes,Final_XML/Saisiyat/Dictionary_Saisiyat_xsy.xml,夾,squirrel,,GLOSBE_DICT_GROUP_ec3c2d20a769a07a,squirrel,primary,https://glosbe.com/xsy/en/%27apis,data/raw/html/static/xsy_en/%27apis.html
GLOSBE_DICT_f983ee490ab7f8fe,"xsy,en",'ase:,taiwan crepe myrtle,keep_in_xml,target_supported_by_mapping,ildrf_source_attested_target_supported_by_mapping,yes,Final_XML/Saisiyat/Dictionary_Saisiyat_xsy.xml,九芎樹,taiwan crepe myrtle,樹; 九芎樹,GLOSBE_DICT_GROUP_a602de96235711fb,taiwan crepe myrtle,primary,https://glosbe.com/xsy/en/%27ase%3A,data/raw/html/static/xsy_en/%27ase%3A.html
GLOSBE_DICT_118483255e4f803d,"xsy,en",'ayti:il,swing,keep_in_xml,gloss_unmapped,ildrf_source_attested_gloss_unmapped,yes,Final_XML/Saisiyat/Dictionary_Saisiyat_xsy.xml,盪,swing,,GLOSBE_DICT_GROUP_6e20c5e619ebe913,swing,primary,https://glosbe.com/xsy/en/%27ayti%3Ail,data/raw/html/static/xsy_en/%27ayti%3Ail.html
GLOSBE_DICT_b606c1cf5fc9ec07,"xsy,en",'az'ez,bitter,keep_in_xml,gloss_unmapped,ildrf_source_attested_gloss_unmapped,yes,Final_XML/Saisiyat/Dictionary_Saisiyat_xsy.xml,苦; 苦澀,bitter,,GLOSBE_DICT_GROUP_afd60fdcb31b2aae,bitter,primary,https://glosbe.com/xsy/en/%27az%27ez,data/raw/html/static/xsy_en/%27az%27ez.html
GLOSBE_DICT_a3b4e04cc2ecc58a,"xsy,en",'iSka hin'az'azem,democracy,keep_in_xml,gloss_unmapped,ildrf_source_attested_gloss_unmapped,yes,Final_XML/Saisiyat/Dictionary_Saisiyat_xsy.xml,民主,democracy,,GLOSBE_DICT_GROUP_3df0f623258811ce,democracy,primary,https://glosbe.com/xsy/en/%27iSka%20hin%27az%27azem,data/raw/html/static/xsy_en/%27iSka%20hin%27az%27azem.html
GLOSBE_DICT_ab4c77cac62c9dc7,"xsy,en",'iSlal'i:,fishy,keep_in_xml,gloss_unmapped,ildrf_source_attested_gloss_unmapped,yes,Final_XML/Saisiyat/Dictionary_Saisiyat_xsy.xml,有魚腥味,fishy,,GLOSBE_DICT_GROUP_78eeb29fb24d2e09,fishy,primary,https://glosbe.com/xsy/en/%27iSlal%27i%3A,data/raw/html/static/xsy_en/%27iSlal%27i%3A.html
GLOSBE_DICT_30bdc0ca4485cf0f,"xsy,en",'ilaS,month,keep_in_xml,target_supported_by_mapping,ildrf_source_attested_target_supported_by_mapping,yes,Final_XML/Saisiyat/Dictionary_Saisiyat_xsy.xml,月亮; 月份,month; moon,月亮; 月份,GLOSBE_DICT_GROUP_b91c8b331dd0e203,month,primary,https://glosbe.com/xsy/en/%27ilaS,data/raw/html/static/xsy_en/%27ilaS.html
GLOSBE_DICT_760a46462f6fbe0f,"xsy,en",'ilaS,moon,keep_in_xml,target_supported_by_mapping,ildrf_source_attested_target_supported_by_mapping,yes,Final_XML/Saisiyat/Dictionary_Saisiyat_xsy.xml,月亮; 月份,month; moon,月亮; 月份,GLOSBE_DICT_GROUP_b91c8b331dd0e203,moon,alt,https://glosbe.com/xsy/en/%27ilaS,data/raw/html/static/xsy_en/%27ilaS.html
GLOSBE_DICT_64e4a9f3248922ff,"xsy,en",'inaro:,water pipe,keep_in_xml,gloss_unmapped,ildrf_source_attested_gloss_unmapped,yes,Final_XML/Saisiyat/Dictionary_Saisiyat_xsy.xml,水管,water pipe,,GLOSBE_DICT_GROUP_6374e9409be9f13f,water pipe,primary,https://glosbe.com/xsy/en/%27inaro%3A,data/raw/html/static/xsy_en/%27inaro%3A.html
GLOSBE_DICT_878fbf77c83d7c53,"xsy,en",'iniyangangilaeh sitaew,carrot,keep_in_xml,gloss_unmapped,ildrf_source_attested_gloss_unmapped,yes,Final_XML/Saisiyat/Dictionary_Saisiyat_xsy.xml,胡蘿蔔,carrot,,GLOSBE_DICT_GROUP_259dd6f5f68d5248,carrot,primary,https://glosbe.com/xsy/en/%27iniyangangilaeh%20sitaew,data/raw/html/static/xsy_en/%27iniyangangilaeh%20sitaew.html
GLOSBE_DICT_600fd6c54345f83c,"xsy,en",'inkakhayza'an howaw,history,keep_in_xml,gloss_unmapped,ildrf_source_attested_gloss_unmapped,yes,Final_XML/Saisiyat/Dictionary_Saisiyat_xsy.xml,歷史,history,,GLOSBE_DICT_GROUP_d1e3a2e259c67369,history,primary,https://glosbe.com/xsy/en/%27inkakhayza%27an%20howaw,data/raw/html/static/xsy_en/%27inkakhayza%27an%20howaw.html
GLOSBE_DICT_39dce19fb130b7f1,"xsy,en",'into'wasal,Indian Ocean,keep_in_xml,gloss_unmapped,ildrf_source_attested_gloss_unmapped,yes,Final_XML/Saisiyat/Dictionary_Saisiyat_xsy.xml,印度洋,Indian Ocean,,GLOSBE_DICT_GROUP_a413fe53258d4d89,Indian Ocean,primary,https://glosbe.com/xsy/en/%27into%27wasal,data/raw/html/static/xsy_en/%27into%27wasal.html
GLOSBE_DICT_e80dd15a68735c6c,"xsy,en",'iyakin,me,keep_in_xml,target_supported_by_mapping,ildrf_source_attested_target_supported_by_mapping,yes,Final_XML/Saisiyat/Dictionary_Saisiyat_xsy.xml,我的（受格）,me,我,GLOSBE_DICT_GROUP_de04a749b48b8cfe,me,primary,https://glosbe.com/xsy/en/%27iyakin,data/raw/html/static/xsy_en/%27iyakin.html
GLOSBE_DICT_90c7a9abafc5d41f,"xsy,en",'iyaloway,Full Moon,keep_in_xml,gloss_unmapped,ildrf_source_attested_gloss_unmapped,yes,Final_XML/Saisiyat/Dictionary_Saisiyat_xsy.xml,滿月(圓月),Full Moon,,GLOSBE_DICT_GROUP_a22f817c3fe86560,Full Moon,primary,https://glosbe.com/xsy/en/%27iyaloway,data/raw/html/static/xsy_en/%27iyaloway.html
GLOSBE_DICT_6e65608f3e681d39,"xsy,en",'iyok,mandarin orange,keep_in_xml,gloss_unmapped,ildrf_source_attested_gloss_unmapped,yes,Final_XML/Saisiyat/Dictionary_Saisiyat_xsy.xml,柑橘; 橘子,mandarin orange,,GLOSBE_DICT_GROUP_d3812dbbaec6e78b,mandarin orange,primary,https://glosbe.com/xsy/en/%27iyok,data/raw/html/static/xsy_en/%27iyok.html
GLOSBE_DICT_2fe2bc8952ceba20,"xsy,en",'oe'oe:oel,shoal,keep_in_xml,gloss_unmapped,ildrf_source_attested_gloss_unmapped,yes,Final_XML/Saisiyat/Dictionary_Saisiyat_xsy.xml,沙洲,shoal,,GLOSBE_DICT_GROUP_8e8e81a48b73f8a8,shoal,primary,https://glosbe.com/xsy/en/%27oe%27oe%3Aoel,data/raw/html/static/xsy_en/%27oe%27oe%3Aoel.html
GLOSBE_DICT_0d01c44b3448b95d,"xsy,en",'oe'oeng,scallion,keep_in_xml,gloss_unmapped,ildrf_source_attested_gloss_unmapped,yes,Final_XML/Saisiyat/Dictionary_Saisiyat_xsy.xml,蔥; 蕗蕎; 青蔥,scallion,,GLOSBE_DICT_GROUP_3103a11fda445959,scallion,primary,https://glosbe.com/xsy/en/%27oe%27oeng,data/raw/html/static/xsy_en/%27oe%27oeng.html
GLOSBE_DICT_303c95bbd5c3bb5b,"xsy,en",'oesizo:,egg,keep_in_xml,gloss_unmapped,ildrf_source_attested_gloss_unmapped,yes,Final_XML/Saisiyat/Dictionary_Saisiyat_xsy.xml,蛋,egg,,GLOSBE_DICT_GROUP_8111fa50d4fe503e,egg,primary,https://glosbe.com/xsy/en/%27oesizo%3A,data/raw/html/static/xsy_en/%27oesizo%3A.html
GLOSBE_DICT_1d4838298e8bf95f,"xsy,en",'oeson,Shrimp,keep_in_xml,gloss_unmapped,ildrf_source_attested_gloss_unmapped,yes,Final_XML/Saisiyat/Dictionary_Saisiyat_xsy.xml,蝦,Shrimp,,GLOSBE_DICT_GROUP_57490b7aa3210aa9,Shrimp,primary,https://glosbe.com/xsy/en/%27oeson,data/raw/html/static/xsy_en/%27oeson.html
GLOSBE_DICT_fd1f83e8c6040626,"xsy,en",'oka,empty,keep_in_xml,source_not_attested,source_not_attested_in_ildrf_reference,no,,,empty,,GLOSBE_DICT_GROUP_e01980a6217f871e,empty,primary,https://glosbe.com/xsy/en/%27oka,data/raw/html/static/xsy_en/%27oka.html
GLOSBE_DICT_198af232fda25ecf,"xsy,en",'omaS,pickle,keep_in_xml,gloss_unmapped,ildrf_source_attested_gloss_unmapped,yes,Final_XML/Saisiyat/Dictionary_Saisiyat_xsy.xml,醃漬; 醃漬(祈使),pickle,,GLOSBE_DICT_GROUP_6a891b578fc2385e,pickle,primary,https://glosbe.com/xsy/en/%27omaS,data/raw/html/static/xsy_en/%27omaS.html
GLOSBE_DICT_e4a8b7a0fae06996,"xsy,en",'omaeh,field,keep_in_xml,source_not_attested,source_not_attested_in_ildrf_reference,no,,,field,,GLOSBE_DICT_GROUP_434aa18be1fe53d1,field,primary,https://glosbe.com/xsy/en/%27omaeh,data/raw/html/static/xsy_en/%27omaeh.html
GLOSBE_DICT_74e6ddeefb4e879b,"xsy,en",’inalingo’,film,keep_in_xml,gloss_unmapped,ildrf_source_attested_gloss_unmapped,yes,Final_XML/Saisiyat/Dictionary_Saisiyat_xsy.xml,拍攝（完成）; 相片; 電影,film,,GLOSBE_DICT_GROUP_107dc6d9a5338930,film,primary,https://glosbe.com/xsy/en/%E2%80%99inalingo%E2%80%99,data/raw/html/static/xsy_en/%E2%80%99inalingo%E2%80%99.html
GLOSBE_DICT_ad25a91ebe78789e,"xsy,en",Sa:eng,sit,keep_in_xml,gloss_unmapped,ildrf_source_attested_gloss_unmapped,yes,Final_XML/Saisiyat/Dictionary_Saisiyat_xsy.xml,坐; 坐下,sit,,GLOSBE_DICT_GROUP_44eab1524924d826,sit,primary,https://glosbe.com/xsy/en/Sa%3Aeng,data/raw/html/static/xsy_en/Sa%3Aeng.html
GLOSBE_DICT_d276c83e7309169d,"xsy,en",Sako:,yam,keep_in_xml,target_supported_by_mapping,ildrf_source_attested_target_supported_by_mapping,yes,Final_XML/Saisiyat/Dictionary_Saisiyat_xsy.xml,山藥,yam,山藥; 山,GLOSBE_DICT_GROUP_9c29c8967167a69d,yam,primary,https://glosbe.com/xsy/en/Sako%3A,data/raw/html/static/xsy_en/Sako%3A.html
GLOSBE_DICT_62176219692e3593,"xsy,en",SamSama:an,quagmire,keep_in_xml,gloss_unmapped,ildrf_source_attested_gloss_unmapped,yes,Final_XML/Saisiyat/Dictionary_Saisiyat_xsy.xml,上大隘（地名）; 沼澤,quagmire,,GLOSBE_DICT_GROUP_a8508f423240f084,quagmire,primary,https://glosbe.com/xsy/en/SamSama%3Aan,data/raw/html/static/xsy_en/SamSama%3Aan.html
GLOSBE_DICT_c6e254b6991625ca,"xsy,en",Saypapa:aS,Atayal,keep_in_xml,target_supported_by_mapping,ildrf_source_attested_target_supported_by_mapping,yes,Final_XML/Saisiyat/Dictionary_Saisiyat_xsy.xml,泰雅族人,Atayal,人; 泰雅族人,GLOSBE_DICT_GROUP_df47db2607a4f54a,Atayal,primary,https://glosbe.com/xsy/en/Saypapa%3AaS,data/raw/html/static/xsy_en/Saypapa%3AaS.html
GLOSBE_DICT_5dc737ab225bc63f,"xsy,en",Sazizal,gravel,keep_in_xml,gloss_unmapped,ildrf_source_attested_gloss_unmapped,yes,Final_XML/Saisiyat/Dictionary_Saisiyat_xsy.xml,風化石,gravel,,GLOSBE_DICT_GROUP_667dfef507680911,gravel,primary,https://glosbe.com/xsy/en/Sazizal,data/raw/html/static/xsy_en/Sazizal.html
GLOSBE_DICT_9d3fd9bfae537e25,"xsy,en",Seme',allergy,keep_in_xml,gloss_unmapped,ildrf_source_attested_gloss_unmapped,yes,Final_XML/Saisiyat/Dictionary_Saisiyat_xsy.xml,過敏; 過敏（毛蟲碰到）,allergy,,GLOSBE_DICT_GROUP_fa120b41f1953d55,allergy,primary,https://glosbe.com/xsy/en/Seme%27,data/raw/html/static/xsy_en/Seme%27.html
GLOSBE_DICT_c26d391af24b66ce,"xsy,en",Siba:i',snake,keep_in_xml,gloss_unmapped,ildrf_source_attested_gloss_unmapped,yes,Final_XML/Saisiyat/Dictionary_Saisiyat_xsy.xml,蛇; 蛇（總稱）,snake,,GLOSBE_DICT_GROUP_83780056af907258,snake,primary,https://glosbe.com/xsy/en/Siba%3Ai%27,data/raw/html/static/xsy_en/Siba%3Ai%27.html
GLOSBE_DICT_f86b73de18325f43,"xsy,en",Sinarakan,footprint,keep_in_xml,gloss_unmapped,ildrf_source_attested_gloss_unmapped,yes,Final_XML/Saisiyat/Dictionary_Saisiyat_xsy.xml,足跡,footprint,,GLOSBE_DICT_GROUP_231bde82ccbd75ac,footprint,primary,https://glosbe.com/xsy/en/Sinarakan,data/raw/html/static/xsy_en/Sinarakan.html
GLOSBE_DICT_dda2891f2b1810fb,"xsy,en",Sinbon,news,keep_in_xml,source_not_attested,source_not_attested_in_ildrf_reference,no,,,news,,GLOSBE_DICT_GROUP_572edceb12564655,news,primary,https://glosbe.com/xsy/en/Sinbon,data/raw/html/static/xsy_en/Sinbon.html
GLOSBE_DICT_059e21eb59563442,"xsy,en",Sinibae:aeh kamamatawaw,hire,keep_in_xml,source_not_attested,source_not_attested_in_ildrf_reference,no,,,hire,,GLOSBE_DICT_GROUP_15e81a5213ce413c,hire,primary,https://glosbe.com/xsy/en/Sinibae%3Aaeh%20kamamatawaw,data/raw/html/static/xsy_en/Sinibae%3Aaeh%20kamamatawaw.html
GLOSBE_DICT_f7e38e8991c1f70b,"xsy,en",Sinpanan,raise,keep_in_xml,gloss_unmapped,ildrf_source_attested_gloss_unmapped,yes,Final_XML/Saisiyat/Dictionary_Saisiyat_xsy.xml,畜養,raise,,GLOSBE_DICT_GROUP_80f338e00e5eed50,raise,primary,https://glosbe.com/xsy/en/Sinpanan,data/raw/html/static/xsy_en/Sinpanan.html
GLOSBE_DICT_bbb0f7d2fd31fac7,"xsy,en",Sinpatonay,zinc,keep_in_xml,gloss_unmapped,ildrf_source_attested_gloss_unmapped,yes,Final_XML/Saisiyat/Dictionary_Saisiyat_xsy.xml,鋅,zinc,,GLOSBE_DICT_GROUP_89bb53d780d690bf,zinc,primary,https://glosbe.com/xsy/en/Sinpatonay,data/raw/html/static/xsy_en/Sinpatonay.html
GLOSBE_DICT_4034ad166422c3e5,"xsy,en",Sinraehoe',kind,keep_in_xml,source_not_attested,source_not_attested_in_ildrf_reference,no,,,kind,,GLOSBE_DICT_GROUP_5419b748b3ff95a7,kind,primary,https://glosbe.com/xsy/en/Sinraehoe%27,data/raw/html/static/xsy_en/Sinraehoe%27.html
GLOSBE_DICT_9d3fcb5f3c1b24bd,"xsy,en",Sinrahoe',surname,keep_in_xml,gloss_unmapped,ildrf_source_attested_gloss_unmapped,yes,Final_XML/Saisiyat/Dictionary_Saisiyat_xsy.xml,姓氏; 種類,surname,,GLOSBE_DICT_GROUP_918282415c6a02a7,surname,primary,https://glosbe.com/xsy/en/Sinrahoe%27,data/raw/html/static/xsy_en/Sinrahoe%27.html
GLOSBE_DICT_a3e6cb731150366a,"xsy,en",Siroton,gather,keep_in_xml,gloss_unmapped,ildrf_source_attested_gloss_unmapped,yes,Final_XML/Saisiyat/Dictionary_Saisiyat_xsy.xml,集中（工具）,gather,,GLOSBE_DICT_GROUP_deb224e07dd3517c,gather,primary,https://glosbe.com/xsy/en/Siroton,data/raw/html/static/xsy_en/Siroton.html
GLOSBE_DICT_081b27351d7c4a5d,"xsy,en",Sise:ez,drive,keep_in_xml,gloss_unmapped,ildrf_source_attested_gloss_unmapped,yes,Final_XML/Saisiyat/Dictionary_Saisiyat_xsy.xml,駕駛,drive,,GLOSBE_DICT_GROUP_ea8e2dde6532b630,drive,primary,https://glosbe.com/xsy/en/Sise%3Aez,data/raw/html/static/xsy_en/Sise%3Aez.html
GLOSBE_DICT_4dfbda08a5d6068e,"xsy,en",Siti:,CD,keep_in_xml,gloss_unmapped,ildrf_source_attested_gloss_unmapped,yes,Final_XML/Saisiyat/Dictionary_Saisiyat_xsy.xml,光碟,CD,,GLOSBE_DICT_GROUP_c360bff37c85c033,CD,primary,https://glosbe.com/xsy/en/Siti%3A,data/raw/html/static/xsy_en/Siti%3A.html
GLOSBE_DICT_0b086d34eeaa1099,"xsy,en",So'o,you,keep_in_xml,target_supported_by_mapping,ildrf_source_attested_target_supported_by_mapping,yes,Final_XML/Saisiyat/Dictionary_Saisiyat_xsy.xml,你; 你（主格）,you,你; 主格,GLOSBE_DICT_GROUP_2d07f62cfb95a77c,you,primary,https://glosbe.com/xsy/en/So%27o,data/raw/html/static/xsy_en/So%27o.html
GLOSBE_DICT_f490f751f6dac003,"xsy,en",So:,if,keep_in_xml,gloss_unmapped,ildrf_source_attested_gloss_unmapped,yes,Final_XML/Saisiyat/Dictionary_Saisiyat_xsy.xml,如果,if,,GLOSBE_DICT_GROUP_dd4755bb8fa07c63,if,primary,https://glosbe.com/xsy/en/So%3A,data/raw/html/static/xsy_en/So%3A.html
GLOSBE_DICT_31ec37d1d37d9665,"xsy,en",SomaSo' ka tinal'oemaeh,New Year,keep_in_xml,gloss_unmapped,ildrf_source_attested_gloss_unmapped,yes,Final_XML/Saisiyat/Dictionary_Saisiyat_xsy.xml,元旦,New Year,,GLOSBE_DICT_GROUP_7b17f9b7a2ec9c6c,New Year,primary,https://glosbe.com/xsy/en/SomaSo%27%20ka%20tinal%27oemaeh,data/raw/html/static/xsy_en/SomaSo%27%20ka%20tinal%27oemaeh.html
GLOSBE_DICT_b308f5d689d1d423,"xsy,en",Soyo:,soy sauce,keep_in_xml,gloss_unmapped,ildrf_source_attested_gloss_unmapped,yes,Final_XML/Saisiyat/Dictionary_Saisiyat_xsy.xml,醬油（日語借詞）,soy sauce,,GLOSBE_DICT_GROUP_96823c80025e6c6e,soy sauce,primary,https://glosbe.com/xsy/en/Soyo%3A,data/raw/html/static/xsy_en/Soyo%3A.html
GLOSBE_DICT_f66b57cce5de8e21,"xsy,en",a,'s,keep_in_xml,different_from_mapping,ildrf_source_attested_target_differs_from_mapping,yes,Final_XML/Saisiyat/Dictionary_Saisiyat_xsy.xml,或（連接詞）; 連語,'s; is; or,連接詞; 或,GLOSBE_DICT_GROUP_9fece249381e3c06,'s,primary,https://glosbe.com/xsy/en/a,data/raw/html/static/xsy_en/a.html
GLOSBE_DICT_b7ae3d1f67582d17,"xsy,en",a,is,keep_in_xml,different_from_mapping,ildrf_source_attested_target_differs_from_mapping,yes,Final_XML/Saisiyat/Dictionary_Saisiyat_xsy.xml,或（連接詞）; 連語,'s; is; or,連接詞; 或,GLOSBE_DICT_GROUP_9fece249381e3c06,is,alt,https://glosbe.com/xsy/en/a,data/raw/html/static/xsy_en/a.html
GLOSBE_DICT_35971aa511d79a3d,"xsy,en",a,or,keep_in_xml,target_supported_by_mapping,ildrf_source_attested_target_supported_by_mapping,yes,Final_XML/Saisiyat/Dictionary_Saisiyat_xsy.xml,或（連接詞）; 連語,'s; is; or,連接詞; 或,GLOSBE_DICT_GROUP_9fece249381e3c06,or,alt,https://glosbe.com/xsy/en/a,data/raw/html/static/xsy_en/a.html
GLOSBE_DICT_8cb8684cf6c0ac9b,"xsy,en",aehae' pinama',hundred million,keep_in_xml,gloss_unmapped,ildrf_source_attested_gloss_unmapped,yes,Final_XML/Saisiyat/Dictionary_Saisiyat_xsy.xml,億,hundred million,,GLOSBE_DICT_GROUP_758b2418c4094f43,hundred million,primary,https://glosbe.com/xsy/en/aehae%27%20pinama%27,data/raw/html/static/xsy_en/aehae%27%20pinama%27.html
GLOSBE_DICT_bfc6c531325d63da,"xsy,en",anhi',bamboo shoot,keep_in_xml,source_not_attested,source_not_attested_in_ildrf_reference,no,,,bamboo shoot,,GLOSBE_DICT_GROUP_f0c554a01e9a10ce,bamboo shoot,primary,https://glosbe.com/xsy/en/anhi%27,data/raw/html/static/xsy_en/anhi%27.html
GLOSBE_DICT_932dde4e5c805697,"xsy,en",asang,village,keep_in_xml,source_not_attested,source_not_attested_in_ildrf_reference,no,,,village,,GLOSBE_DICT_GROUP_554cf27e036de883,village,primary,https://glosbe.com/xsy/en/asang,data/raw/html/static/xsy_en/asang.html
GLOSBE_DICT_bca9e6891067289e,"xsy,en",ba:aw,play,keep_in_xml,gloss_unmapped,ildrf_source_attested_gloss_unmapped,yes,Final_XML/Saisiyat/Dictionary_Saisiyat_xsy.xml,玩,play,,GLOSBE_DICT_GROUP_f11d0c863b8f6ebe,play,primary,https://glosbe.com/xsy/en/ba%3Aaw,data/raw/html/static/xsy_en/ba%3Aaw.html
GLOSBE_DICT_445437e3108d235d,"xsy,en",ba:ay,watermelon,keep_in_xml,gloss_unmapped,ildrf_source_attested_gloss_unmapped,yes,Final_XML/Saisiyat/Dictionary_Saisiyat_xsy.xml,西瓜,watermelon,,GLOSBE_DICT_GROUP_6be71f89488af91e,watermelon,primary,https://glosbe.com/xsy/en/ba%3Aay,data/raw/html/static/xsy_en/ba%3Aay.html
GLOSBE_DICT_8de3095ad0640d04,"xsy,en",ba:i',cold,keep_in_xml,gloss_unmapped,ildrf_source_attested_gloss_unmapped,yes,Final_XML/Saisiyat/Dictionary_Saisiyat_xsy.xml,風,cold,,GLOSBE_DICT_GROUP_e037e98798850277,cold,primary,https://glosbe.com/xsy/en/ba%3Ai%27,data/raw/html/static/xsy_en/ba%3Ai%27.html
GLOSBE_DICT_070794e4eaba5905,"xsy,en",ba:oz,pigeon,keep_in_xml,gloss_unmapped,ildrf_source_attested_gloss_unmapped,yes,Final_XML/Saisiyat/Dictionary_Saisiyat_xsy.xml,野鴿子; 鴿子,pigeon,,GLOSBE_DICT_GROUP_30c2bbaf55c783a7,pigeon,primary,https://glosbe.com/xsy/en/ba%3Aoz,data/raw/html/static/xsy_en/ba%3Aoz.html
GLOSBE_DICT_dc898cc130328f45,"xsy,en",ba:sok,Taiwan barbet,keep_in_xml,gloss_unmapped,ildrf_source_attested_gloss_unmapped,yes,Final_XML/Saisiyat/Dictionary_Saisiyat_xsy.xml,五色鳥,Taiwan barbet,,GLOSBE_DICT_GROUP_33a53ad51e4bbaec,Taiwan barbet,primary,https://glosbe.com/xsy/en/ba%3Asok,data/raw/html/static/xsy_en/ba%3Asok.html
GLOSBE_DICT_bf17b14d3ed89a09,"xsy,en",baSe',bus,keep_in_xml,gloss_unmapped,ildrf_source_attested_gloss_unmapped,yes,Final_XML/Saisiyat/Dictionary_Saisiyat_xsy.xml,公車; 巴士（外來語）,bus,,GLOSBE_DICT_GROUP_753ff68c6a9dd7b7,bus,primary,https://glosbe.com/xsy/en/baSe%27,data/raw/html/static/xsy_en/baSe%27.html
GLOSBE_DICT_57b114f6387bc0ff,"xsy,en",baba:angan,patterned,keep_in_xml,gloss_unmapped,ildrf_source_attested_gloss_unmapped,yes,Final_XML/Saisiyat/Dictionary_Saisiyat_xsy.xml,有花紋的,patterned,,GLOSBE_DICT_GROUP_0fcc6e51464ff61b,patterned,primary,https://glosbe.com/xsy/en/baba%3Aangan,data/raw/html/static/xsy_en/baba%3Aangan.html
GLOSBE_DICT_52c50b774fc42d12,"xsy,en",babaehi',soap,keep_in_xml,gloss_unmapped,ildrf_source_attested_gloss_unmapped,yes,Final_XML/Saisiyat/Dictionary_Saisiyat_xsy.xml,肥皂,soap,,GLOSBE_DICT_GROUP_0a608168ffcfdf34,soap,primary,https://glosbe.com/xsy/en/babaehi%27,data/raw/html/static/xsy_en/babaehi%27.html
GLOSBE_DICT_4c043b6ab8c1596d,"xsy,en",babonazan'oemaeh,desert,keep_in_xml,gloss_unmapped,ildrf_source_attested_gloss_unmapped,yes,Final_XML/Saisiyat/Dictionary_Saisiyat_xsy.xml,沙漠,desert,,GLOSBE_DICT_GROUP_c6b63d2a86347f03,desert,primary,https://glosbe.com/xsy/en/babonazan%20%27oemaeh,data/raw/html/static/xsy_en/babonazan%20%27oemaeh.html
GLOSBE_DICT_22f3b479c2aa8fed,"xsy,en",baesaeh,corn,keep_in_xml,gloss_unmapped,ildrf_source_attested_gloss_unmapped,yes,Final_XML/Saisiyat/Dictionary_Saisiyat_xsy.xml,玉米,corn,,GLOSBE_DICT_GROUP_fe6aeaa39e924200,corn,primary,https://glosbe.com/xsy/en/baesaeh,data/raw/html/static/xsy_en/baesaeh.html
GLOSBE_DICT_20490b9cca5981be,"xsy,en",baki',grandfather,keep_in_xml,target_supported_by_mapping,ildrf_source_attested_target_supported_by_mapping,yes,Final_XML/Saisiyat/Dictionary_Saisiyat_xsy.xml,年長的男性長輩（尊稱）; 爺爺; 男性長輩(祖父,grandfather,爺爺; 祖父; 男性長輩; 年,GLOSBE_DICT_GROUP_bff7863b4a88cb8e,grandfather,primary,https://glosbe.com/xsy/en/baki%27,data/raw/html/static/xsy_en/baki%27.html
GLOSBE_DICT_e69759ecc1a2f458,"xsy,en",balihaeh,plank,keep_in_xml,gloss_unmapped,ildrf_source_attested_gloss_unmapped,yes,Final_XML/Saisiyat/Dictionary_Saisiyat_xsy.xml,木板,plank,,GLOSBE_DICT_GROUP_7de0e3629109bd8c,plank,primary,https://glosbe.com/xsy/en/balihaeh,data/raw/html/static/xsy_en/balihaeh.html
GLOSBE_DICT_503c11ab9a63c0c7,"xsy,en",banay,lettuce,keep_in_xml,gloss_unmapped,ildrf_source_attested_gloss_unmapped,yes,Final_XML/Saisiyat/Dictionary_Saisiyat_xsy.xml,萵苣,lettuce,,GLOSBE_DICT_GROUP_3e6b0330fb5576e8,lettuce,primary,https://glosbe.com/xsy/en/banay,data/raw/html/static/xsy_en/banay.html
GLOSBE_DICT_c82dab23fa7c90ed,"xsy,en",bangih,salty,keep_in_xml,gloss_unmapped,ildrf_source_attested_gloss_unmapped,yes,Final_XML/Saisiyat/Dictionary_Saisiyat_xsy.xml,鹹,salty,,GLOSBE_DICT_GROUP_f2ebd5056ab7b220,salty,primary,https://glosbe.com/xsy/en/bangih,data/raw/html/static/xsy_en/bangih.html
GLOSBE_DICT_b37ffac813c216ca,"xsy,en",bawa,lump,keep_in_xml,source_not_attested,source_not_attested_in_ildrf_reference,no,,,lump,,GLOSBE_DICT_GROUP_2c70d19cc9392dde,lump,primary,https://glosbe.com/xsy/en/bawa,data/raw/html/static/xsy_en/bawa.html
GLOSBE_DICT_a81e48899f020dc4,"xsy,en",baya:,seat belt,keep_in_xml,gloss_unmapped,ildrf_source_attested_gloss_unmapped,yes,Final_XML/Saisiyat/Dictionary_Saisiyat_xsy.xml,腰帶,seat belt,,GLOSBE_DICT_GROUP_2b402eb955052751,seat belt,primary,https://glosbe.com/xsy/en/baya%3A,data/raw/html/static/xsy_en/baya%3A.html
GLOSBE_DICT_d4aa242426e253e6,"xsy,en",be:ay,give,keep_in_xml,gloss_unmapped,ildrf_source_attested_gloss_unmapped,yes,Final_XML/Saisiyat/Dictionary_Saisiyat_xsy.xml,給,give,,GLOSBE_DICT_GROUP_5bacd96ea53f5bff,give,primary,https://glosbe.com/xsy/en/be%3Aay,data/raw/html/static/xsy_en/be%3Aay.html
GLOSBE_DICT_3f742ed5cf90c06e,"xsy,en",biSbiS,ache,keep_in_xml,target_supported_by_mapping,ildrf_source_attested_target_supported_by_mapping,yes,Final_XML/Saisiyat/Dictionary_Saisiyat_xsy.xml,痛,ache; hurt,痛,GLOSBE_DICT_GROUP_9f9db35f22ab6b5f,ache,primary,https://glosbe.com/xsy/en/biSbiS,data/raw/html/static/xsy_en/biSbiS.html
GLOSBE_DICT_b754766364720fc5,"xsy,en",biSbiS,hurt,keep_in_xml,target_supported_by_mapping,ildrf_source_attested_target_supported_by_mapping,yes,Final_XML/Saisiyat/Dictionary_Saisiyat_xsy.xml,痛,ache; hurt,痛,GLOSBE_DICT_GROUP_9f9db35f22ab6b5f,hurt,alt,https://glosbe.com/xsy/en/biSbiS,data/raw/html/static/xsy_en/biSbiS.html
GLOSBE_DICT_77a30f07ab5c6883,"xsy,en",bibi:,duck,keep_in_xml,gloss_unmapped,ildrf_source_attested_gloss_unmapped,yes,Final_XML/Saisiyat/Dictionary_Saisiyat_xsy.xml,鴨; 鴨子,duck,,GLOSBE_DICT_GROUP_19b995758fc714dc,duck,primary,https://glosbe.com/xsy/en/bibi%3A,data/raw/html/static/xsy_en/bibi%3A.html
GLOSBE_DICT_f32a35de4a4f0c7f,"xsy,en",binSi',seed,keep_in_xml,gloss_unmapped,ildrf_source_attested_gloss_unmapped,yes,Final_XML/Saisiyat/Dictionary_Saisiyat_xsy.xml,種子; 種子（總稱）; 精子,seed,,GLOSBE_DICT_GROUP_c0f7f75225b9278b,seed,primary,https://glosbe.com/xsy/en/binSi%27,data/raw/html/static/xsy_en/binSi%27.html
GLOSBE_DICT_da0d791617eaf91b,"xsy,en",binbiniSitan,bottle,keep_in_xml,gloss_unmapped,ildrf_source_attested_gloss_unmapped,yes,Final_XML/Saisiyat/Dictionary_Saisiyat_xsy.xml,瓶子,bottle,,GLOSBE_DICT_GROUP_7b4fd91d2fad8c45,bottle,primary,https://glosbe.com/xsy/en/binbiniSitan,data/raw/html/static/xsy_en/binbiniSitan.html
GLOSBE_DICT_41de554f28a0604c,"xsy,en",binlengan,wall,keep_in_xml,gloss_unmapped,ildrf_source_attested_gloss_unmapped,yes,Final_XML/Saisiyat/Dictionary_Saisiyat_xsy.xml,牆; 牆壁,wall,,GLOSBE_DICT_GROUP_a9b942d7c32e6f6d,wall,primary,https://glosbe.com/xsy/en/binlengan,data/raw/html/static/xsy_en/binlengan.html
GLOSBE_DICT_8576d94ed77c8d34,"xsy,en",biskol,stomach,keep_in_xml,gloss_unmapped,ildrf_source_attested_gloss_unmapped,yes,Final_XML/Saisiyat/Dictionary_Saisiyat_xsy.xml,胃,stomach,,GLOSBE_DICT_GROUP_b50278dc61650ac8,stomach,primary,https://glosbe.com/xsy/en/biskol,data/raw/html/static/xsy_en/biskol.html
GLOSBE_DICT_8a8198479db652b7,"xsy,en",bizo',charcoal,keep_in_xml,gloss_unmapped,ildrf_source_attested_gloss_unmapped,yes,Final_XML/Saisiyat/Dictionary_Saisiyat_xsy.xml,木炭; 炭,charcoal,,GLOSBE_DICT_GROUP_1f2ecb56dc3fd4ff,charcoal,primary,https://glosbe.com/xsy/en/bizo%27,data/raw/html/static/xsy_en/bizo%27.html
GLOSBE_DICT_2b5b130d2c003f23,"xsy,en",bo:bo:,fan,keep_in_xml,gloss_unmapped,ildrf_source_attested_gloss_unmapped,yes,Final_XML/Saisiyat/Dictionary_Saisiyat_xsy.xml,搧,fan,,GLOSBE_DICT_GROUP_adf5718ac733de02,fan,primary,https://glosbe.com/xsy/en/bo%3Abo%3A,data/raw/html/static/xsy_en/bo%3Abo%3A.html
GLOSBE_DICT_61c2278e2176a8c7,"xsy,en",bo:li',flute,keep_in_xml,gloss_unmapped,ildrf_source_attested_gloss_unmapped,yes,Final_XML/Saisiyat/Dictionary_Saisiyat_xsy.xml,笛子,flute,,GLOSBE_DICT_GROUP_69fcb2115e746341,flute,primary,https://glosbe.com/xsy/en/bo%3Ali%27,data/raw/html/static/xsy_en/bo%3Ali%27.html
GLOSBE_DICT_f5f5bacad111e75e,"xsy,en",bo:ok,rotten,keep_in_xml,gloss_unmapped,ildrf_source_attested_gloss_unmapped,yes,Final_XML/Saisiyat/Dictionary_Saisiyat_xsy.xml,爛,rotten,,GLOSBE_DICT_GROUP_45ca68537489171b,rotten,primary,https://glosbe.com/xsy/en/bo%3Aok,data/raw/html/static/xsy_en/bo%3Aok.html
GLOSBE_DICT_0e453b246542c54c,"xsy,en",boehoe:,bow,keep_in_xml,gloss_unmapped,ildrf_source_attested_gloss_unmapped,yes,Final_XML/Saisiyat/Dictionary_Saisiyat_xsy.xml,弓,bow,,GLOSBE_DICT_GROUP_e5fb334beb8b7bc7,bow,primary,https://glosbe.com/xsy/en/boehoe%3A,data/raw/html/static/xsy_en/boehoe%3A.html
GLOSBE_DICT_21482ac4b51997c0,"xsy,en",bolalasan,white,keep_in_xml,gloss_unmapped,ildrf_source_attested_gloss_unmapped,yes,Final_XML/Saisiyat/Dictionary_Saisiyat_xsy.xml,白色,white,,GLOSBE_DICT_GROUP_36fdd6a1b520c591,white,primary,https://glosbe.com/xsy/en/bolalasan,data/raw/html/static/xsy_en/bolalasan.html
GLOSBE_DICT_d6f99f2fc6f597db,"xsy,en",bonaz,sand,keep_in_xml,target_supported_by_mapping,ildrf_source_attested_target_supported_by_mapping,yes,Final_XML/Saisiyat/Dictionary_Saisiyat_xsy.xml,沙子,sand; grit; gravel,沙子,GLOSBE_DICT_GROUP_46e1e7013ca0a280,sand,primary,https://glosbe.com/xsy/en/bonaz,data/raw/html/static/xsy_en/bonaz.html
GLOSBE_DICT_3c5d20bd67596472,"xsy,en",bonaz,grit,keep_in_xml,target_supported_by_mapping,ildrf_source_attested_target_supported_by_mapping,yes,Final_XML/Saisiyat/Dictionary_Saisiyat_xsy.xml,沙子,sand; grit; gravel,沙子,GLOSBE_DICT_GROUP_46e1e7013ca0a280,grit,alt,https://glosbe.com/xsy/en/bonaz,data/raw/html/static/xsy_en/bonaz.html
GLOSBE_DICT_d4ba20f2f1f3b731,"xsy,en",bonaz,gravel,keep_in_xml,target_supported_by_mapping,ildrf_source_attested_target_supported_by_mapping,yes,Final_XML/Saisiyat/Dictionary_Saisiyat_xsy.xml,沙子,sand; grit; gravel,沙子,GLOSBE_DICT_GROUP_46e1e7013ca0a280,gravel,alt,https://glosbe.com/xsy/en/bonaz,data/raw/html/static/xsy_en/bonaz.html
GLOSBE_DICT_6e19a433bcc6c9d2,"xsy,en",bosoe',testicle,keep_in_xml,gloss_unmapped,ildrf_source_attested_gloss_unmapped,yes,Final_XML/Saisiyat/Dictionary_Saisiyat_xsy.xml,睪丸,testicle,,GLOSBE_DICT_GROUP_fe124358e002ce7d,testicle,primary,https://glosbe.com/xsy/en/bosoe%27,data/raw/html/static/xsy_en/bosoe%27.html
GLOSBE_DICT_8d5e6a714df0653d,"xsy,en",boya',bee,keep_in_xml,gloss_unmapped,ildrf_source_attested_gloss_unmapped,yes,Final_XML/Saisiyat/Dictionary_Saisiyat_xsy.xml,蜂,bee,,GLOSBE_DICT_GROUP_0b740c96886dc1b7,bee,primary,https://glosbe.com/xsy/en/boya%27,data/raw/html/static/xsy_en/boya%27.html
GLOSBE_DICT_b776f23660e3a18e,"xsy,en",bozo:,grape,keep_in_xml,gloss_unmapped,ildrf_source_attested_gloss_unmapped,yes,Final_XML/Saisiyat/Dictionary_Saisiyat_xsy.xml,葡萄（外來語）,grape,,GLOSBE_DICT_GROUP_baee5e045f1326b6,grape,primary,https://glosbe.com/xsy/en/bozo%3A,data/raw/html/static/xsy_en/bozo%3A.html
GLOSBE_DICT_ad86b3b76e2f17c7,"xsy,en",habak,hive,keep_in_xml,gloss_unmapped,ildrf_source_attested_gloss_unmapped,yes,Final_XML/Saisiyat/Dictionary_Saisiyat_xsy.xml,蜂巢殼; 蟻窩,hive,,GLOSBE_DICT_GROUP_3e831797f34cbd82,hive,primary,https://glosbe.com/xsy/en/habak,data/raw/html/static/xsy_en/habak.html
GLOSBE_DICT_b2b34feabb6bfbc4,"xsy,en",habiyalan,yellow,keep_in_xml,gloss_unmapped,ildrf_source_attested_gloss_unmapped,yes,Final_XML/Saisiyat/Dictionary_Saisiyat_xsy.xml,黃色; 黃色的,yellow,,GLOSBE_DICT_GROUP_92baf986d9459e54,yellow,primary,https://glosbe.com/xsy/en/habiyalan,data/raw/html/static/xsy_en/habiyalan.html
GLOSBE_DICT_de5b4364d0ddb175,"xsy,en",haepoy bintoe'an,Mars,keep_in_xml,gloss_unmapped,ildrf_source_attested_gloss_unmapped,yes,Final_XML/Saisiyat/Dictionary_Saisiyat_xsy.xml,火星,Mars,,GLOSBE_DICT_GROUP_fe2d35ef8d622ebb,Mars,primary,https://glosbe.com/xsy/en/haepoy%20bintoe%27an,data/raw/html/static/xsy_en/haepoy%20bintoe%27an.html
GLOSBE_DICT_7c436b678a52687f,"xsy,en",hahangaw,ladder,keep_in_xml,gloss_unmapped,ildrf_source_attested_gloss_unmapped,yes,Final_XML/Saisiyat/Dictionary_Saisiyat_xsy.xml,梯子; 樓梯,ladder,,GLOSBE_DICT_GROUP_02c94878d5e21883,ladder,primary,https://glosbe.com/xsy/en/hahangaw,data/raw/html/static/xsy_en/hahangaw.html
GLOSBE_DICT_e9ae37205f016320,"xsy,en",hahawar,chopstick,keep_in_xml,gloss_unmapped,ildrf_source_attested_gloss_unmapped,yes,Final_XML/Saisiyat/Dictionary_Saisiyat_xsy.xml,筷子; 耙子,chopstick,,GLOSBE_DICT_GROUP_4d85aa903d6d9144,chopstick,primary,https://glosbe.com/xsy/en/hahawar,data/raw/html/static/xsy_en/hahawar.html
GLOSBE_DICT_1ae019f6dcf40ca0,"xsy,en",hahazab,fork,keep_in_xml,target_supported_by_mapping,ildrf_source_attested_target_supported_by_mapping,yes,Final_XML/Saisiyat/Dictionary_Saisiyat_xsy.xml,刺（工具）,fork; needle,刺（工具）,GLOSBE_DICT_GROUP_b6567fbb04222ade,fork,primary,https://glosbe.com/xsy/en/hahazab,data/raw/html/static/xsy_en/hahazab.html
GLOSBE_DICT_c46c57ecc0ca3288,"xsy,en",hahazab,needle,keep_in_xml,target_supported_by_mapping,ildrf_source_attested_target_supported_by_mapping,yes,Final_XML/Saisiyat/Dictionary_Saisiyat_xsy.xml,刺（工具）,fork; needle,刺（工具）,GLOSBE_DICT_GROUP_b6567fbb04222ade,needle,alt,https://glosbe.com/xsy/en/hahazab,data/raw/html/static/xsy_en/hahazab.html
GLOSBE_DICT_25caae18ee352bdf,"xsy,en",hahila:,sun,keep_in_xml,gloss_unmapped,ildrf_source_attested_gloss_unmapped,yes,Final_XML/Saisiyat/Dictionary_Saisiyat_xsy.xml,太陽; 日子,sun,,GLOSBE_DICT_GROUP_686fcd327da80d9c,sun,primary,https://glosbe.com/xsy/en/hahila%3A,data/raw/html/static/xsy_en/hahila%3A.html
GLOSBE_DICT_0126acfb41c8a31d,"xsy,en",hahiwa',saw,keep_in_xml,gloss_unmapped,ildrf_source_attested_gloss_unmapped,yes,Final_XML/Saisiyat/Dictionary_Saisiyat_xsy.xml,小鐮刀; 鋸子; 鐮刀,saw,,GLOSBE_DICT_GROUP_105dd2ff6d36f9ed,saw,primary,https://glosbe.com/xsy/en/hahiwa%27,data/raw/html/static/xsy_en/hahiwa%27.html
GLOSBE_DICT_1edfc1ec67422691,"xsy,en",hahka:aw,collarbone,keep_in_xml,gloss_unmapped,ildrf_source_attested_gloss_unmapped,yes,Final_XML/Saisiyat/Dictionary_Saisiyat_xsy.xml,鎖骨,collarbone,,GLOSBE_DICT_GROUP_6463c4a13796c2fa,collarbone,primary,https://glosbe.com/xsy/en/hahka%3Aaw,data/raw/html/static/xsy_en/hahka%3Aaw.html
GLOSBE_DICT_c6a8f33e68f90c5f,"xsy,en",hahola' koko:ol,iceberg,keep_in_xml,different_from_mapping,ildrf_source_attested_target_differs_from_mapping,yes,Final_XML/Saisiyat/Dictionary_Saisiyat_xsy.xml,冰山,iceberg,山,GLOSBE_DICT_GROUP_a58360d0c750cc6f,iceberg,primary,https://glosbe.com/xsy/en/hahola%27%20koko%3Aol,data/raw/html/static/xsy_en/hahola%27%20koko%3Aol.html
GLOSBE_DICT_22d6ee8ed30840af,"xsy,en",hahola',ice,keep_in_xml,gloss_unmapped,ildrf_source_attested_gloss_unmapped,yes,Final_XML/Saisiyat/Dictionary_Saisiyat_xsy.xml,冰; 冰雪; 雪; 霜,ice,,GLOSBE_DICT_GROUP_7c8c5ae96446c3ab,ice,primary,https://glosbe.com/xsy/en/hahola%27,data/raw/html/static/xsy_en/hahola%27.html
GLOSBE_DICT_d7ca31ec6aec3739,"xsy,en",hako',muntjac,keep_in_xml,target_supported_by_mapping,ildrf_source_attested_target_supported_by_mapping,yes,Final_XML/Saisiyat/Dictionary_Saisiyat_xsy.xml,山羌,muntjac,山羌; 山,GLOSBE_DICT_GROUP_ea7b8671d56939dd,muntjac,primary,https://glosbe.com/xsy/en/hako%27,data/raw/html/static/xsy_en/hako%27.html
GLOSBE_DICT_454094c7dcd5db7d,"xsy,en",halis,Japanese banana,keep_in_xml,target_supported_by_mapping,ildrf_source_attested_target_supported_by_mapping,yes,Final_XML/Saisiyat/Dictionary_Saisiyat_xsy.xml,山芭蕉,Japanese banana,山芭蕉; 山,GLOSBE_DICT_GROUP_3a2a497706cb15e0,Japanese banana,primary,https://glosbe.com/xsy/en/halis,data/raw/html/static/xsy_en/halis.html
GLOSBE_DICT_0d5de5878c428bf5,"xsy,en",hanowan,horse,keep_in_xml,gloss_unmapped,ildrf_source_attested_gloss_unmapped,yes,Final_XML/Saisiyat/Dictionary_Saisiyat_xsy.xml,馬,horse,,GLOSBE_DICT_GROUP_80e927bc71301587,horse,primary,https://glosbe.com/xsy/en/hanowan,data/raw/html/static/xsy_en/hanowan.html
GLOSBE_DICT_51df2e5233d614ca,"xsy,en",hanpaw,hamburger,keep_in_xml,gloss_unmapped,ildrf_source_attested_gloss_unmapped,yes,Final_XML/Saisiyat/Dictionary_Saisiyat_xsy.xml,漢堡,hamburger,,GLOSBE_DICT_GROUP_11971e3aae1f83e5,hamburger,primary,https://glosbe.com/xsy/en/hanpaw,data/raw/html/static/xsy_en/hanpaw.html
GLOSBE_DICT_602795a438d4edd9,"xsy,en",hapa:,advertisement,keep_in_xml,gloss_unmapped,ildrf_source_attested_gloss_unmapped,yes,Final_XML/Saisiyat/Dictionary_Saisiyat_xsy.xml,廣告,advertisement,,GLOSBE_DICT_GROUP_78a29d5e787176e6,advertisement,primary,https://glosbe.com/xsy/en/hapa%3A,data/raw/html/static/xsy_en/hapa%3A.html
GLOSBE_DICT_acc99384e64d5166,"xsy,en",hapapong,crunchy,keep_in_xml,gloss_unmapped,ildrf_source_attested_gloss_unmapped,yes,Final_XML/Saisiyat/Dictionary_Saisiyat_xsy.xml,脆弱; 脆弱(如這根鐵絲易斷裂),crunchy,,GLOSBE_DICT_GROUP_4ae9b2894485cde2,crunchy,primary,https://glosbe.com/xsy/en/hapapong,data/raw/html/static/xsy_en/hapapong.html
GLOSBE_DICT_082795a5028f28dd,"xsy,en",hapoy,fire,keep_in_xml,gloss_unmapped,ildrf_source_attested_gloss_unmapped,yes,Final_XML/Saisiyat/Dictionary_Saisiyat_xsy.xml,火; 燈,fire,,GLOSBE_DICT_GROUP_c0a1f944be1b52c2,fire,primary,https://glosbe.com/xsy/en/hapoy,data/raw/html/static/xsy_en/hapoy.html
GLOSBE_DICT_3c16519b586ff23e,"xsy,en",hayza',have,keep_in_xml,gloss_unmapped,ildrf_source_attested_gloss_unmapped,yes,Final_XML/Saisiyat/Dictionary_Saisiyat_xsy.xml,有,have,,GLOSBE_DICT_GROUP_27f44288ed0f3eb9,have,primary,https://glosbe.com/xsy/en/hayza%27,data/raw/html/static/xsy_en/hayza%27.html
GLOSBE_DICT_3e3951349b2b30a2,"xsy,en",haziyo',cold wave,keep_in_xml,gloss_unmapped,ildrf_source_attested_gloss_unmapped,yes,Final_XML/Saisiyat/Dictionary_Saisiyat_xsy.xml,寒流,cold wave,,GLOSBE_DICT_GROUP_393be748f99d5212,cold wave,primary,https://glosbe.com/xsy/en/haziyo%27,data/raw/html/static/xsy_en/haziyo%27.html
GLOSBE_DICT_854505796abaabfe,"xsy,en",hes'ezan,green,keep_in_xml,gloss_unmapped,ildrf_source_attested_gloss_unmapped,yes,Final_XML/Saisiyat/Dictionary_Saisiyat_xsy.xml,綠色,green,,GLOSBE_DICT_GROUP_05cb28f9614170ae,green,primary,https://glosbe.com/xsy/en/hes%27ezan,data/raw/html/static/xsy_en/hes%27ezan.html
GLOSBE_DICT_2964053e545f8836,"xsy,en",hiko',elbow,keep_in_xml,target_supported_by_mapping,ildrf_source_attested_target_supported_by_mapping,yes,Final_XML/Saisiyat/Dictionary_Saisiyat_xsy.xml,手肘,elbow,手; 手肘,GLOSBE_DICT_GROUP_0c65dd1ea9cbee53,elbow,primary,https://glosbe.com/xsy/en/hiko%27,data/raw/html/static/xsy_en/hiko%27.html
GLOSBE_DICT_97c3a7f389b14e45,"xsy,en",hikoyo:,airport,keep_in_xml,gloss_unmapped,ildrf_source_attested_gloss_unmapped,yes,Final_XML/Saisiyat/Dictionary_Saisiyat_xsy.xml,機場,airport,,GLOSBE_DICT_GROUP_626547bb56193338,airport,primary,https://glosbe.com/xsy/en/hikoyo%3A,data/raw/html/static/xsy_en/hikoyo%3A.html
GLOSBE_DICT_2615197a6471d1aa,"xsy,en",hila:an,afternoon,keep_in_xml,gloss_unmapped,ildrf_source_attested_gloss_unmapped,yes,Final_XML/Saisiyat/Dictionary_Saisiyat_xsy.xml,下午; 白天,afternoon,,GLOSBE_DICT_GROUP_d9eff6c172fb60ec,afternoon,primary,https://glosbe.com/xsy/en/hila%3Aan,data/raw/html/static/xsy_en/hila%3Aan.html
GLOSBE_DICT_04ef3ac3810a5e0b,"xsy,en",hilok,thimbleberry,keep_in_xml,gloss_unmapped,ildrf_source_attested_gloss_unmapped,yes,Final_XML/Saisiyat/Dictionary_Saisiyat_xsy.xml,刺莓（野莓）; 野草莓,thimbleberry,,GLOSBE_DICT_GROUP_a6383e85b620abc7,thimbleberry,primary,https://glosbe.com/xsy/en/hilok,data/raw/html/static/xsy_en/hilok.html
GLOSBE_DICT_a11a2c0c6346d52e,"xsy,en",hima',hand,keep_in_xml,target_supported_by_mapping,ildrf_source_attested_target_supported_by_mapping,yes,Final_XML/Saisiyat/Dictionary_Saisiyat_xsy.xml,手,hand,手,GLOSBE_DICT_GROUP_786769987d75617f,hand,primary,https://glosbe.com/xsy/en/hima%27,data/raw/html/static/xsy_en/hima%27.html
GLOSBE_DICT_068c38d77454a831,"xsy,en",hinaleb kakara:awan,skyway,keep_in_xml,gloss_unmapped,ildrf_source_attested_gloss_unmapped,yes,Final_XML/Saisiyat/Dictionary_Saisiyat_xsy.xml,天橋,skyway,,GLOSBE_DICT_GROUP_d15b0d851e12273a,skyway,primary,https://glosbe.com/xsy/en/hinaleb%20kakara%3Aawan,data/raw/html/static/xsy_en/hinaleb%20kakara%3Aawan.html
GLOSBE_DICT_bd387aadf8998a37,"xsy,en",hinbetel,grass,keep_in_xml,gloss_unmapped,ildrf_source_attested_gloss_unmapped,yes,Final_XML/Saisiyat/Dictionary_Saisiyat_xsy.xml,草,grass,,GLOSBE_DICT_GROUP_c703707ba3bddbcd,grass,primary,https://glosbe.com/xsy/en/hinbetel,data/raw/html/static/xsy_en/hinbetel.html
GLOSBE_DICT_b3e3ff4eac075581,"xsy,en",hini,this,keep_in_xml,gloss_unmapped,ildrf_source_attested_gloss_unmapped,yes,Final_XML/Saisiyat/Dictionary_Saisiyat_xsy.xml,這; 這個,this,,GLOSBE_DICT_GROUP_9639372cba295004,this,primary,https://glosbe.com/xsy/en/hini,data/raw/html/static/xsy_en/hini.html
GLOSBE_DICT_401af211923d7098,"xsy,en",hinmek noka kawaS,greenhouse effect,keep_in_xml,gloss_unmapped,ildrf_source_attested_gloss_unmapped,yes,Final_XML/Saisiyat/Dictionary_Saisiyat_xsy.xml,溫室效應,greenhouse effect,,GLOSBE_DICT_GROUP_4a257af4bd806bbc,greenhouse effect,primary,https://glosbe.com/xsy/en/hinmek%20noka%20kawaS,data/raw/html/static/xsy_en/hinmek%20noka%20kawaS.html
GLOSBE_DICT_104a704396331ced,"xsy,en",hinmono:,pickle,keep_in_xml,gloss_unmapped,ildrf_source_attested_gloss_unmapped,yes,Final_XML/Saisiyat/Dictionary_Saisiyat_xsy.xml,直接可現吃的醃漬,pickle,,GLOSBE_DICT_GROUP_ea4c928c088874cc,pickle,primary,https://glosbe.com/xsy/en/hinmono%3A,data/raw/html/static/xsy_en/hinmono%3A.html
GLOSBE_DICT_54de9dda1d71b328,"xsy,en",hinoba:angan,drawn,keep_in_xml,gloss_unmapped,ildrf_source_attested_gloss_unmapped,yes,Final_XML/Saisiyat/Dictionary_Saisiyat_xsy.xml,畫圖（完成式）,drawn,,GLOSBE_DICT_GROUP_e8a437a317d5b767,drawn,primary,https://glosbe.com/xsy/en/hinoba%3Aangan,data/raw/html/static/xsy_en/hinoba%3Aangan.html
GLOSBE_DICT_b44fa6e227b56002,"xsy,en",his'alan,blue,keep_in_xml,gloss_unmapped,ildrf_source_attested_gloss_unmapped,yes,Final_XML/Saisiyat/Dictionary_Saisiyat_xsy.xml,藍色（火焰的顏色）,blue,,GLOSBE_DICT_GROUP_5b61e8213f642159,blue,primary,https://glosbe.com/xsy/en/his%27alan,data/raw/html/static/xsy_en/his%27alan.html
GLOSBE_DICT_a6f5e128e345e3a9,"xsy,en",hiya',who,keep_in_xml,gloss_unmapped,ildrf_source_attested_gloss_unmapped,yes,Final_XML/Saisiyat/Dictionary_Saisiyat_xsy.xml,誰,who,,GLOSBE_DICT_GROUP_83c7bbdc0284e900,who,primary,https://glosbe.com/xsy/en/hiya%27,data/raw/html/static/xsy_en/hiya%27.html
GLOSBE_DICT_cfff9760d380caa2,"xsy,en",hiza,that,keep_in_xml,gloss_unmapped,ildrf_source_attested_gloss_unmapped,yes,Final_XML/Saisiyat/Dictionary_Saisiyat_xsy.xml,那個,that,,GLOSBE_DICT_GROUP_6728e7802e445459,that,primary,https://glosbe.com/xsy/en/hiza,data/raw/html/static/xsy_en/hiza.html
GLOSBE_DICT_ac13a06831d7cdf1,"xsy,en",hoba:ang,draw,keep_in_xml,gloss_unmapped,ildrf_source_attested_gloss_unmapped,yes,Final_XML/Saisiyat/Dictionary_Saisiyat_xsy.xml,畫; 畫圖,draw,,GLOSBE_DICT_GROUP_1c0f292c3034f18b,draw,primary,https://glosbe.com/xsy/en/hoba%3Aang,data/raw/html/static/xsy_en/hoba%3Aang.html
GLOSBE_DICT_d65ac5ae9b1fef16,"xsy,en",hobos,pocket,keep_in_xml,gloss_unmapped,ildrf_source_attested_gloss_unmapped,yes,Final_XML/Saisiyat/Dictionary_Saisiyat_xsy.xml,口袋; 袋子,pocket,,GLOSBE_DICT_GROUP_c9d1ac55f15b4327,pocket,primary,https://glosbe.com/xsy/en/hobos,data/raw/html/static/xsy_en/hobos.html
GLOSBE_DICT_242931704f89f7fb,"xsy,en",homiwa',saw,keep_in_xml,gloss_unmapped,ildrf_source_attested_gloss_unmapped,yes,Final_XML/Saisiyat/Dictionary_Saisiyat_xsy.xml,割; 殺,saw,,GLOSBE_DICT_GROUP_9a6027ad46f05c3e,saw,primary,https://glosbe.com/xsy/en/homiwa%27,data/raw/html/static/xsy_en/homiwa%27.html
GLOSBE_DICT_356e0a02dc0f5d9c,"xsy,en",homngas,call,keep_in_xml,gloss_unmapped,ildrf_source_attested_gloss_unmapped,yes,Final_XML/Saisiyat/Dictionary_Saisiyat_xsy.xml,叫,call,,GLOSBE_DICT_GROUP_e04d91057622cde2,call,primary,https://glosbe.com/xsy/en/homngas,data/raw/html/static/xsy_en/homngas.html
GLOSBE_DICT_26b370de07e86cf4,"xsy,en",hopay,hard,keep_in_xml,gloss_unmapped,ildrf_source_attested_gloss_unmapped,yes,Final_XML/Saisiyat/Dictionary_Saisiyat_xsy.xml,煩悶; 累; 辛苦,hard,,GLOSBE_DICT_GROUP_effb32e9080a6d06,hard,primary,https://glosbe.com/xsy/en/hopay,data/raw/html/static/xsy_en/hopay.html
GLOSBE_DICT_aba65c86e91cd2d7,"xsy,en",horok,basin,keep_in_xml,gloss_unmapped,ildrf_source_attested_gloss_unmapped,yes,Final_XML/Saisiyat/Dictionary_Saisiyat_xsy.xml,平原; 盆地,basin,,GLOSBE_DICT_GROUP_e9cdae2296ac2ded,basin,primary,https://glosbe.com/xsy/en/horok,data/raw/html/static/xsy_en/horok.html
GLOSBE_DICT_f08becbd98675018,"xsy,en",hosong,monkey,keep_in_xml,gloss_unmapped,ildrf_source_attested_gloss_unmapped,yes,Final_XML/Saisiyat/Dictionary_Saisiyat_xsy.xml,猴子,monkey,,GLOSBE_DICT_GROUP_7db29c58ab163cfa,monkey,primary,https://glosbe.com/xsy/en/hosong,data/raw/html/static/xsy_en/hosong.html
GLOSBE_DICT_cdc83f42fe5cc914,"xsy,en",ilash,moon,keep_in_xml,source_not_attested,source_not_attested_in_ildrf_reference,no,,,moon,,GLOSBE_DICT_GROUP_37b976fc54704efe,moon,primary,https://glosbe.com/xsy/en/ilash,data/raw/html/static/xsy_en/ilash.html
GLOSBE_DICT_94916d79e4fa9c3d,"xsy,en",ima ’ibabaw pinpapoe’oe kin:at,constitution,keep_in_xml,gloss_unmapped,ildrf_source_attested_gloss_unmapped,yes,Final_XML/Saisiyat/Dictionary_Saisiyat_xsy.xml,憲法,constitution,,GLOSBE_DICT_GROUP_ff9853119ab3d9e6,constitution,primary,https://glosbe.com/xsy/en/ima%20%E2%80%99ibabaw%20pinpapoe%E2%80%99oe%20kin%3Aat,data/raw/html/static/xsy_en/ima%20%E2%80%99ibabaw%20pinpapoe%E2%80%99oe%20kin%3Aat.html
GLOSBE_DICT_ac84a73791d174bb,"xsy,en",ima kaSbo:waw Sinraehoe',immigrant,keep_in_xml,gloss_unmapped,ildrf_source_attested_gloss_unmapped,yes,Final_XML/Saisiyat/Dictionary_Saisiyat_xsy.xml,新住民,immigrant,,GLOSBE_DICT_GROUP_fdfd818d1a5394b0,immigrant,primary,https://glosbe.com/xsy/en/ima%20kaSbo%3Awaw%20Sinraehoe%27,data/raw/html/static/xsy_en/ima%20kaSbo%3Awaw%20Sinraehoe%27.html
GLOSBE_DICT_957a01e4d988fafb,"xsy,en",ini,no,keep_in_xml,source_not_attested,source_not_attested_in_ildrf_reference,no,,,no,,GLOSBE_DICT_GROUP_cdeba0850a9841df,no,primary,https://glosbe.com/xsy/en/ini,data/raw/html/static/xsy_en/ini.html
GLOSBE_DICT_e07d6891f42ee8bc,"xsy,en",iok,orange,keep_in_xml,source_not_attested,source_not_attested_in_ildrf_reference,no,,,orange,,GLOSBE_DICT_GROUP_69324e96adb35d56,orange,primary,https://glosbe.com/xsy/en/iok,data/raw/html/static/xsy_en/iok.html
GLOSBE_DICT_ff74e3bfe55d6355,"xsy,en",ka'ar'araSen tiyanaw,tablet,keep_in_xml,gloss_unmapped,ildrf_source_attested_gloss_unmapped,yes,Final_XML/Saisiyat/Dictionary_Saisiyat_xsy.xml,平板(電腦),tablet,,GLOSBE_DICT_GROUP_e2cf4c5714343870,tablet,primary,https://glosbe.com/xsy/en/ka%27ar%27araSen%20tiyanaw,data/raw/html/static/xsy_en/ka%27ar%27araSen%20tiyanaw.html
GLOSBE_DICT_7134e913bd801db5,"xsy,en",ka'ayti:ilan,swing,keep_in_xml,gloss_unmapped,ildrf_source_attested_gloss_unmapped,yes,Final_XML/Saisiyat/Dictionary_Saisiyat_xsy.xml,秋千,swing,,GLOSBE_DICT_GROUP_bf0cac13afdb8ca0,swing,primary,https://glosbe.com/xsy/en/ka%27ayti%3Ailan,data/raw/html/static/xsy_en/ka%27ayti%3Ailan.html
GLOSBE_DICT_b7c2916441e41dd0,"xsy,en",ka'bhoet,squirrel,keep_in_xml,source_not_attested,source_not_attested_in_ildrf_reference,no,,,squirrel,,GLOSBE_DICT_GROUP_3a0d632e1f69a3de,squirrel,primary,https://glosbe.com/xsy/en/ka%27bhoet,data/raw/html/static/xsy_en/ka%27bhoet.html
GLOSBE_DICT_c90d3c1924d098d9,"xsy,en",ka'inae:aewan ka'ima'ayaeh,emergency room,keep_in_xml,gloss_unmapped,ildrf_source_attested_gloss_unmapped,yes,Final_XML/Saisiyat/Dictionary_Saisiyat_xsy.xml,急診室,emergency room,,GLOSBE_DICT_GROUP_a4c242be411ae376,emergency room,primary,https://glosbe.com/xsy/en/ka%27inae%3Aaewan%20ka%20%27ima%20%27ayaeh,data/raw/html/static/xsy_en/ka%27inae%3Aaewan%20ka%20%27ima%20%27ayaeh.html
GLOSBE_DICT_0465ca3f7b019678,"xsy,en",ka'lhib,cave,keep_in_xml,source_not_attested,source_not_attested_in_ildrf_reference,no,,,cave,,GLOSBE_DICT_GROUP_20a6c1aa3ac94e37,cave,primary,https://glosbe.com/xsy/en/ka%27lhib,data/raw/html/static/xsy_en/ka%27lhib.html
GLOSBE_DICT_2c66a599279d8fa9,"xsy,en",ka'nal,right,keep_in_xml,target_supported_by_mapping,ildrf_source_attested_target_supported_by_mapping,yes,Final_XML/Saisiyat/Dictionary_Saisiyat_xsy.xml,右手; 右邊,right,手; 右手; 右邊,GLOSBE_DICT_GROUP_1215255f89f97649,right,primary,https://glosbe.com/xsy/en/ka%27nal,data/raw/html/static/xsy_en/ka%27nal.html
GLOSBE_DICT_1855c244b2b3c160,"xsy,en",ka'toS,Shrimp,keep_in_xml,gloss_unmapped,ildrf_source_attested_gloss_unmapped,yes,Final_XML/Saisiyat/Dictionary_Saisiyat_xsy.xml,小蝦,Shrimp,,GLOSBE_DICT_GROUP_69e4cde679f5423a,Shrimp,primary,https://glosbe.com/xsy/en/ka%27toS,data/raw/html/static/xsy_en/ka%27toS.html
GLOSBE_DICT_4c1543ed3269fdf9,"xsy,en",ka:ang,crab,keep_in_xml,gloss_unmapped,ildrf_source_attested_gloss_unmapped,yes,Final_XML/Saisiyat/Dictionary_Saisiyat_xsy.xml,螃蟹; 螃蟹（總稱）,crab,,GLOSBE_DICT_GROUP_9d1323fb5eaf97ce,crab,primary,https://glosbe.com/xsy/en/ka%3Aang,data/raw/html/static/xsy_en/ka%3Aang.html
GLOSBE_DICT_0d052a62750de914,"xsy,en",ka:angaromiSan,Japanese mitten crab,keep_in_xml,gloss_unmapped,ildrf_source_attested_gloss_unmapped,yes,Final_XML/Saisiyat/Dictionary_Saisiyat_xsy.xml,毛蟹,Japanese mitten crab,,GLOSBE_DICT_GROUP_9adae97d5d56bc4a,Japanese mitten crab,primary,https://glosbe.com/xsy/en/ka%3AangaromiSan,data/raw/html/static/xsy_en/ka%3AangaromiSan.html
GLOSBE_DICT_58ba21750c4cacb4,"xsy,en",ka:aw,cheekbone,keep_in_xml,gloss_unmapped,ildrf_source_attested_gloss_unmapped,yes,Final_XML/Saisiyat/Dictionary_Saisiyat_xsy.xml,顴骨,cheekbone,,GLOSBE_DICT_GROUP_f4d0a4c35f5bfa1d,cheekbone,primary,https://glosbe.com/xsy/en/ka%3Aaw,data/raw/html/static/xsy_en/ka%3Aaw.html
GLOSBE_DICT_7464a8e8cfc3c4d3,"xsy,en",ka-,late,keep_in_xml,source_not_attested,source_not_attested_in_ildrf_reference,no,,,late,,GLOSBE_DICT_GROUP_4503b79a0a833661,late,primary,https://glosbe.com/xsy/en/ka-,data/raw/html/static/xsy_en/ka-.html
GLOSBE_DICT_33c2bc63cc9b8a5f,"xsy,en",ka-hia,yesterday,keep_in_xml,source_not_attested,source_not_attested_in_ildrf_reference,no,,,yesterday,,GLOSBE_DICT_GROUP_b942e97ed1472561,yesterday,primary,https://glosbe.com/xsy/en/ka-hia,data/raw/html/static/xsy_en/ka-hia.html
GLOSBE_DICT_66f6f53531f4ce73,"xsy,en",kaS'aelaw,basil,keep_in_xml,gloss_unmapped,ildrf_source_attested_gloss_unmapped,yes,Final_XML/Saisiyat/Dictionary_Saisiyat_xsy.xml,九層塔,basil,,GLOSBE_DICT_GROUP_e7daae53bafe386e,basil,primary,https://glosbe.com/xsy/en/kaS%27aelaw,data/raw/html/static/xsy_en/kaS%27aelaw.html
GLOSBE_DICT_174c5719984b1a6b,"xsy,en",kaSa:engan,chair,keep_in_xml,gloss_unmapped,ildrf_source_attested_gloss_unmapped,yes,Final_XML/Saisiyat/Dictionary_Saisiyat_xsy.xml,坐（處所）,chair,,GLOSBE_DICT_GROUP_1681412a9e8eda21,chair,primary,https://glosbe.com/xsy/en/kaSa%3Aengan,data/raw/html/static/xsy_en/kaSa%3Aengan.html
GLOSBE_DICT_11a086879c8391f9,"xsy,en",kaSakira:a'an kapayziza'an pinahiyo',traffic light,keep_in_xml,gloss_unmapped,ildrf_source_attested_gloss_unmapped,yes,Final_XML/Saisiyat/Dictionary_Saisiyat_xsy.xml,紅綠燈,traffic light,,GLOSBE_DICT_GROUP_17ca4c597fd5e706,traffic light,primary,https://glosbe.com/xsy/en/kaSakira%3Aa%27an%20kapayziza%27an%20pinahiyo%27,data/raw/html/static/xsy_en/kaSakira%3Aa%27an%20kapayziza%27an%20pinahiyo%27.html
GLOSBE_DICT_d05a48570e163f9b,"xsy,en",kaSbaSba',rhododendron,keep_in_xml,gloss_unmapped,ildrf_source_attested_gloss_unmapped,yes,Final_XML/Saisiyat/Dictionary_Saisiyat_xsy.xml,杜鵑（統稱）,rhododendron,,GLOSBE_DICT_GROUP_ceeb93ec73bcc246,rhododendron,primary,https://glosbe.com/xsy/en/kaSbaSba%27,data/raw/html/static/xsy_en/kaSbaSba%27.html
GLOSBE_DICT_80a08a1c621687fa,"xsy,en",kaSeme:an,tax,keep_in_xml,source_not_attested,source_not_attested_in_ildrf_reference,no,,,tax,,GLOSBE_DICT_GROUP_d51688694c4b02c7,tax,primary,https://glosbe.com/xsy/en/kaSeme%3Aan,data/raw/html/static/xsy_en/kaSeme%3Aan.html
GLOSBE_DICT_64053756989a289a,"xsy,en",kaShae:ae',stairs,keep_in_xml,gloss_unmapped,ildrf_source_attested_gloss_unmapped,yes,Final_XML/Saisiyat/Dictionary_Saisiyat_xsy.xml,踩落,stairs,,GLOSBE_DICT_GROUP_b811bbaf516c3259,stairs,primary,https://glosbe.com/xsy/en/kaShae%3Aae%27,data/raw/html/static/xsy_en/kaShae%3Aae%27.html
GLOSBE_DICT_a31fdf5c163d568c,"xsy,en",kaSili'an ka rayhil,bank,keep_in_xml,source_not_attested,source_not_attested_in_ildrf_reference,no,,,bank,,GLOSBE_DICT_GROUP_4bff9ea7fc7afeac,bank,primary,https://glosbe.com/xsy/en/kaSili%27an%20ka%20rayhil,data/raw/html/static/xsy_en/kaSili%27an%20ka%20rayhil.html
GLOSBE_DICT_a5ae71ebef0468e3,"xsy,en",kaSkoy,loofah,keep_in_xml,gloss_unmapped,ildrf_source_attested_gloss_unmapped,yes,Final_XML/Saisiyat/Dictionary_Saisiyat_xsy.xml,絲瓜,loofah,,GLOSBE_DICT_GROUP_1a174ff91f0fbaa9,loofah,primary,https://glosbe.com/xsy/en/kaSkoy,data/raw/html/static/xsy_en/kaSkoy.html
GLOSBE_DICT_3172e2bd2ee94587,"xsy,en",kabazae'an ray sale'e:,earphone,keep_in_xml,target_supported_by_mapping,ildrf_source_attested_target_supported_by_mapping,yes,Final_XML/Saisiyat/Dictionary_Saisiyat_xsy.xml,耳機,earphone; headphone,耳機,GLOSBE_DICT_GROUP_f1b8182d7966f674,earphone,primary,https://glosbe.com/xsy/en/kabazae%27an%20ray%20sale%27e%3A,data/raw/html/static/xsy_en/kabazae%27an%20ray%20sale%27e%3A.html
GLOSBE_DICT_e2f2a4bc4c340537,"xsy,en",kabazae'an ray sale'e:,headphone,keep_in_xml,target_supported_by_mapping,ildrf_source_attested_target_supported_by_mapping,yes,Final_XML/Saisiyat/Dictionary_Saisiyat_xsy.xml,耳機,earphone; headphone,耳機,GLOSBE_DICT_GROUP_f1b8182d7966f674,headphone,alt,https://glosbe.com/xsy/en/kabazae%27an%20ray%20sale%27e%3A,data/raw/html/static/xsy_en/kabazae%27an%20ray%20sale%27e%3A.html
GLOSBE_DICT_8ecf695d909f8f38,"xsy,en",kabo:bo:,fan,keep_in_xml,gloss_unmapped,ildrf_source_attested_gloss_unmapped,yes,Final_XML/Saisiyat/Dictionary_Saisiyat_xsy.xml,扇子,fan,,GLOSBE_DICT_GROUP_e7b75f508d2b0cbf,fan,primary,https://glosbe.com/xsy/en/kabo%3Abo%3A,data/raw/html/static/xsy_en/kabo%3Abo%3A.html
GLOSBE_DICT_2a74ac582a92f959,"xsy,en",kae'hma,tongue,keep_in_xml,source_not_attested,source_not_attested_in_ildrf_reference,no,,,tongue,,GLOSBE_DICT_GROUP_78ef11e97e4fb609,tongue,primary,https://glosbe.com/xsy/en/kae%27hma,data/raw/html/static/xsy_en/kae%27hma.html
GLOSBE_DICT_a74e1bf1af525a57,"xsy,en",kae'hoeng,horn,keep_in_xml,source_not_attested,source_not_attested_in_ildrf_reference,no,,,horn,,GLOSBE_DICT_GROUP_8ab3b2db569d54f6,horn,primary,https://glosbe.com/xsy/en/kae%27hoeng,data/raw/html/static/xsy_en/kae%27hoeng.html
GLOSBE_DICT_0a557b225c3ee66d,"xsy,en",kaehlek,spade,keep_in_xml,target_supported_by_mapping,ildrf_source_attested_target_supported_by_mapping,yes,Final_XML/Saisiyat/Dictionary_Saisiyat_xsy.xml,手鍬,spade,手; 手鍬,GLOSBE_DICT_GROUP_ed7871e095022554,spade,primary,https://glosbe.com/xsy/en/kaehlek,data/raw/html/static/xsy_en/kaehlek.html
GLOSBE_DICT_c357afcbbb7e2fc5,"xsy,en",kaehoy bintoe'an,Jupiter,keep_in_xml,gloss_unmapped,ildrf_source_attested_gloss_unmapped,yes,Final_XML/Saisiyat/Dictionary_Saisiyat_xsy.xml,木星,Jupiter,,GLOSBE_DICT_GROUP_b18443b093a03031,Jupiter,primary,https://glosbe.com/xsy/en/kaehoy%20bintoe%27an,data/raw/html/static/xsy_en/kaehoy%20bintoe%27an.html
GLOSBE_DICT_2870e2945145ef2c,"xsy,en",kaehoy,chop,keep_in_xml,target_supported_by_mapping,ildrf_source_attested_target_supported_by_mapping,yes,Final_XML/Saisiyat/Dictionary_Saisiyat_xsy.xml,木柴; 樹; 砍材,chop; tree; wood,木柴; 樹; 砍材,GLOSBE_DICT_GROUP_5ec079e153a74d1d,chop,primary,https://glosbe.com/xsy/en/kaehoy,data/raw/html/static/xsy_en/kaehoy.html
GLOSBE_DICT_29799c1002e0fc19,"xsy,en",kaehoy,tree,keep_in_xml,target_supported_by_mapping,ildrf_source_attested_target_supported_by_mapping,yes,Final_XML/Saisiyat/Dictionary_Saisiyat_xsy.xml,木柴; 樹; 砍材,chop; tree; wood,木柴; 樹; 砍材,GLOSBE_DICT_GROUP_5ec079e153a74d1d,tree,alt,https://glosbe.com/xsy/en/kaehoy,data/raw/html/static/xsy_en/kaehoy.html
GLOSBE_DICT_a8f5694ec91704fb,"xsy,en",kaehoy,wood,keep_in_xml,target_supported_by_mapping,ildrf_source_attested_target_supported_by_mapping,yes,Final_XML/Saisiyat/Dictionary_Saisiyat_xsy.xml,木柴; 樹; 砍材,chop; tree; wood,木柴; 樹; 砍材,GLOSBE_DICT_GROUP_5ec079e153a74d1d,wood,alt,https://glosbe.com/xsy/en/kaehoy,data/raw/html/static/xsy_en/kaehoy.html
GLOSBE_DICT_c4a6e94aec7e06d0,"xsy,en",kaenSakang,prosecutor,keep_in_xml,gloss_unmapped,ildrf_source_attested_gloss_unmapped,yes,Final_XML/Saisiyat/Dictionary_Saisiyat_xsy.xml,檢察官,prosecutor,,GLOSBE_DICT_GROUP_8f899c2c25969156,prosecutor,primary,https://glosbe.com/xsy/en/kaenSakang,data/raw/html/static/xsy_en/kaenSakang.html
GLOSBE_DICT_bf92621445f9dd94,"xsy,en",kahawayan,function word,keep_in_xml,gloss_unmapped,ildrf_source_attested_gloss_unmapped,yes,Final_XML/Saisiyat/Dictionary_Saisiyat_xsy.xml,旋律; 虛詞,function word,,GLOSBE_DICT_GROUP_e19ed477fcb117ec,function word,primary,https://glosbe.com/xsy/en/kahawayan,data/raw/html/static/xsy_en/kahawayan.html
GLOSBE_DICT_95c7be6d5c594515,"xsy,en",kahola’an bala’,glacier,keep_in_xml,gloss_unmapped,ildrf_source_attested_gloss_unmapped,yes,Final_XML/Saisiyat/Dictionary_Saisiyat_xsy.xml,冰川(河),glacier,,GLOSBE_DICT_GROUP_c31d1cf57d29b55f,glacier,primary,https://glosbe.com/xsy/en/kahola%E2%80%99an%20bala%E2%80%99,data/raw/html/static/xsy_en/kahola%E2%80%99an%20bala%E2%80%99.html
GLOSBE_DICT_7539c5d0af719467,"xsy,en",kaka:at,sidewalk chalk,keep_in_xml,gloss_unmapped,ildrf_source_attested_gloss_unmapped,yes,Final_XML/Saisiyat/Dictionary_Saisiyat_xsy.xml,筆; 粉筆,sidewalk chalk,,GLOSBE_DICT_GROUP_fe3c54a0bbfd43a1,sidewalk chalk,primary,https://glosbe.com/xsy/en/kaka%3Aat,data/raw/html/static/xsy_en/kaka%3Aat.html
GLOSBE_DICT_b0f937562f9c77ea,"xsy,en",kaka:atan,chalkboard,keep_in_xml,gloss_unmapped,ildrf_source_attested_gloss_unmapped,yes,Final_XML/Saisiyat/Dictionary_Saisiyat_xsy.xml,寫(處所); 黑板,chalkboard,,GLOSBE_DICT_GROUP_69ee3846b53d1aa4,chalkboard,primary,https://glosbe.com/xsy/en/kaka%3Aatan,data/raw/html/static/xsy_en/kaka%3Aatan.html
GLOSBE_DICT_b1bd243d706331c3,"xsy,en",kakaS'abo'an,hall,keep_in_xml,gloss_unmapped,ildrf_source_attested_gloss_unmapped,yes,Final_XML/Saisiyat/Dictionary_Saisiyat_xsy.xml,入口,hall,,GLOSBE_DICT_GROUP_2aa2c37a8abe77b3,hall,primary,https://glosbe.com/xsy/en/kakaS%27abo%27an,data/raw/html/static/xsy_en/kakaS%27abo%27an.html
GLOSBE_DICT_51955dfcd376f946,"xsy,en",kakaSna'itolan kapapama'an,platform,keep_in_xml,gloss_unmapped,ildrf_source_attested_gloss_unmapped,yes,Final_XML/Saisiyat/Dictionary_Saisiyat_xsy.xml,月台,platform,,GLOSBE_DICT_GROUP_4c13d71df327718f,platform,primary,https://glosbe.com/xsy/en/kakaSna%27itolan%20kapapama%27an,data/raw/html/static/xsy_en/kakaSna%27itolan%20kapapama%27an.html
GLOSBE_DICT_d10aecd3722e3d39,"xsy,en",kakabihkabih,between,keep_in_xml,gloss_unmapped,ildrf_source_attested_gloss_unmapped,yes,Final_XML/Saisiyat/Dictionary_Saisiyat_xsy.xml,二者之間,between,,GLOSBE_DICT_GROUP_ef979999e5df2746,between,primary,https://glosbe.com/xsy/en/kakabihkabih,data/raw/html/static/xsy_en/kakabihkabih.html
GLOSBE_DICT_e8e29dcfaca62723,"xsy,en",kakayzaehan,right,keep_in_xml,target_supported_by_mapping,ildrf_source_attested_target_supported_by_mapping,yes,Final_XML/Saisiyat/Dictionary_Saisiyat_xsy.xml,好處（平安; 權利,right,好; 好處; 權利,GLOSBE_DICT_GROUP_29628b2a728afec4,right,primary,https://glosbe.com/xsy/en/kakayzaehan,data/raw/html/static/xsy_en/kakayzaehan.html
GLOSBE_DICT_88a5b8ee8451e640,"xsy,en",kaki:iman ka ka:i'kina:at,Dictionary,keep_in_xml,gloss_unmapped,ildrf_source_attested_gloss_unmapped,yes,Final_XML/Saisiyat/Dictionary_Saisiyat_xsy.xml,字典,Dictionary,,GLOSBE_DICT_GROUP_c27277677af50167,Dictionary,primary,https://glosbe.com/xsy/en/kaki%3Aiman%20ka%20ka%3Ai%27kina%3Aat,data/raw/html/static/xsy_en/kaki%3Aiman%20ka%20ka%3Ai%27kina%3Aat.html
GLOSBE_DICT_c49942eec2b22fb4,"xsy,en",kakiw,ramie,keep_in_xml,gloss_unmapped,ildrf_source_attested_gloss_unmapped,yes,Final_XML/Saisiyat/Dictionary_Saisiyat_xsy.xml,苧麻,ramie,,GLOSBE_DICT_GROUP_7923d9f4a4d871a4,ramie,primary,https://glosbe.com/xsy/en/kakiw,data/raw/html/static/xsy_en/kakiw.html
GLOSBE_DICT_61618ff3565f5b47,"xsy,en",kaklalopezan,crossroad,keep_in_xml,target_supported_by_mapping,ildrf_source_attested_target_supported_by_mapping,yes,Final_XML/Saisiyat/Dictionary_Saisiyat_xsy.xml,十字路口,crossroad,路; 十字路口,GLOSBE_DICT_GROUP_7136b7f698fa8998,crossroad,primary,https://glosbe.com/xsy/en/kaklalopezan,data/raw/html/static/xsy_en/kaklalopezan.html
GLOSBE_DICT_0a0b1df3fdbadc00,"xsy,en",kaklokoeh,nail,keep_in_xml,gloss_unmapped,ildrf_source_attested_gloss_unmapped,yes,Final_XML/Saisiyat/Dictionary_Saisiyat_xsy.xml,指甲,nail,,GLOSBE_DICT_GROUP_c3560c8ca18d6ee1,nail,primary,https://glosbe.com/xsy/en/kaklokoeh,data/raw/html/static/xsy_en/kaklokoeh.html
GLOSBE_DICT_4880390fcc3a2eeb,"xsy,en",kakontotolan kaSa:engan,wheelchair,keep_in_xml,gloss_unmapped,ildrf_source_attested_gloss_unmapped,yes,Final_XML/Saisiyat/Dictionary_Saisiyat_xsy.xml,輪椅,wheelchair,,GLOSBE_DICT_GROUP_6fb03b7300f88703,wheelchair,primary,https://glosbe.com/xsy/en/kakontotolan%20kaSa%3Aengan,data/raw/html/static/xsy_en/kakontotolan%20kaSa%3Aengan.html
GLOSBE_DICT_fa900018e31dab7b,"xsy,en",kala',basket,keep_in_xml,gloss_unmapped,ildrf_source_attested_gloss_unmapped,yes,Final_XML/Saisiyat/Dictionary_Saisiyat_xsy.xml,圓形竹簍; 簍子; 籃子,basket,,GLOSBE_DICT_GROUP_f332d75d86cb4538,basket,primary,https://glosbe.com/xsy/en/kala%27,data/raw/html/static/xsy_en/kala%27.html
GLOSBE_DICT_6edab24447992ab8,"xsy,en",kali'ima'ayaehan,ambulance,keep_in_xml,gloss_unmapped,ildrf_source_attested_gloss_unmapped,yes,Final_XML/Saisiyat/Dictionary_Saisiyat_xsy.xml,救護車,ambulance,,GLOSBE_DICT_GROUP_98b266ca6071f242,ambulance,primary,https://glosbe.com/xsy/en/kali%27ima%27ayaehan,data/raw/html/static/xsy_en/kali%27ima%27ayaehan.html
GLOSBE_DICT_d587be59ed6d083c,"xsy,en",kalihaepoyan,train,keep_in_xml,gloss_unmapped,ildrf_source_attested_gloss_unmapped,yes,Final_XML/Saisiyat/Dictionary_Saisiyat_xsy.xml,火車,train,,GLOSBE_DICT_GROUP_a804f1b3140310a3,train,primary,https://glosbe.com/xsy/en/kalihaepoyan,data/raw/html/static/xsy_en/kalihaepoyan.html
GLOSBE_DICT_e48e3e6e8a631cff,"xsy,en",kalihokan,corner,keep_in_xml,target_supported_by_mapping,ildrf_source_attested_target_supported_by_mapping,yes,Final_XML/Saisiyat/Dictionary_Saisiyat_xsy.xml,各個角落; 角(錢); 角落,corner; dime,錢; 各個角落; 角落; 角(錢),GLOSBE_DICT_GROUP_9f7b3ce1ff3762ff,corner,primary,https://glosbe.com/xsy/en/kalihokan,data/raw/html/static/xsy_en/kalihokan.html
GLOSBE_DICT_df6673808a1e9b14,"xsy,en",kalihokan,dime,keep_in_xml,target_supported_by_mapping,ildrf_source_attested_target_supported_by_mapping,yes,Final_XML/Saisiyat/Dictionary_Saisiyat_xsy.xml,各個角落; 角(錢); 角落,corner; dime,錢; 各個角落; 角落; 角(錢),GLOSBE_DICT_GROUP_9f7b3ce1ff3762ff,dime,alt,https://glosbe.com/xsy/en/kalihokan,data/raw/html/static/xsy_en/kalihokan.html
GLOSBE_DICT_c3e0da11adaa5a3c,"xsy,en",kama'alep,hunter,keep_in_xml,target_supported_by_mapping,ildrf_source_attested_target_supported_by_mapping,yes,Final_XML/Saisiyat/Dictionary_Saisiyat_xsy.xml,獵人,hunter,人; 獵人,GLOSBE_DICT_GROUP_43e7c78468947aae,hunter,primary,https://glosbe.com/xsy/en/kama%27alep,data/raw/html/static/xsy_en/kama%27alep.html
GLOSBE_DICT_7fb1dec7367d02cb,"xsy,en",kama-,-er,keep_in_xml,source_not_attested,source_not_attested_in_ildrf_reference,no,,,-er; -or,,GLOSBE_DICT_GROUP_11b873ce69f2cd36,-er,primary,https://glosbe.com/xsy/en/kama-,data/raw/html/static/xsy_en/kama-.html
GLOSBE_DICT_67deabcf7c27c644,"xsy,en",kama-,-or,keep_in_xml,source_not_attested,source_not_attested_in_ildrf_reference,no,,,-er; -or,,GLOSBE_DICT_GROUP_11b873ce69f2cd36,-or,alt,https://glosbe.com/xsy/en/kama-,data/raw/html/static/xsy_en/kama-.html
GLOSBE_DICT_23fb45734c903d4d,"xsy,en",kamaSa'iS,tailor,keep_in_xml,gloss_unmapped,ildrf_source_attested_gloss_unmapped,yes,Final_XML/Saisiyat/Dictionary_Saisiyat_xsy.xml,專門縫的,tailor,,GLOSBE_DICT_GROUP_dc099d5593da755b,tailor,primary,https://glosbe.com/xsy/en/kamaSa%27iS,data/raw/html/static/xsy_en/kamaSa%27iS.html
GLOSBE_DICT_23192d7fed1e4f40,"xsy,en",kamaSowatoroe',engineer,keep_in_xml,source_not_attested,source_not_attested_in_ildrf_reference,no,,,engineer,,GLOSBE_DICT_GROUP_8a751d7efdb9747d,engineer,primary,https://glosbe.com/xsy/en/kamaSowatoroe%27,data/raw/html/static/xsy_en/kamaSowatoroe%27.html
GLOSBE_DICT_6d1d3fecb08c4f28,"xsy,en",kamahapa: kaSinbon,news presenter,keep_in_xml,gloss_unmapped,ildrf_source_attested_gloss_unmapped,yes,Final_XML/Saisiyat/Dictionary_Saisiyat_xsy.xml,主播,news presenter,,GLOSBE_DICT_GROUP_38e6a7ef753dd9d0,news presenter,primary,https://glosbe.com/xsy/en/kamahapa%3A%20kaSinbon,data/raw/html/static/xsy_en/kamahapa%3A%20kaSinbon.html
GLOSBE_DICT_e3c2d76d6ab660eb,"xsy,en",kamaka:at ka Sinbon,journalist,keep_in_xml,gloss_unmapped,ildrf_source_attested_gloss_unmapped,yes,Final_XML/Saisiyat/Dictionary_Saisiyat_xsy.xml,記者,journalist,,GLOSBE_DICT_GROUP_b312a9224bc525fd,journalist,primary,https://glosbe.com/xsy/en/kamaka%3Aat%20ka%20Sinbon,data/raw/html/static/xsy_en/kamaka%3Aat%20ka%20Sinbon.html
GLOSBE_DICT_73d10d0ceaca9b2c,"xsy,en",kamakaShowih,colonizer,keep_in_xml,gloss_unmapped,ildrf_source_attested_gloss_unmapped,yes,Final_XML/Saisiyat/Dictionary_Saisiyat_xsy.xml,殖民者,colonizer,,GLOSBE_DICT_GROUP_fb8c1f658c697167,colonizer,primary,https://glosbe.com/xsy/en/kamakaShowih,data/raw/html/static/xsy_en/kamakaShowih.html
GLOSBE_DICT_c36a111e4f9521e3,"xsy,en",kamakoroeh,barber,keep_in_xml,gloss_unmapped,ildrf_source_attested_gloss_unmapped,yes,Final_XML/Saisiyat/Dictionary_Saisiyat_xsy.xml,專門理頭髮的,barber,,GLOSBE_DICT_GROUP_60387b994b5f6d7d,barber,primary,https://glosbe.com/xsy/en/kamakoroeh,data/raw/html/static/xsy_en/kamakoroeh.html
GLOSBE_DICT_32a99a7e80002fa3,"xsy,en",kamamanra:an,man,keep_in_xml,gloss_unmapped,ildrf_source_attested_gloss_unmapped,yes,Final_XML/Saisiyat/Dictionary_Saisiyat_xsy.xml,男性; 男生,man,,GLOSBE_DICT_GROUP_4564686e89f0c735,man,primary,https://glosbe.com/xsy/en/kamamanra%3Aan,data/raw/html/static/xsy_en/kamamanra%3Aan.html
GLOSBE_DICT_a50e80edbbf10f20,"xsy,en",kamamiyalawa',guard,keep_in_xml,target_supported_by_mapping,ildrf_source_attested_target_supported_by_mapping,yes,Final_XML/Saisiyat/Dictionary_Saisiyat_xsy.xml,看守的人; 警衛,guard,人; 看守的人; 警衛,GLOSBE_DICT_GROUP_20dc971b36793797,guard,primary,https://glosbe.com/xsy/en/kamamiyalawa%27,data/raw/html/static/xsy_en/kamamiyalawa%27.html
GLOSBE_DICT_577612ce824b9481,"xsy,en",kamamobsoeh koko:ol,volcano,keep_in_xml,target_supported_by_mapping,ildrf_source_attested_target_supported_by_mapping,yes,Final_XML/Saisiyat/Dictionary_Saisiyat_xsy.xml,火山,volcano,火山; 山,GLOSBE_DICT_GROUP_34f16d288baa16bc,volcano,primary,https://glosbe.com/xsy/en/kamamobsoeh%20koko%3Aol,data/raw/html/static/xsy_en/kamamobsoeh%20koko%3Aol.html
GLOSBE_DICT_733e362dfc888693,"xsy,en",kamapaSibae:aeh ka taew’an,landlord,keep_in_xml,gloss_unmapped,ildrf_source_attested_gloss_unmapped,yes,Final_XML/Saisiyat/Dictionary_Saisiyat_xsy.xml,房東,landlord,,GLOSBE_DICT_GROUP_c78fc2b5a6060a18,landlord,primary,https://glosbe.com/xsy/en/kamapaSibae%3Aaeh%20ka%20taew%E2%80%99an,data/raw/html/static/xsy_en/kamapaSibae%3Aaeh%20ka%20taew%E2%80%99an.html
GLOSBE_DICT_a5654a7376bc1bf2,"xsy,en",kamapalbaboy,butcher,keep_in_xml,gloss_unmapped,ildrf_source_attested_gloss_unmapped,yes,Final_XML/Saisiyat/Dictionary_Saisiyat_xsy.xml,專門殺豬者,butcher,,GLOSBE_DICT_GROUP_d08357f8892158ed,butcher,primary,https://glosbe.com/xsy/en/kamapalbaboy,data/raw/html/static/xsy_en/kamapalbaboy.html
GLOSBE_DICT_26a3a10f1b72b584,"xsy,en",kamapapaSnga'nga',anesthesiologist,keep_in_xml,gloss_unmapped,ildrf_source_attested_gloss_unmapped,yes,Final_XML/Saisiyat/Dictionary_Saisiyat_xsy.xml,麻醉師,anesthesiologist,,GLOSBE_DICT_GROUP_4331d0b2d55108d2,anesthesiologist,primary,https://glosbe.com/xsy/en/kamapapaSnga%27nga%27,data/raw/html/static/xsy_en/kamapapaSnga%27nga%27.html
GLOSBE_DICT_956e6537f92ca0b0,"xsy,en",kamapapazeng ka hapoy,firefighter,keep_in_xml,gloss_unmapped,ildrf_source_attested_gloss_unmapped,yes,Final_XML/Saisiyat/Dictionary_Saisiyat_xsy.xml,消防員; 消防局,firefighter,,GLOSBE_DICT_GROUP_d4428c57b52d7552,firefighter,primary,https://glosbe.com/xsy/en/kamapapazeng%20ka%20hapoy,data/raw/html/static/xsy_en/kamapapazeng%20ka%20hapoy.html
GLOSBE_DICT_a8a727aa3fe0f17a,"xsy,en",kamapat'izaeh,ceremonialist,keep_in_xml,gloss_unmapped,ildrf_source_attested_gloss_unmapped,yes,Final_XML/Saisiyat/Dictionary_Saisiyat_xsy.xml,辦理後事者,ceremonialist,,GLOSBE_DICT_GROUP_bc590743e5101116,ceremonialist,primary,https://glosbe.com/xsy/en/kamapat%27izaeh,data/raw/html/static/xsy_en/kamapat%27izaeh.html
GLOSBE_DICT_bc3b5c3b33b00457,"xsy,en",kamapatolotor ka ka:i’,interpreter,keep_in_xml,gloss_unmapped,ildrf_source_attested_gloss_unmapped,yes,Final_XML/Saisiyat/Dictionary_Saisiyat_xsy.xml,口譯員,interpreter,,GLOSBE_DICT_GROUP_632b4f7b6c22b215,interpreter,primary,https://glosbe.com/xsy/en/kamapatolotor%20ka%20ka%3Ai%E2%80%99,data/raw/html/static/xsy_en/kamapatolotor%20ka%20ka%3Ai%E2%80%99.html
GLOSBE_DICT_417a7c6c2e8ab3a5,"xsy,en",kamapatolotor,translator,keep_in_xml,gloss_unmapped,ildrf_source_attested_gloss_unmapped,yes,Final_XML/Saisiyat/Dictionary_Saisiyat_xsy.xml,翻譯員,translator,,GLOSBE_DICT_GROUP_d8cd7c1f39beb21a,translator,primary,https://glosbe.com/xsy/en/kamapatolotor,data/raw/html/static/xsy_en/kamapatolotor.html
GLOSBE_DICT_2e753c0b632acd96,"xsy,en",kamapotoy,cabbage,keep_in_xml,gloss_unmapped,ildrf_source_attested_gloss_unmapped,yes,Final_XML/Saisiyat/Dictionary_Saisiyat_xsy.xml,包心菜（高麗菜）,cabbage,,GLOSBE_DICT_GROUP_7b0582766f8d4d42,cabbage,primary,https://glosbe.com/xsy/en/kamapotoy,data/raw/html/static/xsy_en/kamapotoy.html
GLOSBE_DICT_336fd675c187bf82,"xsy,en",kamaromhaep,fortuneteller,keep_in_xml,gloss_unmapped,ildrf_source_attested_gloss_unmapped,yes,Final_XML/Saisiyat/Dictionary_Saisiyat_xsy.xml,占卜師,fortuneteller,,GLOSBE_DICT_GROUP_01a59ca47ca345bf,fortuneteller,primary,https://glosbe.com/xsy/en/kamaromhaep,data/raw/html/static/xsy_en/kamaromhaep.html
GLOSBE_DICT_fe0922cc7ccb9f36,"xsy,en",kamase:ez,driver,keep_in_xml,gloss_unmapped,ildrf_source_attested_gloss_unmapped,yes,Final_XML/Saisiyat/Dictionary_Saisiyat_xsy.xml,專門駕駛,driver,,GLOSBE_DICT_GROUP_e05f0e7a349755b5,driver,primary,https://glosbe.com/xsy/en/kamase%3Aez,data/raw/html/static/xsy_en/kamase%3Aez.html
GLOSBE_DICT_f0352344952b5ee7,"xsy,en",kamasempeng mae'iyaeh,judge,keep_in_xml,gloss_unmapped,ildrf_source_attested_gloss_unmapped,yes,Final_XML/Saisiyat/Dictionary_Saisiyat_xsy.xml,法官,judge,,GLOSBE_DICT_GROUP_2d0c8f3939183464,judge,primary,https://glosbe.com/xsy/en/kamasempeng%20mae%27iyaeh,data/raw/html/static/xsy_en/kamasempeng%20mae%27iyaeh.html
GLOSBE_DICT_b9f016baa21be3cb,"xsy,en",kamatalSaSo',scientist,keep_in_xml,source_not_attested,source_not_attested_in_ildrf_reference,no,,,scientist,,GLOSBE_DICT_GROUP_746f4aa84f779c4b,scientist,primary,https://glosbe.com/xsy/en/kamatalSaSo%27,data/raw/html/static/xsy_en/kamatalSaSo%27.html
GLOSBE_DICT_5c5cd93c2d3ba289,"xsy,en",kamatatilhaehael,volunteer,keep_in_xml,gloss_unmapped,ildrf_source_attested_gloss_unmapped,yes,Final_XML/Saisiyat/Dictionary_Saisiyat_xsy.xml,志工,volunteer,,GLOSBE_DICT_GROUP_7ecbd5925623d6ac,volunteer,primary,https://glosbe.com/xsy/en/kamatatilhaehael,data/raw/html/static/xsy_en/kamatatilhaehael.html
GLOSBE_DICT_19330a671e10d07e,"xsy,en",kamatilhaehael palahoe:,lawyer,keep_in_xml,gloss_unmapped,ildrf_source_attested_gloss_unmapped,yes,Final_XML/Saisiyat/Dictionary_Saisiyat_xsy.xml,律師,lawyer,,GLOSBE_DICT_GROUP_55e32a82aaa9f9e8,lawyer,primary,https://glosbe.com/xsy/en/kamatilhaehael%20palahoe%3A,data/raw/html/static/xsy_en/kamatilhaehael%20palahoe%3A.html
GLOSBE_DICT_1f924c2b45cab2c3,"xsy,en",kamatinkabazae'an kapatawawan,applicant,keep_in_xml,gloss_unmapped,ildrf_source_attested_gloss_unmapped,yes,Final_XML/Saisiyat/Dictionary_Saisiyat_xsy.xml,應徵者,applicant,,GLOSBE_DICT_GROUP_abf9492ee6285574,applicant,primary,https://glosbe.com/xsy/en/kamatinkabazae%27an%20kapatawawan,data/raw/html/static/xsy_en/kamatinkabazae%27an%20kapatawawan.html
GLOSBE_DICT_237d01aac69868d6,"xsy,en",kamatortoroe''omaling',director,keep_in_xml,source_not_attested,source_not_attested_in_ildrf_reference,no,,,director,,GLOSBE_DICT_GROUP_c3344cfe1e25e8cd,director,primary,https://glosbe.com/xsy/en/kamatortoroe%27%27omaling%27,data/raw/html/static/xsy_en/kamatortoroe%27%27omaling%27.html
GLOSBE_DICT_ff7dace381f8cdfe,"xsy,en",kamatortoroe',teacher,keep_in_xml,gloss_unmapped,ildrf_source_attested_gloss_unmapped,yes,Final_XML/Saisiyat/Dictionary_Saisiyat_xsy.xml,老師,teacher,,GLOSBE_DICT_GROUP_436f9d4e0ab563f0,teacher,primary,https://glosbe.com/xsy/en/kamatortoroe%27,data/raw/html/static/xsy_en/kamatortoroe%27.html
GLOSBE_DICT_f5d7a15cf3bc0142,"xsy,en",kamatotoroe',professor,keep_in_xml,gloss_unmapped,ildrf_source_attested_gloss_unmapped,yes,Final_XML/Saisiyat/Dictionary_Saisiyat_xsy.xml,副教授; 教授,professor,,GLOSBE_DICT_GROUP_a18795b6b9e6b557,professor,primary,https://glosbe.com/xsy/en/kamatotoroe%27,data/raw/html/static/xsy_en/kamatotoroe%27.html
GLOSBE_DICT_bd939ab2152238d6,"xsy,en",kamsiyolang,Hokkien,keep_in_xml,target_supported_by_mapping,ildrf_source_attested_target_supported_by_mapping,yes,Final_XML/Saisiyat/Dictionary_Saisiyat_xsy.xml,閩南人,Hokkien; Hoklo,人; 閩南人,GLOSBE_DICT_GROUP_65b1e21176aecd8a,Hokkien,primary,https://glosbe.com/xsy/en/kamsiyolang,data/raw/html/static/xsy_en/kamsiyolang.html
GLOSBE_DICT_d8a54274947781b3,"xsy,en",kamsiyolang,Hoklo,keep_in_xml,target_supported_by_mapping,ildrf_source_attested_target_supported_by_mapping,yes,Final_XML/Saisiyat/Dictionary_Saisiyat_xsy.xml,閩南人,Hokkien; Hoklo,人; 閩南人,GLOSBE_DICT_GROUP_65b1e21176aecd8a,Hoklo,alt,https://glosbe.com/xsy/en/kamsiyolang,data/raw/html/static/xsy_en/kamsiyolang.html
GLOSBE_DICT_c7a70bd682c421d9,"xsy,en",kangkang,can,keep_in_xml,gloss_unmapped,ildrf_source_attested_gloss_unmapped,yes,Final_XML/Saisiyat/Dictionary_Saisiyat_xsy.xml,罐子,can,,GLOSBE_DICT_GROUP_4b6e06b9c462941b,can,primary,https://glosbe.com/xsy/en/kangkang,data/raw/html/static/xsy_en/kangkang.html
GLOSBE_DICT_6c2e9e5b7abd520c,"xsy,en",kano',What,keep_in_xml,gloss_unmapped,ildrf_source_attested_gloss_unmapped,yes,Final_XML/Saisiyat/Dictionary_Saisiyat_xsy.xml,什麼,What,,GLOSBE_DICT_GROUP_c42d1bae104de1e5,What,primary,https://glosbe.com/xsy/en/kano%27,data/raw/html/static/xsy_en/kano%27.html
GLOSBE_DICT_c934c4605508c349,"xsy,en",kano'a'o:la',abominable,keep_in_xml,gloss_unmapped,ildrf_source_attested_gloss_unmapped,yes,Final_XML/Saisiyat/Dictionary_Saisiyat_xsy.xml,可惡,abominable,,GLOSBE_DICT_GROUP_a6e60142a3722c6d,abominable,primary,https://glosbe.com/xsy/en/kano%27a%27o%3Ala%27,data/raw/html/static/xsy_en/kano%27a%27o%3Ala%27.html
GLOSBE_DICT_902a38e27cf8f8d4,"xsy,en",kapa'inrika:an,microwave oven,keep_in_xml,gloss_unmapped,ildrf_source_attested_gloss_unmapped,yes,Final_XML/Saisiyat/Dictionary_Saisiyat_xsy.xml,微波爐,microwave oven,,GLOSBE_DICT_GROUP_46ccb47d914a839a,microwave oven,primary,https://glosbe.com/xsy/en/kapa%27inrika%3Aan,data/raw/html/static/xsy_en/kapa%27inrika%3Aan.html
GLOSBE_DICT_c3413a70c73d1f38,"xsy,en",kapaSankateng ka kina:at,stapler,keep_in_xml,gloss_unmapped,ildrf_source_attested_gloss_unmapped,yes,Final_XML/Saisiyat/Dictionary_Saisiyat_xsy.xml,釘書機,stapler,,GLOSBE_DICT_GROUP_6d041af306038095,stapler,primary,https://glosbe.com/xsy/en/kapaSankateng%20ka%20kina%3Aat,data/raw/html/static/xsy_en/kapaSankateng%20ka%20kina%3Aat.html
GLOSBE_DICT_ae3904e7da080421,"xsy,en",kapaSanlazem ti'a',brooch,keep_in_xml,gloss_unmapped,ildrf_source_attested_gloss_unmapped,yes,Final_XML/Saisiyat/Dictionary_Saisiyat_xsy.xml,別針(胸花),brooch,,GLOSBE_DICT_GROUP_cba64393c960a9d2,brooch,primary,https://glosbe.com/xsy/en/kapaSanlazem%20ti%27a%27,data/raw/html/static/xsy_en/kapaSanlazem%20ti%27a%27.html
GLOSBE_DICT_3ac72bb45d19e7fc,"xsy,en",kapaSihingha’ kaSepe:an,percentage,keep_in_xml,gloss_unmapped,ildrf_source_attested_gloss_unmapped,yes,Final_XML/Saisiyat/Dictionary_Saisiyat_xsy.xml,百分比(%),percentage,,GLOSBE_DICT_GROUP_f5ec72f669d8b36d,percentage,primary,https://glosbe.com/xsy/en/kapaSihingha%E2%80%99%20kaSepe%3Aan,data/raw/html/static/xsy_en/kapaSihingha%E2%80%99%20kaSepe%3Aan.html
GLOSBE_DICT_0ffd812c67b9c5d0,"xsy,en",kapaSlo: 'aewhaeS,mouse,keep_in_xml,gloss_unmapped,ildrf_source_attested_gloss_unmapped,yes,Final_XML/Saisiyat/Dictionary_Saisiyat_xsy.xml,滑鼠(電腦),mouse,,GLOSBE_DICT_GROUP_655cef636bf8e2f1,mouse,primary,https://glosbe.com/xsy/en/kapaSlo%3A%20%27aewhaeS,data/raw/html/static/xsy_en/kapaSlo%3A%20%27aewhaeS.html
GLOSBE_DICT_b1937e9ab41781b5,"xsy,en",kapahiyo',torch,keep_in_xml,gloss_unmapped,ildrf_source_attested_gloss_unmapped,yes,Final_XML/Saisiyat/Dictionary_Saisiyat_xsy.xml,燈具; 電燈,torch,,GLOSBE_DICT_GROUP_1cd517effbf4b08a,torch,primary,https://glosbe.com/xsy/en/kapahiyo%27,data/raw/html/static/xsy_en/kapahiyo%27.html
GLOSBE_DICT_426edc226ab28e02,"xsy,en",kapak’apoehan ka bekeS,hair dryer,keep_in_xml,gloss_unmapped,ildrf_source_attested_gloss_unmapped,yes,Final_XML/Saisiyat/Dictionary_Saisiyat_xsy.xml,吹風機,hair dryer,,GLOSBE_DICT_GROUP_8de7ea5f846f08de,hair dryer,primary,https://glosbe.com/xsy/en/kapak%E2%80%99apoehan%20ka%20bekeS,data/raw/html/static/xsy_en/kapak%E2%80%99apoehan%20ka%20bekeS.html
GLOSBE_DICT_80de1e2c6161f3af,"xsy,en",kapaka:i'an mae'iyaeh,witness,keep_in_xml,target_supported_by_mapping,ildrf_source_attested_target_supported_by_mapping,yes,Final_XML/Saisiyat/Dictionary_Saisiyat_xsy.xml,證人(法庭),witness,人; 證人,GLOSBE_DICT_GROUP_073290332ba8e68c,witness,primary,https://glosbe.com/xsy/en/kapaka%3Ai%27an%20mae%27iyaeh,data/raw/html/static/xsy_en/kapaka%3Ai%27an%20mae%27iyaeh.html
GLOSBE_DICT_40d5f301e239f546,"xsy,en",kapanra:anan,procedure,keep_in_xml,target_supported_by_mapping,ildrf_source_attested_target_supported_by_mapping,yes,Final_XML/Saisiyat/Dictionary_Saisiyat_xsy.xml,走的路,procedure,走的路; 路,GLOSBE_DICT_GROUP_ad61d6f4ec9af382,procedure,primary,https://glosbe.com/xsy/en/kapanra%3Aanan,data/raw/html/static/xsy_en/kapanra%3Aanan.html
GLOSBE_DICT_e8b0a040a9438679,"xsy,en",kapapazengan ka hapoy,fire extinguisher,keep_in_xml,gloss_unmapped,ildrf_source_attested_gloss_unmapped,yes,Final_XML/Saisiyat/Dictionary_Saisiyat_xsy.xml,滅火器,fire extinguisher,,GLOSBE_DICT_GROUP_2e40b6280040f93c,fire extinguisher,primary,https://glosbe.com/xsy/en/kapapazengan%20ka%20hapoy,data/raw/html/static/xsy_en/kapapazengan%20ka%20hapoy.html
GLOSBE_DICT_36787318fa3f8e5d,"xsy,en",kaparpe:,glue,keep_in_xml,gloss_unmapped,ildrf_source_attested_gloss_unmapped,yes,Final_XML/Saisiyat/Dictionary_Saisiyat_xsy.xml,膠水,glue,,GLOSBE_DICT_GROUP_a9c9726d312d30ce,glue,primary,https://glosbe.com/xsy/en/kaparpe%3A,data/raw/html/static/xsy_en/kaparpe%3A.html
GLOSBE_DICT_df6fa08793e1a248,"xsy,en",kapasiya'an,incubator,keep_in_xml,gloss_unmapped,ildrf_source_attested_gloss_unmapped,yes,Final_XML/Saisiyat/Dictionary_Saisiyat_xsy.xml,孵蛋處,incubator,,GLOSBE_DICT_GROUP_9ce7dd0309b725e4,incubator,primary,https://glosbe.com/xsy/en/kapasiya%27an,data/raw/html/static/xsy_en/kapasiya%27an.html
GLOSBE_DICT_80baf46c3153a504,"xsy,en",kapawkongas,toilet paper,keep_in_xml,gloss_unmapped,ildrf_source_attested_gloss_unmapped,yes,Final_XML/Saisiyat/Dictionary_Saisiyat_xsy.xml,衛生紙,toilet paper,,GLOSBE_DICT_GROUP_24095ebe38a7c36f,toilet paper,primary,https://glosbe.com/xsy/en/kapawkongas,data/raw/html/static/xsy_en/kapawkongas.html
GLOSBE_DICT_5f59c5ffd7449221,"xsy,en",kapayhaepoyan kae'er,utility pole,keep_in_xml,source_not_attested,source_not_attested_in_ildrf_reference,no,,,utility pole,,GLOSBE_DICT_GROUP_ab7a6c5c6b36d0a5,utility pole,primary,https://glosbe.com/xsy/en/kapayhaepoyan%20kae%27er,data/raw/html/static/xsy_en/kapayhaepoyan%20kae%27er.html
GLOSBE_DICT_b7dded703406dff0,"xsy,en",kapayhaepoyan,wire,keep_in_xml,gloss_unmapped,ildrf_source_attested_gloss_unmapped,yes,Final_XML/Saisiyat/Dictionary_Saisiyat_xsy.xml,電線,wire,,GLOSBE_DICT_GROUP_8bc9c958aa7665c4,wire,primary,https://glosbe.com/xsy/en/kapayhaepoyan,data/raw/html/static/xsy_en/kapayhaepoyan.html
GLOSBE_DICT_4b1199e1a0c33279,"xsy,en",kapaymae'iyaehan,pedestrian crossing,keep_in_xml,target_supported_by_mapping,ildrf_source_attested_target_supported_by_mapping,yes,Final_XML/Saisiyat/Dictionary_Saisiyat_xsy.xml,人行道; 斑馬線,pedestrian crossing; crosswalk,人; 人行道; 斑馬線,GLOSBE_DICT_GROUP_3159eff71ce57050,pedestrian crossing,primary,https://glosbe.com/xsy/en/kapaymae%27iyaehan,data/raw/html/static/xsy_en/kapaymae%27iyaehan.html
GLOSBE_DICT_52f3ae8d889c11d6,"xsy,en",kapaymae’iyaehan,crosswalk,keep_in_xml,different_from_mapping,ildrf_source_attested_target_differs_from_mapping,yes,Final_XML/Saisiyat/Dictionary_Saisiyat_xsy.xml,人行道; 斑馬線,pedestrian crossing; crosswalk,人; 人行道; 斑馬線,GLOSBE_DICT_GROUP_3159eff71ce57050,crosswalk,alt,https://glosbe.com/xsy/en/kapaymae%E2%80%99iyaehan,data/raw/html/static/xsy_en/kapaymae%E2%80%99iyaehan.html
GLOSBE_DICT_ac3c189374c423f2,"xsy,en",kaphoel,sumac,keep_in_xml,gloss_unmapped,ildrf_source_attested_gloss_unmapped,yes,Final_XML/Saisiyat/Dictionary_Saisiyat_xsy.xml,鹽膚木,sumac,,GLOSBE_DICT_GROUP_02264b286c840458,sumac,primary,https://glosbe.com/xsy/en/kaphoel,data/raw/html/static/xsy_en/kaphoel.html
GLOSBE_DICT_78aea9555848b1e6,"xsy,en",karim'aenan,daytime,keep_in_xml,gloss_unmapped,ildrf_source_attested_gloss_unmapped,yes,Final_XML/Saisiyat/Dictionary_Saisiyat_xsy.xml,上午; 上午（過去）,daytime,,GLOSBE_DICT_GROUP_3e4c10f3902e08e9,daytime,primary,https://glosbe.com/xsy/en/karim%27aenan,data/raw/html/static/xsy_en/karim%27aenan.html
GLOSBE_DICT_3dbf3b4636117263,"xsy,en",karotonan ka kakrangi’an,museum,keep_in_xml,gloss_unmapped,ildrf_source_attested_gloss_unmapped,yes,Final_XML/Saisiyat/Dictionary_Saisiyat_xsy.xml,博物館,museum,,GLOSBE_DICT_GROUP_0be8f834d96c73d6,museum,primary,https://glosbe.com/xsy/en/karotonan%20ka%20kakrangi%E2%80%99an,data/raw/html/static/xsy_en/karotonan%20ka%20kakrangi%E2%80%99an.html
GLOSBE_DICT_a3dbfa0cb40f7944,"xsy,en",kasenge:en,soaked,keep_in_xml,gloss_unmapped,ildrf_source_attested_gloss_unmapped,yes,Final_XML/Saisiyat/Dictionary_Saisiyat_xsy.xml,泡在水裡（受事,soaked,,GLOSBE_DICT_GROUP_834c61a6947f523d,soaked,primary,https://glosbe.com/xsy/en/kasenge%3Aen,data/raw/html/static/xsy_en/kasenge%3Aen.html
GLOSBE_DICT_a9fc46a4fc14998e,"xsy,en",kasepe:an,calculator,keep_in_xml,gloss_unmapped,ildrf_source_attested_gloss_unmapped,yes,Final_XML/Saisiyat/Dictionary_Saisiyat_xsy.xml,時間; 計算機,calculator,,GLOSBE_DICT_GROUP_40e5dda1804bf5ab,calculator,primary,https://glosbe.com/xsy/en/kasepe%3Aan,data/raw/html/static/xsy_en/kasepe%3Aan.html
GLOSBE_DICT_877e831a0d2ff36d,"xsy,en",kashaw,tea,keep_in_xml,gloss_unmapped,ildrf_source_attested_gloss_unmapped,yes,Final_XML/Saisiyat/Dictionary_Saisiyat_xsy.xml,茶,tea,,GLOSBE_DICT_GROUP_cfb81338c9041808,tea,primary,https://glosbe.com/xsy/en/kashaw,data/raw/html/static/xsy_en/kashaw.html
GLOSBE_DICT_c74ff9ece9a5e33e,"xsy,en",kaspengan,culture,keep_in_xml,gloss_unmapped,ildrf_source_attested_gloss_unmapped,yes,Final_XML/Saisiyat/Dictionary_Saisiyat_xsy.xml,傳統儀式; 文化,culture,,GLOSBE_DICT_GROUP_78a07a9014277a22,culture,primary,https://glosbe.com/xsy/en/kaspengan,data/raw/html/static/xsy_en/kaspengan.html
GLOSBE_DICT_495924945670aa24,"xsy,en",kata'owan,toilet,keep_in_xml,gloss_unmapped,ildrf_source_attested_gloss_unmapped,yes,Final_XML/Saisiyat/Dictionary_Saisiyat_xsy.xml,廁所,toilet,,GLOSBE_DICT_GROUP_033a383653e01231,toilet,primary,https://glosbe.com/xsy/en/kata%27owan,data/raw/html/static/xsy_en/kata%27owan.html
GLOSBE_DICT_98fc4ef74b3d9bb3,"xsy,en",kataSipiyakan ka tiyanaw,keyboard,keep_in_xml,gloss_unmapped,ildrf_source_attested_gloss_unmapped,yes,Final_XML/Saisiyat/Dictionary_Saisiyat_xsy.xml,鍵盤(電腦),keyboard,,GLOSBE_DICT_GROUP_ea434c31d928995f,keyboard,primary,https://glosbe.com/xsy/en/kataSipiyakan%20ka%20tiyanaw,data/raw/html/static/xsy_en/kataSipiyakan%20ka%20tiyanaw.html
GLOSBE_DICT_12794bd07f816f26,"xsy,en",katal'izaehan ka kina:at,folder,keep_in_xml,gloss_unmapped,ildrf_source_attested_gloss_unmapped,yes,Final_XML/Saisiyat/Dictionary_Saisiyat_xsy.xml,文件夾(整理、放置文件),folder,,GLOSBE_DICT_GROUP_63995d605cf60dfb,folder,primary,https://glosbe.com/xsy/en/katal%27izaehan%20ka%20kina%3Aat,data/raw/html/static/xsy_en/katal%27izaehan%20ka%20kina%3Aat.html
GLOSBE_DICT_5e111c990e829386,"xsy,en",katboS,sugarcane,keep_in_xml,gloss_unmapped,ildrf_source_attested_gloss_unmapped,yes,Final_XML/Saisiyat/Dictionary_Saisiyat_xsy.xml,甘蔗,sugarcane,,GLOSBE_DICT_GROUP_4c3ac7ff5699ec4a,sugarcane,primary,https://glosbe.com/xsy/en/katboS,data/raw/html/static/xsy_en/katboS.html
GLOSBE_DICT_4fc74db42cb16e35,"xsy,en",katiSpongaehan,vase,keep_in_xml,gloss_unmapped,ildrf_source_attested_gloss_unmapped,yes,Final_XML/Saisiyat/Dictionary_Saisiyat_xsy.xml,花器,vase,,GLOSBE_DICT_GROUP_9f28f7136982f246,vase,primary,https://glosbe.com/xsy/en/katiSpongaehan,data/raw/html/static/xsy_en/katiSpongaehan.html
GLOSBE_DICT_3446bbe9f2d34521,"xsy,en",katiSrayhilan,wallet,keep_in_xml,target_supported_by_mapping,ildrf_source_attested_target_supported_by_mapping,yes,Final_XML/Saisiyat/Dictionary_Saisiyat_xsy.xml,錢包,wallet,錢; 錢包,GLOSBE_DICT_GROUP_2d3aa35e99ca7359,wallet,primary,https://glosbe.com/xsy/en/katiSrayhilan,data/raw/html/static/xsy_en/katiSrayhilan.html
GLOSBE_DICT_77b05f2df80f4010,"xsy,en",katikama’an ’ilibita’,escalator,keep_in_xml,gloss_unmapped,ildrf_source_attested_gloss_unmapped,yes,Final_XML/Saisiyat/Dictionary_Saisiyat_xsy.xml,電扶梯,escalator,,GLOSBE_DICT_GROUP_b37082ae12e8f46f,escalator,primary,https://glosbe.com/xsy/en/katikama%E2%80%99an%20%E2%80%99ilibita%E2%80%99,data/raw/html/static/xsy_en/katikama%E2%80%99an%20%E2%80%99ilibita%E2%80%99.html
GLOSBE_DICT_4db8da34920ac2c1,"xsy,en",katintin,scale,keep_in_xml,gloss_unmapped,ildrf_source_attested_gloss_unmapped,yes,Final_XML/Saisiyat/Dictionary_Saisiyat_xsy.xml,秤子,scale,,GLOSBE_DICT_GROUP_f96fca3e749fae2f,scale,primary,https://glosbe.com/xsy/en/katintin,data/raw/html/static/xsy_en/katintin.html
GLOSBE_DICT_c531b131d44a37ba,"xsy,en",kawaS,atmosphere,keep_in_xml,gloss_unmapped,ildrf_source_attested_gloss_unmapped,yes,Final_XML/Saisiyat/Dictionary_Saisiyat_xsy.xml,大氣層; 天氣; 天空; 筋,atmosphere,,GLOSBE_DICT_GROUP_e7acc6c67453c4bf,atmosphere,primary,https://glosbe.com/xsy/en/kawaS,data/raw/html/static/xsy_en/kawaS.html
GLOSBE_DICT_f0f54bc35a36e1db,"xsy,en",kawash,sky,keep_in_xml,source_not_attested,source_not_attested_in_ildrf_reference,no,,,sky,,GLOSBE_DICT_GROUP_ec34dee68c3b7572,sky,primary,https://glosbe.com/xsy/en/kawash,data/raw/html/static/xsy_en/kawash.html
GLOSBE_DICT_e9854c2cf4a464ff,"xsy,en",kawnamae'mae'iyaehan,uterus,keep_in_xml,gloss_unmapped,ildrf_source_attested_gloss_unmapped,yes,Final_XML/Saisiyat/Dictionary_Saisiyat_xsy.xml,子宮,uterus,,GLOSBE_DICT_GROUP_8cf3554a88e4fdb4,uterus,primary,https://glosbe.com/xsy/en/kawnamae%27mae%27iyaehan,data/raw/html/static/xsy_en/kawnamae%27mae%27iyaehan.html
GLOSBE_DICT_69f224ce9bfe2bc9,"xsy,en",kayi',left,keep_in_xml,target_supported_by_mapping,ildrf_source_attested_target_supported_by_mapping,yes,Final_XML/Saisiyat/Dictionary_Saisiyat_xsy.xml,左手; 左邊,left,手; 左手; 左邊,GLOSBE_DICT_GROUP_ca3ae3b39292a14e,left,primary,https://glosbe.com/xsy/en/kayi%27,data/raw/html/static/xsy_en/kayi%27.html
GLOSBE_DICT_6808d83af2c76632,"xsy,en",kaypatonay,calcium,keep_in_xml,gloss_unmapped,ildrf_source_attested_gloss_unmapped,yes,Final_XML/Saisiyat/Dictionary_Saisiyat_xsy.xml,鈣,calcium,,GLOSBE_DICT_GROUP_8a9f4b4673106a5f,calcium,primary,https://glosbe.com/xsy/en/kaypatonay,data/raw/html/static/xsy_en/kaypatonay.html
GLOSBE_DICT_049e0f58821703b2,"xsy,en",kaysa'an,today,keep_in_xml,gloss_unmapped,ildrf_source_attested_gloss_unmapped,yes,Final_XML/Saisiyat/Dictionary_Saisiyat_xsy.xml,今天; 剛剛,today,,GLOSBE_DICT_GROUP_eb5d21a91d6b19fe,today,primary,https://glosbe.com/xsy/en/kaysa%27an,data/raw/html/static/xsy_en/kaysa%27an.html
GLOSBE_DICT_a92da3b3c35c1ae3,"xsy,en",kayzaeh,can,keep_in_xml,target_supported_by_mapping,ildrf_source_attested_target_supported_by_mapping,yes,Final_XML/Saisiyat/Dictionary_Saisiyat_xsy.xml,可以(做某事); 好; 好(指沒問題); 好的; 能夠,can; good,好(指沒問題); 好的; 好; 可以; 能夠,GLOSBE_DICT_GROUP_3729ac8c45d2b6ae,can,primary,https://glosbe.com/xsy/en/kayzaeh,data/raw/html/static/xsy_en/kayzaeh.html
GLOSBE_DICT_cd2a781c0695df6a,"xsy,en",kayzaeh,good,keep_in_xml,target_supported_by_mapping,ildrf_source_attested_target_supported_by_mapping,yes,Final_XML/Saisiyat/Dictionary_Saisiyat_xsy.xml,可以(做某事); 好; 好(指沒問題); 好的; 能夠,can; good,好(指沒問題); 好的; 好; 可以; 能夠,GLOSBE_DICT_GROUP_3729ac8c45d2b6ae,good,alt,https://glosbe.com/xsy/en/kayzaeh,data/raw/html/static/xsy_en/kayzaeh.html
GLOSBE_DICT_fdd474b19bc5780a,"xsy,en",kekeke:,shiver,keep_in_xml,gloss_unmapped,ildrf_source_attested_gloss_unmapped,yes,Final_XML/Saisiyat/Dictionary_Saisiyat_xsy.xml,發抖貌,shiver,,GLOSBE_DICT_GROUP_a65f83670e9ce48c,shiver,primary,https://glosbe.com/xsy/en/kekeke%3A,data/raw/html/static/xsy_en/kekeke%3A.html
GLOSBE_DICT_3b7ade362fb317d4,"xsy,en",kerpe:,fertile,keep_in_xml,gloss_unmapped,ildrf_source_attested_gloss_unmapped,yes,Final_XML/Saisiyat/Dictionary_Saisiyat_xsy.xml,肥沃; 胖; 胖(身形),fertile,,GLOSBE_DICT_GROUP_94a92c167d826bd5,fertile,primary,https://glosbe.com/xsy/en/kerpe%3A,data/raw/html/static/xsy_en/kerpe%3A.html
GLOSBE_DICT_7c6a1c46f123b8e7,"xsy,en",ki:im,find,keep_in_xml,gloss_unmapped,ildrf_source_attested_gloss_unmapped,yes,Final_XML/Saisiyat/Dictionary_Saisiyat_xsy.xml,尋找; 找,find,,GLOSBE_DICT_GROUP_b0aca7662de9b637,find,primary,https://glosbe.com/xsy/en/ki%3Aim,data/raw/html/static/xsy_en/ki%3Aim.html
GLOSBE_DICT_21e217e5d0d725b3,"xsy,en",ki,and,keep_in_xml,target_supported_by_mapping,ildrf_source_attested_target_supported_by_mapping,yes,Final_XML/Saisiyat/Dictionary_Saisiyat_xsy.xml,和,and,和,GLOSBE_DICT_GROUP_e6c327a6ba1b9b26,and,primary,https://glosbe.com/xsy/en/ki,data/raw/html/static/xsy_en/ki.html
GLOSBE_DICT_47fee3420e92ddc4,"xsy,en",kikinhowaey,foundation,keep_in_xml,gloss_unmapped,ildrf_source_attested_gloss_unmapped,yes,Final_XML/Saisiyat/Dictionary_Saisiyat_xsy.xml,基金會,foundation,,GLOSBE_DICT_GROUP_80b2ce31894c30ae,foundation,primary,https://glosbe.com/xsy/en/kikinhowaey,data/raw/html/static/xsy_en/kikinhowaey.html
GLOSBE_DICT_b8bd2b5e7c0d44c1,"xsy,en",kil,with,keep_in_xml,target_supported_by_mapping,ildrf_source_attested_target_supported_by_mapping,yes,Final_XML/Saisiyat/Dictionary_Saisiyat_xsy.xml,和（多數）,with,和,GLOSBE_DICT_GROUP_f8b7f7eb691a4199,with,primary,https://glosbe.com/xsy/en/kil,data/raw/html/static/xsy_en/kil.html
GLOSBE_DICT_71a16ee1ce229456,"xsy,en",kim bintoe'an,Venus,keep_in_xml,gloss_unmapped,ildrf_source_attested_gloss_unmapped,yes,Final_XML/Saisiyat/Dictionary_Saisiyat_xsy.xml,金星,Venus,,GLOSBE_DICT_GROUP_07d9ca31897634dd,Venus,primary,https://glosbe.com/xsy/en/kim%20bintoe%27an,data/raw/html/static/xsy_en/kim%20bintoe%27an.html
GLOSBE_DICT_c8132a319d2853cd,"xsy,en",kinSat,police,keep_in_xml,gloss_unmapped,ildrf_source_attested_gloss_unmapped,yes,Final_XML/Saisiyat/Dictionary_Saisiyat_xsy.xml,警察,police,,GLOSBE_DICT_GROUP_9ec24bb62e383d82,police,primary,https://glosbe.com/xsy/en/kinSat,data/raw/html/static/xsy_en/kinSat.html
GLOSBE_DICT_ac7c33760a23a5b4,"xsy,en",kinayraroSa' tatre',inch,keep_in_xml,different_from_mapping,ildrf_source_attested_target_differs_from_mapping,yes,Final_XML/Saisiyat/Dictionary_Saisiyat_xsy.xml,一吋,inch,一,GLOSBE_DICT_GROUP_c07ba76247ad8730,inch,primary,https://glosbe.com/xsy/en/kinayraroSa%27%20tatre%27,data/raw/html/static/xsy_en/kinayraroSa%27%20tatre%27.html
GLOSBE_DICT_e21dd6ec966cbeae,"xsy,en",kinita',opinion,keep_in_xml,source_not_attested,source_not_attested_in_ildrf_reference,no,,,opinion,,GLOSBE_DICT_GROUP_d2a68a3832b3e672,opinion,primary,https://glosbe.com/xsy/en/kinita%27,data/raw/html/static/xsy_en/kinita%27.html
GLOSBE_DICT_b5caa27ec704f423,"xsy,en",kinkaboehoelban,million,keep_in_xml,gloss_unmapped,ildrf_source_attested_gloss_unmapped,yes,Final_XML/Saisiyat/Dictionary_Saisiyat_xsy.xml,百萬,million,,GLOSBE_DICT_GROUP_4eb9fbcd25de15ce,million,primary,https://glosbe.com/xsy/en/kinkaboehoelban,data/raw/html/static/xsy_en/kinkaboehoelban.html
GLOSBE_DICT_4fdba39a89ac9788,"xsy,en",kitiyae',beggar,keep_in_xml,gloss_unmapped,ildrf_source_attested_gloss_unmapped,yes,Final_XML/Saisiyat/Dictionary_Saisiyat_xsy.xml,乞丐,beggar,,GLOSBE_DICT_GROUP_d5589ab8e49ff37f,beggar,primary,https://glosbe.com/xsy/en/kitiyae%27,data/raw/html/static/xsy_en/kitiyae%27.html
GLOSBE_DICT_58d934ab7325d5ee,"xsy,en",koko',grandmother,keep_in_xml,target_supported_by_mapping,ildrf_source_attested_target_supported_by_mapping,yes,Final_XML/Saisiyat/Dictionary_Saisiyat_xsy.xml,女性長輩(祖母; 奶奶; 腎臟,grandmother; kidney,女性; 祖母; 奶奶; 腎臟,GLOSBE_DICT_GROUP_a92843a75fd27723,grandmother,primary,https://glosbe.com/xsy/en/koko%27,data/raw/html/static/xsy_en/koko%27.html
GLOSBE_DICT_27cefcca789fc03d,"xsy,en",koko',kidney,keep_in_xml,target_supported_by_mapping,ildrf_source_attested_target_supported_by_mapping,yes,Final_XML/Saisiyat/Dictionary_Saisiyat_xsy.xml,女性長輩(祖母; 奶奶; 腎臟,grandmother; kidney,女性; 祖母; 奶奶; 腎臟,GLOSBE_DICT_GROUP_a92843a75fd27723,kidney,alt,https://glosbe.com/xsy/en/koko%27,data/raw/html/static/xsy_en/koko%27.html
GLOSBE_DICT_d2a270285353f615,"xsy,en",kola',cola,keep_in_xml,gloss_unmapped,ildrf_source_attested_gloss_unmapped,yes,Final_XML/Saisiyat/Dictionary_Saisiyat_xsy.xml,可樂,cola,,GLOSBE_DICT_GROUP_9931710828d61b9f,cola,primary,https://glosbe.com/xsy/en/kola%27,data/raw/html/static/xsy_en/kola%27.html
GLOSBE_DICT_67cae6e4efc89e87,"xsy,en",komerker,hoe,keep_in_xml,gloss_unmapped,ildrf_source_attested_gloss_unmapped,yes,Final_XML/Saisiyat/Dictionary_Saisiyat_xsy.xml,用小鍬鏟土; 鋤草,hoe,,GLOSBE_DICT_GROUP_c76c6498b08eae38,hoe,primary,https://glosbe.com/xsy/en/komerker,data/raw/html/static/xsy_en/komerker.html
GLOSBE_DICT_e42b80ae9e3e75d5,"xsy,en",kongke',gram,keep_in_xml,gloss_unmapped,ildrf_source_attested_gloss_unmapped,yes,Final_XML/Saisiyat/Dictionary_Saisiyat_xsy.xml,公克,gram,,GLOSBE_DICT_GROUP_4f23e178e731da93,gram,primary,https://glosbe.com/xsy/en/kongke%27,data/raw/html/static/xsy_en/kongke%27.html
GLOSBE_DICT_368056a9d83b4d0d,"xsy,en",kongkoli',concrete,keep_in_xml,gloss_unmapped,ildrf_source_attested_gloss_unmapped,yes,Final_XML/Saisiyat/Dictionary_Saisiyat_xsy.xml,水泥（日語借詞）,concrete,,GLOSBE_DICT_GROUP_aab15c694a797d1e,concrete,primary,https://glosbe.com/xsy/en/kongkoli%27,data/raw/html/static/xsy_en/kongkoli%27.html
GLOSBE_DICT_e90b00df89b2b32d,"xsy,en",kongton,tonne,keep_in_xml,gloss_unmapped,ildrf_source_attested_gloss_unmapped,yes,Final_XML/Saisiyat/Dictionary_Saisiyat_xsy.xml,公噸,tonne,,GLOSBE_DICT_GROUP_68dc95b253f9d686,tonne,primary,https://glosbe.com/xsy/en/kongton,data/raw/html/static/xsy_en/kongton.html
GLOSBE_DICT_f98f5c992e82829c,"xsy,en",konon,hammer,keep_in_xml,gloss_unmapped,ildrf_source_attested_gloss_unmapped,yes,Final_XML/Saisiyat/Dictionary_Saisiyat_xsy.xml,鐵鎚,hammer,,GLOSBE_DICT_GROUP_2b35cb14f6f3de35,hammer,primary,https://glosbe.com/xsy/en/konon,data/raw/html/static/xsy_en/konon.html
GLOSBE_DICT_b454fc6b86672b61,"xsy,en",kopoehan,fluffy,keep_in_xml,gloss_unmapped,ildrf_source_attested_gloss_unmapped,yes,Final_XML/Saisiyat/Dictionary_Saisiyat_xsy.xml,綿蜜,fluffy,,GLOSBE_DICT_GROUP_ef7cdfab9deb77f2,fluffy,primary,https://glosbe.com/xsy/en/kopoehan,data/raw/html/static/xsy_en/kopoehan.html
GLOSBE_DICT_96a7b411617b624d,"xsy,en",koriSmaS,Christmas,keep_in_xml,gloss_unmapped,ildrf_source_attested_gloss_unmapped,yes,Final_XML/Saisiyat/Dictionary_Saisiyat_xsy.xml,聖誕節,Christmas,,GLOSBE_DICT_GROUP_24c643cb8c9765ee,Christmas,primary,https://glosbe.com/xsy/en/koriSmaS,data/raw/html/static/xsy_en/koriSmaS.html
GLOSBE_DICT_be571602b6462828,"xsy,en",koroma',car,keep_in_xml,gloss_unmapped,ildrf_source_attested_gloss_unmapped,yes,Final_XML/Saisiyat/Dictionary_Saisiyat_xsy.xml,車子（日本借詞）,car,,GLOSBE_DICT_GROUP_4f57b22b4d1fa6ee,car,primary,https://glosbe.com/xsy/en/koroma%27,data/raw/html/static/xsy_en/koroma%27.html
GLOSBE_DICT_cd8ec964fb044841,"xsy,en",laleke:,phone,keep_in_xml,target_supported_by_mapping,ildrf_source_attested_target_supported_by_mapping,yes,Final_XML/Saisiyat/Dictionary_Saisiyat_xsy.xml,手機; 電話,phone,話; 電話; 手機; 手,GLOSBE_DICT_GROUP_0748922a60e94b33,phone,primary,https://glosbe.com/xsy/en/laleke%3A,data/raw/html/static/xsy_en/laleke%3A.html
GLOSBE_DICT_955a692097d0326c,"xsy,en",laliw,earthquake,keep_in_xml,gloss_unmapped,ildrf_source_attested_gloss_unmapped,yes,Final_XML/Saisiyat/Dictionary_Saisiyat_xsy.xml,地震,earthquake,,GLOSBE_DICT_GROUP_af5c118492827474,earthquake,primary,https://glosbe.com/xsy/en/laliw,data/raw/html/static/xsy_en/laliw.html
GLOSBE_DICT_0aa93bcd20c784d9,"xsy,en",lapowar,guava,keep_in_xml,gloss_unmapped,ildrf_source_attested_gloss_unmapped,yes,Final_XML/Saisiyat/Dictionary_Saisiyat_xsy.xml,番石榴/芭樂; 芭樂,guava,,GLOSBE_DICT_GROUP_31809445c9deb095,guava,primary,https://glosbe.com/xsy/en/lapowar,data/raw/html/static/xsy_en/lapowar.html
GLOSBE_DICT_3bba9285adae68a5,"xsy,en",libangmaeta',cubic metre,keep_in_xml,gloss_unmapped,ildrf_source_attested_gloss_unmapped,yes,Final_XML/Saisiyat/Dictionary_Saisiyat_xsy.xml,立方公尺,cubic metre,,GLOSBE_DICT_GROUP_3af33dcdcb218ace,cubic metre,primary,https://glosbe.com/xsy/en/libangmaeta%27,data/raw/html/static/xsy_en/libangmaeta%27.html
GLOSBE_DICT_a5a3454b78ee1579,"xsy,en",libangmasa',cubic centimetre,keep_in_xml,source_not_attested,source_not_attested_in_ildrf_reference,no,,,cubic centimetre,,GLOSBE_DICT_GROUP_bf879f6b92a66265,cubic centimetre,primary,https://glosbe.com/xsy/en/libangmasa%27,data/raw/html/static/xsy_en/libangmasa%27.html
GLOSBE_DICT_77641c1d5fab8554,"xsy,en",libo,nest,keep_in_xml,source_not_attested,source_not_attested_in_ildrf_reference,no,,,nest,,GLOSBE_DICT_GROUP_5ff699eb04c988e4,nest,primary,https://glosbe.com/xsy/en/libo,data/raw/html/static/xsy_en/libo.html
GLOSBE_DICT_b9b618b8d2e3127d,"xsy,en",lilom,pumpkin,keep_in_xml,gloss_unmapped,ildrf_source_attested_gloss_unmapped,yes,Final_XML/Saisiyat/Dictionary_Saisiyat_xsy.xml,南瓜,pumpkin,,GLOSBE_DICT_GROUP_bce96d2208263914,pumpkin,primary,https://glosbe.com/xsy/en/lilom,data/raw/html/static/xsy_en/lilom.html
GLOSBE_DICT_ba7dcdc459f8fd23,"xsy,en",lingking,longan,keep_in_xml,gloss_unmapped,ildrf_source_attested_gloss_unmapped,yes,Final_XML/Saisiyat/Dictionary_Saisiyat_xsy.xml,龍眼（閩南語借詞）,longan,,GLOSBE_DICT_GROUP_cb202b495d2d4476,longan,primary,https://glosbe.com/xsy/en/lingking,data/raw/html/static/xsy_en/lingking.html
GLOSBE_DICT_0dc01c3a2041a4c4,"xsy,en",liyobong,sulphur,keep_in_xml,gloss_unmapped,ildrf_source_attested_gloss_unmapped,yes,Final_XML/Saisiyat/Dictionary_Saisiyat_xsy.xml,硫磺,sulphur,,GLOSBE_DICT_GROUP_78b01de13c3667b7,sulphur,primary,https://glosbe.com/xsy/en/liyobong,data/raw/html/static/xsy_en/liyobong.html
GLOSBE_DICT_fffab0667c24e650,"xsy,en",loe'esh,marrow,keep_in_xml,source_not_attested,source_not_attested_in_ildrf_reference,no,,,marrow,,GLOSBE_DICT_GROUP_dd99fe2a088b46d8,marrow,primary,https://glosbe.com/xsy/en/loe%27esh,data/raw/html/static/xsy_en/loe%27esh.html
GLOSBE_DICT_e862452ca91487fa,"xsy,en",loehoeng,mortar,keep_in_xml,source_not_attested,source_not_attested_in_ildrf_reference,no,,,mortar,,GLOSBE_DICT_GROUP_09b15aeeb030fb34,mortar,primary,https://glosbe.com/xsy/en/loehoeng,data/raw/html/static/xsy_en/loehoeng.html
GLOSBE_DICT_8fd2c5e26bbc7eea,"xsy,en",lomeket,saw,keep_in_xml,gloss_unmapped,ildrf_source_attested_gloss_unmapped,yes,Final_XML/Saisiyat/Dictionary_Saisiyat_xsy.xml,截斷,saw,,GLOSBE_DICT_GROUP_76f9820378c8773a,saw,primary,https://glosbe.com/xsy/en/lomeket,data/raw/html/static/xsy_en/lomeket.html
GLOSBE_DICT_15fb11dbb75a202c,"xsy,en",losoko',candle,keep_in_xml,gloss_unmapped,ildrf_source_attested_gloss_unmapped,yes,Final_XML/Saisiyat/Dictionary_Saisiyat_xsy.xml,蠟燭,candle,,GLOSBE_DICT_GROUP_dbe2b0b7ecdd6792,candle,primary,https://glosbe.com/xsy/en/losoko%27,data/raw/html/static/xsy_en/losoko%27.html
GLOSBE_DICT_91701e2d4ef8fb0f,"xsy,en",ma:bae'soeh,celery,keep_in_xml,gloss_unmapped,ildrf_source_attested_gloss_unmapped,yes,Final_XML/Saisiyat/Dictionary_Saisiyat_xsy.xml,芹菜,celery,,GLOSBE_DICT_GROUP_815353dc843eb584,celery,primary,https://glosbe.com/xsy/en/ma%3Abae%27soeh,data/raw/html/static/xsy_en/ma%3Abae%27soeh.html
GLOSBE_DICT_6887e342a568f5ae,"xsy,en",ma:is,hard,keep_in_xml,gloss_unmapped,ildrf_source_attested_gloss_unmapped,yes,Final_XML/Saisiyat/Dictionary_Saisiyat_xsy.xml,硬,hard,,GLOSBE_DICT_GROUP_f999a76ef28534c2,hard,primary,https://glosbe.com/xsy/en/ma%3Ais,data/raw/html/static/xsy_en/ma%3Ais.html
GLOSBE_DICT_1e773f397f2ebca3,"xsy,en",mae'rem,sleep,keep_in_xml,gloss_unmapped,ildrf_source_attested_gloss_unmapped,yes,Final_XML/Saisiyat/Dictionary_Saisiyat_xsy.xml,睡覺（主事）,sleep,,GLOSBE_DICT_GROUP_76b1201c576f2d28,sleep,primary,https://glosbe.com/xsy/en/mae%27rem,data/raw/html/static/xsy_en/mae%27rem.html
GLOSBE_DICT_e8de8b9e0ab258b0,"xsy,en",maeta',metre,keep_in_xml,gloss_unmapped,ildrf_source_attested_gloss_unmapped,yes,Final_XML/Saisiyat/Dictionary_Saisiyat_xsy.xml,公尺,metre,,GLOSBE_DICT_GROUP_1a729e9550063b33,metre,primary,https://glosbe.com/xsy/en/maeta%27,data/raw/html/static/xsy_en/maeta%27.html
GLOSBE_DICT_804bfad999e7002a,"xsy,en",makakSiyae',play,keep_in_xml,gloss_unmapped,ildrf_source_attested_gloss_unmapped,yes,Final_XML/Saisiyat/Dictionary_Saisiyat_xsy.xml,玩(球); 玩耍,play,,GLOSBE_DICT_GROUP_82dda14813b4ba17,play,primary,https://glosbe.com/xsy/en/makakSiyae%27,data/raw/html/static/xsy_en/makakSiyae%27.html
GLOSBE_DICT_104f701a7c0d5ac0,"xsy,en",makarang,cancer,keep_in_xml,gloss_unmapped,ildrf_source_attested_gloss_unmapped,yes,Final_XML/Saisiyat/Dictionary_Saisiyat_xsy.xml,癌症,cancer,,GLOSBE_DICT_GROUP_83e1048e450f85c0,cancer,primary,https://glosbe.com/xsy/en/makarang,data/raw/html/static/xsy_en/makarang.html
GLOSBE_DICT_efb99f25a51009e0,"xsy,en",malat,machete,keep_in_xml,target_supported_by_mapping,ildrf_source_attested_target_supported_by_mapping,yes,Final_XML/Saisiyat/Dictionary_Saisiyat_xsy.xml,山刀; 獵刀,machete,山刀; 山,GLOSBE_DICT_GROUP_59ccab3e0a7f6b08,machete,primary,https://glosbe.com/xsy/en/malat,data/raw/html/static/xsy_en/malat.html
GLOSBE_DICT_2bbe73d049b7dba7,"xsy,en",manra:an,walk,keep_in_xml,target_supported_by_mapping,ildrf_source_attested_target_supported_by_mapping,yes,Final_XML/Saisiyat/Dictionary_Saisiyat_xsy.xml,走路（主事）,walk,路; 走路,GLOSBE_DICT_GROUP_2f60b9321fbdd9da,walk,primary,https://glosbe.com/xsy/en/manra%3Aan,data/raw/html/static/xsy_en/manra%3Aan.html
GLOSBE_DICT_cb99fa9446f3202d,"xsy,en",marash,bring,keep_in_xml,source_not_attested,source_not_attested_in_ildrf_reference,no,,,bring,,GLOSBE_DICT_GROUP_7e3fc7ec311d9d51,bring,primary,https://glosbe.com/xsy/en/marash,data/raw/html/static/xsy_en/marash.html
GLOSBE_DICT_f7f706be3dda452a,"xsy,en",masa',centimetre,keep_in_xml,gloss_unmapped,ildrf_source_attested_gloss_unmapped,yes,Final_XML/Saisiyat/Dictionary_Saisiyat_xsy.xml,公分; 眼睛,centimetre,,GLOSBE_DICT_GROUP_811720038cd6dd4c,centimetre,primary,https://glosbe.com/xsy/en/masa%27,data/raw/html/static/xsy_en/masa%27.html
GLOSBE_DICT_35bf4a9ff2348a1c,"xsy,en",maskes,cold,keep_in_xml,gloss_unmapped,ildrf_source_attested_gloss_unmapped,yes,Final_XML/Saisiyat/Dictionary_Saisiyat_xsy.xml,冰冷; 冷,cold,,GLOSBE_DICT_GROUP_b9be125321307bf7,cold,primary,https://glosbe.com/xsy/en/maskes,data/raw/html/static/xsy_en/maskes.html
GLOSBE_DICT_6c42d60ccafc3ab4,"xsy,en",mineskes,chill,keep_in_xml,gloss_unmapped,ildrf_source_attested_gloss_unmapped,yes,Final_XML/Saisiyat/Dictionary_Saisiyat_xsy.xml,發冷（完成）,chill,,GLOSBE_DICT_GROUP_5dabecf9fb9281a0,chill,primary,https://glosbe.com/xsy/en/mineskes,data/raw/html/static/xsy_en/mineskes.html
GLOSBE_DICT_4e2b21a0341ac166,"xsy,en",minkoringan,woman,keep_in_xml,target_supported_by_mapping,ildrf_source_attested_target_supported_by_mapping,yes,Final_XML/Saisiyat/Dictionary_Saisiyat_xsy.xml,女孩; 女孩子; 女性; 女生,woman,孩子; 女孩; 女孩子; 女生; 女性,GLOSBE_DICT_GROUP_743f194d1973030c,woman,primary,https://glosbe.com/xsy/en/minkoringan,data/raw/html/static/xsy_en/minkoringan.html
GLOSBE_DICT_31546065072a3cfb,"xsy,en",minlokalok,wax apple,keep_in_xml,gloss_unmapped,ildrf_source_attested_gloss_unmapped,yes,Final_XML/Saisiyat/Dictionary_Saisiyat_xsy.xml,香果,wax apple,,GLOSBE_DICT_GROUP_89ae4cbe7820c4c4,wax apple,primary,https://glosbe.com/xsy/en/minlokalok,data/raw/html/static/xsy_en/minlokalok.html
GLOSBE_DICT_14d97e751da64384,"xsy,en",minowa',like,keep_in_xml,gloss_unmapped,ildrf_source_attested_gloss_unmapped,yes,Final_XML/Saisiyat/Dictionary_Saisiyat_xsy.xml,喜歡; 習慣,like,,GLOSBE_DICT_GROUP_f2419426b887c679,like,primary,https://glosbe.com/xsy/en/minowa%27,data/raw/html/static/xsy_en/minowa%27.html
GLOSBE_DICT_7c913f0c92a179a7,"xsy,en",moe'so:,erection,keep_in_xml,gloss_unmapped,ildrf_source_attested_gloss_unmapped,yes,Final_XML/Saisiyat/Dictionary_Saisiyat_xsy.xml,勃起,erection,,GLOSBE_DICT_GROUP_1c103c1b6b08e1ac,erection,primary,https://glosbe.com/xsy/en/moe%27so%3A,data/raw/html/static/xsy_en/moe%27so%3A.html
GLOSBE_DICT_980b2626e62bfcd8,"xsy,en",moehae'o: ka ba:i',anticyclone,keep_in_xml,gloss_unmapped,ildrf_source_attested_gloss_unmapped,yes,Final_XML/Saisiyat/Dictionary_Saisiyat_xsy.xml,高氣壓,anticyclone,,GLOSBE_DICT_GROUP_5f4c087f2f64fc1e,anticyclone,primary,https://glosbe.com/xsy/en/moehae%27o%3A%20ka%20ba%3Ai%27,data/raw/html/static/xsy_en/moehae%27o%3A%20ka%20ba%3Ai%27.html
GLOSBE_DICT_1083c7b09fd7b1be,"xsy,en",mongpatonay,manganese,keep_in_xml,gloss_unmapped,ildrf_source_attested_gloss_unmapped,yes,Final_XML/Saisiyat/Dictionary_Saisiyat_xsy.xml,錳,manganese,,GLOSBE_DICT_GROUP_3728ad43d44a3cd1,manganese,primary,https://glosbe.com/xsy/en/mongpatonay,data/raw/html/static/xsy_en/mongpatonay.html
GLOSBE_DICT_b9b0c150e7d011cb,"xsy,en",monpoSal,twice,keep_in_xml,target_supported_by_mapping,ildrf_source_attested_target_supported_by_mapping,yes,Final_XML/Saisiyat/Dictionary_Saisiyat_xsy.xml,再一次,twice,再一次; 一,GLOSBE_DICT_GROUP_36fa37f210a17be2,twice,primary,https://glosbe.com/xsy/en/monpoSal,data/raw/html/static/xsy_en/monpoSal.html
GLOSBE_DICT_9bb43d94ab640826,"xsy,en",morok,pomelo,keep_in_xml,gloss_unmapped,ildrf_source_attested_gloss_unmapped,yes,Final_XML/Saisiyat/Dictionary_Saisiyat_xsy.xml,柚子,pomelo,,GLOSBE_DICT_GROUP_ab7318d15c01d7c2,pomelo,primary,https://glosbe.com/xsy/en/morok,data/raw/html/static/xsy_en/morok.html
GLOSBE_DICT_aa145b6c0fca44df,"xsy,en",moto:,Hakka,keep_in_xml,target_supported_by_mapping,ildrf_source_attested_target_supported_by_mapping,yes,Final_XML/Saisiyat/Dictionary_Saisiyat_xsy.xml,客家人,Hakka,人; 客家人; 家,GLOSBE_DICT_GROUP_99e61d6b87209b9e,Hakka,primary,https://glosbe.com/xsy/en/moto%3A,data/raw/html/static/xsy_en/moto%3A.html
GLOSBE_DICT_3fd7669d902f77c9,"xsy,en",naSi',Asian pear,keep_in_xml,gloss_unmapped,ildrf_source_attested_gloss_unmapped,yes,Final_XML/Saisiyat/Dictionary_Saisiyat_xsy.xml,水梨（日語借詞）,Asian pear,,GLOSBE_DICT_GROUP_75f0f807d80a9e91,Asian pear,primary,https://glosbe.com/xsy/en/naSi%27,data/raw/html/static/xsy_en/naSi%27.html
GLOSBE_DICT_911b736356f5605e,"xsy,en",nganga:as,Soft palate,keep_in_xml,gloss_unmapped,ildrf_source_attested_gloss_unmapped,yes,Final_XML/Saisiyat/Dictionary_Saisiyat_xsy.xml,軟顎,Soft palate,,GLOSBE_DICT_GROUP_7d5d1851474d8fec,Soft palate,primary,https://glosbe.com/xsy/en/nganga%3Aas,data/raw/html/static/xsy_en/nganga%3Aas.html
GLOSBE_DICT_ee792648a0e6d633,"xsy,en",ngangilaeh,red,keep_in_xml,gloss_unmapped,ildrf_source_attested_gloss_unmapped,yes,Final_XML/Saisiyat/Dictionary_Saisiyat_xsy.xml,紅（色）,red,,GLOSBE_DICT_GROUP_e411e145b9542a2d,red,primary,https://glosbe.com/xsy/en/ngangilaeh,data/raw/html/static/xsy_en/ngangilaeh.html
GLOSBE_DICT_fb55b27a29eda5df,"xsy,en",ngangoti'an,drunk,keep_in_xml,gloss_unmapped,ildrf_source_attested_gloss_unmapped,yes,Final_XML/Saisiyat/Dictionary_Saisiyat_xsy.xml,喝的醉醺醺,drunk,,GLOSBE_DICT_GROUP_a05bfd7986a8ae4c,drunk,primary,https://glosbe.com/xsy/en/ngangoti%27an,data/raw/html/static/xsy_en/ngangoti%27an.html
GLOSBE_DICT_b6e732fa86f3cff4,"xsy,en",ngiyaw,cat,keep_in_xml,gloss_unmapped,ildrf_source_attested_gloss_unmapped,yes,Final_XML/Saisiyat/Dictionary_Saisiyat_xsy.xml,貓,cat,,GLOSBE_DICT_GROUP_0784d2a66849990a,cat,primary,https://glosbe.com/xsy/en/ngiyaw,data/raw/html/static/xsy_en/ngiyaw.html
GLOSBE_DICT_59c77678db8b1182,"xsy,en",ngokngokngok,ook,keep_in_xml,gloss_unmapped,ildrf_source_attested_gloss_unmapped,yes,Final_XML/Saisiyat/Dictionary_Saisiyat_xsy.xml,猴子的叫聲,ook,,GLOSBE_DICT_GROUP_0d0a14ac22fd5aae,ook,primary,https://glosbe.com/xsy/en/ngokngokngok,data/raw/html/static/xsy_en/ngokngokngok.html
GLOSBE_DICT_632fb0546d71a8c2,"xsy,en",ngoray,stupid,keep_in_xml,gloss_unmapped,ildrf_source_attested_gloss_unmapped,yes,Final_XML/Saisiyat/Dictionary_Saisiyat_xsy.xml,傻瓜; 笨,stupid,,GLOSBE_DICT_GROUP_da4b545fa37f9755,stupid,primary,https://glosbe.com/xsy/en/ngoray,data/raw/html/static/xsy_en/ngoray.html
GLOSBE_DICT_fcf0b8f106af80be,"xsy,en",noka ’oe:boeh kaka:at kina:at,calligraphy,keep_in_xml,gloss_unmapped,ildrf_source_attested_gloss_unmapped,yes,Final_XML/Saisiyat/Dictionary_Saisiyat_xsy.xml,書法,calligraphy,,GLOSBE_DICT_GROUP_c5c6d0f91d68896f,calligraphy,primary,https://glosbe.com/xsy/en/noka%20%E2%80%99oe%3Aboeh%20kaka%3Aat%20kina%3Aat,data/raw/html/static/xsy_en/noka%20%E2%80%99oe%3Aboeh%20kaka%3Aat%20kina%3Aat.html
GLOSBE_DICT_3dd036968add57ce,"xsy,en",nom ’omalingo’ ka bayking,microscope,keep_in_xml,gloss_unmapped,ildrf_source_attested_gloss_unmapped,yes,Final_XML/Saisiyat/Dictionary_Saisiyat_xsy.xml,顯微鏡,microscope,,GLOSBE_DICT_GROUP_8894a7eea99f1486,microscope,primary,https://glosbe.com/xsy/en/nom%20%E2%80%99omalingo%E2%80%99%20ka%20bayking,data/raw/html/static/xsy_en/nom%20%E2%80%99omalingo%E2%80%99%20ka%20bayking.html
GLOSBE_DICT_90c460269295e168,"xsy,en",nom homoba:ang kaka:at,crayon,keep_in_xml,gloss_unmapped,ildrf_source_attested_gloss_unmapped,yes,Final_XML/Saisiyat/Dictionary_Saisiyat_xsy.xml,彩色筆; 蠟筆,crayon,,GLOSBE_DICT_GROUP_7b6ff40f68b530b9,crayon,primary,https://glosbe.com/xsy/en/nom%20homoba%3Aang%20kaka%3Aat,data/raw/html/static/xsy_en/nom%20homoba%3Aang%20kaka%3Aat.html
GLOSBE_DICT_542aabc625a34106,"xsy,en",nom homola' ka'oemaeh,hectare,keep_in_xml,gloss_unmapped,ildrf_source_attested_gloss_unmapped,yes,Final_XML/Saisiyat/Dictionary_Saisiyat_xsy.xml,公頃,hectare,,GLOSBE_DICT_GROUP_b9a097095b4f9e5b,hectare,primary,https://glosbe.com/xsy/en/nom%20homola%27%20ka%20%27oemaeh,data/raw/html/static/xsy_en/nom%20homola%27%20ka%20%27oemaeh.html
GLOSBE_DICT_b5ca57b4a34edd91,"xsy,en",nom homola’ ka Sinngaw,decibel,keep_in_xml,gloss_unmapped,ildrf_source_attested_gloss_unmapped,yes,Final_XML/Saisiyat/Dictionary_Saisiyat_xsy.xml,分貝(聲音),decibel,,GLOSBE_DICT_GROUP_f9780f3320ce3d07,decibel,primary,https://glosbe.com/xsy/en/nom%20homola%E2%80%99%20ka%20Sinngaw,data/raw/html/static/xsy_en/nom%20homola%E2%80%99%20ka%20Sinngaw.html
GLOSBE_DICT_644c45a88219e314,"xsy,en",nom pakpasay kasbol,carbon monoxide,keep_in_xml,target_supported_by_mapping,ildrf_source_attested_target_supported_by_mapping,yes,Final_XML/Saisiyat/Dictionary_Saisiyat_xsy.xml,一氧化碳,carbon monoxide,一氧化碳; 一,GLOSBE_DICT_GROUP_fb0e4a3a89f0b2ac,carbon monoxide,primary,https://glosbe.com/xsy/en/nom%20pakpasay%20kasbol,data/raw/html/static/xsy_en/nom%20pakpasay%20kasbol.html
GLOSBE_DICT_e5fa7df2e887c600,"xsy,en",nom paksobae:oeh ka kinita',magnifying glass,keep_in_xml,gloss_unmapped,ildrf_source_attested_gloss_unmapped,yes,Final_XML/Saisiyat/Dictionary_Saisiyat_xsy.xml,放大鏡,magnifying glass,,GLOSBE_DICT_GROUP_df293053576f6d7c,magnifying glass,primary,https://glosbe.com/xsy/en/nom%20paksobae%3Aoeh%20ka%20kinita%27,data/raw/html/static/xsy_en/nom%20paksobae%3Aoeh%20ka%20kinita%27.html
GLOSBE_DICT_8fbbdcab16b9aa59,"xsy,en",nom sompeng ka ralom,litre,keep_in_xml,gloss_unmapped,ildrf_source_attested_gloss_unmapped,yes,Final_XML/Saisiyat/Dictionary_Saisiyat_xsy.xml,公升,litre,,GLOSBE_DICT_GROUP_253fb5799de47abf,litre,primary,https://glosbe.com/xsy/en/nom%20sompeng%20ka%20ralom,data/raw/html/static/xsy_en/nom%20sompeng%20ka%20ralom.html
GLOSBE_DICT_fc9dd41e3ddfdaaf,"xsy,en",otok,hare,keep_in_xml,source_not_attested,source_not_attested_in_ildrf_reference,no,,,hare,,GLOSBE_DICT_GROUP_ce243890737d7c6a,hare,primary,https://glosbe.com/xsy/en/otok,data/raw/html/static/xsy_en/otok.html
GLOSBE_DICT_1b1004fcc909d5d7,"xsy,en",paS'oesizo:,lay,keep_in_xml,gloss_unmapped,ildrf_source_attested_gloss_unmapped,yes,Final_XML/Saisiyat/Dictionary_Saisiyat_xsy.xml,生蛋,lay,,GLOSBE_DICT_GROUP_7cb07d6a5488c1e4,lay,primary,https://glosbe.com/xsy/en/paS%27oesizo%3A,data/raw/html/static/xsy_en/paS%27oesizo%3A.html
GLOSBE_DICT_e66a9fc50835df19,"xsy,en",paSaen,ratio,keep_in_xml,source_not_attested,source_not_attested_in_ildrf_reference,no,,,ratio,,GLOSBE_DICT_GROUP_5d3f9ee9581aa625,ratio,primary,https://glosbe.com/xsy/en/paSaen,data/raw/html/static/xsy_en/paSaen.html
GLOSBE_DICT_be16f7e14c2366e3,"xsy,en",paSankateng,nail,keep_in_xml,gloss_unmapped,ildrf_source_attested_gloss_unmapped,yes,Final_XML/Saisiyat/Dictionary_Saisiyat_xsy.xml,釘,nail,,GLOSBE_DICT_GROUP_19ea7b93fb884619,nail,primary,https://glosbe.com/xsy/en/paSankateng,data/raw/html/static/xsy_en/paSankateng.html
GLOSBE_DICT_3371d528fd4bc83a,"xsy,en",pae'is,spicy,keep_in_xml,gloss_unmapped,ildrf_source_attested_gloss_unmapped,yes,Final_XML/Saisiyat/Dictionary_Saisiyat_xsy.xml,辣,spicy,,GLOSBE_DICT_GROUP_ac6f75dfac47fb4c,spicy,primary,https://glosbe.com/xsy/en/pae%27is,data/raw/html/static/xsy_en/pae%27is.html
GLOSBE_DICT_113c86da14c19f61,"xsy,en",pae'zo',gall,keep_in_xml,gloss_unmapped,ildrf_source_attested_gloss_unmapped,yes,Final_XML/Saisiyat/Dictionary_Saisiyat_xsy.xml,膽; 膽囊,gall,,GLOSBE_DICT_GROUP_79a3238ce6accc9d,gall,primary,https://glosbe.com/xsy/en/pae%27zo%27,data/raw/html/static/xsy_en/pae%27zo%27.html
GLOSBE_DICT_c36f247ed8d5481e,"xsy,en",pakSekla',promulgation,keep_in_xml,gloss_unmapped,ildrf_source_attested_gloss_unmapped,yes,Final_XML/Saisiyat/Dictionary_Saisiyat_xsy.xml,使認識(使動); 頒布,promulgation,,GLOSBE_DICT_GROUP_12af843f79ffaea0,promulgation,primary,https://glosbe.com/xsy/en/pakSekla%27,data/raw/html/static/xsy_en/pakSekla%27.html
GLOSBE_DICT_848a3d87b4ae21cd,"xsy,en",paka:i',believe,keep_in_xml,gloss_unmapped,ildrf_source_attested_gloss_unmapped,yes,Final_XML/Saisiyat/Dictionary_Saisiyat_xsy.xml,相信,believe,,GLOSBE_DICT_GROUP_ba3f71e1ce0a4741,believe,primary,https://glosbe.com/xsy/en/paka%3Ai%27,data/raw/html/static/xsy_en/paka%3Ai%27.html
GLOSBE_DICT_3c7eeb30c155e9fc,"xsy,en",pakal,persimmon,keep_in_xml,gloss_unmapped,ildrf_source_attested_gloss_unmapped,yes,Final_XML/Saisiyat/Dictionary_Saisiyat_xsy.xml,柿子,persimmon,,GLOSBE_DICT_GROUP_9679d3d690d01542,persimmon,primary,https://glosbe.com/xsy/en/pakal,data/raw/html/static/xsy_en/pakal.html
GLOSBE_DICT_71eb50849bcf8b39,"xsy,en",palok,coconut,keep_in_xml,gloss_unmapped,ildrf_source_attested_gloss_unmapped,yes,Final_XML/Saisiyat/Dictionary_Saisiyat_xsy.xml,椰子,coconut,,GLOSBE_DICT_GROUP_35a66aae1dad95ab,coconut,primary,https://glosbe.com/xsy/en/palok,data/raw/html/static/xsy_en/palok.html
GLOSBE_DICT_314e1aed993862f3,"xsy,en",palono',boat,keep_in_xml,gloss_unmapped,ildrf_source_attested_gloss_unmapped,yes,Final_XML/Saisiyat/Dictionary_Saisiyat_xsy.xml,船; 船隻,boat,,GLOSBE_DICT_GROUP_b702fce21af1d75c,boat,primary,https://glosbe.com/xsy/en/palono%27,data/raw/html/static/xsy_en/palono%27.html
GLOSBE_DICT_474fb6ef47939e02,"xsy,en",pangrang,pineapple,keep_in_xml,gloss_unmapped,ildrf_source_attested_gloss_unmapped,yes,Final_XML/Saisiyat/Dictionary_Saisiyat_xsy.xml,鳳梨,pineapple,,GLOSBE_DICT_GROUP_fef0e64901323ba4,pineapple,primary,https://glosbe.com/xsy/en/pangrang,data/raw/html/static/xsy_en/pangrang.html
GLOSBE_DICT_a4c221e7390d0e41,"xsy,en",patonay,iron,keep_in_xml,gloss_unmapped,ildrf_source_attested_gloss_unmapped,yes,Final_XML/Saisiyat/Dictionary_Saisiyat_xsy.xml,鐵,iron,,GLOSBE_DICT_GROUP_bd1e3a3b3c97b641,iron,primary,https://glosbe.com/xsy/en/patonay,data/raw/html/static/xsy_en/patonay.html
GLOSBE_DICT_13cb812bc0700dd6,"xsy,en",patpatako:,crossbow,keep_in_xml,gloss_unmapped,ildrf_source_attested_gloss_unmapped,yes,Final_XML/Saisiyat/Dictionary_Saisiyat_xsy.xml,十字弓,crossbow,,GLOSBE_DICT_GROUP_c0ab3b229e2a78d0,crossbow,primary,https://glosbe.com/xsy/en/patpatako%3A,data/raw/html/static/xsy_en/patpatako%3A.html
GLOSBE_DICT_d4292881212595c9,"xsy,en",pawbabih,throw up,keep_in_xml,gloss_unmapped,ildrf_source_attested_gloss_unmapped,yes,Final_XML/Saisiyat/Dictionary_Saisiyat_xsy.xml,嘔吐,throw up,,GLOSBE_DICT_GROUP_1379f5ce7e618748,throw up,primary,https://glosbe.com/xsy/en/pawbabih,data/raw/html/static/xsy_en/pawbabih.html
GLOSBE_DICT_f9dc6a7f42595e41,"xsy,en",pawhi',yumberry,keep_in_xml,gloss_unmapped,ildrf_source_attested_gloss_unmapped,yes,Final_XML/Saisiyat/Dictionary_Saisiyat_xsy.xml,楊梅,yumberry,,GLOSBE_DICT_GROUP_7c5a98b25e043e60,yumberry,primary,https://glosbe.com/xsy/en/pawhi%27,data/raw/html/static/xsy_en/pawhi%27.html
GLOSBE_DICT_cd61d22b9297ddef,"xsy,en",pawkongas,wipe,keep_in_xml,gloss_unmapped,ildrf_source_attested_gloss_unmapped,yes,Final_XML/Saisiyat/Dictionary_Saisiyat_xsy.xml,擦屁股,wipe,,GLOSBE_DICT_GROUP_9272be02b83a94a3,wipe,primary,https://glosbe.com/xsy/en/pawkongas,data/raw/html/static/xsy_en/pawkongas.html
GLOSBE_DICT_1a74b3fce82badb4,"xsy,en",pawtopiyak,slap,keep_in_xml,gloss_unmapped,ildrf_source_attested_gloss_unmapped,yes,Final_XML/Saisiyat/Dictionary_Saisiyat_xsy.xml,打耳光,slap,,GLOSBE_DICT_GROUP_44e94e5b0efa465b,slap,primary,https://glosbe.com/xsy/en/pawtopiyak,data/raw/html/static/xsy_en/pawtopiyak.html
GLOSBE_DICT_27395c1a31f2e66b,"xsy,en",pazay,rice,keep_in_xml,gloss_unmapped,ildrf_source_attested_gloss_unmapped,yes,Final_XML/Saisiyat/Dictionary_Saisiyat_xsy.xml,稻子; 飯,rice,,GLOSBE_DICT_GROUP_d93dbcae794aa8fb,rice,primary,https://glosbe.com/xsy/en/pazay,data/raw/html/static/xsy_en/pazay.html
GLOSBE_DICT_78776760ee3117e9,"xsy,en",pehe:,fossil,keep_in_xml,gloss_unmapped,ildrf_source_attested_gloss_unmapped,yes,Final_XML/Saisiyat/Dictionary_Saisiyat_xsy.xml,化石,fossil,,GLOSBE_DICT_GROUP_6b62020e1a1257fa,fossil,primary,https://glosbe.com/xsy/en/pehe%3A,data/raw/html/static/xsy_en/pehe%3A.html
GLOSBE_DICT_3c20626ab76db450,"xsy,en",pezngesan,purple,keep_in_xml,gloss_unmapped,ildrf_source_attested_gloss_unmapped,yes,Final_XML/Saisiyat/Dictionary_Saisiyat_xsy.xml,紫色; 紫色的,purple,,GLOSBE_DICT_GROUP_d881373d153d3f2f,purple,primary,https://glosbe.com/xsy/en/pezngesan,data/raw/html/static/xsy_en/pezngesan.html
GLOSBE_DICT_0c30aa89f3ec1fea,"xsy,en",pinaSowatoroe',ruling,keep_in_xml,source_not_attested,source_not_attested_in_ildrf_reference,no,,,ruling,,GLOSBE_DICT_GROUP_7c850401e1651697,ruling,primary,https://glosbe.com/xsy/en/pinaSowatoroe%27,data/raw/html/static/xsy_en/pinaSowatoroe%27.html
GLOSBE_DICT_bfbfb24bb5e510b4,"xsy,en",pinakabae'bae'aet wa:ay,latitude,keep_in_xml,gloss_unmapped,ildrf_source_attested_gloss_unmapped,yes,Final_XML/Saisiyat/Dictionary_Saisiyat_xsy.xml,緯度,latitude,,GLOSBE_DICT_GROUP_8aba1b7d88629991,latitude,primary,https://glosbe.com/xsy/en/pinakabae%27bae%27aet%20wa%3Aay,data/raw/html/static/xsy_en/pinakabae%27bae%27aet%20wa%3Aay.html
GLOSBE_DICT_97ebe0cf1edd9b84,"xsy,en",pinakaleheh wa:ay,longitude,keep_in_xml,gloss_unmapped,ildrf_source_attested_gloss_unmapped,yes,Final_XML/Saisiyat/Dictionary_Saisiyat_xsy.xml,經度,longitude,,GLOSBE_DICT_GROUP_ce21b7da6b0d8399,longitude,primary,https://glosbe.com/xsy/en/pinakaleheh%20wa%3Aay,data/raw/html/static/xsy_en/pinakaleheh%20wa%3Aay.html
GLOSBE_DICT_22aae856719fea3b,"xsy,en",pinalomikas,lightning,keep_in_xml,source_not_attested,source_not_attested_in_ildrf_reference,no,,,lightning,,GLOSBE_DICT_GROUP_1331a85dca0c5d11,lightning,primary,https://glosbe.com/xsy/en/pinalomikas,data/raw/html/static/xsy_en/pinalomikas.html
GLOSBE_DICT_9c6fab3c1ea644b7,"xsy,en",pinaspeng kapatawawan,legal person,keep_in_xml,source_not_attested,source_not_attested_in_ildrf_reference,no,,,legal person,,GLOSBE_DICT_GROUP_8d07389c931bd9bb,legal person,primary,https://glosbe.com/xsy/en/pinaspeng%20kapatawawan,data/raw/html/static/xsy_en/pinaspeng%20kapatawawan.html
GLOSBE_DICT_65259589e8c6a477,"xsy,en",pinat'awan,for future reference,keep_in_xml,gloss_unmapped,ildrf_source_attested_gloss_unmapped,yes,Final_XML/Saisiyat/Dictionary_Saisiyat_xsy.xml,準備（完成）,for future reference,,GLOSBE_DICT_GROUP_4a6841fdb25beab4,for future reference,primary,https://glosbe.com/xsy/en/pinat%27awan,data/raw/html/static/xsy_en/pinat%27awan.html
GLOSBE_DICT_21fbf55996bc53b0,"xsy,en",pinatanikawaS ba:i',monsoon,keep_in_xml,gloss_unmapped,ildrf_source_attested_gloss_unmapped,yes,Final_XML/Saisiyat/Dictionary_Saisiyat_xsy.xml,季風,monsoon,,GLOSBE_DICT_GROUP_daa95c6581a36fe8,monsoon,primary,https://glosbe.com/xsy/en/pinatanikawaS%20ba%3Ai%27,data/raw/html/static/xsy_en/pinatanikawaS%20ba%3Ai%27.html
GLOSBE_DICT_512a3376534f7825,"xsy,en",pinayba:i',airflow,keep_in_xml,gloss_unmapped,ildrf_source_attested_gloss_unmapped,yes,Final_XML/Saisiyat/Dictionary_Saisiyat_xsy.xml,氣流,airflow,,GLOSBE_DICT_GROUP_0db060519d38eb31,airflow,primary,https://glosbe.com/xsy/en/pinayba%3Ai%27,data/raw/html/static/xsy_en/pinayba%3Ai%27.html
GLOSBE_DICT_6774761a733e451d,"xsy,en",piyaknokin,stroke,keep_in_xml,gloss_unmapped,ildrf_source_attested_gloss_unmapped,yes,Final_XML/Saisiyat/Dictionary_Saisiyat_xsy.xml,中風,stroke,,GLOSBE_DICT_GROUP_5895494ae24732e0,stroke,primary,https://glosbe.com/xsy/en/piyaknokin,data/raw/html/static/xsy_en/piyaknokin.html
GLOSBE_DICT_feb0e76856987ebc,"xsy,en",piyang,tsubo,keep_in_xml,source_not_attested,source_not_attested_in_ildrf_reference,no,,,tsubo,,GLOSBE_DICT_GROUP_8e09bcbe8747f2f4,tsubo,primary,https://glosbe.com/xsy/en/piyang,data/raw/html/static/xsy_en/piyang.html
GLOSBE_DICT_49fca13e932952f5,"xsy,en",po'po',pat,keep_in_xml,gloss_unmapped,ildrf_source_attested_gloss_unmapped,yes,Final_XML/Saisiyat/Dictionary_Saisiyat_xsy.xml,拍,pat,,GLOSBE_DICT_GROUP_d2948e1f2986706e,pat,primary,https://glosbe.com/xsy/en/po%27po%27,data/raw/html/static/xsy_en/po%27po%27.html
GLOSBE_DICT_5e8e85c54b92249d,"xsy,en",poSiyan,taboo,keep_in_xml,target_supported_by_mapping,ildrf_source_attested_target_supported_by_mapping,yes,Final_XML/Saisiyat/Dictionary_Saisiyat_xsy.xml,忌諱; 禁忌,taboo,禁忌,GLOSBE_DICT_GROUP_7ee3c5eb418303ad,taboo,primary,https://glosbe.com/xsy/en/poSiyan,data/raw/html/static/xsy_en/poSiyan.html
GLOSBE_DICT_df2058240313b801,"xsy,en",pongaeh,flower,keep_in_xml,gloss_unmapped,ildrf_source_attested_gloss_unmapped,yes,Final_XML/Saisiyat/Dictionary_Saisiyat_xsy.xml,花; 花朵,flower,,GLOSBE_DICT_GROUP_941ca8cab221820f,flower,primary,https://glosbe.com/xsy/en/pongaeh,data/raw/html/static/xsy_en/pongaeh.html
GLOSBE_DICT_e38b01031efffed8,"xsy,en",pono:,nail,keep_in_xml,gloss_unmapped,ildrf_source_attested_gloss_unmapped,yes,Final_XML/Saisiyat/Dictionary_Saisiyat_xsy.xml,鐵釘,nail,,GLOSBE_DICT_GROUP_2ad1e0ac00755df7,nail,primary,https://glosbe.com/xsy/en/pono%3A,data/raw/html/static/xsy_en/pono%3A.html
GLOSBE_DICT_d7719e17abd6da10,"xsy,en",ponrowa'en,adjust,keep_in_xml,gloss_unmapped,ildrf_source_attested_gloss_unmapped,yes,Final_XML/Saisiyat/Dictionary_Saisiyat_xsy.xml,調整,adjust,,GLOSBE_DICT_GROUP_193431fff6f20e65,adjust,primary,https://glosbe.com/xsy/en/ponrowa%27en,data/raw/html/static/xsy_en/ponrowa%27en.html
GLOSBE_DICT_96f48624133cf45d,"xsy,en",ra:am,can,keep_in_xml,target_supported_by_mapping,ildrf_source_attested_target_supported_by_mapping,yes,Final_XML/Saisiyat/Dictionary_Saisiyat_xsy.xml,會; 會(做某事); 知道; 聰明,can; know; smart,會(做某事); 知道; 聰明,GLOSBE_DICT_GROUP_391b74144a7f9fae,can,primary,https://glosbe.com/xsy/en/ra%3Aam,data/raw/html/static/xsy_en/ra%3Aam.html
GLOSBE_DICT_296f5019324a35d2,"xsy,en",ra:am,know,keep_in_xml,target_supported_by_mapping,ildrf_source_attested_target_supported_by_mapping,yes,Final_XML/Saisiyat/Dictionary_Saisiyat_xsy.xml,會; 會(做某事); 知道; 聰明,can; know; smart,會(做某事); 知道; 聰明,GLOSBE_DICT_GROUP_391b74144a7f9fae,know,alt,https://glosbe.com/xsy/en/ra%3Aam,data/raw/html/static/xsy_en/ra%3Aam.html
GLOSBE_DICT_15bcbc99ffc93d10,"xsy,en",ra:am,smart,keep_in_xml,target_supported_by_mapping,ildrf_source_attested_target_supported_by_mapping,yes,Final_XML/Saisiyat/Dictionary_Saisiyat_xsy.xml,會; 會(做某事); 知道; 聰明,can; know; smart,會(做某事); 知道; 聰明,GLOSBE_DICT_GROUP_391b74144a7f9fae,smart,alt,https://glosbe.com/xsy/en/ra%3Aam,data/raw/html/static/xsy_en/ra%3Aam.html
GLOSBE_DICT_1243178af1150ca9,"xsy,en",ra:an,map,keep_in_xml,different_from_mapping,ildrf_source_attested_target_differs_from_mapping,yes,Final_XML/Saisiyat/Dictionary_Saisiyat_xsy.xml,路; 道路,map; road,道路; 路,GLOSBE_DICT_GROUP_9ed7139e1f782ecd,map,primary,https://glosbe.com/xsy/en/ra%3Aan,data/raw/html/static/xsy_en/ra%3Aan.html
GLOSBE_DICT_f64a2cd6545a45d3,"xsy,en",ra:an,road,keep_in_xml,target_supported_by_mapping,ildrf_source_attested_target_supported_by_mapping,yes,Final_XML/Saisiyat/Dictionary_Saisiyat_xsy.xml,路; 道路,map; road,道路; 路,GLOSBE_DICT_GROUP_9ed7139e1f782ecd,road,alt,https://glosbe.com/xsy/en/ra%3Aan,data/raw/html/static/xsy_en/ra%3Aan.html
GLOSBE_DICT_bbe062b52bd58343,"xsy,en",ra:i'bintoe'an,Saturn,keep_in_xml,gloss_unmapped,ildrf_source_attested_gloss_unmapped,yes,Final_XML/Saisiyat/Dictionary_Saisiyat_xsy.xml,土星,Saturn,,GLOSBE_DICT_GROUP_a18228e756b52090,Saturn,primary,https://glosbe.com/xsy/en/ra%3Ai%27bintoe%27an,data/raw/html/static/xsy_en/ra%3Ai%27bintoe%27an.html
GLOSBE_DICT_3d363de479dd8fee,"xsy,en",ra:ma',umbrella,keep_in_xml,gloss_unmapped,ildrf_source_attested_gloss_unmapped,yes,Final_XML/Saisiyat/Dictionary_Saisiyat_xsy.xml,雨傘,umbrella,,GLOSBE_DICT_GROUP_fba507d3fba54e9b,umbrella,primary,https://glosbe.com/xsy/en/ra%3Ama%27,data/raw/html/static/xsy_en/ra%3Ama%27.html
GLOSBE_DICT_6582434883efa3c5,"xsy,en",ra:ola',ruler,keep_in_xml,gloss_unmapped,ildrf_source_attested_gloss_unmapped,yes,Final_XML/Saisiyat/Dictionary_Saisiyat_xsy.xml,尺,ruler,,GLOSBE_DICT_GROUP_c4cc7e84d7537110,ruler,primary,https://glosbe.com/xsy/en/ra%3Aola%27,data/raw/html/static/xsy_en/ra%3Aola%27.html
GLOSBE_DICT_bd8b789b26d28694,"xsy,en",ra:waeh,key,keep_in_xml,gloss_unmapped,ildrf_source_attested_gloss_unmapped,yes,Final_XML/Saisiyat/Dictionary_Saisiyat_xsy.xml,鑰匙,key,,GLOSBE_DICT_GROUP_277dd94d6d90184d,key,primary,https://glosbe.com/xsy/en/ra%3Awaeh,data/raw/html/static/xsy_en/ra%3Awaeh.html
GLOSBE_DICT_a983f130e1fb2fa6,"xsy,en",rae:ho',carbon dioxide,keep_in_xml,gloss_unmapped,ildrf_source_attested_gloss_unmapped,yes,Final_XML/Saisiyat/Dictionary_Saisiyat_xsy.xml,二氧化碳,carbon dioxide,,GLOSBE_DICT_GROUP_8418e56646fb2b4f,carbon dioxide,primary,https://glosbe.com/xsy/en/rae%3Aho%27,data/raw/html/static/xsy_en/rae%3Aho%27.html
GLOSBE_DICT_7cfe02a86247956d,"xsy,en",rae:iw,away,keep_in_xml,gloss_unmapped,ildrf_source_attested_gloss_unmapped,yes,Final_XML/Saisiyat/Dictionary_Saisiyat_xsy.xml,走(離開); 走開; 逃跑,away,,GLOSBE_DICT_GROUP_d6e081f281a64c31,away,primary,https://glosbe.com/xsy/en/rae%3Aiw,data/raw/html/static/xsy_en/rae%3Aiw.html
GLOSBE_DICT_df8adc87d43266b5,"xsy,en",rakeS,camphor tree,keep_in_xml,target_supported_by_mapping,ildrf_source_attested_target_supported_by_mapping,yes,Final_XML/Saisiyat/Dictionary_Saisiyat_xsy.xml,樟樹,camphor tree,樹; 樟樹,GLOSBE_DICT_GROUP_5327b50eee357e55,camphor tree,primary,https://glosbe.com/xsy/en/rakeS,data/raw/html/static/xsy_en/rakeS.html
GLOSBE_DICT_634a92596d0c6c4e,"xsy,en",ralom bintoe'an,mercury,keep_in_xml,gloss_unmapped,ildrf_source_attested_gloss_unmapped,yes,Final_XML/Saisiyat/Dictionary_Saisiyat_xsy.xml,水星,mercury,,GLOSBE_DICT_GROUP_3bc7f784fc10a392,mercury,primary,https://glosbe.com/xsy/en/ralom%20bintoe%27an,data/raw/html/static/xsy_en/ralom%20bintoe%27an.html
GLOSBE_DICT_fac2831e6f369a2c,"xsy,en",ralom,water,keep_in_xml,gloss_unmapped,ildrf_source_attested_gloss_unmapped,yes,Final_XML/Saisiyat/Dictionary_Saisiyat_xsy.xml,水,water,,GLOSBE_DICT_GROUP_59668e3379f85a4e,water,primary,https://glosbe.com/xsy/en/ralom,data/raw/html/static/xsy_en/ralom.html
GLOSBE_DICT_41427245632f9ad8,"xsy,en",ralompatonay,mercury,keep_in_xml,gloss_unmapped,ildrf_source_attested_gloss_unmapped,yes,Final_XML/Saisiyat/Dictionary_Saisiyat_xsy.xml,汞 (水銀),mercury,,GLOSBE_DICT_GROUP_50aa06236fa3d7ad,mercury,primary,https://glosbe.com/xsy/en/ralompatonay,data/raw/html/static/xsy_en/ralompatonay.html
GLOSBE_DICT_d108e892861a8c75,"xsy,en",ramo,blood,keep_in_xml,source_not_attested,source_not_attested_in_ildrf_reference,no,,,blood,,GLOSBE_DICT_GROUP_eff4c7d57b1c49b2,blood,primary,https://glosbe.com/xsy/en/ramo,data/raw/html/static/xsy_en/ramo.html
GLOSBE_DICT_ef9c4ebe6db9a51f,"xsy,en",rapit,creeping fig,keep_in_xml,gloss_unmapped,ildrf_source_attested_gloss_unmapped,yes,Final_XML/Saisiyat/Dictionary_Saisiyat_xsy.xml,愛玉,creeping fig,,GLOSBE_DICT_GROUP_5c3bbf2ec851e591,creeping fig,primary,https://glosbe.com/xsy/en/rapit,data/raw/html/static/xsy_en/rapit.html
GLOSBE_DICT_b8d7fe06489d349b,"xsy,en",raro:o',name,keep_in_xml,gloss_unmapped,ildrf_source_attested_gloss_unmapped,yes,Final_XML/Saisiyat/Dictionary_Saisiyat_xsy.xml,名字,name,,GLOSBE_DICT_GROUP_c5d93049c6788ecc,name,primary,https://glosbe.com/xsy/en/raro%3Ao%27,data/raw/html/static/xsy_en/raro%3Ao%27.html
GLOSBE_DICT_1e02ecea9eab084a,"xsy,en",raromaeh,bamboo,keep_in_xml,gloss_unmapped,ildrf_source_attested_gloss_unmapped,yes,Final_XML/Saisiyat/Dictionary_Saisiyat_xsy.xml,竹子,bamboo,,GLOSBE_DICT_GROUP_ac2d5ec928c91da3,bamboo,primary,https://glosbe.com/xsy/en/raromaeh,data/raw/html/static/xsy_en/raromaeh.html
GLOSBE_DICT_5fdcea6efa7bfc93,"xsy,en",rayhil,dollar,keep_in_xml,target_supported_by_mapping,ildrf_source_attested_target_supported_by_mapping,yes,Final_XML/Saisiyat/Dictionary_Saisiyat_xsy.xml,錢,dollar; money,錢,GLOSBE_DICT_GROUP_121b2dc5923bf892,dollar,primary,https://glosbe.com/xsy/en/rayhil,data/raw/html/static/xsy_en/rayhil.html
GLOSBE_DICT_e68da840afbf9a8b,"xsy,en",rayhil,money,keep_in_xml,target_supported_by_mapping,ildrf_source_attested_target_supported_by_mapping,yes,Final_XML/Saisiyat/Dictionary_Saisiyat_xsy.xml,錢,dollar; money,錢,GLOSBE_DICT_GROUP_121b2dc5923bf892,money,alt,https://glosbe.com/xsy/en/rayhil,data/raw/html/static/xsy_en/rayhil.html
GLOSBE_DICT_017c042f6a7f7374,"xsy,en",rim'aen,tomorrow,keep_in_xml,gloss_unmapped,ildrf_source_attested_gloss_unmapped,yes,Final_XML/Saisiyat/Dictionary_Saisiyat_xsy.xml,明天,tomorrow,,GLOSBE_DICT_GROUP_77269508e8b9514d,tomorrow,primary,https://glosbe.com/xsy/en/rim%27aen,data/raw/html/static/xsy_en/rim%27aen.html
GLOSBE_DICT_4c3145e1ff51e144,"xsy,en",rima',to,keep_in_xml,gloss_unmapped,ildrf_source_attested_gloss_unmapped,yes,Final_XML/Saisiyat/Dictionary_Saisiyat_xsy.xml,去,to,,GLOSBE_DICT_GROUP_501c8f670e03668c,to,primary,https://glosbe.com/xsy/en/rima%27,data/raw/html/static/xsy_en/rima%27.html
GLOSBE_DICT_0f0f0e0b3479ac32,"xsy,en",rinalas ka tata:a',fried chicken,keep_in_xml,gloss_unmapped,ildrf_source_attested_gloss_unmapped,yes,Final_XML/Saisiyat/Dictionary_Saisiyat_xsy.xml,炸雞,fried chicken,,GLOSBE_DICT_GROUP_0626956a7ccc1bc4,fried chicken,primary,https://glosbe.com/xsy/en/rinalas%20ka%20tata%3Aa%27,data/raw/html/static/xsy_en/rinalas%20ka%20tata%3Aa%27.html
GLOSBE_DICT_6c8aa58a8fdcbd5c,"xsy,en",ripon,Japanese,keep_in_xml,gloss_unmapped,ildrf_source_attested_gloss_unmapped,yes,Final_XML/Saisiyat/Dictionary_Saisiyat_xsy.xml,日本（日語借詞）,Japanese,,GLOSBE_DICT_GROUP_d248587243b8bbb5,Japanese,primary,https://glosbe.com/xsy/en/ripon,data/raw/html/static/xsy_en/ripon.html
GLOSBE_DICT_4f612b9a8113e39d,"xsy,en",ririm'aenan,morning,keep_in_xml,gloss_unmapped,ildrf_source_attested_gloss_unmapped,yes,Final_XML/Saisiyat/Dictionary_Saisiyat_xsy.xml,早上; 清晨,morning,,GLOSBE_DICT_GROUP_4e44e35b77efbf14,morning,primary,https://glosbe.com/xsy/en/ririm%27aenan,data/raw/html/static/xsy_en/ririm%27aenan.html
GLOSBE_DICT_f794b6b1ee574299,"xsy,en",roSa',two,keep_in_xml,gloss_unmapped,ildrf_source_attested_gloss_unmapped,yes,Final_XML/Saisiyat/Dictionary_Saisiyat_xsy.xml,二; 二（數字）,two,,GLOSBE_DICT_GROUP_41f59851e8293fa5,two,primary,https://glosbe.com/xsy/en/roSa%27,data/raw/html/static/xsy_en/roSa%27.html
GLOSBE_DICT_4ffdf438bb69f0f2,"xsy,en",sabo,wrap,keep_in_xml,source_not_attested,source_not_attested_in_ildrf_reference,no,,,wrap,,GLOSBE_DICT_GROUP_cb69c9384861b890,wrap,primary,https://glosbe.com/xsy/en/sabo,data/raw/html/static/xsy_en/sabo.html
GLOSBE_DICT_6837007f6d1813a0,"xsy,en",sae:pae',litter,keep_in_xml,gloss_unmapped,ildrf_source_attested_gloss_unmapped,yes,Final_XML/Saisiyat/Dictionary_Saisiyat_xsy.xml,垃圾,litter,,GLOSBE_DICT_GROUP_fcead6875f6e9233,litter,primary,https://glosbe.com/xsy/en/sae%3Apae%27,data/raw/html/static/xsy_en/sae%3Apae%27.html
GLOSBE_DICT_9a121116689ca666,"xsy,en",sawki',sickle,keep_in_xml,gloss_unmapped,ildrf_source_attested_gloss_unmapped,yes,Final_XML/Saisiyat/Dictionary_Saisiyat_xsy.xml,大鐮刀,sickle,,GLOSBE_DICT_GROUP_3de5b465f1553b87,sickle,primary,https://glosbe.com/xsy/en/sawki%27,data/raw/html/static/xsy_en/sawki%27.html
GLOSBE_DICT_fe5c87b14d262885,"xsy,en",se:ezen,driven,keep_in_xml,gloss_unmapped,ildrf_source_attested_gloss_unmapped,yes,Final_XML/Saisiyat/Dictionary_Saisiyat_xsy.xml,駕駛,driven,,GLOSBE_DICT_GROUP_5d450bb198883ed2,driven,primary,https://glosbe.com/xsy/en/se%3Aezen,data/raw/html/static/xsy_en/se%3Aezen.html
GLOSBE_DICT_7ba5ed6586f40cd1,"xsy,en",seme'ez,constipation,keep_in_xml,gloss_unmapped,ildrf_source_attested_gloss_unmapped,yes,Final_XML/Saisiyat/Dictionary_Saisiyat_xsy.xml,便祕（主事）,constipation,,GLOSBE_DICT_GROUP_c233ddcac15c7dd6,constipation,primary,https://glosbe.com/xsy/en/seme%27ez,data/raw/html/static/xsy_en/seme%27ez.html
GLOSBE_DICT_2524548667c870a6,"xsy,en",shinbon,newspaper,keep_in_xml,source_not_attested,source_not_attested_in_ildrf_reference,no,,,newspaper,,GLOSBE_DICT_GROUP_6c446982c1ce071f,newspaper,primary,https://glosbe.com/xsy/en/shinbon,data/raw/html/static/xsy_en/shinbon.html
GLOSBE_DICT_676694da3313d883,"xsy,en",shiri,goat,keep_in_xml,source_not_attested,source_not_attested_in_ildrf_reference,no,,,goat,,GLOSBE_DICT_GROUP_3182a08c6f94e7d5,goat,primary,https://glosbe.com/xsy/en/shiri,data/raw/html/static/xsy_en/shiri.html
GLOSBE_DICT_ad25bcd513e73f89,"xsy,en",siniya',hatch,keep_in_xml,gloss_unmapped,ildrf_source_attested_gloss_unmapped,yes,Final_XML/Saisiyat/Dictionary_Saisiyat_xsy.xml,孵出,hatch,,GLOSBE_DICT_GROUP_d2013dabbed3b47f,hatch,primary,https://glosbe.com/xsy/en/siniya%27,data/raw/html/static/xsy_en/siniya%27.html
GLOSBE_DICT_161eeef5cb684a1c,"xsy,en",sinsang noka Sinpanan,veterinarian,keep_in_xml,gloss_unmapped,ildrf_source_attested_gloss_unmapped,yes,Final_XML/Saisiyat/Dictionary_Saisiyat_xsy.xml,獸醫(寵物),veterinarian,,GLOSBE_DICT_GROUP_38ffbb44a5674116,veterinarian,primary,https://glosbe.com/xsy/en/sinsang%20noka%20Sinpanan,data/raw/html/static/xsy_en/sinsang%20noka%20Sinpanan.html
GLOSBE_DICT_7e634824f4f54d67,"xsy,en",sinsang,doctor,keep_in_xml,gloss_unmapped,ildrf_source_attested_gloss_unmapped,yes,Final_XML/Saisiyat/Dictionary_Saisiyat_xsy.xml,醫生,doctor,,GLOSBE_DICT_GROUP_c16b75c7518686cd,doctor,primary,https://glosbe.com/xsy/en/sinsang,data/raw/html/static/xsy_en/sinsang.html
GLOSBE_DICT_a20033474990c6ef,"xsy,en",sinsangan,clinic,keep_in_xml,gloss_unmapped,ildrf_source_attested_gloss_unmapped,yes,Final_XML/Saisiyat/Dictionary_Saisiyat_xsy.xml,診所; 醫生,clinic,,GLOSBE_DICT_GROUP_1e55400a3c2c7fa9,clinic,primary,https://glosbe.com/xsy/en/sinsangan,data/raw/html/static/xsy_en/sinsangan.html
GLOSBE_DICT_a7c5b0f3e9db6c81,"xsy,en",sisiyap,interest,keep_in_xml,gloss_unmapped,ildrf_source_attested_gloss_unmapped,yes,Final_XML/Saisiyat/Dictionary_Saisiyat_xsy.xml,雛鳥,interest,,GLOSBE_DICT_GROUP_dd3ae70f790612b6,interest,primary,https://glosbe.com/xsy/en/sisiyap,data/raw/html/static/xsy_en/sisiyap.html
GLOSBE_DICT_00e96db8c665c315,"xsy,en",sitaew,daikon,keep_in_xml,gloss_unmapped,ildrf_source_attested_gloss_unmapped,yes,Final_XML/Saisiyat/Dictionary_Saisiyat_xsy.xml,白蘿蔔; 蘿蔔,daikon,,GLOSBE_DICT_GROUP_9e70bb18ec5a40e3,daikon,primary,https://glosbe.com/xsy/en/sitaew,data/raw/html/static/xsy_en/sitaew.html
GLOSBE_DICT_257f86da5c4b98ae,"xsy,en",siyaenban,ten million,keep_in_xml,gloss_unmapped,ildrf_source_attested_gloss_unmapped,yes,Final_XML/Saisiyat/Dictionary_Saisiyat_xsy.xml,千萬,ten million,,GLOSBE_DICT_GROUP_9ae56ac4d7b68225,ten million,primary,https://glosbe.com/xsy/en/siyaenban,data/raw/html/static/xsy_en/siyaenban.html
GLOSBE_DICT_78e4d26b50cfeff4,"xsy,en",siyaenpatonay,lead,keep_in_xml,gloss_unmapped,ildrf_source_attested_gloss_unmapped,yes,Final_XML/Saisiyat/Dictionary_Saisiyat_xsy.xml,鉛,lead,,GLOSBE_DICT_GROUP_f5277516116227ab,lead,primary,https://glosbe.com/xsy/en/siyaenpatonay,data/raw/html/static/xsy_en/siyaenpatonay.html
GLOSBE_DICT_c21d40b6a02509ad,"xsy,en",siyak,tin,keep_in_xml,target_supported_by_mapping,ildrf_source_attested_target_supported_by_mapping,yes,Final_XML/Saisiyat/Dictionary_Saisiyat_xsy.xml,錫; 錫製,tin; tinplate,錫製; 錫,GLOSBE_DICT_GROUP_c6e595eba88cf3c4,tin,primary,https://glosbe.com/xsy/en/siyak,data/raw/html/static/xsy_en/siyak.html
GLOSBE_DICT_a195649a87f9464b,"xsy,en",siyak,tinplate,keep_in_xml,target_supported_by_mapping,ildrf_source_attested_target_supported_by_mapping,yes,Final_XML/Saisiyat/Dictionary_Saisiyat_xsy.xml,錫; 錫製,tin; tinplate,錫製; 錫,GLOSBE_DICT_GROUP_c6e595eba88cf3c4,tinplate,alt,https://glosbe.com/xsy/en/siyak,data/raw/html/static/xsy_en/siyak.html
GLOSBE_DICT_65519290bb38381c,"xsy,en",sizop,black nightshade,keep_in_xml,gloss_unmapped,ildrf_source_attested_gloss_unmapped,yes,Final_XML/Saisiyat/Dictionary_Saisiyat_xsy.xml,龍葵,black nightshade,,GLOSBE_DICT_GROUP_0d8706357a26929f,black nightshade,primary,https://glosbe.com/xsy/en/sizop,data/raw/html/static/xsy_en/sizop.html
GLOSBE_DICT_a2cd7813b9a5670d,"xsy,en",somay,bear,keep_in_xml,gloss_unmapped,ildrf_source_attested_gloss_unmapped,yes,Final_XML/Saisiyat/Dictionary_Saisiyat_xsy.xml,熊,bear,,GLOSBE_DICT_GROUP_5e42a336b17d8dba,bear,primary,https://glosbe.com/xsy/en/somay,data/raw/html/static/xsy_en/somay.html
GLOSBE_DICT_57e58e2d11a51587,"xsy,en",some:ez,driving,keep_in_xml,gloss_unmapped,ildrf_source_attested_gloss_unmapped,yes,Final_XML/Saisiyat/Dictionary_Saisiyat_xsy.xml,駕駛,driving,,GLOSBE_DICT_GROUP_17f763c133f9815a,driving,primary,https://glosbe.com/xsy/en/some%3Aez,data/raw/html/static/xsy_en/some%3Aez.html
GLOSBE_DICT_1aa1ba881f4c2ce9,"xsy,en",sowana:,garlic,keep_in_xml,gloss_unmapped,ildrf_source_attested_gloss_unmapped,yes,Final_XML/Saisiyat/Dictionary_Saisiyat_xsy.xml,蒜,garlic,,GLOSBE_DICT_GROUP_48b7375b31996f22,garlic,primary,https://glosbe.com/xsy/en/sowana%3A,data/raw/html/static/xsy_en/sowana%3A.html
GLOSBE_DICT_b0ce531ade146b21,"xsy,en",sowiz,hatch,keep_in_xml,gloss_unmapped,ildrf_source_attested_gloss_unmapped,yes,Final_XML/Saisiyat/Dictionary_Saisiyat_xsy.xml,孵蛋,hatch,,GLOSBE_DICT_GROUP_915d36e63d18d62f,hatch,primary,https://glosbe.com/xsy/en/sowiz,data/raw/html/static/xsy_en/sowiz.html
GLOSBE_DICT_866b678b1811af50,"xsy,en",ta'oe'aen,house,keep_in_xml,source_not_attested,source_not_attested_in_ildrf_reference,no,,,house,,GLOSBE_DICT_GROUP_8b4288ac424eb641,house,primary,https://glosbe.com/xsy/en/ta%27oe%27aen,data/raw/html/static/xsy_en/ta%27oe%27aen.html
GLOSBE_DICT_5e8ee79247b34fda,"xsy,en",ta'owaw,alcoholic,keep_in_xml,target_supported_by_mapping,ildrf_source_attested_target_supported_by_mapping,yes,Final_XML/Saisiyat/Dictionary_Saisiyat_xsy.xml,酒鬼（泰雅語借詞）,alcoholic,鬼; 酒鬼,GLOSBE_DICT_GROUP_814a2242bde1e201,alcoholic,primary,https://glosbe.com/xsy/en/ta%27owaw,data/raw/html/static/xsy_en/ta%27owaw.html
GLOSBE_DICT_7e78e13bcbe08ef2,"xsy,en",taboka',passion fruit,keep_in_xml,gloss_unmapped,ildrf_source_attested_gloss_unmapped,yes,Final_XML/Saisiyat/Dictionary_Saisiyat_xsy.xml,百香果,passion fruit,,GLOSBE_DICT_GROUP_5ceb0bed40416a60,passion fruit,primary,https://glosbe.com/xsy/en/taboka%27,data/raw/html/static/xsy_en/taboka%27.html
GLOSBE_DICT_2468cd7e827e3d7f,"xsy,en",tabowil,cucumber,keep_in_xml,gloss_unmapped,ildrf_source_attested_gloss_unmapped,yes,Final_XML/Saisiyat/Dictionary_Saisiyat_xsy.xml,黃瓜（胡瓜）,cucumber,,GLOSBE_DICT_GROUP_d4268631da29d885,cucumber,primary,https://glosbe.com/xsy/en/tabowil,data/raw/html/static/xsy_en/tabowil.html
GLOSBE_DICT_3c3ef51c881cd75a,"xsy,en",tae'aes,put down,keep_in_xml,gloss_unmapped,ildrf_source_attested_gloss_unmapped,yes,Final_XML/Saisiyat/Dictionary_Saisiyat_xsy.xml,放下,put down,,GLOSBE_DICT_GROUP_ddf01a9ef255d145,put down,primary,https://glosbe.com/xsy/en/tae%27aes,data/raw/html/static/xsy_en/tae%27aes.html
GLOSBE_DICT_90c88033833be196,"xsy,en",taetae',chew,keep_in_xml,gloss_unmapped,ildrf_source_attested_gloss_unmapped,yes,Final_XML/Saisiyat/Dictionary_Saisiyat_xsy.xml,咀嚼,chew,,GLOSBE_DICT_GROUP_c44d60943e36b7ab,chew,primary,https://glosbe.com/xsy/en/taetae%27,data/raw/html/static/xsy_en/taetae%27.html
GLOSBE_DICT_8b6ee2527e0d6e5d,"xsy,en",tahoki',chairperson,keep_in_xml,target_supported_by_mapping,ildrf_source_attested_target_supported_by_mapping,yes,Final_XML/Saisiyat/Dictionary_Saisiyat_xsy.xml,"校長; 老闆,帶路的人（日語借詞）; 長官",chairperson,人; 長官; 校長; 老闆; 路; 帶路的人,GLOSBE_DICT_GROUP_e118e249440e1c9e,chairperson,primary,https://glosbe.com/xsy/en/tahoki%27,data/raw/html/static/xsy_en/tahoki%27.html
GLOSBE_DICT_df29dcc0fba35031,"xsy,en",talawsan,bergamot,keep_in_xml,different_from_mapping,ildrf_source_attested_target_differs_from_mapping,yes,Final_XML/Saisiyat/Dictionary_Saisiyat_xsy.xml,檸檬,bergamot; lemon,檸檬,GLOSBE_DICT_GROUP_ba3607eb6af91bcc,bergamot,primary,https://glosbe.com/xsy/en/talawsan,data/raw/html/static/xsy_en/talawsan.html
GLOSBE_DICT_d2c86590c7bf2290,"xsy,en",talawsan,lemon,keep_in_xml,target_supported_by_mapping,ildrf_source_attested_target_supported_by_mapping,yes,Final_XML/Saisiyat/Dictionary_Saisiyat_xsy.xml,檸檬,bergamot; lemon,檸檬,GLOSBE_DICT_GROUP_ba3607eb6af91bcc,lemon,alt,https://glosbe.com/xsy/en/talawsan,data/raw/html/static/xsy_en/talawsan.html
GLOSBE_DICT_ec60838174463327,"xsy,en",tali',bitter melon,keep_in_xml,gloss_unmapped,ildrf_source_attested_gloss_unmapped,yes,Final_XML/Saisiyat/Dictionary_Saisiyat_xsy.xml,苦瓜,bitter melon,,GLOSBE_DICT_GROUP_b5d5288b019001f7,bitter melon,primary,https://glosbe.com/xsy/en/tali%27,data/raw/html/static/xsy_en/tali%27.html
GLOSBE_DICT_ce7c3634c1b694c1,"xsy,en",talka:,table,keep_in_xml,gloss_unmapped,ildrf_source_attested_gloss_unmapped,yes,Final_XML/Saisiyat/Dictionary_Saisiyat_xsy.xml,桌子,table,,GLOSBE_DICT_GROUP_68fccbb418c06059,table,primary,https://glosbe.com/xsy/en/talka%3A,data/raw/html/static/xsy_en/talka%3A.html
GLOSBE_DICT_49ee40fe160bffbc,"xsy,en",tangoray,idiot,keep_in_xml,gloss_unmapped,ildrf_source_attested_gloss_unmapped,yes,Final_XML/Saisiyat/Dictionary_Saisiyat_xsy.xml,大傻瓜,idiot,,GLOSBE_DICT_GROUP_cc558ca6c80aa75b,idiot,primary,https://glosbe.com/xsy/en/tangoray,data/raw/html/static/xsy_en/tangoray.html
GLOSBE_DICT_897e80ba445f9347,"xsy,en",tanowan,keg,keep_in_xml,gloss_unmapped,ildrf_source_attested_gloss_unmapped,yes,Final_XML/Saisiyat/Dictionary_Saisiyat_xsy.xml,水桶,keg,,GLOSBE_DICT_GROUP_d21ce5f0a469ac63,keg,primary,https://glosbe.com/xsy/en/tanowan,data/raw/html/static/xsy_en/tanowan.html
GLOSBE_DICT_165b309bb03441df,"xsy,en",tata:a',chicken,keep_in_xml,gloss_unmapped,ildrf_source_attested_gloss_unmapped,yes,Final_XML/Saisiyat/Dictionary_Saisiyat_xsy.xml,雞,chicken,,GLOSBE_DICT_GROUP_005362d1d43f3abb,chicken,primary,https://glosbe.com/xsy/en/tata%3Aa%27,data/raw/html/static/xsy_en/tata%3Aa%27.html
GLOSBE_DICT_49f0ced7f026975c,"xsy,en",tatabo:,bait,keep_in_xml,gloss_unmapped,ildrf_source_attested_gloss_unmapped,yes,Final_XML/Saisiyat/Dictionary_Saisiyat_xsy.xml,餌; 餵的東西,bait,,GLOSBE_DICT_GROUP_fff56ddadc982aee,bait,primary,https://glosbe.com/xsy/en/tatabo%3A,data/raw/html/static/xsy_en/tatabo%3A.html
GLOSBE_DICT_2c3ee08a85225fad,"xsy,en",tatae'aes,break up,keep_in_xml,target_supported_by_mapping,ildrf_source_attested_target_supported_by_mapping,yes,Final_XML/Saisiyat/Dictionary_Saisiyat_xsy.xml,分手,break up,手; 分手,GLOSBE_DICT_GROUP_01c6135983df14ae,break up,primary,https://glosbe.com/xsy/en/tatae%27aes,data/raw/html/static/xsy_en/tatae%27aes.html
GLOSBE_DICT_d236457fe974fa7c,"xsy,en",tatangoe',beak,keep_in_xml,target_supported_by_mapping,ildrf_source_attested_target_supported_by_mapping,yes,Final_XML/Saisiyat/Dictionary_Saisiyat_xsy.xml,互啄; 十字鎬; 雞嘴,beak; hoe,十字鎬; 雞嘴,GLOSBE_DICT_GROUP_02653de8d75f86e7,beak,primary,https://glosbe.com/xsy/en/tatangoe%27,data/raw/html/static/xsy_en/tatangoe%27.html
GLOSBE_DICT_8218f810bee2183d,"xsy,en",tatangoe',hoe,keep_in_xml,target_supported_by_mapping,ildrf_source_attested_target_supported_by_mapping,yes,Final_XML/Saisiyat/Dictionary_Saisiyat_xsy.xml,互啄; 十字鎬; 雞嘴,beak; hoe,十字鎬; 雞嘴,GLOSBE_DICT_GROUP_02653de8d75f86e7,hoe,alt,https://glosbe.com/xsy/en/tatangoe%27,data/raw/html/static/xsy_en/tatangoe%27.html
GLOSBE_DICT_1e6610c05fe2399b,"xsy,en",tateleng,cactus,keep_in_xml,different_from_mapping,ildrf_source_attested_target_differs_from_mapping,yes,Final_XML/Saisiyat/Dictionary_Saisiyat_xsy.xml,針狀物,cactus; thorn,針狀物,GLOSBE_DICT_GROUP_11493a1da205cd56,cactus,primary,https://glosbe.com/xsy/en/tateleng,data/raw/html/static/xsy_en/tateleng.html
GLOSBE_DICT_6d5b37822c37a0c0,"xsy,en",tateleng,thorn,keep_in_xml,target_supported_by_mapping,ildrf_source_attested_target_supported_by_mapping,yes,Final_XML/Saisiyat/Dictionary_Saisiyat_xsy.xml,針狀物,cactus; thorn,針狀物,GLOSBE_DICT_GROUP_11493a1da205cd56,thorn,alt,https://glosbe.com/xsy/en/tateleng,data/raw/html/static/xsy_en/tateleng.html
GLOSBE_DICT_166aa9f4775bd627,"xsy,en",tatikot,scare,keep_in_xml,target_supported_by_mapping,ildrf_source_attested_target_supported_by_mapping,yes,Final_XML/Saisiyat/Dictionary_Saisiyat_xsy.xml,嚇人,scare,人; 嚇人,GLOSBE_DICT_GROUP_b27b3aff820c4301,scare,primary,https://glosbe.com/xsy/en/tatikot,data/raw/html/static/xsy_en/tatikot.html
GLOSBE_DICT_b5085ccb33c435a3,"xsy,en",tatoba',pesticide,keep_in_xml,gloss_unmapped,ildrf_source_attested_gloss_unmapped,yes,Final_XML/Saisiyat/Dictionary_Saisiyat_xsy.xml,毒; 蕗籐,pesticide,,GLOSBE_DICT_GROUP_df1dcd06fe62c22b,pesticide,primary,https://glosbe.com/xsy/en/tatoba%27,data/raw/html/static/xsy_en/tatoba%27.html
GLOSBE_DICT_e3607303015d5ca2,"xsy,en",tawho:,tofu,keep_in_xml,gloss_unmapped,ildrf_source_attested_gloss_unmapped,yes,Final_XML/Saisiyat/Dictionary_Saisiyat_xsy.xml,豆腐（華語借詞）,tofu,,GLOSBE_DICT_GROUP_b3c97f787e7f9792,tofu,primary,https://glosbe.com/xsy/en/tawho%3A,data/raw/html/static/xsy_en/tawho%3A.html
GLOSBE_DICT_5d40b90e872f572e,"xsy,en",tawmo',banana,keep_in_xml,gloss_unmapped,ildrf_source_attested_gloss_unmapped,yes,Final_XML/Saisiyat/Dictionary_Saisiyat_xsy.xml,香蕉,banana,,GLOSBE_DICT_GROUP_9acb930a3eadea9f,banana,primary,https://glosbe.com/xsy/en/tawmo%27,data/raw/html/static/xsy_en/tawmo%27.html
GLOSBE_DICT_7dc6de4d07344c82,"xsy,en",tawtaw,peanut,keep_in_xml,gloss_unmapped,ildrf_source_attested_gloss_unmapped,yes,Final_XML/Saisiyat/Dictionary_Saisiyat_xsy.xml,花生,peanut,,GLOSBE_DICT_GROUP_4af166caf361e26d,peanut,primary,https://glosbe.com/xsy/en/tawtaw,data/raw/html/static/xsy_en/tawtaw.html
GLOSBE_DICT_ffb452192b9ab8b8,"xsy,en",tawtawmo'an,banana plantation,keep_in_xml,gloss_unmapped,ildrf_source_attested_gloss_unmapped,yes,Final_XML/Saisiyat/Dictionary_Saisiyat_xsy.xml,香蕉園,banana plantation,,GLOSBE_DICT_GROUP_04eaae8db7a0399d,banana plantation,primary,https://glosbe.com/xsy/en/tawtawmo%27an,data/raw/html/static/xsy_en/tawtawmo%27an.html
GLOSBE_DICT_cfc795a78aa7698c,"xsy,en",tawyo:,soy sauce,keep_in_xml,gloss_unmapped,ildrf_source_attested_gloss_unmapped,yes,Final_XML/Saisiyat/Dictionary_Saisiyat_xsy.xml,醬油; 醬油（客語借詞）,soy sauce,,GLOSBE_DICT_GROUP_f885b441dca2bdde,soy sauce,primary,https://glosbe.com/xsy/en/tawyo%3A,data/raw/html/static/xsy_en/tawyo%3A.html
GLOSBE_DICT_8e5aedd56f5dfc98,"xsy,en",taypae',Taipei,keep_in_xml,gloss_unmapped,ildrf_source_attested_gloss_unmapped,yes,Final_XML/Saisiyat/Dictionary_Saisiyat_xsy.xml,台北（中文借詞）,Taipei,,GLOSBE_DICT_GROUP_9f3c70e9246260e1,Taipei,primary,https://glosbe.com/xsy/en/taypae%27,data/raw/html/static/xsy_en/taypae%27.html
GLOSBE_DICT_060baca2cf788170,"xsy,en",taypin wasal,Pacific Ocean,keep_in_xml,gloss_unmapped,ildrf_source_attested_gloss_unmapped,yes,Final_XML/Saisiyat/Dictionary_Saisiyat_xsy.xml,太平洋,Pacific Ocean,,GLOSBE_DICT_GROUP_a30ef2ec8d70323d,Pacific Ocean,primary,https://glosbe.com/xsy/en/taypin%20wasal,data/raw/html/static/xsy_en/taypin%20wasal.html
GLOSBE_DICT_7e200bde8c3497b3,"xsy,en",taywan,Taiwan,keep_in_xml,source_not_attested,source_not_attested_in_ildrf_reference,no,,,Taiwan,,GLOSBE_DICT_GROUP_36b35ad0b06bf744,Taiwan,primary,https://glosbe.com/xsy/en/taywan,data/raw/html/static/xsy_en/taywan.html
GLOSBE_DICT_f1ee0a51b8d0e2ec,"xsy,en",te:beS,beech,keep_in_xml,gloss_unmapped,ildrf_source_attested_gloss_unmapped,yes,Final_XML/Saisiyat/Dictionary_Saisiyat_xsy.xml,櫸木,beech,,GLOSBE_DICT_GROUP_9c30248366dcf65c,beech,primary,https://glosbe.com/xsy/en/te%3AbeS,data/raw/html/static/xsy_en/te%3AbeS.html
GLOSBE_DICT_a5ec5c5671ff06e3,"xsy,en",temeleng,prick,keep_in_xml,gloss_unmapped,ildrf_source_attested_gloss_unmapped,yes,Final_XML/Saisiyat/Dictionary_Saisiyat_xsy.xml,刺,prick,,GLOSBE_DICT_GROUP_b667d01a2d475049,prick,primary,https://glosbe.com/xsy/en/temeleng,data/raw/html/static/xsy_en/temeleng.html
GLOSBE_DICT_033182408e9140bb,"xsy,en",tepeS,spit,keep_in_xml,gloss_unmapped,ildrf_source_attested_gloss_unmapped,yes,Final_XML/Saisiyat/Dictionary_Saisiyat_xsy.xml,吐口水,spit,,GLOSBE_DICT_GROUP_49bc92b074be61dc,spit,primary,https://glosbe.com/xsy/en/tepeS,data/raw/html/static/xsy_en/tepeS.html
GLOSBE_DICT_d560d585f1771bac,"xsy,en",ti:il,hang,keep_in_xml,gloss_unmapped,ildrf_source_attested_gloss_unmapped,yes,Final_XML/Saisiyat/Dictionary_Saisiyat_xsy.xml,吊,hang,,GLOSBE_DICT_GROUP_c19155b21de8cda1,hang,primary,https://glosbe.com/xsy/en/ti%3Ail,data/raw/html/static/xsy_en/ti%3Ail.html
GLOSBE_DICT_0bf781c093472268,"xsy,en",tial,belly,keep_in_xml,source_not_attested,source_not_attested_in_ildrf_reference,no,,,belly,,GLOSBE_DICT_GROUP_ae71c261c353cae7,belly,primary,https://glosbe.com/xsy/en/tial,data/raw/html/static/xsy_en/tial.html
GLOSBE_DICT_c9dd6dbaee4dee76,"xsy,en",tihae'o: 'ilaS,Last quarter,keep_in_xml,gloss_unmapped,ildrf_source_attested_gloss_unmapped,yes,Final_XML/Saisiyat/Dictionary_Saisiyat_xsy.xml,下弦月,Last quarter,,GLOSBE_DICT_GROUP_c1c4f8ec08a8557d,Last quarter,primary,https://glosbe.com/xsy/en/tihae%27o%3A%20%27ilaS,data/raw/html/static/xsy_en/tihae%27o%3A%20%27ilaS.html
GLOSBE_DICT_184576dc82c80079,"xsy,en",tikot,afraid,keep_in_xml,gloss_unmapped,ildrf_source_attested_gloss_unmapped,yes,Final_XML/Saisiyat/Dictionary_Saisiyat_xsy.xml,害怕,afraid,,GLOSBE_DICT_GROUP_f9a227ef1956eb70,afraid,primary,https://glosbe.com/xsy/en/tikot,data/raw/html/static/xsy_en/tikot.html
GLOSBE_DICT_9d1f7c0ffeb25b76,"xsy,en",tilibi:,television,keep_in_xml,gloss_unmapped,ildrf_source_attested_gloss_unmapped,yes,Final_XML/Saisiyat/Dictionary_Saisiyat_xsy.xml,電視; 電視（日語借詞）,television,,GLOSBE_DICT_GROUP_089cf5148c442b05,television,primary,https://glosbe.com/xsy/en/tilibi%3A,data/raw/html/static/xsy_en/tilibi%3A.html
GLOSBE_DICT_ac8b99d911ead026,"xsy,en",timo',salt,keep_in_xml,gloss_unmapped,ildrf_source_attested_gloss_unmapped,yes,Final_XML/Saisiyat/Dictionary_Saisiyat_xsy.xml,鹽; 鹽巴,salt,,GLOSBE_DICT_GROUP_74cf2d14e6cbb5f9,salt,primary,https://glosbe.com/xsy/en/timo%27,data/raw/html/static/xsy_en/timo%27.html
GLOSBE_DICT_c05ab262b892e9a3,"xsy,en",tinakleheh wazwaz hinola',diameter,keep_in_xml,gloss_unmapped,ildrf_source_attested_gloss_unmapped,yes,Final_XML/Saisiyat/Dictionary_Saisiyat_xsy.xml,直徑,diameter,,GLOSBE_DICT_GROUP_7fba7f27c90b578a,diameter,primary,https://glosbe.com/xsy/en/tinakleheh%20wazwaz%20hinola%27,data/raw/html/static/xsy_en/tinakleheh%20wazwaz%20hinola%27.html
GLOSBE_DICT_1707e461f0acabb7,"xsy,en",tinakleheh wazwaz tiniSepe:,radius,keep_in_xml,gloss_unmapped,ildrf_source_attested_gloss_unmapped,yes,Final_XML/Saisiyat/Dictionary_Saisiyat_xsy.xml,半徑,radius,,GLOSBE_DICT_GROUP_116e0938b8a32b23,radius,primary,https://glosbe.com/xsy/en/tinakleheh%20wazwaz%20tiniSepe%3A,data/raw/html/static/xsy_en/tinakleheh%20wazwaz%20tiniSepe%3A.html
GLOSBE_DICT_558cf4858a786249,"xsy,en",tinal'oemaeh,year,keep_in_xml,target_supported_by_mapping,ildrf_source_attested_target_supported_by_mapping,yes,Final_XML/Saisiyat/Dictionary_Saisiyat_xsy.xml,年; 歲; 耕田（完成）,year,年,GLOSBE_DICT_GROUP_aa80baca091e4553,year,primary,https://glosbe.com/xsy/en/tinal%27oemaeh,data/raw/html/static/xsy_en/tinal%27oemaeh.html
GLOSBE_DICT_8b1c6dbad3abb6c8,"xsy,en",tinawbon,rice cake,keep_in_xml,gloss_unmapped,ildrf_source_attested_gloss_unmapped,yes,Final_XML/Saisiyat/Dictionary_Saisiyat_xsy.xml,糯米糕,rice cake,,GLOSBE_DICT_GROUP_629a8a9f1f9f3589,rice cake,primary,https://glosbe.com/xsy/en/tinawbon,data/raw/html/static/xsy_en/tinawbon.html
GLOSBE_DICT_8dc9b09782ecba8a,"xsy,en",tiniS'aliyaS,radiation,keep_in_xml,gloss_unmapped,ildrf_source_attested_gloss_unmapped,yes,Final_XML/Saisiyat/Dictionary_Saisiyat_xsy.xml,輻射,radiation,,GLOSBE_DICT_GROUP_428c452a0849ed57,radiation,primary,https://glosbe.com/xsy/en/tiniS%27aliyaS,data/raw/html/static/xsy_en/tiniS%27aliyaS.html
GLOSBE_DICT_9350390ec0952aa5,"xsy,en",tiniShahila:,Ultraviolet,keep_in_xml,gloss_unmapped,ildrf_source_attested_gloss_unmapped,yes,Final_XML/Saisiyat/Dictionary_Saisiyat_xsy.xml,紫外線,Ultraviolet,,GLOSBE_DICT_GROUP_4841b820359a3d8f,Ultraviolet,primary,https://glosbe.com/xsy/en/tiniShahila%3A,data/raw/html/static/xsy_en/tiniShahila%3A.html
GLOSBE_DICT_9294e6e7eea92d0e,"xsy,en",tiniSngangilaeh,Infrared,keep_in_xml,gloss_unmapped,ildrf_source_attested_gloss_unmapped,yes,Final_XML/Saisiyat/Dictionary_Saisiyat_xsy.xml,紅外線,Infrared,,GLOSBE_DICT_GROUP_80832c391b1af40c,Infrared,primary,https://glosbe.com/xsy/en/tiniSngangilaeh,data/raw/html/static/xsy_en/tiniSngangilaeh.html
GLOSBE_DICT_ea9f1a64d6ff403f,"xsy,en",tiniway,hammock,keep_in_xml,gloss_unmapped,ildrf_source_attested_gloss_unmapped,yes,Final_XML/Saisiyat/Dictionary_Saisiyat_xsy.xml,吊掛（完成）,hammock,,GLOSBE_DICT_GROUP_61bc58f6609a3e88,hammock,primary,https://glosbe.com/xsy/en/tiniway,data/raw/html/static/xsy_en/tiniway.html
GLOSBE_DICT_a2d05658741ec611,"xsy,en",tinoSopat o ’aehae’,quarter,keep_in_xml,different_from_mapping,ildrf_source_attested_target_differs_from_mapping,yes,Final_XML/Saisiyat/Dictionary_Saisiyat_xsy.xml,四分之一(數量),quarter,一,GLOSBE_DICT_GROUP_cd70029af53b3a98,quarter,primary,https://glosbe.com/xsy/en/tinoSopat%20o%20%E2%80%99aehae%E2%80%99,data/raw/html/static/xsy_en/tinoSopat%20o%20%E2%80%99aehae%E2%80%99.html
GLOSBE_DICT_8bcd804fee472be9,"xsy,en",tinosas'i:,nickname,keep_in_xml,gloss_unmapped,ildrf_source_attested_gloss_unmapped,yes,Final_XML/Saisiyat/Dictionary_Saisiyat_xsy.xml,外號（同tawsas'i:）,nickname,,GLOSBE_DICT_GROUP_a620e00cee4f85ae,nickname,primary,https://glosbe.com/xsy/en/tinosas%27i%3A,data/raw/html/static/xsy_en/tinosas%27i%3A.html
GLOSBE_DICT_90df4a398cc6c732,"xsy,en",to:o',three,keep_in_xml,gloss_unmapped,ildrf_source_attested_gloss_unmapped,yes,Final_XML/Saisiyat/Dictionary_Saisiyat_xsy.xml,三; 三（數字）,three,,GLOSBE_DICT_GROUP_b97b545b67cb2015,three,primary,https://glosbe.com/xsy/en/to%3Ao%27,data/raw/html/static/xsy_en/to%3Ao%27.html
GLOSBE_DICT_2f262b04c18babb7,"xsy,en",tola',eel,keep_in_xml,gloss_unmapped,ildrf_source_attested_gloss_unmapped,yes,Final_XML/Saisiyat/Dictionary_Saisiyat_xsy.xml,鰻魚,eel,,GLOSBE_DICT_GROUP_75b7b3f86668b471,eel,primary,https://glosbe.com/xsy/en/tola%27,data/raw/html/static/xsy_en/tola%27.html
GLOSBE_DICT_00c68bc48e0dcf02,"xsy,en",tono',brain,keep_in_xml,gloss_unmapped,ildrf_source_attested_gloss_unmapped,yes,Final_XML/Saisiyat/Dictionary_Saisiyat_xsy.xml,撞到; 腦; （撞）,brain,,GLOSBE_DICT_GROUP_96c662da40f5d6dd,brain,primary,https://glosbe.com/xsy/en/tono%27,data/raw/html/static/xsy_en/tono%27.html
GLOSBE_DICT_c191906b68c9036e,"xsy,en",toroe',guide,keep_in_xml,gloss_unmapped,ildrf_source_attested_gloss_unmapped,yes,Final_XML/Saisiyat/Dictionary_Saisiyat_xsy.xml,指引,guide,,GLOSBE_DICT_GROUP_171ae74ac6e7ee37,guide,primary,https://glosbe.com/xsy/en/toroe%27,data/raw/html/static/xsy_en/toroe%27.html
GLOSBE_DICT_75da898760757e20,"xsy,en",tortoroe'en,taught,keep_in_xml,gloss_unmapped,ildrf_source_attested_gloss_unmapped,yes,Final_XML/Saisiyat/Dictionary_Saisiyat_xsy.xml,教導（受事）,taught,,GLOSBE_DICT_GROUP_b0b948885b8b48b0,taught,primary,https://glosbe.com/xsy/en/tortoroe%27en,data/raw/html/static/xsy_en/tortoroe%27en.html
GLOSBE_DICT_151c304b6c282fce,"xsy,en",towak,bark,keep_in_xml,target_supported_by_mapping,ildrf_source_attested_target_supported_by_mapping,yes,Final_XML/Saisiyat/Dictionary_Saisiyat_xsy.xml,樹皮,bark,樹; 樹皮,GLOSBE_DICT_GROUP_0a28cfbd59cdff53,bark,primary,https://glosbe.com/xsy/en/towak,data/raw/html/static/xsy_en/towak.html
GLOSBE_DICT_8d9c34f457f5617b,"xsy,en",towes,penis,keep_in_xml,gloss_unmapped,ildrf_source_attested_gloss_unmapped,yes,Final_XML/Saisiyat/Dictionary_Saisiyat_xsy.xml,陰莖,penis,,GLOSBE_DICT_GROUP_3db21496329e8075,penis,primary,https://glosbe.com/xsy/en/towes,data/raw/html/static/xsy_en/towes.html
GLOSBE_DICT_c073500fc3f7da09,"xsy,en",wa'ae',deer,keep_in_xml,gloss_unmapped,ildrf_source_attested_gloss_unmapped,yes,Final_XML/Saisiyat/Dictionary_Saisiyat_xsy.xml,水鹿; 鹿,deer,,GLOSBE_DICT_GROUP_b1c1fbf00b071a45,deer,primary,https://glosbe.com/xsy/en/wa%27ae%27,data/raw/html/static/xsy_en/wa%27ae%27.html
GLOSBE_DICT_f8ea6ff398942880,"xsy,en",wa'ay,thread,keep_in_xml,source_not_attested,source_not_attested_in_ildrf_reference,no,,,thread,,GLOSBE_DICT_GROUP_3d3f7a0db4cd48c4,thread,primary,https://glosbe.com/xsy/en/wa%27ay,data/raw/html/static/xsy_en/wa%27ay.html
GLOSBE_DICT_704fcc8d4cb6e88d,"xsy,en",wa'is,ability,keep_in_xml,target_supported_by_mapping,ildrf_source_attested_target_supported_by_mapping,yes,Final_XML/Saisiyat/Dictionary_Saisiyat_xsy.xml,力量,ability; strength,力量,GLOSBE_DICT_GROUP_4c81a58087ad86ad,ability,primary,https://glosbe.com/xsy/en/wa%27is,data/raw/html/static/xsy_en/wa%27is.html
GLOSBE_DICT_74579fda18050639,"xsy,en",wa'is,strength,keep_in_xml,target_supported_by_mapping,ildrf_source_attested_target_supported_by_mapping,yes,Final_XML/Saisiyat/Dictionary_Saisiyat_xsy.xml,力量,ability; strength,力量,GLOSBE_DICT_GROUP_4c81a58087ad86ad,strength,alt,https://glosbe.com/xsy/en/wa%27is,data/raw/html/static/xsy_en/wa%27is.html
GLOSBE_DICT_ee62221daf64295f,"xsy,en",wa'isan,expensive,keep_in_xml,target_supported_by_mapping,ildrf_source_attested_target_supported_by_mapping,yes,Final_XML/Saisiyat/Dictionary_Saisiyat_xsy.xml,強; 貴,expensive; strong,強; 貴,GLOSBE_DICT_GROUP_fbf21c3d1a47db54,expensive,primary,https://glosbe.com/xsy/en/wa%27isan,data/raw/html/static/xsy_en/wa%27isan.html
GLOSBE_DICT_1bad17509c2b86aa,"xsy,en",wa'isan,strong,keep_in_xml,target_supported_by_mapping,ildrf_source_attested_target_supported_by_mapping,yes,Final_XML/Saisiyat/Dictionary_Saisiyat_xsy.xml,強; 貴,expensive; strong,強; 貴,GLOSBE_DICT_GROUP_fbf21c3d1a47db54,strong,alt,https://glosbe.com/xsy/en/wa%27isan,data/raw/html/static/xsy_en/wa%27isan.html
GLOSBE_DICT_592807c40dd31491,"xsy,en",wakit,call,keep_in_xml,gloss_unmapped,ildrf_source_attested_gloss_unmapped,yes,Final_XML/Saisiyat/Dictionary_Saisiyat_xsy.xml,扭轉,call,,GLOSBE_DICT_GROUP_1f62c0fabe680cec,call,primary,https://glosbe.com/xsy/en/wakit,data/raw/html/static/xsy_en/wakit.html
GLOSBE_DICT_9507b3faf88b76e8,"xsy,en",walo',sugar,keep_in_xml,gloss_unmapped,ildrf_source_attested_gloss_unmapped,yes,Final_XML/Saisiyat/Dictionary_Saisiyat_xsy.xml,糖; 蜜,sugar,,GLOSBE_DICT_GROUP_1893530d4271da64,sugar,primary,https://glosbe.com/xsy/en/walo%27,data/raw/html/static/xsy_en/walo%27.html
GLOSBE_DICT_eb1e4cab927b6f0a,"xsy,en",walwalo',honey,keep_in_xml,target_supported_by_mapping,ildrf_source_attested_target_supported_by_mapping,yes,Final_XML/Saisiyat/Dictionary_Saisiyat_xsy.xml,蜂蜜; 蜜蜂,honey; bee,蜂蜜; 蜜蜂,GLOSBE_DICT_GROUP_ec6ab647465d2d45,honey,primary,https://glosbe.com/xsy/en/walwalo%27,data/raw/html/static/xsy_en/walwalo%27.html
GLOSBE_DICT_c84f3b0775e65ba1,"xsy,en",walwalo',bee,keep_in_xml,target_supported_by_mapping,ildrf_source_attested_target_supported_by_mapping,yes,Final_XML/Saisiyat/Dictionary_Saisiyat_xsy.xml,蜂蜜; 蜜蜂,honey; bee,蜂蜜; 蜜蜂,GLOSBE_DICT_GROUP_ec6ab647465d2d45,bee,alt,https://glosbe.com/xsy/en/walwalo%27,data/raw/html/static/xsy_en/walwalo%27.html
GLOSBE_DICT_523b77ed8f3a50db,"xsy,en",wasal tinhel,lagoon,keep_in_xml,gloss_unmapped,ildrf_source_attested_gloss_unmapped,yes,Final_XML/Saisiyat/Dictionary_Saisiyat_xsy.xml,潟湖,lagoon,,GLOSBE_DICT_GROUP_e4ab04f830e55168,lagoon,primary,https://glosbe.com/xsy/en/wasal%20tinhel,data/raw/html/static/xsy_en/wasal%20tinhel.html
GLOSBE_DICT_c5ec4b60e92b42d9,"xsy,en",wasal tirakiS ki tihae'o:,tide,keep_in_xml,gloss_unmapped,ildrf_source_attested_gloss_unmapped,yes,Final_XML/Saisiyat/Dictionary_Saisiyat_xsy.xml,潮汐,tide,,GLOSBE_DICT_GROUP_bed81eb8007cf6ef,tide,primary,https://glosbe.com/xsy/en/wasal%20tirakiS%20ki%20tihae%27o%3A,data/raw/html/static/xsy_en/wasal%20tirakiS%20ki%20tihae%27o%3A.html
GLOSBE_DICT_3905a8d4dc02aab7,"xsy,en",wasal,sea,keep_in_xml,gloss_unmapped,ildrf_source_attested_gloss_unmapped,yes,Final_XML/Saisiyat/Dictionary_Saisiyat_xsy.xml,海,sea,,GLOSBE_DICT_GROUP_7dda4ce45a807d93,sea,primary,https://glosbe.com/xsy/en/wasal,data/raw/html/static/xsy_en/wasal.html
GLOSBE_DICT_3105c16882ea7aef,"xsy,en",wazwaz kapaySiri:an wa:ay,equator,keep_in_xml,gloss_unmapped,ildrf_source_attested_gloss_unmapped,yes,Final_XML/Saisiyat/Dictionary_Saisiyat_xsy.xml,赤道,equator,,GLOSBE_DICT_GROUP_66707444c261ae78,equator,primary,https://glosbe.com/xsy/en/wazwaz%20kapaySiri%3Aan%20wa%3Aay,data/raw/html/static/xsy_en/wazwaz%20kapaySiri%3Aan%20wa%3Aay.html
GLOSBE_DICT_ec770b1ec11d3a4d,"xsy,en",yaba',father,keep_in_xml,target_supported_by_mapping,ildrf_source_attested_target_supported_by_mapping,yes,Final_XML/Saisiyat/Dictionary_Saisiyat_xsy.xml,爸爸,father,爸爸,GLOSBE_DICT_GROUP_892c7689fac18756,father,primary,https://glosbe.com/xsy/en/yaba%27,data/raw/html/static/xsy_en/yaba%27.html
GLOSBE_DICT_d5d94fc3cd029b7a,"xsy,en",yabaka',water buffalo,keep_in_xml,gloss_unmapped,ildrf_source_attested_gloss_unmapped,yes,Final_XML/Saisiyat/Dictionary_Saisiyat_xsy.xml,水牛,water buffalo,,GLOSBE_DICT_GROUP_9fa3a96c09b144e5,water buffalo,primary,https://glosbe.com/xsy/en/yabaka%27,data/raw/html/static/xsy_en/yabaka%27.html
GLOSBE_DICT_5ddc1bdbfdf647f5,"xsy,en",yako,I,keep_in_xml,target_supported_by_mapping,ildrf_source_attested_target_supported_by_mapping,yes,Final_XML/Saisiyat/Dictionary_Saisiyat_xsy.xml,我; 我（主格）,I,我; 主格,GLOSBE_DICT_GROUP_66994d4e8d161133,I,primary,https://glosbe.com/xsy/en/yako,data/raw/html/static/xsy_en/yako.html
GLOSBE_DICT_b55fd6349440bd87,"xsy,en",yasam,axe,keep_in_xml,gloss_unmapped,ildrf_source_attested_gloss_unmapped,yes,Final_XML/Saisiyat/Dictionary_Saisiyat_xsy.xml,斧頭,axe,,GLOSBE_DICT_GROUP_d2f22b9afe6d6d54,axe,primary,https://glosbe.com/xsy/en/yasam,data/raw/html/static/xsy_en/yasam.html
GLOSBE_DICT_d4a222fdfe861b49,"xsy,en",zaw,trillion,keep_in_xml,gloss_unmapped,ildrf_source_attested_gloss_unmapped,yes,Final_XML/Saisiyat/Dictionary_Saisiyat_xsy.xml,兆,trillion,,GLOSBE_DICT_GROUP_0faea1811f2fb61c,trillion,primary,https://glosbe.com/xsy/en/zaw,data/raw/html/static/xsy_en/zaw.html
GLOSBE_DICT_6c3faf07e01e2f2f,"xsy,en",zazingas,double-sided tape,keep_in_xml,gloss_unmapped,ildrf_source_attested_gloss_unmapped,yes,Final_XML/Saisiyat/Dictionary_Saisiyat_xsy.xml,雙面膠,double-sided tape,,GLOSBE_DICT_GROUP_df980634ff336e5e,double-sided tape,primary,https://glosbe.com/xsy/en/zazingas,data/raw/html/static/xsy_en/zazingas.html
GLOSBE_DICT_4c9c39495f486874,"xsy,en",ze'SiyaSe',Municipality,keep_in_xml,gloss_unmapped,ildrf_source_attested_gloss_unmapped,yes,Final_XML/Saisiyat/Dictionary_Saisiyat_xsy.xml,直轄市,Municipality,,GLOSBE_DICT_GROUP_a50381a0c75c9e01,Municipality,primary,https://glosbe.com/xsy/en/ze%27SiyaSe%27,data/raw/html/static/xsy_en/ze%27SiyaSe%27.html
GLOSBE_DICT_b72409277f03ec66,"xsy,en",ze:ez,drive,keep_in_xml,gloss_unmapped,ildrf_source_attested_gloss_unmapped,yes,Final_XML/Saisiyat/Dictionary_Saisiyat_xsy.xml,駕駛,drive,,GLOSBE_DICT_GROUP_a3c344ccc17f39d5,drive,primary,https://glosbe.com/xsy/en/ze%3Aez,data/raw/html/static/xsy_en/ze%3Aez.html
GLOSBE_DICT_92ba6c0a59903e53,"xsy,en",ze:ezen,drive,keep_in_xml,gloss_unmapped,ildrf_source_attested_gloss_unmapped,yes,Final_XML/Saisiyat/Dictionary_Saisiyat_xsy.xml,駕駛（受事）,drive,,GLOSBE_DICT_GROUP_8364962efd70a0c5,drive,primary,https://glosbe.com/xsy/en/ze%3Aezen,data/raw/html/static/xsy_en/ze%3Aezen.html
GLOSBE_DICT_cd0ca26ae5739034,"xsy,en",zinki' 'otobay,electric motorcycle,keep_in_xml,source_not_attested,source_not_attested_in_ildrf_reference,no,,,electric motorcycle,,GLOSBE_DICT_GROUP_c30228150446515a,electric motorcycle,primary,https://glosbe.com/xsy/en/zinki%27%20%27otobay,data/raw/html/static/xsy_en/zinki%27%20%27otobay.html
GLOSBE_DICT_e19d223f59d9a42c,"xsy,en",zinowas,paper,keep_in_xml,gloss_unmapped,ildrf_source_attested_gloss_unmapped,yes,Final_XML/Saisiyat/Dictionary_Saisiyat_xsy.xml,紙; 紙張,paper,,GLOSBE_DICT_GROUP_7f2cb56375616926,paper,primary,https://glosbe.com/xsy/en/zinowas,data/raw/html/static/xsy_en/zinowas.html
GLOSBE_DICT_c9eaca1d3b1517d5,"xsy,en",ziyas,bat,keep_in_xml,gloss_unmapped,ildrf_source_attested_gloss_unmapped,yes,Final_XML/Saisiyat/Dictionary_Saisiyat_xsy.xml,蝙蝠,bat,,GLOSBE_DICT_GROUP_2585b4271a301812,bat,primary,https://glosbe.com/xsy/en/ziyas,data/raw/html/static/xsy_en/ziyas.html
GLOSBE_DICT_4ecf4314d133fbae,"xsy,en",zozo',kiwi fruit,keep_in_xml,gloss_unmapped,ildrf_source_attested_gloss_unmapped,yes,Final_XML/Saisiyat/Dictionary_Saisiyat_xsy.xml,彌猴桃,kiwi fruit,,GLOSBE_DICT_GROUP_fa58c6b7120b2e6a,kiwi fruit,primary,https://glosbe.com/xsy/en/zozo%27,data/raw/html/static/xsy_en/zozo%27.html
GLOSBE_DICT_d50c6da1126aef93,"trv,en",Kari Seediq,Seediq,keep_in_xml,source_not_attested,source_not_attested_in_ildrf_reference,no,,,Seediq,,GLOSBE_DICT_GROUP_48071bc92ed4a7e1,Seediq,primary,https://glosbe.com/trv/en/Kari%20Seediq,data/raw/html/static/trv_en/Kari%20Seediq.html
GLOSBE_DICT_6e9c0961cc286e2a,"trv,en",abarao,they,keep_in_xml,source_not_attested,source_not_attested_in_ildrf_reference,no,,,they,,GLOSBE_DICT_GROUP_ca398eb1d6176522,they,primary,https://glosbe.com/trv/en/abarao,data/raw/html/static/trv_en/abarao.html
GLOSBE_DICT_63671acd2ddd1bb9,"trv,en",ahing,shoulder,keep_in_xml,source_not_attested,source_not_attested_in_ildrf_reference,no,,,shoulder,,GLOSBE_DICT_GROUP_7a95040d5d529cb9,shoulder,primary,https://glosbe.com/trv/en/ahing,data/raw/html/static/trv_en/ahing.html
GLOSBE_DICT_43aff812fbc1456f,"trv,en",arung,pangolin,keep_in_xml,target_supported_by_mapping,ildrf_source_attested_target_supported_by_mapping,yes,Final_XML/Truku/Dictionary_Truku_trv.xml,愁眉苦臉; 穿山甲; 穿山甲（動物名）,pangolin,穿山甲; 山,GLOSBE_DICT_GROUP_ee33d84636644fdf,pangolin,primary,https://glosbe.com/trv/en/arung,data/raw/html/static/trv_en/arung.html
GLOSBE_DICT_fe97010e36f1dd25,"trv,en",bírat,ear,keep_in_xml,source_not_attested,source_not_attested_in_ildrf_reference,no,,,ear,,GLOSBE_DICT_GROUP_1d7d78b0743c52ea,ear,primary,https://glosbe.com/trv/en/b%C3%ADrat,data/raw/html/static/trv_en/b%C3%ADrat.html
GLOSBE_DICT_89b0150925a564b6,"trv,en",bútul,short,keep_in_xml,source_not_attested,source_not_attested_in_ildrf_reference,no,,,short,,GLOSBE_DICT_GROUP_6095993cd2bd8f34,short,primary,https://glosbe.com/trv/en/b%C3%BAtul,data/raw/html/static/trv_en/b%C3%BAtul.html
GLOSBE_DICT_85ab3143938b4367,"trv,en",búyas,belly,keep_in_xml,source_not_attested,source_not_attested_in_ildrf_reference,no,,,belly,,GLOSBE_DICT_GROUP_6ea7351b3708338a,belly,primary,https://glosbe.com/trv/en/b%C3%BAyas,data/raw/html/static/trv_en/b%C3%BAyas.html
GLOSBE_DICT_7fc71dc25e0b1ff6,"trv,en",babien,night,keep_in_xml,source_not_attested,source_not_attested_in_ildrf_reference,no,,,night,,GLOSBE_DICT_GROUP_a05dd73a6745b4f0,night,primary,https://glosbe.com/trv/en/babien,data/raw/html/static/trv_en/babien.html
GLOSBE_DICT_4b33f23c9d620bae,"trv,en",baga,hand,keep_in_xml,target_supported_by_mapping,ildrf_source_attested_target_supported_by_mapping,yes,Final_XML/Truku/Dictionary_Truku_trv.xml,手,hand,手,GLOSBE_DICT_GROUP_089146bd7198b12d,hand,primary,https://glosbe.com/trv/en/baga,data/raw/html/static/trv_en/baga.html
GLOSBE_DICT_b22566a2d3a2254b,"trv,en",bahagai,white,keep_in_xml,source_not_attested,source_not_attested_in_ildrf_reference,no,,,white,,GLOSBE_DICT_GROUP_0a45ae8987092ed9,white,primary,https://glosbe.com/trv/en/bahagai,data/raw/html/static/trv_en/bahagai.html
GLOSBE_DICT_9ee8492fac710888,"trv,en",bahani,bird,keep_in_xml,source_not_attested,source_not_attested_in_ildrf_reference,no,,,bird; fowl,,GLOSBE_DICT_GROUP_bd32372f657b2ef9,bird,primary,https://glosbe.com/trv/en/bahani,data/raw/html/static/trv_en/bahani.html
GLOSBE_DICT_6fea12b10a735554,"trv,en",bahani,fowl,keep_in_xml,source_not_attested,source_not_attested_in_ildrf_reference,no,,,bird; fowl,,GLOSBE_DICT_GROUP_bd32372f657b2ef9,fowl,alt,https://glosbe.com/trv/en/bahani,data/raw/html/static/trv_en/bahani.html
GLOSBE_DICT_b589d55492d6bfc0,"trv,en",balau,above,keep_in_xml,source_not_attested,source_not_attested_in_ildrf_reference,no,,,above,,GLOSBE_DICT_GROUP_b16cef791d24ed01,above,primary,https://glosbe.com/trv/en/balau,data/raw/html/static/trv_en/balau.html
GLOSBE_DICT_99317e4d81e7fb45,"trv,en",batunuch,stone,keep_in_xml,source_not_attested,source_not_attested_in_ildrf_reference,no,,,stone,,GLOSBE_DICT_GROUP_9845a187c6eded0b,stone,primary,https://glosbe.com/trv/en/batunuch,data/raw/html/static/trv_en/batunuch.html
GLOSBE_DICT_c5569786cfde827c,"trv,en",birut,ear,keep_in_xml,source_not_attested,source_not_attested_in_ildrf_reference,no,,,ear,,GLOSBE_DICT_GROUP_744725b67ea9b55c,ear,primary,https://glosbe.com/trv/en/birut,data/raw/html/static/trv_en/birut.html
GLOSBE_DICT_3942596a17d2e3c7,"trv,en",bnaqqail,gravel,keep_in_xml,source_not_attested,source_not_attested_in_ildrf_reference,no,,,gravel; grit; sand,,GLOSBE_DICT_GROUP_1576dac0f8debc79,gravel,primary,https://glosbe.com/trv/en/bnaqqail,data/raw/html/static/trv_en/bnaqqail.html
GLOSBE_DICT_6e8cec338ec3f73e,"trv,en",bnaqqail,grit,keep_in_xml,source_not_attested,source_not_attested_in_ildrf_reference,no,,,gravel; grit; sand,,GLOSBE_DICT_GROUP_1576dac0f8debc79,grit,alt,https://glosbe.com/trv/en/bnaqqail,data/raw/html/static/trv_en/bnaqqail.html
GLOSBE_DICT_741eef7fbfb72185,"trv,en",bnaqqail,sand,keep_in_xml,source_not_attested,source_not_attested_in_ildrf_reference,no,,,gravel; grit; sand,,GLOSBE_DICT_GROUP_1576dac0f8debc79,sand,alt,https://glosbe.com/trv/en/bnaqqail,data/raw/html/static/trv_en/bnaqqail.html
GLOSBE_DICT_348fddeadec5a498,"trv,en",bobo ceka naali,afternoon,keep_in_xml,source_not_attested,source_not_attested_in_ildrf_reference,no,,,afternoon,,GLOSBE_DICT_GROUP_06316ea04e386c61,afternoon,primary,https://glosbe.com/trv/en/bobo%20ceka%20naali,data/raw/html/static/trv_en/bobo%20ceka%20naali.html
GLOSBE_DICT_414c8f2480fe3878,"trv,en",bwíhur,wind,keep_in_xml,source_not_attested,source_not_attested_in_ildrf_reference,no,,,wind,,GLOSBE_DICT_GROUP_2757989073ee8c60,wind,primary,https://glosbe.com/trv/en/bw%C3%ADhur,data/raw/html/static/trv_en/bw%C3%ADhur.html
GLOSBE_DICT_d1c126a0ea063958,"trv,en",cúmiq,head louse,keep_in_xml,source_not_attested,source_not_attested_in_ildrf_reference,no,,,head louse; louse,,GLOSBE_DICT_GROUP_f37eeb22c1cd3d58,head louse,primary,https://glosbe.com/trv/en/c%C3%BAmiq,data/raw/html/static/trv_en/c%C3%BAmiq.html
GLOSBE_DICT_8736b82d61f53ee3,"trv,en",cúmiq,louse,keep_in_xml,source_not_attested,source_not_attested_in_ildrf_reference,no,,,head louse; louse,,GLOSBE_DICT_GROUP_f37eeb22c1cd3d58,louse,alt,https://glosbe.com/trv/en/c%C3%BAmiq,data/raw/html/static/trv_en/c%C3%BAmiq.html
GLOSBE_DICT_52e13c4e25eeafc9,"trv,en",chilung timu,sea,keep_in_xml,source_not_attested,source_not_attested_in_ildrf_reference,no,,,sea,,GLOSBE_DICT_GROUP_0d15c1b5111b3c87,sea,primary,https://glosbe.com/trv/en/chilung%20timu,data/raw/html/static/trv_en/chilung%20timu.html
GLOSBE_DICT_aed872ce69adc4ef,"trv,en",churuk,fish,keep_in_xml,source_not_attested,source_not_attested_in_ildrf_reference,no,,,fish,,GLOSBE_DICT_GROUP_445b8fd40263edc4,fish,primary,https://glosbe.com/trv/en/churuk,data/raw/html/static/trv_en/churuk.html
GLOSBE_DICT_6759944e0937154b,"trv,en",dálix,near,keep_in_xml,source_not_attested,source_not_attested_in_ildrf_reference,no,,,near,,GLOSBE_DICT_GROUP_6206749b074616ad,near,primary,https://glosbe.com/trv/en/d%C3%A1lix,data/raw/html/static/trv_en/d%C3%A1lix.html
GLOSBE_DICT_4d2ac91c937c1931,"trv,en",dóríq,eye,keep_in_xml,source_not_attested,source_not_attested_in_ildrf_reference,no,,,eye,,GLOSBE_DICT_GROUP_a87e55aac54cb4d8,eye,primary,https://glosbe.com/trv/en/d%C3%B3r%C3%ADq,data/raw/html/static/trv_en/d%C3%B3r%C3%ADq.html
GLOSBE_DICT_4aa114291b5e814d,"trv,en",daha,two,keep_in_xml,source_not_attested,source_not_attested_in_ildrf_reference,no,,,two,,GLOSBE_DICT_GROUP_4573ea28d27c5697,two,primary,https://glosbe.com/trv/en/daha,data/raw/html/static/trv_en/daha.html
GLOSBE_DICT_c32733a9c22d0eb6,"trv,en",dehakuh,short,keep_in_xml,source_not_attested,source_not_attested_in_ildrf_reference,no,,,short,,GLOSBE_DICT_GROUP_3c17593ee3a1723e,short,primary,https://glosbe.com/trv/en/dehakuh,data/raw/html/static/trv_en/dehakuh.html
GLOSBE_DICT_b3f179ad15a42b81,"trv,en",dehekko,short,keep_in_xml,source_not_attested,source_not_attested_in_ildrf_reference,no,,,short,,GLOSBE_DICT_GROUP_3b949303a6b0cc4b,short,primary,https://glosbe.com/trv/en/dehekko,data/raw/html/static/trv_en/dehekko.html
GLOSBE_DICT_ec1f62b3f6f3d424,"trv,en",dourŭk,eye,keep_in_xml,source_not_attested,source_not_attested_in_ildrf_reference,no,,,eye,,GLOSBE_DICT_GROUP_2bac30a8cbac7937,eye,primary,https://glosbe.com/trv/en/dour%C5%ADk,data/raw/html/static/trv_en/dour%C5%ADk.html
GLOSBE_DICT_9f8b52994a10e790,"trv,en",hamangut,cook,keep_in_xml,source_not_attested,source_not_attested_in_ildrf_reference,no,,,cook,,GLOSBE_DICT_GROUP_20e5547210b82a35,cook,primary,https://glosbe.com/trv/en/hamangut,data/raw/html/static/trv_en/hamangut.html
GLOSBE_DICT_0415684858077e05,"trv,en",hapunek,fire,keep_in_xml,source_not_attested,source_not_attested_in_ildrf_reference,no,,,fire,,GLOSBE_DICT_GROUP_3baacf4e170f6721,fire,primary,https://glosbe.com/trv/en/hapunek,data/raw/html/static/trv_en/hapunek.html
GLOSBE_DICT_59a7e00dff32672b,"trv,en",hazi,leaf,keep_in_xml,source_not_attested,source_not_attested_in_ildrf_reference,no,,,leaf,,GLOSBE_DICT_GROUP_ec9528642049aad0,leaf,primary,https://glosbe.com/trv/en/hazi,data/raw/html/static/trv_en/hazi.html
GLOSBE_DICT_87ac8e9d448273ff,"trv,en",hema,tongue,keep_in_xml,source_not_attested,source_not_attested_in_ildrf_reference,no,,,tongue,,GLOSBE_DICT_GROUP_35c432f2c80647b4,tongue,primary,https://glosbe.com/trv/en/hema,data/raw/html/static/trv_en/hema.html
GLOSBE_DICT_b0c76e2b9ede1fac,"trv,en",hulin,dog,keep_in_xml,source_not_attested,source_not_attested_in_ildrf_reference,no,,,dog,,GLOSBE_DICT_GROUP_81706c6f6fe0547b,dog,primary,https://glosbe.com/trv/en/hulin,data/raw/html/static/trv_en/hulin.html
GLOSBE_DICT_fa3354f5611e88ff,"trv,en",huling,dog,keep_in_xml,target_supported_by_mapping,ildrf_source_attested_target_supported_by_mapping,yes,Final_XML/Truku/Dictionary_Truku_trv.xml,狗; 狗（動物名）,dog; doggy; hound,狗,GLOSBE_DICT_GROUP_d567b91473cffedb,dog,primary,https://glosbe.com/trv/en/huling,data/raw/html/static/trv_en/huling.html
GLOSBE_DICT_e98cff17b6192db2,"trv,en",huling,doggy,keep_in_xml,target_supported_by_mapping,ildrf_source_attested_target_supported_by_mapping,yes,Final_XML/Truku/Dictionary_Truku_trv.xml,狗; 狗（動物名）,dog; doggy; hound,狗,GLOSBE_DICT_GROUP_d567b91473cffedb,doggy,alt,https://glosbe.com/trv/en/huling,data/raw/html/static/trv_en/huling.html
GLOSBE_DICT_aa7054000c528cde,"trv,en",huling,hound,keep_in_xml,target_supported_by_mapping,ildrf_source_attested_target_supported_by_mapping,yes,Final_XML/Truku/Dictionary_Truku_trv.xml,狗; 狗（動物名）,dog; doggy; hound,狗,GLOSBE_DICT_GROUP_d567b91473cffedb,hound,alt,https://glosbe.com/trv/en/huling,data/raw/html/static/trv_en/huling.html
GLOSBE_DICT_e08ac0a62d3afcfa,"trv,en",idass,moon,keep_in_xml,source_not_attested,source_not_attested_in_ildrf_reference,no,,,moon,,GLOSBE_DICT_GROUP_9f5f8c0056848867,moon,primary,https://glosbe.com/trv/en/idass,data/raw/html/static/trv_en/idass.html
GLOSBE_DICT_84111e19cfec747d,"trv,en",iq,good,keep_in_xml,target_supported_by_mapping,ildrf_source_attested_target_supported_by_mapping,yes,Final_XML/Truku/Dictionary_Truku_trv.xml,好(指沒問題); 答應,good; well,好(指沒問題); 好,GLOSBE_DICT_GROUP_9c1989450a0a8ec3,good,primary,https://glosbe.com/trv/en/iq,data/raw/html/static/trv_en/iq.html
GLOSBE_DICT_3b14c60962dd885c,"trv,en",iq,well,keep_in_xml,target_supported_by_mapping,ildrf_source_attested_target_supported_by_mapping,yes,Final_XML/Truku/Dictionary_Truku_trv.xml,好(指沒問題); 答應,good; well,好(指沒問題); 好,GLOSBE_DICT_GROUP_9c1989450a0a8ec3,well,alt,https://glosbe.com/trv/en/iq,data/raw/html/static/trv_en/iq.html
GLOSBE_DICT_51afc4c1759b5ee7,"trv,en",issu,thou,keep_in_xml,source_not_attested,source_not_attested_in_ildrf_reference,no,,,thou; you,,GLOSBE_DICT_GROUP_2f2c6095e6ff419b,thou,primary,https://glosbe.com/trv/en/issu,data/raw/html/static/trv_en/issu.html
GLOSBE_DICT_192f0d57e07dac87,"trv,en",issu,you,keep_in_xml,source_not_attested,source_not_attested_in_ildrf_reference,no,,,thou; you,,GLOSBE_DICT_GROUP_2f2c6095e6ff419b,you,alt,https://glosbe.com/trv/en/issu,data/raw/html/static/trv_en/issu.html
GLOSBE_DICT_021f7d75085e494a,"trv,en",kúyuh,rain,keep_in_xml,source_not_attested,source_not_attested_in_ildrf_reference,no,,,rain,,GLOSBE_DICT_GROUP_9522563f281dd915,rain,primary,https://glosbe.com/trv/en/k%C3%BAyuh,data/raw/html/static/trv_en/k%C3%BAyuh.html
GLOSBE_DICT_f06f7925552fd294,"trv,en",kahoni,stick,keep_in_xml,source_not_attested,source_not_attested_in_ildrf_reference,no,,,stick; wood,,GLOSBE_DICT_GROUP_84420d7e2c842078,stick,primary,https://glosbe.com/trv/en/kahoni,data/raw/html/static/trv_en/kahoni.html
GLOSBE_DICT_a7506609e13eff9a,"trv,en",kahoni,wood,keep_in_xml,source_not_attested,source_not_attested_in_ildrf_reference,no,,,stick; wood,,GLOSBE_DICT_GROUP_84420d7e2c842078,wood,alt,https://glosbe.com/trv/en/kahoni,data/raw/html/static/trv_en/kahoni.html
GLOSBE_DICT_a94d797e7048e117,"trv,en",kanuan,when,keep_in_xml,source_not_attested,source_not_attested_in_ildrf_reference,no,,,when,,GLOSBE_DICT_GROUP_da37d244f6b8ff5b,when,primary,https://glosbe.com/trv/en/kanuan,data/raw/html/static/trv_en/kanuan.html
GLOSBE_DICT_6d83432cb14c3ea6,"trv,en",karat,sky,keep_in_xml,gloss_unmapped,ildrf_source_attested_gloss_unmapped,yes,Final_XML/Truku/Dictionary_Truku_trv.xml,天空; 季節（四季）; 氣候,sky,,GLOSBE_DICT_GROUP_7e380adc75e5c1ca,sky,primary,https://glosbe.com/trv/en/karat,data/raw/html/static/trv_en/karat.html
GLOSBE_DICT_b4e20e3b6e812c18,"trv,en",karengeul,smoke,keep_in_xml,source_not_attested,source_not_attested_in_ildrf_reference,no,,,smoke,,GLOSBE_DICT_GROUP_609a52adabc432ae,smoke,primary,https://glosbe.com/trv/en/karengeul,data/raw/html/static/trv_en/karengeul.html
GLOSBE_DICT_45c443d8416c5c65,"trv,en",kasia,water,keep_in_xml,source_not_attested,source_not_attested_in_ildrf_reference,no,,,water,,GLOSBE_DICT_GROUP_fdcdf3ba7e7aae68,water,primary,https://glosbe.com/trv/en/kasia,data/raw/html/static/trv_en/kasia.html
GLOSBE_DICT_062a3d24f4ac3202,"trv,en",kial,one,keep_in_xml,source_not_attested,source_not_attested_in_ildrf_reference,no,,,one,,GLOSBE_DICT_GROUP_255ecc14e5d67178,one,primary,https://glosbe.com/trv/en/kial,data/raw/html/static/trv_en/kial.html
GLOSBE_DICT_167f1bf1ae743e42,"trv,en",koak,mouth,keep_in_xml,source_not_attested,source_not_attested_in_ildrf_reference,no,,,mouth,,GLOSBE_DICT_GROUP_a97c31a92776be08,mouth,primary,https://glosbe.com/trv/en/koak,data/raw/html/static/trv_en/koak.html
GLOSBE_DICT_82a3060f6f606223,"trv,en",komopach,work,keep_in_xml,source_not_attested,source_not_attested_in_ildrf_reference,no,,,work,,GLOSBE_DICT_GROUP_0d922a2dd6a89762,work,primary,https://glosbe.com/trv/en/komopach,data/raw/html/static/trv_en/komopach.html
GLOSBE_DICT_4ba719fa5ef86266,"trv,en",kushun,day,keep_in_xml,source_not_attested,source_not_attested_in_ildrf_reference,no,,,day,,GLOSBE_DICT_GROUP_f25fc239cadccb88,day,primary,https://glosbe.com/trv/en/kushun,data/raw/html/static/trv_en/kushun.html
GLOSBE_DICT_7098df614311357e,"trv,en",kuzu,snake,keep_in_xml,source_not_attested,source_not_attested_in_ildrf_reference,no,,,snake,,GLOSBE_DICT_GROUP_66996e686cece973,snake,primary,https://glosbe.com/trv/en/kuzu,data/raw/html/static/trv_en/kuzu.html
GLOSBE_DICT_483788ab1c206919,"trv,en",kuzuch,rain,keep_in_xml,source_not_attested,source_not_attested_in_ildrf_reference,no,,,rain,,GLOSBE_DICT_GROUP_85f38675f6eadee9,rain,primary,https://glosbe.com/trv/en/kuzuch,data/raw/html/static/trv_en/kuzuch.html
GLOSBE_DICT_23e01a009149ec79,"trv,en",lícex,fat,keep_in_xml,source_not_attested,source_not_attested_in_ildrf_reference,no,,,fat; grease; oil,,GLOSBE_DICT_GROUP_47cd0ca7e85ba0be,fat,primary,https://glosbe.com/trv/en/l%C3%ADcex,data/raw/html/static/trv_en/l%C3%ADcex.html
GLOSBE_DICT_f13a1661a549510e,"trv,en",lícex,grease,keep_in_xml,source_not_attested,source_not_attested_in_ildrf_reference,no,,,fat; grease; oil,,GLOSBE_DICT_GROUP_47cd0ca7e85ba0be,grease,alt,https://glosbe.com/trv/en/l%C3%ADcex,data/raw/html/static/trv_en/l%C3%ADcex.html
GLOSBE_DICT_04e9467e8281752d,"trv,en",lícex,oil,keep_in_xml,source_not_attested,source_not_attested_in_ildrf_reference,no,,,fat; grease; oil,,GLOSBE_DICT_GROUP_47cd0ca7e85ba0be,oil,alt,https://glosbe.com/trv/en/l%C3%ADcex,data/raw/html/static/trv_en/l%C3%ADcex.html
GLOSBE_DICT_b5c2c938a998c5aa,"trv,en",lakai,child,keep_in_xml,source_not_attested,source_not_attested_in_ildrf_reference,no,,,child,,GLOSBE_DICT_GROUP_747e0a25183fcc89,child,primary,https://glosbe.com/trv/en/lakai,data/raw/html/static/trv_en/lakai.html
GLOSBE_DICT_13488b6ab9c4a379,"trv,en",leminish,cry,keep_in_xml,source_not_attested,source_not_attested_in_ildrf_reference,no,,,cry,,GLOSBE_DICT_GROUP_b9ec50680d014b13,cry,primary,https://glosbe.com/trv/en/leminish,data/raw/html/static/trv_en/leminish.html
GLOSBE_DICT_e95fdaf6046ccb18,"trv,en",lima,five,keep_in_xml,source_not_attested,source_not_attested_in_ildrf_reference,no,,,five,,GLOSBE_DICT_GROUP_afee329fad901707,five,primary,https://glosbe.com/trv/en/lima,data/raw/html/static/trv_en/lima.html
GLOSBE_DICT_fa0a17dedadce329,"trv,en",máduk,hunt,keep_in_xml,source_not_attested,source_not_attested_in_ildrf_reference,no,,,hunt,,GLOSBE_DICT_GROUP_a0656260b8f95c19,hunt,primary,https://glosbe.com/trv/en/m%C3%A1duk,data/raw/html/static/trv_en/m%C3%A1duk.html
GLOSBE_DICT_443cf6a7b4a345bf,"trv,en",máitaq,pierce,keep_in_xml,source_not_attested,source_not_attested_in_ildrf_reference,no,,,pierce; stab; stick; sting,,GLOSBE_DICT_GROUP_b266eda5f93b5857,pierce,primary,https://glosbe.com/trv/en/m%C3%A1itaq,data/raw/html/static/trv_en/m%C3%A1itaq.html
GLOSBE_DICT_9cd075275e9753f5,"trv,en",máitaq,stab,keep_in_xml,source_not_attested,source_not_attested_in_ildrf_reference,no,,,pierce; stab; stick; sting,,GLOSBE_DICT_GROUP_b266eda5f93b5857,stab,alt,https://glosbe.com/trv/en/m%C3%A1itaq,data/raw/html/static/trv_en/m%C3%A1itaq.html
GLOSBE_DICT_0ce4b51d86afd5f4,"trv,en",máitaq,stick,keep_in_xml,source_not_attested,source_not_attested_in_ildrf_reference,no,,,pierce; stab; stick; sting,,GLOSBE_DICT_GROUP_b266eda5f93b5857,stick,alt,https://glosbe.com/trv/en/m%C3%A1itaq,data/raw/html/static/trv_en/m%C3%A1itaq.html
GLOSBE_DICT_f98acca535dcdfe2,"trv,en",máitaq,sting,keep_in_xml,source_not_attested,source_not_attested_in_ildrf_reference,no,,,pierce; stab; stick; sting,,GLOSBE_DICT_GROUP_b266eda5f93b5857,sting,alt,https://glosbe.com/trv/en/m%C3%A1itaq,data/raw/html/static/trv_en/m%C3%A1itaq.html
GLOSBE_DICT_f4aaa7ac891baaf9,"trv,en",mímah,drink,keep_in_xml,source_not_attested,source_not_attested_in_ildrf_reference,no,,,drink,,GLOSBE_DICT_GROUP_0847db4003f376a4,drink,primary,https://glosbe.com/trv/en/m%C3%ADmah,data/raw/html/static/trv_en/m%C3%ADmah.html
GLOSBE_DICT_071a9eb54bef2f88,"trv,en",mabarua,thunder,keep_in_xml,source_not_attested,source_not_attested_in_ildrf_reference,no,,,thunder,,GLOSBE_DICT_GROUP_f158b47240a4183f,thunder,primary,https://glosbe.com/trv/en/mabarua,data/raw/html/static/trv_en/mabarua.html
GLOSBE_DICT_5d400fca00688262,"trv,en",mahokal,die,keep_in_xml,source_not_attested,source_not_attested_in_ildrf_reference,no,,,die,,GLOSBE_DICT_GROUP_7ff4044c7e138a4b,die,primary,https://glosbe.com/trv/en/mahokal,data/raw/html/static/trv_en/mahokal.html
GLOSBE_DICT_f745599ffc114e3a,"trv,en",mahulish,laugh,keep_in_xml,source_not_attested,source_not_attested_in_ildrf_reference,no,,,laugh,,GLOSBE_DICT_GROUP_18ef67f6ce069153,laugh,primary,https://glosbe.com/trv/en/mahulish,data/raw/html/static/trv_en/mahulish.html
GLOSBE_DICT_ef975812c09dd2d0,"trv,en",maidzach,come,keep_in_xml,source_not_attested,source_not_attested_in_ildrf_reference,no,,,come,,GLOSBE_DICT_GROUP_6dec5843f6b9a262,come,primary,https://glosbe.com/trv/en/maidzach,data/raw/html/static/trv_en/maidzach.html
GLOSBE_DICT_9d52563d03d02875,"trv,en",makakaisa,walk,keep_in_xml,source_not_attested,source_not_attested_in_ildrf_reference,no,,,walk,,GLOSBE_DICT_GROUP_983f6558146362cd,walk,primary,https://glosbe.com/trv/en/makakaisa,data/raw/html/static/trv_en/makakaisa.html
GLOSBE_DICT_ed815bcc1a91d0f7,"trv,en",makaluch,ash,keep_in_xml,source_not_attested,source_not_attested_in_ildrf_reference,no,,,ash; black,,GLOSBE_DICT_GROUP_c185950b34b8557e,ash,primary,https://glosbe.com/trv/en/makaluch,data/raw/html/static/trv_en/makaluch.html
GLOSBE_DICT_93d08e7fa26c80c4,"trv,en",makaluch,black,keep_in_xml,source_not_attested,source_not_attested_in_ildrf_reference,no,,,ash; black,,GLOSBE_DICT_GROUP_c185950b34b8557e,black,alt,https://glosbe.com/trv/en/makaluch,data/raw/html/static/trv_en/makaluch.html
GLOSBE_DICT_f950f5f838ed2a17,"trv,en",makuun,night,keep_in_xml,source_not_attested,source_not_attested_in_ildrf_reference,no,,,night,,GLOSBE_DICT_GROUP_127827c4999ae72c,night,primary,https://glosbe.com/trv/en/makuun,data/raw/html/static/trv_en/makuun.html
GLOSBE_DICT_c5051ca990cd9dba,"trv,en",malu,good,keep_in_xml,target_supported_by_mapping,ildrf_source_attested_target_supported_by_mapping,yes,Final_XML/Truku/Dictionary_Truku_trv.xml,好,good; well,好,GLOSBE_DICT_GROUP_68d32552e2d849b6,good,primary,https://glosbe.com/trv/en/malu,data/raw/html/static/trv_en/malu.html
GLOSBE_DICT_01b264e4cc639dae,"trv,en",malu,well,keep_in_xml,target_supported_by_mapping,ildrf_source_attested_target_supported_by_mapping,yes,Final_XML/Truku/Dictionary_Truku_trv.xml,好,good; well,好,GLOSBE_DICT_GROUP_68d32552e2d849b6,well,alt,https://glosbe.com/trv/en/malu,data/raw/html/static/trv_en/malu.html
GLOSBE_DICT_d67c00b51d808ade,"trv,en",malup,good,keep_in_xml,source_not_attested,source_not_attested_in_ildrf_reference,no,,,good; well,,GLOSBE_DICT_GROUP_d78b636a0bb2a851,good,primary,https://glosbe.com/trv/en/malup,data/raw/html/static/trv_en/malup.html
GLOSBE_DICT_9dd5859be2892e72,"trv,en",malup,well,keep_in_xml,source_not_attested,source_not_attested_in_ildrf_reference,no,,,good; well,,GLOSBE_DICT_GROUP_d78b636a0bb2a851,well,alt,https://glosbe.com/trv/en/malup,data/raw/html/static/trv_en/malup.html
GLOSBE_DICT_2fa25f000a3d7eaa,"trv,en",manakamakan,eat,keep_in_xml,source_not_attested,source_not_attested_in_ildrf_reference,no,,,eat,,GLOSBE_DICT_GROUP_71db0e82cd2a5a2e,eat,primary,https://glosbe.com/trv/en/manakamakan,data/raw/html/static/trv_en/manakamakan.html
GLOSBE_DICT_ac7aec6081b3577f,"trv,en",marangao,say,keep_in_xml,source_not_attested,source_not_attested_in_ildrf_reference,no,,,say,,GLOSBE_DICT_GROUP_561121b92b0029e6,say,primary,https://glosbe.com/trv/en/marangao,data/raw/html/static/trv_en/marangao.html
GLOSBE_DICT_089bae92b3d2566e,"trv,en",masekuich,cold,keep_in_xml,source_not_attested,source_not_attested_in_ildrf_reference,no,,,cold,,GLOSBE_DICT_GROUP_eaf19d7ab36e65de,cold,primary,https://glosbe.com/trv/en/masekuich,data/raw/html/static/trv_en/masekuich.html
GLOSBE_DICT_3bb463cd7bd7e0bd,"trv,en",matakai,sleep,keep_in_xml,source_not_attested,source_not_attested_in_ildrf_reference,no,,,sleep,,GLOSBE_DICT_GROUP_ce3f7f299c7d28a5,sleep,primary,https://glosbe.com/trv/en/matakai,data/raw/html/static/trv_en/matakai.html
GLOSBE_DICT_d4d4e4aec755962b,"trv,en",matanach,red,keep_in_xml,source_not_attested,source_not_attested_in_ildrf_reference,no,,,red,,GLOSBE_DICT_GROUP_5a5e22b744648b43,red,primary,https://glosbe.com/trv/en/matanach,data/raw/html/static/trv_en/matanach.html
GLOSBE_DICT_c3526381dcf88142,"trv,en",mbánah,red,keep_in_xml,source_not_attested,source_not_attested_in_ildrf_reference,no,,,red,,GLOSBE_DICT_GROUP_bd4f5182b52492fe,red,primary,https://glosbe.com/trv/en/mb%C3%A1nah,data/raw/html/static/trv_en/mb%C3%A1nah.html
GLOSBE_DICT_5238eb9c6a283ce1,"trv,en",mqedin,woman,keep_in_xml,source_not_attested,source_not_attested_in_ildrf_reference,no,,,woman,,GLOSBE_DICT_GROUP_5d168258ddf1b964,woman,primary,https://glosbe.com/trv/en/mqedin,data/raw/html/static/trv_en/mqedin.html
GLOSBE_DICT_7d3f2419bc4ef615,"trv,en",mtáqi,sleep,keep_in_xml,source_not_attested,source_not_attested_in_ildrf_reference,no,,,sleep,,GLOSBE_DICT_GROUP_b20c267191749519,sleep,primary,https://glosbe.com/trv/en/mt%C3%A1qi,data/raw/html/static/trv_en/mt%C3%A1qi.html
GLOSBE_DICT_0a1146ecb7e6fd98,"trv,en",náqah,bad,keep_in_xml,source_not_attested,source_not_attested_in_ildrf_reference,no,,,bad; badly; evil,,GLOSBE_DICT_GROUP_7d535bfbc7430d1d,bad,primary,https://glosbe.com/trv/en/n%C3%A1qah,data/raw/html/static/trv_en/n%C3%A1qah.html
GLOSBE_DICT_212792df9412fc7a,"trv,en",náqah,badly,keep_in_xml,source_not_attested,source_not_attested_in_ildrf_reference,no,,,bad; badly; evil,,GLOSBE_DICT_GROUP_7d535bfbc7430d1d,badly,alt,https://glosbe.com/trv/en/n%C3%A1qah,data/raw/html/static/trv_en/n%C3%A1qah.html
GLOSBE_DICT_8746a280707920c7,"trv,en",náqah,evil,keep_in_xml,source_not_attested,source_not_attested_in_ildrf_reference,no,,,bad; badly; evil,,GLOSBE_DICT_GROUP_7d535bfbc7430d1d,evil,alt,https://glosbe.com/trv/en/n%C3%A1qah,data/raw/html/static/trv_en/n%C3%A1qah.html
GLOSBE_DICT_0c349c74f48be94d,"trv,en",nárat,right,keep_in_xml,source_not_attested,source_not_attested_in_ildrf_reference,no,,,right,,GLOSBE_DICT_GROUP_46415d502434bea2,right,primary,https://glosbe.com/trv/en/n%C3%A1rat,data/raw/html/static/trv_en/n%C3%A1rat.html
GLOSBE_DICT_d72ce5c3010275bf,"trv,en",níqan,and,keep_in_xml,source_not_attested,source_not_attested_in_ildrf_reference,no,,,and,,GLOSBE_DICT_GROUP_fd22b2936f034224,and,primary,https://glosbe.com/trv/en/n%C3%ADqan,data/raw/html/static/trv_en/n%C3%ADqan.html
GLOSBE_DICT_ff56c0a1053935c4,"trv,en",nakach,bad,keep_in_xml,source_not_attested,source_not_attested_in_ildrf_reference,no,,,bad; badly; evil,,GLOSBE_DICT_GROUP_6956c43c5255dd9f,bad,primary,https://glosbe.com/trv/en/nakach,data/raw/html/static/trv_en/nakach.html
GLOSBE_DICT_7484902faf330e5a,"trv,en",nakach,badly,keep_in_xml,source_not_attested,source_not_attested_in_ildrf_reference,no,,,bad; badly; evil,,GLOSBE_DICT_GROUP_6956c43c5255dd9f,badly,alt,https://glosbe.com/trv/en/nakach,data/raw/html/static/trv_en/nakach.html
GLOSBE_DICT_b13c3c2c11496bc2,"trv,en",nakach,evil,keep_in_xml,source_not_attested,source_not_attested_in_ildrf_reference,no,,,bad; badly; evil,,GLOSBE_DICT_GROUP_6956c43c5255dd9f,evil,alt,https://glosbe.com/trv/en/nakach,data/raw/html/static/trv_en/nakach.html
GLOSBE_DICT_4fc2c37446fe7313,"trv,en",nimah,drink,keep_in_xml,gloss_unmapped,ildrf_source_attested_gloss_unmapped,yes,Final_XML/Truku/Dictionary_Truku_trv.xml,喝,drink,,GLOSBE_DICT_GROUP_dac16aaf89638e29,drink,primary,https://glosbe.com/trv/en/nimah,data/raw/html/static/trv_en/nimah.html
GLOSBE_DICT_cf714f4cffb5da34,"trv,en",pálit,feather,keep_in_xml,source_not_attested,source_not_attested_in_ildrf_reference,no,,,feather; wing,,GLOSBE_DICT_GROUP_6c87c48f62e397e4,feather,primary,https://glosbe.com/trv/en/p%C3%A1lit,data/raw/html/static/trv_en/p%C3%A1lit.html
GLOSBE_DICT_f1565b938ff07464,"trv,en",pálit,wing,keep_in_xml,source_not_attested,source_not_attested_in_ildrf_reference,no,,,feather; wing,,GLOSBE_DICT_GROUP_6c87c48f62e397e4,wing,alt,https://glosbe.com/trv/en/p%C3%A1lit,data/raw/html/static/trv_en/p%C3%A1lit.html
GLOSBE_DICT_ba73d8c2f765f8ad,"trv,en",púniq,fire,keep_in_xml,source_not_attested,source_not_attested_in_ildrf_reference,no,,,fire,,GLOSBE_DICT_GROUP_cdcc9cb1a19d85be,fire,primary,https://glosbe.com/trv/en/p%C3%BAniq,data/raw/html/static/trv_en/p%C3%BAniq.html
GLOSBE_DICT_bb8264c16263244b,"trv,en",papah,flower,keep_in_xml,source_not_attested,source_not_attested_in_ildrf_reference,no,,,flower,,GLOSBE_DICT_GROUP_8440a9629346041a,flower,primary,https://glosbe.com/trv/en/papah,data/raw/html/static/trv_en/papah.html
GLOSBE_DICT_78f478b4147fc8a5,"trv,en",papuk,foot,keep_in_xml,source_not_attested,source_not_attested_in_ildrf_reference,no,,,foot; leg,,GLOSBE_DICT_GROUP_b76703bce2527217,foot,primary,https://glosbe.com/trv/en/papuk,data/raw/html/static/trv_en/papuk.html
GLOSBE_DICT_5f53e91462668385,"trv,en",papuk,leg,keep_in_xml,source_not_attested,source_not_attested_in_ildrf_reference,no,,,foot; leg,,GLOSBE_DICT_GROUP_b76703bce2527217,leg,alt,https://glosbe.com/trv/en/papuk,data/raw/html/static/trv_en/papuk.html
GLOSBE_DICT_008995bb960950f8,"trv,en",qáqai,foot,keep_in_xml,source_not_attested,source_not_attested_in_ildrf_reference,no,,,foot; leg,,GLOSBE_DICT_GROUP_3d4d72f0ad6552e2,foot,primary,https://glosbe.com/trv/en/q%C3%A1qai,data/raw/html/static/trv_en/q%C3%A1qai.html
GLOSBE_DICT_3dd22d0889744d77,"trv,en",qáqai,leg,keep_in_xml,source_not_attested,source_not_attested_in_ildrf_reference,no,,,foot; leg,,GLOSBE_DICT_GROUP_3d4d72f0ad6552e2,leg,alt,https://glosbe.com/trv/en/q%C3%A1qai,data/raw/html/static/trv_en/q%C3%A1qai.html
GLOSBE_DICT_f98b509f6d2635e1,"trv,en",qólit,rat,keep_in_xml,source_not_attested,source_not_attested_in_ildrf_reference,no,,,rat,,GLOSBE_DICT_GROUP_185c39d80635d26a,rat,primary,https://glosbe.com/trv/en/q%C3%B3lit,data/raw/html/static/trv_en/q%C3%B3lit.html
GLOSBE_DICT_1c064bf730817219,"trv,en",qcurux,fish,keep_in_xml,source_not_attested,source_not_attested_in_ildrf_reference,no,,,fish,,GLOSBE_DICT_GROUP_56c9b4e5e7a846a2,fish,primary,https://glosbe.com/trv/en/qcurux,data/raw/html/static/trv_en/qcurux.html
GLOSBE_DICT_52b592f0df9b77bd,"trv,en",qsurux,fish,keep_in_xml,gloss_unmapped,ildrf_source_attested_gloss_unmapped,yes,Final_XML/Truku/Dictionary_Truku_trv.xml,魚,fish,,GLOSBE_DICT_GROUP_e4f2e3d7c052cfde,fish,primary,https://glosbe.com/trv/en/qsurux,data/raw/html/static/trv_en/qsurux.html
GLOSBE_DICT_646fc4484a243e08,"trv,en",quyu,snake,keep_in_xml,gloss_unmapped,ildrf_source_attested_gloss_unmapped,yes,Final_XML/Truku/Dictionary_Truku_trv.xml,蛇(統稱); 蛇（動物名）,snake,,GLOSBE_DICT_GROUP_007fa3b950618e94,snake,primary,https://glosbe.com/trv/en/quyu,data/raw/html/static/trv_en/quyu.html
GLOSBE_DICT_b96b4f35e7c2c7c2,"trv,en",rúdan,ancient,keep_in_xml,source_not_attested,source_not_attested_in_ildrf_reference,no,,,ancient; old,,GLOSBE_DICT_GROUP_4128c7322889149c,ancient,primary,https://glosbe.com/trv/en/r%C3%BAdan,data/raw/html/static/trv_en/r%C3%BAdan.html
GLOSBE_DICT_fca1513f226976c2,"trv,en",rúdan,old,keep_in_xml,source_not_attested,source_not_attested_in_ildrf_reference,no,,,ancient; old,,GLOSBE_DICT_GROUP_4128c7322889149c,old,alt,https://glosbe.com/trv/en/r%C3%BAdan,data/raw/html/static/trv_en/r%C3%BAdan.html
GLOSBE_DICT_d4e1fff3ef862403,"trv,en",rúmul,liver,keep_in_xml,source_not_attested,source_not_attested_in_ildrf_reference,no,,,liver,,GLOSBE_DICT_GROUP_972afc078aae94f6,liver,primary,https://glosbe.com/trv/en/r%C3%BAmul,data/raw/html/static/trv_en/r%C3%BAmul.html
GLOSBE_DICT_7d2e8a816e418887,"trv,en",rúpun,tooth,keep_in_xml,source_not_attested,source_not_attested_in_ildrf_reference,no,,,tooth,,GLOSBE_DICT_GROUP_4033aa2de503b16c,tooth,primary,https://glosbe.com/trv/en/r%C3%BApun,data/raw/html/static/trv_en/r%C3%BApun.html
GLOSBE_DICT_e73dc076093ba42d,"trv,en",ramut,all,keep_in_xml,source_not_attested,source_not_attested_in_ildrf_reference,no,,,all; everything,,GLOSBE_DICT_GROUP_b8caf596810e76a3,all,primary,https://glosbe.com/trv/en/ramut,data/raw/html/static/trv_en/ramut.html
GLOSBE_DICT_7dba7748ac907bb5,"trv,en",ramut,everything,keep_in_xml,source_not_attested,source_not_attested_in_ildrf_reference,no,,,all; everything,,GLOSBE_DICT_GROUP_b8caf596810e76a3,everything,alt,https://glosbe.com/trv/en/ramut,data/raw/html/static/trv_en/ramut.html
GLOSBE_DICT_7be93c19efd88d76,"trv,en",rulung,cloud,keep_in_xml,target_supported_by_mapping,ildrf_source_attested_target_supported_by_mapping,yes,Final_XML/Truku/Dictionary_Truku_trv.xml,人名（男; 雲,cloud,人; 雲,GLOSBE_DICT_GROUP_2c588664e51d0cfb,cloud,primary,https://glosbe.com/trv/en/rulung,data/raw/html/static/trv_en/rulung.html
GLOSBE_DICT_d0d7f3fc572332e2,"trv,en",sápah,house,keep_in_xml,source_not_attested,source_not_attested_in_ildrf_reference,no,,,house,,GLOSBE_DICT_GROUP_e8b1a7e2b5854381,house,primary,https://glosbe.com/trv/en/s%C3%A1pah,data/raw/html/static/trv_en/s%C3%A1pah.html
GLOSBE_DICT_1aebe03fde4a9d69,"trv,en",sŭpŭt,four,keep_in_xml,source_not_attested,source_not_attested_in_ildrf_reference,no,,,four,,GLOSBE_DICT_GROUP_e412a7b79f037e7d,four,primary,https://glosbe.com/trv/en/s%C5%ADp%C5%ADt,data/raw/html/static/trv_en/s%C5%ADp%C5%ADt.html
GLOSBE_DICT_709a5292737d169a,"trv,en",sassaina,lightning,keep_in_xml,source_not_attested,source_not_attested_in_ildrf_reference,no,,,lightning,,GLOSBE_DICT_GROUP_7fc8bb06d0e2dff9,lightning,primary,https://glosbe.com/trv/en/sassaina,data/raw/html/static/trv_en/sassaina.html
GLOSBE_DICT_ef51111a6f0eff21,"trv,en",shuduh,grass,keep_in_xml,source_not_attested,source_not_attested_in_ildrf_reference,no,,,grass,,GLOSBE_DICT_GROUP_317af92f95e2250a,grass,primary,https://glosbe.com/trv/en/shuduh,data/raw/html/static/trv_en/shuduh.html
GLOSBE_DICT_955834ebee6599c6,"trv,en",sinuzuk,rope,keep_in_xml,source_not_attested,source_not_attested_in_ildrf_reference,no,,,rope,,GLOSBE_DICT_GROUP_feac393bd4c712ba,rope,primary,https://glosbe.com/trv/en/sinuzuk,data/raw/html/static/trv_en/sinuzuk.html
GLOSBE_DICT_daa2d0c3e8e13c4b,"trv,en",spat,four,keep_in_xml,gloss_unmapped,ildrf_source_attested_gloss_unmapped,yes,Final_XML/Truku/Dictionary_Truku_trv.xml,四,four,,GLOSBE_DICT_GROUP_73a8316f43d03904,four,primary,https://glosbe.com/trv/en/spat,data/raw/html/static/trv_en/spat.html
GLOSBE_DICT_df383c5a17534138,"trv,en",típix,little,keep_in_xml,source_not_attested,source_not_attested_in_ildrf_reference,no,,,little; small,,GLOSBE_DICT_GROUP_46cd29498d430ac5,little,primary,https://glosbe.com/trv/en/t%C3%ADpix,data/raw/html/static/trv_en/t%C3%ADpix.html
GLOSBE_DICT_49347ea7c745f419,"trv,en",típix,small,keep_in_xml,source_not_attested,source_not_attested_in_ildrf_reference,no,,,little; small,,GLOSBE_DICT_GROUP_46cd29498d430ac5,small,alt,https://glosbe.com/trv/en/t%C3%ADpix,data/raw/html/static/trv_en/t%C3%ADpix.html
GLOSBE_DICT_93453dc511377bf3,"trv,en",túnuh,head,keep_in_xml,source_not_attested,source_not_attested_in_ildrf_reference,no,,,head,,GLOSBE_DICT_GROUP_d2826751027fbb6d,head,primary,https://glosbe.com/trv/en/t%C3%BAnuh,data/raw/html/static/trv_en/t%C3%BAnuh.html
GLOSBE_DICT_a557733155c3fa8e,"trv,en",túyoq,Spucke,keep_in_xml,source_not_attested,source_not_attested_in_ildrf_reference,no,,,Spucke; spit; spittle; sputum,,GLOSBE_DICT_GROUP_8bfae14532c7f56e,Spucke,primary,https://glosbe.com/trv/en/t%C3%BAyoq,data/raw/html/static/trv_en/t%C3%BAyoq.html
GLOSBE_DICT_852bb3c7fe251d5d,"trv,en",túyoq,spit,keep_in_xml,source_not_attested,source_not_attested_in_ildrf_reference,no,,,Spucke; spit; spittle; sputum,,GLOSBE_DICT_GROUP_8bfae14532c7f56e,spit,alt,https://glosbe.com/trv/en/t%C3%BAyoq,data/raw/html/static/trv_en/t%C3%BAyoq.html
GLOSBE_DICT_9fa72bb62bcb8f03,"trv,en",túyoq,spittle,keep_in_xml,source_not_attested,source_not_attested_in_ildrf_reference,no,,,Spucke; spit; spittle; sputum,,GLOSBE_DICT_GROUP_8bfae14532c7f56e,spittle,alt,https://glosbe.com/trv/en/t%C3%BAyoq,data/raw/html/static/trv_en/t%C3%BAyoq.html
GLOSBE_DICT_05766e4efaa203d8,"trv,en",túyoq,sputum,keep_in_xml,source_not_attested,source_not_attested_in_ildrf_reference,no,,,Spucke; spit; spittle; sputum,,GLOSBE_DICT_GROUP_8bfae14532c7f56e,sputum,alt,https://glosbe.com/trv/en/t%C3%BAyoq,data/raw/html/static/trv_en/t%C3%BAyoq.html
GLOSBE_DICT_ffe20d89ba68c636,"trv,en",taina,father,keep_in_xml,source_not_attested,source_not_attested_in_ildrf_reference,no,,,father,,GLOSBE_DICT_GROUP_f6090785b9d76ce7,father,primary,https://glosbe.com/trv/en/taina,data/raw/html/static/trv_en/taina.html
GLOSBE_DICT_d24c3667126261d4,"trv,en",tama,father,keep_in_xml,target_supported_by_mapping,ildrf_source_attested_target_supported_by_mapping,yes,Final_XML/Truku/Dictionary_Truku_trv.xml,上帝; 父親; 爸爸,father,上帝; 爸爸; 父親,GLOSBE_DICT_GROUP_52557895af9d2278,father,primary,https://glosbe.com/trv/en/tama,data/raw/html/static/trv_en/tama.html
GLOSBE_DICT_08c1f87396d21b26,"trv,en",taqalíwaq,lightning,keep_in_xml,source_not_attested,source_not_attested_in_ildrf_reference,no,,,lightning,,GLOSBE_DICT_GROUP_52615e960a051ee7,lightning,primary,https://glosbe.com/trv/en/taqal%C3%ADwaq,data/raw/html/static/trv_en/taqal%C3%ADwaq.html
GLOSBE_DICT_7ecee124d9e729e6,"trv,en",tarakarak,lie down,keep_in_xml,source_not_attested,source_not_attested_in_ildrf_reference,no,,,lie down,,GLOSBE_DICT_GROUP_52beb2b16150aa11,lie down,primary,https://glosbe.com/trv/en/tarakarak,data/raw/html/static/trv_en/tarakarak.html
GLOSBE_DICT_b715f70c403ebf8c,"trv,en",teru,three,keep_in_xml,source_not_attested,source_not_attested_in_ildrf_reference,no,,,three,,GLOSBE_DICT_GROUP_6b2729662a92507c,three,primary,https://glosbe.com/trv/en/teru,data/raw/html/static/trv_en/teru.html
GLOSBE_DICT_f57ab34d4850fb41,"trv,en",tikoh,little,keep_in_xml,source_not_attested,source_not_attested_in_ildrf_reference,no,,,little; small,,GLOSBE_DICT_GROUP_0e965c0862b3d39f,little,primary,https://glosbe.com/trv/en/tikoh,data/raw/html/static/trv_en/tikoh.html
GLOSBE_DICT_52adc4bddb3b9120,"trv,en",tikoh,small,keep_in_xml,source_not_attested,source_not_attested_in_ildrf_reference,no,,,little; small,,GLOSBE_DICT_GROUP_0e965c0862b3d39f,small,alt,https://glosbe.com/trv/en/tikoh,data/raw/html/static/trv_en/tikoh.html
GLOSBE_DICT_9939d45b6954d8b8,"trv,en",timu,salt,keep_in_xml,source_not_attested,source_not_attested_in_ildrf_reference,no,,,salt,,GLOSBE_DICT_GROUP_d93f2d166de7d1da,salt,primary,https://glosbe.com/trv/en/timu,data/raw/html/static/trv_en/timu.html
GLOSBE_DICT_282ad5b9ebb833e6,"trv,en",tunuch,head,keep_in_xml,source_not_attested,source_not_attested_in_ildrf_reference,no,,,head,,GLOSBE_DICT_GROUP_6ecc2132a3b8bfa9,head,primary,https://glosbe.com/trv/en/tunuch,data/raw/html/static/trv_en/tunuch.html
GLOSBE_DICT_cca90f001e304f97,"trv,en",wái,that,keep_in_xml,source_not_attested,source_not_attested_in_ildrf_reference,no,,,that,,GLOSBE_DICT_GROUP_8d6502b580bd31e4,that,primary,https://glosbe.com/trv/en/w%C3%A1i,data/raw/html/static/trv_en/w%C3%A1i.html
GLOSBE_DICT_2371c55f2ed32be7,"trv,en",wásau,leaf,keep_in_xml,source_not_attested,source_not_attested_in_ildrf_reference,no,,,leaf,,GLOSBE_DICT_GROUP_e039302120f1e911,leaf,primary,https://glosbe.com/trv/en/w%C3%A1sau,data/raw/html/static/trv_en/w%C3%A1sau.html
GLOSBE_DICT_630e20a9b7b8e58d,"trv,en",yámi,we,keep_in_xml,source_not_attested,source_not_attested_in_ildrf_reference,no,,,we,,GLOSBE_DICT_GROUP_62002ff3c0d04f28,we,primary,https://glosbe.com/trv/en/y%C3%A1mi,data/raw/html/static/trv_en/y%C3%A1mi.html
GLOSBE_DICT_8d3c9485aeafbba3,"trv,en",yako,I,keep_in_xml,source_not_attested,source_not_attested_in_ildrf_reference,no,,,I,,GLOSBE_DICT_GROUP_d0f05a3dafa1516e,I,primary,https://glosbe.com/trv/en/yako,data/raw/html/static/trv_en/yako.html
GLOSBE_DICT_9ea7bdb4a19b81f7,"trv,en",yamo,we,keep_in_xml,source_not_attested,source_not_attested_in_ildrf_reference,no,,,we,,GLOSBE_DICT_GROUP_7316e2e32a2e5e07,we,primary,https://glosbe.com/trv/en/yamo,data/raw/html/static/trv_en/yamo.html
