entry_id,reader_page,column,form,translation,method,included,exclusion_reason
song-2018-kanakanavu-dictionary-0001,193,1,aka,壞的；不好的,Official positioned text; language-sorted Appendix 2A,yes,
song-2018-kanakanavu-dictionary-0002,193,1,anani,右邊,Official Appendix 2A positioned text; barred-vowel forms cross-checked against duplicate Appendix 2B entry,yes,
song-2018-kanakanavu-dictionary-0003,193,1,anisi,牙齒,Official Appendix 2A positioned text; barred-vowel forms cross-checked against duplicate Appendix 2B entry,yes,
song-2018-kanakanavu-dictionary-0004,193,1,anu,蜜蜂；蜂蜜；蜂巢,Official Appendix 2A positioned text; barred-vowel forms cross-checked against duplicate Appendix 2B entry,yes,
song-2018-kanakanavu-dictionary-0005,193,1,ara-,變,Official Appendix 2A positioned text; barred-vowel forms cross-checked against duplicate Appendix 2B entry,no,Source prints a bound citation form with a trailing hyphen and supplies no unattached surface; entry excluded from the published XML.
song-2018-kanakanavu-dictionary-0006,193,1,aracaini / araceni / araceen,遠,Official Appendix 2A positioned text; barred-vowel forms cross-checked against duplicate Appendix 2B entry,yes,
song-2018-kanakanavu-dictionary-0007,193,1,aracakanʉ,打獵,Official Appendix 2A positioned text; barred-vowel forms cross-checked against duplicate Appendix 2B entry,yes,
song-2018-kanakanavu-dictionary-0008,193,1,aracan,近,Official Appendix 2A positioned text; barred-vowel forms cross-checked against duplicate Appendix 2B entry,yes,
song-2018-kanakanavu-dictionary-0009,193,1,araciasʉ,天亮,Official Appendix 2A positioned text; barred-vowel forms cross-checked against duplicate Appendix 2B entry,yes,
song-2018-kanakanavu-dictionary-0010,193,1,aracʉvʉrʉ,生長；成長,Official Appendix 2A positioned text; barred-vowel forms cross-checked against duplicate Appendix 2B entry,yes,
song-2018-kanakanavu-dictionary-0011,193,1,arakicacʉ,嚇一跳,Official Appendix 2A positioned text; barred-vowel forms cross-checked against duplicate Appendix 2B entry,yes,
song-2018-kanakanavu-dictionary-0012,193,1,arakukunu / arakukuun,一起；相處,Official Appendix 2A positioned text; barred-vowel forms cross-checked against duplicate Appendix 2B entry,yes,
song-2018-kanakanavu-dictionary-0013,193,1,arakuracʉ,生氣；氣憤,Official Appendix 2A positioned text; barred-vowel forms cross-checked against duplicate Appendix 2B entry,yes,
song-2018-kanakanavu-dictionary-0014,193,1,aramia’ʉ,起床；醒了,Official Appendix 2A positioned text; barred-vowel forms cross-checked against duplicate Appendix 2B entry,yes,
song-2018-kanakanavu-dictionary-0015,193,1,aranai,從（某處；某時）,Official positioned text; language-sorted Appendix 2A,yes,
song-2018-kanakanavu-dictionary-0016,193,1,arapana’ʉ,跑,Official Appendix 2A positioned text; barred-vowel forms cross-checked against duplicate Appendix 2B entry,yes,
song-2018-kanakanavu-dictionary-0017,193,1,arapipiningi / arapipining,出去；出現,Official Appendix 2A positioned text; barred-vowel forms cross-checked against duplicate Appendix 2B entry,yes,
song-2018-kanakanavu-dictionary-0018,193,1,ararira,烏龜,Official Appendix 2A positioned text; barred-vowel forms cross-checked against duplicate Appendix 2B entry,yes,
song-2018-kanakanavu-dictionary-0019,193,2,aratakara,起來；站起來,Official Appendix 2A positioned text; barred-vowel forms cross-checked against duplicate Appendix 2B entry,yes,
song-2018-kanakanavu-dictionary-0020,193,2,aratatia,長大,Official Appendix 2A positioned text; barred-vowel forms cross-checked against duplicate Appendix 2B entry,yes,
song-2018-kanakanavu-dictionary-0021,193,2,aratʉkʉnʉ/ aratʉkʉʉn,分開,Official Appendix 2A positioned text; barred-vowel forms cross-checked against duplicate Appendix 2B entry,yes,
song-2018-kanakanavu-dictionary-0022,193,2,aru,八（數數）,Official Appendix 2A positioned text; barred-vowel forms cross-checked against duplicate Appendix 2B entry,yes,
song-2018-kanakanavu-dictionary-0023,193,2,aunu / ono,蒸氣,Official Appendix 2A positioned text; barred-vowel forms cross-checked against duplicate Appendix 2B entry,yes,
song-2018-kanakanavu-dictionary-0024,193,2,avuran,汗水,Official Appendix 2A positioned text; barred-vowel forms cross-checked against duplicate Appendix 2B entry,yes,
song-2018-kanakanavu-dictionary-0025,193,2,ccacanʉ/ cacaan,路；道路,Official positioned text; language-sorted Appendix 2A,yes,
song-2018-kanakanavu-dictionary-0026,193,2,cakʉran,河流,Official Appendix 2A positioned text; barred-vowel forms cross-checked against duplicate Appendix 2B entry,yes,
song-2018-kanakanavu-dictionary-0027,193,2,camai,菜餚,Official Appendix 2A positioned text; barred-vowel forms cross-checked against duplicate Appendix 2B entry,yes,
song-2018-kanakanavu-dictionary-0028,193,2,campe,剛才,Official Appendix 2A positioned text; barred-vowel forms cross-checked against duplicate Appendix 2B entry,yes,
song-2018-kanakanavu-dictionary-0029,193,2,cangkan,髒,Official Appendix 2A positioned text; barred-vowel forms cross-checked against duplicate Appendix 2B entry,yes,
song-2018-kanakanavu-dictionary-0030,193,2,cani,一（數數）,Official Appendix 2A positioned text; barred-vowel forms cross-checked against duplicate Appendix 2B entry,yes,
song-2018-kanakanavu-dictionary-0031,193,2,cani,首次,Official Appendix 2A positioned text; barred-vowel forms cross-checked against duplicate Appendix 2B entry,yes,
song-2018-kanakanavu-dictionary-0032,193,2,cani,歌,Official Appendix 2A positioned text; barred-vowel forms cross-checked against duplicate Appendix 2B entry,yes,
song-2018-kanakanavu-dictionary-0033,193,2,canumu / canuum,水,Official positioned text; language-sorted Appendix 2A,yes,
song-2018-kanakanavu-dictionary-0034,193,2,cara,上（某之上）,Official Appendix 2A positioned text; barred-vowel forms cross-checked against duplicate Appendix 2B entry,yes,
song-2018-kanakanavu-dictionary-0035,193,2,carapung,帽子,Official Appendix 2A positioned text; barred-vowel forms cross-checked against duplicate Appendix 2B entry,yes,
song-2018-kanakanavu-dictionary-0036,193,2,caruru,頂端；尖端（山頂）,Official Appendix 2A positioned text; barred-vowel forms cross-checked against duplicate Appendix 2B entry,yes,
song-2018-kanakanavu-dictionary-0037,193,2,cau,人,Official Appendix 2A positioned text; barred-vowel forms cross-checked against duplicate Appendix 2B entry,yes,
song-2018-kanakanavu-dictionary-0038,193,2,ca’ánia,白天,Official Appendix 2A positioned text; barred-vowel forms cross-checked against duplicate Appendix 2B entry,yes,
song-2018-kanakanavu-dictionary-0039,193,2,ca’u,無患子,Official Appendix 2A positioned text; barred-vowel forms cross-checked against duplicate Appendix 2B entry,yes,
song-2018-kanakanavu-dictionary-0040,193,2,cenana,年；年齡；歲,Official Appendix 2A positioned text; barred-vowel forms cross-checked against duplicate Appendix 2B entry,yes,
song-2018-kanakanavu-dictionary-0041,194,1,ciciri,旁邊；角落,Official Appendix 2A positioned text; barred-vowel forms cross-checked against duplicate Appendix 2B entry,yes,
song-2018-kanakanavu-dictionary-0042,194,1,cikíringa,邊邊的地方；隱喻廁所,Official Appendix 2A positioned text; barred-vowel forms cross-checked against duplicate Appendix 2B entry,yes,
song-2018-kanakanavu-dictionary-0043,194,1,cimi’i,臉,Official Appendix 2A positioned text; barred-vowel forms cross-checked against duplicate Appendix 2B entry,yes,
song-2018-kanakanavu-dictionary-0044,194,1,cina,母親；媽媽,Official Appendix 2A positioned text; barred-vowel forms cross-checked against duplicate Appendix 2B entry,yes,
song-2018-kanakanavu-dictionary-0045,194,1,cina vuravurau,阿姨；嬸嬸；姑姑；媽媽輩,Official Appendix 2A positioned text; barred-vowel forms cross-checked against duplicate Appendix 2B entry,yes,
song-2018-kanakanavu-dictionary-0046,194,1,cirupu,毛巾；方巾,Official Appendix 2A positioned text; barred-vowel forms cross-checked against duplicate Appendix 2B entry,yes,
song-2018-kanakanavu-dictionary-0047,194,1,ciuman,胖（人）；粗（物）,Official Appendix 2A positioned text; barred-vowel forms cross-checked against duplicate Appendix 2B entry,yes,
song-2018-kanakanavu-dictionary-0048,194,1,ciuru,針,Official Appendix 2A positioned text; barred-vowel forms cross-checked against duplicate Appendix 2B entry,yes,
song-2018-kanakanavu-dictionary-0049,194,1,civuka,胃,Official Appendix 2A positioned text; barred-vowel forms cross-checked against duplicate Appendix 2B entry,yes,
song-2018-kanakanavu-dictionary-0050,194,1,civu’u,竹筍,Official Appendix 2A positioned text; barred-vowel forms cross-checked against duplicate Appendix 2B entry,yes,
song-2018-kanakanavu-dictionary-0051,194,1,conu,姑婆芋,Official Appendix 2A positioned text; barred-vowel forms cross-checked against duplicate Appendix 2B entry,yes,
song-2018-kanakanavu-dictionary-0052,194,1,cuma,父親；爸爸,Official Appendix 2A positioned text; barred-vowel forms cross-checked against duplicate Appendix 2B entry,yes,
song-2018-kanakanavu-dictionary-0053,194,1,cuma vuravurau,叔叔；伯伯；舅舅；爸爸輩,Official Appendix 2A positioned text; barred-vowel forms cross-checked against duplicate Appendix 2B entry,yes,
song-2018-kanakanavu-dictionary-0054,194,1,cumacakʉpʉ,刺（以銳器）,Official Appendix 2A positioned text; barred-vowel forms cross-checked against duplicate Appendix 2B entry,yes,
song-2018-kanakanavu-dictionary-0055,194,1,cumácapa,烤,Official Appendix 2A positioned text; barred-vowel forms cross-checked against duplicate Appendix 2B entry,yes,
song-2018-kanakanavu-dictionary-0056,194,1,cumacaruvu,蓋被子,Official Appendix 2A positioned text; barred-vowel forms cross-checked against duplicate Appendix 2B entry,yes,
song-2018-kanakanavu-dictionary-0057,194,1,cumaca’ʉ,削製（竹、木、金屬）,Official Appendix 2A positioned text; barred-vowel forms cross-checked against duplicate Appendix 2B entry,yes,
song-2018-kanakanavu-dictionary-0058,194,1,cumacunu,燒（獵物或家禽的）毛,Official Appendix 2A positioned text; barred-vowel forms cross-checked against duplicate Appendix 2B entry,yes,
song-2018-kanakanavu-dictionary-0059,194,1,cumacʉ’ʉra,看,Official Appendix 2A positioned text; barred-vowel forms cross-checked against duplicate Appendix 2B entry,yes,
song-2018-kanakanavu-dictionary-0060,194,1,cumai,熊,Official Appendix 2A positioned text; barred-vowel forms cross-checked against duplicate Appendix 2B entry,yes,
song-2018-kanakanavu-dictionary-0061,194,1,cunuku,麻糬；年糕（有內餡）,Official Appendix 2A positioned text; barred-vowel forms cross-checked against duplicate Appendix 2B entry,yes,
song-2018-kanakanavu-dictionary-0062,194,1,cúngkucu,橋樑；梯子,Official Appendix 2A positioned text; barred-vowel forms cross-checked against duplicate Appendix 2B entry,yes,
song-2018-kanakanavu-dictionary-0063,194,1,curu; cucuru,很；非常；太；真的；的確,Official positioned text; language-sorted Appendix 2A,yes,
song-2018-kanakanavu-dictionary-0064,194,1,cusa,二（數數）,Official Appendix 2A positioned text; barred-vowel forms cross-checked against duplicate Appendix 2B entry,yes,
song-2018-kanakanavu-dictionary-0065,194,1,cu’uan,骨頭,Official Appendix 2A positioned text; barred-vowel forms cross-checked against duplicate Appendix 2B entry,yes,
song-2018-kanakanavu-dictionary-0066,194,2,cʉnʉ/ cʉʉn,草,Official Appendix 2A positioned text; barred-vowel forms cross-checked against duplicate Appendix 2B entry,yes,
song-2018-kanakanavu-dictionary-0067,194,2,cʉngnan,舊的,Official Appendix 2A positioned text; barred-vowel forms cross-checked against duplicate Appendix 2B entry,yes,
song-2018-kanakanavu-dictionary-0068,194,2,iávatu,來,Official positioned text; language-sorted Appendix 2A,yes,
song-2018-kanakanavu-dictionary-0069,194,2,icici,尾巴,Official Appendix 2A positioned text; barred-vowel forms cross-checked against duplicate Appendix 2B entry,yes,
song-2018-kanakanavu-dictionary-0070,194,2,íkamu; kamu; mu; kamua,你們,Official Appendix 2A positioned text; barred-vowel forms cross-checked against duplicate Appendix 2B entry,yes,
song-2018-kanakanavu-dictionary-0071,194,2,íkasu; kasu; musu; kasua,你,Official Appendix 2A positioned text; barred-vowel forms cross-checked against duplicate Appendix 2B entry,yes,
song-2018-kanakanavu-dictionary-0072,194,2,ikim; kim; mia; kimia,我們（排除式）,Official Appendix 2A positioned text; barred-vowel forms cross-checked against duplicate Appendix 2B entry,yes,
song-2018-kanakanavu-dictionary-0073,194,2,íkita; kita; mita; kitana,我們（包含式）；咱們,Official Appendix 2A positioned text; barred-vowel forms cross-checked against duplicate Appendix 2B entry,yes,
song-2018-kanakanavu-dictionary-0074,194,2,iku; ku; kia; maku; ’ikua,我,Official Appendix 2A positioned text; barred-vowel forms cross-checked against duplicate Appendix 2B entry,yes,
song-2018-kanakanavu-dictionary-0075,194,2,ímua,所以；因而；因此,Official Appendix 2A positioned text; barred-vowel forms cross-checked against duplicate Appendix 2B entry,yes,
song-2018-kanakanavu-dictionary-0076,194,2,in,他；如果,Official positioned text; language-sorted Appendix 2A,yes,
song-2018-kanakanavu-dictionary-0077,194,2,iriri,左邊,Official Appendix 2A positioned text; barred-vowel forms cross-checked against duplicate Appendix 2B entry,yes,
song-2018-kanakanavu-dictionary-0078,194,2,isa,那（說者與聽者看得見）,Official Appendix 2A positioned text; barred-vowel forms cross-checked against duplicate Appendix 2B entry,yes,
song-2018-kanakanavu-dictionary-0079,194,2,isi,這（個）,Official Appendix 2A positioned text; barred-vowel forms cross-checked against duplicate Appendix 2B entry,yes,
song-2018-kanakanavu-dictionary-0080,194,2,ísua,那（說者與聽者未必能見）,Official Appendix 2A positioned text; barred-vowel forms cross-checked against duplicate Appendix 2B entry,yes,
song-2018-kanakanavu-dictionary-0081,194,2,ivatá/ iváta,來（叫人來）,Official Appendix 2A positioned text; barred-vowel forms cross-checked against duplicate Appendix 2B entry,yes,
song-2018-kanakanavu-dictionary-0082,194,2,ivici,嘴巴,Official Appendix 2A positioned text; barred-vowel forms cross-checked against duplicate Appendix 2B entry,yes,
song-2018-kanakanavu-dictionary-0083,194,2,ivu,尿；小便,Official Appendix 2A positioned text; barred-vowel forms cross-checked against duplicate Appendix 2B entry,yes,
song-2018-kanakanavu-dictionary-0084,194,2,ka-,製作；做,Official positioned text; language-sorted Appendix 2A,no,Source prints a bound citation form with a trailing hyphen and supplies no unattached surface; entry excluded from the published XML.
song-2018-kanakanavu-dictionary-0085,194,2,kacaua,多（人）,Official Appendix 2A positioned text; barred-vowel forms cross-checked against duplicate Appendix 2B entry,yes,
song-2018-kanakanavu-dictionary-0086,194,2,kaisisi,祭祀；慶祝；慶典,Official Appendix 2A positioned text; barred-vowel forms cross-checked against duplicate Appendix 2B entry,yes,
song-2018-kanakanavu-dictionary-0087,195,1,kakámarʉ,鐮刀,Official Appendix 2A positioned text; barred-vowel forms cross-checked against duplicate Appendix 2B entry,yes,
song-2018-kanakanavu-dictionary-0088,195,1,kakangca,天空,Official Appendix 2A positioned text; barred-vowel forms cross-checked against duplicate Appendix 2B entry,yes,
song-2018-kanakanavu-dictionary-0089,195,1,kakicu,男用背負網袋,Official Appendix 2A positioned text; barred-vowel forms cross-checked against duplicate Appendix 2B entry,yes,
song-2018-kanakanavu-dictionary-0090,195,1,kamanʉngʉ/ kamanʉʉng,製作,Official Appendix 2A positioned text; barred-vowel forms cross-checked against duplicate Appendix 2B entry,yes,
song-2018-kanakanavu-dictionary-0091,195,1,kamu,你們,Official positioned text; language-sorted Appendix 2A,yes,
song-2018-kanakanavu-dictionary-0092,195,1,kamua,你們,Official positioned text; language-sorted Appendix 2A,yes,
song-2018-kanakanavu-dictionary-0093,195,1,Kanakanavu,本族的自稱用語,Official Appendix 2A positioned text; barred-vowel forms cross-checked against duplicate Appendix 2B entry,yes,
song-2018-kanakanavu-dictionary-0094,195,1,kanámara,秋天,Official Appendix 2A positioned text; barred-vowel forms cross-checked against duplicate Appendix 2B entry,yes,
song-2018-kanakanavu-dictionary-0095,195,1,kanárua,弟弟；妹妹,Official Appendix 2A positioned text; barred-vowel forms cross-checked against duplicate Appendix 2B entry,yes,
song-2018-kanakanavu-dictionary-0096,195,1,kanárua nanakʉ,妹妹,Official Appendix 2A positioned text; barred-vowel forms cross-checked against duplicate Appendix 2B entry,yes,
song-2018-kanakanavu-dictionary-0097,195,1,kanárua sarunai,弟弟,Official Appendix 2A positioned text; barred-vowel forms cross-checked against duplicate Appendix 2B entry,yes,
song-2018-kanakanavu-dictionary-0098,195,1,kana’amisan,冬天,Official Appendix 2A positioned text; barred-vowel forms cross-checked against duplicate Appendix 2B entry,yes,
song-2018-kanakanavu-dictionary-0099,195,1,kana’iara,春天,Official Appendix 2A positioned text; barred-vowel forms cross-checked against duplicate Appendix 2B entry,yes,
song-2018-kanakanavu-dictionary-0100,195,1,kaná’ua,哥哥；姊姊,Official Appendix 2A positioned text; barred-vowel forms cross-checked against duplicate Appendix 2B entry,yes,
song-2018-kanakanavu-dictionary-0101,195,1,kaná’ua nanakʉ,姊姊,Official Appendix 2A positioned text; barred-vowel forms cross-checked against duplicate Appendix 2B entry,yes,
song-2018-kanakanavu-dictionary-0102,195,1,kaná’ua sarunai,哥哥,Official Appendix 2A positioned text; barred-vowel forms cross-checked against duplicate Appendix 2B entry,yes,
song-2018-kanakanavu-dictionary-0103,195,1,kana’ʉcana,夏天,Official Appendix 2A positioned text; barred-vowel forms cross-checked against duplicate Appendix 2B entry,yes,
song-2018-kanakanavu-dictionary-0104,195,1,kani,聽說；表達訊息是聽來的或是不確定的,Official Appendix 2A positioned text; barred-vowel forms cross-checked against duplicate Appendix 2B entry,yes,
song-2018-kanakanavu-dictionary-0105,195,1,kara,疑問助詞,Official Appendix 2A positioned text; barred-vowel forms cross-checked against duplicate Appendix 2B entry,yes,
song-2018-kanakanavu-dictionary-0106,195,1,kara-,喝（端起來喝或用勺子；喝湯）,Official Appendix 2A positioned text; barred-vowel forms cross-checked against duplicate Appendix 2B entry,no,Source prints a bound citation form with a trailing hyphen and supplies no unattached surface; entry excluded from the published XML.
song-2018-kanakanavu-dictionary-0107,195,1,karapa’ici,喝酒,Official Appendix 2A positioned text; barred-vowel forms cross-checked against duplicate Appendix 2B entry,yes,
song-2018-kanakanavu-dictionary-0108,195,1,karara,籃子,Official Appendix 2A positioned text; barred-vowel forms cross-checked against duplicate Appendix 2B entry,yes,
song-2018-kanakanavu-dictionary-0109,195,1,karavung,牛,Official Appendix 2A positioned text; barred-vowel forms cross-checked against duplicate Appendix 2B entry,yes,
song-2018-kanakanavu-dictionary-0110,195,1,kara’au / kara’o,喝湯,Official Appendix 2A positioned text; barred-vowel forms cross-checked against duplicate Appendix 2B entry,yes,
song-2018-kanakanavu-dictionary-0111,195,1,kari,語言；話語,Official Appendix 2A positioned text; barred-vowel forms cross-checked against duplicate Appendix 2B entry,yes,
song-2018-kanakanavu-dictionary-0112,195,1,Karianasau,播種祭,Official Appendix 2A positioned text; barred-vowel forms cross-checked against duplicate Appendix 2B entry,yes,
song-2018-kanakanavu-dictionary-0113,195,1,karu,樹木；柴薪,Official Appendix 2A positioned text; barred-vowel forms cross-checked against duplicate Appendix 2B entry,yes,
song-2018-kanakanavu-dictionary-0114,195,1,kasa,魚簍,Official Appendix 2A positioned text; barred-vowel forms cross-checked against duplicate Appendix 2B entry,yes,
song-2018-kanakanavu-dictionary-0115,195,1,kasa,斗笠,Official Appendix 2A positioned text; barred-vowel forms cross-checked against duplicate Appendix 2B entry,yes,
song-2018-kanakanavu-dictionary-0116,195,1,kasu,你,Official positioned text; language-sorted Appendix 2A,yes,
song-2018-kanakanavu-dictionary-0117,195,1,kasua,你,Official positioned text; language-sorted Appendix 2A,yes,
song-2018-kanakanavu-dictionary-0118,195,2,kava,皮（人或動物）；皮膚,Official Appendix 2A positioned text; barred-vowel forms cross-checked against duplicate Appendix 2B entry,yes,
song-2018-kanakanavu-dictionary-0119,195,2,kavangvang / kangvang,全部；都；也,Official Appendix 2A positioned text; barred-vowel forms cross-checked against duplicate Appendix 2B entry,yes,
song-2018-kanakanavu-dictionary-0120,195,2,ka’anʉ/ ka’aan,不（會）；沒有,Official Appendix 2A positioned text; barred-vowel forms cross-checked against duplicate Appendix 2B entry,yes,
song-2018-kanakanavu-dictionary-0121,195,2,ka’anʉ/ ka’aan,不是,Official Appendix 2A positioned text; barred-vowel forms cross-checked against duplicate Appendix 2B entry,yes,
song-2018-kanakanavu-dictionary-0122,195,2,ka’umó’uma,開墾；做田,Official Appendix 2A positioned text; barred-vowel forms cross-checked against duplicate Appendix 2B entry,yes,
song-2018-kanakanavu-dictionary-0123,195,2,kee,他,Official positioned text; language-sorted Appendix 2A,yes,
song-2018-kanakanavu-dictionary-0124,195,2,kesoni,問；詢問,Official Appendix 2A positioned text; barred-vowel forms cross-checked against duplicate Appendix 2B entry,yes,
song-2018-kanakanavu-dictionary-0125,195,2,kia,我,Official positioned text; language-sorted Appendix 2A,yes,
song-2018-kanakanavu-dictionary-0126,195,2,kiatúturu,學習,Official Appendix 2A positioned text; barred-vowel forms cross-checked against duplicate Appendix 2B entry,yes,
song-2018-kanakanavu-dictionary-0127,195,2,kim,我們（排除式）,Official positioned text; language-sorted Appendix 2A,yes,
song-2018-kanakanavu-dictionary-0128,195,2,kimia,我們（排除式）,Official positioned text; language-sorted Appendix 2A,yes,
song-2018-kanakanavu-dictionary-0129,195,2,kincaua,親戚,Official Appendix 2A positioned text; barred-vowel forms cross-checked against duplicate Appendix 2B entry,yes,
song-2018-kanakanavu-dictionary-0130,195,2,kinvara / kinvaia,兄弟姐妹；堂、表兄弟姐妹,Official positioned text; language-sorted Appendix 2A,yes,
song-2018-kanakanavu-dictionary-0131,195,2,kita,我們（包含式）；咱們,Official positioned text; language-sorted Appendix 2A,yes,
song-2018-kanakanavu-dictionary-0132,195,2,kitana,我們（包含式）；咱們,Official positioned text; language-sorted Appendix 2A,yes,
song-2018-kanakanavu-dictionary-0133,195,2,ko-,吃,Official Appendix 2A positioned text; barred-vowel forms cross-checked against duplicate Appendix 2B entry,no,Source prints a bound citation form with a trailing hyphen and supplies no unattached surface; entry excluded from the published XML.
song-2018-kanakanavu-dictionary-0134,195,2,koo,沒；沒有（做某事）,Official Appendix 2A positioned text; barred-vowel forms cross-checked against duplicate Appendix 2B entry,yes,
song-2018-kanakanavu-dictionary-0135,195,2,koca’ánia,吃午餐（吃白天的）,Official Appendix 2A positioned text; barred-vowel forms cross-checked against duplicate Appendix 2B entry,yes,
song-2018-kanakanavu-dictionary-0136,195,2,kocici,吃早餐（吃熱的）,Official positioned text; language-sorted Appendix 2A,yes,
song-2018-kanakanavu-dictionary-0137,195,2,koravi,吃晚餐（吃最後的）,Official Appendix 2A positioned text; barred-vowel forms cross-checked against duplicate Appendix 2B entry,yes,
song-2018-kanakanavu-dictionary-0138,195,2,kó’ua,偷竊,Official Appendix 2A positioned text; barred-vowel forms cross-checked against duplicate Appendix 2B entry,yes,
song-2018-kanakanavu-dictionary-0139,196,1,ku,我,Official positioned text; language-sorted Appendix 2A,yes,
song-2018-kanakanavu-dictionary-0140,196,1,kukuca,背部；背面；後面（建物）,Official Appendix 2A positioned text; barred-vowel forms cross-checked against duplicate Appendix 2B entry,yes,
song-2018-kanakanavu-dictionary-0141,196,1,kumakiri,栓住,Official Appendix 2A positioned text; barred-vowel forms cross-checked against duplicate Appendix 2B entry,yes,
song-2018-kanakanavu-dictionary-0142,196,1,kumakiríkiri,抓癢,Official Appendix 2A positioned text; barred-vowel forms cross-checked against duplicate Appendix 2B entry,yes,
song-2018-kanakanavu-dictionary-0143,196,1,kumakoru,挖掘；挖洞,Official Appendix 2A positioned text; barred-vowel forms cross-checked against duplicate Appendix 2B entry,yes,
song-2018-kanakanavu-dictionary-0144,196,1,kumakuici,剝果皮、樹皮,Official Appendix 2A positioned text; barred-vowel forms cross-checked against duplicate Appendix 2B entry,yes,
song-2018-kanakanavu-dictionary-0145,196,1,kumakusúkusu,剃髮,Official Appendix 2A positioned text; barred-vowel forms cross-checked against duplicate Appendix 2B entry,yes,
song-2018-kanakanavu-dictionary-0146,196,1,kumakʉnʉ/ kumakʉʉn,吃,Official Appendix 2A positioned text; barred-vowel forms cross-checked against duplicate Appendix 2B entry,yes,
song-2018-kanakanavu-dictionary-0147,196,1,kuncu,毛,Official Appendix 2A positioned text; barred-vowel forms cross-checked against duplicate Appendix 2B entry,yes,
song-2018-kanakanavu-dictionary-0148,196,1,kunga’a,鴨,Official Appendix 2A positioned text; barred-vowel forms cross-checked against duplicate Appendix 2B entry,yes,
song-2018-kanakanavu-dictionary-0149,196,1,kurai,蟲,Official Appendix 2A positioned text; barred-vowel forms cross-checked against duplicate Appendix 2B entry,yes,
song-2018-kanakanavu-dictionary-0150,196,1,kuratumuru,滿,Official Appendix 2A positioned text; barred-vowel forms cross-checked against duplicate Appendix 2B entry,yes,
song-2018-kanakanavu-dictionary-0151,196,1,kurisivatʉ,倒臥,Official Appendix 2A positioned text; barred-vowel forms cross-checked against duplicate Appendix 2B entry,yes,
song-2018-kanakanavu-dictionary-0152,196,1,kuruma,車子,Official positioned text; language-sorted Appendix 2A,yes,
song-2018-kanakanavu-dictionary-0153,196,1,kusu,梳子,Official Appendix 2A positioned text; barred-vowel forms cross-checked against duplicate Appendix 2B entry,yes,
song-2018-kanakanavu-dictionary-0154,196,1,kʉkʉnangʉ/ kʉkʉnang,同伴；夥伴,Official Appendix 2A positioned text; barred-vowel forms cross-checked against duplicate Appendix 2B entry,yes,
song-2018-kanakanavu-dictionary-0155,196,1,kʉna,食物,Official Appendix 2A positioned text; barred-vowel forms cross-checked against duplicate Appendix 2B entry,yes,
song-2018-kanakanavu-dictionary-0156,196,1,maan,十（數數）,Official positioned text; language-sorted Appendix 2A,yes,
song-2018-kanakanavu-dictionary-0157,196,1,mácaca,笑,Official Appendix 2A positioned text; barred-vowel forms cross-checked against duplicate Appendix 2B entry,yes,
song-2018-kanakanavu-dictionary-0158,196,1,macaraini / macareni / macara / kacaraiin,可憐；值得憐憫,Official positioned text; language-sorted Appendix 2A,yes,
song-2018-kanakanavu-dictionary-0159,196,1,macakuarʉ,滿（食物）,Official Appendix 2A positioned text; barred-vowel forms cross-checked against duplicate Appendix 2B entry,yes,
song-2018-kanakanavu-dictionary-0160,196,1,macangcangarʉ,高興；快樂,Official Appendix 2A positioned text; barred-vowel forms cross-checked against duplicate Appendix 2B entry,yes,
song-2018-kanakanavu-dictionary-0161,196,1,macaru,滑的,Official Appendix 2A positioned text; barred-vowel forms cross-checked against duplicate Appendix 2B entry,yes,
song-2018-kanakanavu-dictionary-0162,196,1,macasʉ,長,Official Appendix 2A positioned text; barred-vowel forms cross-checked against duplicate Appendix 2B entry,yes,
song-2018-kanakanavu-dictionary-0163,196,1,maca’ivi,經過（時間上的）,Official positioned text; language-sorted Appendix 2A,yes,
song-2018-kanakanavu-dictionary-0164,196,1,maciasʉ,明亮的,Official Appendix 2A positioned text; barred-vowel forms cross-checked against duplicate Appendix 2B entry,yes,
song-2018-kanakanavu-dictionary-0165,196,1,macici,悶熱；不通風,Official Appendix 2A positioned text; barred-vowel forms cross-checked against duplicate Appendix 2B entry,yes,
song-2018-kanakanavu-dictionary-0166,196,1,macici,熱；燙,Official Appendix 2A positioned text; barred-vowel forms cross-checked against duplicate Appendix 2B entry,yes,
song-2018-kanakanavu-dictionary-0167,196,1,mácina,梳洗,Official Appendix 2A positioned text; barred-vowel forms cross-checked against duplicate Appendix 2B entry,yes,
song-2018-kanakanavu-dictionary-0168,196,1,macuru,熟（烹煮）,Official Appendix 2A positioned text; barred-vowel forms cross-checked against duplicate Appendix 2B entry,yes,
song-2018-kanakanavu-dictionary-0169,196,1,macu’u,果實,Official Appendix 2A positioned text; barred-vowel forms cross-checked against duplicate Appendix 2B entry,yes,
song-2018-kanakanavu-dictionary-0170,196,2,maica / ’apaica,經過（空間上的）,Official positioned text; language-sorted Appendix 2A,yes,
song-2018-kanakanavu-dictionary-0171,196,2,maimʉʉn,五十,Official Appendix 2A positioned text; barred-vowel forms cross-checked against duplicate Appendix 2B entry,yes,
song-2018-kanakanavu-dictionary-0172,196,2,makacang,馬上；立即；就,Official Appendix 2A positioned text; barred-vowel forms cross-checked against duplicate Appendix 2B entry,yes,
song-2018-kanakanavu-dictionary-0173,196,2,makacápacapʉ,拍擊；擊掌,Official Appendix 2A positioned text; barred-vowel forms cross-checked against duplicate Appendix 2B entry,yes,
song-2018-kanakanavu-dictionary-0174,196,2,makacʉkʉna,到達；抵達,Official Appendix 2A positioned text; barred-vowel forms cross-checked against duplicate Appendix 2B entry,yes,
song-2018-kanakanavu-dictionary-0175,196,2,makacʉmʉrʉ,厚,Official Appendix 2A positioned text; barred-vowel forms cross-checked against duplicate Appendix 2B entry,yes,
song-2018-kanakanavu-dictionary-0176,196,2,makananu,如何；怎樣,Official positioned text; language-sorted Appendix 2A,yes,
song-2018-kanakanavu-dictionary-0177,196,2,makananguru,游泳,Official Appendix 2A positioned text; barred-vowel forms cross-checked against duplicate Appendix 2B entry,yes,
song-2018-kanakanavu-dictionary-0178,196,2,makangʉcʉ,少,Official Appendix 2A positioned text; barred-vowel forms cross-checked against duplicate Appendix 2B entry,yes,
song-2018-kanakanavu-dictionary-0179,196,2,mákari,說話（某人對某人說）,Official Appendix 2A positioned text; barred-vowel forms cross-checked against duplicate Appendix 2B entry,yes,
song-2018-kanakanavu-dictionary-0180,196,2,makaríkari,討論,Official Appendix 2A positioned text; barred-vowel forms cross-checked against duplicate Appendix 2B entry,yes,
song-2018-kanakanavu-dictionary-0181,196,2,makasi,說,Official positioned text; language-sorted Appendix 2A,yes,
song-2018-kanakanavu-dictionary-0182,196,2,makásia,這樣,Official Appendix 2A positioned text; barred-vowel forms cross-checked against duplicate Appendix 2B entry,yes,
song-2018-kanakanavu-dictionary-0183,196,2,makásua / pakasuun,那樣,Official Appendix 2A positioned text; barred-vowel forms cross-checked against duplicate Appendix 2B entry,yes,
song-2018-kanakanavu-dictionary-0184,196,2,maká’ʉna,又；再（次）,Official Appendix 2A positioned text; barred-vowel forms cross-checked against duplicate Appendix 2B entry,yes,
song-2018-kanakanavu-dictionary-0185,196,2,maku,我,Official positioned text; language-sorted Appendix 2A,yes,
song-2018-kanakanavu-dictionary-0186,196,2,makungu / makuung,冷,Official positioned text; language-sorted Appendix 2A,yes,
song-2018-kanakanavu-dictionary-0187,196,2,makʉkʉang,硬（如石頭）,Official Appendix 2A positioned text; barred-vowel forms cross-checked against duplicate Appendix 2B entry,yes,
song-2018-kanakanavu-dictionary-0188,196,2,mamaan,十（數人）,Official Appendix 2A positioned text; barred-vowel forms cross-checked against duplicate Appendix 2B entry,yes,
song-2018-kanakanavu-dictionary-0189,196,2,mamacai,死亡,Official positioned text; language-sorted Appendix 2A,yes,
song-2018-kanakanavu-dictionary-0190,196,2,mamanu,小孩；孩童（複數）,Official Appendix 2A positioned text; barred-vowel forms cross-checked against duplicate Appendix 2B entry,yes,
song-2018-kanakanavu-dictionary-0191,196,2,mamanʉng,好,Official Appendix 2A positioned text; barred-vowel forms cross-checked against duplicate Appendix 2B entry,yes,
song-2018-kanakanavu-dictionary-0192,196,2,mamarang,老人；長者（複數）,Official Appendix 2A positioned text; barred-vowel forms cross-checked against duplicate Appendix 2B entry,yes,
song-2018-kanakanavu-dictionary-0193,196,2,mámia / maa,只；僅只,Official positioned text; language-sorted Appendix 2A,yes,
song-2018-kanakanavu-dictionary-0194,196,2,mámia,可惜；遺憾,Official Appendix 2A positioned text; barred-vowel forms cross-checked against duplicate Appendix 2B entry,yes,
song-2018-kanakanavu-dictionary-0195,196,2,mamíriki,李子,Official Appendix 2A positioned text; barred-vowel forms cross-checked against duplicate Appendix 2B entry,yes,
song-2018-kanakanavu-dictionary-0196,196,2,mami’arʉ,苦澀,Official Appendix 2A positioned text; barred-vowel forms cross-checked against duplicate Appendix 2B entry,yes,
song-2018-kanakanavu-dictionary-0197,196,2,manasʉ,或許；可能,Official Appendix 2A positioned text; barred-vowel forms cross-checked against duplicate Appendix 2B entry,yes,
song-2018-kanakanavu-dictionary-0198,196,2,mánava,酒醉,Official Appendix 2A positioned text; barred-vowel forms cross-checked against duplicate Appendix 2B entry,yes,
song-2018-kanakanavu-dictionary-0199,196,2,mane’i / mane’e,輕（重量）,Official Appendix 2A positioned text; barred-vowel forms cross-checked against duplicate Appendix 2B entry,yes,
song-2018-kanakanavu-dictionary-0200,196,2,maningcau,漂亮；美麗,Official Appendix 2A positioned text; barred-vowel forms cross-checked against duplicate Appendix 2B entry,yes,
song-2018-kanakanavu-dictionary-0201,196,2,manman,辣椒,Official Appendix 2A positioned text; barred-vowel forms cross-checked against duplicate Appendix 2B entry,yes,
song-2018-kanakanavu-dictionary-0202,197,1,manmaan / ka’anmanʉn,喜歡；喜愛,Official Appendix 2A positioned text; barred-vowel forms cross-checked against duplicate Appendix 2B entry,yes,
song-2018-kanakanavu-dictionary-0203,197,1,manu,小孩；孩童,Official Appendix 2A positioned text; barred-vowel forms cross-checked against duplicate Appendix 2B entry,yes,
song-2018-kanakanavu-dictionary-0204,197,1,manʉkʉpai,矮,Official Appendix 2A positioned text; barred-vowel forms cross-checked against duplicate Appendix 2B entry,yes,
song-2018-kanakanavu-dictionary-0205,197,1,manʉmʉ,六十,Official Appendix 2A positioned text; barred-vowel forms cross-checked against duplicate Appendix 2B entry,yes,
song-2018-kanakanavu-dictionary-0206,197,1,mangaríngari,搖動（人為）,Official Appendix 2A positioned text; barred-vowel forms cross-checked against duplicate Appendix 2B entry,yes,
song-2018-kanakanavu-dictionary-0207,197,1,mangtʉnʉ,砍伐,Official Appendix 2A positioned text; barred-vowel forms cross-checked against duplicate Appendix 2B entry,yes,
song-2018-kanakanavu-dictionary-0208,197,1,mangtʉ’ai / mangtʉ’e,短,Official positioned text; language-sorted Appendix 2A,yes,
song-2018-kanakanavu-dictionary-0209,197,1,manguru / umanguru,逃,Official Appendix 2A positioned text; barred-vowel forms cross-checked against duplicate Appendix 2B entry,yes,
song-2018-kanakanavu-dictionary-0210,197,1,mangʉrʉ/ umangʉrʉ,炒（飯菜）,Official Appendix 2A positioned text; barred-vowel forms cross-checked against duplicate Appendix 2B entry,yes,
song-2018-kanakanavu-dictionary-0211,197,1,mangʉrʉ/ umangʉrʉ,分一半,Official Appendix 2A positioned text; barred-vowel forms cross-checked against duplicate Appendix 2B entry,yes,
song-2018-kanakanavu-dictionary-0212,197,1,mapá’ici,酸,Official Appendix 2A positioned text; barred-vowel forms cross-checked against duplicate Appendix 2B entry,yes,
song-2018-kanakanavu-dictionary-0213,197,1,mapitunu,七十,Official Appendix 2A positioned text; barred-vowel forms cross-checked against duplicate Appendix 2B entry,yes,
song-2018-kanakanavu-dictionary-0214,197,1,mapitʉ’ʉ,黑暗,Official Appendix 2A positioned text; barred-vowel forms cross-checked against duplicate Appendix 2B entry,yes,
song-2018-kanakanavu-dictionary-0215,197,1,mapúnarʉ,寬（空間）；寬敞,Official Appendix 2A positioned text; barred-vowel forms cross-checked against duplicate Appendix 2B entry,yes,
song-2018-kanakanavu-dictionary-0216,197,1,mapurai / puraion,推,Official Appendix 2A positioned text; barred-vowel forms cross-checked against duplicate Appendix 2B entry,yes,
song-2018-kanakanavu-dictionary-0217,197,1,mapusan,二十,Official Appendix 2A positioned text; barred-vowel forms cross-checked against duplicate Appendix 2B entry,yes,
song-2018-kanakanavu-dictionary-0218,197,1,mapu’a,賣出,Official positioned text; language-sorted Appendix 2A,yes,
song-2018-kanakanavu-dictionary-0219,197,1,mara / umara,拿取,Official Appendix 2A positioned text; barred-vowel forms cross-checked against duplicate Appendix 2B entry,yes,
song-2018-kanakanavu-dictionary-0220,197,1,maramʉ,挑選；撿,Official Appendix 2A positioned text; barred-vowel forms cross-checked against duplicate Appendix 2B entry,yes,
song-2018-kanakanavu-dictionary-0221,197,1,marangʉ,老人；長者,Official Appendix 2A positioned text; barred-vowel forms cross-checked against duplicate Appendix 2B entry,yes,
song-2018-kanakanavu-dictionary-0222,197,1,marápici / marípici,剪；割；剖切,Official Appendix 2A positioned text; barred-vowel forms cross-checked against duplicate Appendix 2B entry,yes,
song-2018-kanakanavu-dictionary-0223,197,1,mararuai,分道揚鑣,Official Appendix 2A positioned text; barred-vowel forms cross-checked against duplicate Appendix 2B entry,yes,
song-2018-kanakanavu-dictionary-0224,197,1,mara’an,快速,Official Appendix 2A positioned text; barred-vowel forms cross-checked against duplicate Appendix 2B entry,yes,
song-2018-kanakanavu-dictionary-0225,197,1,marikʉcʉkʉcʉ,踩踏,Official Appendix 2A positioned text; barred-vowel forms cross-checked against duplicate Appendix 2B entry,yes,
song-2018-kanakanavu-dictionary-0226,197,1,marikʉrʉ/ arikʉroo,搗；舂搗,Official positioned text; language-sorted Appendix 2A,yes,
song-2018-kanakanavu-dictionary-0227,197,1,maripusiam,收割稻米（有手的動作）,Official Appendix 2A positioned text; barred-vowel forms cross-checked against duplicate Appendix 2B entry,yes,
song-2018-kanakanavu-dictionary-0228,197,1,marisauvu / marisovu,聞,Official positioned text; language-sorted Appendix 2A,yes,
song-2018-kanakanavu-dictionary-0229,197,2,marisiki,掃；打掃,Official Appendix 2A positioned text; barred-vowel forms cross-checked against duplicate Appendix 2B entry,yes,
song-2018-kanakanavu-dictionary-0230,197,2,marisinatʉ,書寫；讀書（有手的動作）,Official Appendix 2A positioned text; barred-vowel forms cross-checked against duplicate Appendix 2B entry,yes,
song-2018-kanakanavu-dictionary-0231,197,2,marisúsuna,呼喊,Official Appendix 2A positioned text; barred-vowel forms cross-checked against duplicate Appendix 2B entry,yes,
song-2018-kanakanavu-dictionary-0232,197,2,marisʉ’ʉrʉ,拉（手用繩子拉人或動物）,Official Appendix 2A positioned text; barred-vowel forms cross-checked against duplicate Appendix 2B entry,yes,
song-2018-kanakanavu-dictionary-0233,197,2,marítarʉ,等待,Official Appendix 2A positioned text; barred-vowel forms cross-checked against duplicate Appendix 2B entry,yes,
song-2018-kanakanavu-dictionary-0234,197,2,marívari,回答,Official Appendix 2A positioned text; barred-vowel forms cross-checked against duplicate Appendix 2B entry,yes,
song-2018-kanakanavu-dictionary-0235,197,2,marivi,懷抱,Official Appendix 2A positioned text; barred-vowel forms cross-checked against duplicate Appendix 2B entry,yes,
song-2018-kanakanavu-dictionary-0236,197,2,marivina’ʉ,收割小米（有手的動作）,Official Appendix 2A positioned text; barred-vowel forms cross-checked against duplicate Appendix 2B entry,yes,
song-2018-kanakanavu-dictionary-0237,197,2,marivivini,跟隨在後；之後；最後,Official Appendix 2A positioned text; barred-vowel forms cross-checked against duplicate Appendix 2B entry,yes,
song-2018-kanakanavu-dictionary-0238,197,2,marivuarʉ,掀開（衣物、被褥）,Official Appendix 2A positioned text; barred-vowel forms cross-checked against duplicate Appendix 2B entry,yes,
song-2018-kanakanavu-dictionary-0239,197,2,marivura’ʉ,打（用手、棍子、繩子、軟管等器物）,Official Appendix 2A positioned text; barred-vowel forms cross-checked against duplicate Appendix 2B entry,yes,
song-2018-kanakanavu-dictionary-0240,197,2,mari’urú’uru,拖；拉（重物）,Official Appendix 2A positioned text; barred-vowel forms cross-checked against duplicate Appendix 2B entry,yes,
song-2018-kanakanavu-dictionary-0241,197,2,maruun,八十,Official Appendix 2A positioned text; barred-vowel forms cross-checked against duplicate Appendix 2B entry,yes,
song-2018-kanakanavu-dictionary-0242,197,2,marʉkurapʉ,獸類；動物,Official Appendix 2A positioned text; barred-vowel forms cross-checked against duplicate Appendix 2B entry,yes,
song-2018-kanakanavu-dictionary-0243,197,2,marʉmʉcʉ,洗（身體）；洗澡,Official Appendix 2A positioned text; barred-vowel forms cross-checked against duplicate Appendix 2B entry,yes,
song-2018-kanakanavu-dictionary-0244,197,2,marʉngʉcai,高,Official Appendix 2A positioned text; barred-vowel forms cross-checked against duplicate Appendix 2B entry,yes,
song-2018-kanakanavu-dictionary-0245,197,2,marʉngʉtʉnʉ,瘦弱,Official Appendix 2A positioned text; barred-vowel forms cross-checked against duplicate Appendix 2B entry,yes,
song-2018-kanakanavu-dictionary-0246,197,2,marʉrʉ,鋸,Official Appendix 2A positioned text; barred-vowel forms cross-checked against duplicate Appendix 2B entry,yes,
song-2018-kanakanavu-dictionary-0247,197,2,marʉ’ʉ,愛；愛護；疼愛,Official Appendix 2A positioned text; barred-vowel forms cross-checked against duplicate Appendix 2B entry,yes,
song-2018-kanakanavu-dictionary-0248,197,2,masakʉnʉ/ kasakʉnʉ,珍惜,Official Appendix 2A positioned text; barred-vowel forms cross-checked against duplicate Appendix 2B entry,yes,
song-2018-kanakanavu-dictionary-0249,197,2,masarapʉ,癢,Official Appendix 2A positioned text; barred-vowel forms cross-checked against duplicate Appendix 2B entry,yes,
song-2018-kanakanavu-dictionary-0250,197,2,masarʉnpʉ,睏（想睡覺）,Official Appendix 2A positioned text; barred-vowel forms cross-checked against duplicate Appendix 2B entry,yes,
song-2018-kanakanavu-dictionary-0251,197,2,masasʉpʉ,打瞌睡；打哈欠,Official Appendix 2A positioned text; barred-vowel forms cross-checked against duplicate Appendix 2B entry,yes,
song-2018-kanakanavu-dictionary-0252,197,2,masi-,說,Official positioned text; language-sorted Appendix 2A,no,Source prints a bound citation form with a trailing hyphen and supplies no unattached surface; entry excluded from the published XML.
song-2018-kanakanavu-dictionary-0253,197,2,masicucuru,說真話,Official Appendix 2A positioned text; barred-vowel forms cross-checked against duplicate Appendix 2B entry,yes,
song-2018-kanakanavu-dictionary-0254,197,2,masii,才；使之,Official Appendix 2A positioned text; barred-vowel forms cross-checked against duplicate Appendix 2B entry,yes,
song-2018-kanakanavu-dictionary-0255,198,1,masíkusa,往（某方向、地區）,Official Appendix 2A positioned text; barred-vowel forms cross-checked against duplicate Appendix 2B entry,yes,
song-2018-kanakanavu-dictionary-0256,198,1,masinang,紅色,Official Appendix 2A positioned text; barred-vowel forms cross-checked against duplicate Appendix 2B entry,yes,
song-2018-kanakanavu-dictionary-0257,198,1,masini / masiin / mahiin,現在,Official Appendix 2A positioned text; barred-vowel forms cross-checked against duplicate Appendix 2B entry,yes,
song-2018-kanakanavu-dictionary-0258,198,1,masipʉcʉ,洗（衣物）,Official Appendix 2A positioned text; barred-vowel forms cross-checked against duplicate Appendix 2B entry,yes,
song-2018-kanakanavu-dictionary-0259,198,1,masipʉngcʉ,折斷,Official Appendix 2A positioned text; barred-vowel forms cross-checked against duplicate Appendix 2B entry,yes,
song-2018-kanakanavu-dictionary-0260,198,1,masiʉn,九十,Official Appendix 2A positioned text; barred-vowel forms cross-checked against duplicate Appendix 2B entry,yes,
song-2018-kanakanavu-dictionary-0261,198,1,masivʉnʉ,折彎,Official Appendix 2A positioned text; barred-vowel forms cross-checked against duplicate Appendix 2B entry,yes,
song-2018-kanakanavu-dictionary-0262,198,1,masúmacʉ,硬（如獸皮）堅韌的,Official Appendix 2A positioned text; barred-vowel forms cross-checked against duplicate Appendix 2B entry,yes,
song-2018-kanakanavu-dictionary-0263,198,1,masʉpatʉnʉ/ masʉpatʉʉn,四十,Official Appendix 2A positioned text; barred-vowel forms cross-checked against duplicate Appendix 2B entry,yes,
song-2018-kanakanavu-dictionary-0264,198,1,mataa,和；與,Official Appendix 2A positioned text; barred-vowel forms cross-checked against duplicate Appendix 2B entry,yes,
song-2018-kanakanavu-dictionary-0265,198,1,matakuríkuri,滾落,Official Appendix 2A positioned text; barred-vowel forms cross-checked against duplicate Appendix 2B entry,yes,
song-2018-kanakanavu-dictionary-0266,198,1,matanganai / patanganai,取名；指名,Official Appendix 2A positioned text; barred-vowel forms cross-checked against duplicate Appendix 2B entry,yes,
song-2018-kanakanavu-dictionary-0267,198,1,matángiri,小心；謹慎,Official Appendix 2A positioned text; barred-vowel forms cross-checked against duplicate Appendix 2B entry,yes,
song-2018-kanakanavu-dictionary-0268,198,1,matapari’i,掉落,Official Appendix 2A positioned text; barred-vowel forms cross-checked against duplicate Appendix 2B entry,yes,
song-2018-kanakanavu-dictionary-0269,198,1,matárava,到（某時間點或地點）,Official Appendix 2A positioned text; barred-vowel forms cross-checked against duplicate Appendix 2B entry,yes,
song-2018-kanakanavu-dictionary-0270,198,1,matasa’ai,躺,Official Appendix 2A positioned text; barred-vowel forms cross-checked against duplicate Appendix 2B entry,yes,
song-2018-kanakanavu-dictionary-0271,198,1,mata’ʉ,生的；未熟的,Official Appendix 2A positioned text; barred-vowel forms cross-checked against duplicate Appendix 2B entry,yes,
song-2018-kanakanavu-dictionary-0272,198,1,mata’ʉnai,下來（到地面）,Official Appendix 2A positioned text; barred-vowel forms cross-checked against duplicate Appendix 2B entry,yes,
song-2018-kanakanavu-dictionary-0273,198,1,matiananai,開始,Official Appendix 2A positioned text; barred-vowel forms cross-checked against duplicate Appendix 2B entry,yes,
song-2018-kanakanavu-dictionary-0274,198,1,matikiri,牽（扶）著（人、牛）,Official Appendix 2A positioned text; barred-vowel forms cross-checked against duplicate Appendix 2B entry,yes,
song-2018-kanakanavu-dictionary-0275,198,1,matimanʉngʉ/ matimanʉʉng / patimanʉngʉ,好好的做某事,Official Appendix 2A positioned text; barred-vowel forms cross-checked against duplicate Appendix 2B entry,yes,
song-2018-kanakanavu-dictionary-0276,198,1,matípuri,放棄；鬆手,Official Appendix 2A positioned text; barred-vowel forms cross-checked against duplicate Appendix 2B entry,yes,
song-2018-kanakanavu-dictionary-0277,198,1,matirupangʉ,做完,Official Appendix 2A positioned text; barred-vowel forms cross-checked against duplicate Appendix 2B entry,yes,
song-2018-kanakanavu-dictionary-0278,198,1,matisa’ʉ,抓；捉；捕抓,Official Appendix 2A positioned text; barred-vowel forms cross-checked against duplicate Appendix 2B entry,yes,
song-2018-kanakanavu-dictionary-0279,198,2,mati’ʉn ’ʉna,重做；修理,Official Appendix 2A positioned text; barred-vowel forms cross-checked against duplicate Appendix 2B entry,yes,
song-2018-kanakanavu-dictionary-0280,198,2,matupuru / matuapuru,生火,Official Appendix 2A positioned text; barred-vowel forms cross-checked against duplicate Appendix 2B entry,yes,
song-2018-kanakanavu-dictionary-0281,198,2,matuun,三十,Official Appendix 2A positioned text; barred-vowel forms cross-checked against duplicate Appendix 2B entry,yes,
song-2018-kanakanavu-dictionary-0282,198,2,mátʉa,一樣；相同,Official Appendix 2A positioned text; barred-vowel forms cross-checked against duplicate Appendix 2B entry,yes,
song-2018-kanakanavu-dictionary-0283,198,2,matʉnʉsʉ,遇到；相遇,Official Appendix 2A positioned text; barred-vowel forms cross-checked against duplicate Appendix 2B entry,yes,
song-2018-kanakanavu-dictionary-0284,198,2,mava,揹負（用背帶）,Official Appendix 2A positioned text; barred-vowel forms cross-checked against duplicate Appendix 2B entry,yes,
song-2018-kanakanavu-dictionary-0285,198,2,mavangʉ/ mavaang,熟（瓜果、穀物或食物）,Official Appendix 2A positioned text; barred-vowel forms cross-checked against duplicate Appendix 2B entry,yes,
song-2018-kanakanavu-dictionary-0286,198,2,mavangʉ/ mavaang,橘色,Official Appendix 2A positioned text; barred-vowel forms cross-checked against duplicate Appendix 2B entry,yes,
song-2018-kanakanavu-dictionary-0287,198,2,mavakan,寬（物品）,Official Appendix 2A positioned text; barred-vowel forms cross-checked against duplicate Appendix 2B entry,yes,
song-2018-kanakanavu-dictionary-0288,198,2,mavici / umavici,帶；攜帶,Official Appendix 2A positioned text; barred-vowel forms cross-checked against duplicate Appendix 2B entry,yes,
song-2018-kanakanavu-dictionary-0289,198,2,mavúca’ʉ,軟,Official Appendix 2A positioned text; barred-vowel forms cross-checked against duplicate Appendix 2B entry,yes,
song-2018-kanakanavu-dictionary-0290,198,2,mavucʉrʉkʉ,飽,Official Appendix 2A positioned text; barred-vowel forms cross-checked against duplicate Appendix 2B entry,yes,
song-2018-kanakanavu-dictionary-0291,198,2,mavʉrʉvʉrʉ,晃動；搖動（自然）,Official Appendix 2A positioned text; barred-vowel forms cross-checked against duplicate Appendix 2B entry,yes,
song-2018-kanakanavu-dictionary-0292,198,2,mavʉvʉtaniara,陰天（昏暗的天）,Official positioned text; language-sorted Appendix 2A,yes,
song-2018-kanakanavu-dictionary-0293,198,2,ma’angírisi,肥（有油脂）,Official Appendix 2A positioned text; barred-vowel forms cross-checked against duplicate Appendix 2B entry,yes,
song-2018-kanakanavu-dictionary-0294,198,2,ma’asʉngʉ,打噴嚏,Official Appendix 2A positioned text; barred-vowel forms cross-checked against duplicate Appendix 2B entry,yes,
song-2018-kanakanavu-dictionary-0295,198,2,ma’avu,溫的；溫暖,Official Appendix 2A positioned text; barred-vowel forms cross-checked against duplicate Appendix 2B entry,yes,
song-2018-kanakanavu-dictionary-0296,198,2,ma’icʉpʉ,害怕,Official Appendix 2A positioned text; barred-vowel forms cross-checked against duplicate Appendix 2B entry,yes,
song-2018-kanakanavu-dictionary-0297,198,2,ma’inacʉ,直的,Official Appendix 2A positioned text; barred-vowel forms cross-checked against duplicate Appendix 2B entry,yes,
song-2018-kanakanavu-dictionary-0298,198,2,ma’unu / uma’unu,揹負（用揹簍，支撐點在頭部）,Official Appendix 2A positioned text; barred-vowel forms cross-checked against duplicate Appendix 2B entry,yes,
song-2018-kanakanavu-dictionary-0299,198,2,ma’ura,小的（體積小如石頭、魚蝦）,Official Appendix 2A positioned text; barred-vowel forms cross-checked against duplicate Appendix 2B entry,yes,
song-2018-kanakanavu-dictionary-0300,198,2,meesua / miaasua / meehua,當時；那時,Official Appendix 2A positioned text; barred-vowel forms cross-checked against duplicate Appendix 2B entry,yes,
song-2018-kanakanavu-dictionary-0301,198,2,meetusa,千,Official Appendix 2A positioned text; barred-vowel forms cross-checked against duplicate Appendix 2B entry,yes,
song-2018-kanakanavu-dictionary-0302,198,2,me’icunu / me’ecunu,重,Official Appendix 2A positioned text; barred-vowel forms cross-checked against duplicate Appendix 2B entry,yes,
song-2018-kanakanavu-dictionary-0303,198,2,mia,我們（排除式）,Official positioned text; language-sorted Appendix 2A,yes,
song-2018-kanakanavu-dictionary-0304,198,2,miácara / mécara,照顧；看護,Official Appendix 2A positioned text; barred-vowel forms cross-checked against duplicate Appendix 2B entry,yes,
song-2018-kanakanavu-dictionary-0305,199,1,miacicini / miacicin,自己一人；獨自一人,Official positioned text; language-sorted Appendix 2A,yes,
song-2018-kanakanavu-dictionary-0306,199,1,miácu’u / mécu’u,渴,Official Appendix 2A positioned text; barred-vowel forms cross-checked against duplicate Appendix 2B entry,yes,
song-2018-kanakanavu-dictionary-0307,199,1,miapacai / mepacai,殺（人、牲畜）,Official Appendix 2A positioned text; barred-vowel forms cross-checked against duplicate Appendix 2B entry,yes,
song-2018-kanakanavu-dictionary-0308,199,1,miaranau,久,Official Appendix 2A positioned text; barred-vowel forms cross-checked against duplicate Appendix 2B entry,yes,
song-2018-kanakanavu-dictionary-0309,199,1,miatancani,前天,Official Appendix 2A positioned text; barred-vowel forms cross-checked against duplicate Appendix 2B entry,yes,
song-2018-kanakanavu-dictionary-0310,199,1,mia’acipi,殺牲畜（處理有腳的動物如豬牛羊）,Official Appendix 2A positioned text; barred-vowel forms cross-checked against duplicate Appendix 2B entry,yes,
song-2018-kanakanavu-dictionary-0311,199,1,miciri,倒出來；溢出來,Official Appendix 2A positioned text; barred-vowel forms cross-checked against duplicate Appendix 2B entry,yes,
song-2018-kanakanavu-dictionary-0312,199,1,Mikongu / Mikoong,收穫祭,Official Appendix 2A positioned text; barred-vowel forms cross-checked against duplicate Appendix 2B entry,yes,
song-2018-kanakanavu-dictionary-0313,199,1,mima,喝（用杯子）,Official Appendix 2A positioned text; barred-vowel forms cross-checked against duplicate Appendix 2B entry,yes,
song-2018-kanakanavu-dictionary-0314,199,1,minmana,何時（已發生）,Official positioned text; language-sorted Appendix 2A,yes,
song-2018-kanakanavu-dictionary-0315,199,1,mintasʉ,厲害；有力氣；有力量,Official Appendix 2A positioned text; barred-vowel forms cross-checked against duplicate Appendix 2B entry,yes,
song-2018-kanakanavu-dictionary-0316,199,1,mingane,飛,Official Appendix 2A positioned text; barred-vowel forms cross-checked against duplicate Appendix 2B entry,yes,
song-2018-kanakanavu-dictionary-0317,199,1,míri’i,滿（裝水）,Official Appendix 2A positioned text; barred-vowel forms cross-checked against duplicate Appendix 2B entry,yes,
song-2018-kanakanavu-dictionary-0318,199,1,misee,說；心想；以為,Official Appendix 2A positioned text; barred-vowel forms cross-checked against duplicate Appendix 2B entry,yes,
song-2018-kanakanavu-dictionary-0319,199,1,miseni / miseen,為什麼；怎麼,Official Appendix 2A positioned text; barred-vowel forms cross-checked against duplicate Appendix 2B entry,yes,
song-2018-kanakanavu-dictionary-0320,199,1,mita,我們（包含式）；咱們,Official positioned text; language-sorted Appendix 2A,yes,
song-2018-kanakanavu-dictionary-0321,199,1,miʉra,昨天,Official Appendix 2A positioned text; barred-vowel forms cross-checked against duplicate Appendix 2B entry,yes,
song-2018-kanakanavu-dictionary-0322,199,1,mivu,小便,Official Appendix 2A positioned text; barred-vowel forms cross-checked against duplicate Appendix 2B entry,yes,
song-2018-kanakanavu-dictionary-0323,199,1,moon; poon,在；待在,Official Appendix 2A positioned text; barred-vowel forms cross-checked against duplicate Appendix 2B entry,yes,
song-2018-kanakanavu-dictionary-0324,199,1,móravu,餓,Official Appendix 2A positioned text; barred-vowel forms cross-checked against duplicate Appendix 2B entry,yes,
song-2018-kanakanavu-dictionary-0325,199,1,móvua / vʉʉn,給；贈送,Official Appendix 2A positioned text; barred-vowel forms cross-checked against duplicate Appendix 2B entry,yes,
song-2018-kanakanavu-dictionary-0326,199,1,mu,你們,Official positioned text; language-sorted Appendix 2A,yes,
song-2018-kanakanavu-dictionary-0327,199,1,muca,走；離開,Official Appendix 2A positioned text; barred-vowel forms cross-checked against duplicate Appendix 2B entry,yes,
song-2018-kanakanavu-dictionary-0328,199,1,mucaca,走路,Official Appendix 2A positioned text; barred-vowel forms cross-checked against duplicate Appendix 2B entry,yes,
song-2018-kanakanavu-dictionary-0329,199,1,mucanʉ,走去,Official Appendix 2A positioned text; barred-vowel forms cross-checked against duplicate Appendix 2B entry,yes,
song-2018-kanakanavu-dictionary-0330,199,1,múciri / ’apuciri,站立,Official Appendix 2A positioned text; barred-vowel forms cross-checked against duplicate Appendix 2B entry,yes,
song-2018-kanakanavu-dictionary-0331,199,1,mucunu / mocun,燒,Official Appendix 2A positioned text; barred-vowel forms cross-checked against duplicate Appendix 2B entry,yes,
song-2018-kanakanavu-dictionary-0332,199,1,múkusa / mókusa,去（某方向）,Official Appendix 2A positioned text; barred-vowel forms cross-checked against duplicate Appendix 2B entry,yes,
song-2018-kanakanavu-dictionary-0333,199,1,mukʉrʉ,摸；觸摸,Official Appendix 2A positioned text; barred-vowel forms cross-checked against duplicate Appendix 2B entry,yes,
song-2018-kanakanavu-dictionary-0334,199,1,mukʉrʉ/ ukʉrʉʉn,拿著；握著,Official Appendix 2A positioned text; barred-vowel forms cross-checked against duplicate Appendix 2B entry,yes,
song-2018-kanakanavu-dictionary-0335,199,2,mumu,乳房,Official Appendix 2A positioned text; barred-vowel forms cross-checked against duplicate Appendix 2B entry,yes,
song-2018-kanakanavu-dictionary-0336,199,2,mumʉkʉ,種植,Official Appendix 2A positioned text; barred-vowel forms cross-checked against duplicate Appendix 2B entry,yes,
song-2018-kanakanavu-dictionary-0337,199,2,mumʉnʉ,捆綁,Official Appendix 2A positioned text; barred-vowel forms cross-checked against duplicate Appendix 2B entry,yes,
song-2018-kanakanavu-dictionary-0338,199,2,mupacai,累（累壞了）；辛苦,Official Appendix 2A positioned text; barred-vowel forms cross-checked against duplicate Appendix 2B entry,yes,
song-2018-kanakanavu-dictionary-0339,199,2,mupana’ʉ,射；擲射,Official Appendix 2A positioned text; barred-vowel forms cross-checked against duplicate Appendix 2B entry,yes,
song-2018-kanakanavu-dictionary-0340,199,2,múpara,爬（建物）；攀爬,Official positioned text; language-sorted Appendix 2A,yes,
song-2018-kanakanavu-dictionary-0341,199,2,mupucu,包（東西）,Official Appendix 2A positioned text; barred-vowel forms cross-checked against duplicate Appendix 2B entry,yes,
song-2018-kanakanavu-dictionary-0342,199,2,murakʉrakʉ,爬行,Official Appendix 2A positioned text; barred-vowel forms cross-checked against duplicate Appendix 2B entry,yes,
song-2018-kanakanavu-dictionary-0343,199,2,muranʉ/ muraan / moraan / uranʉʉn,幫忙,Official Appendix 2A positioned text; barred-vowel forms cross-checked against duplicate Appendix 2B entry,yes,
song-2018-kanakanavu-dictionary-0344,199,2,murungisaa,呼吸（指活的）,Official Appendix 2A positioned text; barred-vowel forms cross-checked against duplicate Appendix 2B entry,yes,
song-2018-kanakanavu-dictionary-0345,199,2,mururu,塗（口紅；油漆）；抹,Official Appendix 2A positioned text; barred-vowel forms cross-checked against duplicate Appendix 2B entry,yes,
song-2018-kanakanavu-dictionary-0346,199,2,mururu,擦拭,Official Appendix 2A positioned text; barred-vowel forms cross-checked against duplicate Appendix 2B entry,yes,
song-2018-kanakanavu-dictionary-0347,199,2,muru’ucangʉ; ’arupara,結婚（互為配偶或互相拿）,Official Appendix 2A positioned text; barred-vowel forms cross-checked against duplicate Appendix 2B entry,yes,
song-2018-kanakanavu-dictionary-0348,199,2,musikarʉ,進入,Official Appendix 2A positioned text; barred-vowel forms cross-checked against duplicate Appendix 2B entry,yes,
song-2018-kanakanavu-dictionary-0349,199,2,musu,你,Official positioned text; language-sorted Appendix 2A,yes,
song-2018-kanakanavu-dictionary-0350,199,2,musucara’ʉ,流血,Official Appendix 2A positioned text; barred-vowel forms cross-checked against duplicate Appendix 2B entry,yes,
song-2018-kanakanavu-dictionary-0351,199,2,musukʉmʉ,痛；生病,Official Appendix 2A positioned text; barred-vowel forms cross-checked against duplicate Appendix 2B entry,yes,
song-2018-kanakanavu-dictionary-0352,199,2,musurai,摔出去,Official Appendix 2A positioned text; barred-vowel forms cross-checked against duplicate Appendix 2B entry,yes,
song-2018-kanakanavu-dictionary-0353,199,2,musutacunu,跳（往下跳）；下去；下來,Official Appendix 2A positioned text; barred-vowel forms cross-checked against duplicate Appendix 2B entry,yes,
song-2018-kanakanavu-dictionary-0354,199,2,musutanpʉ,足夠,Official Appendix 2A positioned text; barred-vowel forms cross-checked against duplicate Appendix 2B entry,yes,
song-2018-kanakanavu-dictionary-0355,199,2,musutavʉrʉ,浸泡（某人泡在水裡）,Official Appendix 2A positioned text; barred-vowel forms cross-checked against duplicate Appendix 2B entry,yes,
song-2018-kanakanavu-dictionary-0356,199,2,musutucu’u,漏水；滴水,Official Appendix 2A positioned text; barred-vowel forms cross-checked against duplicate Appendix 2B entry,yes,
song-2018-kanakanavu-dictionary-0357,199,2,musutupuku,跌倒,Official Appendix 2A positioned text; barred-vowel forms cross-checked against duplicate Appendix 2B entry,yes,
song-2018-kanakanavu-dictionary-0358,199,2,musuvʉrʉsai / musuvʉrʉse,跳（原地跳）,Official Appendix 2A positioned text; barred-vowel forms cross-checked against duplicate Appendix 2B entry,yes,
song-2018-kanakanavu-dictionary-0359,199,2,musʉ’ʉ/ usʉ’ʉn,放置；存放,Official Appendix 2A positioned text; barred-vowel forms cross-checked against duplicate Appendix 2B entry,yes,
song-2018-kanakanavu-dictionary-0360,199,2,muta’i,大便,Official Appendix 2A positioned text; barred-vowel forms cross-checked against duplicate Appendix 2B entry,yes,
song-2018-kanakanavu-dictionary-0361,200,1,muvʉngʉ/ uvʉngʉʉn,藏；收藏,Official Appendix 2A positioned text; barred-vowel forms cross-checked against duplicate Appendix 2B entry,yes,
song-2018-kanakanavu-dictionary-0362,200,1,mu’iarʉ,慢慢的,Official Appendix 2A positioned text; barred-vowel forms cross-checked against duplicate Appendix 2B entry,yes,
song-2018-kanakanavu-dictionary-0363,200,1,mʉna,百,Official Appendix 2A positioned text; barred-vowel forms cross-checked against duplicate Appendix 2B entry,yes,
song-2018-kanakanavu-dictionary-0364,200,1,mʉna,捆（所捆綁的）,Official Appendix 2A positioned text; barred-vowel forms cross-checked against duplicate Appendix 2B entry,yes,
song-2018-kanakanavu-dictionary-0365,200,1,mrʉpʉ,濕的,Official Appendix 2A positioned text; barred-vowel forms cross-checked against duplicate Appendix 2B entry,yes,
song-2018-kanakanavu-dictionary-0366,200,1,na-,已故,Official positioned text; language-sorted Appendix 2A,no,Source prints a bound citation form with a trailing hyphen and supplies no unattached surface; entry excluded from the published XML.
song-2018-kanakanavu-dictionary-0367,200,1,Nakasayana / Pakísia,平地人；漢人；閩南人；中文,Official positioned text; language-sorted Appendix 2A,yes,
song-2018-kanakanavu-dictionary-0368,200,1,namasʉ,一半；一對物品的某一半,Official Appendix 2A positioned text; barred-vowel forms cross-checked against duplicate Appendix 2B entry,yes,
song-2018-kanakanavu-dictionary-0369,200,1,nanakʉ,女性；女人；妻子；太太；雌性,Official Appendix 2A positioned text; barred-vowel forms cross-checked against duplicate Appendix 2B entry,yes,
song-2018-kanakanavu-dictionary-0370,200,1,nanmarua,青年,Official Appendix 2A positioned text; barred-vowel forms cross-checked against duplicate Appendix 2B entry,yes,
song-2018-kanakanavu-dictionary-0371,200,1,nanmarua nanakʉ,少女；小姐,Official Appendix 2A positioned text; barred-vowel forms cross-checked against duplicate Appendix 2B entry,yes,
song-2018-kanakanavu-dictionary-0372,200,1,nánnakʉ,女性；女人（複數）,Official Appendix 2A positioned text; barred-vowel forms cross-checked against duplicate Appendix 2B entry,yes,
song-2018-kanakanavu-dictionary-0373,200,1,nannare,蟬,Official Appendix 2A positioned text; barred-vowel forms cross-checked against duplicate Appendix 2B entry,yes,
song-2018-kanakanavu-dictionary-0374,200,1,nanu,哪裡,Official Appendix 2A positioned text; barred-vowel forms cross-checked against duplicate Appendix 2B entry,yes,
song-2018-kanakanavu-dictionary-0375,200,1,nanʉmʉ,六（數人）,Official Appendix 2A positioned text; barred-vowel forms cross-checked against duplicate Appendix 2B entry,yes,
song-2018-kanakanavu-dictionary-0376,200,1,narávarʉ,懶惰,Official Appendix 2A positioned text; barred-vowel forms cross-checked against duplicate Appendix 2B entry,yes,
song-2018-kanakanavu-dictionary-0377,200,1,natʉngʉ,青菜,Official Appendix 2A positioned text; barred-vowel forms cross-checked against duplicate Appendix 2B entry,yes,
song-2018-kanakanavu-dictionary-0378,200,1,navungu / navuung,頭,Official positioned text; language-sorted Appendix 2A,yes,
song-2018-kanakanavu-dictionary-0379,200,1,neni / neen,什麼,Official Appendix 2A positioned text; barred-vowel forms cross-checked against duplicate Appendix 2B entry,yes,
song-2018-kanakanavu-dictionary-0380,200,1,neni / neen,誰,Official Appendix 2A positioned text; barred-vowel forms cross-checked against duplicate Appendix 2B entry,yes,
song-2018-kanakanavu-dictionary-0381,200,1,nesi,這裡,Official positioned text; language-sorted Appendix 2A,yes,
song-2018-kanakanavu-dictionary-0382,200,1,ni,他們,Official positioned text; language-sorted Appendix 2A,yes,
song-2018-kanakanavu-dictionary-0383,200,1,niaracakana,獵物,Official Appendix 2A positioned text; barred-vowel forms cross-checked against duplicate Appendix 2B entry,yes,
song-2018-kanakanavu-dictionary-0384,200,1,niaratumurua canumu,深潭,Official Appendix 2A positioned text; barred-vowel forms cross-checked against duplicate Appendix 2B entry,yes,
song-2018-kanakanavu-dictionary-0385,200,1,niatumuru canumu,水深處；湖泊,Official Appendix 2A positioned text; barred-vowel forms cross-checked against duplicate Appendix 2B entry,yes,
song-2018-kanakanavu-dictionary-0386,200,1,nimúru’u,血；血液,Official Appendix 2A positioned text; barred-vowel forms cross-checked against duplicate Appendix 2B entry,yes,
song-2018-kanakanavu-dictionary-0387,200,1,nivanga,香蕉（熟成的）,Official Appendix 2A positioned text; barred-vowel forms cross-checked against duplicate Appendix 2B entry,yes,
song-2018-kanakanavu-dictionary-0388,200,1,noo; ucaniava,如果,Official Appendix 2A positioned text; barred-vowel forms cross-checked against duplicate Appendix 2B entry,yes,
song-2018-kanakanavu-dictionary-0389,200,2,nuaceni / nuaceen,明年,Official Appendix 2A positioned text; barred-vowel forms cross-checked against duplicate Appendix 2B entry,yes,
song-2018-kanakanavu-dictionary-0390,200,2,nuirina,習俗,Official positioned text; language-sorted Appendix 2A,yes,
song-2018-kanakanavu-dictionary-0391,200,2,nukai / nokai,或,Official positioned text; language-sorted Appendix 2A,yes,
song-2018-kanakanavu-dictionary-0392,200,2,nukanmana / nukunmana; minmana,何時（已發生）,Official positioned text; language-sorted Appendix 2A,yes,
song-2018-kanakanavu-dictionary-0393,200,2,numanʉ/ numaan,刀；獵刀,Official positioned text; language-sorted Appendix 2A,yes,
song-2018-kanakanavu-dictionary-0394,200,2,numanʉ/ numaan,鐵器,Official positioned text; language-sorted Appendix 2A,yes,
song-2018-kanakanavu-dictionary-0395,200,2,nungnung,小溪；溪谷,Official Appendix 2A positioned text; barred-vowel forms cross-checked against duplicate Appendix 2B entry,yes,
song-2018-kanakanavu-dictionary-0396,200,2,nura,明天,Official Appendix 2A positioned text; barred-vowel forms cross-checked against duplicate Appendix 2B entry,yes,
song-2018-kanakanavu-dictionary-0397,200,2,nutancani,後天,Official Appendix 2A positioned text; barred-vowel forms cross-checked against duplicate Appendix 2B entry,yes,
song-2018-kanakanavu-dictionary-0398,200,2,nʉmʉ,六（數數）,Official Appendix 2A positioned text; barred-vowel forms cross-checked against duplicate Appendix 2B entry,yes,
song-2018-kanakanavu-dictionary-0399,200,2,ngaca’ʉ,根部；根源,Official positioned text; language-sorted Appendix 2A,yes,
song-2018-kanakanavu-dictionary-0400,200,2,nganai,名字,Official Appendix 2A positioned text; barred-vowel forms cross-checked against duplicate Appendix 2B entry,yes,
song-2018-kanakanavu-dictionary-0401,200,2,ngai,口水,Official Appendix 2A positioned text; barred-vowel forms cross-checked against duplicate Appendix 2B entry,yes,
song-2018-kanakanavu-dictionary-0402,200,2,ngai,痰,Official Appendix 2A positioned text; barred-vowel forms cross-checked against duplicate Appendix 2B entry,yes,
song-2018-kanakanavu-dictionary-0403,200,2,Ngaingai,客家人,Official Appendix 2A positioned text; barred-vowel forms cross-checked against duplicate Appendix 2B entry,yes,
song-2018-kanakanavu-dictionary-0404,200,2,ngiau,貓,Official Appendix 2A positioned text; barred-vowel forms cross-checked against duplicate Appendix 2B entry,yes,
song-2018-kanakanavu-dictionary-0405,200,2,ngisaa,氣息；呼吸；有生命的狀態,Official Appendix 2A positioned text; barred-vowel forms cross-checked against duplicate Appendix 2B entry,yes,
song-2018-kanakanavu-dictionary-0406,200,2,nguai,就是；尤其,Official Appendix 2A positioned text; barred-vowel forms cross-checked against duplicate Appendix 2B entry,yes,
song-2018-kanakanavu-dictionary-0407,200,2,nguain,他,Official positioned text; language-sorted Appendix 2A,yes,
song-2018-kanakanavu-dictionary-0408,200,2,nguani,他們,Official positioned text; language-sorted Appendix 2A,yes,
song-2018-kanakanavu-dictionary-0409,200,2,ngʉkau,猴子,Official Appendix 2A positioned text; barred-vowel forms cross-checked against duplicate Appendix 2B entry,yes,
song-2018-kanakanavu-dictionary-0410,200,2,pa,還；尚；一下（客氣）,Official Appendix 2A positioned text; barred-vowel forms cross-checked against duplicate Appendix 2B entry,yes,
song-2018-kanakanavu-dictionary-0411,200,2,pacʉpʉngʉ/ pacʉpʉʉng / pacʉpʉcʉpʉngʉ,想；想念,Official Appendix 2A positioned text; barred-vowel forms cross-checked against duplicate Appendix 2B entry,yes,
song-2018-kanakanavu-dictionary-0412,200,2,Pakísia / Nakasayana,平地人；漢人；閩南人；中文,Official Appendix 2A positioned text; barred-vowel forms cross-checked against duplicate Appendix 2B entry,yes,
song-2018-kanakanavu-dictionary-0413,200,2,pakíturu,答應；願意,Official Appendix 2A positioned text; barred-vowel forms cross-checked against duplicate Appendix 2B entry,yes,
song-2018-kanakanavu-dictionary-0414,200,2,pangarʉ,矛,Official Appendix 2A positioned text; barred-vowel forms cross-checked against duplicate Appendix 2B entry,yes,
song-2018-kanakanavu-dictionary-0415,200,2,pangi,杵,Official Appendix 2A positioned text; barred-vowel forms cross-checked against duplicate Appendix 2B entry,yes,
song-2018-kanakanavu-dictionary-0416,201,1,pangka,桌子,Official Appendix 2A positioned text; barred-vowel forms cross-checked against duplicate Appendix 2B entry,yes,
song-2018-kanakanavu-dictionary-0417,201,1,pangka siarisinatʉ,書桌；書寫處,Official Appendix 2A positioned text; barred-vowel forms cross-checked against duplicate Appendix 2B entry,yes,
song-2018-kanakanavu-dictionary-0418,201,1,pangtan,鳳梨,Official Appendix 2A positioned text; barred-vowel forms cross-checked against duplicate Appendix 2B entry,yes,
song-2018-kanakanavu-dictionary-0419,201,1,papeni / papeen,多少（人）,Official Appendix 2A positioned text; barred-vowel forms cross-checked against duplicate Appendix 2B entry,yes,
song-2018-kanakanavu-dictionary-0420,201,1,papitu,七（數人）,Official Appendix 2A positioned text; barred-vowel forms cross-checked against duplicate Appendix 2B entry,yes,
song-2018-kanakanavu-dictionary-0421,201,1,paracani,唱歌,Official Appendix 2A positioned text; barred-vowel forms cross-checked against duplicate Appendix 2B entry,yes,
song-2018-kanakanavu-dictionary-0422,201,1,paratʉ,閃電,Official Appendix 2A positioned text; barred-vowel forms cross-checked against duplicate Appendix 2B entry,yes,
song-2018-kanakanavu-dictionary-0423,201,1,parai,糯米,Official Appendix 2A positioned text; barred-vowel forms cross-checked against duplicate Appendix 2B entry,yes,
song-2018-kanakanavu-dictionary-0424,201,1,parékava,犁,Official positioned text; language-sorted Appendix 2A,yes,
song-2018-kanakanavu-dictionary-0425,201,1,páriku,追,Official Appendix 2A positioned text; barred-vowel forms cross-checked against duplicate Appendix 2B entry,yes,
song-2018-kanakanavu-dictionary-0426,201,1,pariapara,風,Official Appendix 2A positioned text; barred-vowel forms cross-checked against duplicate Appendix 2B entry,yes,
song-2018-kanakanavu-dictionary-0427,201,1,pasa’ʉcai,清理；整理,Official Appendix 2A positioned text; barred-vowel forms cross-checked against duplicate Appendix 2B entry,yes,
song-2018-kanakanavu-dictionary-0428,201,1,pasiin,說（某人對某人說）,Official Appendix 2A positioned text; barred-vowel forms cross-checked against duplicate Appendix 2B entry,yes,
song-2018-kanakanavu-dictionary-0429,201,1,patanamʉ,模仿；仿效,Official Appendix 2A positioned text; barred-vowel forms cross-checked against duplicate Appendix 2B entry,yes,
song-2018-kanakanavu-dictionary-0430,201,1,patanamʉ,練習,Official Appendix 2A positioned text; barred-vowel forms cross-checked against duplicate Appendix 2B entry,yes,
song-2018-kanakanavu-dictionary-0431,201,1,pa’ici,酒,Official Appendix 2A positioned text; barred-vowel forms cross-checked against duplicate Appendix 2B entry,yes,
song-2018-kanakanavu-dictionary-0432,201,1,paira,經常；常常,Official Appendix 2A positioned text; barred-vowel forms cross-checked against duplicate Appendix 2B entry,yes,
song-2018-kanakanavu-dictionary-0433,201,1,paisi / pesi,大腿,Official Appendix 2A positioned text; barred-vowel forms cross-checked against duplicate Appendix 2B entry,yes,
song-2018-kanakanavu-dictionary-0434,201,1,pepe,麻糬（純糯米無配料）,Official Appendix 2A positioned text; barred-vowel forms cross-checked against duplicate Appendix 2B entry,yes,
song-2018-kanakanavu-dictionary-0435,201,1,pinárupu,釣魚,Official Appendix 2A positioned text; barred-vowel forms cross-checked against duplicate Appendix 2B entry,yes,
song-2018-kanakanavu-dictionary-0436,201,1,pini,咬人貓,Official Appendix 2A positioned text; barred-vowel forms cross-checked against duplicate Appendix 2B entry,yes,
song-2018-kanakanavu-dictionary-0437,201,1,pipiningi,外面；外頭,Official Appendix 2A positioned text; barred-vowel forms cross-checked against duplicate Appendix 2B entry,yes,
song-2018-kanakanavu-dictionary-0438,201,1,pitu,七（數數）,Official Appendix 2A positioned text; barred-vowel forms cross-checked against duplicate Appendix 2B entry,yes,
song-2018-kanakanavu-dictionary-0439,201,1,pi’inʉvʉ,關上,Official Appendix 2A positioned text; barred-vowel forms cross-checked against duplicate Appendix 2B entry,yes,
song-2018-kanakanavu-dictionary-0440,201,1,po-,說,Official positioned text; language-sorted Appendix 2A,no,Source prints a bound citation form with a trailing hyphen and supplies no unattached surface; entry excluded from the published XML.
song-2018-kanakanavu-dictionary-0441,201,1,pókari,呼喊；邀請,Official Appendix 2A positioned text; barred-vowel forms cross-checked against duplicate Appendix 2B entry,yes,
song-2018-kanakanavu-dictionary-0442,201,1,pokaríkari,說話,Official Appendix 2A positioned text; barred-vowel forms cross-checked against duplicate Appendix 2B entry,yes,
song-2018-kanakanavu-dictionary-0443,201,1,potucucuru,相信,Official Appendix 2A positioned text; barred-vowel forms cross-checked against duplicate Appendix 2B entry,yes,
song-2018-kanakanavu-dictionary-0444,201,1,po’ucipi,煮（飯、菜、肉、地瓜）,Official Appendix 2A positioned text; barred-vowel forms cross-checked against duplicate Appendix 2B entry,yes,
song-2018-kanakanavu-dictionary-0445,201,1,puka,貓頭鷹,Official Appendix 2A positioned text; barred-vowel forms cross-checked against duplicate Appendix 2B entry,yes,
song-2018-kanakanavu-dictionary-0446,201,1,pupunga,竹筒,Official Appendix 2A positioned text; barred-vowel forms cross-checked against duplicate Appendix 2B entry,yes,
song-2018-kanakanavu-dictionary-0447,201,1,puri’i,吐出來,Official Appendix 2A positioned text; barred-vowel forms cross-checked against duplicate Appendix 2B entry,yes,
song-2018-kanakanavu-dictionary-0448,201,1,puruvuku,繫或插上（皮帶）,Official positioned text; language-sorted Appendix 2A,yes,
song-2018-kanakanavu-dictionary-0449,201,2,pusiam,稻穀（未去殼）；稻子,Official Appendix 2A positioned text; barred-vowel forms cross-checked against duplicate Appendix 2B entry,yes,
song-2018-kanakanavu-dictionary-0450,201,2,pusu’anʉ/ pusu’aan,扛；提；抬；搬運,Official Appendix 2A positioned text; barred-vowel forms cross-checked against duplicate Appendix 2B entry,yes,
song-2018-kanakanavu-dictionary-0451,201,2,putairi / puteri,踢,Official Appendix 2A positioned text; barred-vowel forms cross-checked against duplicate Appendix 2B entry,yes,
song-2018-kanakanavu-dictionary-0452,201,2,putukikio,工作,Official Appendix 2A positioned text; barred-vowel forms cross-checked against duplicate Appendix 2B entry,yes,
song-2018-kanakanavu-dictionary-0453,201,2,putuvʉrʉkʉ,打開蓋子,Official Appendix 2A positioned text; barred-vowel forms cross-checked against duplicate Appendix 2B entry,yes,
song-2018-kanakanavu-dictionary-0454,201,2,putu’ʉnʉvʉ,打開門,Official Appendix 2A positioned text; barred-vowel forms cross-checked against duplicate Appendix 2B entry,yes,
song-2018-kanakanavu-dictionary-0455,201,2,pu’a,買（入）,Official Appendix 2A positioned text; barred-vowel forms cross-checked against duplicate Appendix 2B entry,yes,
song-2018-kanakanavu-dictionary-0456,201,2,pu’ʉʉn; mapu’a,賣出,Official Appendix 2A positioned text; barred-vowel forms cross-checked against duplicate Appendix 2B entry,yes,
song-2018-kanakanavu-dictionary-0457,201,2,puarʉ,跛腳,Official Appendix 2A positioned text; barred-vowel forms cross-checked against duplicate Appendix 2B entry,yes,
song-2018-kanakanavu-dictionary-0458,201,2,puiri,換；替換,Official Appendix 2A positioned text; barred-vowel forms cross-checked against duplicate Appendix 2B entry,yes,
song-2018-kanakanavu-dictionary-0459,201,2,puisia,禁忌,Official Appendix 2A positioned text; barred-vowel forms cross-checked against duplicate Appendix 2B entry,yes,
song-2018-kanakanavu-dictionary-0460,201,2,pui’i,回（來、去）,Official Appendix 2A positioned text; barred-vowel forms cross-checked against duplicate Appendix 2B entry,yes,
song-2018-kanakanavu-dictionary-0461,201,2,pʉnʉ,餌（魚、獵餌）,Official Appendix 2A positioned text; barred-vowel forms cross-checked against duplicate Appendix 2B entry,yes,
song-2018-kanakanavu-dictionary-0462,201,2,pʉrʉkʉ,肚臍；壁虎；田螺,Official Appendix 2A positioned text; barred-vowel forms cross-checked against duplicate Appendix 2B entry,yes,
song-2018-kanakanavu-dictionary-0463,201,2,ramisi,根（植物）,Official positioned text; language-sorted Appendix 2A,yes,
song-2018-kanakanavu-dictionary-0464,201,2,ramucu,手,Official Appendix 2A positioned text; barred-vowel forms cross-checked against duplicate Appendix 2B entry,yes,
song-2018-kanakanavu-dictionary-0465,201,2,rapatʉ,皮（樹或瓜果）,Official Appendix 2A positioned text; barred-vowel forms cross-checked against duplicate Appendix 2B entry,yes,
song-2018-kanakanavu-dictionary-0466,201,2,rapúnarʉ,沖毀,Official Appendix 2A positioned text; barred-vowel forms cross-checked against duplicate Appendix 2B entry,yes,
song-2018-kanakanavu-dictionary-0467,201,2,rapʉ,種子,Official Appendix 2A positioned text; barred-vowel forms cross-checked against duplicate Appendix 2B entry,yes,
song-2018-kanakanavu-dictionary-0468,201,2,rararu,八（數人）,Official Appendix 2A positioned text; barred-vowel forms cross-checked against duplicate Appendix 2B entry,yes,
song-2018-kanakanavu-dictionary-0469,201,2,rarima,五（數人）,Official Appendix 2A positioned text; barred-vowel forms cross-checked against duplicate Appendix 2B entry,yes,
song-2018-kanakanavu-dictionary-0470,201,2,rarʉ,飛鼠,Official Appendix 2A positioned text; barred-vowel forms cross-checked against duplicate Appendix 2B entry,yes,
song-2018-kanakanavu-dictionary-0471,201,2,rarʉngʉ/ rarʉʉng,葉子,Official Appendix 2A positioned text; barred-vowel forms cross-checked against duplicate Appendix 2B entry,yes,
song-2018-kanakanavu-dictionary-0472,201,2,ravuku,沙子,Official Appendix 2A positioned text; barred-vowel forms cross-checked against duplicate Appendix 2B entry,yes,
song-2018-kanakanavu-dictionary-0473,201,2,rima,五（數數）,Official Appendix 2A positioned text; barred-vowel forms cross-checked against duplicate Appendix 2B entry,yes,
song-2018-kanakanavu-dictionary-0474,201,2,ringai,陷阱,Official Appendix 2A positioned text; barred-vowel forms cross-checked against duplicate Appendix 2B entry,yes,
song-2018-kanakanavu-dictionary-0475,201,2,rocu,下方（某之下）,Official Appendix 2A positioned text; barred-vowel forms cross-checked against duplicate Appendix 2B entry,yes,
song-2018-kanakanavu-dictionary-0476,201,2,roimi,忘記,Official Appendix 2A positioned text; barred-vowel forms cross-checked against duplicate Appendix 2B entry,yes,
song-2018-kanakanavu-dictionary-0477,201,2,rovana,晚上；夜晚,Official Appendix 2A positioned text; barred-vowel forms cross-checked against duplicate Appendix 2B entry,yes,
song-2018-kanakanavu-dictionary-0478,201,2,rumarapʉ,播種,Official Appendix 2A positioned text; barred-vowel forms cross-checked against duplicate Appendix 2B entry,yes,
song-2018-kanakanavu-dictionary-0479,201,2,rumara’isi,咬,Official Appendix 2A positioned text; barred-vowel forms cross-checked against duplicate Appendix 2B entry,yes,
song-2018-kanakanavu-dictionary-0480,201,2,rumarʉ,燒墾；火燒山,Official Appendix 2A positioned text; barred-vowel forms cross-checked against duplicate Appendix 2B entry,yes,
song-2018-kanakanavu-dictionary-0481,202,1,rumarʉ’ʉ,吞下,Official Appendix 2A positioned text; barred-vowel forms cross-checked against duplicate Appendix 2B entry,yes,
song-2018-kanakanavu-dictionary-0482,202,1,rupacʉ,弓,Official Appendix 2A positioned text; barred-vowel forms cross-checked against duplicate Appendix 2B entry,yes,
song-2018-kanakanavu-dictionary-0483,202,1,rʉmʉra,叢林；深山,Official Appendix 2A positioned text; barred-vowel forms cross-checked against duplicate Appendix 2B entry,yes,
song-2018-kanakanavu-dictionary-0484,202,1,rʉ’ʉvʉ,同伴；伴侶,Official Appendix 2A positioned text; barred-vowel forms cross-checked against duplicate Appendix 2B entry,yes,
song-2018-kanakanavu-dictionary-0485,202,1,saa,或,Official positioned text; language-sorted Appendix 2A,yes,
song-2018-kanakanavu-dictionary-0486,202,1,saisi,下巴,Official Appendix 2A positioned text; barred-vowel forms cross-checked against duplicate Appendix 2B entry,yes,
song-2018-kanakanavu-dictionary-0487,202,1,sana,那裡（說者與聽者都看不見）,Official Appendix 2A positioned text; barred-vowel forms cross-checked against duplicate Appendix 2B entry,yes,
song-2018-kanakanavu-dictionary-0488,202,1,sapániri,鞋子,Official Appendix 2A positioned text; barred-vowel forms cross-checked against duplicate Appendix 2B entry,yes,
song-2018-kanakanavu-dictionary-0489,202,1,sapuarʉ,網子,Official Appendix 2A positioned text; barred-vowel forms cross-checked against duplicate Appendix 2B entry,yes,
song-2018-kanakanavu-dictionary-0490,202,1,sarunai / saronai,男性；男人；丈夫；先生；雄性,Official Appendix 2A positioned text; barred-vowel forms cross-checked against duplicate Appendix 2B entry,yes,
song-2018-kanakanavu-dictionary-0491,202,1,sasia,九（數人）,Official Appendix 2A positioned text; barred-vowel forms cross-checked against duplicate Appendix 2B entry,yes,
song-2018-kanakanavu-dictionary-0492,202,1,sasápatʉ,四（數人）,Official Appendix 2A positioned text; barred-vowel forms cross-checked against duplicate Appendix 2B entry,yes,
song-2018-kanakanavu-dictionary-0493,202,1,saviki / ’aviki,檳榔,Official Appendix 2A positioned text; barred-vowel forms cross-checked against duplicate Appendix 2B entry,yes,
song-2018-kanakanavu-dictionary-0494,202,1,savuana,藥,Official Appendix 2A positioned text; barred-vowel forms cross-checked against duplicate Appendix 2B entry,yes,
song-2018-kanakanavu-dictionary-0495,202,1,seto,學生,Official Appendix 2A positioned text; barred-vowel forms cross-checked against duplicate Appendix 2B entry,yes,
song-2018-kanakanavu-dictionary-0496,202,1,sia,九（數數）,Official Appendix 2A positioned text; barred-vowel forms cross-checked against duplicate Appendix 2B entry,yes,
song-2018-kanakanavu-dictionary-0497,202,1,sian,（我）這裡,Official positioned text; language-sorted Appendix 2A,yes,
song-2018-kanakanavu-dictionary-0498,202,1,siarapici; hasami,剪刀,Official Appendix 2A positioned text; barred-vowel forms cross-checked against duplicate Appendix 2B entry,yes,
song-2018-kanakanavu-dictionary-0499,202,1,siaritungu / siarituung / serituung,木瓜,Official Appendix 2A positioned text; barred-vowel forms cross-checked against duplicate Appendix 2B entry,yes,
song-2018-kanakanavu-dictionary-0500,202,1,siarupaca,使用,Official Appendix 2A positioned text; barred-vowel forms cross-checked against duplicate Appendix 2B entry,yes,
song-2018-kanakanavu-dictionary-0501,202,1,sii,因為,Official positioned text; language-sorted Appendix 2A,yes,
song-2018-kanakanavu-dictionary-0502,202,1,sika-,程度,Official Appendix 2A positioned text; barred-vowel forms cross-checked against duplicate Appendix 2B entry,no,Source prints a bound citation form with a trailing hyphen and supplies no unattached surface; entry excluded from the published XML.
song-2018-kanakanavu-dictionary-0503,202,1,siking,肥皂,Official Appendix 2A positioned text; barred-vowel forms cross-checked against duplicate Appendix 2B entry,yes,
song-2018-kanakanavu-dictionary-0504,202,1,sikúrapʉ,蚊子,Official Appendix 2A positioned text; barred-vowel forms cross-checked against duplicate Appendix 2B entry,yes,
song-2018-kanakanavu-dictionary-0505,202,1,sinangʉ/sinaang,光線；光源；照明,Official Appendix 2A positioned text; barred-vowel forms cross-checked against duplicate Appendix 2B entry,yes,
song-2018-kanakanavu-dictionary-0506,202,1,sinatʉ,紙張；信件,Official Appendix 2A positioned text; barred-vowel forms cross-checked against duplicate Appendix 2B entry,yes,
song-2018-kanakanavu-dictionary-0507,202,1,sinatʉ,書；文字,Official Appendix 2A positioned text; barred-vowel forms cross-checked against duplicate Appendix 2B entry,yes,
song-2018-kanakanavu-dictionary-0508,202,2,sisini,綉眼畫眉鳥；靈鳥,Official positioned text; language-sorted Appendix 2A,yes,
song-2018-kanakanavu-dictionary-0509,202,2,si’icʉpʉ,睡覺,Official Appendix 2A positioned text; barred-vowel forms cross-checked against duplicate Appendix 2B entry,yes,
song-2018-kanakanavu-dictionary-0510,202,2,si’inʉva,門,Official Appendix 2A positioned text; barred-vowel forms cross-checked against duplicate Appendix 2B entry,yes,
song-2018-kanakanavu-dictionary-0511,202,2,sóravu,颱風,Official Appendix 2A positioned text; barred-vowel forms cross-checked against duplicate Appendix 2B entry,yes,
song-2018-kanakanavu-dictionary-0512,202,2,sovungʉ,分配、分送（東西）,Official Appendix 2A positioned text; barred-vowel forms cross-checked against duplicate Appendix 2B entry,yes,
song-2018-kanakanavu-dictionary-0513,202,2,suan,（你）那裡,Official Appendix 2A positioned text; barred-vowel forms cross-checked against duplicate Appendix 2B entry,yes,
song-2018-kanakanavu-dictionary-0514,202,2,sumasima’ʉ,玩；玩耍,Official Appendix 2A positioned text; barred-vowel forms cross-checked against duplicate Appendix 2B entry,yes,
song-2018-kanakanavu-dictionary-0515,202,2,sumasingsing,刷洗（物品）,Official Appendix 2A positioned text; barred-vowel forms cross-checked against duplicate Appendix 2B entry,yes,
song-2018-kanakanavu-dictionary-0516,202,2,sumasʉngʉrʉ,浸泡（某物例如糯米）,Official Appendix 2A positioned text; barred-vowel forms cross-checked against duplicate Appendix 2B entry,yes,
song-2018-kanakanavu-dictionary-0517,202,2,sumasʉpʉrʉ,數；算；唸書（唸出聲音）,Official Appendix 2A positioned text; barred-vowel forms cross-checked against duplicate Appendix 2B entry,yes,
song-2018-kanakanavu-dictionary-0518,202,2,sumasuruvai / sumasuruve,借（借入、借出）,Official positioned text; language-sorted Appendix 2A,yes,
song-2018-kanakanavu-dictionary-0519,202,2,sumipʉkʉrʉ,閉（眼睛）,Official Appendix 2A positioned text; barred-vowel forms cross-checked against duplicate Appendix 2B entry,yes,
song-2018-kanakanavu-dictionary-0520,202,2,suruvuo,借去,Official Appendix 2A positioned text; barred-vowel forms cross-checked against duplicate Appendix 2B entry,yes,
song-2018-kanakanavu-dictionary-0521,202,2,sápatʉ,四（數數）,Official Appendix 2A positioned text; barred-vowel forms cross-checked against duplicate Appendix 2B entry,yes,
song-2018-kanakanavu-dictionary-0522,202,2,taa,走（催促）,Official positioned text; language-sorted Appendix 2A,yes,
song-2018-kanakanavu-dictionary-0523,202,2,tacau,狗,Official Appendix 2A positioned text; barred-vowel forms cross-checked against duplicate Appendix 2B entry,yes,
song-2018-kanakanavu-dictionary-0524,202,2,tacini / taciin,一（數人）,Official Appendix 2A positioned text; barred-vowel forms cross-checked against duplicate Appendix 2B entry,yes,
song-2018-kanakanavu-dictionary-0525,202,2,tacuru,尖端；尖的地方,Official Appendix 2A positioned text; barred-vowel forms cross-checked against duplicate Appendix 2B entry,yes,
song-2018-kanakanavu-dictionary-0526,202,2,takacicin / takacicini,自己做；自行做；獨自做；主動做,Official Appendix 2A positioned text; barred-vowel forms cross-checked against duplicate Appendix 2B entry,yes,
song-2018-kanakanavu-dictionary-0527,202,2,takarura,青蛙,Official Appendix 2A positioned text; barred-vowel forms cross-checked against duplicate Appendix 2B entry,yes,
song-2018-kanakanavu-dictionary-0528,202,2,takituturua,老師,Official Appendix 2A positioned text; barred-vowel forms cross-checked against duplicate Appendix 2B entry,yes,
song-2018-kanakanavu-dictionary-0529,202,2,takupin,碗,Official Appendix 2A positioned text; barred-vowel forms cross-checked against duplicate Appendix 2B entry,yes,
song-2018-kanakanavu-dictionary-0530,202,2,takupirípiri,閃亮的,Official Appendix 2A positioned text; barred-vowel forms cross-checked against duplicate Appendix 2B entry,yes,
song-2018-kanakanavu-dictionary-0531,202,2,takuisi,羊,Official Appendix 2A positioned text; barred-vowel forms cross-checked against duplicate Appendix 2B entry,yes,
song-2018-kanakanavu-dictionary-0532,202,2,takʉkʉa / rʉkʉpʉ,老鷹,Official Appendix 2A positioned text; barred-vowel forms cross-checked against duplicate Appendix 2B entry,yes,
song-2018-kanakanavu-dictionary-0533,202,2,takʉrʉma,螞蟻,Official Appendix 2A positioned text; barred-vowel forms cross-checked against duplicate Appendix 2B entry,yes,
song-2018-kanakanavu-dictionary-0534,202,2,tamcurunga,蜻蜓,Official Appendix 2A positioned text; barred-vowel forms cross-checked against duplicate Appendix 2B entry,yes,
song-2018-kanakanavu-dictionary-0535,203,1,tammi,地瓜；甘藷,Official Appendix 2A positioned text; barred-vowel forms cross-checked against duplicate Appendix 2B entry,yes,
song-2018-kanakanavu-dictionary-0536,203,1,tamtasai,星星,Official Appendix 2A positioned text; barred-vowel forms cross-checked against duplicate Appendix 2B entry,yes,
song-2018-kanakanavu-dictionary-0537,203,1,tamtitu,小狗,Official Appendix 2A positioned text; barred-vowel forms cross-checked against duplicate Appendix 2B entry,yes,
song-2018-kanakanavu-dictionary-0538,203,1,tamia’aa,商店；販賣的地方,Official Appendix 2A positioned text; barred-vowel forms cross-checked against duplicate Appendix 2B entry,yes,
song-2018-kanakanavu-dictionary-0539,203,1,tamu,祖父、母,Official Appendix 2A positioned text; barred-vowel forms cross-checked against duplicate Appendix 2B entry,yes,
song-2018-kanakanavu-dictionary-0540,203,1,tamu nanakʉ,祖母；外婆；女性長者,Official Appendix 2A positioned text; barred-vowel forms cross-checked against duplicate Appendix 2B entry,yes,
song-2018-kanakanavu-dictionary-0541,203,1,tamu sarunai,祖父；外公；男性長者,Official Appendix 2A positioned text; barred-vowel forms cross-checked against duplicate Appendix 2B entry,yes,
song-2018-kanakanavu-dictionary-0542,203,1,tamu’iarʉ,勤勞,Official Appendix 2A positioned text; barred-vowel forms cross-checked against duplicate Appendix 2B entry,yes,
song-2018-kanakanavu-dictionary-0543,203,1,tanasa / tanaha,家屋；房子,Official Appendix 2A positioned text; barred-vowel forms cross-checked against duplicate Appendix 2B entry,yes,
song-2018-kanakanavu-dictionary-0544,203,1,tanasa mucaca,車子（字面涵義為走路的家）,Official positioned text; language-sorted Appendix 2A,yes,
song-2018-kanakanavu-dictionary-0545,203,1,tanasʉn; puraku,部落,Official Appendix 2A positioned text; barred-vowel forms cross-checked against duplicate Appendix 2B entry,yes,
song-2018-kanakanavu-dictionary-0546,203,1,taniara,日子；日,Official Appendix 2A positioned text; barred-vowel forms cross-checked against duplicate Appendix 2B entry,yes,
song-2018-kanakanavu-dictionary-0547,203,1,taniara kakangca,天候,Official Appendix 2A positioned text; barred-vowel forms cross-checked against duplicate Appendix 2B entry,yes,
song-2018-kanakanavu-dictionary-0548,203,1,taniarʉ,太陽,Official Appendix 2A positioned text; barred-vowel forms cross-checked against duplicate Appendix 2B entry,yes,
song-2018-kanakanavu-dictionary-0549,203,1,taníngari,歪；斜,Official Appendix 2A positioned text; barred-vowel forms cross-checked against duplicate Appendix 2B entry,yes,
song-2018-kanakanavu-dictionary-0550,203,1,tanuku,杯子；杓子,Official Appendix 2A positioned text; barred-vowel forms cross-checked against duplicate Appendix 2B entry,yes,
song-2018-kanakanavu-dictionary-0551,203,1,tanʉkʉ,芋頭,Official Appendix 2A positioned text; barred-vowel forms cross-checked against duplicate Appendix 2B entry,yes,
song-2018-kanakanavu-dictionary-0552,203,1,tantanau,森林；樹多之處,Official Appendix 2A positioned text; barred-vowel forms cross-checked against duplicate Appendix 2B entry,yes,
song-2018-kanakanavu-dictionary-0553,203,1,tantanniara,天天,Official Appendix 2A positioned text; barred-vowel forms cross-checked against duplicate Appendix 2B entry,yes,
song-2018-kanakanavu-dictionary-0554,203,1,tangria,朋友,Official Appendix 2A positioned text; barred-vowel forms cross-checked against duplicate Appendix 2B entry,yes,
song-2018-kanakanavu-dictionary-0555,203,1,tangtang,南瓜,Official Appendix 2A positioned text; barred-vowel forms cross-checked against duplicate Appendix 2B entry,yes,
song-2018-kanakanavu-dictionary-0556,203,1,tangʉca,鼻子,Official Appendix 2A positioned text; barred-vowel forms cross-checked against duplicate Appendix 2B entry,yes,
song-2018-kanakanavu-dictionary-0557,203,1,tangʉrʉngʉrʉ,木耳,Official Appendix 2A positioned text; barred-vowel forms cross-checked against duplicate Appendix 2B entry,yes,
song-2018-kanakanavu-dictionary-0558,203,1,taparu,豆類,Official Appendix 2A positioned text; barred-vowel forms cross-checked against duplicate Appendix 2B entry,yes,
song-2018-kanakanavu-dictionary-0559,203,1,tapasavuana,醫院,Official Appendix 2A positioned text; barred-vowel forms cross-checked against duplicate Appendix 2B entry,yes,
song-2018-kanakanavu-dictionary-0560,203,1,tapasʉ,顏色；圖紋；圖畫,Official Appendix 2A positioned text; barred-vowel forms cross-checked against duplicate Appendix 2B entry,yes,
song-2018-kanakanavu-dictionary-0561,203,1,tapau,縫隙；間隙,Official Appendix 2A positioned text; barred-vowel forms cross-checked against duplicate Appendix 2B entry,yes,
song-2018-kanakanavu-dictionary-0562,203,1,tapi,揹簍,Official Appendix 2A positioned text; barred-vowel forms cross-checked against duplicate Appendix 2B entry,yes,
song-2018-kanakanavu-dictionary-0563,203,1,tapinange,鳥,Official Appendix 2A positioned text; barred-vowel forms cross-checked against duplicate Appendix 2B entry,yes,
song-2018-kanakanavu-dictionary-0564,203,2,tapininga,庭院；院子；平坦的小區域,Official Appendix 2A positioned text; barred-vowel forms cross-checked against duplicate Appendix 2B entry,yes,
song-2018-kanakanavu-dictionary-0565,203,2,tapúnia,白色,Official Appendix 2A positioned text; barred-vowel forms cross-checked against duplicate Appendix 2B entry,yes,
song-2018-kanakanavu-dictionary-0566,203,2,tara-,看,Official Appendix 2A positioned text; barred-vowel forms cross-checked against duplicate Appendix 2B entry,no,Source prints a bound citation form with a trailing hyphen and supplies no unattached surface; entry excluded from the published XML.
song-2018-kanakanavu-dictionary-0567,203,2,tarako,洞；孔；洞穴,Official Appendix 2A positioned text; barred-vowel forms cross-checked against duplicate Appendix 2B entry,yes,
song-2018-kanakanavu-dictionary-0568,203,2,tarako parʉna,岩洞,Official Appendix 2A positioned text; barred-vowel forms cross-checked against duplicate Appendix 2B entry,yes,
song-2018-kanakanavu-dictionary-0569,203,2,tarasangai,停止；休息,Official Appendix 2A positioned text; barred-vowel forms cross-checked against duplicate Appendix 2B entry,yes,
song-2018-kanakanavu-dictionary-0570,203,2,tarikʉra,臼,Official Appendix 2A positioned text; barred-vowel forms cross-checked against duplicate Appendix 2B entry,yes,
song-2018-kanakanavu-dictionary-0571,203,2,tarimu,大鋤頭,Official positioned text; language-sorted Appendix 2A,yes,
song-2018-kanakanavu-dictionary-0572,203,2,tariri,過貓,Official Appendix 2A positioned text; barred-vowel forms cross-checked against duplicate Appendix 2B entry,yes,
song-2018-kanakanavu-dictionary-0573,203,2,tarisi,繩索,Official Appendix 2A positioned text; barred-vowel forms cross-checked against duplicate Appendix 2B entry,yes,
song-2018-kanakanavu-dictionary-0574,203,2,tarisinata,學校,Official Appendix 2A positioned text; barred-vowel forms cross-checked against duplicate Appendix 2B entry,yes,
song-2018-kanakanavu-dictionary-0575,203,2,tarukuka,雞,Official Appendix 2A positioned text; barred-vowel forms cross-checked against duplicate Appendix 2B entry,yes,
song-2018-kanakanavu-dictionary-0576,203,2,tarucung,傘,Official Appendix 2A positioned text; barred-vowel forms cross-checked against duplicate Appendix 2B entry,yes,
song-2018-kanakanavu-dictionary-0577,203,2,taru’an,工寮；寮屋,Official Appendix 2A positioned text; barred-vowel forms cross-checked against duplicate Appendix 2B entry,yes,
song-2018-kanakanavu-dictionary-0578,203,2,tarʉkʉpa,圍籬,Official Appendix 2A positioned text; barred-vowel forms cross-checked against duplicate Appendix 2B entry,yes,
song-2018-kanakanavu-dictionary-0579,203,2,tasini,辣,Official Appendix 2A positioned text; barred-vowel forms cross-checked against duplicate Appendix 2B entry,yes,
song-2018-kanakanavu-dictionary-0580,203,2,tasinʉva,窗戶,Official Appendix 2A positioned text; barred-vowel forms cross-checked against duplicate Appendix 2B entry,yes,
song-2018-kanakanavu-dictionary-0581,203,2,tassa,二（數人）,Official Appendix 2A positioned text; barred-vowel forms cross-checked against duplicate Appendix 2B entry,yes,
song-2018-kanakanavu-dictionary-0582,203,2,tatarʉ,床舖,Official Appendix 2A positioned text; barred-vowel forms cross-checked against duplicate Appendix 2B entry,yes,
song-2018-kanakanavu-dictionary-0583,203,2,tatia,大,Official Appendix 2A positioned text; barred-vowel forms cross-checked against duplicate Appendix 2B entry,yes,
song-2018-kanakanavu-dictionary-0584,203,2,taturu,三（數人）,Official Appendix 2A positioned text; barred-vowel forms cross-checked against duplicate Appendix 2B entry,yes,
song-2018-kanakanavu-dictionary-0585,203,2,taucʉng,乖巧,Official Appendix 2A positioned text; barred-vowel forms cross-checked against duplicate Appendix 2B entry,yes,
song-2018-kanakanavu-dictionary-0586,203,2,Tauruu,大陸人；外省人,Official Appendix 2A positioned text; barred-vowel forms cross-checked against duplicate Appendix 2B entry,yes,
song-2018-kanakanavu-dictionary-0587,203,2,tavara’ʉ/ tavarʉ’ʉ,知道；會；懂；可以,Official Appendix 2A positioned text; barred-vowel forms cross-checked against duplicate Appendix 2B entry,yes,
song-2018-kanakanavu-dictionary-0588,203,2,tavárunga,胸部,Official Appendix 2A positioned text; barred-vowel forms cross-checked against duplicate Appendix 2B entry,yes,
song-2018-kanakanavu-dictionary-0589,203,2,tavini ramucu,手指,Official Appendix 2A positioned text; barred-vowel forms cross-checked against duplicate Appendix 2B entry,yes,
song-2018-kanakanavu-dictionary-0590,203,2,tavukua,腰部；掛腰帶或皮帶的地方,Official Appendix 2A positioned text; barred-vowel forms cross-checked against duplicate Appendix 2B entry,yes,
song-2018-kanakanavu-dictionary-0591,203,2,tavununga,香菇,Official Appendix 2A positioned text; barred-vowel forms cross-checked against duplicate Appendix 2B entry,yes,
song-2018-kanakanavu-dictionary-0592,203,2,tavʉnʉvʉnʉ,香蕉（尚未熟成的）,Official Appendix 2A positioned text; barred-vowel forms cross-checked against duplicate Appendix 2B entry,yes,
song-2018-kanakanavu-dictionary-0593,203,2,ta’ainsu / ta’ensu,湯匙,Official Appendix 2A positioned text; barred-vowel forms cross-checked against duplicate Appendix 2B entry,yes,
song-2018-kanakanavu-dictionary-0594,203,2,ta’anna,蝴蝶,Official Appendix 2A positioned text; barred-vowel forms cross-checked against duplicate Appendix 2B entry,yes,
song-2018-kanakanavu-dictionary-0595,203,2,ta’i,大便；糞便；屎,Official Appendix 2A positioned text; barred-vowel forms cross-checked against duplicate Appendix 2B entry,yes,
song-2018-kanakanavu-dictionary-0596,203,2,ta’ica,臀部,Official Appendix 2A positioned text; barred-vowel forms cross-checked against duplicate Appendix 2B entry,yes,
song-2018-kanakanavu-dictionary-0597,204,1,ta’uici,瘦（身材）,Official Appendix 2A positioned text; barred-vowel forms cross-checked against duplicate Appendix 2B entry,yes,
song-2018-kanakanavu-dictionary-0598,204,1,ta’uici,細,Official Appendix 2A positioned text; barred-vowel forms cross-checked against duplicate Appendix 2B entry,yes,
song-2018-kanakanavu-dictionary-0599,204,1,ta’ʉnʉ/ ta’ʉʉn,椅子,Official Appendix 2A positioned text; barred-vowel forms cross-checked against duplicate Appendix 2B entry,yes,
song-2018-kanakanavu-dictionary-0600,204,1,ta’ʉrʉm,黑色,Official Appendix 2A positioned text; barred-vowel forms cross-checked against duplicate Appendix 2B entry,yes,
song-2018-kanakanavu-dictionary-0601,204,1,tee,他們,Official positioned text; language-sorted Appendix 2A,yes,
song-2018-kanakanavu-dictionary-0602,204,1,tímcara,高遠的上方,Official Appendix 2A positioned text; barred-vowel forms cross-checked against duplicate Appendix 2B entry,yes,
song-2018-kanakanavu-dictionary-0603,204,1,tikirimi,尋找,Official Appendix 2A positioned text; barred-vowel forms cross-checked against duplicate Appendix 2B entry,yes,
song-2018-kanakanavu-dictionary-0604,204,1,tikuru,衣服,Official Appendix 2A positioned text; barred-vowel forms cross-checked against duplicate Appendix 2B entry,yes,
song-2018-kanakanavu-dictionary-0605,204,1,tina’an,身體；瘦肉,Official Appendix 2A positioned text; barred-vowel forms cross-checked against duplicate Appendix 2B entry,yes,
song-2018-kanakanavu-dictionary-0606,204,1,tingami,信件,Official Appendix 2A positioned text; barred-vowel forms cross-checked against duplicate Appendix 2B entry,yes,
song-2018-kanakanavu-dictionary-0607,204,1,tingasʉ,吃剩的,Official Appendix 2A positioned text; barred-vowel forms cross-checked against duplicate Appendix 2B entry,yes,
song-2018-kanakanavu-dictionary-0608,204,1,tisikara,裡面；內部,Official Appendix 2A positioned text; barred-vowel forms cross-checked against duplicate Appendix 2B entry,yes,
song-2018-kanakanavu-dictionary-0609,204,1,ti’ingai / ti’inge / ti’ingi / ti’iing,小的,Official Appendix 2A positioned text; barred-vowel forms cross-checked against duplicate Appendix 2B entry,yes,
song-2018-kanakanavu-dictionary-0610,204,1,ti’ingai / ti’inge / ti’ingi / ti’iing,一點；一些；少許；小,Official Appendix 2A positioned text; barred-vowel forms cross-checked against duplicate Appendix 2B entry,yes,
song-2018-kanakanavu-dictionary-0611,204,1,tomi,麵條,Official Appendix 2A positioned text; barred-vowel forms cross-checked against duplicate Appendix 2B entry,yes,
song-2018-kanakanavu-dictionary-0612,204,1,tómarʉ,篩；篩子,Official Appendix 2A positioned text; barred-vowel forms cross-checked against duplicate Appendix 2B entry,yes,
song-2018-kanakanavu-dictionary-0613,204,1,tongingi,老鼠,Official Appendix 2A positioned text; barred-vowel forms cross-checked against duplicate Appendix 2B entry,yes,
song-2018-kanakanavu-dictionary-0614,204,1,torʉrʉ,咳,Official Appendix 2A positioned text; barred-vowel forms cross-checked against duplicate Appendix 2B entry,yes,
song-2018-kanakanavu-dictionary-0615,204,1,totasiarʉ,早上,Official Appendix 2A positioned text; barred-vowel forms cross-checked against duplicate Appendix 2B entry,yes,
song-2018-kanakanavu-dictionary-0616,204,1,tota’ia,廁所,Official Appendix 2A positioned text; barred-vowel forms cross-checked against duplicate Appendix 2B entry,yes,
song-2018-kanakanavu-dictionary-0617,204,1,to’umangʉ/ to’umaang,竹子,Official Appendix 2A positioned text; barred-vowel forms cross-checked against duplicate Appendix 2B entry,yes,
song-2018-kanakanavu-dictionary-0618,204,1,to’urua,前面；前方,Official Appendix 2A positioned text; barred-vowel forms cross-checked against duplicate Appendix 2B entry,yes,
song-2018-kanakanavu-dictionary-0619,204,1,tucu’u,水滴,Official Appendix 2A positioned text; barred-vowel forms cross-checked against duplicate Appendix 2B entry,yes,
song-2018-kanakanavu-dictionary-0620,204,1,tuísua,成為；擔任,Official Appendix 2A positioned text; barred-vowel forms cross-checked against duplicate Appendix 2B entry,yes,
song-2018-kanakanavu-dictionary-0621,204,1,tuku,小鋤頭,Official positioned text; language-sorted Appendix 2A,yes,
song-2018-kanakanavu-dictionary-0622,204,1,tukunu,心臟,Official Appendix 2A positioned text; barred-vowel forms cross-checked against duplicate Appendix 2B entry,yes,
song-2018-kanakanavu-dictionary-0623,204,1,tumatacucu,送（運送）,Official Appendix 2A positioned text; barred-vowel forms cross-checked against duplicate Appendix 2B entry,yes,
song-2018-kanakanavu-dictionary-0624,204,1,tumataini / tumateni,丟棄,Official Appendix 2A positioned text; barred-vowel forms cross-checked against duplicate Appendix 2B entry,yes,
song-2018-kanakanavu-dictionary-0625,204,1,tumatakʉtakʉ,砍除；砍草；鋤草,Official Appendix 2A positioned text; barred-vowel forms cross-checked against duplicate Appendix 2B entry,yes,
song-2018-kanakanavu-dictionary-0626,204,1,tumatang,哭,Official Appendix 2A positioned text; barred-vowel forms cross-checked against duplicate Appendix 2B entry,yes,
song-2018-kanakanavu-dictionary-0627,204,1,tumatapini,縫補,Official Appendix 2A positioned text; barred-vowel forms cross-checked against duplicate Appendix 2B entry,yes,
song-2018-kanakanavu-dictionary-0628,204,1,tumata’isi,編織,Official Appendix 2A positioned text; barred-vowel forms cross-checked against duplicate Appendix 2B entry,yes,
song-2018-kanakanavu-dictionary-0629,204,1,tumatimana,聽,Official Appendix 2A positioned text; barred-vowel forms cross-checked against duplicate Appendix 2B entry,yes,
song-2018-kanakanavu-dictionary-0630,204,2,tumatini,掛,Official Appendix 2A positioned text; barred-vowel forms cross-checked against duplicate Appendix 2B entry,yes,
song-2018-kanakanavu-dictionary-0631,204,2,tumatúturu,教；教導；告訴,Official Appendix 2A positioned text; barred-vowel forms cross-checked against duplicate Appendix 2B entry,yes,
song-2018-kanakanavu-dictionary-0632,204,2,tungtung,鐵鎚,Official Appendix 2A positioned text; barred-vowel forms cross-checked against duplicate Appendix 2B entry,yes,
song-2018-kanakanavu-dictionary-0633,204,2,tupuru,坐下,Official Appendix 2A positioned text; barred-vowel forms cross-checked against duplicate Appendix 2B entry,yes,
song-2018-kanakanavu-dictionary-0634,204,2,turu,三（數數）,Official Appendix 2A positioned text; barred-vowel forms cross-checked against duplicate Appendix 2B entry,yes,
song-2018-kanakanavu-dictionary-0635,204,2,turupangʉ,完成；結束,Official Appendix 2A positioned text; barred-vowel forms cross-checked against duplicate Appendix 2B entry,yes,
song-2018-kanakanavu-dictionary-0636,204,2,tutui,豬,Official Appendix 2A positioned text; barred-vowel forms cross-checked against duplicate Appendix 2B entry,yes,
song-2018-kanakanavu-dictionary-0637,204,2,tʉkʉ,耳朵,Official Appendix 2A positioned text; barred-vowel forms cross-checked against duplicate Appendix 2B entry,yes,
song-2018-kanakanavu-dictionary-0638,204,2,tʉnʉkai,頂端（樹頂）,Official Appendix 2A positioned text; barred-vowel forms cross-checked against duplicate Appendix 2B entry,yes,
song-2018-kanakanavu-dictionary-0639,204,2,tʉvʉsʉ,甘蔗,Official Appendix 2A positioned text; barred-vowel forms cross-checked against duplicate Appendix 2B entry,yes,
song-2018-kanakanavu-dictionary-0640,204,2,uaru,八（數物）,Official positioned text; language-sorted Appendix 2A,yes,
song-2018-kanakanavu-dictionary-0641,204,2,ucani,一（數物）,Official Appendix 2A positioned text; barred-vowel forms cross-checked against duplicate Appendix 2B entry,yes,
song-2018-kanakanavu-dictionary-0642,204,2,ucaniava,如果；萬一,Official positioned text; language-sorted Appendix 2A,yes,
song-2018-kanakanavu-dictionary-0643,204,2,umaan,十（數物）,Official Appendix 2A positioned text; barred-vowel forms cross-checked against duplicate Appendix 2B entry,yes,
song-2018-kanakanavu-dictionary-0644,204,2,umanguru / manguru,逃,Official positioned text; language-sorted Appendix 2A,yes,
song-2018-kanakanavu-dictionary-0645,204,2,umara / mara,拿取,Official positioned text; language-sorted Appendix 2A,yes,
song-2018-kanakanavu-dictionary-0646,204,2,umavici / mavici,帶；攜帶,Official positioned text; language-sorted Appendix 2A,yes,
song-2018-kanakanavu-dictionary-0647,204,2,umucucu,吸取；抽取,Official Appendix 2A positioned text; barred-vowel forms cross-checked against duplicate Appendix 2B entry,yes,
song-2018-kanakanavu-dictionary-0648,204,2,umunini,地震,Official Appendix 2A positioned text; barred-vowel forms cross-checked against duplicate Appendix 2B entry,yes,
song-2018-kanakanavu-dictionary-0649,204,2,umu’ututu,放屁,Official Appendix 2A positioned text; barred-vowel forms cross-checked against duplicate Appendix 2B entry,yes,
song-2018-kanakanavu-dictionary-0650,204,2,unʉmʉ,六（數物）,Official Appendix 2A positioned text; barred-vowel forms cross-checked against duplicate Appendix 2B entry,yes,
song-2018-kanakanavu-dictionary-0651,204,2,upeni / upeen,多少（物）,Official Appendix 2A positioned text; barred-vowel forms cross-checked against duplicate Appendix 2B entry,yes,
song-2018-kanakanavu-dictionary-0652,204,2,upitu,七（數物）,Official Appendix 2A positioned text; barred-vowel forms cross-checked against duplicate Appendix 2B entry,yes,
song-2018-kanakanavu-dictionary-0653,204,2,urima,五（數物）,Official Appendix 2A positioned text; barred-vowel forms cross-checked against duplicate Appendix 2B entry,yes,
song-2018-kanakanavu-dictionary-0654,204,2,urucin,二（數物）,Official Appendix 2A positioned text; barred-vowel forms cross-checked against duplicate Appendix 2B entry,yes,
song-2018-kanakanavu-dictionary-0655,204,2,usia,九（數物）,Official Appendix 2A positioned text; barred-vowel forms cross-checked against duplicate Appendix 2B entry,yes,
song-2018-kanakanavu-dictionary-0656,204,2,usápatʉ,四（數物）,Official Appendix 2A positioned text; barred-vowel forms cross-checked against duplicate Appendix 2B entry,yes,
song-2018-kanakanavu-dictionary-0657,204,2,uturu,三（數物）,Official Appendix 2A positioned text; barred-vowel forms cross-checked against duplicate Appendix 2B entry,yes,
song-2018-kanakanavu-dictionary-0658,204,2,u’ungu / vu’ungu,角（動物的）,Official Appendix 2A positioned text; barred-vowel forms cross-checked against duplicate Appendix 2B entry,yes,
song-2018-kanakanavu-dictionary-0659,204,2,ʉcʉ,雲,Official positioned text; language-sorted Appendix 2A,yes,
song-2018-kanakanavu-dictionary-0660,204,2,ʉrangʉ,苧麻,Official Appendix 2A positioned text; barred-vowel forms cross-checked against duplicate Appendix 2B entry,yes,
song-2018-kanakanavu-dictionary-0661,204,2,ʉrʉna,雪；冰,Official Appendix 2A positioned text; barred-vowel forms cross-checked against duplicate Appendix 2B entry,yes,
song-2018-kanakanavu-dictionary-0662,204,2,ʉʉ’ʉ,好的；是的（應答別人的話）,Official Appendix 2A positioned text; barred-vowel forms cross-checked against duplicate Appendix 2B entry,yes,
song-2018-kanakanavu-dictionary-0663,204,2,ʉ’ʉrʉ,脖子,Official Appendix 2A positioned text; barred-vowel forms cross-checked against duplicate Appendix 2B entry,yes,
song-2018-kanakanavu-dictionary-0664,205,1,vai,手足,Official positioned text; language-sorted Appendix 2A,yes,
song-2018-kanakanavu-dictionary-0665,205,1,vakure,山藥,Official Appendix 2A positioned text; barred-vowel forms cross-checked against duplicate Appendix 2B entry,yes,
song-2018-kanakanavu-dictionary-0666,205,1,vakʉrʉ,傷口,Official Appendix 2A positioned text; barred-vowel forms cross-checked against duplicate Appendix 2B entry,yes,
song-2018-kanakanavu-dictionary-0667,205,1,vanai sii / sii,因為,Official Appendix 2A positioned text; barred-vowel forms cross-checked against duplicate Appendix 2B entry,yes,
song-2018-kanakanavu-dictionary-0668,205,1,vara’ʉ,肝臟,Official Appendix 2A positioned text; barred-vowel forms cross-checked against duplicate Appendix 2B entry,yes,
song-2018-kanakanavu-dictionary-0669,205,1,vara’ʉ,肺,Official Appendix 2A positioned text; barred-vowel forms cross-checked against duplicate Appendix 2B entry,yes,
song-2018-kanakanavu-dictionary-0670,205,1,vatu,石頭,Official Appendix 2A positioned text; barred-vowel forms cross-checked against duplicate Appendix 2B entry,yes,
song-2018-kanakanavu-dictionary-0671,205,1,vavuru,山豬,Official Appendix 2A positioned text; barred-vowel forms cross-checked against duplicate Appendix 2B entry,yes,
song-2018-kanakanavu-dictionary-0672,205,1,vankavuka,褲子,Official Appendix 2A positioned text; barred-vowel forms cross-checked against duplicate Appendix 2B entry,yes,
song-2018-kanakanavu-dictionary-0673,205,1,vántuku,錢；貨幣,Official Appendix 2A positioned text; barred-vowel forms cross-checked against duplicate Appendix 2B entry,yes,
song-2018-kanakanavu-dictionary-0674,205,1,viaru,玉米,Official Appendix 2A positioned text; barred-vowel forms cross-checked against duplicate Appendix 2B entry,yes,
song-2018-kanakanavu-dictionary-0675,205,1,vina’ʉ,小米,Official Appendix 2A positioned text; barred-vowel forms cross-checked against duplicate Appendix 2B entry,yes,
song-2018-kanakanavu-dictionary-0676,205,1,virávira,雞冠,Official Appendix 2A positioned text; barred-vowel forms cross-checked against duplicate Appendix 2B entry,yes,
song-2018-kanakanavu-dictionary-0677,205,1,vo’in,眼睛,Official Appendix 2A positioned text; barred-vowel forms cross-checked against duplicate Appendix 2B entry,yes,
song-2018-kanakanavu-dictionary-0678,205,1,vo’órua,新的,Official Appendix 2A positioned text; barred-vowel forms cross-checked against duplicate Appendix 2B entry,yes,
song-2018-kanakanavu-dictionary-0679,205,1,vuanʉ/ vuan,月亮,Official Appendix 2A positioned text; barred-vowel forms cross-checked against duplicate Appendix 2B entry,yes,
song-2018-kanakanavu-dictionary-0680,205,1,vuku,腰帶；皮帶,Official Appendix 2A positioned text; barred-vowel forms cross-checked against duplicate Appendix 2B entry,yes,
song-2018-kanakanavu-dictionary-0681,205,1,vunai,蛇,Official Appendix 2A positioned text; barred-vowel forms cross-checked against duplicate Appendix 2B entry,yes,
song-2018-kanakanavu-dictionary-0682,205,1,vungavung,花朵,Official Appendix 2A positioned text; barred-vowel forms cross-checked against duplicate Appendix 2B entry,yes,
song-2018-kanakanavu-dictionary-0683,205,1,vuru,箭矢,Official Appendix 2A positioned text; barred-vowel forms cross-checked against duplicate Appendix 2B entry,yes,
song-2018-kanakanavu-dictionary-0684,205,1,vutúkuru,魚,Official Appendix 2A positioned text; barred-vowel forms cross-checked against duplicate Appendix 2B entry,yes,
song-2018-kanakanavu-dictionary-0685,205,1,vʉcʉkai / vʉcʉke,中間；之間,Official positioned text; language-sorted Appendix 2A,yes,
song-2018-kanakanavu-dictionary-0686,205,1,vʉcʉkʉ,肚子,Official Appendix 2A positioned text; barred-vowel forms cross-checked against duplicate Appendix 2B entry,yes,
song-2018-kanakanavu-dictionary-0687,205,1,vʉkʉsʉ,頭髮,Official Appendix 2A positioned text; barred-vowel forms cross-checked against duplicate Appendix 2B entry,yes,
song-2018-kanakanavu-dictionary-0688,205,1,vʉra,果肉；肉（質）,Official Appendix 2A positioned text; barred-vowel forms cross-checked against duplicate Appendix 2B entry,yes,
song-2018-kanakanavu-dictionary-0689,205,1,vʉra,米粒；穀粒,Official Appendix 2A positioned text; barred-vowel forms cross-checked against duplicate Appendix 2B entry,yes,
song-2018-kanakanavu-dictionary-0690,205,1,vʉra kʉkʉ,小腿肚,Official Appendix 2A positioned text; barred-vowel forms cross-checked against duplicate Appendix 2B entry,yes,
song-2018-kanakanavu-dictionary-0691,205,1,vʉrʉka,蓋子,Official Appendix 2A positioned text; barred-vowel forms cross-checked against duplicate Appendix 2B entry,yes,
song-2018-kanakanavu-dictionary-0692,205,1,vʉrʉngana,深夜,Official positioned text; language-sorted Appendix 2A,yes,
song-2018-kanakanavu-dictionary-0693,205,1,’acecu,去了；走了,Official positioned text; language-sorted Appendix 2A,yes,
song-2018-kanakanavu-dictionary-0694,205,1,’acipi,腳,Official Appendix 2A positioned text; barred-vowel forms cross-checked against duplicate Appendix 2B entry,yes,
song-2018-kanakanavu-dictionary-0695,205,1,’acuu,去了；已經,Official Appendix 2A positioned text; barred-vowel forms cross-checked against duplicate Appendix 2B entry,yes,
song-2018-kanakanavu-dictionary-0696,205,1,’akia (na),不（在）,Official Appendix 2A positioned text; barred-vowel forms cross-checked against duplicate Appendix 2B entry,yes,
song-2018-kanakanavu-dictionary-0697,205,1,’akia,沒有（某物）,Official Appendix 2A positioned text; barred-vowel forms cross-checked against duplicate Appendix 2B entry,yes,
song-2018-kanakanavu-dictionary-0698,205,1,’akuni,不要；別,Official Appendix 2A positioned text; barred-vowel forms cross-checked against duplicate Appendix 2B entry,yes,
song-2018-kanakanavu-dictionary-0699,205,1,’amácara,上面；上方,Official Appendix 2A positioned text; barred-vowel forms cross-checked against duplicate Appendix 2B entry,yes,
song-2018-kanakanavu-dictionary-0700,205,1,’amurocu,下面；下方,Official positioned text; language-sorted Appendix 2A,yes,
song-2018-kanakanavu-dictionary-0701,205,1,’aniacanga,肩膀,Official Appendix 2A positioned text; barred-vowel forms cross-checked against duplicate Appendix 2B entry,yes,
song-2018-kanakanavu-dictionary-0702,205,1,’aniura,蒼蠅,Official Appendix 2A positioned text; barred-vowel forms cross-checked against duplicate Appendix 2B entry,yes,
song-2018-kanakanavu-dictionary-0703,205,2,’anuka,指甲；獸印,Official Appendix 2A positioned text; barred-vowel forms cross-checked against duplicate Appendix 2B entry,yes,
song-2018-kanakanavu-dictionary-0704,205,2,’angírisi,豬肉,Official Appendix 2A positioned text; barred-vowel forms cross-checked against duplicate Appendix 2B entry,yes,
song-2018-kanakanavu-dictionary-0705,205,2,’ap(a)-,使,Official Appendix 2A positioned text; barred-vowel forms cross-checked against duplicate Appendix 2B entry,no,Source prints a bound citation form with a trailing hyphen and supplies no unattached surface; entry excluded from the published XML.
song-2018-kanakanavu-dictionary-0706,205,2,’apacʉvʉrʉ,養育；養殖；飼養,Official Appendix 2A positioned text; barred-vowel forms cross-checked against duplicate Appendix 2B entry,yes,
song-2018-kanakanavu-dictionary-0707,205,2,’apaica,透過,Official Appendix 2A positioned text; barred-vowel forms cross-checked against duplicate Appendix 2B entry,yes,
song-2018-kanakanavu-dictionary-0708,205,2,’apakʉnʉ,餵食,Official Appendix 2A positioned text; barred-vowel forms cross-checked against duplicate Appendix 2B entry,yes,
song-2018-kanakanavu-dictionary-0709,205,2,’apasavuana,上藥；治療,Official Appendix 2A positioned text; barred-vowel forms cross-checked against duplicate Appendix 2B entry,yes,
song-2018-kanakanavu-dictionary-0710,205,2,’apasuruvai,使借去；借給,Official Appendix 2A positioned text; barred-vowel forms cross-checked against duplicate Appendix 2B entry,yes,
song-2018-kanakanavu-dictionary-0711,205,2,’apasʉ,螃蟹,Official Appendix 2A positioned text; barred-vowel forms cross-checked against duplicate Appendix 2B entry,yes,
song-2018-kanakanavu-dictionary-0712,205,2,’apunanangʉ,鬼（罵人）,Official Appendix 2A positioned text; barred-vowel forms cross-checked against duplicate Appendix 2B entry,yes,
song-2018-kanakanavu-dictionary-0713,205,2,’apuru,火,Official Appendix 2A positioned text; barred-vowel forms cross-checked against duplicate Appendix 2B entry,yes,
song-2018-kanakanavu-dictionary-0714,205,2,’apu’a,使買,Official Appendix 2A positioned text; barred-vowel forms cross-checked against duplicate Appendix 2B entry,yes,
song-2018-kanakanavu-dictionary-0715,205,2,’arai,苧麻線；生麻紗；麻絲,Official Appendix 2A positioned text; barred-vowel forms cross-checked against duplicate Appendix 2B entry,yes,
song-2018-kanakanavu-dictionary-0716,205,2,’arai,素麻線,Official Appendix 2A positioned text; barred-vowel forms cross-checked against duplicate Appendix 2B entry,yes,
song-2018-kanakanavu-dictionary-0717,205,2,’aramʉ,肉,Official Appendix 2A positioned text; barred-vowel forms cross-checked against duplicate Appendix 2B entry,yes,
song-2018-kanakanavu-dictionary-0718,205,2,’arasakai,蝦,Official Appendix 2A positioned text; barred-vowel forms cross-checked against duplicate Appendix 2B entry,yes,
song-2018-kanakanavu-dictionary-0719,205,2,’arating,夾子,Official Appendix 2A positioned text; barred-vowel forms cross-checked against duplicate Appendix 2B entry,yes,
song-2018-kanakanavu-dictionary-0720,205,2,’aravang si’inʉva,門口；入口,Official Appendix 2A positioned text; barred-vowel forms cross-checked against duplicate Appendix 2B entry,yes,
song-2018-kanakanavu-dictionary-0721,205,2,’aricang,樹豆,Official Appendix 2A positioned text; barred-vowel forms cross-checked against duplicate Appendix 2B entry,yes,
song-2018-kanakanavu-dictionary-0722,205,2,’arupacʉ’ʉra pa,再見,Official Appendix 2A positioned text; barred-vowel forms cross-checked against duplicate Appendix 2B entry,yes,
song-2018-kanakanavu-dictionary-0723,205,2,’arupara,結婚（互相拿）,Official positioned text; language-sorted Appendix 2A,yes,
song-2018-kanakanavu-dictionary-0724,205,2,’aruvu,屋頂,Official Appendix 2A positioned text; barred-vowel forms cross-checked against duplicate Appendix 2B entry,yes,
song-2018-kanakanavu-dictionary-0725,205,2,’atatavangʉ,蟑螂,Official Appendix 2A positioned text; barred-vowel forms cross-checked against duplicate Appendix 2B entry,yes,
song-2018-kanakanavu-dictionary-0726,205,2,’au,湯,Official Appendix 2A positioned text; barred-vowel forms cross-checked against duplicate Appendix 2B entry,yes,
song-2018-kanakanavu-dictionary-0727,205,2,’avangʉ,豬槽；船,Official Appendix 2A positioned text; barred-vowel forms cross-checked against duplicate Appendix 2B entry,yes,
song-2018-kanakanavu-dictionary-0728,205,2,’avasʉ,舌頭,Official Appendix 2A positioned text; barred-vowel forms cross-checked against duplicate Appendix 2B entry,yes,
song-2018-kanakanavu-dictionary-0729,205,2,’esi,正在；在（某處）,Official Appendix 2A positioned text; barred-vowel forms cross-checked against duplicate Appendix 2B entry,yes,
song-2018-kanakanavu-dictionary-0730,205,2,’iciuru,蛋；卵,Official Appendix 2A positioned text; barred-vowel forms cross-checked against duplicate Appendix 2B entry,yes,
song-2018-kanakanavu-dictionary-0731,205,2,’inanuin,哪一個,Official Appendix 2A positioned text; barred-vowel forms cross-checked against duplicate Appendix 2B entry,yes,
song-2018-kanakanavu-dictionary-0732,205,2,’inia,他；他們；那裡,Official Appendix 2A positioned text; barred-vowel forms cross-checked against duplicate Appendix 2B entry,yes,
song-2018-kanakanavu-dictionary-0733,205,2,’inmámia,只；僅只,Official positioned text; language-sorted Appendix 2A,yes,
song-2018-kanakanavu-dictionary-0734,205,2,’íntasʉ,力量,Official Appendix 2A positioned text; barred-vowel forms cross-checked against duplicate Appendix 2B entry,yes,
song-2018-kanakanavu-dictionary-0735,205,2,’iseeng,醫生,Official Appendix 2A positioned text; barred-vowel forms cross-checked against duplicate Appendix 2B entry,yes,
song-2018-kanakanavu-dictionary-0736,205,2,’itúmuru,多（物）,Official Appendix 2A positioned text; barred-vowel forms cross-checked against duplicate Appendix 2B entry,yes,
song-2018-kanakanavu-dictionary-0737,205,2,’uai / ’ue,黃藤,Official Appendix 2A positioned text; barred-vowel forms cross-checked against duplicate Appendix 2B entry,yes,
song-2018-kanakanavu-dictionary-0738,205,2,’ucangʉ,配偶,Official Appendix 2A positioned text; barred-vowel forms cross-checked against duplicate Appendix 2B entry,yes,
song-2018-kanakanavu-dictionary-0739,205,2,’ucu,垃圾,Official positioned text; language-sorted Appendix 2A,yes,
song-2018-kanakanavu-dictionary-0740,206,1,’ucu,柱子（建築）,Official positioned text; language-sorted Appendix 2A,yes,
song-2018-kanakanavu-dictionary-0741,206,1,’ucu,鬼（不好的）,Official Appendix 2A positioned text; barred-vowel forms cross-checked against duplicate Appendix 2B entry,yes,
song-2018-kanakanavu-dictionary-0742,206,1,’uia,湯鍋,Official Appendix 2A positioned text; barred-vowel forms cross-checked against duplicate Appendix 2B entry,yes,
song-2018-kanakanavu-dictionary-0743,206,1,’uici,藤類,Official Appendix 2A positioned text; barred-vowel forms cross-checked against duplicate Appendix 2B entry,yes,
song-2018-kanakanavu-dictionary-0744,206,1,’uma’atipi,按；壓,Official Appendix 2A positioned text; barred-vowel forms cross-checked against duplicate Appendix 2B entry,yes,
song-2018-kanakanavu-dictionary-0745,206,1,’uma’atʉpʉ,擁抱,Official Appendix 2A positioned text; barred-vowel forms cross-checked against duplicate Appendix 2B entry,yes,
song-2018-kanakanavu-dictionary-0746,206,1,’uma’a’a,磨利,Official Appendix 2A positioned text; barred-vowel forms cross-checked against duplicate Appendix 2B entry,yes,
song-2018-kanakanavu-dictionary-0747,206,1,’uma’urú’uru,切（肉、瓜果）；剁,Official Appendix 2A positioned text; barred-vowel forms cross-checked against duplicate Appendix 2B entry,yes,
song-2018-kanakanavu-dictionary-0748,206,1,’ume,梅子,Official Appendix 2A positioned text; barred-vowel forms cross-checked against duplicate Appendix 2B entry,yes,
song-2018-kanakanavu-dictionary-0749,206,1,’umó’uma,田；耕作地,Official positioned text; language-sorted Appendix 2A,yes,
song-2018-kanakanavu-dictionary-0750,206,1,’umu’anupu,狗獵,Official Appendix 2A positioned text; barred-vowel forms cross-checked against duplicate Appendix 2B entry,yes,
song-2018-kanakanavu-dictionary-0751,206,1,’umu’ʉcanʉ,下雨,Official Appendix 2A positioned text; barred-vowel forms cross-checked against duplicate Appendix 2B entry,yes,
song-2018-kanakanavu-dictionary-0752,206,1,’una,有；存在動詞,Official Appendix 2A positioned text; barred-vowel forms cross-checked against duplicate Appendix 2B entry,yes,
song-2018-kanakanavu-dictionary-0753,206,1,’uru,飯,Official Appendix 2A positioned text; barred-vowel forms cross-checked against duplicate Appendix 2B entry,yes,
song-2018-kanakanavu-dictionary-0754,206,1,’uru-,使用,Official Appendix 2A positioned text; barred-vowel forms cross-checked against duplicate Appendix 2B entry,no,Source prints a bound citation form with a trailing hyphen and supplies no unattached surface; entry excluded from the published XML.
song-2018-kanakanavu-dictionary-0755,206,1,’utori,跳舞,Official Appendix 2A positioned text; barred-vowel forms cross-checked against duplicate Appendix 2B entry,yes,
song-2018-kanakanavu-dictionary-0756,206,1,’ʉcanʉ,雨,Official Appendix 2A positioned text; barred-vowel forms cross-checked against duplicate Appendix 2B entry,yes,
song-2018-kanakanavu-dictionary-0757,206,1,’ʉcʉpʉ,夢,Official Appendix 2A positioned text; barred-vowel forms cross-checked against duplicate Appendix 2B entry,yes,
song-2018-kanakanavu-dictionary-0758,206,1,’ʉmʉca,咽喉,Official Appendix 2A positioned text; barred-vowel forms cross-checked against duplicate Appendix 2B entry,yes,
song-2018-kanakanavu-dictionary-0759,206,1,’ʉmʉca,喉嚨,Official Appendix 2A positioned text; barred-vowel forms cross-checked against duplicate Appendix 2B entry,yes,
song-2018-kanakanavu-dictionary-0760,206,1,’ʉna,故事,Official Appendix 2A positioned text; barred-vowel forms cross-checked against duplicate Appendix 2B entry,yes,
song-2018-kanakanavu-dictionary-0761,206,1,’ʉnai,土地；泥土,Official Appendix 2A positioned text; barred-vowel forms cross-checked against duplicate Appendix 2B entry,yes,
song-2018-kanakanavu-dictionary-0762,206,1,’ʉnʉ,枕頭,Official Appendix 2A positioned text; barred-vowel forms cross-checked against duplicate Appendix 2B entry,yes,
song-2018-kanakanavu-dictionary-0763,206,1,’ʉngaa,種苗；秧苗,Official Appendix 2A positioned text; barred-vowel forms cross-checked against duplicate Appendix 2B entry,yes,
song-2018-kanakanavu-dictionary-0764,206,1,’ʉngaa karu,樹苗,Official Appendix 2A positioned text; barred-vowel forms cross-checked against duplicate Appendix 2B entry,yes,
song-2018-kanakanavu-dictionary-0765,206,1,’ʉrʉcan,雷,Official Appendix 2A positioned text; barred-vowel forms cross-checked against duplicate Appendix 2B entry,yes,
song-2018-kanakanavu-dictionary-0766,206,1,’ʉrʉcʉ,脊椎,Official Appendix 2A positioned text; barred-vowel forms cross-checked against duplicate Appendix 2B entry,yes,
song-2018-kanakanavu-dictionary-0767,206,1,’ʉvʉ,膝蓋；煙,Official Appendix 2A positioned text; barred-vowel forms cross-checked against duplicate Appendix 2B entry,yes,
