file,text_id,retained,retained_id,canonical_title,original_sha256,source_titles,evidence,reason
Amis/''ayam.xml,Wiki_Amis_''ayam,Amis/'ayam.xml,Wiki_Amis_'ayam,'ayam,72faffe671e31bd4c560e4b7b7fb91020249eaa6c33839ec6c44b387175603a1,''ayam,https://ami.wikipedia.org/w/index.php?oldid=66 | https://ami.wikipedia.org/w/index.php?oldid=47777,The pre-scrape source title redirects to the same retained article
Amis/'Anengang.xml,Wiki_Amis_'Anengang,Amis/’anengang.xml,Wiki_Amis_’anengang,’anengang,d873a1a963cd10b20d040030b95e69f2bd28a93a00e9684a43cf8a07a4c3c145,'Anengang,https://ami.wikipedia.org/w/index.php?oldid=68 | https://ami.wikipedia.org/w/index.php?oldid=43333,The pre-scrape source title redirects to the same retained article
Amis/Adipangpang.xml,Wiki_Amis_Adipangpang,Amis/'adipangpang.xml,Wiki_Amis_'adipangpang,'adipangpang,2d1ff28502f4b409c9992c5f8b0d7407ec74c541c24ed815d48bbb49b6b1320a,Adipangpang,https://ami.wikipedia.org/w/index.php?oldid=48259 | https://ami.wikipedia.org/w/index.php?oldid=33293,The pre-scrape source title redirects to the same retained article
Amis/Abraham_Lincoln.xml,Wiki_Amis_Abraham_Lincoln,Amis/Aparaham_Linken.xml,Wiki_Amis_Aparaham_Linken,Aparaham Linken,3259d39d5e23f9571d4453915077b568879df5a3ecac3866faa43d3689eb1e66,Abraham Lincoln,https://ami.wikipedia.org/w/index.php?title=Special:Log&logid=4391 | https://ami.wikipedia.org/w/index.php?oldid=45459,The pre-scrape source title redirects to the same retained article
Amis/Albania.xml,Wiki_Amis_Albania,Amis/Arpaniya.xml,Wiki_Amis_Arpaniya,Arpaniya,d1b4fa510198a4725262c4786b27a2b37bc0382a05ef7729513c847d61d8642c,Albania,https://ami.wikipedia.org/w/index.php?oldid=46085 | https://ami.wikipedia.org/w/index.php?oldid=1355,The pre-scrape source title redirects to the same retained article
Amis/Algeria.xml,Wiki_Amis_Algeria,Amis/Arciliya.xml,Wiki_Amis_Arciliya,Arciliya,8f5d831d88b7a711b704c31e79f712988d3475cceca7fa7b5e3ab88dbb129ea0,Algeria,https://ami.wikipedia.org/w/index.php?oldid=46086 | https://ami.wikipedia.org/w/index.php?oldid=1123,The pre-scrape source title redirects to the same retained article
Amis/Andrew_Johnson.xml,Wiki_Amis_Andrew_Johnson,Amis/Amilika.xml,Wiki_Amis_Amilika,Amilika,6904798265089102546ae41e048676039c4f931198c9282e98d59936543d5dee,Andrew Johnson,https://ami.wikipedia.org/w/index.php?title=Special:Log&logid=4393 | https://ami.wikipedia.org/w/index.php?oldid=45428,The pre-scrape source title redirects to the same retained article
Amis/Andrew_jackson.xml,Wiki_Amis_Andrew_jackson,Amis/Amilika.xml,Wiki_Amis_Amilika,Amilika,6904798265089102546ae41e048676039c4f931198c9282e98d59936543d5dee,Andrew jackson,https://ami.wikipedia.org/w/index.php?title=Special:Log&logid=4380 | https://ami.wikipedia.org/w/index.php?oldid=45428,The pre-scrape source title redirects to the same retained article
Amis/Benjamin_Harrison.xml,Wiki_Amis_Benjamin_Harrison,Amis/Amilika.xml,Wiki_Amis_Amilika,Amilika,6904798265089102546ae41e048676039c4f931198c9282e98d59936543d5dee,Benjamin Harrison,https://ami.wikipedia.org/w/index.php?title=Special:Log&logid=4407 | https://ami.wikipedia.org/w/index.php?oldid=45428,The pre-scrape source title redirects to the same retained article
Amis/Calvin_Coolidge.xml,Wiki_Amis_Calvin_Coolidge,Amis/Amilika.xml,Wiki_Amis_Amilika,Amilika,6904798265089102546ae41e048676039c4f931198c9282e98d59936543d5dee,Calvin Coolidge,https://ami.wikipedia.org/w/index.php?title=Special:Log&logid=4416 | https://ami.wikipedia.org/w/index.php?oldid=45428,The pre-scrape source title redirects to the same retained article
Amis/Chester_A_Arthur.xml,Wiki_Amis_Chester_A_Arthur,Amis/Amilika.xml,Wiki_Amis_Amilika,Amilika,6904798265089102546ae41e048676039c4f931198c9282e98d59936543d5dee,Chester A. Arthur | Chester A Arthur,https://ami.wikipedia.org/w/index.php?title=Special:Log&logid=4403 | https://ami.wikipedia.org/w/index.php?oldid=45428 | https://ami.wikipedia.org/w/index.php?title=Special:Log&logid=4404,The pre-scrape source title redirects to the same retained article
Amis/Chester_Arthur.xml,Wiki_Amis_Chester_Arthur,Amis/Amilika.xml,Wiki_Amis_Amilika,Amilika,6904798265089102546ae41e048676039c4f931198c9282e98d59936543d5dee,Chester Arthur,https://ami.wikipedia.org/w/index.php?title=Special:Log&logid=4405 | https://ami.wikipedia.org/w/index.php?oldid=45428,The pre-scrape source title redirects to the same retained article
Amis/Dwight_D_Eisenhower.xml,Wiki_Amis_Dwight_D_Eisenhower,Amis/Amilika.xml,Wiki_Amis_Amilika,Amilika,6904798265089102546ae41e048676039c4f931198c9282e98d59936543d5dee,Dwight D. Eisenhower | Dwight D Eisenhower,https://ami.wikipedia.org/w/index.php?title=Special:Log&logid=4424 | https://ami.wikipedia.org/w/index.php?oldid=45428 | https://ami.wikipedia.org/w/index.php?title=Special:Log&logid=4425,The pre-scrape source title redirects to the same retained article
Amis/Dwight_Eisenhower.xml,Wiki_Amis_Dwight_Eisenhower,Amis/Amilika.xml,Wiki_Amis_Amilika,Amilika,6904798265089102546ae41e048676039c4f931198c9282e98d59936543d5dee,Dwight Eisenhower,https://ami.wikipedia.org/w/index.php?title=Special:Log&logid=4426 | https://ami.wikipedia.org/w/index.php?oldid=45428,The pre-scrape source title redirects to the same retained article
Amis/Franklin_D_Roosevelt.xml,Wiki_Amis_Franklin_D_Roosevelt,Amis/Amilika.xml,Wiki_Amis_Amilika,Amilika,6904798265089102546ae41e048676039c4f931198c9282e98d59936543d5dee,Franklin D. Roosevelt | Franklin D Roosevelt,https://ami.wikipedia.org/w/index.php?title=Special:Log&logid=4418 | https://ami.wikipedia.org/w/index.php?oldid=45428 | https://ami.wikipedia.org/w/index.php?title=Special:Log&logid=4419,The pre-scrape source title redirects to the same retained article
Amis/Franklin_Pierce.xml,Wiki_Amis_Franklin_Pierce,Amis/Amilika.xml,Wiki_Amis_Amilika,Amilika,6904798265089102546ae41e048676039c4f931198c9282e98d59936543d5dee,Franklin Pierce,https://ami.wikipedia.org/w/index.php?title=Special:Log&logid=4389 | https://ami.wikipedia.org/w/index.php?oldid=45428,The pre-scrape source title redirects to the same retained article
Amis/Franklin_Roosevelt.xml,Wiki_Amis_Franklin_Roosevelt,Amis/Amilika.xml,Wiki_Amis_Amilika,Amilika,6904798265089102546ae41e048676039c4f931198c9282e98d59936543d5dee,Franklin Roosevelt,https://ami.wikipedia.org/w/index.php?title=Special:Log&logid=4420 | https://ami.wikipedia.org/w/index.php?oldid=45428,The pre-scrape source title redirects to the same retained article
Amis/George_Bush.xml,Wiki_Amis_George_Bush,Amis/Amilika.xml,Wiki_Amis_Amilika,Amilika,6904798265089102546ae41e048676039c4f931198c9282e98d59936543d5dee,George Bush,https://ami.wikipedia.org/w/index.php?title=Special:Log&logid=4442 | https://ami.wikipedia.org/w/index.php?oldid=45428,The pre-scrape source title redirects to the same retained article
Amis/George_H_Bush.xml,Wiki_Amis_George_H_Bush,Amis/Amilika.xml,Wiki_Amis_Amilika,Amilika,6904798265089102546ae41e048676039c4f931198c9282e98d59936543d5dee,George H Bush,https://ami.wikipedia.org/w/index.php?title=Special:Log&logid=4441 | https://ami.wikipedia.org/w/index.php?oldid=45428,The pre-scrape source title redirects to the same retained article
Amis/George_H_W_Bush.xml,Wiki_Amis_George_H_W_Bush,Amis/Amilika.xml,Wiki_Amis_Amilika,Amilika,6904798265089102546ae41e048676039c4f931198c9282e98d59936543d5dee,George H. W. Bush | George H W Bush,https://ami.wikipedia.org/w/index.php?title=Special:Log&logid=4439 | https://ami.wikipedia.org/w/index.php?oldid=45428 | https://ami.wikipedia.org/w/index.php?title=Special:Log&logid=4440,The pre-scrape source title redirects to the same retained article
Amis/George_W_Bush.xml,Wiki_Amis_George_W_Bush,Amis/Amilika.xml,Wiki_Amis_Amilika,Amilika,6904798265089102546ae41e048676039c4f931198c9282e98d59936543d5dee,George W. Bush | George W Bush,https://ami.wikipedia.org/w/index.php?title=Special:Log&logid=4443 | https://ami.wikipedia.org/w/index.php?oldid=45428 | https://ami.wikipedia.org/w/index.php?title=Special:Log&logid=4445,The pre-scrape source title redirects to the same retained article
Amis/Gerald_Ford.xml,Wiki_Amis_Gerald_Ford,Amis/Amilika.xml,Wiki_Amis_Amilika,Amilika,6904798265089102546ae41e048676039c4f931198c9282e98d59936543d5dee,Gerald Ford,https://ami.wikipedia.org/w/index.php?title=Special:Log&logid=4436 | https://ami.wikipedia.org/w/index.php?oldid=45428,The pre-scrape source title redirects to the same retained article
Amis/Harry_S_Truman.xml,Wiki_Amis_Harry_S_Truman,Amis/Amilika.xml,Wiki_Amis_Amilika,Amilika,6904798265089102546ae41e048676039c4f931198c9282e98d59936543d5dee,Harry S. Truman | Harry S Truman,https://ami.wikipedia.org/w/index.php?title=Special:Log&logid=4421 | https://ami.wikipedia.org/w/index.php?oldid=45428 | https://ami.wikipedia.org/w/index.php?title=Special:Log&logid=4422,The pre-scrape source title redirects to the same retained article
Amis/Harry_Truman.xml,Wiki_Amis_Harry_Truman,Amis/Amilika.xml,Wiki_Amis_Amilika,Amilika,6904798265089102546ae41e048676039c4f931198c9282e98d59936543d5dee,Harry Truman,https://ami.wikipedia.org/w/index.php?title=Special:Log&logid=4423 | https://ami.wikipedia.org/w/index.php?oldid=45428,The pre-scrape source title redirects to the same retained article
Amis/Herbert_Hoover.xml,Wiki_Amis_Herbert_Hoover,Amis/Amilika.xml,Wiki_Amis_Amilika,Amilika,6904798265089102546ae41e048676039c4f931198c9282e98d59936543d5dee,Herbert Hoover,https://ami.wikipedia.org/w/index.php?title=Special:Log&logid=4417 | https://ami.wikipedia.org/w/index.php?oldid=45428,The pre-scrape source title redirects to the same retained article
Amis/James_A_Garfield.xml,Wiki_Amis_James_A_Garfield,Amis/Amilika.xml,Wiki_Amis_Amilika,Amilika,6904798265089102546ae41e048676039c4f931198c9282e98d59936543d5dee,James A. Garfield | James A Garfield,https://ami.wikipedia.org/w/index.php?title=Special:Log&logid=4400 | https://ami.wikipedia.org/w/index.php?oldid=45428 | https://ami.wikipedia.org/w/index.php?title=Special:Log&logid=4401,The pre-scrape source title redirects to the same retained article
Amis/James_Buchanan.xml,Wiki_Amis_James_Buchanan,Amis/Amilika.xml,Wiki_Amis_Amilika,Amilika,6904798265089102546ae41e048676039c4f931198c9282e98d59936543d5dee,James Buchanan,https://ami.wikipedia.org/w/index.php?title=Special:Log&logid=4390 | https://ami.wikipedia.org/w/index.php?oldid=45428,The pre-scrape source title redirects to the same retained article
Amis/James_Garfield.xml,Wiki_Amis_James_Garfield,Amis/Amilika.xml,Wiki_Amis_Amilika,Amilika,6904798265089102546ae41e048676039c4f931198c9282e98d59936543d5dee,James Garfield,https://ami.wikipedia.org/w/index.php?title=Special:Log&logid=4402 | https://ami.wikipedia.org/w/index.php?oldid=45428,The pre-scrape source title redirects to the same retained article
Amis/James_K_Polk.xml,Wiki_Amis_James_K_Polk,Amis/Amilika.xml,Wiki_Amis_Amilika,Amilika,6904798265089102546ae41e048676039c4f931198c9282e98d59936543d5dee,James K. Polk | James K Polk,https://ami.wikipedia.org/w/index.php?title=Special:Log&logid=4386 | https://ami.wikipedia.org/w/index.php?oldid=45428 | https://ami.wikipedia.org/w/index.php?title=Special:Log&logid=4384,The pre-scrape source title redirects to the same retained article
Amis/James_Madison.xml,Wiki_Amis_James_Madison,Amis/Amilika.xml,Wiki_Amis_Amilika,Amilika,6904798265089102546ae41e048676039c4f931198c9282e98d59936543d5dee,James Madison,https://ami.wikipedia.org/w/index.php?title=Special:Log&logid=4377 | https://ami.wikipedia.org/w/index.php?oldid=45428,The pre-scrape source title redirects to the same retained article
Amis/James_Monroe.xml,Wiki_Amis_James_Monroe,Amis/Amilika.xml,Wiki_Amis_Amilika,Amilika,6904798265089102546ae41e048676039c4f931198c9282e98d59936543d5dee,James Monroe,https://ami.wikipedia.org/w/index.php?title=Special:Log&logid=4378 | https://ami.wikipedia.org/w/index.php?oldid=45428,The pre-scrape source title redirects to the same retained article
Amis/James_Polk.xml,Wiki_Amis_James_Polk,Amis/Amilika.xml,Wiki_Amis_Amilika,Amilika,6904798265089102546ae41e048676039c4f931198c9282e98d59936543d5dee,James Polk,https://ami.wikipedia.org/w/index.php?title=Special:Log&logid=4385 | https://ami.wikipedia.org/w/index.php?oldid=45428,The pre-scrape source title redirects to the same retained article
Amis/Jimmy_Carter.xml,Wiki_Amis_Jimmy_Carter,Amis/Amilika.xml,Wiki_Amis_Amilika,Amilika,6904798265089102546ae41e048676039c4f931198c9282e98d59936543d5dee,Jimmy Carter,https://ami.wikipedia.org/w/index.php?title=Special:Log&logid=4437 | https://ami.wikipedia.org/w/index.php?oldid=45428,The pre-scrape source title redirects to the same retained article
Amis/John_Adams.xml,Wiki_Amis_John_Adams,Amis/Amilika.xml,Wiki_Amis_Amilika,Amilika,6904798265089102546ae41e048676039c4f931198c9282e98d59936543d5dee,John Adams,https://ami.wikipedia.org/w/index.php?title=Special:Log&logid=4375 | https://ami.wikipedia.org/w/index.php?oldid=45428,The pre-scrape source title redirects to the same retained article
Amis/John_Quincy_Adams.xml,Wiki_Amis_John_Quincy_Adams,Amis/Amilika.xml,Wiki_Amis_Amilika,Amilika,6904798265089102546ae41e048676039c4f931198c9282e98d59936543d5dee,John Quincy Adams,https://ami.wikipedia.org/w/index.php?title=Special:Log&logid=4379 | https://ami.wikipedia.org/w/index.php?oldid=45428,The pre-scrape source title redirects to the same retained article
Amis/John_Tyler.xml,Wiki_Amis_John_Tyler,Amis/Amilika.xml,Wiki_Amis_Amilika,Amilika,6904798265089102546ae41e048676039c4f931198c9282e98d59936543d5dee,John Tyler,https://ami.wikipedia.org/w/index.php?title=Special:Log&logid=4383 | https://ami.wikipedia.org/w/index.php?oldid=45428,The pre-scrape source title redirects to the same retained article
Amis/Lyndon_B_Johnson.xml,Wiki_Amis_Lyndon_B_Johnson,Amis/Amilika.xml,Wiki_Amis_Amilika,Amilika,6904798265089102546ae41e048676039c4f931198c9282e98d59936543d5dee,Lyndon B. Johnson | Lyndon B Johnson,https://ami.wikipedia.org/w/index.php?title=Special:Log&logid=4432 | https://ami.wikipedia.org/w/index.php?oldid=45428 | https://ami.wikipedia.org/w/index.php?title=Special:Log&logid=4433,The pre-scrape source title redirects to the same retained article
Amis/Lyndon_Johnson.xml,Wiki_Amis_Lyndon_Johnson,Amis/Amilika.xml,Wiki_Amis_Amilika,Amilika,6904798265089102546ae41e048676039c4f931198c9282e98d59936543d5dee,Lyndon Johnson,https://ami.wikipedia.org/w/index.php?title=Special:Log&logid=4434 | https://ami.wikipedia.org/w/index.php?oldid=45428,The pre-scrape source title redirects to the same retained article
Amis/Martin_Van_Buren.xml,Wiki_Amis_Martin_Van_Buren,Amis/Amilika.xml,Wiki_Amis_Amilika,Amilika,6904798265089102546ae41e048676039c4f931198c9282e98d59936543d5dee,Martin Van Buren,https://ami.wikipedia.org/w/index.php?title=Special:Log&logid=4381 | https://ami.wikipedia.org/w/index.php?oldid=45428,The pre-scrape source title redirects to the same retained article
Amis/Millard_Filmore.xml,Wiki_Amis_Millard_Filmore,Amis/Amilika.xml,Wiki_Amis_Amilika,Amilika,6904798265089102546ae41e048676039c4f931198c9282e98d59936543d5dee,Millard Filmore,https://ami.wikipedia.org/w/index.php?title=Special:Log&logid=4388 | https://ami.wikipedia.org/w/index.php?oldid=45428,The pre-scrape source title redirects to the same retained article
Amis/Richard_Nixon.xml,Wiki_Amis_Richard_Nixon,Amis/Amilika.xml,Wiki_Amis_Amilika,Amilika,6904798265089102546ae41e048676039c4f931198c9282e98d59936543d5dee,Richard Nixon,https://ami.wikipedia.org/w/index.php?title=Special:Log&logid=4435 | https://ami.wikipedia.org/w/index.php?oldid=45428,The pre-scrape source title redirects to the same retained article
Amis/Ronald_Reagan.xml,Wiki_Amis_Ronald_Reagan,Amis/Amilika.xml,Wiki_Amis_Amilika,Amilika,6904798265089102546ae41e048676039c4f931198c9282e98d59936543d5dee,Ronald Reagan,https://ami.wikipedia.org/w/index.php?title=Special:Log&logid=4438 | https://ami.wikipedia.org/w/index.php?oldid=45428,The pre-scrape source title redirects to the same retained article
Amis/Rutherford_B_Hayes.xml,Wiki_Amis_Rutherford_B_Hayes,Amis/Amilika.xml,Wiki_Amis_Amilika,Amilika,6904798265089102546ae41e048676039c4f931198c9282e98d59936543d5dee,Rutherford B. Hayes | Rutherford B Hayes,https://ami.wikipedia.org/w/index.php?title=Special:Log&logid=4397 | https://ami.wikipedia.org/w/index.php?oldid=45428 | https://ami.wikipedia.org/w/index.php?title=Special:Log&logid=4398,The pre-scrape source title redirects to the same retained article
Amis/Rutherford_Hayes.xml,Wiki_Amis_Rutherford_Hayes,Amis/Amilika.xml,Wiki_Amis_Amilika,Amilika,6904798265089102546ae41e048676039c4f931198c9282e98d59936543d5dee,Rutherford Hayes,https://ami.wikipedia.org/w/index.php?title=Special:Log&logid=4399 | https://ami.wikipedia.org/w/index.php?oldid=45428,The pre-scrape source title redirects to the same retained article
Amis/Theodore_Roosevelt.xml,Wiki_Amis_Theodore_Roosevelt,Amis/Amilika.xml,Wiki_Amis_Amilika,Amilika,6904798265089102546ae41e048676039c4f931198c9282e98d59936543d5dee,Theodore Roosevelt,https://ami.wikipedia.org/w/index.php?title=Special:Log&logid=4410 | https://ami.wikipedia.org/w/index.php?oldid=45428,The pre-scrape source title redirects to the same retained article
Amis/Thomas_Jefferson.xml,Wiki_Amis_Thomas_Jefferson,Amis/Amilika.xml,Wiki_Amis_Amilika,Amilika,6904798265089102546ae41e048676039c4f931198c9282e98d59936543d5dee,Thomas Jefferson,https://ami.wikipedia.org/w/index.php?title=Special:Log&logid=4376 | https://ami.wikipedia.org/w/index.php?oldid=45428,The pre-scrape source title redirects to the same retained article
Amis/Ulysses_Grant.xml,Wiki_Amis_Ulysses_Grant,Amis/Amilika.xml,Wiki_Amis_Amilika,Amilika,6904798265089102546ae41e048676039c4f931198c9282e98d59936543d5dee,Ulysses Grant,https://ami.wikipedia.org/w/index.php?title=Special:Log&logid=4396 | https://ami.wikipedia.org/w/index.php?oldid=45428,The pre-scrape source title redirects to the same retained article
Amis/Ulysses_S_Grant.xml,Wiki_Amis_Ulysses_S_Grant,Amis/Amilika.xml,Wiki_Amis_Amilika,Amilika,6904798265089102546ae41e048676039c4f931198c9282e98d59936543d5dee,Ulysses S. Grant | Ulysses S Grant,https://ami.wikipedia.org/w/index.php?title=Special:Log&logid=4395 | https://ami.wikipedia.org/w/index.php?oldid=45428 | https://ami.wikipedia.org/w/index.php?title=Special:Log&logid=4394,The pre-scrape source title redirects to the same retained article
Amis/United_states.xml,Wiki_Amis_United_states,Amis/Amilika.xml,Wiki_Amis_Amilika,Amilika,6904798265089102546ae41e048676039c4f931198c9282e98d59936543d5dee,United states,https://ami.wikipedia.org/w/index.php?oldid=31939 | https://ami.wikipedia.org/w/index.php?oldid=45428,The pre-scrape source title redirects to the same retained article
Amis/Warren_G_Harding.xml,Wiki_Amis_Warren_G_Harding,Amis/Amilika.xml,Wiki_Amis_Amilika,Amilika,6904798265089102546ae41e048676039c4f931198c9282e98d59936543d5dee,Warren G. Harding | Warren G Harding,https://ami.wikipedia.org/w/index.php?title=Special:Log&logid=4413 | https://ami.wikipedia.org/w/index.php?oldid=45428 | https://ami.wikipedia.org/w/index.php?title=Special:Log&logid=4414,The pre-scrape source title redirects to the same retained article
Amis/Warren_Harding.xml,Wiki_Amis_Warren_Harding,Amis/Amilika.xml,Wiki_Amis_Amilika,Amilika,6904798265089102546ae41e048676039c4f931198c9282e98d59936543d5dee,Warren Harding,https://ami.wikipedia.org/w/index.php?title=Special:Log&logid=4415 | https://ami.wikipedia.org/w/index.php?oldid=45428,The pre-scrape source title redirects to the same retained article
Amis/William_Henry_Harrison.xml,Wiki_Amis_William_Henry_Harrison,Amis/Amilika.xml,Wiki_Amis_Amilika,Amilika,6904798265089102546ae41e048676039c4f931198c9282e98d59936543d5dee,William Henry Harrison,https://ami.wikipedia.org/w/index.php?title=Special:Log&logid=4382 | https://ami.wikipedia.org/w/index.php?oldid=45428,The pre-scrape source title redirects to the same retained article
Amis/William_Howard_Taft.xml,Wiki_Amis_William_Howard_Taft,Amis/Amilika.xml,Wiki_Amis_Amilika,Amilika,6904798265089102546ae41e048676039c4f931198c9282e98d59936543d5dee,William Howard Taft,https://ami.wikipedia.org/w/index.php?title=Special:Log&logid=4411 | https://ami.wikipedia.org/w/index.php?oldid=45428,The pre-scrape source title redirects to the same retained article
Amis/William_Mckinley.xml,Wiki_Amis_William_McKinley,Amis/Amilika.xml,Wiki_Amis_Amilika,Amilika,6904798265089102546ae41e048676039c4f931198c9282e98d59936543d5dee,William McKinley,https://ami.wikipedia.org/w/index.php?title=Special:Log&logid=4408 | https://ami.wikipedia.org/w/index.php?oldid=45428,The pre-scrape source title redirects to the same retained article
Amis/Woodrow_Wilson.xml,Wiki_Amis_Woodrow_Wilson,Amis/Amilika.xml,Wiki_Amis_Amilika,Amilika,6904798265089102546ae41e048676039c4f931198c9282e98d59936543d5dee,Woodrow Wilson,https://ami.wikipedia.org/w/index.php?title=Special:Log&logid=4412 | https://ami.wikipedia.org/w/index.php?oldid=45428,The pre-scrape source title redirects to the same retained article
Amis/Zachary_Taylor.xml,Wiki_Amis_Zachary_Taylor,Amis/Amilika.xml,Wiki_Amis_Amilika,Amilika,6904798265089102546ae41e048676039c4f931198c9282e98d59936543d5dee,Zachary Taylor,https://ami.wikipedia.org/w/index.php?title=Special:Log&logid=4387 | https://ami.wikipedia.org/w/index.php?oldid=45428,The pre-scrape source title redirects to the same retained article
Amis/Antigua_and_barbuda.xml,Wiki_Amis_Antigua_and_barbuda,Amis/Antikuwa_ato_Papota.xml,Wiki_Amis_Antikuwa_ato_Papota,Antikuwa ato Papota,ae63b37c103329b74c1fb02f4d5e7ab09a29185c77c35c07a22bf2b7e88ed591,Antigua and barbuda,https://ami.wikipedia.org/w/index.php?oldid=31536 | https://ami.wikipedia.org/w/index.php?oldid=34693,The pre-scrape source title redirects to the same retained article
Amis/Armenia.xml,Wiki_Amis_Armenia,Amis/Arminiya.xml,Wiki_Amis_Arminiya,Arminiya,a20e4b3015e35e18c7d6ffbfcac37395caaff6626263d2f8d9d9c17fe1405711,Armenia,https://ami.wikipedia.org/w/index.php?oldid=46725 | https://ami.wikipedia.org/w/index.php?oldid=32850,The pre-scrape source title redirects to the same retained article
Amis/Australia.xml,Wiki_Amis_Australia,Amis/Awto.xml,Wiki_Amis_Awto,Awto,ca194ddb3e1e3826f106bf09605a929d9dead33dae37811f45842700f157ab89,Australia,https://ami.wikipedia.org/w/index.php?oldid=36842 | https://ami.wikipedia.org/w/index.php?oldid=38432,The pre-scrape source title redirects to the same retained article
Amis/Ostorariya.xml,Wiki_Amis_Ostorariya,Amis/Awto.xml,Wiki_Amis_Awto,Awto,ca194ddb3e1e3826f106bf09605a929d9dead33dae37811f45842700f157ab89,Ostorariya,https://ami.wikipedia.org/w/index.php?oldid=31523 | https://ami.wikipedia.org/w/index.php?oldid=38432,The pre-scrape source title redirects to the same retained article
Amis/Austria.xml,Wiki_Amis_Austria,Amis/Awtili.xml,Wiki_Amis_Awtili,Awtili,277fdd886befc2a76d75a1ed04bd80c40cb14afadde5c6af16d4e9f20e69d27c,Austria,https://ami.wikipedia.org/w/index.php?oldid=46087 | https://ami.wikipedia.org/w/index.php?oldid=33329,The pre-scrape source title redirects to the same retained article
Amis/Babuy.xml,Wiki_Amis_Babuy,Amis/Fafoy.xml,Wiki_Amis_Fafoy,Fafoy,3575f31071a65e8d259d261c168474392abbdfdd4d0fe1c9d2979e2a716bfa7a,Babuy,https://ami.wikipedia.org/w/index.php?oldid=1751 | https://ami.wikipedia.org/w/index.php?oldid=38196,The pre-scrape source title redirects to the same retained article
Amis/Diyong.xml,Wiki_Amis_Diyong,Amis/Fafoy.xml,Wiki_Amis_Fafoy,Fafoy,3575f31071a65e8d259d261c168474392abbdfdd4d0fe1c9d2979e2a716bfa7a,Diyong,https://ami.wikipedia.org/w/index.php?oldid=5801 | https://ami.wikipedia.org/w/index.php?oldid=38196,The pre-scrape source title redirects to the same retained article
Amis/Fafaoy.xml,Wiki_Amis_Fafaoy,Amis/Fafoy.xml,Wiki_Amis_Fafoy,Fafoy,3575f31071a65e8d259d261c168474392abbdfdd4d0fe1c9d2979e2a716bfa7a,Fafaoy,https://ami.wikipedia.org/w/index.php?oldid=6478 | https://ami.wikipedia.org/w/index.php?oldid=38196,The pre-scrape source title redirects to the same retained article
Amis/Obama.xml,Wiki_Amis_Obama,Amis/Barack_Obama.xml,Wiki_Amis_Barack_Obama,Barack Obama,a7c7297aa1dbf8cec36b32b0a8dc292986b4d0099ce57bde85436728e853a6bd,Obama,https://ami.wikipedia.org/w/index.php?title=Special:Log&logid=4448 | https://ami.wikipedia.org/w/index.php?title=Special:Log&logid=4447,The pre-scrape source title redirects to the same retained article
Amis/Bénin.xml,Wiki_Amis_Bénin,Amis/Benin.xml,Wiki_Amis_Benin,Benin,ba4c49eb0bd93cfc76cab9632526c3398b570da0ce1c59c3fd6207a9f0744d58,Bénin,https://ami.wikipedia.org/w/index.php?oldid=44265 | https://ami.wikipedia.org/w/index.php?oldid=47757,The pre-scrape source title redirects to the same retained article
Amis/COVID-19.xml,Wiki_Amis_COVID-19,Amis/Lifong_no_kemi.xml,Wiki_Amis_Lifong_no_kemi,Lifong no kemi,3850342248c1f8fdaaffd566475d73695e7ad3ad1f4655f5f6a91b0390db3863,COVID-19,https://ami.wikipedia.org/w/index.php?oldid=38528 | https://ami.wikipedia.org/w/index.php?oldid=39219,The pre-scrape source title redirects to the same retained article
Amis/Cameroon.xml,Wiki_Amis_Cameroon,Amis/Kamiron.xml,Wiki_Amis_Kamiron,Kamiron,4a4cf462670a6cdfa8c6e1ecd00f965bfe7dfdebe7040f840fa895c90ce03774,Cameroon,https://ami.wikipedia.org/w/index.php?oldid=32319 | https://ami.wikipedia.org/w/index.php?oldid=48943,The pre-scrape source title redirects to the same retained article
Amis/Canada.xml,Wiki_Amis_Canada,Amis/Kanata.xml,Wiki_Amis_Kanata,Kanata,bc7e190d84147b6fb8ba0caca0e2a2e16eccb7f5d6daf5d5cffd05683950ce68,Canada,https://ami.wikipedia.org/w/index.php?oldid=31538 | https://ami.wikipedia.org/w/index.php?oldid=38392,The pre-scrape source title redirects to the same retained article
Amis/King_Charles_III.xml,Wiki_Amis_King_Charles_III,Amis/Charles_III.xml,Wiki_Amis_Charles_III,Charles III,411602d3eb16026b63052405247a6207e291f10e67c42e2c56019b2007910b32,King Charles III,https://ami.wikipedia.org/w/index.php?title=Special:Log&logid=4455 | https://ami.wikipedia.org/w/index.php?title=Special:Log&logid=4454,The pre-scrape source title redirects to the same retained article
Amis/Ci_Langasan.xml,Wiki_Amis_Ci_Langasan,Amis/Cilangasan.xml,Wiki_Amis_Cilangasan,Cilangasan,939a808e3ed9c928107350d60518da0814925e1483ccaadf26f158f3265895cd,Ci Langasan,https://ami.wikipedia.org/w/index.php?oldid=27707 | https://ami.wikipedia.org/w/index.php?oldid=39563,The pre-scrape source title redirects to the same retained article
Amis/Cinamalay.xml,Wiki_Amis_Cinamalay,Amis/Cinamalay_a_paliding.xml,Wiki_Amis_Cinamalay_a_paliding,Cinamalay a paliding,063be6093cf5cb619d603d581f700e622452df09f8917cdbbfe5a5b6c5bc7a9e,Cinamalay,https://ami.wikipedia.org/w/index.php?oldid=4290 | https://ami.wikipedia.org/w/index.php?oldid=4301,The pre-scrape source title redirects to the same retained article
Amis/O_cohcoh.xml,Wiki_Amis_O_cohcoh,Amis/Cohcoh.xml,Wiki_Amis_Cohcoh,Cohcoh,ca6ad4e58a572d1973824a6425ef057237622bd04d0566a84a857889f2549235,O cohcoh,https://ami.wikipedia.org/w/index.php?oldid=33925 | https://ami.wikipedia.org/w/index.php?oldid=33924,The pre-scrape source title redirects to the same retained article
"Amis/Congko,_democratic_republic_of.xml","Wiki_Amis_Congko,_democratic_republic_of","Amis/Congo,_democratic_republic_of_the.xml","Wiki_Amis_Congo,_democratic_republic_of_the","Congo, democratic republic of the",92d66a20d69a421f5f08180ac1654d8aeac67f43cecfd633ab460df827095ab4,"Congko, democratic republic of",https://ami.wikipedia.org/w/index.php?oldid=36843 | https://ami.wikipedia.org/w/index.php?oldid=47899,The pre-scrape source title redirects to the same retained article
"Amis/Congo,_domocratic_republic_of_the.xml","Wiki_Amis_Congo,_domocratic_republic_of_the","Amis/Congo,_democratic_republic_of_the.xml","Wiki_Amis_Congo,_democratic_republic_of_the","Congo, democratic republic of the",92d66a20d69a421f5f08180ac1654d8aeac67f43cecfd633ab460df827095ab4,"Congo, domocratic republic of the",https://ami.wikipedia.org/w/index.php?oldid=32345 | https://ami.wikipedia.org/w/index.php?oldid=47899,The pre-scrape source title redirects to the same retained article
"Amis/Congko,_republic_of.xml","Wiki_Amis_Congko,_republic_of","Amis/Congo,_republic_of_the.xml","Wiki_Amis_Congo,_republic_of_the","Congo, republic of the",4fc7e3831f29c4db4d113b1adf44978ac34712e8049ed7c06266783830156874,"Congko, republic of",https://ami.wikipedia.org/w/index.php?oldid=36844 | https://ami.wikipedia.org/w/index.php?oldid=32346,The pre-scrape source title redirects to the same retained article
"Amis/Congo,_the_republic_of_the.xml","Wiki_Amis_Congo,_the_republic_of_the","Amis/Congo,_republic_of_the.xml","Wiki_Amis_Congo,_republic_of_the","Congo, republic of the",4fc7e3831f29c4db4d113b1adf44978ac34712e8049ed7c06266783830156874,"Congo, the republic of the",https://ami.wikipedia.org/w/index.php?oldid=32347 | https://ami.wikipedia.org/w/index.php?oldid=32346,The pre-scrape source title redirects to the same retained article
"Amis/Congo,republic_of.xml","Wiki_Amis_Congo,republic_of","Amis/Congo,_republic_of_the.xml","Wiki_Amis_Congo,_republic_of_the","Congo, republic of the",4fc7e3831f29c4db4d113b1adf44978ac34712e8049ed7c06266783830156874,"Congo,republic of",https://ami.wikipedia.org/w/index.php?oldid=36845 | https://ami.wikipedia.org/w/index.php?oldid=32346,The pre-scrape source title redirects to the same retained article
Amis/Malikat.xml,Wiki_Amis_Malikat,Amis/Coraf.xml,Wiki_Amis_Coraf,Coraf,ea4574ff4b88d702a92f26fdae0eab70fa3ffcd9176fa27fe4536ccf3d973790,Malikat,https://ami.wikipedia.org/w/index.php?oldid=45089 | https://ami.wikipedia.org/w/index.php?oldid=45095,The pre-scrape source title redirects to the same retained article
Amis/Cote_d'ivoirie.xml,Wiki_Amis_Cote_d'ivoirie,Amis/Cote_d'ivoire.xml,Wiki_Amis_Cote_d'ivoire,Cote d'ivoire,2fd0d3975d109ccd92d1a85992cddb09d29a06faa56f68b69aad9378ed5002cd,Cote d'ivoirie,https://ami.wikipedia.org/w/index.php?oldid=32211 | https://ami.wikipedia.org/w/index.php?oldid=32212,The pre-scrape source title redirects to the same retained article
Amis/Cung-huwa-min-ku.xml,Wiki_Amis_Cung-huwa-min-ku,Amis/Taywan.xml,Wiki_Amis_Taywan,Taywan,6d163814f9023b6e192f2f2b56c81b7cb558898107562e852bb47b96c4933df8,Cung-huwa-min-ku,https://ami.wikipedia.org/w/index.php?oldid=40511 | https://ami.wikipedia.org/w/index.php?oldid=45430,The pre-scrape source title redirects to the same retained article
Amis/Donald_Trump.xml,Wiki_Amis_Donald_Trump,Amis/Donald_John_Trump.xml,Wiki_Amis_Donald_John_Trump,Donald John Trump,561bdcf8a6196c89651a7eb9144801f6928412271e5f29a0e491134d86bf38fd,Donald Trump,https://ami.wikipedia.org/w/index.php?title=Special:Log&logid=4446 | https://ami.wikipedia.org/w/index.php?oldid=48711,The pre-scrape source title redirects to the same retained article
Amis/Prince_Harry.xml,Wiki_Amis_Prince_Harry,Amis/Elizabeth_II.xml,Wiki_Amis_Elizabeth_II,Elizabeth II,4c616d3ba05a2208aec9ab43fba7ec1bdab36c552aa5384e0bcecbfee2004620,Prince Harry,https://ami.wikipedia.org/w/index.php?title=Special:Log&logid=4452 | https://ami.wikipedia.org/w/index.php?oldid=45888,The pre-scrape source title redirects to the same retained article
Amis/Queen_Elizabeth_II.xml,Wiki_Amis_Queen_Elizabeth_II,Amis/Elizabeth_II.xml,Wiki_Amis_Elizabeth_II,Elizabeth II,4c616d3ba05a2208aec9ab43fba7ec1bdab36c552aa5384e0bcecbfee2004620,Queen Elizabeth II,https://ami.wikipedia.org/w/index.php?title=Special:Log&logid=4451 | https://ami.wikipedia.org/w/index.php?oldid=45888,The pre-scrape source title redirects to the same retained article
Amis/Fiet-nam.xml,Wiki_Amis_Fiet-nam,Amis/Vietnam.xml,Wiki_Amis_Vietnam,Vietnam,0374330bf1e78b1ccdedbfd2bee02dca1a9b34e58431acffce18503a395f8c9b,Fiet-nam,https://ami.wikipedia.org/w/index.php?oldid=37504 | https://ami.wikipedia.org/w/index.php?oldid=38419,The pre-scrape source title redirects to the same retained article
Amis/Pattie_Boyd.xml,Wiki_Amis_Pattie_Boyd,Amis/George_Harrison.xml,Wiki_Amis_George_Harrison,George Harrison,d82cdbf03a9d3925208adce5b35912a97a7cb846d997d933081e9e91ae3d3df9,Pattie Boyd,https://ami.wikipedia.org/w/index.php?title=Special:Log&logid=4374 | https://ami.wikipedia.org/w/index.php?title=Special:Log&logid=4365,The pre-scrape source title redirects to the same retained article
Amis/George_Martin.xml,Wiki_Amis_George_Martin,Amis/The_Beatles.xml,Wiki_Amis_The_Beatles,The Beatles,d650ac974e5a34a17b1b5ddbb5a6f5158f5b5727375c4db323edc229b5f57bd7,George Martin,https://ami.wikipedia.org/w/index.php?title=Special:Log&logid=4369 | https://ami.wikipedia.org/w/index.php?title=Special:Log&logid=4363,The pre-scrape source title redirects to the same retained article
Amis/Pete_Best.xml,Wiki_Amis_Pete_Best,Amis/The_Beatles.xml,Wiki_Amis_The_Beatles,The Beatles,d650ac974e5a34a17b1b5ddbb5a6f5158f5b5727375c4db323edc229b5f57bd7,Pete Best,https://ami.wikipedia.org/w/index.php?title=Special:Log&logid=4370 | https://ami.wikipedia.org/w/index.php?title=Special:Log&logid=4363,The pre-scrape source title redirects to the same retained article
Amis/Guatemala.xml,Wiki_Amis_Guatemala,Amis/Kuatimala.xml,Wiki_Amis_Kuatimala,Kuatimala,0a58c42c8e349f25ef5f19bc860f177c474901af8e8e8d95f8c7223d26520f98,Guatemala,https://ami.wikipedia.org/w/index.php?oldid=32216 | https://ami.wikipedia.org/w/index.php?oldid=33357,The pre-scrape source title redirects to the same retained article
Amis/Hualien.xml,Wiki_Amis_Hualien,Amis/Kalingko.xml,Wiki_Amis_Kalingko,Kalingko,a8f87c49256cfbacea36387aaa0187e7f73d78dbc74cb493ddd9bc33771d5015,Hualien,https://ami.wikipedia.org/w/index.php?oldid=31183 | https://ami.wikipedia.org/w/index.php?oldid=31182,The pre-scrape source title redirects to the same retained article
Amis/Mama.xml,Wiki_Amis_Mama,Amis/Ina.xml,Wiki_Amis_Ina,Ina,6e99d3c0783b3f97df86cabf26ccd7bf1dd707a1592ab4b97c2207fa5543c235,Mama,https://ami.wikipedia.org/w/index.php?oldid=15532 | https://ami.wikipedia.org/w/index.php?oldid=47606,The pre-scrape source title redirects to the same retained article
Amis/JFK.xml,Wiki_Amis_JFK,Amis/John_F_Kennedy.xml,Wiki_Amis_John_F_Kennedy,John F. Kennedy,afbeb3e23add52e4ef4f9f93e57dcbc67976b79def5c9a06da4cedaa21ed6fa0,JFK,https://ami.wikipedia.org/w/index.php?title=Special:Log&logid=4430 | https://ami.wikipedia.org/w/index.php?title=Special:Log&logid=4427,The pre-scrape source title redirects to the same retained article
Amis/John_Kennedy.xml,Wiki_Amis_John_Kennedy,Amis/John_F_Kennedy.xml,Wiki_Amis_John_F_Kennedy,John F. Kennedy,afbeb3e23add52e4ef4f9f93e57dcbc67976b79def5c9a06da4cedaa21ed6fa0,John Kennedy,https://ami.wikipedia.org/w/index.php?title=Special:Log&logid=4429 | https://ami.wikipedia.org/w/index.php?title=Special:Log&logid=4427,The pre-scrape source title redirects to the same retained article
Amis/Japan.xml,Wiki_Amis_Japan,Amis/Ripon.xml,Wiki_Amis_Ripon,Ripon,a550a2f30e571d8e84f6b06c487bba145e6cabcd12cad0292f47d4f09cd31dd9,Japan,https://ami.wikipedia.org/w/index.php?oldid=40635 | https://ami.wikipedia.org/w/index.php?oldid=44363,The pre-scrape source title redirects to the same retained article
Amis/Yoko_Ono.xml,Wiki_Amis_Yoko_Ono,Amis/John_Lennon.xml,Wiki_Amis_John_Lennon,John Lennon,d6c11d70b6b6574a728b0d16dce76feb7b0250b61cafea33f91d0eceb02f6358,Yoko Ono,https://ami.wikipedia.org/w/index.php?title=Special:Log&logid=4371 | https://ami.wikipedia.org/w/index.php?title=Special:Log&logid=4367,The pre-scrape source title redirects to the same retained article
Amis/O_kayki_no_niyaro.xml,Wiki_Amis_O_kayki_no_niyaro,Amis/Kayki_no_niyaro.xml,Wiki_Amis_Kayki_no_niyaro,Kayki no niyaro,2421ecc22cf3a70e67d051650b2e35b741dffd9585ccb314b1790b40ae0a8b5f,O kayki no niyaro,https://ami.wikipedia.org/w/index.php?oldid=33927 | https://ami.wikipedia.org/w/index.php?oldid=33926,The pre-scrape source title redirects to the same retained article
Amis/Linda_Eastman.xml,Wiki_Amis_Linda_Eastman,Amis/Paul_McCartney.xml,Wiki_Amis_Paul_McCartney,Paul McCartney,69a07367de465019c2870f6121fc62a075ccc76af753c87f2fa4367f23c01ef5,Linda Eastman,https://ami.wikipedia.org/w/index.php?title=Special:Log&logid=4373 | https://ami.wikipedia.org/w/index.php?title=Special:Log&logid=4364,The pre-scrape source title redirects to the same retained article
Amis/Linda_McCartney.xml,Wiki_Amis_Linda_McCartney,Amis/Paul_McCartney.xml,Wiki_Amis_Paul_McCartney,Paul McCartney,69a07367de465019c2870f6121fc62a075ccc76af753c87f2fa4367f23c01ef5,Linda McCartney,https://ami.wikipedia.org/w/index.php?title=Special:Log&logid=4372 | https://ami.wikipedia.org/w/index.php?title=Special:Log&logid=4364,The pre-scrape source title redirects to the same retained article
Amis/Maia.xml,Wiki_Amis_Maia,"Amis/Maia,_Mangacun,_Mangacun.xml","Wiki_Amis_Maia,_Mangacun,_Mangacun","Maia, Mangacun, Mangacun",dd2a933074189571f46df5afcab9ab58002a65c80f6e98774fa6b6868bf8312b,Maia,https://ami.wikipedia.org/w/index.php?oldid=30152 | https://ami.wikipedia.org/w/index.php?oldid=35372,The pre-scrape source title redirects to the same retained article
Amis/Sowal_no_Ngayngay.xml,Wiki_Amis_Sowal_no_Ngayngay,Amis/Ngayngay_a_sowal.xml,Wiki_Amis_Ngayngay_a_sowal,Ngayngay a sowal,b364a76560195d13c30cf5b6dd3f485d72be0c601b19877df8144bb4122ce35c,Sowal no Ngayngay,https://ami.wikipedia.org/w/index.php?oldid=30145 | https://ami.wikipedia.org/w/index.php?oldid=38487,The pre-scrape source title redirects to the same retained article
Amis/O_ptilidan.xml,Wiki_Amis_O_ptilidan,Amis/Pitilidan.xml,Wiki_Amis_Pitilidan,Pitilidan,db423e9a3d9d9534cdd944b1c7cdd96090e1aa35cf28fc708926112aa27125a7,O ptilidan,https://ami.wikipedia.org/w/index.php?oldid=19540 | https://ami.wikipedia.org/w/index.php?oldid=39091,The pre-scrape source title redirects to the same retained article
Amis/O_sowal_no_dipon.xml,Wiki_Amis_O_sowal_no_dipon,Amis/Sowal_no_dipong.xml,Wiki_Amis_Sowal_no_dipong,Sowal no dipong,51b925a97966e3018f6a2997c8b97397e7858b446897b96b220c63fc6716583a,O sowal no dipon,https://ami.wikipedia.org/w/index.php?oldid=33923 | https://ami.wikipedia.org/w/index.php?oldid=38488,The pre-scrape source title redirects to the same retained article
Amis/O_sowal_no_dipong.xml,Wiki_Amis_O_sowal_no_dipong,Amis/Sowal_no_dipong.xml,Wiki_Amis_Sowal_no_dipong,Sowal no dipong,51b925a97966e3018f6a2997c8b97397e7858b446897b96b220c63fc6716583a,O sowal no dipong,https://ami.wikipedia.org/w/index.php?oldid=36846 | https://ami.wikipedia.org/w/index.php?oldid=38488,The pre-scrape source title redirects to the same retained article
Amis/O_teloc_no_riyar_ato_lotok---Pangcah.xml,Wiki_Amis_O_teloc_no_riyar_ato_lotok---Pangcah,Amis/O_teloc_no_riyar_ato_lotok—Pangcah.xml,Wiki_Amis_O_teloc_no_riyar_ato_lotok—Pangcah,O teloc no riyar ato lotok—Pangcah,9de6507365d172b0e4d8462d97ce19f8a5b2e14d4d32a347c02def2483fd3b15,O teloc no riyar ato lotok---Pangcah,https://ami.wikipedia.org/w/index.php?oldid=33932 | https://ami.wikipedia.org/w/index.php?oldid=33931,The pre-scrape source title redirects to the same retained article
Amis/Papuwa_Niw_Kiniya.xml,Wiki_Amis_Papuwa_Niw_Kiniya,Amis/Papua_New_Guinea.xml,Wiki_Amis_Papua_New_Guinea,Papua New Guinea,adb9af112081b4abd23ea25074af4bc091d165d1949d66e907a16a883a257990,Papuwa Niw Kiniya,https://ami.wikipedia.org/w/index.php?oldid=46225 | https://ami.wikipedia.org/w/index.php?oldid=44464,The pre-scrape source title redirects to the same retained article
Amis/Rahaw（Takan）.xml,Wiki_Amis_Rahaw（Takan）,"Amis/Rahaw,_Takan.xml","Wiki_Amis_Rahaw,_Takan","Rahaw, Takan",95f7a226da20dcd0848ee01d438060c7c37a99a03da6009ba187ae24b70e27fd,Rahaw（Takan）,https://ami.wikipedia.org/w/index.php?oldid=22430 | https://ami.wikipedia.org/w/index.php?oldid=22428,The pre-scrape source title redirects to the same retained article
Amis/Takanua.xml,Wiki_Amis_Takanua,"Amis/Takanua,_Takanua.xml","Wiki_Amis_Takanua,_Takanua","Takanua, Takanua",abfe1662da5832e6bd0669d7d994e02636d3af48f69e3711229c5bdcea478e88,Takanua,https://ami.wikipedia.org/w/index.php?oldid=30151 | https://ami.wikipedia.org/w/index.php?oldid=47984,The pre-scrape source title redirects to the same retained article
Amis/Wu_Yuan-cu-min_i_Taiwan.xml,Wiki_Amis_Wu_Yuan-cu-min_i_Taiwan,Amis/U_Yincumin_ni_Taywan.xml,Wiki_Amis_U_Yincumin_ni_Taywan,U Yincumin ni Taywan,66bce3129fe3c8996702fcc91014119bb0dd80e2e11ff555ec8430c9009d491b,Wu Yuan-cu-min i Taiwan,https://ami.wikipedia.org/w/index.php?oldid=27248 | https://ami.wikipedia.org/w/index.php?oldid=26471,The pre-scrape source title redirects to the same retained article
Atayal/'Oponoho.xml,Wiki_Atayal_'Oponoho,Atayal/’Oponoho.xml,Wiki_Atayal_’Oponoho,’Oponoho,9878a5754d083292f319553673afb0eb345fdf7c6a4dc17df26185993f915f65,'Oponoho,https://tay.wikipedia.org/w/index.php?oldid=28 | https://tay.wikipedia.org/w/index.php?oldid=56524,The pre-scrape source title redirects to the same retained article
Atayal/'bagan.xml,Wiki_Atayal_'bagan,Atayal/bagan.xml,Wiki_Atayal_bagan,bagan,0a2b67ca9703a17d6293f6378ae7b2bb456625ab850fe9ccc0c58ad92bc624c0,'bagan,https://tay.wikipedia.org/w/index.php?oldid=53830 | https://tay.wikipedia.org/w/index.php?oldid=34152,The pre-scrape source title redirects to the same retained article
Atayal/’bagan.xml,Wiki_Atayal_’bagan,Atayal/bagan.xml,Wiki_Atayal_bagan,bagan,0a2b67ca9703a17d6293f6378ae7b2bb456625ab850fe9ccc0c58ad92bc624c0,’bagan,https://tay.wikipedia.org/w/index.php?oldid=44040 | https://tay.wikipedia.org/w/index.php?oldid=34152,The pre-scrape source title redirects to the same retained article
Atayal/'mulah.xml,Wiki_Atayal_'mulah,Atayal/’mulah.xml,Wiki_Atayal_’mulah,’mulah,df6f240688acd4c7eb7a6ed9d542e12c7aaefcfac882105c4d692327bce36e77,'mulah,https://tay.wikipedia.org/w/index.php?oldid=52 | https://tay.wikipedia.org/w/index.php?oldid=44483,The pre-scrape source title redirects to the same retained article
Atayal/'sya.xml,Wiki_Atayal_'sya,Atayal/’sya.xml,Wiki_Atayal_’sya,’sya,de4f5da0a88c3234132a36aa2dc4baa23eefbd2ea3c538501b4133881505c983,'sya,https://tay.wikipedia.org/w/index.php?oldid=54 | https://tay.wikipedia.org/w/index.php?oldid=44475,The pre-scrape source title redirects to the same retained article
Atayal/'tayal.xml,Wiki_Atayal_'tayal,Atayal/’tayal.xml,Wiki_Atayal_’tayal,’tayal,c9d08aee5447b4be9a0bd1c7b061292cef2e7023cafa1acb695a3658c9bf5132,'tayal,https://tay.wikipedia.org/w/index.php?oldid=56 | https://tay.wikipedia.org/w/index.php?oldid=64722,The pre-scrape source title redirects to the same retained article
Atayal/Tayan.xml,Wiki_Atayal_Tayan,Atayal/’tayal.xml,Wiki_Atayal_’tayal,’tayal,c9d08aee5447b4be9a0bd1c7b061292cef2e7023cafa1acb695a3658c9bf5132,Tayan,https://tay.wikipedia.org/w/index.php?oldid=44732 | https://tay.wikipedia.org/w/index.php?oldid=64722,The pre-scrape source title redirects to the same retained article
Atayal/’_tayal.xml,Wiki_Atayal_’_tayal,Atayal/’tayal.xml,Wiki_Atayal_’tayal,’tayal,c9d08aee5447b4be9a0bd1c7b061292cef2e7023cafa1acb695a3658c9bf5132,’ tayal,https://tay.wikipedia.org/w/index.php?oldid=64720 | https://tay.wikipedia.org/w/index.php?oldid=64722,The pre-scrape source title redirects to the same retained article
Atayal/1874.xml,Wiki_Atayal_1874,Atayal/kawas_na_1874.xml,Wiki_Atayal_kawas_na_1874,kawas na 1874,5a5cfee1f2abe88e21f18dc54494903d2e03b6cddd8b0dd24858361b7ffc7b9e,1874,https://tay.wikipedia.org/w/index.php?oldid=53832 | https://tay.wikipedia.org/w/index.php?oldid=53834,The pre-scrape source title redirects to the same retained article
Atayal/US.xml,Wiki_Atayal_US,Atayal/Amirika'.xml,Wiki_Atayal_Amirika',Amirika',fbe5d276ab3ab9db0a7badca25e8989c4500f52a73088bca1278af0c41559050,U.S.,https://tay.wikipedia.org/w/index.php?oldid=53838 | https://tay.wikipedia.org/w/index.php?oldid=53865,The pre-scrape source title redirects to the same retained article
Atayal/United_states.xml,Wiki_Atayal_United_states,Atayal/Amirika'.xml,Wiki_Atayal_Amirika',Amirika',fbe5d276ab3ab9db0a7badca25e8989c4500f52a73088bca1278af0c41559050,United states,https://tay.wikipedia.org/w/index.php?oldid=53836 | https://tay.wikipedia.org/w/index.php?oldid=53865,The pre-scrape source title redirects to the same retained article
Atayal/Bitcoin.xml,Wiki_Atayal_Bitcoin,Atayal/pila_Pitat.xml,Wiki_Atayal_pila_Pitat,pila Pitat,adf60e7f4cb84b8aedf023a8e4ff68f7d3000e6135d2ab672233818374ec99f4,Bitcoin,https://tay.wikipedia.org/w/index.php?oldid=61024 | https://tay.wikipedia.org/w/index.php?oldid=59666,The pre-scrape source title redirects to the same retained article
Atayal/₿.xml,Wiki_Atayal_₿,Atayal/pila_Pitat.xml,Wiki_Atayal_pila_Pitat,pila Pitat,adf60e7f4cb84b8aedf023a8e4ff68f7d3000e6135d2ab672233818374ec99f4,₿,https://tay.wikipedia.org/w/index.php?oldid=61025 | https://tay.wikipedia.org/w/index.php?oldid=59666,The pre-scrape source title redirects to the same retained article
Atayal/Children_(Robert_Miles_single_).xml,Wiki_Atayal_Children_(Robert_Miles_single_),Atayal/Children_(Robert_Miles_single).xml,Wiki_Atayal_Children_(Robert_Miles_single),Children (Robert Miles single),e5024e93b0f2181c860910f800757b7f8c30dd9d18286149c41a124b38898f24,Children (Robert Miles single ),https://tay.wikipedia.org/w/index.php?oldid=6165 | https://tay.wikipedia.org/w/index.php?oldid=44595,The pre-scrape source title redirects to the same retained article
Atayal/Cyukoku.xml,Wiki_Atayal_Cyukoku,Atayal/China.xml,Wiki_Atayal_China,China,f2bc466c81b2f7707fb2c2141f61636ba42c2abee660f525efa5eb660a8d148d,Cyukoku,https://tay.wikipedia.org/w/index.php?oldid=61439 | https://tay.wikipedia.org/w/index.php?oldid=61438,The pre-scrape source title redirects to the same retained article
Atayal/Cicala'ay.xml,Wiki_Atayal_Cicala'ay,Atayal/Cicala’ay.xml,Wiki_Atayal_Cicala’ay,Cicala’ay,6f27cd8585155987e06df1d5d2993aa578a0fbe73b6a5a469ca0984aeec0a4f3,Cicala'ay,https://tay.wikipedia.org/w/index.php?oldid=6677 | https://tay.wikipedia.org/w/index.php?oldid=55780,The pre-scrape source title redirects to the same retained article
Atayal/Cilo'ohay.xml,Wiki_Atayal_Cilo'ohay,Atayal/Cilo’ohay.xml,Wiki_Atayal_Cilo’ohay,Cilo’ohay,1e791121e704a6f8e73b0f450156695308187df6f4b230e3e578c184dea8dc6b,Cilo'ohay,https://tay.wikipedia.org/w/index.php?oldid=6984 | https://tay.wikipedia.org/w/index.php?oldid=55798,The pre-scrape source title redirects to the same retained article
Atayal/Kao_Chin_Su-mei.xml,Wiki_Atayal_Kao_Chin_Su-mei,Atayal/Ciwas_Ali.xml,Wiki_Atayal_Ciwas_Ali,Ciwas Ali,f89106beef30305f30461a4f9a7bdcd7aba7a360a2c8e0b5eec9e14854c453dc,Kao Chin Su-mei,https://tay.wikipedia.org/w/index.php?oldid=53695 | https://tay.wikipedia.org/w/index.php?oldid=65941,The pre-scrape source title redirects to the same retained article
"Atayal/Congo,_domocratic_republic_of_the.xml","Wiki_Atayal_Congo,_domocratic_republic_of_the",Atayal/The_Democratic_Republic_of_the_Congo.xml,Wiki_Atayal_The_Democratic_Republic_of_the_Congo,The Democratic Republic of the Congo,fe3f9d0e20a29dc29315ce7abc1c0a494f12b4ab3f82a662f9b96d5165fe53b4,"Congo, domocratic republic of the",https://tay.wikipedia.org/w/index.php?oldid=7785 | https://tay.wikipedia.org/w/index.php?oldid=50039,The pre-scrape source title redirects to the same retained article
"Atayal/Congo,_the_republic_of_the.xml","Wiki_Atayal_Congo,_the_republic_of_the",Atayal/Republic_of_the_Congo.xml,Wiki_Atayal_Republic_of_the_Congo,Republic of the Congo,1ae173c4456ad77fb4dd0ed669fb6a76ae93d6e79bf49c456759ca84c7d237a9,"Congo, the republic of the",https://tay.wikipedia.org/w/index.php?oldid=7787 | https://tay.wikipedia.org/w/index.php?oldid=54008,The pre-scrape source title redirects to the same retained article
Atayal/Yang_Yung-wei.xml,Wiki_Atayal_Yang_Yung-wei,Atayal/Drangadrang_Yang.xml,Wiki_Atayal_Drangadrang_Yang,Drangadrang Yang,313e01785e05e78d8080c71a67195a1fa59eb438ede0cc49ab3132bf8927a8a0,Yang Yung-wei,https://tay.wikipedia.org/w/index.php?oldid=48075 | https://tay.wikipedia.org/w/index.php?oldid=61453,The pre-scrape source title redirects to the same retained article
Atayal/smsum_zywaw_cinpuqing.xml,Wiki_Atayal_smsum_zywaw_cinpuqing,Atayal/Genzyuminrok_iyikay.xml,Wiki_Atayal_Genzyuminrok_iyikay,Genzyuminrok iyikay,cf1db43eb2693835a1da308319565a2b419be348ada6bb175403f1d1eddb84aa,smsum zywaw cinpuqing,https://tay.wikipedia.org/w/index.php?oldid=53765 | https://tay.wikipedia.org/w/index.php?oldid=55866,The pre-scrape source title redirects to the same retained article
Atayal/Japan.xml,Wiki_Atayal_Japan,Atayal/Gipun.xml,Wiki_Atayal_Gipun,Gipun,ce62842d896a1b7a8dafa08d93bf052fadc045382a5863f334786e4103c5a340,Japan,https://tay.wikipedia.org/w/index.php?oldid=46630 | https://tay.wikipedia.org/w/index.php?oldid=64011,The pre-scrape source title redirects to the same retained article
Atayal/Gohogo(五峰鄉).xml,Wiki_Atayal_Gohogo(五峰鄉),Atayal/Gohogo.xml,Wiki_Atayal_Gohogo,Gohogo,bc9c994f0931bf764bdc2fe391ed30a8a6b1d0447463c172fce6619bed7060fb,Gohogo(五峰鄉),https://tay.wikipedia.org/w/index.php?oldid=11943 | https://tay.wikipedia.org/w/index.php?oldid=60255,The pre-scrape source title redirects to the same retained article
Atayal/Gpho_go.xml,Wiki_Atayal_Gpho_go,Atayal/Gphogo.xml,Wiki_Atayal_Gphogo,Gphogo,a8fc54fa2d32835bfa7354eb638a36c184a325b2c69cd3aa7eeaa44bdc5613cf,Gpho go,https://tay.wikipedia.org/w/index.php?oldid=11965 | https://tay.wikipedia.org/w/index.php?oldid=60256,The pre-scrape source title redirects to the same retained article
Atayal/Haruhi_go.xml,Wiki_Atayal_Haruhi_go,Atayal/Kasuga_go.xml,Wiki_Atayal_Kasuga_go,Kasuga go,eef927a35ce4adbcb0333ea2c4eb6b36d62600c831ae03a32c4b4ad29c4e7c2a,Haruhi go,https://tay.wikipedia.org/w/index.php?oldid=54037 | https://tay.wikipedia.org/w/index.php?oldid=55953,The pre-scrape source title redirects to the same retained article
Atayal/JJBarea.xml,Wiki_Atayal_JJBarea,Atayal/J_JBarea.xml,Wiki_Atayal_J_JBarea,J. J.Barea,d26ab9b61066e577b0bd9e69bf53c3abae512cd1b3d137385347dead9b95ff08,J.J.Barea,https://tay.wikipedia.org/w/index.php?oldid=56724 | https://tay.wikipedia.org/w/index.php?oldid=13960,The pre-scrape source title redirects to the same retained article
Atayal/J_J_Barea.xml,Wiki_Atayal_J_J_Barea,Atayal/J_JBarea.xml,Wiki_Atayal_J_JBarea,J. J.Barea,d26ab9b61066e577b0bd9e69bf53c3abae512cd1b3d137385347dead9b95ff08,J. J. Barea,https://tay.wikipedia.org/w/index.php?oldid=13973 | https://tay.wikipedia.org/w/index.php?oldid=13960,The pre-scrape source title redirects to the same retained article
Atayal/K`yang.xml,Wiki_Atayal_K`yang,Atayal/K’yang.xml,Wiki_Atayal_K’yang,K’yang,e90d8b3e269b28d7ee1525f7fc21b725879a516e5d8ba44347449a2608de4724,K`yang,https://tay.wikipedia.org/w/index.php?oldid=15223 | https://tay.wikipedia.org/w/index.php?oldid=56010,The pre-scrape source title redirects to the same retained article
Atayal/Kin‘lwan.xml,Wiki_Atayal_Kin‘lwan,Atayal/Kin’lwan.xml,Wiki_Atayal_Kin’lwan,Kin’lwan,c7f35fd36c7093343c2d3a693fcaf3cfb264a9e866498f4372a57e5c727b1f49,Kin‘lwan,https://tay.wikipedia.org/w/index.php?oldid=16735 | https://tay.wikipedia.org/w/index.php?oldid=55978,The pre-scrape source title redirects to the same retained article
Atayal/Kolado't.xml,Wiki_Atayal_Kolado't,Atayal/Kolado’t.xml,Wiki_Atayal_Kolado’t,Kolado’t,6bd4402b17a335adf4aa5b1fbdd1a31f3e5e19411af00e93a79e0e05f2ba9675,Kolado't,https://tay.wikipedia.org/w/index.php?oldid=16993 | https://tay.wikipedia.org/w/index.php?oldid=55988,The pre-scrape source title redirects to the same retained article
Atayal/Ksunu'.xml,Wiki_Atayal_Ksunu',Atayal/Ksunu’.xml,Wiki_Atayal_Ksunu’,Ksunu’,d05112fc6b76f8e7b7d274e6451108df577d2bac8a43b97eafd5d7e222c74ec6,Ksunu',https://tay.wikipedia.org/w/index.php?oldid=17099 | https://tay.wikipedia.org/w/index.php?oldid=55990,The pre-scrape source title redirects to the same retained article
Atayal/mrhuw_pspun_kwara'pcywagun_pqbaq.xml,Wiki_Atayal_mrhuw_pspun_kwara'pcywagun_pqbaq,Atayal/Kyo’ikbu.xml,Wiki_Atayal_Kyo’ikbu,Kyo’ikbu,10dce8ce7b021db7488407346b152c2ed5b27505b91223704c455aae531c8f25,mrhuw pspun kwara'pcywagun pqbaq,https://tay.wikipedia.org/w/index.php?oldid=53757 | https://tay.wikipedia.org/w/index.php?oldid=54563,The pre-scrape source title redirects to the same retained article
Atayal/Laso‘ay.xml,Wiki_Atayal_Laso‘ay,Atayal/Laso’ay.xml,Wiki_Atayal_Laso’ay,Laso’ay,ff098e8091828ac09a25cc26d7b3e338d57e5b43b0519c853a8e1d75d18978d2,Laso‘ay,https://tay.wikipedia.org/w/index.php?oldid=18059 | https://tay.wikipedia.org/w/index.php?oldid=56027,The pre-scrape source title redirects to the same retained article
Atayal/Losing･Watan.xml,Wiki_Atayal_Losing･Watan,Atayal/Losing_Watan.xml,Wiki_Atayal_Losing_Watan,Losing Watan,ba2e5b1872f53912981e9a4b9aff838658658dc57fe2ac9f986b5aff1121185f,Losing･Watan,https://tay.wikipedia.org/w/index.php?oldid=54052 | https://tay.wikipedia.org/w/index.php?oldid=54051,The pre-scrape source title redirects to the same retained article
Atayal/Lyuhanci.xml,Wiki_Atayal_Lyuhanci,Atayal/Ryuhanci.xml,Wiki_Atayal_Ryuhanci,Ryuhanci,3862e2b147966f354d3a408b07c8a85648a936efd638c842ee27bca8df7b05a7,Lyuhanci,https://tay.wikipedia.org/w/index.php?oldid=53887 | https://tay.wikipedia.org/w/index.php?oldid=54725,The pre-scrape source title redirects to the same retained article
Atayal/Ｍami.xml,Wiki_Atayal_Ｍami,Atayal/Mami.xml,Wiki_Atayal_Mami,Mami,5c894f4159c2400071b0e2958992d158ae7f41298c477b604796fc8a30b24ebf,Ｍami,https://tay.wikipedia.org/w/index.php?oldid=44446 | https://tay.wikipedia.org/w/index.php?oldid=56073,The pre-scrape source title redirects to the same retained article
Atayal/Pa'anifong.xml,Wiki_Atayal_Pa'anifong,Atayal/Pa’anifong.xml,Wiki_Atayal_Pa’anifong,Pa’anifong,366a6192af07286bd82a2e76fc0eeb980b9a36cdfffa65cf61d41874e3a3592a,Pa'anifong,https://tay.wikipedia.org/w/index.php?oldid=23049 | https://tay.wikipedia.org/w/index.php?oldid=56180,The pre-scrape source title redirects to the same retained article
Atayal/潘文忠.xml,Wiki_Atayal_潘文忠,Atayal/Panwenchung.xml,Wiki_Atayal_Panwenchung,Panwenchung,39525474b9ce347c85ab04fc785698a98efada9a17e33a16a8d2b0f0eee10df6,潘文忠,https://tay.wikipedia.org/w/index.php?oldid=53770 | https://tay.wikipedia.org/w/index.php?oldid=54420,The pre-scrape source title redirects to the same retained article
Atayal/Pintriqan_Skaru.xml,Wiki_Atayal_Pintriqan_Skaru,Atayal/Pintriqan_Skaru’.xml,Wiki_Atayal_Pintriqan_Skaru’,Pintriqan Skaru’,11263c99c2427f8fd8ba1e66082715bfc916e63eb90da6be343010c1bb03e687,Pintriqan Skaru,https://tay.wikipedia.org/w/index.php?oldid=24096 | https://tay.wikipedia.org/w/index.php?oldid=24110,The pre-scrape source title redirects to the same retained article
Atayal/Polo't.xml,Wiki_Atayal_Polo't,Atayal/Polo’t.xml,Wiki_Atayal_Polo’t,Polo’t,4e2d0e6689f9ced2c3c17f3b4abebc6f04cf4f3619bfecaa079525d3eccba2b9,Polo't,https://tay.wikipedia.org/w/index.php?oldid=24251 | https://tay.wikipedia.org/w/index.php?oldid=56192,The pre-scrape source title redirects to the same retained article
Atayal/Solanum_nigrum.xml,Wiki_Atayal_Solanum_nigrum,Atayal/wasiq.xml,Wiki_Atayal_wasiq,wasiq,0946a8ea502c28021dd433e2753a92a0152baabd3f96da9e7ce9a74643886087,Solanum nigrum,https://tay.wikipedia.org/w/index.php?oldid=44713 | https://tay.wikipedia.org/w/index.php?oldid=42287,The pre-scrape source title redirects to the same retained article
Atayal/Squliq_Atayalrhzyal.xml,Wiki_Atayal_Squliq_Atayalrhzyal,Atayal/rhzyal(土地).xml,Wiki_Atayal_rhzyal(土地),rhzyal(土地),16868b346cad2acb816bdea1b773cb1fcb9adf5e3651b62e350c3f3c775e284c,Squliq Atayal/rhzyal,https://tay.wikipedia.org/w/index.php?oldid=28221 | https://tay.wikipedia.org/w/index.php?oldid=40673,The pre-scrape source title redirects to the same retained article
Atayal/rhzyal.xml,Wiki_Atayal_rhzyal,Atayal/rhzyal(土地).xml,Wiki_Atayal_rhzyal(土地),rhzyal(土地),16868b346cad2acb816bdea1b773cb1fcb9adf5e3651b62e350c3f3c775e284c,rhzyal,https://tay.wikipedia.org/w/index.php?oldid=40663 | https://tay.wikipedia.org/w/index.php?oldid=40673,The pre-scrape source title redirects to the same retained article
Atayal/Su'aci.xml,Wiki_Atayal_Su'aci,Atayal/Su’aci.xml,Wiki_Atayal_Su’aci,Su’aci,4eb3a7cf0228fcbdeb7d825ecbf30d197f6abe01d5421e2fd60c7cc03669291a,Su'aci,https://tay.wikipedia.org/w/index.php?oldid=28350 | https://tay.wikipedia.org/w/index.php?oldid=56330,The pre-scrape source title redirects to the same retained article
Atayal/泰雅族維基百科命名學.xml,Wiki_Atayal_泰雅族維基百科命名學,Atayal/Yuri.xml,Wiki_Atayal_Yuri,Yuri,3601395f631e8008fa1afcaf186b33fc65738463b86d90917feed259bce69097,泰雅族維基百科命名學,https://tay.wikipedia.org/w/index.php?oldid=62008 | https://tay.wikipedia.org/w/index.php?oldid=63831,The pre-scrape source title redirects to the same retained article
Atayal/編寫新頁面.xml,Wiki_Atayal_編寫新頁面,Atayal/Yuri.xml,Wiki_Atayal_Yuri,Yuri,3601395f631e8008fa1afcaf186b33fc65738463b86d90917feed259bce69097,編寫新頁面,https://tay.wikipedia.org/w/index.php?oldid=62056 | https://tay.wikipedia.org/w/index.php?oldid=63831,The pre-scrape source title redirects to the same retained article
Atayal/alang_na_cyoli_bih_llyung_Klesan_lela(南澳泰雅人的舊部落).xml,Wiki_Atayal_alang_na_cyoli_bih_llyung_Klesan_lela(南澳泰雅人的舊部落),Atayal/alang_na_cyoli_bih_llyung_Klesan_lela.xml,Wiki_Atayal_alang_na_cyoli_bih_llyung_Klesan_lela,alang na cyoli bih llyung Klesan lela,de88697f18b2dc799f9faac711296e88050b78b13a1b0003eaedd7a6efadd787,alang na cyoli bih llyung Klesan lela(南澳泰雅人的舊部落),https://tay.wikipedia.org/w/index.php?oldid=34108 | https://tay.wikipedia.org/w/index.php?oldid=62841,The pre-scrape source title redirects to the same retained article
Atayal/ayang(湯).xml,Wiki_Atayal_ayang(湯),Atayal/ayang.xml,Wiki_Atayal_ayang,ayang,2388994dd577d6260869a7e7a1234210f2f1fab2e9ce455a314ef267f5fc1d3b,ayang(湯),https://tay.wikipedia.org/w/index.php?oldid=34132 | https://tay.wikipedia.org/w/index.php?oldid=34130,The pre-scrape source title redirects to the same retained article
Atayal/betunux(美麗的;漂亮的).xml,Wiki_Atayal_betunux(美麗的;漂亮的),Atayal/betunux.xml,Wiki_Atayal_betunux,betunux,817537d540b882ed7fda06607dc51b63f8ace7156b4add3b611bf0eef2db581a,betunux(美麗的;漂亮的),https://tay.wikipedia.org/w/index.php?oldid=34280 | https://tay.wikipedia.org/w/index.php?oldid=34278,The pre-scrape source title redirects to the same retained article
Atayal/biru’.xml,Wiki_Atayal_biru’,Atayal/biru.xml,Wiki_Atayal_biru,biru,45c99eb05c31823c30cbf59b460411f65b1879da2102db603f29ce8ca6fa2b36,biru’,https://tay.wikipedia.org/w/index.php?oldid=34323 | https://tay.wikipedia.org/w/index.php?oldid=34316,The pre-scrape source title redirects to the same retained article
Atayal/c'oli_Tayal.xml,Wiki_Atayal_c'oli_Tayal,Atayal/kgi.xml,Wiki_Atayal_kgi,kgi,8c04895790889723a206f6b3c872b2109d1fea721f59efd874922f9e0faba29a,c'oli Tayal,https://tay.wikipedia.org/w/index.php?oldid=34517 | https://tay.wikipedia.org/w/index.php?oldid=36275,The pre-scrape source title redirects to the same retained article
Atayal/gaga_klahang_cinlangan(社會制度).xml,Wiki_Atayal_gaga_klahang_cinlangan(社會制度),Atayal/gaga_klahang_cinlangan.xml,Wiki_Atayal_gaga_klahang_cinlangan,gaga klahang cinlangan,41fc7a36786cf55b24500ed182d0bd5a515e8dadad6079e95ee24da61470c773,gaga klahang cinlangan(社會制度),https://tay.wikipedia.org/w/index.php?oldid=34701 | https://tay.wikipedia.org/w/index.php?oldid=34699,The pre-scrape source title redirects to the same retained article
Atayal/gaga_na_p’umah_cyoli(傳統農耕方式).xml,Wiki_Atayal_gaga_na_p’umah_cyoli(傳統農耕方式),Atayal/gaga_na_p’umah_cyoli.xml,Wiki_Atayal_gaga_na_p’umah_cyoli,gaga na p’umah cyoli,167dde50f0e96eaab98ead06fafbfa99a95db5ab939a21e1f3241527ab80ffe8,gaga na p’umah cyoli(傳統農耕方式),https://tay.wikipedia.org/w/index.php?oldid=34834 | https://tay.wikipedia.org/w/index.php?oldid=34832,The pre-scrape source title redirects to the same retained article
Atayal/gaga_pu’ing_snhyan(傳統信仰).xml,Wiki_Atayal_gaga_pu’ing_snhyan(傳統信仰),Atayal/gaga_pu’ing_snhyan.xml,Wiki_Atayal_gaga_pu’ing_snhyan,gaga pu’ing snhyan,01b9e81aac77120fec5cba418d711db2aa694f16c078c8217234d36e1556a369,gaga pu’ing snhyan(傳統信仰),https://tay.wikipedia.org/w/index.php?oldid=34886 | https://tay.wikipedia.org/w/index.php?oldid=34884,The pre-scrape source title redirects to the same retained article
Atayal/honguutux.xml,Wiki_Atayal_honguutux,Atayal/hongu'_utux.xml,Wiki_Atayal_hongu'_utux,hongu' utux,ee9b54ae14acd07f07e3c120ccfaff51433fdd11b5b30188715686ebc011d0ce,honguutux,https://tay.wikipedia.org/w/index.php?oldid=60022 | https://tay.wikipedia.org/w/index.php?oldid=60024,The pre-scrape source title redirects to the same retained article
Atayal/khu'.xml,Wiki_Atayal_khu',Atayal/khu’.xml,Wiki_Atayal_khu’,khu’,49bd02b4f784b359aef0ca16b526166bfeac856d86c514e09553ece9bfdffa55,khu',https://tay.wikipedia.org/w/index.php?oldid=36286 | https://tay.wikipedia.org/w/index.php?oldid=36302,The pre-scrape source title redirects to the same retained article
Atayal/kperay.xml,Wiki_Atayal_kperay,Atayal/tmayan.xml,Wiki_Atayal_tmayan,tmayan,51a2483dece1f2ad19534a0ebeba11b70f9f4251ce474a1d4fc6ae1f0fa76d38,kperay,https://tay.wikipedia.org/w/index.php?oldid=60026 | https://tay.wikipedia.org/w/index.php?oldid=65316,The pre-scrape source title redirects to the same retained article
Atayal/kyokay_(教會).xml,Wiki_Atayal_kyokay_(教會),Atayal/kyokay.xml,Wiki_Atayal_kyokay,kyokay,e91d3ca436dbd6c38479022aa8da22e14bef5505c23e3e7abcd5552ff872cef2,kyokay (教會),https://tay.wikipedia.org/w/index.php?oldid=36608 | https://tay.wikipedia.org/w/index.php?oldid=36606,The pre-scrape source title redirects to the same retained article
Atayal/lhbun_(胃).xml,Wiki_Atayal_lhbun_(胃),Atayal/lhbun.xml,Wiki_Atayal_lhbun,lhbun,4d7fb0e92bb413e66f433f62ea972adeacf73a90571edeabbb36056361613cc6,lhbun (胃),https://tay.wikipedia.org/w/index.php?oldid=54133 | https://tay.wikipedia.org/w/index.php?oldid=61489,The pre-scrape source title redirects to the same retained article
Atayal/mrhow_na_alang_(部落領袖).xml,Wiki_Atayal_mrhow_na_alang_(部落領袖),Atayal/mrhow_na_alang.xml,Wiki_Atayal_mrhow_na_alang,mrhow na alang,c0594a065d658a568c2a8e659f79d47e2407e547505b17abf3a63ef878ac9641,mrhow na alang (部落領袖),https://tay.wikipedia.org/w/index.php?oldid=37532 | https://tay.wikipedia.org/w/index.php?oldid=63327,The pre-scrape source title redirects to the same retained article
Atayal/msin (1).xml,Wiki_Atayal_msin_,Atayal/msin.xml,Wiki_Atayal_msin,msin,b5962cc7340c433d875a63186e35ff75075cea9f9b6eb779dcd52475d721c209,msin ....,https://tay.wikipedia.org/w/index.php?oldid=33726 | https://tay.wikipedia.org/w/index.php?oldid=37566,The pre-scrape source title redirects to the same retained article
Atayal/pila'_(錢).xml,Wiki_Atayal_pila'_(錢),Atayal/pila'.xml,Wiki_Atayal_pila',pila',6f2d2061db72045e7411a6d178c570a017c2366eef85da4802a42a2f99c4ddb3,pila' (錢),https://tay.wikipedia.org/w/index.php?oldid=54135 | https://tay.wikipedia.org/w/index.php?oldid=61491,The pre-scrape source title redirects to the same retained article
Atayal/pila.xml,Wiki_Atayal_pila,Atayal/pila'.xml,Wiki_Atayal_pila',pila',6f2d2061db72045e7411a6d178c570a017c2366eef85da4802a42a2f99c4ddb3,pila,https://tay.wikipedia.org/w/index.php?oldid=59665 | https://tay.wikipedia.org/w/index.php?oldid=61491,The pre-scrape source title redirects to the same retained article
Atayal/pila_lban.xml,Wiki_Atayal_pila_lban,Atayal/pila'_brbar.xml,Wiki_Atayal_pila'_brbar,pila' brbar,c6fdd1966b3d84a0cf015d549f8c8cb75c02e07b92b16a8878055e237d6b0649,pila lban,https://tay.wikipedia.org/w/index.php?oldid=59667 | https://tay.wikipedia.org/w/index.php?oldid=64678,The pre-scrape source title redirects to the same retained article
Atayal/pkita_kayal_ro_in’yanux_Tayal(生活與氣候).xml,Wiki_Atayal_pkita_kayal_ro_in’yanux_Tayal(生活與氣候),Atayal/pkita_kayal_ro_in’yanux_Tayal.xml,Wiki_Atayal_pkita_kayal_ro_in’yanux_Tayal,pkita kayal ro in’yanux Tayal,3144606dc6d8858a4bf988aed976ad28cda95fa216daeaa78a645ec8ac82eae2,pkita kayal ro in’yanux Tayal(生活與氣候),https://tay.wikipedia.org/w/index.php?oldid=39389 | https://tay.wikipedia.org/w/index.php?oldid=39387,The pre-scrape source title redirects to the same retained article
Atayal/pn’yuwan_na_Mgaga(馘首傳說).xml,Wiki_Atayal_pn’yuwan_na_Mgaga(馘首傳說),Atayal/pn’yuwan_na_Mgaga.xml,Wiki_Atayal_pn’yuwan_na_Mgaga,pn’yuwan na Mgaga,55a234971e8f075753d55e1d42dedec00deaf5cb06b896c96a8ff26882d8f07f,pn’yuwan na Mgaga(馘首傳說),https://tay.wikipedia.org/w/index.php?oldid=39616 | https://tay.wikipedia.org/w/index.php?oldid=39614,The pre-scrape source title redirects to the same retained article
Atayal/posa_rusa_r.xml,Wiki_Atayal_posa_rusa_r,Atayal/posa_rusa.xml,Wiki_Atayal_posa_rusa,posa rusa,457db5e04cd4df8aa4612c0694cb0bff7aa9f84d704785b7c991e87a02cd1c16,posa rusa r,https://tay.wikipedia.org/w/index.php?oldid=39628 | https://tay.wikipedia.org/w/index.php?oldid=39626,The pre-scrape source title redirects to the same retained article
Atayal/psaniq(禁忌).xml,Wiki_Atayal_psaniq(禁忌),Atayal/psaniq.xml,Wiki_Atayal_psaniq,psaniq,a4dab2a55020506530e82dbd81d2ac8b571e37b0b619e6d1eacd452bfc1fe5d9,psaniq(禁忌),https://tay.wikipedia.org/w/index.php?oldid=39646 | https://tay.wikipedia.org/w/index.php?oldid=39644,The pre-scrape source title redirects to the same retained article
Atayal/p’yugan_pnmahan_na_Tayal(產業型態的變遷).xml,Wiki_Atayal_p’yugan_pnmahan_na_Tayal(產業型態的變遷),Atayal/p’yugan_pnmahan_na_Tayal.xml,Wiki_Atayal_p’yugan_pnmahan_na_Tayal,p’yugan pnmahan na Tayal,ce3dfc90a52808202c4f7e520da9be97a5e15bbbd557d8f08fb33c61519dec93,p’yugan pnmahan na Tayal(產業型態的變遷),https://tay.wikipedia.org/w/index.php?oldid=39764 | https://tay.wikipedia.org/w/index.php?oldid=39762,The pre-scrape source title redirects to the same retained article
Atayal/qsya’.xml,Wiki_Atayal_qsya’,Atayal/qsya.xml,Wiki_Atayal_qsya,qsya,7205a07fccefe4b5676179734c306bad48a966a97249010e13eff4b1790594ce,qsya’,https://tay.wikipedia.org/w/index.php?oldid=40350 | https://tay.wikipedia.org/w/index.php?oldid=40345,The pre-scrape source title redirects to the same retained article
Atayal/qusulqinuw.xml,Wiki_Atayal_qusulqinuw,Atayal/qusul.xml,Wiki_Atayal_qusul,qusul,cd365865cb39808c63b7e679ecd2c44ca1bed97fd03709187d64e4cbadd9f346,qusul/qinuw,https://tay.wikipedia.org/w/index.php?oldid=40401 | https://tay.wikipedia.org/w/index.php?oldid=40392,The pre-scrape source title redirects to the same retained article
Atayal/qutux_gluw(同一族同一團同一組同一夥同事).xml,Wiki_Atayal_qutux_gluw(同一族同一團同一組同一夥同事),Atayal/qutux_gluw.xml,Wiki_Atayal_qutux_gluw,qutux gluw,7353ff37e6a73af34aaaa7a3a4988cacca296018ae43dbd213e04132d1b24870,qutux gluw(同一族/同一團/同一組/同一夥/同事),https://tay.wikipedia.org/w/index.php?oldid=40426 | https://tay.wikipedia.org/w/index.php?oldid=40424,The pre-scrape source title redirects to the same retained article
Atayal/skura_yow_na_mita_inkyasan_’sya_ro_urow(水文與土壤).xml,Wiki_Atayal_skura_yow_na_mita_inkyasan_’sya_ro_urow(水文與土壤),Atayal/skura_yow_na_mita_inkyasan_’sya_ro_urow.xml,Wiki_Atayal_skura_yow_na_mita_inkyasan_’sya_ro_urow,skura yow na mita inkyasan ’sya ro urow,504a00fcc0f06f92cad45be8a348d2b03bd2c68bcb0c22edba770bb398b68af1,skura yow na mita inkyasan ’sya ro urow(水文與土壤),https://tay.wikipedia.org/w/index.php?oldid=40873 | https://tay.wikipedia.org/w/index.php?oldid=40871,The pre-scrape source title redirects to the same retained article
Atayal/smlalu'.xml,Wiki_Atayal_smlalu',Atayal/smlalu.xml,Wiki_Atayal_smlalu,smlalu,e3823ca9e7f5f0d07af7b2dba4c12a729a7ab4c1f565ec7c2e292191eecdea06,smlalu',https://tay.wikipedia.org/w/index.php?oldid=62055 | https://tay.wikipedia.org/w/index.php?oldid=62019,The pre-scrape source title redirects to the same retained article
Atayal/smlalu’.xml,Wiki_Atayal_smlalu’,Atayal/smlalu.xml,Wiki_Atayal_smlalu,smlalu,e3823ca9e7f5f0d07af7b2dba4c12a729a7ab4c1f565ec7c2e292191eecdea06,smlalu’,https://tay.wikipedia.org/w/index.php?oldid=62018 | https://tay.wikipedia.org/w/index.php?oldid=62019,The pre-scrape source title redirects to the same retained article
Atayal/urow_knkyan_ta_ro_alang_Tayal_bih_llyung_Klesan(南澳泰雅人的地理與聚落分布).xml,Wiki_Atayal_urow_knkyan_ta_ro_alang_Tayal_bih_llyung_Klesan(南澳泰雅人的地理與聚落分布),Atayal/urow_knkyan_ta_ro_alang_Tayal_bih_llyung_Klesan.xml,Wiki_Atayal_urow_knkyan_ta_ro_alang_Tayal_bih_llyung_Klesan,urow knkyan ta ro alang Tayal bih llyung Klesan,636c7a4df051d1d27b0cd471fd20820989f9f4a6ace343520ee4d2d18bc01d46,urow knkyan ta ro alang Tayal bih llyung Klesan(南澳泰雅人的地理與聚落分布),https://tay.wikipedia.org/w/index.php?oldid=42201 | https://tay.wikipedia.org/w/index.php?oldid=52770,The pre-scrape source title redirects to the same retained article
Atayal/wagi'(太陽).xml,Wiki_Atayal_wagi'(太陽),Atayal/wagi'.xml,Wiki_Atayal_wagi',wagi',0e8307c1d14fc65a38c9dc7891e79d3945d7326272e07ca555b41e10238a4a3e,wagi'(太陽),https://tay.wikipedia.org/w/index.php?oldid=53674 | https://tay.wikipedia.org/w/index.php?oldid=58039,The pre-scrape source title redirects to the same retained article
Atayal/wagi(太陽).xml,Wiki_Atayal_wagi(太陽),Atayal/wagi'.xml,Wiki_Atayal_wagi',wagi',0e8307c1d14fc65a38c9dc7891e79d3945d7326272e07ca555b41e10238a4a3e,wagi(太陽),https://tay.wikipedia.org/w/index.php?oldid=53825 | https://tay.wikipedia.org/w/index.php?oldid=58039,The pre-scrape source title redirects to the same retained article
Atayal/wagi.xml,Wiki_Atayal_wagi,Atayal/wagi'.xml,Wiki_Atayal_wagi',wagi',0e8307c1d14fc65a38c9dc7891e79d3945d7326272e07ca555b41e10238a4a3e,wagi,https://tay.wikipedia.org/w/index.php?oldid=53826 | https://tay.wikipedia.org/w/index.php?oldid=58039,The pre-scrape source title redirects to the same retained article
Atayal/’nxan_na_mlikuy_ro_knerin_Tayal(男女成長).xml,Wiki_Atayal_’nxan_na_mlikuy_ro_knerin_Tayal(男女成長),Atayal/’nxan_na_mlikuy_ro_knerin_Tayal.xml,Wiki_Atayal_’nxan_na_mlikuy_ro_knerin_Tayal,’nxan na mlikuy ro knerin Tayal,9d1eb593c90d8f74d2a5073a8d3e4fc77548b03fc5c7a5f322a2129810d278fd,’nxan na mlikuy ro knerin Tayal(男女成長),https://tay.wikipedia.org/w/index.php?oldid=44070 | https://tay.wikipedia.org/w/index.php?oldid=62843,The pre-scrape source title redirects to the same retained article
Paiwan/Chunri.xml,Wiki_Paiwan_Chunri,Paiwan/Kasugagu.xml,Wiki_Paiwan_Kasugagu,Kasugagu,ca68d05ae996c42e5e3b7301daec3bd6f0dbe9e2b813e45d129ea97e93766281,Chunri,https://pwn.wikipedia.org/w/index.php?oldid=7902 | https://pwn.wikipedia.org/w/index.php?oldid=11745,The pre-scrape source title redirects to the same retained article
Paiwan/Daren.xml,Wiki_Paiwan_Daren,Paiwan/Tadren.xml,Wiki_Paiwan_Tadren,Tadren,e6be3aa13dfe98b0ed669984589bacc87568341b98f056f08f70da239f5bd59e,Daren,https://pwn.wikipedia.org/w/index.php?oldid=7914 | https://pwn.wikipedia.org/w/index.php?oldid=12439,The pre-scrape source title redirects to the same retained article
Paiwan/Yang_Yung-wei.xml,Wiki_Paiwan_Yang_Yung-wei,Paiwan/Drangadrang_Yang.xml,Wiki_Paiwan_Drangadrang_Yang,Drangadrang Yang,7b2e6e0f9fb9acd1767cec10a4c695899937aef538459c0a6006a7314bf7f277,Yang Yung-wei,https://pwn.wikipedia.org/w/index.php?oldid=4676 | https://pwn.wikipedia.org/w/index.php?oldid=12928,The pre-scrape source title redirects to the same retained article
Paiwan/Finland.xml,Wiki_Paiwan_Finland,Paiwan/vinlan.xml,Wiki_Paiwan_vinlan,vinlan,5fe2fd5a25042ea00c7d7e63e65ab6ed70f28a768c213beb37809b7b58100d1f,Finland,https://pwn.wikipedia.org/w/index.php?oldid=6306 | https://pwn.wikipedia.org/w/index.php?oldid=11198,The pre-scrape source title redirects to the same retained article
Paiwan/Jinfeng.xml,Wiki_Paiwan_Jinfeng,"Paiwan/Kinezang,_Taitu.xml","Wiki_Paiwan_Kinezang,_Taitu","Kinezang, Taitu",87d1c766ce973143b4d5029f70aebcfb398568bb8e479602cbfb82acdc7b4aaa,Jinfeng,https://pwn.wikipedia.org/w/index.php?oldid=12878 | https://pwn.wikipedia.org/w/index.php?oldid=12879,The pre-scrape source title redirects to the same retained article
Paiwan/Yasunari_Kawabata.xml,Wiki_Paiwan_Yasunari_Kawabata,Paiwan/Kawabata_Yasunari.xml,Wiki_Paiwan_Kawabata_Yasunari,Kawabata Yasunari,008b713ebe462158c995b845bf9cf54095d8c694d8c02179e4def08d96adb45f,Yasunari Kawabata,https://pwn.wikipedia.org/w/index.php?oldid=8240 | https://pwn.wikipedia.org/w/index.php?oldid=12273,The pre-scrape source title redirects to the same retained article
Paiwan/Laiyi.xml,Wiki_Paiwan_Laiyi,Paiwan/Tjaljaqavus.xml,Wiki_Paiwan_Tjaljaqavus,Tjaljaqavus,44df2061178b69c2ec65588cfd07838d98a9bc4d4cfe3d37b7c2f4a68a2a281b,Laiyi,https://pwn.wikipedia.org/w/index.php?oldid=7912 | https://pwn.wikipedia.org/w/index.php?oldid=12350,The pre-scrape source title redirects to the same retained article
Paiwan/Majia.xml,Wiki_Paiwan_Majia,Paiwan/Makagu.xml,Wiki_Paiwan_Makagu,Makagu,7acf483cc52c893070eb47f32876d322ab91b3fc68598d59a112af46c6212067,Majia,https://pwn.wikipedia.org/w/index.php?oldid=7904 | https://pwn.wikipedia.org/w/index.php?oldid=13004,The pre-scrape source title redirects to the same retained article
Paiwan/Manzhou.xml,Wiki_Paiwan_Manzhou,Paiwan/Vangecul.xml,Wiki_Paiwan_Vangecul,Vangecul,ed0156aae94fbe74135c99727c0118547cd858f7996a9deddfec95fee0bffa06,Manzhou,https://pwn.wikipedia.org/w/index.php?oldid=7906 | https://pwn.wikipedia.org/w/index.php?oldid=12755,The pre-scrape source title redirects to the same retained article
Paiwan/Mikaoji_Kung'yu.xml,Wiki_Paiwan_Mikaoji_Kung'yu,Paiwan/Mikawci_Kung'yu.xml,Wiki_Paiwan_Mikawci_Kung'yu,Mikawci Kung'yu,d902df2f0b5e9f8d075f75630542fe7b5143157f0bea6192970614015c94bace,Mikaoji Kung'yu,https://pwn.wikipedia.org/w/index.php?oldid=7855 | https://pwn.wikipedia.org/w/index.php?oldid=12602,The pre-scrape source title redirects to the same retained article
Paiwan/Mudan.xml,Wiki_Paiwan_Mudan,Paiwan/Sinvaudjan.xml,Wiki_Paiwan_Sinvaudjan,Sinvaudjan,0ae1747ca587071014d965807497d551c572c59954d5b6f01c85d35e714d68d0,Mudan,https://pwn.wikipedia.org/w/index.php?oldid=7908 | https://pwn.wikipedia.org/w/index.php?oldid=12441,The pre-scrape source title redirects to the same retained article
Paiwan/Sandimen.xml,Wiki_Paiwan_Sandimen,Paiwan/Tjimur.xml,Wiki_Paiwan_Tjimur,Tjimur,99e36f903cbf04c1b34e2cb70209fb0ba31d4ebb63a5b0c3cd7a085886251c0c,Sandimen,https://pwn.wikipedia.org/w/index.php?oldid=7910 | https://pwn.wikipedia.org/w/index.php?oldid=12959,The pre-scrape source title redirects to the same retained article
Paiwan/Taimali.xml,Wiki_Paiwan_Taimali,Paiwan/Tjavualji.xml,Wiki_Paiwan_Tjavualji,Tjavualji,c49ea6b34fb4613d4fb85691643989534bd54c095c8cb8bdafbc7999cead6205,Taimali,https://pwn.wikipedia.org/w/index.php?oldid=7916 | https://pwn.wikipedia.org/w/index.php?oldid=12759,The pre-scrape source title redirects to the same retained article
Paiwan/Taitung.xml,Wiki_Paiwan_Taitung,Paiwan/valangaw.xml,Wiki_Paiwan_valangaw,valangaw,2868b25519579e49580caf1fa5154e0e30c6c926a6fa6cb4855a8b2e7a4892c6,Taitung,https://pwn.wikipedia.org/w/index.php?oldid=3770 | https://pwn.wikipedia.org/w/index.php?oldid=12763,The pre-scrape source title redirects to the same retained article
Paiwan/ika_mapapatjavat_a_paysu.xml,Wiki_Paiwan_ika_mapapatjavat_a_paysu,Paiwan/ika_mapavalit_a_paysu.xml,Wiki_Paiwan_ika_mapavalit_a_paysu,ika mapavalit a paysu,48b5785db6b3397d1749abe43e54ea2b18a8fc5dfd3347c5958d18762335cbf0,ika mapapatjavat a paysu,https://pwn.wikipedia.org/w/index.php?oldid=6647 | https://pwn.wikipedia.org/w/index.php?oldid=11569,The pre-scrape source title redirects to the same retained article
Paiwan/karuveljevalj.xml,Wiki_Paiwan_karuveljevalj,Paiwan/karuveljevelj.xml,Wiki_Paiwan_karuveljevelj,karuveljevelj,7bd55e98ef81a5d336e216d5a6f0ce51dfbcd37d9e0c2ef4923695df38594e68,karuveljevalj,https://pwn.wikipedia.org/w/index.php?oldid=7284 | https://pwn.wikipedia.org/w/index.php?oldid=11223,The pre-scrape source title redirects to the same retained article
Paiwan/makav.xml,Wiki_Paiwan_makav,Paiwan/mukav.xml,Wiki_Paiwan_mukav,mukav,510d5d76969c869a52e6eb1c10be47cac2b591249e9d038fbd5fb9608f7ba34b,makav,https://pwn.wikipedia.org/w/index.php?oldid=11700 | https://pwn.wikipedia.org/w/index.php?oldid=11710,The pre-scrape source title redirects to the same retained article
Sakizaya/'Oponoho.xml,Wiki_Sakizaya_'Oponoho,Sakizaya/’Oponoho.xml,Wiki_Sakizaya_’Oponoho,’Oponoho,d90254261dbada2accacf21fc0e036e0b7f872c63949e0f5372e75ac262a45ea,'Oponoho,https://szy.wikipedia.org/w/index.php?oldid=19 | https://szy.wikipedia.org/w/index.php?oldid=133383,The pre-scrape source title redirects to the same retained article
Sakizaya/‘Oponoho.xml,Wiki_Sakizaya_‘Oponoho,Sakizaya/’Oponoho.xml,Wiki_Sakizaya_’Oponoho,’Oponoho,d90254261dbada2accacf21fc0e036e0b7f872c63949e0f5372e75ac262a45ea,‘Oponoho,https://szy.wikipedia.org/w/index.php?oldid=84502 | https://szy.wikipedia.org/w/index.php?oldid=133383,The pre-scrape source title redirects to the same retained article
Sakizaya/2020_a_mih’caan_malaheci_amitena’_tu_masaadipingay_a_ledek_i_Taywan.xml,Wiki_Sakizaya_2020_a_mih’caan_malaheci_amitena’_tu_masaadipingay_a_ledek_i_Taywan,Sakizaya/2020_a_mihcaan_malaheci_amitena'_tu_masaadipingay_a_ledek_i_Taywan.xml,Wiki_Sakizaya_2020_a_mihcaan_malaheci_amitena'_tu_masaadipingay_a_ledek_i_Taywan,2020 a mihcaan malaheci amitena' tu masaadipingay a ledek i Taywan,3f30d7e10d664e692f87d8cf84872ccdad65cc4ca55928683ea8253229b1780c,2020 a mih’caan malaheci amitena’ tu masaadipingay a ledek i Taywan,https://szy.wikipedia.org/w/index.php?oldid=94493 | https://szy.wikipedia.org/w/index.php?oldid=124700,The pre-scrape source title redirects to the same retained article
"Sakizaya/a_mitena’_tu_masaadipingay_a_ledek_a_imelang,_Taywan_a_u_canan_ku_sapasubana’_tu_kawaw_i_kitakitay_a_ulic.xml","Wiki_Sakizaya_a_mitena’_tu_masaadipingay_a_ledek_a_imelang,_Taywan_a_u_canan_ku_sapasubana’_tu_kawaw_i_kitakitay_a_ulic",Sakizaya/2020_a_mihcaan_malaheci_amitena'_tu_masaadipingay_a_ledek_i_Taywan.xml,Wiki_Sakizaya_2020_a_mihcaan_malaheci_amitena'_tu_masaadipingay_a_ledek_i_Taywan,2020 a mihcaan malaheci amitena' tu masaadipingay a ledek i Taywan,3f30d7e10d664e692f87d8cf84872ccdad65cc4ca55928683ea8253229b1780c,"a mitena’ tu masaadipingay a ledek a imelang, Taywan a u canan ku sapasubana’ tu kawaw i kitakitay? a ulic",https://szy.wikipedia.org/w/index.php?oldid=131261 | https://szy.wikipedia.org/w/index.php?oldid=124700,The pre-scrape source title redirects to the same retained article
Sakizaya/United_States.xml,Wiki_Sakizaya_United_states,Sakizaya/Amuhuwan.xml,Wiki_Sakizaya_Amuhuwan,Amuhuwan,3a23dbfff1e9e95ebc2a53392c4794129d0e5b2aa96dc9fa76def51ab1b08b32,United states,https://szy.wikipedia.org/w/index.php?oldid=134759 | https://szy.wikipedia.org/w/index.php?oldid=134733,The pre-scrape source title redirects to the same retained article
Sakizaya/Andy_Lau.xml,Wiki_Sakizaya_Andy_Lau,Sakizaya/Lau_Tak_Wah.xml,Wiki_Sakizaya_Lau_Tak_Wah,Lau Tak Wah,428c647ac894be6dec4c0ed7b8df0e91b50dc723411b61129529f2cdbd704fcc,Andy Lau,https://szy.wikipedia.org/w/index.php?oldid=129751 | https://szy.wikipedia.org/w/index.php?oldid=140758,The pre-scrape source title redirects to the same retained article
Sakizaya/tademaw-Andy_Lau_Tak_Wah.xml,Wiki_Sakizaya_tademaw-Andy_Lau_Tak_Wah,Sakizaya/Lau_Tak_Wah.xml,Wiki_Sakizaya_Lau_Tak_Wah,Lau Tak Wah,428c647ac894be6dec4c0ed7b8df0e91b50dc723411b61129529f2cdbd704fcc,tademaw-Andy Lau Tak Wah,https://szy.wikipedia.org/w/index.php?oldid=131276 | https://szy.wikipedia.org/w/index.php?oldid=140758,The pre-scrape source title redirects to the same retained article
Sakizaya/劉德華.xml,Wiki_Sakizaya_劉德華,Sakizaya/Lau_Tak_Wah.xml,Wiki_Sakizaya_Lau_Tak_Wah,Lau Tak Wah,428c647ac894be6dec4c0ed7b8df0e91b50dc723411b61129529f2cdbd704fcc,劉德華,https://szy.wikipedia.org/w/index.php?oldid=131283 | https://szy.wikipedia.org/w/index.php?oldid=140758,The pre-scrape source title redirects to the same retained article
Sakizaya/Ariel.xml,Wiki_Sakizaya_Ariel,Sakizaya/Lin_Yi_Chen.xml,Wiki_Sakizaya_Lin_Yi_Chen,Lin Yi Chen,02b559f0b1d0398867acb4e059e2eb400037f1f17e6d92459dfee2fa46d27b50,Ariel,https://szy.wikipedia.org/w/index.php?oldid=131253 | https://szy.wikipedia.org/w/index.php?oldid=129752,The pre-scrape source title redirects to the same retained article
Sakizaya/Ariel_Lin.xml,Wiki_Sakizaya_Ariel_Lin,Sakizaya/Lin_Yi_Chen.xml,Wiki_Sakizaya_Lin_Yi_Chen,Lin Yi Chen,02b559f0b1d0398867acb4e059e2eb400037f1f17e6d92459dfee2fa46d27b50,Ariel Lin,https://szy.wikipedia.org/w/index.php?oldid=129753 | https://szy.wikipedia.org/w/index.php?oldid=129752,The pre-scrape source title redirects to the same retained article
Sakizaya/Ariel_Lin_(Taiwan).xml,Wiki_Sakizaya_Ariel_Lin_(Taiwan),Sakizaya/Lin_Yi_Chen.xml,Wiki_Sakizaya_Lin_Yi_Chen,Lin Yi Chen,02b559f0b1d0398867acb4e059e2eb400037f1f17e6d92459dfee2fa46d27b50,Ariel Lin (Taiwan),https://szy.wikipedia.org/w/index.php?oldid=131254 | https://szy.wikipedia.org/w/index.php?oldid=129752,The pre-scrape source title redirects to the same retained article
Sakizaya/Aristotle.xml,Wiki_Sakizaya_Aristotle,Sakizaya/Yalisetute.xml,Wiki_Sakizaya_Yalisetute,Yalisetute,ea45a835f32b4e7e5247953d8860d36dca7d5ad6c3167a44adf5e6cf0c4f2f96,Aristotle,https://szy.wikipedia.org/w/index.php?oldid=134096 | https://szy.wikipedia.org/w/index.php?oldid=134095,The pre-scrape source title redirects to the same retained article
Sakizaya/Asian_Iron_Man_Yang_-Chuan-Kwang.xml,Wiki_Sakizaya_Asian_Iron_Man_Yang_-Chuan-Kwang,Sakizaya/Maysang_Kalimud.xml,Wiki_Sakizaya_Maysang_Kalimud,Maysang Kalimud,09fd06573dab2fe822e368b9b2c82db0637d3adfecf17ce329a5a3881cbce4d6,Asian Iron Man Yang -Chuan-Kwang,https://szy.wikipedia.org/w/index.php?oldid=90340 | https://szy.wikipedia.org/w/index.php?oldid=121089,The pre-scrape source title redirects to the same retained article
Sakizaya/Yang_Chuan-kwang.xml,Wiki_Sakizaya_Yang_Chuan-kwang,Sakizaya/Maysang_Kalimud.xml,Wiki_Sakizaya_Maysang_Kalimud,Maysang Kalimud,09fd06573dab2fe822e368b9b2c82db0637d3adfecf17ce329a5a3881cbce4d6,Yang Chuan-kwang,https://szy.wikipedia.org/w/index.php?oldid=90338 | https://szy.wikipedia.org/w/index.php?oldid=121089,The pre-scrape source title redirects to the same retained article
Sakizaya/tademaw-Maysang_Kalimud(Yang_Chuan_Kuang).xml,Wiki_Sakizaya_tademaw-Maysang_Kalimud(Yang_Chuan_Kuang),Sakizaya/Maysang_Kalimud.xml,Wiki_Sakizaya_Maysang_Kalimud,Maysang Kalimud,09fd06573dab2fe822e368b9b2c82db0637d3adfecf17ce329a5a3881cbce4d6,tademaw-Maysang Kalimud(Yang Chuan Kuang),https://szy.wikipedia.org/w/index.php?oldid=85197 | https://szy.wikipedia.org/w/index.php?oldid=121089,The pre-scrape source title redirects to the same retained article
Sakizaya/Ben.xml,Wiki_Sakizaya_Ben,Sakizaya/Ben_Bentil.xml,Wiki_Sakizaya_Ben_Bentil,Ben Bentil,9868042545ca189cfbbbeef80e462789a6eb6f77dcc79f19d582e8b314e532a6,Ben,https://szy.wikipedia.org/w/index.php?oldid=85132 | https://szy.wikipedia.org/w/index.php?oldid=128192,The pre-scrape source title redirects to the same retained article
Sakizaya/Bitcoin.xml,Wiki_Sakizaya_Bitcoin,Sakizaya/Pitepi.xml,Wiki_Sakizaya_Pitepi,Pitepi,58f60189f15fd599132241a664f603f6777069717c53ba0326d80e19eac1dcac,Bitcoin,https://szy.wikipedia.org/w/index.php?oldid=138400 | https://szy.wikipedia.org/w/index.php?oldid=137190,The pre-scrape source title redirects to the same retained article
Sakizaya/₿.xml,Wiki_Sakizaya_₿,Sakizaya/Pitepi.xml,Wiki_Sakizaya_Pitepi,Pitepi,58f60189f15fd599132241a664f603f6777069717c53ba0326d80e19eac1dcac,₿,https://szy.wikipedia.org/w/index.php?oldid=138399 | https://szy.wikipedia.org/w/index.php?oldid=137190,The pre-scrape source title redirects to the same retained article
Sakizaya/Bobby_Chen.xml,Wiki_Sakizaya_Bobby_Chen,Sakizaya/Chen_Sheng.xml,Wiki_Sakizaya_Chen_Sheng,Chen Sheng,197d260464f11e13dbd91d3b8b5fe8c71386fdc06eb60be2a41b6255ad46e55f,Bobby Chen,https://szy.wikipedia.org/w/index.php?oldid=129749 | https://szy.wikipedia.org/w/index.php?oldid=129748,The pre-scrape source title redirects to the same retained article
Sakizaya/China.xml,Wiki_Sakizaya_China,Sakizaya/Cong-kow.xml,Wiki_Sakizaya_Cong-kow,Cong-kow,a3339679bea8eee83b38bba7a3897c26ed179404e21e3011db6e0b2cdacc309f,China,https://szy.wikipedia.org/w/index.php?oldid=134725 | https://szy.wikipedia.org/w/index.php?oldid=135240,The pre-scrape source title redirects to the same retained article
Sakizaya/Jay_Chou.xml,Wiki_Sakizaya_Jay_Chou,Sakizaya/Chou_Chieh_Lun.xml,Wiki_Sakizaya_Chou_Chieh_Lun,Chou Chieh Lun,f6323ff6adc9dc1a0e6b6ba3233e5fe346d717deb492057c9182abdd9d6e879a,Jay Chou,https://szy.wikipedia.org/w/index.php?oldid=129759 | https://szy.wikipedia.org/w/index.php?oldid=129758,The pre-scrape source title redirects to the same retained article
Sakizaya/tademaw-Jay_Chou.xml,Wiki_Sakizaya_tademaw-Jay_Chou,Sakizaya/Chou_Chieh_Lun.xml,Wiki_Sakizaya_Chou_Chieh_Lun,Chou Chieh Lun,f6323ff6adc9dc1a0e6b6ba3233e5fe346d717deb492057c9182abdd9d6e879a,tademaw-Jay Chou,https://szy.wikipedia.org/w/index.php?oldid=131279 | https://szy.wikipedia.org/w/index.php?oldid=129758,The pre-scrape source title redirects to the same retained article
Sakizaya/Vic_Chou.xml,Wiki_Sakizaya_Vic_Chou,Sakizaya/Chou_Yu_Min.xml,Wiki_Sakizaya_Chou_Yu_Min,Chou Yu Min,84d0819f68bad703d92d217fa6adb05fc5aeddf096c5fdd84fa9b7e58cae88aa,Vic Chou,https://szy.wikipedia.org/w/index.php?oldid=129757 | https://szy.wikipedia.org/w/index.php?oldid=129756,The pre-scrape source title redirects to the same retained article
Sakizaya/Cilo'ohay.xml,Wiki_Sakizaya_Cilo'ohay,Sakizaya/Cilo’ohay.xml,Wiki_Sakizaya_Cilo’ohay,Cilo’ohay,38de73b756419c6e39aa681041a020d800f9f1a019dc5c8311883925f2f653b3,Cilo'ohay,https://szy.wikipedia.org/w/index.php?oldid=16869 | https://szy.wikipedia.org/w/index.php?oldid=132551,The pre-scrape source title redirects to the same retained article
Sakizaya/Cinsiwsien.xml,Wiki_Sakizaya_Cinsiwsien,Sakizaya/Kim_Soo-hyun.xml,Wiki_Sakizaya_Kim_Soo-hyun,Kim Soo-hyun,c088cd4ad9427e621b0211a58c0ee047ddd77039d5eb693b323248f5c26291f2,Cinsiwsien,https://szy.wikipedia.org/w/index.php?oldid=129736 | https://szy.wikipedia.org/w/index.php?oldid=138642,The pre-scrape source title redirects to the same retained article
Sakizaya/tademaw-Cinsiwsien.xml,Wiki_Sakizaya_tademaw-Cinsiwsien,Sakizaya/Kim_Soo-hyun.xml,Wiki_Sakizaya_Kim_Soo-hyun,Kim Soo-hyun,c088cd4ad9427e621b0211a58c0ee047ddd77039d5eb693b323248f5c26291f2,tademaw-Cinsiwsien,https://szy.wikipedia.org/w/index.php?oldid=131277 | https://szy.wikipedia.org/w/index.php?oldid=138642,The pre-scrape source title redirects to the same retained article
Sakizaya/Ciyamayse賈梅士.xml,Wiki_Sakizaya_Ciyamayse賈梅士,Sakizaya/Ciyamayse.xml,Wiki_Sakizaya_Ciyamayse,Ciyamayse,100433608d7f60e9f627cc1d164ed82bc75ee2022d3aa10d11934fd573e6b0ee,Ciyamayse賈梅士,https://szy.wikipedia.org/w/index.php?oldid=128993 | https://szy.wikipedia.org/w/index.php?oldid=128995,The pre-scrape source title redirects to the same retained article
Sakizaya/Conghwaminku_Subana’ay_a_Pu.xml,Wiki_Sakizaya_Conghwaminku_Subana’ay_a_Pu,Sakizaya/Conghwaminku_Subankaw.xml,Wiki_Sakizaya_Conghwaminku_Subankaw,Conghwaminku Subankaw,ea9f9bde7d2aa522c2fbb2f69d3f9643bcfa6b7e9c0a1233123b92d06201d603,Conghwaminku Subana’ay a Pu,https://szy.wikipedia.org/w/index.php?oldid=87474 | https://szy.wikipedia.org/w/index.php?oldid=139491,The pre-scrape source title redirects to the same retained article
Sakizaya/Danmark.xml,Wiki_Sakizaya_Danmark,Sakizaya/Denmark.xml,Wiki_Sakizaya_Denmark,Denmark,678dccf2d1624e8ed7933e5d542ec0a44a0ff669a170bc6c4ef7e993e6be9230,Danmark,https://szy.wikipedia.org/w/index.php?oldid=93890 | https://szy.wikipedia.org/w/index.php?oldid=138465,The pre-scrape source title redirects to the same retained article
Sakizaya/Dhaka.xml,Wiki_Sakizaya_Dhaka,Sakizaya/Ta-ka.xml,Wiki_Sakizaya_Ta-ka,Ta-ka,9a98641d7e65c808f0be261c534b09b2eb33ea68f376b9152f6cb7f826bccddd,Dhaka,https://szy.wikipedia.org/w/index.php?oldid=138850 | https://szy.wikipedia.org/w/index.php?oldid=136295,The pre-scrape source title redirects to the same retained article
Sakizaya/Elva_Hsiao.xml,Wiki_Sakizaya_Elva_Hsiao,Sakizaya/Hsiao_Ya_Syuan.xml,Wiki_Sakizaya_Hsiao_Ya_Syuan,Hsiao Ya Syuan,4ab4aadd87a0b50fbdb2d8e64763fbfefd3e0d3574fc14b30d9a2cf6b7e30346,Elva Hsiao,https://szy.wikipedia.org/w/index.php?oldid=129755 | https://szy.wikipedia.org/w/index.php?oldid=140030,The pre-scrape source title redirects to the same retained article
Sakizaya/tademaw-Elva_Hsiao.xml,Wiki_Sakizaya_tademaw-Elva_Hsiao,Sakizaya/Hsiao_Ya_Syuan.xml,Wiki_Sakizaya_Hsiao_Ya_Syuan,Hsiao Ya Syuan,4ab4aadd87a0b50fbdb2d8e64763fbfefd3e0d3574fc14b30d9a2cf6b7e30346,tademaw-Elva Hsiao,https://szy.wikipedia.org/w/index.php?oldid=131278 | https://szy.wikipedia.org/w/index.php?oldid=140030,The pre-scrape source title redirects to the same retained article
Sakizaya/Fei-Cuoay_a_Pi-Ke-Mi_a_niyazu'.xml,Wiki_Sakizaya_Fei-Cuoay_a_Pi-Ke-Mi_a_niyazu',Sakizaya/Fei-Cuoay_Pi-Ke-Miay_a_tademaw.xml,Wiki_Sakizaya_Fei-Cuoay_Pi-Ke-Miay_a_tademaw,Fei-Cuoay Pi-Ke-Miay a tademaw,0f41a121c683c39d527c429beecb4e7e09aa7c5c782d41abf193ee88a5093d3c,Fei-Cuoay a Pi-Ke-Mi a niyazu',https://szy.wikipedia.org/w/index.php?oldid=93589 | https://szy.wikipedia.org/w/index.php?oldid=128652,The pre-scrape source title redirects to the same retained article
Sakizaya/非洲_u_kaliyuhan_nu_sumamaday_a_niyazu'tatayna_wlu_amihcaan_siwawatu.xml,Wiki_Sakizaya__非洲_u_kaliyuhan_nu_sumamaday_a_niyazu'tatayna_wlu_amihcaan_siwawatu,Sakizaya/Fei-Cuoay_Pi-Ke-Miay_a_tademaw.xml,Wiki_Sakizaya_Fei-Cuoay_Pi-Ke-Miay_a_tademaw,Fei-Cuoay Pi-Ke-Miay a tademaw,0f41a121c683c39d527c429beecb4e7e09aa7c5c782d41abf193ee88a5093d3c,"""非洲""u kaliyuhan nu sumamaday a niyazu'tatayna wlu amihcaan siwawatu",https://szy.wikipedia.org/w/index.php?oldid=131252 | https://szy.wikipedia.org/w/index.php?oldid=128652,The pre-scrape source title redirects to the same retained article
Sakizaya/Fo-lu-lun-se_佛羅倫斯.xml,Wiki_Sakizaya_Fo-lu-lun-se_佛羅倫斯,Sakizaya/Fo-lu-lun-se.xml,Wiki_Sakizaya_Fo-lu-lun-se,Fo-lu-lun-se,42c9f8405469acb49f3f6bcb3fb2b47ed20dbb554d8bcd1675552426d52c9921,Fo-lu-lun-se 佛羅倫斯,https://szy.wikipedia.org/w/index.php?oldid=129386 | https://szy.wikipedia.org/w/index.php?oldid=129388,The pre-scrape source title redirects to the same retained article
Sakizaya/Fuxing.xml,Wiki_Sakizaya_Fuxing,Sakizaya/Fuxing_(Taoyuan).xml,Wiki_Sakizaya_Fuxing_(Taoyuan),Fuxing (Taoyuan),980710ac65adb7d0f2a4c7c10c080a328677c719fc009cf44b571ea95eef5322,Fuxing,https://szy.wikipedia.org/w/index.php?oldid=130496 | https://szy.wikipedia.org/w/index.php?oldid=132616,The pre-scrape source title redirects to the same retained article
Sakizaya/Gogoro=nayaya_ku_simal_u_waweiwelwel沒有油的機車.xml,Wiki_Sakizaya_Gogoro=nayaya_ku_simal_u_waweiwelwel沒有油的機車,Sakizaya/Gogoro.xml,Wiki_Sakizaya_Gogoro,Gogoro,6370aa88d3369aa868cabbcccb9d98434c661ec6e6ee57a46d84e048557a0eef,Gogoro=nayaya ku simal u waweiwelwel沒有油的機車,https://szy.wikipedia.org/w/index.php?oldid=21563 | https://szy.wikipedia.org/w/index.php?oldid=129408,The pre-scrape source title redirects to the same retained article
Sakizaya/Kong_Liu.xml,Wiki_Sakizaya_Kong_Liu,Sakizaya/Gong_Yoo.xml,Wiki_Sakizaya_Gong_Yoo,Gong Yoo,acc6938070663e371e73f5b7624fd2761c20249986162bcff759c0612266a64e,Kong Liu,https://szy.wikipedia.org/w/index.php?oldid=129738 | https://szy.wikipedia.org/w/index.php?oldid=138502,The pre-scrape source title redirects to the same retained article
Sakizaya/tademaw-Kong_Liu(Korea).xml,Wiki_Sakizaya_tademaw-Kong_Liu(Korea),Sakizaya/Gong_Yoo.xml,Wiki_Sakizaya_Gong_Yoo,Gong Yoo,acc6938070663e371e73f5b7624fd2761c20249986162bcff759c0612266a64e,tademaw-Kong Liu(Korea),https://szy.wikipedia.org/w/index.php?oldid=131280 | https://szy.wikipedia.org/w/index.php?oldid=138502,The pre-scrape source title redirects to the same retained article
Sakizaya/Gongxidaye.xml,Wiki_Sakizaya_Gongxidaye,Sakizaya/Miyanishi_Tatsuya.xml,Wiki_Sakizaya_Miyanishi_Tatsuya,Miyanishi Tatsuya,7fb2dd162a5c77034679e2567e40ade1dcf6d299f6aa6c0302792090886c986a,Gongxidaye,https://szy.wikipedia.org/w/index.php?oldid=129743 | https://szy.wikipedia.org/w/index.php?oldid=129742,The pre-scrape source title redirects to the same retained article
Sakizaya/tademaw-Guo_Sue_Fu_(Taiwan).xml,Wiki_Sakizaya_tademaw-Guo_Sue_Fu_(Taiwan),Sakizaya/Guo_Sue_Fu.xml,Wiki_Sakizaya_Guo_Sue_Fu,Guo Sue Fu,69f38a5841900c3a652bba96d1c8bf2827468509502d05f8255fda0981415af5,tademaw-Guo Sue Fu (Taiwan),https://szy.wikipedia.org/w/index.php?oldid=85203 | https://szy.wikipedia.org/w/index.php?oldid=86826,The pre-scrape source title redirects to the same retained article
Sakizaya/tademaw-Gwei_Lun-mei_(Taiwan).xml,Wiki_Sakizaya_tademaw-Gwei_Lun-mei_(Taiwan),Sakizaya/Gwei_Lun-mei.xml,Wiki_Sakizaya_Gwei_Lun-mei,Gwei Lun-mei,37760529c616f832be657f40e08378f0cb57cc2ad0a8a9f51018ea94684405bc,tademaw-Gwei Lun-mei (Taiwan),https://szy.wikipedia.org/w/index.php?oldid=85210 | https://szy.wikipedia.org/w/index.php?oldid=133927,The pre-scrape source title redirects to the same retained article
Sakizaya/tademaw-Hu_Huichong.xml,Wiki_Sakizaya_tademaw-Hu_Huichong,Sakizaya/Hu_Huichong.xml,Wiki_Sakizaya_Hu_Huichong,Hu Huichong,40b47538c42c82d2d1407a893c2385e53733021cc9a275721f75d8bac492081b,tademaw-Hu Huichong,https://szy.wikipedia.org/w/index.php?oldid=87122 | https://szy.wikipedia.org/w/index.php?oldid=132648,The pre-scrape source title redirects to the same retained article
Sakizaya/Jacky_Wu.xml,Wiki_Sakizaya_Jacky_Wu,Sakizaya/Wu_Chung-syen.xml,Wiki_Sakizaya_Wu_Chung-syen,Wu Chung-syen,9864957f6503f85413a7343c9ae87e724771b83d0d28c6f688c142861c7bf764,Jacky Wu,https://szy.wikipedia.org/w/index.php?oldid=129761 | https://szy.wikipedia.org/w/index.php?oldid=129760,The pre-scrape source title redirects to the same retained article
Sakizaya/Jiang-Hui.xml,Wiki_Sakizaya_Jiang-Hui,Sakizaya/Jiang-Huy.xml,Wiki_Sakizaya_Jiang-Huy,Jiang-Huy,b950b98ac2f7eac571b2a0c71f2280dad6f129e96434ff701b193db3f14c8c22,Jiang-Hui,https://szy.wikipedia.org/w/index.php?oldid=93389 | https://szy.wikipedia.org/w/index.php?oldid=93428,The pre-scrape source title redirects to the same retained article
Sakizaya/jianghui.xml,Wiki_Sakizaya_jianghui,Sakizaya/Jiang-Huy.xml,Wiki_Sakizaya_Jiang-Huy,Jiang-Huy,b950b98ac2f7eac571b2a0c71f2280dad6f129e96434ff701b193db3f14c8c22,jianghui,https://szy.wikipedia.org/w/index.php?oldid=131265 | https://szy.wikipedia.org/w/index.php?oldid=93428,The pre-scrape source title redirects to the same retained article
Sakizaya/K`yang.xml,Wiki_Sakizaya_K`yang,Sakizaya/K’yang.xml,Wiki_Sakizaya_K’yang,K’yang,67e00a8a662bf0036d6aa94023bcd21bef70ceb159961bb93a134a2e4f0eb641,K`yang,https://szy.wikipedia.org/w/index.php?oldid=24919 | https://szy.wikipedia.org/w/index.php?oldid=132757,The pre-scrape source title redirects to the same retained article
Sakizaya/Pangcah_a_tatemaw-_ci_Takapu_Ciyan-cin（Kau_Wei_He）.xml,Wiki_Sakizaya_Pangcah_a_tatemaw-_ci_Takapu_Ciyan-cin（Kau_Wei_He）,Sakizaya/Kau_Wei_He.xml,Wiki_Sakizaya_Kau_Wei_He,Kau Wei He,4b687f8ca71d5de1058006dce1660a4c713f33658b6f86ff0b2f42320a245724,Pangcah a tatemaw- ci Takapu Ciyan-cin（Kau Wei He）,https://szy.wikipedia.org/w/index.php?oldid=129747 | https://szy.wikipedia.org/w/index.php?oldid=129746,The pre-scrape source title redirects to the same retained article
Sakizaya/tademaw-Cinkawyin(Korea).xml,Wiki_Sakizaya_tademaw-Cinkawyin(Korea),Sakizaya/Kim_Go-eun.xml,Wiki_Sakizaya_Kim_Go-eun,Kim Go-eun,f9dcee84798958d3928e48136964a0c8909852addd04828fa2c19c579c48200b,tademaw-Cinkawyin(Korea),https://szy.wikipedia.org/w/index.php?oldid=129734 | https://szy.wikipedia.org/w/index.php?oldid=129733,The pre-scrape source title redirects to the same retained article
Sakizaya/Kin‘lwan.xml,Wiki_Sakizaya_Kin‘lwan,Sakizaya/Kin’lwan.xml,Wiki_Sakizaya_Kin’lwan,Kin’lwan,05f079a9f61f64a5c8fc5f690953cbf479f4ec0cca480280f24d86886116d88a,Kin‘lwan,https://szy.wikipedia.org/w/index.php?oldid=27397 | https://szy.wikipedia.org/w/index.php?oldid=132726,The pre-scrape source title redirects to the same retained article
Sakizaya/Kolado't.xml,Wiki_Sakizaya_Kolado't,Sakizaya/Kolado’t.xml,Wiki_Sakizaya_Kolado’t,Kolado’t,341f78079112545a8ff59be284c6b1c84b6c2f39918635d8a6451a0448725216,Kolado't,https://szy.wikipedia.org/w/index.php?oldid=27725 | https://szy.wikipedia.org/w/index.php?oldid=132736,The pre-scrape source title redirects to the same retained article
Sakizaya/Lanhe-kuo.xml,Wiki_Sakizaya_Lanhe-kuo,Sakizaya/sakaputay_a_kanatal.xml,Wiki_Sakizaya_sakaputay_a_kanatal,sakaputay a kanatal,a7c838a2132e20ebba55a51cd6c2e376ec3985e442c43d784416142bc9ded885,Lanhe-kuo,https://szy.wikipedia.org/w/index.php?oldid=131255 | https://szy.wikipedia.org/w/index.php?oldid=135237,The pre-scrape source title redirects to the same retained article
Sakizaya/Lenhe-kuo.xml,Wiki_Sakizaya_Lenhe-kuo,Sakizaya/sakaputay_a_kanatal.xml,Wiki_Sakizaya_sakaputay_a_kanatal,sakaputay a kanatal,a7c838a2132e20ebba55a51cd6c2e376ec3985e442c43d784416142bc9ded885,Lenhe-kuo,https://szy.wikipedia.org/w/index.php?oldid=131256 | https://szy.wikipedia.org/w/index.php?oldid=135237,The pre-scrape source title redirects to the same retained article
Sakizaya/Linhekuo.xml,Wiki_Sakizaya_Linhekuo,Sakizaya/sakaputay_a_kanatal.xml,Wiki_Sakizaya_sakaputay_a_kanatal,sakaputay a kanatal,a7c838a2132e20ebba55a51cd6c2e376ec3985e442c43d784416142bc9ded885,Linhekuo,https://szy.wikipedia.org/w/index.php?oldid=131257 | https://szy.wikipedia.org/w/index.php?oldid=135237,The pre-scrape source title redirects to the same retained article
Sakizaya/Lyen-he-kwoay.xml,Wiki_Sakizaya_Lyen-he-kwoay,Sakizaya/sakaputay_a_kanatal.xml,Wiki_Sakizaya_sakaputay_a_kanatal,sakaputay a kanatal,a7c838a2132e20ebba55a51cd6c2e376ec3985e442c43d784416142bc9ded885,Lyen-he-kwoay,https://szy.wikipedia.org/w/index.php?oldid=131258 | https://szy.wikipedia.org/w/index.php?oldid=135237,The pre-scrape source title redirects to the same retained article
Sakizaya/UN.xml,Wiki_Sakizaya_UN,Sakizaya/sakaputay_a_kanatal.xml,Wiki_Sakizaya_sakaputay_a_kanatal,sakaputay a kanatal,a7c838a2132e20ebba55a51cd6c2e376ec3985e442c43d784416142bc9ded885,UN,https://szy.wikipedia.org/w/index.php?oldid=131260 | https://szy.wikipedia.org/w/index.php?oldid=135237,The pre-scrape source title redirects to the same retained article
Sakizaya/lanhekuo.xml,Wiki_Sakizaya_lanhekuo,Sakizaya/sakaputay_a_kanatal.xml,Wiki_Sakizaya_sakaputay_a_kanatal,sakaputay a kanatal,a7c838a2132e20ebba55a51cd6c2e376ec3985e442c43d784416142bc9ded885,lanhekuo,https://szy.wikipedia.org/w/index.php?oldid=128353 | https://szy.wikipedia.org/w/index.php?oldid=135237,The pre-scrape source title redirects to the same retained article
Sakizaya/lekec_nu_kanatal.xml,Wiki_Sakizaya_lekec_nu_kanatal,Sakizaya/sakaputay_a_kanatal.xml,Wiki_Sakizaya_sakaputay_a_kanatal,sakaputay a kanatal,a7c838a2132e20ebba55a51cd6c2e376ec3985e442c43d784416142bc9ded885,lekec nu kanatal,https://szy.wikipedia.org/w/index.php?oldid=131268 | https://szy.wikipedia.org/w/index.php?oldid=135237,The pre-scrape source title redirects to the same retained article
Sakizaya/lenhekuo.xml,Wiki_Sakizaya_lenhekuo,Sakizaya/sakaputay_a_kanatal.xml,Wiki_Sakizaya_sakaputay_a_kanatal,sakaputay a kanatal,a7c838a2132e20ebba55a51cd6c2e376ec3985e442c43d784416142bc9ded885,lenhekuo,https://szy.wikipedia.org/w/index.php?oldid=131269 | https://szy.wikipedia.org/w/index.php?oldid=135237,The pre-scrape source title redirects to the same retained article
Sakizaya/masakaputay_a_kanatal.xml,Wiki_Sakizaya_masakaputay_a_kanatal,Sakizaya/sakaputay_a_kanatal.xml,Wiki_Sakizaya_sakaputay_a_kanatal,sakaputay a kanatal,a7c838a2132e20ebba55a51cd6c2e376ec3985e442c43d784416142bc9ded885,masakaputay a kanatal,https://szy.wikipedia.org/w/index.php?oldid=99342 | https://szy.wikipedia.org/w/index.php?oldid=135237,The pre-scrape source title redirects to the same retained article
Sakizaya/Li-aow-na-towTa-wen-si李奧納多·達文西.xml,Wiki_Sakizaya_Li-aow-na-towTa-wen-si李奧納多·達文西,Sakizaya/Li-aow-na-towTa-wen-si.xml,Wiki_Sakizaya_Li-aow-na-towTa-wen-si,Li-aow-na-tow.Ta-wen-si,f8f9dd752b152bb54a57ca78fcc5770df82a40cf5ddd114e9d9b12d8f6874b12,Li-aow-na-tow.Ta-wen-si李奧納多·達文西,https://szy.wikipedia.org/w/index.php?oldid=129697 | https://szy.wikipedia.org/w/index.php?oldid=129698,The pre-scrape source title redirects to the same retained article
Sakizaya/Li-el-wang_李爾王.xml,Wiki_Sakizaya_Li-el-wang_李爾王,Sakizaya/Li-el-wang.xml,Wiki_Sakizaya_Li-el-wang,Li-el-wang,e7951d4624ae8d831ef0d56aaee5f9641105b3eac530be439cddff93cfb3a124,Li-el-wang 李爾王,https://szy.wikipedia.org/w/index.php?oldid=129700 | https://szy.wikipedia.org/w/index.php?oldid=129701,The pre-scrape source title redirects to the same retained article
Sakizaya/Lin_Chi-ling_(Taiwan).xml,Wiki_Sakizaya_Lin_Chi-ling_(Taiwan),Sakizaya/Lin_Chi-ling.xml,Wiki_Sakizaya_Lin_Chi-ling,Lin Chi-ling,fe4589d693479a717faebf5779e2775a174a75765d64aa0172c0e9047bc393af,Lin Chi-ling (Taiwan),https://szy.wikipedia.org/w/index.php?oldid=85189 | https://szy.wikipedia.org/w/index.php?oldid=133763,The pre-scrape source title redirects to the same retained article
Sakizaya/Lo-ma_羅馬.xml,Wiki_Sakizaya_Lo-ma_羅馬,Sakizaya/Lo-ma.xml,Wiki_Sakizaya_Lo-ma,Lo-ma,2ce9bdcbd48aa11fa51fcf30cb03c961ec15c2440a68218d655eb4fe564dc7c0,Lo-ma 羅馬,https://szy.wikipedia.org/w/index.php?oldid=129706 | https://szy.wikipedia.org/w/index.php?oldid=129708,The pre-scrape source title redirects to the same retained article
Sakizaya/London.xml,Wiki_Sakizaya_London,Sakizaya/Lon-tun.xml,Wiki_Sakizaya_Lon-tun,Lon-tun,bc7cbae33db73f53a02dcfa027de55054b4be6861e0fdea2a1e43ddeb7d378ae,London,https://szy.wikipedia.org/w/index.php?oldid=134131 | https://szy.wikipedia.org/w/index.php?oldid=134134,The pre-scrape source title redirects to the same retained article
Sakizaya/Low-pin-han.xml,Wiki_Sakizaya_Low-pin-han,Sakizaya/Low-pin_Han.xml,Wiki_Sakizaya_Low-pin_Han,Low-pin Han,b2f38d201af8c20e4a2bc76e3aeec493048421f98a4f4732d5cc13c5e6dafed5,Low-pin-han,https://szy.wikipedia.org/w/index.php?oldid=127786 | https://szy.wikipedia.org/w/index.php?oldid=131765,The pre-scrape source title redirects to the same retained article
Sakizaya/LuiseLapai_路易絲•拉貝.xml,Wiki_Sakizaya_LuiseLapai_路易絲•拉貝,Sakizaya/LuiseLapai.xml,Wiki_Sakizaya_LuiseLapai,Luise.Lapai,4249533a0c22c2577994af79512736ade6e3b06f87c662434f68b4d5b72b95c2,Luise.Lapai 路易絲•拉貝,https://szy.wikipedia.org/w/index.php?oldid=129716 | https://szy.wikipedia.org/w/index.php?oldid=131671,The pre-scrape source title redirects to the same retained article
Sakizaya/Maifor.xml,Wiki_Sakizaya_Maifor,Sakizaya/Maibul.xml,Wiki_Sakizaya_Maibul,Maibul,b171a40a95c30d56f981ff16540560e0e3461351ab627b48de7a5fc2efbf458d,Maifor,https://szy.wikipedia.org/w/index.php?oldid=35042 | https://szy.wikipedia.org/w/index.php?oldid=132810,The pre-scrape source title redirects to the same retained article
Sakizaya/Ｍami.xml,Wiki_Sakizaya_Ｍami,Sakizaya/Mami.xml,Wiki_Sakizaya_Mami,Mami,73d976de226e1f4fc5a63fb44142e4da18210fafd09102371337bd19447051eb,Ｍami,https://szy.wikipedia.org/w/index.php?oldid=84659 | https://szy.wikipedia.org/w/index.php?oldid=132822,The pre-scrape source title redirects to the same retained article
Sakizaya/Mario.xml,Wiki_Sakizaya_Mario,Sakizaya/Mario_Bennett.xml,Wiki_Sakizaya_Mario_Bennett,Mario Bennett,7d91f4a1ae9aada66f10869fd485ee3c7ebfb2ea36ccf92cb0ee8f9fc3f392f2,Mario,https://szy.wikipedia.org/w/index.php?oldid=85128 | https://szy.wikipedia.org/w/index.php?oldid=35746,The pre-scrape source title redirects to the same retained article
Sakizaya/Mikaylangcilu米開朗基羅.xml,Wiki_Sakizaya_Mikaylangcilu米開朗基羅,Sakizaya/Mikaylangcilu.xml,Wiki_Sakizaya_Mikaylangcilu,Mikaylangcilu,c037dcc50a9e47347c10ae17a4b0c0a95c63af17bf7a28817cc3c8368e81377b,Mikaylangcilu米開朗基羅,https://szy.wikipedia.org/w/index.php?oldid=129720 | https://szy.wikipedia.org/w/index.php?oldid=129719,The pre-scrape source title redirects to the same retained article
Sakizaya/Sen-chou-zhi-zho.xml,Wiki_Sakizaya_Sen-chou-zhi-zho,Sakizaya/Mori_Ushinosuke.xml,Wiki_Sakizaya_Mori_Ushinosuke,Mori Ushinosuke,9d04101ecc6cc8f354459aacf3987f11d0f71d4134f0b87b9af0f2b9e4e5f607,Sen-chou-zhi-zho,https://szy.wikipedia.org/w/index.php?oldid=128257 | https://szy.wikipedia.org/w/index.php?oldid=128256,The pre-scrape source title redirects to the same retained article
"Sakizaya/“Nepal„a_kanatal_izaw_ya_cacay_a_sining,.xml","Wiki_Sakizaya_“Nepal„a_kanatal_izaw_ya_cacay_a_sining,",Sakizaya/Nepal_a_kanatal_izaw_ya_cacay_a_sining.xml,Wiki_Sakizaya_Nepal_a_kanatal_izaw_ya_cacay_a_sining,Nepal a kanatal izaw ya cacay a sining,5d9fd7613fa1b52f8d572000af714c80a9ac04d1b93b1720e39eb8e660afeeb0,"“Nepal„a kanatal izaw ya cacay a sining,",https://szy.wikipedia.org/w/index.php?oldid=84609 | https://szy.wikipedia.org/w/index.php?oldid=37755,The pre-scrape source title redirects to the same retained article
Sakizaya/Padakaw_Lami'.xml,Wiki_Sakizaya_Padakaw_Lami',Sakizaya/Padakaw_Lami’.xml,Wiki_Sakizaya_Padakaw_Lami’,Padakaw Lami’,287a9114a675027dc380f3491f707ee9c7e26a824562cfb607d6c3caa80fb008,Padakaw Lami',https://szy.wikipedia.org/w/index.php?oldid=38415 | https://szy.wikipedia.org/w/index.php?oldid=131451,The pre-scrape source title redirects to the same retained article
Sakizaya/Palamal.xml,Wiki_Sakizaya_Palamal,Sakizaya/Palamal_(火神祭).xml,Wiki_Sakizaya_Palamal_(火神祭),Palamal (火神祭),9568e9b53af4f9a59b02f33cc9167bb14e08a998aeb683142060c5e6d05887a5,Palamal,https://szy.wikipedia.org/w/index.php?oldid=92804 | https://szy.wikipedia.org/w/index.php?oldid=133851,The pre-scrape source title redirects to the same retained article
Sakizaya/Polo't.xml,Wiki_Sakizaya_Polo't,Sakizaya/Polo’t.xml,Wiki_Sakizaya_Polo’t,Polo’t,cc0aadb74621156564946430a6d235ed585cd1296aea8aa442a13d94f9ba10cb,Polo't,https://szy.wikipedia.org/w/index.php?oldid=40101 | https://szy.wikipedia.org/w/index.php?oldid=132938,The pre-scrape source title redirects to the same retained article
Sakizaya/Sa'aniwan.xml,Wiki_Sakizaya_Sa'aniwan,Sakizaya/Sa’aniwan.xml,Wiki_Sakizaya_Sa’aniwan,Sa’aniwan,b1955c80c8394e2894d9b9d4d64c5e1a9e00741c770e167afe77d08f7cb854f6,Sa'aniwan,https://szy.wikipedia.org/w/index.php?oldid=42170 | https://szy.wikipedia.org/w/index.php?oldid=133026,The pre-scrape source title redirects to the same retained article
Sakizaya/Sabok_Nupu.xml,Wiki_Sakizaya_Sabok_Nupu,Sakizaya/Sabok_Nubu.xml,Wiki_Sakizaya_Sabok_Nubu,Sabok Nubu,9aa36b2c19769c3efed7e4d6a8579e551be99c6ebf703326f9249c7796aa55ed,Sabok Nupu,https://szy.wikipedia.org/w/index.php?oldid=124699 | https://szy.wikipedia.org/w/index.php?oldid=124698,The pre-scrape source title redirects to the same retained article
Sakizaya/Sakizaya_a_binacadan.xml,Wiki_Sakizaya_Sakizaya_a_binacadan,Sakizaya/Sakizaya.xml,Wiki_Sakizaya_Sakizaya,Sakizaya,ca94eaaba3bd0cdc96c44da748ea8a11e577952244561783cbfa7e5a40db3330,Sakizaya a binacadan,https://szy.wikipedia.org/w/index.php?oldid=128261 | https://szy.wikipedia.org/w/index.php?oldid=138224,The pre-scrape source title redirects to the same retained article
Sakizaya/Sakur.xml,Wiki_Sakizaya_Sakur,Sakizaya/Sakul.xml,Wiki_Sakizaya_Sakul,Sakul,7060d95c02fd8d54b0e85b899fdeb78c17c26de1a8bb13fc75023a0ecc87e313,Sakur,https://szy.wikipedia.org/w/index.php?oldid=42614 | https://szy.wikipedia.org/w/index.php?oldid=133006,The pre-scrape source title redirects to the same retained article
Sakizaya/salengacay_a_suleda_kung-cu.xml,Wiki_Sakizaya_salengacay_a_suleda_kung-cu,Sakizaya/Salengacay_suleda_a_kung-cu.xml,Wiki_Sakizaya_Salengacay_suleda_a_kung-cu,Salengacay suleda a kung-cu,61f48781166997868d99e923d8b0ce7b0e026feefdaab00828c2944e000656be,salengacay a suleda kung-cu,https://szy.wikipedia.org/w/index.php?oldid=131274 | https://szy.wikipedia.org/w/index.php?oldid=127974,The pre-scrape source title redirects to the same retained article
Sakizaya/Sena'.xml,Wiki_Sakizaya_Sena',Sakizaya/Sena’.xml,Wiki_Sakizaya_Sena’,Sena’,cb7cd8d1f883673d82232731b15d462b3cd597193d5142e87d4a353f84c0777e,Sena',https://szy.wikipedia.org/w/index.php?oldid=43234 | https://szy.wikipedia.org/w/index.php?oldid=133030,The pre-scrape source title redirects to the same retained article
Sakizaya/tademaw-Shau_Jing_Teng_(Taiwan).xml,Wiki_Sakizaya_tademaw-Shau_Jing_Teng_(Taiwan),Sakizaya/Shau_Jing_Teng.xml,Wiki_Sakizaya_Shau_Jing_Teng,Shau Jing Teng,88ea2ea44d3285c52159ec84f9daba642b5eddfe64371f1ff87cb390ae255b52,tademaw-Shau Jing Teng (Taiwan),https://szy.wikipedia.org/w/index.php?oldid=85212 | https://szy.wikipedia.org/w/index.php?oldid=134293,The pre-scrape source title redirects to the same retained article
Sakizaya/tademaw-Shu_Qi_(Taiwan).xml,Wiki_Sakizaya_tademaw-Shu_Qi_(Taiwan),Sakizaya/Shu_Qi.xml,Wiki_Sakizaya_Shu_Qi,Shu Qi,aad7b4ecad560c2abfb48aae6ae542e9e1dbc129ecb053e2ac7aa05036c828f4,tademaw-Shu Qi (Taiwan),https://szy.wikipedia.org/w/index.php?oldid=85191 | https://szy.wikipedia.org/w/index.php?oldid=87305,The pre-scrape source title redirects to the same retained article
Sakizaya/Song_Hui_Qiyaw_(Korea).xml,Wiki_Sakizaya_Song_Hui_Qiyaw_(Korea),Sakizaya/Song_Hye-kyo.xml,Wiki_Sakizaya_Song_Hye-kyo,Song Hye-kyo,5e8288c29041bef78cb8a1656af97be4f9c146834607456753e78614d1cbfd69,Song Hui Qiyaw (Korea),https://szy.wikipedia.org/w/index.php?oldid=129741 | https://szy.wikipedia.org/w/index.php?oldid=139064,The pre-scrape source title redirects to the same retained article
Sakizaya/tademaw-Song_Hui_Qiyaw_(Korea).xml,Wiki_Sakizaya_tademaw-Song_Hui_Qiyaw_(Korea),Sakizaya/Song_Hye-kyo.xml,Wiki_Sakizaya_Song_Hye-kyo,Song Hye-kyo,5e8288c29041bef78cb8a1656af97be4f9c146834607456753e78614d1cbfd69,tademaw-Song Hui Qiyaw (Korea),https://szy.wikipedia.org/w/index.php?oldid=131281 | https://szy.wikipedia.org/w/index.php?oldid=139064,The pre-scrape source title redirects to the same retained article
Sakizaya/tademaw-Song_Yun_Hua(Taiwan).xml,Wiki_Sakizaya_tademaw-Song_Yun_Hua(Taiwan),Sakizaya/Song_Yun_Hua.xml,Wiki_Sakizaya_Song_Yun_Hua,Song Yun Hua,c66413aa8404640f351794b49b069a7e1d1c4f42983d40dc5dd8f8acad2433fa,tademaw-Song Yun Hua(Taiwan),https://szy.wikipedia.org/w/index.php?oldid=85193 | https://szy.wikipedia.org/w/index.php?oldid=87131,The pre-scrape source title redirects to the same retained article
Sakizaya/South_China_Sea.xml,Wiki_Sakizaya_South_China_Sea,Sakizaya/Tayni_no_Satsina_no_Tsina.xml,Wiki_Sakizaya_Tayni_no_Satsina_no_Tsina,Tayni no Satsina no Tsina,3f38e2d774fae292d7a3ca5b5034c812ef89d48756bce325194c8a2a6342ea99,South China Sea,https://szy.wikipedia.org/w/index.php?oldid=139561 | https://szy.wikipedia.org/w/index.php?oldid=139562,The pre-scrape source title redirects to the same retained article
Sakizaya/南中國海.xml,Wiki_Sakizaya_南中國海,Sakizaya/Tayni_no_Satsina_no_Tsina.xml,Wiki_Sakizaya_Tayni_no_Satsina_no_Tsina,Tayni no Satsina no Tsina,3f38e2d774fae292d7a3ca5b5034c812ef89d48756bce325194c8a2a6342ea99,南中國海,https://szy.wikipedia.org/w/index.php?oldid=139559 | https://szy.wikipedia.org/w/index.php?oldid=139562,The pre-scrape source title redirects to the same retained article
Sakizaya/南海.xml,Wiki_Sakizaya_南海,Sakizaya/Tayni_no_Satsina_no_Tsina.xml,Wiki_Sakizaya_Tayni_no_Satsina_no_Tsina,Tayni no Satsina no Tsina,3f38e2d774fae292d7a3ca5b5034c812ef89d48756bce325194c8a2a6342ea99,南海,https://szy.wikipedia.org/w/index.php?oldid=139560 | https://szy.wikipedia.org/w/index.php?oldid=139562,The pre-scrape source title redirects to the same retained article
Sakizaya/Su'aci.xml,Wiki_Sakizaya_Su'aci,Sakizaya/Su’aci.xml,Wiki_Sakizaya_Su’aci,Su’aci,63b4077ced8817f4909a7b45926f2720a79049fd2f86f29ce573e6a4dbc7e9af,Su'aci,https://szy.wikipedia.org/w/index.php?oldid=44600 | https://szy.wikipedia.org/w/index.php?oldid=133074,The pre-scrape source title redirects to the same retained article
Sakizaya/Swaziland.xml,Wiki_Sakizaya_Swaziland,Sakizaya/Swaziland_(Eswatini).xml,Wiki_Sakizaya_Swaziland_(Eswatini),Swaziland (Eswatini),62b2ac6189ee3e19166a34cdcb0557ac732f979c18ded0a2bba0fddba0ad4416,Swaziland,https://szy.wikipedia.org/w/index.php?oldid=98613 | https://szy.wikipedia.org/w/index.php?oldid=138871,The pre-scrape source title redirects to the same retained article
Sakizaya/Takubuwan.xml,Wiki_Sakizaya_Takubuwan,Sakizaya/Takubuwan_Sakul.xml,Wiki_Sakizaya_Takubuwan_Sakul,Takubuwan Sakul,7764bb6033262952e16b73fe367b014f6e1325602e20bf4b285dab4f948b9172,Takubuwan,https://szy.wikipedia.org/w/index.php?oldid=45535 | https://szy.wikipedia.org/w/index.php?oldid=133097,The pre-scrape source title redirects to the same retained article
Sakizaya/kaladi’tuan_a_bukes_kalalikeluhan.xml,Wiki_Sakizaya_kaladi’tuan_a_bukes_kalalikeluhan,Sakizaya/Tangled.xml,Wiki_Sakizaya_Tangled,Tangled,2765c9d43a5f7c5438c646e7a3015aed40f23060b020f0e7b2faf7a14d4e7fb0,kaladi’tuan a bukes kalalikeluhan,https://szy.wikipedia.org/w/index.php?oldid=128905 | https://szy.wikipedia.org/w/index.php?oldid=128904,The pre-scrape source title redirects to the same retained article
Sakizaya/tademaw-Tao_Ching_Ying.xml,Wiki_Sakizaya_tademaw-Tao_Ching_Ying,Sakizaya/Tao_Ching_Ying.xml,Wiki_Sakizaya_Tao_Ching_Ying,Tao Ching Ying,f6fc962a6bdbe42ce640c2522984c6fa9bb25032af7a05a458f18318d711a524,tademaw-Tao Ching Ying,https://szy.wikipedia.org/w/index.php?oldid=87134 | https://szy.wikipedia.org/w/index.php?oldid=89925,The pre-scrape source title redirects to the same retained article
Sakizaya/Taywan_Ciwben_Suynantung_sabawtulu_a_dang_a_pi'kiman.xml,Wiki_Sakizaya_Taywan_Ciwben_Suynantung_sabawtulu_a_dang_a_pi'kiman,Sakizaya/Taywan_Ciw-Ben_Suy-Nan-Tung_sabawtulu_a_dang_a_pi'kiman.xml,Wiki_Sakizaya_Taywan_Ciw-Ben_Suy-Nan-Tung_sabawtulu_a_dang_a_pi'kiman,"Taywan Ciw-Ben Suy-Nan-Tung ""sabawtulu a dang"" a pi'kiman",35662a53ac47a0e00456045dc1d9855fd07adb943db6e85f2474e3f10bde0033,"Taywan Ciwben Suynantung ""sabawtulu a dang"" a pi'kiman",https://szy.wikipedia.org/w/index.php?oldid=93360 | https://szy.wikipedia.org/w/index.php?oldid=97107,The pre-scrape source title redirects to the same retained article
Sakizaya/Taywan_Ciwben_Suynantung〝sabawtuli_a_dang〞.xml,Wiki_Sakizaya_Taywan_Ciwben_Suynantung〝sabawtuli_a_dang〞,Sakizaya/Taywan_Ciw-Ben_Suy-Nan-Tung_sabawtulu_a_dang_a_pi'kiman.xml,Wiki_Sakizaya_Taywan_Ciw-Ben_Suy-Nan-Tung_sabawtulu_a_dang_a_pi'kiman,"Taywan Ciw-Ben Suy-Nan-Tung ""sabawtulu a dang"" a pi'kiman",35662a53ac47a0e00456045dc1d9855fd07adb943db6e85f2474e3f10bde0033,Taywan Ciwben Suynantung〝sabawtuli a dang〞,https://szy.wikipedia.org/w/index.php?oldid=131259 | https://szy.wikipedia.org/w/index.php?oldid=97107,The pre-scrape source title redirects to the same retained article
Sakizaya/Ta´man.xml,Wiki_Sakizaya_Ta´man,Sakizaya/Ta’man.xml,Wiki_Sakizaya_Ta’man,Ta’man,81a4f3a9c879ff3c2aeeecfd74f7d80e435a585bf478a0e27d83914677c17011,Ta´man,https://szy.wikipedia.org/w/index.php?oldid=46494 | https://szy.wikipedia.org/w/index.php?oldid=133121,The pre-scrape source title redirects to the same retained article
Sakizaya/Telu´.xml,Wiki_Sakizaya_Telu´,Sakizaya/Telu’.xml,Wiki_Sakizaya_Telu’,Telu’,fcbcc8f8c62f4afd2b87f4eaa4cc6eaf1ea8f90294e33a97a6a6b521816de4ee,Telu´,https://szy.wikipedia.org/w/index.php?oldid=46596 | https://szy.wikipedia.org/w/index.php?oldid=133125,The pre-scrape source title redirects to the same retained article
Sakizaya/tademaw-Teng_Li_jiun_(Taiwan).xml,Wiki_Sakizaya_tademaw-Teng_Li_jiun_(Taiwan),Sakizaya/Teng_Li_jiun.xml,Wiki_Sakizaya_Teng_Li_jiun,Teng Li jiun,5ebae58384ce6df2b4287e44f03f9d87de8518d1c3ecb19cb0f3c9d18c9083c8,tademaw-Teng Li jiun (Taiwan),https://szy.wikipedia.org/w/index.php?oldid=85206 | https://szy.wikipedia.org/w/index.php?oldid=87135,The pre-scrape source title redirects to the same retained article
Sakizaya/Tonoz.xml,Wiki_Sakizaya_Tonoz,Sakizaya/tunuz.xml,Wiki_Sakizaya_tunuz,tunuz,5419de3335332ea19a9e382e422b0b745df44b4e5c396913f0fda22eb0eb3f80,Tonoz,https://szy.wikipedia.org/w/index.php?oldid=48050 | https://szy.wikipedia.org/w/index.php?oldid=82443,The pre-scrape source title redirects to the same retained article
Sakizaya/Troy.xml,Wiki_Sakizaya_Troy,Sakizaya/Troy_Bell.xml,Wiki_Sakizaya_Troy_Bell,Troy Bell,28b79733b64f2dff357daf8950c3df7ade8585c5d1199a58e8205189a123f0f0,Troy,https://szy.wikipedia.org/w/index.php?oldid=85130 | https://szy.wikipedia.org/w/index.php?oldid=48275,The pre-scrape source title redirects to the same retained article
Sakizaya/Wikipedia.xml,Wiki_Sakizaya_Wikipedia,Sakizaya/u_holic_hananay.xml,Wiki_Sakizaya_u_holic_hananay,u holic hananay,c82ade75caa7c257d490f0494456abf6de1dd7154b84226daa3d0628523fecbd,Wikipedia,https://szy.wikipedia.org/w/index.php?oldid=90341 | https://szy.wikipedia.org/w/index.php?oldid=128338,The pre-scrape source title redirects to the same retained article
Sakizaya/tademaw-Wu_Kang_Ren_(Taiwan).xml,Wiki_Sakizaya_tademaw-Wu_Kang_Ren_(Taiwan),Sakizaya/Wu_Kang_Ren.xml,Wiki_Sakizaya_Wu_Kang_Ren,Wu Kang Ren,d304fbfd4bf83f23b5b8f4b7eeba462d9a630251830eed5045aac377f790e84d,tademaw-Wu Kang Ren (Taiwan),https://szy.wikipedia.org/w/index.php?oldid=85208 | https://szy.wikipedia.org/w/index.php?oldid=85207,The pre-scrape source title redirects to the same retained article
Sakizaya/nipaluma-abinung.xml,Wiki_Sakizaya_nipaluma-abinung,Sakizaya/abinung.xml,Wiki_Sakizaya_abinung,abinung,6fa41bc55767a7ca4cf3994161b97a321b66769731fa5de9d2c4894332e1a29b,nipaluma-abinung,https://szy.wikipedia.org/w/index.php?oldid=98560 | https://szy.wikipedia.org/w/index.php?oldid=98559,The pre-scrape source title redirects to the same retained article
Sakizaya/adidi’ay_mubahelay_a_tademaw.xml,Wiki_Sakizaya_adidi’ay_mubahelay_a_tademaw,Sakizaya/adidi’ay_mubahelay_a_tademaw_ci_Pi-te_Pan.xml,Wiki_Sakizaya_adidi’ay_mubahelay_a_tademaw_ci_Pi-te_Pan,adidi’ay mubahelay a tademaw ci Pi-te Pan,4e3663c7a7b8c8a91694cfed5b3b29753c74418cd59853d48e409003d3671b6f,adidi’ay mubahelay a tademaw,https://szy.wikipedia.org/w/index.php?oldid=127791 | https://szy.wikipedia.org/w/index.php?oldid=128561,The pre-scrape source title redirects to the same retained article
Sakizaya/akeak.xml,Wiki_Sakizaya_akeak,Sakizaya/ak’ak.xml,Wiki_Sakizaya_ak’ak,ak’ak,880d8c87cba42ed85cbc18ba882a2299f54487d500783d404ed30e0a317131e5,akeak,https://szy.wikipedia.org/w/index.php?oldid=138178 | https://szy.wikipedia.org/w/index.php?oldid=132200,The pre-scrape source title redirects to the same retained article
Sakizaya/atimesi.xml,Wiki_Sakizaya_atimesi,Sakizaya/atimsi.xml,Wiki_Sakizaya_atimsi,atimsi,407264c76e42a959bb0f4c7837fc0862cbee1517c74de12065698a9c3687a92f,atimesi,https://szy.wikipedia.org/w/index.php?oldid=138965 | https://szy.wikipedia.org/w/index.php?oldid=138966,The pre-scrape source title redirects to the same retained article
Sakizaya/auw.xml,Wiki_Sakizaya_auw,Sakizaya/auws.xml,Wiki_Sakizaya_auws,auws,5443ba69114059cf00aa611cecdd486995492409676c02fea2dc014ed7f4edb7,auw,https://szy.wikipedia.org/w/index.php?oldid=121652 | https://szy.wikipedia.org/w/index.php?oldid=122386,The pre-scrape source title redirects to the same retained article
Sakizaya/ayawan.xml,Wiki_Sakizaya_ayawan,Sakizaya/ayaw.xml,Wiki_Sakizaya_ayaw,ayaw,55fc3a529c22e0979e8dfe07fe26099baaa523e090461b8c27936c888b96e281,ayawan,https://szy.wikipedia.org/w/index.php?oldid=100953 | https://szy.wikipedia.org/w/index.php?oldid=100969,The pre-scrape source title redirects to the same retained article
Sakizaya/ayzasa_katuuday_a_tademaw_nu_Sakizaya_a_niyazu’(現在較多撒奇萊雅族人的部落).xml,Wiki_Sakizaya_ayzasa_katuuday_a_tademaw_nu_Sakizaya_a_niyazu’(現在較多撒奇萊雅族人的部落),Sakizaya/ayzasa_katuuday_a_tademaw_nu_Sakizaya_a_niyazu’.xml,Wiki_Sakizaya_ayzasa_katuuday_a_tademaw_nu_Sakizaya_a_niyazu’,ayzasa katuuday a tademaw nu Sakizaya a niyazu’,4aacf49cb3a2e104682e587975b861c8b2a1baa7e77564735caf8c5820fdbcb3,ayzasa katuuday a tademaw nu Sakizaya a niyazu’(現在較多撒奇萊雅族人的部落).,https://szy.wikipedia.org/w/index.php?oldid=54042 | https://szy.wikipedia.org/w/index.php?oldid=86435,The pre-scrape source title redirects to the same retained article
Sakizaya/bali_nu_dihap.xml,Wiki_Sakizaya_bali_nu_dihap,Sakizaya/dihep_nu_bali.xml,Wiki_Sakizaya_dihep_nu_bali,dihep nu bali,22acbc33c731c4534e6f4451a35d6314c4a26e03d31f5278038f2414a45aca1c,bali nu dihap,https://szy.wikipedia.org/w/index.php?oldid=131262 | https://szy.wikipedia.org/w/index.php?oldid=128545,The pre-scrape source title redirects to the same retained article
Sakizaya/bali_nu_dihep.xml,Wiki_Sakizaya_bali_nu_dihep,Sakizaya/dihep_nu_bali.xml,Wiki_Sakizaya_dihep_nu_bali,dihep nu bali,22acbc33c731c4534e6f4451a35d6314c4a26e03d31f5278038f2414a45aca1c,bali nu dihep,https://szy.wikipedia.org/w/index.php?oldid=127503 | https://szy.wikipedia.org/w/index.php?oldid=128545,The pre-scrape source title redirects to the same retained article
Sakizaya/baliyus.xml,Wiki_Sakizaya_baliyus,Sakizaya/baliws.xml,Wiki_Sakizaya_baliws,baliws,c279f2fbb820833d397c3742fd3184fc1df9f647c92b169b1b5934912f08cf56,baliyus,https://szy.wikipedia.org/w/index.php?oldid=57981 | https://szy.wikipedia.org/w/index.php?oldid=91439,The pre-scrape source title redirects to the same retained article
Sakizaya/balu_nu_uciya_a_tatayna.xml,Wiki_Sakizaya_balu_nu_uciya_a_tatayna,Sakizaya/balu_nu_ucya_a_tatayna.xml,Wiki_Sakizaya_balu_nu_ucya_a_tatayna,balu nu ucya a tatayna,dd0f436200ed1201cbd8d5af702840e5b4955500988d587d4e5f026a25dd57c7,balu nu uciya a tatayna,https://szy.wikipedia.org/w/index.php?oldid=127895 | https://szy.wikipedia.org/w/index.php?oldid=137666,The pre-scrape source title redirects to the same retained article
Sakizaya/baninih.xml,Wiki_Sakizaya_baninih,Sakizaya/pangingih.xml,Wiki_Sakizaya_pangingih,pangingih,6c46392df0ee51b7fa140bdd4646e5ad8858a0169605e27bb319949c21b99660,baninih,https://szy.wikipedia.org/w/index.php?oldid=131263 | https://szy.wikipedia.org/w/index.php?oldid=133356,The pre-scrape source title redirects to the same retained article
"Sakizaya/kuluki,_baninih.xml","Wiki_Sakizaya_kuluki,_baninih",Sakizaya/pangingih.xml,Wiki_Sakizaya_pangingih,pangingih,6c46392df0ee51b7fa140bdd4646e5ad8858a0169605e27bb319949c21b99660,"kuluki, baninih",https://szy.wikipedia.org/w/index.php?oldid=131267 | https://szy.wikipedia.org/w/index.php?oldid=133356,The pre-scrape source title redirects to the same retained article
"Sakizaya/kuluki,_pangingih.xml","Wiki_Sakizaya_kuluki,_pangingih",Sakizaya/pangingih.xml,Wiki_Sakizaya_pangingih,pangingih,6c46392df0ee51b7fa140bdd4646e5ad8858a0169605e27bb319949c21b99660,"kuluki, pangingih",https://szy.wikipedia.org/w/index.php?oldid=124665 | https://szy.wikipedia.org/w/index.php?oldid=133356,The pre-scrape source title redirects to the same retained article
Sakizaya/tekikicay.xml,Wiki_Sakizaya_tekikicay,Sakizaya/banul.xml,Wiki_Sakizaya_banul,banul,5cf6c08e1c406a9fb9873b2bc614236dfc76ffa35671d33dae75234cd0fd225e,tekikicay,https://szy.wikipedia.org/w/index.php?oldid=122654 | https://szy.wikipedia.org/w/index.php?oldid=122802,The pre-scrape source title redirects to the same retained article
Sakizaya/batad_nu_wali.xml,Wiki_Sakizaya_batad_nu_wali,Sakizaya/mabataday_a_walian.xml,Wiki_Sakizaya_mabataday_a_walian,mabataday a walian,e6ae6f13e6399febcfeb062d338256879518aca0c4ff2eeb007de27ab696d9fc,batad nu wali,https://szy.wikipedia.org/w/index.php?oldid=131264 | https://szy.wikipedia.org/w/index.php?oldid=102659,The pre-scrape source title redirects to the same retained article
Sakizaya/batad_nu_walian.xml,Wiki_Sakizaya_batad_nu_walian,Sakizaya/mabataday_a_walian.xml,Wiki_Sakizaya_mabataday_a_walian,mabataday a walian,e6ae6f13e6399febcfeb062d338256879518aca0c4ff2eeb007de27ab696d9fc,batad nu walian,https://szy.wikipedia.org/w/index.php?oldid=96684 | https://szy.wikipedia.org/w/index.php?oldid=102659,The pre-scrape source title redirects to the same retained article
Sakizaya/黃金文.xml,Wiki_Sakizaya_黃金文,Sakizaya/ci_Nuwa_Watan_o_Kumud.xml,Wiki_Sakizaya_ci_Nuwa_Watan_o_Kumud,ci Nuwa Watan o Kumud,0e99cb71cbd706318c688ae3a5aa79eb11a506586203166074c1f95e996c69f7,黃金文,https://szy.wikipedia.org/w/index.php?oldid=138094 | https://szy.wikipedia.org/w/index.php?oldid=138093,The pre-scrape source title redirects to the same retained article
Sakizaya/cica’.xml,Wiki_Sakizaya_cica’,Sakizaya/cica'.xml,Wiki_Sakizaya_cica',cica',50aeb498001432cccdd60a935f171c9fe5391db672670a6c02e6a0b083865824,cica’,https://szy.wikipedia.org/w/index.php?oldid=92913 | https://szy.wikipedia.org/w/index.php?oldid=93096,The pre-scrape source title redirects to the same retained article
Sakizaya/da'dac.xml,Wiki_Sakizaya_da'dac,Sakizaya/da’dac.xml,Wiki_Sakizaya_da’dac,da’dac,36dd72f6d1e74c26a4f3d1452d9042a88b4e3f27e6fc81850bb2b049e574c71d,da'dac,https://szy.wikipedia.org/w/index.php?oldid=59057 | https://szy.wikipedia.org/w/index.php?oldid=110948,The pre-scrape source title redirects to the same retained article
Sakizaya/dacdac.xml,Wiki_Sakizaya_dacdac,Sakizaya/dayday.xml,Wiki_Sakizaya_dayday,dayday,6e1379d9a4e015693456f9f0c79b39b6752cfa39100208858238904690cb15d8,dacdac,https://szy.wikipedia.org/w/index.php?oldid=119750 | https://szy.wikipedia.org/w/index.php?oldid=138997,The pre-scrape source title redirects to the same retained article
Sakizaya/dadipis.xml,Wiki_Sakizaya_dadipis,Sakizaya/sakipangipangi.xml,Wiki_Sakizaya_sakipangipangi,sakipangipangi,2f1c9b1fc270e885dd52c6e64d502df54e6fd0977da2214e6dba26322632595a,dadipis,https://szy.wikipedia.org/w/index.php?oldid=119738 | https://szy.wikipedia.org/w/index.php?oldid=120676,The pre-scrape source title redirects to the same retained article
Sakizaya/hamay_baki(長者賜福祭).xml,Wiki_Sakizaya_hamay_baki(長者賜福祭),Sakizaya/hamay_baki.xml,Wiki_Sakizaya_hamay_baki,hamay baki,ac7d7c2ece35986d3fda74fa99454e7920f8e9fde877895422c7e2e210e78c9e,hamay baki(長者賜福祭),https://szy.wikipedia.org/w/index.php?oldid=59990 | https://szy.wikipedia.org/w/index.php?oldid=94238,The pre-scrape source title redirects to the same retained article
Sakizaya/i_sumamad_cacay_a_bataan_ku_tabakiay_a_niyazu’_nu_sakizaya(古撒奇萊雅族十大部落).xml,Wiki_Sakizaya_i_sumamad_cacay_a_bataan_ku_tabakiay_a_niyazu’_nu_sakizaya(古撒奇萊雅族十大部落),Sakizaya/i_sumamad_cacay_a_bataan_ku_tabakiay_a_niyazu’_nu_sakizaya.xml,Wiki_Sakizaya_i_sumamad_cacay_a_bataan_ku_tabakiay_a_niyazu’_nu_sakizaya,i sumamad cacay a bataan ku tabakiay a niyazu’ nu sakizaya,6858127dc537d0c577a6e1d0c4e5a3dc5d2e5f80a890d927899eac28c97e3a10,i sumamad cacay a bataan ku tabakiay a niyazu’ nu sakizaya.(古撒奇萊雅族十大部落),https://szy.wikipedia.org/w/index.php?oldid=60350 | https://szy.wikipedia.org/w/index.php?oldid=137662,The pre-scrape source title redirects to the same retained article
Sakizaya/inutebanan_nu_walian.xml,Wiki_Sakizaya_inutebanan_nu_walian,Sakizaya/inutebanan_nu_wali.xml,Wiki_Sakizaya_inutebanan_nu_wali,inutebanan nu wali,eae5ec5c3dae71f67abed97a19754e66fd4f75f01d0910afdfe7a5b488e5160e,inutebanan nu walian,https://szy.wikipedia.org/w/index.php?oldid=99350 | https://szy.wikipedia.org/w/index.php?oldid=99351,The pre-scrape source title redirects to the same retained article
Sakizaya/izang(idang).xml,Wiki_Sakizaya_izang(idang),Sakizaya/izang.xml,Wiki_Sakizaya_izang,izang,0fb5dccb5c32fe166a5188331efabd13e5368f36255ffd21dd7d4e3d9e519aba,izang(idang),https://szy.wikipedia.org/w/index.php?oldid=60705 | https://szy.wikipedia.org/w/index.php?oldid=86832,The pre-scrape source title redirects to the same retained article
Sakizaya/kacaledesan_a_kilangkilangan.xml,Wiki_Sakizaya_kacaledesan_a_kilangkilangan,Sakizaya/kacaledesan_a_maudaday_a_kilangkilangan.xml,Wiki_Sakizaya_kacaledesan_a_maudaday_a_kilangkilangan,kacaledesan a maudaday a kilangkilangan,ee09cce7e62327d8181b7a7d06eaa0b77559a54af65a959acbb4e9f1294b358c,kacaledesan a kilangkilangan,https://szy.wikipedia.org/w/index.php?oldid=96237 | https://szy.wikipedia.org/w/index.php?oldid=99303,The pre-scrape source title redirects to the same retained article
Sakizaya/kahdawan_nu_di’tu_a_limecedan.xml,Wiki_Sakizaya_kahdawan_nu_di’tu_a_limecedan,Sakizaya/pahdawan_nu_di'tu_a_limecedan.xml,Wiki_Sakizaya_pahdawan_nu_di'tu_a_limecedan,pahdawan nu di'tu a limecedan,4da5af44ce03fedfbe8b78643b24d841f648ad94ff1c1129c002188ea03bf606,kahdawan nu di’tu a limecedan,https://szy.wikipedia.org/w/index.php?oldid=131266 | https://szy.wikipedia.org/w/index.php?oldid=127663,The pre-scrape source title redirects to the same retained article
Sakizaya/pahdawan_nu_di’tu_a_limecedan.xml,Wiki_Sakizaya_pahdawan_nu_di’tu_a_limecedan,Sakizaya/pahdawan_nu_di'tu_a_limecedan.xml,Wiki_Sakizaya_pahdawan_nu_di'tu_a_limecedan,pahdawan nu di'tu a limecedan,4da5af44ce03fedfbe8b78643b24d841f648ad94ff1c1129c002188ea03bf606,pahdawan nu di’tu a limecedan,https://szy.wikipedia.org/w/index.php?oldid=127619 | https://szy.wikipedia.org/w/index.php?oldid=127663,The pre-scrape source title redirects to the same retained article
Sakizaya/kahmid.xml,Wiki_Sakizaya_kahmid,Sakizaya/ki'.xml,Wiki_Sakizaya_ki',ki',87e66f62bf0bc747a7c545892f5c47ffc4447d3b47ee0db9a3d8937289eb6f21,kahmid,https://szy.wikipedia.org/w/index.php?oldid=119957 | https://szy.wikipedia.org/w/index.php?oldid=120549,The pre-scrape source title redirects to the same retained article
Sakizaya/kalutibah.xml,Wiki_Sakizaya_kalutibah,Sakizaya/kalutipal.xml,Wiki_Sakizaya_kalutipal,kalutipal,4b618014001b4bc68434d9f9261b6d519a59d92b33e7543d2731b4e11041991a,kalutibah,https://szy.wikipedia.org/w/index.php?oldid=124331 | https://szy.wikipedia.org/w/index.php?oldid=124330,The pre-scrape source title redirects to the same retained article
Sakizaya/talamangaw.xml,Wiki_Sakizaya_talamangaw,Sakizaya/kikang.xml,Wiki_Sakizaya_kikang,kikang,ea488436b9d5dc3f418e66b24ccddf566a9f174d883832891c9a0e1f1fdaef3d,talamangaw,https://szy.wikipedia.org/w/index.php?oldid=119955 | https://szy.wikipedia.org/w/index.php?oldid=123337,The pre-scrape source title redirects to the same retained article
Sakizaya/kiwm.xml,Wiki_Sakizaya_kiwm,Sakizaya/kiwmah.xml,Wiki_Sakizaya_kiwmah,kiwmah,5bf5ca90e8650d2365df76f3d698fbc72b5bb1f8d10ec1544a389a0491fd5a1a,kiwm,https://szy.wikipedia.org/w/index.php?oldid=112233 | https://szy.wikipedia.org/w/index.php?oldid=134768,The pre-scrape source title redirects to the same retained article
Sakizaya/kiyuma.xml,Wiki_Sakizaya_kiyuma,Sakizaya/kiwma.xml,Wiki_Sakizaya_kiwma,kiwma,9063f3d339f873f6f869c3a03d24f5cd762e6e5438d350e54ec286da352442fd,kiyuma,https://szy.wikipedia.org/w/index.php?oldid=111359 | https://szy.wikipedia.org/w/index.php?oldid=124730,The pre-scrape source title redirects to the same retained article
Sakizaya/kulukulu(竹滾球).xml,Wiki_Sakizaya_kulukulu(竹滾球),Sakizaya/kulukulu.xml,Wiki_Sakizaya_kulukulu,kulukulu,72dcdd4d45ec1a14d1a65499ded713710f4c3acb9c37460db05c3838514ec624,kulukulu(竹滾球),https://szy.wikipedia.org/w/index.php?oldid=91993 | https://szy.wikipedia.org/w/index.php?oldid=91994,The pre-scrape source title redirects to the same retained article
Sakizaya/kya_mabuwak_ku_isu'.xml,Wiki_Sakizaya_kya_mabuwak_ku_isu',Sakizaya/kya_mabuwak_ku_isu’.xml,Wiki_Sakizaya_kya_mabuwak_ku_isu’,kya mabuwak ku isu’,0536a4ba1626ca557bcef696293d203641ac902328a01868a3773e946f08867c,kya mabuwak ku isu',https://szy.wikipedia.org/w/index.php?oldid=62565 | https://szy.wikipedia.org/w/index.php?oldid=133334,The pre-scrape source title redirects to the same retained article
Sakizaya/lalima_ku_pasepiay_pasepi_tu_binawlan(五色使者為大眾祈福).xml,Wiki_Sakizaya_lalima_ku_pasepiay_pasepi_tu_binawlan(五色使者為大眾祈福),Sakizaya/lalima_ku_pasepiay_pasepi_tu_binawlan.xml,Wiki_Sakizaya_lalima_ku_pasepiay_pasepi_tu_binawlan,lalima ku pasepiay pasepi tu binawlan,a530675d234a9b4a4982c2a4f467b3368d014f3664f02b041b2ac7c9fb471348,lalima ku pasepiay pasepi tu binawlan.(五色使者為大眾祈福),https://szy.wikipedia.org/w/index.php?oldid=62901 | https://szy.wikipedia.org/w/index.php?oldid=87209,The pre-scrape source title redirects to the same retained article
Sakizaya/laluma'an_nu_Mumunt.xml,Wiki_Sakizaya_laluma'an_nu_Mumunt,Sakizaya/laluma’an_nu_Mumunt.xml,Wiki_Sakizaya_laluma’an_nu_Mumunt,laluma’an nu Mumunt,b747a9d1f0e7c1160baf5e58f44a31ed9cfde7de150e39234476ca4f09284a66,laluma'an nu Mumunt,https://szy.wikipedia.org/w/index.php?oldid=89520 | https://szy.wikipedia.org/w/index.php?oldid=89519,The pre-scrape source title redirects to the same retained article
Sakizaya/liman•falanke•baomu.xml,Wiki_Sakizaya_liman•falanke•baomu,Sakizaya/liman·falanke·baomu.xml,Wiki_Sakizaya_liman·falanke·baomu,liman·falanke·baomu,c58c42d1a73f11ecc7f81cdb38003dace4b6fb8b5e3eafbcfb7968ee710ffb43,liman•falanke•baomu,https://szy.wikipedia.org/w/index.php?oldid=63256 | https://szy.wikipedia.org/w/index.php?oldid=89436,The pre-scrape source title redirects to the same retained article
Sakizaya/luma'.xml,Wiki_Sakizaya_luma',Sakizaya/luma’.xml,Wiki_Sakizaya_luma’,luma’,a58601bba43415de3551dc3cfd01c141c35b21b8b90bb5b237ea64fe849bf7c4,luma',https://szy.wikipedia.org/w/index.php?oldid=129282 | https://szy.wikipedia.org/w/index.php?oldid=133337,The pre-scrape source title redirects to the same retained article
Sakizaya/lumeni'ay.xml,Wiki_Sakizaya_lumeni'ay,Sakizaya/lumeni’ay.xml,Wiki_Sakizaya_lumeni’ay,lumeni’ay,b294e7c5c9e750984ee8cfab561761a2764a36ef3601a9317c4f0f441d6f3c84,lumeni'ay,https://szy.wikipedia.org/w/index.php?oldid=129271 | https://szy.wikipedia.org/w/index.php?oldid=129270,The pre-scrape source title redirects to the same retained article
Sakizaya/luyexianzong（sikulitay_a_cudad）.xml,Wiki_Sakizaya_luyexianzong（sikulitay_a_cudad）,Sakizaya/luyexianzong_(sikulitay_a_cudad).xml,Wiki_Sakizaya_luyexianzong_(sikulitay_a_cudad),luyexianzong (sikulitay a cudad),f1d1a13efd9f2f2175a254dc6d12a66bcd69c60ba6f45c52bcabcc910e780e91,luyexianzong（sikulitay a cudad）,https://szy.wikipedia.org/w/index.php?oldid=63418 | https://szy.wikipedia.org/w/index.php?oldid=87232,The pre-scrape source title redirects to the same retained article
Sakizaya/muemu.xml,Wiki_Sakizaya_muemu,Sakizaya/mamuemu.xml,Wiki_Sakizaya_mamuemu,mamuemu,92f448ada91fb5bc54ddd6ed7741ea7ac8238e18b01906b57dfceb880acfaaf5,muemu,https://szy.wikipedia.org/w/index.php?oldid=115964 | https://szy.wikipedia.org/w/index.php?oldid=130556,The pre-scrape source title redirects to the same retained article
Sakizaya/mapacai’tay_a_tuki_micidekay_ku_waway_a_tademaw.xml,Wiki_Sakizaya_mapacai’tay_a_tuki_micidekay_ku_waway_a_tademaw,Sakizaya/mapacai'tay_a_tuki_micidekay_ku_waway_a_tademaw.xml,Wiki_Sakizaya_mapacai'tay_a_tuki_micidekay_ku_waway_a_tademaw,mapacai'tay a tuki micidekay ku waway a tademaw,4ba6feb5c57fa81efed24e021d77610a577f1e06fb4b7230a73b28e81d62b4d0,mapacai’tay a tuki micidekay ku waway a tademaw,https://szy.wikipedia.org/w/index.php?oldid=127939 | https://szy.wikipedia.org/w/index.php?oldid=127938,The pre-scrape source title redirects to the same retained article
Sakizaya/mapuwah_ku_silamalay_buyu'_nu_Philippines.xml,Wiki_Sakizaya_mapuwah_ku_silamalay_buyu'_nu_Philippines,Sakizaya/mapuwah_ku_silamalay_a_buyu’_nu_Taal_nu_Philippines.xml,Wiki_Sakizaya_mapuwah_ku_silamalay_a_buyu’_nu_Taal_nu_Philippines,mapuwah ku silamalay a buyu’ nu Taal nu Philippines,8c0d50830e810964cfcb971f011db6ac8f541bcc764391aba3f0abc1af6facd7,mapuwah ku silamalay buyu' nu Philippines,https://szy.wikipedia.org/w/index.php?oldid=131271 | https://szy.wikipedia.org/w/index.php?oldid=94448,The pre-scrape source title redirects to the same retained article
Sakizaya/mapuwah_ku_silamalay_buyu’_nu_Philippines.xml,Wiki_Sakizaya_mapuwah_ku_silamalay_buyu’_nu_Philippines,Sakizaya/mapuwah_ku_silamalay_a_buyu’_nu_Taal_nu_Philippines.xml,Wiki_Sakizaya_mapuwah_ku_silamalay_a_buyu’_nu_Taal_nu_Philippines,mapuwah ku silamalay a buyu’ nu Taal nu Philippines,8c0d50830e810964cfcb971f011db6ac8f541bcc764391aba3f0abc1af6facd7,mapuwah ku silamalay buyu’ nu Philippines,https://szy.wikipedia.org/w/index.php?oldid=94446 | https://szy.wikipedia.org/w/index.php?oldid=94448,The pre-scrape source title redirects to the same retained article
Sakizaya/mibiyalaway_a_mapalaway_nu_Aw-ce.xml,Wiki_Sakizaya_mibiyalaway_a_mapalaway_nu_Aw-ce,Sakizaya/micidekay_a_mapalaway_nu_Aw-ce.xml,Wiki_Sakizaya_micidekay_a_mapalaway_nu_Aw-ce,micidekay a mapalaway nu Aw-ce,e109b1f2d702df40bad951a966f40331ee65c367f1876dd74801edd23087f1ed,mibiyalaway a mapalaway nu Aw-ce,https://szy.wikipedia.org/w/index.php?oldid=131272 | https://szy.wikipedia.org/w/index.php?oldid=127794,The pre-scrape source title redirects to the same retained article
Sakizaya/u_mibiyalaway_a_mapalaway_nu_Aw-ce.xml,Wiki_Sakizaya_u_mibiyalaway_a_mapalaway_nu_Aw-ce,Sakizaya/micidekay_a_mapalaway_nu_Aw-ce.xml,Wiki_Sakizaya_micidekay_a_mapalaway_nu_Aw-ce,micidekay a mapalaway nu Aw-ce,e109b1f2d702df40bad951a966f40331ee65c367f1876dd74801edd23087f1ed,u mibiyalaway a mapalaway nu Aw-ce,https://szy.wikipedia.org/w/index.php?oldid=127795 | https://szy.wikipedia.org/w/index.php?oldid=127794,The pre-scrape source title redirects to the same retained article
Sakizaya/miladis（捕魚祭）.xml,Wiki_Sakizaya_miladis（捕魚祭）,Sakizaya/miladis.xml,Wiki_Sakizaya_miladis,miladis,93c7a23f60f69ea4a86f610817717e2955682e807826d8b3e0e1b2e0e9da2e95,miladis（捕魚祭）,https://szy.wikipedia.org/w/index.php?oldid=64936 | https://szy.wikipedia.org/w/index.php?oldid=87284,The pre-scrape source title redirects to the same retained article
Sakizaya/nipatadikud_ni_Cay-ing-wen_cung-tung_a_kamu.xml,Wiki_Sakizaya_nipatadikud_ni_Cay-ing-wen_cung-tung_a_kamu,Sakizaya/nakamuwan_ni_Cay-Ing-Wen_cung-tung_tu_paniyul_a_sakakapah.xml,Wiki_Sakizaya_nakamuwan_ni_Cay-Ing-Wen_cung-tung_tu_paniyul_a_sakakapah,nakamuwan ni Cay-Ing-Wen cung-tung tu paniyul a sakakapah,9e81fd5b3359980aed3a9c0a1adddd0f23b3bce86ffe6a14bff7e224ab8c62e5,nipatadikud ni Cay-ing-wen cung-tung a kamu,https://szy.wikipedia.org/w/index.php?oldid=94440 | https://szy.wikipedia.org/w/index.php?oldid=104596,The pre-scrape source title redirects to the same retained article
Sakizaya/nawatubi(跳繩).xml,Wiki_Sakizaya_nawatubi(跳繩),Sakizaya/nawatubi.xml,Wiki_Sakizaya_nawatubi,nawatubi,939cc7021264224accad42934cc28483bec39f99940939b15792b00a1a3159eb,nawatubi(跳繩),https://szy.wikipedia.org/w/index.php?oldid=65926 | https://szy.wikipedia.org/w/index.php?oldid=137664,The pre-scrape source title redirects to the same retained article
"Sakizaya/nipaluma-_lahekakay_a_panay,_tadapanay,_bangsisay_a_panay.xml","Wiki_Sakizaya_nipaluma-_lahekakay_a_panay,_tadapanay,_bangsisay_a_panay",Sakizaya/panay_(hemay).xml,Wiki_Sakizaya_panay_(hemay),panay (hemay),a8e58bb73e374c07f6c90fbf74ff95a2a1bfbb8d96bb64701b96370b9072819b,"nipaluma- lahekakay a panay, tadapanay, bangsisay a panay",https://szy.wikipedia.org/w/index.php?oldid=137777 | https://szy.wikipedia.org/w/index.php?oldid=137771,The pre-scrape source title redirects to the same retained article
"Sakizaya/nipaluma-_sumanahay_a_panay,_tadapanay,_bangsisay_a_panay.xml","Wiki_Sakizaya_nipaluma-_sumanahay_a_panay,_tadapanay,_bangsisay_a_panay",Sakizaya/panay_(hemay).xml,Wiki_Sakizaya_panay_(hemay),panay (hemay),a8e58bb73e374c07f6c90fbf74ff95a2a1bfbb8d96bb64701b96370b9072819b,"nipaluma- sumanahay a panay, tadapanay, bangsisay a panay",https://szy.wikipedia.org/w/index.php?oldid=137778 | https://szy.wikipedia.org/w/index.php?oldid=137771,The pre-scrape source title redirects to the same retained article
"Sakizaya/nipaluma-sumanahay_a_panay,_tadapanay,_bangsisay_a_panay.xml","Wiki_Sakizaya_nipaluma-sumanahay_a_panay,_tadapanay,_bangsisay_a_panay",Sakizaya/panay_(hemay).xml,Wiki_Sakizaya_panay_(hemay),panay (hemay),a8e58bb73e374c07f6c90fbf74ff95a2a1bfbb8d96bb64701b96370b9072819b,"nipaluma-sumanahay a panay, tadapanay, bangsisay a panay",https://szy.wikipedia.org/w/index.php?oldid=137770 | https://szy.wikipedia.org/w/index.php?oldid=137771,The pre-scrape source title redirects to the same retained article
"Sakizaya/nipaluma-bituka,_bitoka.xml","Wiki_Sakizaya_nipaluma-bituka,_bitoka",Sakizaya/nipaluma-bituka.xml,Wiki_Sakizaya_nipaluma-bituka,nipaluma-bituka,24ba827e9871e0bc34f9879e201dd787ffc4a79c9e560c046114ef9e815f8dd1,"nipaluma-bituka, bitoka",https://szy.wikipedia.org/w/index.php?oldid=121717 | https://szy.wikipedia.org/w/index.php?oldid=138008,The pre-scrape source title redirects to the same retained article
"Sakizaya/nipaluma-bucyacaw,_bocyacaw.xml","Wiki_Sakizaya_nipaluma-bucyacaw,_bocyacaw",Sakizaya/nipaluma-bucyacaw.xml,Wiki_Sakizaya_nipaluma-bucyacaw,nipaluma-bucyacaw,cd33f5efebadb121f613c203a51ee72d8863c96d3758417e2ab89dda60d32d86,"nipaluma-bucyacaw, bocyacaw",https://szy.wikipedia.org/w/index.php?oldid=120196 | https://szy.wikipedia.org/w/index.php?oldid=125028,The pre-scrape source title redirects to the same retained article
"Sakizaya/nipaluma-busugi,bosogi.xml","Wiki_Sakizaya_nipaluma-busugi,bosogi",Sakizaya/nipaluma-busugi.xml,Wiki_Sakizaya_nipaluma-busugi,nipaluma-busugi,b02e5700d91847b9a68a8cb82627a766752e5bd1671330c404754fd4b468f033,"nipaluma-busugi,bosogi",https://szy.wikipedia.org/w/index.php?oldid=121535 | https://szy.wikipedia.org/w/index.php?oldid=124902,The pre-scrape source title redirects to the same retained article
"Sakizaya/nipaluma-culahakay,_colahakay.xml","Wiki_Sakizaya_nipaluma-culahakay,_colahakay",Sakizaya/nipaluma-culahakay.xml,Wiki_Sakizaya_nipaluma-culahakay,nipaluma-culahakay,bb45e04bb7521ad42f4df3bdd192c800c55459d952322124092699bb8d044b4e,"nipaluma-culahakay, colahakay",https://szy.wikipedia.org/w/index.php?oldid=124766 | https://szy.wikipedia.org/w/index.php?oldid=124829,The pre-scrape source title redirects to the same retained article
Sakizaya/nipaluma-kakanen_no_tengaan.xml,Wiki_Sakizaya_nipaluma-kakanen_no_tengaan,Sakizaya/nipaluma-kakanen_nu_tengaan.xml,Wiki_Sakizaya_nipaluma-kakanen_nu_tengaan,nipaluma-kakanen nu tengaan,4ee7dd3a582c06f9f55c0880fa11aa52d547ef8445d151b5115c8baec34f0381,nipaluma-kakanen no tengaan,https://szy.wikipedia.org/w/index.php?oldid=120563 | https://szy.wikipedia.org/w/index.php?oldid=124672,The pre-scrape source title redirects to the same retained article
"Sakizaya/nipaluma-mutung,motong.xml","Wiki_Sakizaya_nipaluma-mutung,motong",Sakizaya/nipaluma-mutung.xml,Wiki_Sakizaya_nipaluma-mutung,nipaluma-mutung,cc236b1917b755ec045172cd87cbd1ed3fd0b83d6482bb2cae193baef5e94b37,"nipaluma-mutung,motong",https://szy.wikipedia.org/w/index.php?oldid=121524 | https://szy.wikipedia.org/w/index.php?oldid=124456,The pre-scrape source title redirects to the same retained article
"Sakizaya/nipaluma-sakipudas,_sakipodas.xml","Wiki_Sakizaya_nipaluma-sakipudas,_sakipodas",Sakizaya/nipaluma-sakipudas.xml,Wiki_Sakizaya_nipaluma-sakipudas,nipaluma-sakipudas,554800503d3d7a3aa4e08d312076d10ef3491d9f05fb8fb68b6aaa0ee30293be,"nipaluma-sakipudas, sakipodas",https://szy.wikipedia.org/w/index.php?oldid=121741 | https://szy.wikipedia.org/w/index.php?oldid=125545,The pre-scrape source title redirects to the same retained article
Sakizaya/nipaluma-tayu'.xml,Wiki_Sakizaya_nipaluma-tayu',Sakizaya/nipaluma-tayu.xml,Wiki_Sakizaya_nipaluma-tayu,nipaluma-tayu,9458effaf3c6e44703559df645a5fbec0d061698d93a32c3326c087744a810f0,nipaluma-tayu',https://szy.wikipedia.org/w/index.php?oldid=121510 | https://szy.wikipedia.org/w/index.php?oldid=123875,The pre-scrape source title redirects to the same retained article
"Sakizaya/nipaluma-timyu,_timyo.xml","Wiki_Sakizaya_nipaluma-timyu,_timyo",Sakizaya/nipaluma-timyu.xml,Wiki_Sakizaya_nipaluma-timyu,nipaluma-timyu,9cfdf70d27a516bdd87dd8d0a203ad1100ab5246d10ca3111adbe56f38161b12,"nipaluma-timyu, timyo",https://szy.wikipedia.org/w/index.php?oldid=122515 | https://szy.wikipedia.org/w/index.php?oldid=124607,The pre-scrape source title redirects to the same retained article
"Sakizaya/nipaluma-yutincaw,_yotincaw.xml","Wiki_Sakizaya_nipaluma-yutincaw,_yotincaw",Sakizaya/nipaluma-yutiancaw.xml,Wiki_Sakizaya_nipaluma-yutiancaw,nipaluma-yutiancaw,7c39faa6992f777b3bcc8f2ca32d7c2d3253eb131710a744f4a29bfcaba77969,"nipaluma-yutincaw, yotincaw",https://szy.wikipedia.org/w/index.php?oldid=120265 | https://szy.wikipedia.org/w/index.php?oldid=125078,The pre-scrape source title redirects to the same retained article
Sakizaya/nipalumaan_Biyang.xml,Wiki_Sakizaya_nipalumaan_Biyang,Sakizaya/nipaluman-biyang.xml,Wiki_Sakizaya_nipaluman-biyang,nipaluman-biyang,f851bc3b5589d6fa273d8347666312005b1eeeca236ccbf70e8245eefb7d2d75,nipalumaan Biyang,https://szy.wikipedia.org/w/index.php?oldid=123011 | https://szy.wikipedia.org/w/index.php?oldid=128948,The pre-scrape source title redirects to the same retained article
Sakizaya/niyazu'.xml,Wiki_Sakizaya_niyazu',Sakizaya/niyazu’.xml,Wiki_Sakizaya_niyazu’,niyazu’,c291d34c3559a2ec50e8304a8a3c9effeea4298ac2d911ad3b09dfae902eb54d,niyazu',https://szy.wikipedia.org/w/index.php?oldid=129294 | https://szy.wikipedia.org/w/index.php?oldid=129293,The pre-scrape source title redirects to the same retained article
Sakizaya/padayicaw.xml,Wiki_Sakizaya_padayicaw,Sakizaya/padaicaw.xml,Wiki_Sakizaya_padaicaw,padaicaw,e818f27040ddfd4b9085c31b40e734da8ace887113ad977c8eb72675f02dab0a,padayicaw,https://szy.wikipedia.org/w/index.php?oldid=123993 | https://szy.wikipedia.org/w/index.php?oldid=133355,The pre-scrape source title redirects to the same retained article
Sakizaya/paza’.xml,Wiki_Sakizaya_paza’,Sakizaya/paza'.xml,Wiki_Sakizaya_paza',paza',4baf1aef9afb8185ce707dcf743a147f9057942cd04e5377d9bde7901e0d56e0,paza’,https://szy.wikipedia.org/w/index.php?oldid=75540 | https://szy.wikipedia.org/w/index.php?oldid=75535,The pre-scrape source title redirects to the same retained article
Sakizaya/pilisinan(豐年祭).xml,Wiki_Sakizaya_pilisinan(豐年祭),Sakizaya/pilisinan.xml,Wiki_Sakizaya_pilisinan,pilisinan,e4c87ea5be61b3f6bae718750caa9fc7c376a483110bbe268757db668c4b4a53,pilisinan(豐年祭),https://szy.wikipedia.org/w/index.php?oldid=75973 | https://szy.wikipedia.org/w/index.php?oldid=88366,The pre-scrape source title redirects to the same retained article
Sakizaya/pipalumaan_pipahabanan_nu_aadupan.xml,Wiki_Sakizaya_pipalumaan_pipahabanan_nu_aadupan,Sakizaya/u_pipalumaan_pipahabanan_tu_aadupan.xml,Wiki_Sakizaya_u_pipalumaan_pipahabanan_tu_aadupan,u pipalumaan pipahabanan tu aadupan,eeb7c50010346c0ea0c3aad7ebf3edc6c8d785d04754830cdc990136a6714686,pipalumaan pipahabanan nu aadupan,https://szy.wikipedia.org/w/index.php?oldid=127798 | https://szy.wikipedia.org/w/index.php?oldid=128571,The pre-scrape source title redirects to the same retained article
Sakizaya/sa'wac.xml,Wiki_Sakizaya_sa'wac,Sakizaya/sauwac.xml,Wiki_Sakizaya_sauwac,sauwac,14cbaf1c5b49e2038a121a6155167d9fbcf8a8554f8426da498121023d5c8622,sa'wac,https://szy.wikipedia.org/w/index.php?oldid=93137 | https://szy.wikipedia.org/w/index.php?oldid=93139,The pre-scrape source title redirects to the same retained article
Sakizaya/sakacacay_a_kitakitay_a_bulawan.xml,Wiki_Sakizaya_sakacacay_a_kitakitay_a_bulawan,Sakizaya/sakacacayay_nu_kitakit_satabakiay_masasungayaw.xml,Wiki_Sakizaya_sakacacayay_nu_kitakit_satabakiay_masasungayaw,sakacacayay nu kitakit satabakiay masasungayaw,af3ff605808e69d356ea11d018a49fee151d2a9315f8879e29a9555efcef2b66,sakacacay a kitakitay a bulawan,https://szy.wikipedia.org/w/index.php?oldid=94917 | https://szy.wikipedia.org/w/index.php?oldid=94918,The pre-scrape source title redirects to the same retained article
Sakizaya/sakatusa_a_kitakitay_a_bulawan.xml,Wiki_Sakizaya_sakatusa_a_kitakitay_a_bulawan,Sakizaya/sakacacayay_nu_kitakit_satabakiay_masasungayaw.xml,Wiki_Sakizaya_sakacacayay_nu_kitakit_satabakiay_masasungayaw,sakacacayay nu kitakit satabakiay masasungayaw,af3ff605808e69d356ea11d018a49fee151d2a9315f8879e29a9555efcef2b66,sakatusa a kitakitay a bulawan,https://szy.wikipedia.org/w/index.php?oldid=94908 | https://szy.wikipedia.org/w/index.php?oldid=94918,The pre-scrape source title redirects to the same retained article
Sakizaya/sangisiw.xml,Wiki_Sakizaya_sangisiw,Sakizaya/sangiziw.xml,Wiki_Sakizaya_sangiziw,sangiziw,171f77ed696e0fee78d68ef7a3b4c1890436e750b3eebb7767824abe187647c1,sangisiw,https://szy.wikipedia.org/w/index.php?oldid=127464 | https://szy.wikipedia.org/w/index.php?oldid=127465,The pre-scrape source title redirects to the same retained article
Sakizaya/sapiseking_nu_kumu_nu_binacadan.xml,Wiki_Sakizaya_sapiseking_nu_kumu_nu_binacadan,Sakizaya/sapiseking_nu_kamu_nu_binacadan.xml,Wiki_Sakizaya_sapiseking_nu_kamu_nu_binacadan,sapiseking nu kamu nu binacadan,cdb755cc4d63c85592e416678f90181d9d2fb87a8ba171c122d18b4e43cb6c81,sapiseking nu kumu nu binacadan,https://szy.wikipedia.org/w/index.php?oldid=95379 | https://szy.wikipedia.org/w/index.php?oldid=95920,The pre-scrape source title redirects to the same retained article
Sakizaya/seking_nu_kumu_nu_binacadan.xml,Wiki_Sakizaya_seking_nu_kumu_nu_binacadan,Sakizaya/sapiseking_nu_kamu_nu_binacadan.xml,Wiki_Sakizaya_sapiseking_nu_kamu_nu_binacadan,sapiseking nu kamu nu binacadan,cdb755cc4d63c85592e416678f90181d9d2fb87a8ba171c122d18b4e43cb6c81,seking nu kumu nu binacadan,https://szy.wikipedia.org/w/index.php?oldid=131275 | https://szy.wikipedia.org/w/index.php?oldid=95920,The pre-scrape source title redirects to the same retained article
Sakizaya/sema’.xml,Wiki_Sakizaya_sema’,Sakizaya/sema'.xml,Wiki_Sakizaya_sema',sema',7323137f368771ca398efb9acbdd240b4b8d8dfe56296efee840d225dd339023,sema’,https://szy.wikipedia.org/w/index.php?oldid=137154 | https://szy.wikipedia.org/w/index.php?oldid=137156,The pre-scrape source title redirects to the same retained article
Sakizaya/taludu’ay_a_limecedan.xml,Wiki_Sakizaya_taludu’ay_a_limecedan,Sakizaya/taludu'ay_a_limecedan.xml,Wiki_Sakizaya_taludu'ay_a_limecedan,taludu'ay a limecedan,cc5790ab9df2c06a71fab301782717a2afdbe9edad1816950343843199cbeac1,taludu’ay a limecedan,https://szy.wikipedia.org/w/index.php?oldid=127933 | https://szy.wikipedia.org/w/index.php?oldid=127936,The pre-scrape source title redirects to the same retained article
Sakizaya/tanayu’.xml,Wiki_Sakizaya_tanayu’,Sakizaya/tanaya’.xml,Wiki_Sakizaya_tanaya’,tanaya’,0faa372b483ba4c07e4062d67cab252e0dc3f6a012a6cb693a4e49cce32f0912,tanayu’,https://szy.wikipedia.org/w/index.php?oldid=100940 | https://szy.wikipedia.org/w/index.php?oldid=100941,The pre-scrape source title redirects to the same retained article
Sakizaya/tanayu’ay_padahaw_a_sinaama.xml,Wiki_Sakizaya_tanayu’ay_padahaw_a_sinaama,Sakizaya/tanayuay_padahaw_a_sinaama.xml,Wiki_Sakizaya_tanayuay_padahaw_a_sinaama,tanayuay padahaw a sinaama,b58116d1e77d37eda48595206df04c9ef5af62940e443c6c6bced4d4571b8de4,tanayu’ay padahaw a sinaama,https://szy.wikipedia.org/w/index.php?oldid=127941 | https://szy.wikipedia.org/w/index.php?oldid=128572,The pre-scrape source title redirects to the same retained article
Sakizaya/tuwapay(拉車).xml,Wiki_Sakizaya_tuwapay(拉車),Sakizaya/tuwapay.xml,Wiki_Sakizaya_tuwapay,tuwapay,37c22f8b470fc7acd0a9c46fb9edf816ab5a25862799edd280f88c4826484965,tuwapay(拉車),https://szy.wikipedia.org/w/index.php?oldid=82466 | https://szy.wikipedia.org/w/index.php?oldid=82462,The pre-scrape source title redirects to the same retained article
Sakizaya/u_(卡拉)_OK_hanany_a_sadadiwan_nu_sikaidaw.xml,Wiki_Sakizaya_u_(卡拉)_OK_hanany_a_sadadiwan_nu_sikaidaw,Sakizaya/u_kala_OK_hanany_a_sadadiwan_nu_sikaidaw.xml,Wiki_Sakizaya_u_kala_OK_hanany_a_sadadiwan_nu_sikaidaw,u kala OK hanany a sadadiwan nu sikaidaw,7a2ccd9c3962373c3161a1a8c6f2ded8390c3418b3a863fd8785932f0be57352,u (卡拉) OK hanany a sadadiwan nu sikaidaw,https://szy.wikipedia.org/w/index.php?oldid=82468 | https://szy.wikipedia.org/w/index.php?oldid=82991,The pre-scrape source title redirects to the same retained article
Sakizaya/u_ciyakuun_(甲骨文)_hananay_a_lalangawan_nikaidaw.xml,Wiki_Sakizaya_u_ciyakuun_(甲骨文)_hananay_a_lalangawan_nikaidaw,Sakizaya/u_cya-ku-wen_(甲骨文)_hananay_a_lalangawan_nikaidaw.xml,Wiki_Sakizaya_u_cya-ku-wen_(甲骨文)_hananay_a_lalangawan_nikaidaw,u cya-ku-wen (甲骨文) hananay a lalangawan nikaidaw,5e7a922f90f9cc933291d1f9c8fd5f2da4eabfc1169f12f1e39a4906d13066c1,u ciyakuun (甲骨文) hananay a lalangawan nikaidaw,https://szy.wikipedia.org/w/index.php?oldid=96775 | https://szy.wikipedia.org/w/index.php?oldid=96810,The pre-scrape source title redirects to the same retained article
Sakizaya/u_ciyakuun（甲骨文）hananay_a_lalangawan_nikaidaw.xml,Wiki_Sakizaya_u_ciyakuun（甲骨文）hananay_a_lalangawan_nikaidaw,Sakizaya/u_cya-ku-wen_(甲骨文)_hananay_a_lalangawan_nikaidaw.xml,Wiki_Sakizaya_u_cya-ku-wen_(甲骨文)_hananay_a_lalangawan_nikaidaw,u cya-ku-wen (甲骨文) hananay a lalangawan nikaidaw,5e7a922f90f9cc933291d1f9c8fd5f2da4eabfc1169f12f1e39a4906d13066c1,u ciyakuun（甲骨文）hananay a lalangawan nikaidaw,https://szy.wikipedia.org/w/index.php?oldid=131282 | https://szy.wikipedia.org/w/index.php?oldid=96810,The pre-scrape source title redirects to the same retained article
Sakizaya/u_kapawanan_a_niyadu'.xml,Wiki_Sakizaya_u_kapawanan_a_niyadu',Sakizaya/u_kapawanan_a_niyadu'_Kasiwsiwan.xml,Wiki_Sakizaya_u_kapawanan_a_niyadu'_Kasiwsiwan,u kapawanan a niyadu': Kasiwsiwan,6f7bf54b1965345705fe7d1e384aed2c7d8f576f492a6dc98aa37880295f37d8,u kapawanan a niyadu',https://szy.wikipedia.org/w/index.php?oldid=93542 | https://szy.wikipedia.org/w/index.php?oldid=93544,The pre-scrape source title redirects to the same retained article
Sakizaya/u_諾曼第登陸hananay_nikalalais_sakatusaay_nu_kitakit_satabakiyay_masasungayaw.xml,Wiki_Sakizaya_u_諾曼第登陸hananay_nikalalais_sakatusaay_nu_kitakit_satabakiyay_masasungayaw,Sakizaya/u_諾曼第登陸_hananay_nikalalais_sakatusaay_nu_kitakit_satabakiyay_masasungayaw.xml,Wiki_Sakizaya_u_諾曼第登陸_hananay_nikalalais_sakatusaay_nu_kitakit_satabakiyay_masasungayaw,u 諾曼第登陸 hananay nikalalais sakatusaay nu kitakit satabakiyay masasungayaw,ed3d9466d3bc0723017c8fc1d93f5004c68af2a48c882e1b14acfe32df19b633,u 諾曼第登陸hananay nikalalais sakatusaay nu kitakit satabakiyay masasungayaw,https://szy.wikipedia.org/w/index.php?oldid=83642 | https://szy.wikipedia.org/w/index.php?oldid=128554,The pre-scrape source title redirects to the same retained article
Sakizaya/uciya.xml,Wiki_Sakizaya_uciya,Sakizaya/ucya.xml,Wiki_Sakizaya_ucya,ucya,e4303c6e54206c21e8840607733625655fa7a4a21130ea1fe7663df8e1742c7a,uciya,https://szy.wikipedia.org/w/index.php?oldid=96704 | https://szy.wikipedia.org/w/index.php?oldid=96703,The pre-scrape source title redirects to the same retained article
Sakizaya/ya_nisangaan_nu_tademaway_sipunuay_sakaytinengan_a_bunac(人造衛星）.xml,Wiki_Sakizaya_ya_nisangaan_nu_tademaway_sipunuay_sakaytinengan_a_bunac(人造衛星）,Sakizaya/ya_nisangaan_nu_tademaway_sipunuay_sakaytinengan_a_bunac.xml,Wiki_Sakizaya_ya_nisangaan_nu_tademaway_sipunuay_sakaytinengan_a_bunac,ya nisangaan nu tademaway sipunuay sakaytinengan a bunac,fcee21d24c1959e790878141d64ae91f7a10e5fb3c60bf4c6d039b7fb4c326c8,ya nisangaan nu tademaway sipunuay sakaytinengan a bunac(人造衛星）,https://szy.wikipedia.org/w/index.php?oldid=84282 | https://szy.wikipedia.org/w/index.php?oldid=94856,The pre-scrape source title redirects to the same retained article
Sakizaya/ya_waluay_masakaputay_midebungay_tu_Hulamay_ya_(_八國聯軍_）hananay.xml,Wiki_Sakizaya_ya_waluay_masakaputay_midebungay_tu_Hulamay_ya_(_八國聯軍_）hananay,Sakizaya/ya_waluay_masakaputay_midebungay_tu_Hulamay_ya_(八國聯軍)_hananay.xml,Wiki_Sakizaya_ya_waluay_masakaputay_midebungay_tu_Hulamay_ya_(八國聯軍)_hananay,ya waluay masakaputay midebungay tu Hulamay ya (八國聯軍) hananay,a3d5113097fd688cb354a2d1f31a9401071279aa95a8b4a0607a8d4b7de5fd11,ya waluay masakaputay midebungay tu Hulamay ya ( 八國聯軍 ）hananay,https://szy.wikipedia.org/w/index.php?oldid=84328 | https://szy.wikipedia.org/w/index.php?oldid=128556,The pre-scrape source title redirects to the same retained article
Sakizaya/‘Syabutay.xml,Wiki_Sakizaya_‘Syabutay,Sakizaya/’Syabutay.xml,Wiki_Sakizaya_’Syabutay,’Syabutay,20485ee76cf6a087a6a6fec9d6e2e77e639400e18b4f2387eb28561cd7a6fc52,‘Syabutay,https://szy.wikipedia.org/w/index.php?oldid=84506 | https://szy.wikipedia.org/w/index.php?oldid=133384,The pre-scrape source title redirects to the same retained article
"Seediq/Albert_II,_Prince_of_Monaco.xml","Wiki_Seediq_Albert_II,_Prince_of_Monaco",Seediq/Albert_II.xml,Wiki_Seediq_Albert_II,Albert II,aa975d9efb73bef720436317759197da3ed0d7a5125bae6672164a7d5a13cf88,"Albert II, Prince of Monaco",https://trv.wikipedia.org/w/index.php?oldid=814 | https://trv.wikipedia.org/w/index.php?oldid=108178,The pre-scrape source title redirects to the same retained article
Seediq/United_States.xml,Wiki_Seediq_United_States,Seediq/Amirika.xml,Wiki_Seediq_Amirika,Amirika,f48d5645f86f682440f46d7cf3bba0d2162d09e39d51c27c7a78feee3c201a6a,United States,https://trv.wikipedia.org/w/index.php?oldid=89780 | https://trv.wikipedia.org/w/index.php?oldid=103700,The pre-scrape source title redirects to the same retained article
Seediq/Qlupas.xml,Wiki_Seediq_Qlupas,Seediq/Aring.xml,Wiki_Seediq_Aring,Aring,012fe5e3b8f3bf02210d06c0cf5f0dcd4f16437e591ce480fb73bc9868cacc90,Qlupas,https://trv.wikipedia.org/w/index.php?oldid=38938 | https://trv.wikipedia.org/w/index.php?oldid=105716,The pre-scrape source title redirects to the same retained article
Seediq/Masaq.xml,Wiki_Seediq_Masaq,Seediq/Baciq.xml,Wiki_Seediq_Baciq,Baciq,0a61b799699116be3501b05206d7d33b4a49d61287b185489f43a838696b6389,Masaq,https://trv.wikipedia.org/w/index.php?oldid=34077 | https://trv.wikipedia.org/w/index.php?oldid=3778,The pre-scrape source title redirects to the same retained article
Seediq/Basaw.xml,Wiki_Seediq_Basaw,Seediq/Baso.xml,Wiki_Seediq_Baso,Baso,c40a79a494d5b6ce378b6a6d87dfb8f871e977b734b8d352e974afe57ba4e1d6,Basaw,https://trv.wikipedia.org/w/index.php?oldid=4837 | https://trv.wikipedia.org/w/index.php?oldid=95702,The pre-scrape source title redirects to the same retained article
Seediq/Betun.xml,Wiki_Seediq_Betun,Seediq/Btraw.xml,Wiki_Seediq_Btraw,Btraw,4300111c57b044539ee7fb0b8356c74226589bf0da329bbdb077febb1c1b17b5,Betun,https://trv.wikipedia.org/w/index.php?oldid=7763 | https://trv.wikipedia.org/w/index.php?oldid=9558,The pre-scrape source title redirects to the same retained article
Seediq/Bngerux.xml,Wiki_Seediq_Bngerux,Seediq/Bhngil.xml,Wiki_Seediq_Bhngil,Bhngil,c151e5a77596f01123cec0a031c9a593d36acb09450d89b1fd0515fe287bbdde,Bngerux,https://trv.wikipedia.org/w/index.php?oldid=8231 | https://trv.wikipedia.org/w/index.php?oldid=7823,The pre-scrape source title redirects to the same retained article
Seediq/Bngrux.xml,Wiki_Seediq_Bngrux,Seediq/Bhngil.xml,Wiki_Seediq_Bhngil,Bhngil,c151e5a77596f01123cec0a031c9a593d36acb09450d89b1fd0515fe287bbdde,Bngrux,https://trv.wikipedia.org/w/index.php?oldid=8235 | https://trv.wikipedia.org/w/index.php?oldid=7823,The pre-scrape source title redirects to the same retained article
Seediq/Bitcoin.xml,Wiki_Seediq_Bitcoin,Seediq/Pitopi.xml,Wiki_Seediq_Pitopi,Pitopi,08b6711736c97476c8790d5888b95c43d8d13d0ab192893cb92a269f733dc448,Bitcoin,https://trv.wikipedia.org/w/index.php?oldid=106659 | https://trv.wikipedia.org/w/index.php?oldid=103037,The pre-scrape source title redirects to the same retained article
Seediq/₿.xml,Wiki_Seediq_₿,Seediq/Pitopi.xml,Wiki_Seediq_Pitopi,Pitopi,08b6711736c97476c8790d5888b95c43d8d13d0ab192893cb92a269f733dc448,₿,https://trv.wikipedia.org/w/index.php?oldid=106658 | https://trv.wikipedia.org/w/index.php?oldid=103037,The pre-scrape source title redirects to the same retained article
Seediq/Bkiluh.xml,Wiki_Seediq_Bkiluh,Seediq/Ciyak_lmiqu.xml,Wiki_Seediq_Ciyak_lmiqu,Ciyak lmiqu,b67156c40f9d65bae9a2d09ff7cd4d2825d752ab5c0a64d6158b43d392d02709,Bkiluh,https://trv.wikipedia.org/w/index.php?oldid=8128 | https://trv.wikipedia.org/w/index.php?oldid=14013,The pre-scrape source title redirects to the same retained article
Seediq/Krung_bkiluh.xml,Wiki_Seediq_Krung_bkiluh,Seediq/Ciyak_lmiqu.xml,Wiki_Seediq_Ciyak_lmiqu,Ciyak lmiqu,b67156c40f9d65bae9a2d09ff7cd4d2825d752ab5c0a64d6158b43d392d02709,Krung bkiluh,https://trv.wikipedia.org/w/index.php?oldid=31582 | https://trv.wikipedia.org/w/index.php?oldid=14013,The pre-scrape source title redirects to the same retained article
Seediq/Blbul.xml,Wiki_Seediq_Blbul,Seediq/Blebun.xml,Wiki_Seediq_Blebun,Blebun,d2ec94872ae0f18190b793697a2bfcc52454ff34eff89a6304fe4bb53f9c4e31,Blbul,https://trv.wikipedia.org/w/index.php?oldid=8198 | https://trv.wikipedia.org/w/index.php?oldid=95703,The pre-scrape source title redirects to the same retained article
Seediq/Blbun.xml,Wiki_Seediq_Blbun,Seediq/Blebun.xml,Wiki_Seediq_Blebun,Blebun,d2ec94872ae0f18190b793697a2bfcc52454ff34eff89a6304fe4bb53f9c4e31,Blbun,https://trv.wikipedia.org/w/index.php?oldid=8202 | https://trv.wikipedia.org/w/index.php?oldid=95703,The pre-scrape source title redirects to the same retained article
Seediq/Brayo.xml,Wiki_Seediq_Brayo,Seediq/Brayaw.xml,Wiki_Seediq_Brayaw,Brayaw,b83f2226beb4f256962203db15ac2f004425b7d3651e0a82457435dc49d6c1ee,Brayo,https://trv.wikipedia.org/w/index.php?oldid=9013 | https://trv.wikipedia.org/w/index.php?oldid=9008,The pre-scrape source title redirects to the same retained article
Seediq/Bsiyaw.xml,Wiki_Seediq_Bsiyaw,Seediq/Brayaw.xml,Wiki_Seediq_Brayaw,Brayaw,b83f2226beb4f256962203db15ac2f004425b7d3651e0a82457435dc49d6c1ee,Bsiyaw,https://trv.wikipedia.org/w/index.php?oldid=9201 | https://trv.wikipedia.org/w/index.php?oldid=9008,The pre-scrape source title redirects to the same retained article
Seediq/Btakan_bale.xml,Wiki_Seediq_Btakan_bale,Seediq/Dima.xml,Wiki_Seediq_Dima,Dima,ced352565efaf70401dcb4b547d176596872c330192cfca854974052c9c35021,Btakan bale,https://trv.wikipedia.org/w/index.php?oldid=9532 | https://trv.wikipedia.org/w/index.php?oldid=95713,The pre-scrape source title redirects to the same retained article
Seediq/Jima.xml,Wiki_Seediq_Jima,Seediq/Dima.xml,Wiki_Seediq_Dima,Dima,ced352565efaf70401dcb4b547d176596872c330192cfca854974052c9c35021,Jima,https://trv.wikipedia.org/w/index.php?oldid=30277 | https://trv.wikipedia.org/w/index.php?oldid=95713,The pre-scrape source title redirects to the same retained article
Seediq/Came_tanah.xml,Wiki_Seediq_Came_tanah,Seediq/Camay.xml,Wiki_Seediq_Camay,Camay,f74167c14433d1d5c88ce2bb8bf269e66b76b8d7a7fb4c0fbf216a6cbcfeb90e,Came tanah,https://trv.wikipedia.org/w/index.php?oldid=12259 | https://trv.wikipedia.org/w/index.php?oldid=11477,The pre-scrape source title redirects to the same retained article
Seediq/Samay.xml,Wiki_Seediq_Samay,Seediq/Camay.xml,Wiki_Seediq_Camay,Camay,f74167c14433d1d5c88ce2bb8bf269e66b76b8d7a7fb4c0fbf216a6cbcfeb90e,Samay,https://trv.wikipedia.org/w/index.php?oldid=40011 | https://trv.wikipedia.org/w/index.php?oldid=11477,The pre-scrape source title redirects to the same retained article
Seediq/Canada.xml,Wiki_Seediq_Canada,Seediq/Kanada.xml,Wiki_Seediq_Kanada,Kanada,7e76d1351ae79a7528cafe94e55658e06cef6f4d19784c9eae9deb75afff7924,Canada,https://trv.wikipedia.org/w/index.php?oldid=89784 | https://trv.wikipedia.org/w/index.php?oldid=102973,The pre-scrape source title redirects to the same retained article
Seediq/Cangi.xml,Wiki_Seediq_Cangi,Seediq/Qriyan.xml,Wiki_Seediq_Qriyan,Qriyan,7b147347e2e4e3d00cc43cb4a5d2c9f16099254efb107ece5c50cd190692db8c,Cangi,https://trv.wikipedia.org/w/index.php?oldid=13030 | https://trv.wikipedia.org/w/index.php?oldid=73962,The pre-scrape source title redirects to the same retained article
Seediq/China.xml,Wiki_Seediq_China,Seediq/Cikuku.xml,Wiki_Seediq_Cikuku,Cikuku,ae5f7dfdfbb0cd39bd43b72531850a970c9afee877846e590fcaf89693075a56,China,https://trv.wikipedia.org/w/index.php?oldid=89774 | https://trv.wikipedia.org/w/index.php?oldid=103692,The pre-scrape source title redirects to the same retained article
Seediq/Ciyak_krung.xml,Wiki_Seediq_Ciyak_krung,Seediq/Kerung_puyaq.xml,Wiki_Seediq_Kerung_puyaq,Kerung puyaq,d48f4f4e580099e64244b29205ae685d7fdd3128385d5df9d0a78f050752acc7,Ciyak krung,https://trv.wikipedia.org/w/index.php?oldid=13995 | https://trv.wikipedia.org/w/index.php?oldid=94724,The pre-scrape source title redirects to the same retained article
Seediq/Sudu_gamil.xml,Wiki_Seediq_Sudu_gamil,Seediq/Cudu_gamil.xml,Wiki_Seediq_Cudu_gamil,Cudu gamil,5e9a7f28501664eb0efc5d80f5c2d804d60c2c8aba5b8535f98b536d9515ed13,Sudu gamil,https://trv.wikipedia.org/w/index.php?oldid=50520 | https://trv.wikipedia.org/w/index.php?oldid=17408,The pre-scrape source title redirects to the same retained article
Seediq/Cudu_rbu.xml,Wiki_Seediq_Cudu_rbu,Seediq/Cudu_rebu.xml,Wiki_Seediq_Cudu_rebu,Cudu rebu,2ef772c9bdcf4b35f52fbb499345017575ad89d448788cbea551bc97b8311581,Cudu rbu,https://trv.wikipedia.org/w/index.php?oldid=17412 | https://trv.wikipedia.org/w/index.php?oldid=17422,The pre-scrape source title redirects to the same retained article
Seediq/Sudu_rbu.xml,Wiki_Seediq_Sudu_rbu,Seediq/Cudu_rebu.xml,Wiki_Seediq_Cudu_rebu,Cudu rebu,2ef772c9bdcf4b35f52fbb499345017575ad89d448788cbea551bc97b8311581,Sudu rbu,https://trv.wikipedia.org/w/index.php?oldid=50524 | https://trv.wikipedia.org/w/index.php?oldid=17422,The pre-scrape source title redirects to the same retained article
Seediq/Cuguk_tumun.xml,Wiki_Seediq_Cuguk_tumun,Seediq/Cuguk_dapa.xml,Wiki_Seediq_Cuguk_dapa,Cuguk dapa,6e223f1195380d402c6899871d03fce591a2b26a86636bb6f592dd3c0e929ee5,Cuguk tumun,https://trv.wikipedia.org/w/index.php?oldid=17438 | https://trv.wikipedia.org/w/index.php?oldid=17434,The pre-scrape source title redirects to the same retained article
Seediq/Cuuk_tumun.xml,Wiki_Seediq_Cuuk_tumun,Seediq/Cuguk_dapa.xml,Wiki_Seediq_Cuguk_dapa,Cuguk dapa,6e223f1195380d402c6899871d03fce591a2b26a86636bb6f592dd3c0e929ee5,Cuuk tumun,https://trv.wikipedia.org/w/index.php?oldid=61140 | https://trv.wikipedia.org/w/index.php?oldid=17434,The pre-scrape source title redirects to the same retained article
Seediq/Rhnuk.xml,Wiki_Seediq_Rhnuk,Seediq/Cumiq.xml,Wiki_Seediq_Cumiq,Cumiq,820f1a214974e9bdb50bd86764a0b9d26f957c709e3d2abd38c1cda3bf98cf7b,Rhnuk,https://trv.wikipedia.org/w/index.php?oldid=39580 | https://trv.wikipedia.org/w/index.php?oldid=77793,The pre-scrape source title redirects to the same retained article
Seediq/Surung.xml,Wiki_Seediq_Surung,Seediq/Curung.xml,Wiki_Seediq_Curung,Curung,fc3ce4690439ba9f976c8183bd02005234483dc90690b0df86f4abbd8b1a5553,Surung,https://trv.wikipedia.org/w/index.php?oldid=50583 | https://trv.wikipedia.org/w/index.php?oldid=17481,The pre-scrape source title redirects to the same retained article
Seediq/South_Korea.xml,Wiki_Seediq_South_Korea,Seediq/Cyusing_dxgal_quri_tgtruma.xml,Wiki_Seediq_Cyusing_dxgal_quri_tgtruma,Cyusing dxgal quri tgtruma,73c9fec6a47d6c8b7ba4c889541403b7879ba195ab45dababbf4aa226ac7f80b,South Korea,https://trv.wikipedia.org/w/index.php?oldid=89778 | https://trv.wikipedia.org/w/index.php?oldid=103679,The pre-scrape source title redirects to the same retained article
Seediq/Dayac.xml,Wiki_Seediq_Dayac,Seediq/Layac.xml,Wiki_Seediq_Layac,Layac,0902f8c4536faaf725c6c6f256cb71b9d61b0fcabb7c4acc2ad1f24f23730a58,Dayac,https://trv.wikipedia.org/w/index.php?oldid=18194 | https://trv.wikipedia.org/w/index.php?oldid=56323,The pre-scrape source title redirects to the same retained article
Seediq/Dkeso.xml,Wiki_Seediq_Dkeso,Seediq/Dkeyso.xml,Wiki_Seediq_Dkeyso,Dkeyso,0e0ec2baf349aae0afbf7e55eb0583b64957cabcad85b3f77ddb79c15c1e353d,Dkeso,https://trv.wikipedia.org/w/index.php?oldid=18905 | https://trv.wikipedia.org/w/index.php?oldid=56559,The pre-scrape source title redirects to the same retained article
Seediq/Yang_Yung-wei.xml,Wiki_Seediq_Yang_Yung-wei,Seediq/Drangadrang_Yang.xml,Wiki_Seediq_Drangadrang_Yang,Drangadrang Yang,0e5e40c09d2b23a4c1ef7f6a0d14c9d2dce961ee2da853d9b4c715b3b4ff8200,Yang Yung-wei,https://trv.wikipedia.org/w/index.php?oldid=71706 | https://trv.wikipedia.org/w/index.php?oldid=107677,The pre-scrape source title redirects to the same retained article
Seediq/Eswatini.xml,Wiki_Seediq_Eswatini,Seediq/Swaziland.xml,Wiki_Seediq_Swaziland,Swaziland,214255a88bcf3c632a232e300c13b5f9ef14210dfa8c08d7eb4f2033ab25d6ed,Eswatini,https://trv.wikipedia.org/w/index.php?oldid=90420 | https://trv.wikipedia.org/w/index.php?oldid=108284,The pre-scrape source title redirects to the same retained article
Seediq/Felipe_VI_of_Spain.xml,Wiki_Seediq_Felipe_VI_of_Spain,Seediq/Felipe_VI.xml,Wiki_Seediq_Felipe_VI,Felipe VI,cf8fab8082fe785abc992cd3c3d6f2cfa46273a66110d7ed0ecb4639e8f3c0ab,Felipe VI of Spain,https://trv.wikipedia.org/w/index.php?oldid=20526 | https://trv.wikipedia.org/w/index.php?oldid=104204,The pre-scrape source title redirects to the same retained article
Seediq/法蘭索瓦·歐蘭德.xml,Wiki_Seediq_法蘭索瓦·歐蘭德,Seediq/François_Hollande.xml,Wiki_Seediq_François_Hollande,François Hollande,ba67d1fff9f51e3b601f3c7e3672077e0fb90089d1442e2bd4a8c187a725dc68,法蘭索瓦·歐蘭德,https://trv.wikipedia.org/w/index.php?oldid=85339 | https://trv.wikipedia.org/w/index.php?oldid=108276,The pre-scrape source title redirects to the same retained article
Seediq/Gicang.xml,Wiki_Seediq_Gicang,Seediq/Wicang.xml,Wiki_Seediq_Wicang,Wicang,4c0c79a296f0f13d591d75915470a06d7069290543e27a66c6b58518c5d76c82,Gicang,https://trv.wikipedia.org/w/index.php?oldid=23880 | https://trv.wikipedia.org/w/index.php?oldid=95716,The pre-scrape source title redirects to the same retained article
Seediq/Gisang.xml,Wiki_Seediq_Gisang,Seediq/Wicang.xml,Wiki_Seediq_Wicang,Wicang,4c0c79a296f0f13d591d75915470a06d7069290543e27a66c6b58518c5d76c82,Gisang,https://trv.wikipedia.org/w/index.php?oldid=23891 | https://trv.wikipedia.org/w/index.php?oldid=95716,The pre-scrape source title redirects to the same retained article
Seediq/Witu.xml,Wiki_Seediq_Witu,Seediq/Gitu.xml,Wiki_Seediq_Gitu,Gitu,21992a8d1bfe239e63c68e828259ef3c3da18c5584e3816c4ceae8fca0f9edb4,Witu,https://trv.wikipedia.org/w/index.php?oldid=53202 | https://trv.wikipedia.org/w/index.php?oldid=56523,The pre-scrape source title redirects to the same retained article
Seediq/Hangin_alang_nniqun_tnpusu_mi_tnhdilan.xml,Wiki_Seediq_Hangin_alang_nniqun_tnpusu_mi_tnhdilan,Seediq/Hangan_alang_nniqan_tnpusu_mi_tnhdilan_3ST-SediqSeediqSeejiq_Nation.xml,Wiki_Seediq_Hangan_alang_nniqan_tnpusu_mi_tnhdilan_3ST-SediqSeediqSeejiq_Nation,Hangan alang nniqan tnpusu mi tnhdilan 3ST-Sediq/Seediq/Seejiq Nation,bb37de4fc39105e6d47e9d815b74aebc719e985a14df59ab8516cb7535ab2cd1,Hangin alang nniqun tnpusu mi tnhdilan,https://trv.wikipedia.org/w/index.php?oldid=94773 | https://trv.wikipedia.org/w/index.php?oldid=56502,The pre-scrape source title redirects to the same retained article
Seediq/Qhuni_trabus.xml,Wiki_Seediq_Qhuni_trabus,Seediq/Harung.xml,Wiki_Seediq_Harung,Harung,de9b5d4683fd4bf6447b30d8b9241260b6ef78cc59d30fe2103e23f1a219a81b,Qhuni trabus,https://trv.wikipedia.org/w/index.php?oldid=38927 | https://trv.wikipedia.org/w/index.php?oldid=56500,The pre-scrape source title redirects to the same retained article
Seediq/United_Kingdom.xml,Wiki_Seediq_United_Kingdom,Seediq/Igiris.xml,Wiki_Seediq_Igiris,Igiris,266837b799330b00a5574feea14d21d668a6dc457fc5bb6ba5982bc2908fd146,United Kingdom,https://trv.wikipedia.org/w/index.php?oldid=89782 | https://trv.wikipedia.org/w/index.php?oldid=91995,The pre-scrape source title redirects to the same retained article
Seediq/Japan.xml,Wiki_Seediq_Japan,Seediq/Tanah_Tunux.xml,Wiki_Seediq_Tanah_Tunux,Tanah Tunux,84198ec2ac16ab417f16fca031f69c3894509eb44725ac9bda60acc1a688eea7,Japan,https://trv.wikipedia.org/w/index.php?oldid=89776 | https://trv.wikipedia.org/w/index.php?oldid=103672,The pre-scrape source title redirects to the same retained article
Seediq/Kari_Atayal.xml,Wiki_Seediq_Kari_Atayal,Seediq/Kari_Tayal.xml,Wiki_Seediq_Kari_Tayal,Kari Tayal,d181a2bcae772bb84ef7e23416b9abaa4069ff3d94fc045acff577de98f2b1e2,Kari Atayal,https://trv.wikipedia.org/w/index.php?oldid=103088 | https://trv.wikipedia.org/w/index.php?oldid=108261,The pre-scrape source title redirects to the same retained article
Seediq/Kari_Coko.xml,Wiki_Seediq_Kari_Coko,Seediq/Kari_Tlu.xml,Wiki_Seediq_Kari_Tlu,Kari Tlu,49c88c7cfc5dee6bad27f00e87520692a52f311c02c86ad044f385339f23d8ad,Kari Coko,https://trv.wikipedia.org/w/index.php?oldid=103130 | https://trv.wikipedia.org/w/index.php?oldid=108326,The pre-scrape source title redirects to the same retained article
Seediq/Kari_Igiris.xml,Wiki_Seediq_Kari_Igiris,Seediq/Kari_Dame.xml,Wiki_Seediq_Kari_Dame,Kari Dame,424533666f5aa4ec1e915d6d42dc30078052104864067aec7511e9602cab04d9,Kari Igiris,https://trv.wikipedia.org/w/index.php?oldid=103133 | https://trv.wikipedia.org/w/index.php?oldid=108312,The pre-scrape source title redirects to the same retained article
Seediq/Kdang.xml,Wiki_Seediq_Kdang,Seediq/Kedang.xml,Wiki_Seediq_Kedang,Kedang,986d2bf2b3bd2f51400e8def73d8c9beecb5ec0acaa80d50c1beece9681a86d4,Kdang,https://trv.wikipedia.org/w/index.php?oldid=31202 | https://trv.wikipedia.org/w/index.php?oldid=104806,The pre-scrape source title redirects to the same retained article
Seediq/Kri.xml,Wiki_Seediq_Kri,Seediq/Keguy.xml,Wiki_Seediq_Keguy,Keguy,213e91c8e4a6ddf005917bc0b4beb9418225f3c2a867d24b5154776e1d0acd84,Kri,https://trv.wikipedia.org/w/index.php?oldid=31578 | https://trv.wikipedia.org/w/index.php?oldid=56402,The pre-scrape source title redirects to the same retained article
Seediq/Tdiyuc.xml,Wiki_Seediq_Tdiyuc,Seediq/Kliyuc.xml,Wiki_Seediq_Kliyuc,Kliyuc,f63c7a03178ea8d8ebdc714a82cf6f8fbf657334679000541a12faa042bd0ba2,Tdiyuc,https://trv.wikipedia.org/w/index.php?oldid=52159 | https://trv.wikipedia.org/w/index.php?oldid=74275,The pre-scrape source title redirects to the same retained article
Seediq/Lale.xml,Wiki_Seediq_Lale,Seediq/Lalay.xml,Wiki_Seediq_Lalay,Lalay,5ca1137a5686549810c3a59c96a609a5c996318e4cb4d1c100c0fdaf1351e095,Lale,https://trv.wikipedia.org/w/index.php?oldid=31856 | https://trv.wikipedia.org/w/index.php?oldid=105481,The pre-scrape source title redirects to the same retained article
Seediq/Rmala.xml,Wiki_Seediq_Rmala,Seediq/Lmala.xml,Wiki_Seediq_Lmala,Lmala,979e7d3075c6d7870e5505ae8d33546380c45e7440df84a046152a0670e1ea9d,Rmala,https://trv.wikipedia.org/w/index.php?oldid=39613 | https://trv.wikipedia.org/w/index.php?oldid=94726,The pre-scrape source title redirects to the same retained article
Seediq/Mangacun.xml,Wiki_Seediq_Mangacun,Seediq/Maia.xml,Wiki_Seediq_Maia,Maia,31b09ba5b3ff9c31558eff4fa5d70bef84399614ee8355b7d24e56cb2bd80959,Mangacun,https://trv.wikipedia.org/w/index.php?oldid=33991 | https://trv.wikipedia.org/w/index.php?oldid=100652,The pre-scrape source title redirects to the same retained article
Seediq/Nauru.xml,Wiki_Seediq_Nauru,Seediq/Nworu.xml,Wiki_Seediq_Nworu,Nworu,5bc6e6f15354e3428fa6214c144e8cd5e0e9ff4ac026382b23909959a0d941db,Nauru,https://trv.wikipedia.org/w/index.php?oldid=35566 | https://trv.wikipedia.org/w/index.php?oldid=102916,The pre-scrape source title redirects to the same retained article
Seediq/Owraw.xml,Wiki_Seediq_Owraw,Seediq/Oro.xml,Wiki_Seediq_Oro,Oro,f829c6993bac0842dd4145f2db6bf691c94078ae29aa4412b444689ea01028fc,Owraw,https://trv.wikipedia.org/w/index.php?oldid=37435 | https://trv.wikipedia.org/w/index.php?oldid=56154,The pre-scrape source title redirects to the same retained article
Seediq/Payay.xml,Wiki_Seediq_Payay,Seediq/Pae.xml,Wiki_Seediq_Pae,Pae,1b96f01ea7f963e4f7447519448e9c8254b0a89080e3ae55147b788f611b2a1e,Payay,https://trv.wikipedia.org/w/index.php?oldid=37992 | https://trv.wikipedia.org/w/index.php?oldid=73644,The pre-scrape source title redirects to the same retained article
Seediq/Pakaw_karic.xml,Wiki_Seediq_Pakaw_karic,Seediq/Pakaw_qalux.xml,Wiki_Seediq_Pakaw_qalux,Pakaw qalux,91681c16af6aed701155aba7f673f7559fe9a4f9bc2817338428c6fa14220412,Pakaw karic,https://trv.wikipedia.org/w/index.php?oldid=37519 | https://trv.wikipedia.org/w/index.php?oldid=56142,The pre-scrape source title redirects to the same retained article
Seediq/Pako_rodux.xml,Wiki_Seediq_Pako_rodux,Seediq/Pakaw_qalux.xml,Wiki_Seediq_Pakaw_qalux,Pakaw qalux,91681c16af6aed701155aba7f673f7559fe9a4f9bc2817338428c6fa14220412,Pako rodux,https://trv.wikipedia.org/w/index.php?oldid=37566 | https://trv.wikipedia.org/w/index.php?oldid=56142,The pre-scrape source title redirects to the same retained article
Seediq/Rhenuk_pakaw.xml,Wiki_Seediq_Rhenuk_pakaw,Seediq/Pakaw_rhnuk.xml,Wiki_Seediq_Pakaw_rhnuk,Pakaw rhnuk,8f4608c9e0672c79240fdb2761cd22e56a81a77af1dea9eecca1e57acc3ceed5,Rhenuk pakaw,https://trv.wikipedia.org/w/index.php?oldid=39576 | https://trv.wikipedia.org/w/index.php?oldid=56141,The pre-scrape source title redirects to the same retained article
Seediq/Rhnuk_pakaw.xml,Wiki_Seediq_Rhnuk_pakaw,Seediq/Pakaw_rhnuk.xml,Wiki_Seediq_Pakaw_rhnuk,Pakaw rhnuk,8f4608c9e0672c79240fdb2761cd22e56a81a77af1dea9eecca1e57acc3ceed5,Rhnuk pakaw,https://trv.wikipedia.org/w/index.php?oldid=39585 | https://trv.wikipedia.org/w/index.php?oldid=56141,The pre-scrape source title redirects to the same retained article
Seediq/Palau.xml,Wiki_Seediq_Palau,Seediq/Poryo.xml,Wiki_Seediq_Poryo,Poryo,3d7833705f90e5f01bb5c641a0a8db81e8c1c591f4e7b34b072351948a9aa210,Palau,https://trv.wikipedia.org/w/index.php?oldid=37690 | https://trv.wikipedia.org/w/index.php?oldid=108194,The pre-scrape source title redirects to the same retained article
Seediq/Patis_hengak_skklangan.xml,Wiki_Seediq_Patis_hengak_skklangan,Seediq/Patis_hengak_kkklangan.xml,Wiki_Seediq_Patis_hengak_kkklangan,Patis hengak kkklangan,b3b2f25b16a052366ef75ff166daa56a5698a44ad48d5a46a1ec5e77d1bd800d,Patis hengak skklangan,https://trv.wikipedia.org/w/index.php?oldid=37941 | https://trv.wikipedia.org/w/index.php?oldid=37935,The pre-scrape source title redirects to the same retained article
Seediq/Pegu.xml,Wiki_Seediq_Pegu,Seediq/Pgu.xml,Wiki_Seediq_Pgu,Pgu,85774243f2546dd821ea8055e0d2a2cf8a2736d1d87c419a6e9a9ff2bfb3a5b0,Pegu,https://trv.wikipedia.org/w/index.php?oldid=38022 | https://trv.wikipedia.org/w/index.php?oldid=94614,The pre-scrape source title redirects to the same retained article
Seediq/Pu.xml,Wiki_Seediq_Pu,Seediq/Pgu.xml,Wiki_Seediq_Pgu,Pgu,85774243f2546dd821ea8055e0d2a2cf8a2736d1d87c419a6e9a9ff2bfb3a5b0,Pu,https://trv.wikipedia.org/w/index.php?oldid=38471 | https://trv.wikipedia.org/w/index.php?oldid=94614,The pre-scrape source title redirects to the same retained article
Seediq/Pelux.xml,Wiki_Seediq_Pelux,Seediq/Plux.xml,Wiki_Seediq_Plux,Plux,fec12da72e4586e7f2a8680b5f43a5588fa5e1582fbe4c24f78a54da03c1c1a4,Pelux,https://trv.wikipedia.org/w/index.php?oldid=38034 | https://trv.wikipedia.org/w/index.php?oldid=56098,The pre-scrape source title redirects to the same retained article
Seediq/Ppngerah.xml,Wiki_Seediq_Ppngerah,Seediq/Pngerah.xml,Wiki_Seediq_Pngerah,Pngerah,01bd7da4b7eaa984573964a803358cc1aa49f58d601c052d72e4bdd16d43be2d,Ppngerah,https://trv.wikipedia.org/w/index.php?oldid=105910 | https://trv.wikipedia.org/w/index.php?oldid=105911,The pre-scrape source title redirects to the same retained article
Seediq/Poland.xml,Wiki_Seediq_Poland,Seediq/Poran.xml,Wiki_Seediq_Poran,Poran,b470dfa1509d5e6675440df4ff2d5c1974a3e905bf102d767845b2934d4920cf,Poland,https://trv.wikipedia.org/w/index.php?oldid=102849 | https://trv.wikipedia.org/w/index.php?oldid=79386,The pre-scrape source title redirects to the same retained article
Seediq/Pyasan_tgciway_Cin-ay.xml,Wiki_Seediq_Pyasan_tgciway_Cin-ay,Seediq/Pyasan_tgciway_Cinay.xml,Wiki_Seediq_Pyasan_tgciway_Cinay,Pyasan tgciway Cinay,060b63765cf3c8a1fb7771958aa0cf53153b22814b6adb8ab21597e5a35f3657,Pyasan tgciway Cin-ay,https://trv.wikipedia.org/w/index.php?oldid=38650 | https://trv.wikipedia.org/w/index.php?oldid=56064,The pre-scrape source title redirects to the same retained article
Seediq/Qegiri.xml,Wiki_Seediq_Qegiri,Seediq/Qqri.xml,Wiki_Seediq_Qqri,Qqri,f08a4b51f4fcd01dc38e807ad4815be9aa924db34caeee9348c98a008867c0fd,Qegiri,https://trv.wikipedia.org/w/index.php?oldid=38832 | https://trv.wikipedia.org/w/index.php?oldid=56029,The pre-scrape source title redirects to the same retained article
Seediq/Qgeri.xml,Wiki_Seediq_Qgeri,Seediq/Qqri.xml,Wiki_Seediq_Qqri,Qqri,f08a4b51f4fcd01dc38e807ad4815be9aa924db34caeee9348c98a008867c0fd,Qgeri,https://trv.wikipedia.org/w/index.php?oldid=38847 | https://trv.wikipedia.org/w/index.php?oldid=56029,The pre-scrape source title redirects to the same retained article
Seediq/Qhuni_bserux.xml,Wiki_Seediq_Qhuni_bserux,Seediq/Qhuni_bsrux.xml,Wiki_Seediq_Qhuni_bsrux,Qhuni bsrux,fa76e43c04b81de52c8b4e88498df840c83ecdcdd65ec31a37fbbf4a86bc3f1e,Qhuni bserux,https://trv.wikipedia.org/w/index.php?oldid=38879 | https://trv.wikipedia.org/w/index.php?oldid=56047,The pre-scrape source title redirects to the same retained article
Seediq/Qmgi.xml,Wiki_Seediq_Qmgi,Seediq/Qmegi.xml,Wiki_Seediq_Qmegi,Qmegi,a81bdc181a073d3fd704a2723d94b018ae6127aa4481451e3db82c8bf693832c,Qmgi,https://trv.wikipedia.org/w/index.php?oldid=38954 | https://trv.wikipedia.org/w/index.php?oldid=38949,The pre-scrape source title redirects to the same retained article
Seediq/Qmui.xml,Wiki_Seediq_Qmui,Seediq/Qmegi.xml,Wiki_Seediq_Qmegi,Qmegi,a81bdc181a073d3fd704a2723d94b018ae6127aa4481451e3db82c8bf693832c,Qmui,https://trv.wikipedia.org/w/index.php?oldid=38972 | https://trv.wikipedia.org/w/index.php?oldid=38949,The pre-scrape source title redirects to the same retained article
Seediq/Qucun.xml,Wiki_Seediq_Qucun,Seediq/Qowsun.xml,Wiki_Seediq_Qowsun,Qowsun,e99d3fa5f3f46912ce669af1d2c77285b49e65ee8f785f62eccb5a3e527ee0d0,Qucun,https://trv.wikipedia.org/w/index.php?oldid=39171 | https://trv.wikipedia.org/w/index.php?oldid=56034,The pre-scrape source title redirects to the same retained article
Seediq/Quci_rudux.xml,Wiki_Seediq_Quci_rudux,Seediq/Quti_rodux.xml,Wiki_Seediq_Quti_rodux,Quti rodux,b0e48db985e83a6935b5ea0ac5e6bded231d0669b1a6e92ca40a8c4f1aefcdee,Quci rudux,https://trv.wikipedia.org/w/index.php?oldid=39167 | https://trv.wikipedia.org/w/index.php?oldid=56003,The pre-scrape source title redirects to the same retained article
Seediq/Qulic_pako.xml,Wiki_Seediq_Qulic_pako,Seediq/Qulic_pakaw.xml,Wiki_Seediq_Qulic_pakaw,Qulic pakaw,a2795db0ad31c0273ed7d6589a0d00484988fe5ff200a62b29c0f2ab175cd0db,Qulic pako,https://trv.wikipedia.org/w/index.php?oldid=39203 | https://trv.wikipedia.org/w/index.php?oldid=56014,The pre-scrape source title redirects to the same retained article
Seediq/Renhokuo.xml,Wiki_Seediq_Renhokuo,Seediq/Reynhekwo.xml,Wiki_Seediq_Reynhekwo,Reynhekwo,a53d0b721089ec28df3ea8e03bd7af115e55a19b55e5f6e2ce3b596ea3118745,Renhokuo,https://trv.wikipedia.org/w/index.php?oldid=89106 | https://trv.wikipedia.org/w/index.php?oldid=102896,The pre-scrape source title redirects to the same retained article
Seediq/Sama_bale.xml,Wiki_Seediq_Sama_bale,Seediq/Sama_balay.xml,Wiki_Seediq_Sama_balay,Sama balay,273d228f1603640dc588793ecef25bfc234db05b69d33a0cb5c733bfe474d4b2,Sama bale,https://trv.wikipedia.org/w/index.php?oldid=39947 | https://trv.wikipedia.org/w/index.php?oldid=55955,The pre-scrape source title redirects to the same retained article
Seediq/Sama_pako.xml,Wiki_Seediq_Sama_pako,Seediq/Sama_pakaw.xml,Wiki_Seediq_Sama_pakaw,Sama pakaw,f1822777a4f6e11f85ccfeb43776301c24576a9f421702a417f030229179cb65,Sama pako,https://trv.wikipedia.org/w/index.php?oldid=39964 | https://trv.wikipedia.org/w/index.php?oldid=55954,The pre-scrape source title redirects to the same retained article
Seediq/Sbiyuk.xml,Wiki_Seediq_Sbiyuk,Seediq/Sbeyuk.xml,Wiki_Seediq_Sbeyuk,Sbeyuk,b2122ce31bdd4387d701b90818e19957e79491000f6354d841171ac7df581786,Sbiyuk,https://trv.wikipedia.org/w/index.php?oldid=40313 | https://trv.wikipedia.org/w/index.php?oldid=40307,The pre-scrape source title redirects to the same retained article
Seediq/Sedang.xml,Wiki_Seediq_Sedang,Seediq/Seydang.xml,Wiki_Seediq_Seydang,Seydang,7c937015790d7cfb3a9a0bfc62a2622f978971bdcd10b20dd799fb039b4f1a67,Sedang,https://trv.wikipedia.org/w/index.php?oldid=40333 | https://trv.wikipedia.org/w/index.php?oldid=55894,The pre-scrape source title redirects to the same retained article
Seediq/Seejiq.xml,Wiki_Seediq_Seejiq,Seediq/Seediq.xml,Wiki_Seediq_Seediq,Seediq,880c4e82c721f3c0e9009307f60322f00789cdbbe27061519f5ee6b14e02e01b,Seejiq,https://trv.wikipedia.org/w/index.php?oldid=86982 | https://trv.wikipedia.org/w/index.php?oldid=103000,The pre-scrape source title redirects to the same retained article
Seediq/Skuy.xml,Wiki_Seediq_Skuy,Seediq/Sekuy.xml,Wiki_Seediq_Sekuy,Sekuy,f7f147b0ef73d9b11a392892f3d6101357351188d7b2c73dfcd4d7d370833ee9,Skuy,https://trv.wikipedia.org/w/index.php?oldid=41638 | https://trv.wikipedia.org/w/index.php?oldid=55904,The pre-scrape source title redirects to the same retained article
Seediq/Sksik.xml,Wiki_Seediq_Sksik,Seediq/Skesik.xml,Wiki_Seediq_Skesik,Skesik,c6a3a84274843864baac71c75ccdf3669faee803c18e0c5977d567659ebc73c5,Sksik,https://trv.wikipedia.org/w/index.php?oldid=41634 | https://trv.wikipedia.org/w/index.php?oldid=41619,The pre-scrape source title redirects to the same retained article
Seediq/Taiwan.xml,Wiki_Seediq_Taiwan,Seediq/Taywang.xml,Wiki_Seediq_Taywang,Taywang,fbd90a369bb6187e48b76a3cd62849c5a6306bfc95a26298cf8e7416d456110c,Taiwan,https://trv.wikipedia.org/w/index.php?oldid=86981 | https://trv.wikipedia.org/w/index.php?oldid=108306,The pre-scrape source title redirects to the same retained article
Seediq/Taywan.xml,Wiki_Seediq_Taywan,Seediq/Taywang.xml,Wiki_Seediq_Taywang,Taywang,fbd90a369bb6187e48b76a3cd62849c5a6306bfc95a26298cf8e7416d456110c,Taywan,https://trv.wikipedia.org/w/index.php?oldid=91360 | https://trv.wikipedia.org/w/index.php?oldid=108306,The pre-scrape source title redirects to the same retained article
Seediq/Tubin.xml,Wiki_Seediq_Tubin,Seediq/Tgebin.xml,Wiki_Seediq_Tgebin,Tgebin,d25fb12997d429aff7bee3a30206e9a3014b511c1528d5247eaeeac676019dfd,Tubin,https://trv.wikipedia.org/w/index.php?oldid=52882 | https://trv.wikipedia.org/w/index.php?oldid=52242,The pre-scrape source title redirects to the same retained article
Seediq/Tuwbin.xml,Wiki_Seediq_Tuwbin,Seediq/Tgebin.xml,Wiki_Seediq_Tgebin,Tgebin,d25fb12997d429aff7bee3a30206e9a3014b511c1528d5247eaeeac676019dfd,Tuwbin,https://trv.wikipedia.org/w/index.php?oldid=52939 | https://trv.wikipedia.org/w/index.php?oldid=52242,The pre-scrape source title redirects to the same retained article
Seediq/Uncnug_Pan.xml,Wiki_Seediq_Uncnug_Pan,Seediq/Uncung_Pan.xml,Wiki_Seediq_Uncung_Pan,Uncung Pan,4ec26eb0fee11d0ad4b70993fa093422e596ff18a4a34af56e5b92c928f8ff20,Uncnug Pan,https://trv.wikipedia.org/w/index.php?oldid=103006 | https://trv.wikipedia.org/w/index.php?oldid=68799,The pre-scrape source title redirects to the same retained article
