id,verdict,fragment,source
Amis_fc473c9e-8a33-f011-8fad-000d3a8250a0,dropped,"Yo miparakat kako to paliding i, fahal sa ira ko waco^ miʼadifat, hatomi^/foliki^ han ako ko paliding.","Yo miparakat kako to paliding i, fahal sa ira ko waco^ miʼadifat, hatomi^/foliki^ han ako ko paliding."
Amis_47c9a14e-af0a-f011-bd65-00155db40116,dropped,"Yo miparakat kako to paliding, fahal sa ira ko waco^ miʼadifat, hatomi^ / foliki^ han ako ko paliding.","Yo miparakat kako to paliding, fahal sa ira ko waco^ miʼadifat, hatomi^ / foliki^ han ako ko paliding."
Amis_9203b93c-af0a-f011-bd65-00155db40116,dropped,"Yo miparakat kako to paliding, fahal sa ira ko waco^ miʼadifat, hatomi^/foliki^ han ako ko paliding.","Yo miparakat kako to paliding, fahal sa ira ko waco^ miʼadifat, hatomi^/foliki^ han ako ko paliding."
Atayal_dd63fb08-b90a-f011-bd65-00155db40116,dropped,"nanu zywaw su soni, swa / swaʼ su / suʼ i tbah / mtbah mwah thzigal squ ngasal mu / makuʼ.","(nanu zywaw su soni) / (kmnswa su ryax soni qani) / (mswaʼ suʼ sawniʼ) , swa / swaʼ su / suʼ i tbah / mtbah mwah thzigal squ ngasal mu / makuʼ."
Atayal_dd63fb08-b90a-f011-bd65-00155db40116,dropped,"kmnswa su ryax soni qani, swa / swaʼ su / suʼ i tbah / mtbah mwah thzigal squ ngasal mu / makuʼ.","(nanu zywaw su soni) / (kmnswa su ryax soni qani) / (mswaʼ suʼ sawniʼ) , swa / swaʼ su / suʼ i tbah / mtbah mwah thzigal squ ngasal mu / makuʼ."
Atayal_dd63fb08-b90a-f011-bd65-00155db40116,dropped,"mswaʼ suʼ sawniʼ, swa / swaʼ su / suʼ i tbah / mtbah mwah thzigal squ ngasal mu / makuʼ.","(nanu zywaw su soni) / (kmnswa su ryax soni qani) / (mswaʼ suʼ sawniʼ) , swa / swaʼ su / suʼ i tbah / mtbah mwah thzigal squ ngasal mu / makuʼ."
Atayal_55f80203-b90a-f011-bd65-00155db40116,resolved,,1. cyux su maniq bway nanu? 2. cyux suʼ maniq bway nanuʼ?
Atayal_42b20afd-b80a-f011-bd65-00155db40116,resolved,,"1.ana ( tmuyaw na pilaʼ ) / ( makiʼ pyux pilaʼ nya ga ), ungat qu pnqas / pinqasan nyaʼ."
Atayal_45b20afd-b80a-f011-bd65-00155db40116,dropped,"aw, (ʼsay taʼ kya) / (ungat htyalan nya)","1.aw, (ʼsay taʼ kya) / (ungat htyalan nya) 2.aw. baqun makuʼ al. (好,我知道了)"
Atayal_45b20afd-b80a-f011-bd65-00155db40116,resolved,,"1.aw, (ʼsay taʼ kya) / (ungat htyalan nya) 2.aw. baqun makuʼ al. (好,我知道了)"
Atayal_ddf80203-b90a-f011-bd65-00155db40116,resolved,,1.bengun nya qbaʼ ni yaki. 2.cyux meng qbaʼ na yaki hya.
Atayal_a6f40203-b90a-f011-bd65-00155db40116,resolved,,"1.bniruʼ / bniru qani ga, iyat hiya mniruʼ / mniru. 2.iyat nyaʼ / nya bniruʼ / bniru qu biruʼ / biru qani."
Atayal_dbb20afd-b80a-f011-bd65-00155db40116,resolved,,1.bnkis qasa ga kya qeru pgan kawas nya la. 2.qeruʼ pgan kawas na bnkis qasa la.
Atayal_def80203-b90a-f011-bd65-00155db40116,resolved,,1.bzyok qasa ga wal nya sʼagal rumaʼ metaq ru mhoqil la. 2.baytaqan / btaqan nyaʼ / nya na rumaʼ / ruma qu bzywak / bzyok qnhyun ru wal mhuqil la.
Atayal_31152ac2-8a33-f011-8fad-000d3a8250a0,resolved,,1.cyux / nyux muluw qutux blaq na pcywagun / ptcyogun / pcyogun ywaw la.2.cxyu lawkah nʼa yutas suʼ ga?(你的爺爺還健在嗎?)
Atayal_ecdf24cb-8867-f011-8fae-000d3a8250a0,resolved,,1.cyux / nyux muluw qutux blaq na ptzywawgun / ptcyogun / pcyogun ywaw la. 2.cxyu lawkah nʼa yutas suʼ ga?(你的爺爺還健在嗎?)
Atayal_146430bc-8a33-f011-8fad-000d3a8250a0,resolved,,1.cyux / nyux muluw qutux blaq na ptzywawgun / ptcyogun / pcyogun ywaw la.2.cxyu lawkah nʼa yutas suʼ ga?(你的爺爺還健在嗎?)
Atayal_dd5efb08-b90a-f011-bd65-00155db40116,resolved,,1.cyux mxal tariʼ / tari nya / nyaʼ.
Atayal_e35efb08-b90a-f011-bd65-00155db40116,resolved,,1.hiya ga baq balay mqwas qwas ru myugiy uzi. 2.baq mqwas ru mzyugiʼ qu hiyaʼ.
Atayal_ac64fb08-b90a-f011-bd65-00155db40116,resolved,,1.hiya qu yaya su ga? 2.hiya / hiyaʼ ga yaya su / suʼ ga?
Atayal_b7fa0203-b90a-f011-bd65-00155db40116,resolved,,1.hiyaʼ / hiya ga cyux mqbubuʼ / mqbubu. 2.cyux mqbubu qu hiya / hiyaʼ.
Atayal_73f90203-b90a-f011-bd65-00155db40116,resolved,,"1.hiyaʼ / hiya ga, mhmut balay ru mihiy rqyas muʼ / mu. 2.swaʼ cyux mihi squliq qu Yumin lpi?(Yumin怎麼在打人了呢?)"
Atayal_db5efb08-b90a-f011-bd65-00155db40116,resolved,,1.hmtung qhoniq. 2.inblaq mwak qutux qsinu qani.(好好剖這隻動物)
Atayal_22f40203-b90a-f011-bd65-00155db40116,resolved,,"1.ina / inaʼ nya / nyaʼ qu qroyux / qruzyux snonux / saynunux qasa. 2.inaʼ nyaʼ ga, qroyux snonux qasaʼ ."
Atayal_1a062fc8-8a33-f011-8fad-000d3a8250a0,resolved,,"1.ina / inaʼ nya / nyaʼ qu qroyux / qruzyux snonux / saynunux qasa.2.inaʼ nyaʼ ga, qroyux snonux qasaʼ ."
Atayal_a4f40203-b90a-f011-bd65-00155db40116,dropped,irah mu / maku ga mlukus mtalah na skato / thawak.,1.irah mu / maku ga mlukus mtalah na skato / thawak. 2.cyux （thawak mtalah） / （mlukus mtalah na thawak） qu irah maku / makuʼ.
Atayal_a4f40203-b90a-f011-bd65-00155db40116,resolved,,1.irah mu / maku ga mlukus mtalah na skato / thawak. 2.cyux （thawak mtalah） / （mlukus mtalah na thawak） qu irah maku / makuʼ.
Atayal_aef40203-b90a-f011-bd65-00155db40116,resolved,,1.kagang ga kya spat kakay nya / nyaʼ. 2.kya mspat kakay na kmagang.
Atayal_10fc0203-b90a-f011-bd65-00155db40116,resolved,,1.kahul squ mhuziq na qbaʼ ssweʼ mlikuy mhotaw qu sekeng la. 2.wal mthgus siking squ qbaʼ ni ssway mlikuy la.
Atayal_0cfa0203-b90a-f011-bd65-00155db40116,dropped,kun ga mlikuy / laqi mlikuy.,1.kun ga mlikuy / laqi mlikuy. 2.mlikuy sakuʼ.
Atayal_0cfa0203-b90a-f011-bd65-00155db40116,resolved,,1.kun ga mlikuy / laqi mlikuy. 2.mlikuy sakuʼ.
Atayal_a3fb0203-b90a-f011-bd65-00155db40116,dropped,mopuw / mawpu kawas pinhriqan / cinʼalax myan la ru (ini ku nya zyngiy ) / (baqun sakuʼ nya) na ga?,"1.kun ki hiya ga, mpuw kawas ptʼ laxan myan la, ini sakuʼ nyaʼ kzngiʼ na ga? 2.mopuw / mawpu kawas pinhriqan / cinʼalax myan la ru (ini ku nya zyngiy ) / (baqun sakuʼ nya) na ga?"
Atayal_a3fb0203-b90a-f011-bd65-00155db40116,resolved,,"1.kun ki hiya ga, mpuw kawas ptʼ laxan myan la, ini sakuʼ nyaʼ kzngiʼ na ga? 2.mopuw / mawpu kawas pinhriqan / cinʼalax myan la ru (ini ku nya zyngiy ) / (baqun sakuʼ nya) na ga?"
Atayal_51450fe0-8a33-f011-8fad-000d3a8250a0,dropped,mopuw / mawpu kawas pinhriqan / cinʼalax myan la ru (ini ku nya zyngiy ) / (baqun sakuʼ nya) na ga?,"1.kun ki hiya ga, mpuw kawas ptʼ laxan myan la, ini sakuʼ nyaʼ zngiy na ga? 2.mopuw / mawpu kawas pinhriqan / cinʼalax myan la ru (ini ku nya zyngiy ) / (baqun sakuʼ nya) na ga?"
Atayal_51450fe0-8a33-f011-8fad-000d3a8250a0,resolved,,"1.kun ki hiya ga, mpuw kawas ptʼ laxan myan la, ini sakuʼ nyaʼ zngiy na ga? 2.mopuw / mawpu kawas pinhriqan / cinʼalax myan la ru (ini ku nya zyngiy ) / (baqun sakuʼ nya) na ga?"
Atayal_0afc0203-b90a-f011-bd65-00155db40116,resolved,,1.kya nanu qu zywaw cyux mtciriq nha? 2.iniʼ baqi swaʼ cyux mtciriq qu nhaʼ.
Atayal_bc61fb08-b90a-f011-bd65-00155db40116,dropped,kya(maki) mpatul / mspatul setoʼ / seto myan.,1.kya(maki) mpatul / mspatul setoʼ / seto myan. 2.mpatul hiʼ kwaraʼ setoʼ myan.
Atayal_bc61fb08-b90a-f011-bd65-00155db40116,resolved,,1.kya(maki) mpatul / mspatul setoʼ / seto myan. 2.mpatul hiʼ kwaraʼ setoʼ myan.
Atayal_19fc0203-b90a-f011-bd65-00155db40116,resolved,,1.kyalun ku ni yayaʼ / yaya mhaʼ / mha agal mami cyux mtrngil babaw rqyas ssweʼ / sswe / ssway su mlikuy. 2.agal cikay qu bwax mami cyux tqlah sa rqyas na sswe su mlikuy qasa son ku ni yaya.
Atayal_9e62fb08-b90a-f011-bd65-00155db40116,resolved,,1.laxi giway stamaʼ / stama hiya / hiyaʼ. 2.laxi ani sintama hiya kwara.
Atayal_c61d28ce-8a33-f011-8fad-000d3a8250a0,resolved,,1.laxi giway stamaʼ / stama hiya / hiyaʼ.2.laxi ani sintama hiya kwara.
Atayal_7cf60203-b90a-f011-bd65-00155db40116,resolved,,1.laxi hmut magal qqaya / qayqayaʼ bniq na squliq. 2.mwah miq nnanu qu squliq ga laxi hmciy magal.
Atayal_0bfa0203-b90a-f011-bd65-00155db40116,dropped,mlikuy mu / muʼ wal / mnwah ptnep syaw bsilung hera / heraʼ.,1.mlikuy mu / muʼ wal / mnwah ptnep syaw bsilung hera / heraʼ. 2.mnwah psabuʼ qulih shiraʼ qu mlikuy makuʼ.
Atayal_0bfa0203-b90a-f011-bd65-00155db40116,resolved,,1.mlikuy mu / muʼ wal / mnwah ptnep syaw bsilung hera / heraʼ. 2.mnwah psabuʼ qulih shiraʼ qu mlikuy makuʼ.
Atayal_2b152ac2-8a33-f011-8fad-000d3a8250a0,dropped,mlikuy mu / muʼ wal / mnwah ptnep syaw bsilung hera / heraʼ.,1.mlikuy mu / muʼ wal / mnwah ptnep syaw bsilung hera / heraʼ.2.mnwah psabuʼ qulih shiraʼ qu mlikuy makuʼ.
Atayal_2b152ac2-8a33-f011-8fad-000d3a8250a0,resolved,,1.mlikuy mu / muʼ wal / mnwah ptnep syaw bsilung hera / heraʼ.2.mnwah psabuʼ qulih shiraʼ qu mlikuy makuʼ.
Atayal_17fa0203-b90a-f011-bd65-00155db40116,resolved,,"1.mnguciq suʼ / su ga, swaʼ suʼ / su ini baqiʼ mung? 2.mnguciq iyal huzil qani.(這隻狗很笨)"
Atayal_375ffb08-b90a-f011-bd65-00155db40116,dropped,"mnisan / nisan sakuʼ / ku masuq kgabiʼ / kgabi, ini ku kʼuyay na.","1.mnisan / nisan sakuʼ / ku masuq kgabiʼ / kgabi, ini ku kʼuyay na. 2.nisan wayal qu Taymuʼ.(Taymuʼ剛剛離開)"
Atayal_375ffb08-b90a-f011-bd65-00155db40116,resolved,,"1.mnisan / nisan sakuʼ / ku masuq kgabiʼ / kgabi, ini ku kʼuyay na. 2.nisan wayal qu Taymuʼ.(Taymuʼ剛剛離開)"
Atayal_1dfa0203-b90a-f011-bd65-00155db40116,resolved,,1.mnwah qu rangiʼ sheraʼ. 2.mnwah shera / shiraʼ qu rangi / rangiʼ.
Atayal_7df60203-b90a-f011-bd65-00155db40116,resolved,,"1.msbehuy ga laxiʼ / laxi usa mlngyaq. 2.laxi hmut musa mzwi syaw bsilung gi inkoxun balay hunluy nya. (不要隨意到河邊玩,淹水很危險)"
Atayal_13f40203-b90a-f011-bd65-00155db40116,dropped,"mung cikay / ana cipoq hngyang lga, mnkux ru mngunguʼ / mngunguʼ mzzywaw la.","1.mung cikay / ana cipoq hngyang lga, mnkux ru mngunguʼ / mngunguʼ mzzywaw la. 2.ana cikuy balay na hngzyang lga mnkux mngungu qu inlungan nya la."
Atayal_13f40203-b90a-f011-bd65-00155db40116,resolved,,"1.mung cikay / ana cipoq hngyang lga, mnkux ru mngunguʼ / mngunguʼ mzzywaw la. 2.ana cikuy balay na hngzyang lga mnkux mngungu qu inlungan nya la."
Atayal_54f80203-b90a-f011-bd65-00155db40116,resolved,,1.musa ku maniq mami la. 2.mosa ku maniq mami la. 3.musaʼ sakuʼ maniq mamiʼ la.
Atayal_d05efb08-b90a-f011-bd65-00155db40116,resolved,,1.muʼ qutux paraʼ qu qsuyan maku mlikuy. 2.qbsuyan mu mlikuy ga wal ptlu mu qutux para.
Atayal_e85efb08-b90a-f011-bd65-00155db40116,dropped,nanak isu musaʼ / thuyay / nyux baq.,1.nanak isu musaʼ / thuyay / nyux baq. 2.nanak isuʼ baq.
Atayal_e85efb08-b90a-f011-bd65-00155db40116,resolved,,1.nanak isu musaʼ / thuyay / nyux baq. 2.nanak isuʼ baq.
Atayal_79f60203-b90a-f011-bd65-00155db40116,resolved,,1.nanu lalu su ? 2.ima / imaʼ lalu su / suʼ?
Atayal_5cf70203-b90a-f011-bd65-00155db40116,dropped,sbiq / biqan na gluw qu mtalah phpah sswe mu kneril.,1.nyux miq mtalah phpah ssway knayril qu lpyung. 2.sbiq / biqan na gluw qu mtalah phpah sswe mu kneril.
Atayal_5cf70203-b90a-f011-bd65-00155db40116,resolved,,1.nyux miq mtalah phpah ssway knayril qu lpyung. 2.sbiq / biqan na gluw qu mtalah phpah sswe mu kneril.
Atayal_89b30afd-b80a-f011-bd65-00155db40116,dropped,pinqasuw / qinsugan taʼ / ta ga yal cikuy / cipoq hazi sunan.,1.pinqasuw / qinsugan taʼ / ta ga yal cikuy / cipoq hazi sunan. 2.sawbih tayhuk ryax na pinsmyan la.(快要過年了)
Atayal_89b30afd-b80a-f011-bd65-00155db40116,resolved,,1.pinqasuw / qinsugan taʼ / ta ga yal cikuy / cipoq hazi sunan. 2.sawbih tayhuk ryax na pinsmyan la.(快要過年了)
Atayal_3e61fb08-b90a-f011-bd65-00155db40116,dropped,pira / piraʼ qu rawin / msrawin / su / suʼ ?,1.pira / piraʼ qu rawin / msrawin / su / suʼ ? 2.piraʼ qu rnrawin qsuyan mlikuy ru knayril?
Atayal_3e61fb08-b90a-f011-bd65-00155db40116,resolved,,1.pira / piraʼ qu rawin / msrawin / su / suʼ ? 2.piraʼ qu rnrawin qsuyan mlikuy ru knayril?
Atayal_ed9b2bb0-8a33-f011-8fad-000d3a8250a0,dropped,pira / piraʼ qu rawin / msrawin / su / suʼ ?,1.pira / piraʼ qu rawin / msrawin / su / suʼ ?2.piraʼ qu rnrawin qsuyan mlikuy ru knayril?
Atayal_ed9b2bb0-8a33-f011-8fad-000d3a8250a0,resolved,,1.pira / piraʼ qu rawin / msrawin / su / suʼ ?2.piraʼ qu rnrawin qsuyan mlikuy ru knayril?
Atayal_e4f50203-b90a-f011-bd65-00155db40116,resolved,,1.qani ga kocyo na pqwasan / (pqwasan biruʼ) myan. 2.qa hiya ga mrhuw na pqwasan myan biru.
Atayal_21f50203-b90a-f011-bd65-00155db40116,dropped,qani qu kinbahan / （laqi kneril na laqi） suʼ ga?,1.qani qu kinbahan / （laqi kneril na laqi） suʼ ga? 2.kinbahan suʼ knayril qani ga?
Atayal_21f50203-b90a-f011-bd65-00155db40116,resolved,,1.qani qu kinbahan / （laqi kneril na laqi） suʼ ga? 2.kinbahan suʼ knayril qani ga?
Atayal_4264fb08-b90a-f011-bd65-00155db40116,resolved,,1.qasa ga kya qutux tuqi nya. 2.cyux kya qutux tuqi.
Atayal_5df70203-b90a-f011-bd65-00155db40116,dropped,cyux qalang inuʼ qu lpyung / pinqering suʼ?,1.qenu / qenuʼ qalang nya / nyaʼ lpyung su / suʼ? 2.cyux qalang inuʼ qu lpyung / pinqering suʼ?
Atayal_5df70203-b90a-f011-bd65-00155db40116,resolved,,1.qenu / qenuʼ qalang nya / nyaʼ lpyung su / suʼ? 2.cyux qalang inuʼ qu lpyung / pinqering suʼ?
Atayal_5b60fb08-b90a-f011-bd65-00155db40116,resolved,,1.qlʼi blihun mwah mzyup ngasal qu kuy la! 2.qlʼi blihun bahaʼ hmswaʼ mwah mzyup ngasal qu kuy la.
Atayal_6b60fb08-b90a-f011-bd65-00155db40116,dropped,qmisan ga mhuziq ru tltuʼ / tltu / ghzyaq balay .,1.qmisan ga mhuziq ru tltuʼ / tltu / ghzyaq balay . 2.mhuziq ru tʼltuʼ qu qmisam hiyaʼ.
Atayal_6b60fb08-b90a-f011-bd65-00155db40116,resolved,,1.qmisan ga mhuziq ru tltuʼ / tltu / ghzyaq balay . 2.mhuziq ru tʼltuʼ qu qmisam hiyaʼ.
Atayal_b060fb08-b90a-f011-bd65-00155db40116,resolved,,"1.qmroq turuy ga rusa qba trhgun ming qu bengan. 2.qmroq su turak ga, hhwazi cikuy. ptacing tunux taʼ la.(你剎車時,請慢慢煞,以免我們撞到頭)"
Atayal_ab7b4598-8a33-f011-8fad-000d3a8250a0,resolved,,"1.qmroq turuy ga rusa qba trhgun ming qu bengan. 2.qmroq su turak ga, hhwazi cikuy. ptacing tunux taʼ la.(你剎車時，請慢慢煞，以免我們撞到頭)"
Atayal_255ffb08-b90a-f011-bd65-00155db40116,dropped,"qutux tuqi / qtqyan nanak wal su / suʼ skayal , ga iyat kwara .","1.qutux tuqi / qtqyan nanak wal su / suʼ skayal , ga iyat kwara . 2.nanak Watan snhyun makuʼ la.(我僅相信Watan)"
Atayal_255ffb08-b90a-f011-bd65-00155db40116,resolved,,"1.qutux tuqi / qtqyan nanak wal su / suʼ skayal , ga iyat kwara . 2.nanak Watan snhyun makuʼ la.(我僅相信Watan)"
Atayal_0efa0203-b90a-f011-bd65-00155db40116,resolved,,1.ragan yayaʼ mlukus qu ssweʼ mlikuy. 2.cyux ragan / rʼagan plukus ni yaya qu sswe / ssway mu mlikuy.
Atayal_2e62fb08-b90a-f011-bd65-00155db40116,resolved,,1.say makuʼ smalit cikay tanux na ngasal makuʼ ha.(我去砍一下屋外的空地) 2.mnwah ku smalit cikay rumaʼ te rgyax.
Atayal_dcf80203-b90a-f011-bd65-00155db40116,dropped,nyux ku / sakuʼ maras luku / rukuʼ mshriq / mhtuw ngasal soni / sawni.,1.soni ga meng ku ruku / rukuʼ musa / musaʼ tanux. 2.nyux ku / sakuʼ maras luku / rukuʼ mshriq / mhtuw ngasal soni / sawni.
Atayal_dcf80203-b90a-f011-bd65-00155db40116,resolved,,1.soni ga meng ku ruku / rukuʼ musa / musaʼ tanux. 2.nyux ku / sakuʼ maras luku / rukuʼ mshriq / mhtuw ngasal soni / sawni.
Atayal_0e63fb08-b90a-f011-bd65-00155db40116,resolved,,1.srpus myan qu bnaqi. 2.ssweʼ ga srpus nya ana nʼinu qu bwax.
Atayal_f95ffb08-b90a-f011-bd65-00155db40116,resolved,,"1.sswe kneril ga pskluw lukus na yayaʼ mtkibuw. 2.cyux pskluw lukus na yayaʼ qu ssweʼ kneril, iniʼ nya swali mshriq yayaʼ."
Atayal_fd9b2bb0-8a33-f011-8fad-000d3a8250a0,resolved,,"1.sswe kneril ga pskluw lukus na yayaʼ mtkibuw.2.cyux pskluw lukus na yayaʼ qu ssweʼ kneril, iniʼ nya swali mshriq yayaʼ."
Atayal_1d63fb08-b90a-f011-bd65-00155db40116,resolved,,1.swagi mu ru yaya mu ga mnwah kyokay lhngan heraʼ / hera . 2.lhngan hera ga swagi maku wal mgluw yaya mu musa kyukay.
Atayal_2afb0203-b90a-f011-bd65-00155db40116,resolved,,1.sʼrux qu cyux kmayal hiyaʼ / hiya. 2.pkayal su keʼ ga sikiʼ msʼurux.(要說話者必須站起來.)
Atayal_ec63fb08-b90a-f011-bd65-00155db40116,dropped,tmuʼ / tmu saku / sakuʼ sswe mu / muʼ kneril musa smatuʼ / smatu nniqan sqaniq / qqayaʼ / nniqun knyaxun / yabaʼ.,1.tmuʼ / tmu saku / sakuʼ sswe mu / muʼ kneril musa smatuʼ / smatu nniqan sqaniq / qqayaʼ / nniqun knyaxun / yabaʼ. 2.tun makuʼ ssway knayril say smatuʼ qayaʼ yabaʼ.
Atayal_ec63fb08-b90a-f011-bd65-00155db40116,resolved,,1.tmuʼ / tmu saku / sakuʼ sswe mu / muʼ kneril musa smatuʼ / smatu nniqan sqaniq / qqayaʼ / nniqun knyaxun / yabaʼ. 2.tun makuʼ ssway knayril say smatuʼ qayaʼ yabaʼ.
Atayal_6960fb08-b90a-f011-bd65-00155db40116,dropped,cyux qmihuk turak / turuy qasa. iniʼ / iyat qbaq mhtuw qu turak / turuy makuʼ / mu.,"1.turak / turuy qasa cyux qmihut tuqi ʼwahan / ʼsan, ini qbaqi / (qbaq mhtuw) qmuzit qu turuy mu. 2.cyux qmihuk turak / turuy qasa. iniʼ / iyat qbaq mhtuw qu turak / turuy makuʼ / mu."
Atayal_6960fb08-b90a-f011-bd65-00155db40116,resolved,,"1.turak / turuy qasa cyux qmihut tuqi ʼwahan / ʼsan, ini qbaqi / (qbaq mhtuw) qmuzit qu turuy mu. 2.cyux qmihuk turak / turuy qasa. iniʼ / iyat qbaq mhtuw qu turak / turuy makuʼ / mu."
Atayal_6760fb08-b90a-f011-bd65-00155db40116,resolved,,1.wal kkyuhan llukus makuʼ la. 2.cyux tʼaring qmibu slaq qu yabaʼ la.(爸爸開始在田間翻土了)
Atayal_7ef90203-b90a-f011-bd65-00155db40116,resolved,,1.wal mkaraw babaw qhuniq qu yungay la.
Atayal_5af70203-b90a-f011-bd65-00155db40116,dropped,wal swagun / ppgyarun na yabaʼ / yaba qu lomwa / loman / luman / rema.,1.wal swagun / ppgyarun na yabaʼ / yaba qu lomwa / loman / luman / rema. 2.wal rasun na kinsat qu luman la.(警察將流氓帶走了)
Atayal_5af70203-b90a-f011-bd65-00155db40116,resolved,,1.wal swagun / ppgyarun na yabaʼ / yaba qu lomwa / loman / luman / rema. 2.wal rasun na kinsat qu luman la.(警察將流氓帶走了)
Atayal_32483c9e-8a33-f011-8fad-000d3a8250a0,dropped,wal swagun / ppgyarun na yabaʼ / yaba qu lomwa / loman / luman / rema.,1.wal swagun / ppgyarun na yabaʼ / yaba qu lomwa / loman / luman / rema.2.wal rasun na kinsat qu luman la.(警察將流氓帶走了)
Atayal_32483c9e-8a33-f011-8fad-000d3a8250a0,resolved,,1.wal swagun / ppgyarun na yabaʼ / yaba qu lomwa / loman / luman / rema.2.wal rasun na kinsat qu luman la.(警察將流氓帶走了)
Atayal_90b30afd-b80a-f011-bd65-00155db40116,dropped,sbaqan / cbaqan ku / sakuʼ na yaba / yabaʼ ming bkaruh kmihuy ngahi ska na qmayah.,1.yaba / yabaʼ ga cbaqan ku nya / nyaʼ mha / mhaʼ nanu / nanuʼ kmaroh qmehuy / qmihuy ngahi / ngahi bih qmayah. 2.sbaqan / cbaqan ku / sakuʼ na yaba / yabaʼ ming bkaruh kmihuy ngahi ska na qmayah.
Atayal_90b30afd-b80a-f011-bd65-00155db40116,resolved,,1.yaba / yabaʼ ga cbaqan ku nya / nyaʼ mha / mhaʼ nanu / nanuʼ kmaroh qmehuy / qmihuy ngahi / ngahi bih qmayah. 2.sbaqan / cbaqan ku / sakuʼ na yaba / yabaʼ ming bkaruh kmihuy ngahi ska na qmayah.
Atayal_56f70203-b90a-f011-bd65-00155db40116,dropped,"miray turak rasun sami ni yabaʼ shiraʼ, musaʼ lmawsay tay / te tbziran qayqayaʼ.","1.yabaʼ / yaba ga qmuzit turak sheraʼ, rasun sami nyaʼ lmosay bbiran. 2.miray turak rasun sami ni yabaʼ shiraʼ, musaʼ lmawsay tay / te tbziran qayqayaʼ."
Atayal_56f70203-b90a-f011-bd65-00155db40116,resolved,,"1.yabaʼ / yaba ga qmuzit turak sheraʼ, rasun sami nyaʼ lmosay bbiran. 2.miray turak rasun sami ni yabaʼ shiraʼ, musaʼ lmawsay tay / te tbziran qayqayaʼ."
Atayal_e2f80203-b90a-f011-bd65-00155db40116,resolved,,1.yabaʼ ga mhangal cingay qhuniq mwah ngasal. 2.mhangal cingay qhuniq mwah ngasal qu yabaʼ.
Atayal_a564fb08-b90a-f011-bd65-00155db40116,dropped,yama nya / nyaʼ qu wagiq / gwagiq balay na mlikuy qasa / mrkyas qasa.,1.yama nya / nyaʼ qu wagiq / gwagiq balay na mlikuy qasa / mrkyas qasa. 2.wagiq balay na mlikuy qasa qu yamaʼ nyaʼ.
Atayal_a564fb08-b90a-f011-bd65-00155db40116,resolved,,1.yama nya / nyaʼ qu wagiq / gwagiq balay na mlikuy qasa / mrkyas qasa. 2.wagiq balay na mlikuy qasa qu yamaʼ nyaʼ.
Atayal_a764fb08-b90a-f011-bd65-00155db40116,dropped,yanay ga wal / mnwah pnep syaw bsilung hngan hera.,1.yanay ga wal / mnwah pnep syaw bsilung hngan hera. 2.wal pnep / psabuʼ qulih shiraʼ lhngan qu yanay.
Atayal_a764fb08-b90a-f011-bd65-00155db40116,dropped,wal pnep / psabuʼ qulih shiraʼ lhngan qu yanay.,1.yanay ga wal / mnwah pnep syaw bsilung hngan hera. 2.wal pnep / psabuʼ qulih shiraʼ lhngan qu yanay.
Atayal_56b20afd-b80a-f011-bd65-00155db40116,resolved,,abaw bgayaw ga maki tubaʼ nyaʼ / nya.
Atayal_b9b7ffb8-e3dc-aeb0-2bc4-3a1bf6fca3d0,resolved,,"ana cipuq/cipoq pila gitan su smli lga, musa n_gyut pzyux/piyux nanak la."
Atayal_476330aa-8a33-f011-8fad-000d3a8250a0,dropped,"ana ktwaʼ / ktwaʼ kintwahiq / kinthyaqan ga , musa / mmawsaʼ saku.","ana ktwaʼ / ktwaʼ kintwahiq / kinthyaqan ga , musa / mmawsaʼ saku."
Atayal_75058e05-7252-8ec0-f0b7-3a19b0dff7d5,dropped,"ana pzyux/piyux pila nya ga, ungat/uka qu pnqas nya.","ana pzyux/piyux pila nya ga, ungat/uka qu pnqas nya."
Atayal_cf027fa2-09ef-d27a-3b8a-3a19b0e0100a,resolved,,ani miq yaki qu bhluk na bzyok/bzywak qasa.
Atayal_4562d666-0631-99c9-99cd-3a1bf8c5a769,dropped,ani saku magal kagaw/sapuh ha.,ani saku magal kagaw/sapuh ha.
Atayal_57b20afd-b80a-f011-bd65-00155db40116,resolved,,aniʼ miq yaki qu bhluk na bzyok / bzywak qasa.
Atayal_44b20afd-b80a-f011-bd65-00155db40116,resolved,,"aw, musaʼ / musa sami pqwasan biruʼ / biru kiraʼ / kira."
Atayal_129c2bb0-8a33-f011-8fad-000d3a8250a0,dropped,"babaw / suluw na unuw / mʼunuw / mʼunu lga, wal mbkaʼ / mbka / mkbkaʼ kwara qu qnryang / qnryang na ngasan la.","babaw / suluw na unuw / mʼunuw / mʼunu lga, wal mbkaʼ / mbka / mkbkaʼ kwara qu qnryang / qnryang na ngasan la."
Atayal_e9f50203-b90a-f011-bd65-00155db40116,dropped,babaw / suruw maniq kgabi / mtngi kingabi / mnaniq lga musaʼ sami thgiruʼ mhkangi cikay te tanux krryax.,babaw / suruw maniq kgabi / mtngi kingabi / mnaniq lga musaʼ sami thgiruʼ mhkangi cikay te tanux krryax.
Atayal_5bf80203-b90a-f011-bd65-00155db40116,dropped,babaw na mqwalax lga mhtuw qu tmang / masut la.,babaw na mqwalax lga mhtuw qu tmang / masut la.
Atayal_70271af1-b80a-f011-bd65-00155db40116,dropped,babaw na mqwalax lga mhtuw qu tmang/masut la.,babaw na mqwalax lga mhtuw qu tmang/masut la.
Atayal_48b20afd-b80a-f011-bd65-00155db40116,resolved,,"babaw nya ga, nanu qu sngusun su mtzyaw / mtzyuwaw pi?"
Atayal_89062654-6e12-df2c-c085-3a19b0e1a7b5,dropped,"babaw/suruw maniq kgabi/mtngi kin_gabi lga, musa sami thgiru mhkangi/mhkani cikay/cikah te tanux krryax.","babaw/suruw maniq kgabi/mtngi kin_gabi lga, musa sami thgiru mhkangi/mhkani cikay/cikah te tanux krryax."
Atayal_017f1cb7-2a93-33b6-6b58-3a1bf395516f,dropped,"babaw/suruw sami klama lga, musa sami thgiru mzwi mari te tanux krryax.","babaw/suruw sami klama lga, musa sami thgiru mzwi mari te tanux krryax."
Atayal_aeae0afd-b80a-f011-bd65-00155db40116,resolved,,bagan lga smoya musa lmngyaq/mlngyaq syaw gong kwara squliq.
Atayal_4bb20afd-b80a-f011-bd65-00155db40116,dropped,"balay balay qu keʼ / ke / kay mu, snhiy saku / sakuʼ cikay.","balay balay qu keʼ / ke / kay mu, snhiy saku / sakuʼ cikay."
Atayal_5cf80203-b90a-f011-bd65-00155db40116,dropped,baq balay matas / zga ssweʼ / sswe kneril.,baq balay matas / zga ssweʼ / sswe kneril.
Atayal_f3d6b900-ea9c-eaaf-cc14-3a1b855568d9,resolved,,baq balay tminun tokan/tawkan qu mama maku.
Atayal_79f90203-b90a-f011-bd65-00155db40116,dropped,baq miray / qmuzit kisyaʼ / kisya hiyaʼ / hiya.,baq miray / qmuzit kisyaʼ / kisya hiyaʼ / hiya.
Atayal_1763fb08-b90a-f011-bd65-00155db40116,dropped,baqun kbalay nnanuʼ qu suluʼ pagay. mutux klayun snyu / snyuw / gasil ru rmugan squ ngasal.,baqun kbalay nnanuʼ qu suluʼ pagay. mutux klayun snyu / snyuw / gasil ru rmugan squ ngasal.
Atayal_73271af1-b80a-f011-bd65-00155db40116,dropped,baqun kbalay nnanuʼ qu suluʼ pagay. mutux klayun snyu/snyuw/gasil ru rmugan squ ngasal.,baqun kbalay nnanuʼ qu suluʼ pagay. mutux klayun snyu/snyuw/gasil ru rmugan squ ngasal.
Atayal_32b40afd-b80a-f011-bd65-00155db40116,resolved,,baqun su / suʼ ggalan nanu qu qeqaya / qayqayaʼ qani hiya / hiyaʼ?
Atayal_1af50203-b90a-f011-bd65-00155db40116,dropped,baqun suʼ / su mung keʼ / kay na Paywan ga?,baqun suʼ / su mung keʼ / kay na Paywan ga?
Atayal_eef50203-b90a-f011-bd65-00155db40116,dropped,betunux / baytunux / hyuci betunux suʼ / su balay ktan.,betunux / baytunux / hyuci betunux suʼ / su balay ktan.
Atayal_0460fb08-b90a-f011-bd65-00155db40116,dropped,betunux / baytunux balay qalang myan / taʼ.,betunux / baytunux balay qalang myan / taʼ.
Atayal_86f90203-b90a-f011-bd65-00155db40116,dropped,betunux / blaq balay ktan lukus nya / nyaʼ mkrakis qani.,betunux / blaq balay ktan lukus nya / nyaʼ mkrakis qani.
Atayal_016f948a-112d-91ad-1c4f-3a1bf2171d7e,resolved,,betunux balay ktan qu ruku/luku nya.
Atayal_54b20afd-b80a-f011-bd65-00155db40116,resolved,,bgax ga spiyang qayaʼ / qaya na mlikuy .
Atayal_8bb10afd-b80a-f011-bd65-00155db40116,resolved,,"bhqul lukus qasaʼ / qasa ga, wal ʼbgan ni yayaʼ / yaya la."
Atayal_3061fb08-b90a-f011-bd65-00155db40116,resolved,,biqan sakuʼ / saku nya / nyaʼ knalay nya / nyaʼ quzit qu yayaʼ / yaya makuʼ / maku.
Atayal_77f90203-b90a-f011-bd65-00155db40116,dropped,biqi saku / sakuʼ cikay qsya / qsyaʼ nnbun mu / makuʼ ma / ku?,biqi saku / sakuʼ cikay qsya / qsyaʼ nnbun mu / makuʼ ma / ku?
Atayal_9ab30afd-b80a-f011-bd65-00155db40116,resolved,,biqi saku gasil cyux maki zik khuʼ / khu qasa.
Atayal_4961fb08-b90a-f011-bd65-00155db40116,resolved,,biru mtalah ga biru ni Sinsiy pcbaq/psbaq biru sa.
Atayal_a7ad0afd-b80a-f011-bd65-00155db40116,resolved,,biru ni ima/nima qu mtalah hiya.
Atayal_2662fb08-b90a-f011-bd65-00155db40116,dropped,"biruʼ / biru mtalah cyux te / tay kskaʼ qasa ga, biruʼ makuʼ.","biruʼ / biru mtalah cyux te / tay kskaʼ qasa ga, biruʼ makuʼ."
Atayal_d0b20afd-b80a-f011-bd65-00155db40116,resolved,,biruʼ / biru qani ga sbiq ssweʼ kneril.
Atayal_a6fb0203-b90a-f011-bd65-00155db40116,resolved,,biruʼ na sinsi / sinsiy qu mtalah biruʼ qasa.
Atayal_9862fb08-b90a-f011-bd65-00155db40116,dropped,blaq / balay / iyal sokan / sawkan qu phpah qani .,blaq / balay / iyal sokan / sawkan qu phpah qani .
Atayal_ad60fb08-b90a-f011-bd65-00155db40116,dropped,blaq / inblaq / leqiy qmluʼ / qmlu blihun.,blaq / inblaq / leqiy qmluʼ / qmlu blihun.
Atayal_efb40afd-b80a-f011-bd65-00155db40116,dropped,blaq / lawkah / lokah balay qu hiʼ / hi su.,blaq / lawkah / lokah balay qu hiʼ / hi su.
Atayal_07fc0203-b90a-f011-bd65-00155db40116,dropped,blaq / soyan nyaʼ mtasiq qu ssway / sswe mlikuy.,blaq / soyan nyaʼ mtasiq qu ssway / sswe mlikuy.
Atayal_ab61fb08-b90a-f011-bd65-00155db40116,dropped,blaq balay / iyal kayal nya / nyaʼ ryax soni .,blaq balay / iyal kayal nya / nyaʼ ryax soni .
Atayal_21f40203-b90a-f011-bd65-00155db40116,resolved,,blaq balay imiʼ nqu qmasuw syam hiyaʼ / hiya.
Atayal_a761fb08-b90a-f011-bd65-00155db40116,dropped,"blaq balay kayal soni / sawniʼ, kun / kuzing ru / ki sswe / ssweʼ / ssway muʼ / mu kneril / knayril musa sami hmyapas / mnaw qsyaʼ / qsya te / tay syaw gong.","blaq balay kayal soni / sawniʼ, kun / kuzing ru / ki sswe / ssweʼ / ssway muʼ / mu kneril / knayril musa sami hmyapas / mnaw qsyaʼ / qsya te / tay syaw gong."
Atayal_51b20afd-b80a-f011-bd65-00155db40116,resolved,,blaq balay niqun qu pinsklwan na bazing hiyaʼ / hiya.
Atayal_fae74a78-fbe8-5a58-69ee-3a19b0e471c0,resolved,,"blaq balay niqun sumul. ana ga kya qu yaqih lhbun ga, laxi kpiyux/kpzyux maniq."
Atayal_2463fb08-b90a-f011-bd65-00155db40116,resolved,,blaq balay niqun szik bazywak / bzyok tnahuk yaya / yayaʼ.
Atayal_fe4117da-8a33-f011-8fad-000d3a8250a0,resolved,,blaq balay niqun wayay / wayay tnahuk nya / nyaʼ thelu / thaylu / theluw qasa / qasaʼ.
Atayal_8063fb08-b90a-f011-bd65-00155db40116,resolved,,blaq balay niqun wayay / wazyay tnahuk nya / nyaʼ thelu / thaylu / theluw qasa / qasaʼ.
Atayal_3361fb08-b90a-f011-bd65-00155db40116,resolved,,blaq balay pongan / pawngan qu qwas qasa.
Atayal_df63fb08-b90a-f011-bd65-00155db40116,resolved,,"blaq hiʼ nya laqi / laqiʼ qani, mklokah / mtlokah balay ktan."
Atayal_ab62fb08-b90a-f011-bd65-00155db40116,resolved,,blaq iyal sokan / sawkan sinuling syam na bih ngasal makuʼ / maku.
Atayal_5bb20afd-b80a-f011-bd65-00155db40116,resolved,,blaq makuʼ / maku niqun qu cikuy ru mngihuy na biluk / gwiluk.
Atayal_e81df2f4-61d6-b3e7-dfe0-3a19b0dd5370,resolved,,"blaq na rhiyal/rhzyal ga, blaq uzi qu kinbwayan na pinbahuw."
Atayal_75f60203-b90a-f011-bd65-00155db40116,dropped,bleqi balay tblaq mitaʼ / mangay.,bleqi balay tblaq mitaʼ / mangay.
Atayal_76271af1-b80a-f011-bd65-00155db40116,dropped,bleqi balay tblaq mitaʼ/mangay.,bleqi balay tblaq mitaʼ/mangay.
Atayal_47152ac2-8a33-f011-8fad-000d3a8250a0,resolved,,bnaziy makuʼ / maku qutux qbhun pilaʼ qu ngahi qani .
Atayal_26062fc8-8a33-f011-8fad-000d3a8250a0,resolved,,"bnoyaw / bnwayaw makuʼ blaq nya umeʼ qani, aras mʼbul sʼcimu / scimu maniq."
Atayal_8ab10afd-b80a-f011-bd65-00155db40116,resolved,,"bnoyaw / bnwayaw makuʼ blaq nya umeʼ qani, aras mʼbul sʼcimuʼ / scimu maniq."
Atayal_e7b20afd-b80a-f011-bd65-00155db40116,resolved,,boq / buq na hzing ga skahul na cingay hzing qnyatan cintmumuʼ ru buqan magal.
Atayal_aa62fb08-b90a-f011-bd65-00155db40116,resolved,,"bqanux qani ga, csobih / tsobeh balay knan."
Atayal_0d1e28ce-8a33-f011-8fad-000d3a8250a0,resolved,,"bqanux qasaʼ / qasa ga, spcingun nyaʼ / nya qihuy nyaʼ / nya ki binah na bqanux."
Atayal_e4f80203-b90a-f011-bd65-00155db40116,dropped,"bsya / bsiqq qu innbwan nya, yasa mhekang / hlawax balay.","bsya / bsiqq qu innbwan nya, yasa mhekang / hlawax balay."
Atayal_bc1d28ce-8a33-f011-8fad-000d3a8250a0,dropped,"bsyaq / bsiq ini muʼ ktay yutas ki yaki muʼ la, sʼnun / sinʼinu makuʼ balay.","bsyaq / bsiq ini muʼ ktay yutas ki yaki muʼ la, sʼnun / sinʼinu makuʼ balay."
Atayal_16fa0203-b90a-f011-bd65-00155db40116,resolved,,"bsyaq / bsiq ini muʼ ktay yutas ki yaki muʼ la, sʼnun / sinʼnun makuʼ balay."
Atayal_baff17e7-df43-88c3-a669-3a19b0e2541b,dropped,"bsyaq qu innbwan nya, yasa mhekang/hlawax balay.","bsyaq qu innbwan nya, yasa mhekang/hlawax balay."
Atayal_79271af1-b80a-f011-bd65-00155db40116,resolved,,"bsyaq/bsiq ini muʼ ktay yutas ki yaki muʼ la, sʼnun/sinʼnun makuʼ balay."
Atayal_e5b20afd-b80a-f011-bd65-00155db40116,resolved,,bukil kakay makuʼ / maku ga iniʼ / ini balay kpyux.
Atayal_d7b20afd-b80a-f011-bd65-00155db40116,resolved,,bzyok / bzywak blsuy qani ga rwa nyaʼ / nya.
Atayal_27fb0203-b90a-f011-bd65-00155db40116,dropped,cbaqan / psbaqan sakuʼ nya smiʼ mrusaʼ / rahaw qu yabaʼ.,cbaqan / psbaqan sakuʼ nya smiʼ mrusaʼ / rahaw qu yabaʼ.
Atayal_7163fb08-b90a-f011-bd65-00155db40116,resolved,,cbaqan / psbaqan sakuʼ smiʼ tlngaʼ / tlnga ni mamaʼ.
Atayal_7a271af1-b80a-f011-bd65-00155db40116,resolved,,cbaqan/psbaqan sakuʼ smiʼ tlngaʼ/tlnga ni mamaʼ.
Atayal_2ef75ea1-f239-dd91-0273-3a19b0e08477,resolved,,cbaqan/sbaqan saku na yaba ming/meng bkaruh/karuh kmihuy ngahi ska na qmayah.
Atayal_78da981c-d8df-1289-11ef-3a1bf6ac6337,resolved,,cbaqan/sbaqan sami nya kbalay lubuw hmali na sinsiy.
Atayal_2d062fc8-8a33-f011-8fad-000d3a8250a0,resolved,,chop / shop cikay qsya.
Atayal_3664fb08-b90a-f011-bd65-00155db40116,resolved,,cikay balay tqenuw nagal na qbsuyan mu kneril cyux nyaʼ / nya syun skaʼ / ska waya.
Atayal_8bb30afd-b80a-f011-bd65-00155db40116,dropped,cingay / piyux balay phpah nya sqani,cingay / piyux balay phpah nya sqani
Atayal_3c61fb08-b90a-f011-bd65-00155db40116,dropped,cingay / pzyux balay / iyal rrangi / rangiʼ mu / muʼ / makuʼ.,cingay / pzyux balay / iyal rrangi / rangiʼ mu / muʼ / makuʼ.
Atayal_dcb20afd-b80a-f011-bd65-00155db40116,resolved,,cingay balay boxiʼ / boxi nyux hbkuʼ / hbku syaw tuqi.
Atayal_4db20afd-b80a-f011-bd65-00155db40116,dropped,cingay balay krahu / hopa na banga / bangaʼ cyux maku babaw na qhuniq / qhoniq.,cingay balay krahu / hopa na banga / bangaʼ cyux maku babaw na qhuniq / qhoniq.
Atayal_aaf40203-b90a-f011-bd65-00155db40116,resolved,,cingay balay kʼman nyaʼ sqaniʼ / aqani.
Atayal_315ffb08-b90a-f011-bd65-00155db40116,resolved,,cingay balay ngtaʼ / ngta nyux sqani.
Atayal_b161fb08-b90a-f011-bd65-00155db40116,resolved,,cingay balay pinnaras ni yutas mu qu sakuw sbiq saku nyaʼ / nya.
Atayal_7b271af1-b80a-f011-bd65-00155db40116,resolved,,cingay balay qaraʼ qhoniq/qhuniq cyux rhiyal .
Atayal_8cb30afd-b80a-f011-bd65-00155db40116,resolved,,cingay balay squliq nyaʼ basuʼ qa / qani.
Atayal_0b60fb08-b90a-f011-bd65-00155db40116,dropped,cingay llamuʼ / qarip na qatap ni yayaʼ.,cingay llamuʼ / qarip na qatap ni yayaʼ.
Atayal_c1fbe269-5e8b-43fe-7dce-3a19b0daeefb,dropped,cingay/pzyux/piyux balay kakay na guru wal su ktʼun la ru pktu su naʼ ga?,cingay/pzyux/piyux balay kakay na guru wal su ktʼun la ru pktu su naʼ ga?
Atayal_5cba9b90-b6ee-75b5-9e5c-3a19b0e13b0c,dropped,cingay/pzyux/piyux balay kʼman nya sqani.,cingay/pzyux/piyux balay kʼman nya sqani.
Atayal_ae1f01d5-0362-8b48-5b66-3a1bf3ab01e6,dropped,"cingay/pzyux/piyux llamu nya qu bway qhuniq/qhoniq, yan nqu sebwal, yutak, guquh/buquh.","cingay/pzyux/piyux llamu nya qu bway qhuniq/qhoniq, yan nqu sebwal, yutak, guquh/buquh."
Atayal_8db30afd-b80a-f011-bd65-00155db40116,dropped,cipoq / cipuq / cikuy balay pila maku / makuʼ.,cipoq / cipuq / cikuy balay pila maku / makuʼ.
Atayal_0c60fb08-b90a-f011-bd65-00155db40116,resolved,,cipoq balay qu qbaʼ / qba nyaʼ / nya ga ?
Atayal_8eb30afd-b80a-f011-bd65-00155db40116,resolved,,cipuq / cipok naʼ / na laqi nqu qsuyan kneril.
Atayal_1e409c53-d2ce-18ed-131a-3a19b0e075d6,resolved,,cipuq/cipoq naʼ laqi nqu qbsuyan/qsuyan kneril.
Atayal_5160fb08-b90a-f011-bd65-00155db40116,dropped,ckaw / sʼagan makuʼ mtzywaw qu qeqayaʼ / qayqayaʼ qani.,ckaw / sʼagan makuʼ mtzywaw qu qeqayaʼ / qayqayaʼ qani.
Atayal_44483c9e-8a33-f011-8fad-000d3a8250a0,resolved,,cuyx mbusuʼ / mbsuk qu squliq qasa la.
Atayal_5cb20afd-b80a-f011-bd65-00155db40116,resolved,,cyugal / ciwal bilus nyux sqaniʼ / sqani.
Atayal_b61d28ce-8a33-f011-8fad-000d3a8250a0,resolved,,cyugal kawas sinhriqan / hinriqan nya / nyaʼ la .
Atayal_e6f50203-b90a-f011-bd65-00155db40116,resolved,,cyugal kperay cyux mlakaʼ / mlaka babaw na phpah.
Atayal_ce5efb08-b90a-f011-bd65-00155db40116,dropped,cyux / kya / maki mtzyul qutux mari / mariʼ nya / nyaʼ qsuyan / qbsuyan makuʼ / maki mlikuy.,cyux / kya / maki mtzyul qutux mari / mariʼ nya / nyaʼ qsuyan / qbsuyan makuʼ / maki mlikuy.
Atayal_396bfb08-b90a-f011-bd65-00155db40116,dropped,cyux / kya / makiʼ zmagal btunux suʼ.,cyux / kya / makiʼ zmagal btunux suʼ.
Atayal_2d61fb08-b90a-f011-bd65-00155db40116,dropped,cyux / kya kbhul puqing lapaw nya / nyaʼ lhlahuy qasa.,cyux / kya kbhul puqing lapaw nya / nyaʼ lhlahuy qasa.
Atayal_376330aa-8a33-f011-8fad-000d3a8250a0,dropped,cyux / kya mkapin qu rqyas nya.,cyux / kya mkapin qu rqyas nya.
Atayal_1ffa0203-b90a-f011-bd65-00155db40116,dropped,cyux / kya mopuw / mpuw / mawpu cyugal / ciwal yutak thasa / sqasa.,cyux / kya mopuw / mpuw / mawpu cyugal / ciwal yutak thasa / sqasa.
Atayal_21fa0203-b90a-f011-bd65-00155db40116,dropped,cyux / kya mopuw / mpuw / mawpu mpituʼ guquh / buquh / yuquh thasa / sqasa.,cyux / kya mopuw / mpuw / mawpu mpituʼ guquh / buquh / yuquh thasa / sqasa.
Atayal_a0fa0203-b90a-f011-bd65-00155db40116,dropped,cyux / kya mopuw / mpuw / mawpu mtzyu / mtzyuʼ qhoniq / qhuniq thasa / sqasa.,cyux / kya mopuw / mpuw / mawpu mtzyu / mtzyuʼ qhoniq / qhuniq thasa / sqasa.
Atayal_20fa0203-b90a-f011-bd65-00155db40116,dropped,cyux / kya mopuw / mpuw / mawpu payat / spayat yutak thasa / sqasa.,cyux / kya mopuw / mpuw / mawpu payat / spayat yutak thasa / sqasa.
Atayal_9ffa0203-b90a-f011-bd65-00155db40116,dropped,cyux / kya mopuw / mpuw / mawpu spat / mspat qulih thasa / sqasa.,cyux / kya mopuw / mpuw / mawpu spat / mspat qulih thasa / sqasa.
Atayal_a1fa0203-b90a-f011-bd65-00155db40116,dropped,cyux / kya mopuw zmagal / mpuw zmagal / mawpuw zmagal thekan thasa / sqasa.,cyux / kya mopuw zmagal / mpuw zmagal / mawpuw zmagal thekan thasa / sqasa.
Atayal_adfa0203-b90a-f011-bd65-00155db40116,dropped,cyux / kya mpusal cyugal / ciwal qbubuʼ nya / nyaʼ qu yaba / yabaʼ makuʼ / mu.,cyux / kya mpusal cyugal / ciwal qbubuʼ nya / nyaʼ qu yaba / yabaʼ makuʼ / mu.
Atayal_b0fa0203-b90a-f011-bd65-00155db40116,dropped,cyux / kya mpusal sazing qbhniq nya / nyaʼ thasa / sqasa.,cyux / kya mpusal sazing qbhniq nya / nyaʼ thasa / sqasa.
Atayal_b1fa0203-b90a-f011-bd65-00155db40116,dropped,cyux / kya mpusal zmagal enpit / inpit / bbiruʼ qsuyan maku / makuʼ kneril / knayril.,cyux / kya mpusal zmagal enpit / inpit / bbiruʼ qsuyan maku / makuʼ kneril / knayril.
Atayal_9efa0203-b90a-f011-bd65-00155db40116,dropped,cyux / kya mpuw / mopuw / mawpu sazing mari / mariʼ thasa / sqasa.,cyux / kya mpuw / mopuw / mawpu sazing mari / mariʼ thasa / sqasa.
Atayal_21fc0203-b90a-f011-bd65-00155db40116,dropped,cyux / kya mtzyuʼ / mtzyu qulih sqani.,cyux / kya mtzyuʼ / mtzyu qulih sqani.
Atayal_a35ffb08-b90a-f011-bd65-00155db40116,dropped,cyux / kya payat biruʼ / biru lpgun nyaʼ / nya.,cyux / kya payat biruʼ / biru lpgun nyaʼ / nya.
Atayal_e3b20afd-b80a-f011-bd65-00155db40116,dropped,cyux / kya qutux hopaʼ / hopa / krahuʼ / cyaba na btunux te / tay ska tuqi.,cyux / kya qutux hopaʼ / hopa / krahuʼ / cyaba na btunux te / tay ska tuqi.
Atayal_2b61fb08-b90a-f011-bd65-00155db40116,dropped,cyux / kya qutux huzil makuʼ / mu.,cyux / kya qutux huzil makuʼ / mu.
Atayal_b561fb08-b90a-f011-bd65-00155db40116,dropped,cyux / kya sazing ngyaw makuʼ / mu.,cyux / kya sazing ngyaw makuʼ / mu.
Atayal_2263fb08-b90a-f011-bd65-00155db40116,dropped,cyux / kya smyax qu ngasal nhaʼ / nha.,cyux / kya smyax qu ngasal nhaʼ / nha.
Atayal_ae64fb08-b90a-f011-bd65-00155db40116,resolved,,"cyux babaw thekan / thikan qu qruyux ru mqalux na yopun / yawpun qasa ga, rwa ni yaya / yayaʼ."
Atayal_b55ffb08-b90a-f011-bd65-00155db40116,dropped,cyux cingay balay rrangi maku bih pqwasan biru / pqwasan biru.,cyux cingay balay rrangi maku bih pqwasan biru / pqwasan biru.
Atayal_7d271af1-b80a-f011-bd65-00155db40116,dropped,cyux cingay balay rrangi maku bih pqwasan biru/pqwasan biru.,cyux cingay balay rrangi maku bih pqwasan biru/pqwasan biru.
Atayal_33b40afd-b80a-f011-bd65-00155db40116,dropped,cyux ggiran rukuʼ / gituʼ na yayaʼ qu trakis.,cyux ggiran rukuʼ / gituʼ na yayaʼ qu trakis.
Atayal_2c61fb08-b90a-f011-bd65-00155db40116,resolved,,cyux gleng squ tbuciʼ ru cikuy bʼbuʼ / bʼbu na rgyax qu tatak sa.
Atayal_7e271af1-b80a-f011-bd65-00155db40116,resolved,,cyux gleng squ tbuciʼ ru cikuy bʼbuʼ/bʼbu na rgyax qu tatak sa.
Atayal_5fae411a-02ca-1a36-e558-3a1bf6669784,resolved,,cyux gmrgir/gmrgil/gmil sukay layan qu kneril Tayal.
Atayal_4bf70203-b90a-f011-bd65-00155db40116,resolved,,cyux hbkan bukil liliq yabaʼ / yaba mu.
Atayal_f563fb08-b90a-f011-bd65-00155db40116,resolved,,cyux hmbyat thotaw talah qmayah ku yayaʼ / yaya.
Atayal_7f271af1-b80a-f011-bd65-00155db40116,resolved,,cyux hmbyat thotaw talah qmayah ku yayaʼ/yaya.
Atayal_186a3956-2607-9339-f270-3a1c1c630f1c,resolved,,cyux hmiluk/hmeluk snonux/hnunux nya qu yaya.
Atayal_05b50afd-b80a-f011-bd65-00155db40116,dropped,cyux hmkangiʼ / hkangi squ wal mgzywaw na inpit / enpit / bbiru nyaʼ / nya qu ssway mlikuy.,cyux hmkangiʼ / hkangi squ wal mgzywaw na inpit / enpit / bbiru nyaʼ / nya qu ssway mlikuy.
Atayal_1d9808c1-ee00-6a47-56c6-3a1bf525645d,resolved,,cyux hmobing/hmawbing syam stahuk ni yaya kira qu yaba.
Atayal_0ef40203-b90a-f011-bd65-00155db40116,resolved,,cyux hmuluy ruma / rima qu lhga / hga.
Atayal_7c278b97-b80a-f011-bd65-00155db40116,dropped,cyux hmzinas lubung/langu qsyaʼ qu takusi qasa ru ppcicis qsyaʼ lwah.,cyux hmzinas lubung/langu qsyaʼ qu takusi qasa ru ppcicis qsyaʼ lwah.
Atayal_1663fb08-b90a-f011-bd65-00155db40116,resolved,,cyux inu / inuʼ ngasal suʼ / su?
Atayal_a2f40203-b90a-f011-bd65-00155db40116,resolved,,cyux inu / inuʼ yaba / yabaʼ su / suʼ?
Atayal_ec6c12f7-b80a-f011-bd65-00155db40116,resolved,,cyux inu Sinsiy pcbaq/psbaq biru.
Atayal_5ef70203-b90a-f011-bd65-00155db40116,dropped,cyux inuʼ qu lukus makuʼ / maku / mu?,cyux inuʼ qu lukus makuʼ / maku / mu?
Atayal_0660fb08-b90a-f011-bd65-00155db40116,dropped,cyux kiʼan bway na bnhziq / ume qu qaraʼ qhuniq nyaʼ.,cyux kiʼan bway na bnhziq / ume qu qaraʼ qhuniq nyaʼ.
Atayal_84f60203-b90a-f011-bd65-00155db40116,resolved,,cyux kiʼan kwiʼ lihuy suʼ / su
Atayal_6cf60203-b90a-f011-bd65-00155db40116,resolved,,cyux kiʼan na kuhing qu snonux nyaʼ / nya.
Atayal_b262fb08-b90a-f011-bd65-00155db40116,resolved,,cyux kiʼan sqi zik na qhoniq / qhuniq qasa.
Atayal_34f50203-b90a-f011-bd65-00155db40116,resolved,,cyux kmgiy qu yakiʼ / yaki.
Atayal_084217da-8a33-f011-8fad-000d3a8250a0,resolved,,cyux kmgiy qu yakiʼ/yaki.
Atayal_d7f50203-b90a-f011-bd65-00155db40116,resolved,,cyux kmtu / kmtuʼ qni qu huzil qasa.
Atayal_d9f50203-b90a-f011-bd65-00155db40116,resolved,,cyux kmut bzyok / bzywak kya tatak qasa nha.
Atayal_24f50203-b90a-f011-bd65-00155db40116,resolved,,cyux kmzyap ksruyun ska na slaq qu yabaʼ / yaba.
Atayal_ecf50203-b90a-f011-bd65-00155db40116,resolved,,cyux ksos bonaw yayaʼ / yaya makuʼ / maku.
Atayal_81271af1-b80a-f011-bd65-00155db40116,resolved,,cyux ksos bonaw yayaʼ/yaya makuʼ/maku.
Atayal_1f503ea5-b44d-aa1f-fe1d-3a1bf260c495,resolved,,cyux lokah/lawkah naʼ yutas su ga?
Atayal_22268b97-b80a-f011-bd65-00155db40116,dropped,cyux mahuw trakis kwaraʼ kkneril qalang myan(cyux kmluh trakis).,cyux mahuw trakis kwaraʼ kkneril qalang myan(cyux kmluh trakis).
Atayal_3c6bfb08-b90a-f011-bd65-00155db40116,dropped,cyux maki / makiʼ te / tay zzik / qsahuy ʼbyan qu mariʼ makuʼ.,cyux maki / makiʼ te / tay zzik / qsahuy ʼbyan qu mariʼ makuʼ.
Atayal_9bb30afd-b80a-f011-bd65-00155db40116,dropped,cyux maki gasuq / ngahaw nya blihun.,cyux maki gasuq / ngahaw nya blihun.
Atayal_f8b40afd-b80a-f011-bd65-00155db40116,dropped,"cyux maki kyahu qhoniq mlukus mtalah lukus mhikang / hlawax na kneril ga, sswe makuʼ kneril .","cyux maki kyahu qhoniq mlukus mtalah lukus mhikang / hlawax na kneril ga, sswe makuʼ kneril ."
Atayal_346bfb08-b90a-f011-bd65-00155db40116,dropped,cyux maki rgyax qu yutas mu / muʼ / makuʼ.,cyux maki rgyax qu yutas mu / muʼ / makuʼ.
Atayal_a864fb08-b90a-f011-bd65-00155db40116,resolved,,cyux makiʼ / maki babaw na qhoniq qutux yapit.
Atayal_2661fb08-b90a-f011-bd65-00155db40116,dropped,cyux maniq hiʼ / he syam na kukuh bzyok / bzywak qu yabaʼ / yaba.,cyux maniq hiʼ / he syam na kukuh bzyok / bzywak qu yabaʼ / yaba.
Atayal_a8f40203-b90a-f011-bd65-00155db40116,resolved,,cyux mbubu kʼabaʼ / kʼaba tluling nyaʼ / nya nanak yabut qasa.
Atayal_9b281af1-b80a-f011-bd65-00155db40116,resolved,,cyux mbubu kʼabaʼ/kʼaba tluling nyaʼ/nya nanak yabut qasa.
Atayal_e4b20afd-b80a-f011-bd65-00155db40116,resolved,,cyux mbubuʼ / mbubu bubuʼ / bubu yayaʼ / yaya nyaʼ / nya qu uyuk huzil.
Atayal_13fc0203-b90a-f011-bd65-00155db40116,dropped,cyux melingay / tlngayaw squ hiyaʼ / hiya kwaraʼkwara tayal / squliq.,cyux melingay / tlngayaw squ hiyaʼ / hiya kwaraʼkwara tayal / squliq.
Atayal_d99b2bb0-8a33-f011-8fad-000d3a8250a0,resolved,,"cyux mheluq / msheloq rgyax, kya squliq cyux mtzyaw kya ."
Atayal_59483c9e-8a33-f011-8fad-000d3a8250a0,dropped,cyux miran / mgil / hmazi trakis ru mugi / rmahi lukus te / tay tanux qu yaya / yayaʼ.,cyux miran / mgil / hmazi trakis ru mugi / rmahi lukus te / tay tanux qu yaya / yayaʼ.
Atayal_1ffb0203-b90a-f011-bd65-00155db40116,resolved,,"cyux mkphpah betunux / baytunux na phpah qasa ga, pnuhiʼ / pnuhi myan ki yayaʼ / yaya makuʼ / maku kawas swayal."
Atayal_0d60fb08-b90a-f011-bd65-00155db40116,resolved,,cyux mlakaʼ / mlaka babaw kayal qu qbhniq qasaʼ / qasa .
Atayal_0160fb08-b90a-f011-bd65-00155db40116,dropped,cyux mlakaʼ / mlaka te / tay babaw qmayah trakis qu pzit.,cyux mlakaʼ / mlaka te / tay babaw qmayah trakis qu pzit.
Atayal_23f50203-b90a-f011-bd65-00155db40116,resolved,,cyux mqbubu / mqbubuʼ squ mqalux na qbubuʼ / qbubu qasa ga kinsat / kshat.
Atayal_ccaed0a6-3a34-1cff-426c-3a1c1ca20718,resolved,,cyux mqumah qmayah/mayah qu yaba ki yaya soni/sawni.
Atayal_cf5efb08-b90a-f011-bd65-00155db40116,resolved,,cyux mqumah trakis rgyax qu yaba / yabaʼ mu.
Atayal_7563fb08-b90a-f011-bd65-00155db40116,resolved,,cyux mromul cikay hwinuk nyaʼ / nya.
Atayal_9d281af1-b80a-f011-bd65-00155db40116,resolved,,cyux mromul cikay hwinuk nyaʼ/nya.
Atayal_0bfc0203-b90a-f011-bd65-00155db40116,dropped,cyux mteluq / mteloq naʼ guqoh / buqoh babaw hanray / lalan qasa.,cyux mteluq / mteloq naʼ guqoh / buqoh babaw hanray / lalan qasa.
Atayal_0ffc0203-b90a-f011-bd65-00155db40116,resolved,,cyux mtgayaw mhngaw beh thikan / thekan qu yutas.
Atayal_6e63fb08-b90a-f011-bd65-00155db40116,dropped,cyux mugiʼ / taha yaba.,cyux mugiʼ / taha yaba.
Atayal_7ff60203-b90a-f011-bd65-00155db40116,dropped,cyux muhiʼ / pmuya nnanuʼ / llamuʼ na layan tay / te qmayah qu yabaʼ / yaba.,cyux muhiʼ / pmuya nnanuʼ / llamuʼ na layan tay / te qmayah qu yabaʼ / yaba.
Atayal_3561fb08-b90a-f011-bd65-00155db40116,dropped,cyux muhiʼ pzyux iyal qzimux / qwirux tay / te rgyax qu yutas.,cyux muhiʼ pzyux iyal qzimux / qwirux tay / te rgyax qu yutas.
Atayal_9f281af1-b80a-f011-bd65-00155db40116,dropped,cyux muhiʼ pzyux iyal qzimux/qwirux tay/te rgyax qu yutas.,cyux muhiʼ pzyux iyal qzimux/qwirux tay/te rgyax qu yutas.
Atayal_a3950075-c408-0d2b-248c-3a19b0e2030a,resolved,,cyux muluw qutux blaq na ptzyuwagun/ptcyogun la.
Atayal_28fb0203-b90a-f011-bd65-00155db40116,resolved,,cyux mʼbaʼ / mʼba mryu na mrkyas qasa la.
Atayal_40483c9e-8a33-f011-8fad-000d3a8250a0,resolved,,cyux mʼbaʼ/mʼba mryu na mrkyas qasa la.
Atayal_1263fb08-b90a-f011-bd65-00155db40116,resolved,,cyux ngasal ssweʼ / sswe knayril / kneril makuʼ / maku.
Atayal_ab281af1-b80a-f011-bd65-00155db40116,resolved,,cyux ngasal ssweʼ /sswe knayril/kneril makuʼ/maku.
Atayal_13fa0203-b90a-f011-bd65-00155db40116,resolved,,"cyux nya sgusan ngalih buliʼ / buli, baha mswa musa smalit rgyax."
Atayal_8e7b4598-8a33-f011-8fad-000d3a8250a0,resolved,,"cyux nya sgusan ngalih buliʼ/buli, baha mswa musa smalit rgyax."
Atayal_6af60203-b90a-f011-bd65-00155db40116,resolved,,cyux nya syun sa babaw na qhoniq / qhuniq qu ktata sswe mu kneril.
Atayal_86b30afd-b80a-f011-bd65-00155db40116,resolved,,cyux pcbaq biru pqwasan qu qbsuyan makuʼ / maku mlikuy.
Atayal_f363fb08-b90a-f011-bd65-00155db40116,dropped,cyux pxan / ʼpxan na btunux qu tokeʼ / toke / tukiʼ / sspngan qasa la.,cyux pxan / ʼpxan na btunux qu tokeʼ / toke / tukiʼ / sspngan qasa la.
Atayal_35152ac2-8a33-f011-8fad-000d3a8250a0,dropped,cyux pxan/ʼpxan na btunux qu tokeʼ /toke/tukiʼ /sspngan qasa la.,cyux pxan/ʼpxan na btunux qu tokeʼ /toke/tukiʼ /sspngan qasa la.
Atayal_d5b20afd-b80a-f011-bd65-00155db40116,dropped,cyux qasa / sqasa qutux hopaʼ / krahu balay na bling.,cyux qasa / sqasa qutux hopaʼ / krahu balay na bling.
Atayal_b0f40203-b90a-f011-bd65-00155db40116,dropped,cyux qmarip / qmatap kamit / kluling qbaq qu hiyaʼ.,cyux qmarip / qmatap kamit / kluling qbaq qu hiyaʼ.
Atayal_6660fb08-b90a-f011-bd65-00155db40116,dropped,cyux qmibuw / qmibu / zmkahat slaq qu yutas.,cyux qmibuw / qmibu / zmkahat slaq qu yutas.
Atayal_026d12f7-b80a-f011-bd65-00155db40116,dropped,"cyux qutux kakaypara/Zitensya maku,","cyux qutux kakaypara/Zitensya maku,"
Atayal_90b10afd-b80a-f011-bd65-00155db40116,resolved,,cyux qutux snabu nyaʼ / nya aliʼ / ali.
Atayal_1ff0b5e7-6493-150b-96fe-3a1bfdb8bd74,resolved,,cyux rmaw yaba lmeliq/lmiliq qhuniq/qhoniq qu qbsuyan/qsuyan mlikuy.
Atayal_48b88cd8-4326-c159-fa27-3a1b9478c383,resolved,,cyux rmaw yaba smxu pagay qu qbsuyan/qsuyan mlikuy.
Atayal_62f70203-b90a-f011-bd65-00155db40116,dropped,cyux sa lxyux qutux mqalux ru hopa / krahu na ngarux.,cyux sa lxyux qutux mqalux ru hopa / krahu na ngarux.
Atayal_2bf50203-b90a-f011-bd65-00155db40116,dropped,cyux saku muya buquh / guqoh qus na rgyax / klbing.,cyux saku muya buquh / guqoh qus na rgyax / klbing.
Atayal_2f62fb08-b90a-f011-bd65-00155db40116,resolved,,cyux smalit squ qaraʼ / qara na qhuniq qu yabaʼ / yaba.
Atayal_53ed7ba3-b80a-f011-bd65-00155db40116,dropped,cyux smuling brbal paypay/hokung nhaʼ qu kmukan.,cyux smuling brbal paypay/hokung nhaʼ qu kmukan.
Atayal_f69b2bb0-8a33-f011-8fad-000d3a8250a0,resolved,,"cyux su mtʼasiʼ/tʼasi la, cyux su kyapun mʼatuʼ la."
Atayal_9ffb0203-b90a-f011-bd65-00155db40116,resolved,,"cyux su si msuya / msuyap, pʼabi su lga ?"
Atayal_a8281af1-b80a-f011-bd65-00155db40116,resolved,,"cyux su si msuya/msuyap, pʼabi su lga ?"
Atayal_2663fb08-b90a-f011-bd65-00155db40116,dropped,"cyux szwi / yupan na krahuʼ bayhuy / cyaba na behuy) qu krahuʼ qhuniq qasa, ini hngaw / rangaw i mzwi.","cyux szwi / yupan na (krahuʼ bayhuy) / (hopaʼ na behuy) / cyaba na behuy) qu krahuʼ qhuniq qasa, ini hngaw / rangaw i mzwi."
Atayal_2663fb08-b90a-f011-bd65-00155db40116,dropped,"cyux szwi / yupan na hopaʼ na behuy / cyaba na behuy) qu krahuʼ qhuniq qasa, ini hngaw / rangaw i mzwi.","cyux szwi / yupan na (krahuʼ bayhuy) / (hopaʼ na behuy) / cyaba na behuy) qu krahuʼ qhuniq qasa, ini hngaw / rangaw i mzwi."
Atayal_7cf0b74e-0528-3abf-9092-3a19b0e47f97,dropped,"cyux szwi/yupan na krahu bayhuy qu krahu qhuniq qasa, ini hngaw/rangaw mzwi.","cyux szwi/yupan na (krahu bayhuy)/(hopa na behuy)/(cyaba na behuy) qu krahu qhuniq qasa, ini hngaw/rangaw mzwi."
Atayal_7cf0b74e-0528-3abf-9092-3a19b0e47f97,dropped,"cyux szwi/yupan na hopa na behuy qu krahu qhuniq qasa, ini hngaw/rangaw mzwi.","cyux szwi/yupan na (krahu bayhuy)/(hopa na behuy)/(cyaba na behuy) qu krahu qhuniq qasa, ini hngaw/rangaw mzwi."
Atayal_7cf0b74e-0528-3abf-9092-3a19b0e47f97,dropped,"cyux szwi/yupan na cyaba na behuy qu krahu qhuniq qasa, ini hngaw/rangaw mzwi.","cyux szwi/yupan na (krahu bayhuy)/(hopa na behuy)/(cyaba na behuy) qu krahu qhuniq qasa, ini hngaw/rangaw mzwi."
Atayal_08b6280a-0549-37ca-13f5-3a1bf5975e09,dropped,"cyux sʼuqu qu mumu rapal nya, yasa ini qpul rhzyal/rhiyal qu kakay/kuzih nya.","cyux sʼuqu qu mumu rapal nya, yasa ini qpul rhzyal/rhiyal qu kakay/kuzih nya."
Atayal_39f585fe-4ba3-0aff-4856-3a1bf23081db,resolved,,cyux te hugal/hogal uzi qu ngasal maku.
Atayal_9b64fb08-b90a-f011-bd65-00155db40116,dropped,cyux tkran pzyux iyal bway te / ay yawaʼ / yawa / waya.,cyux tkran pzyux iyal bway te / ay yawaʼ / yawa / waya.
Atayal_285ffb08-b90a-f011-bd65-00155db40116,resolved,,cyux tmahuk nbwas na qsinuw qu yayaʼ / yaya.
Atayal_aa281af1-b80a-f011-bd65-00155db40116,resolved,,cyux tmahuk nbwas na qsinuw qu yayaʼ/yaya.
Atayal_03de1fd4-8a33-f011-8fad-000d3a8250a0,resolved,,cyux tmhuq qoliʼ / qoli qu yayaʼ / yaya.
Atayal_9964fb08-b90a-f011-bd65-00155db40116,resolved,,cyux tpa / tpaʼ sa babaw na qhoniq / qhuniq qu qutux kmaya / kmayaʼ.
Atayal_93b30afd-b80a-f011-bd65-00155db40116,resolved,,cyux trang / (trang balay) mʼabiʼ / mʼabi qu yutas.
Atayal_1afb0203-b90a-f011-bd65-00155db40116,resolved,,cyux zik btunux qu mqu / mquʼ qasa.
Atayal_89b10afd-b80a-f011-bd65-00155db40116,resolved,,cyux ʼmbuw wayay qu yaya / yayaʼ.
Atayal_ac281af1-b80a-f011-bd65-00155db40116,dropped,cyux/kya kbhul puqing lapaw nya/nyaʼ lhlahuy qasa.,cyux/kya kbhul puqing lapaw nya/nyaʼ lhlahuy qasa.
Atayal_ad281af1-b80a-f011-bd65-00155db40116,dropped,cyux/kya mopuw zmagal/mpuw zmagal/mawpuw zmagal thekan thasa/sqasa.,cyux/kya mopuw zmagal/mpuw zmagal/mawpuw zmagal thekan thasa/sqasa.
Atayal_ae281af1-b80a-f011-bd65-00155db40116,dropped,cyux/kya mopuw/mpuw/mawpu cyugal/ciwal yutak thasa/sqasa.,cyux/kya mopuw/mpuw/mawpu cyugal/ciwal yutak thasa/sqasa.
Atayal_af281af1-b80a-f011-bd65-00155db40116,dropped,cyux/kya mopuw/mpuw/mawpu mpituʼ guquh/buquh/yuquh thasa/sqasa.,cyux/kya mopuw/mpuw/mawpu mpituʼ guquh/buquh/yuquh thasa/sqasa.
Atayal_b0281af1-b80a-f011-bd65-00155db40116,dropped,cyux/kya mopuw/mpuw/mawpu mtzyu/mtzyuʼ qhoniq/qhuniq thasa/sqasa.,cyux/kya mopuw/mpuw/mawpu mtzyu/mtzyuʼ qhoniq/qhuniq thasa/sqasa.
Atayal_b1281af1-b80a-f011-bd65-00155db40116,dropped,cyux/kya mopuw/mpuw/mawpu payat/spayat yutak thasa/sqasa.,cyux/kya mopuw/mpuw/mawpu payat/spayat yutak thasa/sqasa.
Atayal_b2281af1-b80a-f011-bd65-00155db40116,dropped,cyux/kya mopuw/mpuw/mawpu spat/mspat qulih thasa/sqasa.,cyux/kya mopuw/mpuw/mawpu spat/mspat qulih thasa/sqasa.
Atayal_b3281af1-b80a-f011-bd65-00155db40116,dropped,cyux/kya mpusal cyugal/ciwal qbubuʼ nya/nyaʼ qu yaba/yabaʼ makuʼ/mu.,cyux/kya mpusal cyugal/ciwal qbubuʼ nya/nyaʼ qu yaba/yabaʼ makuʼ/mu.
Atayal_b4281af1-b80a-f011-bd65-00155db40116,dropped,cyux/kya mpusal sazing qbhniq nya/nyaʼ thasa/sqasa.,cyux/kya mpusal sazing qbhniq nya/nyaʼ thasa/sqasa.
Atayal_b5281af1-b80a-f011-bd65-00155db40116,dropped,cyux/kya mpusal zmagal enpit/inpit/bbiruʼ qsuyan maku/makuʼ kneril/knayril.,cyux/kya mpusal zmagal enpit/inpit/bbiruʼ qsuyan maku/makuʼ kneril/knayril.
Atayal_b6281af1-b80a-f011-bd65-00155db40116,dropped,cyux/kya mpuw/mopuw/mawpu sazing mari/mariʼ thasa/sqasa.,cyux/kya mpuw/mopuw/mawpu sazing mari/mariʼ thasa/sqasa.
Atayal_b7281af1-b80a-f011-bd65-00155db40116,dropped,cyux/kya/maki mtzyul qutux mari/mariʼ nya/nyaʼ qsuyan/qbsuyan makuʼ/maki mlikuy.,cyux/kya/maki mtzyul qutux mari/mariʼ nya/nyaʼ qsuyan/qbsuyan makuʼ/maki mlikuy.
Atayal_9c5ffb08-b90a-f011-bd65-00155db40116,resolved,,cyxu tkmuʼ zik paliʼ / pali na yayaʼ / yaya nhaʼ qu uyuk ngtaʼ / ngta.
Atayal_306bfb08-b90a-f011-bd65-00155db40116,resolved,,galun nyaʼ / nya yuhum na bzywak qu yutas.
Atayal_36b40afd-b80a-f011-bd65-00155db40116,resolved,,gipu kwara qu huzil / hozil qani.
Atayal_8f80479a-1d20-f07d-8cc4-3a1bf21a0dfb,resolved,,giway/iway mbusuk krryax qu tbusuk qani.
Atayal_4b04e843-6505-c63e-8c2c-3a1c1579a737,resolved,,"giway/iway yulung babaw kayal gbyan soni, ini ktay qu bingah/bengah."
Atayal_77f60203-b90a-f011-bd65-00155db40116,dropped,glabang balay pqnahan pqwasan biru / qwasan.,glabang balay pqnahan pqwasan biru / qwasan.
Atayal_6b291af1-b80a-f011-bd65-00155db40116,dropped,glabang balay pqnahan pqwasan biru/qwasan.,glabang balay pqnahan pqwasan biru/qwasan.
Atayal_5360fb08-b90a-f011-bd65-00155db40116,resolved,,glabang balay qhyang nyaʼ / nya.
Atayal_49b40afd-b80a-f011-bd65-00155db40116,resolved,,gwagiq / wagiq balay qu mlikuy qasa .
Atayal_50f80203-b90a-f011-bd65-00155db40116,resolved,,gwagiq / wagiq qu mamaʼ / mama su / suʼ ga?
Atayal_f5dd1fd4-8a33-f011-8fad-000d3a8250a0,resolved,,hala ku mʼiyuw / ʼmyuw / tksyuw qutux btasaw na lukus.
Atayal_179c2bb0-8a33-f011-8fad-000d3a8250a0,resolved,,hala ku mʼiyuw/ ʼmyuw/tksyuw qutux btasaw na lukus.
Atayal_9dfb0203-b90a-f011-bd65-00155db40116,dropped,"hay hazi / ihiʼ pyutiʼ / yuciy / ʼyuci turing qsyaʼ, cyux msuʼun mhotaw / mtukun qsyaʼ bakit la(pslubung sa bakit la).","hay hazi / ihiʼ pyutiʼ / yuciy / ʼyuci turing qsyaʼ, cyux msuʼun mhotaw / mtukun qsyaʼ bakit la(pslubung sa bakit la)."
Atayal_6d291af1-b80a-f011-bd65-00155db40116,dropped,"hay hazi/ihiʼ pyutiʼ/yuciy/ʼyuci turing qsyaʼ, cyux msuʼun mhotaw/mtukun qsyaʼ bakit la(pslubung sa bakit la).","hay hazi/ihiʼ pyutiʼ/yuciy/ʼyuci turing qsyaʼ, cyux msuʼun mhotaw/mtukun qsyaʼ bakit la(pslubung sa bakit la)."
Atayal_feb40afd-b80a-f011-bd65-00155db40116,dropped,helaw / haylaw iyal / balay mqzinah ru iniʼ saku shnga,helaw / haylaw iyal / balay mqzinah ru iniʼ (saku shnga) / (maku baqi hmbyaw) / (maku baqi tpucing mbhyaw)
Atayal_feb40afd-b80a-f011-bd65-00155db40116,dropped,helaw / haylaw iyal / balay mqzinah ru iniʼ maku baqi hmbyaw,helaw / haylaw iyal / balay mqzinah ru iniʼ (saku shnga) / (maku baqi hmbyaw) / (maku baqi tpucing mbhyaw)
Atayal_feb40afd-b80a-f011-bd65-00155db40116,dropped,helaw / haylaw iyal / balay mqzinah ru iniʼ maku baqi tpucing mbhyaw,helaw / haylaw iyal / balay mqzinah ru iniʼ (saku shnga) / (maku baqi hmbyaw) / (maku baqi tpucing mbhyaw)
Atayal_8463fb08-b90a-f011-bd65-00155db40116,resolved,,"helaw balay mhkangi qu qbsuyan mlikuy, nanuʼ yasaʼ kyalun muʼ mha thway / thgway cikay."
Atayal_6f291af1-b80a-f011-bd65-00155db40116,resolved,,"helaw balay mhkangi qu qbsuyan mlikuy, nanuʼ yasaʼ kyalun muʼ mha thway/thgway cikay."
Atayal_4262fb08-b90a-f011-bd65-00155db40116,dropped,helaw kululaka/Skoki hya.,helaw kululaka/Skoki hya.
Atayal_70291af1-b80a-f011-bd65-00155db40116,dropped,helaw/haylaw iyal/balay mqzinah ru iniʼ saku shnga,helaw/haylaw iyal/balay mqzinah ru iniʼ (saku shnga)/(maku baqi hmbyaw)/(maku baqi tpucing mbhyaw)
Atayal_70291af1-b80a-f011-bd65-00155db40116,dropped,helaw/haylaw iyal/balay mqzinah ru iniʼ maku baqi hmbyaw,helaw/haylaw iyal/balay mqzinah ru iniʼ (saku shnga)/(maku baqi hmbyaw)/(maku baqi tpucing mbhyaw)
Atayal_70291af1-b80a-f011-bd65-00155db40116,dropped,helaw/haylaw iyal/balay mqzinah ru iniʼ maku baqi tpucing mbhyaw,helaw/haylaw iyal/balay mqzinah ru iniʼ (saku shnga)/(maku baqi hmbyaw)/(maku baqi tpucing mbhyaw)
Atayal_b960fb08-b90a-f011-bd65-00155db40116,resolved,,"hera / hera ga, sinsiy maras llaqi matas bih qnryang."
Atayal_3cf7dfb5-c116-ff31-3d14-3a19b0dffe32,resolved,,"hga ga ini sami nha tqrgi, kwara/kora ke wal nha skayal ga balay balay sa."
Atayal_24f40203-b90a-f011-bd65-00155db40116,resolved,,"hilaw / helaw balay hminas kisya, ini kzinga lga ini ktay qu kisyaʼ la."
Atayal_19fa0203-b90a-f011-bd65-00155db40116,resolved,,"hiya cyux tmugun la, baha hmswa hiya ga ini abi hera / heraʼ / shera."
Atayal_d65efb08-b90a-f011-bd65-00155db40116,resolved,,hiya ga aring hngan / lhngan hera / shera mxal tunux ru mutaq uzi.
Atayal_27f50203-b90a-f011-bd65-00155db40116,resolved,,hiya ga cyux mtama gleng na kktan kitaʼ / klihaw.
Atayal_1479ed30-9400-e2b1-95b0-3a19b0e1922a,resolved,,hiya ga kmnyut sebwal wal nya san mtbaziy lnamu/namu nya sasan.
Atayal_22f50203-b90a-f011-bd65-00155db40116,dropped,"hiya ga, aring sasan si ini hngaw kmal muc / mha kinmxal tunux nya","hiya ga, aring sasan si ini hngaw kmal muc / mha kinmxal tunux nya"
Atayal_addd1fd4-8a33-f011-8fad-000d3a8250a0,resolved,,"hiya ga, ini soyaʼ squci sqcyan beh / bih tanux."
Atayal_1cfb0203-b90a-f011-bd65-00155db40116,dropped,hiyaʼ / hiya ga mqum / qtamum qutux yal na yabaʼ tluling hopa nqu biluk.,hiyaʼ / hiya ga mqum / qtamum qutux yal na yabaʼ tluling hopa nqu biluk.
Atayal_f3b40afd-b80a-f011-bd65-00155db40116,resolved,,hiyaʼ / hiya ga sinsiy maku / makuʼ.
Atayal_d35efb08-b90a-f011-bd65-00155db40116,resolved,,"hiʼ / hi na squliq ga, cingay qu mumuʼ / mumu nyaʼ / nya."
Atayal_f9b40afd-b80a-f011-bd65-00155db40116,dropped,hm-yapas / mno / mnaw sami squ pqwasan biruʼ ki rangiʼ / rangi makuʼ.,hm-yapas / mno / mnaw sami squ pqwasan biruʼ ki rangiʼ / rangi makuʼ.
Atayal_02b50afd-b80a-f011-bd65-00155db40116,resolved,,hminas sakuʼ ngasal ni yaki / yakiʼ makuʼ.
Atayal_054217da-8a33-f011-8fad-000d3a8250a0,resolved,,hminas sakuʼ ngasal ni yaki/yakiʼ makuʼ.
Atayal_1d17904e-afa7-4ae4-12a7-3a1bf26cd30e,resolved,,hmit balay sbaziy ana nanu qeqaya qu bziran/bbiran qani.
Atayal_8c406cad-1527-b799-6d94-3a19b0dcf669,resolved,,hmit bziran hi/he bzywak/bzyok misuw qani la!
Atayal_0bcf3996-a130-f011-8fad-000d3a8250a0,dropped,hmswaʼ / hmswa qu swsay / sswe kneril shiraʼ?,hmswaʼ / hmswa qu swsay / sswe kneril shiraʼ?
Atayal_1dfb0203-b90a-f011-bd65-00155db40116,resolved,,hmut magal qqayaʼ / qeqayaʼ squliq ga mquriq son nha la .
Atayal_0f60fb08-b90a-f011-bd65-00155db40116,dropped,hopa / hopaʼ / krahuʼ / cyaba tnuxan qani ga rwa na qbsuyan mu / muʼ / makuʼ.,hopa / hopaʼ / krahuʼ / cyaba tnuxan qani ga rwa na qbsuyan mu / muʼ / makuʼ.
Atayal_a161fb08-b90a-f011-bd65-00155db40116,resolved,,hopa / hopaʼ balay rnguʼ / rngu nya / nyaʼ mlikuy qani.
Atayal_83b30afd-b80a-f011-bd65-00155db40116,dropped,hopa / krahu ru mtumaw balay qu byacing.,hopa / krahu ru mtumaw balay qu byacing.
Atayal_11fc0203-b90a-f011-bd65-00155db40116,resolved,,"hopa iyal puniq la, cyux mtkalux snuling ta ngahiʼ / ngahi la."
Atayal_abf40203-b90a-f011-bd65-00155db40116,dropped,hopaʼ / hopa / krahuʼ / krahu balay kacing qani.,hopaʼ / hopa / krahuʼ / krahu balay kacing qani.
Atayal_0bf40203-b90a-f011-bd65-00155db40116,resolved,,"hopaʼ / hopa iyal syam qani la, ani cipoq hmobing."
Atayal_ebb20afd-b80a-f011-bd65-00155db40116,resolved,,hopaʼ / hopa ru sbing balay qu qwirux qani.
Atayal_16f40203-b90a-f011-bd65-00155db40116,dropped,hopaʼ / krahu balay btunux qani.,hopaʼ / krahu balay btunux qani.
Atayal_18f40203-b90a-f011-bd65-00155db40116,resolved,,"hrhul kayal tanux la, msqun ta mhkani / mhkangi tanux ma."
Atayal_51f70203-b90a-f011-bd65-00155db40116,resolved,,htngi qu llyuw na qhuniq ru lomaw / lawmaw taʼ.
Atayal_76291af1-b80a-f011-bd65-00155db40116,resolved,,htngi qu llyuw na qhuniq ru lomaw/lawmaw taʼ.
Atayal_8ac4e64f-91ef-378a-48fc-3a1bf1cf904e,resolved,,"huqan abaw ga, mhuqil/mhoqil yutak la."
Atayal_b4a3da2b-f225-ec92-2338-3a1c1c68cacb,resolved,,"hzyaq/ghzyaq hazi kayal, qeri/qiri mnbuw qsya kilux."
Atayal_385ffb08-b90a-f011-bd65-00155db40116,dropped,ima / imaʼ qu nisan mnwah ngasal taʼ squliq / tayal qasa?,ima / imaʼ qu nisan mnwah ngasal taʼ squliq / tayal qasa?
Atayal_2362fb08-b90a-f011-bd65-00155db40116,resolved,,ima qu betunx / baytunux na sinsiy / (sinsi pcbaq biruʼ ) qani hiya / hiyaʼ?.
Atayal_ec261af1-b80a-f011-bd65-00155db40116,resolved,,ima qu betunx/baytunux na sinsiy/(sinsi pcbaq biruʼ ) qani hiya/hiyaʼ?.
Atayal_18fc0203-b90a-f011-bd65-00155db40116,dropped,"imaʼ / ima qu cyux mtquciʼ / tpik, swaʼ / swa nyux sknux balay sokan?","imaʼ / ima qu cyux mtquciʼ / tpik, swaʼ / swa nyux sknux balay sokan?"
Atayal_0ff40203-b90a-f011-bd65-00155db40116,resolved,,imaʼ qu gwagun / yagun suʼ hmut mita / mitaʼ kyaʼ nanak.
Atayal_1ff40203-b90a-f011-bd65-00155db40116,dropped,imaʼ qu kneril cyux msʼurux tay / te sqasa?,imaʼ qu kneril cyux msʼurux tay / te sqasa?
Atayal_d6f50203-b90a-f011-bd65-00155db40116,dropped,ini / iniʼ saku / sakuʼ kpyux iyal maniq kmsyaʼ / maru / maruʼ kuzing.,ini / iniʼ saku / sakuʼ kpyux iyal maniq kmsyaʼ / maru / maruʼ kuzing.
Atayal_23442efa-251f-54a9-9500-3a1bf21f6865,dropped,"ini baqi minnbu nenanu qu hiya, pongan ga cyux mbuluq/mzitux roziq nya lma.","ini baqi minnbu nenanu qu hiya, pongan ga cyux mbuluq/mzitux roziq nya lma."
Atayal_8b656373-e00f-57d3-cbc2-3a19b0e26138,resolved,,ini baqi swa mhuqil/mhoqil qu hozil/huzil maku la .
Atayal_f1f80203-b90a-f011-bd65-00155db40116,resolved,,ini baqi swaʼ mhukil / mhoqil qu hozil / huzil maku la .
Atayal_8f587928-971a-6d93-0b5f-3a1bf70354c8,resolved,,"ini ktohiq/ktwahiq iyal ki eki qu ngasal mama mu, sobih/sawbih balay tpan turuy lga tehuk la."
Atayal_e65efb08-b90a-f011-bd65-00155db40116,resolved,,ini nya / nyaʼ suqiy / suqi qu zywaw / mtzywaw nya / nyaʼ na / naʼ.
Atayal_28601fbb-26b4-c70b-e4df-3a19b0dc548d,dropped,ini si xiryu/xiryo/ttexi kwara/kora qu pinuhi/pnuhi/pnuya/pinuya pinbahuw myan qmayah/mayah.,ini si xiryu/xiryo/ttexi kwara/kora qu pinuhi/pnuhi/pnuya/pinuya pinbahuw myan qmayah/mayah.
Atayal_38b40afd-b80a-f011-bd65-00155db40116,resolved,,ini soya maniq giriʼ / girl qu sswe kneril.
Atayal_23f40203-b90a-f011-bd65-00155db40116,resolved,,"iniʼ / ini kzingaʼ / kzinga lga, mqwalax la."
Atayal_12062fc8-8a33-f011-8fad-000d3a8250a0,resolved,,iniʼ sakuʼ / saku sawyaʼ / soya maniq topu / tawpuʼ.
Atayal_f2b40afd-b80a-f011-bd65-00155db40116,dropped,iniʼ si xiryu / xiryo / ttexi kwara qu pinuhiʼ / pnuhi / pnuyaʼ pinbahu myan mayah.,iniʼ si xiryu / xiryo / ttexi kwara qu pinuhiʼ / pnuhi / pnuyaʼ pinbahu myan mayah.
Atayal_fafb26b6-8a33-f011-8fad-000d3a8250a0,dropped,iniʼ si xiryu/xiryo/ttexi kwara qu pinuhi/pnuhi/pnuyaʼ pinbahu myan mayah.,iniʼ si xiryu/xiryo/ttexi kwara qu pinuhi/pnuhi/pnuyaʼ pinbahu myan mayah.
Atayal_77291af1-b80a-f011-bd65-00155db40116,dropped,iniʼ si xiryu/xiryo/ttexi kwara qu pinuhiʼ/pnuhi/pnuyaʼ pinbahu myan mayah.,iniʼ si xiryu/xiryo/ttexi kwara qu pinuhiʼ/pnuhi/pnuyaʼ pinbahu myan mayah.
Atayal_d4eb7ba3-b80a-f011-bd65-00155db40116,resolved,,"iniʼ suʼ bleqi kmahang/mlahang hiʼ suʼ lga, pʼyangiʼ suʼ babaw nyaʼ ay."
Atayal_a3f40203-b90a-f011-bd65-00155db40116,resolved,,inu / inuʼ qu sqani hiya / hiyaʼ
Atayal_a464fb08-b90a-f011-bd65-00155db40116,dropped,"ita / itaʼnyux mqwas biru ga siki qnzyat balay, yal qani lga mosa / musaʼ thuyay mblaq mspngan.","ita / itaʼnyux mqwas biru ga siki qnzyat balay, yal qani lga mosa / musaʼ thuyay mblaq mspngan."
Atayal_79291af1-b80a-f011-bd65-00155db40116,dropped,"ita/itaʼnyux mqwas biru ga siki qnzyat balay, yal qani lga mosa/musaʼ thuyay mblaq mspngan.","ita/itaʼnyux mqwas biru ga siki qnzyat balay, yal qani lga mosa/musaʼ thuyay mblaq mspngan."
Atayal_1df50203-b90a-f011-bd65-00155db40116,resolved,,"itaʼ / ita cikay khiʼ / khi na gasil son mu qu hiya, ana ga qthuy gasil sbiq saku / sakuʼ nya / nyaʼ."
Atayal_0b6430bc-8a33-f011-8fad-000d3a8250a0,resolved,,itaʼ ga mggaluʼ / gmaluʼ taʼ ru prraw taʼ.
Atayal_c6dd1fd4-8a33-f011-8fad-000d3a8250a0,dropped,"iyat baq / qbaq / pqbaq mwah mgluw ita / itaʼ mlahuy kira qu hiya, hazi cyux / maki binah / szywagan bzinah zyway nya / nyaʼ.","iyat baq / qbaq / pqbaq mwah mgluw ita / itaʼ mlahuy kira qu hiya, hazi cyux / maki binah / szywagan bzinah zyway nya / nyaʼ."
Atayal_4fb40afd-b80a-f011-bd65-00155db40116,dropped,"iyat baq / qbaq / pqbaq mwah mgluw ita / itaʼ mlahuy kira qu hiya, hazi cyux / maki binah / szywagun bzinah zyway nya / nyaʼ.","iyat baq / qbaq / pqbaq mwah mgluw ita / itaʼ mlahuy kira qu hiya, hazi cyux / maki binah / szywagun bzinah zyway nya / nyaʼ."
Atayal_7a291af1-b80a-f011-bd65-00155db40116,dropped,"iyat baq/qbaq/pqbaq mwah mgluw ita/itaʼ mlahuy kira qu hiya, hazi cyux/maki binah/szywagun bzinah zyway nya/nyaʼ.","iyat baq/qbaq/pqbaq mwah mgluw ita/itaʼ mlahuy kira qu hiya, hazi cyux/maki binah/szywagun bzinah zyway nya/nyaʼ."
Atayal_b3fa0203-b90a-f011-bd65-00155db40116,resolved,,"iyat makuʼ / maku lukus lga, lukus na ssway makuʼ / maku knayril / kneril qu mqalux lukus qani la."
Atayal_b1f40203-b90a-f011-bd65-00155db40116,dropped,"iyat nya / nyaʼ sinpyangun / sinpyangan / sinpiyang / spzyang mkaʼ / mka kopuʼ / kopu, kana su / suʼ kusa kya smayuʼ / smayu / (kbkaʼ smʼang).","iyat nya / nyaʼ sinpyangun / sinpyangan / sinpiyang / spzyang mkaʼ / mka kopuʼ / kopu, (kana su / suʼ kusa kya) / (kana su / suʼ uci kyaʼ ) smayuʼ / smayu / (kbkaʼ smʼang)."
Atayal_b1f40203-b90a-f011-bd65-00155db40116,dropped,"iyat nya / nyaʼ sinpyangun / sinpyangan / sinpiyang / spzyang mkaʼ / mka kopuʼ / kopu, kana su / suʼ uci kyaʼ smayuʼ / smayu / (kbkaʼ smʼang).","iyat nya / nyaʼ sinpyangun / sinpyangan / sinpiyang / spzyang mkaʼ / mka kopuʼ / kopu, (kana su / suʼ kusa kya) / (kana su / suʼ uci kyaʼ ) smayuʼ / smayu / (kbkaʼ smʼang)."
Atayal_7b291af1-b80a-f011-bd65-00155db40116,dropped,"iyat nya/nyaʼ sinpyangun/sinpyangan/sinpiyang/spzyang mkaʼ/mka kopuʼ/kopu, kana su/suʼ kusa kya smayuʼ/smayu/(kbkaʼ smʼang).","iyat nya/nyaʼ sinpyangun/sinpyangan/sinpiyang/spzyang mkaʼ/mka kopuʼ/kopu, (kana su/suʼ kusa kya)/(kana su/suʼ uci kyaʼ ) smayuʼ/smayu/(kbkaʼ smʼang)."
Atayal_7b291af1-b80a-f011-bd65-00155db40116,dropped,"iyat nya/nyaʼ sinpyangun/sinpyangan/sinpiyang/spzyang mkaʼ/mka kopuʼ/kopu, kana su/suʼ uci kyaʼ smayuʼ/smayu/(kbkaʼ smʼang).","iyat nya/nyaʼ sinpyangun/sinpyangan/sinpiyang/spzyang mkaʼ/mka kopuʼ/kopu, (kana su/suʼ kusa kya)/(kana su/suʼ uci kyaʼ ) smayuʼ/smayu/(kbkaʼ smʼang)."
Atayal_fa5ffb08-b90a-f011-bd65-00155db40116,resolved,,"iyat nyaʼ / nya ptrang cyux squ babaw hanray qasa lga, rwa imaʼ / ima lpi?"
Atayal_742a6126-22dc-857b-f629-3a19b0e060e2,dropped,"iyat saku pkaki/pʼaki ngasal/ciwal cyugal ryax qani, khangi cikay/cikah qnyatan mu.","iyat saku pkaki/pʼaki ngasal/ciwal cyugal ryax qani, khangi cikay/cikah qnyatan mu."
Atayal_53b40afd-b80a-f011-bd65-00155db40116,resolved,,"iyat, hiya ga Sinsiy pcbaq/psbaq biru."
Atayal_54b40afd-b80a-f011-bd65-00155db40116,resolved,,"iyat, lalu nya ga Maray Lesa/Laysa."
Atayal_9bfb0203-b90a-f011-bd65-00155db40116,dropped,"kabang sswe mu kneril ga, memaw msuʼun / sʼunan snyan nya biru.","kabang sswe mu kneril ga, memaw msuʼun / sʼunan snyan nya biru."
Atayal_4afec25b-f797-f329-3dbb-3a19b0e19dc3,resolved,,kahul babaw kayal mbzyaq mlaka kwali mwah kmzyap/kmzyak nyux mhkani/mhkangi rhzyal qu mqu.
Atayal_a3490aad-b1b7-0019-e9e1-3a19b0df9c1d,resolved,,kahul babaw kayal mbzyaq/mbiyaq mlaka kwali mwah kmzyap/kmzyak nyux te rhzyal/rhiyal qu mqu.
Atayal_3261fb08-b90a-f011-bd65-00155db40116,resolved,,kahul kayal mlakaʼ / mlaka qu kwaliʼ / kwali ru mbzyaq ru kmzyap mquʼ.
Atayal_1563fb08-b90a-f011-bd65-00155db40116,resolved,,kahul suʼ / su inu / inuʼ ?
Atayal_3b6bfb08-b90a-f011-bd65-00155db40116,resolved,,kakay na zo ga giwal balay lwax kinthuy nyaʼ / nya.
Atayal_88b30afd-b80a-f011-bd65-00155db40116,dropped,kawas qani ga wal muya / muhi / muhiʼ cikay / cikah sehuy qu yaba / yabaʼ mu.,kawas qani ga wal muya / muhi / muhiʼ cikay / cikah sehuy qu yaba / yabaʼ mu.
Atayal_b9f40203-b90a-f011-bd65-00155db40116,resolved,,"kaxaʼ / kaxa nqun ga, kntan myan hiya / hiyaʼ beh hngawan kisya ."
Atayal_b8f40203-b90a-f011-bd65-00155db40116,resolved,,"kaxaʼ nqun ʼnyal ga, musa saku shriq qalang musa mtzyaw / mtzyuwaw la ."
Atayal_7f291af1-b80a-f011-bd65-00155db40116,resolved,,"kaxaʼ nqun ʼnyal ga, musa saku shriq qalang musa mtzyaw/mtzyuwaw la ."
Atayal_80291af1-b80a-f011-bd65-00155db40116,resolved,,"kaxaʼ/kaxa nqun ga, kntan myan hiya/hiyaʼ beh hngawan kisya ."
Atayal_a261fb08-b90a-f011-bd65-00155db40116,resolved,,khiʼ / khi balay rom qani.
Atayal_a962fb08-b90a-f011-bd65-00155db40116,dropped,khmay balay / iyal snonux / snawnux nya laqi / laqiʼ qani.,khmay balay / iyal snonux / snawnux nya laqi / laqiʼ qani.
Atayal_3764fb08-b90a-f011-bd65-00155db40116,resolved,,khmay iyal prahum / trahum na laqiʼ / laqi qani.
Atayal_82291af1-b80a-f011-bd65-00155db40116,resolved,,khmay iyal prahum/trahum na laqiʼ/laqi qani.
Atayal_1e63fb08-b90a-f011-bd65-00155db40116,resolved,,khmay iyal syam nyaʼ / nya bzywak / bzyok qani.
Atayal_467ff4c3-5eba-1d14-ecd7-3a1c1c4a366f,resolved,,"kinhngzyang na yaya ssʼang nya laqi ga, ana lingay ngasal pongan kwara/kora squliq."
Atayal_8187af17-3bf2-ff56-8f19-3a19b0dcb4eb,resolved,,kinntan mu bzywak/bzyok qnhyun wal mgyay te ruma/rrima sqasa la.
Atayal_5ff80203-b90a-f011-bd65-00155db40116,dropped,kintari / mbiyaqʼ tama ta kwara.,kintari / mbiyaqʼ tama ta kwara.
Atayal_83291af1-b80a-f011-bd65-00155db40116,dropped,kintari/mbiyaqʼ tama ta kwara.,kintari/mbiyaqʼ tama ta kwara.
Atayal_c660fb08-b90a-f011-bd65-00155db40116,dropped,klokah / klawkah mnbuw qsyaʼ mha sinsi pkitaʼ nbuʼ / sinsi phgup / sinsang .,klokah / klawkah mnbuw qsyaʼ mha sinsi pkitaʼ nbuʼ / sinsi phgup / sinsang .
Atayal_2df50203-b90a-f011-bd65-00155db40116,resolved,,klosan ga cyux mlakaʼ / mlaka babaw kʼman.
Atayal_c6b00afd-b80a-f011-bd65-00155db40116,resolved,,"kmal/kmayal Sinsiy mha,"
Atayal_d5f50203-b90a-f011-bd65-00155db40116,resolved,,kmraw / rmaw sakuʼ / saku yaya qmwax pyatuʼ krryax.
Atayal_7c63fb08-b90a-f011-bd65-00155db40116,resolved,,knalay makuʼ / maku nanak thawak qani.
Atayal_52f70203-b90a-f011-bd65-00155db40116,resolved,,knalay ni yayaʼ / yaya qu lmamuʼ cininun qasa.
Atayal_50b20afd-b80a-f011-bd65-00155db40116,dropped,knalay qhuniq ni yabaʼ qu sazing / rusaʼ batul qasa.,knalay qhuniq ni yabaʼ qu sazing / rusaʼ batul qasa.
Atayal_e2f50203-b90a-f011-bd65-00155db40116,resolved,,knwan minhtuw su / suʼ tanux hera / shiraʼ?
Atayal_9b62fb08-b90a-f011-bd65-00155db40116,resolved,,kragi saku cikay smpung kinhopaʼ na lwax / lwox binah.
Atayal_4eb40afd-b80a-f011-bd65-00155db40116,resolved,,"kraqiy sakuʼ cikay hmaw / haw qsyaʼ, musaʼ ku pqsyaʼ phpah."
Atayal_ae61fb08-b90a-f011-bd65-00155db40116,resolved,,ksos sakuʼ / saku qutux ramat ryuhing.
Atayal_3964fb08-b90a-f011-bd65-00155db40116,resolved,,"ktan maku qu hiya / hiyaʼ ga, cyux trang meng ruku / rukuʼ."
Atayal_9e3af599-7106-4346-ee39-3a19b0e24a83,resolved,,ktan maku sbihiy nya laqi qu mehibung/mhibung ruku.
Atayal_e3f80203-b90a-f011-bd65-00155db40116,resolved,,ktan makuʼ / maku sbihi nyaʼ / nya laqiʼ / laqi qu mhibung / mehibung rukuʼ / ruku.
Atayal_85b30afd-b80a-f011-bd65-00155db40116,resolved,,ktan mu bzyok / bzywak qnhyun wal mgyay la .
Atayal_295ffb08-b90a-f011-bd65-00155db40116,resolved,,ktwaʼ nerang / nirang nya / nyaʼ bzyok / bzywak mwani la?
Atayal_6df60203-b90a-f011-bd65-00155db40116,dropped,kun / kuzing ga seto / mqbaq biru.,kun / kuzing ga seto / mqbaq biru.
Atayal_8af90203-b90a-f011-bd65-00155db40116,resolved,,kun ga nyux ku si kaki ngasal kmahan / mlahang llaqiʼ.
Atayal_0e6612f7-b80a-f011-bd65-00155db40116,resolved,,kun ga nyux ku si kaki ngasal kmahan/mlahang llaqiʼ.
Atayal_3062fb08-b90a-f011-bd65-00155db40116,dropped,"kun ki qsuyan kneril ga, nyux sami smapuh / kmagaw sahuy ngasal.","kun ki qsuyan kneril ga, nyux sami smapuh / kmagaw sahuy ngasal."
Atayal_e963fb08-b90a-f011-bd65-00155db40116,resolved,,kuzing ki qsuyan / qbsuyan maku / makuʼ kneril msqun sami musa / musaʼ mqbaq tminun.
Atayal_fc5ffb08-b90a-f011-bd65-00155db40116,dropped,kya / cyux qutux hopaʼ / hopa na bzywak / bzyok qnhyun tniriq myan rusaʼ / brusa / mrusaʼ sheraʼ / shera.,kya / cyux qutux hopaʼ / hopa na bzywak / bzyok qnhyun tniriq myan rusaʼ / brusa / mrusaʼ sheraʼ / shera.
Atayal_73f60203-b90a-f011-bd65-00155db40116,dropped,kya / cyux qutux mariʼ / mari te / tay kyahuʼ haray.,kya / cyux qutux mariʼ / mari te / tay kyahuʼ haray.
Atayal_47b20afd-b80a-f011-bd65-00155db40116,dropped,kya / cyux qutux qbhniq ru / ki ubuʼ / kawbuʼ cyux maki te / tay babaw qhuniq / qhoniq.,kya / cyux qutux qbhniq ru / ki ubuʼ / kawbuʼ cyux maki te / tay babaw qhuniq / qhoniq.
Atayal_1260fb08-b90a-f011-bd65-00155db40116,dropped,kya / cyux qutux qbubuʼ / qbubu makuʼ / maku.,kya / cyux qutux qbubuʼ / qbubu makuʼ / maku.
Atayal_39b40afd-b80a-f011-bd65-00155db40116,dropped,kya / cyux qutux qhuniq / qhoniq te / tay gleng ngasal nyaʼ / nya.,kya / cyux qutux qhuniq / qhoniq te / tay gleng ngasal nyaʼ / nya.
Atayal_f463fb08-b90a-f011-bd65-00155db40116,dropped,kya / kyan tokeʼ / toke / tukiʼ / sspngan qba nya.,kya / kyan tokeʼ / toke / tukiʼ / sspngan qba nya.
Atayal_cd5efb08-b90a-f011-bd65-00155db40116,dropped,kya / maki mtzyul biru / biruʼ lpgun na sswe / ssweʼ kneril / knayril.,kya / maki mtzyul biru / biruʼ lpgun na sswe / ssweʼ kneril / knayril.
Atayal_1060fb08-b90a-f011-bd65-00155db40116,dropped,kya / maki qbsuyan su / suʼ kneril / knayril ?,kya / maki qbsuyan su / suʼ kneril / knayril ?
Atayal_1160fb08-b90a-f011-bd65-00155db40116,dropped,kya / maki qutux qbsuyan mu / makuʼ mlikuy.,kya / maki qutux qbsuyan mu / makuʼ mlikuy.
Atayal_4ef80203-b90a-f011-bd65-00155db40116,dropped,kya / nyux / cyux / maki qutux plquy / plqwiʼ na ngyaw mu / makuʼ.,kya / nyux / cyux / maki qutux plquy / plqwiʼ na ngyaw mu / makuʼ.
Atayal_7963fb08-b90a-f011-bd65-00155db40116,dropped,kya krahuʼ / hopa ru betunux na tgliq beh zik rgyax.,kya krahuʼ / hopa ru betunux na tgliq beh zik rgyax.
Atayal_e263fb08-b90a-f011-bd65-00155db40116,resolved,,kya mopuw tluling mu / maku .
Atayal_a7fa0203-b90a-f011-bd65-00155db40116,dropped,kya mpatul squliq nya / nyaʼ te / tay kyokay / kyukay.,kya mpatul squliq nya / nyaʼ te / tay kyokay / kyukay.
Atayal_b9fa0203-b90a-f011-bd65-00155db40116,resolved,,kya mqeru / mqeruʼ pgan seto / setoʼ nya / nyaʼ qu sinsiy / sinsi.
Atayal_106612f7-b80a-f011-bd65-00155db40116,resolved,,kya mqeru/mqeruʼ pgan seto/setoʼ nya/nyaʼ qu sinsiy/sinsi.
Atayal_8eb10afd-b80a-f011-bd65-00155db40116,resolved,,kya qu baqun maniq ru iniʼ / ini baqi maniq na aburaʼ / abura hiyaʼ / hiya.
Atayal_14f40203-b90a-f011-bd65-00155db40116,resolved,,kya qutux hongu / hawnguʼ qalang myan. qalang myan ga maki qutux hongu.
Atayal_4361fb08-b90a-f011-bd65-00155db40116,dropped,kya qutux ngyaw cyux te / tay babaw na rnamuw.,kya qutux ngyaw cyux te / tay babaw na rnamuw.
Atayal_366bfb08-b90a-f011-bd65-00155db40116,dropped,kya qutux ngyaw te / tay zik thekan / thikan.,kya qutux ngyaw te / tay zik thekan / thikan.
Atayal_4061fb08-b90a-f011-bd65-00155db40116,resolved,,kya qutux rgrgyax nya / nyaʼ sqasa.
Atayal_2f61fb08-b90a-f011-bd65-00155db40116,dropped,kya qutux seng / syan pila / pilaʼ babaw hanray / lalan.,kya qutux seng / syan pila / pilaʼ babaw hanray / lalan.
Atayal_116612f7-b80a-f011-bd65-00155db40116,dropped,kya qutux seng/syan pila/pilaʼ babaw hanray/lalan.,kya qutux seng/syan pila/pilaʼ babaw hanray/lalan.
Atayal_9d64fb08-b90a-f011-bd65-00155db40116,dropped,kya zmagal mqalux ru sazing mtalah na wayay cyux sa waya / yawaʼ.,kya zmagal mqalux ru sazing mtalah na wayay cyux sa waya / yawaʼ.
Atayal_7d0711a9-e803-86bb-23ba-3a19b0e1be50,dropped,kya/cyux qutux mari te/tay kyahu hanray.,kya/cyux qutux mari te/tay kyahu hanray.
Atayal_136612f7-b80a-f011-bd65-00155db40116,dropped,kya/maki qbsuyan su/suʼ kneril/knayril ?,kya/maki qbsuyan su/suʼ kneril/knayril ?
Atayal_146612f7-b80a-f011-bd65-00155db40116,dropped,kya/maki qutux qbsuyan mu/makuʼ mlikuy.,kya/maki qutux qbsuyan mu/makuʼ mlikuy.
Atayal_079c2bb0-8a33-f011-8fad-000d3a8250a0,dropped,kya/nyux/cyux/maki qutux plquy/plqwiʼ na ngyaw mu/makuʼ.,kya/nyux/cyux/maki qutux plquy/plqwiʼ na ngyaw mu/makuʼ.
Atayal_10f40203-b90a-f011-bd65-00155db40116,resolved,,"kyalun sami na sinsi / sinsiy mha, laxi hmut musaʼ / musa ngasal na ssquliq."
Atayal_11fa0203-b90a-f011-bd65-00155db40116,dropped,kyalun sami yaya mha qiri nbuw qsyaʼ / qsya sblaq hiʼ / he.,kyalun sami yaya mha qiri nbuw qsyaʼ / qsya sblaq hiʼ / he.
Atayal_1ee81262-67be-3b93-7e26-3a19b0e29748,resolved,,"kyalun sami yaya mha, qeri/qiri nbuw qsya sblaq hi/he."
Atayal_345ffb08-b90a-f011-bd65-00155db40116,dropped,kyaʼ / kya / cyux nguzyaq babaw qhuniq.,kyaʼ / kya / cyux nguzyaq babaw qhuniq.
Atayal_126612f7-b80a-f011-bd65-00155db40116,dropped,kyaʼ/kya/cyux nguzyaq babaw qhuniq.,kyaʼ/kya/cyux nguzyaq babaw qhuniq.
Atayal_9efb0203-b90a-f011-bd65-00155db40116,resolved,,laqi qasaʼ / qasa cyux msulung hngzyang ni yabaʼ nyaʼ / nya.
Atayal_90fb0203-b90a-f011-bd65-00155db40116,dropped,lawkah / lokah iyal / balay msluhi / msluhiy qu tuqi qani.,lawkah / lokah iyal / balay msluhi / msluhiy qu tuqi qani.
Atayal_166612f7-b80a-f011-bd65-00155db40116,dropped,lawkah/lokah iyal/balay msluhi/msluhiy qu tuqi qani.,lawkah/lokah iyal/balay msluhi/msluhiy qu tuqi qani.
Atayal_4db40afd-b80a-f011-bd65-00155db40116,resolved,,laxi gali enpit qu cyux babaw hanray muʼ / mu.
Atayal_04b50afd-b80a-f011-bd65-00155db40116,dropped,laxi hiriq iyal pila / ʼ.,laxi hiriq iyal pila / ʼ.
Atayal_d25efb08-b90a-f011-bd65-00155db40116,dropped,laxi hmut / hmciʼ muling / gmuling / mbuling syup.,laxi hmut / hmciʼ muling / gmuling / mbuling syup.
Atayal_d81d28ce-8a33-f011-8fad-000d3a8250a0,resolved,,laxi hmut smayu/smayuʼ squliq.
Atayal_4a152ac2-8a33-f011-8fad-000d3a8250a0,resolved,,laxi hmut tmring qqaya / qeqeqaya squliq.
Atayal_bf9076a9-b80a-f011-bd65-00155db40116,resolved,,laxi kayal (kal) la.
Atayal_15fa0203-b90a-f011-bd65-00155db40116,resolved,,"laxi ngilis, iyat qzingaʼ / kzingaʼ wahun su nya stnaq magal yaba la."
Atayal_c7278b97-b80a-f011-bd65-00155db40116,dropped,laxi pglgi qurip paris/momw qu ramat qasa!,laxi pglgi qurip paris/momw qu ramat qasa!
Atayal_a8fa0203-b90a-f011-bd65-00155db40116,resolved,,"laxi psyaq, ru laxi psulungi mpikaʼ / mpika kakay squliq."
Atayal_43b40afd-b80a-f011-bd65-00155db40116,resolved,,laxi si sa mgyah / mgih kryax qu umuk na kluban.
Atayal_9962fb08-b90a-f011-bd65-00155db40116,resolved,,laxi yungi / zngi smosu / smosu blihun mʼabi su lhngan.
Atayal_81f60203-b90a-f011-bd65-00155db40116,resolved,,lhaʼ ga rangi / rangi mu.
Atayal_5db20afd-b80a-f011-bd65-00155db40116,resolved,,lhngan / hngan lga baqun mita betunux na bengah / bingah la .
Atayal_305ffb08-b90a-f011-bd65-00155db40116,resolved,,lhngan shera / sheraʼ ga sngihi qu sswe maku mlikuy.
Atayal_27483c9e-8a33-f011-8fad-000d3a8250a0,dropped,linamuʼ na yabaʼ pinlang ka minakiʼ tay / te tanux ngasal.,linamuʼ na yabaʼ pinlang ka minakiʼ tay / te tanux ngasal.
Atayal_886c747b-5bbb-1a2b-bd7b-3a19b0dfeb55,resolved,,"linhuyan ta minxal ga ini tehuk hi/he ta, nanu nyux ta tongan/twangan mlahuy soni/sawni lozi."
Atayal_4df70203-b90a-f011-bd65-00155db40116,dropped,llamu / / kryanan / qtqyan naun / nanuʼ kwara / kwaraʼ qu qeqaya / qayqayaʼ qani?,llamu / / kryanan / qtqyan naun / nanuʼ kwara / kwaraʼ qu qeqaya / qayqayaʼ qani?
Atayal_eaf80203-b90a-f011-bd65-00155db40116,resolved,,lokah / lawkah balay hinhnyan nyaʼ.
Atayal_23fb0203-b90a-f011-bd65-00155db40116,resolved,,lokah / lawkah mqbaq biruʼ.
Atayal_9632ce86-fba1-5721-eb47-3a1bf39e57ed,resolved,,lokah balay mhkani/mhkangi rgyax qu yaba maku.
Atayal_17f33318-bdf0-8a0d-8151-3a1bf503ab5c,resolved,,lokah balay naʼ he/hi yutas maku.
Atayal_1a6612f7-b80a-f011-bd65-00155db40116,resolved,,lokah/lawkah balay hinhnyan nyaʼ.
Atayal_0be11b3b-ee50-4543-fa40-3a19b0dcc48d,resolved,,"lokah/lawkah mnbuw qsya, ru qeri/qiri mhngaw."
Atayal_1b6612f7-b80a-f011-bd65-00155db40116,resolved,,lokah/lawkah mqbaq biruʼ.
Atayal_f6fb26b6-8a33-f011-8fad-000d3a8250a0,resolved,,"lpuw / lpgi cikay, piraʼ / pira qu qhuniq nya / nyaʼ cyux (maki kyaʼ / kya?) / (sa ska na pintasan kuw?) / (zik na biruʼ qani?)"
Atayal_166430bc-8a33-f011-8fad-000d3a8250a0,dropped,lwan / ptlwan maku / makuʼ qutux qthuy iyal na qwayux (bih rgyax) / / skaʼ rgyax,lwan / ptlwan maku / makuʼ qutux qthuy iyal na qwayux (bih rgyax) / / (skaʼ rgyax) / (ska na hlahuy rgyax) / (tay rgyax)
Atayal_166430bc-8a33-f011-8fad-000d3a8250a0,dropped,lwan / ptlwan maku / makuʼ qutux qthuy iyal na qwayux (bih rgyax) / / ska na hlahuy rgyax,lwan / ptlwan maku / makuʼ qutux qthuy iyal na qwayux (bih rgyax) / / (skaʼ rgyax) / (ska na hlahuy rgyax) / (tay rgyax)
Atayal_166430bc-8a33-f011-8fad-000d3a8250a0,dropped,lwan / ptlwan maku / makuʼ qutux qthuy iyal na qwayux (bih rgyax) / / tay rgyax,lwan / ptlwan maku / makuʼ qutux qthuy iyal na qwayux (bih rgyax) / / (skaʼ rgyax) / (ska na hlahuy rgyax) / (tay rgyax)
Atayal_34b40afd-b80a-f011-bd65-00155db40116,resolved,,magal ggiran qu yaya / yayaʼ ru cbaqan saku / sakuʼ nya / nyaʼ gmil / gmrgil trakis.
Atayal_8c8f2ed5-fd6f-850c-71ef-3a19b0e09fd9,resolved,,magal ggiran qu yaya ru cbaqan saku nya gmrgir/gmrgil/gmil trakis.
Atayal_4bf80203-b90a-f011-bd65-00155db40116,resolved,,magal ku lukus musa mahiy / rmahi tanux.
Atayal_f1b40afd-b80a-f011-bd65-00155db40116,dropped,magal kucyuʼ / yamil tmmaq hipux qu ssweʼ / sswe kneril.,magal kucyuʼ / yamil tmmaq hipux qu ssweʼ / sswe kneril.
Atayal_b061fb08-b90a-f011-bd65-00155db40116,resolved,,magal sakit / soki / sawkiʼ skut nyaʼ kʼman sʼan nya / nyaʼ kacing .
Atayal_3b5ffb08-b90a-f011-bd65-00155db40116,dropped,magal saku / sakuʼ nuka / nukaʼ sbiq mu / makuʼ yakiʼ / yaki.,magal saku / sakuʼ nuka / nukaʼ sbiq mu / makuʼ yakiʼ / yaki.
Atayal_05a04188-fb2f-851b-8a1a-3a19b0e40768,resolved,,magal soki/sakit/sawki skut nya kʼman sʼan nya kacing .
Atayal_3c64fb08-b90a-f011-bd65-00155db40116,dropped,magal ttucing tmucing kugiʼ / loqi qu mama maku .,magal ttucing tmucing kugiʼ / loqi qu mama maku .
Atayal_993e8cab-187a-66dc-7a20-3a1b8b3c71e5,resolved,,"maki sa syaw bsnat/snat ga, yaba balay bayhuy/behuy nya."
Atayal_4664fb08-b90a-f011-bd65-00155db40116,resolved,,maki ubuʼ / ubu nyaʼ / nya qu bzyoq / bzyuwaq qnhyun.
Atayal_d1b20afd-b80a-f011-bd65-00155db40116,resolved,,makiʼ / maki zik na uraw qu bisu hiyaʼ / hiya.
Atayal_92b30afd-b80a-f011-bd65-00155db40116,dropped,makiʼ / nyux / kya cyugal / ciwal enpit makuʼ / mu.,makiʼ / nyux / kya cyugal / ciwal enpit makuʼ / mu.
Atayal_2862fb08-b90a-f011-bd65-00155db40116,resolved,,maniq ga bleqi pskon / pskwan qu mami.
Atayal_1c6612f7-b80a-f011-bd65-00155db40116,resolved,,maniq ga bleqi pskon/pskwan qu mami.
Atayal_aefa0203-b90a-f011-bd65-00155db40116,resolved,,maras mpusal payat rukuʼ / ruku qu yaya / yayaʼ.
Atayal_1d6612f7-b80a-f011-bd65-00155db40116,resolved,,maras mpusal payat rukuʼ/ruku qu yaya/yayaʼ.
Atayal_af64fb08-b90a-f011-bd65-00155db40116,dropped,maras yubing qu yutas ru ssyan nya minhotaw snilat nya bway bhziq / ume.,maras yubing qu yutas ru ssyan nya minhotaw snilat nya bway bhziq / ume.
Atayal_9d62fb08-b90a-f011-bd65-00155db40116,resolved,,"masuq / masoq ku smrzyut lukus, musaʼ / musa kuʼ phapuy la."
Atayal_4ab40afd-b80a-f011-bd65-00155db40116,resolved,,mawmaw / memaw tayhuk / tehuk hwinuk kinqruyux snawnux nyaʼ / nya.
Atayal_7d63fb08-b90a-f011-bd65-00155db40116,resolved,,maziy qutux mtalah qruzyux na thawak qu qbsuyan / qsuyan knayril / kneril.
Atayal_82d5910d-8345-a3b7-57a0-3a19b0e0d15f,resolved,,mbhuyaw balay knluh/knloh ta kawas qani.
Atayal_74cd3d51-be11-f56e-ac9d-3a19b0e0995a,resolved,,"mbzyaq qu gwagi/wagi/wawi lga, gbyan la, mwah ngasal qu yaba la."
Atayal_9afb0203-b90a-f011-bd65-00155db40116,resolved,,memaw / maymaw mstoput / mstawput myugiʼ mqas qu lhaʼ / nhaʼ.
Atayal_07d9df94-20bb-e7b9-115f-3a19b0e0b84d,resolved,,memaw/mawmaw tehuk/tayhuk hwinuk kinqruyux/kinqroyux snunux/snawnux/hnunux nya.
Atayal_e1f80203-b90a-f011-bd65-00155db40116,dropped,"mha ni mswat qwalax lga, ana taʼ / ta musa / musaʼ mzwi / (cila mnaw ) tay / te tanux la .","mha ni mswat qwalax lga, ana taʼ / ta musa / musaʼ mzwi / (cila mnaw ) tay / te tanux la ."
Atayal_206612f7-b80a-f011-bd65-00155db40116,dropped,"mha ni mswat qwalax lga, ana taʼ/ta musa/musaʼ mzwi/(cila mnaw ) tay/te tanux la .","mha ni mswat qwalax lga, ana taʼ/ta musa/musaʼ mzwi/(cila mnaw ) tay/te tanux la ."
Atayal_8263fb08-b90a-f011-bd65-00155db40116,dropped,"mhaʼ ni ini sami pung keʼ / ke ga, mtluhing / thmut la.","mhaʼ ni ini sami pung keʼ / ke ga, mtluhing / thmut la."
Atayal_1f6612f7-b80a-f011-bd65-00155db40116,dropped,"mhaʼ ni ini sami pung keʼ/ke ga, mtluhing/thmut la.","mhaʼ ni ini sami pung keʼ/ke ga, mtluhing/thmut la."
Atayal_001e28ce-8a33-f011-8fad-000d3a8250a0,resolved,,mhnuk balay qu sobus / sbus.
Atayal_9564fb08-b90a-f011-bd65-00155db40116,resolved,,mhtuw qu wagi / gwagi / wagiʼ la .
Atayal_216612f7-b80a-f011-bd65-00155db40116,resolved,,mhtuw qu wagi/gwagi/wagiʼ la .
Atayal_f2f80203-b90a-f011-bd65-00155db40116,resolved,,"mhuqil / mhoqil qu guqoh / buqoh qani la, blaq balay niqun."
Atayal_f3d8f725-d74d-2b56-0d2c-3a19b0e264b5,resolved,,"mhuqil/mhoqil qu guquh/buquh qani la, blaq balay niqun."
Atayal_70f90203-b90a-f011-bd65-00155db40116,dropped,mhuway su / suʼ sʼ aras kun / saku / sakuʼ rukuʼ / luku .,mhuway su / suʼ sʼ aras kun / saku / sakuʼ rukuʼ / luku .
Atayal_7ef60203-b90a-f011-bd65-00155db40116,dropped,"mhuway suʼ / su,?(bahaʼ la.) / ?(laxiʼ ksayux.)","mhuway suʼ / su,?(bahaʼ la.) / ?(laxiʼ ksayux.)"
Atayal_abae0afd-b80a-f011-bd65-00155db40116,dropped,mhyuci / mplqwi balay sqani.,mhyuci / mplqwi balay sqani.
Atayal_4c9c206b-4718-4737-32f1-3a19b0dcd286,resolved,,ming/meng saku heluk rʼagan mu hmiluk/hmeluk snonux/hnunux qu sswe/ssway mu kneril.
Atayal_bdacf26d-305a-d8df-3cc9-3a19b0e012ea,resolved,,minkahul babaw qhuniq/qhoniq mbzyaq te kyahu qu bhut/bhot.
Atayal_696330aa-8a33-f011-8fad-000d3a8250a0,dropped,"mitaʼ qutux mquʼ bibil / kinharu hiyaʼ, mnkux ru helaw mqinah mgyay.","mitaʼ qutux mquʼ bibil / kinharu hiyaʼ, mnkux ru helaw mqinah mgyay."
Atayal_ad5ffb08-b90a-f011-bd65-00155db40116,dropped,"mitaʼ sakuʼ hucyu / hocyo / plakaw lga, lmnglung sakuʼ yayaʼ la.","mitaʼ sakuʼ hucyu / hocyo / plakaw lga, lmnglung sakuʼ yayaʼ la."
Atayal_266612f7-b80a-f011-bd65-00155db40116,dropped,"mitaʼ sakuʼ hucyu/hocyo/plakaw lga, lmnglung sakuʼ yayaʼ la.","mitaʼ sakuʼ hucyu/hocyo/plakaw lga, lmnglung sakuʼ yayaʼ la."
Atayal_e6f80203-b90a-f011-bd65-00155db40116,resolved,,mkhangi / mhkangiʼ ta / taʼ tuqiy / tuqi ga mita / mitaʼ ta / taʼ gleng.
Atayal_81f90203-b90a-f011-bd65-00155db40116,dropped,mkilux iyal / balay kayal nya / nyaʼ soni / sawniʼ.,mkilux iyal / balay kayal nya / nyaʼ soni / sawniʼ.
Atayal_82f90203-b90a-f011-bd65-00155db40116,resolved,,mkkwiʼ / mkkuyʼ balay knatan na kuy qbaʼ maku.
Atayal_85f90203-b90a-f011-bd65-00155db40116,resolved,,mkmiʼ cikay / cikah roziq ru mhngaw.
Atayal_3a6bfb08-b90a-f011-bd65-00155db40116,resolved,,mlakaʼ / mlaka babaw bway qhuniq qu zngliʼ la .
Atayal_09fa0203-b90a-f011-bd65-00155db40116,resolved,,mlawaʼ / mlawa saku rangi / rangiʼ mwah maniq mami ngasal.
Atayal_01b50afd-b80a-f011-bd65-00155db40116,resolved,,mlhngan / lhngan ga son nya hmilaw tapang ssweʼ / sswe mlikuy qu yaya.
Atayal_4062fb08-b90a-f011-bd65-00155db40116,dropped,mluw kululaka/Skoki ru qasu ga ima helaw.,mluw kululaka/Skoki ru qasu ga ima helaw.
Atayal_0a60fb08-b90a-f011-bd65-00155db40116,dropped,"mluw sakuʼ / ku qasuʼ / qasu ga, mtkgil ru mutaq sakuʼ / saku.","mluw sakuʼ / ku qasuʼ / qasu ga, mtkgil ru mutaq sakuʼ / saku."
Atayal_4f6330aa-8a33-f011-8fad-000d3a8250a0,dropped,"mnaqut suʼ zyway / yuwaw hera / shera sa, wal smyuk la ?","mnaqut suʼ zyway / yuwaw hera / shera sa, wal smyuk la ?"
Atayal_536330aa-8a33-f011-8fad-000d3a8250a0,resolved,,mnaras huzil ru patas wal qmalup sheraʼ / shera lhngan qu yabaʼ.
Atayal_51f80203-b90a-f011-bd65-00155db40116,dropped,mnbuʼ squliq ga smoya / smawyaʼ maniq mamiʼ / mami yumoq / zinqzyaq.,mnbuʼ squliq ga smoya / smawyaʼ maniq mamiʼ / mami yumoq / zinqzyaq.
Atayal_2a6612f7-b80a-f011-bd65-00155db40116,dropped,mnbuʼ squliq ga smoya/smawyaʼ maniq mamiʼ/mami yumoq/zinqzyaq.,mnbuʼ squliq ga smoya/smawyaʼ maniq mamiʼ/mami yumoq/zinqzyaq.
Atayal_19f40203-b90a-f011-bd65-00155db40116,dropped,"mnbuʼ sswe kneril la, tkran ku qutux kopuʼ / qhzi mtbasaw qsyaʼ pniqan maku iyuʼ / izyu.","mnbuʼ sswe kneril la, tkran ku qutux kopuʼ / qhzi mtbasaw qsyaʼ pniqan maku iyuʼ / izyu."
Atayal_b5f40203-b90a-f011-bd65-00155db40116,resolved,,mngihuy ru ttepoq iyal kaway qaniʼ / qani.
Atayal_2861fb08-b90a-f011-bd65-00155db40116,resolved,,mngunguʼ ksʼangun na qbsuyan kneril / knayril ru si tlqing qung hihi.
Atayal_dab20afd-b80a-f011-bd65-00155db40116,resolved,,mnwah mnayang qmayah tbxan trakis shiraʼ / shera qu yabaʼ / yaba.
Atayal_024217da-8a33-f011-8fad-000d3a8250a0,resolved,,mnwah mnayang qmayah tbxan trakis shiraʼ/shera qu yabaʼ/yaba.
Atayal_bd61fb08-b90a-f011-bd65-00155db40116,resolved,,mnwah pqwasan biruʼ / biru sheraʼ / shira sswe / ssway kneril.
Atayal_76f60203-b90a-f011-bd65-00155db40116,resolved,,"mnwah sakuʼ kyokay / kyukay sheraʼ, ana ga ini / iniʼ misu / misuʼ ktay."
Atayal_f54117da-8a33-f011-8fad-000d3a8250a0,resolved,,mnwah sami maziy orongko squ syubay babaw qlyan shiraʼ/shera.
Atayal_29062fc8-8a33-f011-8fad-000d3a8250a0,resolved,,mnwah sami maziy urungkuʼ squ syubay babaw qlyan sheraʼ/shera.
Atayal_4c64fb08-b90a-f011-bd65-00155db40116,resolved,,mnwah sami maziy urungkuʼ squ syubay babaw qlyan shiraʼ / shera.
Atayal_a26612f7-b80a-f011-bd65-00155db40116,resolved,,mnwah sami maziy urungkuʼ squ syubay babaw qlyan shiraʼ/shera.
Atayal_1e62fb08-b90a-f011-bd65-00155db40116,resolved,,mnwah simu inu / inuʼ shira / hera?
Atayal_aa61fb08-b90a-f011-bd65-00155db40116,resolved,,mnwah smiʼ mrusaʼ / rusaʼ rgyax shiraʼ / heraʼ lhngan qu qbsuyan mlikuy.
Atayal_3462fb08-b90a-f011-bd65-00155db40116,dropped,mnwah sqani qlyan qutux tayal / squliq. iniʼ / ini kayal / kal mha imaʼ / ima qu hiya. si sbil qabang lru wayal / (wayal mshriq ) la.,mnwah sqani qlyan qutux tayal / squliq. iniʼ / ini kayal / kal mha imaʼ / ima qu hiya. si sbil qabang lru wayal / (wayal mshriq ) la.
Atayal_2863fb08-b90a-f011-bd65-00155db40116,resolved,,mnwah ta pqwasan biru shera / hrra.
Atayal_7c6b12f7-b80a-f011-bd65-00155db40116,resolved,,mopuw/mawpuw kawas maku la.
Atayal_3d483c9e-8a33-f011-8fad-000d3a8250a0,resolved,,mosa / mawsaʼ sakuʼ / saku hmbyat ramat qmayah.
Atayal_a3fa0203-b90a-f011-bd65-00155db40116,resolved,,mosa mhkangiʼ qu yayaʼ / yaya.
Atayal_5f6330aa-8a33-f011-8fad-000d3a8250a0,resolved,,mosa/mawsaʼ sakuʼ/saku hmbyat ramat qmayah.
Atayal_ab64fb08-b90a-f011-bd65-00155db40116,resolved,,mpangaʼ / mpanga suʼ / su yawaʼ / yawa musaʼ / musa suʼ / su lmamuʼ / mamu bmhziq / bhziq rgyax ga?
Atayal_aafa0203-b90a-f011-bd65-00155db40116,resolved,,mpitu / mpituʼ pgan ngta / ngtaʼ qu wal nya / nyaʼ rasun la.
Atayal_5a60fb08-b90a-f011-bd65-00155db40116,resolved,,mpitu qitun cyux maki thasaʼ / thasa.
Atayal_a56612f7-b80a-f011-bd65-00155db40116,resolved,,mpitu/mpituʼ pgan ngta/ngtaʼ qu wal nya/nyaʼ rasun la.
Atayal_f7b40afd-b80a-f011-bd65-00155db40116,resolved,,mplqwiʼ qu hlaqi hiya / hiyaʼ.
Atayal_f62132df-3543-d430-1af4-3a1c1c739238,resolved,,mpuw/mopuw/mawpuw sazing kawas nya la.
Atayal_6860fb08-b90a-f011-bd65-00155db40116,resolved,,mqalux huzil qasa ga kiʼan qmiciʼ hiʼ / hi nyaʼ / nya.
Atayal_91b30afd-b80a-f011-bd65-00155db40116,resolved,,mqalux qu cyaqung hiyaʼ / hiya.
Atayal_b5fa0203-b90a-f011-bd65-00155db40116,dropped,mqas myan / sami balay mgluw mqwas.,mqas myan / sami balay mgluw mqwas.
Atayal_b4fa0203-b90a-f011-bd65-00155db40116,resolved,,mqas saku balay mita / mitaʼ isu.
Atayal_0dfa0203-b90a-f011-bd65-00155db40116,dropped,mqnzyat / qngzyat / mqnzyat / mkaru balay mlikuy qasa.,mqnzyat / qngzyat / mqnzyat / mkaru balay mlikuy qasa.
Atayal_21fb0203-b90a-f011-bd65-00155db40116,dropped,"mqwalax la, iyat ku / sakuʼ baq / qbaq musa mcisal / mnaw / lmosay te / tay tanux.","mqwalax la, iyat ku / sakuʼ baq / qbaq musa mcisal / mnaw / lmosay te / tay tanux."
Atayal_e8f50203-b90a-f011-bd65-00155db40116,dropped,mqwas te / tay babaw qhuniq / qhoniq krryax qu qbhniq.,mqwas te / tay babaw qhuniq / qhoniq krryax qu qbhniq.
Atayal_c933b81e-e354-fe71-0ba1-3a19b0dd135a,resolved,,"msbisuw ga, laxi sʼurux bih kyahu qhuniq/qhoniq."
Atayal_e49b2bb0-8a33-f011-8fad-000d3a8250a0,dropped,"msmiʼ/mslʼuy iyal qu uru qani, yaqih qmahan.","msmiʼ/mslʼuy iyal qu uru qani, yaqih qmahan."
Atayal_92fb0203-b90a-f011-bd65-00155db40116,resolved,,mspat pgan phpah qu wal maku / makuʼ sbiq hiya / hiyaʼ.
Atayal_a96612f7-b80a-f011-bd65-00155db40116,resolved,,mspat pgan phpah qu wal maku/makuʼ sbiq hiya/hiyaʼ.
Atayal_a961fb08-b90a-f011-bd65-00155db40116,resolved,,mspat rumaʼ / ruma cyux maki qmayah.
Atayal_9c62fb08-b90a-f011-bd65-00155db40116,dropped,msqun / psqun taʼ / myan smqqas ryax squ htagan / hintgan / hintagan na yabaʼ / yaba.,msqun / psqun taʼ / myan smqqas ryax squ htagan / hintgan / hintagan na yabaʼ / yaba.
Atayal_529a0271-35fb-3c39-3971-3a19b0de7c09,resolved,,msqun sami kgabi ru mangay bingah/bengah.
Atayal_8cb10afd-b80a-f011-bd65-00155db40116,dropped,msrʼux sami / myan tay / te ʼzil.,msrʼux sami / myan tay / te ʼzil.
Atayal_69271af1-b80a-f011-bd65-00155db40116,dropped,msrʼux sami/myan tay/te ʼzil.,msrʼux sami/myan tay/te ʼzil.
Atayal_99fb0203-b90a-f011-bd65-00155db40116,resolved,,mstnaq ku tuqiy sinsiy heraʼ / sheraʼ.
Atayal_9cfb0203-b90a-f011-bd65-00155db40116,dropped,msuʼun / suʼun / msʼun balay qsyaʼ / qsya na kopuʼ / qhzi.,msuʼun / suʼun / msʼun balay qsyaʼ / qsya na kopuʼ / qhzi.
Atayal_249c2bb0-8a33-f011-8fad-000d3a8250a0,dropped,"mswat qwalax la, ana ku / kuʼ musa / musaʼ mʼzwi / mcisal tanux / ( mnaw tay tanux ) lga / lrwa ?","mswat qwalax la, ana ku / kuʼ musa / musaʼ mʼzwi / mcisal tanux / ( mnaw tay tanux ) lga / lrwa ?"
Atayal_f19b2bb0-8a33-f011-8fad-000d3a8250a0,dropped,msʼrux sami / myan tay / te ʼzil.,msʼrux sami / myan tay / te ʼzil.
Atayal_29fb0203-b90a-f011-bd65-00155db40116,resolved,,msʼunu / mʼunuw ga mqzinah ta mgyay musa tanux .
Atayal_ab6612f7-b80a-f011-bd65-00155db40116,resolved,,msʼunu/mʼunuw ga mqzinah ta mgyay musa tanux .
Atayal_5ff70203-b90a-f011-bd65-00155db40116,resolved,,"mtalah lukus makuʼ / maku ga, plqwiʼ lukus ssweʼ / ssway kneril hiyaʼ / hiya."
Atayal_48b40afd-b80a-f011-bd65-00155db40116,dropped,mtalah nqwaq na guruʼ / guru / ruguʼrugu qasaʼ / qasa .,mtalah nqwaq na guruʼ / guru / ruguʼrugu qasaʼ / qasa .
Atayal_3d152ac2-8a33-f011-8fad-000d3a8250a0,dropped,mtalah nqwaq na guruʼ/guru/ruguʼrugu qasaʼ/qasa .,mtalah nqwaq na guruʼ/guru/ruguʼrugu qasaʼ/qasa .
Atayal_376bfb08-b90a-f011-bd65-00155db40116,resolved,,"mtasaw balay insuna zik na kinryaxan, sblaq balay musa msngyaʼ / msngya lmosay."
Atayal_ad6612f7-b80a-f011-bd65-00155db40116,resolved,,"mtasaw balay insuna zik na kinryaxan, sblaq balay musa msngyaʼ/msngya lmosay."
Atayal_0cfc0203-b90a-f011-bd65-00155db40116,resolved,,"mteluq na guqoh / buqoh qani, yaqih niqun."
Atayal_16fc0203-b90a-f011-bd65-00155db40116,resolved,,mtnaq qu enpit / inpit naras myan soni / sawniʼ.
Atayal_17fc0203-b90a-f011-bd65-00155db40116,resolved,,"mtngi / mtngiʼ saku balay maniq la, iyat balay qwaʼun / kwaʼun maniq la ."
Atayal_1ffc0203-b90a-f011-bd65-00155db40116,resolved,,mtuliq qu sswe / ssway kneril la ?
Atayal_1ec6761c-6be7-7bbe-6c74-3a1c1c6f58a3,resolved,,mtzyu kawas sswe/ssway maku kneril la.
Atayal_0260fb08-b90a-f011-bd65-00155db40116,resolved,,mtzyu qabang cyux maki thasaʼ / thasa.
Atayal_cc5efb08-b90a-f011-bd65-00155db40116,dropped,mtzyuʼ pgan biruʼ bnaziy mu / makuʼ.,mtzyuʼ pgan biruʼ bnaziy mu / makuʼ.
Atayal_ae6612f7-b80a-f011-bd65-00155db40116,dropped,mtzyuʼ pgan biruʼ bnaziy mu/makuʼ.,mtzyuʼ pgan biruʼ bnaziy mu/makuʼ.
Atayal_a1fb0203-b90a-f011-bd65-00155db40116,resolved,,"mung kuʼ / ku keʼ / ke nya lga, msyaq sakuʼ la."
Atayal_3f484140-188d-2c2f-7f17-3a19b0e11ae3,resolved,,"mung/mong cikay/cikah ana cipuq hngzyang lga, mnkux ru mngungu mzzyuwaw la."
Atayal_1b63fb08-b90a-f011-bd65-00155db40116,dropped,musa / mosaʼ ku / sakuʼ / saku suxan la .,musa / mosaʼ ku / sakuʼ / saku suxan la .
Atayal_4af80203-b90a-f011-bd65-00155db40116,dropped,musa / musaʼ ku / sakuʼ / saku magal lukus maku.,musa / musaʼ ku / sakuʼ / saku magal lukus maku.
Atayal_415ffb08-b90a-f011-bd65-00155db40116,dropped,musa / musaʼ ku / sakuʼ mluw yaya / yayaʼ mbaziy palaʼ / pala kbalayun lukus.,musa / musaʼ ku / sakuʼ mluw yaya / yayaʼ mbaziy palaʼ / pala kbalayun lukus.
Atayal_daf80203-b90a-f011-bd65-00155db40116,dropped,musa / musaʼ saku / sakuʼ mcisal cikay sinsiy / sinsi mu / makuʼ.,musa / musaʼ saku / sakuʼ mcisal cikay sinsiy / sinsi mu / makuʼ.
Atayal_0af40203-b90a-f011-bd65-00155db40116,resolved,,musa saku hmobing / hmawbing bway pinbahu niqun taʼ kwaraʼ.
Atayal_62a27523-483a-b63a-d92e-3a19b0e1055e,resolved,,musa saku hmobing/hmawbing bway pinbahuw niqun ta kwara/kora.
Atayal_93fb0203-b90a-f011-bd65-00155db40116,dropped,musa saku mstanux / msquciʼ.,musa saku mstanux / msquciʼ.
Atayal_9b65748b-4399-c7c0-fd86-3a1bf334f190,resolved,,musa sami mcisal hugal/hogal ki rangi maku kira.
Atayal_9335b992-801c-cfc8-5541-3a1bf4fff98b,resolved,,musa ʼlwan inu qu kwara/kora mzzyuwaw na snyukan qani?
Atayal_4d64fb08-b90a-f011-bd65-00155db40116,dropped,musaʼ / hala kuʼ / saku cikay / cikah tanux haʼ / ha.,musaʼ / hala kuʼ / saku cikay / cikah tanux haʼ / ha.
Atayal_9464fb08-b90a-f011-bd65-00155db40116,dropped,musaʼ / musa kuʼ / ku / saku / sakuʼ uzi.,musaʼ / musa kuʼ / ku / saku / sakuʼ uzi.
Atayal_b45ffb08-b90a-f011-bd65-00155db40116,resolved,,musaʼ / musa pnep qulih kryax yabaʼ / yaba.
Atayal_b7f40203-b90a-f011-bd65-00155db40116,dropped,musaʼ / musa sakuʼ / saku qmalup / mlata rgyax mkaxaʼ / kaxa. phswa su isuʼ wah?,musaʼ / musa sakuʼ / saku qmalup / mlata rgyax mkaxaʼ / kaxa. phswa su isuʼ wah?
Atayal_7af90203-b90a-f011-bd65-00155db40116,resolved,,musaʼ / musa sami mhkaniʼ / mhkangi cikay misuw qani.
Atayal_57f80203-b90a-f011-bd65-00155db40116,resolved,,musaʼ ku maqut yabaʼ / yaba nanuʼ qu qayaʼ / qeqayaʼ qani hiya .
Atayal_b06612f7-b80a-f011-bd65-00155db40116,dropped,musaʼ/hala kuʼ/saku cikay/cikah tanux haʼ/ha.,musaʼ/hala kuʼ/saku cikay/cikah tanux haʼ/ha.
Atayal_b16612f7-b80a-f011-bd65-00155db40116,dropped,musaʼ/musa kuʼ/ku/saku/sakuʼ uzi.,musaʼ/musa kuʼ/ku/saku/sakuʼ uzi.
Atayal_5e483c9e-8a33-f011-8fad-000d3a8250a0,resolved,,musaʼ/musa sami mhkaniʼ/mhkangi cikay misuw qani.
Atayal_e0f80203-b90a-f011-bd65-00155db40116,resolved,,muwah sqani kira / kiraʼ qutux giqas na setoʼ mha ma.
Atayal_b26612f7-b80a-f011-bd65-00155db40116,resolved,,muwah sqani kira/kiraʼ qutux giqas na setoʼ mha ma.
Atayal_4ff70203-b90a-f011-bd65-00155db40116,dropped,muzit / miray turuy / turak / llgan qu yaba / yabaʼ ru rasun ku / sakuʼ nya / nyaʼ ru sswe mu kneril / knayril musa / musaʼ mcisan / mzuy / mnaw syaw bsilung.,muzit / miray turuy / turak / llgan qu yaba / yabaʼ ru rasun ku / sakuʼ nya / nyaʼ ru sswe mu kneril / knayril musa / musaʼ mcisan / mzuy / mnaw syaw bsilung.
Atayal_2363fb08-b90a-f011-bd65-00155db40116,resolved,,mwah mcisal / mkal ngasal muʼ / mu / makuʼ qu syuniʼ soni.
Atayal_0b9c2bb0-8a33-f011-8fad-000d3a8250a0,resolved,,mwah mcisal/mkal ngasal muʼ/mu/makuʼ qu syuniʼ soni.
Atayal_da5efb08-b90a-f011-bd65-00155db40116,dropped,mwah ngasal mu / makuʼ suxan qu hiya / hiyaʼ.,mwah ngasal mu / makuʼ suxan qu hiya / hiyaʼ.
Atayal_96b30afd-b80a-f011-bd65-00155db40116,dropped,mxal gʼnux / ʼnux mu / makuʼ.,mxal gʼnux / ʼnux mu / makuʼ.
Atayal_1bfb0203-b90a-f011-bd65-00155db40116,dropped,"mxal qu qoluʼ / qolu nya, ini qbaq mqum / qmtam nanu.","mxal qu qoluʼ / qolu nya, ini qbaq mqum / qmtam nanu."
Atayal_a064fb08-b90a-f011-bd65-00155db40116,resolved,,mxal yabaʼ / yaba yuhum mu sheraʼ / shera .
Atayal_b76612f7-b80a-f011-bd65-00155db40116,resolved,,mxal yabaʼ/yaba yuhum mu sheraʼ/shera .
Atayal_dc9b2bb0-8a33-f011-8fad-000d3a8250a0,dropped,"myan qani qicing / qyacing btunux ga, ini helaw kbkaʼ ki stmah / mshlax squ yupan behuy","myan qani qicing / qyacing btunux ga, ini helaw kbkaʼ ki stmah / mshlax squ yupan behuy"
Atayal_b86612f7-b80a-f011-bd65-00155db40116,dropped,"myulung/mkum kayal la, hazi usa ngasal la .","myulung/mkum kayal la, hazi usa ngasal la ."
Atayal_3f61fb08-b90a-f011-bd65-00155db40116,resolved,,"myup sa ʼbyan qu hiya, gmyah squ renkiʼ / rengkiʼ pilaw."
Atayal_bbaa4359-50a3-c89f-d57f-3a1b8b4f9a11,resolved,,"mʼuraw yal lukus su, ani kpiyux/kpzyux hazi thor qsya."
Atayal_de63fb08-b90a-f011-bd65-00155db40116,dropped,mʼuy balay / iyal mhkangi / mkaraw qu tka / tkaʼ / rangrang qani.,mʼuy balay / iyal mhkangi / mkaraw qu tka / tkaʼ / rangrang qani.
Atayal_b36612f7-b80a-f011-bd65-00155db40116,dropped,mʼuy balay/iyal mhkangi/mkaraw qu tka/tkaʼ /rangrang qani.,mʼuy balay/iyal mhkangi/mkaraw qu tka/tkaʼ /rangrang qani.
Atayal_49f80203-b90a-f011-bd65-00155db40116,resolved,,mʼuyay / mʼuzyay balay ktuʼ mu.
Atayal_e75efb08-b90a-f011-bd65-00155db40116,resolved,,"naga / nagʼ cikay / cikah, pkita ta rangi."
Atayal_b96612f7-b80a-f011-bd65-00155db40116,resolved,,"naga /nagʼ cikay/cikah, pkita ta rangi."
Atayal_2763fb08-b90a-f011-bd65-00155db40116,dropped,"nanu / mhani / mha nyux tehuk / tayhuk kwara / kwaraʼ qu squliq / ʼtayal lga, tʼaring / ʼringaw ta qu pslyan / pinslyan / ginlhoyan / inlhuyan ta / taʼ ma.","nanu / mhani / mha nyux tehuk / tayhuk kwara / kwaraʼ qu squliq / ʼtayal lga, tʼaring / ʼringaw ta qu pslyan / pinslyan / ginlhoyan / inlhuyan ta / taʼ ma."
Atayal_72c1bcf4-417c-56a2-c8b7-3a19b0df6d43,dropped,"nanu cyux su skayal ini maku pongi, krahu hazi hngzyang/sngyaʼan su.","nanu cyux su skayal ini maku pongi, krahu hazi hngzyang/sngyaʼan su."
Atayal_5eadb332-89ee-de39-08eb-3a1bf506d058,dropped,nanu ptasan/iro qu qsliq su balay?,nanu ptasan/iro qu qsliq su balay?
Atayal_3f64fb08-b90a-f011-bd65-00155db40116,resolved,,nanuʼ / nanu qu bbiruʼ / bbiru nyaʼ / nya qcyan yungay.
Atayal_6a271af1-b80a-f011-bd65-00155db40116,resolved,,nanuʼ cyux nyaʼ kyayan/km_yay/km_yak gleng ngasal .
Atayal_265ffb08-b90a-f011-bd65-00155db40116,resolved,,nanuʼ szyon / soyan su / suʼ maniq ?
Atayal_365ffb08-b90a-f011-bd65-00155db40116,resolved,,ngasal nhaʼ / nha qani hiya / hiyaʼ.
Atayal_4cb40afd-b80a-f011-bd65-00155db40116,resolved,,ngasal qani ga knalay nha hagaʼ / haga na btunux.
Atayal_75f90203-b90a-f011-bd65-00155db40116,dropped,nimaw / ʼmagan / sʼimaw nya tbihi phapuy trakis qu yaya.,nimaw / ʼmagan / sʼimaw nya tbihi phapuy trakis qu yaya.
Atayal_09fc0203-b90a-f011-bd65-00155db40116,resolved,,"nisan tnahuk / tnahok ayang qani, blaq mitaʼ / mita nbuw hala suʼ mtbos."
Atayal_b460fb08-b90a-f011-bd65-00155db40116,resolved,,nwah saku qmuling / qmulox qmatap snonux hera / shera.
Atayal_ba6612f7-b80a-f011-bd65-00155db40116,resolved,,nwah saku qmuling/qmulox qmatap snonux hera/shera.
Atayal_edf80203-b90a-f011-bd65-00155db40116,resolved,,nyux / cyux mhtuw byacing la.
Atayal_22fa0203-b90a-f011-bd65-00155db40116,dropped,nyux / kya mopuw / mpuw / mawpu qeru / mqeruʼ qabang sqani.,nyux / kya mopuw / mpuw / mawpu qeru / mqeruʼ qabang sqani.
Atayal_a9fa0203-b90a-f011-bd65-00155db40116,dropped,nyux / kya mpituʼ / mpitu phpah sqani.,nyux / kya mpituʼ / mpitu phpah sqani.
Atayal_affa0203-b90a-f011-bd65-00155db40116,dropped,nyux / kya mpusal qutux phpah sqani.,nyux / kya mpusal qutux phpah sqani.
Atayal_1efa0203-b90a-f011-bd65-00155db40116,dropped,nyux / kya mpuw / mopuw / mawpu kagang sqani.,nyux / kya mpuw / mopuw / mawpu kagang sqani.
Atayal_23fa0203-b90a-f011-bd65-00155db40116,dropped,nyux / kya mpuw / mopuw / mawpu qutux pyatu / pyatuʼ sqani.,nyux / kya mpuw / mopuw / mawpu qutux pyatu / pyatuʼ sqani.
Atayal_91fb0203-b90a-f011-bd65-00155db40116,dropped,nyux / kya mspat ngahiʼ / ngahi sqani.,nyux / kya mspat ngahiʼ / ngahi sqani.
Atayal_68ad28aa-957c-c30f-4c85-3a19b0dd3d09,resolved,,nyux magal qilis/qelis qu tari na kakay mu la.
Atayal_17062fc8-8a33-f011-8fad-000d3a8250a0,dropped,nyux maki / kya mqeru / mqeruʼ sehuy / sayhuy sqani.,nyux maki / kya mqeru / mqeruʼ sehuy / sayhuy sqani.
Atayal_d3b20afd-b80a-f011-bd65-00155db40116,resolved,,"nyux mblaq mtamaʼ / mtama sa babaw thekan hiya, ini usaʼ / usa ana ninuʼ."
Atayal_7863fb08-b90a-f011-bd65-00155db40116,dropped,"nyux mhngan balay la,yuti / yuci qu terebi .","nyux mhngan balay la,yuti / yuci qu terebi ."
Atayal_15f40203-b90a-f011-bd65-00155db40116,resolved,,nyux mhtuw hongu / honguʼ utux la.
Atayal_a662fb08-b90a-f011-bd65-00155db40116,dropped,nyux mnagaʼ / mnaga squ pslkawtas / smyus kwaraʼ / kwara qu qalang na Tayal.,nyux mnagaʼ / mnaga squ pslkawtas / smyus kwaraʼ / kwara qu qalang na Tayal.
Atayal_496330aa-8a33-f011-8fad-000d3a8250a0,dropped,nyux mnagaʼ/mnaga squ pslkawtas/smyus kwaraʼ/kwara qu qalang na Tayal.,nyux mnagaʼ/mnaga squ pslkawtas/smyus kwaraʼ/kwara qu qalang na Tayal.
Atayal_cac4c597-64db-f2ff-e423-3a1bf37ac85d,resolved,,"nyux mqwalax/mqolax la, nhe/nhi kzyopi ska ngasal qu rangi su!"
Atayal_a762fb08-b90a-f011-bd65-00155db40116,resolved,,nyux msngahuq / msngahoq qelis qani la.
Atayal_5e6712f7-b80a-f011-bd65-00155db40116,resolved,,nyux msngahuq/msngahoq qelis qani la.
Atayal_f4b40afd-b80a-f011-bd65-00155db40116,dropped,nyux mu / maku / makuʼ ʼlwan qu mintlqing uyuk / cikuy na ngyaw.,nyux mu / maku / makuʼ ʼlwan qu mintlqing uyuk / cikuy na ngyaw.
Atayal_099c2bb0-8a33-f011-8fad-000d3a8250a0,dropped,nyux mu/maku/makuʼ ʼlwan qu mintlqing uyuk/cikuy na ngyaw.,nyux mu/maku/makuʼ ʼlwan qu mintlqing uyuk/cikuy na ngyaw.
Atayal_32a570e6-116d-eeab-39e9-3a1bf245ffdb,dropped,nyux muwah mplaw maniq sapat msqun qu kwara/kora lpyung/pinqering myan.,nyux muwah mplaw maniq sapat msqun qu kwara/kora lpyung/pinqering myan.
Atayal_d95efb08-b90a-f011-bd65-00155db40116,resolved,,nyux mwah pqwasan biruʼ / biru soni / sawniʼ qu hiyaʼ / hiya.
Atayal_031e28ce-8a33-f011-8fad-000d3a8250a0,resolved,,nyux mwah pqwasan biruʼ/biru soni/sawniʼ qu hiyaʼ/hiya.
Atayal_325ffb08-b90a-f011-bd65-00155db40116,dropped,nyux mxal nguhu / nguhuw makuʼ / mu.,nyux mxal nguhu / nguhuw makuʼ / mu.
Atayal_bb60fb08-b90a-f011-bd65-00155db40116,dropped,nyux mxal qoluʼ / qawlu mu / maku.,nyux mxal qoluʼ / qawlu mu / maku.
Atayal_97fb0203-b90a-f011-bd65-00155db40116,dropped,nyux mʼuyay / kʼyayan balay / iyal ktuʼ / ktu mu / makuʼ cyux naʼ / maki na / kya thay / msthay mami ru / ki ramat mamu ga?,nyux mʼuyay / kʼyayan balay / iyal ktuʼ / ktu mu / makuʼ cyux naʼ / maki na / kya thay / msthay mami ru / ki ramat mamu ga?
Atayal_fbb40afd-b80a-f011-bd65-00155db40116,resolved,,nyux nyaʼ / nya htgun hmaliʼ / hmali nyaʼ / nya qu huzil / hozil qani.
Atayal_5064fb08-b90a-f011-bd65-00155db40116,resolved,,nyux rasun yaba qu mingyay na uyuk bzyok / bzywak .
Atayal_626712f7-b80a-f011-bd65-00155db40116,resolved,,nyux rasun yaba qu mingyay na uyuk bzyok/bzywak .
Atayal_4bb40afd-b80a-f011-bd65-00155db40116,resolved,,nyux saku / sakuʼ hmabuk habuk.
Atayal_94852956-baba-98ff-426c-3a19b0e239b9,resolved,,nyux saku maras ruku/luku mhtuw ngasal soni/sawni.
Atayal_10fa0203-b90a-f011-bd65-00155db40116,resolved,,nyux saku mnaga rangi maku / mu muwah ngasal mu / maku.
Atayal_3e5ffb08-b90a-f011-bd65-00155db40116,dropped,nyux sqani qu enpit / inpit su / suʼ gaw / ay / ki.,nyux sqani qu enpit / inpit su / suʼ gaw / ay / ki.
Atayal_646712f7-b80a-f011-bd65-00155db40116,dropped,nyux sqani qu enpit/inpit su/suʼ gaw/ay/ki.,nyux sqani qu enpit/inpit su/suʼ gaw/ay/ki.
Atayal_b062fb08-b90a-f011-bd65-00155db40116,resolved,,nyux sqani qu inpit / enpit su / suʼ.
Atayal_2162fb08-b90a-f011-bd65-00155db40116,resolved,,nyux su / suʼ rasun qu knalay su / suʼ hera / sheraʼ sinqruw ta / taʼ qulih qasa?
Atayal_7bf60203-b90a-f011-bd65-00155db40116,dropped,nyux ta khpah minuhi ta qzimux / lapaw la.,nyux ta khpah minuhi ta qzimux / lapaw la.
Atayal_7363fb08-b90a-f011-bd65-00155db40116,resolved,,nyux tbaziy / mtbaziy ngahi / ngahi sqani.
Atayal_46b20afd-b80a-f011-bd65-00155db40116,resolved,,nyux tmahuk ayang qu yabaʼ / yaba.
Atayal_5d60fb08-b90a-f011-bd65-00155db40116,resolved,,nyux tpaʼ / tqa sa qlwit mu qutux kperay.
Atayal_656712f7-b80a-f011-bd65-00155db40116,resolved,,nyux tpaʼ/tqa sa qlwit mu qutux kperay.
Atayal_666712f7-b80a-f011-bd65-00155db40116,dropped,nyux/kya mopuw/mpuw/mawpu qeru/mqeruʼ qabang sqani.,nyux/kya mopuw/mpuw/mawpu qeru/mqeruʼ qabang sqani.
Atayal_676712f7-b80a-f011-bd65-00155db40116,dropped,nyux/kya mpusal qutux phpah sqani.,nyux/kya mpusal qutux phpah sqani.
Atayal_686712f7-b80a-f011-bd65-00155db40116,dropped,nyux/kya mpuw/mopuw/mawpu kagang sqani.,nyux/kya mpuw/mopuw/mawpu kagang sqani.
Atayal_696712f7-b80a-f011-bd65-00155db40116,dropped,nyux/kya mpuw/mopuw/mawpu qutux pyatu/pyatuʼ sqani.,nyux/kya mpuw/mopuw/mawpu qutux pyatu/pyatuʼ sqani.
Atayal_425ffb08-b90a-f011-bd65-00155db40116,resolved,,"palaʼ / pala maki / makiʼ babaw hanray ga, bniq sakuʼ / saku ni yayaʼ / yaya."
Atayal_eab40afd-b80a-f011-bd65-00155db40116,resolved,,payat hbun nyaʼ / nya qu kacing hiʼyaʼ / hiya.
Atayal_1bf40203-b90a-f011-bd65-00155db40116,resolved,,payat hozil cyux maki tatak nyaʼ / nya.
Atayal_31b40afd-b80a-f011-bd65-00155db40116,dropped,pbahoq ku / saku / sakuʼ lukus gbyan / gegbyan.,pbahoq ku / saku / sakuʼ lukus gbyan / gegbyan.
Atayal_94b30afd-b80a-f011-bd65-00155db40116,dropped,pgluw saku / sakuʼ spat tmucing na kisya / kisyaʼ. aras ku / sakuʼ cikay tehuk / tayhuk squ eki / ekiʼ kisya / kisyaʼ ma / maʼ?,pgluw saku / sakuʼ spat tmucing na kisya / kisyaʼ. aras ku / sakuʼ cikay tehuk / tayhuk squ eki / ekiʼ kisya / kisyaʼ ma / maʼ?
Atayal_379276a9-b80a-f011-bd65-00155db40116,dropped,pgyah (pkut) suʼ knwah ktuʼ suʼ la?,pgyah (pkut) suʼ knwah ktuʼ suʼ la?
Atayal_b5a3db61-8550-4521-327c-3a1c1b9f9d16,resolved,,"pinbaqi magal qu soki, laxi agal qilis/qelis."
Atayal_61152ac2-8a33-f011-8fad-000d3a8250a0,dropped,"pinnuyaʼ myan qetun / qcyay ga, cyux mrkyas kwara la .","pinnuyaʼ myan qetun / qcyay ga, cyux mrkyas kwara la ."
Atayal_f9ce3996-a130-f011-8fad-000d3a8250a0,dropped,"pinnuyaʼ myan qetun / qlcyay ga, cyux mrkyas kwara la .","pinnuyaʼ myan qetun / qlcyay ga, cyux mrkyas kwara la ."
Atayal_face3996-a130-f011-8fad-000d3a8250a0,dropped,"pinnuyaʼ myan qetun/qlcyay ga, cyux mrkyas kwara la .","pinnuyaʼ myan qetun/qlcyay ga, cyux mrkyas kwara la ."
Atayal_a95ffb08-b90a-f011-bd65-00155db40116,resolved,,pipiʼ ga spiyang balay qbuci hiʼ / hi na kneril.
Atayal_ac5ffb08-b90a-f011-bd65-00155db40116,resolved,,pira / piraʼ hinnasan su / suʼ kinʼusuw nya / nyaʼ?
Atayal_1163fb08-b90a-f011-bd65-00155db40116,dropped,pira / piraʼ kawas sswe / ssweʼ su / suʼ mlikuy(kneril / ) ?,pira / piraʼ kawas sswe / ssweʼ su / suʼ mlikuy(kneril / ) ?
Atayal_ab5ffb08-b90a-f011-bd65-00155db40116,resolved,,pira / piraʼ kawas ssweʼ / ssway su / suʼ mlikuy?
Atayal_2e61fb08-b90a-f011-bd65-00155db40116,resolved,,pira / piraʼ pila / pilaʼ qu qutux qnapan / qaxan / qahan guqoh / ququh / buquh qani?
Atayal_aa5ffb08-b90a-f011-bd65-00155db40116,dropped,pira / piraʼ qhziʼ / kopu cuyx babaw hanray / lalan qasa?,pira / piraʼ qhziʼ / kopu cuyx babaw hanray / lalan qasa?
Atayal_ffb6c201-8be4-e669-0dd3-3a19b0e22230,resolved,,pira hi/he qutux ngasal mamu?
Atayal_ed63fb08-b90a-f011-bd65-00155db40116,dropped,pira tnucing / spun qu misuw qani la?,pira tnucing / spun qu misuw qani la?
Atayal_6a6712f7-b80a-f011-bd65-00155db40116,resolved,,pira/piraʼ pila/pilaʼ qu qutux qnapan/qaxan/qahan guqoh/ququh/buquh qani?
Atayal_53f80203-b90a-f011-bd65-00155db40116,dropped,piraʼ hiʼ / he qutux ngasan / ngasal mamu?,piraʼ hiʼ / he qutux ngasan / ngasal mamu?
Atayal_3461fb08-b90a-f011-bd65-00155db40116,resolved,,piyux balay qwayux nyaʼ / nya hlahuy qasa.
Atayal_1ff50203-b90a-f011-bd65-00155db40116,resolved,,piyux balay trakis cyux qsahuy khuʼ / khu.
Atayal_b05ffb08-b90a-f011-bd65-00155db40116,resolved,,pmuhiʼ / pmuhi sakuʼ / saku cingay phpah beh pqwasan biruʼ.
Atayal_0cfc26b6-8a33-f011-8fad-000d3a8250a0,resolved,,psbaqan yaya qu qbsuyan mu kneril son nanu ming qu qebuw pksos / pksyus ramat.
Atayal_b8dd6eaf-b80a-f011-bd65-00155db40116,resolved,,ptruʼ na btunux qu hbangan na turuy qasa ha. tetaʼ iniʼ pg_yax/pgiya musaʼ te luhi.
Atayal_fd5ffb08-b90a-f011-bd65-00155db40116,dropped,"pzyux / cingay llamuʼ / llamu na pagay, kya / cyux qutux qu puhut.","pzyux / cingay llamuʼ / llamu na pagay, kya / cyux qutux qu puhut."
Atayal_82b30afd-b80a-f011-bd65-00155db40116,resolved,,pzyux bway qhuniq nyaʼ / nya sqani.
Atayal_213900b3-c0ff-a4e3-fa61-3a1bf8c18a4f,resolved,,pzyux/piyux balay bhut/bhot nya te zik hlahuy.
Atayal_5fc4a44f-9c37-64e0-8461-3a1bf8aaca91,resolved,,"pzyux/piyux balay pinʼaras yaki mu knan qu sehuy/sayhuy, rasi ngasal ma."
Atayal_0f682cb4-60eb-c351-2319-3a1c1c4eaa6e,resolved,,pzyux/piyux balay qeqaya stbaziy nya qu bziran qani.
Atayal_26f209be-8ad3-aeb9-7c03-3a1bf8f3b719,resolved,,pzyux/piyux balay rangi nya qu laqi qani.
Atayal_80f90203-b90a-f011-bd65-00155db40116,dropped,qalux uyuk hozil qasa ga nisan balay mtgyah / mkbway roziq nya.,qalux uyuk hozil qasa ga nisan balay mtgyah / mkbway roziq nya.
Atayal_6f6712f7-b80a-f011-bd65-00155db40116,dropped,qalux uyuk hozil qasa ga nisan balay mtgyah/mkbway roziq nya.,qalux uyuk hozil qasa ga nisan balay mtgyah/mkbway roziq nya.
Atayal_53b20afd-b80a-f011-bd65-00155db40116,resolved,,qani ga bes / bays mu.
Atayal_0560fb08-b90a-f011-bd65-00155db40116,resolved,,qani ga enpit / inpit imaʼ ?
Atayal_9cb30afd-b80a-f011-bd65-00155db40116,resolved,,qani ga gayaʼ / gaya.
Atayal_3c5ffb08-b90a-f011-bd65-00155db40116,resolved,,qani ga hozil / huzil nya.
Atayal_eaf50203-b90a-f011-bd65-00155db40116,resolved,,qani ga kryax taʼ / ta qlyan
Atayal_2f5ffb08-b90a-f011-bd65-00155db40116,dropped,qani ga ngasal mu / makuʼ / maku.,qani ga ngasal mu / makuʼ / maku.
Atayal_3a61fb08-b90a-f011-bd65-00155db40116,resolved,,qani ga ramu na bzyok / bzywak.
Atayal_9f64fb08-b90a-f011-bd65-00155db40116,dropped,qani ga yabaʼ / yaba mu / makuʼ.,qani ga yabaʼ / yaba mu / makuʼ.
Atayal_f5b40afd-b80a-f011-bd65-00155db40116,resolved,,qasa ga cyux qutux hlahuy / lhlahuy.
Atayal_706712f7-b80a-f011-bd65-00155db40116,resolved,,qasa ga cyux qutux hlahuy/lhlahuy.
Atayal_4ff80203-b90a-f011-bd65-00155db40116,resolved,,qasa ga enpit / inpit maku.
Atayal_395ffb08-b90a-f011-bd65-00155db40116,resolved,,qasa ga nqwaq / ngqwaq.
Atayal_e1b20afd-b80a-f011-bd65-00155db40116,resolved,,qasa ga takan / btakan makuʼ.
Atayal_a861fb08-b90a-f011-bd65-00155db40116,resolved,,qasaʼ / qasa ga rukuʼ / ruku ni yutas.
Atayal_03062fc8-8a33-f011-8fad-000d3a8250a0,resolved,,qasaʼ/qasa ga rukuʼ/ruku ni yutas.
Atayal_57152ac2-8a33-f011-8fad-000d3a8250a0,dropped,qba nya ʼlaw ga ming qhziy / kopu ru ʼzil qba ga ming pyatu.,qba nya ʼlaw ga ming qhziy / kopu ru ʼzil qba ga ming pyatu.
Atayal_3f5ffb08-b90a-f011-bd65-00155db40116,dropped,qbsuyan mlikuy cyux muya / muhiʼ pʼnga / yong pagay te slaq.,qbsuyan mlikuy cyux muya / muhiʼ pʼnga / yong pagay te slaq.
Atayal_149c2bb0-8a33-f011-8fad-000d3a8250a0,dropped,qbsuyan mlikuy cyux muya/muhiʼ pʼnga/yong pagay te slaq.,qbsuyan mlikuy cyux muya/muhiʼ pʼnga/yong pagay te slaq.
Atayal_25e5a5af-18f4-24a3-eaf3-3a19b0dd8c25,resolved,,"qbsuyan/qsuyan mlikuy mhmut ga, siy qtuy qba nya ru mgyay la."
Atayal_5060fb08-b90a-f011-bd65-00155db40116,resolved,,qenu / qenuʼ qu biru / biruʼ maku / makuʼ?
Atayal_55f96f17-d77a-d743-a932-3a19b0e2150d,dropped,qenu qalang nya lpyung/pinqering su?,qenu qalang nya lpyung/pinqering su?
Atayal_6bd1ce09-f9cd-7246-6a41-3a1bb99e2327,resolved,,"qeri/qiri maniq, laxi ksazyux."
Atayal_994438a4-8a33-f011-8fad-000d3a8250a0,dropped,qhyaʼ / mqhyaʼ / mhqya ku balay smoyaʼ ku mnbuw qsyaʼ.,qhyaʼ / mqhyaʼ / mhqya ku balay smoyaʼ ku mnbuw qsyaʼ.
Atayal_54152ac2-8a33-f011-8fad-000d3a8250a0,dropped,qhyaʼ/mqhyaʼ/mhqya ku balay smoyaʼ ku mnbuw qsyaʼ.,qhyaʼ/mqhyaʼ/mhqya ku balay smoyaʼ ku mnbuw qsyaʼ.
Atayal_40152ac2-8a33-f011-8fad-000d3a8250a0,resolved,,qiri / qayriʼ maniq tbihiʼ aki slokah / sklawkah hiʼ.
Atayal_581dc0dd-fff4-f67a-7507-3a19b0e1b7ec,dropped,"qlʼi blihul, laxi kzyopi kwi/ka.","qlʼi blihul, laxi kzyopi kwi/ka."
Atayal_70f60203-b90a-f011-bd65-00155db40116,dropped,"qlʼiy blihun, laxi kyopi kwiʼ / kwi / kuy.","qlʼiy blihun, laxi kyopi kwiʼ / kwi / kuy."
Atayal_7e63fb08-b90a-f011-bd65-00155db40116,resolved,,qmayah qani nyuxʼ / nyux tmhyan thbuʼ / thbu ru qabang.
Atayal_b260fb08-b90a-f011-bd65-00155db40116,dropped,qmtux iyal / balay ramat qani.,qmtux iyal / balay ramat qani.
Atayal_4764fb08-b90a-f011-bd65-00155db40116,resolved,,qmuzit ku turuy sheraʼ / heraʼ mnwah saku mima kilux qsya Ulay.
Atayal_475befdf-296e-745b-0cd3-3a19b0e1f18e,dropped,qmuzit/miray turuy/turak/llgan qu yaba ru rasun ku/saku nya ki sswe mu kneril/knayril musa mcisal/mzwi/mnaw syaw bsilung.,qmuzit/miray turuy/turak/llgan qu yaba ru rasun ku/saku nya ki sswe mu kneril/knayril musa mcisal/mzwi/mnaw syaw bsilung.
Atayal_deb20afd-b80a-f011-bd65-00155db40116,resolved,,qnalup suʼ / su bqanux?
Atayal_1cf40203-b90a-f011-bd65-00155db40116,resolved,,qngzyat balay mtzywaw qu hzing hiyaʼ / hiya.
Atayal_95fb0203-b90a-f011-bd65-00155db40116,resolved,,"qnxan na msquq hiyaʼ ga, siki mtnaq lawkah / lokah msqutux inlungan."
Atayal_b84608bc-d917-a8b6-fc5f-3a19b0dfc7d3,resolved,,qnzyat mkbway qutux qutux kawas qu qhuniq/qhoniq qani.
Atayal_b85ffb08-b90a-f011-bd65-00155db40116,dropped,"qqalang Tayal ga, maki / kya kwara / kwaraʼ psaniq nha / nhaʼ.","qqalang Tayal ga, maki / kya kwara / kwaraʼ psaniq nha / nhaʼ."
Atayal_4bd1ef0b-9c3f-69f9-ab57-3a1bf56d7fe8,resolved,,qroq cikay/cikah tbusuk qasa.
Atayal_f03d4ff5-6cf6-8497-e02c-3a1bf56d7fed,dropped,qroq cikay/cikah turak/turuy/glgan qasa.,qroq cikay/cikah turak/turuy/glgan qasa.
Atayal_0360fb08-b90a-f011-bd65-00155db40116,resolved,,qroyux / qruyux balay qabay nyaʼ / nya mlikuy qasaʼ / qasa.
Atayal_dbb7ecbd-e270-61fb-5082-3a1b965a80e9,resolved,,"qroyux/qruzyux iyal kʼman na qmayah la, usa magal soki/sakit/sawki ʼsay ta kmut."
Atayal_c560fb08-b90a-f011-bd65-00155db40116,dropped,qsliq / szyon makuʼ balay pincwagun / tiywaw muʼ.,qsliq / szyon makuʼ balay pincwagun / tiywaw muʼ.
Atayal_4cf80203-b90a-f011-bd65-00155db40116,resolved,,qsuyan / qbsuyan kneril ga cyux mahuq / mahoq lukus.
Atayal_af62fb08-b90a-f011-bd65-00155db40116,resolved,,qsuyan mlikuy ga sʼagal nya patus puyuw na bzywak / bzyoq qasa.
Atayal_776712f7-b80a-f011-bd65-00155db40116,resolved,,qsuyan mlikuy ga sʼagal nya patus puyuw na bzywak/bzyoq qasa.
Atayal_fb6134c0-6688-05b3-200f-3a19b0e21f10,resolved,,"qsuyan/qbsuyan kneril ga, cyux mahuq lukus."
Atayal_d6b20afd-b80a-f011-bd65-00155db40116,dropped,qutux mqalux ru hopa / krahu na ngarux ga cyux maki sa bling na lxyux.,qutux mqalux ru hopa / krahu na ngarux ga cyux maki sa bling na lxyux.
Atayal_5260fb08-b90a-f011-bd65-00155db40116,resolved,,qutux qhoniq / qhuniq nyux makiʼ / maki sqni.
Atayal_c2a01b26-926f-091d-135c-3a19b0df9947,resolved,,"ragi/rʼagi saku cikay/cikah, ini saku thuyay qutux hi/he lmeliq/lmiliq qhuniq/qhoniq qani."
Atayal_c160fb08-b90a-f011-bd65-00155db40116,resolved,,ragiy / kragiy saku cikay usa magal qroyux / qruyux gasil cyux khuʼ / khu.
Atayal_6160fb08-b90a-f011-bd65-00155db40116,resolved,,ragiy sakuʼ cikay qmatap / qmarip rbar.
Atayal_9e5ffb08-b90a-f011-bd65-00155db40116,resolved,,"raral ga, paqiʼ / paqi pagay ga lomun nha ru sxiryo nha."
Atayal_ee1d28ce-8a33-f011-8fad-000d3a8250a0,resolved,,"raral maniq trakis ga, si ga lamaʼ smxuʼ / smʼxu trakis."
Atayal_a362fb08-b90a-f011-bd65-00155db40116,resolved,,"raral maniq trakis ga, si ga lamaʼ smʼxuʼ / smʼxu trakis."
Atayal_20f40203-b90a-f011-bd65-00155db40116,resolved,,rwa ima / imaʼ qu biru / biruʼ mtalah qani?
Atayal_ad61fb08-b90a-f011-bd65-00155db40116,dropped,ryax na hintgan / inbyaqan maku / makuʼ soni / sawniʼ.,ryax na hintgan / inbyaqan maku / makuʼ soni / sawniʼ.
Atayal_0e6812f7-b80a-f011-bd65-00155db40116,dropped,ryax na hintgan/inbyaqan maku/makuʼ soni/sawniʼ.,ryax na hintgan/inbyaqan maku/makuʼ soni/sawniʼ.
Atayal_ac61fb08-b90a-f011-bd65-00155db40116,resolved,,ryax soni / sawniʼ ga iyat balay kinqiriʼ ryax na qalang myan.
Atayal_e4052fc8-8a33-f011-8fad-000d3a8250a0,resolved,,rʼagiy / kragiy saku cikay usa magal qroyux / qruyux gasil cyux khuʼ / khu.
Atayal_dfb20afd-b80a-f011-bd65-00155db40116,resolved,,rʼagiy ku cikay / cikah magal qutux brbar ru qutux bbiru.
Atayal_d8b20afd-b80a-f011-bd65-00155db40116,resolved,,rʼsuw / usuw balay qu luhung / bluhung qani.
Atayal_3761fb08-b90a-f011-bd65-00155db40116,resolved,,rʼtung kwara tluling qba maku / makuʼ.
Atayal_46b40afd-b80a-f011-bd65-00155db40116,resolved,,rʼtung ru qthuy qoluʼ / qolu na bzyok / bzywak.
Atayal_3861fb08-b90a-f011-bd65-00155db40116,resolved,,rʼusuw balay qu hanray / lanlan qani.
Atayal_0c6812f7-b80a-f011-bd65-00155db40116,resolved,,rʼusuw balay qu hanray/lanlan qani.
Atayal_55483c9e-8a33-f011-8fad-000d3a8250a0,dropped,"sami / itaʼ ka qutux cingasal / ngasal hiya ga, siki ppgaluʼ / msgaluʼ / mggalu ru mrraw myan / sami / taʼ kwaraʼ / kwara .","sami / itaʼ ka qutux cingasal / ngasal hiya ga, siki ppgaluʼ / msgaluʼ / mggalu ru mrraw myan / sami / taʼ kwaraʼ / kwara ."
Atayal_44f80203-b90a-f011-bd65-00155db40116,resolved,,sawyan / sozyan balay na yayaʼ / yaya bnaziy / naziy nyaʼ / nya squ kaxaʼ / smkaxaʼ mʼibuh na lukus qasa.
Atayal_f85ffb08-b90a-f011-bd65-00155db40116,resolved,,say makuʼ / maku psbuq cikay buq na hzing ha.
Atayal_136812f7-b80a-f011-bd65-00155db40116,resolved,,say makuʼ/maku psbuq cikay buq na hzing ha.
Atayal_1dfc0203-b90a-f011-bd65-00155db40116,resolved,,"say mzyuw qutux sapeh, nyux mtuki / mtukiʼ ini baqi mhaw."
Atayal_b661fb08-b90a-f011-bd65-00155db40116,resolved,,sazing kbhul ghap wal galun qsuyan / qbsuyan mu.
Atayal_146812f7-b80a-f011-bd65-00155db40116,resolved,,sazing kbhul ghap wal galun qsuyan/qbsuyan mu.
Atayal_ba61fb08-b90a-f011-bd65-00155db40116,resolved,,sazing sehuy nyux sqaniʼ / sqani.
Atayal_2dfb0203-b90a-f011-bd65-00155db40116,resolved,,sbing / msbing balay niqun yutak qani ga bniq na rangi maku.
Atayal_2ffb0203-b90a-f011-bd65-00155db40116,resolved,,sgagay ta la rangi / rangiʼ maku.
Atayal_0f062fc8-8a33-f011-8fad-000d3a8250a0,dropped,shriq/pshriq sakuʼ/saku/ku kiraʼ/kira la.,shriq/pshriq sakuʼ/saku/ku kiraʼ/kira la.
Atayal_2762fb08-b90a-f011-bd65-00155db40116,resolved,,"si txan yaqih mspiʼ ska bengi / bzngi, nkux saku ini hoyay mʼabi la ."
Atayal_166812f7-b80a-f011-bd65-00155db40116,resolved,,"si txan yaqih mspiʼ ska bengi/bzngi, nkux saku ini hoyay mʼabi la ."
Atayal_2262fb08-b90a-f011-bd65-00155db40116,dropped,sinsiy（pkita nbu） / pbetaq / phgup qani ga qbsuyan naku.,sinsiy（pkita nbu） / pbetaq / phgup qani ga qbsuyan naku.
Atayal_176812f7-b80a-f011-bd65-00155db40116,dropped,sinsiy（pkita nbu）/pbetaq/phgup qani ga qbsuyan naku.,sinsiy（pkita nbu）/pbetaq/phgup qani ga qbsuyan naku.
Atayal_2462fb08-b90a-f011-bd65-00155db40116,resolved,,siqan balay qutux uyuk na huzil / hozil qani.
Atayal_31fb0203-b90a-f011-bd65-00155db40116,resolved,,"siy shyuʼ / mshzyuʼ musaʼ lga, tehok qu kyokay la."
Atayal_52b20afd-b80a-f011-bd65-00155db40116,resolved,,skaʼ bengi hera / shera kun ki hiya ga msqun myan mhkani musa ngasal .
Atayal_fb5ffb08-b90a-f011-bd65-00155db40116,resolved,,skbalay sakuʼ / saku ni yakiʼ qutux betunux / baytunux na ptrang snonux.
Atayal_1a6812f7-b80a-f011-bd65-00155db40116,resolved,,skbalay sakuʼ/saku ni yakiʼ qutux betunux/baytunux na ptrang snonux.
Atayal_77615253-c49d-05d1-7407-3a19b0e0222d,resolved,,skihuy na bkaroh/pkaruh/karuh qu uraw muhi ngahi ini ga sehuy/sayhuy.
Atayal_d2b20afd-b80a-f011-bd65-00155db40116,resolved,,skihuy na pkaruh / bkaruh qu uraw muhi ngahi / ngahiʼ iniʼ ga sekuy / sayhuy.
Atayal_2962fb08-b90a-f011-bd65-00155db40116,resolved,,skxal nyaʼ / nya balay skutaw nyaʼ / nya laqi qasa.
Atayal_8363fb08-b90a-f011-bd65-00155db40116,resolved,,skʼbaʼ sa qawluʼ / qoluʼ / qolu qu thrwan hiyaʼ.
Atayal_196812f7-b80a-f011-bd65-00155db40116,resolved,,skʼbaʼ sa qawluʼ/qoluʼ/qolu qu thrwan hiyaʼ.
Atayal_9e2767b5-b80a-f011-bd65-00155db40116,dropped,"slitun mamu slaq mamu? iniʼ mamu sliti lga, iyat (mamu) thyazyun mmikuy nyaʼ lʼay.","slitun mamu slaq mamu? iniʼ mamu sliti lga, iyat (mamu) thyazyun mmikuy nyaʼ lʼay."
Atayal_d8f50203-b90a-f011-bd65-00155db40116,dropped,slokah / klawkahan / klkahun makuʼ / maku balay kmugus na twasiʼ qu mʼuraw na lukus.,slokah / klawkahan / klkahun makuʼ / maku balay kmugus na twasiʼ qu mʼuraw na lukus.
Atayal_3562fb08-b90a-f011-bd65-00155db40116,resolved,,smbil kmal zyaw / zyuwaw na yaya wal su suqun kmalay lga ?
Atayal_1b6812f7-b80a-f011-bd65-00155db40116,resolved,,smbil kmal zyaw/zyuwaw na yaya wal su suqun kmalay lga ?
Atayal_3662fb08-b90a-f011-bd65-00155db40116,resolved,,smhngaʼ / smhnga sami squ tpuucing balay glgan na kisyaʼ.
Atayal_d2dd1fd4-8a33-f011-8fad-000d3a8250a0,resolved,,smiʼ toyah / tawyax te skutaw qu mlikuy sraral / raral hiyaʼ.
Atayal_f763fb08-b90a-f011-bd65-00155db40116,resolved,,smiʼ toyax / tawyax te skutaw qu mlikuy sraral / raral hiyaʼ.
Atayal_9762fb08-b90a-f011-bd65-00155db40116,dropped,smkaʼ / smka qabang nyux tay / te sqani.,smkaʼ / smka qabang nyux tay / te sqani.
Atayal_4fb20afd-b80a-f011-bd65-00155db40116,resolved,,smkaʼ / smka spung krryax glgan makuʼ / maku basuʼ musaʼ / musa mqwas biruʼ / biru.
Atayal_8ea00bd1-bd97-fc5e-f868-3a1c1abed459,resolved,,"smlalu laqi ga, kruma ga sʼagal nha lalu na bnkis nha, kruma ga sʼagal nha lalu na qqhuniq/qqhoniq."
Atayal_14062fc8-8a33-f011-8fad-000d3a8250a0,dropped,smoya / sawyan balay maniq qbsuyan / qsuyan ki / ru sswe / ssway kneril / knayril qu tomato / warang pnuya / tnuyaʼ / pinuhiʼ ni / na yaya / yayaʼ.,smoya / sawyan balay maniq qbsuyan / qsuyan ki / ru sswe / ssway kneril / knayril qu tomato / warang pnuya / tnuyaʼ / pinuhiʼ ni / na yaya / yayaʼ.
Atayal_54f70203-b90a-f011-bd65-00155db40116,dropped,smoya / smoyaʼ / blaq sami / myan musa / musaʼ lmngyaq squ syaw gong.,smoya / smoyaʼ / blaq sami / myan musa / musaʼ lmngyaq squ syaw gong.
Atayal_aa64fb08-b90a-f011-bd65-00155db40116,resolved,,smoya / smoyaʼ / smawyaʼ matas / matas biru yataʼ / yata mu.
Atayal_ca70c3a1-6d5c-62b8-3ef1-3a1bf1cc2792,resolved,,smoya balay maniq guquh/buquh qu yungay hiya.
Atayal_2761fb08-b90a-f011-bd65-00155db40116,dropped,smoya kuʼ / ku / sakuʼ / saku maniq qulih.,smoya kuʼ / ku / sakuʼ / saku maniq qulih.
Atayal_f0b40afd-b80a-f011-bd65-00155db40116,resolved,,smoya kuʼ / ku balay maniq hiʼ / hi syam ki qulih.
Atayal_3510b4b5-fcb3-f86c-39c1-3a19b0e069ca,resolved,,smoya maniq ngahi qu bzyok/bzywak maku.
Atayal_355ffb08-b90a-f011-bd65-00155db40116,resolved,,smoya maniq qulih qu ngyaw makuʼ / maku.
Atayal_d4dd1fd4-8a33-f011-8fad-000d3a8250a0,resolved,,smoya saku mita terebi / terebiy.
Atayal_7cf90203-b90a-f011-bd65-00155db40116,resolved,,smoya saku mita terebiʼ / terebi.
Atayal_2062fb08-b90a-f011-bd65-00155db40116,resolved,,smoyaʼ / smawyaʼ mgsinsi sinngusan nqu qbsuyan / qsuyan kneril / knayril.
Atayal_52f80203-b90a-f011-bd65-00155db40116,dropped,smoyaʼ / smawyaʼ sakuʼ / ku maniq mamiʼ / mami.,smoyaʼ / smawyaʼ sakuʼ / ku maniq mamiʼ / mami.
Atayal_22fb0203-b90a-f011-bd65-00155db40116,resolved,,smoyaʼ / smawyaʼ su mqwas ga ?
Atayal_9a62fb08-b90a-f011-bd65-00155db40116,resolved,,smoyaʼ / smoya ku mgluw cingasan msqun musaʼ mcisan.
Atayal_bc60fb08-b90a-f011-bd65-00155db40116,resolved,,smoyaʼ / smoya maniq qtahiʼ / qtahi qu qom.
Atayal_1c6812f7-b80a-f011-bd65-00155db40116,resolved,,smoyaʼ/smawyaʼ mgsinsi sinngusan nqu qbsuyan/qsuyan kneril/knayril.
Atayal_a462fb08-b90a-f011-bd65-00155db40116,dropped,smyax ru mtasaw balay snoman nya kopuʼ / qhzi .,smyax ru mtasaw balay snoman nya kopuʼ / qhzi .
Atayal_a862fb08-b90a-f011-bd65-00155db40116,resolved,,snhi / snhiʼ saku knayal nya ke qasa.
Atayal_4e64fb08-b90a-f011-bd65-00155db40116,dropped,snhyun myan cyux / kya balay maki qu son / sun utux.,snhyun myan cyux / kya balay maki qu son / sun utux.
Atayal_84b30afd-b80a-f011-bd65-00155db40116,resolved,,snoya maniq ngahiʼ / ngahi qu bzyk / bzywak makuʼ / maku.
Atayal_fc705915-c4ab-a8f5-aabc-3a19b0e072b9,resolved,,sobih/sawbih tehuk/tayhuk ryax na sqasan kawas la.
Atayal_ac62fb08-b90a-f011-bd65-00155db40116,resolved,,son nanu / nanuʼ gmyah / gmih qu blihun qani?
Atayal_1e6812f7-b80a-f011-bd65-00155db40116,resolved,,son nanu/nanuʼ gmyah/gmih qu blihun qani?
Atayal_3661fb08-b90a-f011-bd65-00155db40116,resolved,,"spung mnbuw qwaw, tmyaqih squ hiʼ / hi."
Atayal_1bf50203-b90a-f011-bd65-00155db40116,resolved,,sqon / squn ta kgabi / kgabiʼ.
Atayal_25f40203-b90a-f011-bd65-00155db40116,dropped,squn ta innoriʼ / pzimuʼ / tgalu.,squn ta innoriʼ / pzimuʼ / tgalu.
Atayal_9fc3e125-bc2d-8934-b019-3a1bf4cafeb7,dropped,squn ta mtzyuwaw suxan kuw/ma?,squn ta mtzyuwaw suxan kuw/ma?
Atayal_e9b20afd-b80a-f011-bd65-00155db40116,resolved,,"sraral ga, ini / iniʼ hmci muluw / mulu maniq bwax mami / mamiʼ. misuw / misu qani lga, spiyang balay nniqun la."
Atayal_2cf50203-b90a-f011-bd65-00155db40116,dropped,"sraral ga, kya kliʼ / kli nyaʼ / nya tay / te rgyax.","sraral ga, kya kliʼ / kli nyaʼ / nya tay / te rgyax."
Atayal_df1d28ce-8a33-f011-8fad-000d3a8250a0,resolved,,"sraral hiyaʼ / hiya maniq ga, siki kya syam ga smhuyaw squ hiʼ / hi."
Atayal_1f63fb08-b90a-f011-bd65-00155db40116,resolved,,"sraral hiyaʼ / hiya maniq ga, siki kya syam ga smhuzyay squ hiʼ / hi."
Atayal_33f50203-b90a-f011-bd65-00155db40116,resolved,,sswe / ssweʼ mlikuy ga nanu / nanuʼ cyux nya mulun kmat nqwaq?
Atayal_18fa0203-b90a-f011-bd65-00155db40116,dropped,sswe mlikuy ga mngunguʼ / mngungu mtbuci qutux hiʼ / he maki ngasal.,sswe mlikuy ga mngunguʼ / mngungu mtbuci qutux hiʼ / he maki ngasal.
Atayal_8163fb08-b90a-f011-bd65-00155db40116,dropped,sswe mlikuy ga tqohun nya balay mbzyaq glgan musa mstanux / thmoq / mita kayal.,sswe mlikuy ga tqohun nya balay mbzyaq glgan musa mstanux / thmoq / mita kayal.
Atayal_236812f7-b80a-f011-bd65-00155db40116,dropped,sswe mlikuy ga tqohun nya balay mbzyaq glgan musa mstanux/thmoq/mita kayal.,sswe mlikuy ga tqohun nya balay mbzyaq glgan musa mstanux/thmoq/mita kayal.
Atayal_2562fb08-b90a-f011-bd65-00155db40116,dropped,sswe mu mlikuy ga ragan nya yaki magal gitu / sisiy bboqan qwaw.,sswe mu mlikuy ga ragan nya yaki magal gitu / sisiy bboqan qwaw.
Atayal_45bbb1f4-1313-ad92-7341-3a19b0e1c174,resolved,,"sswe/ssway maku kneril ga, qsʼun nya qmwax kyawan ru son nya phapuy mami."
Atayal_2d730089-a5e7-18db-e30b-3a19b0e0efe9,resolved,,sswe/ssway mlikuy wal hmibaw gasil/wasil mu la.
Atayal_dbf50203-b90a-f011-bd65-00155db40116,dropped,ssweʼ / sswe mlikuy nyux kmyuh / qmihuy qutux betunux na btunux syaw muʼ.,ssweʼ / sswe mlikuy nyux kmyuh / qmihuy qutux betunux na btunux syaw muʼ.
Atayal_9e64fb08-b90a-f011-bd65-00155db40116,resolved,,ssweʼ mlikuy ga smoya / smawyaʼ maniq ayang wayay.
Atayal_3961fb08-b90a-f011-bd65-00155db40116,resolved,,stmwan cikah / cikay ni yaya / yayaʼ qu tnahuk nya / nyaʼ ramat.
Atayal_1463fb08-b90a-f011-bd65-00155db40116,resolved,,stukun makuʼ / maku squ zinaw kwaraʼ / kwara qu thay na ayang.
Atayal_ebb40afd-b80a-f011-bd65-00155db40116,dropped,stuyoq qu horaq / hehuy na qwaluʼ / qoluʼ qolu hiyaʼ / hiya.,stuyoq qu horaq / hehuy na qwaluʼ / qoluʼ qolu hiyaʼ / hiya.
Atayal_81152ac2-8a33-f011-8fad-000d3a8250a0,dropped,stuyoq qu horaq/hehuy na qawluʼ/qoluʼ qolu hiyaʼ/hiya.,stuyoq qu horaq/hehuy na qawluʼ/qoluʼ qolu hiyaʼ/hiya.
Atayal_246812f7-b80a-f011-bd65-00155db40116,dropped,stuyoq qu horaq/hehuy na qwaluʼ/qoluʼ qolu hiyaʼ/hiya.,stuyoq qu horaq/hehuy na qwaluʼ/qoluʼ qolu hiyaʼ/hiya.
Atayal_60f80203-b90a-f011-bd65-00155db40116,resolved,,swa cyux mbuloq / mbuluk roziq na huzil qasa la.
Atayal_f82a7158-9e04-a9c9-3fbb-3a19b0e232b3,dropped,swa cyux mbuluq/mzitux roziq na huzil/hozil qasa la.,swa cyux mbuluq/mzitux roziq na huzil/hozil qasa la.
Atayal_dcc33da3-01a5-74fa-b7dc-3a1bff52523b,resolved,,swa nyux mnkum balay ska ngasal? gyahi/gehi cikay/cikah tubung.
Atayal_c760fb08-b90a-f011-bd65-00155db40116,resolved,,swa piyux balay qtahiʼ / qtahi cyux sakaw mu la?
Atayal_ed3eff22-b6d8-74a6-858f-3a1bf5975e03,dropped,"swa su iyal qelang/qilang, qpul cikay/cikah rhzyal/rhiyal qu kakay/kuzih su ga.","swa su iyal qelang/qilang, qpul cikay/cikah rhzyal/rhiyal qu kakay/kuzih su ga."
Atayal_2d5ffb08-b90a-f011-bd65-00155db40116,resolved,,swaʼ / swa iniʼ / ini hngaw ngarngar mtux qu huzil. iniʼ / ini kya tayal cyux tanux ga?
Atayal_1c63fb08-b90a-f011-bd65-00155db40116,dropped,swaʼ kya / makiʼ qtahiʼ nyaʼ sakaw?,swaʼ kya / makiʼ qtahiʼ nyaʼ sakaw?
Atayal_71f90203-b90a-f011-bd65-00155db40116,resolved,,swaʼ mhuziq / mhoziq qu lukus maku.
Atayal_9a64fb08-b90a-f011-bd65-00155db40116,resolved,,swaʼ nyux mstmaq warang qaniʼ / qani.
Atayal_726912f7-b80a-f011-bd65-00155db40116,resolved,,swaʼ/swa iniʼ/ini hngaw ngarngar mtux qu huzil. iniʼ/ini kya tayal cyux tanux ga?
Atayal_20f50203-b90a-f011-bd65-00155db40116,dropped,syun tay / te khuʼ / ku smkuʼ qu kinlux na trakis .,syun tay / te khuʼ / ku smkuʼ qu kinlux na trakis .
Atayal_6bf60203-b90a-f011-bd65-00155db40116,dropped,sʼagal nya ttucing ki kugiʼ / loai kblayun nya qu minhiriq na thekan.,sʼagal nya ttucing ki kugiʼ / loai kblayun nya qu minhiriq na thekan.
Atayal_a25ffb08-b90a-f011-bd65-00155db40116,dropped,sʼagal nyaʼ yasam / patut smqaw qhuniq.,sʼagal nyaʼ yasam / patut smqaw qhuniq.
Atayal_116812f7-b80a-f011-bd65-00155db40116,dropped,sʼagal nyaʼ yasam/patut smqaw qhuniq.,sʼagal nyaʼ yasam/patut smqaw qhuniq.
Atayal_a364fb08-b90a-f011-bd65-00155db40116,dropped,sʼnun / llungun suʼ / su balay yakiʼ / yaki suʼ / su la?,sʼnun / llungun suʼ / su balay yakiʼ / yaki suʼ / su la?
Atayal_f263fb08-b90a-f011-bd65-00155db40116,resolved,,tawkan / tokan na qbsuyan / qsuyan mlikuy qasa hiyaʼ / hiya.
Atayal_7b63fb08-b90a-f011-bd65-00155db40116,dropped,thasa / sqasa / te hasa ga ngasal mu.,thasa / sqasa / te hasa ga ngasal mu.
Atayal_0860fb08-b90a-f011-bd65-00155db40116,resolved,,thekan su qasaʼ / qasa hiya?
Atayal_63a53b29-8bea-2faf-b462-3a19b0df3f74,resolved,,tlami cikay/cikah kmal/kmayal.
Atayal_bba86c78-6583-4155-a656-3a1bff6587fa,resolved,,tlami cikay/cikah maniq pinpuyan maku ha.
Atayal_11ae0afd-b80a-f011-bd65-00155db40116,resolved,,tlamiy cikay kmal/kmayal.
Atayal_1df40203-b90a-f011-bd65-00155db40116,dropped,tltuʼ / hzyaq balay qsyaʼ qani.,tltuʼ / hzyaq balay qsyaʼ qani.
Atayal_009c2bb0-8a33-f011-8fad-000d3a8250a0,resolved,,tltuʼ / mtltu balay qu qbaʼ suʼ.
Atayal_01de1fd4-8a33-f011-8fad-000d3a8250a0,resolved,,tltuʼ/mtltu balay qu qbaʼ suʼ.
Atayal_e363fb08-b90a-f011-bd65-00155db40116,resolved,,tmahuk / tmahok ni yaya qu ramat ga blaq balay niqun la.
Atayal_0760fb08-b90a-f011-bd65-00155db40116,resolved,,tmahuk ayang qaraw bqniʼ pnbwan sakuʼ / saku na yayaʼ / yaya makuʼ.
Atayal_e763fb08-b90a-f011-bd65-00155db40116,dropped,tmasoq syunaw / lhengiy qu pcyuwagun.,tmasoq syunaw / lhengiy qu pcyuwagun.
Atayal_756912f7-b80a-f011-bd65-00155db40116,dropped,tmasoq syunaw/lhengiy qu pcyuwagun.,tmasoq syunaw/lhengiy qu pcyuwagun.
Atayal_cd4117da-8a33-f011-8fad-000d3a8250a0,dropped,tmqnzyat / qngzyat / mkaru / mkaruʼ balay kneril qani.,tmqnzyat / qngzyat / mkaru / mkaruʼ balay kneril qani.
Atayal_5c152ac2-8a33-f011-8fad-000d3a8250a0,resolved,,tnaq balay qinlwaxan / (qwalax qinlwaxan) nya la.
Atayal_c5e376f5-57c2-2f49-5c77-3a19b0e4e096,resolved,,tokan/tawkan na qbsuyan/qsuyan mlikuy qasa hiya.
Atayal_4ada5245-afaa-0bd1-00b9-3a19b0e157fe,resolved,,"tpru kwara/kora qu kisya suxan la, baha hmswa muwah behuy ma."
Atayal_ecb40afd-b80a-f011-bd65-00155db40116,resolved,,tqilis hekuʼ / heku mu mbbaʼ / mʼba ru mkilux.
Atayal_3864fb08-b90a-f011-bd65-00155db40116,resolved,,"trakis hiya / hiyaʼ ga, piyang balay na nniqun binkesan / kinbkaysan ta / taʼ sraral."
Atayal_4364fb08-b90a-f011-bd65-00155db40116,resolved,,trang mtzywaw ga spanga turu ni yaya nyaʼ / nya laqi qasa.
Atayal_3b64fb08-b90a-f011-bd65-00155db40116,resolved,,tryung qasa ga miyan na kʼaba qba kinhopa nyaʼ / nya.
Atayal_4464fb08-b90a-f011-bd65-00155db40116,resolved,,tuyoq kwara lukus nyaʼ / nya.
Atayal_4a64fb08-b90a-f011-bd65-00155db40116,dropped,"ungat enpit / bbiru makuʼ / mu, ana sakuʼ / saku ksyugan kuw?","ungat enpit / bbiru makuʼ / mu, ana sakuʼ / saku ksyugan kuw?"
Atayal_4964fb08-b90a-f011-bd65-00155db40116,dropped,ungat qu lukuʼ / rukuʼ makuʼ / mu.,ungat qu lukuʼ / rukuʼ makuʼ / mu.
Atayal_0bfcc6ca-3b7d-0fe2-10a0-3a19b0de1406,dropped,"ungat qu qsya la, kiʼ a cyux sʼutan knol/gomu/gumu la.","ungat qu qsya la, kiʼ a cyux sʼutan knol/gomu/gumu la."
Atayal_6863fb08-b90a-f011-bd65-00155db40116,dropped,"ungat qu qysa la, kiʼ a cyux sʼutan knol / gomuʼ / gumuʼ la.","ungat qu qysa la, kiʼ a cyux sʼutan knol / gomuʼ / gumuʼ la."
Atayal_7a6912f7-b80a-f011-bd65-00155db40116,dropped,"ungat qu qysa la, kiʼ a cyux sʼutan knol/gomuʼ/gumuʼ la.","ungat qu qysa la, kiʼ a cyux sʼutan knol/gomuʼ/gumuʼ la."
Atayal_4161fb08-b90a-f011-bd65-00155db40116,resolved,,ungat qu rmeʼ / rme ta ita hiya.
Atayal_144c6afd-fa45-c7f6-1a86-3a1bf5387bc6,resolved,,usa magal gasil/wasil qthuy hazi.
Atayal_3564fb08-b90a-f011-bd65-00155db40116,dropped,usaʼ maziy / mbaziy thuyu / toyuw squ syubay sun sakuʼ / saku na yayaʼ / yaya.,usaʼ maziy / mbaziy thuyu / toyuw squ syubay sun sakuʼ / saku na yayaʼ / yaya.
Atayal_025d6eb4-17f5-f800-a137-3a19b0dc9a21,resolved,,uwah cinrqyas cikay/cikah suxan?
Atayal_4f64fb08-b90a-f011-bd65-00155db40116,dropped,"uwah sqani, nyux misu sʼbing / shriq qutux tman.","uwah sqani, nyux misu sʼbing / shriq qutux tman."
Atayal_8e946bef-debf-f452-b62f-3a19b0e228e6,dropped,"wahan ku nya matuk yaya ngta, baha mswa mquriq ku bazing/bgax ngta.","wahan ku nya matuk yaya ngta, baha mswa mquriq ku bazing/bgax ngta."
Atayal_9764fb08-b90a-f011-bd65-00155db40116,resolved,,"wakil qasa ga, ppanga / ppangaʼ taʼ / ta yawa / yawaʼ."
Atayal_baf40203-b90a-f011-bd65-00155db40116,dropped,wal / wayal kbalay qnryang / qnalang te / tay qmayah qu yabaʼ / yaba.,wal / wayal kbalay qnryang / qnalang te / tay qmayah qu yabaʼ / yaba.
Atayal_1cf50203-b90a-f011-bd65-00155db40116,dropped,wal kmut / smʼung kgiy qu yayaʼ / yaya.,wal kmut / smʼung kgiy qu yayaʼ / yaya.
Atayal_174217da-8a33-f011-8fad-000d3a8250a0,dropped,wal kmut/smʼung kgiy qu yayaʼ/yaya.,wal kmut/smʼung kgiy qu yayaʼ/yaya.
Atayal_0e60fb08-b90a-f011-bd65-00155db40116,dropped,wal lmngyaq / mlngyaq sa llyung / syaw llyung qu qbsuyan / qsuyan mlikuy.,wal lmngyaq / mlngyaq sa llyung / syaw llyung qu qbsuyan / qsuyan mlikuy.
Atayal_25fb0203-b90a-f011-bd65-00155db40116,dropped,wal magal kneril / knayril hera / heraʼ / shiraʼ mrhuw mu / muʼ / makuʼla.,wal magal kneril / knayril hera / heraʼ / shiraʼ mrhuw mu / muʼ / makuʼla.
Atayal_72f60203-b90a-f011-bd65-00155db40116,resolved,,wal makuʼ / maku sbuling qu kyahil bzywak / bzyok qasa la.
Atayal_fb710359-7d88-4cb9-261e-3a1bf3a283af,resolved,,wal mbzyaq qu wagi/wawi la!
Atayal_34d0e632-6fa5-f48f-bfe4-3a1bf95882ac,resolved,,wal mbzyaq te uruw rgyax qu wagi/wawi la.
Atayal_7063fb08-b90a-f011-bd65-00155db40116,resolved,,wal mhotaw tatu na sswe mu pintacing nyaʼ / nya.
Atayal_436330aa-8a33-f011-8fad-000d3a8250a0,resolved,,wal mlakaʼ/mlaka tkaraʼ/tkara la.
Atayal_7663fb08-b90a-f011-bd65-00155db40116,dropped,wal mshutaw / mhotaw te / tay pqwasan biruʼ qu inpit / enpit makuʼ.,wal mshutaw / mhotaw te / tay pqwasan biruʼ qu inpit / enpit makuʼ.
Atayal_b760fb08-b90a-f011-bd65-00155db40116,dropped,"wal nya / nyaʼ galun kwara / galun kwaraʼ lukus maki / mnaki / pnugi / tay tanux, lequn nya / nyaʼ qmuzyup ru syun nya sakaw / babaw sakaw / tay babaw sakaw kwara / kwaraʼ.","wal nya / nyaʼ galun kwara / galun kwaraʼ lukus maki / mnaki / pnugi / tay tanux, lequn nya / nyaʼ qmuzyup ru syun nya sakaw / babaw sakaw / tay babaw sakaw kwara / kwaraʼ."
Atayal_99b30afd-b80a-f011-bd65-00155db40116,resolved,,wal nya hirun yaqih na gamil qhoniq / qhuniq .
Atayal_7d6912f7-b80a-f011-bd65-00155db40116,dropped,"wal nya/nyaʼ galun kwara/galun kwaraʼ lukus maki/mnaki/ pnugi/tay tanux, lequn nya/nyaʼ qmuzyup ru syun nya sakaw/babaw sakaw/tay babaw sakaw kwara/kwaraʼ.","wal nya/nyaʼ galun kwara/galun kwaraʼ lukus maki/mnaki/ pnugi/tay tanux, lequn nya/nyaʼ qmuzyup ru syun nya sakaw/babaw sakaw/tay babaw sakaw kwara/kwaraʼ."
Atayal_4d450fe0-8a33-f011-8fad-000d3a8250a0,dropped,wal nyaʼ / nya lomun / lawmun kucu / yamil / gyamil na paris.,wal nyaʼ / nya lomun / lawmun kucu / yamil / gyamil na paris.
Atayal_a05ffb08-b90a-f011-bd65-00155db40116,dropped,wal nyaʼ / nya lomun / lawmun kucu / yamil / zyamil na paris.,wal nyaʼ / nya lomun / lawmun kucu / yamil / zyamil na paris.
Atayal_df5efb08-b90a-f011-bd65-00155db40116,resolved,,wal rasun ni sswe / ssweʼ / ssway mlikuy qu mzimal btunux.
Atayal_ebf50203-b90a-f011-bd65-00155db40116,resolved,,wal rasun ssweʼ / sswe mlikuy ksipaʼ / ksipa la.
Atayal_5164fb08-b90a-f011-bd65-00155db40116,resolved,,wal rasun yayaʼ / yaya nyaʼ / nya uyuk huzil .
Atayal_7e6912f7-b80a-f011-bd65-00155db40116,resolved,,wal rasun yayaʼ/yaya nyaʼ/nya uyuk huzil .
Atayal_3b61fb08-b90a-f011-bd65-00155db40116,resolved,,wal smiʼ rangay rgyax qu mamaʼ / mama.
Atayal_2af50203-b90a-f011-bd65-00155db40116,resolved,,wal su klama / klamaʼ la?
Atayal_daf50203-b90a-f011-bd65-00155db40116,dropped,wal suʼ / su ktan kmutang / mmutang yamil / kucyuʼ ru kabang makuʼ / maku maki / makiʼ syaw blihun?,wal suʼ / su ktan kmutang / mmutang yamil / kucyuʼ ru kabang makuʼ / maku maki / makiʼ syaw blihun?
Atayal_5af80203-b90a-f011-bd65-00155db40116,resolved,,wal suʼ / su suqun mtzywaw / mtzyaw kwara / kwaraʼ sinbilan pcwagun na yayaʼ lga?
Atayal_14fc0203-b90a-f011-bd65-00155db40116,dropped,wal tmutu mznga mtlom / msuling na qhoniq te rgyax nha.,wal tmutu mznga mtlom / msuling na qhoniq te rgyax nha.
Atayal_e6b20afd-b80a-f011-bd65-00155db40116,resolved,,wal tqihun / thriqun qsuyan makuʼ mlikuy qu buliʼ / buli na yutas la.
Atayal_3d61fb08-b90a-f011-bd65-00155db40116,resolved,,wal tqilisan qaraʼ / qara qhoniq rapal sswe kneril.
Atayal_7f6912f7-b80a-f011-bd65-00155db40116,dropped,wal/wayal kbalay qnryang/qnalang te/tay qmayah qu yabaʼ/yaba.,wal/wayal kbalay qnryang/qnalang te/tay qmayah qu yabaʼ/yaba.
Atayal_a7f40203-b90a-f011-bd65-00155db40116,resolved,,wayal magal iyuʼ / zyuʼ qu yaba.
Atayal_ff5ffb08-b90a-f011-bd65-00155db40116,resolved,,wayal nya hirun mbuqax na puqing qhuniq / qhoniq la.
Atayal_fffb26b6-8a33-f011-8fad-000d3a8250a0,resolved,,yaba ga magal piyux / piyux balay rumaʼ / rima ru qhuniq pnahuʼ nya puniq.
Atayal_b15ffb08-b90a-f011-bd65-00155db40116,resolved,,yaba ga magal piyux / pizyux balay rumaʼ / rima ru qhuniq pnahuʼ nya puniq.
Atayal_fe783a04-aa47-4e1c-d143-3a19b0e1fb39,resolved,,"yaba ga qmuzit turak/turuy shera, rasun sami nya lmosay bziran/bbiran."
Atayal_3ab40afd-b80a-f011-bd65-00155db40116,resolved,,yaba ga sgaluʼ / gmalu sami nya balay.
Atayal_3762fb08-b90a-f011-bd65-00155db40116,dropped,yaba mu cyux smiʼ sguyuʼ / kobuʼ kmyap / kmzyap qulih ru kbolung.,yaba mu cyux smiʼ sguyuʼ / kobuʼ kmyap / kmzyap qulih ru kbolung.
Atayal_6e271af1-b80a-f011-bd65-00155db40116,dropped,yaba mu cyux smiʼ sguyuʼ/kobuʼ kmyap/kmzyap qulih ru kbolung.,yaba mu cyux smiʼ sguyuʼ/kobuʼ kmyap/kmzyap qulih ru kbolung.
Atayal_a264fb08-b90a-f011-bd65-00155db40116,dropped,yabux kwara hiʼ / hi nyaʼ / nya mtzyaw yaba mu / makuʼ / maku.,yabux kwara hiʼ / hi nyaʼ / nya mtzyaw yaba mu / makuʼ / maku.
Atayal_4cf70203-b90a-f011-bd65-00155db40116,resolved,,"yaki / yakiʼ ga, cingay balay lkus nya / nyaʼ."
Atayal_f863fb08-b90a-f011-bd65-00155db40116,resolved,,"yaki / yakiʼ makuʼ / maku ga, cyux kbalay giqas na toyax / tawyax sbiq nyaʼ yutas."
Atayal_4930e146-a2db-c5e7-40eb-3a19b0df450a,resolved,,"yaki, gyahi/gehi cikay/cikah blihul su ha, sami ga Lesa ki Ciwas."
Atayal_d45efb08-b90a-f011-bd65-00155db40116,dropped,yan na wal pongan / mung nanu hngzyang ?,yan na wal pongan / mung nanu hngzyang ?
Atayal_28f50203-b90a-f011-bd65-00155db40116,resolved,,"yani cyux tkiʼan bqanux la, baha hmswaʼ hopa balay ktan qu qtuʼ / ktuʼ nya."
Atayal_7b7c956c-4923-7198-c347-3a19b0e117bf,resolved,,"yaqih qsliq qolu ni yutas, aki mnbuw cikay/cikah qsya. ani saku magal qsya ma yutas."
Atayal_2d6812f7-b80a-f011-bd65-00155db40116,dropped,"yaqih qu kakaypara/Zitensya maku la,","yaqih qu kakaypara/Zitensya maku la,"
Atayal_c460fb08-b90a-f011-bd65-00155db40116,dropped,yaqih qu qsliq yan / miya qani.,yaqih qu qsliq yan / miya qani.
Atayal_836912f7-b80a-f011-bd65-00155db40116,dropped,yaqih qu qsliq yan/miya qani.,yaqih qu qsliq yan/miya qani.
Atayal_80f60203-b90a-f011-bd65-00155db40116,resolved,,yaya ga cyux ʼmbuw layan skaʼ / ska na pyatuʼ / pyatu.
Atayal_846912f7-b80a-f011-bd65-00155db40116,resolved,,yaya ga cyux ʼmbuw layan skaʼ/ska na pyatuʼ/pyatu.
Atayal_4064fb08-b90a-f011-bd65-00155db40116,resolved,,"yaya mu ga, magal aburaʼ / abura ru qwaw sksos nyaʼ / nya tumaw bzyok / bzywak."
Atayal_d9b20afd-b80a-f011-bd65-00155db40116,dropped,"yayaʼ / yaya ga, magal blukuʼ kmzyay pagay te / tay tanux ngasal.","yayaʼ / yaya ga, magal blukuʼ kmzyay pagay te / tay tanux ngasal."
Atayal_104217da-8a33-f011-8fad-000d3a8250a0,dropped,yopun / yawpun / kuʼ / maku mqalux qasa.,yopun / yawpun / kuʼ / maku mqalux qasa.
Atayal_55450fe0-8a33-f011-8fad-000d3a8250a0,resolved,,"yupan / zyupan nyaʼ rban, mzuy qu rbar la."
Atayal_326bfb08-b90a-f011-bd65-00155db40116,resolved,,"yupan / zyupan nyaʼ rban, pzuy qu rbar la."
Atayal_6f271af1-b80a-f011-bd65-00155db40116,resolved,,"yupan/zyupan nyaʼ rban, pzuy qu rbar la."
Atayal_d21d28ce-8a33-f011-8fad-000d3a8250a0,dropped,"ziboq sasan ga, slʼuy/lngut kwara abaw qhuniq ttanux ngasal .","ziboq sasan ga, slʼuy/lngut kwara abaw qhuniq ttanux ngasal ."
Atayal_b3f40203-b90a-f011-bd65-00155db40116,resolved,,ziboq sasan mita karaw wagiʼ / wagi.
Atayal_866912f7-b80a-f011-bd65-00155db40116,resolved,,ziboq sasan mita karaw wagiʼ/wagi.
Atayal_2b62fb08-b90a-f011-bd65-00155db40116,resolved,,"zik gmhap smʼatuʼ ga, msliʼ taʼ pngsaʼ ha ru pgaluʼ taʼ mbhoyaw / mbhuyaw kinkluhan ta / taʼ kawas qani."
Atayal_0f63fb08-b90a-f011-bd65-00155db40116,resolved,,zik mpuw spung ga blaq srzyut / smrʼzyut kawra sinhmut su smiʼ qqayaʼ.
Atayal_5560fb08-b90a-f011-bd65-00155db40116,dropped,"zik na muya / mhiʼ ʼnga ga, lmon qmibuw / bmibu ha.","zik na muya / mhiʼ ʼnga ga, lmon qmibuw / bmibu ha."
Atayal_ae5ffb08-b90a-f011-bd65-00155db40116,resolved,,"ziq / zik smʼan ngtaʼ qu yayaʼ ga, plawaʼ / splawaʼ nya kwara qu ngtaʼ mwah maniq snʼan mami."
Atayal_386bfb08-b90a-f011-bd65-00155db40116,dropped,"zitensyaʼ / kakay para / paraʼ qani ga, bniq ni yabaʼ squ smqas payat kawas hintgan sswe / ssway mlikuy.","zitensyaʼ / kakay para / paraʼ qani ga, bniq ni yabaʼ squ smqas payat kawas hintgan sswe / ssway mlikuy."
Atayal_4a450fe0-8a33-f011-8fad-000d3a8250a0,dropped,"zitensyaʼ/kakay para/paraʼ qani ga, bniq ni yabaʼ squ smqas payat kawas hintgan sswe/ssway mlikuy.","zitensyaʼ/kakay para/paraʼ qani ga, bniq ni yabaʼ squ smqas payat kawas hintgan sswe/ssway mlikuy."
Atayal_7bf90203-b90a-f011-bd65-00155db40116,resolved,,zmagal / magal mqalux na mit cyux skaʼ / ska na rgyax.
Atayal_a65ffb08-b90a-f011-bd65-00155db40116,resolved,,zmagal / magal phpah nyux sqani.
Atayal_be60fb08-b90a-f011-bd65-00155db40116,resolved,,zmagal / magal qpatung nyux sqani / qani.
Atayal_465fcc95-d456-ecd6-3ec1-3a1c21898bef,dropped,"ʼbagan lga, cingay/pzyux/piyux balay mqu lmosay la.","ʼbagan lga, cingay/pzyux/piyux balay mqu lmosay la."
Atayal_ea261af1-b80a-f011-bd65-00155db40116,resolved,,ʼsay qmwax qu tanguʼ/tangu layan qani.
Bunun_b2d40ae6-8a33-f011-8fad-000d3a8250a0,resolved,,Adu kaumaikit (kamaikit)isaicia ima?
Bunun_078caeec-c70a-f011-bd65-00155db40116,resolved,,Adu kaumaikit (kamaʼikit)isaicia ima?
Bunun_fe53b6e6-c70a-f011-bd65-00155db40116,dropped,Aiza inak ilumah dusa abuʼabu / ua-ua saipukun ku.,Aiza inak ilumah dusa abuʼabu / ua-ua saipukun ku.
Bunun_f68baeec-c70a-f011-bd65-00155db40116,dropped,Asa isia huthut hua / sikav tu pusʼahun,Asa isia huthut hua / sikav tu pusʼahun
Bunun_3d0d139f-c70a-f011-bd65-00155db40116,resolved,,"Bunun mais dulap hai, mainuk mas habang minhalap/minhalab."
Bunun_5c5d97fe-c70a-f011-bd65-00155db40116,dropped,Haishaisav isu zungzung / ngsul a.,Haishaisav isu zungzung / ngsul a.
Bunun_035497fe-c70a-f011-bd65-00155db40116,dropped,"Ima tu sui mas siva tu sui mais, pudinunun hai aiza tu masʼanhanpat tu sui, nitu balivun(nitu mahlis).","Ima tu sui mas siva tu sui mais, pudinunun hai aiza tu masʼanhanpat tu sui, nitu balivun(nitu mahlis)."
Bunun_e37d2293-c70a-f011-bd65-00155db40116,resolved,,"Inaam pisanglavan/pissanglavan hai, sauzan mas tamana."
Bunun_e17d2293-c70a-f011-bd65-00155db40116,resolved,,"Inaam pisanglavan/pissanglavan hai, sauzan mas taublasdanghas."
Bunun_e07d2293-c70a-f011-bd65-00155db40116,resolved,,"Inaicia pisanglavan/pissanglavan hai, sauzan mas tangavaz."
Bunun_1e139ff8-c70a-f011-bd65-00155db40116,resolved,,Incumin tu bunun hai aiza tu kaz mapavaz(mapadusa) sukdu sia asang.
Bunun_1bd2a6f2-c70a-f011-bd65-00155db40116,resolved,,Kasimaan a isuu tama? / tukuaʼun a isuu tu tama ngaan.
Bunun_0fde1fd4-8a33-f011-8fad-000d3a8250a0,dropped,Kaupa mabananaz aizan mas hazumui / buhul(台東hazumui).,Kaupa mabananaz aizan mas hazumui / buhul(台東hazumui).
Bunun_9655b6e6-c70a-f011-bd65-00155db40116,dropped,Kaupa mabananaz aizan mas samuzui / buhul(台東hazumui).,Kaupa mabananaz aizan mas samuzui / buhul(台東hazumui).
Bunun_eb7d2293-c70a-f011-bd65-00155db40116,resolved,,"Kusia pasnanavan/pasnanavaan tu daan hai, supahan mas tadangkadang."
Bunun_a68daeec-c70a-f011-bd65-00155db40116,dropped,Kusian a cina huma kanamal.(mahun).,Kusian a cina huma kanamal.(mahun).
Bunun_30f33187-c70a-f011-bd65-00155db40116,dropped,"lahahaiban mas laiʼlaisapuz,silasning-av (sila mas ning-av).","lahahaiban mas laiʼlaisapuz,silasning-av (sila mas ning-av)."
Bunun_3f8eaeec-c70a-f011-bd65-00155db40116,resolved,,Lahangvang(lakangkang) tama sia tabucia(台東pudanuman)
Bunun_e6dffbb0-c70a-f011-bd65-00155db40116,resolved,,Maaz a na-is-ima pangkaka / bangkaka?
Bunun_eb54b6e6-c70a-f011-bd65-00155db40116,dropped,Madanghas/ madiul a ituʼutung bahan(台東tuhu).,Madanghas/ madiul a ituʼutung bahan(台東tuhu).
Bunun_125497fe-c70a-f011-bd65-00155db40116,resolved,,"Maisna tudipin, itu utung a tuhu hai, minmadanghasin(minmadiulin)."
Bunun_2192aeec-c70a-f011-bd65-00155db40116,dropped,Matapaz / macipulu saikin mas tapa,Matapaz / macipulu saikin mas tapa
Bunun_677f2293-c70a-f011-bd65-00155db40116,resolved,,Matuduldul kaimin aupa batsuan/batcuan mas masnanavacia.
Bunun_ec7d2293-c70a-f011-bd65-00155db40116,resolved,,"Maza isia pasnanavan/pasnanavaan tu kilingkilinga hai, Kitungtungun amin mais kanahtung isnavaan."
Bunun_df7d2293-c70a-f011-bd65-00155db40116,resolved,,"Maza pisanglavan/pissanglavan hai, supahan mas tamana."
Bunun_dc7d2293-c70a-f011-bd65-00155db40116,resolved,,Mazima sakin/saikin kusia vaivivaivi tu dalah sadusadu.
Bunun_dacea6f2-c70a-f011-bd65-00155db40116,dropped,Muvazis / mubulah inak a lupa .,Muvazis / mubulah inak a lupa .
Bunun_0a5897fe-c70a-f011-bd65-00155db40116,dropped,"Muʼampuk amin a bunun sia daisah, muskun kahuzas, Pasibutbut, Malastapang. masumsum dihanin tu mahtuang a sinkuzakuza masaulvaz asidu(madauzung at masvala).","Muʼampuk amin a bunun sia daisah, muskun kahuzas, Pasibutbut, Malastapang. masumsum dihanin tu mahtuang a sinkuzakuza masaulvaz asidu(madauzung at masvala)."
Bunun_e27d2293-c70a-f011-bd65-00155db40116,resolved,,"Na-ia hai, tandusa kusia pisanglavan/pissanglavan."
Bunun_dd7d2293-c70a-f011-bd65-00155db40116,resolved,,Namapacidanum sakin/saikin mas inaak tu uvaaztan.
Bunun_cb4217da-8a33-f011-8fad-000d3a8250a0,dropped,Nautunii saia madu(mazima) mas saicia.,Nautunii saia madu(mazima) mas saicia.
Bunun_ea7d2293-c70a-f011-bd65-00155db40116,resolved,,Paiskasia saikin tasasuhissaba tu sivasaba tu manuumunhanvau painsanan saukatavin maisnava isaincin tu pasnanavan/pasnanavaan.
Bunun_ed7d2293-c70a-f011-bd65-00155db40116,resolved,,Pantaskun kaimin kusia pasnanavan/pasnanavaan.
Bunun_1a5a97fe-c70a-f011-bd65-00155db40116,dropped,Saibavcia saikin mincivi mas hudasmabananaz(tamahudas).,Saibavcia saikin mincivi mas hudasmabananaz(tamahudas).
Bunun_de7d2293-c70a-f011-bd65-00155db40116,resolved,,"Saikin mas naubapingaz hai, kusia pisanglavan/pissanglavan silabut mas tauplas."
Bunun_03cea6f2-c70a-f011-bd65-00155db40116,dropped,"sihuis mais macingmut pishaulili(tunkainunu) kusbabai sia dihanin hai, na mataishang a dihanin.","sihuis mais macingmut pishaulili(tunkainunu) kusbabai sia dihanin hai, na mataishang a dihanin."
Bunun_438eaeec-c70a-f011-bd65-00155db40116,dropped,"Sukudav ilav, nakulumah a langkitaz / cikas.","Sukudav ilav, nakulumah a langkitaz / cikas."
Bunun_28d0a6f2-c70a-f011-bd65-00155db40116,dropped,supah isian lukiscia a puthudas / puktu(南投) .,supah isian lukiscia a puthudas / puktu(南投) .
Bunun_0e530ba5-c70a-f011-bd65-00155db40116,resolved,,"Tinundaza/Cinundaza a saikin masa katavin mas kusbabai, kausian Amulika ."
Kavalan_e491e389-e90a-f011-bd65-00155db40116,dropped,ineb ika (ineb)!,ineb ika (ineb)!
Kavalan_e944eb83-e90a-f011-bd65-00155db40116,dropped,kinsepat aimu nansasuani nanpitu (salipayan) dedan simliway temanan mediyatip tu tina numi.,kinsepat aimu nansasuani nanpitu (salipayan) dedan simliway temanan mediyatip tu tina numi.
Kavalan_244deb83-e90a-f011-bd65-00155db40116,dropped,"kinsepat aimu nansasuani, nanpitu (salipayan) dedan simliway temanan mediyatip tu tina numi.","kinsepat aimu nansasuani, nanpitu (salipayan) dedan simliway temanan mediyatip tu tina numi."
Kavalan_ffcd3996-a130-f011-8fad-000d3a8250a0,dropped,"kinsepat aimu nansasuani, nanpitu (salipayan) dedan simliway temanan, mediyatip tu tina numi.","kinsepat aimu nansasuani, nanpitu (salipayan) dedan simliway temanan, mediyatip tu tina numi."
Kavalan_8e88e389-e90a-f011-bd65-00155db40116,dropped,yau qawRatan (uzisan) tu lazing ta quRuan.,yau qawRatan (uzisan) tu lazing ta quRuan.
Paiwan_9599d8cb-be0a-f011-bd65-00155db40116,resolved,,a palalj na ʼaʼa / qaqa maru ʼidung / qidung anga pasa ʼucengel / qucengel.
Paiwan_5149e0c5-be0a-f011-bd65-00155db40116,resolved,,a palalj na ʼaʼa/qaqa maru ʼidung/qidung anga pasa ʼucengel/qucengel.
Paiwan_f11ac9d7-be0a-f011-bd65-00155db40116,dropped,a vali nu kaljavuceleljan maru djaum(ljigim) anga a temcetecek.,a vali nu kaljavuceleljan maru djaum(ljigim) anga a temcetecek.
Paiwan_e0d7d0d1-be0a-f011-bd65-00155db40116,resolved,,a ʼayaʼayam / qayaqayam ljemita a qadav i vavav ta kasiv a semenasenay.
Paiwan_d44fe0c5-be0a-f011-bd65-00155db40116,resolved,,a ʼayaʼayam/qayaqayam ljemita a qadav i vavav ta kasiv a semenasenay.
Paiwan_b519c9d7-be0a-f011-bd65-00155db40116,resolved,,acaʼaca / qacaqaca ti kama i Maicus.
Paiwan_3a9ad8cb-be0a-f011-bd65-00155db40116,resolved,,aicu a alju na kemasi tua liav a tjaynan a kinisamuljan a paʼaʼepu / paqaqepu.
Paiwan_94d8d0d1-be0a-f011-bd65-00155db40116,resolved,,aicu a dangedang nia tjuvuciulj ( ni ljatjuvuciulj ).
Paiwan_4ad2d0d1-be0a-f011-bd65-00155db40116,resolved,,aicu a djiljeʼi / djeljeqi pazangal a macaul katu memidemid.
Paiwan_f14be0c5-be0a-f011-bd65-00155db40116,resolved,,aicu a djiljeʼi/djeljeqi pazangal a macaul katu memidemid.
Paiwan_96d1d0d1-be0a-f011-bd65-00155db40116,resolved,,aicu a djulis liav a cuʼus / cuqus.
Paiwan_114be0c5-be0a-f011-bd65-00155db40116,resolved,,aicu a djulis liav a cuʼus/cuqus.
Paiwan_bfd6d0d1-be0a-f011-bd65-00155db40116,dropped,aicu a kuisang / rupucemecemel / sirupucemel ku kaka tjavulung.,aicu a kuisang / rupucemecemel / sirupucemel ku kaka tjavulung.
Paiwan_62d7d0d1-be0a-f011-bd65-00155db40116,resolved,,aicu a lisi kakedrikedrian saka ʼateliv / qateliv uta.
Paiwan_ad1bc9d7-be0a-f011-bd65-00155db40116,dropped,"aicu a pinaka makaya kisan sinsi / rutulutulu izua vinarungan izua caʼuan / caquan,sa makaya temulu uta.","aicu a pinaka makaya kisan sinsi / rutulutulu izua vinarungan izua caʼuan / caquan,sa makaya temulu uta."
Paiwan_bd99d8cb-be0a-f011-bd65-00155db40116,dropped,"aicu a pinaka makaya kisan sinsi/rutulutulu izua vinarungan izua caʼuan/caquan,sa makaya temulu uta.","aicu a pinaka makaya kisan sinsi/rutulutulu izua vinarungan izua caʼuan/caquan,sa makaya temulu uta."
Paiwan_dadffead-be0a-f011-bd65-00155db40116,dropped,aicu a pinaka vavauan a dredretan papizuanan tua sinan paravac a zaljum ( vava ).,aicu a pinaka vavauan a dredretan papizuanan tua sinan paravac a zaljum ( vava ).
Paiwan_3b13e8bf-be0a-f011-bd65-00155db40116,resolved,,aicu a pinucekeljan ni ljaucu kati eleng / iling mecevung a nasi.
Paiwan_d917c9d7-be0a-f011-bd65-00155db40116,resolved,,aicu a ricing kuljay saka ladruʼ / ladruq.
Paiwan_d4d7d0d1-be0a-f011-bd65-00155db40116,resolved,,aicu a rukan itjen tua ljaceng sika nanguaʼ / nanguaq nua tja kinacavacavan.
Paiwan_f9d5d0d1-be0a-f011-bd65-00155db40116,dropped,aicu a rupucemecemel ( kuisang ) ku vetjek a tjavulung.,aicu a rupucemecemel ( kuisang ) ku vetjek a tjavulung.
Paiwan_191ac9d7-be0a-f011-bd65-00155db40116,dropped,aicu a tjamunimuni / tjakiang aku mapapamav anga a na makapalak?,aicu a tjamunimuni / tjakiang aku mapapamav anga a na makapalak?
Paiwan_384fe0c5-be0a-f011-bd65-00155db40116,dropped,aicu a tjamunimuni/tjakiang aku mapapamav anga a na makapalak?,aicu a tjamunimuni/tjakiang aku mapapamav anga a na makapalak?
Paiwan_881ac9d7-be0a-f011-bd65-00155db40116,dropped,"aicu a tukisu / tjaberiq matu ʼaljemʼem / qaljemqem nu tja pacunan, ljakua ʼateliv / qateliv nu tja kanen.","aicu a tukisu / tjaberiq matu ʼaljemʼem / qaljemqem nu tja pacunan, ljakua ʼateliv / qateliv nu tja kanen."
Paiwan_6d98d8cb-be0a-f011-bd65-00155db40116,dropped,"aicu a tukisu/tjaberiq matu ʼaljemʼem/qaljemqem nu tja pacunan, ljakua ʼateliv/qateliv nu tja kanen.","aicu a tukisu/tjaberiq matu ʼaljemʼem/qaljemqem nu tja pacunan, ljakua ʼateliv/qateliv nu tja kanen."
Paiwan_891ac9d7-be0a-f011-bd65-00155db40116,resolved,,aicu a tulay siniveli ni kama ta ku kaka uʼaljay / uqaljay ka sepatj a cavilj tua pinualjakan a ʼadav / qadav.
Paiwan_6e98d8cb-be0a-f011-bd65-00155db40116,resolved,,aicu a tulay siniveli ni kama ta ku kaka uʼaljay/uqaljay ka sepatj a cavilj tua pinualjakan a ʼadav/qadav.
Paiwan_e41ac9d7-be0a-f011-bd65-00155db40116,resolved,,aicu a umaʼ / umaq qinaciljay / ʼinaciljay a upu.
Paiwan_9f49e0c5-be0a-f011-bd65-00155db40116,dropped,aicu a undu(kipalalaciq) a ljemita tua qadav sikananguaqan nua tja kinacavacavan.,aicu a undu(kipalalaciq) a ljemita tua qadav sikananguaqan nua tja kinacavacavan.
Paiwan_3817c9d7-be0a-f011-bd65-00155db40116,resolved,,aicu a uʼaljay / uqaljay pu picul aravac.
Paiwan_f41ac9d7-be0a-f011-bd65-00155db40116,resolved,,"aicu a vangalj na ʼdis / qudis, kakudralan saka ʼaljemʼem / qaljemqem."
Paiwan_8799d8cb-be0a-f011-bd65-00155db40116,resolved,,aicu a vangalj na ʼecim / qecim makaya sipataud ta djamay.
Paiwan_3c49e0c5-be0a-f011-bd65-00155db40116,resolved,,aicu a vangalj na ʼecim/qecim makaya sipataud ta djamay.
Paiwan_e81ac9d7-be0a-f011-bd65-00155db40116,resolved,,aicu a vaʼu / vaqu katalu tjalja sinan pazangalan nu lamian.
Paiwan_0f99d8cb-be0a-f011-bd65-00155db40116,resolved,,aicu a vaʼu/vaqu katalu tjalja sinan pazangalan nu lamian.
Paiwan_bc19c9d7-be0a-f011-bd65-00155db40116,resolved,,"aicu a vutjulj na ʼacang / qacang kakudradran aravac, tja tjagetjagen a papekakedrikedrian."
Paiwan_8297d8cb-be0a-f011-bd65-00155db40116,resolved,,"aicu a vutjulj na ʼacang/qacang kakudradran aravac, tja tjagetjagen a papekakedrikedrian."
Paiwan_7c98d8cb-be0a-f011-bd65-00155db40116,resolved,,aicu a ʼalici / qalici sinialang ta kina uʼaljay / uqaljay.
Paiwan_6613e8bf-be0a-f011-bd65-00155db40116,resolved,,aicu a ʼalici/qalici sinialang ta kina uʼaljay/uqaljay.
Paiwan_2b9ad8cb-be0a-f011-bd65-00155db40116,resolved,,"aicu a ʼucengecengel / qucengecengel a itung, nu inika na ku kaka ki niaken."
Paiwan_444ae0c5-be0a-f011-bd65-00155db40116,resolved,,"aicu a ʼucengecengel/qucengecengel a itung, nu inika na ku kaka ki niaken."
Paiwan_d0d6d0d1-be0a-f011-bd65-00155db40116,dropped,aicu mana nia kuciusinsi / vuluvulung i kakituluan / gakku.,aicu mana nia kuciusinsi / vuluvulung i kakituluan / gakku.
Paiwan_a54ee0c5-be0a-f011-bd65-00155db40116,dropped,aicu mana nia kuciusinsi/vuluvulung i kakituluan/gakku.,aicu mana nia kuciusinsi/vuluvulung i kakituluan/gakku.
Paiwan_d418c9d7-be0a-f011-bd65-00155db40116,dropped,aicu nia sinsi / sirutemulu tjanuamen.,aicu nia sinsi / sirutemulu tjanuamen.
Paiwan_9199d8cb-be0a-f011-bd65-00155db40116,resolved,,aki makuda izua na ʼemival / qemival tazua tja paljing.
Paiwan_4949e0c5-be0a-f011-bd65-00155db40116,resolved,,aki makuda izua na ʼemival/qemival tazua tja paljing.
Paiwan_38d6d0d1-be0a-f011-bd65-00155db40116,resolved,,aku na kikucibili sa su leljet ta ʼudjidjilj / qudjidjilj?
Paiwan_8a4de0c5-be0a-f011-bd65-00155db40116,resolved,,aku na kikucibili sa su leljet ta ʼudjidjilj/qudjidjilj?
Paiwan_359ad8cb-be0a-f011-bd65-00155db40116,resolved,,akuazua a izua a sasiʼ / sasiq i ʼarengan / qerengan?
Paiwan_4e4ae0c5-be0a-f011-bd65-00155db40116,resolved,,akuazua a izua a sasiʼ/sasiq i ʼarengan/qerengan?
Paiwan_5118c9d7-be0a-f011-bd65-00155db40116,resolved,,akumaya tu liav a sasiʼ / sasiq i tua ku ʼerengan / qerengan.
Paiwan_3a96d8cb-be0a-f011-bd65-00155db40116,resolved,,akumaya tu liav a sasiʼ/sasiq i tua ku ʼerengan/qerengan.
Paiwan_379ad8cb-be0a-f011-bd65-00155db40116,resolved,,alimu aza saʼetjuan / saqetjuan.
Paiwan_514ae0c5-be0a-f011-bd65-00155db40116,resolved,,alimu aza saʼetjuan/saqetjuan.
Paiwan_3c9ad8cb-be0a-f011-bd65-00155db40116,resolved,,alu a puluʼ / puluq a vuciar a sasupuan a ku sinivay tjaimadju.
Paiwan_534ae0c5-be0a-f011-bd65-00155db40116,resolved,,alu a puluʼ/puluq a vuciar a sasupuan a ku sinivay tjaimadju.
Paiwan_49d2d0d1-be0a-f011-bd65-00155db40116,dropped,anema nu quljavan / ʼuljavan a djilj / siqiladj na ljavingan?,anema nu quljavan / ʼuljavan a djilj / siqiladj na ljavingan?
Paiwan_99d8d0d1-be0a-f011-bd65-00155db40116,dropped,anema nu quljavan / ʼuljavan a djilj / siqiladj nua ljavingan?,anema nu quljavan / ʼuljavan a djilj / siqiladj nua ljavingan?
Paiwan_e8d7d0d1-be0a-f011-bd65-00155db40116,resolved,,ayata maʼaʼizing / maqaqizing aravac a basu ika aken a tjengelay a tjevavav.
Paiwan_3450e0c5-be0a-f011-bd65-00155db40116,resolved,,ayata maʼaʼizing/maqaqizing aravac a basu ika aken a tjengelay a tjevavav.
Paiwan_bdd8d0d1-be0a-f011-bd65-00155db40116,dropped,ayatua masa ʼudjalj aza i tjuljivar a tjagulj pasa masalitj / maruqu anga.,ayatua masa ʼudjalj aza i tjuljivar a tjagulj pasa masalitj / maruqu anga.
Paiwan_ff50e0c5-be0a-f011-bd65-00155db40116,dropped,ayatua masa ʼudjalj aza i tjuljivar a tjagulj pasa masalitj/maruqu anga.,ayatua masa ʼudjalj aza i tjuljivar a tjagulj pasa masalitj/maruqu anga.
Paiwan_53d7d0d1-be0a-f011-bd65-00155db40116,resolved,,"ayatua saʼetju / saqetju a ngadrungadru nimadju, manasika inika makaya lemamedj tua kakanen."
Paiwan_131ac9d7-be0a-f011-bd65-00155db40116,dropped,aza a tjakumulj / sicuayan a sicauvan kudremel saka sadjelung.,aza a tjakumulj / sicuayan a sicauvan kudremel saka sadjelung.
Paiwan_8597d8cb-be0a-f011-bd65-00155db40116,dropped,aza a tjakumulj/sicuayan a sicauvan kudremel saka sadjelung.,aza a tjakumulj/sicuayan a sicauvan kudremel saka sadjelung.
Paiwan_389ad8cb-be0a-f011-bd65-00155db40116,resolved,,"aza aljiʼ / aljiq masan lialiav a sikarakudan, makaya sisane calis makaya sitapav ta ʼaljiv / qaljiv."
Paiwan_524ae0c5-be0a-f011-bd65-00155db40116,resolved,,"aza aljiʼ/aljiq masan lialiav a sikarakudan, makaya sisane calis makaya sitapav ta ʼaljiv/qaljiv."
Paiwan_42d8d0d1-be0a-f011-bd65-00155db40116,dropped,aza djemaladjalan tinaleman tua na makakaizuazua a nguanguaʼ / nguanguaq a vuciar / katjutjunga.,aza djemaladjalan tinaleman tua na makakaizuazua a nguanguaʼ / nguanguaq a vuciar / katjutjunga.
Paiwan_6316c9d7-be0a-f011-bd65-00155db40116,resolved,,aza i cukuy a nigi / tamanigi kinan ni kaka a penuljat.
Paiwan_e393d8cb-be0a-f011-bd65-00155db40116,resolved,,aza i cukuy a nigi/tamanigi kinan ni kaka a penuljat.
Paiwan_8598d8cb-be0a-f011-bd65-00155db40116,resolved,,aza i gadu a ʼuma / quma tinaleman ni kama ta makakayzuazua a ʼarizang / qarizang.
Paiwan_9ed1d0d1-be0a-f011-bd65-00155db40116,resolved,,aza i kadjalanan matja drusa a djinumulj a qipu / ʼipu.
Paiwan_e54be0c5-be0a-f011-bd65-00155db40116,resolved,,aza i kadjalanan matja drusa a djinumulj a qipu/ʼipu.
Paiwan_474438a4-8a33-f011-8fad-000d3a8250a0,resolved,,aza i kasintalj savid a ʼipu / qipu.
Paiwan_414ae0c5-be0a-f011-bd65-00155db40116,resolved,,aza i kasintalj savid a ʼipu/qipu.
Paiwan_e5d3d0d1-be0a-f011-bd65-00155db40116,resolved,,aza kadray / adradray sinialang tu uʼaljay / uqaljay.
Paiwan_a34ce0c5-be0a-f011-bd65-00155db40116,resolved,,aza kadray/adradray sinialang tu uʼaljay/uqaljay.
Paiwan_8099d8cb-be0a-f011-bd65-00155db40116,resolved,,aza ku kaka malap ta tjukap sa djukulan ta ʼauzung / qauzung.
Paiwan_7713e8bf-be0a-f011-bd65-00155db40116,resolved,,aza ku kaka malap ta tjukap sa djukulan ta ʼauzung/qauzung.
Paiwan_089bd8cb-be0a-f011-bd65-00155db40116,resolved,,aza ku kaka pasa cemekecek tua ʼau / qau a pasa tjaladj tua ʼipuʼipu / qipuqipu.
Paiwan_054be0c5-be0a-f011-bd65-00155db40116,resolved,,aza ku kaka pasa cemekecek tua ʼau/qau a pasa tjaladj tua ʼipuʼipu/qipuqipu.
Paiwan_f49ad8cb-be0a-f011-bd65-00155db40116,resolved,,aza ku kaka sialap tua caʼev / caqev sa caʼevi / caqevi aza kumakuma.
Paiwan_004be0c5-be0a-f011-bd65-00155db40116,resolved,,aza ku kaka sialap tua caʼev/caqev sa caʼevi/caqevi aza kumakuma.
Paiwan_5d1bc9d7-be0a-f011-bd65-00155db40116,resolved,,aza ku kaka venuʼesi / venuqesi ta paday sa manu sezaljezalj anga a penulingetj.
Paiwan_ba99d8cb-be0a-f011-bd65-00155db40116,resolved,,aza ku kaka venuʼesi/venuqesi ta paday sa manu sezaljezalj anga a penulingetj.
Paiwan_831ac9d7-be0a-f011-bd65-00155db40116,resolved,,aza ku tjusurur makaya kataqedan / kataʼedan nua matjelu.
Paiwan_6a98d8cb-be0a-f011-bd65-00155db40116,resolved,,aza ku tjusurur makaya kataqedan/kataʼedan nua matjelu.
Paiwan_dbd7d0d1-be0a-f011-bd65-00155db40116,resolved,,aza ljeʼeljeʼan / ljeqeljeqan ni kama izua ʼuvis / quvis.
Paiwan_cf4fe0c5-be0a-f011-bd65-00155db40116,resolved,,aza ljeʼeljeʼan/ljeqeljeqan ni kama izua ʼuvis/quvis.
Paiwan_5b18c9d7-be0a-f011-bd65-00155db40116,dropped,aza lumamad nu semiyup / menutjemutj tua ʼetim / qetim na kina nanguaʼ / nanguaq aravac tua caljuvuqan.,aza lumamad nu semiyup / menutjemutj tua ʼetim / qetim na kina nanguaʼ / nanguaq aravac tua caljuvuqan.
Paiwan_4496d8cb-be0a-f011-bd65-00155db40116,dropped,aza lumamad nu semiyup/menutjemutj tua ʼetim/qetim na kina nanguaʼ/nanguaq aravac tua caljuvuqan.,aza lumamad nu semiyup/menutjemutj tua ʼetim/qetim na kina nanguaʼ/nanguaq aravac tua caljuvuqan.
Paiwan_1a49e0c5-be0a-f011-bd65-00155db40116,resolved,,aza merek nia sirutemulu / telutelu savid tu maqacuvucuvung.
Paiwan_8298d8cb-be0a-f011-bd65-00155db40116,resolved,,aza namacemu a ʼapulu / qapulu ridraridren sa sualapi nimadju.
Paiwan_6e13e8bf-be0a-f011-bd65-00155db40116,resolved,,aza namacemu a ʼapulu/qapulu ridraridren sa sualapi nimadju.
Paiwan_3b17c9d7-be0a-f011-bd65-00155db40116,resolved,,aza namapiʼay / namapiqay a ku piku masezam saka minvalak.
Paiwan_0d1ac9d7-be0a-f011-bd65-00155db40116,dropped,aza nia tjakadjan / tarev nakiljivak aravac tjanuamen.,aza nia tjakadjan / tarev nakiljivak aravac tjanuamen.
Paiwan_cad8d0d1-be0a-f011-bd65-00155db40116,resolved,,aza palidring na maveliʼad / maveliqad i zuwa.
Paiwan_0f51e0c5-be0a-f011-bd65-00155db40116,resolved,,aza palidring na maveliʼad/maveliqad i zuwa.
Paiwan_f3d8d0d1-be0a-f011-bd65-00155db40116,resolved,,"aza paʼuziʼuzipen / paquziquzipen nimadju a ʼayaʼayam / qayaqayam miperper sa vaik anga, manasika na saʼetju / saqetju a varung nimadju."
Paiwan_cc18c9d7-be0a-f011-bd65-00155db40116,resolved,,aza pini vavav ta cukuy a vaʼuan / vaquan a sialja sinivay ni kina tjanuaken.
Paiwan_8899d8cb-be0a-f011-bd65-00155db40116,dropped,aza puljacengan i ʼeljuʼeljuan / qeljuqeljuan ta gakku / kakituluan mavan a sinsi / rutulutulu kata situ / kitulutulu a na temalem.,aza puljacengan i ʼeljuʼeljuan / qeljuqeljuan ta gakku / kakituluan mavan a sinsi / rutulutulu kata situ / kitulutulu a na temalem.
Paiwan_3d49e0c5-be0a-f011-bd65-00155db40116,dropped,aza puljacengan i ʼeljuʼeljuan/qeljuqeljuan ta gakku/kakituluan mavan a sinsi/rutulutulu kata situ/kitulutulu a na temalem.,aza puljacengan i ʼeljuʼeljuan/qeljuqeljuan ta gakku/kakituluan mavan a sinsi/rutulutulu kata situ/kitulutulu a na temalem.
Paiwan_614ae0c5-be0a-f011-bd65-00155db40116,dropped,aza sicapacapan tua aradj sika qulayan(qemuyu) aravac.,aza sicapacapan tua aradj sika qulayan(qemuyu) aravac.
Paiwan_101ac9d7-be0a-f011-bd65-00155db40116,resolved,,aza tjakanga kemasi kalevelevan sa pasazaleman a djemekep ta ʼatjuvi / qatjuvi.
Paiwan_8497d8cb-be0a-f011-bd65-00155db40116,resolved,,aza tjakanga kemasi kalevelevan sa pasazaleman a djemekep ta ʼatjuvi/qatjuvi.
Paiwan_fdd2d0d1-be0a-f011-bd65-00155db40116,dropped,"aza vatu akumaya tu gemiring / gemurugur sakamaya, aki izua caucau i sasav?","aza vatu akumaya tu gemiring / gemurugur sakamaya, aki izua caucau i sasav?"
Paiwan_7197d8cb-be0a-f011-bd65-00155db40116,resolved,,aza ʼalev / qalev izua za makaya kanen kata ikamakaya kanen.
Paiwan_451bc9d7-be0a-f011-bd65-00155db40116,resolved,,aza ʼayaʼayam / qayaqayam maka ta ʼuma / quma a kemakan ta vat.
Paiwan_9899d8cb-be0a-f011-bd65-00155db40116,resolved,,aza ʼiljas / qiljas kudral saka nalitjuku.
Paiwan_3e4ae0c5-be0a-f011-bd65-00155db40116,resolved,,aza ʼiljas/qiljas kudral saka nalitjuku.
Paiwan_4cd8d0d1-be0a-f011-bd65-00155db40116,resolved,,azua caku malavut a kemasi tua tjevetjeveng a lima na ku kaka uʼaljay / uqaljay.
Paiwan_3e50e0c5-be0a-f011-bd65-00155db40116,resolved,,azua caku malavut a kemasi tua tjevetjeveng a lima na ku kaka uʼaljay/uqaljay.
Paiwan_9ad1d0d1-be0a-f011-bd65-00155db40116,resolved,,"azua daiman kiʼeceng / kiqeceng a kemapalisi, lja mapucemel a saʼetjuʼetju / saqetjuqetju inayan."
Paiwan_154be0c5-be0a-f011-bd65-00155db40116,resolved,,"azua daiman kiʼeceng/kiqeceng a kemapalisi, lja mapucemel a saʼetjuʼetju/saqetjuqetju inayan."
Paiwan_f7d2d0d1-be0a-f011-bd65-00155db40116,dropped,azua i pasa ʼayav a kaljuita a gadugadu / vuguvug izua za tapav.,azua i pasa ʼayav a kaljuita a gadugadu / vuguvug izua za tapav.
Paiwan_c15ec1dd-be0a-f011-bd65-00155db40116,resolved,,azua i patekuteku ta ʼiladjan / qiladjan izua a ita a zepung.
Paiwan_97d1d0d1-be0a-f011-bd65-00155db40116,resolved,,azua i vavua a ʼinuman / qinuman savid a inika pinuayan ta culj.
Paiwan_0e4be0c5-be0a-f011-bd65-00155db40116,resolved,,azua i vavua a ʼinuman/qinuman savid a inika pinuayan ta culj.
Paiwan_0e1ac9d7-be0a-f011-bd65-00155db40116,dropped,azua ladruadruʼ / ladruadruq a ʼuvalj / quvalj tjakadjan / tarev niamadju.,azua ladruadruʼ / ladruadruq a ʼuvalj / quvalj tjakadjan / tarev niamadju.
Paiwan_e91ac9d7-be0a-f011-bd65-00155db40116,resolved,,azua mareʼecev / maqaqecev a vacvac vinli ni kina tu sivay ta ku kaka.
Paiwan_05d3d0d1-be0a-f011-bd65-00155db40116,resolved,,azua mareʼecev / mareqecev a ikav kasiv a kinasengseng ni kama.
Paiwan_0b99d8cb-be0a-f011-bd65-00155db40116,resolved,,azua mareʼecev/maqaqecev a vacvac vinli ni kina tu sivay ta ku kaka.
Paiwan_994ce0c5-be0a-f011-bd65-00155db40116,resolved,,azua mareʼecev/mareqecev a ikav kasiv a kinasengseng ni kama.
Paiwan_2b4ae0c5-be0a-f011-bd65-00155db40116,dropped,azua na cemakav ta paisu / valjitjuq nua ginku djinameq anga na kisacu kasauni.,azua na cemakav ta paisu / valjitjuq nua ginku djinameq anga na kisacu kasauni.
Paiwan_c1d8d0d1-be0a-f011-bd65-00155db40116,resolved,,azua na masuav a vanglj i zaleman maya ljemulju sa kan a paʼeteleng / paqeteleng.
Paiwan_0551e0c5-be0a-f011-bd65-00155db40116,resolved,,azua na masuav a vanglj i zaleman maya ljemulju sa kan a paʼeteleng/paqeteleng.
Paiwan_8898d8cb-be0a-f011-bd65-00155db40116,resolved,,azua na vatu a kinacavacavan kinicaingan na ʼatimtim / qatimtim.
Paiwan_7213e8bf-be0a-f011-bd65-00155db40116,resolved,,azua na vatu a kinacavacavan kinicaingan na ʼatimtim/qatimtim.
Paiwan_4bd7d0d1-be0a-f011-bd65-00155db40116,dropped,azua timadju na cemakav ta ku valjitjuq(paisu)‚ manasika lailaingen / qulequleten na kisac.,azua timadju na cemakav ta ku valjitjuq(paisu)‚ manasika lailaingen / qulequleten na kisac.
Paiwan_b04ee0c5-be0a-f011-bd65-00155db40116,dropped,azua timadju na cemakav ta ku valjitjuq(paisu)‚ manasika lailaingen/qulequleten na kisac.,azua timadju na cemakav ta ku valjitjuq(paisu)‚ manasika lailaingen/qulequleten na kisac.
Paiwan_d6d7d0d1-be0a-f011-bd65-00155db40116,dropped,azua tjaiteku tua kasiv a ljakidjur / razakizakilj izua ʼainguay / qainguay i tjuljivar.,azua tjaiteku tua kasiv a ljakidjur / razakizakilj izua ʼainguay / qainguay i tjuljivar.
Paiwan_ca4fe0c5-be0a-f011-bd65-00155db40116,dropped,azua tjaiteku tua kasiv a ljakidjur/razakizakilj izua ʼainguay/qainguay i tjuljivar.,azua tjaiteku tua kasiv a ljakidjur/razakizakilj izua ʼainguay/qainguay i tjuljivar.
Paiwan_871ac9d7-be0a-f011-bd65-00155db40116,resolved,,azua tuki na maʼezetj / maqezetj anga ta qaciljay.
Paiwan_8a99d8cb-be0a-f011-bd65-00155db40116,resolved,,azua vatu ʼemaleʼal / qemaleqaleqal ta cuqelalj.
Paiwan_4149e0c5-be0a-f011-bd65-00155db40116,resolved,,azua vatu ʼemaleʼal/qemaleqaleqal ta cuqelalj.
Paiwan_ac19c9d7-be0a-f011-bd65-00155db40116,resolved,,azua venan teʼungen / tequngen aza ita anga venan tua teʼung / tequng nimadju.
Paiwan_7797d8cb-be0a-f011-bd65-00155db40116,resolved,,azua venan teʼungen/tequngen aza ita anga venan tua teʼung/tequng nimadju.
Paiwan_bb1bc9d7-be0a-f011-bd65-00155db40116,resolved,,azua vuvuan i vavav ta kasiv izua drusa a ʼayaʼayam / qayaqayam.
Paiwan_a919c9d7-be0a-f011-bd65-00155db40116,resolved,,"azua ʼacaʼaca / qacaqaca a uʼaljay / uqaljay, tarev nimadju."
Paiwan_8599d8cb-be0a-f011-bd65-00155db40116,resolved,,azua ʼecap / qecap siʼecaʼecap / siqecaqecap ta vutjulj.
Paiwan_3a49e0c5-be0a-f011-bd65-00155db40116,resolved,,azua ʼecap/qecap siʼecaʼecap/siqecaqecap ta vutjulj.
Paiwan_2a9ad8cb-be0a-f011-bd65-00155db40116,dropped,azuwa gadu liav aravac a nacemuvuʼ / nacemuvuq a mareka vaudj / quay / ʼuay.,azuwa gadu liav aravac a nacemuvuʼ / nacemuvuq a mareka vaudj / quay / ʼuay.
Paiwan_434ae0c5-be0a-f011-bd65-00155db40116,dropped,azuwa gadu liav aravac a nacemuvuʼ/nacemuvuq a mareka vaudj/quay/ʼuay.,azuwa gadu liav aravac a nacemuvuʼ/nacemuvuq a mareka vaudj/quay/ʼuay.
Paiwan_3bd2d0d1-be0a-f011-bd65-00155db40116,resolved,,azuwa i pasa ʼayav / qayav izua za djanav.
Paiwan_541bc9d7-be0a-f011-bd65-00155db40116,resolved,,azuwa ljavingan na veneceluʼ / venceluq tua ricing na zua kasiv.
Paiwan_1b99d8cb-be0a-f011-bd65-00155db40116,resolved,,azuwa ljavingan na veneceluʼ/venceluq tua ricing na zua kasiv.
Paiwan_741ac9d7-be0a-f011-bd65-00155db40116,resolved,,azuwa tanuita i tuvung a cuvuʼ / cuvuq ti kaka a na tjemukudr a pasa umaʼ / umaq.
Paiwan_6298d8cb-be0a-f011-bd65-00155db40116,resolved,,azuwa tanuita i tuvung a cuvuʼ/cuvuq ti kaka a na tjemukudr a pasa umaʼ/umaq.
Paiwan_601bc9d7-be0a-f011-bd65-00155db40116,dropped,cacengcengan sa nia venuta / makakirarit anan ta vilivililjan a ljiuk.,cacengcengan sa nia venuta / makakirarit anan ta vilivililjan a ljiuk.
Paiwan_bb99d8cb-be0a-f011-bd65-00155db40116,dropped,cacengcengan sa nia venuta/makakirarit anan ta vilivililjan a ljiuk.,cacengcengan sa nia venuta/makakirarit anan ta vilivililjan a ljiuk.
Paiwan_029bd8cb-be0a-f011-bd65-00155db40116,dropped,cemalis / menukay / cemalis ti kina tazua kinasi gadu a kini zakilj.,cemalis / menukay / cemalis ti kina tazua kinasi gadu a kini zakilj.
Paiwan_039bd8cb-be0a-f011-bd65-00155db40116,resolved,,cemalivat a ken tua umaʼ / umaq ni vuvu.
Paiwan_b5e44090-a130-f011-8fad-000d3a8250a0,dropped,ceperuk / temperuk nuaya avan a sisekez itua qaqeljevan tua qinaljan a sinvalj / tinukudr a savavayan katua kacukacuin a siljisi sa matatauvalit tua sinipapulevan tiamadju a mamav.,ceperuk / temperuk nuaya avan a sisekez itua qaqeljevan tua qinaljan a sinvalj / tinukudr a savavayan katua kacukacuin a siljisi sa matatauvalit tua sinipapulevan tiamadju a mamav.
Paiwan_d04be0c5-be0a-f011-bd65-00155db40116,dropped,dedet / dudut a sema yubingkiuku / sasusuqan a kemasi tjanuamen.,dedet / dudut a sema yubingkiuku / sasusuqan a kemasi tjanuamen.
Paiwan_cc17c9d7-be0a-f011-bd65-00155db40116,resolved,,djilayan a su puljaʼ / puljaq i ngadrungadru.
Paiwan_7495d8cb-be0a-f011-bd65-00155db40116,resolved,,djilayan a su puljaʼ/puljaq i ngadrungadru.
Paiwan_59d7d0d1-be0a-f011-bd65-00155db40116,resolved,,drikitj saka melava a liʼu / liqu na ʼacang / qacang.
Paiwan_c54fe0c5-be0a-f011-bd65-00155db40116,resolved,,drikitj saka melava a liʼu/liqu na ʼacang/qacang.
Paiwan_4a18c9d7-be0a-f011-bd65-00155db40116,resolved,,"eljevi / qeljevi a paljing, maya pasatjumaʼ / pasatjumq ta salapeljan."
Paiwan_8d99d8cb-be0a-f011-bd65-00155db40116,resolved,,emeljev / qemeljev anan itjen a pakasangas tua ʼezung / qezung tua paljing nuri masasav itjen.
Paiwan_8c99d8cb-be0a-f011-bd65-00155db40116,resolved,,emeljev / qemeljev itjen sakamaya tua siʼeljevan / siqeljevan ayata satjumaʼen / satjumaqen itjen nua salapeljan.
Paiwan_9399d8cb-be0a-f011-bd65-00155db40116,resolved,,emuyulj / qemuyulj aken tua zua pini zaleman a kasiv.
Paiwan_8a98d8cb-be0a-f011-bd65-00155db40116,resolved,,i tjay lauz ta ʼaciljay / qaciljay azua ʼatjuvi / qatjuvi.
Paiwan_7413e8bf-be0a-f011-bd65-00155db40116,resolved,,i tjay lauz ta ʼaciljay/qaciljay azua ʼatjuvi/qatjuvi.
Paiwan_161ac9d7-be0a-f011-bd65-00155db40116,resolved,,i tjumaʼ / tjumaq a ku kaka tjaljaljak a vavayan.
Paiwan_8797d8cb-be0a-f011-bd65-00155db40116,resolved,,i tjumaʼ/tjumaq a ku kaka tjaljaljak a vavayan.
Paiwan_5cd7d0d1-be0a-f011-bd65-00155db40116,dropped,i vavav ta diljeʼi / djeljeqi azua liljavay / raimay.,i vavav ta diljeʼi / djeljeqi azua liljavay / raimay.
Paiwan_c14fe0c5-be0a-f011-bd65-00155db40116,dropped,i vavav ta diljeʼi/djeljeqi azua liljavay/raimay.,i vavav ta diljeʼi/djeljeqi azua liljavay/raimay.
Paiwan_55d7d0d1-be0a-f011-bd65-00155db40116,resolved,,icengceng a lemingdjelj tiamadju tua ʼeluz / qeluz na umaʼ / umaq.
Paiwan_9799d8cb-be0a-f011-bd65-00155db40116,resolved,,iljain / qiljain na ku kaka a tjukap nimadju.
Paiwan_e5d7d0d1-be0a-f011-bd65-00155db40116,resolved,,inika aken a makaya pakaliav a keman ta ʼaljemʼemʼem / qaljemqemqem a ljualju.
Paiwan_2a50e0c5-be0a-f011-bd65-00155db40116,resolved,,inika ken a makaya pakaliav a keman ta ʼaljemʼemʼem/qaljemqemqem a ljualju.
Paiwan_7998d8cb-be0a-f011-bd65-00155db40116,resolved,,inika makaya a kesayin sa kani a ʼainguay / qainguay.
Paiwan_6313e8bf-be0a-f011-bd65-00155db40116,resolved,,inika makaya a kesayin sa kani a ʼainguay/qainguay.
Paiwan_764de0c5-be0a-f011-bd65-00155db40116,resolved,,"inika makaya cemelcel a paʼeteleng/paqeteleng taicu a kanipi, aya ta sinan palisi."
Paiwan_ccd8d0d1-be0a-f011-bd65-00155db40116,dropped,inika mavililj / seregalju a ku kaka vavayan nu makakituluan.,inika mavililj / seregalju a ku kaka vavayan nu makakituluan.
Paiwan_f99ad8cb-be0a-f011-bd65-00155db40116,resolved,,inika namakinemenem tu ʼemudjalj / qemudjalj a paljeʼaca / paljeqaca i casav / pasasav.
Paiwan_8b1ac9d7-be0a-f011-bd65-00155db40116,resolved,,"inika puʼetim / puqetim a tutu, nazua kina na kuljkulj."
Paiwan_8b98d8cb-be0a-f011-bd65-00155db40116,resolved,,inika tjengelay ta ʼatjuvitjuvi / qatjuvitjuvi a ku kaka.
Paiwan_7513e8bf-be0a-f011-bd65-00155db40116,resolved,,inika tjengelay ta ʼatjuvitjuvi/qatjuvitjuvi a ku kaka.
Paiwan_c517c9d7-be0a-f011-bd65-00155db40116,dropped,inika tjengelay timadju a tjeʼacang tua i semasavan a puʼacangan / kakisausavan.,inika tjengelay timadju a tjeʼacang tua i semasavan a puʼacangan / kakisausavan.
Paiwan_6f95d8cb-be0a-f011-bd65-00155db40116,dropped,inika tjengelay timadju a tjeʼacang tua i semasavan a puʼacangan/kakisausavan.,inika tjengelay timadju a tjeʼacang tua i semasavan a puʼacangan/kakisausavan.
Paiwan_dbd3d0d1-be0a-f011-bd65-00155db40116,resolved,,inu / izaunu ti tjama?
Paiwan_3fd2d0d1-be0a-f011-bd65-00155db40116,resolved,,ita ʼadavan / qadavan amen a djemavadjavac sana djemaljun amen i paljevar tua gadu.
Paiwan_8998d8cb-be0a-f011-bd65-00155db40116,resolved,,itjaladj ta ʼipu / qipu a kinaizuanan na ʼatjudray / qatjudray.
Paiwan_7313e8bf-be0a-f011-bd65-00155db40116,resolved,,itjaladj ta ʼipu/qipu a kinaizuanan na ʼatjudray/qatjudray.
Paiwan_9dd1d0d1-be0a-f011-bd65-00155db40116,resolved,,ivu / qivu ti kama: maya demulat aza kadjunangan aya lja tjau taleman tua kikavecengel.
Paiwan_6716c9d7-be0a-f011-bd65-00155db40116,resolved,,izainu a nisun a umaʼ / umaq
Paiwan_8c98d8cb-be0a-f011-bd65-00155db40116,resolved,,izua a alu a ʼapuluan / qapuluan a ʼau / qau i vavua.
Paiwan_7613e8bf-be0a-f011-bd65-00155db40116,resolved,,izua a alu a ʼapuluan/qapuluan a ʼau/qau i vavua.
Paiwan_f2d2d0d1-be0a-f011-bd65-00155db40116,resolved,,izua a drusa a puluʼ / pluluq katu lima a sasupuan a inpic ni kaka.
Paiwan_efd2d0d1-be0a-f011-bd65-00155db40116,resolved,,izua a drusa a puluʼ / puluq a ljapanay a sasupuan i maza.
Paiwan_f0d2d0d1-be0a-f011-bd65-00155db40116,resolved,,izua a drusa a puluʼ / puluq katu drusa a sasupuan a qayaqayam i zuwa.
Paiwan_f1d2d0d1-be0a-f011-bd65-00155db40116,resolved,,izua a drusa a puluʼ / puluq katu ita a sasupuan a vuciar i maza.
Paiwan_f4d2d0d1-be0a-f011-bd65-00155db40116,resolved,,izua a drusa a puluʼ / puluq katu tjelu a sasupuan a tjalupun ni kama.
Paiwan_ff4be0c5-be0a-f011-bd65-00155db40116,resolved,,izua a drusa a puluʼ/pluluq katu lima a sasupuan a inpic ni kaka.
Paiwan_fc4be0c5-be0a-f011-bd65-00155db40116,resolved,,izua a drusa a puluʼ/puluq a ljapanay a sasupuan i maza.
Paiwan_fd4be0c5-be0a-f011-bd65-00155db40116,resolved,,izua a drusa a puluʼ/puluq katu drusa a sasupuan a qayaqayam i zuwa.
Paiwan_fe4be0c5-be0a-f011-bd65-00155db40116,resolved,,izua a drusa a puluʼ/puluq katu ita a sasupuan a vuciar i maza.
Paiwan_904ce0c5-be0a-f011-bd65-00155db40116,resolved,,izua a drusa a puluʼ/puluq katu tjelu a sasupuan a tjalupun ni kama.
Paiwan_ded3d0d1-be0a-f011-bd65-00155db40116,dropped,izua a ku itung / kava?,izua a ku itung / kava?
Paiwan_dc18c9d7-be0a-f011-bd65-00155db40116,resolved,,izua a lima a ʼucengecengel / qucengecengel a sizi i gadu.
Paiwan_dcd7d0d1-be0a-f011-bd65-00155db40116,resolved,,izua a ljeʼu / ljequ i vavav ta kasiv.
Paiwan_d64fe0c5-be0a-f011-bd65-00155db40116,resolved,,izua a ljeʼu/ljequ i vavav ta kasiv.
Paiwan_a419c9d7-be0a-f011-bd65-00155db40116,dropped,izua a malje / man tapuluʼ / tapuluq katu sepatj a sasupuan a caucau i zuwa.,izua a malje / man tapuluʼ / tapuluq katu sepatj a sasupuan a caucau i zuwa.
Paiwan_d496d8cb-be0a-f011-bd65-00155db40116,dropped,izua a malje/man tapuluʼ/tapuluq katu sepatj a sasupuan a caucau i zuwa.,izua a malje/man tapuluʼ/tapuluq katu sepatj a sasupuan a caucau i zuwa.
Paiwan_80d7d0d1-be0a-f011-bd65-00155db40116,dropped,izua a namacay a kumakuma i tjuljivar / ljaʼedi tua ʼaciljay.,izua a namacay a kumakuma i tjuljivar / ljaʼedi tua ʼaciljay.
Paiwan_2517c9d7-be0a-f011-bd65-00155db40116,dropped,izua a papamav / taceviqan a ljasiak i maza.,izua a papamav / taceviqan a ljasiak i maza.
Paiwan_fd93d8cb-be0a-f011-bd65-00155db40116,dropped,izua a papamav/taceviqan a ljasiak i maza.,izua a papamav/taceviqan a ljasiak i maza.
Paiwan_36d2d0d1-be0a-f011-bd65-00155db40116,resolved,,izua a salapeljan itua su djaʼis / djaqis.
Paiwan_e74be0c5-be0a-f011-bd65-00155db40116,resolved,,izua a salapeljan itua su djaʼis/djaqis.
Paiwan_124be0c5-be0a-f011-bd65-00155db40116,resolved,,izua a tacavuan a cuvuʼ/cuvuq nimadju.
Paiwan_e418c9d7-be0a-f011-bd65-00155db40116,dropped,izua a takuzuljan a paisu / valjitjuq i cukuy.,izua a takuzuljan a paisu / valjitjuq i cukuy.
Paiwan_cc96d8cb-be0a-f011-bd65-00155db40116,dropped,izua a takuzuljan a paisu/valjitjuq i cukuy.,izua a takuzuljan a paisu/valjitjuq i cukuy.
Paiwan_e718c9d7-be0a-f011-bd65-00155db40116,resolved,,izua a tapuluʼ / tapuluq a sasupuan a gang i maza.
Paiwan_e818c9d7-be0a-f011-bd65-00155db40116,resolved,,izua a tapuluʼ / tapuluq katu alu a sasupuan a ciqav i zuwa.
Paiwan_e918c9d7-be0a-f011-bd65-00155db40116,resolved,,izua a tapuluʼ / tapuluq katu drusa a sasupuan a budru i zuwa.
Paiwan_a219c9d7-be0a-f011-bd65-00155db40116,resolved,,izua a tapuluʼ / tapuluq katu lima a sasupuan a ʼiladjan / qiladjan i zuwa.
Paiwan_a319c9d7-be0a-f011-bd65-00155db40116,resolved,,izua a tapuluʼ / tapuluq katu pitju a sasupuan a veljevelj i zuwa.
Paiwan_a519c9d7-be0a-f011-bd65-00155db40116,resolved,,izua a tapuluʼ / tapuluq katu siva a sasupuan a ljasiak i maza.
Paiwan_a619c9d7-be0a-f011-bd65-00155db40116,resolved,,izua a tapuluʼ / tapuluq katu tjelu a sasupuan a tjianes i zuwa.
Paiwan_a719c9d7-be0a-f011-bd65-00155db40116,resolved,,izua a tapuluʼ / tapuluq katu unem a sasupuan a qapuluan a kasiv i zuwa.
Paiwan_ce96d8cb-be0a-f011-bd65-00155db40116,resolved,,izua a tapuluʼ/tapuluq a sasupuan a gang i maza.
Paiwan_cf96d8cb-be0a-f011-bd65-00155db40116,resolved,,izua a tapuluʼ/tapuluq katu alu a sasupuan a ciqav i zuwa.
Paiwan_d096d8cb-be0a-f011-bd65-00155db40116,resolved,,izua a tapuluʼ/tapuluq katu drusa a sasupuan a budru i zuwa.
Paiwan_d296d8cb-be0a-f011-bd65-00155db40116,resolved,,izua a tapuluʼ/tapuluq katu lima a sasupuan a ʼiladjan/qiladjan i zuwa.
Paiwan_d396d8cb-be0a-f011-bd65-00155db40116,resolved,,izua a tapuluʼ/tapuluq katu pitju a sasupuan a veljevelj i zuwa.
Paiwan_d596d8cb-be0a-f011-bd65-00155db40116,resolved,,izua a tapuluʼ/tapuluq katu siva a sasupuan a ljasiak i maza.
Paiwan_d696d8cb-be0a-f011-bd65-00155db40116,resolved,,izua a tapuluʼ/tapuluq katu tjelu a sasupuan a tjianes i zuwa.
Paiwan_d796d8cb-be0a-f011-bd65-00155db40116,resolved,,izua a tapuluʼ/tapuluq katu unem a sasupuan a qapuluan a kasiv i zuwa.
Paiwan_e018c9d7-be0a-f011-bd65-00155db40116,resolved,,izua a taʼecevan / taqecevan a qecap i cukuy.
Paiwan_c996d8cb-be0a-f011-bd65-00155db40116,resolved,,izua a taʼecevan/taqecevan a qecap i cukuy.
Paiwan_1e1ac9d7-be0a-f011-bd65-00155db40116,resolved,,izua a tjelu a puluʼ / puluq a sasupuan a sunatj na ku kaka.
Paiwan_1f1ac9d7-be0a-f011-bd65-00155db40116,resolved,,izua a tjelu a puluʼ / puluq katu ita a sasupuan a budru ni kaka.
Paiwan_5798d8cb-be0a-f011-bd65-00155db40116,resolved,,izua a tjelu a puluʼ/puluq a sasupuan a sunatj na ku kaka.
Paiwan_5898d8cb-be0a-f011-bd65-00155db40116,resolved,,izua a tjelu a puluʼ/puluq katu ita a sasupuan a budru ni kaka.
Paiwan_781ac9d7-be0a-f011-bd65-00155db40116,resolved,,izua a tjelu a ʼapuluan / qapuluan a tjevus imaza.
Paiwan_7e16c9d7-be0a-f011-bd65-00155db40116,resolved,,izua ciʼav / ciqav i pana.
Paiwan_491bc9d7-be0a-f011-bd65-00155db40116,resolved,,izua ita a ʼayaʼayam / qayaqayam kata vuvuan i vavav ta kasiv.
Paiwan_64d7d0d1-be0a-f011-bd65-00155db40116,resolved,,izua liav a kakudrakudralan a ljaʼipuʼipu / ljaqipuqipu i vavav tua kasiv.
Paiwan_c94fe0c5-be0a-f011-bd65-00155db40116,resolved,,izua liav a kakudrakudralan a ljaʼipuʼipu/ljaqipuqipu i vavav tua kasiv.
Paiwan_94d1d0d1-be0a-f011-bd65-00155db40116,resolved,,izua lima a ciki / cii i maza.
Paiwan_0a4be0c5-be0a-f011-bd65-00155db40116,resolved,,izua lima a ciki/cii i maza.
Paiwan_f39ad8cb-be0a-f011-bd65-00155db40116,resolved,,izua lima a ʼucengecengel / qucengecengel kata drusa a ʼudjidjilj / qudjidjilj a bukelulj i kavatjes.
Paiwan_b51bc9d7-be0a-f011-bd65-00155db40116,resolved,,izua tapuluʼ / tapuluq a sasupuan a vurasi / vurati i maza.
Paiwan_a119c9d7-be0a-f011-bd65-00155db40116,resolved,,izua tapuluʼ / tapuluq katu ita a sasupuan a kisi i maza.
Paiwan_fdd8d0d1-be0a-f011-bd65-00155db40116,resolved,,izua tapuluʼ katu ita a sasupuan a navat / vanatj i maza.
Paiwan_8f93d8cb-be0a-f011-bd65-00155db40116,resolved,,izua tapuluʼ katu ita a sasupuan a navat/vanatj i maza.
Paiwan_d196d8cb-be0a-f011-bd65-00155db40116,resolved,,izua tapuluʼ/tapuluq katu ita a sasupuan a kisi i maza.
Paiwan_6f16c9d7-be0a-f011-bd65-00155db40116,resolved,,izua taʼapuluan / taqapuluan a kasiv i pasa ʼayav / qayav ta umaʼ / umaq nimadju.
Paiwan_75d5d0d1-be0a-f011-bd65-00155db40116,resolved,,izua taʼapuluan / taqapuluan a kasiv imaza.
Paiwan_7698d8cb-be0a-f011-bd65-00155db40116,resolved,,izua za kudrakudral a ʼaciljay / qaciljay i kadjalanan.
Paiwan_5e13e8bf-be0a-f011-bd65-00155db40116,resolved,,izua za kudrakudral a ʼaciljay/qaciljay i kadjalanan.
Paiwan_dad6d0d1-be0a-f011-bd65-00155db40116,resolved,,izua za namacay a kumakuma i tjuljivaran ta ʼaciljay / qaciljay.
Paiwan_0b1ac9d7-be0a-f011-bd65-00155db40116,resolved,,izua za ngiav i tjaiteku tua ʼiladjan / qiladjan.
Paiwan_8397d8cb-be0a-f011-bd65-00155db40116,resolved,,izua za ngiav i tjaiteku tua ʼiladjan/qiladjan.
Paiwan_7f98d8cb-be0a-f011-bd65-00155db40116,resolved,,izua za ngiav i ʼaljiv / qaljiv.
Paiwan_6b13e8bf-be0a-f011-bd65-00155db40116,resolved,,izua za ngiav i ʼaljiv/qaljiv.
Paiwan_37d6d0d1-be0a-f011-bd65-00155db40116,resolved,,izua za tjengelay a kikerap tua djeljep kata kasiv tua katjutjung katua cuvuʼ / cuvuq.
Paiwan_894de0c5-be0a-f011-bd65-00155db40116,resolved,,izua za tjengelay a kikerap tua djeljep kata kasiv tua katjutjung katua cuvuʼ/cuvuq.
Paiwan_9499d8cb-be0a-f011-bd65-00155db40116,resolved,,izua ʼerepus / qurepus i kalevelevan.
Paiwan_4f49e0c5-be0a-f011-bd65-00155db40116,resolved,,izua ʼerepus/qurepus i kalevelevan.
Paiwan_41d2d0d1-be0a-f011-bd65-00155db40116,resolved,,"ka djemapes ta za ʼadupu / qadupu timadju, setavat anga azuwa ʼadupu / qadupu."
Paiwan_ee1ac9d7-be0a-f011-bd65-00155db40116,dropped,"ka maipuʼ / maipuq a vaki / bunbun, secaca anga penuljat aza zaljum.","ka maipuʼ / maipuq a vaki / bunbun, secaca anga penuljat aza zaljum."
Paiwan_0d99d8cb-be0a-f011-bd65-00155db40116,dropped,"ka maipuʼ/maipuq a vaki/bunbun, secaca anga penuljat aza zaljum.","ka maipuʼ/maipuq a vaki/bunbun, secaca anga penuljat aza zaljum."
Paiwan_c4d8d0d1-be0a-f011-bd65-00155db40116,resolved,,ka masulesulem sekauljan aken ni kina a venateʼ / venateq.
Paiwan_299ad8cb-be0a-f011-bd65-00155db40116,resolved,,kakedriyan anan timadju ljakua nu ʼivu / qivu pay namaya ta ramaljeng.
Paiwan_424ae0c5-be0a-f011-bd65-00155db40116,resolved,,kakedriyan anan timadju ljakua nu ʼivu/qivu pay namaya ta ramaljeng.
Paiwan_329ad8cb-be0a-f011-bd65-00155db40116,resolved,,kalialiav a ʼuvalj / quvalj naicu a ʼunuʼunu.
Paiwan_4b4ae0c5-be0a-f011-bd65-00155db40116,resolved,,kalialiav a ʼuvalj/quvalj naicu a ʼunuʼunu.
Paiwan_0c1ac9d7-be0a-f011-bd65-00155db40116,dropped,kasalim kasikiukay ti kina kata nia tjakadjan / tarev.,kasalim kasikiukay ti kina kata nia tjakadjan / tarev.
Paiwan_46d2d0d1-be0a-f011-bd65-00155db40116,resolved,,"kasalim na djemkep ta ta ʼadris / qadris tiamadju, mavananga sini supuljuan tua pasakuyakuya."
Paiwan_ee4be0c5-be0a-f011-bd65-00155db40116,resolved,,"kasalim na djemkep ta ta ʼadris/qadris tiamadju, mavananga sini supuljuan tua pasakuyakuya."
Paiwan_3d9ad8cb-be0a-f011-bd65-00155db40116,dropped,kasi kakituluan / gakku amen katiav.,kasi kakituluan / gakku amen katiav.
Paiwan_544ae0c5-be0a-f011-bd65-00155db40116,dropped,kasi kakituluan/gakku amen katiav.,kasi kakituluan/gakku amen katiav.
Paiwan_801ac9d7-be0a-f011-bd65-00155db40116,resolved,,kasicuayan a itung na uʼaljaʼaljay / uqaljaqaljay izua tjupi / tjupi a sinipaselem i ʼayav / qayav ta varung.
Paiwan_6998d8cb-be0a-f011-bd65-00155db40116,resolved,,kasicuayan a itung na uʼaljaʼaljay/uqaljaqaljay izua tjupi/tjupi a sinipaselem i ʼayav/qayav ta varung.
Paiwan_f6d8d0d1-be0a-f011-bd65-00155db40116,resolved,,kasicuayan aza nia ʼuma / quma na natinaleman tua mugi.
Paiwan_8293d8cb-be0a-f011-bd65-00155db40116,resolved,,kasicuayan aza nia ʼuma/quma na natinaleman tua mugi.
Paiwan_7498d8cb-be0a-f011-bd65-00155db40116,resolved,,kasikatjelu vinayan aken ni vuvu tua ʼaʼilj / qaqilj.
Paiwan_c012e8bf-be0a-f011-bd65-00155db40116,resolved,,kasikatjelu vinayan aken ni vuvu tua ʼaʼilj/qaqilj.
Paiwan_ce4be0c5-be0a-f011-bd65-00155db40116,dropped,kasikatjelu vinayan aken ni vuvu tuaʼaʼilj/qaqilj.,kasikatjelu vinayan aken ni vuvu tuaʼaʼilj/qaqilj.
Paiwan_74d5d0d1-be0a-f011-bd65-00155db40116,resolved,,kasizua anga aken tua umaʼ / umaq nimadju.
Paiwan_7a4de0c5-be0a-f011-bd65-00155db40116,resolved,,kasizua anga aken tua umaʼ/umaq nimadju.
Paiwan_78d5d0d1-be0a-f011-bd65-00155db40116,dropped,katiav / tatiav kasi gakku / kakituluan a ku kaka vavayan.,katiav / tatiav kasi gakku / kakituluan a ku kaka vavayan.
Paiwan_551bc9d7-be0a-f011-bd65-00155db40116,resolved,,katiav aza celalaʼ / celalaq izua i gadugadu na venelaʼ / venelaq ta kasiv a maruanemanema.
Paiwan_1c99d8cb-be0a-f011-bd65-00155db40116,resolved,,katiav aza celalaʼ/celalaq izua i gadugadu na venelaʼ/venelaq ta kasiv a maruanemanema.
Paiwan_561bc9d7-be0a-f011-bd65-00155db40116,resolved,,katiav kasi siubay aken a veneli tua ʼalev / qalev kata djiuq.
Paiwan_1d99d8cb-be0a-f011-bd65-00155db40116,resolved,,katiav kasi siubay aken a veneli tua ʼalev/qalev kata djiuq.
Paiwan_804ce0c5-be0a-f011-bd65-00155db40116,resolved,,katiav kasi siubay aken a veneli tuaʼalev/qalev kata djiuq.
Paiwan_571bc9d7-be0a-f011-bd65-00155db40116,resolved,,katiav kasi vavua amen a kemaur sa patideʼ / patideq a veneljuc tua na mezangal a cemel.
Paiwan_1e99d8cb-be0a-f011-bd65-00155db40116,resolved,,katiav kasi vavua amen a kemaur sa patideʼ/patideq a veneljuc tua na mezangal a cemel.
Paiwan_3dd2d0d1-be0a-f011-bd65-00155db40116,dropped,katiav pinivavav amen ni kama tua palidring a ma tatakayan a djaravac / kemlauc.,katiav pinivavav amen ni kama tua palidring a ma tatakayan a djaravac / kemlauc.
Paiwan_ea4be0c5-be0a-f011-bd65-00155db40116,dropped,katiav pinivavav amen ni kama tua palidring a ma tatakayan a djaravac/kemlauc.,katiav pinivavav amen ni kama tua palidring a ma tatakayan a djaravac/kemlauc.
Paiwan_7c4de0c5-be0a-f011-bd65-00155db40116,dropped,katiav/tatiav kasi gakku/kakituluan a ku kaka vavayan.,katiav/tatiav kasi gakku/kakituluan a ku kaka vavayan.
Paiwan_7fd5d0d1-be0a-f011-bd65-00155db40116,dropped,kedri a ku paisu / valjituq.,kedri a ku paisu / valjituq.
Paiwan_7f4de0c5-be0a-f011-bd65-00155db40116,dropped,kedri a ku paisu/valjituq.,kedri a ku paisu/valjituq.
Paiwan_f01ac9d7-be0a-f011-bd65-00155db40116,dropped,kedri a valangis / sudip na ku kula.,kedri a valangis / sudip na ku kula.
Paiwan_0e99d8cb-be0a-f011-bd65-00155db40116,dropped,kedri a valangis/sudip na ku kula.,kedri a valangis/sudip na ku kula.
Paiwan_82d5d0d1-be0a-f011-bd65-00155db40116,resolved,,"kelju samazau, ku sinivasak anga sun tua su kaizuanan a ʼemiladj / qemiladj."
Paiwan_814de0c5-be0a-f011-bd65-00155db40116,resolved,,"kelju samazau, ku sinivasak anga sun tua su kaizuanan a ʼemiladj/qemiladj."
Paiwan_5518c9d7-be0a-f011-bd65-00155db40116,dropped,kemasi pana ken sa pasa / sema i gadugadu.,kemasi pana ken sa pasa / sema i gadugadu.
Paiwan_8ad5d0d1-be0a-f011-bd65-00155db40116,resolved,,kemeljang sun tu macaʼu / macaqu aravac a semenay timadju?
Paiwan_39d6d0d1-be0a-f011-bd65-00155db40116,dropped,kilang / ngaingay / seari aza sinsi nimadju.,kilang / ngaingay / seari aza sinsi nimadju.
Paiwan_8b4de0c5-be0a-f011-bd65-00155db40116,dropped,kilang/ngaingay/seari aza sinsi nimadju.,kilang/ngaingay/seari aza sinsi nimadju.
Paiwan_7c16c9d7-be0a-f011-bd65-00155db40116,dropped,kinacu anga a paljangpang / vauraviran na ku kaka.,kinacu anga a paljangpang / vauraviran na ku kaka.
Paiwan_339ad8cb-be0a-f011-bd65-00155db40116,resolved,,kinan anga na ciʼav / ciqav aza ʼuzang / quzang.
Paiwan_4c4ae0c5-be0a-f011-bd65-00155db40116,resolved,,kinan anga na ciʼav/ciqav aza ʼuzang/quzang.
Paiwan_591bc9d7-be0a-f011-bd65-00155db40116,resolved,,kinapeljuʼan / kinapeljuqan na vengeʼ / vengeq a ngudjus na ku kaka.
Paiwan_b399d8cb-be0a-f011-bd65-00155db40116,resolved,,kinapeljuʼan/kinapeljuqan na vengeʼ/vengeq a ngudjus na ku kaka.
Paiwan_5ed7d0d1-be0a-f011-bd65-00155db40116,resolved,,kintaljen a limʼudj / leminqudj nimadju aza tjavuvuk a tjakudral tua vulungan.
Paiwan_c34fe0c5-be0a-f011-bd65-00155db40116,resolved,,kintaljen a limʼudj/leminqudj nimadju aza tjavuvuk a tjakudral tua vulungan.
Paiwan_b9d8d0d1-be0a-f011-bd65-00155db40116,resolved,,kipusengsengsengan tiamadju a marecekelj a vuaq / vuaʼ i ljavek.
Paiwan_e2d7d0d1-be0a-f011-bd65-00155db40116,resolved,,kisusu a ljezaya ta djalan sa kisevec a djemavac ki padjaljun ta umaʼ / umaq nimadju.
Paiwan_1649e0c5-be0a-f011-bd65-00155db40116,dropped,kivadaqi ti kama tu anema nu gasulingan / ljauljavan a sipugasulisuling / sipuljauljav tua tja palidring?,kivadaqi ti kama tu anema nu gasulingan / ljauljavan a sipugasulisuling / sipuljauljav tua tja palidring?
Paiwan_8bd1d0d1-be0a-f011-bd65-00155db40116,resolved,,kivadaʼ / kivadaq ta kina timadju tu kemuda a cemljis ta zakilj.
Paiwan_074be0c5-be0a-f011-bd65-00155db40116,resolved,,kivadaʼ/kivadaq ta kina timadju tu kemuda a cemljis ta zakilj.
Paiwan_e8d3d0d1-be0a-f011-bd65-00155db40116,dropped,kivangavangavang tiamadju ta matadulat tua kakakaka / saljangaulan.,kivangavangavang tiamadju ta matadulat tua kakakaka / saljangaulan.
Paiwan_fcd5d0d1-be0a-f011-bd65-00155db40116,resolved,,kivangavangavang tiamadju tua madadulat tua saljangaulan /ʼailjungan.
Paiwan_51d7d0d1-be0a-f011-bd65-00155db40116,dropped,ku lapen sa ku vayan tjay vuvu aza sitjenutjenun a lekelek / tjepal.,ku lapen sa ku vayan tjay vuvu aza sitjenutjenun a lekelek / tjepal.
Paiwan_b61bc9d7-be0a-f011-bd65-00155db40116,resolved,,ku pacunan timadju a na djemadjas tua vurav a kacalaʼ / kacalaq a djemukudjukul ta aljak.
Paiwan_c699d8cb-be0a-f011-bd65-00155db40116,resolved,,ku pacunan timadju a na djemadjas tua vurav a kacalaʼ/kacalaq a djemukudjukul ta aljak.
Paiwan_ddd3d0d1-be0a-f011-bd65-00155db40116,resolved,,ku pini itjumaʼ / itjumaq a niaken a budru.
Paiwan_9f4ce0c5-be0a-f011-bd65-00155db40116,resolved,,ku pini itjumaʼ/itjumaq a niaken a budru.
Paiwan_7616c9d7-be0a-f011-bd65-00155db40116,resolved,,ku pinu taidayan a vatan a veneli aicu a vurasi / vurati.
Paiwan_fbd2d0d1-be0a-f011-bd65-00155db40116,resolved,,ku sialap ta garuc sa ku garuci a ʼuvalj / quvalj na ku kaka.
Paiwan_f09ad8cb-be0a-f011-bd65-00155db40116,resolved,,ku umaʼ / umaq azuwa.
Paiwan_584ae0c5-be0a-f011-bd65-00155db40116,resolved,,ku umaʼ/umaq azuwa.
Paiwan_b719c9d7-be0a-f011-bd65-00155db40116,resolved,,ku ʼali / qali tiamadju.
Paiwan_614ee0c5-be0a-f011-bd65-00155db40116,resolved,,kuljepac / kudjepal a paruk nua saviki.
Paiwan_7097d8cb-be0a-f011-bd65-00155db40116,resolved,,kupai alapan aken tu taitan ta ʼadupu / qadupu kata ita tu inpic.
Paiwan_6113e8bf-be0a-f011-bd65-00155db40116,resolved,,kupai alapan aken tu taitan ta ʼadupu/qadupu kata ita tu inpic.
Paiwan_06d3d0d1-be0a-f011-bd65-00155db40116,resolved,,ladruʼ / ladruq aravac a iku na karang.
Paiwan_f0d3d0d1-be0a-f011-bd65-00155db40116,resolved,,ladruʼ / ladruq aravac aicu a kalavis.
Paiwan_8399d8cb-be0a-f011-bd65-00155db40116,resolved,,lemutud a ku ʼavuvung / qavuvung katiav.
Paiwan_3849e0c5-be0a-f011-bd65-00155db40116,resolved,,lemutud a ku ʼavuvung/qavuvung katiav.
Paiwan_069bd8cb-be0a-f011-bd65-00155db40116,dropped,liav a ljuang a kikakan tua cemel i zuwa i kazatjan ta cauciuci / cemecemel.,liav a ljuang a kikakan tua cemel i zuwa i kazatjan ta cauciuci / cemecemel.
Paiwan_7bd5d0d1-be0a-f011-bd65-00155db40116,resolved,,liav a na cemuvuʼ / cemuvuq a kavaluan i kadjalanan.
Paiwan_ab19c9d7-be0a-f011-bd65-00155db40116,resolved,,liav a teʼican / teqican ni vuvu a siteʼiteʼic / siteqiteqic.
Paiwan_db96d8cb-be0a-f011-bd65-00155db40116,resolved,,liav a teʼican/teqican ni vuvu a siteʼiteʼic/siteqiteqic.
Paiwan_e4d3d0d1-be0a-f011-bd65-00155db40116,dropped,liav aravac a kadrang / ljavingan i ta azua gadu.,liav aravac a kadrang / ljavingan i ta azua gadu.
Paiwan_a24ce0c5-be0a-f011-bd65-00155db40116,dropped,liav aravac a kadrang/ljavingan i ta azua gadu.,liav aravac a kadrang/ljavingan i ta azua gadu.
Paiwan_cfd6d0d1-be0a-f011-bd65-00155db40116,resolved,,liav aravac a pini kubav a ta vaʼu / vaqu.
Paiwan_a44ee0c5-be0a-f011-bd65-00155db40116,resolved,,liav aravac a pini kubav a ta vaʼu/vaqu.
Paiwan_2d9ad8cb-be0a-f011-bd65-00155db40116,resolved,,liav aravac a sinitalem a ʼudis / qudis ni vuvu i gadu.
Paiwan_464ae0c5-be0a-f011-bd65-00155db40116,resolved,,liav aravac a sinitalem a ʼudis/qudis ni vuvu i gadu.
Paiwan_61d7d0d1-be0a-f011-bd65-00155db40116,resolved,,lima a puluʼ / puluq a ʼaciljay / qaciljay a kinacu sa vaikan na ku kaka.
Paiwan_c24fe0c5-be0a-f011-bd65-00155db40116,resolved,,lima a puluʼ/puluq a ʼaciljay/qaciljay a kinacu sa vaikan na ku kaka.
Paiwan_e1d7d0d1-be0a-f011-bd65-00155db40116,resolved,,ljemuceljuc ti kina nu venateʼ / venateq.
Paiwan_d54fe0c5-be0a-f011-bd65-00155db40116,resolved,,ljemuceljuc ti kina nu venateʼ/venateq.
Paiwan_4cd2d0d1-be0a-f011-bd65-00155db40116,resolved,,ljenguaʼu / ljenguaqu a dremiur nu kemsa sun ta ʼinasav / qinasav.
Paiwan_f74be0c5-be0a-f011-bd65-00155db40116,resolved,,ljenguaʼu/ljenguaqu a dremiur nu kemsa sun ta ʼinasav/qinasav.
Paiwan_141ac9d7-be0a-f011-bd65-00155db40116,resolved,,macaqu a semenay a ku kaka tjaljaljak a uqaljay / uʼaljay.
Paiwan_8697d8cb-be0a-f011-bd65-00155db40116,resolved,,macaqu a semenay a ku kaka tjaljaljak a uqaljay/uʼaljay.
Paiwan_c21bc9d7-be0a-f011-bd65-00155db40116,resolved,,macaʼu / macaqu a semenay saka macaʼu / macaqu a zemiyan uta timadju.
Paiwan_251ac9d7-be0a-f011-bd65-00155db40116,resolved,,macaʼu / macaqu aravac a tjemenun ti kina.
Paiwan_c31bc9d7-be0a-f011-bd65-00155db40116,dropped,macaʼu / macaqu aravac a zemuga / cemukis a ku kaka vavayan.,macaʼu / macaqu aravac a zemuga / cemukis a ku kaka vavayan.
Paiwan_7ed5d0d1-be0a-f011-bd65-00155db40116,resolved,,macaʼu / macaqu sun a lemangeda tua kay a kinacalisianan?
Paiwan_6f98d8cb-be0a-f011-bd65-00155db40116,resolved,,macaʼu / macaqu ti kama kati kaka a ʼemaljiv / qemaljiv.
Paiwan_cb99d8cb-be0a-f011-bd65-00155db40116,resolved,,macaʼu/macaqu a semenay saka macaʼu/macaqu a zemiyan uta timadju.
Paiwan_cc99d8cb-be0a-f011-bd65-00155db40116,dropped,macaʼu/macaqu aravac a zemuga/cemukis a ku kaka vavayan.,macaʼu/macaqu aravac a zemuga/cemukis a ku kaka vavayan.
Paiwan_7e4de0c5-be0a-f011-bd65-00155db40116,resolved,,macaʼu/macaqu sun a lemangeda tua kay a kinacalisianan?
Paiwan_4249e0c5-be0a-f011-bd65-00155db40116,resolved,,macaʼu/macaqu ti kama kati kaka a ʼemaljiv/qemaljiv.
Paiwan_eed7d0d1-be0a-f011-bd65-00155db40116,resolved,,"maculja anga aken aravac, ini a ke kan a tucu a ʼadav / qadav ."
Paiwan_764ee0c5-be0a-f011-bd65-00155db40116,dropped,makadjekep tua quljimazingay / tjagimgim ti muni.,makadjekep tua quljimazingay / tjagimgim ti muni.
Paiwan_774ee0c5-be0a-f011-bd65-00155db40116,resolved,,makakananga a kaljivungu / tjivunguan tatja qinuman.
Paiwan_b219c9d7-be0a-f011-bd65-00155db40116,resolved,,makaya aravac a ljavingan a temepiʼ / temepiq ta ricing.
Paiwan_7697d8cb-be0a-f011-bd65-00155db40116,resolved,,makaya aravac a ljavingan a temepiʼ/temepiq ta ricing.
Paiwan_efd8d0d1-be0a-f011-bd65-00155db40116,resolved,,makaya aravac timadju a menecemec ta patailjan nu kiʼuljucan / kiquljucan.
Paiwan_7e93d8cb-be0a-f011-bd65-00155db40116,resolved,,makaya aravac timadju a menecemec ta patailjan nu kiʼuljucan/kiquljucan.
Paiwan_ffd2d0d1-be0a-f011-bd65-00155db40116,resolved,,makaya sun a gemucguc tjanuaken? gacel aravac a ku uʼulj / uqulj !
Paiwan_fdd5d0d1-be0a-f011-bd65-00155db40116,dropped,makaya tja saneʼavain a kalalumai / rumagay.,makaya tja saneʼavain a kalalumai / rumagay.
Paiwan_be4ae0c5-be0a-f011-bd65-00155db40116,dropped,makesanga djamai padjeleu/padjelu a tjazatjazar(cukuy) uljatjen a keman.,makesanga djamai padjeleu/padjelu a tjazatjazar(cukuy) uljatjen a keman.
Paiwan_47d8d0d1-be0a-f011-bd65-00155db40116,resolved,,makuda azua vavayan kuazua ʼucengecengel / qecengecengel a ʼuvalj / quvalj?
Paiwan_121ac9d7-be0a-f011-bd65-00155db40116,resolved,,malap ta tjakaz sa tuluy aken ni kina tu kemuda semulavu ta vaʼu / vaqu.
Paiwan_261ac9d7-be0a-f011-bd65-00155db40116,resolved,,malap ti kaka tua pangul sa panguli a pendi aza ʼaciljay / qaciljay.
Paiwan_6098d8cb-be0a-f011-bd65-00155db40116,resolved,,malap ti kaka tua pangul sa panguli a pendi aza ʼaciljay/qaciljay.
Paiwan_111ac9d7-be0a-f011-bd65-00155db40116,resolved,,malap ti kina ta tjakaz sa semulavu tua vaʼu / vaqu.
Paiwan_5c1bc9d7-be0a-f011-bd65-00155db40116,resolved,,malap timadju ta calis sa venljatj / venalutjay ta vatu.
Paiwan_b699d8cb-be0a-f011-bd65-00155db40116,resolved,,malap timadju ta calis sa venljatj/venalutjay ta vatu.
Paiwan_6218c9d7-be0a-f011-bd65-00155db40116,dropped,malje / man sepatj a puluʼ / puluq a sasupuan a caucau i kiukay.,malje / man sepatj a puluʼ / puluq a sasupuan a caucau i kiukay.
Paiwan_da18c9d7-be0a-f011-bd65-00155db40116,dropped,malje / man siva a puluʼ / puluq a sasupuan a situ ni sinsi.,malje / man siva a puluʼ / puluq a sasupuan a situ ni sinsi.
Paiwan_fa9ad8cb-be0a-f011-bd65-00155db40116,dropped,malje / man tapuluq / tapuluʼ a caucau i maza.,malje / man tapuluq / tapuluʼ a caucau i maza.
Paiwan_4f96d8cb-be0a-f011-bd65-00155db40116,dropped,malje/man sepatj a puluʼ/puluq a sasupuan a caucau i kiukay.,malje/man sepatj a puluʼ/puluq a sasupuan a caucau i kiukay.
Paiwan_c696d8cb-be0a-f011-bd65-00155db40116,dropped,malje/man siva a puluʼ/puluq a sasupuan a situ ni sinsi.,malje/man siva a puluʼ/puluq a sasupuan a situ ni sinsi.
Paiwan_b1d8d0d1-be0a-f011-bd65-00155db40116,resolved,,mamav a nia kinacu a inpic tucu a ʼadav / qadav.
Paiwan_f450e0c5-be0a-f011-bd65-00155db40116,resolved,,mamav a nia kinacu a inpic tucu a ʼadav/qadav.
Paiwan_9299d8cb-be0a-f011-bd65-00155db40116,resolved,,manu ʼemudjalj / qemudjalj a paljeʼaca / paljeqaca.
Paiwan_4b49e0c5-be0a-f011-bd65-00155db40116,resolved,,manu ʼemudjalj/qemudjalj a paljeʼaca/paljeqaca.
Paiwan_bad8d0d1-be0a-f011-bd65-00155db40116,resolved,,mapida a su marekavetjek / marekakaka?
Paiwan_fd50e0c5-be0a-f011-bd65-00155db40116,resolved,,mapida a su marekavetjek/marekakaka?
Paiwan_3ad2d0d1-be0a-f011-bd65-00155db40116,resolved,,marekutj aken aravac a pacun ta djamuʼ / djamauq!
Paiwan_e94be0c5-be0a-f011-bd65-00155db40116,resolved,,marekutj aken aravac a pacun ta djamuʼ/djamauq!
Paiwan_b31bc9d7-be0a-f011-bd65-00155db40116,dropped,marekutj aravac a ku kaka nu miperper a vungu / tjivungan / ljungas.,marekutj aravac a ku kaka nu miperper a vungu / tjivungan / ljungas.
Paiwan_c599d8cb-be0a-f011-bd65-00155db40116,dropped,marekutj aravac a ku kaka nu miperper a vungu/tjivungan/ljungas.,marekutj aravac a ku kaka nu miperper a vungu/tjivungan/ljungas.
Paiwan_d217c9d7-be0a-f011-bd65-00155db40116,resolved,,marekutj tu kirivuanan na kaka timadju sika na kiʼilja / kiqilja i putung.
Paiwan_ec1ac9d7-be0a-f011-bd65-00155db40116,resolved,,"masa sikavaljut, vaik anga timadju a matjuʼalja / matjuqalja a kipusaliman."
Paiwan_461bc9d7-be0a-f011-bd65-00155db40116,dropped,masalu amen tu izua a vatitingan / paseljaling,masalu amen tu izua a vatitingan / paseljaling
Paiwan_2617c9d7-be0a-f011-bd65-00155db40116,resolved,,matjaliavliav a papiceʼan / papiceqan nua tja kinacavacavan.
Paiwan_454fe0c5-be0a-f011-bd65-00155db40116,resolved,,matjaliavliav a papiceʼan/papiceqan nua tja kinacavacavan.
Paiwan_b019c9d7-be0a-f011-bd65-00155db40116,resolved,,matucu ti kina ʼivu / qivu tjanuamen nu temekel itjen a semuʼaca / semuqaca tua zaljum sika nanguaʼan / nanguaqan nua tja kinacavacavan aya.
Paiwan_cbd8d0d1-be0a-f011-bd65-00155db40116,resolved,,mavetu anga aken aravac tjara ikanga mulisuʼ / mulisuq uta a kakanen.
Paiwan_6a4ee0c5-be0a-f011-bd65-00155db40116,dropped,maya ljiadet tazua ljuang cualen / tequngen sun.,maya ljiadet tazua ljuang cualen / tequngen sun.
Paiwan_2a473c9e-8a33-f011-8fad-000d3a8250a0,dropped,maya ljiadet tazua ljuang cualen/tequngen sun.,maya ljiadet tazua ljuang cualen/tequngen sun.
Paiwan_e8d8d0d1-be0a-f011-bd65-00155db40116,dropped,"maya pavay taimadju ta valjitjuq(paisu), ku vinayan anga kasauni.","maya pavay taimadju ta valjitjuq(paisu), ku vinayan anga kasauni."
Paiwan_521bc9d7-be0a-f011-bd65-00155db40116,resolved,,maya sa venadevad ta ku nemanga kuayain a ku kaka uʼaljay / uqaljay.
Paiwan_1599d8cb-be0a-f011-bd65-00155db40116,resolved,,maya sa venadevad ta ku nemanga kuayain a ku kaka uʼaljay/uqaljay.
Paiwan_ecd8d0d1-be0a-f011-bd65-00155db40116,dropped,mazuʼ / matjaq anan aza kalanbav i palikulikuz.,mazuʼ / matjaq anan aza kalanbav i palikulikuz.
Paiwan_ebd8d0d1-be0a-f011-bd65-00155db40116,resolved,,mazuʼ / mazuq anan a vangalj na kamaya.
Paiwan_7893d8cb-be0a-f011-bd65-00155db40116,resolved,,mazuʼ/mazuq anan a vangalj na kamaya.
Paiwan_ebd7d0d1-be0a-f011-bd65-00155db40116,resolved,,maʼusav / maqusav aken aravac tu temekel ta zaljum.
Paiwan_0c51e0c5-be0a-f011-bd65-00155db40116,resolved,,maʼusav/maqusav aken aravac tu temekel ta zaljum.
Paiwan_6018c9d7-be0a-f011-bd65-00155db40116,resolved,,maʼutjav / maqutjav ti kina ta sengesengan i tjumaʼ / tjumaq.
Paiwan_4e96d8cb-be0a-f011-bd65-00155db40116,resolved,,maʼutjav/maqutjav ti kina ta sengesengan i tjumaʼ/tjumaq.
Paiwan_8199d8cb-be0a-f011-bd65-00155db40116,resolved,,melava aravac a ʼavan / qavan nimadju.
Paiwan_7813e8bf-be0a-f011-bd65-00155db40116,resolved,,melava aravac a ʼavan/qavan nimadju.
Paiwan_3617c9d7-be0a-f011-bd65-00155db40116,resolved,,menguq / menguaʼ anga ku piqay / piʼay.
Paiwan_f594d8cb-be0a-f011-bd65-00155db40116,resolved,,menguq/menguaʼ anga ku piqay/piʼay.
Paiwan_f0d8d0d1-be0a-f011-bd65-00155db40116,resolved,,minpudruk a paʼulid / paqulid tua levan tiamadju.
Paiwan_8193d8cb-be0a-f011-bd65-00155db40116,resolved,,minpudruk a paʼulid/paqulid tua levan tiamadju.
Paiwan_efd7d0d1-be0a-f011-bd65-00155db40116,resolved,,minvalak a liʼu / liqu nu madraʼul / madraqul.
Paiwan_3950e0c5-be0a-f011-bd65-00155db40116,resolved,,minvalak a liʼu/liqu nu madraʼul/madraqul.
Paiwan_309ad8cb-be0a-f011-bd65-00155db40116,resolved,,minʼut / minqut anga a ʼuljivangerav / quljivangerav.
Paiwan_494ae0c5-be0a-f011-bd65-00155db40116,resolved,,minʼut/minqut anga a ʼuljivangerav/quljivangerav.
Paiwan_7298d8cb-be0a-f011-bd65-00155db40116,resolved,,miperperper a makata cauciuci aza ʼuljicacingelav / quljicacengelav.
Paiwan_0599d8cb-be0a-f011-bd65-00155db40116,resolved,,miperperper a makata cauciuci aza ʼuljicacingelav/quljicacengelav.
Paiwan_8499d8cb-be0a-f011-bd65-00155db40116,resolved,,miperperper i kalevelevan azua ʼayaʼayam / qayaqayam.
Paiwan_3949e0c5-be0a-f011-bd65-00155db40116,resolved,,miperperper i kalevelevan azua ʼayaʼayam/qayaqayam.
Paiwan_2fd6d0d1-be0a-f011-bd65-00155db40116,resolved,,miperperper i puvaʼuan / puvaquan azua kerilj.
Paiwan_049bd8cb-be0a-f011-bd65-00155db40116,resolved,,na cemavulid ti kama tu taʼuyulj / taquyulj ta kasiv a mangetjez.
Paiwan_079bd8cb-be0a-f011-bd65-00155db40116,resolved,,na cemeged aken tua mareka ku ʼali / qali a matjumaʼ / matjumaq a keman.
Paiwan_07d3d0d1-be0a-f011-bd65-00155db40116,resolved,,na cemian ti kina tu masanitalj tua ingcay / kingcay sa puqatiay / puʼatiai.
Paiwan_9a4ce0c5-be0a-f011-bd65-00155db40116,resolved,,na cemian ti kina tu masanitalj tua ingcay/kingcay sa puqatiay/puʼatiai.
Paiwan_814ce0c5-be0a-f011-bd65-00155db40116,resolved,,na djumrac / djuriac ti Muni tjanuaken.
Paiwan_5dd7d0d1-be0a-f011-bd65-00155db40116,dropped,na kemacu a kemasi gakku / kakituluan a ku kaka tua liljualjuas a ʼaciljasy / qaciljay.,na kemacu a kemasi gakku / kakituluan a ku kaka tua liljualjuas a ʼaciljasy / qaciljay.
Paiwan_c7d6d0d1-be0a-f011-bd65-00155db40116,resolved,,na keman a kitangez / kirangez ta vurasi katua ljaceng a kipaperiljay a ku kaka.
Paiwan_b41bc9d7-be0a-f011-bd65-00155db40116,resolved,,na kemasi vavua ti kina malap tu liav tua vurasi / vudrati sa pasa umaʼi / umaqi.
Paiwan_89d5d0d1-be0a-f011-bd65-00155db40116,resolved,,na kemavulj ti kina ta ʼaliʼali / qaliqali tua sitalem a ljaceng.
Paiwan_fe9ad8cb-be0a-f011-bd65-00155db40116,resolved,,na kiciʼav / ciqav a ku cekelj tatiav a kasiljavek.
Paiwan_36d6d0d1-be0a-f011-bd65-00155db40116,resolved,,na kigidi a taqed / taʼed a ku kaka sa ʼemevet / qemevet tua sangel mana sekataʼed / sekataqed.
Paiwan_884de0c5-be0a-f011-bd65-00155db40116,resolved,,na kigidi a taqed/taʼed a ku kaka sa ʼemevet/qemevet tua sangel mana sekataʼed/sekataqed.
Paiwan_04d3d0d1-be0a-f011-bd65-00155db40116,dropped,na kisedjam aken tu tjelu a iday ta paisu / valjitjuq tjaimadju.,na kisedjam aken tu tjelu a iday ta paisu / valjitjuq tjaimadju.
Paiwan_964ce0c5-be0a-f011-bd65-00155db40116,dropped,na kisedjam aken tu tjelu a iday ta paisu/valjitjuq tjaimadju.,na kisedjam aken tu tjelu a iday ta paisu/valjitjuq tjaimadju.
Paiwan_6418c9d7-be0a-f011-bd65-00155db40116,resolved,,na ku kaka cu a siʼuliʼulip / siquliqulip.
Paiwan_c596d8cb-be0a-f011-bd65-00155db40116,resolved,,na ku kaka cu a siʼuliʼulip/siquliqulip.
Paiwan_7d98d8cb-be0a-f011-bd65-00155db40116,resolved,,na ljemama ta tjukap na ʼalja / qalja timadju.
Paiwan_6713e8bf-be0a-f011-bd65-00155db40116,resolved,,na ljemama ta tjukap na ʼalja/qalja timadju.
Paiwan_3fd8d0d1-be0a-f011-bd65-00155db40116,dropped,"na maipuʼ / maipuq anga za kasiv, saka qinzetj anga sini talem a vuciar / katjutjung ni kina.","na maipuʼ / maipuq anga za kasiv, saka qinzetj anga sini talem a vuciar / katjutjung ni kina."
Paiwan_3a50e0c5-be0a-f011-bd65-00155db40116,dropped,"na maipuʼ/maipuq anga za kasiv, saka qinzetj anga sini talem a vuciar/katjutjung ni kina.","na maipuʼ/maipuq anga za kasiv, saka qinzetj anga sini talem a vuciar/katjutjung ni kina."
Paiwan_2f9ad8cb-be0a-f011-bd65-00155db40116,resolved,,na makuda a ʼuljav / quljav na ʼurepus / qurepus?
Paiwan_484ae0c5-be0a-f011-bd65-00155db40116,resolved,,na makuda a ʼuljav/quljav na ʼurepus/qurepus?
Paiwan_52d8d0d1-be0a-f011-bd65-00155db40116,resolved,,na malingedjelj i ta ʼaciljay / qaciljay timadju.
Paiwan_4150e0c5-be0a-f011-bd65-00155db40116,resolved,,na malingedjelj i ta ʼaciljay/qaciljay timadju.
Paiwan_b1e44090-a130-f011-8fad-000d3a8250a0,dropped,na maljupetj aicu a suiru / tjaptjap manasika nu qemudjalj mulaviq sakamaya zaljum.,na maljupetj aicu a suiru / tjaptjap manasika nu qemudjalj mulaviq sakamaya zaljum.
Paiwan_98d1d0d1-be0a-f011-bd65-00155db40116,resolved,,na mapasaʼetju / mapasaqetju a ku cungal i tjay kaviri.
Paiwan_c6d8d0d1-be0a-f011-bd65-00155db40116,resolved,,"na matatukuda amen a tapuluʼ / tapuluq anga cavilj, aki paʼenetj / paqenetj anan timadju tjanuaken?"
Paiwan_0951e0c5-be0a-f011-bd65-00155db40116,resolved,,"na matatukuda amen a tapuluʼ/tapuluq anga cavilj, aki paʼenetj/paqenetj anan timadju tjanuaken?"
Paiwan_b71bc9d7-be0a-f011-bd65-00155db40116,resolved,,na minvalak anga a vutevutan nazua maʼacuvucuvung / maqacuvucuvung.
Paiwan_c799d8cb-be0a-f011-bd65-00155db40116,resolved,,na minvalak anga a vutevutan nazua maʼacuvucuvung/maqacuvucuvung.
Paiwan_ea1ac9d7-be0a-f011-bd65-00155db40116,dropped,na miperper anga sa vaik a vaduvadu / tjutjuy.,na miperper anga sa vaik a vaduvadu / tjutjuy.
Paiwan_6318c9d7-be0a-f011-bd65-00155db40116,resolved,,na misepi aken tua ʼatjuvi / qatjuvi kasalim.
Paiwan_2c7406a8-be0a-f011-bd65-00155db40116,dropped,na pavalasun a icapilj(kian) ta malasung?,na pavalasun a icapilj(kian) ta malasung?
Paiwan_3417c9d7-be0a-f011-bd65-00155db40116,resolved,,na peniliʼ / peniliq ti kaka tua nguanguaʼ / nguanguaq a itung tu sivay tjanuaken.
Paiwan_f394d8cb-be0a-f011-bd65-00155db40116,resolved,,na peniliʼ/peniliq ti kaka tua nguanguaʼ/nguanguaq a itung tu sivay tjanuaken.
Paiwan_eed3d0d1-be0a-f011-bd65-00155db40116,resolved,,na pucekelj a ku kalaingan / palaingan katiav.
Paiwan_151ac9d7-be0a-f011-bd65-00155db40116,resolved,,na taʼed / taqed a ku kaka tjaljaljak a uqaljay / uʼaljay?
Paiwan_d7d7d0d1-be0a-f011-bd65-00155db40116,resolved,,na temuʼulj / temuqulj sun tua ljamzi a kicadaʼ / kicadaq?
Paiwan_cc4fe0c5-be0a-f011-bd65-00155db40116,resolved,,na temuʼulj/temuqulj sun tua ljamzi a kicadaʼ/kicadaq?
Paiwan_731ac9d7-be0a-f011-bd65-00155db40116,resolved,,"na tjemuktjuk tjanuaken a za kuka, ayata na vaik aken a cemakav ta ʼecilu / qecilu."
Paiwan_6198d8cb-be0a-f011-bd65-00155db40116,resolved,,"na tjemuktjuk tjanuaken a za kuka, ayata na vaik aken a cemakav ta ʼecilu/qecilu."
Paiwan_31d6d0d1-be0a-f011-bd65-00155db40116,resolved,,na unting ta palidring ti kama a kicacevung tjay kina a pasa umaʼ / umaq a ma puljiukan.
Paiwan_c617c9d7-be0a-f011-bd65-00155db40116,resolved,,na vaik ti kama a ma gadu a puʼacev / puqacev ta butj.
Paiwan_7095d8cb-be0a-f011-bd65-00155db40116,resolved,,na vaik ti kama a ma gadu a puʼacev/puqacev ta butj.
Paiwan_501bc9d7-be0a-f011-bd65-00155db40116,resolved,,"na veljelem anga, makeljang tu uri ʼemudjalj / qemudjalj anga."
Paiwan_cc4be0c5-be0a-f011-bd65-00155db40116,dropped,na venaljavaljan / penasevayar ti giu nu mainuanga.,na venaljavaljan / penasevayar ti giu nu mainuanga.
Paiwan_e31ac9d7-be0a-f011-bd65-00155db40116,resolved,,na veneli aken tu unem a puluʼ / puluq a supuan ta sunatj.
Paiwan_0899d8cb-be0a-f011-bd65-00155db40116,resolved,,na veneli aken tu unem a puluʼ/puluq a supuan ta sunatj.
Paiwan_c41bc9d7-be0a-f011-bd65-00155db40116,resolved,,na zemukem a talidulidu ta sasiʼ / sasiq a za ku kaka uʼaljay / uqaljay.
Paiwan_cd99d8cb-be0a-f011-bd65-00155db40116,resolved,,na zemukem a talidulidu ta sasiʼ/sasiq a za ku kaka uʼaljay/uqaljay.
Paiwan_531bc9d7-be0a-f011-bd65-00155db40116,resolved,,na ʼemaljup / qemaljup anga sun ta venan?
Paiwan_8e99d8cb-be0a-f011-bd65-00155db40116,resolved,,na ʼemereng / qemereng ti vuvu i ta garaljigalj.
Paiwan_4749e0c5-be0a-f011-bd65-00155db40116,resolved,,na ʼemereng/qemereng ti vuvu i ta garaljigalj.
Paiwan_9099d8cb-be0a-f011-bd65-00155db40116,resolved,,na ʼemiladj / qemiladj a kisululjayan i tjaytjeku tua kasiv ti kama.
Paiwan_8f99d8cb-be0a-f011-bd65-00155db40116,resolved,,na ʼemiladj / qemiladj i ta ʼiladjan / qiladjan timadju.
Paiwan_9699d8cb-be0a-f011-bd65-00155db40116,resolved,,na ʼemiladj / qemiladj ti kina i ta ʼiladjan / qiladjan.
Paiwan_4849e0c5-be0a-f011-bd65-00155db40116,resolved,,na ʼemiladj/qemiladj i ta ʼiladjan/qiladjan timadju.
Paiwan_5249e0c5-be0a-f011-bd65-00155db40116,resolved,,na ʼemiladj/qemiladj ti kina i ta ʼiladjan/qiladjan.
Paiwan_7a98d8cb-be0a-f011-bd65-00155db40116,resolved,,nakudremel aravac a 'alev / qalev naicu a cinulju a ʼacang / qacang.
Paiwan_6413e8bf-be0a-f011-bd65-00155db40116,resolved,,nakudremel aravac a ʼalev/qalev naicu a cinulju a ʼacang/qacang.
Paiwan_47d2d0d1-be0a-f011-bd65-00155db40116,resolved,,nakuya a djemuʼudjuʼ / djemuqudjuq ta cauciuci.
Paiwan_f04be0c5-be0a-f011-bd65-00155db40116,resolved,,nakuya a djemuʼudjuʼ/djemuqudjuq ta cauciuci.
Paiwan_7f1ac9d7-be0a-f011-bd65-00155db40116,resolved,,nakuya tjumaʼ / tjumaq a paʼeteleng / paqeteleng tua na ʼaliʼali / qaliqali a umaʼ / umaq.
Paiwan_6898d8cb-be0a-f011-bd65-00155db40116,resolved,,nakuya tjumaʼ/tjumaq a paʼeteleng/paqeteleng tua na ʼaliʼali/qaliqali a umaʼ/umaq.
Paiwan_f3d2d0d1-be0a-f011-bd65-00155db40116,resolved,,namasi kacalaʼ / kacalaq tu drusa a puluʼ / puluq katu sepatj a sasupuan ti kina.
Paiwan_8f4ce0c5-be0a-f011-bd65-00155db40116,resolved,,namasi kacalaʼ/kacalaq tu drusa a puluʼ/puluq katu sepatj a sasupuan ti kina.
Paiwan_efd3d0d1-be0a-f011-bd65-00155db40116,resolved,,namatuqa / namatuʼa ta kindraljum a kalapekapan ni Tjuku.
Paiwan_ab4ce0c5-be0a-f011-bd65-00155db40116,resolved,,namatuqa/namatuʼa ta kindraljum a kalapekapan ni Tjuku.
Paiwan_c25ec1dd-be0a-f011-bd65-00155db40116,resolved,,namaya ta ʼeluz / qeluz a pasamelava aza kula na zu / zau.
Paiwan_ce99d8cb-be0a-f011-bd65-00155db40116,resolved,,namaya ta ʼeluz/qeluz a pasamelava aza kula na zu/zau.
Paiwan_eed8d0d1-be0a-f011-bd65-00155db40116,resolved,,"namenacidiljan i tjumaʼ / tjumaq aza ku kaka vavayan, sika maʼutjav / maqutjav aken tua maumaʼ a kipusaladj tjaimadju."
Paiwan_7c93d8cb-be0a-f011-bd65-00155db40116,resolved,,"namenacidiljan i tjumaʼ/tjumaq aza ku kaka vavayan, sika maʼutjav/maqutjav aken tua maumaʼ a kipusaladj tjaimadju."
Paiwan_4dd7d0d1-be0a-f011-bd65-00155db40116,dropped,"neka anga nu zaljum i puzaljuman / tangku, aika na maljuqic anga aza laljing?","neka anga nu zaljum i puzaljuman / tangku, aika na maljuqic anga aza laljing?"
Paiwan_db18c9d7-be0a-f011-bd65-00155db40116,dropped,neka nu tja siviliviling / kakara kacalisian kasicuayan.,neka nu tja siviliviling / kakara kacalisian kasicuayan.
Paiwan_c796d8cb-be0a-f011-bd65-00155db40116,dropped,neka nu tja siviliviling/kakara kacalisian kasicuayan.,neka nu tja siviliviling/kakara kacalisian kasicuayan.
Paiwan_9999d8cb-be0a-f011-bd65-00155db40116,resolved,,nguanguaʼ / nguanguaq a ravac a nia ʼinaljan / qinaljan.
Paiwan_5f18c9d7-be0a-f011-bd65-00155db40116,resolved,,nguanguaʼ / nguanguaq aravac a ljingav nua senay ni kina.
Paiwan_da17c9d7-be0a-f011-bd65-00155db40116,resolved,,nguanguaʼ / nguanguaq aravac aicu a ʼucengecengel / qucengecengel a rigi.
Paiwan_7cd5d0d1-be0a-f011-bd65-00155db40116,resolved,,nguanguaʼ / nguanguaq aravc a kaviz ni Muni.
Paiwan_3f4ae0c5-be0a-f011-bd65-00155db40116,resolved,,nguanguaʼ/nguanguaq a ravac a nia ʼinaljan/qinaljan.
Paiwan_4d96d8cb-be0a-f011-bd65-00155db40116,resolved,,nguanguaʼ/nguanguaq aravac a ljingav nua senay ni kina.
Paiwan_d018c9d7-be0a-f011-bd65-00155db40116,resolved,,ni kaka azua sikaw nua uʼaljaʼaljay / uqaljaqaljay.
Paiwan_c196d8cb-be0a-f011-bd65-00155db40116,resolved,,ni kaka azua sikaw nua uʼaljaʼaljay/uqaljaqaljay.
Paiwan_77d5d0d1-be0a-f011-bd65-00155db40116,resolved,,ni kina azua pini cukuy a ʼucengecengel / qecengecengel a kasuy.
Paiwan_2c9ad8cb-be0a-f011-bd65-00155db40116,dropped,ni sinsi / rutulutulu azua ʼudjidjilj / qudjidjilj a sunatj.,ni sinsi / rutulutulu azua ʼudjidjilj / qudjidjilj a sunatj.
Paiwan_454ae0c5-be0a-f011-bd65-00155db40116,dropped,ni sinsi/rutulutulu azua ʼudjidjilj/qudjidjilj a sunatj.,ni sinsi/rutulutulu azua ʼudjidjilj/qudjidjilj a sunatj.
Paiwan_e0d3d0d1-be0a-f011-bd65-00155db40116,dropped,ni vuvu azua a kacalaʼ / ljinay.,ni vuvu azua a kacalaʼ / ljinay.
Paiwan_a14ce0c5-be0a-f011-bd65-00155db40116,dropped,ni vuvu azua a kacalaʼ/ljinay.,ni vuvu azua a kacalaʼ/ljinay.
Paiwan_e7d3d0d1-be0a-f011-bd65-00155db40116,dropped,nia kaka / cunguljan ti Kuy a maka / paka tjaikina.,nia kaka / cunguljan ti Kuy a maka / paka tjaikina.
Paiwan_8999d8cb-be0a-f011-bd65-00155db40116,resolved,,nia sikataqaljan a naqemeljing a lemingedjelj tua ʼeluz / qeluz na nia umaq.
Paiwan_3e49e0c5-be0a-f011-bd65-00155db40116,resolved,,nia sikataqaljan a naqemeljing a lemingedjelj tua ʼeluz/qeluz na nia umaq.
Paiwan_f994d8cb-be0a-f011-bd65-00155db40116,resolved,,niaken a pinualjakan tucu a ʼadav/qadav.
Paiwan_e11ac9d7-be0a-f011-bd65-00155db40116,resolved,,niaken aicu a umaʼ / umaq.
Paiwan_0699d8cb-be0a-f011-bd65-00155db40116,resolved,,niaken aicu a umaʼ/umaq.
Paiwan_4f1bc9d7-be0a-f011-bd65-00155db40116,resolved,,niaken azua i vecekadan a ʼudjidjilj / qudjidjilj a sunatj.
Paiwan_7c1ac9d7-be0a-f011-bd65-00155db40116,resolved,,niaken azua vucelacelay a tjukap i tjuljivar ta ʼucengecengel / qucengecengel a tjukap.
Paiwan_6698d8cb-be0a-f011-bd65-00155db40116,resolved,,niaken azua vucelacelay a tjukap i tjuljivar ta ʼucengecengel/qucengecengel a tjukap.
Paiwan_76d5d0d1-be0a-f011-bd65-00155db40116,resolved,,niaken azua ʼucengecengel / qucengecengel a kasuy.
Paiwan_7b4de0c5-be0a-f011-bd65-00155db40116,resolved,,niaken azua ʼucengecengel/qucengecengel a kasuy.
Paiwan_dc1ac9d7-be0a-f011-bd65-00155db40116,resolved,,niamadju aicu a uʼaljay / uqaljay a ʼacang / qacang.
Paiwan_6416c9d7-be0a-f011-bd65-00155db40116,resolved,,nima aicu a drusa a ʼudjidjilj / qudjidjilj a sunatj?
Paiwan_6616c9d7-be0a-f011-bd65-00155db40116,resolved,,nimun azua a umaʼ / umaq?
Paiwan_e493d8cb-be0a-f011-bd65-00155db40116,resolved,,nimun azua a umaʼ/umaq?
Paiwan_ef9ad8cb-be0a-f011-bd65-00155db40116,resolved,,nisun azua a ʼiladjan / qiladjan?
Paiwan_43d2d0d1-be0a-f011-bd65-00155db40116,resolved,,nu djemavac itjen pacunu itjen a pasa ʼayav / qayav.
Paiwan_ddd6d0d1-be0a-f011-bd65-00155db40116,resolved,,"nu inika tjen a rukisuʼiljang / rukisuqiljang, kidjekecan aravac na kuritjung a tja kinacavacavan."
Paiwan_ac4ee0c5-be0a-f011-bd65-00155db40116,resolved,,"nu inika tjen a rukisuʼiljang/rukisuqiljang, kidjekecan aravac na kuritjung a tja kinacavacavan."
Paiwan_92d1d0d1-be0a-f011-bd65-00155db40116,resolved,,nu izua a cevulj i gadu tjara izua za ʼemumaʼuma / qemumaquma a masengsengseng izuwa.
Paiwan_f4d3d0d1-be0a-f011-bd65-00155db40116,resolved,,nu kaljavuceleljan salapelj saka ljaljeʼel / ljaljeqel.
Paiwan_744de0c5-be0a-f011-bd65-00155db40116,resolved,,nu kaljavuceleljan salapelj saka ljaljeʼel/ljaljeqel.
Paiwan_e0d6d0d1-be0a-f011-bd65-00155db40116,resolved,,"nu kaljaʼudjaljan / kaljaqudjaljan madjulu a izua ladjap, nakuya tjaljusasav a kivangavang."
Paiwan_88d5d0d1-be0a-f011-bd65-00155db40116,dropped,nu kemava / mitung a ku kaka pusaladjan ni kina.,nu kemava / mitung a ku kaka pusaladjan ni kina.
Paiwan_d717c9d7-be0a-f011-bd65-00155db40116,resolved,,"nu kemsa ta vaʼu / vaqu remiyur itjen,mavanu maʼanglic / maqanglic."
Paiwan_7d95d8cb-be0a-f011-bd65-00155db40116,resolved,,"nu kemsa ta vaʼu/vaqu remiyur itjen,mavanu maʼanglic/maqanglic."
Paiwan_63d7d0d1-be0a-f011-bd65-00155db40116,resolved,,nu kinilepecan nua vucelacelay a ljaʼas / ljaqas aza gadu maljian a kinanguaq.
Paiwan_c64fe0c5-be0a-f011-bd65-00155db40116,resolved,,nu kinilepecan nua vucelacelay a ljaʼas/ljaqas aza gadu maljian a kinanguaq.
Paiwan_9bd1d0d1-be0a-f011-bd65-00155db40116,dropped,nu ljemingav a tjezak na dalek / tjezak i kasasavan ika aken a sekataqed.,nu ljemingav a tjezak na dalek / tjezak i kasasavan ika aken a sekataqed.
Paiwan_ae1bc9d7-be0a-f011-bd65-00155db40116,resolved,,nu madjaljun tua salilim mapacun anga kinanguaʼ / kinanguaq nua vitjuʼan / vitjuqan.
Paiwan_bf99d8cb-be0a-f011-bd65-00155db40116,resolved,,nu madjaljun tua salilim mapacun anga kinanguaʼ/kinanguaq nua vitjuʼan/vitjuqan.
Paiwan_4dd8d0d1-be0a-f011-bd65-00155db40116,resolved,,nu maledep a ʼadav / qadav mangetjez anga ti kama.
Paiwan_3f50e0c5-be0a-f011-bd65-00155db40116,resolved,,nu maledep a ʼadav/qadav mangetjez anga ti kama.
Paiwan_c896d8cb-be0a-f011-bd65-00155db40116,resolved,,nu mangetez a sulja ljaljeʼel/ljaljeqel aravac.
Paiwan_9193d8cb-be0a-f011-bd65-00155db40116,dropped,nu meljay anga tevuta a cirat/ngaci.,nu meljay anga tevuta a cirat/ngaci.
Paiwan_e2d3d0d1-be0a-f011-bd65-00155db40116,resolved,,nu muri vaik anga mun paʼenetju / paqenetju anga kemacu aza nimadju a tjalupun.
Paiwan_2e9ad8cb-be0a-f011-bd65-00155db40116,resolved,,nu paljeʼaca / paljeqaca a ʼudjalj / qudjalj inikanga aken a makaya masasav a kivangavang.
Paiwan_474ae0c5-be0a-f011-bd65-00155db40116,resolved,,nu paljeʼaca/paljeqaca a ʼudjalj/qudjalj inikanga aken a makaya masasav a kivangavang.
Paiwan_8798d8cb-be0a-f011-bd65-00155db40116,resolved,,nu pinu ʼatian / qatian kisanguaʼ / kisanguaq a kinsa a ljaceng.
Paiwan_7113e8bf-be0a-f011-bd65-00155db40116,resolved,,nu pinu ʼatian/qatian kisanguaʼ/kisanguaq a kinsa a ljaceng.
Paiwan_4b18c9d7-be0a-f011-bd65-00155db40116,resolved,,nu salilim vaik a magadu a ʼemaljup / qemaljup ti kama.
Paiwan_5818c9d7-be0a-f011-bd65-00155db40116,resolved,,nu semeʼu / semuqu itjen taicu a vuciar salum aravac.
Paiwan_4296d8cb-be0a-f011-bd65-00155db40116,resolved,,nu semeʼu/semuqu itjen taicu a vuciar salum aravac.
Paiwan_8299d8cb-be0a-f011-bd65-00155db40116,resolved,,nu sipecungu sa maljeput anga lungel amin anga mapeljuq a ʼavu / qavu na namadjuq.
Paiwan_7913e8bf-be0a-f011-bd65-00155db40116,resolved,,nu sipecungu sa maljeput anga lungel amin anga mapeljuq a ʼavu/qavu na namadjuq.
Paiwan_6a16c9d7-be0a-f011-bd65-00155db40116,resolved,,nu tjapacunan sun kumaya tu nguanguaʼ / nguanguaq sun aravac.
Paiwan_e593d8cb-be0a-f011-bd65-00155db40116,resolved,,nu tjapacunan sun kumaya tu nguanguaʼ/nguanguaq sun aravac.
Paiwan_95e44090-a130-f011-8fad-000d3a8250a0,dropped,nu tjemamaku / benusebus ti vuvu paka tua qungcui / qungcu.,nu tjemamaku / benusebus ti vuvu paka tua qungcui / qungcu.
Paiwan_211ac9d7-be0a-f011-bd65-00155db40116,resolved,,"nu tjemelju itjen, kipapaulingav itjen tua i karausan a ʼaciljay / qaciljay."
Paiwan_5c98d8cb-be0a-f011-bd65-00155db40116,resolved,,"nu tjemelju itjen, kipapaulingav itjen tua i karausan a ʼaciljay/qaciljay."
Paiwan_ac4ae0c5-be0a-f011-bd65-00155db40116,dropped,nuna kivurasi tjen tjara tjasivaik a sema tjatjan a remugerug/qemiqi.,nuna kivurasi tjen tjara tjasivaik a sema tjatjan a remugerug/qemiqi.
Paiwan_6b16c9d7-be0a-f011-bd65-00155db40116,dropped,nungida / numakudakuda keman anga itjen?,nungida / numakudakuda keman anga itjen?
Paiwan_e893d8cb-be0a-f011-bd65-00155db40116,dropped,nungida/numakudakuda keman anga itjen?,nungida/numakudakuda keman anga itjen?
Paiwan_d317c9d7-be0a-f011-bd65-00155db40116,resolved,,nuri mangetjez a raljiz pasusangas itjen a ljemenguaʼ / ljemenguaq tua sikiljakevan tua venali.
Paiwan_019bd8cb-be0a-f011-bd65-00155db40116,resolved,,nusauni cemalis aken ta viljuaʼ / viljuaq.
Paiwan_6c16c9d7-be0a-f011-bd65-00155db40116,resolved,,nusauni ki sun a tetjumaʼ / tjetjumaq a kiljaljava tjanuaken.
Paiwan_e993d8cb-be0a-f011-bd65-00155db40116,resolved,,nusauni ki sun a tetjumaʼ/tjetjumaq a kiljaljava tjanuaken.
Paiwan_4f18c9d7-be0a-f011-bd65-00155db40116,dropped,pakasangas a semenav ta sanpulu / puljuc sa kesa a ku kaka.,pakasangas a semenav ta sanpulu / puljuc sa kesa a ku kaka.
Paiwan_3796d8cb-be0a-f011-bd65-00155db40116,dropped,pakasangas a semenav ta sanpulu/puljuc sa kesa a ku kaka.,pakasangas a semenav ta sanpulu/puljuc sa kesa a ku kaka.
Paiwan_c5d8d0d1-be0a-f011-bd65-00155db40116,resolved,,pasusangas a penalisi ta masutugut a kiʼaung / kiqaung tu pulami a kinacaviljan.
Paiwan_0851e0c5-be0a-f011-bd65-00155db40116,resolved,,pasusangas a penalisi ta masutugut a kiʼaung/kiqaung tu pulami a kinacaviljan.
Paiwan_d818c9d7-be0a-f011-bd65-00155db40116,resolved,,patje siuc / siyuc a pasaladruq / pasaladruʼ aza quvalj / ʼuvalj nimadju.
Paiwan_5718c9d7-be0a-f011-bd65-00155db40116,resolved,,pay vaikan a sematjez aicu a veljevelj a pasa ta tja ljaʼediʼedi / ljaqediqedi.
Paiwan_3e96d8cb-be0a-f011-bd65-00155db40116,resolved,,pay vaikan a sematjez aicu a veljevelj a pasa ta tja ljaʼediʼedi/ljaqediqedi.
Paiwan_71e44090-a130-f011-8fad-000d3a8250a0,dropped,pazangal a vencik tua lunbun na hakasi /(sikacuganan nua kipalengleng).,pazangal a vencik tua lunbun na hakasi /(sikacuganan nua kipalengleng).
Paiwan_3317c9d7-be0a-f011-bd65-00155db40116,resolved,,penangalj ti kama putuvung tua vutjulj ta pasa ʼinaljanen / qinaljanen.
Paiwan_f194d8cb-be0a-f011-bd65-00155db40116,resolved,,penangalj ti kama putuvung tua vutjulj ta pasa ʼinaljanen/qinaljanen.
Paiwan_3a17c9d7-be0a-f011-bd65-00155db40116,resolved,,pida a cavilj na su kaka a uʼaljay / uqaljay?
Paiwan_48d2d0d1-be0a-f011-bd65-00155db40116,resolved,,pinaljiavavav aravac a djemumulj aza vaʼu / vaqu i kubav.
Paiwan_ef4be0c5-be0a-f011-bd65-00155db40116,resolved,,pinaljiavavav aravac a djemumulj aza vaʼu/vaqu i kubav.
Paiwan_4ed2d0d1-be0a-f011-bd65-00155db40116,resolved,,"pinasatjumaʼ / pinasatjumaq anga, azua namavilad a dridri ni kama."
Paiwan_2f17c9d7-be0a-f011-bd65-00155db40116,resolved,,pinavayan ni kina aza ku kaka tua kun kaiqadav / kaiʼadav ta pinualjakan nimadju.
Paiwan_eb94d8cb-be0a-f011-bd65-00155db40116,resolved,,pinavayan ni kina aza ku kaka tua kun kaiqadav/kaiʼadav ta pinualjakan nimadju.
Paiwan_58d7d0d1-be0a-f011-bd65-00155db40116,dropped,pini valanga a penaisu / lemumek aza djuadjuay a paday ni kina.,pini valanga a penaisu / lemumek aza djuadjuay a paday ni kina.
Paiwan_be4fe0c5-be0a-f011-bd65-00155db40116,dropped,pini valanga a penaisu/lemumek aza djuadjuay a paday ni kina.,pini valanga a penaisu/lemumek aza djuadjuay a paday ni kina.
Paiwan_7816c9d7-be0a-f011-bd65-00155db40116,resolved,,pini ʼeljuʼeljuan / qeljuqeljuan a pakelay aza itung niamadju.
Paiwan_f793d8cb-be0a-f011-bd65-00155db40116,resolved,,pini ʼeljuʼeljuan/qeljuqeljuan a pakelay aza itung niamadju.
Paiwan_2717c9d7-be0a-f011-bd65-00155db40116,resolved,,pinivavav amen kata ku kaka ni kama ta pariring / palidring a pasaljavek a kivangavang.
Paiwan_e394d8cb-be0a-f011-bd65-00155db40116,resolved,,pinivavav amen kata ku kaka ni kama ta pariring/palidring a pasaljavek a kivangavang.
Paiwan_c817c9d7-be0a-f011-bd65-00155db40116,resolved,,pinuvavan kata ʼalev / qalev a cemian aza pudru na ʼacang / qacang ni kina.
Paiwan_7295d8cb-be0a-f011-bd65-00155db40116,resolved,,pinuvavan kata ʼalev/qalev a cemian aza pudru na ʼacang/qacang ni kina.
Paiwan_3d17c9d7-be0a-f011-bd65-00155db40116,resolved,,pitju a puluʼ / puluq a kinacu sa vaikan a kuka nimadju.
Paiwan_fb94d8cb-be0a-f011-bd65-00155db40116,resolved,,pitju a puluʼ/puluq a kinacu sa vaikan a kuka nimadju.
Paiwan_f19ad8cb-be0a-f011-bd65-00155db40116,dropped,piʼadav / piqadav aken a tjevava ta tjelu a puluʼ / puluq a tukian sa djalun i gakku / kakituluan a basu.,piʼadav / piqadav aken a tjevava ta tjelu a puluʼ / puluq a tukian sa djalun i gakku / kakituluan a basu.
Paiwan_ebd3d0d1-be0a-f011-bd65-00155db40116,resolved,,puisisiʼ / puisisiq azua a kakedrian.
Paiwan_a84ce0c5-be0a-f011-bd65-00155db40116,resolved,,puisisiʼ/puisisiq azua a kakedrian.
Paiwan_ff9ad8cb-be0a-f011-bd65-00155db40116,resolved,,"pusaladji aken a cemaca ta ku tekelen aya ti vuvu, lja ika na sarenguaʼ / sarenguaq a ku tjagerang aya."
Paiwan_84d5d0d1-be0a-f011-bd65-00155db40116,resolved,,pusaladji aken a kemacian tua ʼadupu / qadupu.
Paiwan_824de0c5-be0a-f011-bd65-00155db40116,resolved,,pusaladji aken a kemacian tua ʼadupu/qadupu.
Paiwan_4c18c9d7-be0a-f011-bd65-00155db40116,resolved,,pusalasaladj a ku kaka tjay kina ta saliman i tjumaʼ / tjumaq.
Paiwan_8995d8cb-be0a-f011-bd65-00155db40116,resolved,,pusalasaladj a ku kaka tjay kina ta saliman i tjumaʼ/tjumaq.
Paiwan_e9d7d0d1-be0a-f011-bd65-00155db40116,resolved,,puvaruvarung aravac azua maʼacuvucuvung / maqacuvucuvung.
Paiwan_3150e0c5-be0a-f011-bd65-00155db40116,resolved,,puvaruvarung aravac azua maʼacuvucuvung/maqacuvucuvung.
Paiwan_5d18c9d7-be0a-f011-bd65-00155db40116,resolved,,salialim a semuʼaljic / semuqaljic ta kasiv ti vuvu i tapav.
Paiwan_4696d8cb-be0a-f011-bd65-00155db40116,resolved,,salialim a semuʼaljic/semuqaljic ta kasiv ti vuvu i tapav.
Paiwan_5318c9d7-be0a-f011-bd65-00155db40116,resolved,,salum aravac aza seʼu / sequ na cinapan a vutjulj a na sevalivali a kemasi dut i tjanuamen.
Paiwan_5196d8cb-be0a-f011-bd65-00155db40116,resolved,,salum aravac aza seʼu/sequ na cinapan a vutjulj a na sevalivali a kemasi dut i tjanuamen.
Paiwan_ead7d0d1-be0a-f011-bd65-00155db40116,dropped,samiling aravac a itung naicu a savavayan / maʼacuvucuvung a vavayan.,samiling aravac a itung naicu a savavayan / maʼacuvucuvung a vavayan.
Paiwan_3250e0c5-be0a-f011-bd65-00155db40116,dropped,samiling aravac a itung naicu a savavayan/maʼacuvucuvung a vavayan.,samiling aravac a itung naicu a savavayan/maʼacuvucuvung a vavayan.
Paiwan_8699d8cb-be0a-f011-bd65-00155db40116,resolved,,sanguaʼ / sanguaq aravac a tinljur a ʼecilu / qecilu.
Paiwan_4bd2d0d1-be0a-f011-bd65-00155db40116,resolved,,"sanguaʼ / sanguaq aravac aicu a djuadjuay a paday, ljakua nu nakuya a vicuka inikamakaya keman a pakaliav."
Paiwan_d9d7d0d1-be0a-f011-bd65-00155db40116,resolved,,sanguaʼ / sanguaq aravac azua a kinsa a udung nazua ciukuku.
Paiwan_3b49e0c5-be0a-f011-bd65-00155db40116,resolved,,sanguaʼ/sanguaq aravac a tinljur a ʼecilu/qecilu.
Paiwan_f34be0c5-be0a-f011-bd65-00155db40116,resolved,,"sanguaʼ/sanguaq aravac aicu a djuadjuay a paday, ljakua nu nakuya a vicuka inikamakaya keman a pakaliav."
Paiwan_ce4fe0c5-be0a-f011-bd65-00155db40116,resolved,,sanguaʼ/sanguaq aravac azua a kinsa a udung nazua ciukuku.
Paiwan_edd8d0d1-be0a-f011-bd65-00155db40116,dropped,sau mekelju / ukelju a sema gakku / kakituluan ayain aken ni kina.,sau mekelju / ukelju a sema gakku / kakituluan ayain aken ni kina.
Paiwan_7a93d8cb-be0a-f011-bd65-00155db40116,dropped,sau mekelju/ukelju a sema gakku/kakituluan ayain aken ni kina.,sau mekelju/ukelju a sema gakku/kakituluan ayain aken ni kina.
Paiwan_5e18c9d7-be0a-f011-bd65-00155db40116,resolved,,sau vaiku a semuʼeljev / semuqeljev ta ʼezung / qezung
Paiwan_4996d8cb-be0a-f011-bd65-00155db40116,resolved,,sau vaiku a semuʼeljev/semuqeljev ta ʼezung/qezung
Paiwan_7898d8cb-be0a-f011-bd65-00155db40116,resolved,,sau! alapan aken tua ʼailjungan / qailjungan a semasasav.
Paiwan_6213e8bf-be0a-f011-bd65-00155db40116,resolved,,sau! alapan aken tua ʼailjungan/qailjungan a semasasav.
Paiwan_54d8d0d1-be0a-f011-bd65-00155db40116,resolved,,"savid a salialim a taqaljaqaljan,turi padjaljun anga a maljeveʼ / maljeveq."
Paiwan_4350e0c5-be0a-f011-bd65-00155db40116,resolved,,"savid a salialim a taqaljaqaljan,turi padjaljun anga a maljeveʼ/maljeveq."
Paiwan_399ad8cb-be0a-f011-bd65-00155db40116,resolved,,saʼetju / saqetju a ku aljis.
Paiwan_b5d8d0d1-be0a-f011-bd65-00155db40116,resolved,,"saʼetju / saqetju a ku kaka,manasika inika kasi kakituluan."
Paiwan_7a1ac9d7-be0a-f011-bd65-00155db40116,resolved,,saʼetju / saqetju a ku tjialj kasalim.
Paiwan_4dd2d0d1-be0a-f011-bd65-00155db40116,resolved,,saʼetju / saqetju a ku udjun ta ku sinizukum sakamaya.
Paiwan_dd1ac9d7-be0a-f011-bd65-00155db40116,resolved,,saʼetju / saqetju a uqulj ni vuvu.
Paiwan_f81ac9d7-be0a-f011-bd65-00155db40116,dropped,saʼetju / saqetju aravac a tukut / gerung nazua kakedrian.,saʼetju / saqetju aravac a tukut / gerung nazua kakedrian.
Paiwan_bb19c9d7-be0a-f011-bd65-00155db40116,dropped,saʼetju / saqetju sa ku tjagerang / ngadrungadru.,saʼetju / saqetju sa ku tjagerang / ngadrungadru.
Paiwan_319ad8cb-be0a-f011-bd65-00155db40116,resolved,,saʼetju / saqetju sa ku ʼulu / qulu.
Paiwan_f650e0c5-be0a-f011-bd65-00155db40116,resolved,,"saʼetju/saqetju a ku kaka,manasika inika kasi kakituluan."
Paiwan_f84be0c5-be0a-f011-bd65-00155db40116,resolved,,saʼetju/saqetju a ku udjun ta ku sinizukum sakamaya.
Paiwan_0a99d8cb-be0a-f011-bd65-00155db40116,resolved,,saʼetju/saqetju a uqulj ni vuvu.
Paiwan_8197d8cb-be0a-f011-bd65-00155db40116,dropped,saʼetju/saqetju sa ku tjagerang/ngadrungadru.,saʼetju/saqetju sa ku tjagerang/ngadrungadru.
Paiwan_4a4ae0c5-be0a-f011-bd65-00155db40116,resolved,,saʼetju/saqetju sa ku ʼulu/qulu.
Paiwan_65d7d0d1-be0a-f011-bd65-00155db40116,dropped,se ljacalisian / pairairang aza ku ʼali / qali.,se ljacalisian / pairairang aza ku ʼali / qali.
Paiwan_c74fe0c5-be0a-f011-bd65-00155db40116,dropped,se ljacalisian/pairairang aza ku ʼali/qali.,se ljacalisian/pairairang aza ku ʼali/qali.
Paiwan_9fd1d0d1-be0a-f011-bd65-00155db40116,resolved,,sekauljan aken ni kina ma siubay a veneli ta diuʼ / djiuq.
Paiwan_e64be0c5-be0a-f011-bd65-00155db40116,resolved,,sekauljan aken ni kina ma siubay a veneli ta diuʼ/djiuq.
Paiwan_06d6d0d1-be0a-f011-bd65-00155db40116,resolved,,seladenga aken tu izua za vaʼuan / vaquan a situ a uri mangtjez tucu a vuaʼ / vuaq aya.
Paiwan_5a18c9d7-be0a-f011-bd65-00155db40116,resolved,,semevalj ti kama ta ku kaka vavayan a tjumaʼ / tjumaq ayata na sekataʼed / sekataqed anga timadju.
Paiwan_db1ac9d7-be0a-f011-bd65-00155db40116,resolved,,setukez aravac azua a uʼaljay / uqaljay.
Paiwan_df17c9d7-be0a-f011-bd65-00155db40116,resolved,,sialap ta sadra / sara ti vuvu na ku kaka.
Paiwan_8695d8cb-be0a-f011-bd65-00155db40116,resolved,,sialap ta sadra/sara ti vuvu na ku kaka.
Paiwan_ad19c9d7-be0a-f011-bd65-00155db40116,dropped,"sikavuceleljan anga, mavan nu sipaitungan ni kina ta ku kaka ta ladruadruʼ / ladruadruq a telima / siuc.","sikavuceleljan anga, mavan nu sipaitungan ni kina ta ku kaka ta ladruadruʼ / ladruadruq a telima / siuc."
Paiwan_7297d8cb-be0a-f011-bd65-00155db40116,dropped,"sikavuceleljan anga, mavan nu sipaitungan ni kina ta ku kaka ta ladruadruʼ/ladruadruq a telima/siuc.","sikavuceleljan anga, mavan nu sipaitungan ni kina ta ku kaka ta ladruadruʼ/ladruadruq a telima/siuc."
Paiwan_db17c9d7-be0a-f011-bd65-00155db40116,dropped,sinau anga aza malacak / rungangan ni kama.,sinau anga aza malacak / rungangan ni kama.
Paiwan_8195d8cb-be0a-f011-bd65-00155db40116,dropped,sinau anga aza malacak/rungangan ni kama.,sinau anga aza malacak/rungangan ni kama.
Paiwan_a819c9d7-be0a-f011-bd65-00155db40116,resolved,,sini kasengseng aken ta nguanguaʼ / nguanguaq a tarar ni vuvu.
Paiwan_d318c9d7-be0a-f011-bd65-00155db40116,dropped,siniveli ta sicauvan tiamadju na singhu / parakaljay i kiukay.,siniveli ta sicauvan tiamadju na singhu / parakaljay i kiukay.
Paiwan_c496d8cb-be0a-f011-bd65-00155db40116,dropped,siniveli ta sicauvan tiamadju na singhu/parakaljay i kiukay.,siniveli ta sicauvan tiamadju na singhu/parakaljay i kiukay.
Paiwan_7098d8cb-be0a-f011-bd65-00155db40116,resolved,,su dulatan a ʼempipitj / qempipitj a ku kuku.
Paiwan_4a49e0c5-be0a-f011-bd65-00155db40116,resolved,,su dulatan a ʼempipitj/qempipitj a ku kuku.
Paiwan_824ce0c5-be0a-f011-bd65-00155db40116,resolved,,su dulatan aʼempipitj / qempipitj a ku kuku.
Paiwan_8198d8cb-be0a-f011-bd65-00155db40116,resolved,,sualapen ni vuvu a ʼapedu / qapedu na qacang.
Paiwan_6d13e8bf-be0a-f011-bd65-00155db40116,resolved,,sualapen ni vuvu a ʼapedu/qapedu na qacang.
Paiwan_cdd6d0d1-be0a-f011-bd65-00155db40116,dropped,tapuluq / tapuluʼ anga a cavilj na ku kaka / vetjek?,tapuluq / tapuluʼ anga a cavilj na ku kaka / vetjek?
Paiwan_a34ee0c5-be0a-f011-bd65-00155db40116,dropped,tapuluq/tapuluʼ anga a cavilj na ku kaka/vetjek?,tapuluq/tapuluʼ anga a cavilj na ku kaka/vetjek?
Paiwan_f9d2d0d1-be0a-f011-bd65-00155db40116,resolved,,tapuluʼ / tapuluq a supu nua ku galjaugavan.
Paiwan_934ce0c5-be0a-f011-bd65-00155db40116,resolved,,tapuluʼ/tapuluq a supu nua ku galjaugavan.
Paiwan_2c17c9d7-be0a-f011-bd65-00155db40116,resolved,,temʼiteʼic / temqiteqic ti kina ta pasevayar nua uʼaljaʼaljay / uqaljaqaljay.
Paiwan_e494d8cb-be0a-f011-bd65-00155db40116,resolved,,temʼiteʼic/temqiteqic ti kina ta pasevayar nua uʼaljaʼaljay/uqaljaqaljay.
Paiwan_b419c9d7-be0a-f011-bd65-00155db40116,dropped,tevuta / minqut anga a ʼiljas / qiljas.,tevuta / minqut anga a ʼiljas / qiljas.
Paiwan_7798d8cb-be0a-f011-bd65-00155db40116,resolved,,tevuta anga a ʼadav / qadav.
Paiwan_5f13e8bf-be0a-f011-bd65-00155db40116,resolved,,tevuta anga a ʼadav/qadav.
Paiwan_7897d8cb-be0a-f011-bd65-00155db40116,dropped,tevuta/minqut anga a ʼiljas/qiljas.,tevuta/minqut anga a ʼiljas/qiljas.
Paiwan_2cd6d0d1-be0a-f011-bd65-00155db40116,resolved,,ti Camak kemual / kemuadr tua tinaleman ni kina a vasa ljemulju ta budru
Paiwan_844de0c5-be0a-f011-bd65-00155db40116,resolved,,ti Camak kemual/kemuadr tua tinaleman ni kina a vasa ljemulju ta budru
Paiwan_fbd5d0d1-be0a-f011-bd65-00155db40116,dropped,"ti itjen a vuculj ( payuan ) seman pazangal itjen tua cuqu, ayatua sane cukesin nua tja sinevalitan, sane cadjuin katua valanga.","ti itjen a vuculj ( payuan ) seman pazangal itjen tua cuqu, ayatua sane cukesin nua tja sinevalitan, sane cadjuin katua valanga."
Paiwan_b619c9d7-be0a-f011-bd65-00155db40116,dropped,ti kaka / vetjek a pusangel taicu a tjakudral.,ti kaka / vetjek a pusangel taicu a tjakudral.
Paiwan_99d1d0d1-be0a-f011-bd65-00155db40116,resolved,,ti kaka kata ku kaka a vavayavayan na malap sa senavi aza cuvuʼ / cuvuq nua qarizang.
Paiwan_134be0c5-be0a-f011-bd65-00155db40116,resolved,,ti kaka kata ku kaka a vavayavayan na malap sa senavi aza cuvuʼ/cuvuq nua qarizang.
Paiwan_dcd6d0d1-be0a-f011-bd65-00155db40116,resolved,,ti kaka naveneli tu ita ta ʼudjidjilj / qudjidjilj a ladruadruʼ / ladruq a kun.
Paiwan_3717c9d7-be0a-f011-bd65-00155db40116,resolved,,ti kaka pizuayin i ta piaʼ / piaq aza kinsa anga ljaceng.
Paiwan_f494d8cb-be0a-f011-bd65-00155db40116,resolved,,ti kaka pizuayin i ta piaʼ/piaq aza kinsa anga ljaceng.
Paiwan_1a1ac9d7-be0a-f011-bd65-00155db40116,resolved,,ti kaka tjavulung a uʼaljay / uqaljay kasi pana na ljemanguy.
Paiwan_8e97d8cb-be0a-f011-bd65-00155db40116,resolved,,ti kaka tjavulung a uʼaljay/uqaljay kasi pana na ljemanguy.
Paiwan_7b97d8cb-be0a-f011-bd65-00155db40116,dropped,ti kaka/vetjek a pusangel taicu a tjakudral.,ti kaka/vetjek a pusangel taicu a tjakudral.
Paiwan_f59ad8cb-be0a-f011-bd65-00155db40116,resolved,,ti kama kacuyin amen a sema gadu a ki cadaʼ / cadaq tua nia kanen .
Paiwan_ff4ae0c5-be0a-f011-bd65-00155db40116,resolved,,ti kama kacuyin amen a sema gadu a ki cadaʼ/cadaq tua nia kanen .
Paiwan_40d2d0d1-be0a-f011-bd65-00155db40116,resolved,,ti kama na djemameʼ / djemameq tu ita tua bisangay i puljacengan.
Paiwan_ed4be0c5-be0a-f011-bd65-00155db40116,resolved,,ti kama na djemameʼ/djemameq tu ita tua bisangay i puljacengan.
Paiwan_e9d3d0d1-be0a-f011-bd65-00155db40116,resolved,,ti kama patjukuren a sakimkim ta kakara turi padjulu a ʼemusul / qemusul.
Paiwan_40d8d0d1-be0a-f011-bd65-00155db40116,resolved,,ti kina icengceng a maisu ta vaʼu / vaqu.
Paiwan_39d2d0d1-be0a-f011-bd65-00155db40116,resolved,,ti kina puʼatian / puqatian tu kedri aza djamay.
Paiwan_e84be0c5-be0a-f011-bd65-00155db40116,resolved,,ti kina puʼatian/puqatian tu kedri aza djamay.
Paiwan_8498d8cb-be0a-f011-bd65-00155db40116,resolved,,ti kina siputjeveng aza ʼarizang / qarizang a pikisi.
Paiwan_369ad8cb-be0a-f011-bd65-00155db40116,resolved,,ti kina sitjenun aza alay tua nguanguaʼ / nguanguaq a situngan.
Paiwan_504ae0c5-be0a-f011-bd65-00155db40116,resolved,,ti kina sitjenun aza alay tua nguanguaʼ/nguanguaq a situngan.
Paiwan_70d5d0d1-be0a-f011-bd65-00155db40116,resolved,,ti kina tjaljumaza i kasasavan a djemapes ta vaʼu / vaqu kata dremasi a venayvay tua itung.
Paiwan_774de0c5-be0a-f011-bd65-00155db40116,resolved,,ti kina tjaljumaza i kasasavan a djemapes ta vaʼu/vaqu kata dremasi a venayvay tua itung.
Paiwan_1d12e8bf-be0a-f011-bd65-00155db40116,dropped,ti vavauni ana masengseng tua nia maku(kating) a penuljat.,ti vavauni ana masengseng tua nia maku(kating) a penuljat.
Paiwan_811ac9d7-be0a-f011-bd65-00155db40116,resolved,,ti vuvu a vavayan cemaʼicaʼis / cemaqicaqis ta vaʼuan / vaquan a tjupi / tjukpilj tjai vuvu a uʼaljay / uqaljaqaljay.
Paiwan_5b1bc9d7-be0a-f011-bd65-00155db40116,resolved,,ti vuvu kisamuljamulja a veniling ta ʼuma / quma.
Paiwan_b599d8cb-be0a-f011-bd65-00155db40116,resolved,,ti vuvu kisamuljamulja a veniling ta ʼuma/quma.
Paiwan_d117c9d7-be0a-f011-bd65-00155db40116,resolved,,ti vuvu malap tua putjuy sa putjuyi aza sinuav a cadaʼ / cadaq.
Paiwan_7a95d8cb-be0a-f011-bd65-00155db40116,resolved,,ti vuvu malap tua putjuy sa putjuyi aza sinuav a cadaʼ/cadaq.
Paiwan_3ed2d0d1-be0a-f011-bd65-00155db40116,resolved,,ti vuvu sialap aken tu liav ta djarunuʼ / djarunuq sa ke pavay.
Paiwan_eb4be0c5-be0a-f011-bd65-00155db40116,resolved,,ti vuvu sialap aken tu liav ta djarunuʼ/djarunuq sa ke pavay.
Paiwan_8698d8cb-be0a-f011-bd65-00155db40116,resolved,,ti vuvu ʼaselu / qaselu a sipaisu ta vaʼu / vaqu.
Paiwan_7013e8bf-be0a-f011-bd65-00155db40116,resolved,,ti vuvu ʼaselu/qaselu a sipaisu ta vaʼu/vaqu.
Paiwan_7e1ac9d7-be0a-f011-bd65-00155db40116,resolved,,tiamadju ka maluljay anga ta sidjavadjavac ʼemiladj / qemiladj i tjuljivar ta ʼaciljay / qaciljay a palamu.
Paiwan_624de0c5-be0a-f011-bd65-00155db40116,dropped,tiamen a pinaljavakan nua makazayazaya izua i masilid a kinaizuanan nua keisacukiuku / puqaqezeljanan.,tiamen a pinaljavakan nua makazayazaya izua i masilid a kinaizuanan nua keisacukiuku / puqaqezeljanan.
Paiwan_d718c9d7-be0a-f011-bd65-00155db40116,dropped,tiamen izua man / malje sepatj a puluʼ / puluq a sasupuan a situ / kitulutulu.,tiamen izua man / malje sepatj a puluʼ / puluq a sasupuan a situ / kitulutulu.
Paiwan_87d5d0d1-be0a-f011-bd65-00155db40116,resolved,,timadju kemasi gadu a unting ta pariring a magakku turi pivava ta kaka ma tjumaʼ / matjumaq.
Paiwan_f9d8d0d1-be0a-f011-bd65-00155db40116,resolved,,timadju saʼetju / saqetju a ʼulu / qulu saka mutjaʼ / mutjaq auta a kemasi salim.
Paiwan_8493d8cb-be0a-f011-bd65-00155db40116,resolved,,timadju saʼetju/saqetju a ʼulu/qulu saka mutjaʼ/mutjaq auta a kemasi salim.
Paiwan_72d7d0d1-be0a-f011-bd65-00155db40116,dropped,"titjen a vuculj ( payuan ) zuku, neka nu tja kakudanan tua patjaraʼemaʼiyungan ( cemabukan ) .","titjen a vuculj ( payuan ) zuku, neka nu tja kakudanan tua patjaraʼemaʼiyungan ( cemabukan ) ."
Paiwan_fe11e8bf-be0a-f011-bd65-00155db40116,dropped,tjalja qalamqaman a qerir(qaljic) nua tjulja.,tjalja qalamqaman a qerir(qaljic) nua tjulja.
Paiwan_b81bc9d7-be0a-f011-bd65-00155db40116,resolved,,tjalja tjengelayan aken a keman ta vutjulj kata ciʼav / ciqav.
Paiwan_384ae0c5-be0a-f011-bd65-00155db40116,resolved,,tjara ken a lemalja sakamaya padjele/padjulu tua sikisuqiljang nia kina kati kama.
Paiwan_9b13e8bf-be0a-f011-bd65-00155db40116,dropped,tjasi kipaisuisu(kivaljitjuljitjuq)a paveli aicu a cukunu a kemasi cuay.,tjasi kipaisuisu(kivaljitjuljitjuq)a paveli aicu a cukunu a kemasi cuay.
Paiwan_9a99d8cb-be0a-f011-bd65-00155db40116,resolved,,tjatjengelay a keman ta ʼinasav / qinasav a saʼetjuʼetju / saqetjuqetju.
Paiwan_404ae0c5-be0a-f011-bd65-00155db40116,resolved,,tjatjengelay a keman ta ʼinasav/qinasav a saʼetjuʼetju/saqetjuqetju.
Paiwan_751ac9d7-be0a-f011-bd65-00155db40116,resolved,,tjemuljak / temuljit a pakasangas tua ʼaljic / qaljic nuri djemaung ta namatjaʼ / namatjaq a raikin.
Paiwan_6398d8cb-be0a-f011-bd65-00155db40116,resolved,,tjemuljak/temuljit a pakasangas tua ʼaljic/qaljic nuri djemaung ta namatjaʼ/namatjaq a raikin.
Paiwan_02d9d0d1-be0a-f011-bd65-00155db40116,resolved,,tjengelay a keman ta ciʼav / ciqav a ku ngiav.
Paiwan_8098d8cb-be0a-f011-bd65-00155db40116,resolved,,tjengelay a keman ta sasiʼ / sasiq aza ʼam / qam.
Paiwan_6c13e8bf-be0a-f011-bd65-00155db40116,resolved,,tjengelay a keman ta sasiʼ/sasiq aza ʼam/qam.
Paiwan_7598d8cb-be0a-f011-bd65-00155db40116,resolved,,tjengelay a keman ta vurati a ku ʼacang / qacang.
Paiwan_5c13e8bf-be0a-f011-bd65-00155db40116,resolved,,tjengelay a keman ta vurati a ku ʼacang/qacang.
Paiwan_93d1d0d1-be0a-f011-bd65-00155db40116,resolved,,tjengelay aken a keman ta ciʼav / ciqav.
Paiwan_094be0c5-be0a-f011-bd65-00155db40116,resolved,,tjengelay aken a keman ta ciʼav/ciqav.
Paiwan_1b1ac9d7-be0a-f011-bd65-00155db40116,resolved,,tjengelay aken a keman ta kakedrikedrian saka ʼateliteliv / qateliteliv a tjavuvuk.
Paiwan_93e9b776-1cec-c9bf-db52-3a19b0fa04a6,dropped,tjengelay itjen a pacun tua vuqavuqalj / vucelacelay a vuciar.,tjengelay itjen a pacun tua vuqavuqalj / vucelacelay a vuciar.
Paiwan_a4d8d0d1-be0a-f011-bd65-00155db40116,dropped,tjengelay itjen a pacun tua vuqavuqalj / vucelacelay a vucuar.,tjengelay itjen a pacun tua vuqavuqalj / vucelacelay a vucuar.
Paiwan_f8d2d0d1-be0a-f011-bd65-00155db40116,dropped,tjuruvu a ku adju i gakku / kakituluan.,tjuruvu a ku adju i gakku / kakituluan.
Paiwan_7b98d8cb-be0a-f011-bd65-00155db40116,resolved,,tjuruvu a ku ʼali / qali.
Paiwan_6513e8bf-be0a-f011-bd65-00155db40116,resolved,,tjuruvu a ku ʼali/qali.
Paiwan_c5d6d0d1-be0a-f011-bd65-00155db40116,dropped,tuca a ʼadav / qadav tima anga a uri sevalit a semenav ta kisi / capar ?,tuca a ʼadav / qadav tima anga a uri sevalit a semenav ta kisi / capar ?
Paiwan_f1d3d0d1-be0a-f011-bd65-00155db40116,resolved,,tucu a vengin inika mapacun a ʼiljas / qiljas i kalevelevan.
Paiwan_b3d8d0d1-be0a-f011-bd65-00155db40116,dropped,tucu a vuaʼ / vuaq na mangetjez timadju a ma gakku / kakituluan.,tucu a vuaʼ / vuaq na mangetjez timadju a ma gakku / kakituluan.
Paiwan_f550e0c5-be0a-f011-bd65-00155db40116,dropped,tucu a vuaʼ/vuaq na mangetjez timadju a ma gakku/kakituluan.,tucu a vuaʼ/vuaq na mangetjez timadju a ma gakku/kakituluan.
Paiwan_51d2d0d1-be0a-f011-bd65-00155db40116,resolved,,tucu a ʼadav / qadav kasimaza i tjumaʼ a kivala tjanuaken ti drudisang.
Paiwan_3dd6d0d1-be0a-f011-bd65-00155db40116,resolved,,tucu a ʼadav / qadav mana namasan pazangal a sikaiʼadavan / sikaiqadavan nua nia ʼinaljan / qinaljan.
Paiwan_fa4be0c5-be0a-f011-bd65-00155db40116,resolved,,tucu a ʼadav/qadav kasimaza i tjumaʼ a kivala tjanuaken ti drudisang.
Paiwan_8e4de0c5-be0a-f011-bd65-00155db40116,resolved,,tucu a ʼadav/qadav mana namasan pazangal a sikaiʼadavan/sikaiqadavan nua nia ʼinaljan/qinaljan.
Paiwan_af19c9d7-be0a-f011-bd65-00155db40116,resolved,,tuluan aken ni kama tua kemuda a temataʼ / temataq avana raday a takit.
Paiwan_7497d8cb-be0a-f011-bd65-00155db40116,resolved,,tuluan aken ni kama tua kemuda a temataʼ/temataq avana raday a takit.
Paiwan_cf17c9d7-be0a-f011-bd65-00155db40116,resolved,,tuluan aken ni kama tua semane putjakep / puqacepi.
Paiwan_7995d8cb-be0a-f011-bd65-00155db40116,resolved,,tuluan aken ni kama tua semane putjakep/puqacepi.
Paiwan_ce18c9d7-be0a-f011-bd65-00155db40116,dropped,tuluan ti kaka ni kina a sema siciacian / siqidrqidreqidr a cemian ta ljaceng .,tuluan ti kaka ni kina a sema siciacian / siqidrqidreqidr a cemian ta ljaceng .
Paiwan_5396d8cb-be0a-f011-bd65-00155db40116,dropped,tuluan ti kaka ni kina a sema siciacian/siqidrqidreqidr a cemian ta ljaceng .,tuluan ti kaka ni kina a sema siciacian/siqidrqidreqidr a cemian ta ljaceng .
Paiwan_7398d8cb-be0a-f011-bd65-00155db40116,resolved,,ucengecengel a ʼaʼa / qaqa.
Paiwan_be12e8bf-be0a-f011-bd65-00155db40116,resolved,,ucengecengel a ʼaʼa/qaqa.
Paiwan_df1ac9d7-be0a-f011-bd65-00155db40116,dropped,"ui, uri ma gakku / kakituluan amen tucu a vuaʼ.","ui, uri ma gakku / kakituluan amen tucu a vuaʼ."
Paiwan_6216c9d7-be0a-f011-bd65-00155db40116,resolved,,umaʼ / umaq niamadju aicu.
Paiwan_c9d6d0d1-be0a-f011-bd65-00155db40116,dropped,uri kivala aken tjay sinsi / rutulutulu.,uri kivala aken tjay sinsi / rutulutulu.
Paiwan_e51ac9d7-be0a-f011-bd65-00155db40116,resolved,,uri mangetjez timadju nutiav a mamaza i tjumaʼ / tjumaq tjanuamen.
Paiwan_0999d8cb-be0a-f011-bd65-00155db40116,resolved,,uri mangetjez timadju nutiav a mamaza i tjumaʼ/tjumaq tjanuamen.
Paiwan_851ac9d7-be0a-f011-bd65-00155db40116,dropped,uri vaik anga aken tucu a ʼadav / tucu a vuaq.,uri vaik anga aken tucu a ʼadav / tucu a vuaq.
Paiwan_6b98d8cb-be0a-f011-bd65-00155db40116,dropped,uri vaik anga aken tucu a ʼadav/tucu a vuaq.,uri vaik anga aken tucu a ʼadav/tucu a vuaq.
Paiwan_8c1ac9d7-be0a-f011-bd65-00155db40116,resolved,,uʼaljay / uqaljay aken.
Paiwan_0399d8cb-be0a-f011-bd65-00155db40116,resolved,,uʼaljay/uqaljay aken.
Paiwan_8ad1d0d1-be0a-f011-bd65-00155db40116,dropped,"vaik aken a cemikel / kicepeliv, ka pacun aken ta ʼatjuvi / qatjuvi i tjay ʼayav / qayav.","vaik aken a cemikel / kicepeliv, ka pacun aken ta ʼatjuvi / qatjuvi i tjay ʼayav / qayav."
Paiwan_30d6d0d1-be0a-f011-bd65-00155db40116,resolved,,vaik aken a sema gadu a kiʼau / kiqau tu kedri sa ku pasa umaʼi / umaqi.
Paiwan_864de0c5-be0a-f011-bd65-00155db40116,resolved,,vaik aken a sema gadu a kiʼau/kiqau tu kedri sa ku pasa umaʼi/umaqi.
Paiwan_5e1bc9d7-be0a-f011-bd65-00155db40116,resolved,,vaik aken a venuciʼ / venuciq tua vangalj ta tja kanen.
Paiwan_b999d8cb-be0a-f011-bd65-00155db40116,resolved,,vaik aken a venuciʼ/venuciq tua vangalj ta tja kanen.
Paiwan_c11bc9d7-be0a-f011-bd65-00155db40116,resolved,,vaik aken a zemapatj / zemepetj tua namakapalak a laljing.
Paiwan_ca99d8cb-be0a-f011-bd65-00155db40116,resolved,,vaik aken a zemapatj/zemepetj tua namakapalak a laljing.
Paiwan_fed2d0d1-be0a-f011-bd65-00155db40116,dropped,vaik anga amen a gimitidr / gemidritj a kipaday.,vaik anga amen a gimitidr / gemidritj a kipaday.
Paiwan_954ce0c5-be0a-f011-bd65-00155db40116,dropped,vaik anga amen a gimitidr/gemidritj a kipaday.,vaik anga amen a gimitidr/gemidritj a kipaday.
Paiwan_8b99d8cb-be0a-f011-bd65-00155db40116,resolved,,vaik ti kama a sema vavua aʼemapaz / qemapaz.
Paiwan_4349e0c5-be0a-f011-bd65-00155db40116,resolved,,vaik ti kama a sema vavua aʼemapaz/qemapaz.
Paiwan_e71ac9d7-be0a-f011-bd65-00155db40116,resolved,,vayan tjay vuvu azua va na ʼacang / qacang.
Paiwan_4e1bc9d7-be0a-f011-bd65-00155db40116,resolved,,veceʼelen / veceqelen aken nimadju saka ika aken a makaya minasi.
Paiwan_1399d8cb-be0a-f011-bd65-00155db40116,resolved,,veceʼelen/veceqelen aken nimadju saka ika aken a makaya minasi.
Paiwan_c199d8cb-be0a-f011-bd65-00155db40116,resolved,,vucelacelay a ʼurepus/qurepus i kalevelevan.
Paiwan_7e98d8cb-be0a-f011-bd65-00155db40116,resolved,,vucelay aravac a ʼaljic / qaljic nazua savavayan.
Paiwan_6a13e8bf-be0a-f011-bd65-00155db40116,resolved,,vucelay aravac a ʼaljic/qaljic nazua savavayan.
Paiwan_bc1bc9d7-be0a-f011-bd65-00155db40116,resolved,,yainuan / izainuan a namapasaqetju?
Paiwan_c899d8cb-be0a-f011-bd65-00155db40116,resolved,,yainuan/izainuan a namapasaqetju?
Paiwan_c01bc9d7-be0a-f011-bd65-00155db40116,dropped,zaqu / iuku a sinipilima na ku kaka.,zaqu / iuku a sinipilima na ku kaka.
Paiwan_7997d8cb-be0a-f011-bd65-00155db40116,resolved,,ʼacaʼaca/qacaqaca ti kama i Maicus.
Paiwan_4649e0c5-be0a-f011-bd65-00155db40116,resolved,,ʼemeljev/qemeljev itjen sakamaya tua siʼeljevan/siqeljevan ayata satjumaʼen/satjumaqen itjen nua salapeljan.
Paiwan_4e49e0c5-be0a-f011-bd65-00155db40116,resolved,,ʼemuyulj/qemuyulj aken tua zua pini zaleman a kasiv.
Paiwan_5349e0c5-be0a-f011-bd65-00155db40116,resolved,,ʼiljain/qiljain na ku kaka a tjukap nimadju.
Paiwan_e44be0c5-be0a-f011-bd65-00155db40116,resolved,,ʼivu/qivu ti kama: maya demulat aza kadjunangan aya lja tjau taleman tua kikavecengel.
Puyuma_a3485e3d-d00a-f011-bd65-00155db40116,resolved,,abel lra dra irupan dratu kalalabian (kakerabian) kan temuu na babayan.
Puyuma_5fe44090-a130-f011-8fad-000d3a8250a0,dropped,"an dadaman dra mangayaw i, kiabatrang a miyabetan (kitubangesar lra). tu atedranay i palakuwan tu kawi.","an dadaman dra mangayaw i, kiabatrang a miyabetan (kitubangesar lra). tu atedranay i palakuwan tu kawi."
Puyuma_889e2867-d00a-f011-bd65-00155db40116,dropped,"an mabel dra irupan i nanalri i, saima an puka dra ateri(iyam).","an mabel dra irupan i nanalri i, saima an puka dra ateri(iyam)."
Puyuma_dedf24cb-8867-f011-8fae-000d3a8250a0,dropped,"an mekaekan ta dra kalimudan(inilaban) i, inaba ta dradrek dar!","an mekaekan ta dra kalimudan(inilaban) i, inaba ta dradrek dar!"
Puyuma_0547216d-d00a-f011-bd65-00155db40116,resolved,,"an muka i drenan i mulri na mainayan i, tu paretranay(taesanay) i paparetran tu tadraw."
Puyuma_53f24e49-d00a-f011-bd65-00155db40116,dropped,"andadaman dra mangayaw i, kiyabatrang a miyabetan (kitubangesar lra). tu atedranay i palakuwan tu kawi.","andadaman dra mangayaw i, kiyabatrang a miyabetan (kitubangesar lra). tu atedranay i palakuwan tu kawi."
Puyuma_9adb848b-983e-0f2f-c32c-3a1c9ff237fc,resolved,,mitureanan ku dra Pairang a! (a Pairang ku tureanan.)
Puyuma_2e44216d-d00a-f011-bd65-00155db40116,resolved,,muka i drenan temaetaa(temegaa) dra petrir i namalri na maranak.
Puyuma_0549216d-d00a-f011-bd65-00155db40116,resolved,,munuma tu ami kanu wadi na mainayan(wadi na babayan) garem?
Puyuma_f446216d-d00a-f011-bd65-00155db40116,dropped,"naniyam sinsi(rusaw) i, saigu paladam dra temakakesi.","naniyam sinsi(rusaw) i, saigu paladam dra temakakesi."
Puyuma_7afa4e49-d00a-f011-bd65-00155db40116,resolved,,tu ageagelraw ku kan baelri na babayan dra kalalaukan (kareaalriyan).
Puyuma_149b2867-d00a-f011-bd65-00155db40116,dropped,tu kawi dra tuulr i betriil(treliin). inaba sasangaan dra langelr.,tu kawi dra tuulr i betriil(treliin). inaba sasangaan dra langelr.
Puyuma_a3a52867-d00a-f011-bd65-00155db40116,dropped,ulraya a katengadrawan(lipad) a muketrep misama dra lruwatra kadriyu.,ulraya a katengadrawan(lipad) a muketrep misama dra lruwatra kadriyu.
Rukai_e6b24193-e9d6-65ab-463b-3a19b196f0c8,dropped,Cuuna ki lrimupairange si palangay ku panasuy/raucu.,Cuuna ki lrimupairange si palangay ku panasuy/raucu.
Rukai_50056872-a130-f011-8fad-000d3a8250a0,dropped,Dreela ku apabunabunaneli ku malringisu(barisiw).,Dreela ku apabunabunaneli ku malringisu(barisiw).
Rukai_dea277f4-8b33-f011-8fad-000d3a8250a0,dropped,Kadrua ku abaadhane ku kazilu ki pangudaane/,Kadrua ku abaadhane ku kazilu ki pangudaane/
Rukai_dad40ae6-8a33-f011-8fad-000d3a8250a0,dropped,Kikaace amia sataaulru ki kamamaniane(palrata).,Kikaace amia sataaulru ki kamamaniane(palrata).
Rukai_f386059c-df0a-f011-bd65-00155db40116,dropped,Kwdera ki labaibay/tawane su ani kaculu,Kwdera ki labaibay/tawane su ani kaculu
Rukai_da82e6b3-df0a-f011-bd65-00155db40116,dropped,La makathalralray madu ki talrailragi(laliali) madu.,La makathalralray madu ki talrailragi(laliali) madu.
Rukai_5c24f011-af66-27e4-ca44-3a19b193a01a,dropped,Madalame lrededepe muadrakerale/vaalru.,Madalame lrededepe muadrakerale/vaalru.
Rukai_b282059c-df0a-f011-bd65-00155db40116,dropped,Ngiadrakalenga ku agi ka ababay /,Ngiadrakalenga ku agi ka ababay /
Rukai_962b0d96-df0a-f011-bd65-00155db40116,dropped,Ngiadrakalenga ku agi ka ababay/,Ngiadrakalenga ku agi ka ababay/
Rukai_1a7c059c-df0a-f011-bd65-00155db40116,dropped,Pangwa dinva(lingase ) ki ama ka agili ka ababay.,Pangwa dinva(lingase ) ki ama ka agili ka ababay.
Rukai_1f2d0d96-df0a-f011-bd65-00155db40116,dropped,Swa Pinpu zuku ku talragi (laali)li.,Swa Pinpu zuku ku talragi (laali)li.
Rukai_2bbdfda1-df0a-f011-bd65-00155db40116,dropped,Takalra ku talragi(laali) li.,Takalra ku talragi(laali) li.
Rukai_127d059c-df0a-f011-bd65-00155db40116,dropped,Takalra ku talrailragi(laaliali)li ikay gaku.,Takalra ku talrailragi(laaliali)li ikay gaku.
Rukai_fc79059c-df0a-f011-bd65-00155db40116,resolved,,Tarapiyanga ku cayli ki agi ka sawvalay(ababay)?
Rukai_e87a059c-df0a-f011-bd65-00155db40116,dropped,Wamalra ku balraku (sataputapusane)si bulru nayyane tapusu ki becenge ku ina.,Wamalra ku balraku (sataputapusane)si bulru nayyane tapusu ki becenge ku ina.
Rukai_966c5bdd-8d33-f011-8fad-000d3a8250a0,dropped,Waralabaku ku lrika apaw barisivane ( malringisu ) .,Waralabaku ku lrika apaw barisivane ( malringisu ) .
Rukai_39b5fdab-8b33-f011-8fad-000d3a8250a0,dropped,"Yakay ku wakuruthu / wapirace ,ani sangungalrece turamuru.","Yakay ku wakuruthu / wapirace ,ani sangungalrece turamuru."
Rukai_3cb5fdab-8b33-f011-8fad-000d3a8250a0,dropped,"Yakay ku wakuruthu / wapirace,ani sangungalrece turamuru.","Yakay ku wakuruthu / wapirace,ani sangungalrece turamuru."
Saaroa_ddb20216-f70a-f011-bd65-00155db40116,resolved,,1.kaniʼiia suhlatʉ aiiapa avura hlimilavaʉ. 2.kiira matialucuaku suhlatʉ kari
Saaroa_cab20216-f70a-f011-bd65-00155db40116,resolved,,"1.kita vutuhluna ausi ruvicuaka, taisa civukaisa. 2.paliialicua Aruuaina."
Saaroa_6f6a0a10-f70a-f011-bd65-00155db40116,resolved,,1.maivʉtʉngʉa kanaʼana ihlaku kuapuruaniania.
Saaroa_36710a10-f70a-f011-bd65-00155db40116,resolved,,1.mauruhla ia masarʉmʉa langica 2.ahlamacicia marumukua ahlalua hlahlusa umuu uruhla.
Saaroa_c0b00216-f70a-f011-bd65-00155db40116,resolved,,1.miamʉtʉmʉtʉaku kanaʼa tahlakʉ tam manganʉ. 2.umaru vatuʼu inaʼana cumukuru hlilapingisa hlatʉngʉ.
Saaroa_806f0a10-f70a-f011-bd65-00155db40116,resolved,,"1.muravʉkʉa kiuʼu, muakaka hlilʉmʉkʉ inaʼa tavahlihlana. 2.tiaraisa cucuʼu kanaʼana. mupalakʉ sasaruana?"
Saaroa_7b6a0a10-f70a-f011-bd65-00155db40116,resolved,,1.vuaʼa maci umaususu inaʼa ia mavacangʉa tihlaʼahlʉ. 2.maliamucucua hlimilavaʉ ramucuisa takacicihli.
Saaroa_716d0a10-f70a-f011-bd65-00155db40116,dropped,usuahlatʉngʉ maipaputu hlatʉngʉ mapuhli maipaputu hlatʉngʉ tualʉhlʉlʉhlʉ(tamana).,usuahlatʉngʉ maipaputu hlatʉngʉ mapuhli maipaputu hlatʉngʉ tualʉhlʉlʉhlʉ(tamana).
Saisiyat_17107434-e30a-f011-bd65-00155db40116,resolved,,"1. maʼan pinayaka:iʼ ʼima Sapang, moyo paka:iʼ hi yakin. 2. maʼan pinayaka:iʼ ʼima saʼowaz, moyo paka:iʼ hi yakin."
Saisiyat_ac4e6c3a-e30a-f011-bd65-00155db40116,resolved,,1. minatiniʼ ki minaytiʼ kin minowaʼ somiʼael ni ʼoyaʼ nonak pinamowaʼ ka tomatoʼ. 2. minatiniʼ ki minaytiʼ minowaʼ a tomal somiʼael ni ʼoyaʼ pinamowaʼ ka tomatoʼ.
Saisiyat_224d6c3a-e30a-f011-bd65-00155db40116,resolved,,"1.ʼiziʼ i waSwaSak ʼam talbowaeh ka tatimaeʼan. 2.kamatortoroeʼ mayaka:iʼ hi yami, ʼiziʼ i sinsay ki ʼima ʼokik Seklaʼ ka maeʼiyaeh lobih ray taewʼan."
Saisiyat_3df6567e-a130-f011-8fad-000d3a8250a0,resolved,,bosoeʼ ʼin noka kamamanra:an a kakro:oʼan (kapiro:oʼ)
Saisiyat_d2526c3a-e30a-f011-bd65-00155db40116,resolved,,hini nisiya ʼaehoeʼ. (hini ʼinsiyaʼa ʼaehoeʼ.)
Saisiyat_08506c3a-e30a-f011-bd65-00155db40116,dropped,hiza kaka:at maʼan. (hiza ʼinmanaʼa kaka:at.),hiza kaka:at maʼan. (hiza ʼinmanaʼa kaka:at.)
Saisiyat_13526c3a-e30a-f011-bd65-00155db40116,dropped,"paStaʼay ʼam papaʼoSaʼ ila o, hiyaʼ ʼima Silʼi: ka basang ( ʼomaySiʼ ) ʼiziʼ i kitaʼ!","paStaʼay ʼam papaʼoSaʼ ila o, hiyaʼ ʼima Silʼi: ka basang ( ʼomaySiʼ ) ʼiziʼ i kitaʼ!"
Saisiyat_cd0b7434-e30a-f011-bd65-00155db40116,dropped,ray ʼam papSiyaeʼ(raeraeʼoe:) maʼan ʼaehʼaehael paʼilhaehae:aeʼen boSok ila saboeh.,ray ʼam papSiyaeʼ(raeraeʼoe:) maʼan ʼaehʼaehael paʼilhaehae:aeʼen boSok ila saboeh.
Saisiyat_1c147434-e30a-f011-bd65-00155db40116,dropped,siya kamatortoroeʼ mitaʼ. (siya ʼinmitaʼa kamatortoroeʼ.),siya kamatortoroeʼ mitaʼ. (siya ʼinmitaʼa kamatortoroeʼ.)
Saisiyat_1c107434-e30a-f011-bd65-00155db40116,dropped,"siya maʼan koSaʼen mariʼ ka ʼima ʼolʼolaʼan (sase:ez) ka Sina:iS, ʼokaʼ o kitaʼen siya mariʼ ka ʼima sopaloy Sina:iS Siboway ʼiyakin.","siya maʼan koSaʼen mariʼ ka ʼima ʼolʼolaʼan (sase:ez) ka Sina:iS, ʼokaʼ o kitaʼen siya mariʼ ka ʼima sopaloy Sina:iS Siboway ʼiyakin."
Saisiyat_98ef5e78-a130-f011-8fad-000d3a8250a0,resolved,,topiʼ ʼin noka minkoringan a kakro:oʼan ( kakpiSiyan ).
Saisiyat_5e4d6c3a-e30a-f011-bd65-00155db40116,resolved,,topiʼ ʼin noka minkoringan a kakro:oʼan (kakpiSiyan)
Saisiyat_274e6c3a-e30a-f011-bd65-00155db40116,resolved,,yako biSbiS ka kaSlar. (maʼan kaSlar biSbiS.)
Saisiyat_690c7434-e30a-f011-bd65-00155db40116,resolved,,yako kahiyaʼ biSbiS ka ʼae:oʼ. (kahiyaʼ maʼan ʼae:oʼ biSbiS.)
Saisiyat_cb4f6c3a-e30a-f011-bd65-00155db40116,dropped,"yako SomikSikar ʼiSoʼon, Soʼo mina pakra:am kaSikar（rae:iw）.","yako SomikSikar ʼiSoʼon, Soʼo mina pakra:am kaSikar（rae:iw）."
Sakizaya_d2a056e7-f00a-f011-bd65-00155db40116,resolved,,a sandeb kaku tayza / tayda.
Sakizaya_2c5d5ee1-f00a-f011-bd65-00155db40116,resolved,,a tayni ciniza / cinida anucila i lumaʼ nu maku.
Sakizaya_6aa056e7-f00a-f011-bd65-00155db40116,resolved,,a tayza / tayda kaku pilipayan i kiwkay milihay.
Sakizaya_365d5ee1-f00a-f011-bd65-00155db40116,resolved,,acawa nu maku ciniza / cinida.
Sakizaya_3f5f5ee1-f00a-f011-bd65-00155db40116,resolved,,"adada ku takulaw ni baki mayzih / maydih minanum, padangen kaku mibelun tu nanum sa."
Sakizaya_e05b5ee1-f00a-f011-bd65-00155db40116,resolved,,"adada ku takulaw ni baki mayzih/maydih minanum, padangen kaku mibelun tu nanum sa."
Sakizaya_0f3ad548-8c33-f011-8fad-000d3a8250a0,resolved,,adada ku takulaw niza / nida kyu caay pakaenuc.
Sakizaya_f2e04eed-f00a-f011-bd65-00155db40116,resolved,,adada ku tangah muutaʼ ciniza / cinida i nacila a labi.
Sakizaya_a99d56e7-f00a-f011-bd65-00155db40116,resolved,,adidiʼ ku lima niza / nida haw?
Sakizaya_2b758cfb-8d33-f011-8fad-000d3a8250a0,resolved,,adidiʼ ku nikubkuban ni ama ayza / ayda a mihcaan.
Sakizaya_2f5d5ee1-f00a-f011-bd65-00155db40116,resolved,,ahebal ku abala niza / nida.
Sakizaya_139c56e7-f00a-f011-bd65-00155db40116,resolved,,amana kapawan kita tu lalangawan nu uzip / udip.
Sakizaya_ae9490be-8d33-f011-8fad-000d3a8250a0,resolved,,amana kasizuma / kasiduma mibakah tu tatuniʼ.
Sakizaya_aea1a01e-8c33-f011-8fad-000d3a8250a0,resolved,,amana kasizuma / kasiduma sa mibakah tu tatuniʼ.
Sakizaya_0aa356e7-f00a-f011-bd65-00155db40116,resolved,,amana kasizuma / kasiduma sa mitiyung tu tuud nu tau.
Sakizaya_789f56e7-f00a-f011-bd65-00155db40116,resolved,,amana miida cinizaan / cinidaan.
Sakizaya_cd5d5ee1-f00a-f011-bd65-00155db40116,resolved,,"amana pabelien ciniza / cinida tu kalisiw, napabeli tu nu maku ciniza / cinida."
Sakizaya_975d5ee1-f00a-f011-bd65-00155db40116,resolved,,"amana pisayadah mukan tu epah, zayhan u sakalaʼcus nu uzip / udip ku epah."
Sakizaya_d19f43a0-8d33-f011-8fad-000d3a8250a0,resolved,,amana sizumaay / sidumaay sa misapud tu mapeluʼay i lalaʼay a heci .
Sakizaya_231ffb54-8c33-f011-8fad-000d3a8250a0,resolved,,amana sizumaʼay / sidumaay sa misapud tu mapeluʼay i lalaʼ a heci mukan.
Sakizaya_d39f43a0-8d33-f011-8fad-000d3a8250a0,resolved,,amana sizumaʼay / sidumaʼay sa misapud tu mapeluʼay i lalaʼay a heci .
Sakizaya_f0e04eed-f00a-f011-bd65-00155db40116,resolved,,anu cayay kaylay mililuc a mauning ku uzip / udip .
Sakizaya_8ea156e7-f00a-f011-bd65-00155db40116,resolved,,anu maazih tu nu maku ku saytu sa mazateng / madateng tu nu maku ci ina.
Sakizaya_d45d5ee1-f00a-f011-bd65-00155db40116,resolved,,"anu mahicahica ku kabatad, a tayza / tayda tu kaku."
Sakizaya_b25a5ee1-f00a-f011-bd65-00155db40116,resolved,,"anu mahicahica ku kabatad, a tayza/tayda tu kaku."
Sakizaya_7f605ee1-f00a-f011-bd65-00155db40116,resolved,,anu makakeleng sa amana ka i sasa nu kilang mutizeng / mutideng.
Sakizaya_87609a30-8c33-f011-8fad-000d3a8250a0,resolved,,anu makakeleng sa amana kaisasa nu kilang mutizeng / mutideng.
Sakizaya_a7595ee1-f00a-f011-bd65-00155db40116,resolved,,anu muculil piazih / piadih tu nu ayawan.
Sakizaya_ce9a56e7-f00a-f011-bd65-00155db40116,resolved,,anucila kanca tuceken ku tuki tayza / tayda.
Sakizaya_d75d5ee1-f00a-f011-bd65-00155db40116,resolved,,apuyuʼ ciniza / cinida.
Sakizaya_fa1efb54-8c33-f011-8fad-000d3a8250a0,resolved,,asipen / sausien ku tayniay a tademaw papina..
Sakizaya_fb1efb54-8c33-f011-8fad-000d3a8250a0,resolved,,asipen / sausien may pina kya kilang i labu niya zunga / dunga?
Sakizaya_d95d5ee1-f00a-f011-bd65-00155db40116,resolved,,asipen; sausien may pina kya kilang i labu niya zunga / dunga?
Sakizaya_a05a5ee1-f00a-f011-bd65-00155db40116,resolved,,atayni ciniza/cinida anucila i lumaʼ nu maku.
Sakizaya_dc5e5ee1-f00a-f011-bd65-00155db40116,resolved,,ayaw a tusa demiad a miliyas tu niyazuʼ / niyaduʼ kaku a misakawaw tu.
Sakizaya_b35a5ee1-f00a-f011-bd65-00155db40116,resolved,,ayaw a tusa demiad a miliyas tu niyazuʼ/niyaduʼ kaku a misakawaw tu.
Sakizaya_c9a056e7-f00a-f011-bd65-00155db40116,resolved,,ayza / ayda demiad izaw / idaw ku baluhay micudaday tayni sakukamu.
Sakizaya_cf9b56e7-f00a-f011-bd65-00155db40116,resolved,,ayza/ayda demiad izaw/idaw ku baluhay micudaday tayni sakukamu.
Sakizaya_85a256e7-f00a-f011-bd65-00155db40116,resolved,,ayzaay / aydaay a tataiʼan caay tu kasanek.
Sakizaya_7c9c56e7-f00a-f011-bd65-00155db40116,resolved,,ayzaay/aydaay a tataiʼan caay tu kasanek.
Sakizaya_16585ee1-f00a-f011-bd65-00155db40116,resolved,,"baiʼ, wama/ama, wina/ina, sabana atu aku."
Sakizaya_f19f56e7-f00a-f011-bd65-00155db40116,resolved,,banawan niza / nida ku mahetikay a ngelab.
Sakizaya_5f5e5ee1-f00a-f011-bd65-00155db40116,resolved,,caay henay kahamin ku kawaw niza / nida.
Sakizaya_3d5f5ee1-f00a-f011-bd65-00155db40116,resolved,,"caay kadayum izaw / idaw ku belac i sumamad, ayza / ayda tu izaw / idaw."
Sakizaya_9b5d5ee1-f00a-f011-bd65-00155db40116,resolved,,"caay kataneng ciniza / cinida milihiza / milihida titaan masaupu, hakay izaw / idaw ku zuma / duma a kawaw niza / nida."
Sakizaya_649f56e7-f00a-f011-bd65-00155db40116,resolved,,caay kau mautangay ku sabana tayza / tayda i cacudadan.
Sakizaya_759b56e7-f00a-f011-bd65-00155db40116,resolved,,"caay kau nipaʼtengan niza / nida mipeciʼ tya kupu, ku caay kaynahen nu misu ciniza / cinida."
Sakizaya_aa5d5ee1-f00a-f011-bd65-00155db40116,resolved,,"caay kau nipaʼtengan niza/nida mipeciʼ tya kupu, ku caay kaynahen nu misu ciniza/cinida."
Sakizaya_cb9f43a0-8d33-f011-8fad-000d3a8250a0,resolved,,caay kau nipaʼtengan/nipadetengan nu maku a pamuniʼ kya nicakayan ni ina a kamulaw.
Sakizaya_183ad548-8c33-f011-8fad-000d3a8250a0,resolved,,caay kau nipaʼtengan/nipadetengan nu maku a papimuniʼ kya nicakayan ni ina a kamulaw.
Sakizaya_c5585ee1-f00a-f011-bd65-00155db40116,resolved,,caay kau niza / nida nisulitan kuyni a cudad.
Sakizaya_789b56e7-f00a-f011-bd65-00155db40116,resolved,,caay pikanen ciniza / cinida tu hemay haw? kya kudus satu ciniza / cinida.
Sakizaya_3a5d5ee1-f00a-f011-bd65-00155db40116,resolved,,"caay tu culil ciniza / cinida adada tu kukuʼ, kalamkamen patayza / patayda paazih / paadih tu misaydan."
Sakizaya_655e5ee1-f00a-f011-bd65-00155db40116,resolved,,caay tu kaazih / kaadih ku hungku ayza / ayda.
Sakizaya_8733ed6e-8e33-f011-8fad-000d3a8250a0,resolved,,cabuul ku sabama i kazizeng/kadideng maydih mudebu.
Sakizaya_fc9e56e7-f00a-f011-bd65-00155db40116,resolved,,"cacay demiad matenes mutizeng / mutideng kaku ayza / ayda, u zuma / duma ku ngeluʼ, mayzih / maydih tu talumaʼ."
Sakizaya_4c595ee1-f00a-f011-bd65-00155db40116,resolved,,caledes ku demiad ayza / ayda.
Sakizaya_df9a56e7-f00a-f011-bd65-00155db40116,resolved,,cima tu ku mamibanaw tu kaysing ayza / ayda?
Sakizaya_483ad548-8c33-f011-8fad-000d3a8250a0,resolved,,cuedet tu ku demiad tanayuʼay ledung ku sapazikuc / sapadikuc ni ina tu sabama.
Sakizaya_505d7832-8e33-f011-8fad-000d3a8250a0,resolved,,"cuedet tu ku demiad, tanayuʼay a ledung ku sapazikuc / sapadikuc ni ina tu sabama."
Sakizaya_a6595ee1-f00a-f011-bd65-00155db40116,resolved,,culculan aku ku sabana patayza / patayda ci amaan tu tuud.
Sakizaya_239c56e7-f00a-f011-bd65-00155db40116,resolved,,cuʼdet tu ku demiad tanayuʼay ledung ku sapazikuc / sapadikuc ni ina tu sabama.
Sakizaya_835d5ee1-f00a-f011-bd65-00155db40116,resolved,,dimuten nu sabama niza / nida ku kucu niza / nida.
Sakizaya_895d5ee1-f00a-f011-bd65-00155db40116,resolved,,duut sa kina zazan / dadan nayiʼ ku muculilay.
Sakizaya_905d5ee1-f00a-f011-bd65-00155db40116,resolved,,"emec han niza / nida ku liel nu maku, sakalaʼcus nu maku muhanhan."
Sakizaya_bb5c5ee1-f00a-f011-bd65-00155db40116,resolved,,"emec han niza/nida ku liel nu maku, sakalaʼcus nu maku muhanhan."
Sakizaya_8cd60681-8e33-f011-8fad-000d3a8250a0,resolved,,"emecan niza/nida ku liel nu maku, sakalaʼcus nu maku muhanhan."
Sakizaya_159c56e7-f00a-f011-bd65-00155db40116,resolved,,halitayni ku lalumaʼan i lumaʼ mizizaw / mididaw haw?
Sakizaya_9d5d5ee1-f00a-f011-bd65-00155db40116,resolved,,"hang, a tayza / tayda kami i cacudadan ayza / ayda."
Sakizaya_b1595ee1-f00a-f011-bd65-00155db40116,resolved,,i ayaw nu dadingu mueneng ciniza / cinida.
Sakizaya_db9a56e7-f00a-f011-bd65-00155db40116,resolved,,i kawili kami mutizeng / mutideng.
Sakizaya_805d5ee1-f00a-f011-bd65-00155db40116,resolved,,i labu kya diheb tya nu zikuzananay / dikudananay a buyuʼ.
Sakizaya_f260a02a-8c33-f011-8fad-000d3a8250a0,dropped,i labu kya diheb ya nu zikuzan nanay / dikudan nanay a buyuʼ.,i labu kya diheb ya nu zikuzan nanay / dikudan nanay a buyuʼ.
Sakizaya_b49d56e7-f00a-f011-bd65-00155db40116,resolved,,i na lumeniʼay a zikuc / dikuc anu caay kau ni sabanaay sa u nu makuay.
Sakizaya_f69e56e7-f00a-f011-bd65-00155db40116,resolved,,i nacila masamel paculil tu kazizeng / kadideng ciniza / cinida masasetul tu kilang.
Sakizaya_9233ed6e-8e33-f011-8fad-000d3a8250a0,resolved,,i nacila masamel paculil tu kazizeng/kadideng ciniza/cinida masasetul tu kilang.
Sakizaya_0ca356e7-f00a-f011-bd65-00155db40116,resolved,,i pabaw nu baʼtu ciniza / cinida mutizeng.
Sakizaya_75a056e7-f00a-f011-bd65-00155db40116,resolved,,i putah ci ina mitapes tu habay atu pawali tu zikuc / dikuc.
Sakizaya_82a156e7-f00a-f011-bd65-00155db40116,resolved,,i sasa nu buyuʼ paluma tu pazaʼ / padaʼ kaku.
Sakizaya_df9b56e7-f00a-f011-bd65-00155db40116,resolved,,i sasa nu buyuʼ paluma tu pazaʼ /padaʼ kaku.
Sakizaya_269c56e7-f00a-f011-bd65-00155db40116,resolved,,i sasaay nu kilang a lidateng i tapiingan izaw / idaw ku tabayal.
Sakizaya_695e5ee1-f00a-f011-bd65-00155db40116,resolved,,i tini ku tusaay a bataan izaw / idaw ku cacay salengacay a balu.
Sakizaya_719b56e7-f00a-f011-bd65-00155db40116,resolved,,isu i nacila nayiʼ maazih / maadih aku i kiwkay.
Sakizaya_745e5ee1-f00a-f011-bd65-00155db40116,dropped,itawya maazih / maadih aku ciniza / cinida miala tu kawswa / cacebalen.,itawya maazih / maadih aku ciniza / cinida miala tu kawswa / cacebalen.
Sakizaya_cd5c5ee1-f00a-f011-bd65-00155db40116,dropped,itawya maazih/maadih aku ciniza/cinida miala tu kawswa/cacebalen.,itawya maazih/maadih aku ciniza/cinida miala tu kawswa/cacebalen.
Sakizaya_499e56e7-f00a-f011-bd65-00155db40116,resolved,,izaw / idaw aca ku mahiniay a tuud.
Sakizaya_ea9e56e7-f00a-f011-bd65-00155db40116,resolved,,izaw / idaw henay ku mantaʼay a pazaʼ / padaʼ i takal.
Sakizaya_e45e5ee1-f00a-f011-bd65-00155db40116,resolved,,izaw / idaw i badahung ku cacay a naniʼ.
Sakizaya_baa056e7-f00a-f011-bd65-00155db40116,resolved,,izaw / idaw i buyuʼ ku sabaw enemay a sakula.
Sakizaya_e8e04eed-f00a-f011-bd65-00155db40116,resolved,,izaw / idaw i kabang nu maku ku tusaay a bataan a kalisiw.
Sakizaya_6d5e5ee1-f00a-f011-bd65-00155db40116,resolved,,izaw / idaw i laku ku tusaay a bataan izaw ku tulu angangan nu ninzin.
Sakizaya_d75e5ee1-f00a-f011-bd65-00155db40116,resolved,,izaw / idaw i laku ku walu a auk.
Sakizaya_985d5ee1-f00a-f011-bd65-00155db40116,resolved,,izaw / idaw i lumaʼ aku ku tusaay a gaciw.
Sakizaya_b8a056e7-f00a-f011-bd65-00155db40116,resolved,,izaw / idaw i lumaʼ ku sabana nu maku.
Sakizaya_4e9e56e7-f00a-f011-bd65-00155db40116,resolved,,izaw / idaw i makaysasa nu elun ku nani. .
Sakizaya_46595ee1-f00a-f011-bd65-00155db40116,resolved,,izaw / idaw i pabaw nu kilang ku cacay a malebut a tinghuy.
Sakizaya_c0a056e7-f00a-f011-bd65-00155db40116,resolved,,izaw / idaw i sasa nu elun ku sabaw tusaay a sabulic.
Sakizaya_6e5e5ee1-f00a-f011-bd65-00155db40116,resolved,,izaw / idaw i sulu ku tusaay a bataan izaw / idaw ku tusa a tatak.
Sakizaya_87605ee1-f00a-f011-bd65-00155db40116,resolved,,izaw / idaw i tepal niya baʼtu ku tusa a kalang.
Sakizaya_62a056e7-f00a-f011-bd65-00155db40116,resolved,,izaw / idaw i tini ku cacay a dipas nu pazaʼ.
Sakizaya_0ea356e7-f00a-f011-bd65-00155db40116,resolved,,izaw / idaw i tini ku cacayay a bataan nu tubah.
Sakizaya_be5d5ee1-f00a-f011-bd65-00155db40116,resolved,,izaw / idaw i tini ku lima a sanglacay a adipapang.
Sakizaya_dd9a56e7-f00a-f011-bd65-00155db40116,resolved,,izaw / idaw i tini ku sabaw cacay a kayabes.
Sakizaya_98a256e7-f00a-f011-bd65-00155db40116,resolved,,izaw / idaw i tini ku tulu angangan nu tebus.
Sakizaya_c4585ee1-f00a-f011-bd65-00155db40116,resolved,,izaw / idaw i tiza / tida ku buyubuyuʼan.
Sakizaya_7ba256e7-f00a-f011-bd65-00155db40116,resolved,,izaw / idaw i tiza / tida ku enem a tamulak.
Sakizaya_56a056e7-f00a-f011-bd65-00155db40116,resolved,,izaw / idaw i tiza / tida ku panan.
Sakizaya_85a156e7-f00a-f011-bd65-00155db40116,resolved,,izaw / idaw i tiza / tida ku sasingalan.
Sakizaya_53595ee1-f00a-f011-bd65-00155db40116,resolved,,izaw / idaw ku bangcalay a cascas i labu niya buyuʼ.
Sakizaya_8ca156e7-f00a-f011-bd65-00155db40116,resolved,,izaw / idaw ku buting i sauwac.
Sakizaya_1d9c56e7-f00a-f011-bd65-00155db40116,resolved,,izaw / idaw ku cacay a lasubu nu kamacal aku.
Sakizaya_1f9c56e7-f00a-f011-bd65-00155db40116,resolved,,izaw / idaw ku cacay a lawal i kilang.
Sakizaya_b5a056e7-f00a-f011-bd65-00155db40116,resolved,,izaw / idaw ku cacay a saacin i sulu.
Sakizaya_97a256e7-f00a-f011-bd65-00155db40116,resolved,,izaw / idaw ku cacay a tabu nu tebuʼ niza / nida.
Sakizaya_1aa356e7-f00a-f011-bd65-00155db40116,resolved,,izaw / idaw ku cacay a tupel nu maku.
Sakizaya_6d9b56e7-f00a-f011-bd65-00155db40116,resolved,,izaw / idaw ku cacay angangan a kilang i tini.
Sakizaya_ec5e5ee1-f00a-f011-bd65-00155db40116,resolved,,izaw / idaw ku cacay balalangad i kilang.
Sakizaya_2ca056e7-f00a-f011-bd65-00155db40116,resolved,,izaw / idaw ku cacay padaduki i kanas.
Sakizaya_b55f5ee1-f00a-f011-bd65-00155db40116,resolved,,izaw / idaw ku cacay tumay muenengay i buhang.
Sakizaya_45595ee1-f00a-f011-bd65-00155db40116,resolved,,izaw / idaw ku cacayay a bataan a kalang i tiza / tida .
Sakizaya_10a256e7-f00a-f011-bd65-00155db40116,resolved,,izaw / idaw ku cacayay a bataan a tademaw i tini.
Sakizaya_f69f56e7-f00a-f011-bd65-00155db40116,resolved,,izaw / idaw ku cacayay a nguhab i sasaedeb.
Sakizaya_44595ee1-f00a-f011-bd65-00155db40116,resolved,,izaw / idaw ku cacayay a wacu nu maku.
Sakizaya_b3595ee1-f00a-f011-bd65-00155db40116,resolved,,izaw / idaw ku dadipis i sasingalan.
Sakizaya_935d5ee1-f00a-f011-bd65-00155db40116,resolved,,izaw / idaw ku enemay a buting i tini.
Sakizaya_7c605ee1-f00a-f011-bd65-00155db40116,resolved,,izaw / idaw ku kakana nu misu haw?
Sakizaya_95a156e7-f00a-f011-bd65-00155db40116,resolved,,izaw / idaw ku kakanen a simal atu caay kau kakanen a simal.
Sakizaya_ff9f56e7-f00a-f011-bd65-00155db40116,resolved,,izaw / idaw ku kilang i nu ayawan nu lumaʼ niza / nida.
Sakizaya_779b56e7-f00a-f011-bd65-00155db40116,resolved,,izaw / idaw ku kucu i lumaʼ.
Sakizaya_829b56e7-f00a-f011-bd65-00155db40116,resolved,,izaw / idaw ku kutu i tangah niza / nida.
Sakizaya_f05e5ee1-f00a-f011-bd65-00155db40116,resolved,,izaw / idaw ku lima a balu i tini.
Sakizaya_a89d56e7-f00a-f011-bd65-00155db40116,resolved,,izaw / idaw ku limaay a baʼtu i tini.
Sakizaya_81a156e7-f00a-f011-bd65-00155db40116,resolved,,izaw / idaw ku mali i sasa nu takal.
Sakizaya_b69f56e7-f00a-f011-bd65-00155db40116,resolved,,izaw / idaw ku mulaladay i cabeng atu i kilang a balu.
Sakizaya_2aa056e7-f00a-f011-bd65-00155db40116,resolved,,izaw / idaw ku pacucekan ni kakana a kawaw mayzih / maydih malasaydan.
Sakizaya_769b56e7-f00a-f011-bd65-00155db40116,resolved,,izaw / idaw ku pitu a kubkub i tiza / tida.
Sakizaya_6da056e7-f00a-f011-bd65-00155db40116,resolved,,izaw / idaw ku pituay a balu i tini.
Sakizaya_b9a056e7-f00a-f011-bd65-00155db40116,resolved,,izaw / idaw ku sabaw cacay a kaysing i pabaw nu takal.
Sakizaya_bba056e7-f00a-f011-bd65-00155db40116,resolved,,izaw / idaw ku sabaw limaay a elun i lumaʼ.
Sakizaya_bca056e7-f00a-f011-bd65-00155db40116,resolved,,izaw / idaw ku sabaw pituay a cuked i lumaʼ.
Sakizaya_bda056e7-f00a-f011-bd65-00155db40116,resolved,,izaw / idaw ku sabaw sepatay a tademaw i labu nu lumaʼ.
Sakizaya_bfa056e7-f00a-f011-bd65-00155db40116,resolved,,izaw / idaw ku sabaw tuluay a kama i kilang.
Sakizaya_c1a056e7-f00a-f011-bd65-00155db40116,resolved,,izaw / idaw ku sabaw waluay a zikuc / dikuc i labu nu kanas.
Sakizaya_3e5f5ee1-f00a-f011-bd65-00155db40116,resolved,,izaw / idaw ku sepat a belek nu maku.
Sakizaya_8e605ee1-f00a-f011-bd65-00155db40116,resolved,,izaw / idaw ku sepat a kama i tiza / tida.
Sakizaya_90a156e7-f00a-f011-bd65-00155db40116,resolved,,izaw / idaw ku sepatay a cudad niza / nida.
Sakizaya_fca156e7-f00a-f011-bd65-00155db40116,resolved,,izaw / idaw ku siwaay a tali i tiza / tida.
Sakizaya_b45f5ee1-f00a-f011-bd65-00155db40116,resolved,,izaw / idaw ku tabakiay a buhang i tiza / tida.
Sakizaya_e15e5ee1-f00a-f011-bd65-00155db40116,resolved,,izaw / idaw ku tabakiay baʼtu i zazan / dadan.
Sakizaya_ebe04eed-f00a-f011-bd65-00155db40116,resolved,,izaw / idaw ku tulu a tutuy i lumaʼ aku.
Sakizaya_17a356e7-f00a-f011-bd65-00155db40116,resolved,,izaw / idaw ku tuluay a sasulit nu maku.
Sakizaya_af9d56e7-f00a-f011-bd65-00155db40116,resolved,,izaw / idaw ku tusa a ludak i buhang.
Sakizaya_7aa256e7-f00a-f011-bd65-00155db40116,resolved,,izaw / idaw ku tusa a tali i tini.
Sakizaya_e7e04eed-f00a-f011-bd65-00155db40116,resolved,,izaw / idaw ku tusaay a naniʼ nu maku.
Sakizaya_fbe04eed-f00a-f011-bd65-00155db40116,resolved,,izaw / idaw ku waluay a tubah i tiza / tida.
Sakizaya_8d5e5ee1-f00a-f011-bd65-00155db40116,resolved,,izaw/idaw henay ku mantaʼay a pazaʼ/padaʼ i takal.
Sakizaya_f49a56e7-f00a-f011-bd65-00155db40116,resolved,,izaw/idaw i buyuʼ ku sabaw enemay a sakula.
Sakizaya_dee04eed-f00a-f011-bd65-00155db40116,resolved,,izaw/idaw i kabang nu maku ku tusaay a bataan a kalisiw.
Sakizaya_f29a56e7-f00a-f011-bd65-00155db40116,resolved,,izaw/idaw i lumaʼ ku sabana nu maku.
Sakizaya_855e5ee1-f00a-f011-bd65-00155db40116,resolved,,izaw/idaw i makaysasa nu elun ku nani. .
Sakizaya_ed5b5ee1-f00a-f011-bd65-00155db40116,resolved,,izaw/idaw i pabaw nu kilang ku cacay a malebut a tinghuy.
Sakizaya_fa9a56e7-f00a-f011-bd65-00155db40116,resolved,,izaw/idaw i sasa nu elun ku sabaw tusaay a sabulic.
Sakizaya_a8c06ee3-8d33-f011-8fad-000d3a8250a0,resolved,,izaw/idaw ku bangcalay a cascas i labu niya buyuʼ.
Sakizaya_f09a56e7-f00a-f011-bd65-00155db40116,resolved,,izaw/idaw ku cacay a saacin i sulu.
Sakizaya_bd5a5ee1-f00a-f011-bd65-00155db40116,resolved,,izaw/idaw ku cacay balalangad i kilang.
Sakizaya_ea5b5ee1-f00a-f011-bd65-00155db40116,resolved,,izaw/idaw ku cacayay a bataan a kalang i tiza/tida .
Sakizaya_5f9a56e7-f00a-f011-bd65-00155db40116,resolved,,izaw/idaw ku cacayay a nguhab i sasaedeb.
Sakizaya_609a56e7-f00a-f011-bd65-00155db40116,resolved,,izaw/idaw ku kilang i nu ayawan nu lumaʼ niza/nida.
Sakizaya_ab5d5ee1-f00a-f011-bd65-00155db40116,resolved,,izaw/idaw ku kucu i lumaʼ.
Sakizaya_ea9f43a0-8d33-f011-8fad-000d3a8250a0,resolved,,izaw/idaw ku mantaʼay henay a pazaʼ/padaʼ i takal.
Sakizaya_65a5f274-8e33-f011-8fad-000d3a8250a0,resolved,,izaw/idaw ku mulaladay i cabeng atu i kilang a balu.
Sakizaya_679a56e7-f00a-f011-bd65-00155db40116,resolved,,izaw/idaw ku pacucekan ni kakana a kawaw mayzih/maydih malasaydan.
Sakizaya_f39a56e7-f00a-f011-bd65-00155db40116,resolved,,izaw/idaw ku sabaw cacay a kaysing i pabaw nu takal.
Sakizaya_f59a56e7-f00a-f011-bd65-00155db40116,resolved,,izaw/idaw ku sabaw limaay a elun i lumaʼ.
Sakizaya_f69a56e7-f00a-f011-bd65-00155db40116,resolved,,izaw/idaw ku sabaw pituay a cuked i lumaʼ.
Sakizaya_f79a56e7-f00a-f011-bd65-00155db40116,resolved,,izaw/idaw ku sabaw sepatay a tademaw i labu nu lumaʼ.
Sakizaya_f99a56e7-f00a-f011-bd65-00155db40116,resolved,,izaw/idaw ku sabaw tuluay a kama i kilang.
Sakizaya_fb9a56e7-f00a-f011-bd65-00155db40116,resolved,,izaw/idaw ku sabaw waluay a zikuc/dikuc i labu nu kanas.
Sakizaya_9f5d5ee1-f00a-f011-bd65-00155db40116,resolved,,izaw/idaw ku sepat a kama i tiza/tida.
Sakizaya_e79b56e7-f00a-f011-bd65-00155db40116,resolved,,izaw/idaw ku sepatay a cudad niza/nida.
Sakizaya_869b56e7-f00a-f011-bd65-00155db40116,resolved,,kabaliyusan laʼcus tayza / tayda midanguy.
Sakizaya_0c3ad548-8c33-f011-8fad-000d3a8250a0,resolved,,"kaciyaʼ henay, pacaliwayen kya misaydan miazih / miadih mahica ciniza / cinida."
Sakizaya_0c61a02a-8c33-f011-8fad-000d3a8250a0,resolved,,kahalinanum sa ci ina hay kapah ku uzip / udip.
Sakizaya_7e605ee1-f00a-f011-bd65-00155db40116,resolved,,kakawit ku sapilapac niza / nida tu sapakan tu katalalan.
Sakizaya_82605ee1-f00a-f011-bd65-00155db40116,resolved,,kalaadadaan ku kasemel nu tusuz / tusud niza / nida.
Sakizaya_d55c5ee1-f00a-f011-bd65-00155db40116,resolved,,kalaadadaan ku kasemel nu tusuz/tusud niza/nida.
Sakizaya_84605ee1-f00a-f011-bd65-00155db40116,resolved,,kalabian cuculan ni ina kaku papibacaʼ tu zikuc / dikuc atu paliluc tu sabama.
Sakizaya_03a256e7-f00a-f011-bd65-00155db40116,resolved,,"kalahukan izaw / idaw ku cacay a tademaw, cima kaku cikasa, subelid sa tu tamulak mumul tu."
Sakizaya_b5c06ee3-8d33-f011-8fad-000d3a8250a0,resolved,,"kalahukan izaw/idaw ku cacay a tademaw, cima kaku caay kasa, subelid sa tu tamulak mumul tu."
Sakizaya_659c56e7-f00a-f011-bd65-00155db40116,resolved,,"kalahukan izaw/idaw ku cacay a tademaw, cima kaku cikasa, subelid sa tu tamulak mumul tu."
Sakizaya_ca9a56e7-f00a-f011-bd65-00155db40116,resolved,,"kanahatu sikalisiw ciniza / cinida, nika caay kalipahak."
Sakizaya_109e6fe9-8d33-f011-8fad-000d3a8250a0,resolved,,"kanahatu sikalisiw ciniza/cinida, nika caay kalimulak."
Sakizaya_a15d5ee1-f00a-f011-bd65-00155db40116,resolved,,"kanahatu sikalisiw ciniza/cinida, nika caay kalipahak."
Sakizaya_d55e5ee1-f00a-f011-bd65-00155db40116,resolved,,"kapah ayza / ayda ku demiad, tayza / tayda kaku atu sabana i sauwac misalama tu nanum."
Sakizaya_02a256e7-f00a-f011-bd65-00155db40116,resolved,,kapah azihen / adihen kina lumeniʼay a subayu.
Sakizaya_06a256e7-f00a-f011-bd65-00155db40116,resolved,,kapah azihen / adihen ku kasangelac nu sulda i buyuʼ.
Sakizaya_689c56e7-f00a-f011-bd65-00155db40116,resolved,,kapah azihen/adihen ku kasangelac nu sulda i buyuʼ.
Sakizaya_bbede519-8e33-f011-8fad-000d3a8250a0,resolved,,kapah azihen/adihen ku kasangelac nu suleda i buyuʼ.
Sakizaya_bd595ee1-f00a-f011-bd65-00155db40116,resolved,,kapah ku demiad ayza / ayda.
Sakizaya_c59f43a0-8d33-f011-8fad-000d3a8250a0,resolved,,kapahay ku aenengan niza / nida.
Sakizaya_08a356e7-f00a-f011-bd65-00155db40116,resolved,,"kasumamadan u kakanan a izaw / idaw ku titi, itawya izaw / idaw ku icelang maluk."
Sakizaya_93a256e7-f00a-f011-bd65-00155db40116,resolved,,katayza / katayda i patiyamay micakay tu tawiw sa ci ina.
Sakizaya_de9a56e7-f00a-f011-bd65-00155db40116,resolved,,kayakayen nu mita tapabaw tya baʼtu tiza / tida pahanhan.
Sakizaya_8b9b56e7-f00a-f011-bd65-00155db40116,resolved,,kibetul ku ladem duut azihen / adihen.
Sakizaya_a49f56e7-f00a-f011-bd65-00155db40116,resolved,,kilulen nu maku ci ina tayza / tayda mipeluʼ tu kubkub.
Sakizaya_679956e7-f00a-f011-bd65-00155db40116,resolved,,kilulen nu maku ci ina tayza/tayda mipeluʼ tu kubkub.
Sakizaya_cf5d5ee1-f00a-f011-bd65-00155db40116,resolved,,"kukay ciniza / cinida, amanay han aku."
Sakizaya_ac5a5ee1-f00a-f011-bd65-00155db40116,resolved,,"kukay ciniza/cinida, amanay han aku."
Sakizaya_589e56e7-f00a-f011-bd65-00155db40116,resolved,,kya malalemed ku zikuc / dikuc nu maku.
Sakizaya_819f56e7-f00a-f011-bd65-00155db40116,resolved,,kya milibabuy ku wacu izaw / idaw ku tademaw hakiya.
Sakizaya_649956e7-f00a-f011-bd65-00155db40116,resolved,,kya milibabuy ku wacu izaw/idaw ku tademaw hakiya.
Sakizaya_b533ed6e-8e33-f011-8fad-000d3a8250a0,resolved,,kya padetengen isu ku kukuʼ mibiyac sakapulin niza/nida?
Sakizaya_90d60681-8e33-f011-8fad-000d3a8250a0,resolved,,kya padetengen/paʼtengen isu ku kukuʼ mibiyac sakapulin niza/nida?
Sakizaya_1aa056e7-f00a-f011-bd65-00155db40116,resolved,,kya paʼtengen isu ku kukuʼ mibiyac sakapulin niza / nida?
Sakizaya_719a56e7-f00a-f011-bd65-00155db40116,resolved,,kya paʼtengen isu ku kukuʼ mibiyac sakapulin niza/nida?
Sakizaya_90a256e7-f00a-f011-bd65-00155db40116,resolved,,kya tatiku pabesuc cikasa tayza / tayda.
Sakizaya_51d1a218-8c33-f011-8fad-000d3a8250a0,resolved,,ladayen ni ama kami mukacaw tu kazizeng / kadideng patiked atu miidid tu titi i dadipasan.
Sakizaya_f95b5ee1-f00a-f011-bd65-00155db40116,resolved,,ladayen ni ama kami mukacaw tu kazizeng/kadideng patiked atu miidid tu titi i dadipasan.
Sakizaya_68ebf97a-8e33-f011-8fad-000d3a8250a0,resolved,,ladayen ni ama kami mukacaw tu kazizeng/kadideng patiked i dadipasan.
Sakizaya_1e9c56e7-f00a-f011-bd65-00155db40116,resolved,,laup han nu katuuday ciniza / cinida.
Sakizaya_78a256e7-f00a-f011-bd65-00155db40116,resolved,,laʼcus sizuma / siduma sa talabu i lumaʼ nu tau.
Sakizaya_ffa156e7-f00a-f011-bd65-00155db40116,resolved,,limaay ku lumeniʼay a sizi / sidi i buyuʼ.
Sakizaya_aa9d56e7-f00a-f011-bd65-00155db40116,resolved,,limulak kaku makaazih / makaadih tisuwan.
Sakizaya_ab9d56e7-f00a-f011-bd65-00155db40116,resolved,,linengen niza / nida ku culen.
Sakizaya_8b605ee1-f00a-f011-bd65-00155db40116,resolved,,maazih / maadih aku u kalawlaway a cacebalen ku sapitiik niza / nida tu adiwawa.
Sakizaya_509e56e7-f00a-f011-bd65-00155db40116,resolved,,maazih / maadih isu haw ku makulahay kucu atu kabang i tepal nu panan?
Sakizaya_b85f5ee1-f00a-f011-bd65-00155db40116,resolved,,maazih / maadih nu maku ci ama mibuhci tu kalitang i sasa nu kilang.
Sakizaya_0da256e7-f00a-f011-bd65-00155db40116,resolved,,maazih / maadih nu maku i buyuʼ ku tabakiay a dungec.
Sakizaya_729b56e7-f00a-f011-bd65-00155db40116,resolved,,maazih / maadih nu maku ku pilaliw niya kiwmah.
Sakizaya_d95c5ee1-f00a-f011-bd65-00155db40116,resolved,,maazih/maadih aku u kalawlaway a cacebalen ku sapitiik niza/nida tu adiwawa.
Sakizaya_c1d60681-8e33-f011-8fad-000d3a8250a0,dropped,maazih/maadih aku u kalawlaway/takuliyaway a cacebalen ku sapitiik niza/nida tu adiwawa.,maazih/maadih aku u kalawlaway/takuliyaway a cacebalen ku sapitiik niza/nida tu adiwawa.
Sakizaya_885e5ee1-f00a-f011-bd65-00155db40116,resolved,,maazih/maadih isu haw ku makulahay kucu atu kabang i tepal nu panan?
Sakizaya_e65e5ee1-f00a-f011-bd65-00155db40116,resolved,,"mabahel ku nipahabayan a ayam, kyu malalum ciniza / cinida."
Sakizaya_6b18ad36-8c33-f011-8fad-000d3a8250a0,resolved,,mabaliyus kyu a mapasatezep / mapasatedep ku silamalay anucila.
Sakizaya_8fa156e7-f00a-f011-bd65-00155db40116,resolved,,maduka nu ciid ku sazipaʼ / sadipaʼ ni Panay.
Sakizaya_459e56e7-f00a-f011-bd65-00155db40116,resolved,,mahetik kya ayam mahabelut nu kazizeng / kadideng.
Sakizaya_719f56e7-f00a-f011-bd65-00155db40116,resolved,,"mahica kisu ayza / ayda, kya paʼteng sa mibulibul tayni i lumaʼ nu maku."
Sakizaya_a69f56e7-f00a-f011-bd65-00155db40116,resolved,,"mahiza / mahida misabiliay kya ngabul, zayhan tabaki azihen / adihen ku bili."
Sakizaya_88605ee1-f00a-f011-bd65-00155db40116,resolved,,mahiza / mahida u kalanga ku banuh nu akʼak kalumeniʼ.
Sakizaya_689956e7-f00a-f011-bd65-00155db40116,resolved,,"mahiza/mahida misabiliay kya ngabul, zayhan tabaki azihen/adihen ku bili."
Sakizaya_9836dc13-8e33-f011-8fad-000d3a8250a0,resolved,,mahiza/mahida u kalanga ku banuh nu akʼak kalumeniʼ.
Sakizaya_bf9d56e7-f00a-f011-bd65-00155db40116,resolved,,"maimelang ci sabana, pabelian nu maku tu mabasaway a nanum sakan niza / nida tu sapaiyu."
Sakizaya_805e5ee1-f00a-f011-bd65-00155db40116,resolved,,"maimelang ci sabana, pabelian nu maku tu mabasaway a nanum sakan niza/nida tu sapaiyu."
Sakizaya_705e5ee1-f00a-f011-bd65-00155db40116,resolved,,"maimelang ciniza / cinida, caay picudad ayza / ayda."
Sakizaya_7f9b56e7-f00a-f011-bd65-00155db40116,resolved,,maizang / maidang tu ku nikuskusan nu maku.
Sakizaya_28ebf97a-8e33-f011-8fad-000d3a8250a0,resolved,,maizang/maidang tu ku nikuskusan nu maku.
Sakizaya_b69490be-8d33-f011-8fad-000d3a8250a0,resolved,,"makaazih / makaadih kaku nasawni, ladayan ni ina ci sabama muisiʼ i sasa nu kilang."
Sakizaya_735e5ee1-f00a-f011-bd65-00155db40116,resolved,,"makaazih / makaadih nu maku nasawni, ladayan ni ina ci sabama muisiʼ i sasa nu kilang."
Sakizaya_0d1ffb54-8c33-f011-8fad-000d3a8250a0,resolved,,"makaen niza / nida ku siledekay a kakanen, kalamkamen patayza / patayda i paisingan."
Sakizaya_229c56e7-f00a-f011-bd65-00155db40116,resolved,,"makaen niza / nida ku siledekay; siluwak kakanen, kalamkamen patayza / patayda i paisingan."
Sakizaya_78605ee1-f00a-f011-bd65-00155db40116,resolved,,makai ciniza / cinida tayza / tayda.
Sakizaya_219c56e7-f00a-f011-bd65-00155db40116,resolved,,"makalat nu bau ku kukuʼ niza / nida, kyu malebawa."
Sakizaya_27b9e850-8e33-f011-8fad-000d3a8250a0,resolved,,makayza/makayiza kaku anucila mituluy i tisuwan.
Sakizaya_4f9e56e7-f00a-f011-bd65-00155db40116,resolved,,makuay a sasulit kuyza / kuyda.
Sakizaya_865e5ee1-f00a-f011-bd65-00155db40116,resolved,,makuay a sasulit kuyza/kuyda.
Sakizaya_81a256e7-f00a-f011-bd65-00155db40116,resolved,,"malakapah kina wawa, tanuhtuh sa azihen / adihen."
Sakizaya_7a9c56e7-f00a-f011-bd65-00155db40116,resolved,,"malakapah kina wawa, tanuhtuh sa azihen/adihen."
Sakizaya_f59f56e7-f00a-f011-bd65-00155db40116,resolved,,malecad ku namuh nu maku atu sabana mingitngit tu ukak nu sizi / sidi.
Sakizaya_5e9a56e7-f00a-f011-bd65-00155db40116,resolved,,malecad ku namuh nu maku atu sabana mingitngit tu ukak nu sizi/sidi.
Sakizaya_5d9e56e7-f00a-f011-bd65-00155db40116,resolved,,malecad ku nialaan nu mita ayza / ayda a sasulit.
Sakizaya_52a5f274-8e33-f011-8fad-000d3a8250a0,resolved,,"malidung tu niza/nida kya putahay a zikuc/dikuc, mitepik patayza/patayda i kakabiʼan nu katuuday."
Sakizaya_ffa256e7-f00a-f011-bd65-00155db40116,resolved,,"malidungay tu niza / nida tya putahay a zikuc / dikuc, mitepik patayza / patayda i kakabiʼan nu katuuday."
Sakizaya_ef59e762-8e33-f011-8fad-000d3a8250a0,resolved,,"malidungay tu niza/nida kya putahay a zikuc/dikuc, mitepik patayza/patayda i kakabiʼan nu katuuday."
Sakizaya_d7e04eed-f00a-f011-bd65-00155db40116,resolved,,"malidungay tu niza/nida tya putahay a zikuc/dikuc, mitepik patayza/patayda i kakabiʼan nu katuuday."
Sakizaya_619e56e7-f00a-f011-bd65-00155db40116,resolved,,malimulak kita ayza / ayda tu pilecuhan niza / nida a demiad.
Sakizaya_689f56e7-f00a-f011-bd65-00155db40116,resolved,,malinges ci kakama metmet sa tu lima niza / nida mulaliw.
Sakizaya_e49e56e7-f00a-f011-bd65-00155db40116,resolved,,malumanay kina kazizeng / kadideng nu maku.
Sakizaya_b69d56e7-f00a-f011-bd65-00155db40116,resolved,,"mamin kaku milusimet tu zikuc / dikuc, misahemay tu anu sawni."
Sakizaya_7b5e5ee1-f00a-f011-bd65-00155db40116,resolved,,"mamin kaku milusimet tu zikuc/dikuc, misahemay tu anu sawni."
Sakizaya_335d5ee1-f00a-f011-bd65-00155db40116,resolved,,manamuh ci ina tya nicakayan naayaw ya abuabuan a zikuc / dikuc.
Sakizaya_a25a5ee1-f00a-f011-bd65-00155db40116,resolved,,manamuh ci ina tya nicakayan naayaw ya abuabuan a zikuc/dikuc.
Sakizaya_d1a056e7-f00a-f011-bd65-00155db40116,resolved,,manamuh ciniza / cinida i sananal micudad.
Sakizaya_e39f56e7-f00a-f011-bd65-00155db40116,resolved,,manamuh kaku milihiza / milihida tu lumaʼay tahkal.
Sakizaya_b8595ee1-f00a-f011-bd65-00155db40116,resolved,,manamuh kami tayza / tayda i sauwac midanguy.
Sakizaya_fa5b5ee1-f00a-f011-bd65-00155db40116,resolved,,manamuh kami tayza/tayda i sauwac midanguy.
Sakizaya_02e14eed-f00a-f011-bd65-00155db40116,resolved,,"manamuh mukan tu sicedam, zayhan mangahul ku ngipen niza / nida."
Sakizaya_ae9d56e7-f00a-f011-bd65-00155db40116,resolved,,"mangalay tu kaku, izaw / idaw ku liwan haw?"
Sakizaya_0d9c56e7-f00a-f011-bd65-00155db40116,resolved,,mangazu / mangadu kanen kya nipeluʼan i buyuʼ nacila a sunsuli laemet asuʼ sa .
Sakizaya_b75d5ee1-f00a-f011-bd65-00155db40116,resolved,,mangazu/mangadu kanen kya nipeluʼan i buyuʼ nacila a sunsuli laemet asuʼ sa .
Sakizaya_f39f56e7-f00a-f011-bd65-00155db40116,resolved,,"mangeluʼ ciniza / cinida, biʼ satu nasawni."
Sakizaya_ed9e56e7-f00a-f011-bd65-00155db40116,resolved,,mapeciʼ tu ku kazizeng / kadideng nu maku laʼcus tu paculilen.
Sakizaya_6f9b56e7-f00a-f011-bd65-00155db40116,resolved,,mapulung kita tayza / tayda i cacudadan.
Sakizaya_c2a056e7-f00a-f011-bd65-00155db40116,resolved,,masabul ku sabama i kazizeng / kadideng mayzih / maydih mudebu.
Sakizaya_fc9a56e7-f00a-f011-bd65-00155db40116,resolved,,masabul ku sabama i kazizeng/kadideng mayzih/maydih mudebu.
Sakizaya_f49e56e7-f00a-f011-bd65-00155db40116,resolved,,masamel ciniza / cinida i cacudadan micudad.
Sakizaya_f39e56e7-f00a-f011-bd65-00155db40116,resolved,,"masamel tu ciniza / cinida, zayhan nacaay kabiʼ nacila."
Sakizaya_8ea256e7-f00a-f011-bd65-00155db40116,resolved,,masetul nu utubay ku tatelecan niza / nida.
Sakizaya_f79e56e7-f00a-f011-bd65-00155db40116,resolved,,"masuwab tu kisu, mayzih / maydih tu mabiʼ haw?"
Sakizaya_181ffb54-8c33-f011-8fad-000d3a8250a0,resolved,,matabal ci ama sisapacemut tayza / tayda i sauwac sapatiked tu buting.
Sakizaya_cf9a56e7-f00a-f011-bd65-00155db40116,resolved,,matabal miazih / miadih i kanihalan tu cilal.
Sakizaya_c25d5ee1-f00a-f011-bd65-00155db40116,resolved,,"matawa ku bihid niza / nida, ahemaw sa ku kapalaw, salungan sa azihen / adihen."
Sakizaya_0ba256e7-f00a-f011-bd65-00155db40116,resolved,,mataʼnang ci baki i tiza / tida sielunay.
Sakizaya_769c56e7-f00a-f011-bd65-00155db40116,resolved,,mataʼnang ci baki i tiza/tida sielunay.
Sakizaya_769f56e7-f00a-f011-bd65-00155db40116,resolved,,matenes tu caay katalumaʼ ci kakama mihalhal ciniza / cinida i nu ayawan nu panan.
Sakizaya_92605ee1-f00a-f011-bd65-00155db40116,resolved,,matineng kisu mitengil tu kamu nu Sakizaya / Sakidaya?
Sakizaya_a05d5ee1-f00a-f011-bd65-00155db40116,resolved,,matineng kisu mitengil tu kamu nu Sakizaya/Sakidaya?
Sakizaya_b19d56e7-f00a-f011-bd65-00155db40116,resolved,,matineng mudadiw matineng musalukiyaw ciniza / cinida.
Sakizaya_795e5ee1-f00a-f011-bd65-00155db40116,resolved,,matineng mudadiw matineng musalukiyaw ciniza/cinida.
Sakizaya_68a5f274-8e33-f011-8fad-000d3a8250a0,resolved,,"matineng mudadiw matineng, musalukiyaw ciniza/cinida."
Sakizaya_659f56e7-f00a-f011-bd65-00155db40116,resolved,,mauzipay henay kya mazakepay / madakepay nu misu a ayam?
Sakizaya_799f56e7-f00a-f011-bd65-00155db40116,resolved,,"maydih ci ama aci ina u binacadan ku kasiacawa, nika u zumaay / dumaay a binacadan ku mikadabuay."
Sakizaya_46693a5e-8d33-f011-8fad-000d3a8250a0,resolved,,miala ci ina tu keliw mitapid tu malepiʼay a zikuc / dikuc nu maku.
Sakizaya_e19a56e7-f00a-f011-bd65-00155db40116,resolved,,miala ci ina tu keliw mitapit tu malepiʼay a zikuc / dikuc nu maku.
Sakizaya_7ea156e7-f00a-f011-bd65-00155db40116,resolved,,miala ci niza / nida tu uway milalabaʼ a misapetiʼ takuwan.
Sakizaya_44a5f274-8e33-f011-8fad-000d3a8250a0,resolved,,miala ci niza/nida tu uway milalabaʼ a misapetiʼ takuwan.
Sakizaya_699f56e7-f00a-f011-bd65-00155db40116,resolved,,miala kaku tu cacay sanglacay a zikuc / dikuc.
Sakizaya_c133ed6e-8e33-f011-8fad-000d3a8250a0,resolved,,miala kaku tu zikuc/dikuc mihilhil.
Sakizaya_05a656e7-f00a-f011-bd65-00155db40116,dropped,"mibetik/misalisin satu, izaw ku tayu, daʼdac, tunuz, atu epah i panan.","mibetik/misalisin satu, izaw ku tayu, daʼdac, tunuz, atu epah i panan."
Sakizaya_77609a30-8c33-f011-8fad-000d3a8250a0,resolved,,micemek miazih / miadih tu limaki ci sabama.
Sakizaya_92a256e7-f00a-f011-bd65-00155db40116,resolved,,micepcep kya lutungay tu tatuzuʼ niza / nida.
Sakizaya_739f56e7-f00a-f011-bd65-00155db40116,resolved,,micudad kaku ayza / ayda.
Sakizaya_7e9b56e7-f00a-f011-bd65-00155db40116,resolved,,"mikapet tu kupu ku kawili, mikapet tu kaysing ku kawanan niza / nida."
Sakizaya_b05d5ee1-f00a-f011-bd65-00155db40116,resolved,,"mikapet tu kupu ku kawili, mikapet tu kaysing ku kawanan niza/nida."
Sakizaya_f99e56e7-f00a-f011-bd65-00155db40116,resolved,,"mikidis tu matalesay a bakan ciniza / cinida, zayhan a tabuyuʼ mibelesiw tu lutuk ciniza / cinida."
Sakizaya_945e5ee1-f00a-f011-bd65-00155db40116,resolved,,"mikidis tu matalesay a bakan ciniza/cinida, zayhan a tabuyuʼ mibelesiw tu lutuk ciniza/cinida."
Sakizaya_ba595ee1-f00a-f011-bd65-00155db40116,resolved,,mikilul kaku ci inaan micakay tu sapisangaʼ tu zikuc / dikuc a dawa.
Sakizaya_cf33ed6e-8e33-f011-8fad-000d3a8250a0,resolved,,mikinsa kya misaydan tu baduwac niza/nida.
Sakizaya_819b56e7-f00a-f011-bd65-00155db40116,resolved,,mikutkut tu atikak sapacemut nida / niza i sauwac.
Sakizaya_b45d5ee1-f00a-f011-bd65-00155db40116,resolved,,mikutkut tu atikak sapacemut nida/niza i sauwac.
Sakizaya_05e024cb-8867-f011-8fae-000d3a8250a0,resolved,,milikanus ciniza / cinida.
Sakizaya_04e024cb-8867-f011-8fae-000d3a8250a0,resolved,,milikanus ciniza/cinida.
Sakizaya_9f9f56e7-f00a-f011-bd65-00155db40116,resolved,,mililis tu buyuʼ culil han maazih / maadih tu isu ku dabek atu ci ama.
Sakizaya_659956e7-f00a-f011-bd65-00155db40116,resolved,,mililis tu buyuʼ culil han maazih/maadih tu isu ku dabek atu ci ama.
Sakizaya_8c605ee1-f00a-f011-bd65-00155db40116,resolved,,milimek i kalimucuʼ ciniza / cinida matalaw kaynahan ni kakana.
Sakizaya_1d781720-8e33-f011-8fad-000d3a8250a0,resolved,,milimek i kalimucuʼ ciniza/cinida matalaw kaynahan ni ina.
Sakizaya_9e5d5ee1-f00a-f011-bd65-00155db40116,resolved,,milimek i kalimucuʼ ciniza/cinida matalaw kaynahan ni kakana.
Sakizaya_bb9d56e7-f00a-f011-bd65-00155db40116,resolved,,miluung miazih / miadih tu limaki ci sabama.
Sakizaya_f89f56e7-f00a-f011-bd65-00155db40116,resolved,,mininac kya naniʼ tu kikul niza / nida i sasa nu kilang.
Sakizaya_c6a056e7-f00a-f011-bd65-00155db40116,resolved,,misait kaku nacila tu zikuc / dikuc.
Sakizaya_059b56e7-f00a-f011-bd65-00155db40116,resolved,,misait kaku nacila tu zikuc/dikuc.
Sakizaya_6f5e5ee1-f00a-f011-bd65-00155db40116,resolved,,misakapah ci ama ayza / ayda tu iduc.
Sakizaya_e31766db-f00a-f011-bd65-00155db40116,dropped,misakapahay tu miamutu（siyagyi） ku liken.,misakapahay tu miamutu（siyagyi） ku liken.
Sakizaya_4626ea5c-8e33-f011-8fad-000d3a8250a0,resolved,,misakitikitiw ci bayi maidih/maydih a malakaying.
Sakizaya_5493ebca-8d33-f011-8fad-000d3a8250a0,dropped,misalamiʼ kaku tu lukut / kedukedu.,misalamiʼ kaku tu lukut / kedukedu.
Sakizaya_ae9f56e7-f00a-f011-bd65-00155db40116,resolved,,mitapal ciniza / cinida tu tapukuay a bunac.
Sakizaya_fba256e7-f00a-f011-bd65-00155db40116,resolved,,"mitenaʼ tu zazan / dadan kya kazizeng / kadideng, laʼcus kaku tahkal."
Sakizaya_af9f56e7-f00a-f011-bd65-00155db40116,dropped,mitengil / mipalita henay kaku ci amaan u canan kuyni a tuud.,mitengil / mipalita henay kaku ci amaan u canan kuyni a tuud.
Sakizaya_74b5b93c-8c33-f011-8fad-000d3a8250a0,resolved,,mitiik ciniza / cinida tu bihid nu maku namabalucuʼ.
Sakizaya_d35d5ee1-f00a-f011-bd65-00155db40116,resolved,,mizateng / midateng tu kisu tu sakay anu ayaway a pisakawawan haw?
Sakizaya_b15a5ee1-f00a-f011-bd65-00155db40116,resolved,,mizateng/midateng tu kisu tu sakay anu ayaway a pisakawawan haw?
Sakizaya_1d447bf5-8d33-f011-8fad-000d3a8250a0,resolved,,mizikec / midikec tu kakawit tabuyuʼ mibelesiw tu lutuk.
Sakizaya_2e53a00c-8c33-f011-8fad-000d3a8250a0,resolved,,mizizaw / mididaw kya wawa ci bakian.
Sakizaya_129c56e7-f00a-f011-bd65-00155db40116,resolved,,mubahel kya lalangaw tayza / tayda i heci.
Sakizaya_bd5c5ee1-f00a-f011-bd65-00155db40116,resolved,,mueneng ciniza/cinida i elun.
Sakizaya_b79f56e7-f00a-f011-bd65-00155db40116,resolved,,mulaliw ciniza / cinida namakazih / namakadih tu kakuhkuh a bau.
Sakizaya_709956e7-f00a-f011-bd65-00155db40116,resolved,,mulaliw ciniza/cinida namakazih/namakadih tu kakuhkuh a bau.
Sakizaya_31a056e7-f00a-f011-bd65-00155db40116,resolved,,"na i adidiʼ, ci baki ku pahabayay cinizaan / cinidaan."
Sakizaya_585e5ee1-f00a-f011-bd65-00155db40116,resolved,,na tayza / tayda ciniza / cinida i buyuʼ haw?
Sakizaya_90605ee1-f00a-f011-bd65-00155db40116,resolved,,na tayza / tayda i cacudadan kami nacila.
Sakizaya_4d5f5ee1-f00a-f011-bd65-00155db40116,resolved,,na zikuzan / dikudan maudad izaw / idaw ku buduʼ.
Sakizaya_df9f56e7-f00a-f011-bd65-00155db40116,resolved,,nacila a cacay demiad maazih / maadih niyam i pangizuan / pangiduan ci nida.
Sakizaya_539a56e7-f00a-f011-bd65-00155db40116,resolved,,nacila a cacay demiad maazih/maadih niyam i pangizuan/pangiduan ci nida.
Sakizaya_4c5f5ee1-f00a-f011-bd65-00155db40116,resolved,,nacila mamin malahuk mikilul kaku ci inaan tayza / tayda i umah mibubuc tu kalitang.
Sakizaya_be9d56e7-f00a-f011-bd65-00155db40116,dropped,namahicaay hakiya? hini sa mabalucuʼ / malinges ciniza / cinida.,namahicaay hakiya? hini sa mabalucuʼ / malinges ciniza / cinida.
Sakizaya_e29f56e7-f00a-f011-bd65-00155db40116,resolved,,namaka i cacudadan ciniza / cinida mitupin ci sabanaan talumaʼ.
Sakizaya_fb9e56e7-f00a-f011-bd65-00155db40116,resolved,,"namakaazih / namakaadih kaku tu ludak, kasenun milaliw namatawid."
Sakizaya_89ebf97a-8e33-f011-8fad-000d3a8250a0,resolved,,namakayza i cacudadan ciniza/cinida mitupin ci sabanaan talumaʼ.
Sakizaya_6ca5f274-8e33-f011-8fad-000d3a8250a0,resolved,,namalalikeluh kaku atu saydan i zazan/dadan nacila.
Sakizaya_5a9e56e7-f00a-f011-bd65-00155db40116,resolved,,namalalitemuh kaku atu saydan i zazan / dadan nacila.
Sakizaya_895e5ee1-f00a-f011-bd65-00155db40116,resolved,,namalalitemuh kaku atu saydan i zazan/dadan nacila.
Sakizaya_72a056e7-f00a-f011-bd65-00155db40116,resolved,,namatukud niza / nida ku baʼtu mapulin.
Sakizaya_71a5f274-8e33-f011-8fad-000d3a8250a0,resolved,,namatukud niza/nida ku baʼtu mapulin.
Sakizaya_77b5b93c-8c33-f011-8fad-000d3a8250a0,resolved,,namazateng / namadateng nu maku culal sa kisu.
Sakizaya_7fb5b93c-8c33-f011-8fad-000d3a8250a0,resolved,,"namazateng / namadateng nu maku, culal sa kisu."
Sakizaya_dd5e5ee1-f00a-f011-bd65-00155db40116,resolved,,"namisait henay ayaw nu cacay a demiad ciniza / cinida, caay tu katepa ayza / ayda."
Sakizaya_b45a5ee1-f00a-f011-bd65-00155db40116,resolved,,"namisait henay ayaw nu cacay a demiad ciniza/cinida, caay tu katepa ayza/ayda."
Sakizaya_e59f56e7-f00a-f011-bd65-00155db40116,resolved,,nana tu kita tayza / tayda i cacudadan.
Sakizaya_eb9f56e7-f00a-f011-bd65-00155db40116,resolved,,natayni tu kaku i lumaʼ niza / nida.
Sakizaya_589a56e7-f00a-f011-bd65-00155db40116,resolved,,natayni tu kaku i lumaʼ niza/nida.
Sakizaya_84b5b93c-8c33-f011-8fad-000d3a8250a0,resolved,,natayza / natayda i buyuʼ ku ali nu maku nacila.
Sakizaya_a95a5ee1-f00a-f011-bd65-00155db40116,resolved,,natayza/natayda i buyuʼ ku ali nu maku nacila.
Sakizaya_18a356e7-f00a-f011-bd65-00155db40116,resolved,,nayay tu mazih / maadih ku tumay ayza / ayda.
Sakizaya_f69f43a0-8d33-f011-8fad-000d3a8250a0,resolved,,nazikuzan / nadikudan maudad izaw / idaw ku buduʼ.
Sakizaya_355f5ee1-f00a-f011-bd65-00155db40116,resolved,,nazikuzan / nadikudan nu baliyus masabanaw ku umah niyam.
Sakizaya_e99f43a0-8d33-f011-8fad-000d3a8250a0,resolved,,nazikuzan nu baliyus matekes cakayen ku pazaʼ/padaʼ.
Sakizaya_1b781720-8e33-f011-8fad-000d3a8250a0,dropped,ni bakiay kuyza / kuyda a kawswa / cacebalen.,ni bakiay kuyza / kuyda a kawswa / cacebalen.
Sakizaya_bd5d5ee1-f00a-f011-bd65-00155db40116,resolved,,nikawawadaʼan mahiza / mahida adiding ku nu maku.
Sakizaya_25ebf97a-8e33-f011-8fad-000d3a8250a0,resolved,,nikawawadaʼan mahiza/mahida adiding ku nu maku.
Sakizaya_25a056e7-f00a-f011-bd65-00155db40116,resolved,,nipacakayan niza / nida tu kubkub a kalisiw ku sacakay tu belac.
Sakizaya_50595ee1-f00a-f011-bd65-00155db40116,resolved,,nipalumaan i zazan / dadan bangcalay canacanan a balu.
Sakizaya_aa9f56e7-f00a-f011-bd65-00155db40116,resolved,,nu mitaay a saydan ciniza / cinida.
Sakizaya_19a056e7-f00a-f011-bd65-00155db40116,resolved,,nu tuas a lisin ayza / ayda.
Sakizaya_629a56e7-f00a-f011-bd65-00155db40116,resolved,,nu tuas a lisin ayza/ayda.
Sakizaya_6a5e5ee1-f00a-f011-bd65-00155db40116,resolved,,paanin ku sabana i takuan tu tuluay a bataan izaw / idaw ku cacay salunganay a balu.
Sakizaya_b4a056e7-f00a-f011-bd65-00155db40116,resolved,,pabelian ni baki tu nisangaʼan a putut ciniza / cinida.
Sakizaya_21a056e7-f00a-f011-bd65-00155db40116,resolved,,pabelian ni ina ci sabana tu sumanahay a hakama i pulecuhan niza / nida a demiad.
Sakizaya_b79d56e7-f00a-f011-bd65-00155db40116,resolved,,pabelian ni ina kaku tu nisangaʼan niza / nida a zikuc / dikuc nu lusit.
Sakizaya_7c5e5ee1-f00a-f011-bd65-00155db40116,resolved,,pabelian ni ina kaku tu nisangaʼan niza/nida a zikuc/dikuc nu lusit.
Sakizaya_2ea056e7-f00a-f011-bd65-00155db40116,resolved,,pabelian ni ina kaku tu tusa a padingad nicakayan niza / nida.
Sakizaya_bea056e7-f00a-f011-bd65-00155db40116,resolved,,pabelien niza / nida kaku tu sabaw siwaay a piyang.
Sakizaya_f89a56e7-f00a-f011-bd65-00155db40116,resolved,,pabelien niza/nida kaku tu sabaw siwaay a piyang.
Sakizaya_22a056e7-f00a-f011-bd65-00155db40116,resolved,,pabuliki sa zikec / dikec han ku kulaci.
Sakizaya_63d7e94a-8e33-f011-8fad-000d3a8250a0,resolved,,pabuliki sa zikec/dikec han ku kulaci.
Sakizaya_48595ee1-f00a-f011-bd65-00155db40116,resolved,,pacaitan nuheni ku zikuc / dikuc i nu zikuzan / dikudan nu panan.
Sakizaya_24a056e7-f00a-f011-bd65-00155db40116,resolved,,pacaiten sa ci ina tu zikuc / dikuc.
Sakizaya_26a056e7-f00a-f011-bd65-00155db40116,resolved,,pacekan niza / nida tu samukun kya mapeciʼay a elun.
Sakizaya_dc184594-8d33-f011-8fad-000d3a8250a0,resolved,,pacekcek sa ku mata niya lumeniʼay a tutuy miazih / miadih tiya eduan.
Sakizaya_27a056e7-f00a-f011-bd65-00155db40116,resolved,,pacekcek tu ku mata niya lumeniʼay a tutuy miazih / miadih tu eduan.
Sakizaya_28a056e7-f00a-f011-bd65-00155db40116,resolved,,"pacenaʼ pilipayan misakawaw, kyu i lumaʼ ciniza / cinida."
Sakizaya_6ea056e7-f00a-f011-bd65-00155db40116,resolved,,pahabay ciniza / cinida tu pituay a bataan a tulakuk.
Sakizaya_ec9a56e7-f00a-f011-bd65-00155db40116,resolved,,pahabay ciniza/cinida tu pituay a bataan a tulakuk.
Sakizaya_e09a56e7-f00a-f011-bd65-00155db40116,resolved,,pakacawan ni ama i kazizeng niza / nida kaku atu sabana tayza / tayda i dadipasan miidang.
Sakizaya_299c56e7-f00a-f011-bd65-00155db40116,resolved,,pakazizeng / pakadideng ci ama milikeluh ci inaan i pangizuan / pangiduan talumaʼ.
Sakizaya_efe04eed-f00a-f011-bd65-00155db40116,resolved,,pakazizeng / pakadideng kaku tayza / tayda i ungsing mililuc i nacila.
Sakizaya_63a056e7-f00a-f011-bd65-00155db40116,resolved,,paliwalan niza / nida kya nipecuʼan nasanal a kayabes.
Sakizaya_331ffb54-8c33-f011-8fad-000d3a8250a0,resolved,,paliyun kaku tu tamelacay a zikuc / dikuc.
Sakizaya_ac9d56e7-f00a-f011-bd65-00155db40116,resolved,,"paliyunen ku ngelab, malinganguʼ caay tu ka kapah kuyza / kuyda a ngelab."
Sakizaya_3a5f5ee1-f00a-f011-bd65-00155db40116,resolved,,pangkiw tatukian kaku mukacaw tu basu tu demidemiad tayza / tayda i cacudadan.
Sakizaya_3c5d5ee1-f00a-f011-bd65-00155db40116,resolved,,"papialaan nu maku ciniza / cinida tya adidiʼay a laic, azihan / adihan u tabakiay ku nipabelian i takuan."
Sakizaya_1b3ad548-8c33-f011-8fad-000d3a8250a0,resolved,,"papialaan nu maku ciniza / cinida tya adidiʼay a lait, nika u tabakiay ku nipabelian i takuan."
Sakizaya_5ba056e7-f00a-f011-bd65-00155db40116,resolved,,pasilsilen niza / nida ku nanum patayza / patayda i laku.
Sakizaya_709a56e7-f00a-f011-bd65-00155db40116,resolved,,pasilsilen niza/nida ku nanum patayza/patayda i laku.
Sakizaya_7da156e7-f00a-f011-bd65-00155db40116,resolved,,pasubanaʼan ni ama ciniza / cinida misangaʼ tu sapatiked.
Sakizaya_d99b56e7-f00a-f011-bd65-00155db40116,resolved,,pasubanaʼan ni ama ciniza/cinida misangaʼ tu sapatiked.
Sakizaya_5ca056e7-f00a-f011-bd65-00155db40116,resolved,,"pasubanaʼay ciniza / cinida i cacudadan, u saydan nu maku."
Sakizaya_5ea056e7-f00a-f011-bd65-00155db40116,resolved,,patatengaʼ kaku tu kamu niza / nida.
Sakizaya_c0595ee1-f00a-f011-bd65-00155db40116,resolved,,patatengaʼ kami izaw / idaw ku diʼtu.
Sakizaya_fd184594-8d33-f011-8fad-000d3a8250a0,dropped,patelay / padinwa ci sabana i ci amaan.,patelay / padinwa ci sabana i ci amaan.
Sakizaya_99a256e7-f00a-f011-bd65-00155db40116,dropped,patelay / padinwa ci sabana tu ci amaan.,patelay / padinwa ci sabana tu ci amaan.
Sakizaya_b0595ee1-f00a-f011-bd65-00155db40116,resolved,,pazengan / padengan nu sabana i kilang kya dadayday.
Sakizaya_b7595ee1-f00a-f011-bd65-00155db40116,resolved,,pazengen / padengen ni ina i lamal ku dangah misahemay.
Sakizaya_e59f43a0-8d33-f011-8fad-000d3a8250a0,dropped,pihaymaw tu kaidaw nu biluuʼ/pucuʼ a imelang.,pihaymaw tu kaidaw nu biluuʼ/pucuʼ a imelang.
Sakizaya_4a5f5ee1-f00a-f011-bd65-00155db40116,resolved,,pihaymaw tu kaizaw / kaidaw nu biluuʼ.
Sakizaya_e35b5ee1-f00a-f011-bd65-00155db40116,resolved,,pihaymaw tu kaizaw/kaidaw nu biluuʼ.
Sakizaya_e960a02a-8c33-f011-8fad-000d3a8250a0,dropped,pihaymawi mihuduc tu cubel/calep nu bakan.,pihaymawi mihuduc tu cubel/calep nu bakan.
Sakizaya_69a056e7-f00a-f011-bd65-00155db40116,resolved,,piliʼan ni kakana ku bangcalay zikuc / dikuc pabeli i takuan.
Sakizaya_e5184594-8d33-f011-8fad-000d3a8250a0,resolved,,piliʼen ni kakana ku bangcalay zikuc / dikuc pabeli i takuan.
Sakizaya_1a9c56e7-f00a-f011-bd65-00155db40116,resolved,,sakakapah nu uzip / udip mukan tu landaway a lamiʼ.
Sakizaya_01a256e7-f00a-f011-bd65-00155db40116,resolved,,"sakamu sa ku saydan tamiyan, amana sizuma / siduma sa mikilul tu kaliyuhan a tademaw talumaʼ."
Sakizaya_c8a056e7-f00a-f011-bd65-00155db40116,resolved,,"saku cila a demiad a tayza / tayda kaku i buyuʼ miadup, kisu i?"
Sakizaya_079b56e7-f00a-f011-bd65-00155db40116,resolved,,"saku cila a demiad a tayza/tayda kaku i buyuʼ miadup, kisu i?"
Sakizaya_8bb5b93c-8c33-f011-8fad-000d3a8250a0,dropped,salungan / bangcal ku nicaedung nu misu a zikuc / dikuc.,salungan / bangcal ku nicaedung nu misu a zikuc / dikuc.
Sakizaya_75605ee1-f00a-f011-bd65-00155db40116,resolved,,salungan ku kadabu niza / nida.
Sakizaya_cda056e7-f00a-f011-bd65-00155db40116,resolved,,salungan; bangcal ku nicaedung nu misu a zikuc / dikuc.
Sakizaya_1b9c56e7-f00a-f011-bd65-00155db40116,resolved,,salusalusan niza / nida kya laʼcusay a lamit nu kilang.
Sakizaya_36a056e7-f00a-f011-bd65-00155db40116,resolved,,sapatizeng / sapatideng tu palubuan ku nisalusalusan ni ama.
Sakizaya_0c194594-8d33-f011-8fad-000d3a8250a0,resolved,,sasepat ku wacu niza / nida i dabek.
Sakizaya_8da156e7-f00a-f011-bd65-00155db40116,resolved,,sawsawni tayza / tayda kaku i lumaʼ niza / nida miidang.
Sakizaya_061ffb54-8c33-f011-8fad-000d3a8250a0,resolved,,setulan nu kazizeng / kadideng ku niatulan a langat nu lumaʼ aku.
Sakizaya_109c56e7-f00a-f011-bd65-00155db40116,resolved,,"sidubaʼ ciniza / cinida, caay pakalalabaʼ kaku."
Sakizaya_0aa256e7-f00a-f011-bd65-00155db40116,resolved,,siicelang ciniza / cinida masupetuʼ kya laic.
Sakizaya_6b9c56e7-f00a-f011-bd65-00155db40116,resolved,,siicelang ciniza/cinida masupetuʼ kya laic.
Sakizaya_9f33ed6e-8e33-f011-8fad-000d3a8250a0,resolved,,siicelang ciniza/cinida masupetuʼ kya lait.
Sakizaya_68a056e7-f00a-f011-bd65-00155db40116,resolved,,sipildac ku bihid nida / niza
Sakizaya_12a356e7-f00a-f011-bd65-00155db40116,resolved,,situki ciniza / cinida.
Sakizaya_faa156e7-f00a-f011-bd65-00155db40116,resolved,,situpel ciniza / cinida.
Sakizaya_fda156e7-f00a-f011-bd65-00155db40116,resolved,,siwaay a bataan ku lumaʼ i lalabu nu niyazuʼ / niyaduʼ niyam.
Sakizaya_ed9b56e7-f00a-f011-bd65-00155db40116,resolved,,siwaay a bataan ku lumaʼ i lalabu nu niyazuʼ/niyaduʼ niyam.
Sakizaya_1f1ffb54-8c33-f011-8fad-000d3a8250a0,resolved,,"siwacah ku buyuʼ, izaw / idaw ku malukay i tiza / tida."
Sakizaya_865d5ee1-f00a-f011-bd65-00155db40116,resolved,,sizikuc / sidikuc tu duhpicay ciniza / cinida.
Sakizaya_9e9f56e7-f00a-f011-bd65-00155db40116,resolved,,sizuma / siduma sa ciniza / cinida milikat tu lamal kyu kaynahan nu ama.
Sakizaya_e59a56e7-f00a-f011-bd65-00155db40116,resolved,,sizuma / siduma sa miala tu tuud nu tau u miubiay ku mahizaay / mahidaay a wayway.
Sakizaya_aa33ed6e-8e33-f011-8fad-000d3a8250a0,resolved,,suayaw sa ku hukang maydih/maidih mibacekis.
Sakizaya_15194594-8d33-f011-8fad-000d3a8250a0,resolved,,sumamad izaw / idaw ku payayawan nu tatama.
Sakizaya_b09d56e7-f00a-f011-bd65-00155db40116,resolved,,sumamad izaw / idaw tuyza / tuyda a buyuʼ ku lukedaw.
Sakizaya_f1e04eed-f00a-f011-bd65-00155db40116,resolved,,"tacuwa kisu midang, kya mauning ku zikuc / dikuc nu misu?"
Sakizaya_f29f56e7-f00a-f011-bd65-00155db40116,resolved,,tada tabaki tu ku nikangelngel nina kazizeng / kadideng.
Sakizaya_23ebf97a-8e33-f011-8fad-000d3a8250a0,resolved,,tada tabaki tu ku nikangelngel nina kazizeng/kadideng.
Sakizaya_14a256e7-f00a-f011-bd65-00155db40116,resolved,,takelal sa ku nisipuan tu sasingalan niza / nida.
Sakizaya_3cebf97a-8e33-f011-8fad-000d3a8250a0,resolved,,takelal sa ku nisipuan tu sasingalan niza/nida.
Sakizaya_6f9c56e7-f00a-f011-bd65-00155db40116,resolved,,takelalay tu ayza/ayda hakiya?
Sakizaya_55595ee1-f00a-f011-bd65-00155db40116,resolved,,talakaw ku cihek niza / nida.
Sakizaya_eb9e56e7-f00a-f011-bd65-00155db40116,resolved,,talakaway ku mapalaw niza / nida.
Sakizaya_8a5d5ee1-f00a-f011-bd65-00155db40116,resolved,,"talumaʼ kaku masanek i zazan / dadan ku miecicay tu banuh,"
Sakizaya_bd33ed6e-8e33-f011-8fad-000d3a8250a0,resolved,,"talumaʼ kaku masanek i zazan/dadan ku miecicay tu banuh,"
Sakizaya_86605ee1-f00a-f011-bd65-00155db40116,resolved,,tanayuʼ ku kukuʼ niza / nida kalamkam madubaʼ.
Sakizaya_f09f56e7-f00a-f011-bd65-00155db40116,resolved,,tanayuʼ ku ngazuy niza / nida.
Sakizaya_5e9e56e7-f00a-f011-bd65-00155db40116,resolved,,taneng sa maletep nu niyam ku sazikuzay / sadikuday a silamalay.
Sakizaya_67a056e7-f00a-f011-bd65-00155db40116,resolved,,tanengay mipenec ku icelang niza / nida tya pabuy.
Sakizaya_ee9f56e7-f00a-f011-bd65-00155db40116,resolved,,tanungangay sa ku zikuc / dikuc niza / nida.
Sakizaya_673a0d5b-8c33-f011-8fad-000d3a8250a0,dropped,tanutatekuh sa i tiza / i tida.,tanutatekuh sa i tiza / i tida.
Sakizaya_8da256e7-f00a-f011-bd65-00155db40116,resolved,,tanutatekuh sa i tiza / tida.
Sakizaya_8ba256e7-f00a-f011-bd65-00155db40116,resolved,,tatayna a wawa ciniza / cinida.
Sakizaya_7e9c56e7-f00a-f011-bd65-00155db40116,resolved,,tatayna a wawa ciniza/cinida.
Sakizaya_fea156e7-f00a-f011-bd65-00155db40116,resolved,,tayni mizizaw / mididaw ku siwni i takuan ayza / ayda.
Sakizaya_ee9b56e7-f00a-f011-bd65-00155db40116,resolved,,tayni mizizaw/mididaw ku siwni i takuan ayza/ayda.
Sakizaya_5d595ee1-f00a-f011-bd65-00155db40116,resolved,,tayza / tayda ci kakama pacemut tu buting i cilis.
Sakizaya_375d5ee1-f00a-f011-bd65-00155db40116,resolved,,tayza / tayda i bayu ku acawa nu maku mibuting.
Sakizaya_be9f56e7-f00a-f011-bd65-00155db40116,resolved,,tayza / tayda i cacudadan ci sabana i nacila.
Sakizaya_d0a056e7-f00a-f011-bd65-00155db40116,resolved,,tayza / tayda i kiwkay ci ina ayzaay / aydaay a sananalan.
Sakizaya_809f56e7-f00a-f011-bd65-00155db40116,resolved,,tayza / tayda i nu zikuzan / dikudan a buyuʼ ci ama miletek tu kilang.
Sakizaya_cea056e7-f00a-f011-bd65-00155db40116,resolved,,tayza / tayda i palubuan a misamawmaw mizakep / midakep tu tulakuk.
Sakizaya_04e14eed-f00a-f011-bd65-00155db40116,resolved,,tayza / tayda kaku mizizaw tu saydan nu maku.
Sakizaya_49595ee1-f00a-f011-bd65-00155db40116,resolved,,tayza / tayda kaku nacila i patiyamay micakay tu simal atu tawiw.
Sakizaya_15a356e7-f00a-f011-bd65-00155db40116,resolved,,tayza / tayda kami i tukun nu buyuʼ.
Sakizaya_42a5f274-8e33-f011-8fad-000d3a8250a0,resolved,,tayza/tayda i palubuan a misamamaw mizakep/midakep tu tulakuk.
Sakizaya_d59b56e7-f00a-f011-bd65-00155db40116,resolved,,tayza/tayda i palubuan a misamawmaw mizakep/midakep tu tulakuk.
Sakizaya_dce04eed-f00a-f011-bd65-00155db40116,resolved,,tayza/tayda kami i tukun nu buyuʼ.
Sakizaya_01a356e7-f00a-f011-bd65-00155db40116,resolved,,tiik sa ciniza / cinida tu bihid nu maku namabalucuʼ.
Sakizaya_07194594-8d33-f011-8fad-000d3a8250a0,resolved,,tiikan niza / nida ku bihid nu maku namabalucuʼ.
Sakizaya_539e56e7-f00a-f011-bd65-00155db40116,resolved,,tiza / tida i hekal kina malaacawaay mikawaw.
Sakizaya_395d5ee1-f00a-f011-bd65-00155db40116,resolved,,tuduhan niza / nida kya dabek nu ada.
Sakizaya_779f56e7-f00a-f011-bd65-00155db40116,resolved,,tulu tu a mihcaan miliyas ciniza / cinida.
Sakizaya_629956e7-f00a-f011-bd65-00155db40116,resolved,,tulu tu a mihcaan miliyas ciniza/cinida.
Sakizaya_6b5e5ee1-f00a-f011-bd65-00155db40116,resolved,,tusaay a bataan izaw / idaw ku lima ku nibubucan nu maku a kenaw i umah.
Sakizaya_6c5e5ee1-f00a-f011-bd65-00155db40116,dropped,tusaay a bataan izaw / idaw ku sepat ku nicakayan ni ina tu kawswa / cacebalen.,tusaay a bataan izaw / idaw ku sepat ku nicakayan ni ina tu kawswa / cacebalen.
Sakizaya_a2595ee1-f00a-f011-bd65-00155db40116,resolved,,u auk ku sacucuk niza / nida mipatay tu kiwmah.
Sakizaya_435f5ee1-f00a-f011-bd65-00155db40116,resolved,,u bihid kuyza / kuyda.
Sakizaya_155a5ee1-f00a-f011-bd65-00155db40116,dropped,u canan ku sakanamuhan isu (mabalakas) a sapilaylay?,u canan ku sakanamuhan isu (mabalakas) a sapilaylay?
Sakizaya_715e5ee1-f00a-f011-bd65-00155db40116,resolved,,u ina nu misu ciniza / cinida haw?
Sakizaya_da9a56e7-f00a-f011-bd65-00155db40116,resolved,,u kaway ni kakama kuyza / kuyda.
Sakizaya_e79a56e7-f00a-f011-bd65-00155db40116,resolved,,u kilakilangan ku nu zikuzan / dikudan nu lumaʼ aku.
Sakizaya_bc5f5ee1-f00a-f011-bd65-00155db40116,resolved,,u labi tawya maazih / maadih ku bangcalay a bunac.
Sakizaya_209c56e7-f00a-f011-bd65-00155db40116,resolved,,u laway kuyza / kuyda.
Sakizaya_e49f56e7-f00a-f011-bd65-00155db40116,resolved,,u manamuhay ciniza / cinida tu saydan nu micudaday.
Sakizaya_e09f56e7-f00a-f011-bd65-00155db40116,resolved,,u nalecuhan nu maku ayza / ayda.
Sakizaya_ef9f56e7-f00a-f011-bd65-00155db40116,resolved,,u Ngayngay ciniza / cinida.
Sakizaya_5b9a56e7-f00a-f011-bd65-00155db40116,resolved,,u Ngayngay ciniza/cinida.
Sakizaya_3c5f5ee1-f00a-f011-bd65-00155db40116,resolved,,u nipabelian ni ama a batikal tu sabama i sepatay tu ku mihcaan a pilecuhan niza / nida a demiad.
Sakizaya_64a056e7-f00a-f011-bd65-00155db40116,resolved,,u pulung ku sapelaʼ tu kasuy niza / nida.
Sakizaya_74a056e7-f00a-f011-bd65-00155db40116,resolved,,u pulung ku sapipelaʼ niza / nida tu kasuy.
Sakizaya_be595ee1-f00a-f011-bd65-00155db40116,resolved,,u sakahenulan a demiad nu niyazuʼ / niyaduʼ ayza / ayda.
Sakizaya_83a156e7-f00a-f011-bd65-00155db40116,resolved,,u sasait ku sapiketun niza / nida tu keliw.
Sakizaya_84a156e7-f00a-f011-bd65-00155db40116,resolved,,u sazikuzay / sadikuday a sasing nu lumaʼay niyam kuyni.
Sakizaya_f8a156e7-f00a-f011-bd65-00155db40116,resolved,,u sinbu nu kiwkay nu niyam ciniza / cinida.
Sakizaya_eb9b56e7-f00a-f011-bd65-00155db40116,resolved,,u sinbu nu kiwkay nu niyam ciniza/cinida.
Sakizaya_82a256e7-f00a-f011-bd65-00155db40116,resolved,,u tapang nu maku ciniza / cinida.
Sakizaya_7b9c56e7-f00a-f011-bd65-00155db40116,resolved,,u tapang nu maku ciniza/cinida.
Sakizaya_38ebf97a-8e33-f011-8fad-000d3a8250a0,resolved,,uini/uyni kya nipeluʼan nacila i buyuʼ a sunsuli.
Sakizaya_4d9e56e7-f00a-f011-bd65-00155db40116,resolved,,uyni a kabi izaw / idaw ku makaw.
Sakizaya_845e5ee1-f00a-f011-bd65-00155db40116,resolved,,uyni a kabi izaw/idaw ku makaw.
Sakizaya_caa056e7-f00a-f011-bd65-00155db40116,resolved,,uzuma / uduma ku asuʼ nu nisalamiʼan ni ina.
Sakizaya_fce04eed-f00a-f011-bd65-00155db40116,resolved,,waluay a bataan ku tayzaay i kiwkay ayza / ayda a demiad.
Sakizaya_e4e04eed-f00a-f011-bd65-00155db40116,resolved,,waluay a bataan ku tayzaay i kiwkay ayza/ayda a demiad.
Sakizaya_7a605ee1-f00a-f011-bd65-00155db40116,resolved,,"waluay ku tuki a silamalay, taneng kisu mitupin takuwan tayza / tayda i kakacawen haw?"
Sakizaya_d05c5ee1-f00a-f011-bd65-00155db40116,resolved,,"waluay ku tuki a silamalay, taneng kisu mitupin takuwan tayza/tayda i kakacawen haw?"
Sakizaya_c09d56e7-f00a-f011-bd65-00155db40116,resolved,,ya mabatacay sumanahay ku zikuc / dikuc i sasaay nu kilang a tatayna sa u sabana nu maku.
Sakizaya_815e5ee1-f00a-f011-bd65-00155db40116,resolved,,ya mabatacay sumanahay ku zikuc/dikuc i sasaay nu kilang a tatayna sa u sabana nu maku.
Sakizaya_80605ee1-f00a-f011-bd65-00155db40116,resolved,,yadah ku kaketi i tiza / tida.
Sakizaya_635e5ee1-f00a-f011-bd65-00155db40116,resolved,,yadah ku kalu tipus izaw / idaw ku hulaymay.
Sakizaya_c45c5ee1-f00a-f011-bd65-00155db40116,resolved,,yadah ku kalu tipus izaw/idaw ku hulaymay.
Sakizaya_415f5ee1-f00a-f011-bd65-00155db40116,resolved,,yadah ku langaw nu bidakelung i lilis nu zazan / dadan.
Sakizaya_cd9a56e7-f00a-f011-bd65-00155db40116,resolved,,yadah ku nipazengan / nipadengan i kanas tu heci.
Sakizaya_c7a056e7-f00a-f011-bd65-00155db40116,resolved,,yadah ku sakawit ni bai a zinum / dinum.
Sakizaya_069b56e7-f00a-f011-bd65-00155db40116,resolved,,yadah ku sakawit ni bai a zinum/dinum.
Sakizaya_eee04eed-f00a-f011-bd65-00155db40116,resolved,,yadah ku ungay tuyza / tuyda a buyuʼ.
Sakizaya_59a056e7-f00a-f011-bd65-00155db40116,resolved,,yadan ku papah i tiza / tida.
Sakizaya_ef9e56e7-f00a-f011-bd65-00155db40116,resolved,,"zikuz / dikud nu tabakiay suni, maazih / maadih nu maku ku tabakiay baʼtu mapelad tasasa."
Sakizaya_905e5ee1-f00a-f011-bd65-00155db40116,resolved,,"zikuz/dikud nu tabakiay suni, maazih/maadih nu maku ku tabakiay baʼtu mapelad tasasa."
Sakizaya_1f53a00c-8c33-f011-8fad-000d3a8250a0,resolved,,zikuzan / dikudan nu lumaʼ izaw ku bau.
Sakizaya_399518d3-8c33-f011-8fad-000d3a8250a0,dropped,zikuzan nanay a buyuʼ kya diheb/ dikudan nanay a buyuʼ kya diheb.,zikuzan nanay a buyuʼ kya diheb/ dikudan nanay a buyuʼ kya diheb.
Seediq_cab0c8d2-f40a-f011-bd65-00155db40116,resolved,,1. Mplatac ku ali saya.
Seediq_96ecc0d8-f40a-f011-bd65-00155db40116,resolved,,1.Maanu ga su saapa tokan su truma?
Seediq_ce6ad0cc-f40a-f011-bd65-00155db40116,resolved,,1.Naku ka caic mqalux gaga.
Seediq_f91ad8c6-f40a-f011-bd65-00155db40116,dropped,Dneeran na yqeyaq tama (mu) ka deun nii.,Dneeran na yqeyaq tama (mu) ka deun nii.
Seediq_7dd9dfc0-f40a-f011-bd65-00155db40116,resolved,,"Kesa (kesi) tama mu, meyah ku kusun di kesi (kesa)."
Seediq_05adc8d2-f40a-f011-bd65-00155db40116,dropped,"Kingal o bbaraw, kingal o putux/llbu.","Kingal o bbaraw, kingal o putux/llbu."
Seediq_83b1c8d2-f40a-f011-bd65-00155db40116,dropped,"Knhuway tqiri ka buji putux/llbu, mndha tqiri kingal jiyax.","Knhuway tqiri ka buji putux/llbu, mndha tqiri kingal jiyax."
Seediq_3eafc8d2-f40a-f011-bd65-00155db40116,dropped,Mlglug ka phpah o mtna saw/gaga thmuku.,Mlglug ka phpah o mtna saw/gaga thmuku.
Seediq_3fafc8d2-f40a-f011-bd65-00155db40116,dropped,Mlglug ka spriq o mtna saw/gaga tmapaq baga.,Mlglug ka spriq o mtna saw/gaga tmapaq baga.
Seediq_85b1c8d2-f40a-f011-bd65-00155db40116,dropped,Niqan dha buji na ka patas hidaw/tuki.,Niqan dha buji na ka patas hidaw/tuki.
Seediq_d64befb4-f40a-f011-bd65-00155db40116,dropped,Piya bango (na) sapah su?,Piya bango (na) sapah su?
Seediq_73f2c0d8-f40a-f011-bd65-00155db40116,dropped,Tmutuy knan mataru patas hidaw/tuki mgrbu ka bubu.,Tmutuy knan mataru patas hidaw/tuki mgrbu ka bubu.
Thao_211f7064-e70a-f011-bd65-00155db40116,resolved,,a makupit ihu apuy? italhawak(italha uan)!
Thao_64be775e-e70a-f011-bd65-00155db40116,resolved,,"ama, yaʼihunuan mutantu ikaan(ikahin) malhinuna."
Thao_62a69646-e70a-f011-bd65-00155db40116,resolved,,"amazaiza thithu, mara iaku sa apiq antu pishfazaqik (pishfazaqak)."
Thao_28ae9646-e70a-f011-bd65-00155db40116,dropped,"ata tu ilalaha sa kuskus (bantath), maqarman riqazan.","ata tu ilalaha sa kuskus (bantath), maqarman riqazan."
Thao_84bd775e-e70a-f011-bd65-00155db40116,resolved,,ata tu kmaanasapunuqi! = ata tu kmasapunuqi!
Thao_b213f393-8b33-f011-8fad-000d3a8250a0,resolved,,ata tu kmanasapunuqi! = ata tu kmasapunuqi!
Thao_4bac9646-e70a-f011-bd65-00155db40116,resolved,,ata tu lhazaii! mabahba wa thau izahai(izai).
Thao_50318752-e70a-f011-bd65-00155db40116,resolved,,"ata tu mapashulshul sa rima, shʼayawuan (shʼayaw)."
Thao_f4777f58-e70a-f011-bd65-00155db40116,resolved,,ata ya mashʼuzu tu patna sai(sahai) saran.
Thao_c0b09646-e70a-f011-bd65-00155db40116,resolved,,"atu masasasur isuhui, numa sa riqazan pan(painan) thithu."
Thao_d6ad9646-e70a-f011-bd65-00155db40116,dropped,"azazak isa ianan (laqup) malhus, matiashaq painan minu qa apishqia?","azazak isa ianan (laqup) malhus, matiashaq painan minu qa apishqia?"
Thao_22ef8e4c-e70a-f011-bd65-00155db40116,dropped,"azazak isa ianan (laqup) malhus, matiashaq painan, minu qa a pishqia?","azazak isa ianan (laqup) malhus, matiashaq painan, minu qa a pishqia?"
Thao_f9f044d1-8d33-f011-8fad-000d3a8250a0,dropped,"azazak isa ianan (laqup) malhus, matiashaq painan, minu qa apishqia?","azazak isa ianan (laqup) malhus, matiashaq painan, minu qa apishqia?"
Thao_53c1775e-e70a-f011-bd65-00155db40116,dropped,azazak maqa miku pishtubuiza pishʼizi sa thithu a turay(raki) numa puskit sa tubu.,azazak maqa miku pishtubuiza pishʼizi sa thithu a turay(raki) numa puskit sa tubu.
Thao_b5bc775e-e70a-f011-bd65-00155db40116,resolved,,"azazak miarain thmanit, murushrush sa rushaq, titishak sa rushaq(rushaq titishak)."
Thao_3fc1775e-e70a-f011-bd65-00155db40116,resolved,,aʼitiza iaku ya ikahi (ikahin).
Thao_cd82e381-8b33-f011-8fad-000d3a8250a0,resolved,,"haya wa hulus mathuaw lamaqitan shaklhayik, atauduu pan (painan ) ya ifazik."
Thao_67b09646-e70a-f011-bd65-00155db40116,resolved,,"haya wa kabua shulhilhiqik (lhilhiqik), manasha sa buna."
Thao_0b797f58-e70a-f011-bd65-00155db40116,resolved,,haya wa kmalawa taun mathuaw pan(painan) marutaw antu a pidaza.
Thao_3d7d7f58-e70a-f011-bd65-00155db40116,dropped,"haya wa sazum pinishqati iza, ata(ingqaiza) tu uqthai pishqati.","haya wa sazum pinishqati iza, ata(ingqaiza) tu uqthai pishqati."
Thao_7df08e4c-e70a-f011-bd65-00155db40116,dropped,"haya wa sharitunu mabulawiza, pambalabalay ya kmaan (kanin).","haya wa sharitunu mabulawiza, pambalabalay ya kmaan (kanin)."
Thao_f1787f58-e70a-f011-bd65-00155db40116,resolved,,"huya wa thau talahan sa rima, antatan sa buut sa rima (buut antatan sa rima)."
Thao_06693a5e-8d33-f011-8fad-000d3a8250a0,resolved,,iaku man(mani) amakupitiza apuy amalhusiza.
Thao_dc348752-e70a-f011-bd65-00155db40116,resolved,,ianauran thithu a ina kmakaitunu(kmaitunu).
Thao_ed348752-e70a-f011-bd65-00155db40116,resolved,,"ianithnith uhu sa shaqish, ya itia thithu makunanai amara sa tuali, amaqa thithu aminʼantu(aminʼani) mara sa tuali."
Thao_1b3a8752-e70a-f011-bd65-00155db40116,resolved,,"ihu ya masai ina ama malhinuna intahatahawi, amaqa sa ina ama alahʼa (amaʼalahʼa)."
Thao_f5777f58-e70a-f011-bd65-00155db40116,resolved,,"ihu ya mashʼuzu sa pashʼuzu ata tu patna sai(sahai) saran, maqarman riqazan."
Thao_a37c7f58-e70a-f011-bd65-00155db40116,resolved,,"ihu ya musui wazaqan shaunamazaan naak a paruza inʼauraak isai ruza, anthaap (uthaap) uhu mara."
Thao_a17c7f58-e70a-f011-bd65-00155db40116,resolved,,ihu ya mutusi Qariawan pakathuak anthaap (uthaap) uhu mara naak a lhmir.
Thao_e5777f58-e70a-f011-bd65-00155db40116,resolved,,ina ya amutusi shmaila miaqay patikrinan sa patikrin (lina wa patikrin).
Thao_58c0775e-e70a-f011-bd65-00155db40116,dropped,inara wa bukay migqaraiza minʼananakiza mingqalhayqay (maqalhiw).,inara wa bukay migqaraiza minʼananakiza mingqalhayqay (maqalhiw).
Thao_93338752-e70a-f011-bd65-00155db40116,resolved,,inara wa bukay minqarayza minʼananakiza minqalhaiqay (maqalhiw).
Thao_4aac9646-e70a-f011-bd65-00155db40116,resolved,,"ingqawan tu kalawaii sa izahai(izai), inbunuan kmalawa sa izuhui(izui)."
Thao_ea777f58-e70a-f011-bd65-00155db40116,resolved,,"intua sa naak a patikrin? ba! araran thithu, patikrinin thithu! (araran thithu patikrinin.)"
Thao_47c1775e-e70a-f011-bd65-00155db40116,resolved,,iupan thithu sa apuy (apuy iupan thithu).
Thao_2aac9646-e70a-f011-bd65-00155db40116,resolved,,izahai(izai) a rithkuy mubluthiza.
Thao_49ac9646-e70a-f011-bd65-00155db40116,resolved,,izahai(izai) a thau miaqay ishqalaqala.
Thao_24b09646-e70a-f011-bd65-00155db40116,resolved,,izai(izahai) a barinbin antu tataal huya wa barinbin.
Thao_25b09646-e70a-f011-bd65-00155db40116,resolved,,izai(izahai) a binanauʼaz mushnaw painan ihun.
Thao_23b09646-e70a-f011-bd65-00155db40116,resolved,,izai(izahai) a thau antu lamaqitan a thau iasuunan..
Thao_cc4ee68d-8b33-f011-8fad-000d3a8250a0,resolved,,"kinamuqthaiza ihu, kisai ihu (kisui ihu) ti Kilash a taun mitalha iakin. aʼitiza iaku ya ikahin."
Thao_d6ab9646-e70a-f011-bd65-00155db40116,resolved,,"kinamuqthaiza ihu, kisai ihu (kisui ihu) ti Kilash a taun mitalha yakin. aʼitiza yaku ya ikahin."
Thao_281b7064-e70a-f011-bd65-00155db40116,dropped,"kinunlharilhari sa qali, tanlhuaniza pangqayza (niza) tu kunlharilhari.","kinunlharilhari sa qali, tanlhuaniza pangqayza (niza) tu kunlharilhari."
Thao_dbb19646-e70a-f011-bd65-00155db40116,dropped,"klhiw mutun a malhituz yaku.a muntua ihu? (amutusi yaku hudun,) a malhituz yaku sa klhiw.","klhiw mutun a malhituz yaku.a muntua ihu? (amutusi yaku hudun,) a malhituz yaku sa klhiw."
Thao_01c6775e-e70a-f011-bd65-00155db40116,resolved,,"kmarkar iaku shawiki, amakarkar inu(ihun)?"
Thao_bdac9646-e70a-f011-bd65-00155db40116,resolved,,"lhmazawan mathuaw mabrith, mingqarayza makitzangqaw (= katzangqaw)."
Thao_9c368752-e70a-f011-bd65-00155db40116,resolved,,"lhmir ianan pan (painan) sa qlhuran, ata tu uniutu makashqut."
Thao_61378752-e70a-f011-bd65-00155db40116,resolved,,"linuum aku (iaku) a ranaw ata tu insumalii! uka marfaz, amusha!"
Thao_0dc2775e-e70a-f011-bd65-00155db40116,dropped,mabariz (qariw) a saran mathuaw maqitan ya mundadaan.,mabariz (qariw) a saran mathuaw maqitan ya mundadaan.
Thao_35b19646-e70a-f011-bd65-00155db40116,resolved,,"maqa s inai klhiw mutun, lhituzak (lhituzik)."
Thao_e4378752-e70a-f011-bd65-00155db40116,resolved,,mashmash mruqruq mabraq a ianan pan(painan) thithu pinzifu.
Thao_96f28e4c-e70a-f011-bd65-00155db40116,resolved,,mashmash mruqruq mabraq aʼianan pan(painan) thithu pinzifu.
Thao_7ff48e4c-e70a-f011-bd65-00155db40116,resolved,,mathuaw uhu(ihu) mabahi miaqay mara tu wazish.
Thao_c6ab9646-e70a-f011-bd65-00155db40116,dropped,"matʼanak yaku malhuiza pazay (tipur, shanglaw) .","matʼanak yaku malhuiza pazay (tipur, shanglaw) ."
Thao_1f807f58-e70a-f011-bd65-00155db40116,resolved,,mihu a tuali pulik pisaik(pusaik) naak a qushuman.
Thao_13368752-e70a-f011-bd65-00155db40116,resolved,,minamaphu sa sazum mintilawiza (matilawiza) thuini.
Thao_7a3a8752-e70a-f011-bd65-00155db40116,resolved,,"minapanduu iaku thithu isui(itusi) Qariawan a farukuz, iutu iamin malhalhinuna."
Thao_111a7064-e70a-f011-bd65-00155db40116,dropped,minqurqur iza sa kawi(qrus).,minqurqur iza sa kawi(qrus).
Thao_0d368752-e70a-f011-bd65-00155db40116,dropped,minqurquriza sa kawi(qrus).,minqurquriza sa kawi(qrus).
Thao_4d3a8752-e70a-f011-bd65-00155db40116,resolved,,minu sa mihu a rima amakashpar? maqa inindamrizin (damrizin) thithu.
Thao_cd1a7064-e70a-f011-bd65-00155db40116,dropped,minu sa mihu a rima qa amaradaradak? iahiaw shminaw (iahiaw flhuq).,minu sa mihu a rima qa amaradaradak? iahiaw shminaw (iahiaw flhuq).
Thao_11bd775e-e70a-f011-bd65-00155db40116,resolved,,minu sa naak a qlhup pinisai yaku mumamraw uka? antabalin pan(painan) sa suma.
Thao_e6378752-e70a-f011-bd65-00155db40116,resolved,,minu sa naak a tuali mumamraw uka? antabalin pan(painan) sa suma.
Thao_89c4775e-e70a-f011-bd65-00155db40116,resolved,,minu yaku shashanu qa mikamatʼuraq? utun pan(painan) fari.
Thao_94328752-e70a-f011-bd65-00155db40116,resolved,,minyathun ihu mutusi Qariwan? ua! pinyathun yaku shmital (shmita yaku myathun).
Thao_76e20c2e-8d33-f011-8fad-000d3a8250a0,resolved,,minzai thithu afariw sa hulus alhnakin (alhai iakin).
Thao_88807f58-e70a-f011-bd65-00155db40116,dropped,muksharay thithu a kuskus (bantath).,muksharay thithu a kuskus (bantath).
Thao_fcc6775e-e70a-f011-bd65-00155db40116,resolved,,"muntua mihu a ina? uka itaun, mutusi pan(painan) tamaquan."
Thao_51c4775e-e70a-f011-bd65-00155db40116,resolved,,"muqaqa yaku smuqum naak a papanaq, antu mara (uka sa mara)."
Thao_50c4775e-e70a-f011-bd65-00155db40116,resolved,,"muqaqa yaku smuqum naak a tuqris, antu mara (uka sa mara)."
Thao_8aad9646-e70a-f011-bd65-00155db40116,resolved,,"naak a buut mazangqaw tinakawash, thuini a kawash katbrith (mabrith) ladadu."
Thao_62787f58-e70a-f011-bd65-00155db40116,resolved,,"pazaw iza ihu, a itiza yaku ya ikahi (ikahin)."
Thao_68be775e-e70a-f011-bd65-00155db40116,dropped,pilalaha mihu a kuskus (bantath).,pilalaha mihu a kuskus (bantath).
Thao_257b7f58-e70a-f011-bd65-00155db40116,dropped,Qaba wa taun mapashaduu (mapaʼinriri) sa naak a taun.,Qaba wa taun mapashaduu (mapaʼinriri) sa naak a taun.
Thao_b5187064-e70a-f011-bd65-00155db40116,resolved,,qunriuq thithu naak a ranaw. = thithu qunriuq naak a ranaw
Thao_997b7f58-e70a-f011-bd65-00155db40116,resolved,,sazum mimphu (mimphu sa sazum).
Thao_c84ee68d-8b33-f011-8fad-000d3a8250a0,dropped,shashu sa suma wa thau kilumuan sa punuq(fukish).,shashu sa suma wa thau kilumuan sa punuq(fukish).
Thao_b8ad9646-e70a-f011-bd65-00155db40116,resolved,,suma munʼiutu mundadaan antu taubukbuk panthithu (panʼihun) sa taubukbuk.
Thao_00ae9646-e70a-f011-bd65-00155db40116,resolved,,thith patungruza sa kilhnaqualh a thau taunasasai (taunasahai) Lhilhian.
Thao_db348752-e70a-f011-bd65-00155db40116,resolved,,"thithu a azazak langqisuasyuan, ianauran thithu a ina kmakaitunu(kmaitunu)."
Thao_7bb09646-e70a-f011-bd65-00155db40116,resolved,,"thithu a makalawa sa taun, antu dai la shdu sa tuali, pulhipasak tata wa mudarudaru (mudaru)."
Thao_b6ad9646-e70a-f011-bd65-00155db40116,resolved,,thithu a shaqish lhungqilh lhumfawa thpiqin pan(painan) thithu a binanauʼaz.
Thao_deca4a8e-8d33-f011-8fad-000d3a8250a0,resolved,,thithu a shaqish lhungqilh lhunfawa thpiqin pan(painan) thithu a binanauʼaz.
Thao_6bb29646-e70a-f011-bd65-00155db40116,resolved,,"thithu la akilau yakin, ani yaku tu minindahip (minudahip)."
Thao_ffad9646-e70a-f011-bd65-00155db40116,resolved,,thithu patungruza taunasai (taunasahai)Lhilhian.
Thao_aa348752-e70a-f011-bd65-00155db40116,dropped,"thithu sa smuriz sa sazum, numawan mindakdak sa bukhaz (pruq) .","thithu sa smuriz sa sazum, numawan mindakdak sa bukhaz (pruq) ."
Thao_30797f58-e70a-f011-bd65-00155db40116,resolved,,"uka mihu a patatash, haya naak a patatash arahu( ara uhu) matash."
Thao_18b19646-e70a-f011-bd65-00155db40116,dropped,"uka yaku tu la tuali, lhai yaku (lhaiak) ladadu pulhipas.","uka yaku tu la tuali, lhai yaku (lhaiak) ladadu pulhipas."
Thao_20194594-8d33-f011-8fad-000d3a8250a0,dropped,wazish a bunlhaz shiqalhiwi ihu amaqa ya puilin antu aminshazkin (minqarman).,wazish a bunlhaz shiqalhiwi ihu amaqa ya puilin antu aminshazkin (minqarman).
Thao_4b807f58-e70a-f011-bd65-00155db40116,dropped,"ya mashimzawiza sa qali, Zintun a wazaqan ya shashanuan pakharbuk(pupaur).","ya mashimzawiza sa qali, Zintun a wazaqan ya shashanuan pakharbuk(pupaur)."
Thao_5c398752-e70a-f011-bd65-00155db40116,resolved,,"ya puqnuan ita, pruq ya shaunasai iza paqria minʼananaq thithu qashungqariri sa pruq (minʼananaq sa pruq qashungqariri)."
Thao_221f7064-e70a-f011-bd65-00155db40116,resolved,,yaku man(mani) amakupitiza apuy amalhusiza.
Thao_5e197064-e70a-f011-bd65-00155db40116,resolved,,"yaku maqa munsai hunduz mundadaan, mashanapruq yaku mriqaz mathuaw marutaw (marukruk), kunkimzi sa naak a kuskus."
Thao_85a89646-e70a-f011-bd65-00155db40116,dropped,yaku masarima (mingkmir) afu kmaan.,yaku masarima (mingkmir) afu kmaan.
Thao_a01a7064-e70a-f011-bd65-00155db40116,dropped,"yaku tu ikain(ikahin) shminudap kukulay, rima mathuaw tukakukulay(rima mathuaw shazkin).","yaku tu ikain(ikahin) shminudap kukulay, rima mathuaw tukakukulay(rima mathuaw shazkin)."
Thao_5cf38e4c-e70a-f011-bd65-00155db40116,dropped,yamin tanatuqash miaqay makshnaw tu azazak a palhkakrikriw ya maqitan pinalhkakrikriwan(shibuhatan).,yamin tanatuqash miaqay makshnaw tu azazak a palhkakrikriw ya maqitan pinalhkakrikriwan(shibuhatan).
Truku_cd99c01e-ef0a-f011-bd65-00155db40116,resolved,,1.Cyuqi ni labu lblak ssrus ka tuyuq ga glu su. 2.Lala bi rudu hiraw na ka seejiq kiya.
Truku_7d54c818-ef0a-f011-bd65-00155db40116,resolved,,1.Kuyuh mu ka nii. 2. Mdrumut bi qmpah ka kuyuh nii.
Truku_4097c01e-ef0a-f011-bd65-00155db40116,resolved,,1.Mdrumut bi qmpah ka snaw mu. 2.Mmanang bi hiyi na ka snaw gaga.
Truku_01a8f6f4-ee0a-f011-bd65-00155db40116,dropped,Asi ka amung uqun na iyu ( sapuh ) ising.,Asi ka amung uqun na iyu ( sapuh ) ising.
Truku_8da9f6f4-ee0a-f011-bd65-00155db40116,dropped,Embeyhuy ka buji (putus).,Embeyhuy ka buji (putus).
Truku_0a3be700-ef0a-f011-bd65-00155db40116,resolved,,Gaga seedal erut(eruc) sapah naka biyuq walu.
Truku_740ad012-ef0a-f011-bd65-00155db40116,dropped,Gisu ku tmdudux quwaq ( krung sulay ).,Gisu ku tmdudux quwaq ( krung sulay ).
Truku_36a8f6f4-ee0a-f011-bd65-00155db40116,dropped,Hmnuma egu(lala) bi banar ka bubu mu.,Hmnuma egu(lala) bi banar ka bubu mu.
Truku_0551c818-ef0a-f011-bd65-00155db40116,resolved,,Ida bi mquyux ka kiya da./Mha su hiya aji uri o hini hug?
Truku_6956c818-ef0a-f011-bd65-00155db40116,resolved,,Ini iyah na./Mnarig ka patas bgay mu laqi na
Truku_ea87df06-ef0a-f011-bd65-00155db40116,dropped,Ita ki da (meysa)?,Ita ki da (meysa)?
Truku_1c52c818-ef0a-f011-bd65-00155db40116,dropped,"Ita Seejiq Tnpusu Taywang o ini khbaraw, yaa bi dha tnegkmbkiyan(2/100) nanak kana seejiq Taywang.","Ita Seejiq Tnpusu Taywang o ini khbaraw, yaa bi dha tnegkmbkiyan(2/100) nanak kana seejiq Taywang."
Truku_43acf6f4-ee0a-f011-bd65-00155db40116,resolved,,"Iya hmuc dmuuy, eru (mru) mnalux."
Truku_72fbeefa-ee0a-f011-bd65-00155db40116,resolved,,"Iya hmuc dmuuy, eru(mru) mnalux."
Truku_a80fd012-ef0a-f011-bd65-00155db40116,resolved,,Kkdurah taan ka sipaw ga o hmaay ta phpah leylay (lalay).
Truku_42acf6f4-ee0a-f011-bd65-00155db40116,dropped,Lala(egu) bi eran na ka bubu mu rudan.,Lala(egu) bi eran na ka bubu mu rudan.
Truku_8b55c818-ef0a-f011-bd65-00155db40116,resolved,,Mqaras bi lnghlungtan ku ka sayang./Ga muda mqaras pncingan Kristu ka Pnrhulan .
Truku_c855c818-ef0a-f011-bd65-00155db40116,resolved,,Mrmun bi ka cimu./Mrmun bi tmgjiyal pais ka mrata Klwaan
Truku_6d3de700-ef0a-f011-bd65-00155db40116,resolved,,Msnbungu baga na snbu mu btunux o mmmeysa lala bi snahu(pnsahug).
Truku_65b1f6f4-ee0a-f011-bd65-00155db40116,dropped,Neyx ( wah ) ! wada mu qrapun da!,Neyx ( wah ) ! wada mu qrapun da!
Truku_d7aaf6f4-ee0a-f011-bd65-00155db40116,resolved,,Ngali ku haya phung(cihung) dowriq mu.
Truku_1c50c818-ef0a-f011-bd65-00155db40116,resolved,,Nnaku ka patas gaga./Neiyah su shiga han naa su smkla ka samat ga.
Truku_3b43e700-ef0a-f011-bd65-00155db40116,dropped,Pnbuh ku amung mraq(uyay) kyuhan mu.,Pnbuh ku amung mraq(uyay) kyuhan mu.
Truku_32f7567e-a130-f011-8fad-000d3a8250a0,resolved,,Saw ccikuh (ckcikuh) na gaga o ita ki da.
Truku_b0a8f6f4-ee0a-f011-bd65-00155db40116,resolved,,Saw ccikuh(ckcikuh) na gaga o ita ki da.
Truku_cd0ad012-ef0a-f011-bd65-00155db40116,dropped,Sika sikabari! Sun smagi ka bgihur.(sikaw bari),Sika sikabari! Sun smagi ka bgihur.(sikaw bari)
Truku_ba7bdf06-ef0a-f011-bd65-00155db40116,dropped,Smkrig ka kuyuh ( qrijil ).,Smkrig ka kuyuh ( qrijil ).
Truku_05aef6f4-ee0a-f011-bd65-00155db40116,resolved,,Snalu qraqil miric(mirit) ka gbuguk nii.
Truku_0482df06-ef0a-f011-bd65-00155db40116,dropped,Spgeaanan na dangi(lupung) ka nasug gaga.,Spgeaanan na dangi(lupung) ka nasug gaga.
Truku_1bf9eefa-ee0a-f011-bd65-00155db40116,dropped,Wada mgul dapa(kacing) na ka Watan.,Wada mgul dapa(kacing) na ka Watan.
Tsou_a190e765-e10a-f011-bd65-00155db40116,resolved,,akeʼacʼo pengzota/pengiota si emi.
Tsou_e890e765-e10a-f011-bd65-00155db40116,resolved,,ala eiʼmi to teongo hola asnoʼzonʉ (asnoʼionʉ) tena koʼko yaa sʉhsʉ.
Tsou_c11d1879-8c33-f011-8fad-000d3a8250a0,resolved,,alʉ yuhʼcuyu si ieʼiya/iʼiya ta coca ma teko cuma?
Tsou_6f2dd871-e10a-f011-bd65-00155db40116,resolved,,amo mahiʼo/mahizʼo ʼo cohu.
Tsou_368ae765-e10a-f011-bd65-00155db40116,dropped,bumemealʉ ((buemealʉ)) hola yahioa.,bumemealʉ ((buemealʉ)) hola yahioa.
Tsou_58b9e850-8e33-f011-8fad-000d3a8250a0,resolved,,ho taʼucu aepʉnga tasucia (tasucza) si yʉsʉ ʼa taʼucu peiʼi.
Tsou_b81d1879-8c33-f011-8fad-000d3a8250a0,resolved,,homo ʼatutumio/ʼatutumzo lea ʼosni poa aitneni to leaotothomʉ.
Tsou_5bd4df6b-e10a-f011-bd65-00155db40116,resolved,,honga si kenkeengisi to taʼcʉ ho moso mumio/mumzo no smohpici.
Tsou_2197488a-a130-f011-8fad-000d3a8250a0,resolved,,Honga si kenkengisi ta taʼcʉ ho moso mumio (mumzo) no smohpici.
Tsou_2397488a-a130-f011-8fad-000d3a8250a0,resolved,,honga si kenkengisi ta taʼcʉ ho moso mumio / mumzo no smohpici.
Tsou_512ed871-e10a-f011-bd65-00155db40116,resolved,,ihe aepza/aepia sahui ʼo tonghifza/tonghifa.
Tsou_7895e765-e10a-f011-bd65-00155db40116,resolved,,imia/imza noteuyuneni ʼo avai hote heetai.
Tsou_5c34d871-e10a-f011-bd65-00155db40116,resolved,,imza (imia) omsoa.
Tsou_548ee765-e10a-f011-bd65-00155db40116,dropped,inguʼe peongsi (vayaeana).,inguʼe peongsi (vayaeana).
Tsou_08dadf6b-e10a-f011-bd65-00155db40116,resolved,,isi ceucea to inoʼu si tahiapaʼea (tahzapaʼea).
Tsou_7cb9e850-8e33-f011-8fad-000d3a8250a0,resolved,,isi hafa to lemaʼcohio ʼo ʼoʼoko ho tmaʼongko to tonghifa (tonghifza).
Tsou_222dd871-e10a-f011-bd65-00155db40116,resolved,,isi hafa to lemaʼcohio ʼo ʼoʼoko ho tmaʼongko to tonghifa / tonghifza.
Tsou_29d3df6b-e10a-f011-bd65-00155db40116,resolved,,isi nosʼoi ta tuapiu/tuapzu si ieʼiya/iʼiya.
Tsou_0e34d871-e10a-f011-bd65-00155db40116,resolved,,isi nosʼoi ta tuapzu (tuapiu) si iʼiya (ieʼiya).
Tsou_1334d871-e10a-f011-bd65-00155db40116,resolved,,isi notoyangi (notoyangzi) to moatʉʼnʉ si ceoʼʉ.
Tsou_ea470a73-8c33-f011-8fad-000d3a8250a0,resolved,,isicu paʼhiteufia/paʼhiteufza to ceonʉ ʼo ohe paʼea ci fʼue.
Tsou_9848107f-8c33-f011-8fad-000d3a8250a0,resolved,,"ita naʼno suocania (suocanza) si chae, ʼa isi no aʼhiʼhisa si ceoa?"
Tsou_d2d4df6b-e10a-f011-bd65-00155db40116,resolved,,"ita naʼno suocania (suocanza) si chae, ʼa isino aʼhiʼhisa si ceoa?"
Tsou_a231d871-e10a-f011-bd65-00155db40116,dropped,ita paʼeingzoti (na) aʼmi to tahza.,ita paʼeingzoti (na) aʼmi to tahza.
Tsou_d396488a-a130-f011-8fad-000d3a8250a0,resolved,,ita paʼeingzoti na aʼmi to tahza (tahia).
Tsou_452dd871-e10a-f011-bd65-00155db40116,resolved,,ita tonzovi/toniovi ʼo ʼoʼotohva.
Tsou_e38ee765-e10a-f011-bd65-00155db40116,resolved,,la couno (conino) mahafo to keʉpʉ ho mo eʼohʉ uhne fuengu.
Tsou_2090e765-e10a-f011-bd65-00155db40116,resolved,,la suocanza (suocania) ʼo maʼeʼevi.
Tsou_15dcdf6b-e10a-f011-bd65-00155db40116,resolved,,la suocanza / suocania ʼo maʼeʼevi.
Tsou_a489e765-e10a-f011-bd65-00155db40116,resolved,,lata asnoʼzonʉ/asnoʼionʉ tmopsʉ ʼe pasuya.
Tsou_22d0df6b-e10a-f011-bd65-00155db40116,dropped,latacʼo soesoha ho lata yahioai(peihsosoesoha).,latacʼo soesoha ho lata yahioai(peihsosoesoha).
Tsou_4ed8df6b-e10a-f011-bd65-00155db40116,resolved,,lea suocania (suocanza) ʼo maʼeʼevi.
Tsou_14d4df6b-e10a-f011-bd65-00155db40116,resolved,,leahe cocapa to nghou ʼo ingkina(ingkini) to moʼo.
Tsou_622dd871-e10a-f011-bd65-00155db40116,resolved,,leasi poa cmʉfeʉ to tnʉyʉ ʼo heʉmʼʉ/heoemʉʼʉ.
Tsou_408ae765-e10a-f011-bd65-00155db40116,resolved,,leatanʼa meelʉ bʉʉlʉlʉ (biʉlʉlʉ) ho aopopaʼto ta haahʼo.
Tsou_c6f5116d-8c33-f011-8fad-000d3a8250a0,resolved,,leaʼu aacni naʼno soehʉpʉ ho micu cohiona / cohzona.
Tsou_ff8fe765-e10a-f011-bd65-00155db40116,dropped,"macʼo (ci) tvaezoya, te tovʼohʉ.","macʼo (ci) tvaezoya, te tovʼohʉ."
Tsou_6d30d871-e10a-f011-bd65-00155db40116,dropped,mainci (mo) maʼeʼepi si sapcisu?,mainci (mo) maʼeʼepi si sapcisu?
Tsou_9494e765-e10a-f011-bd65-00155db40116,resolved,,mainci ala teesmizi / teesmii ʼo mamespingi no sbukunu.
Tsou_d4d4df6b-e10a-f011-bd65-00155db40116,resolved,,maincisʼa oʼteahta tasucia (tasucza) ʼo tuapiu ne ciengona?
Tsou_8e89e765-e10a-f011-bd65-00155db40116,resolved,,micu aono si oho sieseni ta tonghifza/tonghifa.
Tsou_7a89e765-e10a-f011-bd65-00155db40116,resolved,,micu petohʉyʉ amzocni/amiocni si oko.
Tsou_bf96488a-a130-f011-8fad-000d3a8250a0,resolved,,micu topioha (topzoha) si ohaesasu?
Tsou_7796488a-a130-f011-8fad-000d3a8250a0,resolved,,mimia (mimza) uhne soovai ho mhia menfun ne hucma
Tsou_dcdbdf6b-e10a-f011-bd65-00155db40116,resolved,,mimia/mimza aepʉngʉ yaahioa ne micu ʼeopsi.
Tsou_4b92e765-e10a-f011-bd65-00155db40116,resolved,,mimia/mimza cono hmuyu ci ʼoahngx ʼe apuʼu.
Tsou_e8dadf6b-e10a-f011-bd65-00155db40116,resolved,,mimza (mimia) nʼa yupeahngʉyʉ ʼe pasuya.
Tsou_898be765-e10a-f011-bd65-00155db40116,resolved,,mimza/mimia opaski to yoskʉmaski.
Tsou_5fd8df6b-e10a-f011-bd65-00155db40116,resolved,,mimzanʼa/mimianʼa acnguhu mimo ne micu oepʉngʉ.
Tsou_f2470a73-8c33-f011-8fad-000d3a8250a0,resolved,,mimzanʼa/mimianʼa seolʉa no tusbuku maitenʼe.
Tsou_b0c02e97-8c33-f011-8fad-000d3a8250a0,resolved,,mio alʉcu aucunu fʉecʉʼia (fʉecʉʼza) si fʼʉsʉ ta ino.
Tsou_5fd1df6b-e10a-f011-bd65-00155db40116,resolved,,mio anzoʼʉ/anioʼʉ si fcuyu.
Tsou_9bc02e97-8c33-f011-8fad-000d3a8250a0,resolved,,mionʼa faeva ʼo toteʼza (toteʼia) ne ʼoyonatoatmopsx.
Tsou_d3d3df6b-e10a-f011-bd65-00155db40116,resolved,,mionʼa kaebʉ emʉmʼʉ to tahiapaʼea (tahzapaʼea) ʼo ino.
Tsou_8d8ae765-e10a-f011-bd65-00155db40116,resolved,,mita amamzo/amamio no congʼehie.
Tsou_b390e765-e10a-f011-bd65-00155db40116,resolved,,mita apemzo/apemio miʼpou tomo cmuhu to feʉʼʉ.
Tsou_ac91e765-e10a-f011-bd65-00155db40116,resolved,,mita cucʼo teofeiʼi to hia taini ʼatutumzo (ʼatutumio).
Tsou_f5d0df6b-e10a-f011-bd65-00155db40116,resolved,,mitacucʼo teofeiʼi to hia taini ʼatutumzo/ʼatutumio.
Tsou_b41d1879-8c33-f011-8fad-000d3a8250a0,resolved,,mitacucʼo teofeiʼi to hiata ʼatutumzo/ʼatutumio.
Tsou_7589e765-e10a-f011-bd65-00155db40116,resolved,,mito conoyou na aʼmi/aʼmia.
Tsou_9fd2df6b-e10a-f011-bd65-00155db40116,resolved,,miʼo avzovzo/aviovio to yupasʉ.
Tsou_decfdf6b-e10a-f011-bd65-00155db40116,resolved,,mo acioyʉ/aczoyʉ vahatʉ nemo supeohʉ.
Tsou_46d1df6b-e10a-f011-bd65-00155db40116,resolved,,mo aczoyʉ/acioyʉ si yungku ta ino ho isi songcʉngci to sbuku.
Tsou_80d9df6b-e10a-f011-bd65-00155db40116,resolved,,mo acʼʉhʉ to mausʼosʼo ʼo mo maezo yaa nsou (nsoua).
Tsou_4b35d871-e10a-f011-bd65-00155db40116,resolved,,mo ahaʼo pohpoepe to taʼesi no cohzona (cohiona).
Tsou_1397488a-a130-f011-8fad-000d3a8250a0,resolved,,mo asnoʼzonʉ ʼo lemaʼcohiomza (lemaʼcohiomia).
Tsou_168ae765-e10a-f011-bd65-00155db40116,resolved,,mo bohipeoe/bohipeoyʉ to pcoknʉ ho ohpihi to vaʼhʉ ʼo moʼo.
Tsou_188ae765-e10a-f011-bd65-00155db40116,resolved,,mo bohituapzu/bohituapiu ʼo ohaesaʼu.
Tsou_768fe765-e10a-f011-bd65-00155db40116,resolved,,mo botngonʉ ʼo la lesmoeʼisi ta emoomza (emoomia).
Tsou_fcd0df6b-e10a-f011-bd65-00155db40116,resolved,,mo botngonʉ ʼola lesmoeʼisi ta emoomza/emoomia.
Tsou_4834d871-e10a-f011-bd65-00155db40116,resolved,,mo eimo ʼo mimza (mimia) nanatʼotʼohaesa.
Tsou_a848107f-8c33-f011-8fad-000d3a8250a0,resolved,,mo emʉmʼʉ tomo mavʼovʼo ci tahia (tahza) ne ezoyʉ ne fuengu ʼo amo.
Tsou_3293e765-e10a-f011-bd65-00155db40116,resolved,,mo emʉmʼʉ tomo mavʼovʼo ci tahia (tahza) ne ezoyʉ ne fuenguʼo amo.
Tsou_fb96488a-a130-f011-8fad-000d3a8250a0,resolved,,mo fxecʉʼia (fxecxʼza) si meipeipi ta apihana.
Tsou_b596488a-a130-f011-8fad-000d3a8250a0,resolved,,mo manʼi ʼo ʼoʼoanʉ ta hosamza (hosamia).
Tsou_5fd7df6b-e10a-f011-bd65-00155db40116,resolved,,mo mokvoʼʉ to taʼesi no cohzona (cohiona).
Tsou_bc96e765-e10a-f011-bd65-00155db40116,resolved,,mo mokvoʼʉ to taʼesi no cohzona/cohiona.
Tsou_82d6df6b-e10a-f011-bd65-00155db40116,resolved,,mo monʼi hoʼongʉ ʼo pcoo to tngoo ho mo tituapzu(tituapiu) ho peiʼi.
Tsou_5096488a-a130-f011-8fad-000d3a8250a0,resolved,,mo monʼi hoʼongʉ ʼo pcoo to tngoo homo tituapzu (tituapiu) ho peiʼi.
Tsou_7597e765-e10a-f011-bd65-00155db40116,resolved,,mo monʼi hoʼongʉ ʼo pcoo to tngoo homo tituapzu(tituapiu) ho peiʼi.
Tsou_662dd871-e10a-f011-bd65-00155db40116,resolved,,mo naʼno cocoya ʼo coca to emoomza/emoomia.
Tsou_0c92e765-e10a-f011-bd65-00155db40116,resolved,,mo naʼno kengiu (kengzu)ʼo ceonʉ icʼo.
Tsou_bd90e765-e10a-f011-bd65-00155db40116,resolved,,mo naʼno mahizʼo (mahiʼo) ʼo baʼefkoi.
Tsou_74d9df6b-e10a-f011-bd65-00155db40116,resolved,,mo nosʼoyʉ ta tuapzu (tuapiu) si iʼiya.
Tsou_678ae765-e10a-f011-bd65-00155db40116,resolved,,mo tʉtpʉtʉ ta ciocio si iski/eiski.
Tsou_578be765-e10a-f011-bd65-00155db40116,resolved,,mo uhta omza/omia ʼo yangui ho tusbuku.
Tsou_3dd3df6b-e10a-f011-bd65-00155db40116,resolved,,mo yunzou/yuniou ʼo leata ʼoyona ci teova.
Tsou_0cd4df6b-e10a-f011-bd65-00155db40116,dropped,mo yxhoʼa ʼo beahci to bʉnʉvhʉ no masʉecʉ (tʼocngoyx).,mo yxhoʼa ʼo beahci to bʉnʉvhʉ no masʉecʉ (tʼocngoyx).
Tsou_4496488a-a130-f011-8fad-000d3a8250a0,resolved,,mosʼa yonenu na toteʼzamuu (toteʼiamu)?
Tsou_bdcfdf6b-e10a-f011-bd65-00155db40116,dropped,"naho nʼa matvaho (pasunaeno), pasuya.","naho nʼa matvaho (pasunaeno), pasuya."
Tsou_8d89e765-e10a-f011-bd65-00155db40116,dropped,nahocu aono(mamcino) ci mikoʼso caʼi.,nahocu aono(mamcino) ci mikoʼso caʼi.
Tsou_8c89e765-e10a-f011-bd65-00155db40116,dropped,nahocu ouyu bonʉ ci teʼo nʼa aono(mamcino).,nahocu ouyu bonʉ ci teʼo nʼa aono(mamcino).
Tsou_4e2fd871-e10a-f011-bd65-00155db40116,resolved,,naʼno baankake (babankake) ʼo cʼosʉ to aʼofeihni to ceonʉ.
Tsou_463ad871-e10a-f011-bd65-00155db40116,resolved,,naʼno yonghu si isi poa fʉhngoya ci tonghifa (tonghifza).
Tsou_9197e765-e10a-f011-bd65-00155db40116,resolved,,naʼnosi suocania / sucanza to apuʼu ʼo isi emxʼa ci evi.
Tsou_07dadf6b-e10a-f011-bd65-00155db40116,resolved,,ne isicu taepʉngi to amo ʼo ezoyʉ micu yonto teova ho amiocni (amzocni)..
Tsou_a596488a-a130-f011-8fad-000d3a8250a0,resolved,,ohola emʉʼi to heome ʼo papaimza (papaimia).
Tsou_f690e765-e10a-f011-bd65-00155db40116,resolved,,ohola emʉʼi to heomeʼo papaimza (papaimia).
Tsou_d6cfdf6b-e10a-f011-bd65-00155db40116,resolved,,osʼo paʼhiteufza/paʼhiteufia ho poa tosvo ʼo kuyaiʼu.
Tsou_c7f5116d-8c33-f011-8fad-000d3a8250a0,resolved,,osʼocu toepʉnga ʼo foʼna ne cohiona / cohzona.
Tsou_9ac02e97-8c33-f011-8fad-000d3a8250a0,resolved,,oʼa leatasʼa kaebʉ uhto toteʼza (toteʼia) ne yafana na taini.
Tsou_369633af-8c33-f011-8fad-000d3a8250a0,resolved,,oʼa miosʼa cofkoya si ngalasu ta tonghifate (tonghifza).
Tsou_6b2dd871-e10a-f011-bd65-00155db40116,resolved,,oʼa mosʼa cofkoya si ngalasu ta tonghifa/tonghifza.
Tsou_262dd871-e10a-f011-bd65-00155db40116,resolved,,oʼa mosʼa cofkoya si ngalasu ta tonghifate (tonghifza).
Tsou_0e92e765-e10a-f011-bd65-00155db40116,resolved,,"oʼa mosʼa yaahioa maitanʼe, koʼko mita yonto emoo ho amiocni (amzocni)."
Tsou_65d8df6b-e10a-f011-bd65-00155db40116,resolved,,"oʼa mosʼa yaahioa maitanʼe, koʼko mita yonto emoo ho amiocni/amzocni."
Tsou_0e2dd871-e10a-f011-bd65-00155db40116,resolved,,pantola capo to tonghifa/tonghifza ci emcu no bʉvnʉ.
Tsou_a396488a-a130-f011-8fad-000d3a8250a0,resolved,,pateoyangia (pateoyangza) ta coca si caʼhʉ.
Tsou_688ce765-e10a-f011-bd65-00155db40116,resolved,,patmʉta si mo supeopeohʉ ci tahza (tahia).
Tsou_6296488a-a130-f011-8fad-000d3a8250a0,resolved,,patmʉta simo supeopeohʉ ci tahia (tahza).
Tsou_b7d1df6b-e10a-f011-bd65-00155db40116,resolved,,patmʉta simo supeopeohʉ ci tahza(tahia).
Tsou_d691e765-e10a-f011-bd65-00155db40116,dropped,peotpʉtneni ta fatu si cukemono(chaemasʉecʉ).,peotpʉtneni ta fatu si cukemono(chaemasʉecʉ).
Tsou_da470a73-8c33-f011-8fad-000d3a8250a0,dropped,poa peotpʉtneni ta fatu si cukemono(chaemasʉecʉ).,poa peotpʉtneni ta fatu si cukemono(chaemasʉecʉ).
Tsou_282dd871-e10a-f011-bd65-00155db40116,resolved,,poa toʉlʉlʉneni ta voyu si tuapzu / tuapiu.
Tsou_f090e765-e10a-f011-bd65-00155db40116,resolved,,suyafa co czoʼʉ (cioʼx) ta vihisu.
Tsou_c695e765-e10a-f011-bd65-00155db40116,resolved,,tako yuoveia ho pʼani si oko ho cohzona (cohiona).
Tsou_4696488a-a130-f011-8fad-000d3a8250a0,resolved,,takonʼa papasneni to toapiu (toapzu) aʼo.
Tsou_778ae765-e10a-f011-bd65-00155db40116,resolved,,teko hafa uhta coca si yʉsʉ ho poezi/poei.
Tsou_418ae765-e10a-f011-bd65-00155db40116,resolved,,teko poa bʉʉlʉlʉ (biʉlʉlʉ) si iko peacʼa ci sʉesʉ.
Tsou_2797488a-a130-f011-8fad-000d3a8250a0,resolved,,tela asnoʼiona (asnoʼzona) poa buacou ʼe yuʼfafoinana. maicacʼo tena peela tiucngicngiha ʼe iachito hʼoeʼea.
Tsou_382fd871-e10a-f011-bd65-00155db40116,resolved,,tela asnoʼzona/asnoʼiona teai ʼe eʼe no tposx no cou.
Tsou_6bed1267-8c33-f011-8fad-000d3a8250a0,resolved,,tela asnoʼzona/asnoʼiona teai ʼe eʼe no tposʉ no cou.
Tsou_5e96488a-a130-f011-8fad-000d3a8250a0,resolved,,temia (temza) bohsifou ta bukeu ta fuengu
Tsou_71d8df6b-e10a-f011-bd65-00155db40116,resolved,,temia/temza bohsifou ta bukeu ta hcuyu.
Tsou_acd2df6b-e10a-f011-bd65-00155db40116,resolved,,teto amza/amia tanʼe ʼo esato.
Tsou_a9d2df6b-e10a-f011-bd65-00155db40116,resolved,,teto asuhca poa emio/emzo ʼo isi tposi ci eʼe no cou.
Tsou_c196488a-a130-f011-8fad-000d3a8250a0,resolved,,teto uhnenu ho ocohzoni (ocohioni)?
Tsou_7d89e765-e10a-f011-bd65-00155db40116,resolved,,tetola angongohza/angongohia ʼo ʼoʼokoto.
Tsou_fbdbdf6b-e10a-f011-bd65-00155db40116,resolved,,tetola asnoʼzonʉ/asnoʼionʉ aʉsvʉtʉ letmeʼsi.
Tsou_c3d4df6b-e10a-f011-bd65-00155db40116,resolved,,tevʼala aemoʼa ʼo tuapiu (tuapzu) ne coca.
Tsou_6ad4df6b-e10a-f011-bd65-00155db40116,resolved,,teʼo peʉi/peʉzi tomo meoisi ʼo yungkuʼu.
Tsou_9697e765-e10a-f011-bd65-00155db40116,dropped,teʼo toabonʉ/toamimo.,teʼo toabonʉ/toamimo.
Tsou_8996488a-a130-f011-8fad-000d3a8250a0,resolved,,tonzovi (toniovi) si sapcisu.
Tsou_6ced1267-8c33-f011-8fad-000d3a8250a0,resolved,,yaeza asnoʼzona/asnoʼiona poa cohivneni ta ʼoʼoko ʼe mitungucuto.
Tsou_8831d871-e10a-f011-bd65-00155db40116,resolved,,zou hosa ta tfuya ʼo isi maʼhiʼusni ta (to) lalauya ho pnguu.
Tsou_192dd871-e10a-f011-bd65-00155db40116,resolved,,zou nana cuma na ihinʼi teesmizi / teesmii ho mihinʼi yoobai.
Tsou_38d3df6b-e10a-f011-bd65-00155db40116,resolved,,"zou yane maoʼomza/maoʼomia aʼmi, zou yane oiʼana hinʼi."
Tsou_e596488a-a130-f011-8fad-000d3a8250a0,resolved,,ʼa huoʼongka ne momia (momza) atavei nouteuyunu ʼe conoemoomza na eni.
Tsou_0a92e765-e10a-f011-bd65-00155db40116,resolved,,ʼa huoʼongka ne momia atavei nouteuyunuʼe conoemoomza (conoemoomia) na eni.
Tsou_1d97488a-a130-f011-8fad-000d3a8250a0,resolved,,ʼa koocomza (koocomia)eni.
Tsou_b796488a-a130-f011-8fad-000d3a8250a0,resolved,,ʼa lasi atvaʼesa ngohia (ngohza) to akʼi si okonosi mamespingi .
Tsou_66d8df6b-e10a-f011-bd65-00155db40116,resolved,,ʼa micu aʼngʉʼngʉ si mengzu/mengiu sico
Tsou_c31d1879-8c33-f011-8fad-000d3a8250a0,resolved,,ʼe maoʼomia (maoʼomza) ta lalauya zou acʉhʉ ʼoʼocea.
Tsou_568be765-e10a-f011-bd65-00155db40116,resolved,,ʼua mimza/mimia omso.
Yami_91961b0c-e50a-f011-bd65-00155db40116,resolved,,1.Tovoin mo pa ino mo ta ya mangannyahey. 2.Angay rana ta ka manilo.
Yami_68dce91b-8b33-f011-8fad-000d3a8250a0,resolved,,ikong o na ipeykadey no angit/anit?
Yami_01971b0c-e50a-f011-bd65-00155db40116,resolved,,ikongo na ipeykadey no angit/anit?
Yami_c10a2b00-e50a-f011-bd65-00155db40116,dropped,kangay no akma sia a sinavat(panganpen) a ipeyʼeza.,kangay no akma sia a sinavat(panganpen) a ipeyʼeza.
Yami_38522306-e50a-f011-bd65-00155db40116,resolved,,ko masaray siciaraw eya nimakahap so teygami/tigami mo.
Yami_29572306-e50a-f011-bd65-00155db40116,resolved,,"na papoen do apnezak(pepnezak) na ka toda ngayan do mahep, o na ji meywalami."
Yami_794e2306-e50a-f011-bd65-00155db40116,resolved,,na teyteyhesahen o teygami/tigami a iangay do micya kavakavahayan.
Yami_5c9ae915-8b33-f011-8fad-000d3a8250a0,resolved,,na teyteyhesahen o teygami/tigami a iangay do micyakavakavahayan.
Yami_2d931b0c-e50a-f011-bd65-00155db40116,resolved,,namen meyvahey/mivahay do teylaod no Taywan.
Yami_23941b0c-e50a-f011-bd65-00155db40116,resolved,,"no da mahap no tao o teygami/tigami am, sira masaray."
Yami_08961b0c-e50a-f011-bd65-00155db40116,resolved,,"nonan! namen mabsoy, ta yapiya/yapia o iyakan namen."
Yami_5a0f2b00-e50a-f011-bd65-00155db40116,resolved,,"o akman so sya(sia) kasasaowdan siciaikwa ya am, na ipeyciakatkat no apiya kasasaowdan ta."
Yami_a0ca32fa-e40a-f011-bd65-00155db40116,dropped,to mo na piʼikoana (pivazaya) an.,to mo na piʼikoana (pivazaya) an.
Yami_9fca32fa-e40a-f011-bd65-00155db40116,dropped,to ta na piʼikoana (pisinmoa) sira an.,to ta na piʼikoana (pisinmoa) sira an.
Yami_39871aae-a130-f011-8fad-000d3a8250a0,resolved,,"ya abo, yapiya/yapia pacinanaoan."
Yami_759ae915-8b33-f011-8fad-000d3a8250a0,resolved,,ya angay o nizpi do Ibingkyok a peyyananaken a kapangap so nizpi a kaparara so teygami/tigami.
Yami_91c432fa-e40a-f011-bd65-00155db40116,dropped,ya apira o mo nimayakan (a among)?,ya apira o mo nimayakan (a among)?
Yami_41861aae-a130-f011-8fad-000d3a8250a0,resolved,,ya kapira araw o ya asa ka neyciyo/niciyo?
Yami_42861aae-a130-f011-8fad-000d3a8250a0,resolved,,ya kapito a araw o ya asa ka neyciyo/niciyo.
Yami_11991b0c-e50a-f011-bd65-00155db40116,resolved,,ya mangday do araraw a ya mangai so teygami/tigami.
Yami_48971b0c-e50a-f011-bd65-00155db40116,resolved,,ya masaray o onowned na no ya mapatodatodeh so teygami/tigami.
Yami_500f2b00-e50a-f011-bd65-00155db40116,resolved,,ya meyayob/miayob so mowgaraw o mangaingai so teygami/tigami.
Yami_5b0f2b00-e50a-f011-bd65-00155db40116,resolved,,"yangay o nizpi do ibingkyok a peyparohen, aka no pangangapan so nizpi, aka no pararan so teygami/tigami."
Yami_48e0de3f-8b33-f011-8fad-000d3a8250a0,resolved,,yapiya/yapia citahen o pahapahad no anito.
